,source,author,title,description,url,urlToImage,publishedAt,content
0,"{'id': 'engadget', 'name': 'Engadget'}",Engadget,The Morning After: Kickstarter and COVID-19,"Tech companies around the world are facing the same difficulties in maintaining their businesses as everywhere else. Over the weekend, crowdfunding site Kickstarter has discussed layoffs as the COVID-19 pandemic ravages both projects and backers. The company …",https://www.engadget.com/the-morning-after-kickstarter-coronavirus-113024208.html,https://o.aolcdn.com/images/dims?resize=1200%2C630&crop=1200%2C630%2C0%2C0&quality=80&image_uri=https%3A%2F%2Fs.yimg.com%2Fos%2Fcreatr-uploaded-images%2F2020-05%2F40be8be0-8de8-11ea-9e7f-0115ad191e56&client=amp-blogside-v2&signature=541a6de9a19c733d6b1122d76a6a93079d6c58f1,2020-05-04T11:30:24Z,"Tech companies around the world are facing the same difficulties in maintaining their businesses as everywhere else. Over the weekend, crowdfunding site Kickstarter has discussed layoffs as the COVID-19 pandemic ravages both projects and backers. The company has confirmed plans to cut a large portion of its workforce after the union representing Kickstarter employees said it had ratified a layoff agreement on May 1st. Layoffs could affect up to 45 percent of Kickstarter staff. 
Last week, Lyft laid off nearly 1,000 of its employees, and rumors suggest Uber may have to address its headcount, again, soon. GoPro and Magic Leap have also adjusted their staffing levels due to the COVID-19 pandemic. 
It’s a time of mixed fortunes. We’re in the middle of earnings season, and tech companies like Microsoft, Facebook and Apple have had mixed fortunes. The latter has suffered from reduced hardware sales -- that happens when your stores are closed -- while Microsoft saw ‘minimal’ impact on its business and Facebook has seen a jump in its audience figures as people stay indoors and connect to their screens.
-Mat
Tesla has applied for a license to become a UK energy provider 
The company may bring its PowerPack battery technology to Britain.
Tesla has reportedly applied for a license to become an energy provider in the UK. That means it might bring its PowerPack battery technology to Britain, much as it did with its 100-megawatt installation in South Australia. It may also be a way for the company to introduce a platform called Autobidder, which allows renewable power suppliers to trade energy.
The company hasn’t confirmed any plans for large-scale PowerPacks in the UK, but the country generates 40 percent of its energy from renewables, including wind and solar, which means the system would make sense, smoothing out gaps in renewable energy production. 
Tesla could also deploy its new platform, Autobidder, which uses machine-learning tech and cloud platforms to optimize power distribution. It’s a dry topic but could make power production more efficient. Continue reading.
Google is working on 4K/HDR streaming to Android TV for Stadia
And a built-in messenger
Stadia, Google’s game streaming service has already rolled out 4K streaming on the web and 5.1 surround sound for players using a browser? So what’s next? Something pretty interesting, according to code dug up by 9to5Google. As there’s only a handful of Android phones with a 4K-ready display, these settings are likely in preparation for Stadia’s Android TV app. The company may be preparing to add the option of 4K and HDR-quality streaming on Android-powered TVs, as well as built-in messaging to match other modern gaming services. Continue reading.
Juul may exit France, Spain and other European markets
It reportedly has nothing to do with COVID-19.
Juul is preparing to leave five European countries within the year.  Unlike all the shutdowns and layoffs reported over the past months, BuzzFeed’s source says the decision didn’t have anything to do with the coronavirus pandemic.
The e-cigarette maker is reportedly planning to pull out of Austria, Belgium, Portugal and Spain in July, followed by France at the end of the year. Juul enjoys relatively high sales in Spain and France compared to the rest of the continent, but not high enough to justify the costs and the trouble of dealing with regulators. The European Union has stringent requirements when it comes to e-cigarette products, as the publication notes, requiring companies to stick to a nicotine limit of 20 milligrams per milliliter of fluid. Meanwhile, in the US, a single Juul pod can contain up to 59 milligrams of nicotine per milliliter. Continue reading.
Sponsored Content by Stack Commerce
'Half-Life: Alyx' added nearly 1 million VR users to Steam
It's a start.
Half-Life: Alyx appears to have given VR gaming a serious boost. Road to VR has used historical data and direct Valve data to calculate that Steam users added nearly 950,000 VR headsets in April — a huge spike over March. The data also provides some insight into what headsets people were using: Valve’s own Index headset did see more adoption, but not by nearly as much. Most gamers are using either Oculus or HTC headsets. Continue reading."
1,"{'id': 'engadget', 'name': 'Engadget'}",Andrew Tarantola,NVIDIA's newest AI supercomputer joins the fight against COVID-19,"NVIDIA is bringing its AI expertise to bear in the fight against COVID-19, the company announced during its GTC 2020 keynote on Thursday. Specifically, the first of NVIDIA’s new line of AI-driven supercomputing systems, the DGX A100, will be sent to Argonne N…",https://www.engadget.com/nvidia-gtc-2020-ai-health-covid-19-130031390.html,https://o.aolcdn.com/images/dims?resize=1200%2C630&crop=1200%2C630%2C0%2C0&quality=80&image_uri=https%3A%2F%2Fs.yimg.com%2Fos%2Fcreatr-images%2F2020-03%2F0f55cd10-7138-11ea-bdbb-345696d81c5b&client=amp-blogside-v2&signature=07f74a6dcb7a0064c5f40595596a2ffe5910b5f6,2020-05-14T13:00:31Z,"“We’re using America’s most powerful supercomputers in the fight against COVID-19, running AI models and simulations on the latest technology available, like the NVIDIA DGX A100,” Rick Stevens, associate laboratory director for Computing, Environment and Life Sciences at Argonne, said in that statement. “The compute power of the new DGX A100 systems coming to Argonne will help researchers explore treatments and vaccines and study the spread of the virus, enabling scientists to do years’ worth of AI-accelerated work in months or days.”
Once the A100 is installed in Argonne, researchers there will “be able to screen 1 billion drugs in under 24 hours,” Kimberly Powell, Vice President of Healthcare at NVIDIA, told reporters in a briefing. Without the added computing power, researchers would need close to a year to screen the same number of therapeutics.
“This supercomputer is going to combine both accelerated computing and artificial intelligence,” Powell continued. “Critical applications in molecular dynamics simulation, where you can understand how molecules interact with drugs, how to interfere with the virus protein binds to the cell protein and how to block it with a molecule. And then how can we screen as many drugs as possible so we can more quickly get that drug candidate into experimentation and into clinical trials.” Up to 140 A100s can be run in parallel, pooling the combined power of their GPUs into a “DGX SuperPOD” that boasts more than 700 petaflops of processing capability. 
NVIDIA also announced a host of other new services it plans to roll out to hospitals across the country. Using its line of Clara Parabrick GPUs, NVIDIA has managed to reduce the time needed to analyze an entire human genome from around 30 hours to less than 20 minutes. The company is also teaming with more than a dozen industry partners and 50 hospitals around the globe to help better protect frontline medical staff through the use of remote monitoring, video conferencing and at-a-distance body temperature monitoring in a program called NVIDIA Clara Guardian."
2,"{'id': 'engadget', 'name': 'Engadget'}",Karissa Bell,Twitter unlocks tools to help researchers study COVID-19 tweets,Twitter is making it a lot easier for researchers and developers to study conversations about the coronavirus on its platform. The company introduced a new set of tools that makes the “many tens of millions” of daily public tweets about the coronavirus availa…,https://www.engadget.com/twitter-will-let-researchers-study-tweets-about-coronavirus-192948907.html,https://o.aolcdn.com/images/dims?resize=1200%2C630&crop=1200%2C630%2C0%2C0&quality=80&image_uri=https%3A%2F%2Fs.yimg.com%2Fos%2Fcreatr-images%2F2020-04%2F1863e440-7f12-11ea-afe7-1a398b7fded7&client=amp-blogside-v2&signature=c78bdb0ca551fff583872bed038d5de65e474645,2020-04-29T19:29:48Z,"The new COVID-19 stream endpoint will allow researchers and developers to access the millions of tweets about the coronavirus in real-time. Though use of the API is free, interested developers will need to apply in order to gain access. Twitter says it will screen applicants, who must have experience working with Twitter data, as well as “the necessary infrastructure in place to process, store, and analyze the many millions of Tweets being generated every day.”
Studying tweets related to the coronavirus pandemic could help researchers better understand a range of issues related to the pandemic, including misinformation, crisis management and how an increased reliance on automated content moderation affects conversations."
3,"{'id': 'engadget', 'name': 'Engadget'}",Daniel Cooper,Spotify users are flocking to ‘chill’ playlists during COVID-19,"“Every day now looks like the weekend,” says Spotify's newest financial report, and one of the earliest looks at how COVID-19 impacts streaming businesses. The music and podcast company, as expected, saw user growth increase, with 286 million total users and …",https://www.engadget.com/spotify-q1-2020-financials-103421279.html,https://o.aolcdn.com/images/dims?resize=1200%2C630&crop=1200%2C630%2C0%2C0&quality=80&image_uri=https%3A%2F%2Fs.yimg.com%2Fos%2Fcreatr-images%2F2020-04%2Fbb4dbb30-8a03-11ea-bde9-610e17867597&client=amp-blogside-v2&signature=39de86805725534df1088f962db14a82197cd675,2020-04-29T10:34:21Z,"And Spotify's big-budget gamble on podcasts and podcasting appears to be paying dividends in the new normal we find ourselves in. Almost a fifth of Spotify's users engage with podcasts on the platform, of which there are now more than 1 million shows on the service. And, most importantly, more than 60 percent of them are powered by Anchor, the ""make your own podcast"" platform Spotify bought in early 2019. 
It looks like plenty of people are taking their lockdown / shelter-in-place orders as justification to start a new podcast of their own, too. According to Spotify, “Anchor-powered shows accounted for more than 70 percent of new podcasts launched on our service.” But naturally, COVID-19 has caused a shock to the advertising market, with Spotify recording a 20-plus-percent dent in ad revenue towards the end of March.
Spotify is clearly providing some measure of comfort to folks in these stressful times, and saw a spike in searches for ""chill"" and “instrumental” playlists. It also reported an “uptick in consumption of podcasts related to wellness and meditation over the last few weeks."" The company expects to see growth slow, a little, over the coming months, but thinks that it’ll break the 300 million user milestone in short order."
4,"{'id': 'engadget', 'name': 'Engadget'}",Jon Fingas,Israel restricts COVID-19 phone tracking to 'special cases',Israel’s original plan to track the phones of COVID-19 sufferers won’t get very far. The country’s cabinet has restricted the use of the Shin Bet security agency’s phone surveillance to “specific and special cases” where officials can’t determine an infected …,https://www.engadget.com/israel-limits-covid-19-tracking-210512788.html,https://o.aolcdn.com/images/dims?resize=1200%2C630&crop=1200%2C630%2C0%2C0&quality=80&image_uri=https%3A%2F%2Fs.yimg.com%2Fos%2Fcreatr-images%2F2020-05%2Fe2afb3b0-9df7-11ea-bb3e-ea1f3debff7e&client=amp-blogside-v2&signature=5e0dfe585708e4b563c4ad92552da569f069dc7c,2020-05-24T21:05:12Z,"Officials initially wanted to track the location of virtually every infected person with the technology, which was originally intended to fight terrorism. It theoretically helped Israel determine if people were isolating properly, and would help determine who might have been exposed. Privacy advocates quickly objected, though, and the Israeli parliament put a stop to it after determining that the drawbacks outweighed the benefits.
The decision could influence how other countries approach COVID-19 tracking. While demands for direct surveillance have been rare, there’s still concern over the privacy protections for measures like contact tracing. Other nations may be reluctant to ask for location data if they expect those requests to be shot down."
5,"{'id': 'engadget', 'name': 'Engadget'}",Daniel Cooper,COVID-19 killed the era of 'big' flying,"COVID-19 has shattered the aviation industry, with nations closing their borders and banning all but essential travel. A world where people could hop from country to country is now one where empty planes travel to maintain contractual obligations. Major carri…",https://www.engadget.com/covid-19-airplane-design-140024672.html,https://o.aolcdn.com/images/dims?resize=1200%2C630&crop=1200%2C630%2C0%2C0&quality=95&image_uri=https%3A%2F%2Fs.yimg.com%2Fos%2Fcreatr-images%2F2020-06%2Fc633cd00-b5f5-11ea-bfb5-cb84de5e938c&client=amp-blogside-v2&signature=21681d54942a68d62c3b830ffb7ebd6ad216070a,2020-06-25T14:30:24Z,"Airbus is, of course, one of the world’s two major aircraft manufacturers, the other being the US-based Boeing. But, even now, it’s not clear that any quantity of cash will be enough to see flying return to the levels seen in 2019. Whatever we were used to, in terms of cost, convenience and experience, it’s not going to be the same for a while. Just last week, the International Air Transport Association (IATA) said that only 45 percent of travelers asked intended to fly “within a few months of the pandemic subsiding.”
Perhaps the biggest casualty of COVID-19 so far has been the Airbus A380 and the flying it represented. This “superjumbo” jet, competition for the Boeing 747, was designed to offer mass transit in the skies, to convey huge volumes of people around the world in its double-decker cabin and a potential capacity of more than 850.
Work on the A380 began in the early ‘90s, with the first vessel entering service in 2007, and it’s instantly recognizable. Less a plane and more like a bus, it hauls people between major hub airports, where they get a single-aisle craft to their destination. The idea of air travel, back at the A380’s genesis, was that you’d fly to, say, JFK, and then get an A380 to Cape Town, Paris or Shanghai.
A number of carriers have A380s, but it’s become synonymous with Emirates, which has a staggering 115 of the craft in its fleet. But despite the plane’s relative youth, launching just over a decade ago, the virus has hastened the A380’s demise. Airbus announced last year it would stop manufacturing the plane, and according to Bloomberg, even Emirates, its biggest booster, no longer wants its remaining deliveries. 
Other carriers are also swinging the axe on their A380s, including Air France-KLM, which brought forward the “definitive end” of A380 operations by two years. In a statement, the airline said that doing so would make its fleet more competitive, with a “significantly reduced environmental footprint.” In its place would be smaller planes, like Airbus A350s and Boeing 787 Dreamliners. 
Business Traveler said that Lufthansa is speeding up the phase-out of its own A380s, reducing its fleet of the superjumbo by half. Qantas, similarly, has said it will use smaller single-aisle planes on its long-haul routes until at least September — with eight of its 10 A380s grounded until then. 
From an airworthiness perspective, the A380’s retirement is premature — very premature. For comparison, a Boeing document from 2013 says the operational lifespan of its commercial aircraft is around 30 years. AerSale, a company offering aftermarket support for planes, says that “from purchase to retirement,” a plane should last “between 20 and 36 years.” If the A380 disappears from the skies by 2022, it will have lived — in total — for not even half of its potential lifespan. 
The problem with the A380 is that Airbus had banked on a “hub and spoke” model for international travel, but failed to spot the flaw in that plan. Taking a short hop to a hub airport and then on to another on the other side of the world will always add hours to a journey. It’s something that rival Boeing did pick up on. And it went in the opposite direction. 
Back in 2002, Boeing’s Peter Rumsey, then head of new airplane development, wrote that passengers “demonstrated a preference for flights that take less time.” He added that it was “common sense” to take people “where they want to go,” and what passengers wanted more than anything else was more direct flights.
At the time, Rumsey was hyping Boeing’s Sonic Cruiser concept, a new plane with a delta wing formation that would cruise at Mach 0.95 (around 729MPH). The Sonic Cruiser would fly higher than existing planes, with reduced turbulence and faster speeds. And, crucially, rather than trying to build a plane to cater for 800-plus passengers, Boeing’s Sonic Cruiser would transport between 200 and 250. 
The Sonic Cruiser project did not survive, with a post-9/11 slump causing interest in the project to dry up. But its original spirit, and some of the ideas, trickled down to Boeing’s next big, albeit far less radical, new aircraft: the 787 Dreamliner. The 787 is made of lightweight composite materials, has a higher internal pressure (for passenger comfort) and is far cheaper to run than similarly sized rivals.
The A380 had other problems, too. Its sheer size meant that airports had to make special alterations to their gates to accommodate such a plane. It also meant that it required larger crews and more engines, increasing the cost of each flight. One Forbes report said that every hour the A380 was in flight cost between $26,000 and $29,000. A Dreamliner, by comparison, costs closer to $11,000 an hour to fly.
Airlines will likely replace the A380 with smaller aircraft from Airbus and Boeing to reduce emissions and to deal with a drop in expected passenger numbers. What we won’t see, in the eyes of at least one aviation expert, is news of a next-generation airplane in the near future. 
Bill Blain is a market strategist at Shard Capital with a focus on the business of flying. He feels the aviation industry has badly misjudged the market. “It’s a right bloody mess,” he said, with both companies obsessing over making bigger, more capacious aircraft. Blain said that, while the Dreamliner is a “wonderful plane,” a better bet would have been a smaller plane.
He believes that airlines were always going to want planes closer to the 737 — a narrow-body plane with a capacity around 200 — than the bigger 747. “If you [as an airline] can get a small plane that you can make economical with 200 people on board,” then you’re golden. Blain said that Boeing’s failure to properly replace the 737 with a brand new aircraft has led to tragedy. The 737 Max, which modified the existing 737 design, led to two crashes that claimed 346 lives.
Airlines will need to pay for these early retirements, but Blain said they can’t simply raise ticket prices. The post-COVID economy is likely to be in recession or at least stricken enough that money is tight for everyone. “There’s not going to be the money available [in the economy] to hike airline prices, and airlines need bums on seats,” he said. 
What’s missing, however, is a next-generation advance that could really move the aviation market forward. Blain said the planes airlines will buy, like Airbus’ A320/321 and Boeing’s 737 Max, use “old tech” and aren’t very fuel efficient, both things airlines crave. He adds that both companies have neglected to invest in training new engineers to replace the experienced ones who are reaching retirement age. 
Airbus and Boeing declined to comment for this story, but both companies have new aircraft in the works. The latter is working on a “New Midsize Airplane,” which will reportedly seat between 220 and 270 passengers. However, Reuters reported in April that the program halted while the company scrambles to fix the 737 Max debacle.
Airbus’ next-generation craft could have been the hybrid-electric E-Fan X, co-developed with Rolls Royce. But that initiative died in April, a year before the aircraft was expected to take to the skies. The company is also working on a delta-wing concept, MAVERIC, with a bigger cabin but with a 20 percent reduction in fuel burn. But that won’t be ready for decades, if ever, and there’s still a need for aircraft that can ride the rough skies that COVID leaves behind."
6,"{'id': 'engadget', 'name': 'Engadget'}",Violet Blue,Hype and hope: Wearables in the covid era,The NBA’s strategy of using luxury wearable devices to detect and prevent COVID-19 among basketball players looks awfully good on paper. It also torments us by both suggesting a techno-silver bullet as well as offering a view on how the rich and famous enjoy …,https://www.engadget.com/hype-and-hope-wearables-in-the-covid-era-190006602.html,https://o.aolcdn.com/images/dims?resize=1200%2C630&crop=1200%2C630%2C0%2C0&quality=95&image_uri=https%3A%2F%2Fs.yimg.com%2Fos%2Fcreatr-uploaded-images%2F2020-06%2Fda1a5810-b7b3-11ea-bedf-3d4524bd5bf4&client=amp-blogside-v2&signature=43db88f91cc449cba413ba9c7c8894f2276e2a87,2020-06-26T19:00:06Z,"Enter the ring
When players arrive to Disney World’s “Life inside the Bubble” — tentative date July 30 — to restart the NBA basketball season, they’ll be met with a buffet of futuristic gadgets they can voluntarily use to prevent and detect the deadly coronavirus.
These gadgets include wearable proximity alarms that beep when you’ve been within six feet of someone too long, pulse oximeters, thermometers, and that hot $300 titanium smart ring everyone’s talking about, the Oura. The ring tracks and analyses data like sleep, heart rate, body temperature, respiratory function, and more. The NBA reportedly bought over 1,000 Oura rings for the season restart.
Players will also have plentiful at-will testing, too, making them the envy of most Americans.
Yet it’s Oura in all the headlines, the sci-fi wearable everyone suddenly wants. The ring’s hype in press is that it detects coronavirus symptoms up to three days in advance with 90 percent accuracy. That claim comes from a May press release basically promoting an app made by Oura, The West Virginia University Rockefeller Neuroscience Institute (RNI), and WVU Medicine. The app came out of a study between Oura and RNI about the ring’s potential to predict coronavirus among front-line healthcare workers. It’s a pretty cool idea, but my point is that it’s the app making the claim, and not necessarily the ring.
Oura, to its credit, has also been partnering with other teams at the forefront of COVID-19 research, like the USCF TemPredict study.
There are so many caveats here. For one, these studies are funded by the company selling the product. You could play buzzword bingo with every Oura press release until your eyes cross. Plus all the questions people like me have about Oura’s technical implementation and security implications (especially regarding Bluetooth), false positives, what Oura means by data sharing for in-app advertising, why they seemed to let their Android app languish, is it watching us masturbate like Ceiling Cat, and just how buggy is this magical wearable anyway? And, of course, what they think about making one for poor people. Because thanks to COVID-19, we’re going to have a lot more of those, too.
So we have questions. Lots of them. But we’re also really, truly in a life or death situation. So the deeper question is, are wearables finally getting to the point where they could detect COVID-19 symptoms before they appear (or provide a form of confirmation at the onset)?
Meet the biohacker who survived COVID-19
Biohacker Mikey Sklar had an unfortunate opportunity to find out for us when he contracted COVID-19 in the second week of March while using two fitness trackers: the Garmin Venu watch and Oura Ring.
“On the evening of March 16th, some anomalies started showing up even though I was not yet symptomatic,” Sklar wrote. “I would proceed to sweat through the night and wake up with a killer headache, terrible body aches, chills and a diminished sense of smell.” He then detailed some pretty obvious differences in his biometrics on the Garmin between his “normal” and “sick” states. 
His testing ordeal was intense, though Sklar told Engadget via email “Getting tested was more complicated at that time.”
If you use a sleep tracker like the Garmin or Oura, and you want to know what to look for regarding possible COVID-19 symptoms, Sklar noted his differences between “normal” and “sick” as: 
<ul><li>Resting Heart Rate increased by 15 BPM (lower is better)
</li><li>Heart Rate Variability decreased 30 BPM (higher is better)
</li><li>Average Overnight Body Temperature increased by 3.3 degrees fahrenheit
</li><li>Respiratory Rate increased by 2.7 breaths per minute
</li></ul>Sklar was one of the lucky ones. “My symptoms were limited and pretty much just being uncomfortable for a little over a week,” he wrote. Even so, he connected with developers of sleep app Bioloop, “who had been working with Stanford and Oura Ring data to find anomalies in a persons biometric history. They were looking for the same sort of jumps in biometrics I mentioned above RHR, HRV, body temperature and respiratory rate,” he added.
At the end of it all, Sklar concluded that “fitness trackers cannot tell us what we have,” but that they “can give us a little bit of warning when our bodies start fighting.” 
It’s a pretty even-handed take from someone who is really into hacking and tracking themselves. Some NBA players, on the other hand, are not cool with that at all. While using Oura rings is voluntary and the NBA is making data privacy promises to players, Los Angeles Lakers forward Kyle Kuzma tweeted, “Looks like a tracking device.”
A coronavirus panopticon (on your wrist)
Kuzma is right to be suspicious; he’s absolutely correct. Oura isn’t all that different than other sleep and wellness trackers, yet these devices gather and record a wealth of deeply personal data, they use security-problematic things like Bluetooth, anyone who knows what they’re doing can poke at the data to get more info like location, and companies get sold (as well as pressured by governments). 
From every technical perspective, something like the Oura represents an elite, thorough, and worryingly accurate tracking device bar none, terrifying if it were to be used for evil (or by Palantir, or Facebook for that matter). Moreso now that one country is taking coronavirus wearables in a very Orwellian direction — and that country is Singapore.
Not everyone in Singapore is using the country’s contact-tracing TraceTogether app. Use among the population never made it past 25% saturation, partly because not everyone has a smartphone, and largely because Singapore’s app doesn’t work on iPhones. That’s because TraceTogether breaks a serious security “best practice”, namely that Apple does not allow iPhone apps running in the background to access Bluetooth.
Singapore’s new solution to this mess of its own making is to release a wearable contact-tracing tracking device to its citizens and threaten to make it compulsory for the entire population to wear.
“Whether circumstances would ever require mandatory adoption we cannot say,” said Singapore’s Smart Nation Initiative Minister-in-charge Vivian Balakrishnan on June 5th. “I am going to do my best to push participation rates up without having to go down the mandatory route.”
A petition was immediately created, with 52,000 signatures as of this week for “Singapore says ‘No’ to wearable devices for Covid-19 contact tracing.” It explains how easily the device will be able to surveil citizens, and states:
The Government looks to the Covid-19 pandemic as the perfect excuse to realise what it has always envisioned for us – this country’s populace: to surveil us with impunity, to track us without any technological inhibitions, and maintain a form of movement monitoring on each of us at all times and places. And to do so by decreeing it compulsory for all law-abiding persons to become ‘recipients’.
We – as free, independent, and lawful members of the public of Singapore – condemn the device’s implementation as blatant infringements upon our rights to privacy, personal space, and freedom of movement. We reject the notion that the non-efficacy of the Trace Together initiative be superceded by a regime that could potentially require all members of the public (regardless of their age, susceptibility to disease, or health status) to give up these rights under fear – not of infection from Covid-19 – but of prosecution by the state.
The point of showing you all of this is not to scare you. We’ve had enough of that, and we should probably brace for more. It’s also tempting to think that I’ve taken you to these vistas of dark possibilities because I get off on terrifying readers, or desire a reputation for traumatically scaring my readers. I do not.
There is a lot going on and it is more than some people can take. If you use fitness trackers, hopefully Mikey Sklar’s experience can help you (he will also tell you what he did while surviving it, all you have to do is ask him).
But I’m also looking into the face of all this injustice, unfairness, greed, madness, and unnecessary heartbreak here on this page because, well, anger is a form of hope -- and we need as much of that as we can right now. As inconceivable as it is, the US has officially unflattened the curve, so terribly that the world is readying to quarantine us to our own soil. I think we can be forgiven for being angry, being scared, and for there being just an overwhelming sadness in everything we do.
I also think it is entirely appropriate to talk about why and how we DIY our way through this, whether it’s learning from fitness tracker hackers, demanding answers for people who can’t access these technologies because of inequalities tech startups refuse to acknowledge, or seeing the people of Singapore oppose invasive digital tracking and learning from it. We are no longer bewitched by shiny gadgets that offer convenience and connectivity. It’s time to make those gadgets work for us, instead."
7,"{'id': 'engadget', 'name': 'Engadget'}",Jon Fingas,NASA backs studies on environmental effects of COVID-19 lockdowns,"You’ve probably heard stories of skies and water clearing up while most people stay at home during the COVID-19 pandemic, but how much have things improved, really? Scientists are about to rely on NASA technology to find out. The space agency is funding four …",https://www.engadget.com/nasa-backs-covid-19-impact-studies-200021703.html,https://o.aolcdn.com/images/dims?resize=1200%2C630&crop=1200%2C630%2C0%2C0&quality=80&image_uri=https%3A%2F%2Fs.yimg.com%2Fos%2Fcreatr-images%2F2020-05%2F5e2106d0-954b-11ea-afdf-9a5d6e9997cf&client=amp-blogside-v2&signature=0841908eb4290b20fdc9e00fac690f8ba8fcfd8b,2020-05-13T20:00:21Z,"You’ve probably heard stories of skies and water clearing up while most people stay at home during the COVID-19 pandemic, but how much have things improved, really? Scientists are about to rely on NASA technology to find out. The space agency is funding four research projects that will rely on satellites and various data resources to understand how pandemic lockdowns have affected pollution worldwide.
One project will study uneven gains in air quality around the world by connecting satellite data to weather, traffic and other info. Another effort will meld satellite and meteorological data to gauge how reduced air pollution has affected the atmosphere. A third initiative will determine what if any effect lowered air pollution has had on water quality, while a fourth will use light pollution satellite data to examine socioeconomic impacts and the effectiveness of stay-at-home orders."
8,"{'id': 'engadget', 'name': 'Engadget'}",Jon Fingas,Amazon VP quits over company firing COVID-19 whistleblowers,Amazon’s recent firings of labor critics have prompted dissent among its upper ranks. AWS vice president Tim Bray has quit the company (via The Verge) over what he sees as an attempt to punish whistleblowers worried about inadequate COVID-19 protections at wa…,https://www.engadget.com/amazon-vp-quits-over-whistleblower-firings-152305288.html,https://o.aolcdn.com/images/dims?resize=1200%2C630&crop=1200%2C630%2C0%2C0&quality=80&image_uri=https%3A%2F%2Fs.yimg.com%2Fos%2Fcreatr-images%2F2020-05%2Fc05ed800-8e15-11ea-9f7e-463776459532&client=amp-blogside-v2&signature=b848f46e693a9b63ea068db3c0cc31d6ee1a032f,2020-05-04T15:23:05Z,"We’ve asked Amazon for comment. In the past, the company has insisted that climate change activists were violating policies on external communication, and that it fired COVID-19 protesters for violating social distancing rules. Bray didn’t buy those claims, however, noting that leaders could have set conditions for participating (or at least objected) instead of simply firing people outright. “It was clear to any reasonable observer that [the workers] were turfed for whistleblowing,” he wrote.
The former executive stressed that he “escalated through the proper channels” using many of the arguments he’s making now, and that he won’t disclose what happened in those discussions.
It’s too soon to say if this will prompt other high-profile departures, let alone any changes in Amazon’s operations. However, this clearly isn’t what the internet giant would hope for. It draws more attention to labor issues at a time when the world is already looking closely — as Bray put it, Amazon is invoking the “Streisand effect.”"
9,"{'id': 'engadget', 'name': 'Engadget'}",Jon Fingas,Lincoln cancels its Rivian-based EV due to COVID-19,"The ongoing COVID-19 pandemic has led to another car cancellation: Lincoln’s Rivian-based electric SUV. After a report in Automotive News, Lincoln has confirmed to Autoblog that the EV has been scrapped due to the “current environment.” The pandemic, in other…",https://www.engadget.com/lincoln-cancels-rivian-based-ev-004105043.html,https://o.aolcdn.com/images/dims?resize=1200%2C630&crop=1200%2C630%2C0%2C0&quality=80&image_uri=https%3A%2F%2Fs.yimg.com%2Fos%2Fcreatr-uploaded-images%2F2020-04%2F78b10e20-89a5-11ea-bfde-40d4a0d3a183&client=amp-blogside-v2&signature=aed490a34bfd4a80ac3a7c42ea1850dbb8610e82,2020-04-29T00:41:05Z,"The ongoing COVID-19 pandemic has led to another car cancellation: Lincoln’s Rivian-based electric SUV. After a report in Automotive News, Lincoln has confirmed to Autoblog that the EV has been scrapped due to the “current environment.” The pandemic, in other words. The two are sticking to their overall commitment and an “alternative vehicle” based on Rivian’s platform, but that initial project is no more.
Lincoln also said it planned to make an EV “consistent with its Quiet Flight DNA,” but didn’t share more details. It wouldn’t be surprising if the brand based a vehicle on parent company Ford’s Mustang Mach-E or the electric F-150, but it’s clearly too soon to know where Lincoln is going."
10,"{'id': 'engadget', 'name': 'Engadget'}",Nicole Lee,Amazon plans to spend $4 billion on COVID-related expenses,"Fueled in part by a massive uptick in demand for groceries and other essential items, Amazon reported a big jump in sales for the first quarter in 2020. But that also equated to a sharp increase in costs, which unfortunately resulted in lower profits, and a d…",https://www.engadget.com/amazon-q1-2020-earnings-210941511.html,https://o.aolcdn.com/images/dims?resize=1200%2C630&crop=1200%2C630%2C0%2C0&quality=80&image_uri=https%3A%2F%2Fs.yimg.com%2Fos%2Fcreatr-images%2F2020-04%2F0705f330-8b26-11ea-bebb-541c2388a25c&client=amp-blogside-v2&signature=9ed32387dadffd7b5c2925d53af43dc242284e3e,2020-04-30T21:09:44Z,"And it won’t stop there. CEO Jeff Bezos said in a statement that the company will spend $4 billion of its profits in this coming Q2 on COVID-related expenses. “Under normal circumstances, in this coming Q2, we’d expect to make some $4 billion or more in operating profit,” he said. “But these aren’t normal circumstances. Instead, we expect to spend the entirety of that $4 billion, and perhaps a bit more, on COVID-related expenses getting products to customers and keeping employees safe.” Such expenses include investments in personal protective equipment, enhanced cleaning of its facilities, higher wages for its workers, and “less efficient process paths that better allow for effective social distancing.”
“The current crisis is demonstrating the adaptability and durability of Amazon’s business as never before, but it’s also the hardest time we’ve ever faced,” said Bezos. 
Amazon has faced accusations recently of poor working conditions from warehouse workers, delivery personnel and Whole Foods employees. In a statement, Amazon responded to this by outlining several ways it’s helping its employees, such as procuring 100 million face masks and requiring them to be worn by all staff. It also said it has a team dedicated to increasing testing capacity -- it’s building its first lab and has already started to test front-line employees.
The company has taken steps recently to prioritize shipments of essential items, and in doing so, is also attempting to “protect customers from bad actors.” It has removed over one million offers so far due to COVID-based price gouging. It also suspended more than 10,000 accounts for violating their fair-pricing policies. 
Amazon has also faced criticisms lately for delivery delays and supply shortages from Prime Now, Amazon Fresh and Whole Foods Market. According to the company, it has expanded Whole Foods pickup from 80 stores to more than 150, and have even adjusted store hours to focus exclusively on online grocery orders during certain times."
11,"{'id': 'engadget', 'name': 'Engadget'}",Christine Fisher,Apple and Google's COVID-19 contact tracing tech is ready,"Today, Apple and Google are releasing their COVID-19 contact tracing technology to public health agencies (PHAs) around the world. So far, 22 countries on five continents have requested the API, which will allow PHAs to develop their own contact tracing apps.…",https://www.engadget.com/apple-google-covid-19-contact-tracing-api-170057362.html,https://o.aolcdn.com/images/dims?resize=1200%2C630&crop=1200%2C630%2C0%2C0&quality=80&image_uri=https%3A%2F%2Fs.yimg.com%2Fos%2Fcreatr-images%2F2020-05%2Fea8e4530-9ab2-11ea-b33f-6b7b5538d6d7&client=amp-blogside-v2&signature=32666351c03a1a3717c3791f89ffe65e880cbe45,2020-05-20T17:01:28Z,"Apple and Google are providing the API, but PHAs will have to develop their own contact tracing apps. In an attempt to promote adoption and avoid fragmentation, use of the API will be restricted to one app per country -- though there may be some exception if a country has opted for a state or regional approach. A handful of US states, including Alabama, North Dakota and South Carolina, plan to use the API for their own apps.
While 22 countries have requested the API, that doesn’t mean they will all put it to use. The UK said it won’t use the Apple-Google model, and countries like Australia have already rolled out their own solutions. Still, Apple and Google expect more countries to request the API in the coming weeks, and the World Health Organization (WHO) said it will release a contact tracing app for countries that don’t make their own. The WHO may use the Apple-Google tech.
Technology can help health officials rapidly tell someone they may have been exposed to COVID-19. Today the Exposure Notification API we created with @Google is available to help public health agencies make their COVID-19 apps effective while protecting user privacy.
— Tim Cook (@tim_cook) May 20, 2020
On its end, Apple is adding exposure notification functionality to iOS 13.5, released today, so its devices should work with the API and iOS apps that use it. Google is rolling out a Play Services update today, so Android devices running 6.0 and above will be compatible.
As previously reported, PHAs that use the API must agree to only use the tech for COVID-19 contact tracing. Users must consent before the app uses the API and before they share a positive test result. Users can also turn exposure notifications on and off. Apps cannot request access to location data, and they are not permitted to use user data for things like targeted advertising.
The API will allow PHAs to define what constitutes an exposure event and determine transmission risk factors. For instance, a PHA may decide to send exposure notifications if you were exposed for several minutes (say, on public transit) but not if you were exposed for a few seconds (passing someone on the sidewalk). 
Despite safeguards put in place to protect user privacy -- all metadata associated with Bluetooth will be encrypted -- the API and contact tracing apps will likely raise privacy concerns. And yet, to be truly effective, they will need widespread adoption."
12,"{'id': 'engadget', 'name': 'Engadget'}",Jon Fingas,Fitbit hopes to make ventilators during the COVID-19 pandemic,"Fitbit wants to join the host of companies making ventilators during the COVID-19 pandemic. Company chief James Park told CNBC in an interview that Fitbit is shifting its production to make the potentially life-saving equipment, with plans to submit its techn…",https://www.engadget.com/fitbit-ventilators-193604869.html,https://o.aolcdn.com/images/dims?resize=1200%2C630&crop=1200%2C630%2C0%2C0&quality=80&image_uri=https%3A%2F%2Fs.yimg.com%2Fos%2Fcreatr-uploaded-images%2F2020-05%2F11e80dd0-96e1-11ea-bf7f-4efcb5a340a9&client=amp-blogside-v2&signature=91b387f9d7ecab9e2a62ddf746507fbac6379b69,2020-05-15T19:36:04Z,"Fitbit wants to join the host of companies making ventilators during the COVID-19 pandemic. Company chief James Park told CNBC in an interview that Fitbit is shifting its production to make the potentially life-saving equipment, with plans to submit its technology to the FDA in the days ahead. And yes, the activity tracker brand is aware that it’s relatively late. Park said Fitbit would adjust its production to meet demand, whether the virus is (hopefully) fading away or begins a second wave as the world reopens.
The CEO didn’t outline the capabilities of the ventilator, but he claimed it would be the “most advanced” design that’s still available at a “lower” price than the tens of thousands of dollars they normally cost. It’s more sophisticated than some of the basic, emergency-oriented ventilators companies have scrambled to make during the pandemic."
13,"{'id': 'the-verge', 'name': 'The Verge'}",Mary Beth Griggs,No one knows when the COVID-19 pandemic will end,"Even as states consider reopening and events are rescheduled, the uncomfortable truth is that we’re still a long way from the finish line. Vaccines and treatments are still early in development, and testing isn’t extensive enough to help us yet. We need to ge…",https://www.theverge.com/2020/4/29/21239689/coronavirus-pandemic-end-covid19-reopen-vaccine-treatment-testing,https://cdn.vox-cdn.com/thumbor/1b70k6QrPQMTkdr4VOCaZCogA1Y=/0x186:3000x1757/fit-in/1200x630/cdn.vox-cdn.com/uploads/chorus_asset/file/19932095/VRG_Covid_Calendar_3995.0.jpg,2020-04-29T12:30:00Z,"Illustration by Grayson Blackmon


 We’ve got to be ready for the long haul If you’ve been marking the pandemic by the pileup of cautious reopenings and rescheduled events, you might think that an end to this global disaster is in sight. Event planners for the Kentucky Derby and Bonnaroo already have new opening days on the books in September. The Olympics are scheduled to start in Tokyo on July 23rd, 2021. There’s just one problem: if anyone says that they know exactly when this pandemic will be over, they are lying. 
No one can see the future. The virus is an unknown player, and the best minds on Earth can’t do more than make educated guesses about what comes next and when. Hell, we didn’t even notice the blood clot situation until just recently. 
I know. A guess is not comforting when you’re dreading another week of monotony in the same four walls. End dates are comforting. Reopenings are comforting. Contemplating a future that looks a lot like our cozy, crowded past is way more comforting than our isolated present. But let’s not confuse comfort for truth. 
a future that looks a lot like our cozy, crowded past is way more comforting than our isolated present

When bowling alleys and tattoo parlors reopened in Georgia on Friday, the pandemic was not over. It won’t be over when the stay-at-home order in Michigan (maybe) lifts on April 30th or if the stay-at-home order in the Bay Area actually ends on May 31st. 
The dates politicians are throwing around are not finish lines. They aren’t guesses at an end date for this pandemic, either. Shelter-in-place orders are just time-outs. We have no sure-fire treatments for the virus, no vaccine, and a limited supply of health care workers. To keep as many people alive as possible, we’ve done the only thing we can do to slow the spread: we’ve hid from each other.
The virus’s effects have not been, as some proposed, a great equalizer. The less you have, the harder you’re hit. The federal government has mostly failed at leading a coherent response to the pandemic. Doctors are clashing with the FBI over PPE, then running into the ER with whatever they can scrounge up. Governors are hitting up their private-jet-owner friends to have masks flown in from China to equip their hospitals. Nurses at other facilities are resorting to wearing garbage bags in an unsuccessful bid to avoid contracting the virus on the job. 
People who are already vulnerable are getting hit the hardest. Death rates have soared in black communities already slammed by other public health crises. On the Navajo Nation, experts worry that water shortages are contributing to the virus’s continued spread. The virus has raged through cramped homeless shelters and through the communities that can’t afford to distance themselves. “It’s become very clear to me what a socioeconomic disease this is,” an ER doctor working in Elmhurst, Queens told The New Yorker. “People hear that term ‘essential workers.’ Short-order cooks, doormen, cleaners, deli workers—that is the patient population here.” In some US prisons, the vast majority of inmates are testing positive for the virus, leaving incarcerated persons in fear for their lives. One inmate, Sterling Rivers, grimly observed that “Our sentences have turned into death sentences” in an interview with The Wall Street Journal. Our failures around the coronavirus are systemic failures of public policy.
Thanks to an inconsistent and often incoherent government response in the US, we now face an uncertain timeline for both economic and health recoveries

Those failures have left the health care system struggling to cope, plunged society into a well of uncertainty, and sent the economy cratering. Thanks to an inconsistent and often incoherent government response in the US, we now face an uncertain timeline for both economic and health recoveries. Twenty-six million people have filed unemployment claims. 
And so some governors will call an end to stay-home orders in the hopes of resuscitating their economies. In Georgia, South Carolina, and parts of Tennessee, that time came on Friday. Other states, like California and New York, are taking a longer view, gradually easing some restrictions on movement while enforcing new requirements — masks on, low temps, can’t lose. 
As cases decrease, restrictions will relax. But once we let our guard down, we’ll likely see resurgences of cases, once again straining health resources — leaving us with no choice but to close ourselves off again. That’s what’s happening in parts of China now, where new outbreaks of the same disease have emerged. The open-and-shut economy will likely continue as cases ebb and flow. 
There are paths to victory, but as Ezra Klein notes at Vox, “these aren’t plans for returning to anything even approaching normal.” Victory over the virus will involve a lot of things that we don’t have yet. Scientific discoveries will help defeat the virus — but science can’t do it alone. Public policies will play a huge role, and even with firm health guidelines and speedy scientific developments, it will take longer than we want for us to truly eke out a win.
What does a win look like? It will take widespread tests of everyone who might be sick and careful quarantining of anyone who tests positive. It will take armies of contact tracers to trace down anyone who might have been exposed. These low-tech interventions are the best thing we’ve got while we give researchers the time they need to come up with other solutions.
Our brightest prospects — vaccines and treatments — are still in the minors

Scientists will labor over vaccines and treatments, but the overwhelming majority of their trials will turn up nothing useful. They’ll also keep trying to understand the virus and our bodies’ complicated response to it, in the hopes of developing legitimate antibody tests. Eventually, we may discover something that destroys the virus without wrecking our bodies. But none of that is ready today.
The end is still likely to be a long way away, as journalist Ed Yong writes in The Atlantic: “The pandemic is not a hurricane or a wildfire. It is not comparable to Pearl Harbor or 9/11. Such disasters are confined in time and space. The SARS-CoV-2 virus will linger through the year and across the world.”
Consider this a rebuilding year. It might even turn into rebuilding years, depending on our progress. Our brightest prospects — vaccines and treatments — are still in the minors. Even antibody testing isn’t ready to be called up to the big leagues, at least not yet. 
This is a long game, and focusing on the victory celebrations — like New York City Mayor Bill De Blasio’s plan to “throw the biggest, best parade to honor” health care workers — won’t get us to the end. 
If we focus on what victory looks like instead of what it takes to get us there, we’re going to keep being disappointed

If we focus on what victory looks like instead of what it takes to get us there, we’re going to keep being disappointed. We’ll feel defeated every time a drug fails in testing. We can’t let it get to us like that. The parades, the ballgames, the worship services that we’re looking forward to, those will be there once this is over. What we’ve got to ensure now is that when we get to reopening day — whenever it is — that our concert halls and stadiums and spiritual homes are filled with as many of our human siblings as we can possibly save. 
It still sucks when the goalposts move from April 15th to April 30th, then to May 15th. It feels like we’re Charlie Brown and the end to this is a football that Lucy keeps pulling away. But when it comes to the virus itself, the clock isn’t the statistic that matters. These are the ones that do: numbers of tests, numbers of new infections, and numbers of bodies in the morgues. 
When the numbers of tests go up and confirmed cases and deaths go down, then our playbook will change. But it won’t be the end of the fight — not yet. 
We won’t be able to mark this finale in our calendars

We play this through to the end — there is no other option. Victory might look like a vaccine. It might look like a robust testing regime or a new treatment. It might look like us cobbling together a sense of normalcy and still watching for repeated outbreaks. Whatever form it takes, we’ll fight our way there with masks, thermometers, and soap, buying some time along the way. We’ll adjust our playbook as the virus adapts. We’ll position ourselves farther apart. We’ll do it again, and again when the next waves of this virus come. We will be exhausted when we get there, but we will get there. But if we don’t pace ourselves for the long haul, it will be that much harder to get through.
We won’t be able to mark this finale in our calendars. All we can do is get through today, pushing our leaders to get the people on the front lines the resources and time they need to get us through this. We need politicians who will stop telling us the comforting things we want to hear and start acting to keep as many of us alive as possible."
14,"{'id': 'the-verge', 'name': 'The Verge'}",Nicole Wetsman,Donald Trump says he’s taking hydroxychloroquine to protect against COVID-19,"President Donald Trump said that he does not have COVID-19 symptoms, but he is taking hydroxychloroquine to protect against the coronavirus. There is no evidence the drug can prevent disease, although there are clinical trials ongoing to test the idea. The dr…",https://www.theverge.com/2020/5/18/21262873/trump-taking-hydroxychloroquine-protect-coronavirus-covid-19,https://cdn.vox-cdn.com/thumbor/OKa9G4S-VF7s2WdiAtN9D9Ixfmk=/0x403:5628x3350/fit-in/1200x630/cdn.vox-cdn.com/uploads/chorus_asset/file/19985168/1225416761.jpg.jpg,2020-05-18T21:37:49Z,"There is no evidence the drug prevents getting sick from the novel coronavirus
Photo by Tasos Katopodis / Getty Images
President Donald Trump said hes taking antimalarial medication hydroxychloroquine and zinc because he believes the drugs could prevent COVID-19. 
Heres my evidence. I get a lot of positive calls about it, he said today in a White House roundtable with restaurant executives. Trump said hes been taking the drugs every day for a week and a half and that he has not had any COVID-19 symptoms. People close to the president, including one of Trumps valets and Vice President Mike Pences press secretary, recently tested positive for the virus. 
Side effects include damage to part of the eye, life-threatening heart effects, and muscular weakness
There is still no evidence that taking hydroxychloroquine can prevent someone from contracting or getting sick from the coronavirus. Its a possibility a number of research groups are running clinical trials to see if the drug could protect health care workers who are regularly exposed to the virus from getting sick but no data from those studies is available yet. 
Trump said hes following the lead of frontline workers. You look at doctors and nurses, a lot of them are taking it as a preventative, he said. While there are clinical trials looking specifically at using the drug as a preventive for health care workers, it is still not clear how many health care workers are taking the drug. Side effects of hydroxychloroquine include damage to part of the eye, life-threatening heart effects, and muscular weakness.
Trump spent weeks promoting hydroxychloroquine as a treatment for COVID-19. His administration reportedly pushed the Food and Drug Administration and the Biomedical Advanced Research and Development Authority to authorize the use of the drug for COVID-19 outside of the hospital, based on meager evidence. While early data showed that hydroxychloroquine may help some patients, additional studies found that it wasnt effective and could have dangerous side effects, especially in people with severe symptoms. Trump stopped touting the drug after that data was publicized. In April, the FDA warned against the use of the drug for COVID-19 outside the hospital or a clinical trial.
While Trump says that he is taking hydroxychloroquine and zinc, that cant be independently verified. All the public has is his word, and neither henor his White House has been reliable sources of information during this pandemic. Among other things, Trump has spent the pandemic publicly recommending treatment strategies for COVID-19 based on limited evidence. In late April, he appeared to suggest that Lysol injections could cure the disease. No therapies have been proven to effectively treat or prevent COVID-19. 
At time of publication, more than 90,000 people in the United States have died of the disease. 
View all 458 stories"
15,"{'id': 'engadget', 'name': 'Engadget'}",Jon Fingas,Apple Maps now shows COVID-19 testing sites across the US,"As hinted earlier, Apple has started displaying COVID-19 testing sites in Maps. People in all 50 states and Puerto Rico can use Apple’s default navigation app to quickly find a place to get checked, whether it’s a hospital, urgent care clinic, pharmacy or ded…",https://www.engadget.com/apple-maps-covid-19-testing-sites-all-us-191822069.html,https://o.aolcdn.com/images/dims?resize=1200%2C630&crop=1200%2C630%2C0%2C0&quality=80&image_uri=https%3A%2F%2Fs.yimg.com%2Fos%2Fcreatr-uploaded-images%2F2020-04%2F011c7f20-8982-11ea-938b-584a74435e62&client=amp-blogside-v2&signature=96a771eebbde311aab40eb60b2a2f4a90a30ee39,2020-04-28T19:18:22Z,"As hinted earlier, Apple has started displaying COVID-19 testing sites in Maps. People in all 50 states and Puerto Rico can use Apple’s default navigation app to quickly find a place to get checked, whether it’s a hospital, urgent care clinic, pharmacy or dedicated testing site. The facilities also fall under a new “COVID-19 Testing” search category that’s prioritized alongside other essentials like groceries and healthcare.
The listings should include details on what you’ll need to know before going in, such as any requirements for appointments or referrals."
16,"{'id': 'engadget', 'name': 'Engadget'}",Christine Fisher,Twitter ‘super-spreaders’ shared bogus COVID-19 info with 3 million users,"A new report by NewsGuard says a handful of COVID-19 misinformation “super-spreaders” have shared false and misleading claims with more than three million Twitter users. The report identified 10 accounts with more than 100,000 followers each that promoted que…",https://www.engadget.com/twitter-coronavirus-misinformation-super-spreaders-161310077.html,https://o.aolcdn.com/images/dims?resize=1200%2C630&crop=1200%2C630%2C0%2C0&quality=80&image_uri=https%3A%2F%2Fs.yimg.com%2Fos%2Fcreatr-images%2F2020-05%2F6ce30a90-907a-11ea-aae8-67e09dbaa55f&client=amp-blogside-v2&signature=a140a2c192330d50d9325032a6ed2febc359b6e1,2020-05-07T16:13:10Z,"In March, Twitter said it was stepping up its efforts to fight coronavirus misinformation. The company said it would ban tweets that perpetuate fake cures, deny expert guidance or spread information that could incite panic. It is rushing to verify more health experts, and it has pledged specifically to remove conspiracies linking 5G and coronavirus. But as social media platforms like Facebook have also discovered, fighting COVID-19 misinformation is not easy, and this new report suggests that Twitter is not doing enough to police “super-spreaders.”
Even with Twitter’s promise to ban promotion of ineffective treatment, these accounts shared false studies claiming that hydroxychloroquine treatment has a 100 percent success rate and endorsements for licorice root and Zinc as virus cures. Some said social distancing was “ineffective,” and Icke posted that the virus was a scam.
According to The Information, Twitter says it has removed more than 2,400 tweets since mid-March. Still, there seems to be a serious misinformation problem. 
Engadget has reached out to Twitter for comment."
17,"{'id': 'engadget', 'name': 'Engadget'}",Jon Fingas,Apple's COVID-19 screening tool can anonymously share symptoms with the CDC,Apple’s COVID-19 screening tool now helps you contribute to the public good in addition to providing personalized advice. TechCrunch notes that Apple has updated both its iOS app and website with anonymous symptom and health info sharing with the CDC. Agree a…,https://www.engadget.com/apple-covid-19-screening-tool-symptom-sharing-133040159.html,https://o.aolcdn.com/images/dims?resize=1200%2C630&crop=1200%2C630%2C0%2C0&quality=95&image_uri=https%3A%2F%2Fs.yimg.com%2Fos%2Fcreatr-uploaded-images%2F2020-06%2F98e51300-aa4b-11ea-8fdf-0095b9069008&client=amp-blogside-v2&signature=e99f87494a905ecf03852b04323703377df8dd4b,2020-06-09T13:30:40Z,"Apple’s COVID-19 screening tool now helps you contribute to the public good in addition to providing personalized advice. TechCrunchnotes that Apple has updated both its iOS app and website with anonymous symptom and health info sharing with the CDC. Agree and you’ll send your condition as well as non-identifying data like your age bracket, exposure risks and state. The CDC will aggregate the info and use it to improve screening protocols. You may want to run through the tool even if you’ve used it recently, then, if just to give health experts more data.
This isn’t linked to the COVID-19 exposure notification framework that Apple jointly developed with Google. That API is meant to alert people who may have been unwittingly exposed to an infected person."
18,"{'id': 'engadget', 'name': 'Engadget'}",Christine Fisher,US senators ask Amazon why it keeps firing COVID-19 whistleblowers,"A group of nine senators, including past presidential hopefuls Bernie Sanders, Elizabeth Warren, Kamala Harris and Cory Booker, want to know why Amazon keeps firing COVID-19 whistleblowers. The senators penned a letter to the company asking about its “policie…",https://www.engadget.com/senators-question-amazon-covid-19-whistleblower-firings-185144658.html,https://o.aolcdn.com/images/dims?resize=1200%2C630&crop=1200%2C630%2C0%2C0&quality=80&image_uri=https%3A%2F%2Fs.yimg.com%2Fos%2Fcreatr-images%2F2020-05%2F47b9e9a0-9093-11ea-affb-c3580aa7bb62&client=amp-blogside-v2&signature=fc1d32eba3a9338d08dd943299e9be87d057bc99,2020-05-07T18:51:44Z,"Earlier this week, AWS vice president Tim Bray quit over what he sees is an attempt to punish whistleblowers who express concerns about lacking COVID-19 protections. Meanwhile, the National Labor Relations Board is looking into claims of retaliation against employees who organize or participate in protests.
Amazon has responded to criticism around its coronavirus response with a pledge to provide masks and conduct temperature scans, and CEO Jeff Bezos said the company will spend $4 billion on COVID-19 related expenses, including “keeping employees safe.” But Amazon is facing pressure abroad too, and it is being questioned regarding alleged data abuse.
As The Verge notes, in the past, Amazon has justified firing outspoken employees with vague claims that they violated internal policies. But with increased pressure on several fronts and big names like Sanders and Warren behind this letter, Amazon may have to offer a more in depth explanation.
Engadget has reached out to Amazon for comment."
19,"{'id': 'engadget', 'name': 'Engadget'}",Jon Fingas,India requires all workers to use its COVID-19 tracking app,"COVID-19 contact tracing apps are frequently voluntary in those countries that have rolled them out so far, but India’s is effectively mandatory. The country’s home ministry will require that all workers, public or private, use its Aarogya Setu app starting M…",https://www.engadget.com/india-requires-workers-to-use-covid-19-app-042811484.html,https://o.aolcdn.com/images/dims?resize=1200%2C630&crop=1200%2C630%2C0%2C0&quality=80&image_uri=https%3A%2F%2Fs.yimg.com%2Fos%2Fcreatr-images%2F2020-05%2Fdca37fd0-8cc5-11ea-a3b8-e81572a2b5f7&client=amp-blogside-v2&signature=2eb06bc3da07c34f62b391316a6b142c3bcb7fc1,2020-05-03T04:28:11Z,"Like in other countries, widespread adoption of contact tracing apps could prove vital to curbing the spread of the new coronavirus. They might reduce or eliminate the need for further lockdowns while humanity waits for a vaccine. However, governments have generally shied away from requiring these apps, in part to assuage fears they might be used for mass surveillance. India clearly isn’t as worried about public perception.
Privacy activists aren’t happy, to no one’s surprise. Although the app relies on anonymous device identities and stores encrypted records of Bluetooth interactions with other devices, the Internet Freedom Foundation said the app doesn’t meet data protection standards or provide enough transparency for algorithms. Mozilla warned that it wasn’t certain how Aarogya Setu’s data would be used, and that there weren’t sufficient privacy laws to protect the public. This won’t necessarily lead to abuses of power, but there might not be much to stop those misuses if they do occur."
