,source,author,title,description,url,urlToImage,publishedAt,content
0,"{'id': 'ars-technica', 'name': 'Ars Technica'}",Jon Brodkin,Trump admin. threatens to sue states that don’t lift pandemic orders,AG Barr says state orders for containing COVID-19 may violate Constitution.,https://arstechnica.com/tech-policy/2020/04/trump-admin-threatens-to-sue-states-that-dont-lift-pandemic-orders/,https://cdn.arstechnica.net/wp-content/uploads/2020/04/getty-barr-trump-760x380.jpg,2020-04-28T19:22:29Z,"Enlarge/ Attorney General William Barr speaks as US President Donald Trump listens during a Coronavirus Task Force news conference on Monday, March 23, 2020.
19 with 17 posters participating
The Trump administration is threatening to sue states and municipalities whose pandemic orders infringe on people's rights or cause ""undue interference with the national economy.""
""I am directing each of our United States Attorneys to also be on the lookout for state and local directives that could be violating the constitutional rights and civil liberties of individual citizens,"" US Attorney General William Barr wrote yesterday in a memo to all 94 US attorneys' offices. The Barr memo said that ""even in times of emergency, when reasonable and temporary restrictions are placed on rights, the First Amendment and federal statutory law prohibit discrimination against religious institutions and religious believers."" The memo is available at The Washington Post website.
Barr's memo is not just aimed at protecting members of religious groups. He continued:
The legal restrictions on state and local authority are not limited to discrimination against religious institutions and religious believers. For example, the Constitution also forbids, in certain circumstances, discrimination against disfavored speech and undue interference with the national economy. If a state or local ordinance crosses the line from an appropriate exercise of authority to stop the spread of COVID-19 into an overbearing infringement of constitutional and statutory protections, the Department of Justice may have an obligation to address that overreach in federal court.
Barr wrote that he is ""therefore directing the Assistant Attorney General for Civil Rights, Eric Dreiband, and Matthew Schneider, the US Attorney for the Eastern District of Michigan, to oversee and coordinate our efforts to monitor state and local policies and, if necessary, take action to correct them."" While Barr said US officials ""do not want to unduly interfere with the important efforts of state and local officials to protect the public,"" he noted that ""the Constitution is not suspended in times of crisis.""
Disturbingly close to house arrest
The memo did not detail what kinds of restrictions would cause the United States to sue states or cities, and it did not say whether the US will challenge any measures that are already in place. But Barr wrote that local restrictions, while ""necessary in order to stop the spread of a deadly disease,"" have ""imposed tremendous burdens on the daily lives of all Americans.""
Barr previously criticized local policies in interviews, saying that ""the idea that you have to stay in your house is disturbingly close to house arrest,"" according to a Fox News article last week. ""We're looking carefully at a number of these rules that are being put into place,"" Barr said. ""And if we think one goes too far, we initially try to jawbone the governors into rolling them back or adjusting them. And if they're not and people bring lawsuits, we file [a] statement of interest and side with the plaintiffs.""
The Justice Department has so far ""intervened in only a single lawsuit over coronavirus restrictions, appearing to back a Greenville, Miss., church which had sued over the city's efforts to shut down drive-in religious services,"" The Washington Post wrote. The Justice Department ""did not unequivocally support Temple Baptist Church in its legal statement of interest, though it said the circumstances the church described 'suggest that the city singled out churches for distinctive treatment,' which would be unconstitutional.""
Trump threatened states
President Trump on April 13 claimed he has ""total"" authority to override governors and force states to reopen their economies even while the coronavirus pandemic continues. ""When somebody is the president of the United States, the authority is total, and that's the way it's got to be. It's total, and the governors know that,"" Trump said at a press conference.
That isn't how it works, as states and local governments have police powers to protect the health and safety of residents with measures such as isolation and quarantines. But Trump's claim and related developments showed that at least some states aren't likely to succumb to federal pressure to reopen their economies. New York Gov. Andrew Cuomo said he would not follow a presidential order requiring him to lift pandemic orders. Shortly before Trump's claim, coalitions of governors on the East and West Coasts announced pacts to follow science, not politics, in their decisions on when to reopen economies.
Trump backed down just one day later, saying ""I'm not going to put pressure on any governor to open."" However, Barr's letter signals that the Trump administration is not done pressuring states to lift pandemic orders."
1,"{'id': 'ars-technica', 'name': 'Ars Technica'}",Timothy B. Lee,New York AG’s office questions Amazon over “inadequate” COVID-19 safety,"“Many workers are fearful about speaking out” on COVID safety, officials wrote.",https://arstechnica.com/tech-policy/2020/04/new-york-ags-office-questions-amazon-over-inadequate-covid-19-safety/,https://cdn.arstechnica.net/wp-content/uploads/2020/04/GettyImages-1215765250-760x380.jpg,2020-04-28T15:56:44Z,"Enlarge/ Amazon employees protest over conditions at the company's Staten Island distribution facility on March 30, 2020.
3 with 3 posters participating
New York Attorney General Letitia James hasn't been impressed with Amazon's response to the coronavirus crisis.
""While we continue to investigate, the information so far available to us raises concerns that Amazon's health and safety measures taken in response to the COVID-19 pandemic are so inadequate that they may violate several provisions of the Occupational Safety and Health Act,"" James' staff wrote in an April 22 letter first obtained by National Public Radio.
The crisis has produced surging demand for Amazon's delivery services. But as Amazon has hired an extra 175,000 people to help fill orders, it has also faced criticism about its safety practices. Last month, a number of workers (Amazon counted 15, organizers claimed 60) protested outside a massive Amazon fulfillment center on Staten Island. Amazon has also seen sporadic online protests in recent weeks.
The Staten Island protesters wanted their facility shut down for a deep cleaning. Amazon workers have also called for universal paid sick leave and stronger efforts to keep workers separated during work hours.
But Amazon says that it is doing everything it can to protect its workers from the coronavirus.
""We made over 150 process updatesfrom enhanced cleaning and social distancing measures to new efforts like disinfectant spraying,"" a spokeswoman told Ars by email. ""We distributed personal protective gear, such as masks for our employees, and implemented disinfectant spraying and temperature checks across our operations worldwide.""
In their letter, New York officials also questioned Amazon's decision to fire Chris Smalls, one of the organizers of the Staten Island protest. Smalls accused Amazon of retaliating against him for his organizing efforts. Amazon insists that Smalls was fired for defying a stay-at-home order after he came into contact with an infected co-worker.
James' office writes that their findings so far ""raise serious concern that Amazon may have discharged [Smalls] in order to silence his complaints and send a threatening message to other employees that they should also keep quiet about any health and safety concerns.""
""This Office has learned that many workers are fearful about speaking out about their concerns following the termination of Mr. Smalls' employment,"" the letter added. ""This is a particularly dangerous message to send during a pandemic, when chilling worker speech about health and safety practices could literally be a matter of life and death.""
But Amazon says it has done nothing wrong.
""We did not terminate Mr. Smalls employment for organizing a 15-person protest,"" Amazon said by email. ""We terminated his employment for putting the health and safety of others at risk and violations of his terms of his employment. Mr. Smalls received multiple warnings for violating social distancing guidelines.""
Amazon says Smalls was instructed to stay home for 14 days after he came into contact with a coworker who had COVID-19 and that Smalls came to work anyway to help lead the protest.
Whatever the reasons for Smalls' termination, a leaked internal memo suggests that Amazon may have had a deliberate strategy to make him the face of worker organizing at Amazon.
Hes not smart, or articulate, and to the extent the press wants to focus on us versus him, we will be in a much stronger PR position than simply explaining for the umpteenth time how were trying to protect workers, Amazon's general counsel wrote."
2,"{'id': 'ars-technica', 'name': 'Ars Technica'}",Jon Brodkin,Trump threatens to take US out of WHO entirely and stop all funding,"Trump letter blasts WHO's COVID-19 response, says US will ""reconsider membership.""",https://arstechnica.com/tech-policy/2020/05/trump-threatens-to-take-us-out-of-who-entirely-and-stop-all-funding/,https://cdn.arstechnica.net/wp-content/uploads/2020/05/getty-trump-760x380.jpg,2020-05-19T17:23:10Z,"Enlarge/ President Donald Trump speaks to members of the media on the South Lawn of the White House on Thursday, May 14, 2020.
25 with 22 posters participating
President Trump yesterday threatened to permanently end US funding of the World Health Organization and withdraw the US from the WHO entirely.
In a letter to WHO Director General Tedros Adhanom Ghebreyesus, Trump alleged that ""the repeated missteps by you and your organization in responding to the pandemic have been extremely costly for the world"" and that the WHO must ""demonstrate independence from China.""
""[I]f the World Health Organization does not commit to major substantive improvements within the next 30 days, I will make my temporary freeze of United States funding to the World Health Organization permanent and reconsider our membership in the organization,"" Trump wrote. ""I cannot allow American taxpayer dollars to continue to nance an organization that, in its present state, is so clearly not serving America's interests.""
Trump posted the letter on Twitter, writing, ""It is self-explanatory!""
Trump has repeatedly denied any responsibility for COVID-19 spreading in America and said on April 14 that the US would temporarily halt funding the WHO until his administration completed a review of the group's response to the coronavirus pandemic. Trump's letter yesterday said that ""review has confirmed many of the serious concerns I raised last month and identified others that the World Health Organization should have addressed, especially the World Health Organization's alarming lack of independence from the People's Republic of China.""
Trump previously said his administration was considering various proposals, including one in which the US would pay only 10 percent of its former contribution to the WHO. The US would have to exit WHO in order to stop funding it entirely because the group charges membership dues. The US also makes voluntary contributions to the organization.
Trump letter makes false claim
Trump's letter then lists a series of claims, the first being that the WHO ""consistently ignored credible reports of the virus spreading in Wuhan in early December 2019 or even earlier, including reports from the Lancet medical journal.""
The Lancet quickly issued a response explaining that Trump is wrong. ""This statement is factually incorrect,"" The Lancet said. ""The Lancet published no report in December, 2019, referring to a virus or outbreak in Wuhan or anywhere else in China."" The Lancet's first reports on the topic were published on January 24, 2020 the statement said.
""The allegations leveled against WHO in President Trump's letter are serious and damaging to efforts to strengthen international cooperation to control this pandemic,"" The Lancet said. ""It is essential that any review of the global response is based on a factually accurate account of what took place in December and January.""
A WHO spokesperson told Ars today that ""WHO acknowledges receipt of the letter from the President of the United States. We are considering the contents of the letter."" Last month, the WHO responded to Trump's temporary funding freeze with a call for global unity in the fight against the virus.
Trump may not be able to permanently end funding to the WHO unilaterally. The Wall Street Journal wrote last month that ""congressional Democrats say Mr. Trump can't cut WHO funding on his own,"" but that the ""White House budget office has concluded the president has several options to withhold money from the WHO without congressional approval,"" such as by ""order[ing] agencies to reroute the money to other related purposes.""
Trump still focused on travel ban
The US generally provides about 15 percent of the WHO's budget and gave the organization $893 million during the WHO's two-year funding cycle that ended on December 31. The US was reportedly already late on its payments to the WHO when Trump announced a temporary funding freeze.
Trump's letter yesterday said, ""Throughout this crisis, the World Health Organization has been curiously insistent on praising China for its alleged 'transparency.'"" Trump's letter did not mention that Trump himself praised China for its ""transparency"" on January 24 or that Trump repeatedly praised China for its coronavirus response throughout February.
Trump is also still mad at the WHO for its response to his travel ban. Trump wrote:
You also strongly praised China's strict domestic travel restrictions, but were inexplicably against my closing of the United States border, or the ban, with respect to people coming from China. I put the ban in place regardless of your wishes. Your political gamesmanship on this issue was deadly, as other governments, relying on your comments, delayed imposing life-saving restrictions on travel to and from China. Incredibly, on February 3, 2020, you reinforced your position, opining that because China was doing such a great job protecting the world from the virus, travel restrictions were ""causing more harm than good."" Yet by then the world knew that, before locking down Wuhan, Chinese authorities had allowed more than five million people to leave the city and that many of these people were bound for international destinations all over the world.
Despite Trump's claim, a USA Today article on April 11 said, ""there is no public record of WHO at any point actively criticizing the US or any other country for deciding to implement a coronavirus-related travel ban"" and that the WHO ""opposes all travel bans during a pandemic, not just Trump's."" The WHO on January 24 said it ""advises against the application of any restrictions of international traffic based on the information currently available on this event.""
Health experts say Trump's travel ban had little effect on the pandemic's spread. Trump continued to downplay the virus's severity by comparing it to the flu as late as March 24, nearly two months after the WHO declared a global health emergency. Trump has also fought state governors over their cautious approaches to reopening the economy.
""I'm tired of those who bear the responsibility accepting none of it while deflecting blame on others, [including] the previous administration, the World Health Organization, the Wuhan lab, anywhere but where the blame belongs,"" US Rep. Anna Eshoo (D-Calif.) said last week at a hearing on a whistleblower complaint that says the Trump administration's COVID-19 response was hampered by cronyism and denial about the virus's severity."
3,"{'id': 'mashable', 'name': 'Mashable'}",Tim Marcin,'The Simpsons' came eerily close to predicting the coronavirus and murder hornets,"Just add coronavirus and murder hornets to the long list of things The Simpsons predicted.
OK, so like most of the famous Simpsons predictions, it isn't exactly a prediction of 2020, but it is pretty damn close. 
Twitter user @didgeridougrou posted a viral tw…",https://mashable.com/article/simpsons-predict-coronavirus-murder-hornets/,https://mondrian.mashable.com/2020%252F05%252F06%252F1f%252F8a3e61a7fc414bb28384e544f007e8ff.01179.png%252F1200x630.png?signature=fw3GFS-G-iPdENQvnuI1ByfZBJU=,2020-05-06T15:44:32Z,"Just add coronavirus and murder hornets to the longlist of things The Simpsons predicted.
OK, so like most of the famous Simpsons predictions, it isn't exactly a prediction of 2020, but it is pretty damn close. 
Twitter user @didgeridougrou posted a viral tweet on Tuesday, in which they surfaced an old clip from the animated series that sure seems a lot like our plight in 2020.
In the clip, Springfield townsfolk clamor and shout at Dr. Hibbert for a cure for a disease, but the doctor tells them bedrest is all he can prescribe. And despite the Gilead drug Remdesivir getting FDA approval to help treat COVID-19 patients, Hibbert's proclamation that there is no cure sure sounds a lot like coronavirus. 
Next in the clip, the panicked townsfolk accidentally unleash killer bees in a truck, which, yep, sounds a lot like murder hornets. It's all pretty eerie. 
The Simpsons predicting the future is a well-trod trend. Everything from smartwatches, to corporate mergers, to Game of Thrones plot-twists have seemingly been predicted by the show. 
Of course, given more context, the 1993 episode didn't really predict 2020. The clip comes from the 1993 episode ""Marge in Chains,"" during which the town is hit with an epidemic of the fictional Osaka Flu. The sickness is played off in a cartoonish, funny way, with clouds of the illness strutting around town. 
Memes replacing the Osaka Flu with coronavirus actually first began going around in February, well before the added bit of ""killer bee"" coincidence. Unfortunately, some trolls also used the '93 episode to spread racist imagery, unlike the more recent viral tweet.
""I don't like it being used for nefarious purposes,"" episode co-writer Bill Oakley told The Hollywood Reporterin March. ""The idea that anyone misappropriates it to make coronavirus seem like an Asian plot is terrible. In terms of trying to place blame on Asia I think that is gross."""
4,"{'id': 'mashable', 'name': 'Mashable'}",Amanda Yeo,'Potato-brained Caligula': Seth Meyers roasts Trump's 'deranged' Mother's Day message,"""The president is just profoundly incapable of thinking about anyone other than himself,"" said Late Night host Seth Meyers during Monday's episode. 
U.S. president Donald Trump has been bullheadedly charging forth with his plan to reopen the country, clinging…",https://mashable.com/video/seth-meyers-donald-trump-mothers-day-coronavirus-lockdown-staff/,https://mondrian.mashable.com/2020%252F05%252F12%252Fd6%252Ffc36c2c4fc6441768ba9747a3fb3f168.e4efc.png%252F1200x630.png?signature=s4zxbIBkv6KWoPePwasByNcCJLY=,2020-05-12T06:15:02Z,"""The president is just profoundly incapable of thinking about anyone other than himself,"" said Late Night host Seth Meyers during Monday's episode. 
U.S. president Donald Trump has been bullheadedly charging forth with his plan to reopen the country, clinging to his idea the coronavirus will magically die off despite actual people dying by the thousands right now. 
""Your strategy for dealing with coronavirus is 'Eventually everything dies'?"" asked Meyers.
Meanwhile, two White House staffers have tested positive for COVID-19, prompting management to encourage remote working. It seems that, if it's not good enough for Trump, it's still good enough for everyone else.
""Think about that. The president is telling people to get back into the work force while his own White House tells employees to stay home,"" said Meyers. ""One day he's going to call a press conference to reassure us that murder hornets are fake news while a dozen of them carry him back to their nest.""
Trump also appeared on Fox News to deliver possibly the worst Mother's Day message a U.S. president has ever delivered. F-35 fighter jets were mentioned more times than mothers were which wasn't really a feat considering Trump's Mother's Day message referenced moms exactly zero times.
""Wow. Pretty sure even an F-35 pilot can write his mom a card without mentioning the F-35,"" said Meyers."
5,"{'id': 'mashable', 'name': 'Mashable'}",Amanda Yeo,Celebrate New Zealand being coronavirus-free with this dancing Jacinda Ardern 'Love Actually' mashup video,"New Zealand declared itself officially coronavirus-free this week, lifting all domestic COVID-19 restrictions and allowing Kiwis to resume tossing jewellery into volcanoes and zorbing. Prime Minister Jacinda Ardern was understandably pleased, stating that she…",https://mashable.com/video/jacinda-ardern-coronavirus-new-zealand-dance-parody-love-actually/,https://mondrian.mashable.com/2020%252F06%252F10%252Fef%252F7182bb9824cc4318b03736654ba75ef5.b9e85.png%252F1200x630.png?signature=2-0M3PZSjdJFoGpkuF46vBashNI=,2020-06-10T08:28:00Z,"New Zealand declared itself officially coronavirus-free this week, lifting all domestic COVID-19 restrictions and allowing Kiwis to resume tossing jewellery into volcanoes and zorbing. Prime Minister Jacinda Ardern was understandably pleased, stating that she ""did a little dance"" when she found out the country had no more active cases.
""I showed Neve, she was caught a little by surprise but she joined in having absolutely no idea why I was dancing around the lounge but enjoying it nonetheless,"" Arden said, referring to her two-year-old daughter.
SEE ALSO: New Zealand PM Jacinda Ardern stays cool as earthquake hits during live interview
As far as we know, no footage of Arden's lounge room victory dance exists (though it was probably adorable). In lieu of this, YouTuber GCSBro has edited together an artistic interpretation of the joyous moment, superimposing Arden's head onto a clip of Hugh Grant dancing in the 2003 film Love Actually. Grant played the British prime minister, who in one now-iconic scene grooved his way through 10 Downing Street to the Pointer Sisters' ""Jump (For My Love).""
New Zealand's director-general of health Dr. Ashley Bloomfield also makes an appearance GCSBro's parody, with his face edited onto the staffer who catches Grant mid-boogie. Bloomfield said that while he was ""not quite as good a dancer as the prime minister,"" he smiled when he heard the good news."
6,"{'id': 'mashable', 'name': 'Mashable'}",Mashable Brand X,"In times of crisis, innovations skyrocket","Ad content from IBM Throughout history, times of crisis have acted as an impetus for innovation. From the invention of the ambulance in Spain during the Middle Ages to the creation of duct tape in WWII to help soldiers repair equipment in a pinch, necessity h…",https://mashable.com/ad/feature/in-times-of-crisis-innovations-skyrocket-2020-call-for-code/,https://mondrian.mashable.com/2020%252F06%252F23%252Ff0%252F16cc565f45c94e69959b224bda66919c.5be2c.png%252F1200x630.png?signature=sGHS03dEWzCs6LZdQOYsHFzIZag=,2020-06-24T09:00:00Z,"Spurred by innovation, the Call for Code initiative has seen a multitude of life-changing ideas evolve and take on new purposes since its launch in 2018. Created by the David Clark Cause with Founding Partner IBM, the initiative inspires developers around the world to address the biggest needs in their communities, from climate change to natural disasters. To date, the challenge has attracted more than 300,000 participants.
Now in its third year, with the emergence of the COVID-19 global pandemic, the Call for Code challenge quickly pivoted to ask developers to use the same cloud platform and open source building blocks around artificial intelligence and Internet of Things to address the societal impact of this pandemic. As society now moves towards a slow return to normalcy and an easing of restrictions in locales around the world, the ideas coming out of the COVID-19 pandemic will continue to serve the greater good."
7,"{'id': 'mashable', 'name': 'Mashable'}",Morgan Sung,Grim Reaper appears on local news to protest beach openings,"If you don't take social distancing seriously, you might run into the Grim Reaper. 
In more ways than one.
Lawyer Daniel Uhlfelder went viral last weekend after lurking around Florida beaches dressed as death himself in protest of beachgoers enjoying the sun …",https://mashable.com/article/grim-reaper-florida-beach-protest/,https://mondrian.mashable.com/2020%252F05%252F02%252Fed%252Fc185ce63f99c4551b0de69d1bb549954.74e5e.png%252F1200x630.png?signature=6W05ZlQa4nIgmxhjl7EkU1dr-mU=,2020-05-02T00:48:55Z,"If you don't take social distancing seriously, you might run into the Grim Reaper. 
In more ways than one.
Lawyer Daniel Uhlfelder went viral last weekend after lurking around Florida beaches dressed as death himself in protest of beachgoers enjoying the sun without proper social distancing, putting their communities at risk of COVID-19. While many states around the country are extending their stay-at-home mandates, others, like Georgia, are easing into reopening nonessential businesses. 
Uhlfelder is not a fan he, along with health experts like Dr. Anthony Fauci, are cautious of society returning to normal so soon. He made an appearance on a local ABC station Friday to warn Floridians against flocking to beaches while the pandemic rages on.
And obviously he did it dressed as the Grim Reaper. In the most 2020 scene imaginable, reporter Faith Graham handed the mic over to the death himself for comment. 
""I'm a huge proponent of public beaches and I've been fighting for that for years, but I think the danger of bringing people here to the area and spreading the virus,"" the Reaper appeared to say. ""I think it's going to prolong the recovery we have and I think that we should take better measures...It's too soon and it's not appropriate."" 
It's something. So is Graham's full report, below.
Personally, I thought the Grim Reaper would sound more soulless than Uhlfelder, but the lawyer does bring a sobering visual to the beach. The Centers for Disease Control still recommends staying at home, washing your hands, and covering your face if possible to avoid contracting and spreading the coronavirus. 
And if you think for a second that you should attend a large gathering, just think of the Reaper."
8,"{'id': 'mashable', 'name': 'Mashable'}",Jennifer Markert,Support local artists and give back at the same time with these face masks,"TL;DR: Redbubble’s one-for-one charitable program donates a fabric mask for every mask purchased while supporting independent artists and small businesses.

COVID-19 has changed life as we know it. This new-new-normal has given rise to powerful, innovative wa…",https://mashable.com/shopping/redbubble-face-mask-charitable-program/,https://mondrian.mashable.com/2020%252F05%252F21%252F2e%252F9419df3321ab434da8e45e5e1495c4ab.4ee3c.png%252F1200x630.png?signature=jBdDfReREhy5mqgeNpLJ2YJpzS8=,2020-05-21T09:00:00Z,"TL;DR: Redbubbles one-for-one charitable program donates a fabric mask for every mask purchased while supporting independent artists and small businesses.
COVID-19 has changed life as we know it. This new-new-normal has given rise to powerful, innovative ways that individuals and communities can continue to share, support, and be social with one another. 
One of these trends is homemade face masks. Redbubble
 takes the simple task of buying a mask to the next level by offering thousands of prints to choose from. And for every mask purchased, Redbubbles one-for-one program will donate a fabric mask to the worldwide crisis relief organization Heart to Heart International (HHI). HHI is responsible for various international, domestic and local initiatives currently responding to the COVID-19 crisis. 
Helping others is a balm for the soul during tough times like these. By shopping at Redbubble, youll also be supporting the independent artists and small businesses responsible for the masks that make you smile even if only your cat is home to see you grin. 
Masks may cover your face, but they dont have to conceal your personality. Redbubble features over 260 thousand prints
 from artists across the world, so you can make a statement about fashion and your commitment to public health. 
These are just three out of thousands of patterns you can choose from.
Feeling sporty? Fashionable? Whimsical? Redbubble has you covered, literally. Theres a design for just about every mood and occasion, even if your mood is mostly bored and your occasion is mostly casual stroll around the block.
Redbubble face masks costbetween $10 and $15
for the super-fly mask of your choice, the purchase of which will prompt a one-for-one mask donation. For bulk discounts, you can buy four (and give four) for 20% off.
Ready to get your mask on? Shop cloth face masks by theme on Redbubble
 for delivery straight to your door."
9,"{'id': 'engadget', 'name': 'Engadget'}",Jon Fingas,Senators ask FTC to investigate Instacart over 'tip baiting',"Tip baiting, where delivery service customers promise generous tips to couriers only to stiff them afterward, is a scummy practice — and politicians want to know if companies are letting it slide. A group of US senators led by Brian Schatz have sent a letter …",https://www.engadget.com/senators-ask-ftc-to-investigate-instacart-tip-baiting-175932563.html,https://o.aolcdn.com/images/dims?resize=1200%2C630&crop=1200%2C630%2C0%2C0&quality=95&image_uri=https%3A%2F%2Fs.yimg.com%2Fos%2Fcreatr-images%2F2020-05%2Ff02bf5e0-a1ca-11ea-beff-bdcbfa22291e&client=amp-blogside-v2&signature=da07e742f35b6be91c95b0aa416dda966c95bea7,2020-05-29T17:59:32Z,"Instacart characterized these abuses as rare in a statement to Engadget, saying that tips stay the same or climb higher for “99.5% of orders” and that tip-based earnings have “nearly doubled” since the COVID-19 pandemic started. You can read the full statement below. The company didn’t directly address instances where tip baiting has happened or say if it would adjust behavior. It does have a few mild measures in place to discourage zeroing out tips, however, such as forcing customers to manually set the tip to $0 and setting the default to at least 5 percent even if it was lower for the last order.
It’s a complex situation. The ability to change tips after delivery is commonplace among grocery and restaurant delivery apps, and is meant to protect customers against shoddy service. Instacart shoppers, for example, are theoretically more likely to treat you well if they know you could reduce their tip. However, many of these app-based workers also depend on tips to make a decent living — the absence of a guarantee for their tips could leave them in financial distress. If the FTC intervenes, it may have to strike a careful balance where it both protects workers and gives customers a way to address poor service.
“Our goal is to deliver a high-quality experience for both customers and shoppers. By allowing customers to tip after delivery based on their overall service, we see shopper tips increase or stay the same on 99.5% of orders. Additionally, since the beginning of the COVID-19 outbreak in North America, shoppers' earnings from tips have nearly doubled. Tips are always separate from any Instacart earnings and all tips go directly to the shopper.”"
10,"{'id': 'engadget', 'name': 'Engadget'}",Karissa Bell,Facebook's latest propaganda sweep takes down QAnon-linked pages,"Facebook has removed dozens of accounts, pages and groups pushing QAnon conspiracy theories as a result of its investigations in the lead-up to the 2020 election. The company announced the account removals as part of its April report on “coordinated inauthent…",https://www.engadget.com/facebook-removes-accounts-qanon-203957551.html,https://o.aolcdn.com/images/dims?resize=1200%2C630&crop=1200%2C630%2C0%2C0&quality=80&image_uri=https%3A%2F%2Fs.yimg.com%2Fos%2Fcreatr-images%2F2020-01%2F43e0c8e0-4349-11ea-adbd-fd9f16dcbad2&client=amp-blogside-v2&signature=c3c2fea115bee7c7adf23567f443e5642ab2d525,2020-05-05T20:39:57Z,"The removals mark the first time Facebook has publicly announced an action against QAnon, a far-right conspiracy group that originated on 4Chan and has been banned on other platforms like Reddit. Facebook didn’t specify exactly who was behind the effort, only that the “investigation found links to individuals associated with QAnon.” 
Facebook’s Head of Security Policy, Nathaniel Gleicher, said the accounts pre-date the coronavirus pandemic, but that “we’ve seen them opportunistically leverage COVID-related topics.” 
Examples of the posts shared by the QAnon-linked accounts removed by Facebook.
“They frequently posted about news and topics including the upcoming presidential election and candidates, the current US administration, anti-Semitic and anti-Asian conspiracies, and COVID-19,” Facebook wrote in a report on the takedowns. “While it did not appear to be the focus of this campaign, some of the individuals behind this effort attempted to monetize their clickbait content by selling t-shirts and other merchandise.”
As NBC News points out, the pages  represent only a “fraction” of QAnon supporters’ Facebook presence. While Facebook aims to debunk and hide conspiracy theories and misinformation, the company doesn’t remove posts that don’t otherwise violate their rules. 
Together, the five pages, 20 accounts, and six groups reached more than 150,000 Facebook users, the company said. One hundred and thirty-three thousand users had followed at least one of the pages, and 30,000 had joined at least one of the groups. While that’s a tiny subset of Facebook’s 195 million US users, it still highlights how a small number of “fringe” accounts can gain relatively wide distribution on the social network."
11,"{'id': 'cnn', 'name': 'CNN'}","Elizabeth Cohen and Dr. Minali Nigam, CNN","Study shows Covid-19 patients who took heartburn drug were less likely to die, but researchers urge caution","Patients who took a common heartburn medicine while hospitalized for Covid-19 were more than twice as likely to survive the infection, according to a paper posted Friday on a pre-publication website. But it's unclear whether the patients fared better because …",https://www.cnn.com/2020/05/09/health/famotidine-covid-19-correlation-study/index.html,https://cdn.cnn.com/cnnnext/dam/assets/200417125229-01-coronavirus-cdc-image-super-tease.jpg,2020-05-09T20:42:14Z,"(CNN)Patients who took a common heartburn medicine while hospitalized for Covid-19 were more than twice as likely to survive the infection, according to a paper posted Friday on a pre-publication website. But it's unclear whether the patients fared better because of the famotidine or if it was a coincidence.
""Based on what we've learned in this study, it's encouraging,"" said Dr. Joseph Conigliaro, a coauthor of the paper and a physician at Northwell Health. ""This association is actually really compelling.""
The drug, famotidine, has been on the market for nearly 40 years and is an active ingredient in the popular over-the-counter heartburn treatment Pepcid.
Among the 1,536 patients in the study who were not taking famotidine, 332, or 22%, either died or were intubated and put on a ventilator. Among the 84 patients who were taking famotidine, 8, or 10%, died or were put on a ventilator.
""Compared to the rest of the patients, those who received famotidine had a greater than 2-fold decreased risk of either dying or being intubated,"" according to a statement by authors of the study at Columbia University Irving Medical Center. 
The patients who were taking famotidine started the drug within 24 hours of being admitted to the hospital. Some took it orally and some intravenously, at varying dosages. About 15% of them were already taking it at home. 
The study doesn't prove the drug caused the lower death rate -- it's possible that it's just a coincidence.
""It is not clear why those patients who received famotidine had improved outcomes,"" the authors wrote in their statement. ""This is merely an association, and these findings should not be interpreted to mean that famotidine improves outcomes in patients hospitalized with COVID-19.""
Doctor cautions against starting famotidine
The study was published on medrxiv.org, a preprint server founded by Yale University, the medical journal BMJ and Cold Spring Harbor Laboratory in New York. Articles on this server have not been reviewed by authors' scientific peers.
Based on these results, Conigliaro said he knows that doctors might start prescribing famotidine to their coronavirus patients now, before the results of the clinical trial are known, but he doesn't recommend it.
""I think doctors should wait for more data from the prospective trial,"" he said.
He added that there's no evidence famotidine prevents infection, and he's concerned that people who don't have Covid-19 will start taking it.
""I would really caution against this. Taking famotidine might give them a false sense of security,"" he said.
Only a clinical trial, where patients are randomly assigned to get either famotidine or a placebo and then studied, can determine if the drug really works against Covid-19.
Northwell and Columbia are now doing a clinical trial where some patients are receiving intravenous famotidine at a dosage nine times higher than what is given for heartburn. Others are receiving a placebo, or a drug that does nothing. Conigliaro, who's heading up that trial, said preliminary results would likely be announced in a few months.
He said 233 patients have been enrolled in the study, and Northwell had planned to announce preliminary results when they enrolled 390 patients. However, since the number of patients with coronavirus in New York has declined, they might decide to announce the preliminary results with fewer patients. 
'We don't know if it has any benefit'
It has a bit of a mystery why a heartburn medicine might help someone with a viral infection.
""A month ago when we were approached with the idea to start up the trial, I really did a double take,"" Conigliaro said.
The Northwell doctors decided to study famotidine for two reasons.
One, a computer modeling study showed that the famotidine's mechanism of action -- the way it fights heartburn and reflux -- might also help against Covid-19.
Two, Dr. Michael Callahan, an infectious disease specialist at Massachusetts General Hospital who worked with coronavirus patients in China, observed that lower income patients with heartburn were surviving longer than their wealthier counterparts who also had heartburn.
When Callahan and the Chinese doctors looked closer, they found that many of the people with lower incomes were taking famotidine, whereas the wealthier patients tended to take a different, more expensive drug.
""The poor peasants really seemed to do well on famotidine,"" said Dr. Kevin Tracey, president of Feinstein Institutes for Medical Research at Northwell Health, said. ""There are a lot of anecdotes passing around that give us some hope.""
While these observations in China -- and now New York -- might point the way to famotidine as a treatment for Covid-19, the researchers emphasized that only the clinical trial can determine for sure whether the drug works against the virus. 
""We don't know if it has any benefit. We really don't. I swear we don't,"" Tracey previously told CNN. ""People are hoping for anything. But we need to do this clinical trial.""
He added that if famotidine works, it would be easy to use it on a widespread scale.
""It's generic, it's plentiful and it's inexpensive,"" he said."
12,"{'id': 'cnn', 'name': 'CNN'}",,Father opens up on why ER doctor who had coronavirus died by suicide,"The father of Dr. Lorna Breen, a New York City emergency room doctor who recovered from Covid-19, continued to treat coronavirus patients, then died by suicide, remembers his daughter as someone who put her life on the line to help others. The National Suicid…",https://www.cnn.com/videos/us/2020/04/28/doctor-who-treated-coronavirus-patients-dies-by-suicide-vpx.cnn,https://cdn.cnn.com/cnnnext/dam/assets/200428222743-dr-lorna-breen-03-super-tease.jpg,2020-04-28T18:51:44Z,Chat with us in Facebook Messenger. Find out what's happening in the world as it unfolds.
13,"{'id': 'cnn', 'name': 'CNN'}","Jacqueline Howard, CNN","Coronavirus spread by people with no symptoms 'appears to be rare,' WHO official says","The spread of Covid-19 by someone who is not showing symptoms appears to be rare, Maria Van Kerkhove, the World Health Organization's technical lead for coronavirus response and head of the emerging diseases and zoonoses unit, said during a media briefing in …",https://www.cnn.com/2020/06/08/health/coronavirus-asymptomatic-spread-who-bn/index.html,https://cdn.cnn.com/cnnnext/dam/assets/200417143153-01-cdc-coronavirus-model-super-tease.jpg,2020-06-08T21:24:36Z,"(CNN)The spread of Covid-19 by someone who is not showing symptoms appears to be rare, Maria Van Kerkhove, the World Health Organization's technical lead for coronavirus response and head of the emerging diseases and zoonoses unit, said during a media briefing in Geneva on Monday.
""From the data we have, it still seems to be rare that an asymptomatic person actually transmits onward to a secondary individual,"" Van Kerkhove said on Monday.
""We have a number of reports from countries who are doing very detailed contact tracing. They're following asymptomatic cases, they're following contacts and they're not finding secondary transmission onward. It is very rare -- and much of that is not published in the literature,"" she said. ""We are constantly looking at this data and we're trying to get more information from countries to truly answer this question. It still appears to be rare that an asymptomatic individual actually transmits onward.""
Van Kerkhove went on to describe how the novel coronavirus, a respiratory pathogen, spreads through droplets, which can be released when someone coughs or sneezes.
""It passes from an individual through infectious droplets. If we actually followed all of the symptomatic cases, isolated those cases, followed the contacts and quarantined those cases, we would drastically reduce -- I would love to be able to give a proportion of how much transmission we would actually stop -- but it would be a drastic reduction in transmission,"" she said.
Van Kerkhove also said that what appear to be asymptomatic cases of Covid-19 often turn out to be cases of mild disease.
""When we actually go back and we say how many of them were truly asymptomatic, we find out that many have really mild disease,"" Van Kerkhove said. 
""They're not quote-unquote Covid symptoms, meaning they may not have developed fever yet, they may not have had a significant cough, or they may not have shortness of breath -- but some may have mild disease,"" she said. ""Having said that, we do know that there can be people who are truly asymptomatic.""
Many people with Covid-19 who may appear to be asymptomatic actually could just have mild or atypical symptoms -- or they could be pre-symptomatic, Dr. Manisha Juthani, an infectious diseases specialist and associate professor of medicine and epidemiology at Yale School of Medicine, said in an email to CNN on Monday.
Pre-symptomatic refers to the early stages of an illness, before symptoms have developed, whereas asymptomatic may refer to having no symptoms throughout the course of an infection -- a distinction that Van Kerkhove hinted at during Monday's media briefing.
Juthani, who did not participate in the media briefing and has not reviewed the unpublished data Van Kerkhove cited, said those findings are not necessarily inconsistent with other estimates regarding how pre-symptomatic spread of the coronavirus can occur. 
A study in April found that viral shedding -- when people may be able to infect others -- could begin two to three days before symptoms appeared. In addition, the US Centers for Disease Control and Prevention estimates in planning scenarios that 40% of coronavirus transmission is occurring before people feel sick. 
""These patients weren't asymptomatic,"" Juthani said. Rather, they were ""spreading disease before becoming symptomatic.""
Overall, ""these findings suggest that if we quarantine and contact trace symptomatic people, we can make a significant dent in the pandemic,"" Juthani said.
Making this distinction between asymptomatic and pre-symptomatic infections remains important -- but also between ""paucisymptomatic infections,"" which refers to having atypical or very mild symptoms, Babak Javid, a principal investigator at Tsinghua University School of Medicine in Beijing and consultant in infectious disease at Cambridge University Hospitals, said in a written statement distributed by the UK-based Science Media Centre on Monday.
""Detailed contact tracing from Taiwan as well as the first European transmission chain in Germany suggested that true asymptomatics rarely transmit. However, those (and many other) studies have found that paucisymptomatic transmission can occur, and in particular, in the German study, they found that transmission often appeared to occur before or on the day symptoms first appeared,"" Javid said in the statement.
""Other data available, from studies in several continents confirming that presymptomatic transmission does occur, would suggest that being well does not necessarily mean one cannot transmit SARS-CoV-2,"" Javid said in part. ""This has important implications for the track/trace/isolate measures being instituted in many countries.""
CNN's Michael Nedelman contributed to this report."
14,"{'id': 'cnn', 'name': 'CNN'}",,Dr. Gupta demonstrates how to stay safe on a road trip,"With the summer travel season in full swing and the Fourth of July approaching, CNN's Dr. Sanjay Gupta demonstrates how to stay safe on a road trip as the number of Covid-19 cases are on the rise in many states.",https://www.cnn.com/videos/health/2020/06/26/road-trip-safety-coronavirus-gupta-cnn-town-hall-sot-vpx.cnn,https://cdn.cnn.com/cnnnext/dam/assets/200625211138-gupta-road-trip-town-hall-june-25-super-tease.jpg,2020-06-26T01:28:44Z,Chat with us in Facebook Messenger. Find out what's happening in the world as it unfolds.
15,"{'id': 'cnn', 'name': 'CNN'}","Jen Christensen, CNN","A coronavirus vaccine is months away, but an antibody treatment could be closer","Vaccines have gotten all the attention in the race to fight Covid-19, but there is a major push in the United States to develop antibody therapies to treat coronavirus. There's so much of a push that some scientists think these treatments may be available thi…",https://www.cnn.com/2020/06/26/health/antibody-therapies-covid-19-update-wellness/index.html,https://cdn.cnn.com/cnnnext/dam/assets/200605161508-03-regeneron-manufacturing-antibody-super-tease.jpg,2020-06-26T21:22:33Z,"(CNN)Vaccines have gotten all the attention in the race to fight Covid-19, but there is a major push in the United States to develop antibody therapies to treat coronavirus. There's so much of a push that some scientists think these treatments may be available this year, even before a vaccine. 
Antibodies are the proteins the body makes to fight infection.
Since the Victorian era, scientists have harnessed this natural protection for treatments. 
During the 1918 flu pandemic, doctors proved convalescent plasma -- antibody-filled blood plasma from patients who recovered from the disease -- could fight flu. Convalescent plasma has been used to treat severe flu, MERS and SARS and now some US doctors are starting to see some success treating Covid-19, too.
Since there isn't enough donated plasma to treat all patients, modern medicine can fill in the gaps and maybe even improve the process. Scientists can create what are called monoclonal antibodies: lab-made antibodies created specifically to target an infection.
Vaccines have the advantage of working longer than an antibody treatment. Antibody therapies potentially last a month or two and then wear off, but they can be used to temporarily protect vulnerable populations such as nursing home residents or healthcare workers or people with chronic conditions. The therapies could also treat people who are already sick with Covid-19.
Dr. Anthony Fauci, director of the National Institute of Allergy and Infectious Diseases and a member of the White House coronavirus task force, said these therapies will be essential in the fight against Covid-19.
""Right now we have a major push on a program to develop monoclonal antibodies, convalescent plasma, and hyperimmune globulin, all of which are founded on the same principle of using an antibody that is directed against the virus for either prophylaxis or treatment,"" Fauci said in an interview with JAMA on June 8. ""I think you're going to see it's going to be for both. We'd like to have available for those who are at riskthe elderly and those with underlying conditionseither monoclonal antibodies or convalescent plasma. That's a very, very high priority.""
Currently there are at least 102 Covid-19 antibody treatments in various stages of development, according to David Thomas, vice president of Industry Research at BIO, the trade association representing the biotechnology industry. Thomas does the research that goes into his organization's Covid-19 therapeutic development tracker. He said there are so many treatments under development, it's hard to keep up.
""I never looked at it to grow this big, this fast, and I've worked on all different therapeutic areas from Alzheimer's to cancer, and to see a pipeline of this size and this breadth is amazing,"" Thomas said. 
Thomas said some therapies are designed to treat the secondary effects of Covid-19 such as inflammation. Others are being designed to kill the coronavirus itself. 
Compared to other diseases, the research and development of Covid-19 treatments are moving at ""light speed,"" Thomas said. 
Four monoclonal antibody treatments made to treat and possibly even prevent Covid-19 infection already went into human trials in June. 
Indianapolis-based pharma giant Eli Lilly has two. One was developed in collaboration with AbCellera, a biotechnology company based in Canada. Another was developed with Junshi Biosciences. 
The antibody Lilly developed with AbCellera called LY-CoV555 is now in a Phase 2 clinical trial of non-hospitalized patients. That study is currently enrolling patients. Lilly said in the future it will also test additional antibodies and experiment with different combinations to see which work best. 
Regeneron is testing its antibody cocktail in patients in the US. The New York-based biotech company is enrolling hospitalized and ambulatory patients with Covid-19 in the initial safety/virology phase of the trial, spokesperson Alexandra Bowie said this week. The company hopes to have preliminary data in the next one to two months. They are scaling up manufacturing to create hundreds of thousands of doses by August 2020, dedicating their entire manufacturing plant in upstate New York to the effort.
There is also another effort from Tychan, a biotech company based in Singapore, that has launched a Phase 1 clinical trial in hospitalized patients there. The company said this part of the trial will take about six weeks.
It's likely, if all goes well in the first phrases of the trials, therapies could advance to the next phases sometime this summer, the companies said, and treatments could potentially be available by the fall. Although, some scientists say, not everything works as planned in real life.
""Sometimes antibodies that work in the lab and neutralized really well aren't as effective when they are used in animal models or humans, so it's always a little bit tricky,"" said Phyllis Kanki, a professor of immunology and infectious diseases at the Harvard T.H. Chan School of Public Health. Sometimes it can take time to get the antibody cocktail right, Kanki said.
However, Thomas of BIO,said the industry has built up a lot of antibody therapy development expertise over the years in creating treatments to fight cancer and autoimmune disease. 
In addition to therapies specifically designed to fight the novel coronavirus, companies are also looking to repurpose some of their existing monoclonal antibody treatments as potential Covid-19 treatments. 
Novartis, for example, is in a phase 3 trial of the drug canakinumab against coronavirus. This interleukin-1beta blocker is FDA-approved to treat certain rare types of periodic fever syndromes, also called auto-inflammatory syndromes.
The company hopes canakinumab can be used to treat patients whose Covid-19 infection has caused a condition called cytokine release syndrome, or cytokine storm. where the body's immune system overreacts to the infection and harms the body. That trial is currently enrolling patients in the US. 
China-based biotech company I-Mab said it also hopes to have the results by August from its trial of an antibody therapy, which it is currently testing on cytokine storm patients, so it could potentially offer a treatment by early fall.
Humanigen's lenzilumab also seems to be working against cytokine storms, according to a small study from scientists at the Mayo Clinic. That Phase 3 trial is ongoing.
Several other therapies are still being tested in the lab. A South Dakota company, SAB Biotherapeutics, said it plans to start human trials with its antibody treatment derived from the plasma of cattle in July.
Most experts think that the world could have an antibody treatment sooner than a vaccine, although vaccine development is moving along at a record pace, too.
""There's a lot of excitement around what these antibody therapies can do, at the animal level anyway,"" Thomas said. ""They were showing neutralizing activity and we're seeing a lot of positive data."""
16,"{'id': 'cnn', 'name': 'CNN'}",Opinion by Yaneer Bar-Yam,Don't let governors fool you about reopening,"Many governors are opening up their states as part of the White House effort to reopen the country. But as a pandemic expert who has been warning about diseases like Covid-19 for nearly 15 years, my message to Americans is simple: save yourselves, your famili…",https://www.cnn.com/2020/05/12/opinions/governors-reopen-states-opinion-bar-yam/index.html,https://cdn.cnn.com/cnnnext/dam/assets/200429105818-02-georgia-reopening-0427-super-tease.jpg,2020-05-12T22:24:09Z,"Yaneer Bar-Yam is the founding president of the New England Complex Systems Institute, where he is an expert on pandemics and other complex systems. He also advises the WHO Global Outbreak and Alert Response Network on Ebola eradication. He is spearheading the effort of more than 4,000 volunteers working to stop the Covid-19 outbreak at endcoronavirus.org. Follow him on Twitter @yaneerbaryam. The opinions expressed in this commentary are his own. View more opinions on CNN.
 (CNN)Many governors are opening up their states as part of the White House effort to reopen the country. But as a pandemic expert who has been warning about diseases like Covid-19 for nearly 15 years, my message to Americans is simple: save yourselves, your families and your communities by staying at home and ignoring your governor's ""ludicrous"" policies.
Citizens should know that reopening states is very unlikely to restore economic well-being. In fact, prematurely reopening society would likely cause the disease to escalate and lead to prolonged economic hardship. Every public interaction will endanger our health, causing sickness and death and further burdening our healthcare system. Other countries could forbid their citizens from visiting the United States, and Americans could be barred from much of the world. Even trade may be viewed as an unacceptable risk. 
But, based on research I've conducted, I believe that if we take a more aggressive approach now and keep towns and cities locked down, we can defeat Covid-19 in four to six weeks. This would allow enough time for those currently infected -- and anyone they may have infected -- to recover or seek medical treatment.
More than a dozen countries have flattened the curve and substantially decreased daily new infections by ensuring strong lockdowns, facemasks for everyone, strict travel restrictions and isolation of infected individuals away from home. Countries that have not imposed sufficiently strict measures, like the US, continue to struggle to contain infection rates. 
But even within the US, some local and state governments are doing the right thing and succeeding. New York City and Louisiana are now at one-fourth to one-third of the daily cases they registered at their peaks. Every community, large or small, that implements strong measures will see the same success. But we need strong commitment to do what it takes to win quickly and decisively at the level of the individual, family and community.
In March, I called on the US to impose a strict five-week national lockdown with internal and external travel restrictions to bring us to near zero infections. While measures were taken in many parts of the country, it was too little, too late. 
Now, I and many others are issuing another warning: the decisions of some US governors to prematurely ease social distancing is a disastrous mistake and citizens need to ignore them. Our research -- and common sense -- show that lifting social restrictions will lead to an explosion of Covid-19 cases and cause countless more deaths. The correct way to relax restrictions is to start with parts of a state that are Covid-free for 14 days and allow only essential travel to those parts of the state with 14-day quarantines for inbound travelers. 
Why will going along with reopening lead to catastrophe? 
First, we must understand that coronavirus is very deadly. Those who claim the death rate is exaggerated are plain wrong and downplaying the emergency. While death rate estimates have varied, recent data from China, the United Kingdom and France, reflecting deaths outside hospitals, including in nursing homes, puts the Covid-19 global fatality rate at around 6.8%, based upon analysis we did at endcoronavirus.org, using data from Johns Hopkins University.
Second, almost all reopening states, from California to Pennsylvania, currently have a critical mass of new cases of existing infections that could see new outbreaks in the coming days and weeks. 
Third, without extreme preventive measures, we've seen how coronavirus infections doubled every two to three days at one point in different areas -- which equated to about a tenfold increase per week. That means that a state with 1,000 new cases could have well over 100,000 more in two weeks, if social distancing is loosened. 
States like Texas have announced precautions to mitigate harm from reopening with measures like limiting restaurants and shopping malls to operating at a 25% or 50% capacity depending on the amount of cases in their areas. But we know from months of studying this disease that communities need more aggressive measures to stop the exponential spread of Covid-19.
We prevented the contagion from being much worse by putting in place protective measures throughout the US. We expanded testing capacity. We ramped up our hospitals' capacity to care for critically ill patients. But this ""flattening the curve"" isn't enough. If we lighten up on our protective measures now, all the progress we've made will vanish, and we'll suffer an enormous setback. We need to push even harder to win.
My plea to everyone who lives in states that are reopening is simple: Recognize that your leaders have made a terrible decision. Don't be fooled that it's safe to return to work, go to the barber shop or have a sit-down meal in a restaurant. Protect yourself, your family and your community. Choosing to protect those you love is a heroic act.
Instead of venturing out for leisure or work, safely volunteer, taking all precautions if you go outside. Work with your local community organizations to ensure your neighbors have access to homemade cloth masks. Help organize transportation to testing sites for anyone who shows symptoms. Work with your community leaders to identify locations, such as hotels or dormitories, where infected individuals can isolate so they don't infect relatives and housemates. Partner with your local health authorities to organize monitoring teams to safely go door to door, identifying neighbors with symptoms who need isolation space and support. 
Instead of opening up now, local business leaders can find ways to support their communities in preventing transmission and being safe. Their actions will come around to help them when the community can open safely, soon.
I have great hope that individuals throughout our country will choose the heroic path. We can crush coronavirus. As too many government leaders fail us, I call on every American to lead the way."
17,"{'id': 'cnn', 'name': 'CNN'}",Opinion by Michael D'Antonio,Opinion: Mike Pence's irrational fear of masks,"Michael D'Antonio, reacting to Mike Pence's decision not to wear a mask during a roundtable discussion with five food executives on Friday, writes that Pence's refusal to wear a mask -- at least publicly -- even after his press secretary tested positive for C…",https://www.cnn.com/2020/05/11/opinions/vice-president-pence-face-mask-fear-dantonio/index.html,https://cdn.cnn.com/cnnnext/dam/assets/200510200202-mike-pence-0507-super-tease.jpg,2020-05-12T00:21:40Z,"Michael D'Antonio is the author of the book ""Never Enough: Donald Trump and the Pursuit of Success"" and co-author with Peter Eisner of ""The Shadow President: The Truth About Mike Pence."" The opinions expressed in this commentary are those of the author. View more opinion articles on CNN.
 (CNN)In his public career, Vice President Mike Pence has stressed the power of prayer and been a skeptic about science. 
At one point, he said that smoking doesn't kill and he refused to acknowledge the vast evidence that the planet is warming at an alarming rate that imperils us all. Now, in the age of pandemic, he is publicly running around without a face mask and insisting that it's OK for others remove theirs. In Pence's world (or maybe it's President Donald Trump's world) it seems that real Americans cough, sneeze and breathe free.
Let's be clear about the science behind the federal recommendation that everyone wear a mask in public settings, where social distancing is hard to maintain. 
It is based on simple logic. When you wear a mask, you are protecting others because you may have picked-up the Covid-19 virus without knowing it. It's better to cover-up than to potentially kill someone with germs you might spread.
Just before Pence made an appearance for a roundtable discussion with five food industry executives in Iowa on Friday, a White House staffer told the executives that they could remove their masks before Pence made an appearance if they wanted to. CNN, citing a source familiar with the situation, reported that the aide ""didn't ask and she didn't tell"" them to do so. The source also noted the Centers for Disease Control and Prevention's guidelines that masks are not necessary if people can maintain a distance of 6 feet. 
Although the staff member may not have forced anyone, it's safe to bet that perhaps the executives felt some pressure. First, who says no to a suggestion made by someone from the White House? Second, this is an administration that has been quite open about its disdain for medically and scientifically sound advice. Even the two execs who run meatpacking plants where hundreds of workers have been infected removed their masks. 
Prior to this Iowa trip, Pence had learned that his aide Katie Miller tested positive for the virus.
One would think that even if everyone was able to remain 6 feet apart during the roundtable discussion that everyone would just exercise a bit of extra precaution. After all, what could it hurt to wear the masks?
Rarely have so many seemingly intelligent leaders opted to abandon reason so publicly for something so deadly as the right to spread a killer germ. 
The revelation over Miller had prompted drama on the runway at Joint Base Andrews, where Air Force Two was delayed from taking off, so six people who had interacted with Miller could deplane. Everyone else stayed aboard and jetted off to Iowa where Covid-19 cases are spiking.
As they traveled in the state, Yahoo News reported that a Department of Homeland Security document revealed that 11 Secret Service agents had also tested positive (CNN has independently confirmed the news). 
As Trump confirmed, Pence had himself been in contact with Miller.
Given the fact that hardly anyone at the White House uses a mask and the close quarters in the old building, it should be assumed that lots of folks got near enough to Miller to risk becoming infected by the virus without knowing it. 
And it was with all of these variables in play that the vice president still decided to meet with executives -- who worked inside Covid-19 hotspots -- and have a staffer tell them that it was OK to remove their masks. 
Prior to his meeting with food execs, Pence met with religious leaders and Iowa Gov. Kim Reynolds, who has loosened statewide restrictions on religious public gatherings as long as they ""implement reasonable public health measures under the circumstances of each gathering to ensure social distancing...(and) increased hygiene practices...,"" according to a new proclamation in Iowa's public health emergency declaration from Reynolds.
Although the governor did ""strongly encourage"" those who are more susceptible to severe and deadly outcomes of the virus to limit their activities outside of their home, the move still means that religious services, and the contagious interactions that permit, can resume. Imagine what could happen if a young and healthy member of a household that, for example, consists of a grandparent, went to a church service where members were asymptomatic and then brought the virus back home. 
But this possibility seemed not to be at the forefront of Pence's mind, as he spoke with the religious leaders.
It may have been, as Pence said, a ""burden"" for some to attend religious services online. But that he would describe this inconvenience as ""a source of heartache for people across the country"" when American families are losing loved ones to Covid-19 at a rate of more than 1,000 per day is profane. 
The Iowa trip was just another example of the vice president, ever Trump's lackey, being right in step with his boss' tone deafness on the issue. 
Consider last week's public relations stunt that had Pence delivering a few boxes of personal protective equipment -- without wearing a mask -- to a nursing home that had Covid-19 patients. 
More than one million of the citizens Pence serves have received a terrifying positive test result. Thousands more get the bad news every day. 
His own press aide, someone he knows well, is in quarantine. Why, in the face of this overwhelming and immediate danger, would he and the president persist in flaunting unsafe behavior and spreading deadly thinking across the land?
The answer is that pandemic denial has become, like climate change denial, a culture war fetish. Just like the automatic weapons brandished by some of those protesting stay-at-home orders, bare-faced public appearances tell the world that you consider the right to infect others a freedom that must not be abridged. 
One can accept that people who have lost employment and are in desperate financial straits, might be moved to extremes in their desire for a return to the pre-pandemic order. A sensible leader, especially one who might actually capture the attention of these angry people, would offer them reliable facts, send immediate and substantial financial help -- and put on a mask."
18,"{'id': 'cnn', 'name': 'CNN'}",Catherine Pearlman,Opinion: Why you need to wear the damn mask,"Even if you think the government's response to the virus is an overreaction you should still wear a mask, writes Catherine Pearlman. You may be asymptomatic but have Covid-19, and might make someone sick. The nation's leaders--all of them--need to get this ou…",https://www.cnn.com/2020/05/06/opinions/wear-the-damn-mask-pearlman/index.html,https://cdn.cnn.com/cnnnext/dam/assets/200506180746-mask-pearlman-op-ed-super-tease.jpg,2020-05-07T02:22:29Z,"Catherine Pearlman is a clinical social worker, associate professor at Brandman University and the author of Ignore It!: How Selectively Looking the Other Way Can Decrease Behavioral Problems and Increase Parenting Satisfaction. The opinions expressed in this commentary are her own. View more opinion on CNN. 
 (CNN)Go for a walk, visit any open establishment or public space, and you will note a disconcerting phenomenon: People without masks.
There is a pandemic. Tens of thousands of Americans are dead because of Covid-19, a disease that spreads in droplets that are expelled by infected humans, including as they talk or cough, and whether they show symptoms or not. 
The US Centers for Disease Control and Prevention recommends that everyone wear a cloth face covering in public, especially where there is a high degree of community-based transmission (that is, when the source of infection is unknown). I live in California, where nearly 60,000 people have been infected. Across the country 1.2 million Americans have tested positive for Covid-19, with more than 73,000 lives lost-- and projections for the future (another peak in the fall?) are really grim. 
Meanwhile, hospitals and their staff are pushed to the breaking point caring for the sick, with medical staff working weeks without days off to treat the afflicted, risking their own lives and those of their family. And yet, so many people refuse to take warnings seriously to protect themselves and others by wearing a mask in public. 
It's hard to pinpoint how many of us are clueless and careless -- maybe half of those who go outside? A third? Some other fraction? -- but it's certainly way too many. 
The lack of empathy is jarring. We need a shift. 
We need our leaders -- all of them -- to get the message out loud and clear. If you are away from the closed system of your home, the message should say, you must wear a mask. That means, too, employers mandating that workers of all kinds mask up. Do they want the disease spread to subside; do they want business and the economy to eventually come back -- or don't they?
Masks of any kind are not perfect barriers for contagion. Wearing one doesn't offer full protection and shouldn't be thought of as a foolproof, safe way to interact. But experts report that wearing a mask does help protect against transmission by asymptomatic carriers. And note that data show -- according to, among others, Robert Redfield, President Donald Trump's CDC director -- that likely one in four people infected with Covid-19 are indeed asymptomatic and unaware of their contagion. 
Be prudent, be kind. One can think the government's response to the virus is an overreaction and still wear a mask, just in case you might make someone sick. That's reality.
Wearing a mask is cumbersome. It's hot, and it's uncomfortable. But it can save lives and ease the burden on those doctors and nurses facing unspeakable pain and suffering on the front lines. 
Making personal sacrifices for the public good has not always been an American priority. We are an individualistic culture, and by nature we may find it more difficult to empathize with others when our own freedom and liberties feel like they are on the line. There is resistance to allowing the government or anyone else step in and require -- or even strongly urge -- Americans to cover their faces. 
But surely we can all understand that sometimes regulations are in place to protect people from themselves, or to avoid suffering of the community. We require drivers to wear seat belts to protect the passengers and minimize the potential for serious injury. (Those injuries not only affect the driver, but also the emergency room workers and even taxpayers through disability and unemployment.) 
Laws require children to have vaccines, not only for the child's sake but to maintain herd immunity for all of us. We don't have a vaccine for Covid-19. But we can all help until we do: we DO know about masks.
Back in the early 1990s, I was a social work intern in the HIV/AIDS unit at Columbia Presbyterian Hospital in New York City. AIDS was still a death sentence, and every worker and visitor took ""universal precautions"" to avoid transmission with all patients. The prevailing wisdom then and now is that when it's impossible to assess by looking if someone could be infected, wear gloves and masks. We protected ourselves. Yes, wearing gloves was uncomfortable. So was getting HIV.
Where are our universal precautions for Covid-19?
Wearing a mask in public is an act of respect for your fellow humans. This is the kind of empathy I try to teach my children. Our kids are watching the adults through this pandemic, and they are learning lots of lessons -- intended and unintended. 
I want my children to understand that being mildly inconvenienced for the greater good is not only right, it's a moral imperative. It's how we manage to live together in relative safety in our society.
It's a no brainer. Wear the damn mask."
19,"{'id': 'cnn', 'name': 'CNN'}",Kent Sepkowitz,Opinion: Is it safe to visit Mom on Mother's Day?,"This Sunday, the Covid-19 pandemic, which already has flattened several holiday celebrations -- Mardi Gras, St Patrick's, Passover, Easter, Ramadan -- will run over another. And not just any holiday, but the one that for many, including me, is the most import…",https://www.cnn.com/2020/05/06/opinions/is-it-safe-to-visit-mom-on-mothers-day-sepkowitz/index.html,https://cdn.cnn.com/cnnnext/dam/assets/200331123229-mother-daughter-holding-hands-stock-super-tease.jpg,2020-05-06T19:20:06Z,"Kent Sepkowitz is a CNN medical analyst and a physician and infection control expert at Memorial Sloan Kettering Cancer Center in New York. The views expressed in this commentary are his own. View more opinion at CNN.
 (CNN)This Sunday, the Covid-19 pandemic, which already has flattened several holiday celebrations -- Mardi Gras, St Patrick's, Passover, Easter, Ramadan -- will run over another. And not just any holiday, but the one that for many, including me, is the most important of them all: Mother's Day. 
Even for ardent social distancing enthusiasts, the urge to gather, to cut a few corners, bend the rules and not the curve, to try to outsmart the current rules of engagement, will be intense. I mean, if the weather is nice, we could sit outdoors six feet apart and wave, right? And the presents, we could put them in a room for three days and... 
But let's be smart and safe about this. To help sort through what's ahead, here are a few tips to help you plan. 
Families that live far away from mothers or grandmothers are the only ones with a simple choice --call or video-chat. 
But what if you typically pack up and head over to see Mom? Or wait for Mom to visit? Or meet in a restaurant? What should you do? 
As difficult as it is, the answer is simple. Don't. 
Travel and uncertainty will make not only the day itself unsettling, but for the two weeks afterward every sneeze, every cough and every ache experienced by anyone will spark panic and regret. The visit is simply not worth the risk -- however small -- of exposing Mom to the virus that causes Covid-19. 
Besides, we were given Zoom, and a two-month lead on how to use it, precisely because we knew Mother's Day was coming, right? OK, the fun wore off quickly and we know what everyone's walls and bookshelves look like, and the discussions of walls and bookshelves already is stale.
Indeed, Zoom and its competitors have become a chore, starting with the fumbling and technical chaos at the start and ending with the realization that no one really knows when or how to leave the call without seeming rude. 
But this is for Mom. And with everyone's mom at the center of the call, the circle of Zoomers will quickly fall in line and resume where they were the last time the family gathered, with grudges, slights, misunderstandings, and -- special new feature -- private chats to complain. Introducing America's first virtual Festivus -- which will be wonderful. 
The busiest day for restaurants is not Christmas or Valentine's Day, but Mother's Day. 
By a long shot. Conviviality, though, relies on proximity, right? How do we make it festive if we are staring at 13-inch screens miles apart?
This one is easy -- order in big meals for Mom and you and your siblings and the entire extended family. Parents love to watch their children and grandchildren eat. I know this both as a former child and a current parent. The joy of watching a loved one pack down a good meal, even on video, is much better than consuming the meal oneself. Plus, food adds easy topics for consideration during the e-chat. 
This is the only truly difficult question. There will a chance to talk to Mom tomorrow. And tomorrow. And tomorrow. Go ahead and creep in this petty pace. She will understand.
But what about an elderly mother or grandmother living alone or in a long-term care facility? America has 1,600 nursing homes caring for 1.3 million residents and about 70% of the residents are women. This is because women live four or five years longer than men in just about every society, creating the imbalance. 
And as has been well-documented in recent weeks, nursing homes, along with prisons and meat-packing factories, currently are the hot spots of Covid-19 transmission. At least 1 in 10 nursing homes have a case (which usually means many more than one case) Recent estimates place the number of nursing home deaths from Covid-19 at 17,000, a number that is sure to rise. 
It unfortunately gets worse: When France began to include nursing home deaths in their tally, the number of fatalities doubled. In New Jersey, the governor announced recently that about half of the fatalities in the entire state were related to nursing homes, a predicament that has now made employees fear becoming ill and has prevented loved ones from being able to visit. And in the US, the enforcement of protective regulations has been loosened, not tightened, despite the tragedy.
When the story of the Covid-19 pandemic finally is written, the ongoing cruel disregard for the elderly will stand out as a shocking example of inhumanity. The federal government has made no concerted attempt to address the problem beyond guidance to sharply restrict visitors and recommend supplies that seldom are available. 
Though facilities generally do not allow visitors, a simple solution to visitor restrictions, such as establishing rapid testing stations at these facilities and supplying everyone with appropriate masks and gloves, has not even been undertaken at scale nationally.
Indeed, testing of residents and staff and reporting the results to the public, particularly to families, has been done haphazardly if at all. 
So for a Mother's Day gift this year, in addition to the scarf or picture frame or home-drawn greeting card, consider making noise. Call someone -- a President, a senator, a governor, a mayor, a hapless Cabinet member, anyone and everyone -- to deliver one loud message: The cruel and unusual punishment of the elderly, who raised us, loved us, and protected us for our entire life, simply cannot continue."
