,source,author,title,description,url,urlToImage,publishedAt,content
0,"{'id': 'cnn', 'name': 'CNN'}",Opinion by Samuel J. Abrams and Jeremi Suri,Young activists hold the key to a better future,"With Covid-19 isolating young people from their peers around the world, many observers worry about a ""lost generation"" emerging. The roster of leading American presidential candidates, dominated by aging baby boomers in 2020, offers little evidence that young…",https://www.cnn.com/2020/05/13/opinions/covid-19-pandemic-spurs-youth-activism-abrams-suri/index.html,https://cdn.cnn.com/cnnnext/dam/assets/200506172458-graduation-coronavirus-0506-super-tease.jpg,2020-05-13T10:20:04Z,"Samuel J. Abrams is professor of politics at Sarah Lawrence College and a visiting scholar at the American Enterprise Institute. Jeremi Suri is Mack Brown Distinguished Chair for Leadership in Global Affairs and Professor of Public Affairs and History at the University of Texas at Austin. The views expressed here are theirs. Read more opinion on CNN.
 (CNN)With Covid-19 isolating young people from their peers around the world, many observers worry about a ""lost generation"" emerging. The roster of leading American presidential candidates, dominated by aging baby boomers in 2020, offers little evidence that young voices are coming forward as a viable political force. 
Although there are many reasons to worry about the mental health and social development of young people in the shadow of Covid, we see reasons for optimism in their new burst of coherent political activism, partially facilitated by the pandemic. College students and recent graduates are well situated to organize, connect and build a new consensus on policy reforms. Young Americans, in particular, are showing commitment to a pragmatic center of policy priorities: affordable health care for all, environmental sustainability, international cooperation, civil rights and economic justice. Despite their current isolation, most young Americans embrace empathetic leadership and they are devoted to serving their communities. 
Right now, the conditions are ripe for a youth-led political movement in the United States and other countries, demanding reforms in line with their values. And as societies try to emerge from Covid-19 lockdown conditions, young voices will have an opportunity to grow in influence. Within recent days, according to Pew, millennials overtook baby boomers as America's largest generation, and Gen Z will comprise 10% of the eligible voter electorate for the 2020 US elections. Covid-19 could be the exogenous shock to our socio-political system that will realign the nation's priorities and break the polarization and anger that dominate our political lives.
Many pundits question whether young people in the US will come out to vote, when traditionally their participation numbers have been lower than older cohorts. In recent Democratic primaries their turnout was disappointing, especially for candidates like Sen. Bernie Sanders, who relied on the enthusiasm of young voters. If young people do not vote in larger numbers, their activism -- however lively or inspiring -- has little hope of influencing policy. 
But these pessimistic judgments are also misleading. Youth turnout in recent elections shows a clear pattern of increase through the 2020 primary season. Facebook and other social media platforms are sharing information widely with young voters about why they should vote, and how they can register, despite efforts by some states to suppress their votes. Voting-by-mail will also facilitate youth turnout, as the April 7 elections in Wisconsin illustrated. Most significant, the Covid-19 crisis has provided a shared imperative for young people to elect representatives who will address their common educational, health, and employment needs. Young voters arguably have more motivation than any time since the Vietnam War. 
By helping younger Americans find their voice and show them how to matter, political loyalties can be forged for effective governance. The question now is whether either party can muster the leadership, discipline, and vision to take advantage of this opening and work with this emerging generation. Because of their numbers and their vital role in rebuilding societies after the pandemic, young men and women are perfectly suited to lead the charge forward for several reasons. 
First, young people have a history of igniting political change in times of crisis. The 1960s are the best recent example, when young men and women organized around universities to march for civil rights, withdrawal from war in Vietnam, and reform in communist tyrannies around the world. They held the hypocrisies of their elders up to a bright light and transformed every major society in the years after 1968.
Second, while the hearts and minds of many college students today are open, pragmatic and moderate, they have also long felt ignored. That must change in the Covid era. Research from the American Enterprise Institute consistently shows that most Gen Zers, for instance, feel that they have limited efficacy compared to older generations; more so than older counterparts, Gen Zers tend to feel that holding elections doesn't make the government pay attention to what the people think. In this light, the dearth of excitement for the 2020 election on campuses makes some sense.
However, AEI's research also shows that the often-claimed ideological leftism of 18 to 22 year-old Americans is overstated, and this is the case for those both in and out of college. Many more Gen Zers than stereotype might suggest identify as something other than ""liberal"" -- moderates, conservatives and even those who haven't given politics much thought are well represented. 
These findings make it quite clear that there is no left monoculture among young citizens; significant numbers cluster in the middle, are politically open and fairly disconnected, and are not on the extremes whatsoever. A new consensus is possible, especially around leaders who can reach out and respond to the pragmatic policy values of Gen Zers.
Third, and perhaps most important, technology empowers young citizens to connect and organize more rapidly and inexpensively than before. With current shutdowns of school and business, millennials and Gen Zers have an unusual but opportune moment to use this technology for their purposes. They are focused on connecting with one another and creating new economic and social opportunities.
Take two political races that are very much in the minds of our students. The 2016 victory of Donald Trump over Hillary Clinton for the White House and the 2018 primary win of Alexandra Ocasio-Cortez over Joseph Crowley, a 10-term, influential incumbent in New York's 14th Congressional district and former chair of the House Democratic Caucus. In both cases, the victorious candidates relied heavily on social media, authentic grassroots organizing and mobilization and working outside the traditional power bases of their parties. Trump's supporters were older, on average, than Ocasio-Cortez's, but they both exploited new technologies and motivations for political participation.
Campaign spending reflected the Ocasio-Cortez mantra: ""You can't really beat big money with more money. You have to beat them with a totally different game."" In Ocasio-Cortez's case, she was outspent by Crowley 18 to 1 ($1.5 million to $83,000). In the case of Clinton and Trump, Secretary Clinton had a poor grassroots ground game and her campaign spent significant sums on negative television advertising.
Politics by other means, emphasizing new technology and new voters, has become the new normal. The traditional tactics of late 20th-century big money -- especially centrally controlled prime time advertising, phone banking, and postal mailings -- are less relevant.
This new campaign context opens crucial space for young voters, who are savvy enough to look beyond Twitter and its extreme echo chamber. Young Americans are quite comfortable connecting on multiple platforms, despite the superficial narratives that they are scared of intimacy and talking on the phone. In fact, younger Americans are the most communicative across an array of media. And, unlike television and print media which are very costly and territorially limited, the technologies used by young citizens are inexpensive and widely accessible. Without question, young Americans are already doing more of the talking and listening.
Steven Olikara has been organizing young people for more than a decade as the founder of the Millennial Action Project in Washington DC. He told us, ""Crises like Covid-19 demand cooperative leadership that inspires hope in our future. Millennial leaders are answering that call, utilizing technology to bring thousands of university courses online, and taking to social media to educate citizens on how to vote safely in a pandemic.""
Olikara recounted how just last week a group of young elected leaders in Iowa came together across party lines to release a series of online videos through social media, aimed at motivating fellow millennials to vote and participate in other ways. It is but one among many examples of young people around the country standing up for our democracy, and reaching out to their peers.
For young men and women, in particular, Covid-19 has laid bare the incompetence and isolation of the Trump administration. Harm and fallout from this pandemic will be felt everywhere in the nation regardless of party. The upcoming election and its aftermath could resemble 1932 -- a realigning shift. Past crises have catalyzed significant political change, and there is strong reason to expect Covid-19 to have a similar transformative effect. This is not a good time to be a Republican incumbent. 
The most important political fact of our times is that our nation's young citizens are at home in larger numbers than ever before in the last century. They are widely connected to one another, and they are looking to make their voices heard. Young Americans have sparked real change before, and they are largely empathetic and open pragmatists. Despite physical distancing restrictions, they have the tools and motivation to connect, organize, and become real agents of change. The youth earthquake is just beginning."
1,"{'id': 'cnn', 'name': 'CNN'}",,Olympic athletes keep hope alive as virus puts their dreams on hold,"For the first time in Olympic history, the 2020 Summer Olympics has been postponed due to the Covid-19 pandemic. CNN gets a look into the lives of elite athletes in the U.S. and in Hong Kong as they reveal how the delay of the Games has impacted them.",https://www.cnn.com/videos/world/2020/05/15/go-there-olympic-training-during-covid-19-pandemic.cnn,https://cdn.cnn.com/cnnnext/dam/assets/200515133111-go-there-coronavirus-olympics-super-tease.jpg,2020-05-15T17:54:27Z,Chat with us in Facebook Messenger. Find out what's happening in the world as it unfolds.
2,"{'id': 'cnn', 'name': 'CNN'}",,Novak Djokovic tests positive for coronavirus after Adria Tour event,"Novak Djokovic has tested positive for the coronavirus following an exhibition event he organized in Croatia. The world No. 1 confirmed that both he and his wife Jelena had also tested positive for Covid-19 upon returning home to Serbia, while his children's …",https://www.cnn.com/videos/sports/2020/06/23/novak-djokovic-tests-positive-coronavirus-adria-tour-jelena-grigor-dimitrov-tennis-spt-intl.cnn,https://cdn.cnn.com/cnnnext/dam/assets/200622105733-03-croatia-tennis-tournament-0621-super-tease.jpg,2020-06-23T13:10:39Z,Chat with us in Facebook Messenger. Find out what's happening in the world as it unfolds.
3,"{'id': 'cnn', 'name': 'CNN'}","Analysis by Stephen Collinson, CNN","Trump's leadership during the Covid-19 pandemic has featured wrong, ill-informed and dangerous decisions, omissions and politically fueled pivots","Three months in -- after a million infections, nearly 60,000 US deaths and a potential economic depression -- it's still unclear whether President Donald Trump grasps the gravity of the coronavirus crisis.",https://www.cnn.com/2020/04/29/politics/donald-trump-coronavirus-politics-pence/index.html,https://cdn.cnn.com/cnnnext/dam/assets/200428153848-03-trump-paycheck-protection-0428-super-tease.jpg,2020-04-29T04:02:01Z,"(CNN)Three months in -- after a million infections, nearly 60,000 US deaths and a potential economic depression -- it's still unclear whether President Donald Trump grasps the gravity of the coronavirus crisis.
The man who said he knew more about ISIS than the generals and claimed to have stunned dumfounded aides with his scientific acuity prides himself on a mystical instinct to make right calls. 
Yet Trump's leadership in the worst domestic crisis since World War II has consistently featured wrong, ill-informed and dangerous decisions, omissions and politically fueled pivots.
""Many very good experts, very good people too, said this would never affect the United States,"" Trump told CNN's Jim Acosta on Tuesday. ""The experts got it wrong. A lot of people got it wrong and a lot of people didn't know it would be this serious."" 
Such comments are typical of Trump's consistent habit of blaming others for his own poor judgments. For the record, senior Centers for Disease Control and Prevention official Nancy Messonnier warned on February 27 that it was inevitable the disease would reach the US and could be ""bad."" 
The President's deflections on Tuesday are typical of his wider political method of evading responsibility by bending the truth and of creating distractions. They play into what is apparently his most pressing concern -- massaging his own reputation. Such tactics helped him ride out the Russia scandal and impeachment.
But in the depths of the current disorientating times, the deeper liabilities of the President's political approach are being exposed. A hostility to details, a resistance to accepting the advice of experts and for learning the messy intricacies of a crisis that interrupted his own narrative in election year. Bolstering such an impression, the Washington Post reported for instance that multiple references to the threat from the novel coronavirus were embedded into Trump's classified briefings. Either he didn't read them or he chose to ignore them.
Trump's initial failure was to downplay the seriousness of the crisis. But his management of the situation ever since then has raised questions about the extent to which the President has appreciated the multi-front challenge facing the United States and the world.
Humanity is facing three crises at the very least -- medical, economic and social -- that will cause financial and geopolitical reverberations for years. Yet Trump says he sees ""light at the end of the tunnel"" and acts as if America is nearly home free.
Doubts about the seriousness of the administration's response were also revealed in a more trivial, yet still telling, episode on Tuesday when Vice President Mike Pence flouted CDC guidance and chose not to wear a facemask during a visit to the Mayo Clinic in Minnesota. Pence explained that he is frequently tested for Covid-19 so was unlikely to be an asymptomatic carrier of the disease. 
But he missed a chance to set an example to the rest of the country.
Trump's comments contradict his own experts
Trump's comments on injecting disinfectant last week were ridiculed. But they were a sign of something more than the usual Trumpian storm. They were remarks of a President who often appears unprepared, riffs on intricate issues and hasn't done the homework to master details of a complicated emergency. 
Similarly, Trump urged governors on Monday to seriously consider reopening schools, CNN reported. But he didn't appear to have considered implications of millions of kids gathering, spreading the virus and infecting older, more vulnerable family members in a manner that could fuel the pandemic. His comment was consistent with an apparent conclusion that the worst of the pandemic has passed and that the virus, which scientists say is lying in wait for reopening, is simply gone. 
Even if the looming clutch of state openings do not cause a second spike in the virus, public health experts fear that in the absence of a vaccine it will return with a vengeance later in the year. Not Trump.
""I think what happens is it's going to go away. This is going to go away. And whether it comes back in a modified form in the fall, we'll be able to handle it,"" he said in remarks that may again amount to underestimating a potential threat.
One of Trump's top medical experts, Dr. Anthony Fauci, who has been far less enthusiastic than Trump about the lackluster US testing effort appears far less optimistic.
""If by that time we have put into place all of the countermeasures that you need to address this, we should do reasonably well. If we don't do that successfully, we could be in for a bad fall and a bad winter,"" Fauci said on Tuesday during an Economic Club of Washington webinar. 
The President is again pushing aggressively for states to get back to business quickly -- despite balking at Georgia's aggressive plan last week. 
""Many States moving to SAFELY &amp; QUICKLY reopen!"" Trump tweeted on Tuesday, showing little appreciation of the huge gamble with health and lives governors are taking without the safety net of a blanket testing program Trump has declined to provide.
The terrible choice facing political leaders 
A wrenching national conversation is needed, ideally led by the President, about the relative impact of the pandemic and the job destroying lockdowns ordered to stop its spread. Political leaders must consider what level of infection and ultimately death is acceptable in a modern society in order to protect basic levels of economic viability. These are crushingly difficult issues that no official expected to face when they ran for office.
But there is no sign that Trump is about to engage on that issue with the public whose confidence will be needed to make any economic rebound sustainable. Every world and local leader is facing these agonizing choices. But given US power, influence and historic leadership of the Western world, a special burden of responsibility is often seen to rest on the shoulders of the man in the Oval Office.
Any normal President who made a prediction that a miracle would sweep a pandemic away, only to see it infect a million Americans over a couple of months, would be politically shattered. President George W. Bush's failures over Hurricane Katrina look trivial by comparison. Yet Trump is protected in his bubble of unknowingness by a conservative media machine that attacks anyone who contradicts his comments. 
The administration's questionable commitment to addressing the nuts and bolts of the emergency have been evident in its repeated promises and failures to scale up the kind of massive testing effort that could help pry open the economy without the risk of a major resurgence. 
Trump appears to have convinced himself that the lack of tests that his own experts and governors say are needed to trace and isolate new infections to stop a resurgence are mere distractions.
""There are big believers in testing, and then there are some governors that don't feel as strongly about it at all,"" Trump, said Monday. 
Such comments make it seem unlikely the President has read the multiple think tank studies or expert opinions that millions of tests per day are needed to beat the pandemic or is interested in guidance that contradicts his pre-cooked view of the pandemic being close to its end. 
Trump prefers to boast about the true fact that the US has tested more people than any other nation. But his sincerity is undermined by the reality that other smaller countries have tested far more people per capita. The US has tested 16.4 tests per 1,000 people, according to the a new Organization of Economic Cooperation and Development report, below the OECD member average of 23.1 tests per 1,000 people and trails Spain and Italy. America does, however, lead the UK and France.
The President's forecasts for the economy also don't seem to appreciate the depth of the slide. His predictions of ""spectacular"" growth in the next few quarters and an economy that will take off like a ""rocket"" sit uneasily with warnings by a top adviser, Kevin Hassett, that the country could be heading for Great Depression levels of unemployment.
There is also debate about the President's observance of another aspect of his role as head of state -- his willingness to console the country at a time of mourning. Trump usually mentions those who died and says they will not be forgotten during his scripted remarks at the start of press conferences. But he most often talks about the dead in terms of what he says are lower than projected final death toll models after the pandemic. And he has taken to arguing that his efforts -- which were belated -- might have saved a million lives. 
There are no guarantees another president of either party would have done a better job in this time of testing than the unconventional Trump.
But it's almost certain that he or she would have made a far greater show of mastering the details and would -- even for their own political protection if nothing else -- have done far more to prepare the country for the trial ahead."
4,"{'id': 'engadget', 'name': 'Engadget'}",Steve Dent,Fujfilm's app turns your X series and GFX cameras into webcams,"Fujifilm has joined Canon by releasing software that allows you to use select X series and GFX medium format mirrorless cameras as webcams. After you install the Fujifilm X Webcam app and connect a camera to a USB port on your computer (Windows only), it’ll a…",https://www.engadget.com/fujifilm-x-series-gfx-webcam-app-conference-calls-092008524.html,https://o.aolcdn.com/images/dims?resize=1200%2C630&crop=1200%2C630%2C0%2C0&quality=95&image_uri=https%3A%2F%2Fs.yimg.com%2Fos%2Fcreatr-uploaded-images%2F2020-05%2F917881b0-9ff1-11ea-ab7b-cbcb0c49fd76&client=amp-blogside-v2&signature=b09d9d24b65cd9bbe69439efa35061608db6ed0b,2020-05-27T09:20:08Z,"The COVID-19 pandemic has made webcam’s scarce, forcing video conference users to improvise with whatever camera they have on hand. Canon made things easy by releasing its own app last month, but there are other apps and hardware you can try — check out our guide or video for more.
As for Fujfilm X Webcam, it works with the X-H1, X-Pro2, X-Pro3, X-T2, X-T3, X-T4, GFX100, GFX 50S and GFX 50R (above) — but only on Windows. You can download it here."
5,"{'id': 'engadget', 'name': 'Engadget'}",Jon Fingas,Amazon sellers use 'collectible' label to dodge price gouging rules,Amazon’s measures to prevent price gouging have a relatively simple workaround. The Verge has learned that some third-party sellers are marking products as “collectible” to evade Amazon’s automated price controls. The internet retailer reportedly has price ce…,https://www.engadget.com/amazon-sellers-price-gouging-workaround-085620344.html,https://o.aolcdn.com/images/dims?resize=1200%2C630&crop=1200%2C630%2C0%2C0&quality=95&image_uri=https%3A%2F%2Fs.yimg.com%2Fos%2Fcreatr-images%2F2019-11%2F1f8c8c70-ffbc-11e9-b6ed-c6935565acf2&client=amp-blogside-v2&signature=75231182bdd2560fb0c5080b80bb60f4a27e0159,2020-05-31T08:56:20Z,"Amazon’s measures to prevent price gouging have a relatively simple workaround. The Verge has learned that some third-party sellers are marking products as “collectible” to evade Amazon’s automated price controls. The internet retailer reportedly has price ceilings that normally kick in when a product is listed as “new,” but that ceiling apparently doesn’t kick in with collectible items. There also isn’t much transparency regarding those ceilings, either.
The quirk has been around for a while, according to sellers. However, it wasn’t really an issue before the COVID-19 pandemic, when competition kept prices reasonable. Now that there’s high demand and low supply, unscrupulous sellers have more incentives to hike prices."
6,"{'id': 'engadget', 'name': 'Engadget'}",Christine Fisher,Shopify’s new app helps you buy from local businesses,"With widespread shutdowns due to the COVID-19 pandemic, online shopping has become more important than ever. Shopify, which until now has mostly helped online retailers sell their products, wants to make it easier for consumers to browse and buy goods, especi…",https://www.engadget.com/shopify-shop-online-shopping-app-141437595.html,https://o.aolcdn.com/images/dims?resize=1200%2C630&crop=1200%2C630%2C0%2C0&quality=80&image_uri=https%3A%2F%2Fs.yimg.com%2Fos%2Fcreatr-uploaded-images%2F2020-04%2F31a2cdc0-8955-11ea-af1f-62528f302b04&client=amp-blogside-v2&signature=b4bdd5ef083a1deece34b965a06e4ab51153200e,2020-04-28T14:14:37Z,"With widespread shutdowns due to the COVID-19 pandemic, online shopping has become more important than ever. Shopify, which until now has mostly helped online retailers sell their products, wants to make it easier for consumers to browse and buy goods, especially from local businesses. Today, it’s unveiling its new consumer app, Shop.
With location filters, Shop will help users find local businesses to buy from -- at least the Shopify-powered ones. It will also suggest recommendations from users’ favorite brands. Shoppers can checkout with one-click payment, and they can track all of their online orders."
7,"{'id': 'engadget', 'name': 'Engadget'}",Steve Dent,SNL's Brad Pitt cold open was shot with RED's prototype 6K camera,"Given the janky, improvised look of many TV shows during the COVID-19 lockdown, you may have noticed that SNL’s cold open last week, featuring Brad Pitt as Dr. Anthony Fauci, looked quite professional. As it turns out, that’s because it wasn’t shot on a smart…",https://www.engadget.com/snl-brad-pitt-anthony-fauci-red-komodo-6k-123147689.html,https://o.aolcdn.com/images/dims?resize=1200%2C630&crop=1200%2C630%2C0%2C0&quality=80&image_uri=https%3A%2F%2Fs.yimg.com%2Fos%2Fcreatr-uploaded-images%2F2020-04%2F7941d580-892e-11ea-aff9-276430fd016c&client=amp-blogside-v2&signature=344c5d9ddb411dcfb5626e258ffd952e7e7e4ee7,2020-04-28T13:25:47Z,"Given the janky, improvised look of many TV shows during the COVID-19 lockdown, you may have noticed that SNL’s cold open last week, featuring Brad Pitt as Dr. Anthony Fauci, looked quite professional. As it turns out, that’s because it wasn’t shot on a smartphone or laptop webcam, but with a prototype version of RED’s upcoming 6K Komodo camera.
Furthermore, it was shot by the president of RED himself, Jarred Land. In an Instagram post, Land said that he shot with Pitt as a “one man band,” using “cheese ball TV lighting on a janky green screen,” and having to reach around the lens to do his own slates."
8,"{'id': 'engadget', 'name': 'Engadget'}",Richard Lawler,Twitter marks a Trump tweet 'manipulated media' for the first time,"In a move that may spur another round of yelling about censorship and Section 230 from the White House, a tweet by Donald Trump has received a special marker — not one of those special markers — from Twitter. In this case, the shoddily-manipulated video clip …",https://www.engadget.com/twitter-marks-a-trump-tweet-manipulated-media-for-the-first-time-024943659.html,https://o.aolcdn.com/images/dims?resize=1200%2C630&crop=1200%2C630%2C0%2C0&quality=95&image_uri=https%3A%2F%2Fs.yimg.com%2Fos%2Fcreatr-uploaded-images%2F2020-06%2F2ecc3000-b1d7-11ea-bbdd-2fd96d0a6cb5&client=amp-blogside-v2&signature=6c4670f45a69b34cf06f8e6765bd5066be79889e,2020-06-19T02:49:43Z,"In a move that may spur another round of yelling about censorship and Section 230 from the White House, a tweet by Donald Trump has received a special marker — not one of those special markers — from Twitter. In this case, the shoddily-manipulated video clip aims to turn people against “fake news” by creating a fake CNN video about a supposedly racist baby.
According to a Twitter spokesperson, “This Tweet has been labeled per our synthetic and manipulated media policy to give people more context.” The “manipulated media” marker appears below the tweet, but doesn’t prevent retweets or shares, and it links to the company’s policies. This is the fourth time Twitter has applied one of its warnings to a tweet by the president, but the first time it’s used this particular one."
9,"{'id': 'engadget', 'name': 'Engadget'}",Jon Fingas,Zoom's latest changes to prevent 'zoombombing' arrive on May 9th,"Zoom is implementing more of its promised measures to bolster security and prevent “zoombombing” by unwanted guests. To start, it recently gave admins the option of disabling personal meeting IDs for scheduling and starting meetings. An intruder who discovers…",https://www.engadget.com/zoom-updates-further-prevent-zoombombing-000852163.html,https://o.aolcdn.com/images/dims?resize=1200%2C630&crop=1200%2C630%2C0%2C0&quality=80&image_uri=https%3A%2F%2Fs.yimg.com%2Fos%2Fcreatr-images%2F2020-04%2Fe0f0f830-8b29-11ea-b8fd-47a4f0203e36&client=amp-blogside-v2&signature=8be83dc233f6592b3db9e50d18abe8f20936d2c4,2020-05-06T00:08:52Z,"Zoom is implementing more of its promised measures to bolster security and prevent “zoombombing” by unwanted guests. To start, it recently gave admins the option of disabling personal meeting IDs for scheduling and starting meetings. An intruder who discovers the ID can’t use it to host a videoconference. On May 9th, basic (aka free) accounts will need to use passwords for all meetings. Waiting rooms and host-only screen sharing will be on by default for these free users, too.
These changes come well into lockdowns for the COVID-19 pandemic, and too late for a host of teachers, businesses and personal users who’ve had to deal with trolls and and pranksters interrupting their video chats. Still, it’s an important step that could reassure those relying on Zoom — not to mention reduce incentives to consider alternatives like Google Meet."
10,"{'id': 'engadget', 'name': 'Engadget'}",Jon Fingas,The next 'Fortnite' season has been delayed one more week,"You’ll have to deal with a second delay before you can play the third season of Fortnite Chapter 2, although it won’t be as dramatic as the first. Epic has pushed back Season 3’s premiere by one week to June 11th in order to “get everything ready.” To tide pe…",https://www.engadget.com/fortnite-chapter-2-season-3-delay-to-june-11-173553293.html,https://o.aolcdn.com/images/dims?resize=1200%2C630&crop=1200%2C630%2C0%2C0&quality=95&image_uri=https%3A%2F%2Fs.yimg.com%2Fos%2Fcreatr-uploaded-images%2F2020-05%2F5ea3ddc0-a104-11ea-bbff-05c5295900fc&client=amp-blogside-v2&signature=379e809a2d5d8212b5a75620f248090623f5cd14,2020-05-28T17:35:53Z,"You’ll have to deal with a second delay before you can play the third season of Fortnite Chapter 2, although it won’t be as dramatic as the first. Epic has pushed back Season 3’s premiere by one week to June 11th in order to “get everything ready.” To tide people over, it’s planning a one-time event, The Device, for June 6th at 2PM Eastern. You’ll want to sign in early on that day as “space is limited,” Epic said.
Fortnite seasons used to last roughly a couple of months, but Chapter 2’s first and second seasons were both extended to four — the current season was originally meant to wrap up on May 1st. Although Epic hasn’t explained just what prompted the more recent delays, the onset of the COVID-19 pandemic didn’t help by forcing staff to work from home."
11,"{'id': 'engadget', 'name': 'Engadget'}",Jon Fingas,Apple gets a patent for taking group selfies while you're socially distant,"It’s generally unsafe to take group selfies during a pandemic, but Apple might have a way to make that work in the future. The iPhone maker has received a patent (via Patently Apple and The Verge) for creating a “synthetic group selfie.” You could invite peop…",https://www.engadget.com/apple-synthetic-group-selfies-patent-221538724.html,https://o.aolcdn.com/images/dims?resize=1200%2C630&crop=1200%2C630%2C0%2C0&quality=95&image_uri=https%3A%2F%2Fs.yimg.com%2Fos%2Fcreatr-uploaded-images%2F2020-06%2F6f4d17d0-a907-11ea-b676-2ee3af65dc54&client=amp-blogside-v2&signature=b3e9fbfc7183e2c0c5780b88433f603246de7694,2020-06-07T22:15:38Z,"It’s generally unsafe to take group selfies during a pandemic, but Apple might have a way to make that work in the future. The iPhone maker has received a patent (via Patently Apple and The Verge) for creating a “synthetic group selfie.” You could invite people to a selfie session where the software would place people as if they were right behind you. The pics could include recorded or even livestreamed videos, and the participants could edit the shots to put themselves front and center.
Don’t count on this popping up soon. Apple first filed for this patent in July 2018, well before COVID-19 became an issue. There’s also no guarantees that patents will translate to finished products — Apple is exploring an idea, not producing a roadmap. Given the pandemic, tough, we certainly wouldn’t rule out remote group selfies as a way of connecting friends who can’t be together."
12,"{'id': 'ars-technica', 'name': 'Ars Technica'}",Ron Amadeo,"Google Meet, Google’s third video chat service, is now free for everyone","Google did video before Zoom, but a lack of focus means it wasn't ready for COVID-19.",https://arstechnica.com/gadgets/2020/04/google-meet-googles-third-video-chat-service-is-now-free-for-everyone/,https://cdn.arstechnica.net/wp-content/uploads/2020/04/27-760x380.jpg,2020-04-29T18:34:17Z,"1 with 1 posters participating
Google Meet, Google's newest video chat service, will soon be free for everyone. The service, which was previously locked behind G Suite, is opening up to anyone with a Google account.
Users will be able to access the service at meet.google.com or through the iOS and Android apps. While the service is free now, it won't be free forever. Google says that, after September 30, meetings will be limited to 60 minutes.
If you've never heard of ""Google Meet"" before, don't feel bad. The branding only popped up earlier this month, when Google quietly renamed ""Google Hangouts Meet"" to ""Google Meet."" Hangouts Meet is something we've written about before, and it launched in 2017 as a reboot to Google's enterprise messaging suite, which consisted of Hangouts Meet and Hangouts Chat. Both of these 2017 enterprise ""Hangouts"" products have no relation to the widely-used consumer-focused ""Google Hangouts"" chat app from 2013, which is still part of Gmail and was a default Android app for a long time. Google claims it wants to merge all the ""Hangouts"" products together, but you can never be sure what the future of Google's disorganized messaging strategy will hold.Just like with its instant messaging strategy over the years, Google has really dropped the ball when it comes to video conferencing apps. Google's first efforts in video chat started with a Gmail video chat in 2008 and peaked with Google Hangouts video chat in 2013. Google has been in video chat for longer than most of its contemporary competition (other than Skype), but a lack of focus and a continual need to shut down one product and then launch a similar product under a different name left the company spinning its wheels for years. If Google could focus and put the company's massive resources behind a single communication suite that is continually updated and maintained, it could have been an industry leader by now. Instead, Google Meet will be Google's third video chat service in the market, after Google Hangouts and Google Duo.
Employees inside the company are apparently frustrated with Google's market position, too. A recent article from The New York Times details how tech giants like Google and Facebook are chasing Zoom, and it ends with a great anecdote:
Late last month, Philipp Schindler, Google's chief business officer, held a videoconference with thousands of the search giant's employees using Google Meet, three people who attended the call said. During the session, one employee asked why Zoom was reaping the biggest benefits even though Google had long offered Meet.
Mr. Schindler tried placating the engineer's concerns, the people said. Then his young son stumbled into view of the camera and asked if his father was talking to his co-workers on Zoom. Mr. Schindler tried correcting him, but the boy went on to say how much he and his friends loved using Zoom.
COVID-19's shelter-in-place requirements made millions people turn to working from home. That led to a huge spike in video chat users, but this general availability of Google Meet already seems like it was too late to ride this wave of users. The work-from-home trend started two months ago when Google Meet was still locked behind the GSuite paywall. Zoom was ready and burst into the public consciousness as a result. By now, it seems like most of the people who were going to transition to a video chat app have already done so, and they picked Zoom.
Google doesn't have a strong argument for why someone would switch from Zoom, either. Google alludes to better security in its blog post, but neither Zoom nor Google Meet is end-to-end encrypted. Both are only ""encrypted in transit,"" which anyone who uses an HTTPS connection can claim. Your conversation might be private from the wider Internet, but it's possible that the service provider can view your meeting data. Participating in a meeting also requires a Google account, while Zoom makes it possible to join a meeting without any account at all. Zoom can secure a meeting with only a password, giving it a much lower barrier to entry.
Like most Google launches, not everyone will get access to Google Meet immediately. Google says that availability for Google Meet will slowly roll out to users ""over the following weeks."""
13,"{'id': 'reuters', 'name': 'Reuters'}",Reuters Editorial,"UK COVID-19 death toll rises to 28,446, up 315","The United Kingdom's death toll from COVID-19 rose to 28,446, an increase of 315, according to figures announced on Sunday that include deaths in hospital and in other settings like nursing homes.",https://www.reuters.com/article/us-health-coronavirus-britain-toll-idUSKBN22F0NJ,https://s4.reutersmedia.net/resources_v2/images/rcom-default.png,2020-05-03T15:46:23Z,"LONDON (Reuters) - The United Kingdom’s death toll from COVID-19 rose to 28,446, an increase of 315, according to figures announced on Sunday that include deaths in hospital and in other settings like nursing homes. 
Reporting by Estelle Shirbon, writing by William James"
14,"{'id': 'reuters', 'name': 'Reuters'}",Reuters Editorial,"UK COVID-19 death toll rises 282 to 36,675","The United Kingdom's death toll from confirmed cases of COVID-19 rose by 282 to 36,675, the government said.",https://www.reuters.com/article/us-health-coronavirus-britain-toll-idUSKBN22Z0O1,https://s1.reutersmedia.net/resources/r/?m=02&d=20200523&t=2&i=1519680564&w=1200&r=LYNXMPEG4M0H1,2020-05-23T15:21:06Z,"LONDON (Reuters) - The United Kingdom’s death toll from confirmed cases of COVID-19 rose by 282 to 36,675, the government said. 
“Tragically, 36,675 people have now died,” Transport Secretary Grant Shapps told reporters at a Downing Street briefing. The government publishes the death toll based on those who definitely had COVID-19; broader figures based on suspected COVID-19 deaths give a bigger toll. 
Reporting by Guy Faulconbridge; Editing by Peter Graff"
15,"{'id': 'reuters', 'name': 'Reuters'}",Reuters Editorial,U.S. orders 300 million doses of potential COVID-19 vaccine,"The U.S. government has ordered 300 million doses of a potential COVID-19 virus being developed by AstraZeneca and Oxford University and hopes first doses can be made available by October, the Department of Health and Human Services said on Thursday.",https://www.reuters.com/article/us-health-coronavirus-astrazeneca-hhs-idUSKBN22X0V0,https://s4.reutersmedia.net/resources_v2/images/rcom-default.png,2020-05-21T08:30:07Z,"(Reuters) - The U.S. government has ordered 300 million doses of a potential COVID-19 virus being developed by AstraZeneca and Oxford University and hopes first doses can be made available by October, the Department of Health and Human Services said on Thursday. 
“This contract with AstraZeneca is a major milestone in Operation Warp Speed’s work toward a safe, effective, widely available vaccine by 2021,” HHS Secretary Alex Azar said in a statement. 
Reporting by Aakash Jagadeesh Babu in Bengaluru; editing by Patrick Graham"
16,"{'id': 'reuters', 'name': 'Reuters'}",Cate Cadell,Explainer: Are asymptomatic COVID-19 patients safe or silent carriers?,"China said 300 symptomless carriers of the novel coronavirus in Wuhan, the epicentre of the pandemic, had not been found to be infectious, in a bid to reassure people as countries ease restrictions. But some experts say asymptomatic infections are common, pre…",https://www.reuters.com/article/us-health-coronavirus-asymptomatic-expla-idUSKBN23A21S,https://s4.reutersmedia.net/resources/r/?m=02&d=20200603&t=2&i=1520933645&w=1200&r=LYNXMPEG521C9,2020-06-03T13:28:11Z,"BEIJING (Reuters) - China said 300 symptomless carriers of the novel coronavirus in Wuhan, the epicentre of the pandemic, had not been found to be infectious, in a bid to reassure people as countries ease restrictions. But some experts say asymptomatic infections are common, presenting a huge challenge in the control of the disease. 
WHAT IS ASYMPTOMATIC AND PRE-SYMPTOMATIC? 
The World Health Organization (WHO) defines here asymptomatic cases as those who don't show symptoms but have been confirmed infected through a lab test. WHO notes there are few reports of truly asymptomatic cases. 
The incubation period, or the time a person takes to show symptoms after getting infected, is the pre-symptomatic phase, the WHO says. Carriers can infect others during this period. 
Health experts are not yet sure whether asymptomatic or pre-symptomatic cases are infectious. Some say data so far suggests those cases are probably equally likely to be able to spread infection. 
The WHO agrees that pre-symptomatic carriers are infectious, and adds that there is also a possibility - although little evidence so far - that people who are asymptomatic may also transmit the virus. The WHO had said in early April that there had been no documented asymptomatic transmissions. 
WHAT ELSE DOES CHINA SAY? 
China has reported around 83,000 cases of COVID-19, the disease caused by the new coronavirus. It does not include asymptomatic cases in that total official count, but began reporting them separately on a daily basis on March 31. 
That has raised concerns about Beijing’s commitment to transparency, and some experts say it could also paint a misleading picture of how the virus spreads. 
“If you watch (such asymptomatic cases) really closely, you would see something ... that probably fits with a more realistic mild disease than a complete asymptomatic,” Ian Mackay, a virologist at the University of Queensland said. 
“But the term is around now and it’s going to stick. It’s a nice piece of theatre, but I don’t think it’s going to give useful information.” 
Asymptomatic cases under medical observation in China dropped to 357 as of Tuesday from 1,541 as of March 30. 
Wuhan has tested almost its entire population of 11 million and found no new COVID-19 cases. 
Wuhan’s low rate of symptomless carriers is in line with China’s previous reporting, said Zhong Nanshan, the government’s senior medical adviser, adding that the result showed that the country didn’t cover up the epidemic as some U.S. politicians claimed. 
HOW ABOUT REST OF ASIA? 
Some countries in Asia include asymptomatic carriers in their total confirmed cases. 
In Vietnam, which has just over 300 COVID-19 cases, almost 37% were symptomless, according to health ministry data. 
Researchers concluded that asymptomatic infection was common and found two asymptomatic patients had infected at least four other people. 
South Korea, which had early success in taming the outbreak through aggressive testing, said 20%-30% were asymptomatic. A senior health official said the virus could be widely transmitted during the incubation period, but asymptomatic patients were less likely to transmit it. 
Singapore, which has the highest number of cases in Southeast Asia, does not give data on asymptomatic cases but has said an overwhelming majority of positive cases in its crowded migrant workers’ dormitories show mild or no symptoms. 
The Philippines said about 13% of its nearly 19,000 cases were asymptomatic. In India, some 28% of 40,184 people who tested positive between Jan. 22 and April 30 were asymptomatic, according to a study. 
Reporting by Cate Cadell and Roxanne Liu in Beijing; Additional reporting by Kate Kelland in London, John Mair in Sydney, James Pearson in Hanoi, John Geddie in Singapore, Neil Jerome Morales in Manila, Sangmi Cha in Seoul, Rocky Swift in Tokyo and Miyoung Kim in Singapore; Writing by Sayantani Ghosh in Singapore; Editing by Kim Coghill"
17,"{'id': 'reuters', 'name': 'Reuters'}",Reuters Editorial,Prince William visits Oxford COVID-19 vaccine developers - Reuters UK,Britain's Prince William on Wednesday visited the Oxford-based scientists who are working to develop a viable vaccine for COVID-19 as well as trial participants who are helping to determine whether or not it works.,https://uk.reuters.com/article/uk-britain-royals-william-idUKKBN23V36Y,https://s3.reutersmedia.net/resources/r/?m=02&d=20200624&t=2&i=1523384121&w=1200&r=LYNXMPEG5N29Q,2020-06-24T21:02:00Z,"LONDON (Reuters) - Britain’s Prince William on Wednesday visited the Oxford-based scientists who are working to develop a viable vaccine for COVID-19 as well as trial participants who are helping to determine whether or not it works. 
The vaccine, originally known as ChAdOx1 nCoV-19, was originally developed by scientists at the University of Oxford, and they are now working with AstraZeneca (AZN.L) on development and production. 
It is already in human trials, with preliminary trials on pigs and monkeys showing some encouraging signs for the experimental vaccine, which is also known as AZD1222, in giving protection against COVID-19, the disease caused by the new coronavirus. 
William, Queen Elizabeth’s grandson and second-in-line to the throne, met researchers working for the Oxford Vaccine Group, including the vaccine’s developer Sarah Gilbert and the leader of the clinical trial team Andrew Pollard. 
He also spoke to AstraZeneca Chief Executive Pascal Soriot, and officials from Coalition for Epidemic Preparedness Innovations (CEPI) and international vaccine alliance Gavi via a video call. 
AstraZeneca has signed deals with Britain, the United States and European countries to supply the vaccine. 
Soriot has said that trial clinical results are expected in August or September, with deliveries possible from October, adding that he expects the vaccine, if it works, to protect against COVID-19 for about a year. 
Reporting by Alistair Smout; editing by Stephen Addison"
18,"{'id': 'reuters', 'name': 'Reuters'}",Simon Evans,FIFA agree massive $1.5 billion COVID-19 relief plan - Reuters,FIFA announced on Thursday that it had agreed a $1.5 billion relief plan to help deal with the impact of the COVID-19 pandemic on the global game.,https://www.reuters.com/article/us-soccer-worldcup-coronavirus-idUSKBN23W34A,https://s1.reutersmedia.net/resources/r/?m=02&d=20200625&t=2&i=1523646053&w=1200&r=LYNXMPEG5O291,2020-06-25T18:51:00Z,"(Reuters) - FIFA announced on Thursday that it had agreed a $1.5 billion relief plan to help deal with the impact of the COVID-19 pandemic on the global game. 
FIFA’s plan means world soccer’s governing body will dip into its reserves to provide national federations with a number of grants and interest-free loans to cope with budget hits. 
FIFA had already provided the immediate release of all funds from its ‘Forward’ projects and given the green light for such grants to be used for COVID-19 relief plans with a minimum of 50% of released funds to be allocated to women’s football. 
The third stage of the plans, unanimously backed by the FIFA Council on Thursday, allows for a ‘universal solidarity grant’ of $1 million dollars to all national associations with an additional $500,000 specifically for women’s football. 
Each regional confederation will receive a grant of $2 million. 
FA’s will be able to apply for loans, amounting to up to 35% of their audited, annual revenues up to a maximum of $5 million with confederations able to request up to $4 million. 
“Both grants and loans can be directed by member associations to the wider football community in their respective territories, including clubs, players, leagues, or others that have been affected by COVID,” said FIFA president Gianni Infantino. 
Infantino added that there would be strict controls on the use of funds, audit requirements, as well as clear loan repayment conditions. 
Olli Rehn, the deputy chairman of the FIFA Governance Committee, who is Governor of the Bank of Finland and a member of the Governing Council of the European Central Bank, will head a committee set up to administer the funds. 
The council also backed changes to the calendar to support confederations’ desires to extend international breaks to allow for fixture congestion and rearranged matches. 
Infantino said no decision has yet to be taken on the rescheduling of the new Club World Cup tournament which has been postponed from July 2021 due to the postponement of Euro 2020 and the Copa America. 
The council also gave the green light to a new pan-Arab tournament to be played in 2021 in Qatar as a ‘test event’ for the 2022 World Cup. 
The invitational competition will be contested by Arab nations from Africa and Asia and feature home-based players only. 
The tournament will be held in from 1-18 December 2021 and be run by Qatar’s World Cup organising committee. 
Reporting by Simon Evans; Editing by Christian Radnedge"
19,"{'id': 'reuters', 'name': 'Reuters'}",Reuters Editorial,Tennis-Ivanisevic latest to test positive for COVID-19 - Reuters,Former Wimbledon champion Goran Ivanisevic is the latest to announce he has tested positive for COVID-19 following the ill-fated Adria Tour organised by Novak Djokovic.,https://www.reuters.com/article/healthcoronavirus-tennis-ivanisevic-idUSL8N2E336L,https://s4.reutersmedia.net/resources_v2/images/rcom-default.png,2020-06-26T12:18:00Z,"LONDON, June 25 (Reuters) - Former Wimbledon champion Goran Ivanisevic is the latest to announce he has tested positive for COVID-19 following the ill-fated Adria Tour organised by Novak Djokovic. 
Ivanisevic, who is part of Djokovic’s coaching set-up, said on Instagram that after two negative tests he had now tested positive. 
“I feel good and don’t have any symptoms,” Croatian Ivanisevic, who won Wimbledon as a wildcard in 2001 when he beat Pat Rafter, said. 
“I would like to inform everyone who has been in contact with me that I tested positive and ask them to take extra good care of themselves and their loved ones. 
“I will continue to self-isolate as I have been doing.” 
World number one Djokovic has been criticised after he, Grigor Dimitrov of Bulgaria, Croatia’s Borna Coric and Viktor Troicki of Serbia tested positive after playing in the exhibition tournament in the Balkan region. 
Djokovic’s wife Jelena also tested positive, as did his fitness coach Marco Panichi and Dimitrov’s coach Christian Groh. 
The tournament witnessed packed stands during the opening leg in Belgrade, players hugging at the net, playing basketball, posing for pictures and attending press conferences together. (Reporting by Martyn Herman Editing by Toby Davis)"
