,source,author,title,description,url,urlToImage,publishedAt,content
0,"{'id': 'reuters', 'name': 'Reuters'}",Foo Yun Chee,Factbox: Global COVID-19 fundraising meeting raises $6.9 billion - Reuters,A pledging summit on Saturday raised 6.15 billion euros ($6.9 billion) to tackle COVID-19. The event was part of a joint initiative by the European Commission and the advocacy group Global Citizen and included a star-studded globally televised and streamed co…,https://www.reuters.com/article/us-health-coronavirus-eu-pledge-factbox-idUSKBN23Y0RV,https://s3.reutersmedia.net/resources/r/?m=02&d=20200627&t=2&i=1523845868&w=1200&r=LYNXMPEG5Q0JK,2020-06-27T17:28:00Z,"BRUSSELS (Reuters) - A pledging summit on Saturday raised 6.15 billion euros ($6.9 billion) to tackle COVID-19. The event was part of a joint initiative by the European Commission and the advocacy group Global Citizen and included a star-studded globally televised and streamed concert. 
Pledges by the following countries: 
Belgium - 11.5 million euros to the World Food Programme, 4 million euros to the WHO’s COVID-19 solidarity response fund 
Canada - C$120 million for the ACT Accelerator, C$180 million for COVID-19 humanitarian and development aid 
Denmark - DKK16 million to the United Nations Population Fund 
Economic Community of West African States (ECOWAS) - US$25 million towards West Africa’s COVID-19 relief and development 
European Commission jointly with European Investment Bank - 4.9 billion euros to help countries recover from the pandemic 
Germany - 383 million euros to support the Global Fund’s response mechanism and Global Citizen’s crisis network 
Luxembourg - 800,000 euros to the COVID-19 Therapeutics Accelerator 
Netherlands - 25 million euros for procurement of a vaccine for countries needing it the most 
Norway - $10 million to vaccine alliance GAVI 
Qatar - US$10 million to the WHO 
Serbia - 100,000 euros to vaccine alliance CEPI for vaccine research 
Spain - 10 million euros to the Coronavirus Global Response initiative 
Sweden - 46 million euros to the WHO Solidarity Response Fund 
Switzerland - 20 million euros to ensure equal access to a vaccine and testing 
United States - $545 million for COVID-19 relief 
Reporting by Foo Yun Chee; Editing by Frances Kerry"
1,"{'id': 'reuters', 'name': 'Reuters'}",Reuters Editorial,Factbox: Prominent deaths linked to COVID-19 - Reuters,One of the patriarchs of jazz. Libya's rebel prime minister. The Chinese doctor reprimanded for issuing an early warning about the novel coronavirus. Below is a list of some of the prominent people whose deaths were linked to COVID-19.,https://www.reuters.com/article/us-health-coronavirus-deaths-prominent-f-idUSKBN23Z0VH,https://s4.reutersmedia.net/resources_v2/images/rcom-default.png,2020-06-28T22:26:00Z,"(Reuters) - One of the patriarchs of jazz. Libya’s rebel prime minister. The Chinese doctor reprimanded for issuing an early warning about the novel coronavirus. Below is a list of some of the prominent people whose deaths were linked to COVID-19. 
Patricia Bosworth, the U.S. writer and actor who starred alongside Audrey Hepburn in “The Nun’s Story” in 1959, died on April 2, aged 86. 
Tim Brooke-Taylor, a stalwart of British comedy best known for the 1970s TV show “The Goodies”, died on April 12, aged 79. 
Manu Dibango, the Cameroon-born singer and saxophonist who recorded the hit track “Soul Makossa” in 1972, died in France on March 24, aged 86. 
Pape Diouf, the former president of Ligue 1 soccer club Olympique de Marseille, died aged 68 on March 31. The Senegalese national who moved to Marseille as a teenager died in Dakar. 
Annie Glenn, philanthropist and the widow of pioneering astronaut and U.S. Senator John Glenn, died aged 100 on May 19 at a Minnesota nursing home. 
Dave Greenfield, keyboard player for the British rock group The Stranglers died on May 3, aged 71. He wrote the music for “Golden Brown”, the band’s biggest hit. 
Roy Horn, the magician who starred alongside Siegfried Fischbacher in a popular, long-running Las Vegas act built around rare tigers, died on May 8, aged 75. 
Mahmoud Jibril, who abandoned Muammar Gaddafi to become Libya’s rebel prime minister during the 2011 revolution, died in Cairo on April 5. He was interim leader until the country held its first free elections in four decades in 2012. 
Lee Konitz, the U.S. saxophonist who pioneered “cool” jazz, died on April 15, aged 92. He cut albums with Miles Davis, pianist Bill Evans, sax player Gerry Mulligan and bassist Charles Mingus among many others. 
Li Wenliang, the Chinese doctor who was reprimanded for issuing an early warning about the disease, died on Feb 7. The ophthalmologist at a hospital in Wuhan, the city at the epicentre of the outbreak, said he had tested positive for the coronavirus. 
Ellis Marsalis, one of the patriarchs of jazz as the father of Branford, Wynton, Delfeayo and Jason and a great pianist in his own right, died on April 1 aged 85. 
Terrence McNally, the Tony award-winning playwright known for plays including “Love! Valour! Compassion!” and the musical version of “Kiss of the Spider Woman”, died on March 24, aged 81. 
John Prine, the Grammy-winning singer who wrote his early songs in his head while delivering mail and later emerged from Chicago’s folk revival scene in the 1970s to become one of the most influential songwriters of his generation, died on April 7, aged 73. 
Sergio Rossi, the Italian luxury shoemaker, died on April 2. He was in his 80s. 
Luis Sepúlveda, the Chilean author best known for his book “The Old Man Who Read Love Stories”, died in Spain on April 16, aged 70. 
Ken Shimura, one of Japan’s best-known comedians, died on March 29, aged 70. 
Compiled by Andrew Heavens; Editing by Mike Collett-White"
2,"{'id': 'reuters', 'name': 'Reuters'}",Deena Beasley,FACTBOX-What doctors have learned about fighting COVID-19 - Reuters,"In the six months since an entirely new coronavirus began spreading around the world, doctors and hospitals have learned a lot about how to treat patients with COVID-19, the potentially deadly disease caused by the virus.",https://www.reuters.com/article/health-coronavirus-lessons-idUSL1N2E501V,https://s4.reutersmedia.net/resources_v2/images/rcom-default.png,2020-06-28T18:57:00Z,"(Adds byline) 
By Deena Beasley and Nick Brown 
June 28 (Reuters) - In the six months since an entirely new coronavirus began spreading around the world, doctors and hospitals have learned a lot about how to treat patients with COVID-19, the potentially deadly disease caused by the virus. 
What doctors have learned about fighting COVID-19: 
* Patients are at increased risk of blood clots, and blood thinning agents can help. 
* “Proning” - putting patients on their stomachs to relieve pressure on the lungs - can stave off the need for mechanical ventilation. 
* Besides the respiratory system and lungs, the coronavirus can attack many other organs, including the heart, liver, kidneys, and brain. 
* The most promising treatments so far seem to be the anti-viral remdesivir; dexamethasone, a steroid to treat the body’s inflammatory response to COVID-19; and plasma donated by patients who have antibodies to the disease. 
* More widespread testing and quicker results helps relieve pressure on hospitals. 
* Information-sharing among health professionals worldwide is crucial. 
* Prevention is critical. Doctors are relying on the public to do their part with good hygiene, masks and social distancing. 
Some of the biggest unknowns: 
* Exactly which treatments will work for which patients. 
* How quickly some treatments will gain widespread distribution, especially remdesivir. 
* How long it will take for COVID-19 patients to recover. 
* The long-term effects of the infection. 
“If the best lesson we’ve learned is to turn patients onto their stomachs instead of their backs,” said Valory Wangler, chief medical officer at Rehoboth McKinley Christian Health Care Services, in Gallup, New Mexico, “it means we’re far from a miracle cure.” (Reporting By Deena Beasley and Nick Brown; Editing by Marla Dickerson and William Mallard)"
3,"{'id': 'reuters', 'name': 'Reuters'}",Reuters Editorial,BRIEF-Singapore Edevelopment Says Proved In Vitro Success Of Equivir & 3F Biofragrance Against Covid-19 - Reuters,BRIEF-Singapore Edevelopment Says Proved In Vitro Success Of Equivir & 3F Biofragrance Against Covid-19  Reuters,https://www.reuters.com/article/brief-singapore-edevelopment-says-proved-idUSFWN2E00RR,https://s4.reutersmedia.net/resources_v2/images/rcom-default.png,2020-06-24T10:32:00Z,"June 24 (Reuters) - Singapore eDevelopment Ltd: 
* SINGAPORE EDEVELOPMENT- PROVED IN VITRO SUCCESS OF EQUIVIR &amp; 3F BIOFRAGRANCE AGAINST COVID-19 IN INDEPENDENT LABORATORY TESTING Source text for Eikon: Further company coverage:"
4,"{'id': 'reuters', 'name': 'Reuters'}",Reuters Editorial,"BRIEF-Pharmaust Says Monepantel, Monepantel Sulfone Treatment Reduce COVID-19 Cell-To-Cell Infectivity - Reuters","BRIEF-Pharmaust Says Monepantel, Monepantel Sulfone Treatment Reduce COVID-19 Cell-To-Cell Infectivity  Reuters",https://www.reuters.com/article/brief-pharmaust-says-monepantel-monepant-idUSFWN2E00VH,https://s4.reutersmedia.net/resources_v2/images/rcom-default.png,2020-06-24T01:22:00Z,"June 24 (Reuters) - Pharmaust Ltd: 
* MONEPANTEL &amp; MONEPANTEL SULFONE TREATMENT BOTH REDUCE SARS-COV-2 CELL-TO-CELL INFECTIVITY IN CELL CULTURE 
* VIRUS INFECTIVITY WAS SUPRESSED BY APPROXIMATELY 95% IN CELL CULTURE IN TESTS 
* QUANTITIES OF MONEPANTEL REQUIRED TO INHIBIT COVID-19 VIRUS INFECTIVITY WERE IN CLINICALLY ACCEPTABLE RANGE Source text for Eikon: Further company coverage:"
5,"{'id': 'reuters', 'name': 'Reuters'}",Reuters Editorial,"UPDATE 1-Swiss gov't to assume COVID-19 test costs, launch tracing app - Reuters","UPDATE 1-Swiss gov't to assume COVID-19 test costs, launch tracing app  Reuters",https://www.reuters.com/article/health-coronavirus-swiss-idUSL8N2E13BW,https://s4.reutersmedia.net/resources_v2/images/rcom-default.png,2020-06-24T12:07:00Z,"(Adds further detail and background) 
ZURICH, June 24 (Reuters) - Switzerland’s government will pay for coronavirus testing, it said on Wednesday, as it approved the launch of its proximity tracing app from Thursday to prevent a resurgence of the virus as restrictions are relaxed. 
The government said it would take over costs for all virus and antibody tests, and would simplify the system for testing, effective from Thursday, the same day when an app to alert individuals potentially exposed to the virus will go live. 
Switzerland’s restrictions have been eased in recent weeks, with shops and schools reopening, along with restaurants - although with limits on the number of people allowed to be present. 
Until now, coronavirus tests were partly paid for by the regional governments and individual health insurance schemes, meaning some people had to pay themselves. 
“This scheme has meant that not all patients have been treated the same,” the government said. “There has been a danger that people are not being tested when they have to pay for it themselves.” 
It said it would pay 169 Swiss francs ($178.72) for virus tests and 113 francs for antibody tests. 
So far 1,682 people have died in Switzerland from COVID-19. 
While the country’s infection rate has slowed, with 31,376 people testing positive for the virus, new infections ticked up on Wednesday, according to figures from the Federal Office of Health, with 44 more cases than the day before. 
The government also on Wednesday approved regulations allowing its voluntary COVID-19 tracing appwith which it hopes to alert people potentially infected with the virus, so they can be quarantined and prevent its spreadingto go live. 
Under the system, an infected person enters a code onto their mobile phone, and if they come within 1.5 metres of someone else with the app, a message is sent telling the exposed person they may have caught the virus, so they can be tested. 
The app’s installation is voluntary and potentially exposed persons will only be notified with the express consent of the infected individual, the regulation says. 
Proximity data will be destroyed after 14 days. ($1 = 0.9456 Swiss francs) (Reporting by John Revill; editing by Brenna Hughes Neghaiwi)"
6,"{'id': 'reuters', 'name': 'Reuters'}",Reuters Editorial,UPDATE 1-EasyJet raises $520 mln to bolster COVID-hit finances - Reuters,UPDATE 1-EasyJet raises $520 mln to bolster COVID-hit finances  Reuters,https://www.reuters.com/article/easyjet-results-placing-idUSL8N2E2177,https://s4.reutersmedia.net/resources_v2/images/rcom-default.png,2020-06-25T07:41:00Z,"* Places 59.5 mln new ordinary shares at a 703 pence 
* Shares down 5.4% to 699 pence 
* New equity help boosts liquidity to 3 bln stg (Adds background, share price) 
LONDON, June 25 (Reuters) - Budget airline easyJet has raised about 419 million pounds ($520 million) through a share placing to help bolster its finances after the COVID-19 pandemic devastated the travel industry. 
The new equity will help boost its liquidity to about 3 billion pounds, easyJet said on Thursday, enabling it to survive for many more months even if planes are grounded again, and putting it in a strong position to cope with “protracted recovery scenarios”. 
EasyJet’s planes returned to the air in mid-June, but with a minimal service as lockdowns to contain the pandemic were gradually eased. The airline is hoping to ramp up flying as the year goes on, but demand is being hampered by UK quarantine rules and consumer nervousness. 
Airlines are hoping Britain agrees travel deals with other countries to allow restriction-free movement between some European countries. An announcement could come on or before the quarantine rules are reviewed on June 29. 
EasyJet said it had placed a total of 59.5 million new ordinary shares at 703 pence apiece, after announcing the move late Wednesday. 
Its shares fell 5.4% to 699 pence in early Thursday trading. They have approximately halved in value since the start of the year. 
EasyJet has said it does not expect passenger demand to recover to pre-pandemic levels until 2023 and is planning to axe up to 4,500 jobs. 
Bernstein analyst Daniel Roeska said the airline was already making progress with cost cutting. 
“EasyJet has a compelling proposition of lower cost structures and strong positions in better markets. For investors looking to buy into the recovery in Europe, easyJet should be on the shopping list,” he said in a note. 
British Airways, owned by IAG, has said it needs to shed 12,000 jobs and there has been media speculation that IAG could also raise new equity. 
Qatar Airways, IAG’s biggest shareholder, has said it would inject equity into IAG if needed. 
$1 = 0.8050 pounds
Reporting by Sarah Young and Alistair Smout; editing by James
Davey and Mark Potter"
7,"{'id': 'reuters', 'name': 'Reuters'}",Reuters Editorial,BRIEF-ICT Group's Q2 Productivity Levels Fall Around 5% Due To COVID-19 - Reuters,BRIEF-ICT Group's Q2 Productivity Levels Fall Around 5% Due To COVID-19  Reuters,https://www.reuters.com/article/brief-ict-groups-q2-productivity-levels-idUSFWN2E00W5,https://s4.reutersmedia.net/resources_v2/images/rcom-default.png,2020-06-24T06:17:00Z,"June 24 (Reuters) - ICT GROUP NV: 
* ICT GROUP’S PRODUCTIVITY LEVELS FACED A DECLINE OF APPROXIMATELY 5% IN Q2 TO DATE COMPARED TO Q1 2020 
* THE IMPACT OF COVID-19 IS MORE SIGNIFICANT IN THE SECOND QUARTER 
* IS TAKING MULTIPLE MEASURES TO CUT AND CONTROL COSTS AND TO PRESERVE CASH, INCLUDING THE DECISION TO PROPOSE TO RETAIN ALL 2019 EARNINGS TO TODAY’S AGM 
* DIVERSIFICATION IN REVENUE PORTFOLIO AND MIX IN INDUSTRY SECTORS IS SUPPORTING ICT’S BUSINESS RESILIENCE 
* ACTIVITIES IN BULGARIA AND IN SECTORS INCLUDING PUBLIC INFRASTRUCTURE AND HIGH-TECH ARE HARDLY IMPACTED BY COVID-19, WHILE THE TIME HIRE SERVICES IN INDUSTRIAL AUTOMATION INDUSTRY SECTOR ARE IN PARTICULARLY IMPACTED 
* MANAGEMENT IS CONFIDENT THAT ICT IS WELL POSITIONED TO RETURN TO ITS PRE-COVID-19 PERFORMANCE LEVELS Source text: bit.ly/3hWk57D Further company coverage: (Gdansk Newsroom)"
8,"{'id': 'reuters', 'name': 'Reuters'}",Reuters Editorial,BRIEF-CMS Issues Special Trends Report On Health Insurance Exchange Enrollment Data During Covid-19 - Reuters,BRIEF-CMS Issues Special Trends Report On Health Insurance Exchange Enrollment Data During Covid-19  Reuters,https://www.reuters.com/article/brief-cms-issues-special-trends-report-o-idUSFWN2E20G7,https://s4.reutersmedia.net/resources_v2/images/rcom-default.png,2020-06-25T19:39:00Z,"June 25 (Reuters) - Centers for Medicare &amp; Medicaid Services: 
* CMS ISSUES SPECIAL TRENDS REPORT ON HEALTH INSURANCE EXCHANGE ENROLLMENT DATA DURING COVID-19 
* CMS SAYS IN 2020 ABOUT 487,000 CONSUMERS GAINED COVERAGE THROUGH LOSS OF MINIMUM ESSENTIAL COVERAGE SPECIAL ENROLLMENT PERIOD, UP 46% 
* CMS SAYS LARGEST GAIN IN LOSS OF MEC SEP ENROLLMENTS OCCURRED IN APRIL 2020, WITH ENROLLMENTS INCREASING BY 139% WHEN COMPARED TO APRIL 2019 
* CMS SAYS NUMBER OF CONSUMERS GAINING EXCHANGE COVERAGE THROUGH LOSS OF MEC SEP DROPPED BY ABOUT 1/3RD FROM APRIL TO MAY 2020 
* CMS SAYS NUMBER OF CONSUMERS GAINING EXCHANGE COVERAGE THROUGH LOSS OF MEC SEP IN MAY 2020 CONTINUED TO BE SIGNIFICANTLY HIGHER BY 43% THAN IN MAY 2019 Source text: (go.cms.gov/2Z52iT4)"
9,"{'id': 'engadget', 'name': 'Engadget'}",Engadget,The Morning After: You can buy a Boston Dynamics robot for $75k,"Enterprise software news isn’t usually how we’d start off your morning, but in a world where remote work is more common than ever, Google’s new partnership with Parallels is worth noting. The virtualization company is best known for making Windows software wo…",https://www.engadget.com/spot-robot-oura-ring-google-wifi-morning-after-111510519.html,https://o.aolcdn.com/images/dims?resize=1200%2C630&crop=1200%2C630%2C0%2C0&quality=95&image_uri=https%3A%2F%2Fs.yimg.com%2Fos%2Fcreatr-uploaded-images%2F2020-06%2F834e6a70-ac10-11ea-ac9d-089655aa3bcc&client=amp-blogside-v2&signature=477ec5a31eac7e729673bdf5ab1268596f1a4e1c,2020-06-17T11:15:10Z,"Enterprise software news isn’t usually how we’d start off your morning, but in a world where remote work is more common than ever, Google’s new partnership with Parallels is worth noting. The virtualization company is best known for making Windows software work on Macs, but now it’s going to do the same thing for Google’s cloud-connected Chrome OS.
More information is due in the “coming months,” before the partnership launches this fall, but if the only thing keeping your organization away from Chrome OS is access to Microsoft Office and other apps then that’s about to change.
— Richard
$75,000 will get you a Boston Dynamics Spot robot
The robot dog the internet loves is going on sale.
We’ve seen Boston Dynamics’ four-legged robotic dog, Spot, help triage patients with COVID-19, hold the door for a fellow bot, herd sheep and more. But until now, Spot was only available under short-term lease in Boston Dynamics’ Early Adopter Program. Now, businesses in the US can buy their very own Spot robots. Costs will vary, though. 
The Spot Explorer, designed for developers looking to work with Spot, makes one robot available for $74,500. Additional batteries and add-ons, like LIDAR, can run from $4,620 to $18,450. Spot is meant for commercial and industrial use, and orders are subject to Boston Dynamics’ terms, which require “beneficial use” of the robots.Continue reading.
NBA restart plan includes using Oura rings to catch COVID-19 symptoms
The league’s ‘bubble’ will be full of wearable devices.
As the NBA moves toward restarting its season with players and other personnel isolated at Walt Disney World in Orlando, details of how it hopes to manage the people on site are leaking out. 
The part specifically interesting to us — other than players-only lounges with NBA 2K to play and bracelets that beep if people are within six feet of each other for too long — is its proposed use of Oura’s smart rings. Earlier this month, a study suggested that physiological data from the rings, combined with information obtained from wearers via in-app surveys, can “forecast and predict the onset of COVID-19 related symptoms” three days in advance, with 90 percent accuracy.
According to The Athletic, use of the rings will be optional, and there’s no word on what other data will help track possible symptoms. ESPN reporter Zach Lowe says that if players wear the rings, team personnel will not have access unless it detects an “illness probability score” that triggers a medical review.Continue reading.
The first FDA-approved prescription video game will help kids with ADHD
It will be available from app stores and won't require any special equipment.
The FDA has approved the first video game in the country that can be prescribed as treatment. It’s entitled EndeavorRx, and while it’s not exactly comparable to your favorite AAA video games, it’s designed to improve the attention function of kids with ADHD. To be exact, it was developed for pediatric patients ages 8 to 12 with primarily inattentive or combined-type ADHD.
While users will be able to download it from their mobile devices’ app store — and it doesn’t need any special equipment — it’s intended for use as part of a therapeutic program, which could also include medication and other types of therapy.Continue reading.
Sponsored Content by Stack Commerce"
10,"{'id': 'mashable', 'name': 'Mashable'}",Ray White,Here's what you need to know about Universal Basic Income,"Give a Buck is Mashable's deep dive into Universal Basic Income — an idea gaining currency in a time of pandemic and mass unemployment. Now more than ever, our future depends on whether we can pay the bills.
Known as unconditional, regular cash payments, UBI …",https://mashable.com/video/universal-basic-income-explained/,https://mondrian.mashable.com/2020%252F05%252F05%252F09%252F1ddef6df94eb4d5796ec4d4057caa5b1.4074d.png%252F1200x630.png?signature=kJHr4Pop0_MK3BEfJ-zjf_4yPSg=,2020-05-05T19:52:19Z,"Give a Buck is Mashable's deep dive into Universal Basic Income an idea gaining currency in a time of pandemic and mass unemployment. Now more than ever, our future depends on whether we can pay the bills.
Known as unconditional, regular cash payments, UBI has gained increasing support during the current pandemic."
11,"{'id': 'reuters', 'name': 'Reuters'}",Reuters Editorial,BRIEF-IRCTC Rev & Profitability Likely To Be Adversely Impacted Due To COVID-19 For April-June Qtr - Reuters,BRIEF-IRCTC Rev & Profitability Likely To Be Adversely Impacted Due To COVID-19 For April-June Qtr  Reuters,https://www.reuters.com/article/brief-irctc-rev-profitability-likely-to-idUSFWN2E20KK,https://s4.reutersmedia.net/resources_v2/images/rcom-default.png,2020-06-25T11:39:00Z,"June 25 (Reuters) - Indian Railway Catering and Tourism Corporation Ltd: 
* IMPACT OF COVID-19 ON REVENUE FROM CATERING BUSINESS HAS BEEN MINIMAL IN FY 2019-20 
* SALES OF RAIL NEER IS EXPECTED TO BE LOW IN UPCOMING SIX MONTHS 
* REVENUE FROM CATERING BUSINESS FOR Q1 FY21 MAY BE ADVERSELY EFFECTED 
* COMPANY IS DEBT FREE AND HAS ENOUGH LIQUIDITY FOR ARRANGEMENTS 
* CO'S REVENUES &amp; PROFITABILITY LIKELY TO BE ADVERSELY IMPACTED DUE TO COVID-19 FOR APRIL-JUNE QUARTER OF 2020 Source text: (bit.ly/2YwxV8X) Further company coverage:"
12,"{'id': 'reuters', 'name': 'Reuters'}",Reuters Editorial,Berlin marathon organizers shelve plans for 2020 race - Reuters,"The Berlin Marathon will not take place this year because of the COVID-19 pandemic, organizers said on Wednesday.",https://www.reuters.com/article/us-health-coronavirus-marathon-berlin-idUSKBN23V292,https://s3.reutersmedia.net/resources/r/?m=02&d=20200624&t=2&i=1523344359&w=1200&r=LYNXMPEG5N1ML,2020-06-24T14:57:00Z,"BERLIN (Reuters) - The Berlin Marathon will not take place this year because of the COVID-19 pandemic, organizers said on Wednesday. 
The race had been scheduled for Sept. 26-27 but organizers had said already that it could not go ahead on that date because of Germany’s ban on public gatherings of more than 5,000 people until Oct. 24. 
Reporting by Alan Baldwin in London; Editing by David Goodman"
13,"{'id': 'reuters', 'name': 'Reuters'}",Reuters Editorial,BRIEF-Calmark Says Developing POC-Test To Help Assess Disease Severity For Patients With COVID-19 Patients - Reuters,BRIEF-Calmark Says Developing POC-Test To Help Assess Disease Severity For Patients With COVID-19 Patients  Reuters,https://uk.reuters.com/article/brief-calmark-says-developing-poc-test-t-idUKFWN2E20ZE,https://s4.reutersmedia.net/resources_v2/images/rcom-default.png,2020-06-25T21:57:00Z,"June 25 (Reuters) - Calmark Sweden AB: 
* CALMARK IS DEVELOPING A POC-TEST TO HELP ASSESS DISEASE SEVERITY FOR PATIENTS WITH COVID-19 PATIENTS 
* CALMARK SWEDEN - TO PRIORITIZE DEVELOPMENT OF A DIAGNOSTIC POINT-OF-CARE TEST FOR LACTATE DEHYDROGENASE BIOMARKER AIMED AT ADULT PATIENTS WITH COVID-19 
* CALMARK SWEDEN - LACTATE DEHYDROGENASE BIOMARKER HAS BEEN SHOWN IN SEVERAL STUDIES TO BE HELPFUL IN DETERMINING PROGNOSIS IN PATIENTS WITH COVID-19 Source text for Eikon: Further company coverage:"
14,"{'id': 'reuters', 'name': 'Reuters'}",Reuters Editorial,Report: Rangers staff 'terrified' as virus spreads - Reuters,"Texas Rangers employees told ESPN they are ""terrified"" after several co-workers tested positive for COVID-19.",https://www.reuters.com/article/us-baseball-mlb-tex-coronavirus-fears-idUSKBN23Y0RK,https://s2.reutersmedia.net/resources/r/?m=02&d=20200627&t=2&i=1523845642&w=1200&r=LYNXMPEG5Q0J4,2020-06-27T17:23:00Z,"Texas Rangers employees told ESPN they are “terrified” after several co-workers tested positive for COVID-19. 
The staff members said they hope the organization will allow them to work from home but have felt pressured to report to their offices at the new $1.2 billion Globe Life Field in Arlington. 
“We are terrified for our safety,” an employee who requested anonymity told ESPN. “Terrified to share COVID-19, unknowingly, with an older employee, a pregnant co-worker or anyone else who may have some sort of underlying condition. We all knew it would come to this. It was only a matter of time.” 
More than 100 people work in the team’s executive offices and more than 200 employees are at the stadium on a daily basis, according to the report. 
The team said the offices will be sanitized this weekend and employees can be tested on Monday and Tuesday. 
The Rangers issued a statement Friday acknowledging the recent positive tests for the coronavirus. 
“Over the last 48 hours, the Texas Rangers have received notification that several of our employees have received a positive test for COVID-19. The Rangers immediately began the protocols that we have in place for positive COVID tests, and any employee who had direct contact with these individuals was sent home and will undergo COVID-19 testing,” the statement said. “No individuals will be allowed back into the facility without receiving a negative COVID-19 test. 
“The health and safety of our employees are a top priority, and the Rangers will continue to diligently enforce the pandemic protocols that are in place for front office employees at Globe Life Field. These include temperature checks upon entering the building, mandatory wearing of face coverings, and regular sanitation and cleaning of the Globe Life Field facilities.” 
Texas was among the first states to reopen following coronavirus lockdowns. Employees began returning to work at Globe Life Field in early May. But coronavirus cases in the state have spiked over the past 10 days, with Texas reporting 5,707 new cases on Friday the fourth straight day with more than 5,400. 
Workers told ESPN that social distancing protocols became more difficult to follow and the use of masks became less prevalent as more and more people were allowed at the facility, which began hosting high school graduations in May. 
Texas Gov. Greg Abbott said earlier this week that sports teams could allow attendance of up to 50 percent capacity, which would mean more than 20,000 fans at Globe Life Field when games are scheduled to begin later this month. 
Field Level Media"
15,"{'id': 'reuters', 'name': 'Reuters'}",Reuters Editorial,BRIEF-Victoria Plc Says Group Revenues Over Last Three Weeks About 85% Of Management's Pre-COVID-19 Budget - Reuters,BRIEF-Victoria Plc Says Group Revenues Over Last Three Weeks About 85% Of Management's Pre-COVID-19 Budget  Reuters,https://www.reuters.com/article/brief-victoria-plc-says-group-revenues-o-idUSFWN2E10XA,https://s4.reutersmedia.net/resources_v2/images/rcom-default.png,2020-06-25T06:23:00Z,"June 25 (Reuters) - Victoria PLC: 
* VICTORIA PLC - GROUP REVENUES STEADILY INCREASED AND OVER LAST THREE WEEKS WERE APPROXIMATELY 85% OF MANAGEMENT’S PRE-COVID-19 BUDGET Source text for Eikon: Further company coverage:"
16,"{'id': 'reuters', 'name': 'Reuters'}",Andy Home,COLUMN-COVID-19 hits tin and zinc supply but focus now on copper: Andy Home - Reuters,COVID-19 has generated the most severe demand shock for industrial metals since the financial crisis a decade ago.,https://www.reuters.com/article/metals-supply-ahome-idUSL8N2E32HN,https://s4.reutersmedia.net/resources_v2/images/rcom-default.png,2020-06-26T12:47:00Z,"(The opinions expressed here are those of the author, a columnist for Reuters.) 
* Tin is LME Star Performer: tmsnrt.rs/2VBX4gT
By Andy Home 
LONDON, June 26 (Reuters) - COVID-19 has generated the most severe demand shock for industrial metals since the financial crisis a decade ago. 
The first-round impact came from the lockdown of key demand sectors such as automotive. The second-round hit, which is still playing out, comes from slumping corporate and household confidence as the economic fall-out from the fatal coronavirus travels around the globe. 
But COVID-19 has also affected metals supply in the form of mine and smelter closures due to national quarantine measures. 
The impact is not uniform but rather reflects each metal’s unique supply profile. 
Aluminium production, for example, has been left largely unscathed, with most governments, except Argentina, designating smelters as critical industries that could continue operating. 
Tin and zinc, by contrast, have seen significant disruption, partly because of a particularly hard lockdown in Peru, a major producer of both metals. 
This game of lockdown lottery isn’t over either. 
The focus right now is turning to copper and Chile, the world’s largest producer of the red metal, where the coronavirus appears to be still spreading through the production sector. 
TIN - METAL HIT 
COVID-19 lockdowns at one stage knocked out three of the world’s five largest tin producers outside of China. 
Peru’s Minsur, Bolivia’s EM Vinto and Malaysia Smelting Corp. accounted for a cumulative 55,400 tonnes of production last year, representing 17% of global output. 
All three are vertically integrated producers, meaning both mines and smelters were curtailed, directly affecting the availability of refined tin. 
This has translated into tin being the out-performer of the base metals traded on the London Metal Exchange. (LME) 
Currently trading at $16,800 per tonne, LME three-month tin is now down only 2% since the start of the year. 
It helps that tin supply was already stressed. 
China, the world’s largest producer, has been struggling with a shortage of domestic raw material and disruption to the flow of concentrate from Myanmar, the country’s largest supplier. 
China flipped to being a net importer of refined tin in September last year and it has remained so ever since. Cumulative net imports totalled 2,600 tonnes in the first four months of 2020. Last year, by contrast, it was a net exporter of 3,600 tonnes over the same period. 
With Indonesia’s PT Timah also slashing its 2020 sales target to 55,000 tonnes, it’s evident that COVID-19 has significantly exacerbated existing supply pressures. 
ZINC - MINE HIT 
Measured by mine production, zinc has been hardest hit by lockdowns, particularly that in Peru, a major supplier of concentrates to the world’s smelters. 
Analysts at Macquarie Bank estimate over 500,000 tonnes of lost production, representing more than 4% of global supply. (“COVID-19 base metal supply cuts - June Update”, June 24, 2020) 
JP Morgan analysts have a higher assessment of 790,000 tonnes after factoring in price-related closures. (“Metals Weekly - supply disruption round-up”, June 22, 2020). 
The latter is a reminder that the zinc supply chain was in a very different place to tin before the world first heard of the new coronavirus. 
After a raw materials squeeze in 2017 and 2018, the zinc market was swinging to surplus with Chinese smelters ramping up production and the price sinking. 
This bear narrative has been challenged but remains largely intact, which is why the zinc price reaction to the loss of so much concentrate has been muted. 
Rather, the real turnaround has taken place in the zinc concentrates market segment. 
This year’s benchmark treatment charges, which are charged by a smelter for converting concentrates into refined metal, came in at a 12-year high of $299.97, reflecting an abundance of raw material. 
Spot charges in China, the world’s largest smelting hub, have since fallen to $155 per tonne, according to state metals research house Antaike. 
There are now signs that the cut in concentrates supply is feeding through to refined production, with China’s national output falling by 6% in May relative to April. 
But with mines in Peru now starting to reopen, the impact on full-year refined metal output looks containable. 
For now. 
FOCUS ON COPPER AND CHILE 
Any assessment of how much metal production has been lost due to COVID-19 comes with an important caveat, namely that the virus has been successfully contained in producing countries. 
Which is why copper and Chile are now in focus. 
Although some major Peruvian copper mines were curtailed during lockdown, those in Chile largely carried on operating with the government taking a relatively light touch to a core export earner. 
Chile’s national production of copper actually grew by 3.6% in January-April compared with last year, Macquarie notes. 
Relative to size of market, the bank estimates copper mine supply has been less impacted than either zinc or nickel, while in terms of refined metal supply, copper has experienced the lowest losses among the base metals. 
JP Morgan pegs copper mine losses at around 440,000 tonnes, citing figures from research house CRU, and notes that is still only around 40% of the bank’s allowance for “normal” supply disruption this year. 
But Chile’s light copper quarantine measures may be back-firing as coronavirus cases within the sector increase. 
Unions have been pressuring companies to do more for the safety of their members, particularly those working for state operator Codelco, which has recorded three COVID-19 fatalities. 
The company has just announced it is suspending smelting operations at its Chuquicamata division to focus reduced manpower and resources on maintaining basic mining operations. 
Chuquicamata is Codelco’s second-largest volume operation after El Teniente with production last year of 385,000 tonnes. 
The suspension of smelter operations is “transitory”, the company said, implying a relative quick return to business as usual. 
But the coronavirus, not Codelco, will determine just how long the closure will last and whether the company might have to curtail more operations. 
As JP Morgan notes, “it’s still a bit early to have strong confidence in a view that there will not potentially be a second wave of closures, particularly given the comparatively high rate of infection in Chile and Latin America in general”. 
The key take-away is that COVID-19 is still far from defeated and until it is, the hit to metal supply remains a moving target. 
Editing by Louise Heavens"
17,"{'id': 'reuters', 'name': 'Reuters'}",Reuters Editorial,UPDATE 1-Insurer NN Group sees 100 mln euro hit from COVID-19 on annual profit - Reuters,UPDATE 1-Insurer NN Group sees 100 mln euro hit from COVID-19 on annual profit  Reuters,https://www.reuters.com/article/nn-group-outlook-idUSL8N2E10R3,https://s4.reutersmedia.net/resources_v2/images/rcom-default.png,2020-06-24T06:29:00Z,"(Updates with details, quote from CEO) 
AMSTERDAM, June 24 (Reuters) - Dutch insurer NN Group said on Wednesday it expects an impact of about 100 million euros ($113.14 million) on its operating profit due to the fallout from the COVID-19 outbreak, but solvency remains strong at 227% as of the end of May. 
In an update ahead of an investor day, Chief Executive Officer David Knibbe said the company is targeting cash generation of 1.5 billion euros in 2023. 
“The impact on claims experience so far is limited, as we have no or limited exposure to business interruption, travel and health insurance,” the company said of the coronavirus impact. “Our sales in Europe and Japan will likely be affected, leading to lower premiums, and we expect market volatility to result in lower fee income in our asset management business.” 
NN’s shares closed at 30.13 euros on Tuesday, down 11% so far this year. 
Earlier this month, activist shareholder Elliott Advisors, which holds a 3% stake in NN Group, proposed a series of actions the insurer should take to raise its share price, including “operational improvements, reinsurance transactions and outright business sales”. 
CEO Knibbe said the company considered Elliott’s advice. 
“I don’t have anything exactly to tell you,” Knibbe told reporters on a call. 
“We had constructive meetings with them” as part of broader meetings with stakeholders ahead of the update. 
He said the company had no plans to sell its Japanese operations, one of Elliott’s proposals, because that business is profitable and provides the group with diversity. 
NN Group said it would gradually decrease its exposure to low-yielding investments, which Elliott had recommended. The insurer said it would cut some government bonds holdings in favour of mortgages, loans and real estate. 
NN Group, which reports earnings twice every year, had core profit of 1.8 billion euros in 2019. 
$1 = 0.8839 euros
Reporting by Toby Sterling, Editing by Sherry Jacob-Phillips
and Louise Heavens"
18,"{'id': 'reuters', 'name': 'Reuters'}",Reuters Editorial,BRIEF-NN Group Sees COVID-19 Net Impact Of EUR -100 Mln On Operating Result And OCG - Reuters,BRIEF-NN Group Sees COVID-19 Net Impact Of EUR -100 Mln On Operating Result And OCG  Reuters,https://www.reuters.com/article/brief-nn-group-sees-covid-19-net-impact-idUSFWN2E00VV,https://s4.reutersmedia.net/resources_v2/images/rcom-default.png,2020-06-24T05:27:00Z,"June 24 (Reuters) - NN GROUP NV: 
* ESTIMATED NET IMPACT OF COVID-19 OF EUR -100 MILLION ON 2020 OPERATING RESULT AND OCG; MITIGATING ACTIONS TAKEN TO OFFSET EARNINGS PRESSURE 
* COMPANY IS WELL CAPITALISED WITH AN ESTIMATED SOLVENCY II RATIO OF APPROXIMATELY 227% AT END OF MAY 2020 
* ACCELERATING MANAGEMENT ACTIONS TO GROW OPERATING CAPITAL GENERATION (OCG) TO EUR 1.5 BILLION IN 2023 
* FREE CASH FLOW (FCF) TO BE IN A RANGE AROUND OCG OVER TIME 
* OUR CAPITAL RETURN POLICY OF PROGRESSIVE DIVIDEND PER SHARE AND ANNUAL SHARE BUYBACK OF AT LEAST EUR 250 MILLION PROVIDES CLARITY ON ANNUAL CAPITAL RETURN THAT SHAREHOLDERS CAN EXPECT Source text for Eikon: Further company coverage: (Gdansk Newsroom)"
19,"{'id': 'reuters', 'name': 'Reuters'}",Reuters Editorial,BRIEF-GE Launches New AI Suite To Detect Chest X-Ray Abnormalities Caused By COVID-19 & Tuberculosis - Reuters,BRIEF-GE Launches New AI Suite To Detect Chest X-Ray Abnormalities Caused By COVID-19 & Tuberculosis  Reuters,https://www.reuters.com/article/brief-ge-launches-new-ai-suite-to-detect-idUSFWN2E00LZ,https://s4.reutersmedia.net/resources_v2/images/rcom-default.png,2020-06-23T19:56:00Z,"June 23 (Reuters) - General Electric Co: 
* GE HEALTHCARE LAUNCHES NEW AI SUITE TO DETECT CHEST X-RAY ABNORMALITIES, INCLUDING PNEUMONIA CAUSED BY COVID-19 &amp; TUBERCULOSIS 
* GE HEALTHCARE - INTRODUCED ITS THORACIC CARE SUITE Further company coverage:"
