,source,author,title,description,url,urlToImage,publishedAt,content
0,"{'id': 'reuters', 'name': 'Reuters'}",Reuters Editorial,BRIEF-Calmark Says Developing POC-Test To Help Assess Disease Severity For Patients With COVID-19 Patients - Reuters,BRIEF-Calmark Says Developing POC-Test To Help Assess Disease Severity For Patients With COVID-19 Patients  Reuters,https://www.reuters.com/article/brief-calmark-says-developing-poc-test-t-idUSFWN2E20ZE,https://s4.reutersmedia.net/resources_v2/images/rcom-default.png,2020-06-25T21:57:00Z,"June 25 (Reuters) - Calmark Sweden AB: 
* CALMARK IS DEVELOPING A POC-TEST TO HELP ASSESS DISEASE SEVERITY FOR PATIENTS WITH COVID-19 PATIENTS 
* CALMARK SWEDEN - TO PRIORITIZE DEVELOPMENT OF A DIAGNOSTIC POINT-OF-CARE TEST FOR LACTATE DEHYDROGENASE BIOMARKER AIMED AT ADULT PATIENTS WITH COVID-19 
* CALMARK SWEDEN - LACTATE DEHYDROGENASE BIOMARKER HAS BEEN SHOWN IN SEVERAL STUDIES TO BE HELPFUL IN DETERMINING PROGNOSIS IN PATIENTS WITH COVID-19 Source text for Eikon: Further company coverage:"
1,"{'id': 'reuters', 'name': 'Reuters'}",Reuters Editorial,Global cases of coronavirus exceed 10 million - Reuters,"The number of reported cases of COVID-19 passed the 10 million milestone on Sunday, according to a Reuters tally.",https://www.reuters.com/video/watch/idP$JM?now=true,https://ajo.prod.reuters.tv/api/v2/img/5ef88f56e4b09631f6472ceb-1593347926200?location=LANDSCAPE,2020-06-28T12:44:17Z,"Posted 
The number of reported cases of COVID-19 passed the 10 million milestone on Sunday, according to a Reuters tally."
2,"{'id': 'engadget', 'name': 'Engadget'}",Jon Fingas,Streaming-only movies will be eligible for awards at the 2021 Oscars,"The Academy of Motion Picture Arts and Sciences is easing up on its opposition to streaming movies, however temporarily. Its board of governors has approved a rule change that will make digital-only movies eligible to win Oscars, but just for the current awar…",https://www.engadget.com/streaming-only-movies-can-win-oscars-215555845.html,https://o.aolcdn.com/images/dims?resize=1200%2C630&crop=1200%2C630%2C0%2C0&quality=80&image_uri=https%3A%2F%2Fs.yimg.com%2Fos%2Fcreatr-images%2F2020-02%2F78752e80-49e7-11ea-b595-9316a54f81bc&client=amp-blogside-v2&signature=95438986fd7291b70d7094dae671b4918370ff55,2020-04-28T21:55:55Z,"The Academy of Motion Picture Arts and Sciences is easing up on its opposition to streaming movies, however temporarily. Its board of governors has approved a rule change that will make digital-only movies eligible to win Oscars, but just for the current awards year. There’s no mystery as to why. With the COVID-19 pandemic forcing theaters in Los Angeles (and much of the world) to close, the Academy can’t insist that movies show on big screens for a week before they qualify.
Don’t expect this to change minds, however. Academy leaders Dawn Hudson and David Rubin maintained that there was “no greater way” to experience movies than at a theater, and that this was meant to support “members and colleagues during this time of uncertainty.” When it’s safe to resume theater screenings, the Academy will allow movies that exhibit in cities beyond LA, including Atlanta, Chicago, Miami, New York City and the San Francisco Bay Area."
3,"{'id': 'engadget', 'name': 'Engadget'}",Jon Fingas,Waymo's self-driving vans will return to Bay Area streets on June 8th,Waymo’s plan to resume self-driving operations will soon extend to San Francisco. A spokesperson has confirmed a report in The Verge that Waymo’s autonomous minivans will return to San Francisco Bay Area streets on June 8th. The company isn’t carrying passeng…,https://www.engadget.com/waymo-may-resume-san-francisco-driving-june-8-183821348.html,https://o.aolcdn.com/images/dims?resize=1200%2C630&crop=1200%2C630%2C0%2C0&quality=95&image_uri=https%3A%2F%2Fs.yimg.com%2Fos%2Fcreatr-images%2F2020-05%2F9aaef4a0-a297-11ea-bd6e-e4c52ecd3144&client=amp-blogside-v2&signature=cb4bde6489da729c794b85a27b6c76080802cf81,2020-05-30T18:38:21Z,"Waymo’s plan to resume self-driving operations will soon extend to San Francisco. A spokesperson has confirmed a report in The Verge that Waymo’s autonomous minivans will return to San Francisco Bay Area streets on June 8th. The company isn’t carrying passengers, however. It will instead carry out “charitable delivery support to community partners,” according to the spokesperson. The original report said these would include art kit deliveries for local children as well as services for LightHouse for the Blind and Visually Impaired.
According to the leaked email from Waymo partner Transdev, the resumption will involve gradually ramping up the number of vehicle operators (no more than one per van) while enforcing a “wealth of safety measures and training” that include temperature checks. Drivers can claim exemptions for COVID-19 related issues like pre-existing conditions or childcare issues."
4,"{'id': 'engadget', 'name': 'Engadget'}",Jon Fingas,"T-Mobile asks California to soften 5G, job conditions for Sprint merger",T-Mobile is hoping to ease some of the conditions it agreed to for its merger with Sprint. The carrier has asked California’s Public Utilities Commission to roll back three main requirements. It wants the CPUC to delay 5G coverage and speed targets for 2024 b…,https://www.engadget.com/t-mobile-asks-california-to-ease-sprint-merger-conditions-224011872.html,https://o.aolcdn.com/images/dims?resize=1200%2C630&crop=1200%2C630%2C0%2C0&quality=95&image_uri=https%3A%2F%2Fs.yimg.com%2Fos%2Fcreatr-images%2F2019-11%2Fb2bddb50-0180-11ea-ad07-7b0451a783f1&client=amp-blogside-v2&signature=7d2b267a641d2097b53b3add566be5fad5567411,2020-06-23T22:40:11Z,"T-Mobile is hoping to ease some of the conditions it agreed to for its merger with Sprint. The carrier has asked California’s Public Utilities Commission to roll back three main requirements. It wants the CPUC to delay 5G coverage and speed targets for 2024 by two years, to use FCC testing for commitments instead of a new system and to eliminate a requirement that it adds 1,000 full-time jobs. Not surprisingly, it pins the requested job changes on the COVID-19 pandemic — it may have “long-term effects” on companies like T-Mobile, according to the carrier’s request.
It added that the coverage and speed goals were “out of sync” with each other and weren’t “feasible,” such as tripling speeds from 100Mbps in 2023 to 300Mbps a year later. For testing, T-Mobile maintained that it was already subject to two independent tests and that a third would be “burdensome.”"
5,"{'id': 'engadget', 'name': 'Engadget'}",Richard Lawler,Worldwide smartphone sales showed 'biggest decline ever' in Q1 2020,"The impact of COVID-19 on smartphone sales was drastic, as market analysts noted shipments worldwide dropped by millions in the last few months. While manufacturers are typically nonspecific about sales numbers, IDC’s Quarterly Mobile Phone tracker noted this…",https://www.engadget.com/worldwide-smartphone-sales-showed-biggest-decline-ever-in-q-1-2020-052929564.html,https://o.aolcdn.com/images/dims?resize=1200%2C630&crop=1200%2C630%2C0%2C0&quality=80&image_uri=https%3A%2F%2Fs.yimg.com%2Fos%2Fcreatr-images%2F2020-04%2F9109cfd0-744b-11ea-bffe-732d3f11ec69&client=amp-blogside-v2&signature=7f7547d94f5ca39380000cd3e08eb9723cabb531,2020-05-01T05:29:29Z,"The impact of COVID-19 on smartphone sales was drastic, as market analysts noted shipments worldwide dropped by millions in the last few months. While manufacturers are typically nonspecific about sales numbers, IDC’s Quarterly Mobile Phone tracker noted this was “the largest annual (year over year) decline ever” at about 11.7 percent.
Canalys pegged the worldwide drop in Q1 at 13 percent from last year, while Strategy Analytics saw the numbers plunge by 17 percent. According to Neil Mawston, Executive Director at Strategy Analytics, “Samsung’s global marketshare is holding steady at over 21 percent, and it remains the world’s top smartphone brand.” That continues to be followed by Huawei and Apple, as all the major manufacturers shared in a hit to their sales. The companies that remained flat or showed growth according to the analysts included Xiaomi and Vivo, owing to strong sales in India where some products launched before lockdowns began."
6,"{'id': 'engadget', 'name': 'Engadget'}",Chris Ip,Apple and Google tell health departments their privacy requirements for coronavirus tracking,"Apple and Google have stipulated how public health authorities around the world can use their upcoming coronavirus tracking system in an effort to preserve user privacy. Representatives from the two companies announced today that, in addition to standard revi…",https://www.engadget.com/apple-google-exposure-notification-contact-tracing-privacy-requirements-161538534.html,https://o.aolcdn.com/images/dims?resize=1200%2C630&crop=1200%2C630%2C0%2C0&quality=80&image_uri=https%3A%2F%2Fs.yimg.com%2Fos%2Fcreatr-uploaded-images%2F2020-05%2F91bcd990-8e1d-11ea-8ffb-b55ca33d674a&client=amp-blogside-v2&signature=d2b148856e48106eccb611700b75f0776c8adce6,2020-05-04T16:15:38Z,"The system, which Apple and Google are calling exposure notification, involves anonymous Bluetooth keys exchanged between phones to track potential contact with the coronavirus causing COVID-19. The companies are collaborating on an interoperable API which should be released this month. But the two tech giants won’t be the ones building the actual apps -- that falls to national or regional public health agencies. Apple and Google can therefore build privacy into their API regardless of what varying political regimes may want to do once this functionality rolls out globally.
Last week, the two companies seeded the API to developers in preparation for a full rollout. In the months to come, exposure notification functionality may be built into operating systems, allowing them to be sent out without the use of separate app. And once the pandemic is over, Google and Apple have said they’ll disable the system."
7,"{'id': 'engadget', 'name': 'Engadget'}",Jon Fingas,Sony job listing hints PS5 may launch in October,"Sony hasn’t committed to a more definitive launch window for the PlayStation 5 than “holiday 2020,” but its recruitment efforts might have narrowed things down. As Twitter user Nibel noticed, a Sony Interactive Entertainment job listing in Japan for a global …",https://www.engadget.com/sony-hints-ps5-october-launch-130202403.html,https://o.aolcdn.com/images/dims?resize=1200%2C630&crop=1200%2C630%2C0%2C0&quality=80&image_uri=https%3A%2F%2Fs.yimg.com%2Fos%2Fcreatr-images%2F2020-05%2Fdc057f60-944a-11ea-bcf6-36fa89dcdd57&client=amp-blogside-v2&signature=28d7c26439b75e2c9b1bdce62fa1da679b569c22,2020-05-12T13:02:02Z,"Sony hasn’t committed to a more definitive launch window for the PlayStation 5 than “holiday 2020,” but its recruitment efforts might have narrowed things down. As Twitter user Nibel noticed, a Sony Interactive Entertainment job listing in Japan for a global QCD (quality, cost, delivery) overseer asked the new hire to help with a PS5 launch supposedly scheduled for October 2020. Another example of the listing suggests Sony has stopped hiring for the role, although it’s not clear if that’s due to a successful hire.
Whether or not the PS5 arrives in October is another matter. Outside of the original PlayStation launch, Sony has typically chosen to debut its flagship consoles in November. There’s also the not-so-small question of how the COVID-19 pandemic affects the system’s premiere. Production won’t necessarily be affected at this stage, but late development, distribution and game availability might. Although October is still plausible, we wouldn’t plan our gaming calendars around that month just yet."
8,"{'id': 'engadget', 'name': 'Engadget'}",Steve Dent,Airbus to deploy 'game-changing' bomb-sniffing sensors at airports,"Airbus plans to test an “electronic nose” device that uses biological cells to mimic what bomb-sniffing dogs can do, reports the Financial Times. The company will deploy jellyfish-shaped sensors, developed by Silicon Valley startup Koniku, in several airport …",https://www.engadget.com/airbus-bomb-sniffing-konku-biological-cells-090530551.html,https://o.aolcdn.com/images/dims?resize=1200%2C630&crop=1200%2C630%2C0%2C0&quality=80&image_uri=https%3A%2F%2Fs.yimg.com%2Fos%2Fcreatr-uploaded-images%2F2020-05%2F4ee04f70-8de2-11ea-be6f-c8499d6464ab&client=amp-blogside-v2&signature=bb6bf955620a6de8c3a597f8bb835e13a1518dee,2020-05-04T09:05:30Z,"In light of the COVID-19 pandemic, the companies are also looking into ways to detect biological hazards like contagious viruses. Koniku has touted security as well as medical applications, with sniffers that can detect signs of cancer — in much the same way dogs can detect prostate cancer with extreme accuracy. “You wake up in the morning, you breathe on our device... and we are analyzing, in a longitudinal fashion, your state of health. That is one of our big visions,” Agabi said.
Devices that can supposedly test travelers for traces of dangerous chemicals have met with very limited success, so it’s easy to be skeptical about any new tech. However, the fact that it’s being tested by Airbus is a good sign for Koniku, a relatively small company with just 20 employees. Airbus has been working with Koniku since 2017 and said they plan to create “a game-changing, end-to-end security solution.”"
9,"{'id': 'engadget', 'name': 'Engadget'}",Jon Fingas,Epic cancels 2020 Fortnite World Cup,Epic is the next big game developer cutting physical esports tourneys from its schedule as it deals with the realities of the COVID-19 pandemic. The company has canceled the 2020 Fortnite World Cup outright in addition to moving all other Fortnite events onli…,https://www.engadget.com/epic-cancels-fortnite-world-cup-2020-235339013.html,https://o.aolcdn.com/images/dims?resize=1200%2C630&crop=1200%2C630%2C0%2C0&quality=80&image_uri=https%3A%2F%2Fs.yimg.com%2Fos%2Fcreatr-images%2F2020-04%2Fc77ea990-8b21-11ea-babb-9cc3bbcd45b6&client=amp-blogside-v2&signature=8dc86d0be28001f6dc82560aa79a07f6c1ecbe40,2020-04-30T23:53:39Z,"Epic is the next big game developer cutting physical esports tourneys from its schedule as it deals with the realities of the COVID-19 pandemic. The company has canceled the 2020 Fortnite World Cup outright in addition to moving all other Fortnite events online. While it was no surprise that an in-person event wasn’t going to happen, Epic added that the “limitations of cross region online competition” also made an internet-based tourney impractical.
The company said it was “hopeful” it could put on a Fortnite World Cup in 2021, but was otherwise focusing on FNCS (including official broadcasts) and Cash Cups. Third-party events will get support, but they must be internet-only “until further notice.”"
10,"{'id': 'engadget', 'name': 'Engadget'}",Jon Fingas,Amazon will start reopening French warehouses on May 19th,Amazon’s French warehouses are close to reopening roughly a month after they closed. The internet retailer said it planned a gradual reopening starting on May 19th as it came close to reaching a deal with French unions and work councils on safety measures to …,https://www.engadget.com/amazon-to-reopen-french-warehouses-may-19-005721818.html,https://o.aolcdn.com/images/dims?resize=1200%2C630&crop=1200%2C630%2C0%2C0&quality=80&image_uri=https%3A%2F%2Fs.yimg.com%2Fos%2Fcreatr-images%2F2019-10%2Fd3cd4f70-f65d-11e9-bfff-9acb2bf97a47&client=amp-blogside-v2&signature=a9aa7383bb95de297ca7ad114abbc5ede2ae9bb2,2020-05-17T00:57:21Z,"Amazon’s French warehouses are close to reopening roughly a month after they closed. The internet retailer said it planned a gradual reopening starting on May 19th as it came close to reaching a deal with French unions and work councils on safety measures to protect against COVID-19. It’s not clear just how quickly the facilities will come back online, but it promises to widen deliveries beyond essential items like food and healthcare products.
The shutdowns came after French courts limited shipments to essentials until Amazon conducted risk evaluations at the warehouses. The courts found that Amazon hadn’t provided sufficiently sanitary conditions in some areas, and that it hadn’t factored aspects like mental well-being into its work schedules and teams. Amazon closed the warehouses in part due to alleged ambiguity over the nature of essential products."
11,"{'id': 'engadget', 'name': 'Engadget'}",Rachel England,EPA orders Amazon and eBay to remove products posing as coronavirus remedies,"The Environmental Protection Agency (EPA) has ordered Amazon and eBay to stop selling products that falsely claim to kill coronavirus. Around 70 products were specified in the EPA’s order, including paint stripper, tablets containing chlorine dioxide and disi…",https://www.engadget.com/epa-orders-amazon-and-e-bay-to-remove-products-posing-as-coronavirus-remedies-104539085.html,https://o.aolcdn.com/images/dims?resize=1200%2C630&crop=1200%2C630%2C0%2C0&quality=95&image_uri=https%3A%2F%2Fs.yimg.com%2Fos%2Fcreatr-uploaded-images%2F2020-06%2F14f9ac90-abc7-11ea-9cff-96369c7786e7&client=amp-blogside-v2&signature=67fa0949628a1dd15ce78ddf0290ede292a20741,2020-06-11T10:45:39Z,"The Environmental Protection Agency (EPA) has ordered Amazon and eBay to stop selling products that falsely claim to kill coronavirus. Around 70 products were specified in the EPA’s order, including paint stripper, tablets containing chlorine dioxide and disinfectant sprays, all of which were marketed as antidotes to COVID-19, and in some cases, touted as “preventing epidemics.” Failure to comply with the notice could cost the companies up to $20,288 per sale.
According to the EPA, both companies have a duty of care to their customers, even though these products may be sold by third-party sellers. Speaking to Bloomberg, EPA associate deputy administrator Doug Benevento said, “eBay and Amazon certainly have a legal obligation, but also sort of a corporate obligation to ensure products like this aren’t on their site.” He added that the EPA has targeted the ecommerce marketplaces directly in order to most effectively cut off the sale of products “that are ineffective or potentially dangerous to people.”"
12,"{'id': 'engadget', 'name': 'Engadget'}",Jon Fingas,Boeing poised to start crucial 737 Max flight safety tests tomorrow,Boeing’s troubled 737 Max is reportedly close to a key round of test flights. Reuters and BBC News sources understand Boeing and the FAA are due to start a three-day set of flight safety tests for the airliner on June 29th. The aircraft crew will run a string…,https://www.engadget.com/boeing-737-max-flight-safety-tests-imminent-202918049.html,https://o.aolcdn.com/images/dims?resize=1200%2C630&crop=1200%2C630%2C0%2C0&quality=95&image_uri=https%3A%2F%2Fs.yimg.com%2Fos%2Fcreatr-images%2F2020-06%2F22c2c020-b967-11ea-bbdf-ead807558133&client=amp-blogside-v2&signature=3712e4fd3aa6ed3c2382e5803fa7e3bbdc358d1a,2020-06-28T20:29:18Z,"There’s no guarantee the tests will go smoothly. Boeing has had to push back the 737 Max’s return for months due to software glitches, some of which come from flaws that aren’t related to the behavior that led to two fatal crashes. Even so, it’s progress for an aircraft that has been grounded for over a year.
Any return to the sky would be bittersweet, however. Air travel has been upended due to the COVID-19 pandemic, leaving many airlines to cancel flights, ground aircraft and cut jobs. Boeing had already frozen 737 Max production at the end of 2019. The 737 Max may get the all-clear without many willing carriers, let alone passengers."
13,"{'id': 'business-insider', 'name': 'Business Insider'}",Reuters,"South America has become new COVID-19 epicenter, WHO says","AP Photo/Leo Correa
<ul>
<li>THe World Health Organization announced Friday that South America has become a new epicenter of the COVID-19 pandemic.</li>
<li>Brazil has taken a hard hit from the coronavirus, which causes the respiratory illness known as COVID-…",https://www.businessinsider.com/south-america-has-become-new-covid-19-epicenter-who-says-2020-5,https://i.insider.com/5ec882a73f73701d723e8653?width=1200&format=jpeg,2020-05-23T03:27:40Z,"GENEVA (Reuters) - South America has become a new epicenter of the COVID-19 pandemic with Brazil hardest-hit, while cases are rising in some African countries that so far have a relatively low death toll, the World Health Organization (WHO) said on Friday.
""The COVID-19 pandemic today reached a milestone in Africa, with more than 100,000 confirmed cases. The virus has now spread to every country in the continent since the first case was confirmed in the region 14 weeks ago,"" the WHO said in a statement, noting there were 3,100 confirmed deaths on the vast continent.
Dr. Matshidiso Moeti, WHO regional director for Africa, who is from Botswana, said: ""For now COVID-19 has made a soft landfall in Africa, and the continent has been spared the high numbers of deaths which have devastated other regions of the world.""
Even so, she said, ""We must not be lulled into complacency as our health systems are fragile and are less able to cope with a sudden increase in cases.""
About half of African countries are experiencing community transmission of the virus, the WHO said.
The situation in South America appeared graver. Dr. Mike Ryan, WHO's top emergencies expert, speaking earlier to a news conference, said: ""In a sense South America has become a new epicenter for the disease.""
Brazil is the ""most affected,"" and authorities there have approved broad use of the anti-malarial drug hydroxychloroquine for treatment of COVID-19, he said. He reiterated that clinical evidence does not support the drug's widespread use against the disease, given its risks.
Nine African countries had 50% rises in cases in the past week, while others have seen a decline or have stable rates, Ryan said.
The low mortality rate may be because half the continent's population is 18 or younger, he said, while saying he remains worried the disease will spread on a continent with ""significant gaps"" in intensive care services, medical oxygen and ventilation.
(Reporting by Stephanie Nebehay in Geneva and John Miller in Zurich; Editing by Leslie Adler)
Loading
Something is loading."
14,"{'id': 'cnn', 'name': 'CNN'}",Opinion by Jacqueline Stewart,Opinion: Why we can't turn away from 'Gone with the Wind',"Just before the Covid-19 quarantine, I joined my fellow hosts on Turner Classic Movies for an ""Old Hollywood"" fashion photo shoot for Emmy Magazine. But when the spread came out, I could not bring myself to post the photos to my social media. As an African Am…",https://www.cnn.com/2020/06/12/opinions/gone-with-the-wind-illuminates-white-supremacy-stewart/index.html,https://cdn.cnn.com/cnnnext/dam/assets/200612170845-gone-with-the-wind-jacqueline-stewart-restricted-super-tease.jpg,2020-06-13T01:20:32Z,"Jacqueline Stewart is the host of ""Silent Sunday Nights"" on Turner Classic Movies (TCM) and a professor in the Department of Cinema and Media Studies at the University of Chicago, where she is Director of the Arts + Public Life. She is the author of ""Migrating to the Movies: Cinema and Black Urban Modernity"" and co-editor of ""L.A. Rebellion: Creating a New Black Cinema."" TCM, CNN and HBO Max share the same parent company, WarnerMedia. The views expressed here are hers. Read more opinion on CNN. 
 (CNN)Just before the Covid-19 quarantine, I joined my fellow hosts on Turner Classic Movies for an ""Old Hollywood"" fashion photo shoot for Emmy Magazine. But when the spread came out, I could not bring myself to post the photos to my social media. As an African American cinema and media studies professor, how could I promote the glamour of classic Hollywood when our current media landscape was exploding with scenes of racial crisis? 
Day after day, I scrolled through posts decrying the killings of Ahmaud Arbery, Breonna Taylor and George Floyd. For weeks, video after video showed the escalating protests against police brutality and the brutal treatment of protesters by police. It seemed inappropriate to share shots glorifying Hollywood's golden age in this moment of mourning and mobilization. Moreover, the classic films we showcase on Turner Classic Movies (TCM) have played a major role in perpetuating the racist beliefs that devalue Black lives and normalize the use of excessive force against Black people.
No wonder that many viewers were outraged when HBO Max rolled out with the Civil War romance ""Gone with the Wind"" on its roster. HBO Max has temporarily pulled the film with the intent to return it to their service with additional historical context. 
Originally released in 1939, the film romanticizes slavery as a benign and benevolent institution. Still the highest-grossing film in history when adjusted for inflation, ""Gone with the Wind"" continues to have a profound impact on the ways mainstream audiences visualize the antebellum South and the Reconstruction period that followed the Civil War. 
There have been many highly visible efforts to represent slavery on screen from more historically accurate African American perspectives, from the 1977 miniseries ""Roots"" to Oprah Winfrey's ""Beloved"" (1998) to Steve McQueen's ""12 Years a Slave"" (2013). But ""Gone with the Wind"" endures in popular culture. It is an account of slavery devoid of the physical abuse (save Vivien Leigh's Scarlett O'Hara's legendary slap of Butterfly McQueen's Prissy), the grueling labor and the separation of families. Over the decades, ""Gone with the Wind"" has seen many theatrical re-releases, featured presentations on prime-time network television and spectacularly packaged home video editions. It was the very first film shown on Turner Classic Movies when the network premiered in 1994. And then this behemoth of classic films, clocking in at nearly four hours, made the leap into the world of on-demand streaming. 
Some complained that taking the film down was a form of censorship. For others, seeing ""Gone with the Wind"" featured so prominently in HBO Max's launch felt like salt rubbed into wounds that have never been permitted to heal. These wounds are reopened with every act of anti-Black violence, every delay in justice and every failure to acknowledge the extent of Black suffering. 
But it is precisely because of the ongoing, painful patterns of racial injustice and disregard for Black lives that ""Gone with the Wind"" should stay in circulation and remain available for viewing, analysis and discussion. 
""Gone with the Wind"" is a prime text for examining expressions of white supremacy in popular culture. Based on Margaret Mitchell's blockbuster novel, ""Gone with the Wind"" taps into longstanding myths about the gentility of the antebellum South. The film's lavish costumes, magnificent plantation sets and sweeping Technicolor cinematography render Scarlett O'Hara's romances and economic tribulations in grand melodramatic fashion. 
As the title indicates, ""Gone with the Wind"" looks back nostalgically at idyllic days that are no more (because they never were). By harkening back to the great old days, plantation dramas invite white viewers to imagine appealing but false pedigrees. When working class and poor white viewers identify with a noble white lineage, for example, they might be less likely to form what could be beneficial alliances with their Black working class and poor counterparts. 
The film is also a valuable document of and testimony to Black performance during an era when substantial roles for Black talent were extremely rare in Hollywood films. As film historian Donald Boglehas argued, the extraordinarily talented Black actors in ""Gone with the Wind"" -- particularly Hattie McDaniel in her Oscar-winning performance as Mammy, and Butterfly McQueen as the comically inept Prissy -- bring notable humanity to their stereotypical roles. Too often, these characters are deemed either harmless or harmful. 
Mammy and Prissy are often read either as benign features of a movie that merely reflects its times or as victims of Hollywood's longstanding, pervasive racism. However, when we look carefully at their acting styles, we see how McDaniel and McQueen nuance their characters with their unique facial expressions, gestures, vocal inflections and brands of humor. They ""steal the show,"" to borrow the phrase scholar Miriam Petty uses to describe how Black actors in classic Hollywood films maximize the impact of their minimal roles.
At the same time, ""Gone with the Wind"" illustrates how trenchant racism has restricted Black possibilities, as well as the efforts of well-meaning white allies. Producer David O. Selznick supported Hattie McDaniels' nomination for an Academy Award, believing in the strength of her performance. But he capitulated to Southern sensibilities when he did not include Black cast members at the film's premiere in Atlanta. And at the 12th Academy Awards ceremony, where she became the first Black actor to win an Oscar, McDaniel did not sit at Selznick's table with the rest of the cast. She had to be given special permission by management to enter the whites-only Cocoanut Grove club and was seated at a small table on the side of the room.
A spokesperson for HBO Max noted in a statement that the film's ""racist depictions were wrong then and are wrong today, and we felt that to keep this title up without an explanation and a denouncement of those depictions would be irresponsible."" As the current debates about putting up, taking down, and contextualizing ""Gone with the Wind"" make clear, it is a film that continues to expose deep fissures in our interpretations of American history, film history and the relationship between the two. The film has loyal fans, and it has vocal critics who critique its version of Southern history with the same language Black activists used when they picketed the film 80 years ago. But as I saw at a jam-packed panel discussion on ""The Complicated Legacy of 'Gone with the Wind'"" at the 2019 TCM Classic Film Festival, there are people who love the film, and others who love to hate it, and still others who are nonetheless curious about how other folks respond to it. 
HBO Max will bring ""Gone with The Wind"" back to its line-up, and when it appears, I will provide an introduction placing the film in its multiple historical contexts. For me, this is an opportunity to think about what classic films can teach us. Right now, people are turning to movies for racial re-education, and the top-selling books on Amazon are about anti-racism and racial inequality. If people are really doing their homework, we may be poised to have our most informed, honest and productive national conversations yet about Black lives on screen and off."
15,"{'id': 'cnn', 'name': 'CNN'}",,Trump meets with military leaders. No one wears a mask,"Lawrence Summers, who served in the Obama and Clinton administrations, reacts to photos showing President Donald Trump's meeting with military leaders. No one in the photos was wearing a face mask, following announcements that the CDC director, FDA commission…",https://www.cnn.com/videos/politics/2020/05/10/trump-military-leaders-meeting-no-masks-lawrence-summers-tsr-sot-vpx.cnn,https://cdn.cnn.com/cnnnext/dam/assets/200509205438-trump-joint-chiefs-military-leaders-cabinet-room-may-9-super-tease.jpg,2020-05-10T01:44:44Z,Chat with us in Facebook Messenger. Find out what's happening in the world as it unfolds.
16,"{'id': 'cnn', 'name': 'CNN'}",Opinion by Jeff Yang,Opinion: Breaking the cycle of discrimination against Asian Americans,"It's May -- Asian Pacific American Heritage Month -- a time to celebrate and commemorate this vibrant community. That's not happening now, or at least not in the same way. With Covid-19 making it impossible for us to gather in person, organizations are trying…",https://www.cnn.com/2020/05/08/opinions/coronavirus-apahm-anti-asian-american-discrimination-yang/index.html,https://cdn.cnn.com/cnnnext/dam/assets/200324031520-chinatown-new-york-0315-super-tease.jpg,2020-05-09T02:14:53Z,"Jeff Yang is a frequent contributor to CNN Opinion, a featured writer for Quartz and other publications, and the co-host of the podcast ""They Call Us Bruce."" He co-wrote Jackie Chan's best-selling autobiography, ""I Am Jackie Chan,"" and is the editor of three graphic novels: ""Secret Identities,"" ""Shattered"" and the forthcoming ""New Frontiers."" The opinions expressed in this commentary are his. Read more opinion on CNN.
 (CNN)It's May -- Asian Pacific American Heritage Month -- a time to celebrate and commemorate this vibrant community. That's not happening now, or at least not in the same way. With Covid-19 making it impossible for us to gather in person, organizations are trying to adapt. Film festivals have gone virtual. Theater and music groups are hosting performances from artists' living rooms. Galas are being held as Zoom parties, with links to online auction and donation platforms. 
But technical difficulties are far from the only challenge Asian Americans face today. While the pandemic is showing promising signs of decline in some states, there is evidence to suggest xenophobic hatred that has emerged in its wake is poised to escalate. Asian Americans have reported surging hate crimes and attacks, triggered by the association of Covid-19 with China, where the outbreak was first detected. 
Racial slurs and cultural slander have erupted both online and off, prompted in part by the unfounded beliefs that the outbreak in Wuhan occurred due to poor hygiene or the consumption of strange animals (""bat soup""). When an increasing number of Americans began to fall ill and die, these whisper campaigns sharpened into personal attacks and even physical violence against a wide range of Asians many of whom were mistaken for being Chinese. 
To make matters worse, President Donald Trump has already signaled that he intends to amplify anti-Chinese hysteria and xenophobic hatred as part of his reelection strategy. And it's clear that easing lockdown restrictions in America is only going to create more opportunities for racists to target Asian Americans, with potentially catastrophic results for our communities. 
Here's the problem: Asian American national advocacy organizations were already facing a period of crisis even before the pandemic broke. Initiatives that serve the community have insufficient funding. This has forced groups that have led coalition building across our communities in the past to cut staffing, hampering their ability to organize, and threatening their survival in the future.
This isn't to say our community is standing still or staying quiet. Ad hoc platforms and campaigns have sprung up to respond to these needs. Multicultural marketing agency IW Group brought influencers together to reach hundreds of thousands of viewers with #WashTheHate, an online campaign to raise awareness of racist attacks against Asian Americans and promote solidarity across all communities. Chinese for Affirmative Action and the Asian Pacific Policy and Planning Council launched an online anti-Asian bias tracker that has registered nearly 1,500 incidents to date, providing a useful tool for policy makers to address this problem; Asian American ad agency Admerasia has partnered with these groups to create a site called Racism Is Contagious that tracks verbal and physical assaults against Asians on a regularly updated national map. Gold House, a group of high-profile Asian American celebrities, entrepreneurs and creators, recently unveiled We Are #AllAmericans, a star-studded campaign to push back on racism and xenophobia across all communities, while raising funds for Covid-19 relief. 
These are powerful and vital tools to fight back against the surge in reported racism. But they also reflect a fragmentation of purpose, with different groups launching their own campaigns instead of coalescing behind a single forceful initiative. That kind of unity is what might really be required to counter the dark messages emanating from the highest levels of our federal government, and stoking anti-Asian American sentiments that have recurred too frequently in our history: That we don't belong in this country, that we pose a threat to ""real Americans,"" and that we speak with the voices and faces of an implacable alien enemy. 
""The Covid-19 crisis has shown that we are unprepared to respond (to this kind of crisis),"" Fue Lee, a Hmong American organizer who unseated a longtime incumbent to become a Minnesota state representative in 2016, told me. ""Outreach and engagement were slow, late, and did not reflect the diversity within the Asian American community."" 
Lee found similar concerns among other Asian Pacific American state and locally elected officials, like California state assemblymember David Chiu, who heads the state's Asian Pacific American legislative caucus; New York state assemblymember Yuh-Line Niou; Washington state representative Sharon Tomiko Santos; and Boston city councilor Michelle Wu.
The group has brought together nearly 100 other organizations and prominent AAPI leaders for what they're calling Rise APA a series of town halls taking place throughout the month of May that are designed to elevate the conversation about rising xenophobia and the Covid-19 crisis in Asian Pacific American communities to the national level. The events will feature participants like playwright David Henry Hwang, Pulitzer-winning author Viet Thanh Nguyen and former US Ambassador to China Gary Locke.
But the organizers are looking at these town halls as a springboard, not a destination. Their hope is that once this pandemic is brought under control and the nation begins to reopen, organizers of the Rise APA sessions and the network of leaders supporting it will be able to convene in person to actively discuss a common agenda for the coming decades. 
""We have the chance to speak up not just against this current wave of hatred, but to build the community infrastructure to amplify our voices and leadership for the next generation,"" Boston city councilor Wu told me. 
Because even if this pandemic passes, anti-Asian discrimination and exclusion will likely not. It has emerged throughout American history, and unfortunately there's no reason to believe that this cycle will break on its own. 
""We have seen this all before with the Chinese Exclusion Act, the wartime incarceration of Japanese Americans, the murder of Vincent Chin and post-9/11 anti-Muslim bigotry,"" assemblymember Chiu told me. ""And while our community has come a long way, we have a long way to go. It's clear that we need a united national voice, bridging the tremendous diversity within Asian Pacific America, to both defend against anti-Asian attacks and to proactively set a course for the future."""
17,"{'id': 'cnn', 'name': 'CNN'}",Opinion by Ed Adler,Opinion: I'm over 60. Stop talking about coronavirus 'culling' me,"I was talking to a friend the other day about the pandemic, and we were musing about when we could end our isolation. Now that the world is beginning to reopen prematurely amid rising infection numbers, I have been thinking especially of those of us in our 60…",https://www.cnn.com/2020/06/12/opinions/insensitive-coronavirus-comments-most-vulnerable-people-adler/index.html,https://cdn.cnn.com/cnnnext/dam/assets/200521151706-lonely-senior-stock-super-tease.jpg,2020-06-12T13:42:55Z,"Ed Adler is a partner in a global strategic communications firm. He spent 36 years at Time Warner, many of them as head of the company's corporate communications. The opinions expressed here are his own. Read more opinion articles at CNN. 
 (CNN)I was talking to a friend the other day about the pandemic, and we were musing about when we could end our isolation. Now that the world is beginning to reopen prematurely amid rising infection numbers, I have been thinking especially of those of us in our 60s and older. While the Covid-19 virus attacks all ages, we are among those at greatest risk.
What I realized is that we will not be back to normal for a long, long time. Others will venture out. My son (26) and daughter (22) will surely risk the threat of infection and try to resume some normalcy. But for older folks and those with pre-existing conditions, our isolation must be ongoing. We will be the last to resume activity and continue our lives.
And while we wait, we can hear the echoes of those who care little about our vulnerability. One example: As the virus swept across the US, a city official in Antioch, California, said Covid-19 should be allowed to run its course, even if elderly and homeless people die. Ken Turnage, chairman of the city's planning commission, posted on Facebook that the country needed to adopt a ""Herd Mentality"" that ""allows the sick, the old, the injured to meet its natural course in nature."" 
Turnage, who later deleted the post, refused to resign or retract his comments and was removed from his role. But the remarks shook me.
Not everyone expresses themselves as callously as Turnage. Yet I'm equally appalled by those who've suggested the physically weak should be willing to sacrifice themselves for the future of the economy. Even Dr. Mehmet Oz seemed to incline to that view when in April he told Fox News that school re-openings were an ""appetizing opportunity"" because they ""may only cost us 2 to 3% in terms of total mortality."" He was citing an editorial in The Lancet that said studies had shown school closures alone would reduce Covid-19 deaths in the UK by only 2 to 4 percent according to the New York Times. Oz has since said he ""misspoke,"" but that's little comfort for me, a member of the vulnerable older demographic -- disproportionately dying from the disease who would be sacrificed because of an impatience felt by some to ""open up.""
The term ""culling of the herd"" is a euphemism for a dark strategy to kick-start an economy severely damaged by lockdowns. It also feels like a nice way of saying that my older friends and I could (and some believe should) be allowed to die. Translated, that means we are like bovines who have bad meat and thus should be expendable to save all the other tasty cows and bulls. 
The phrase is chilling. And there is another ugly rancher-influenced turn of phrase that is equally scary to me and my boomer cohorts. It's ""herd immunity."" 
Herd immunity occurs when a high proportion of the population -- an estimated 70% for Covid-19 -- has developed immunity after exposure to the virus, or through vaccination and the protection, somewhat, of the part of the population that is not immune. The problem with allowing the virus to run rampant to achieve that, however, is that allowing that many exposures could also lead to countless complications and deaths worldwide -- especially among the most vulnerable. 
The herd immunity idea was a strategy of the Swedish government to neutralize Covid-19. In the early stage of the pandemic, the concept was also floated by UK Prime Minister Boris Johnson as a way to reduce transmission.
Both governments have since tempered their support for the strategy. But that hasn't stopped the topic from permeating social media. 
As for ""culling,"" this has several meanings. Culling fruits means throwing out damaged pieces before the quality ones are shipped to the store -- or thinning fruit trees to maximize their crops. Culling in terms of animal populations humans, for instance entails hunting or slaughtering the weaker or sick animals to reduce herd numbers. 
It feels like I'm starting to see that word more and more on social media. But for people like me, letting the virus run rampant in the hope of building herd immunity is scary and cruel. 
The country is clearly divided. Many of the pro-Trump base are treating a potentially lethal virus not as science but as a political concoction of the left. Some also don't believe in wearing masks and reject social distancing. 
In a society that has always honored and been oddly enamored of youth and the young, it is not surprising that older folks are deemed disposable by some. But I'm in my 60s and I'm still vibrant. I enjoy working with clients to help them achieve their goals. I'd like to be around to see my kids' marriages and continue to help mentor their careers. I want to hold grandchildren and play with Walter, my grand-dog. 
The folks who are my age and older will be more vulnerable to exposure as society re-opens. College and school students could spread the virus even as they are better able to shake it off. For us, our pre-lockdown pleasures will be a distant memory while we feel our only option is to stay inside and pray for a cure. A doctor friend of mine says it is simply Darwinism and that only the strong will survive. A religious friend says it is biblical. 
I'm not expecting to be able to return to the New York City that I love for its energy, its museums, and because I was born here and raised my children here. Without any treatment or vaccine, I fear that, as activity returns, I will only be able to wait in my apartment and go out alone in a disinfected elevator so I can walk around the block.
We must be aware that this might be the next phase in our nightmare. Other societies honor their elders. Ours needs to stop using callous phrases about culling them."
18,"{'id': 'reuters', 'name': 'Reuters'}",Reuters Editorial,Africa's first coronavirus vaccine trial begins - Reuters,"The first human trials of a vaccine against COVID-19, by the UK's Oxford University in partnership with South Africa's University of the Witwatersrand, began on Wednesday.",https://www.reuters.com/video/watch/idP$6y?now=true,https://ajo.prod.reuters.tv/api/v2/img/5ef48630e4b09631f6472b35-1593083440786?location=LANDSCAPE,2020-06-25T11:53:31Z,"Posted 
The first human trials of a vaccine against COVID-19, by the UK's Oxford University in partnership with South Africa's University of the Witwatersrand, began on Wednesday."
19,"{'id': 'reuters', 'name': 'Reuters'}",Reuters Editorial,Bank of England says may toughen rules for non-banks - Reuters,"Volatility in markets during the COVID-19 shock pointed to underlying issues in the non-bank financial sector, Bank of England Governor Andrew Bailey said on Thursday.",https://www.reuters.com/article/health-coronavirus-britain-boe-idUSS8N2DA01P,https://s4.reutersmedia.net/resources_v2/images/rcom-default.png,2020-06-25T09:51:00Z,"LONDON, June 25 (Reuters) - Volatility in markets during the COVID-19 shock pointed to underlying issues in the non-bank financial sector, Bank of England Governor Andrew Bailey said on Thursday. 
The BoE’s Financial Policy Committee will publish preliminary findings from its assessment of risks from non-banks in early August, Bailey told Britain’s finance minister Rishi Sunak in a letter made available to the media. 
Non-banks can include investment funds and money market funds. 
“Where appropriate, the assessment will identify gaps in resilience in the non-bank financial sector and the potential measures that may be taken to increase resilience,” the letter said. 
Reporting by Huw Jones and David Milliken, Editing by
Catherine Evans"
