,source,author,title,description,url,urlToImage,publishedAt,content
0,"{'id': 'reuters', 'name': 'Reuters'}",Reuters Editorial,Berlin marathon organisers shelve plans for 2020 race - Reuters India,"The Berlin Marathon, one of the world's big six races, will not take place this year because of the COVID-19 pandemic, organisers said on Wednesday.",https://in.reuters.com/article/health-coronavirus-marathon-berlin-idINKBN23V290,https://s2.reutersmedia.net/resources/r/?m=02&d=20200624&t=2&i=1523344240&w=1200&r=LYNXMPEG5N1MG,2020-06-24T15:40:17Z,"BERLIN (Reuters) - The Berlin Marathon, one of the world’s big six races, will not take place this year because of the COVID-19 pandemic, organisers said on Wednesday. 
The race was originally scheduled for Sept. 26-27 but organisers had already said it could not go ahead then because of Germany’s ban on public gatherings of more than 5,000 people until Oct. 24. 
The event is one of a group of leading marathons that also includes Tokyo, Boston, London, Chicago and New York. To date, 11 world records have been set over the streets of the German capital. 
New York on Wednesday also announced the cancellation of the world’s largest marathon on Nov. 1 due to the pandemic. 
“Over the past weeks, we have put a lot of commitment and effort into examining all options for holding the BMW Berlin-Marathon 2020 under the given conditions,” Berlin organisers said in a statement. 
“We worked hard on the development of a hygiene concept and held countless discussions with our experts, the responsible authorities and service providers, among others.” 
The statement said a comprehensive feasibility analysis showed, however, that the marathon could not be held at a later date this year either. 
Weather conditions and shorter days would make it difficult and there was also uncertainty about the regulations after October. 
“The question of whether athletes will be able to travel internationally again by then can also not yet be answered,” said Juergen Lock, managing director of SCC Events. 
Participants will be offered a choice of repayment of the entry fee or a place in next year’s event. 
Reporting by Alan Baldwin in London; Editing by David Goodman and Ken Ferris"
1,"{'id': 'reuters', 'name': 'Reuters'}",Reuters Editorial,Report: Hield one of two Kings to test positive for COVID-19 - Reuters,"Shortly after Sacramento Kings forward Jabari Parker announced Wednesday that he recently tested positive for the coronavirus, The Athletic reported that teammate Buddy Hield also has COVID-19.",https://www.reuters.com/article/us-basketball-nba-sac-hield-coronavirus-idUSKBN23W0EG,https://s4.reutersmedia.net/resources/r/?m=02&d=20200625&t=2&i=1523411635&w=1200&r=LYNXMPEG5O0AS,2020-06-25T03:20:00Z,"Shortly after Sacramento Kings forward Jabari Parker announced Wednesday that he recently tested positive for the coronavirus, The Athletic reported that teammate Buddy Hield also has COVID-19. 
The news comes a day after the NBA began Phase 2 of its return-to-play plan, during which time players are required to be tested for coronavirus. 
Hield, the Kings’ second-leading scorer at 19.8 points per game, played in 82 games last season and didn’t miss a game this season prior to the league’s shutdown due to the virus. He is one of Sacramento’s key players, having averaged 20.3 points and 41.1 percent 3-point shooting since the start of last season. He also won the league’s 3-point contest during All-Star weekend back in February. 
Though neither the team nor Hield confirmed the report, Hield was seen on video earlier this month playing in an adult league in Oklahoma with a gym full of fans. 
As for Parker, he said in a statement, “Several days ago I tested positive for COVID-19 and immediately self-isolated in Chicago which is where I remain. I am progressing in my recovery and feeling well. I look forward to joining my teammates in Orlando as we return to the court for the resumption of the NBA season.” 
Parker, 25, is with his fifth team in the past three seasons. Earlier this season, he played 32 games for the Atlanta Hawks, making 23 starts and averaging 15 points and six rebounds. 
The Hawks traded Parker and center Alex Len to the Kings on Feb. 6 in exchange for center Dewayne Dedmon and two second-round draft picks. Parker appeared in just one game for his new team, finishing with four points and four rebounds against the Grizzlies on Feb. 20. He sat out Sacramento’s last nine games before the NBA season was suspended due to the COVID-19 pandemic. 
The Kings are among the six NBA teams currently outside of a playoff position who will join the 16 currently in postseason positions when the league assembles in early July near Orlando, Fla. 
The 22 invited teams will each play eight regular-season games ahead of the postseason, which could include play-in games for the last spot in each conference depending upon how close the ninth-place teams are. 
Sacramento (28-36) is 3 1/2 games behind the eighth-place Memphis Grizzlies (32-33) in the Western Conference standings."
2,"{'id': 'reuters', 'name': 'Reuters'}",Reuters Editorial,Airline easyJet raises $520 million in share placing - Reuters,Budget airline easyJet on Thursday said it had raised about 419 million pounds ($520.5 million) through a share placing to help it withstand the COVID-19 pandemic.,https://www.reuters.com/article/easyjet-results-placing-idUSASN0008I2,https://s4.reutersmedia.net/resources_v2/images/rcom-default.png,2020-06-25T06:18:00Z,"LONDON, June 25 (Reuters) - Budget airline easyJet on Thursday said it had raised about 419 million pounds ($520.5 million) through a share placing to help it withstand the COVID-19 pandemic. 
The airline said it had placed a total of 59.5 million new ordinary shares at a price of 703 pence per share after announcing the move after the market’s close on Wednesday. 
“The company is pleased by the strong support it has received from existing shareholders and others,” the airline said in a statement. ($1 = 0.8050 pounds) (Reporting by Alistair Smout; editing by James Davey)"
3,"{'id': 'reuters', 'name': 'Reuters'}",Reuters Editorial,EasyJet raises $520 million to bolster COVID-hit finances - Reuters UK,Budget airline easyJet has raised about 419 million pounds through a share placing to help bolster its finances after the COVID-19 pandemic devastated the travel industry.,https://uk.reuters.com/article/uk-easyjet-results-placing-idUKKBN23W11K,https://s2.reutersmedia.net/resources/r/?m=02&d=20200625&t=2&i=1523434238&w=1200&r=LYNXMPEG5O0PE,2020-06-25T07:47:00Z,"LONDON (Reuters) - Budget airline easyJet has raised about 419 million pounds through a share placing to help bolster its finances after the COVID-19 pandemic devastated the travel industry. 
The new equity will help boost its liquidity to about 3 billion pounds, easyJet said on Thursday, enabling it to survive for many more months even if planes are grounded again, and putting it in a strong position to cope with “protracted recovery scenarios”. 
EasyJet’s planes returned to the air in mid-June, but with a minimal service as lockdowns to contain the pandemic were gradually eased. The airline is hoping to ramp up flying as the year goes on, but demand is being hampered by UK quarantine rules and consumer nervousness. 
Airlines are hoping Britain agrees travel deals with other countries to allow restriction-free movement between some European countries. An announcement could come on or before the quarantine rules are reviewed on June 29. 
EasyJet said it had placed a total of 59.5 million new ordinary shares at 703 pence apiece, after announcing the move late Wednesday. 
Its shares fell 5.4% to 699 pence in early Thursday trading. They have approximately halved in value since the start of the year. 
EasyJet has said it does not expect passenger demand to recover to pre-pandemic levels until 2023 and is planning to axe up to 4,500 jobs. 
Bernstein analyst Daniel Roeska said the airline was already making progress with cost cutting. 
“EasyJet has a compelling proposition of lower cost structures and strong positions in better markets. For investors looking to buy into the recovery in Europe, easyJet should be on the shopping list,” he said in a note. 
British Airways, owned by IAG (ICAG.L), has said it needs to shed 12,000 jobs and there has been media speculation that IAG could also raise new equity. 
Qatar Airways, IAG’s biggest shareholder, has said it would inject equity into IAG if needed. 
Reporting by Sarah Young and Alistair Smout; editing by James Davey and Mark Potter"
4,"{'id': 'reuters', 'name': 'Reuters'}",Reuters Editorial,UK government says R estimate remains between 0.7-0.9 - Reuters UK,"The estimated reproduction number for COVID-19 across the whole United Kingdom is unchanged between 0.7 and 0.9, the government said on Thursday, indicating the pandemic is shrinking.",https://uk.reuters.com/article/uk-health-coronavirus-britain-r-idUKKBN23W21O,https://s4.reutersmedia.net/resources_v2/images/rcom-default.png,2020-06-25T13:00:00Z,"LONDON (Reuters) - The estimated reproduction number for COVID-19 across the whole United Kingdom is unchanged between 0.7 and 0.9, the government said on Thursday, indicating the pandemic is shrinking. 
The growth rate was also unchanged at a range of -4% and -2%, and it was estimated below zero in all regions of England. 
Reporting by Alistair Smout; editing by Stephen Addison"
5,"{'id': 'reuters', 'name': 'Reuters'}",Reuters Editorial,"Roche not yet meeting demand for molecular COVID-19 tests, chairman says - Reuters","Swiss drugmaker Roche is unable to meet demand for molecular tests to identify active COVID-19 infections, its chairman told Swiss daily Tagesanzeiger.",https://www.reuters.com/article/us-health-coronavirus-treatments-roche-idUSKBN23Y0EZ,https://s3.reutersmedia.net/resources/r/?m=02&d=20200627&t=2&i=1523827700&w=1200&r=LYNXMPEG5Q0A5,2020-06-27T09:48:00Z,"VIENNA (Reuters) - Swiss drugmaker Roche is unable to meet demand for molecular tests to identify active COVID-19 infections, its chairman told Swiss daily Tagesanzeiger. 
“The demand exceeds our production,” Christoph Franz was quoted as saying in Saturday’s paper. The decision on where tests were shipped to depended, among other things, on infection rates and the availability of diagnostic equipment. 
Demand for its antibody tests, which determine whether people have ever been infected with the coronavirus, can be met as Roche has been boosting production, he said. 
The drugmaker has said that it aims to more than double production of antibody tests to well over 100 million a month by the end of the year. 
Franz said that Roche had started research on a potential drug to treat COVID-19 but added that these efforts were at a very early stage. 
Reporting by Kirsti Knoll, editing by Louise Heavens"
6,"{'id': 'reuters', 'name': 'Reuters'}",Reuters Editorial,"Astrazeneca, Moderna most advanced in COVID-19 vaccine race: WHO - Reuters","Astrazeneca's COVID-19 vaccine candidate is probably the world's leading candidate and most advanced in terms of development, the World Health Organization's chief scientist said on Friday.",https://www.reuters.com/article/us-health-coronavirus-who-development-idUSKBN23X1WA,https://s3.reutersmedia.net/resources/r/?m=02&d=20200626&t=2&i=1523747096&w=1200&r=LYNXMPEG5P19P,2020-06-26T13:42:00Z,"GENEVA (Reuters) - Astrazeneca’s (AZN.L) COVID-19 vaccine candidate is probably the world’s leading candidate and most advanced in terms of development, the World Health Organization’s chief scientist said on Friday. 
Soumya Swaminathan said that Moderna’s (MRNA.O) COVID-19 vaccine candidate was also “not far behind” Astrazeneca’s, among more than 200 candidates, 15 of which have entered clinical trials. 
The WHO is in talks with multiple Chinese manufacturers, including Sinovac (SVA.O), on potential vaccines, she said. 
Swaminathan, speaking to a news briefing, called for considering collaborating on COVID-19 vaccine trials, similar to the WHO’s ongoing Solidarity trial for drugs. 
Reporting by Stephanie Nebehay and Kate Kelland"
7,"{'id': 'reuters', 'name': 'Reuters'}",Reuters Editorial,"China sees uptick in new COVID-19 cases, including 17 in Beijing - Reuters","Mainland China reported on Saturday the highest number of new coronavirus cases in four days, driven by a COVID-19 resurgence in the Chinese capital of Beijing.",https://www.reuters.com/article/us-health-coronavirus-china-cases-idUSKBN23Y01M,https://s4.reutersmedia.net/resources/r/?m=02&d=20200627&t=2&i=1523809889&w=1200&r=LYNXMPEG5Q00X,2020-06-27T01:07:00Z,"BEIJING (Reuters) - Mainland China reported on Saturday the highest number of new coronavirus cases in four days, driven by a COVID-19 resurgence in the Chinese capital of Beijing. 
The National Health Commission reported 21 new confirmed infections in mainland China on Friday, up from 13 a day earlier and the highest since Monday. 
In Beijing, 17 new confirmed cases were reported, up from 11 a day earlier and the most since June 20. 
Since June 11 when Beijing reported its first case in the current outbreak, stemming from a sprawling wholesale food centre in the southwest of the capital, 297 people in the city of more than 20 million have contracted the virus. 
Mainland China reported four new so-called imported cases on Friday, infections linked to travellers arriving from abroad. That compares with two cases a day earlier. 
That took the cumulative number of confirmed cases in mainland China to 83,483. 
Mainland China reported 12 new asymptomatic patients, who tested positive for COVID-19 but showed no clinical symptoms such as a fever, up from five a day earlier. 
The national health authority does not include asymptomatic patients in its tally of confirmed cases. 
The death toll stood at 4,634, unchanged since mid-May. 
Reporting by Ryan Woo and Eve Wu; Editing by William Mallard"
8,"{'id': 'reuters', 'name': 'Reuters'}",Reuters Editorial,"Factbox: Quotes of fear, defiance and hope as the coronavirus pandemic spans the globe - Reuters","Here is a selection of quotes about the global COVID-19 pandemic, which has infected 10 million people and killed nearly 500,000 people so far.",https://www.reuters.com/article/us-health-coronavirus-quotes-factbox-idUSKBN23Z04G,https://s2.reutersmedia.net/resources/r/?m=02&d=20200628&t=2&i=1523869441&w=1200&r=LYNXMPEG5R03E,2020-06-28T04:36:00Z,"(Reuters) - Here is a selection of quotes about the global COVID-19 pandemic, which has infected 10 million people and killed nearly 500,000 people so far. 
BRAZIL 
- President Jair Bolsonaro 
March 24: 
“With my history as an athlete, if I were infected by the virus I would not have to worry. I would feel nothing or, at most, it would be a little flu or a little cold.” 
March 29, after touring streets in the suburbs of Brasilia without a mask: 
“This is the reality: the virus is there. We have to face it, but face it like a man, damn it, not like a kid. We’ll confront the virus with reality. That’s life. We’re all going to die one day.” 
April 28, when asked by journalists about the latest death toll: “So what? I’m sorry, but what do you want me to do?” 
BRITAIN 
- Prime Minister Boris Johnson 
March 3: 
“But at this stage, and with the exception of all of the points I have just mentioned, I want to stress that for the vast majority of the people of this country, we should be going about our business as usual.” 
May 2, in an interview here with The Sun newspaper after falling seriously ill and recovering from COVID-19: 
“It was a tough old moment, I won’t deny it. They had a strategy to deal with a ‘death of Stalin’-type scenario. I was not in particularly brilliant shape and I was aware there were contingency plans in place.” 
“The doctors had all sorts of arrangements for what to do if things went badly wrong.” 
CHINA 
- Zhong Nanshan, head of team investigating coronavirus outbreak at National Health Commission 
Feb. 11: 
“We don’t know why it’s so contagious, so that’s a big problem.” 
- President Xi Jinping 
Feb. 23: 
“The outbreak of novel coronavirus pneumonia will inevitably have a relatively big impact on the economy and society ... For us, this is a crisis and is also a big test.” 
ITALY 
- Silvia Bertuletti, 48, from Bergamo in northern Italy. Her 78-year-old father died on March 19 from COVID-19 
April 5: 
“My father was left to die alone, at home, without help. We were simply abandoned. No one deserves an end like that.” 
- Riccardo Munda, a doctor near Bergamo 
April 5: 
“What led to this situation is that many family doctors didn’t visit their patients for weeks. And I can’t blame them, because that’s how they saved their own skin.” 
- Italian Prime Minister Giuseppe Conte 
Feb 22, when 7 people have died and more than 280 infected in Italy: 
“Italy is a safe country for travel and for tourism, probably safer than many others.” 
March 4, when Italy closed all schools and universities as the virus had killed 107 and infected 3,089 people: 
“Our hospitals, despite their efficiency, risk being overwhelmed, we have a problem with intensive-care units.” 
NEW ZEALAND 
- Prime Minister Jacinda Ardern 
June 8: 
“New Zealanders did something remarkable in our fight to beat COVID-19. We united in unprecedented ways to crush the virus.” 
RUSSIA 
- President Vladimir Putin 
April 8: 
“Everything passes and this will pass. Our country has gone through serious trials more than once: the Pechenegs tormented it, as did the Polovtsy - Russia coped with everything. We will also defeat this coronavirus infection. Together we will overcome it.” 
“I understand fatigue has built up as well as a serious burden of financial, domestic and other everyday problems. Your normal rhythm of life has been broken. For most people it is dreary and nauseous to constantly remain within four walls. But there is no choice now.” 
SPAIN 
- Defence Minister Margarita Robles 
March 24: 
“On some of its visits (to nursing homes), the army has seen some old people, the elderly, absolutely abandoned if they were not dead in their beds.” 
Victor Pedrera, a doctor from a healthcare centre in the Spanish port city of Alicante. 
April 2: 
“I felt totally helpless, because more and more people with respiratory symptoms were coming ... It was like a tsunami movie where you see the wave coming and no one is doing anything.” 
UNITED STATES 
- Arabia Mollette, emergency medical doctor in New York 
“We’re trying to keep our heads above water without drowning. We are scared. We’re trying to fight for everyone else’s life, but we also fight for our lives as well.” 
- President Donald Trump 
Jan. 22: 
“We have it totally under control. It’s one person coming in from China, and we have it under control. It’s going to be just fine.” 
Feb 27: 
“It’s going to disappear. One day, it’s like a miracle, it will disappear.” 
April 23: 
“I see the disinfectant, where it knocks it out in a minute, one minute, and is there a way we can do something like that by injection inside, or almost a cleaning? Because you see it gets in the lungs and it does a tremendous number on the lungs, so it’d be interesting to check that.” 
VATICAN 
- Pope Francis 
Britain's Prime Minister Boris Johnson leaves Downing Street in London, Britain, June 24, 2020. REUTERS/John Sibley
March 27: 
“Thick darkness has gathered over our squares, our streets and our cities. It has taken over our lives, filling everything with a deafening silence and a distressing void that stops everything as it passes by; we feel it in the air ... We find ourselves afraid and lost.” 
“Healing people, not saving (money) to help the economy (is important), healing people, who are more important than the economy. People are temples of the Holy Spirit, the economy is not.” 
Reporting by Reuters bureaus; Compiled by Raissa Kasolowsky; Editing by Mike Collett-White"
9,"{'id': 'reuters', 'name': 'Reuters'}",Reuters Editorial,"U.S. sanctions, coronavirus make for Iran's toughest year - Rouhani - Reuters India",Iranian President Hassan Rouhani said on Sunday that his country is experiencing its toughest year because of U.S. sanctions coupled with the COVID-19 pandemic.,https://in.reuters.com/article/health-coronavirus-iran-economy-idINKBN23Z0AI,https://s4.reutersmedia.net/resources/r/?m=02&d=20200628&t=2&i=1523880214&w=1200&r=LYNXMPEG5R06Y,2020-06-28T09:38:00Z,"DUBAI (Reuters) - Iranian President Hassan Rouhani said on Sunday that his country is experiencing its toughest year because of U.S. sanctions coupled with the COVID-19 pandemic. 
The coronavirus crisis has exacerbated economic problems that worsened after U.S. President Donald Trump withdrew in 2018 from Iran’s nuclear deal with major powers and reimposed sanctions. On Monday, Iran’s rial currency fell to its lowest ever level against the U.S. dollar. 
“It’s been the most difficult year due to the enemy’s economic pressure and the pandemic,” Rouhani said in a televised speech.  
“The economic pressure that began in 2018 has increased ... and today it is the toughest pressure on our dear country.” 
Iran has seen a sharp increase in coronavirus infections and deaths since restrictions to stem the spread of the pandemic were gradually lifted from mid-April. The death toll has recently topped 100 a day for the first time in two months. 
More than 220,000 cases have been confirmed, and over 10,000 deaths. 
Rouhani said wearing of masks will become mandatory for two weeks starting next Sunday in “gathering places” that are deemed “red spots”. 
Senior officials have regularly warned that restrictions will be reimposed if health regulations such as social distancing to stem the surge in infections are not observed. 
Iran launched a campaign on Saturday to motivate a reluctant public to use face masks. 
Editing by Catherine Evans"
10,"{'id': 'reuters', 'name': 'Reuters'}",Reuters Editorial,"Dublin Airport Authority expects up to 1,000 job losses - CEO - Reuters","Dublin Airport Authority, Ireland's largest airport operator, expects COVID-19 to lead to between 750 and 1,000 job losses, Chief Executive Dalton Philips said on Tuesday.",https://www.reuters.com/article/health-coronavirus-ireland-dublinairport-idUSS8N2DI05A,https://s4.reutersmedia.net/resources_v2/images/rcom-default.png,2020-06-23T10:44:00Z,"DUBLIN, June 23 (Reuters) - Dublin Airport Authority, Ireland’s largest airport operator, expects COVID-19 to lead to between 750 and 1,000 job losses, Chief Executive Dalton Philips said on Tuesday. 
The company, which operates Dublin and Cork airports and has operations in 15 other countries, said has been losing 1 million euros ($1.13 million) per day since mid March, Philips told RTE radio. 
He said he expected traffic at its main airports to be about 40% lower in 2021 due to COVID-19 with traffic only returning to pre-pandemic levels by 2023. ($1 = 0.8861 euros) (Reporting by Conor Humphries, editing by Louise Heavens)"
11,"{'id': 'reuters', 'name': 'Reuters'}",Reuters Editorial,Cruise operator Carnival's credit rating cut to junk status by S&P - Reuters,"Rating agency Standard & Poor on Tuesday downgraded bonds of Carnival Corp to junk status, forecasting continued weak demand for the cruise industry hammered by the COVID-19 pandemic.",https://www.reuters.com/article/carnival-ratings-sp-idUSL4N2E041V,https://s4.reutersmedia.net/resources_v2/images/rcom-default.png,2020-06-23T22:01:00Z,"June 23 (Reuters) - Rating agency Standard &amp; Poor on Tuesday downgraded bonds of Carnival Corp to junk status, forecasting continued weak demand for the cruise industry hammered by the COVID-19 pandemic. 
Standard &amp; Poor cut its rating on the world’s biggest cruise operator’s secured bonds to ‘BB+’ from ‘BBB-‘, and its unsecured bonds to ‘BB-‘ from ‘BBB-‘. Both are now regarded as non-investment grade or junk bonds. 
Carnival’s overall issuer credit rating was also lowered to ‘BB-‘ from ‘BBB-‘. Last month, Moody’s Investors Service also cut the company’s rating to junk status. 
Earlier in June, Carnival reported record $4.4 billion in preliminary quarterly losses after its business was crippled by the health crisis, forcing it to take major write-downs on the disposal of some docked ships. 
The company, which in recent weeks fully drew down a $3 billion credit line and issued $6.6 billion in bonds and equity, has also been looking for further waivers on debt repayments due next year, without which it could breach some loan conditions. 
“We forecast that the company’s credit measures will remain very weak through 2021 and anticipate that its adjusted leverage may potentially exceed 10x in 2021 following a significant deterioration in its performance in 2020,” S&amp;P said in a statement. 
S&amp;P has a “BB” issuer credit rating, also a junk status, on Carnival rival Royal Caribbean Corp. (Reporting by Uday Sampath in Bengaluru; Editing by Shinjini Ganguli)"
12,"{'id': 'reuters', 'name': 'Reuters'}",Simon Evans,FIFA agree massive $1.5 billion COVID-19 relief plan - Reuters India,FIFA announced on Thursday that it had agreed a $1.5 billion relief plan to help deal with the impact of the COVID-19 pandemic on the global game.,https://in.reuters.com/article/soccer-worldcup-covid-idINKBN23X0G3,https://s4.reutersmedia.net/resources/r/?m=02&d=20200626&t=2&i=1523690063&w=1200&r=LYNXMPEG5P08V,2020-06-26T03:58:00Z,"(Reuters) - FIFA announced on Thursday that it had agreed a $1.5 billion relief plan to help deal with the impact of the COVID-19 pandemic on the global game. 
FIFA’s plan means world soccer’s governing body will dip into its reserves to provide national federations with a number of grants and interest-free loans to cope with budget hits. 
FIFA had already provided the immediate release of all funds from its ‘Forward’ projects and given the green light for such grants to be used for COVID-19 relief plans with a minimum of 50% of released funds to be allocated to women’s football. 
The third stage of the plans, unanimously backed by the FIFA Council on Thursday, allows for a ‘universal solidarity grant’ of $1 million dollars to all national associations with an additional $500,000 specifically for women’s football. 
Each regional confederation will receive a grant of $2 million. 
FA’s will be able to apply for loans, amounting to up to 35% of their audited, annual revenues up to a maximum of $5 million with confederations able to request up to $4 million. 
“Both grants and loans can be directed by member associations to the wider football community in their respective territories, including clubs, players, leagues, or others that have been affected by COVID,” said FIFA president Gianni Infantino. 
Infantino added that there would be strict controls on the use of funds, audit requirements, as well as clear loan repayment conditions. 
Olli Rehn, the deputy chairman of the FIFA Governance Committee, who is Governor of the Bank of Finland and a member of the Governing Council of the European Central Bank, will head a committee set up to administer the funds. 
The council also backed changes to the calendar to support confederations’ desires to extend international breaks to allow for fixture congestion and rearranged matches. 
Infantino said no decision has yet to be taken on the rescheduling of the new Club World Cup tournament which has been postponed from July 2021 due to the postponement of Euro 2020 and the Copa America. 
The council also gave the green light to a new pan-Arab tournament to be played in 2021 in Qatar as a ‘test event’ for the 2022 World Cup. 
The invitational competition will be contested by Arab nations from Africa and Asia and feature home-based players only. 
The tournament will be held in from 1-18 December 2021 and be run by Qatar’s World Cup organising committee. 
Reporting by Simon Evans; Editing by Christian Radnedge"
13,"{'id': 'reuters', 'name': 'Reuters'}",Reuters Editorial,NBA-Sixteen players in 'self-isolation' after testing positive for COVID-19 - Reuters,"Sixteen NBA players tested positive for COVID-19, the league said on Friday, a little over a month before the 2020 season is set to resume.",https://www.reuters.com/article/us-health-coronavirus-basketball-nba-idUSKBN23X2AJ,https://s4.reutersmedia.net/resources/r/?m=02&d=20200626&t=2&i=1523763528&w=1200&r=LYNXMPEG5P1I9,2020-06-26T15:58:00Z,"NEW YORK (Reuters) - Sixteen NBA players tested positive for COVID-19, the league said on Friday, a little over a month before the 2020 season is set to resume. 
“Any player who tested positive will remain in self-isolation until he satisfies public health protocols for discontinuing isolation and has been cleared by a physician,” the National Basketball Association said in a statement. 
The 16 positive tests were out of 302 players tested on June 23. The league did not disclose the identities of the players. 
Jabari Parker and Alex Len of the Sacramento Kings and Indiana Pacers’ Malcolm Brogdon were confirmed on Wednesday to have tested positive, though it was not immediately clear when their tests took place. 
Kings forward Parker said in a team statement that he had received the diagnosis “several days ago.” 
The NBA is tentatively set to restart its suspended season on July 31 at Disney World in Florida, with players living, practicing and playing at the resort to minimize the risk of exposure to the novel coronavirus. 
Under the plan, 22 of the NBA’s 30 teams will play eight seeding games to determine a 16-team playoff field that would follow the traditional post-season format and crown a champion in October. 
Reporting By Amy Tennery; Editing by Christian Radnedge"
14,"{'id': 'reuters', 'name': 'Reuters'}",Helen Coster,Disney faces pushback on Walt Disney World reopening - Reuters India,"Petitioners are pressing Disney to delay the July 11 reopening of its Orlando, Florida-based Walt Disney World, citing recent spikes in COVID-19 cases in the state.",https://in.reuters.com/article/health-coronavirus-disney-idINKBN23V2NU,https://s3.reutersmedia.net/resources/r/?m=02&d=20200624&t=2&i=1523360229&w=1200&r=LYNXMPEG5N1W7,2020-06-24T17:09:00Z,"(Reuters) - Petitioners are pressing Disney to delay the July 11 reopening of its Orlando, Florida-based Walt Disney World, citing recent spikes in COVID-19 cases in the state. 
By Wednesday, more than 7,000 people had signed the petition, which was created by Katie Belisle, a Disney World Attractions hostess, and addressed to Orlando Mayor Buddy Dyer and Orange County Mayor Jerry Demings. 
“This virus is not gone, unfortunately it’s only become worse in this state,” the petition says. “Having our theme parks remain closed until cases are steadily decreasing would keep our guests, our employees and their families safe.” 
Belisle could not immediately be reached for comment. 
Walt Disney Co (DIS.N) parks have been closed since January to help curb the spread of the novel coronavirus. The company had estimated it lost $1 billion at its theme parks division from January through March. 
“The safety and wellbeing of our cast members and guests are at the forefront of our planning, and we are in active dialogue with our unions on the extensive health and safety protocols, following guidance from public health experts, which we plan to implement as we move toward our proposed, phased reopening,” a Disney spokeswoman said in a statement. 
The Florida petition follows similar pushback from unions representing workers at Disneyland in Anaheim, California, which is planning to reopen on July 17. In a June 18 letter to California Governor Gavin Newsom, the unions said it is still unsafe to open the park. Over 49,500 people have signed a Change.org petition urging Disney to reopen the park at a later date. 
Disney has already reopened its Shanghai Disneyland theme park and has partially reopened its Disney Springs entertainment and shopping complex. Disneyland Paris will begin a phased reopening on July 15. 
When Disney World reopens, guests and employees will be required to wear masks and undergo temperature checks. The resort will suspend parades, fireworks displays and other activities that create crowds. Disney plans to restrict the number of guests, who will be required to reserve their park passes ahead of time. 
Reporting by Helen Coster; editing by Jonathan Oatis"
15,"{'id': 'reuters', 'name': 'Reuters'}",Reuters Editorial,UK ditches quarantine for arrivals from low COVID-19 risk countries - Reuters,"Britain will ditch a 14-day quarantine period for people arriving from countries it deems to be lower risk for COVID-19 , the government said on Friday.",https://www.reuters.com/article/us-health-coronavirus-britain-quarantine-idUSKBN23X2VA,https://s3.reutersmedia.net/resources/r/?m=02&d=20200626&t=2&i=1523794504&w=1200&r=LYNXMPEG5P1VO,2020-06-26T21:32:00Z,"LONDON (Reuters) - Britain will ditch a 14-day quarantine period for people arriving from countries it deems to be lower risk for COVID-19 , the government said on Friday. 
Official travel advice against all but essential travel outside Britain will also be eased for some countries and regions. 
Taken together, these changes will make it easier for Britons to travel abroad for summer holidays. 
The relaxations are the latest taken by the government to unwind emergency measures put in place to stop the spread of COVID-19, as ministers look to limit the economic damage caused by the virus. 
An expert panel will put nations into three categories: green, amber and red. Passengers arriving from green and amber countries will no longer have to quarantine themselves for 14 days after their arrival. 
“Our new risk-assessment system will enable us to carefully open a number of safe travel routes around the world,” a government spokeswoman said. “But we will not hesitate to put on the brakes if any risks re-emerge.” 
The rules for red-category countries will not change. 
The quarantine policy, introduced on June 8, has been heavily criticised by airlines, airports and the hospitality sector who say it deters international travel at a time when they had been hoping for it to recover. 
The categories are due to be announced next week, with the rule changes expected to come into effect the week after. They will be based on factors including prevalence of COVID-19, the trajectory of the disease and the reliability of data. 
Britain said it is likely to discuss this with countries including France, Greece and Spain. 
The Foreign Office will next week announce those countries where it considers the public health risk is no longer unacceptably high. 
Reporting by William James; editing by Stephen Addison"
16,"{'id': 'reuters', 'name': 'Reuters'}",Reuters Editorial,"Quotes of fear, defiance and hope as the coronavirus pandemic spans the globe - Reuters India","Here is a selection of quotes about the global COVID-19 pandemic, which has infected 10 million people and killed nearly 500,000 people so far.",https://in.reuters.com/article/health-coronavirus-quotes-factbox-idINKBN23Z058,https://s2.reutersmedia.net/resources/r/?m=02&d=20200628&t=2&i=1523871944&w=1200&r=LYNXMPEG5R04E,2020-06-28T05:37:00Z,"(Reuters) - Here is a selection of quotes about the global COVID-19 pandemic, which has infected 10 million people and killed nearly 500,000 people so far. 
BRAZIL 
- President Jair Bolsonaro 
March 24: 
“With my history as an athlete, if I were infected by the virus I would not have to worry. I would feel nothing or, at most, it would be a little flu or a little cold.” 
March 29, after touring streets in the suburbs of Brasilia without a mask: 
“This is the reality: the virus is there. We have to face it, but face it like a man, damn it, not like a kid. We’ll confront the virus with reality. That’s life. We’re all going to die one day.” 
April 28, when asked by journalists about the latest death toll: “So what? I’m sorry, but what do you want me to do?” 
BRITAIN 
- Prime Minister Boris Johnson 
March 3: 
“But at this stage, and with the exception of all of the points I have just mentioned, I want to stress that for the vast majority of the people of this country, we should be going about our business as usual.” 
May 2, in an interview here with The Sun newspaper after falling seriously ill and recovering from COVID-19: 
“It was a tough old moment, I won’t deny it. They had a strategy to deal with a ‘death of Stalin’-type scenario. I was not in particularly brilliant shape and I was aware there were contingency plans in place.” 
“The doctors had all sorts of arrangements for what to do if things went badly wrong.” 
CHINA 
- Zhong Nanshan, head of team investigating coronavirus outbreak at National Health Commission 
Feb. 11: 
“We don’t know why it’s so contagious, so that’s a big problem.” 
- President Xi Jinping 
Feb. 23: 
“The outbreak of novel coronavirus pneumonia will inevitably have a relatively big impact on the economy and society ... For us, this is a crisis and is also a big test.” 
ITALY 
- Silvia Bertuletti, 48, from Bergamo in northern Italy. Her 78-year-old father died on March 19 from COVID-19 
April 5: 
“My father was left to die alone, at home, without help. We were simply abandoned. No one deserves an end like that.” 
- Riccardo Munda, a doctor near Bergamo 
April 5: 
“What led to this situation is that many family doctors didn’t visit their patients for weeks. And I can’t blame them, because that’s how they saved their own skin.” 
- Italian Prime Minister Giuseppe Conte 
Feb 22, when 7 people have died and more than 280 infected in Italy: 
“Italy is a safe country for travel and for tourism, probably safer than many others.” 
March 4, when Italy closed all schools and universities as the virus had killed 107 and infected 3,089 people: 
“Our hospitals, despite their efficiency, risk being overwhelmed, we have a problem with intensive-care units.” 
NEW ZEALAND 
- Prime Minister Jacinda Ardern 
June 8: 
“New Zealanders did something remarkable in our fight to beat COVID-19. We united in unprecedented ways to crush the virus.” 
RUSSIA 
- President Vladimir Putin 
April 8: 
“Everything passes and this will pass. Our country has gone through serious trials more than once: the Pechenegs tormented it, as did the Polovtsy - Russia coped with everything. We will also defeat this coronavirus infection. Together we will overcome it.” 
“I understand fatigue has built up as well as a serious burden of financial, domestic and other everyday problems. Your normal rhythm of life has been broken. For most people it is dreary and nauseous to constantly remain within four walls. But there is no choice now.” 
SPAIN 
- Defence Minister Margarita Robles 
March 24: 
“On some of its visits (to nursing homes), the army has seen some old people, the elderly, absolutely abandoned if they were not dead in their beds.” 
Victor Pedrera, a doctor from a healthcare centre in the Spanish port city of Alicante. 
April 2: 
“I felt totally helpless, because more and more people with respiratory symptoms were coming ... It was like a tsunami movie where you see the wave coming and no one is doing anything.” 
UNITED STATES 
- Arabia Mollette, emergency medical doctor in New York 
“We’re trying to keep our heads above water without drowning. We are scared. We’re trying to fight for everyone else’s life, but we also fight for our lives as well.” 
- President Donald Trump 
Jan. 22: 
“We have it totally under control. It’s one person coming in from China, and we have it under control. It’s going to be just fine.” 
Feb 27: 
“It’s going to disappear. One day, it’s like a miracle, it will disappear.” 
April 23: 
“I see the disinfectant, where it knocks it out in a minute, one minute, and is there a way we can do something like that by injection inside, or almost a cleaning? Because you see it gets in the lungs and it does a tremendous number on the lungs, so it’d be interesting to check that.” 
VATICAN 
- Pope Francis 
March 27: 
“Thick darkness has gathered over our squares, our streets and our cities. It has taken over our lives, filling everything with a deafening silence and a distressing void that stops everything as it passes by; we feel it in the air ... We find ourselves afraid and lost.” 
“Healing people, not saving (money) to help the economy (is important), healing people, who are more important than the economy. People are temples of the Holy Spirit, the economy is not.” 
Reporting by Reuters bureaus; Compiled by Raissa Kasolowsky; Editing by Mike Collett-White"
17,"{'id': 'reuters', 'name': 'Reuters'}",Reuters Editorial,"China sees uptick in new COVID-19 cases, including 17 in Beijing - Reuters India","Mainland China reported on Saturday the highest number of new coronavirus cases in four days, driven by a COVID-19 resurgence in the Chinese capital of Beijing.",https://in.reuters.com/article/health-coronavirus-china-cases-idINKBN23Y07M,https://s3.reutersmedia.net/resources/r/?m=02&d=20200627&t=2&i=1523817583&w=1200&r=LYNXMPEG5Q05K,2020-06-27T05:10:00Z,"BEIJING (Reuters) - Mainland China reported on Saturday the highest number of new coronavirus cases in four days, driven by a COVID-19 resurgence in the Chinese capital of Beijing. 
The National Health Commission reported 21 new confirmed infections in mainland China on Friday, up from 13 a day earlier and the highest since Monday. 
In Beijing, 17 new confirmed cases were reported, up from 11 a day earlier and the most since June 20. 
Since June 11 when Beijing reported its first case in the current outbreak, stemming from a sprawling wholesale food centre in the southwest of the capital, 297 people in the city of more than 20 million have contracted the virus. 
Mainland China reported four new so-called imported cases on Friday, infections linked to travellers arriving from abroad. That compares with two cases a day earlier. 
That took the cumulative number of confirmed cases in mainland China to 83,483. 
Mainland China reported 12 new asymptomatic patients, who tested positive for COVID-19 but showed no clinical symptoms such as a fever, up from five a day earlier. 
The national health authority does not include asymptomatic patients in its tally of confirmed cases. 
The death toll stood at 4,634, unchanged since mid-May. 
Reporting by Ryan Woo and Eve Wu; Editing by William Mallard"
18,"{'id': 'reuters', 'name': 'Reuters'}",Reuters Editorial,Roche not yet meeting demand for molecular COVID-19 tests - chairman - Reuters India,"Swiss drugmaker Roche is unable to meet demand for molecular tests to identify active COVID-19 infections, its chairman told Swiss daily Tagesanzeiger.",https://in.reuters.com/article/health-coronavirus-treatments-roche-idINKBN23Y0EJ,https://s4.reutersmedia.net/resources/r/?m=02&d=20200627&t=2&i=1523827447&w=1200&r=LYNXMPEG5Q09Y,2020-06-27T09:35:00Z,"VIENNA (Reuters) - Swiss drugmaker Roche is unable to meet demand for molecular tests to identify active COVID-19 infections, its chairman told Swiss daily Tagesanzeiger. 
“The demand exceeds our production,” Christoph Franz was quoted as saying in Saturday’s paper. The decision on where tests were shipped to depended, among other things, on infection rates and the availability of diagnostic equipment. 
Demand for its antibody tests, which determine whether people have ever been infected with the coronavirus, can be met as Roche has been boosting production, he said. 
The drugmaker has said that it aims to more than double production of antibody tests to well over 100 million a month by the end of the year. 
Franz said that Roche had started research on a potential drug to treat COVID-19 but added that these efforts were at a very early stage. 
Reporting by Kirsti Knoll, editing by Louise Heavens"
19,"{'id': 'reuters', 'name': 'Reuters'}",Reuters Editorial,"U.S. sanctions, coronavirus make for Iran's toughest year - Rouhani - Reuters UK",Iranian President Hassan Rouhani said on Sunday that his country is experiencing its toughest year because of U.S. sanctions coupled with the COVID-19 pandemic.,https://uk.reuters.com/article/uk-health-coronavirus-iran-economy-idUKKBN23Z0AK,https://s4.reutersmedia.net/resources/r/?m=02&d=20200628&t=2&i=1523880301&w=1200&r=LYNXMPEG5R06Z,2020-06-28T09:37:00Z,"DUBAI (Reuters) - Iranian President Hassan Rouhani said on Sunday that his country is experiencing its toughest year because of U.S. sanctions coupled with the COVID-19 pandemic. 
The coronavirus crisis has exacerbated economic problems that worsened after U.S. President Donald Trump withdrew in 2018 from Iran’s nuclear deal with major powers and reimposed sanctions. On Monday, Iran’s rial currency fell to its lowest ever level against the U.S. dollar. 
“It’s been the most difficult year due to the enemy’s economic pressure and the pandemic,” Rouhani said in a televised speech.  
“The economic pressure that began in 2018 has increased ... and today it is the toughest pressure on our dear country.” 
Iran has seen a sharp increase in coronavirus infections and deaths since restrictions to stem the spread of the pandemic were gradually lifted from mid-April. The death toll has recently topped 100 a day for the first time in two months. 
More than 220,000 cases have been confirmed, and over 10,000 deaths. 
Rouhani said wearing of masks will become mandatory for two weeks starting next Sunday in “gathering places” that are deemed “red spots”. 
Senior officials have regularly warned that restrictions will be reimposed if health regulations such as social distancing to stem the surge in infections are not observed. 
Iran launched a campaign on Saturday to motivate a reluctant public to use face masks. 
Editing by Catherine Evans"
