,source,author,title,description,url,urlToImage,publishedAt,content
0,"{'id': 'engadget', 'name': 'Engadget'}",Jon Fingas,Airbnb will lay off 25 percent of its workforce due to COVID-19,"The COVID-19 pandemic has effectively gutted Airbnb’s core business, and the company is taking drastic action to stay afloat while people aren’t travelling. The company has confirmed to TechCrunch that it’s laying off 1,900 employees, or just over 25 percent …",https://www.engadget.com/airbnb-to-lay-off-25-percent-of-workforce-195225679.html,https://o.aolcdn.com/images/dims?resize=1200%2C630&crop=1200%2C630%2C0%2C0&quality=80&image_uri=https%3A%2F%2Fs.yimg.com%2Fos%2Fcreatr-images%2F2020-05%2Fb15d5100-8f06-11ea-b7b2-e33e6b641d99&client=amp-blogside-v2&signature=8d3caec11cdf01a340a0dcb529968db04df80610,2020-05-05T19:52:25Z,"Departing staff will get 14 weeks of pay, plus another week for every year they’ve worked at Airbnb, and will get a year’s worth of health insurance in the US. International workers will get health coverage through the end of 2020. Employees who’ve worked for less than a year can buy their vested share options.
Airbnb has a degree of cushioning. It scrambled to raise capital once the pandemic hit, including $2 billion in debt. All the same, it’s easy to see why the company would cut jobs to such a severe degree. While lockdowns are beginning to lift, it could be a long time until travel resumes in earnest, let alone until enough travellers are comfortable that Airbnb sees pre-pandemic booking levels. The layoffs might help Airbnb survive until that point without having to ask for more money."
1,"{'id': 'engadget', 'name': 'Engadget'}",Christine Fisher,Researchers say Oura rings can predict COVID-19 symptoms three days early,"One of the challenges to curbing the spread of COVID-19 is that asymptomatic individuals, or carriers, can spread the virus before they realize they are infected. In April, researchers from West Virginia University’s (WVU) Rockefeller Neuroscience Institute (…",https://www.engadget.com/west-virginia-university-oura-ring-covid-19-symptoms-003239603.html,https://o.aolcdn.com/images/dims?resize=1200%2C630&crop=1200%2C630%2C0%2C0&quality=95&image_uri=https%3A%2F%2Fs.yimg.com%2Fos%2Fcreatr-uploaded-images%2F2020-06%2F822879c0-a449-11ea-bff7-75c451c341e8&client=amp-blogside-v2&signature=2f29c6af9bb6db7e23016dc36440ea2ff9b4fd7d,2020-06-02T00:32:39Z,"While the platform could be better than nothing, a 90 percent accuracy rate still leaves room for asymptomatic individuals to slip through the cracks. If 1,000 people use the system, 100 people may still get inaccurate results. So while this shows promise and it could indicate the kinds of solutions we’ll have in the future, it may take some time before something like this is ready for real-world use.
“We feel this platform will be integral to protecting our healthcare workers, first responders and communities as we adjust to life in the COVID-19 era,” said Ali Rezai, RNI executive chair.
The platform is currently being tested by more than 600 healthcare professionals and first responders, and RNI is working with partners like Thomas Jefferson University and Vanderbilt University to scale the test to include more than 10,000 participants. 
The study isn’t the only attempt to use the rings to predict COVID-19 infections. Researchers from the University of California San Francisco (UCSF) are also exploring how Oura Ring might be used to detect the virus in emergency medical workers.
“We are hopeful that Oura’s technology will advance how people identify and understand our body’s most nuanced physiological signals and warning signs, as they relate to infectious diseases like COVID-19,” Oura Health CEO Harpreet Rai said in a statement."
2,"{'id': 'engadget', 'name': 'Engadget'}",Mariella Moon,Lime report shows micromobility travel poses the lowest risk of contracting COVID-19,"Lime has teamed up with cardiologist Dr. Mauro Montevecchi to write a white paper, which shows that using shared bikes and scooters — if you don’t have your own — is the best way to travel to avoid COVID-19. Yes, Lime will definitely benefit from people choos…",https://www.engadget.com/lime-report-micromobility-travel-avoid-covid-19-130251959.html,https://o.aolcdn.com/images/dims?resize=1200%2C630&crop=1200%2C630%2C0%2C0&quality=95&image_uri=https%3A%2F%2Fs.yimg.com%2Fos%2Fcreatr-uploaded-images%2F2020-06%2Fe208ca40-b20c-11ea-af9b-3372c9720b4e&client=amp-blogside-v2&signature=ddb61ec73a2381fa64ebdcfe7f67ee2b057a275c,2020-06-19T13:02:51Z,"“The scientific literature suggests that as an open-air mode that allows for social distancing, micromobility carries a much lower baseline risk of transmission than other shared modes,” the company writes. Lime compared shared bikes and scooters with taxi and ride-hailing services for the white paper, showing how going for the latter will put you at a higher risk of infection based on current studies.
Despite having a lower risk of infection, Lime admits that shared scooter and bike operators can further mitigate risks by cleaning their vehicles thoroughly and more frequently. It also suggests educating riders and encouraging them to use alcohol, as well as having employees use PPE when needed."
3,"{'id': 'engadget', 'name': 'Engadget'}",Christine Fisher,UK will begin testing its COVID-19 tracking app this week,"The UK will begin testing its COVID-19 tracking app this week. To start, the National Health Service (NHS) will pilot the app on the Isle of Wight, along with more testing and broader contact tracing efforts, Reuters reports.Health service and council staff o…",https://www.engadget.com/uk-covid-19-contact-tracing-pilot-200130686.html,https://o.aolcdn.com/images/dims?resize=1200%2C630&crop=1200%2C630%2C0%2C0&quality=80&image_uri=https%3A%2F%2Fs.yimg.com%2Fos%2Fcreatr-images%2F2020-05%2F9e671bb0-8e40-11ea-86fd-2404da12d9d7&client=amp-blogside-v2&signature=6b62051eb0f48b0b93c613472f9d4ac99cb354a3,2020-05-04T20:01:30Z,"As previously reported, the UK will break from the Apple-Google “decentralized” approach. Instead, the NHS’s technology group NHSX chose a centralized model, in which a list of contacts made via Bluetooth signals will be stored on users’ devices as anonymous tokens. If a user has symptoms or tests positive, the contacts can be submitted to the app, which analyzes the data and sends notifications if necessary.
While critics say the centralized approach raises privacy concerns, NHSX CEO Matthew Gould told Reuters that the group “put privacy right at the heart” of the app. He explained that the app doesn’t know who users are, where they are or who they’ve been near. Britain’s Information Commissioner Elizabeth Denham pointed out that the centralized approach will allow the UK to gather more insights into the virus, something a decentralized approach might limit.
Just yesterday, France announced that it will begin testing its COVID-19 tracking app beginning May 11th, and Australia has already launched its own version. In the US, a group of senators is working on a bill that would set requirements for data collection and transparency in COVID-19 tracking apps, and Apple and Google have outlined how public health authorities around the world can use their upcoming tracking system to preserve user privacy."
4,"{'id': 'engadget', 'name': 'Engadget'}",Chris Velazco,Apple's growth stalls as it deals with COVID-19's impact,"Apple released its latest earnings this afternoon for the first time since the COVID-19 outbreak began to reshape lives and economies, and the results are unsurprisingly mixed. The company saw slumps in hardware sales almost across the board, but it reported …",https://www.engadget.com/apple-q2-2020-earnings-covid-19-211556715.html,https://o.aolcdn.com/images/dims?resize=1200%2C630&crop=1200%2C630%2C0%2C0&quality=80&image_uri=https%3A%2F%2Fs.yimg.com%2Fos%2Fcreatr-images%2F2020-04%2F3485a6d0-8b20-11ea-bfff-50549d25b0ab&client=amp-blogside-v2&signature=65040fd921156cc71db912f8254e6bf75b7b7cd8,2020-04-30T21:15:56Z,"Apple released its quarterly earnings this afternoon for the first time since the COVID-19 outbreak began to reshape lives and economies, and the results are unsurprisingly mixed. The company saw slumps in hardware sales almost across the board, but it reported a total of $58.3 billion in revenue -- just edging out its performance this time last year.
“Despite COVID-19’s unprecedented global impact, we’re proud to report that Apple grew for the quarter,” CEO Tim Cook said in a statement. 
Today’s results didn’t come out of the blue. Earlier this year, Apple confirmed to its shareholders that it would not meet its previous revenue guidance of between $63 billion and $67 billion because of a “slower return to normal conditions” than the company had anticipated. Cook noted today that, before the coronavirus had begun to reach massive proportions, Apple was expecting a highly successful quarter with revenue near the top of its guidance.
In this past quarter, Apple has continued with its work as best as possible and pushed forward with new product releases, including updated versions of the iPad Pro and MacBook Air. Those devices were released too late to have a significant impact on these results, though. Despite raking in $4.37 billion from its iPad business and $5.35 billion off Mac sales, the company still fell short of the watermark it set this time last year. Since it accounts for the majority of Apple's business, it's little surprise Apple's iPhone business took the brunt of the damage -- sales fell from $31 billion in the year-ago quarter to $28.9 billion this time. Apple didn't elaborate on the cause of this dramatic dip in its initial release, but soft sales in China and coronavirus-related production delays likely contributed to the situation. 
Despite these sales slumps, Apple did report a few successes in this quarter. The company's services business -- which has quickly become one of Apple's most crucial growth areas -- made all-time high $13.3 billion. Sales in Apple's Wearables, Home and Accessories category surged slightly, too, generating $6.3 billion for the company. 
For now at least, Apple seems to be holding everything together quite well, but there's one important thing to remember: This is the last quarter on the books that wasn't completely influenced by the worldwide COVID-19 outbreak. (Apple's Q2 started at the beginning of January 2020, before the coronavirus situation began to spiral.) As a result, the big changes we've all had to grapple with will be more fully reflected in the company's next earnings release. For instance, Apple closed all of its stores outside Greater China on March 13th, two weeks before the end of Q2. The effects of that decision will likely have a huge impact on Apple's next batch of financials, as will the new iPhone SE, which seems well-positioned to help Apple gain ground with value-minded consumers. For now, we'll have to see how things play out; Apple will certainly face questions about the future of its supply chains, production capability and new hardware development during its customary earnings call, and we’ll update this story with any notable tidbits."
5,"{'id': 'engadget', 'name': 'Engadget'}",Ann Smajstrla,Yelp lets businesses share how they're enforcing COVID-19 safety precautions,"As more parts of the world are “reopening,” people may be wondering how service could be different at a local store or restaurant. With this in mind, Yelp has made two major changes: the addition of a COVID-19 business updates section, and waitlist updates fo…",https://www.engadget.com/yelp-lets-businesses-share-covid-19-safety-precautions-110007171.html,https://o.aolcdn.com/images/dims?resize=1200%2C630&crop=1200%2C630%2C0%2C0&quality=95&image_uri=https%3A%2F%2Fs.yimg.com%2Fos%2Fcreatr-uploaded-images%2F2020-06%2F10988190-aaa4-11ea-bfff-99519783fa2f&client=amp-blogside-v2&signature=509dab8292166ddd74def8dde425be71a70c0cd8,2020-06-16T11:00:07Z,"As more parts of the world are “reopening,” people may be wondering how service could be different at a local store or restaurant. With this in mind, Yelp has made two major changes: the addition of a COVID-19 business updates section, and waitlist updates for restaurants. The features went live today and are meant to give consumers more information that will help them and staff stay healthy, Yelp said in an email.
Since late March, Yelp business pages have featured a COVID-19 banner in which businesses can communicate whether they’re temporarily closed, if they’ve adjusted their hours and how they’re operating. Now, the banner has been expanded to the “COVID-19 business updates section,” allowing businesses to share significantly more information. A business can post any updates to service, such as if it’s offering dine-in service, curbside pickup, or both. Businesses can also use the banner to inform customers of any safety measures they’re enacting, such as “enforcing social distancing, sanitizing between customers, mandating staff wear masks and/or gloves, providing hand sanitizer or contactless payment, and more.”"
6,"{'id': 'engadget', 'name': 'Engadget'}",Jon Fingas,Amazon workers sue over alleged failure to follow COVID-19 guidelines,Amazon is facing more scrutiny over its handling of COVID-19 at its warehouses. Workers at the internet retailer’s Staten Island warehouse have filed a lawsuit (via CNBC) accusing the company of failing to follow CDC and New York state public health guideline…,https://www.engadget.com/amazon-workers-sue-over-covid-19-guidelines-164638980.html,https://o.aolcdn.com/images/dims?resize=1200%2C630&crop=1200%2C630%2C0%2C0&quality=95&image_uri=https%3A%2F%2Fs.yimg.com%2Fos%2Fcreatr-images%2F2020-05%2F7bfe3f20-8bdb-11ea-8fd6-3579a0ddf2a9&client=amp-blogside-v2&signature=03f0b5c9ae907925ad4960a51f469d853c608b22,2020-06-07T16:46:38Z,"The lawsuit was filed with the support of groups Make the Road New York, Public Justice and Towards Justice.
We’ve asked Amazon for comment. In a statement to CNBC, it maintained that it followed all national and local health guidelines, including the CDC’s contact tracing approach. The firm reviews camera footage, checks where people were present and conducts interviews, according to a spokesperson. It also insisted that it immediately alerts all workers if there’s a positive case, and that it was up to employees to disclose if they tested positive.
Critics have already contended that Amazon’s approach isn’t enough, though, and doesn’t meet CDC guidelines despite claims to the contrary. Warehouse footage only covers 24 hours (not the 48 hours needed for CDC tracing) and likely doesn’t include high-contact areas like washrooms. It would also break CDC guidelines if it discouraged staff from revealing positive test results. As in the past, then, there appears to be a gap between what Amazon says it’s doing to protect workers and what people say is happening."
7,"{'id': 'engadget', 'name': 'Engadget'}",Christine Fisher,Sonos will lay off 12 percent of its workforce due to COVID-19,Sonos is the latest company to announce layoffs due to the COVID-19 pandemic. It plans to eliminate 12 percent of its global headcount and close its New York retail store and six satellite offices. The company outlined these plans in a filing with the Securit…,https://www.engadget.com/sonos-layoffs-covid-19-145239555.html,https://o.aolcdn.com/images/dims?resize=1200%2C630&crop=1200%2C630%2C0%2C0&quality=95&image_uri=https%3A%2F%2Fs.yimg.com%2Fos%2Fcreatr-uploaded-images%2F2020-06%2Fb267ac60-b627-11ea-831d-cd8f3c26c325&client=amp-blogside-v2&signature=23378d9fcf5af239abc5bab9543c16366d59a4bf,2020-06-24T14:52:39Z,"It isn’t clear exactly how many employees will be laid off. According to Sonos’ investor relations website, it currently has more than 1,450 full-time employees, so about 175 people may lose their jobs.
Since the pandemic began, several companies have made staff cuts. Uber announced plans to lay off as many as 6,700 employees. Lyft cut another 1,000. Airbnb shared plans to lay off 25 percent of its workforce, and Kickstarter will let up to 45 percent of its workers go. MagicLeap and GoPro also saw cuts.
In addition to the layoffs, Sonos’ board has approved a 20 percent reduction in the base salary of Sonos’ CEO through the end of this year. Other executives will see a pay cut through September 30th. All members of the board will forgo their cash retainer for the remainder of 2020. Those changes go into effect July 1st."
8,"{'id': 'engadget', 'name': 'Engadget'}",Jon Fingas,Super Nintendo World theme park opening delayed due to COVID-19,"Universal Studios’ theme park in Japan tentatively reopened to visitors on June 8th, but that doesn’t mean its upcoming Super Nintendo World section will be open on time. NHK says company has indefinitely delayed the Nintendo area’s debut after originally int…",https://www.engadget.com/universal-delays-super-nintendo-world-theme-park-214833102.html,https://o.aolcdn.com/images/dims?resize=1200%2C630&crop=1200%2C630%2C0%2C0&quality=95&image_uri=https%3A%2F%2Fs.yimg.com%2Fos%2Fcreatr-uploaded-images%2F2020-06%2Ff1068a70-b89f-11ea-9faf-28810319db9f&client=amp-blogside-v2&signature=be9f626eeb5d3aab00f39b5886dae84032886473,2020-06-27T21:48:33Z,"Universal Studios’ theme park in Japan tentatively reopened to visitors on June 8th, but that doesn’t mean its upcoming Super Nintendo World section will be open on time. NHK says company has indefinitely delayed the Nintendo area’s debut after originally intending to fling the gates open in late July. It won’t surprise you to hear as to why: Mario and crew are likely to increase the number of visitors, and that’s not what Universal wants while it’s already trying to keep attendance down due to the COVID-19 pandemic.
The company is only allowing park visitors from the surrounding Kansai region and has effectively cut visitor numbers in half."
9,"{'id': 'engadget', 'name': 'Engadget'}",Igor Bonifacic,Germany's voluntary contract tracing app is available to download,"As expected, Germany has become the latest European country to launch a COVID-19 contact tracing app. German residents can download the country’s Corona-Warn-App starting today on iOS and Android -- though the government is not making it mandatory to do so. T…",https://www.engadget.com/germany-corona-warn-app-now-available-151221282.html,https://o.aolcdn.com/images/dims?resize=1200%2C630&crop=1200%2C630%2C0%2C0&quality=95&image_uri=https%3A%2F%2Fs.yimg.com%2Fos%2Fcreatr-uploaded-images%2F2020-06%2Ff65a8770-afde-11ea-bfee-f95e096a5391&client=amp-blogside-v2&signature=6e1e4831198014634bc8e89c943dc0e96704d7be,2020-06-16T15:12:21Z,"According to the Associated Press, the government spent €20 million (approximately $22.5 million) funding the development of the app. Moving forward, it expects to spend another €2.5 million to €3.5 million per month operating the software. 
As in other countries, the app is meant to complement conventional contract tracing efforts wherein medical professionals reach out to people who may have come in contact with a COVID-19 patient. The software uses Bluetooth LE to record when the user passes someone else who has the app installed on their phone. It also notes how long they've been near one another. Should a user of the app test positive for COVID-19, it will inform anyone they've been in contact with for longer than 15 minutes. Governments worldwide see smartphone contract tracing apps as an essential tool in stopping a potential second wave of COVID-19 cases, but they need widespread adoption to be useful. 
Besides low adoption, other issues may hamper the effectiveness of the app. Not all of Germany's clinics can transmit test results electronically. In those instances, people who test positive for COVID-19 will need to phone a national hotline to sync their apps properly. There's a worry some people may call the hotline to troll people who have the app installed on their phone. At launch, the software also isn't compatible with the contract tracing apps other European governments have deployed in their countries; roaming functionality is something Germany plans to add some time in the next few weeks. 
Still, a lot is riding on the success of the app. According to tracking by Johns Hopkins University, the country has had 188,213 confirmed COVID-19 cases and 8,814 deaths to date, meaning it has had both fewer cases and deaths than Italy and the UK. But with the government easing travel restrictions and events like IFA coming up, there's a chance for the coronavirus to flare up again."
10,"{'id': 'cnn', 'name': 'CNN'}",Opinion by David A. Andelman,"Uh oh, Putin's following Trump's Covid playbook",Russian President Vladimir Putin seems to be following some of the central pages of President Donald Trump's playbook. And the results seem to be heading in an even more catastrophic direction.,https://www.cnn.com/2020/05/11/opinions/putin-covid-19-coronavirus-trump-playbook-andelman/index.html,https://cdn.cnn.com/cnnnext/dam/assets/200429191720-putin-coronavirus-0428-super-tease.jpg,2020-05-11T22:57:36Z,"David A. Andelman, executive director of The Red Lines Project, is a contributor to CNN, where his columns won the Deadline Club Award for best opinion writing. Author of ""A Shattered Peace: Versailles 1919 and the Price We Pay Today,"" and the forthcoming ""A Red Line in the Sand: Diplomacy, Strategy and a History of Wars That Almost Happened,"" he was formerly a foreign correspondent for The New York Times and CBS News in Europe and Asia. Follow him on Twitter @DavidAndelman. The views expressed in this commentary are his own. View more opinion on CNN.
 (CNN)Russian President Vladimir Putin seems to be following some of the central pages of President Donald Trump's playbook. And the results seem to be heading in an even more catastrophic direction. 
In the past seven days, the World Health Organization reports that Russia has added over 75,000 coronavirus cases, more than double the nearest European nation, the United Kingdom. Even more troubling: The growth rate of the disease was 56%. Moscow has become the epicenter of the pandemic in the country, with only scattered clusters in other major cities like St. Petersburg, and as far as some oil and gas fields in the more remote reaches of Siberia.
In Moscow, the mayor himself has conceded that numbers may be vastly under-counted. Last week, in an interview on Russia 24 television, Sergey Sobyanin said he believes the real Covid-19 count in his city was around 300,000, or more than triple the official government count of 92,676. A new Financial Times study even estimates that death toll may be higher than the official count by as much as 70%. And indeed, residents are largely taking to heart the government's warning to social distance and stay at home. 
""Sometimes I'll be walking around and it seems like it's the middle of the night and somebody just turned the lights on,"" David Grout, a translator, musician, and longtime American resident of Moscow said in a Zoom interview, describing how empty the usually crowded streets are these days. Use of masks is frequent, he said, adding that the city's center ""has its own sort of rules.""
Indeed, in St. Petersburg, Susan Katz, a longtime American citizen married to a Russian, told me that she estimates barely 10% of people on the streets wear masks. Starting on Tuesday, she said, masks will be required in St. Petersburg. There is officially a ban on people going to parks, but only some have yellow tape around them, and the weather has been idyllic as spring began arriving. She has seen few police on the streets enforcing any regulations. 
Which suggests the first page in Putin's playbook. The president is clearly stepping back from what rapidly seems to be turning into the greatest single challenge to his presidency, placing administration of the crisis in the hands of governors and mayors, most of whom owe their job to him in any event. 
Putin himself has largely disappeared from public view, confining his appearances to an occasional broadcast from a windowless room in his residence against a drab backdrop. In part, Putin's seclusion may be attributed to the fact that his minister of construction Vladimir Yakushev, culture minister Olga Lyubimova, and prime minister, Mikhail Mishustin, all have come down with the coronavirus. 
On Saturday, Putin who loves vast displays of power and ceremony, told his people they were ""invincible."" These words were meant to have been spoken at a very different venue--the lavish May 9 celebration of Victory Day, the 75th anniversary of the end of World War II that was to have featured a parade through Red Square with Emmanuel Macron and Xi Jinping at his side. Canceled. Earlier, a nationwide referendum for a constitutional change that would effectively have bestowed on him presidency for life was postponed indefinitely. And, perhaps most troubling, his approval rating has plunged to 59% -- the lowest in 20 years, according to the independent Levada Center.
While officially, the government is doing all the right things to stem the vast economic impact of the coronavirus, these measures are not taking hold on large stretches of the population that are most seriously impacted. ""Putin not only doesn't control the situation, but he cannot even plan how to change the agenda,"" Nikolai Petrov, a senior research fellow at the British think tank Chatham House told The Guardian newspaper. ""He cannot adjust ... I think partly Putin's lack of activism is connected to the fact that he is out of his normal position."" 
The government has, nominally, taken the right measures. At the end of January, Russia closed its land borders with China, the entry of all foreign nationals was banned on March 18, and on March 30 it closed all borders with the outside world. On April 16, Putin introduced an economic stimulus plan to provide aid businesses in the form of interest free loans and employee payments, adding to an announcement from Mistushin a month earlier of a 300 billion rubles stimulus (about $4 billion). On April 1, the Prime Minister also revealed 1.4 trillion rubles (barely $19 billion) in total economic aid. The fact is that plunging oil prices and western sanctions have been wreaking havoc on the Russian economy even as Covid-19 began arriving.
But this help has not filtered down to many economic sectors, leading to potentially catastrophic results. Grout said local websites have reported cases of people being mugged on the street for groceries. Still, the shops are full and there are no real shortages. The question is how long people, out of work and sheltering, will be able to afford shopping.
""Russia has experienced a delayed beginning to the epidemic and is now seeing that increase in cases,"" Dr. Michael Ryan, executive director of the WHO Health Emergencies Programme told me. ""Russia has also increased its testing both in the urban areas and outside and the increased numbers may reflect partly that, but there's also been an increase in deaths which means the disease is clearly having an impact."" Then he added that Russia ""can learn some of the lessons that have been learned at great cost in Asia, in North America and in Western Europe."" 
The big question is whether Putin can learn and, more importantly, apply these lessons. He's already talked three times with Xi Jinping, leader of China where only the most draconian measures resulted in a dramatic turnaround in that nation's Covid-19 spread. Moreover, is Putin in any sense prepared to take such measures in a country where he clearly has little of Xi's ability simply to crack down on a people who may already be becoming restless. 
Last week, in a telephone call, Trump promised Putin to deliver a supply of ventilators, observing that Russia has had a ""hard time"" with the disease
On Monday, in a nationwide address, Putin took another page out of Trump's playbook and, though cases are continuing to mount nationwide at more than double the pace of any other nation in Europe, said that beginning on Tuesday, ""the national period of non-working days will be over for all sectors of the economy."" Still, he said regions or municipalities could keep the regulations in place if necessary. 
The fact is that both leaders could learn quite a lot from each other as the disease progresses through its various, pernicious stages. What is equally clear from both is that a hands-off approach or ducking reality and the accompanying hard choices can only lead to catastrophic results -- medically and politically."
11,"{'id': 'cnn', 'name': 'CNN'}",,Will Covid-19 change college forever?,"If the remote model of education continues, will families still be willing to pay full freight or rack up huge debt when the experience is drastically downscaled?",https://www.cnn.com/videos/tv/2020/05/16/will-covid-change-college-forever.cnn,https://cdn.cnn.com/cnnnext/dam/assets/200516101007-smr-galloway-super-tease.jpg,2020-05-16T16:32:23Z,Chat with us in Facebook Messenger. Find out what's happening in the world as it unfolds.
12,"{'id': 'cnn', 'name': 'CNN'}",,Dr. Gupta explains symptom called 'Covid toes',Chief Medical Correspondent Dr. Sanjay Gupta answers viewers questions at CNN's coronavirus town hall.,https://www.cnn.com/videos/health/2020/05/08/covid-toes-gupta-explainer-town-hall-vpx.cnn,https://cdn.cnn.com/cnnnext/dam/assets/200507200610-02-cnn-town-hall-0407-ac-gupta-super-tease.jpg,2020-05-08T18:12:43Z,Chat with us in Facebook Messenger. Find out what's happening in the world as it unfolds.
13,"{'id': 'cnn', 'name': 'CNN'}","Brian Lowry, CNN",Entertainment leaders release Covid-19 production guidelines,"Hollywood is inching closer to getting back to work, with the entertainment industry's guilds and unions signing off on a 22-page guideline document designed to establish safety protocols for producing movies and TV in the age of coronavirus.",https://www.cnn.com/2020/06/02/entertainment/hollywood-production-covid-19/index.html,https://cdn.cnn.com/cnnnext/dam/assets/200602094248-production-super-tease.jpg,2020-06-02T16:51:15Z,"(CNN)Hollywood is inching closer to getting back to work, with the entertainment industry's guilds and unions signing off on a 22-page guideline document designed to establish safety protocols for producing movies and TV in the age of coronavirus.
The agreement comes after a protracted period of negotiation among the various constituencies -- including actors, directors and crews -- and relies on extensive testing, temperature checks, cleaning measures and physical distancing when possible. The parties also acknowledge that revisions might be necessary going forward.
Certain activities, such as writing and casting, are still encouraged to be conducted virtually whenever possible. At the same time, other parts of production -- including live studio audiences -- are being discouraged, and must be conducted with restrictions like social-distancing measures when used.
Actors and other performers, it's noted, are ""most vulnerable because they cannot wear PPE when cameras are rolling, and frequently will not be able to engage in physical distancing."" That will require greater testing frequency for them and those with whom they are in close contact.
There are some activities, such as makeup and fight scenes, where stronger safeguards aren't possible, the report acknowledges.
The plans have been submitted to officials in New York and California. But movie and TV production takes place all over the world, including Europe Canada and New Zealand, where work on the next ""Avatar"" movies is already scheduled to resume after a quarantine period.
The guidelines rely on the ability to respond appropriately if personnel contract the virus, and educating those on movie and TV sets, with a designated compliance officer. Efforts will also be made to ""assess health/wellness of all personnel prior to entry onto set.""
There are still plenty of questions regarding how all this will work practically, and significantly, how much it's going to cost. As Variety noted, the report's initial draft didn't specifically address how the expense of ""conducting extensive testing, cleaning and safety monitoring will be covered, and who will pay for it.""
The guidelines specify that personal protective equipment be worn, and provided ""to all cast and crew at no cost.""
The plan was produced by the Industry-Wide Labor Management Safety Committee Task Force, which was formed specifically for that purpose, with input from epidemiologists and sanitation experts."
14,"{'id': 'cnn', 'name': 'CNN'}",Opinion by Peter Bergen,Opinion: The Trump crew's Covid quackery,"President Donald Trump said at a White House roundtable event on Monday: ""I'm taking it, hydroxychloroquine. Right now, yeah. Couple of weeks ago, I started taking it. Cause I think it's good, I've heard a lot of good stories.""",https://www.cnn.com/2020/05/19/opinions/hydroxychloroquine-trump-incompetence-bergen/index.html,https://cdn.cnn.com/cnnnext/dam/assets/180614105459-eric-ivanka-donal-trump-jr-011117-super-tease.jpg,2020-05-19T21:50:43Z,"Peter Bergen is CNN's national security analyst, a vice president at New America and a professor of practice at Arizona State University. He is the editor of the Coronavirus Daily Brief and author of the new book ""Trump and His Generals: The Cost of Chaos."" The opinions expressed here are his own. Read more opinion at CNN.
 (CNN)President Donald Trump said at a White House roundtable event on Monday: ""I'm taking it, hydroxychloroquine. Right now, yeah. Couple of weeks ago, I started taking it. Cause I think it's good, I've heard a lot of good stories.""
This admission about his use of hydroxychloroquine makes Trump's previous musings about using disinfectant to treat the coronavirus look sage. The President can call on the best scientists and doctors in the world for medical advice, and he comes up with this? Trump's own FDA in late April warned of the dangers of taking hydroxychloroquine outside of a hospital or a clinical study setting ""due to risk of heart rhythm problems."" 
Even Fox News anchor Neil Cavuto warned his viewers not to follow the President's example, saying, ""If you are in a risky population here, and you are taking this as a preventative treatment to ward off the virus or in a worst-case scenario, you are dealing with the virus, and you are in this vulnerable population, it will kill you."" (Trump swiftly slapped Cavuto down on Twitter.)
The President has made any number of other non-scientific claims about the coronavirus, including that warm weather will take care of the virus (don't count on it, says his own Centers for Disease Control and Prevention), or that the US had coronavirus ""totally under control,"" (see today's death toll of more than 91,000) or that we are ""very close to a vaccine"" (not likely, medical scientists say).
It's Trump's disregard for science that prompted the leading medical journal The Lancet to publish an unusual editorial over the weekend saying that ""Americans must put a president in the White House come January, 2021, who will understand that public health should not be guided by partisan politics."" 
But he is not the only Trump to play fast and loose with the reality of this contagion: The apple falleth not far from the tree. A day before his father's stunning hydroxychloroquine admission, Eric Trump told Fox News that Democrats are milking the pandemic for political gain and trying to prevent his father from holding campaign rallies. And he predicted that after the presidential election on November 3 the ""coronavirus will magically all of a sudden go away and disappear and everybody will be able to reopen."" 
In fact, as the number of dead inches, day by day, toward 100,000, there is widespread agreement among scientists, including Trump's CDC Director, Robert Redfield, that a second wave of the pandemic will likely hit the US later this year. Redfield explained last month, ""There's a possibility that the assault of the virus on our nation next winter will actually be even more difficult than the one we just went through...We're going to have the flu epidemic and the coronavirus epidemic at the same time."" 
Not to be outdone, Donald Trump Jr. recently defended remarks he'd made on air before Fox News' large audience in February, when he suggested that ""for Democrats to try to take a pandemic and seemingly hope that it comes here and kills millions of people so that they could end Donald Trump's streak of winning is a new level of sickness."" He told Axios earlier this month that he was ""entitled to speak with such hyperbole."" 
Meanwhile, a week ago presidential son-in-law, senior adviser and savior of worlds Jared Kushner mused to a Time reporter that he couldn't ""commit one way or the other"" about the possibility of postponing the presidential election (neither he nor the President are legally empowered to do this). 
And at the end of April, Kushner touted to Fox News the ""great success"" of the Trump administration in fighting the coronavirus. Kushner told the network that he hopes the US will be ""really rocking again"" by July. The official death toll for Americans is already the worst in the world. A month and a half out, we're not rocking.
Jared's wife Ivanka, another senior adviser to the President, who is her father, also took one for the team by disregarding federal guidelines on not taking discretionary travel during the pandemic when she traveled from DC to her family golf club in New Jersey in mid-April.
First Lady Melania Trump? She has been strangely absent throughout this crisis despite her ""Be Best"" campaign that is focused on the well-being of American children -- and at a time when many children are living through what might be the most difficult experience of their lives.
Trump has cast the battle with coronavirus as a war and ordinary Americans as ""warriors."" But if the President is the general, he is leading his troops into battle armed with misinformation. Presumably, he is trying to control the narrative as he charges on toward the election -- and by doing so he appears more concerned with winning the election battle rather than beating the coronavirus. 
What an unbearable sadness for Americans to have such incompetence at the helm during the worst crisis in eight decades."
15,"{'id': 'cnn', 'name': 'CNN'}",,McCarthy outraged by Covid-19 question,House Minority Leader Kevin McCarthy (R-CA) gets angry at CNN's Manu Raju for asking about President Trump using a racist term for the coronavirus.,https://www.cnn.com/videos/politics/2020/06/25/kevin-mccarthy-trump-comment-coronavirus-raju-vpx.cnn,https://cdn.cnn.com/cnnnext/dam/assets/200625163849-kevin-mccarthy-super-tease.jpg,2020-06-25T20:51:40Z,Chat with us in Facebook Messenger. Find out what's happening in the world as it unfolds.
16,"{'id': 'the-verge', 'name': 'The Verge'}",Russell Brandom,Instacart will expand sick pay to more shoppers,"The company pledged 14 days sick pay to shoppers quarantined over the coronavirus (COVID-19), but gig workers have had trouble accessing the benefit or getting tested for the disease.",https://www.theverge.com/2020/6/2/21278359/instacart-sick-pay-gig-workers-dc-ag-telemedicine-childcare,https://cdn.vox-cdn.com/thumbor/7YnOLw5FnHEkqF7i2Dqsk9VM1Wc=/0x201:2100x1300/fit-in/1200x630/cdn.vox-cdn.com/uploads/chorus_asset/file/6572069/instacart-whole-foods-stock-image.0.jpg,2020-06-02T20:01:28Z,"The company will also provide childcare and telemedicine benefits
Instacart will expand its COVID-19 sick pay to include more gig workers as part of an agreement with the attorney general for Washington, DC. Under the agreement, the company is also launching a telemedicine pilot in the DC area to remotely diagnose shoppers who believe they may have contracted the disease, and provide childcare assistance pay to eligible workers while schools are closed.
We thank Instacart for doing the right thing
In March, Instacart announced that employees who were quarantined or tested positive for COVID-19 would receive 14 days of sick pay, meant to encourage them to stay home rather than spreading the disease further. But getting that pay has proven difficult for shoppers who have often been blocked from the benefit either by the unavailability of tests or confusion around which agencies are authorized to recommend quarantine.
In May, a Verge investigation found that Instacarts sick pay was difficult to access in practice, with little clear logic as to when claims were granted or denied. Out of eight shoppers who spoke to us, only three successfully received the benefit, often because of unique efforts on their part. 
Under the new policy, anyone diagnosed with COVID-19 by their health care provider would be eligible for sick pay even if they have not received a positive test. Instacart will also allow shoppers to actively seek a diagnosis through a new telemedicine system, administered through Doctor on Demand. Instacart also pledged to provide sick pay to shoppers who live in the same residence as someone who has tested positive for COVID-19, seeing them as particularly at risk of contracting the disease.
The new policy will still require documentation whether of a quarantine order or a positive diagnosis and the agreement does not contain any provisions for improving how the company processes those requests. Still, DC Attorney General Ken Racine said the new measures were vital to preventing further spread of the ongoing pandemic.
We thank Instacart for doing the right thing, said Racine. During this pandemic, grocery delivery workers are risking their health to connect District residents to essential goods. Instacarts new policy will ensure that workers who are sick can stay home and seek care, and it helps protect their colleagues, consumers, and the public during this crisis. 
While the agreement was obtained through legal channels, theres been no allegation that Instacart acted illegally, and the agreement does not contain any admission of wrongdoing.
Instacart president Nilam Ganenthiran put the agreement in sunnier terms. Throughout the COVID-19 crisis, our team has been singularly focused on supporting the health and safety of our shopper community, he said in a statement. Were proud to partner with Attorney General Racine to expand our offerings and continue supporting our valued shopper community."
17,"{'id': 'the-verge', 'name': 'The Verge'}",Kim Lyons,Go read this Daily Beast story about Sergey Brin’s secret disaster relief team,"Global Support and Development is a disaster charity founded by Sergey Brin that’s being run by his former bodyguards, The Daily Beast reports. It provides everything from COVID-19 testing sites to hurricane recovery relief.",https://www.theverge.com/2020/6/21/21298289/go-read-this-sergey-brin-disaster-yacht-google,https://cdn.vox-cdn.com/thumbor/JMnZIhCpVhDf4KUysxyXmCcNu74=/0x270:3936x2331/fit-in/1200x630/cdn.vox-cdn.com/uploads/chorus_asset/file/20045540/1172241528.jpg.jpg,2020-06-21T17:51:40Z,"Yes, the co-founder of Google
Photo by MediaNews Group/Bay Area News via Getty Images
[extreme Stefon voice]: This story has everything: A high-speed super-yacht, a secret disaster strike force, a Google co-founder, and strawberry ice cream. 
The Daily Beasts Mark Harris has a wild story about Global Support and Development (GSD), a disaster charity founded by Sergey Brin thats being run by his former bodyguards. The story opens detailing how GSD provided disaster relief in the form of medical care and road-clearing crews after Hurricane Dorian hit the Bahamas last year.
For the past five years, GSD has been quietly using high-tech systems to rapidly deliver humanitarian assistance during high-profile disasters, including the COVID-19 pandemic. These range from drones and super-yachts to a gigantic new airship that the outfit apparently hopes will make it easier to get aid supplies into disaster zones. 
And just as Google famously treatsor, pre-COVID-19 lockdown, treatedemployees to catered lunches, free gyms, and on-site massages, some of GSDs humanitarian workers have enjoyed strawberry ice cream and freshly laundered clothes on board Brins super-yacht during disaster deployments. 
The organization got its start in 2015 after Cyclone Pam pounded Vanuatu. Brins $80 million yacht, the Dragonfly, was sailing nearby with a doctor and paramedics on board, and the crew decided to spring into action. 
Making landfall at remote islands north of Vanuatus capital Port Vila, the Dragonflys team reportedly moved 62 metric tons of fresh water ashore, treated over 250 patients, facilitated three medical evacuations, and built shelters in multiple villages. 
The Daily Beast notes Brins philanthropy is similar to other attempted acts of benevolence from Silicon Valley billionaires (see: Musk, Elon and Gates, Bill) seeking to make a big impact. GSD even says its been involved with COVID-19 relief efforts, setting up drive-thru testing centers in California and provided supplies to eight US states. 
About half of the people working for GSD have military backgrounds. And not everyone is thrilled with the idea of a disaster rescue force made up of former military personnel, however well-meaning it may be: 
...[T]he use of ex-military personnel for humanitarian and conservation work is also controversial, according to Rosaleen Duffy, a professor of politics and international relations at the University of Sheffield. They can arrive in complex situations with little understanding of the local context. They bring with them modes of thinking and acting, such as seeing certain groups of people as the enemy to battle against.
Whatever Brins motivation, this is a captivating story with great details about a billionaires mostly low-profile ventures into philanthropy, and his fascination with airships. Strongly recommend making time to check out the full story at The Daily Beast."
18,"{'id': 'the-verge', 'name': 'The Verge'}",Kim Lyons,Andy Serkis is reading The Hobbit in a 12-hour marathon for COVID-19 relief,"Andy Serkis, perhaps best-known for his CGI-enhanced performance as Gollum in the Lord of the Rings movies, is reading The Hobbit live on YouTube as a benefit for UK charities providing COVID-19 relief.",https://www.theverge.com/2020/5/8/21252022/andy-serkis-hobbit-marathon-covid-19-relief,https://cdn.vox-cdn.com/thumbor/drqfD5QRQglB5uvcOg1mlbeKZDs=/0x25:560x318/fit-in/1200x630/cdn.vox-cdn.com/assets/1869505/gollum_thehobbit_560.jpg,2020-05-08T16:10:19Z,"Hes raising funds for two UK charitable organizations
Andy Serkis, perhaps best known for his CGI-enhanced performance as Gollum in TheLord of the Rings movies, is reading The Hobbit live on YouTube as a benefit for UK charities providing COVID-19 relief. He started his Hobbitathon at around 5AM ET today and already has raised £203,699 (about $253,000).
So many of us are struggling in isolation during the lockdown, Serkis wrote on the GoFundMe page for the fundraiser. While times are tough, I want to take you on one of the greatest fantasy adventures ever written, a 12 hour armchair marathon across Middle Earth whilst raising money for two amazing charities which are doing extraordinary work right now to help those most in need in the UK: Best Beginnings and NHS Charities Together.
Best Beginnings works with families with young children, and funds from the Hobbitathon will go toward its work supporting the mental and physical health of pregnant families and new parents across the UK. NHS Charities Together is an umbrella organization for National Health Service charities in the UK, and it has launched an appeal to support its staff, volunteers, and patients. 
If you want to catch up with Serkis reading, you can rewind and start from the beginning; as of 11:30AM ET, Serkis was about halfway through. Hes promised some special guests may also appear as part of the fundraiser. Nerdy fingers crossed that Ian McKellen reprises his role as Gandalf."
19,"{'id': 'the-verge', 'name': 'The Verge'}",Jon Porter,Six ways the pandemic was on display at Apple’s WWDC,"The COVID-19 pandemic impacted more than one of Apple’s product announcements at this year’s WWDC, including the Apple Watch’s handwashing feature and the new face mask options for Memoji.",https://www.theverge.com/2020/6/23/21300196/apple-wwdc-2020-presentation-coronavirus-handwashing-face-mask,https://cdn.vox-cdn.com/thumbor/Vu5bWMj92qF4u_8hzFtsIM2tJR4=/0x116:1619x964/fit-in/1200x630/cdn.vox-cdn.com/uploads/chorus_asset/file/20048578/msedge_K5lDT8PqJP.png,2020-06-23T15:00:00Z,"Memoji can now be customized with face coverings. | Image: Apple

 The COVID-19 pandemic has affected nearly every facet of our lives, so it’s only natural that it would impact more than one of Apple’s product announcements at yesterday’s WWDC. Whether it’s the Apple Watch’s handwashing feature or the new face mask options for Memoji, the pandemic’s presence was repeatedly felt during Apple’s presentation. And let’s not forget, its entire prerecorded streaming format was driven by the pandemic in the first place.
In some cases, Apple’s announcements seemed to come in direct response to the pandemic, but others, like bicycle directions for Maps, were almost certainly in development prior to COVID-19. They just happen to be releasing at a time they’re needed most.
Apple has already made at least one change in response to the pandemic. Last month, with iOS 13.5, the company made it easier to unlock your Face ID-equipped phone if you’re wearing a mask. This is also the same iOS update that included support for Apple’s and Google’s contact-tracing API. 
Here are the biggest ways the COVID-19 pandemic was on display at Apple’s Worldwide Developers Conference:
 
 
 Image: Apple
 watchOS 7 can sense when you’re washing your hands and remind you to keep washing if you stop early.

 
The Apple Watch’s handwashing feature (obviously)
Let’s start with the obvious one: the Apple Watch is being updated to encourage you to wash your hands properly. We’ve seen similar features added to Samsung and Wear OS smartwatches, but Apple is claiming that its Watch is the first to automatically detect when you’re washing your hands. 
It does this by analyzing your hand motion using machine learning and listening to confirm the sound of running water. Then, it’ll display a countdown timer and alert you when you’ve washed your hands for the recommended amount of time. If you try to stop early, it’ll prompt you to carry on.
 
 
 Image: Apple
 Face coverings are just one of the new Memoji options.

 
Memoji face coverings
As COVID-19 spread around the world, face masks quickly emerged as a simple yet effective way of reducing transmission. Now, as countries are reckoning with how to allow businesses to open up post COVID-19, many are requiring people to wear face masks. They’re now required on many domestic flights in the US as well as in some theater chains. 
So it makes sense that Apple would add them as a Memoji customization option. During its WWDC presentation, the company showed off a Memoji wearing a green medical face mask, a color you can customize, according to the release notes for iOS 14.
 
 
 Image: Apple
 Cycling directions in Apple Maps give you information about how busy a route is.

 
Apple Maps cycling directions
Cycling directions aren’t something you build at the last minute, but they’ve been missing from Apple Maps for so long (Google Maps added them in 2010) that it’s still a wonderful coincidence they’d launch during the pandemic, just as interest in cycling is booming. Social distancing rules are difficult to maintain on public transport, so cycling is being promoted by cities as a healthier, more environmentally friendly alternative for getting around. The amount of time Apple spent on the feature during its presentation shows how important cycling has suddenly become.
With iOS 14, Apple Maps is getting updated with cycling directions for New York City, Los Angeles, San Francisco, Shanghai, and Beijing. You’ll see elevation changes along your route, and the app can suggest times when you might be better off walking your bike up and down some stairs rather than cycling the long way round. A screenshot of the functionality shown by Apple shows that the app can give you a choice between faster and less busy routes.
 
 
 Image: Apple
 App Clips were advertised as a quicker way to rent shared e-scooters, among other things.

 
App Clips for micromobility sharing and more
Micromobility sharing services are another way to avoid public transport, and with iOS 14, Apple has introduced a feature that should make it easier to rent shared vehicles like e-scooters regardless of what brand you stumble upon. App Clips are a means of getting a small portion of an app onto your phone in seconds without having to go through the normal process of downloading it from the App Store. At WWDC, Apple specifically demoed it being used to unlock and rent an e-scooter.
App Clips are a big feature that Apple envisions being used for everything from paying for parking to ordering coffee in a shop without having to interact closely with other humans. It looks like a feature that Apple was going to introduce regardless of the pandemic, especially after Google’s Instant Apps for Android launched in 2017. But as companies like Starbucks turn to mobile ordering systems to help with social distancing and contactless payments, App Clips could help with many more aspects of our post-coronavirus lives.
 
 
 Image: Apple
 Messages is getting updated with better support for groups.

 
Messages and FaceTime improvements
It’s no secret that the pandemic has made messaging and video communications apps more important than ever, and we’ve already seen multiple companies introduce new features in response. WhatsApp and Google Duo have increased the maximum number of participants you can have in a call, Google has made its Meet videoconferencing service free for anyone with a Google account, and Zoom has become a household name. 
In a similar vein, Apple’s services are receiving a series of updates that should make them more effective communication tools, which will be especially helpful during the pandemic. Messages, for example, is getting better support for group chats in iOS 14 and macOS Big Sur. You’ll be able to respond to specific messages in a chat and call people out by name — two features that are critical for facilitating communications with large groups. iOS 14’s new picture-in-picture options will also make it easier to multitask while on FaceTime calls. While on a call, if you swipe up to go to your home screen, the call will minimize to a small picture-in-picture mode and continue playing, even when you open another app.
 
 
 Photo by Brooks Kraft / Apple Inc.
 Tim Cook took to the stage in an empty auditorium to begin yesterday’s presentation.

 
The presentation as a whole
Of course, the online-only format of the presentation was probably the single biggest way the pandemic was on display at WWDC. Rather than opting for an onstage demonstration in the style that the company has been using for decades, COVID-19 forced Apple to reinvent its approach, with individual presenters describing and demonstrating its software across various locations.
At the end of the presentation, Apple took a moment to detail its commitment to health and safety during filming. Face coverings were worn by everyone on set aside from the on-camera presenter, social distancing measures were observed, and Apple says that when multiple presenters were featured, they were isolated from one another.
It was a refreshing change for a company that’s used the same approach for its demonstrations for years, dating back to the time of its late co-founder and CEO Steve Jobs. To me, it felt like a change for the better. The whole presentation was slick and densely packed with information, even if a little atmosphere may have been lost due to the lack of a live audience. 
It was a refreshing change of pace, and I’d like to see at least parts of this style stick around even when it’s safe for Apple to do public presentations again."
