,source,author,title,description,url,urlToImage,publishedAt,content
0,"{'id': 'reuters', 'name': 'Reuters'}",Reuters Editorial,Soccer-Premier League CEO Masters to face parliamentary committee over Project Restart - Reuters,Premier League chief executive Richard Masters will face questions from a British parliamentary committee next week on soccer's restart amid the COVID-19 pandemic.,https://www.reuters.com/article/health-coronavirus-soccer-england-idUSL4N2E31W8,https://s4.reutersmedia.net/resources_v2/images/rcom-default.png,2020-06-26T10:53:00Z,"June 26 (Reuters) - Premier League chief executive Richard Masters will face questions from a British parliamentary committee next week on soccer’s restart amid the COVID-19 pandemic. 
The English top-flight resumed playing on June 17 without fans in attendance following a 100-day hiatus because of the novel coronavirus outbreak. 
The Digital, Culture, Media and Sport (DCMS) committee on Tuesday will also seek clarity on the financial impact on the English game due to the pandemic as well as the testing and safety protocols in place. 
“The restart of football has taken place more quickly than most other sectors, with Premier League games beginning again last week,” the DCMS said in a statement on Friday. 
“MPs will question Masters... on the rationale for this, the challenges restarting has presented as well as explore connected issues including football finances, the new coronavirus testing regime and safety. 
“The committee will also take evidence on the implications for lower league clubs and the women’s game.” 
In a letter replying to British lawmaker and DCMS chair Julian Knight in April, Masters explained how Premier League clubs stood to lose over 1 billion pounds ($1.24 billion) if the competition was curtailed. 
England’s top two divisions - the Premier League and Championship - have pressed ahead with plans to complete the 2019-20 campaign, while the third and fourth tiers opted to curtail the regular season and move straight to the playoffs. 
The Women’s Super League was cancelled, with Chelsea taking the title on points-per-game basis. 
The committee will also take evidence from the Lawn Tennis Association’s chief executive Scott Lloyd to gauge the impact on recreational sport and the opportunities the crisis brings for strengthening grassroots tennis. 
$1 = 0.8074 pounds Reporting by Hardik Vyas in Bengaluru Editing by Toby Davis"
1,"{'id': 'reuters', 'name': 'Reuters'}",Reuters Editorial,Apple to re-close 14 stores in Florida due to virus uptick - Reuters,Apple Inc said on Thursday that it would close 14 stores in Florida starting Friday due to a rise in COVID-19 cases.,https://www.reuters.com/article/health-coronavirus-apple-idUSL1N2E21PM,https://s4.reutersmedia.net/resources_v2/images/rcom-default.png,2020-06-25T18:47:00Z,"June 25 (Reuters) - Apple Inc said on Thursday that it would close 14 stores in Florida starting Friday due to a rise in COVID-19 cases. 
The company said earlier this week it would close seven stores in the Houston area after cases rose there after an earlier round of re-closures last week in Florida, Arizona, South Carolina, and North Carolina. (Reporting by Stephen Nellis in San Francisco)"
2,"{'id': 'reuters', 'name': 'Reuters'}",Reuters Editorial,Premier League CEO Masters to face parliamentary committee over Project Restart - Reuters UK,Premier League chief executive Richard Masters will face questions from a British parliamentary committee next week on soccer's restart amid the COVID-19 pandemic.,https://uk.reuters.com/article/uk-health-coronavirus-soccer-england-idUKKBN23X1I2,https://s2.reutersmedia.net/resources/r/?m=02&d=20200626&t=2&i=1523728379&w=1200&r=LYNXMPEG5P0YF,2020-06-26T11:13:00Z,"(Reuters) - Premier League chief executive Richard Masters will face questions from a British parliamentary committee next week on soccer’s restart amid the COVID-19 pandemic. 
The English top-flight resumed playing on June 17 without fans in attendance following a 100-day hiatus because of the novel coronavirus outbreak. 
The Digital, Culture, Media and Sport (DCMS) committee on Tuesday will also seek clarity on the financial impact on the English game due to the pandemic as well as the testing and safety protocols in place. 
“The restart of football has taken place more quickly than most other sectors, with Premier League games beginning again last week,” the DCMS said in a statement on Friday. 
“MPs will question Masters... on the rationale for this, the challenges restarting has presented as well as explore connected issues including football finances, the new coronavirus testing regime and safety. 
“The committee will also take evidence on the implications for lower league clubs and the women’s game.” 
In a letter replying to British lawmaker and DCMS chair Julian Knight in April, Masters explained how Premier League clubs stood to lose over 1 billion pounds ($1.24 billion) if the competition was curtailed. 
England’s top two divisions - the Premier League and Championship - have pressed ahead with plans to complete the 2019-20 campaign, while the third and fourth tiers opted to curtail the regular season and move straight to the playoffs. 
The Women’s Super League was cancelled, with Chelsea taking the title on points-per-game basis. 
The committee will also take evidence from the Lawn Tennis Association’s chief executive Scott Lloyd to gauge the impact on recreational sport and the opportunities the crisis brings for strengthening grassroots tennis. 
($1 = 0.8074 pounds) 
Reporting by Hardik Vyas in Bengaluru; Editing by Toby Davis"
3,"{'id': 'reuters', 'name': 'Reuters'}",Reuters Editorial,"Astrazeneca, Moderna most advanced in COVID-19 vaccine race: WHO - Reuters UK","Astrazeneca's COVID-19 vaccine candidate is probably the world's leading candidate and most advanced in terms of development, the World Health Organization's chief scientist said on Friday.",https://uk.reuters.com/article/us-health-coronavirus-who-development-idUKKBN23X1WA,https://s3.reutersmedia.net/resources/r/?m=02&d=20200626&t=2&i=1523745234&w=1200&r=LYNXMPEG5P19P,2020-06-26T13:43:00Z,"GENEVA (Reuters) - Astrazeneca’s COVID-19 vaccine candidate is probably the world’s leading candidate and most advanced in terms of development, the World Health Organization’s chief scientist said on Friday. 
Soumya Swaminathan said that Moderna’s COVID-19 vaccine candidate was also “not far behind” Astrazeneca’s, among more than 200 candidates, 15 of which have entered clinical trials. 
The WHO is in talks with multiple Chinese manufacturers, including Sinovac, on potential vaccines, she said. 
Swaminathan, speaking to a news briefing, called for considering collaborating on COVID-19 vaccine trials, similar to the WHO’s ongoing Solidarity trial for drugs. 
Reporting by Stephanie Nebehay and Kate Kelland"
4,"{'id': 'reuters', 'name': 'Reuters'}",Reuters Editorial,Athletics-Paris and Eugene Diamond League meetings scrapped due to coronavirus - Reuters,"This year's Diamond League athletics meetings in Paris and Eugene have been canceled due to the COVID-19 pandemic, organizers said on Friday.",https://www.reuters.com/article/us-health-coronavirus-athletics-diamondl-idUSKBN23X1OP,https://s2.reutersmedia.net/resources/r/?m=02&d=20200626&t=2&i=1523735957&w=1200&r=LYNXMPEG5P14F,2020-06-26T12:08:00Z,"(Reuters) - This year’s Diamond League athletics meetings in Paris and Eugene have been canceled due to the COVID-19 pandemic, organizers said on Friday. 
The organizers also confirmed the meeting at Gateshead in England, which was scheduled for Aug. 16, has been postponed. 
“Following the latest government announcements on the organization of major events in France, meeting organizers concluded that there is not enough time to organize a world-class international event in the French capital this year,” the Diamond League said in a statement. 
The event in Eugene, which was originally scheduled for Oct. 6, was scrapped as the state of Oregon currently has a ban of gatherings, including sporting events until at least the end of September. 
“The ban, combined with the expected long term restrictions on international travel, make it impossible to host a world class track &amp; field meet,” the statement said. 
The Diamond League has identified Sept. 12 as a possible alternate date for the Gateshead meeting but must wait before announcing confirmation due to British government guidelines and restrictions. 
Due to the growing number of countries affected by the COVID-19 virus, the Diamond League season could not start as planned in Doha on April 17. 
Meetings have been since canceled in London, Rabat and Zurich - which was originally scheduled to host the season finale in September - while other events on the calendar were postponed due to the pandemic. 
British Athletics announced on Friday that the British Athletics Championships will take place on Sept. 4-5 behind closed doors at the Manchester Regional Arena. 
Reporting by Hardik Vyas in Bengaluru; Editing by Toby Davis"
5,"{'id': 'reuters', 'name': 'Reuters'}",Simon Evans,FIFA agree massive $1.5 billion COVID-19 relief plan - Reuters UK,FIFA announced on Thursday that it had agreed a $1.5 billion relief plan to help deal with the impact of the COVID-19 pandemic on the global game.,https://uk.reuters.com/article/uk-soccer-worldcup-covid-idUKKBN23W34G,https://s2.reutersmedia.net/resources/r/?m=02&d=20200625&t=2&i=1523646250&w=1200&r=LYNXMPEG5O29I,2020-06-25T18:54:00Z,"(Reuters) - FIFA announced on Thursday that it had agreed a $1.5 billion relief plan to help deal with the impact of the COVID-19 pandemic on the global game. 
FIFA’s plan means world soccer’s governing body will dip into its reserves to provide national federations with a number of grants and interest-free loans to cope with budget hits. 
FIFA had already provided the immediate release of all funds from its ‘Forward’ projects and given the green light for such grants to be used for COVID-19 relief plans with a minimum of 50% of released funds to be allocated to women’s football. 
The third stage of the plans, unanimously backed by the FIFA Council on Thursday, allows for a ‘universal solidarity grant’ of $1 million dollars to all national associations with an additional $500,000 specifically for women’s football. 
Each regional confederation will receive a grant of $2 million. 
FA’s will be able to apply for loans, amounting to up to 35% of their audited, annual revenues up to a maximum of $5 million with confederations able to request up to $4 million. 
“Both grants and loans can be directed by member associations to the wider football community in their respective territories, including clubs, players, leagues, or others that have been affected by COVID,” said FIFA president Gianni Infantino. 
Infantino added that there would be strict controls on the use of funds, audit requirements, as well as clear loan repayment conditions. 
Olli Rehn, the deputy chairman of the FIFA Governance Committee, who is Governor of the Bank of Finland and a member of the Governing Council of the European Central Bank, will head a committee set up to administer the funds. 
The council also backed changes to the calendar to support confederations’ desires to extend international breaks to allow for fixture congestion and rearranged matches. 
Infantino said no decision has yet to be taken on the rescheduling of the new Club World Cup tournament which has been postponed from July 2021 due to the postponement of Euro 2020 and the Copa America. 
The council also gave the green light to a new pan-Arab tournament to be played in 2021 in Qatar as a ‘test event’ for the 2022 World Cup. 
The invitational competition will be contested by Arab nations from Africa and Asia and feature home-based players only. 
The tournament will be held in from 1-18 December 2021 and be run by Qatar’s World Cup organising committee. 
Reporting by Simon Evans; Editing by Christian Radnedge"
6,"{'id': 'reuters', 'name': 'Reuters'}",Reuters Editorial,Vaccine makers face record production challenge - Reuters,Developing a COVID-19 vaccine in record time will be tough. Producing enough to end the pandemic will be the biggest medical manufacturing feat in history.,https://www.reuters.com/video/watch/idP$$V?now=true,https://ajo.prod.reuters.tv/api/v2/img/5ef4d34ce4b09631f6472b78-1593103180377?location=LANDSCAPE,2020-06-25T19:20:05Z,"Posted 
Developing a COVID-19 vaccine in record time will be tough. Producing enough to end the pandemic will be the biggest medical manufacturing feat in history."
7,"{'id': 'reuters', 'name': 'Reuters'}",Reuters Editorial,California governor declares budget emergency due to COVID-19 pandemic - Reuters,"California Governor Gavin Newsom on Thursday declared a budget emergency in the most populous U.S. state, blaming expenses and the economic downturn caused by the COVID-19 pandemic.",https://www.reuters.com/article/us-health-coronavirus-california-idUSKBN23W31T,https://s2.reutersmedia.net/resources/r/?m=02&d=20200625&t=2&i=1523642603&w=1200&r=LYNXMPEG5O274,2020-06-25T18:16:00Z,"SACRAMENTO, Calif. (Reuters) - California Governor Gavin Newsom on Thursday declared a budget emergency in the most populous U.S. state, blaming expenses and the economic downturn caused by the COVID-19 pandemic. 
Reporting by Sharon Bernstein, Editing by Franklin Paul"
8,"{'id': 'reuters', 'name': 'Reuters'}",Reuters Editorial,Egypt's Eva Pharma begins producing COVID-19 drug Remdesivir - Reuters India,"Egypt's Eva Pharma said on Thursday it had begun producing Remdesivir and Favipiravir, two drugs used in the treatment of patients with COVID-19.",https://in.reuters.com/article/health-coronavirus-egypt-remdesivir-idINKBN23W2XU,https://s4.reutersmedia.net/resources_v2/images/rcom-default.png,2020-06-25T17:30:00Z,"CAIRO (Reuters) - Egypt’s Eva Pharma said on Thursday it had begun producing Remdesivir and Favipiravir, two drugs used in the treatment of patients with COVID-19. 
Remdesivir is indicated for moderate to severe cases of COVID-19 for patients in intensive care who require oxygen, while Favipiravir is indicated for mild to moderate cases. 
Eva Pharma, a generic drugmaker established in 1997, said earlier this month it had received a licence from Gilead Sciences Inc to make Remdesivir in Egypt and distribute it in 127 countries. 
It will initially make 500,000 doses a month to be sold locally for less than 2,000 Egyptian pounds ($124.07) each, said general manager Amgad Talaat, adding that they had already started delivering the medicine to quarantine hospitals. 
It has also started producing 1 million Favipiravir tablets a month, which will be on the market within two to three weeks, Talaat said. The price has still to be finalised. 
Japan’s Fujifilm Holdings Corp, which makes Favipiravir under the brand name Avigan, said this month its research on the drug as a potential COVID-19 treatment may need to continue until July. 
Eva Pharma said it had received permission from Egypt’s pharmaceutical regulatory authority to produce the drugs, and the body would decided whether they could be sold in pharmacies or only used in hospitals. 
Talaat said that once Egyptian needs were met, Eva Pharma hoped to sell any excess doses to other Middle Eastern and African countries. 
Egypt’s Rameda Pharmaceutical also said this month it had begun making Favipiravir under the brand name Anviziram and had approval to manufacture Remedsivir. 
($1 = 16.1200 Egyptian pounds) 
Reporting by Ehab Farouk; Writing by Patrick Werr; Editing by Kirsten Donovan"
9,"{'id': 'reuters', 'name': 'Reuters'}",Reuters Editorial,UK ditches quarantine for arrivals from low COVID-19 risk countries - Reuters India,"Britain will ditch a 14-day quarantine period for people arriving from countries it deems to be lower risk for COVID-19 , the government said on Friday.",https://in.reuters.com/article/health-coronavirus-britain-quarantine-idINKBN23Y06D,https://s4.reutersmedia.net/resources/r/?m=02&d=20200627&t=2&i=1523815396&w=1200&r=LYNXMPEG5Q048,2020-06-27T04:00:00Z,"LONDON (Reuters) - Britain will ditch a 14-day quarantine period for people arriving from countries it deems to be lower risk for COVID-19 , the government said on Friday. 
Official travel advice against all but essential travel outside Britain will also be eased for some countries and regions. 
Taken together, these changes will make it easier for Britons to travel abroad for summer holidays. 
The relaxations are the latest taken by the government to unwind emergency measures put in place to stop the spread of COVID-19, as ministers look to limit the economic damage caused by the virus. 
An expert panel will put nations into three categories: green, amber and red. Passengers arriving from green and amber countries will no longer have to quarantine themselves for 14 days after their arrival. 
“Our new risk-assessment system will enable us to carefully open a number of safe travel routes around the world,” a government spokeswoman said. “But we will not hesitate to put on the brakes if any risks re-emerge.” 
The rules for red-category countries will not change. 
The quarantine policy, introduced on June 8, has been heavily criticised by airlines, airports and the hospitality sector who say it deters international travel at a time when they had been hoping for it to recover. 
The categories are due to be announced next week, with the rule changes expected to come into effect the week after. They will be based on factors including prevalence of COVID-19, the trajectory of the disease and the reliability of data. 
Britain said it is likely to discuss this with countries including France, Greece and Spain. 
The Foreign Office will next week announce those countries where it considers the public health risk is no longer unacceptably high. 
Reporting by William James; editing by Stephen Addison"
10,"{'id': 'reuters', 'name': 'Reuters'}",Reuters Editorial,UK ditches quarantine for arrivals from low COVID-19 risk countries - Reuters UK,"Britain will ditch a 14-day quarantine period for people arriving from countries it deems to be lower risk for COVID-19 , the government said on Friday.",https://uk.reuters.com/article/us-health-coronavirus-britain-quarantine-idUKKBN23X2VA,https://s3.reutersmedia.net/resources/r/?m=02&d=20200626&t=2&i=1523794504&w=1200&r=LYNXMPEG5P1VO,2020-06-26T22:21:26Z,"LONDON (Reuters) - Britain will ditch a 14-day quarantine period for people arriving from countries it deems to be lower risk for COVID-19 , the government said on Friday. 
Official travel advice against all but essential travel outside Britain will also be eased for some countries and regions. 
Taken together, these changes will make it easier for Britons to travel abroad for summer holidays. 
The relaxations are the latest taken by the government to unwind emergency measures put in place to stop the spread of COVID-19, as ministers look to limit the economic damage caused by the virus. 
An expert panel will put nations into three categories: green, amber and red. Passengers arriving from green and amber countries will no longer have to quarantine themselves for 14 days after their arrival. 
“Our new risk-assessment system will enable us to carefully open a number of safe travel routes around the world,” a government spokeswoman said. “But we will not hesitate to put on the brakes if any risks re-emerge.” 
The rules for red-category countries will not change. 
The quarantine policy, introduced on June 8, has been heavily criticised by airlines, airports and the hospitality sector who say it deters international travel at a time when they had been hoping for it to recover. 
The categories are due to be announced next week, with the rule changes expected to come into effect the week after. They will be based on factors including prevalence of COVID-19, the trajectory of the disease and the reliability of data. 
Britain said it is likely to discuss this with countries including France, Greece and Spain. 
The Foreign Office will next week announce those countries where it considers the public health risk is no longer unacceptably high. 
Reporting by William James; editing by Stephen Addison"
11,"{'id': 'reuters', 'name': 'Reuters'}",Reuters Editorial,"U.S. sanctions, coronavirus make for Iran's toughest year -Rouhani - Reuters",Iranian President Hassan Rouhani said on Sunday that his country is experiencing its toughest year because of U.S. sanctions coupled with the COVID-19 pandemic.,https://www.reuters.com/article/us-health-coronavirus-iran-economy-idUSKBN23Z0B4,https://s2.reutersmedia.net/resources/r/?m=02&d=20200628&t=2&i=1523880814&w=1200&r=LYNXMPEG5R07C,2020-06-28T09:35:00Z,"DUBAI (Reuters) - Iranian President Hassan Rouhani said on Sunday that his country is experiencing its toughest year because of U.S. sanctions coupled with the COVID-19 pandemic. 
The coronavirus crisis has exacerbated economic problems that worsened after U.S. President Donald Trump withdrew in 2018 from Iran’s nuclear deal with major powers and reimposed sanctions. On Monday, Iran’s rial currency fell to its lowest ever level against the U.S. dollar. 
“It’s been the most difficult year due to the enemy’s economic pressure and the pandemic,” Rouhani said in a televised speech.  
“The economic pressure that began in 2018 has increased ... and today it is the toughest pressure on our dear country.” 
Iran has seen a sharp increase in coronavirus infections and deaths since restrictions to stem the spread of the pandemic were gradually lifted from mid-April. The death toll has recently topped 100 a day for the first time in two months. 
More than 220,000 cases have been confirmed, and over 10,000 deaths. 
Rouhani said wearing of masks will become mandatory for two weeks starting next Sunday in “gathering places” that are deemed “red spots”. 
Senior officials have regularly warned that restrictions will be reimposed if health regulations such as social distancing to stem the surge in infections are not observed. 
Iran launched a campaign on Saturday to motivate a reluctant public to use face masks. 
Editing by Catherine Evans"
12,"{'id': 'reuters', 'name': 'Reuters'}",Reuters Editorial,"FACTBOX-Quotes of fear, defiance and hope as the coronavirus pandemic spans the globe - Reuters","Here is a selection of quotes about the global COVID-19 pandemic, which has infected 10 million people and killed nearly 500,000 people so far.",https://www.reuters.com/article/health-coronavirus-quotes-idUSL8N2E31XU,https://s4.reutersmedia.net/resources_v2/images/rcom-default.png,2020-06-28T04:34:00Z,"June 28 (Reuters) - Here is a selection of quotes about the global COVID-19 pandemic, which has infected 10 million people and killed nearly 500,000 people so far. 
BRAZIL 
- President Jair Bolsonaro 
March 24: 
“With my history as an athlete, if I were infected by the virus I would not have to worry. I would feel nothing or, at most, it would be a little flu or a little cold.” 
March 29, after touring streets in the suburbs of Brasilia without a mask: 
“This is the reality: the virus is there. We have to face it, but face it like a man, damn it, not like a kid. We’ll confront the virus with reality. That’s life. We’re all going to die one day.” 
April 28, when asked by journalists about the latest death toll: “So what? I’m sorry, but what do you want me to do?” 
BRITAIN 
- Prime Minister Boris Johnson 
March 3: 
“But at this stage, and with the exception of all of the points I have just mentioned, I want to stress that for the vast majority of the people of this country, we should be going about our business as usual.” 
May 2, in an interview here with The Sun newspaper after falling seriously ill and recovering from COVID-19: 
“It was a tough old moment, I won’t deny it. They had a strategy to deal with a ‘death of Stalin’-type scenario. I was not in particularly brilliant shape and I was aware there were contingency plans in place.” 
“The doctors had all sorts of arrangements for what to do if things went badly wrong.” 
CHINA 
- Zhong Nanshan, head of team investigating coronavirus outbreak at National Health Commission 
Feb. 11: 
“We don’t know why it’s so contagious, so that’s a big problem.” 
- President Xi Jinping 
Feb. 23: 
“The outbreak of novel coronavirus pneumonia will inevitably have a relatively big impact on the economy and society ... For us, this is a crisis and is also a big test.” 
ITALY 
- Silvia Bertuletti, 48, from Bergamo in northern Italy. Her 78-year-old father died on March 19 from COVID-19 
April 5: 
“My father was left to die alone, at home, without help. We were simply abandoned. No one deserves an end like that.” 
- Riccardo Munda, a doctor near Bergamo 
April 5: 
“What led to this situation is that many family doctors didn’t visit their patients for weeks. And I can’t blame them, because that’s how they saved their own skin.” 
- Italian Prime Minister Giuseppe Conte 
Feb 22, when 7 people have died and more than 280 infected in Italy: 
“Italy is a safe country for travel and for tourism, probably safer than many others.” 
March 4, when Italy closed all schools and universities as the virus had killed 107 and infected 3,089 people: 
“Our hospitals, despite their efficiency, risk being overwhelmed, we have a problem with intensive-care units.” 
NEW ZEALAND 
- Prime Minister Jacinda Ardern 
June 8: 
“New Zealanders did something remarkable in our fight to beat COVID-19. We united in unprecedented ways to crush the virus.” 
RUSSIA 
- President Vladimir Putin 
April 8: 
“Everything passes and this will pass. Our country has gone through serious trials more than once: the Pechenegs tormented it, as did the Polovtsy - Russia coped with everything. We will also defeat this coronavirus infection. Together we will overcome it.” 
“I understand fatigue has built up as well as a serious burden of financial, domestic and other everyday problems. Your normal rhythm of life has been broken. For most people it is dreary and nauseous to constantly remain within four walls. But there is no choice now.” 
SPAIN 
- Defence Minister Margarita Robles 
March 24: 
“On some of its visits (to nursing homes), the army has seen some old people, the elderly, absolutely abandoned if they were not dead in their beds.” 
Victor Pedrera, a doctor from a healthcare centre in the Spanish port city of Alicante. 
April 2: 
“I felt totally helpless, because more and more people with respiratory symptoms were coming ... It was like a tsunami movie where you see the wave coming and no one is doing anything.” 
UNITED STATES 
- Arabia Mollette, emergency medical doctor in New York 
“We’re trying to keep our heads above water without drowning. We are scared. We’re trying to fight for everyone else’s life, but we also fight for our lives as well.” 
- President Donald Trump 
Jan. 22: 
“We have it totally under control. It’s one person coming in from China, and we have it under control. It’s going to be just fine.” 
Feb 27: 
“It’s going to disappear. One day, it’s like a miracle, it will disappear.” 
April 23: 
“I see the disinfectant, where it knocks it out in a minute, one minute, and is there a way we can do something like that by injection inside, or almost a cleaning? Because you see it gets in the lungs and it does a tremendous number on the lungs, so it’d be interesting to check that.” 
VATICAN 
- Pope Francis 
March 27: 
“Thick darkness has gathered over our squares, our streets and our cities. It has taken over our lives, filling everything with a deafening silence and a distressing void that stops everything as it passes by; we feel it in the air ... We find ourselves afraid and lost.” 
“Healing people, not saving (money) to help the economy (is important), healing people, who are more important than the economy. People are temples of the Holy Spirit, the economy is not.” (Reporting by Reuters bureaus; Compiled by Raissa Kasolowsky; Editing by Mike Collett-White)"
13,"{'id': 'reuters', 'name': 'Reuters'}",Reuters Editorial,"Roche not yet meeting demand for molecular COVID-19 tests, says chairman - Reuters Africa","Swiss drugmaker Roche is unable to meet demand for molecular tests to identify active COVID-19 infections, its chairman told Swiss daily Tagesanzeiger.",https://af.reuters.com/article/worldNews/idAFKBN23Y0EH,https://s4.reutersmedia.net/resources/r/?m=02&d=20200627&t=2&i=1523827306&w=1200&r=LYNXMPEG5Q09W,2020-06-27T09:36:00Z,"VIENNA (Reuters) - Swiss drugmaker Roche is unable to meet demand for molecular tests to identify active COVID-19 infections, its chairman told Swiss daily Tagesanzeiger. 
“The demand exceeds our production,” Christoph Franz was quoted as saying in Saturday’s paper. The decision on where tests were shipped to depended, among other things, on infection rates and the availability of diagnostic equipment. 
Demand for its antibody tests, which determine whether people have ever been infected with the coronavirus, can be met as Roche has been boosting production, he said. 
The drugmaker has said that it aims to more than double production of antibody tests to well over 100 million a month by the end of the year. 
Franz said that Roche had started research on a potential drug to treat COVID-19 but added that these efforts were at a very early stage. 
Reporting by Kirsti Knoll, editing by Louise Heavens"
14,"{'id': 'business-insider', 'name': 'Business Insider'}",Aaron Holmes,You can now find the COVID-19 testing locations closest to you on Apple Maps. Here's how.,"<ul>
<li>Apple Maps now shows the closest COVID-19 testing sites to users in the US and Puerto Rico following a software update Tuesday night.</li>
<li>The app shows locations including pharmacies, hospitals, clinics, urgent care facilities, and dedicated COV…",https://www.businessinsider.com/apple-maps-now-show-closest-coronavirus-covid-19-testing-locations-2020-4,https://i.insider.com/5ea9810aa2fd91019f3c6ed7?width=1200&format=jpeg,2020-04-29T14:11:15Z,"You can now use Apple Maps to find the closest COVID-19 testing sites thanks to a new feature rolled out Tuesday night, first reported by TechCrunch.
Apple Maps displays COVID-19 testing locations in all 50 states and Puerto Rico, including hospitals, clinics, pharmacies, urgent care providers, and dedicated COVID-19 facilities.
The company rolled out the feature weeks after calling for health providers across the US to submit information about COVID-19 testing capacity. The app also flags when specific testing locations may require a doctor's referral before administering tests.
Testing for coronavirus still lags in the US. Experts say the country will need to administer millions of tests per week in order to safely reopen the country — the US is currently testing fewer than half a million people per week, but the Trump administration plans to ramp up to 2 million tests per week by the end of May.
Here's how to use Apple Maps to find your nearest COVID-19 testing locations."
15,"{'id': 'the-verge', 'name': 'The Verge'}",James Vincent,"Google, Facebook, and Twitter to produce monthly reports on coronavirus disinformation for the EU",To beat the pandemic you need to tackle the infodemic,https://www.theverge.com/2020/6/11/21287598/coronavirus-disinformation-reports-google-facebook-twitter-eu-monthly,https://cdn.vox-cdn.com/thumbor/p6QO7JE2cDB1Jb4W64a9d84xKM4=/0x146:2040x1214/fit-in/1200x630/cdn.vox-cdn.com/uploads/chorus_asset/file/19933221/acastro_200428_1777_coronavirus_0002.0.jpg,2020-06-11T09:46:01Z,"To beat the pandemic you need to tackle the infodemic
Illustration by Alex Castro / The Verge
The EU is stepping up efforts to combat online disinformation about the coronavirus pandemic, requesting that US tech giants produce monthly reports containing detailed data on how they are combatting fake news about COVID-19 on their platforms. 
Google, Facebook, and Twitter are the prime targets of this campaign, and the three companies told The Verge they would be complying with the EUs requests. Exactly what steps they will take, though, and when they might start producing reports is unknown.
Tackling misinformation from the anti-vaccine movement will be key
The EU is worried that misinformation surrounding the coronavirus could prolong the effects of the pandemic. This is a particular problem with the anti-vaccine movement, which has an outsized influence online and will likely rally against any future COVID-19 vaccine. Scientist say a vaccine is necessary for countries around the world to return to normal, but many nations are easing lockdown measures anyway, inviting a second wave of infections.
While additional information on COVID-19 misinformation could help coordinate responses across the tech industry, its not clear if the EUs request will produce that useful data.
For a start, tech giants are not legally required to produce these new monthly reports. Theres also no guidance on exactly what the reports should contain, and companies The Verge spoke to said they were still working out what information to include. 
The request is also not part of the EUs voluntary Code of Practice on Disinformation, which requires signatories like Google, Facebook, and Twitter to report on a monthly basis on their actions undertaken to improve the scrutiny of ad placements, ensure transparency of political and issue-based advertising and to tackle fake accounts and malicious use of bots.
The reports will be launched without delays
A representative for the EU told The Verge the program would be launched without delays and that detailed timings would soon be made public. The EU has told tech companies it would rather the data was comprehensive than rushed, and its likely the format will be similar to reports produced to tackle misinformation about the 2019 EU elections. 
Spokespersons for Google, Facebook, and Twitter, told The Verge they supported the EUs efforts and had already stepped up plans to combat misinformation about the pandemic on their platforms. Facebook and Google said they were committed to producing new monthly reports, while Twitter said it was still considering how to present this information, but that it would be adding regular updates to its coronavirus misinformation blog.
The global pandemic has shown that more people need more accurate information more than ever, Matt Brittin, president of Google EMEA, told The Verge. Through our cooperation with Vice-President Jourova and national authorities we know that working together, companies and policymakers can make more difference than working alone. Were committed to the Code of Practice and to our work together to find new and creative ways to continue the fight against disinformation."
16,"{'id': 'the-verge', 'name': 'The Verge'}",Andrew Marino,"Questions about Facebook’s oversight board, Quibi’s popularity, and the Pixel 4A","Nilay Patel and Dieter Bohn welcome Dan Seifert, Casey Newton, and Julia Alexander to talk about gadget news, Facebook’s oversight board, and updates in the streaming world.",https://www.theverge.com/2020/5/15/21259854/facebook-oversight-board-pixel-4a-streaming-wars-quibi-hbo-max-vergecast-405,https://cdn.vox-cdn.com/thumbor/wbIoDpMZy3dsYeYpSGWLoVqCSwk=/0x146:2040x1214/fit-in/1200x630/cdn.vox-cdn.com/uploads/chorus_asset/file/15948799/wjoel_180319_2394_facebook_006.0_1.jpg,2020-05-15T15:58:14Z,"Illustration by William Joel / T

 On this episode of The Vergecast, hosts Nilay Patel and Dieter Bohn welcome on a few of our colleagues to discuss the week’s important stories.
First up, deputy editor Dan Seifert stops by to cover our recent 13-inch MacBook Pro review, what is going on with the next Pixel phone, and why Windows’ laptop design has gotten so good. 
In the second half of the show, Silicon Valley editor Casey Newton joins to discuss the implementation of Facebook’s independent oversight board that’s dealing with censorship and free speech on the platform and how it can establish a precedent for other social networks. 
Last but not least, Verge reporter Julia Alexander is back to update us on how the streaming wars have been handling the world staying at home, how well Quibi is doing after launching last month, and whether WarnerMedia’s upcoming streaming service, HBO Max, can be successful in a very crowded field. 
Listen here or in your preferred podcast player to hear it all. 


Stories discussed this week:
<ul>
<li>The doomsday bunker market is thriving amid the coronavirus pandemic</li>
<li>Amazon asks Congress to pass a law against price gouging during national crisis</li>
<li>Uber’s response to COVID-19: face masks, selfies, and fewer people in the car</li>
<li>The lockdown live-streaming numbers are out, and they’re huge</li>
<li>
Elon Musk defies coronavirus order and asks to be arrested </li>
<li>Tesla has already started making cars again at its California factory</li>
<li>Twitter introducing new labels for tweets with misleading COVID-19 information</li>
<li>Google says that the majority of its employees will work from home until 2021</li>
<li>The mastermind of Google’s Pixel camera quietly left the company in March</li>
<li>Google Pixel 4a Performance Review tests the phones</li>
<li>Android 11’s public beta to launch with June 3rd live stream</li>
<li>TCL wants to be the next big name in budget phones</li>
<li>Apple 13-inch MacBook Pro (2020) review: return to baseline</li>
<li>Dell launches new XPS 17 and redesigned XPS 15 with 16:10 edge-to-edge displays</li>
<li>Alienware’s Area-51m, m15, and m17 laptops are getting new 10th Gen Intel chips and upgraded GPUs</li>
<li>Facebook will pay $52 million in settlement with moderators who developed PTSD on the job</li>
<li>Half of all Facebook moderators may develop mental health issues</li>
<li>How Facebook is using AI to combat COVID-19 misinformation and detect ‘hateful memes’</li>
<li>Facebook’s independent oversight board could be overwhelmed by the challenge</li>
<li>
Tenet is now Hollywood’s litmus test for what happens next </li>
<li>The Mandalorian’s second season won’t be delayed, says Disney CEO</li>
<li>AMC Theaters will no longer play Universal movies after Trolls World Tour’s on-demand success</li>
<li>Alamo Drafthouse launches Alamo on Demand VOD service</li>
<li>HBO Max will use anime from Crunchyroll to compete with Netflix’s growing empire</li>
<li>HBO is teaming up with Scener to give subscribers the ability to watch TV together</li>
<li>WarnerMedia expands free HBO Max deal to HBO subscribers who pay through Apple’s servies</li>
<li>Quibi will add sharing features as the app struggles to find subscribers</li>
<li>Jeffrey Katzenberg Blames Pandemic for Quibi’s Rough Start</li>
<li>Major CBS All Access changes coming this summer as company speeds up relaunch</li>
<li>Wannabe influencers are being trained to film a believable YouTube apology video</li>
</ul>"
17,"{'id': 'the-verge', 'name': 'The Verge'}",Justine Calma,It wouldn’t be 2020 without an above-average hurricane season,"June 1st marks the first day of the 2020 Atlantic hurricane season. It’s been forecast to be a worse-than-usual season, as climate change fuels stronger storms.",https://www.theverge.com/21277074/2020-hurricane-season-forecast-atlantic-storms,https://cdn.vox-cdn.com/thumbor/b83BKFu5U44PGTdA4X-ciA25R8E=/0x493:3632x2395/fit-in/1200x630/cdn.vox-cdn.com/uploads/chorus_asset/file/20013177/1166274981.jpg.jpg,2020-06-01T19:12:38Z,"Hurricane Dorian makes landfall on North Carolina’s Outer Banks on September 6, 2019  | Photo by NOAA via Getty Images

 The Atlantic hurricane season officially begins June 1st, and it’s going to be a doozy. “Hurricane season is off to a busy start!” the National Hurricane Center tweeted as it forecast an 80 percent chance of a tropical depression forming over the Bay of Campeche in the Gulf of Mexico this week. 
There’s a 60 percent chance that this will be a worse-than-normal hurricane season, NOAA forecast last week. That could look like up to 19 named storms, including up to six major hurricanes. An average hurricane season is generally made up of around 12 named storms, with three major hurricanes.
There’s a 60 percent chance that this will be a worse-than-normal hurricane season

2020, of course, has been anything but normal. The COVID-19 pandemic threatens to make any unfavorable weather event, from heat waves to hurricanes, much tougher to prepare for and respond to.
“Social distancing and other CDC guidance to keep you safe from COVID-19 may impact the disaster preparedness plan you had in place, including what is in your go-kit, evacuation routes, shelters and more,” Carlos Castillo, acting deputy administrator for resilience at FEMA said in a statement when NOAA made its forecast for the season on May 24th. “With tornado season at its peak, hurricane season around the corner, and flooding, earthquakes and wildfires a risk year-round, it is time to revise and adjust your emergency plan now.”


Congratulations you have successfully made it to the end of May. Welcome to Jumanji Level 6. Hurricane Season
— Jak (@crownme_kay95) May 31, 2020





More than 60 percent of 70 coastal counties surveyed by the AP were still figuring out their hurricane shelter plans in late May, the wire service reported yesterday. Shelters and evacuation measures will need to be reimagined to limit the potential spread of disease in typically tightly packed, enclosed places. That will be tough on health care facilities, emergency response systems, and government budgets that have already been stretched almost to their limits during the pandemic, Vox reported. States have also depended on a cohort of older volunteers, and their ranks will shrink almost in half this year as people more susceptible to COVID-19 stay home, according to The New York Times.


2020 and Hurricane season linking up to finish us off once and for all pic.twitter.com/RCQafnx6Aq
— Baddie Labelle (@hashtagdion) June 1, 2020





Although hurricane season technically just started, a couple storms decided to crash the party early. Two storms earned their names, Arthur and Bertha, last month, which happens when sustained wind speeds reach 39 mph. 
Not only are some hurricanes arriving early, overall they’ve also gotten stronger over the past 40 years, a new NOAA study confirmed in May. Hurricanes gain strength from heat energy, and there’s more of that to fuel them because of climate change. Warmer water leads to more moisture in the air and more intense hurricanes as a result."
18,"{'id': 'business-insider', 'name': 'Business Insider'}","Bob Hunt, Justin Gmoser and Emily Park",Can you get the COVID-19 coronavirus twice?,"<ul>
<li>With scattered reports of recovered COVID-19 patients testing positive again, a lot of people are wondering if it's possible to develop immunity at all.</li>
<li>Chances are many people will develop some sort of immunity but your immune system isn't …",https://www.businessinsider.com/can-you-get-the-coronavirus-twice-antibody-test-2020-5,https://i.insider.com/5ebd6ff17d5fdf00d373c523?width=1200&format=jpeg,2020-05-19T17:15:00Z,"Following is a transcript of the video. 
Narrator: Let's assume you've had COVID-19. You might believe you're immune, in the clear to go about your normal life without safety precautions. But with scattered reports of recovered cases testing positive again, a lot of people are wondering if it's possible to develop immunity at all. So, can you catch COVID-19 twice? The thing is, scientists just aren't sure, because figuring that out is a lot more complicated than you might think.
When a pathogen like a virus manages to get into a human, their body will signal an alarm. This will start what's referred to as the innate immune response and consists of physical, chemical, and cellular defenses against pathogens. Often enough, this works, and the invader is killed, but sometimes you need a second attack. The adaptive immune response marshals the special forces: B cells and T cells. B cells produce antibodies that smother the specific pathogen so it can't affect your body's cells.
Shane Crotty: So, basically, antibodies kill virus outside of cells; killer T cells kill virus inside of cells.
Narrator: So, once your body fights the pathogen, what stops you from having to fight off the same attack over and over? Well, your body has a secret weapon to protect you against any future attacks from the same pathogen: memory cells. Memory cells are basically the specialized T cells and B cells that stick around as guards. That way, if you encounter the virus again, the army will be readily waiting to kill that invader instantly. This is immunity.
A vaccine works on this basis by adding dead, weakened, or fragmented parts of a pathogen to your body. Not enough to cause illness, but enough to cause your body to produce memory cells.
Crotty: Normally, when you have an infection, it's a race between your immune system and the infection. But if you're vaccinated, you've already done the race part. Your immune system has already had time to scale up and develop immunity.
Narrator: Typically, you would know if you have immunity, either from a vaccine or knowing you previously had the illness. For example, it's relatively straightforward to know whether you've had chickenpox or not because the symptoms are highly unique and very easy to spot. But let's presume you know you've had COVID-19. You now have immunity and are safe, right?
To test this theory, one early study infected monkeys with the COVID-19 virus. They then waited till they tested negative after the infection passed and tried to reinfect them. When the monkeys didn't become reinfected, researchers concluded that after one viral attack, you would be protected from another. But this isn't a golden ticket to thinking you're immune, because the length and strength of that potential immunity are unknown.
And where a disease lies on the spectrum is influenced by two things, memory cell death rate and virus mutation rate. Memory cell death rate tells you at what rate those memory cells may be lost over time. The virus mutation rate can tell you if the virus will mutate too quickly for your memory cells. The more a virus mutates, the more unrecognizable it becomes to your memory cells. Determining where COVID-19 falls on this timescale is a vital step in managing its spread.
One indication of how long its immunity might last is to look at other coronaviruses. Those who have contracted SARS-1 have been found to have immunity for about two to three years, and the same time frame has been seen in other coronaviruses that can cause the common cold. Yet early signs have shown that this virus tends to mutate slowly. But there's another indicator into immunity strength and length: the serology test.
Crotty: The serology testing is a blood test for the presence of antibodies against that specific virus or that specific disease.
Narrator: Importantly, these are tests that can be done after you've recovered from symptoms.
Crotty: And you don't have to know exactly when that person was infected. And so that's a very powerful way to count how many people have actually been infected, whether they recognize the symptoms or not.
Narrator: These tests can measure how many antibodies are in the sample by looking at how they block or respond to the virus. These measurements can help to understand immunity levels and how long immunity could last. For example, studies for many other viral infections have found that the more severe the case, the longer the immunity. Basically, the bigger the infection, the bigger the immune response and more antibodies in a sample, which in turn gives longer immunity. But this may not hold true for COVID-19.
Crotty: It certainly may not be as simple as if you're positive for the antibody, you're protected against the disease, you're immune. That's true for many infections; it's not proven for COVID-19 disease.
Narrator: And the effectiveness of certain serology tests for COVID-19 has been mixed. Some tests are being misused, and others were brought into the United States before the FDA could approve them. The result has been poor detection rates, some as low as 20%.
Crotty: You know, these are the same types of tests as a pregnancy test. And so there's no way people would take pregnancy tests if they were only accurate 60% of the time.
Narrator: And there have been instances of false positives, which can be extremely dangerous, because they arm people with a false sense of potential immunity. But these problems aren't universal, and the FDA has begun approving a select few that show much higher accuracy. So, with an accurate serology test, would you be immune?
Well, one early Chinese study found 30% of those who tested positive for the virus had little to no detectable antibodies, which would suggest that immunity isn't guaranteed, though this has been challenged by another study that found all patients tested had significant antibody levels. But other issues such as age or health could play into these responses.
Crotty: Is it gonna be 0.1% of people who can get reinfected three months later? Or is it going to be a higher number in the elderly?
Narrator: Once more accurate and universal testing is underway, more studies can begin to more precisely examine how long this immunity may last and who has it. So our best bet right now is to keep our distance and assume we're not immune at all.
Loading
Something is loading."
19,"{'id': 'business-insider', 'name': 'Business Insider'}",Lydia Ramsey,Dispensed: Vaccine updates — Coronavirus medical bills — COVID-19 skin complications,"Hello,
Welcome to Dispensed, Business Insider's weekly healthcare newsletter. We've made it to Memorial Day weekend! Hope everyone's found a restful way to spend the long weekend. Is anyone else getting nostalgic for past three-day weekend plans?
This week in…",https://www.businessinsider.com/dispensed-business-insiders-weekly-healthcare-newsletter-may-22-2020-5,https://i.insider.com/5e6f928ac48540320a3cd905?width=1200&format=jpeg,2020-05-22T16:08:59Z,"Hello,
Welcome to Dispensed, Business Insider's weekly healthcare newsletter. We've made it to Memorial Day weekend! Hope everyone's found a restful way to spend the long weekend. Is anyone else getting nostalgic for past three-day weekend plans?
This week in healthcare news, we saw some vaccine developments and some new COVID-19 complications — medically and financially. 
Are you new to the newsletter? You can sign up here. 
Scientist Xinhua Yan works in the lab at Moderna in Cambridge, MA on Feb. 28, 2020.
David L. Ryan/The Boston Globe/Getty Images
We're getting our first signs of how well a coronavirus vaccine might work
This week, we got results from not one but two vaccine efforts. 
On Monday, Moderna Therapeutics released the first human results from coronavirus vaccine efforts, finding that in a small number of healthy volunteers, the vaccine created immune responses that could help protect people from being infected by the novel coronavirus.
Then on Friday, Chinese biotech CanSino published data from its vaccine trial, supporting additional trials of the vaccine. 
Moderna and CanSino's efforts are among the six vaccine efforts analysts at Morgan Stanley think are the most promising of the 100+ in development. Should further research prove they're effective at preventing the virus, the vaccines could be here as soon as this fall, though it'll likely be mid-2021 before they're widely available. (New to BI Prime? Use my link here to get 20% off your BI Prime subscription.)
Andrew Dunn spoke to Moderna's CEO Stephane Bancel after the company announced the results on Monday. One of his biggest worries at this point: making sure there's enough vaccine to go around. 
But to be sure, there are big questions we need have answered about the potential vaccine.
Andrew outlines them here:
An example of transient livedo reticularis in a 67-year-old patient who tested positive for COVID-19.
Dr. Randy Jacobs
Meanwhile, Yeji Lee went deeper down the rabbit hole of skin complications popping up in patients who've tested positive for the novel coronavirus.
While COVID-19 predominantly impacts the lungs, doctors are noticing everything from clotting complications to symptoms like loss of smell and dizziness. 
Yeji reports the American Academy of Dermatology has logged 600 submissions of skin-related problems seen in patients with COVID-19 — including, of course, ""COVID toes"" as well as rashes, hive-like symptoms, and blisters. 
You can read the full story here:
Medical bill from Imad Khachan
Courtesy of Imad Khachan
Medical complications aren't the only problems showing up in COVID-19. Financially, things are getting complicated both for patients and companies. 
Kimberly Leonard has been keeping tabs on the organizations that received stimulus money from the CARES Act. She found that CVS Health received $43.3 million and decided to return it. The funding was automatically sent to providers that bill Medicare in April.
Meanwhile, Republicans are clashing with Democrats over the next stimulus bill. In particular, Republicans want to shield companies from coronavirus lawsuits. Last Friday, the House passed the $3 trillion bill called the HEROES Act, which doesn't include those provisions. Kimberly has the roundup of all that Republicans are pushing for.
For patients, the financials are complicated too. The Trump administration has been working to make sure patients are shielded from high healthcare costs related to coronavirus treatment. Even so, Kimberly spoke with patients — both insured and uninsured — who have still faced high medical bills for treatment and testing. 
You can read the full story here:
The pursuit of accurate coronavirus testing
Blake Dodge dove further into the debate around the accuracy of Abbott's rapid coronavirus test.
Last week, a study out of NYU raised questions about the test's accuracy, finding that it often provides false negatives suggesting people don't have the virus when they do. 
Blake spoke with Philip Ginsburg, a senior medical director for Abbott's rapid diagnostics wing, who called the study ""totally inadequate.""
You can read the full story here:
Vertex; Saperta; Sanofi; Bristol Myers Squibb; Pfizer; Ruobing Su/Business Insider
How the pandemic is transforming healthcare
Last week, I mentioned the team had spoken with 26 healthcare leaders about what's in store for the healthcare industry in light of the pandemic. This week, the team pulled out some themes from our reporting. 
And Andrew and Jeremy Berke spoke to 5 pharma/biotech CEOs about what the pandemic means for the drug industry. 
You can read the full story here:
As always, please send all tips — healthcare related or long weekend related — my way! You can reach me at lramsey@businessinsider.com, or the entire team at healthcare@businessinsider.com.
Have a great weekend!
- Lydia 
Loading
Something is loading."
