,source,author,title,description,url,urlToImage,publishedAt,content
0,"{'id': 'mashable', 'name': 'Mashable'}",Stan Schroeder,Mark Zuckerberg says he doesn't want misinformation 'going viral',"Mark Zuckerberg insists that Facebook is effectively fighting misinformation surrounding the upcoming U.S. elections and the coronavirus. 
In an interview with the BBC, Facebook CEO answered questions about the company's anti-misinformation campaign, the Covi…",https://mashable.com/article/mark-zuckerberg-interview-misinformation/,https://mondrian.mashable.com/2020%252F05%252F21%252F79%252F493f763ce1d7439fb31d0f4994876a7a.37be1.jpg%252F1200x630.jpg?signature=pyMJbCqugNCsJ8a_P7NKmgD5IU8=,2020-05-21T15:23:12Z,"Mark Zuckerberg insists that Facebook is effectively fighting misinformation surrounding the upcoming U.S. elections and the coronavirus. 
In an interview with the BBC, Facebook CEO answered questions about the company's anti-misinformation campaign, the Covid-19 pandemic, upcoming elections, and his near-total control over the world's largest online social network. 
Zuckerberg said the company has been removing content that's likely to result in ""immediate and imminent harm."" 
""Even if something isn't going to lead to imminent physical harm, we don't want misinformation to be the content that is going viral,"" he said. 
Still, he said he wanted to allow the ""widest possible aperture"" for freedom of expression. Facebook made a similar argument when defending its controversial decision to allow politicians to lie in their Facebook ads. 
Facebook was widely criticized over its role in the 2016 presidential election, when Russian trolls leveraged the platform to spread fake news. We're in an election year once again, but, according to Zuckerberg, Facebook is far better prepared this time. 
""We have learnt a lot since 2016 and I feel pretty confident that we are going to be able to protect the integrity of the upcoming election,"" he told the BBC. 
SEE ALSO: Giphy nervously assures internet it's not removing Mark Zuckerberg GIFs
Zuckerberg also addressed the criticism that he has too much control over Facebook despite owning a fairly small percentage of the company. 
""If it had been different then we would have sold out to Yahoo years ago and who knows what would have happened then,"" he said."
1,"{'id': 'mashable', 'name': 'Mashable'}",Rachel Kraus,Twitter says Trump is no exception to new coronavirus misinformation rules,"Twitter is advancing one step further in the fight against coronavirus misinformation.
Executives announced in a company blog Monday that Twitter would start affixing labels and warnings to tweets containing information about COVID-19 that goes against the ad…",https://mashable.com/article/twitter-coronavirus-misinformation-rules-trump/,https://mondrian.mashable.com/2020%252F05%252F11%252Fa6%252Fe69b8cbc70474daab1bfaf01a5c79e3a.32827.jpg%252F1200x630.jpg?signature=WbyIR9ni__DdaZIRsrtTE8vdqIk=,2020-05-11T23:42:17Z,"Twitter is advancing one step further in the fight against coronavirus misinformation.
Executives announced in a company blog Monday that Twitter would start affixing labels and warnings to tweets containing information about COVID-19 that goes against the advice and knowledge of public health experts. That will include tweets where the misinformation is contained in media, like videos and images.
Twitter previously announced that it would label or remove misinformation that could cause physical harm or widespread panic, including conspiracy theories. Monday's announcement broadens the policy to content where harm is not as obviously imminent. 
Other misinformation will get a label with a link out to more resources.
Image: twitter
An important clarification to the policy came on Twitter shortly after the post. In response to questions from reporters, Twitter executive Yoel Roth clarified that the company's new policy would apply to the tweets and content of world leaders  including President Trump.
This is an important clarification because Twitter has been inconsistent in applying its content policies to President Trump in the past. Additionally, Trump has lied and spread misinformation about coronavirus cures, treatments, and progress. 
These labels will apply to anyone sharing misleading information that meets the requirements of our policy, including world leaders.
 Yoel Roth (@yoyoel) May 11, 2020
Flagging misinformation will take three forms on Twitter. It could be removed if the information is egregious and could cause real world harm. Twitter could gray out the Tweet or content and affix a warning label if the content contains a ""disputed claim"" and the potential for harm is ""severe."" Or it could get a label which is basically a line of text linking out to other information if the information is misleading our disputed, but the potential for harm is ""moderate."" Here's a handy graph.
Making distinctions between bad, worse, and life threatening? Love that for us.
Image: twitter
It's not clear how Twitter will find the tweets that it labels or affixes warnings to. In a section found within the post called ""How will we identify these Tweets?,"" Twitter says it will use ""internal systems to proactively monitor content related to COVID-19,"" as well as ""rely on trusted partners"" for assessing the risk level of tweets. Not exactly transparent.
Social media and other tech companies have banded together to fight coronavirus misinformation. But with a prominent source of this content being the President himself, it's an uphill battle."
2,"{'id': 'mashable', 'name': 'Mashable'}",Rachel Thompson,'Turbo relationships' and the people falling in love at high speed during the pandemic,"Taking it slow has a whole new meaning during a pandemic. 
In the time before COVID-19, putting on the brakes meant halting the physical stuff while you got the measure of someone. Maybe you'd kiss after that first date and leave it at that. Maybe you'd wait.…",https://mashable.com/article/falling-in-love-in-pandemic/,https://mondrian.mashable.com/2020%252F06%252F24%252F5b%252F10171e028c8844caa1335fdc3d1a649d.72ce6.jpg%252F1200x630.jpg?signature=hRCVz5dNetDCIr_wbyhY32n89N4=,2020-06-24T14:17:46Z,"Taking it slow has a whole new meaning during a pandemic. 
In the time before COVID-19, putting on the brakes meant halting the physical stuff while you got the measure of someone. Maybe you'd kiss after that first date and leave it at that. Maybe you'd wait. 
For me, that desire to take my foot off the accelerator usually came when I had an inkling that I quite liked a person. That, of course, was accompanied by a faint glimmer of hope that this person could turn into someone important to me.
In the words of Taylor Swift and Ed Sheeran, everything has changed. The proverbial dating rule book is out of the window and most of us are now just making it up as we go along. Some couples are falling in love in lockdown without seeing each other in person. Some made the bold move to move in together at the start of the pandemic. And others are forming ""support bubbles"" with newfound loves. 
Living through this moment in history is already changing our relationship to time. Some couples are taking it slow physically, but hurtling full steam ahead emotionally. Others are treating their Tinder matches like pen pals and taking things at a pace that can be described as glacial. Others are going full steam ahead on both those counts. 
According to a new report from dating site eharmony and relationship support charity Relate on relationships in lockdown, over a third of people newly living with a partner feel the past two months are the equivalent of two years of commitment. More than 59 percent of new couples feel more committed to their partner in the wake of the pandemic, creating a wave of ""turbo relationships,"" and 36 percent say they've hit common relationship milestones, like moving in together, much quicker. And this cranking up a notch of relationships has also led to more sex for 23 percent of couples. 
SEE ALSO: How single people have been dealing with the 'sex ban' in England
""Make no mistake, we are living in historic times, with a pandemic and the resulting lockdown having a profound impact on the way we live and love,"" said eharmony relationship expert Rachael Lloyd. ""Whats really interesting, is the creation of so-called turbo relationships whereby couples whod never usually move at such speed may have found themselves living together within weeks of meeting and largely thriving.""
I spoke to couples who have experienced this new wave of accelerated romance in their relationships during the pandemic. 
Gabrielle, who prefers not to reveal her real name, got out of a five-year relationship in December and found lockdown really hard. She was living alone for the very first time and going through a tough breakup. She described it to me as a ""very confusing, horrible period."" During lockdown, her ex confirmed to her that he didn't want to get back together. 
She downloaded Hinge and went on her first socially distanced date on the balcony of her flat. This was around the time the UK government announced ""support bubbles"" where people living alone can go and stay with someone else who's also living alone. 
""He said, 'I think we're going to get married.'"" 
During that first date, Gabrielle and her date kissed. ""I remember freaking out that I kissed someone,"" she said. ""I had to tell my mum."" Gabrielle then did something she wouldn't usually do on a first date, she asked him if he wanted someone to kiss and cuddle during lockdown. He said yes. ""You can be my bubble,"" he told her. 
""We made some rules at the start,"" Gabrielle explained. ""I was like, 'If you kiss or hug someone, you have to tell me, then we have to stay apart for two weeks.'"" Gabrielle's date (for want of a better term) has been to her house seven nights running and a few of those nights have involved sleepovers. ""I feel like in the space of a week Ive had an entire relationship,"" she told me. In that week, they've spent the majority of their time in her living room, sitting on her sofa drinking wine. She's never actually been outside with him. ""Lockdown has accelerated everything so quickly,"" she told me. ""If you can only touch one person, then it intensifies things very quickly."" 
But, despite the relationship's secret, behind-closed-doors-ness, Gabrielle says it feels quite romantic. ""I kind of feel like were married,"" she told me. ""And when I told him that, he said 'I think we're going to get married.'"" This romance over wine and Gü Puds
 has been an unexpected pleasure for Gabrielle albeit an intense one. ""Being exclusive from the moment you kiss just makes you give things a proper chance,"" she said. ""I feel like were in a world of our own. We're suspended in time a little bit.""
Lauren, who prefers to not reveal her real name, reconnected with a guy she fancied when she was in sixth form about a week before the UK went into lockdown. Because of the timing of their reconnection, they weren't able to go on a date. But they've been getting to know each other from afar. ""Over the past three months we have been sending voice notes back and forth (about 50 mins a day each),"" she said. ""I feel very invested in the relationship now, and wouldn't talk to anyone else, which is odd as technically we've not even been on a first date!"" For Lauren, this is the longest she's ever spoken to someone without meeting up with them. ""Could be a good thing!"" she said.
Asked if she's developed feelings for the guy in question, Lauren said she definitely has. ""I'd be pretty upset if for some reason he didn't want to meet anymore,"" she added. And her former sixth form crush has said the same. ""I think there's a bit of an unspoken agreement to mention the date every now and again so that we both know we're still planning on going.""
The question many lockdown lovers have right now is: What if we don't fancy each other when we finally meet up? I asked Lauren if she was concerned about this small detail. ""I am a little bit!"" she said. ""We bumped into each other at the train station just before the lockdown which is how it started and definitely fancied him then."" 
When it comes to ""turbo relationships,"" not all of them prove to be great whirlwind romances, though. Take Anna, for instance. A guy she'd been on three dates with had a fluke electrical fire at his apartment right at the start of the COVID restrictions coming into place in the U.S. ""I had some extra space so decided to take a risk/take advantage of the universe kicking him out of his place and invited him to stay with me,"" Anna explained. It was mid-March by that point and a two-week stay-at-home order had just been announced, soon to become an extended to ban all non-essential travel. ""It soon became clear that he would be there indefinitely,"" she said. 
""It turned out to be kind of like roommates with benefits.""
""It turned out to be kind of like roommates with benefits,"" she explained. ""We didnt know each other well, so it was a crash course in all the practical things about living together along side all the dating stuff. Like, what are your eating habits? Night owl or early riser? What shows interest you? How clean are you? Do I still like him in close quarters? Am I attracted to him (this I knew before)? What are his values and hobbies?"" Her roommate-slash-friends-with-benefits left after four weeks because of a family emergency. ""Overall I think it was a best case scenario we didnt fall in love but are still in touch and seeing each other,"" she said. ""We got a bunch of stuff out of the way and know were pretty compatible something that normally takes months not weeks. Also from a practical perspective I know hes respectful of space, personal boundaries, and loves my cats.""
Ultimately, moving in with someone you've only been on three dates with was a big step for Anna. ""As a devoted introvert who lives alone it was a big struggle for me at first to figure out how to divide my time between work, hanging out with him, and also keeping up some alone time with things like reading, but the good news was that through that, I knew that I didnt want him to leave,"" she said.
Stephanie Healy moved in with her partner two days before lockdown was announced in the UK. They'd been dating since Feb. 2019 and until this point, she'd been vocal about not wanting to move in. Making the decision to move in, she has been living out of one bag for the entirety of the government's stay-at-home restrictions. ""It was make or break really,"" she said. ""And now that Im here, I genuinely couldnt imagine being anywhere else. 
""Id been holding off on it because it freaked me out (avoidant attachment over here!), and we agreed Id stay at his for a few weeks whilst I continued renting my old flat to see how it went,"" she explained. ""Then lockdown happened, and I couldnt go back because my housemates were vulnerable."" In the absence of being able to leave and have her own space in her newfound living arrangement, Healy found she needed to get better at communicating. She's no longer living out of a suitcase either after moving all her things across last weekend, and says moving in with her partner has definitely solidified their relationship. 
In many respects, life has slowed down in lockdown. But for some of us, that slowing down has prompted other aspects of our lives to speed up. For some, it meant taking their relationship to the next level. For others, it meant finally accepting that you're just not right for each other. 
The true test, of course, is whether your relationship continues once lockdown ends, and when COVID restrictions begin to lift."
3,"{'id': 'mashable', 'name': 'Mashable'}",Nicole Gallucci,"Amazon Prime Video releases Zoom backgrounds for 'Fleabag,' 'Maisel,' and more","Read more...

{""player"":{""description"":""Zoom right into your virtual meeting with a fun background!"",""image"":""https://mondrian.mashable.com/uploads%252Fvideo_uploaders%252Fdistribution_thumb%252Fimage%252F94607%252F89f1b314-4b44-42d0-b790-e0848e97b5ea.png%25…",https://mashable.com/article/amazon-prime-zoom-backgrounds-fleabag-marvelous-mrs-maisel/,https://mondrian.mashable.com/2020%252F05%252F14%252F0b%252F51d6a87f103247a58a2affd0b9be2880.4f457.png%252F1200x630.png?signature=j74UWSp0n5yNWNXPa7m1sywJYrQ=,2020-05-14T20:39:40Z,"Calling all TV fans who've been forced to partake in a ridiculous amount of Zoom meetings, digital happy hours, and virtual hang outs. Amazon Prime Video has created some delightful Zoom backgrounds just for you.
Next time you're looking for a background that accurately reflects one of your interests, try out one of Prime Video's newly released backgrounds inspired by fan-favorite shows like Fleabag, The Marvelous Mrs. Maisel, Good Omens, and more.
You can browse the Prime Video Facebook page to see if any appeal to you, or you can go straight to the social media pages of your favorite Amazon Originals to seek them out. There are even a few video backgrounds!
SEE ALSO: 9 weird, free stock images that make excellent Zoom backgrounds
The full list of shows and movies that were turned into backgrounds is as follows: Bosch, The Boys, The Expanse, Fleabag, Good Omens, Happiness Continues, Homecoming, Hunters, Making the Cut, The Marvelous Mrs. Maisel, Tales from the Loop, Tom Clancys Jack Ryan, Undone, and Upload.
Just like our favorite unlikely duo, you've got a job to do! We want to see what kind of #GoodOmens Zoom backgrounds our favorite fandom can create in honor of the 30th anniversary. pic.twitter.com/U4OE5tzZSF
 Good Omens (@GoodOmensPrime) May 14, 2020
If you have fab taste in fashion, and youre looking to spice up your Zoom calls youre in luck! Were bringing @TimGunn to our next happy hour, which one are you choosing?! pic.twitter.com/yZfmrJD0lw
 makingthecuttv (@MakingtheCutTV) May 14, 2020
Zoom meetings are the fuckin' worst, eh? Here are some free backgrounds featuring your favorite assholes to make them slightly better. pic.twitter.com/zAz0kJsM79
 The Boys (@TheBoysTV) May 14, 2020
While we'd much rather have a Jack Ryan background with Jack Ryan in it, these are a pretty great start. And if you're looking for other fun Zoom backgrounds in the future, we've got you covered."
4,"{'id': 'mashable', 'name': 'Mashable'}",Anna Iovine,Zoom from a BDSM dungeon with these kinky new backgrounds,"Read more...

{""player"":{""description"":""Zoom right into your virtual meeting with a fun background!"",""image"":""https://mondrian.mashable.com/uploads%252Fvideo_uploaders%252Fdistribution_thumb%252Fimage%252F94607%252F89f1b314-4b44-42d0-b790-e0848e97b5ea.png%25…",https://mashable.com/article/sex-zoom-backgrounds-kink-bdsm/,https://mondrian.mashable.com/2020%252F04%252F29%252Fa5%252Fe69c1f43304a47ada9eafb1aa9ac38ae.eaadf.jpg%252F1200x630.jpg?signature=nA_YcDA0osYyqKxC-xREL3WgIsE=,2020-04-29T20:54:32Z,"Custom Zoom backgrounds are all the rage right at the moment and now porn site Kink is letting you video chat from their most recognizable sets. Perfect for your virtual orgy!
Designers at Kink created backdrops of their Hogtied room, Ultimate Surrender wrestling ring, padded cell, bondage wall, and a bank of urinals just to name a few. There are a dozen in total, all SFW offerings with NSFW backstories should you decide to use one for a conference call. 
Image: kink.com
""Now that our shelter-in-place order has been extended, we want to help everyone have a little kinky fun,"" Alison Boden, CEO of Kink.com, said in a press release. ""Whether youre logging into a board meeting or a date, theres no mystique in your dirty laundry, open closet or saggy sofa. Kinks always helped people live out their fantasies and we need that now more than ever.""
To see and download all the backgrounds, check out their blog post. And we've got you covered if you need to figure out how to change your Zoom background in the first place."
5,"{'id': 'mashable', 'name': 'Mashable'}",Proma Khosla,J.K. Rowling's new children's story will be online for free,"J.K. Rowling will finally publish The Ickabog, a ""stand-alone fairy tale"" and her first children's story since Harry Potter — online, for free.
New chapters will go live on the Ickabog website at 3 p.m. GMT daily between now and July, starting with the first …",https://mashable.com/article/j-k-rowling-the-ickabog-announcement/,https://mondrian.mashable.com/2020%252F05%252F26%252F22%252F34d7e52ae15c43d5adf1c9bc05792560.b2bc7.jpg%252F1200x630.jpg?signature=MV2uWCJYP9FbEqLLWrGYcPI9e4Q=,2020-05-26T13:41:00Z,"J.K. Rowling will finally publish The Ickabog, a ""stand-alone fairy tale"" and her first children's story since Harry Potter online, for free.
New chapters will go live on the Ickabog website at 3 p.m. GMT daily between now and July, starting with the first two on Tuesday. A full print and e-book version will be available for purchase in November, with royalties going to help those who have been affected by COVID-19.
Additionally, Rowling tweeted a call for illustrations: The Ickabog will be published with artwork, for which Rowling prompted children and parents at home to see what they can come up with. Each online chapter will provide illustration prompts to get started. While officially entries for the final edition will be judged by the publisher, Rowling encouraged those participating to share their work with the hashtag #theickabog online so she can at least see and engage with it.
Over time I came to think of The Ickabog as just for my family. The manuscript went up into the attic, where it remained until a few weeks ago. 
This is the very dusty box I got down from the attic. (It's a Net-A-Porter box and might well have held a premiere dress.)
4/13 pic.twitter.com/vg8F5Qx33M
 J.K. Rowling (@jk_rowling) May 26, 2020
Rowling has teased The Ickabog since 2007, when the last Harry Potter book was released and the world waited with bated breath for her next project. Instead, Rowling's new releases were adult fiction, starting with 2012's The Casual Vacancy and four Cormoran Strike mysteries published under a pseudonym. Her next Strike novel is scheduled for Sept. 15."
6,"{'id': 'mashable', 'name': 'Mashable'}",Rachel Thompson,Sex with someone you don't live with is now illegal in England,"No sex with people outside your household.
That's a rule now enshrined in law in England as new legislation is brought in prohibiting indoor ""gatherings"" of two or more people from different households amid the coronavirus (COVID-19) pandemic.
It's been dubbe…",https://mashable.com/article/sex-ban-england-coronavirus/,https://mondrian.mashable.com/2020%252F06%252F02%252F69%252F88cb8a40212646b2aa6d46954aecbf8c.dd322.jpg%252F1200x630.jpg?signature=E5jXD_M0kKIwOl9vmcHuMCGJIjE=,2020-06-02T13:58:16Z,"No sex with people outside your household.
That's a rule now enshrined in law in England as new legislation is brought in prohibiting indoor ""gatherings"" of two or more people from different households amid the coronavirus (COVID-19) pandemic.
It's been dubbed a lockdown ""sex ban"" by the media, but the new legislation makes no explicit mention of the word sex. But, is sex really banned? We took a look at the new rules.
Indoor ""gatherings"" are banned under the Health Protection (Coronavirus, Restrictions) Regulations 2020 bill, which came into effect on June 1, 2020. The new rules define gatherings as ""when two or more people are present together in the same place in order to engage in any form of social interaction with each other, or to undertake any other activity with each other."" If you're single or if you live apart from your partner this new legislation will affect you. 
The UK has been under lockdown since March 23 so 10 weeks and until now the government restrictions have stipulated that people are only allowed to leave their homes for a limited set of circumstances, including for work, health reasons, to buy food, or to get exercise. Those restrictions have been loosened over the past few weeks. 
SEE ALSO: Now is the time to ditch single people's most hated question
So, does sexual intercourse fall under the categories ""social interaction"" or ""any other activity""? It would appear so. Unless you live with your sexual partner, you will be breaking the law if you go to another person's house for sex. It's also prohibited by law to stay overnight away from home, unless it's for work, funerals, or avoiding harm. In short, it's illegal to visit friends, family, or sexual partners inside their homes or to spend any time indoors with someone you don't live with. 
For the people abiding by lockdown restrictions for the past 10 weeks, it likely comes as no surprise that sex with people outside your household remains off limits. So, what difference does this legislation actually make? Until now, the person who entered another person's home would have been in breach of the lockdown rules. Under this new law, both people can now be prosecuted under the amendment. Previous restrictions made no mention of meeting up in private places, and instead the message to 'stay at home' was disseminated by the government. According to police guidance published by the College of Policing, the approach to restrictions has changed as of June 1. ""Rather than requiring a reasonable excuse to leave the place where a person is living, there are specific things that members of the public cannot do,"" reads the guidance. 
There are exceptions to the rules about gatherings and overnight stays. Both are permitted in the following circumstances: 
<ul><li>between members of the same household
</li><li>for people attending a funeral; for an elite athlete and their coach or parent
</li><li>for work purposes or providing charitable services
</li><li>to facilitate house moves
</li><li>to provide care or assistance to a vulnerable person
</li><li>to provide emergency assistance
</li><li>for providing registered early years childcare
</li><li>to avoid injury, illness, or to escape a risk of harm
</li><li>to facilitate access between parents and children
</li><li>to fulfill legal obligations or participate in legal proceedings
</li><li>for the purposes of education 
</li></ul>I emailed the Department of Health and Social Care (DHSC) and asked the following question: ""Is it now illegal for a person to go to another person's house to have sex?"" In my email I noted that the legislation did not make explicit mention of 'sex' but that people have interpreted the law as a sex ban.
In reply, a DHSC spokesperson said: ""Changes to Coronavirus Regulations mean people can spend time outdoors, including private gardens and other outdoor spaces, in groups of up to six people from different households. However, everybody should act responsibly and continue to strictly observe social distancing rules.""
SEE ALSO: Horny and romantic books that will completely consume you
Afraid to say this is correct. 
I can't believe I'm about to tweet this.
From tomorrow sex between two (or more) people in a private place who do not live in the same household is a ""gathering"" between 2 or more people and is therefore illegal. https://t.co/aEiGIoweeepic.twitter.com/b0KZBACSQ4
 Adam Wagner (@AdamWagner1) May 31, 2020
""Individuals who participate in a prohibited gathering will be in breach of the regulations, and the police will use their common sense and discretion in all cases,"" the statement continued. The spokesperson added that DHSC had ""set out"" its plan ""to return to life to as near normal as we can, for as many people as we can, as quickly and fairly as possible in order to safeguard livelihoods, but in a way that is safe and continues to protect our NHS."" 
For people looking for loopholes to this law, remember that sex outdoors is already punishable under pre-existing including indecent exposure and outraging public decency. Furthermore, under new guidelines, people meeting up in outdoor gatherings of up to six people are required to practice social distancing. 
Police can't burst into your bedroom and fine you for having sex. 
You might well be wondering about how the police can enforce something like this. Well, on Monday, 10 Downing Street confirmed that police can't burst into your bedroom and fine you for having sex. Not sure if any of us quite expected that course of events to be on the cards, but glad to hear No. 10 has ruled it out, nonetheless. 
Police can arrest or fine those breaking the law, but they don't have the power to check inside your home. The default fine stands at £100 in England.
""The police will do as they have done since the beginning of the health regulations being in place. They will be exercising their common sense and engaging with the public and only issuing fixed penalty notices when they believe its a last resort,"" the prime minister's spokesperson told the Mirror. The spokesperson added that police in England don't have powers to enter people's homes under the regulations. ""What they can do is enter homes where they suspect serious criminal activity is taking place under separate and existing laws,"" they added. 
Looks like that sex hiatus will be going on a little longer then."
7,"{'id': 'reuters', 'name': 'Reuters'}",Reuters Editorial,UK plots exit from lockdown but cautions COVID-19 is here to stay,"Prime Minister Boris Johnson published his plan for exiting the coronavirus lockdown on Monday, allowing some people back to work but cautioning that all should wear face coverings in enclosed spaces as COVID-19 was here to stay.",https://www.reuters.com/article/us-health-coronavirus-britain-lockdown-p-idUSKBN22N1T3,https://s2.reutersmedia.net/resources/r/?m=02&d=20200511&t=2&i=1518204608&w=1200&r=LYNXMPEG4A1DD,2020-05-11T13:09:28Z,"LONDON (Reuters) - Prime Minister Boris Johnson published his plan for exiting the coronavirus lockdown on Monday, allowing some people back to work but cautioning that all should wear face coverings in enclosed spaces as COVID-19 was here to stay. 
“This is not a short-term crisis,” said the 51-page “Our Plan to Rebuild: The UK Government’s COVID-19 recovery strategy”. 
“It is likely that COVID-19 will circulate in the human population long-term, possibly causing periodic epidemics. In the near future, large epidemic waves cannot be excluded without continuing some measures.” 
For details of the plan: 
The government said it would introduce a 14-day quarantine on international travellers with some exceptions. It also said people should wear face coverings in enclosed spaces where social distancing was not possible. 
Reporting by Elizabeth Piper; Writing by Guy Faulconbridge; editing by Kate Holton"
8,"{'id': 'reuters', 'name': 'Reuters'}",Tom Hals,U.S. workers hit McDonald's with class action over COVID-19 safety,"Five McDonald's workers in Chicago filed a class action lawsuit against the chain on Tuesday, accusing it of failing to adopt government safety guidance on COVID-19 and endangering employees and their families.",https://www.reuters.com/article/us-health-coronavirus-mcdonald-s-lawsuit-idUSKBN22V2V8,https://s2.reutersmedia.net/resources/r/?m=02&d=20200519&t=2&i=1519203881&w=1200&r=LYNXMPEG4I1NG,2020-05-19T19:17:16Z,"(Reuters) - Five McDonald’s (MCD.N) workers in Chicago filed a class action lawsuit against the chain on Tuesday, accusing it of failing to adopt government safety guidance on COVID-19 and endangering employees and their families. 
McDonald’s failed to provide adequate hand sanitizer, gloves and masks and has not notified its staff when an employee has become infected with the new coronavirus, according to a copy of the lawsuit provided by a spokesman for the workers. 
McDonald’s said in a statement that the allegations were inaccurate and that safety, including wellness checks and protective gear, was a top priority. 
The workers requested the Illinois state court issue an injunction, which would make McDonald’s stop requiring workers to reuse masks, mandate face coverings for customers and require the company to inform employees if a coworker becomes infected. 
Separately, McDonald’s workers at three California locations on Tuesday filed administrative actions over allegedly unsafe conditions with the California Division of Occupational Safety and Health. 
Employees at restaurants, warehouses and other essential businesses that remained open during the COVID-19 outbreak have protested and walked off the job over fears of getting sick. 
Trade groups have warned of a wave of litigation over the pandemic, but few cases have been filed. 
Retailer Walmart Inc (WMT.N) and meat producers JBS SA (JBSS3.SA) and Tyson Foods Inc (TSN.N) were each sued over employee deaths from COVID-19. 
Smithfield Foods Inc [SFII.UL] was sued by a workers group demanding safety measures in a lawsuit that, like the McDonald’s case, alleged the company was a public nuisance. 
The Smithfield case was quickly dismissed because the judge said workplace conditions were a matter for the Occupational Safety and Health Administration, part of the Department of Labor. 
Reporting by Tom Hals in Wilmington, Delaware; Editing by Noeleen Walder and Marguerita Choy"
9,"{'id': 'reuters', 'name': 'Reuters'}",Gabriel Crossley,Rural migrants suffer most amid China's unemployment misery,"Migrant workers Zhang Jianpeng and his wife returned to Beijing in late April, after nearly three months in lockdown at their home village in northern Shanxi province waiting for China's COVID-19 epidemic to subside.",https://www.reuters.com/article/us-china-parliament-unemployment-idUSKBN2310XK,https://s3.reutersmedia.net/resources/r/?m=02&d=20200525&t=2&i=1519796601&w=1200&r=LYNXMPEG4O0MK,2020-05-25T09:30:34Z,"BEIJING (Reuters) - Migrant workers Zhang Jianpeng and his wife returned to Beijing in late April, after nearly three months in lockdown at their home village in northern Shanxi province waiting for China’s COVID-19 epidemic to subside. 
By the time they got back to the city, the restaurant where they had both worked had long since closed, and neither has been able to find a new job. 
They have used up their savings of 30,000 yuan ($4,202) and Zhang is now in debt, using one credit card to pay off another. 
“One month was fine. But after the second month, into the third, there was no money left,” the burly 28-year-old told Reuters. 
He has two young daughters being looked after by their grandparents back in the village, in an economically depressed old coal mining area. 
There are no jobs there, and having spent the last of their savings while looking for work in the capital, going back penniless would be a bitter pill to swallow. 
“How could I face my parents?” Zhang asked. 
In China, there are an estimated 280 million rural migrant workers, like Zhang. They have been, perhaps, the hardest-hit by the economic impact of the coronavirus, and many are excluded from unemployment insurance. 
In the first quarter, China’s economy contracted for the first time in decades. Due to uncertainties cast by the global pandemic, China’s communist leaders decided against setting a growth target this year. [nL4N2D40KJ] 
Surveyed unemployment in the nation of 1.4 billion was 6% in April, but many analysts say true unemployment must be far higher. [nL4N2BV0WT] 
Zhang and his wife rent a cheap apartment a three-hour bus ride from Beijing proper, where he spends every day wandering through old haunts looking for a job. 
“Work is hard to find this year. Too hard,” said Zhang. “And if you find it the wages are too low.” 
He reckoned restaurant wages have slumped by a third, and if he were lucky enough to find a job he would likely be paid only around 4,000 yuan ($560) per month. 
PECKING ORDER 
New policies call for migrant workers to be given equal access to employment services, and expanded subsistence allowances for those who return home. But many like Zhang have received little help so far. 
Dealing with unemployment is a top priority for Beijing, but while the government emphasises support for migrant workers, some analysts say they get less attention because they are less likely to create political problems. 
Bigger concerns are unemployed college graduates and laid-off urban workers, said Dan Wang, of the Economist Intelligence Unit. The latter are more likely to have mortgages to pay, and so could affect the real estate market, she said. 
There has not been any obvious increase in worker protests yet, but judging by postings on social media “discontent is growing,” said Geoff Crothall, of China Labour Bulletin. 
Premier Li Keqiang, in an annual report released on Friday, promised more help for small and medium-sized firms, which generate most of China’s jobs. The government expects 9 million new urban jobs to be created this year - its lowest target since 2013. 
As life returns to normal, “the economy will also start to flourish, and rural migrant workers’ incomes will definitely continue to grow,” Zhao Chenxin, vice secretary general of the National Development and Reform Commission, told a news briefing on Sunday. 
Migrant worker Zhang Jianpeng, 28, and his wife Zhang Ruirui, 26, wear face masks as they walk the streets of Beijing looking for work, having lost their jobs in the wake of the novel coronavirus epidemic in China. Picture taken May 13, 2020. REUTERS/Tingshu Wang
But he said most new jobs would go to graduates and armed forces veterans, while a portion would go to migrant workers. 
“The hard truth is that, from a policymaker perspective, unemployed rural migrants are much less of a concern or threat than unemployed urban people,” said Louis Kuijs, of Oxford Economics. 
($1 = 7.1398 Chinese yuan renminbi) 
Additional reporting by Tingshu Wang; Editing by Simon Cameron-Moore"
10,"{'id': 'reuters', 'name': 'Reuters'}",Reuters Editorial,Coronavirus depresses U.S. consumer spending in April,"U.S. consumer spending suffered another month of record decline in April as the COVID-19 pandemic undercut demand, buttressing expectations that the economy could contract in the second quarter at its steepest pace since the Great Depression.",https://www.reuters.com/article/us-usa-economy-spending-idUSKBN2351X9,https://s2.reutersmedia.net/resources/r/?m=02&d=20200529&t=2&i=1520359369&w=1200&r=LYNXMPEG4S1DC,2020-05-29T13:34:20Z,"WASHINGTON (Reuters) - U.S. consumer spending suffered another month of record decline in April as the COVID-19 pandemic undercut demand, buttressing expectations that the economy could contract in the second quarter at its steepest pace since the Great Depression. 
The Commerce Department said on Friday consumer spending, which accounts for more than two-thirds of U.S. economic activity, plunged 13.6% last month. That was the biggest drop since the government started tracking the series in 1959, and eclipsed the previous all-time decrease of 6.9% in March. 
Economists polled by Reuters had forecast consumer spending would plummet 12.6% in April. Spending last month was depressed by a drop in outlays on healthcare as dental offices closed and hospitals postponed elective surgeries and non-emergency visits to focus on patients suffering from COVID-19, the respiratory illness caused by the novel coronavirus. 
There were also decreases in spending at restaurants, which have shifted to delivery and pick-up service only, and hotels and motels. Spending on food and beverages fell in April. 
The report added to dismal data on the labor market, manufacturing and the housing market in underscoring the horrific impact of the coronavirus crisis on the economy, with analysts warning it could take years for activity to fully recover from the devastating blow. 
The economy contracted at a 5.0% annualized rate last quarter, the deepest pace of decline in gross domestic product since the fourth quarter of 2008. Consumer spending tumbled at a 6.8% rate, the sharpest drop since the second quarter of 1980. Economists expect GDP could collapse at as much as a 40% rate in the second quarter, a pace not seen since the 1930s. 
But the economic slump could be close to bottoming as businesses reopen after shuttering in mid-March to slow the spread of COVID-19. 
Inflation was weak in April, with the personal consumption expenditures (PCE) price index excluding the volatile food and energy components falling 0.4%. That was the weakest reading since September 2001 and followed an unchanged reading in March. 
In the 12 months through April, the so-called core PCE price index rose 1.0%. That was the smallest gain since December 2010 and followed a 1.7% increase in March. 
The core PCE index is the Federal Reserve’s preferred inflation measure. The U.S. central bank has a 2% inflation target. 
The COVID-19 crisis boosted incomes for consumers in April as the government’s historic fiscal package worth nearly $3 trillion doled out $1,200 checks to millions of people and boosted unemployment benefits to cushion against the economic hardship wrought by the pandemic. 
Personal income surged a record 10.5% last month after falling 2.2% in March. Wages dropped 8.0% last month. 
Reporting by Lucia Mutikani; Editing by Paul Simao"
11,"{'id': 'reuters', 'name': 'Reuters'}",Conor Humphries,"Ryanair says holiday bookings surge, sees Britain dropping quarantine","Ryanair expects Britain to join European nations in dropping COVID-19 quarantine plans in the coming weeks, Chief Executive Michael O'Leary said in an interview on Wednesday, reporting a ""big surge"" in holiday bookings from the country.",https://www.reuters.com/article/uk-health-coronavirus-ryanair-idUSKBN233153,https://s3.reutersmedia.net/resources/r/?m=02&d=20200527&t=2&i=1520022952&w=1200&r=LYNXMPEG4Q0L7,2020-05-27T09:39:31Z,"DUBLIN (Reuters) - Ryanair (RYA.I) expects Britain to join European nations in dropping COVID-19 quarantine plans in the coming weeks, Chief Executive Michael O’Leary said in an interview on Wednesday, reporting a “big surge” in holiday bookings from the country. 
Last week Britain announced a 14-day quarantine from June 8 for arrivals from abroad, including citizens, as other nations, such as Italy and Spain, declared plans to ease theirs. 
O’Leary, who has described the plan as “unenforceable”, said many customers in Britain appeared to be ignoring the rules, with booking rates in recent days showing the airline’s 1,000 daily flights were likely to be more than half-full in July. 
“The UK and Ireland will either quietly drop them or drop them as another easing measure in the next week or two. I am confident of that,” O’Leary said. 
“There will be movement, because people are just going to ignore it. We have seen a big surge in bookings on our flights out of Ireland and the UK to Spain, Portugal and Italy over the weekend, and that seems to be continuing this week.” 
O’Leary said the booking patterns made him “reasonably confident” that the low-cost giant’s planes would be 50% to 60% full when it resumes flying 40% of its fleet in July, or about 1,000 flights a day. 
Booking are strong for all the main holiday destinations, including Croatia, France, Greece, Portugal and Spain, he added. Ryanair hopes a busy holiday season will boost confidence in Europe in flying for normal business activity. 
(Interactive graphic tracking global spread of coronavirus: here) 
Reporting by Conor Humphries; Editing by Jan Harvey and Clarence Fernandez"
12,"{'id': 'reuters', 'name': 'Reuters'}",Reuters Editorial,U.S. consumer sentiment rises in early June,"U.S. consumer sentiment perked up in early June as households responded to the reopening of businesses, which had been shuttered to slow the spread of COVID-19, and a rebound in hiring.",https://www.reuters.com/article/us-usa-economy-confidence-idUSKBN23J25L,https://s4.reutersmedia.net/resources_v2/images/rcom-default.png,2020-06-12T14:13:00Z,"WASHINGTON (Reuters) - U.S. consumer sentiment perked up in early June as households responded to the reopening of businesses, which had been shuttered to slow the spread of COVID-19, and a rebound in hiring. 
The University of Michigan said its consumer sentiment index increased to a reading of 78.9 from 72.3 in May. Economists polled by Reuters had forecast the sentiment index would rise to 75 early this month. 
Reporting by Lucia Mutikani; editing by Jonathan Oatis"
13,"{'id': 'reuters', 'name': 'Reuters'}",Reuters Editorial,Anti-racism protests undoubtedly increase risk of coronavirus spread - UK health minister,"Anti-racism protests attended by thousands of people in London and other major British cities ""undoubtedly"" risk causing an increase in the number of COVID-19 cases again, British health minister Matt Hancock said on Sunday.",https://www.reuters.com/article/us-health-coronavirus-britain-protests-idUSKBN23E08X,https://s3.reutersmedia.net/resources/r/?m=02&d=20200607&t=2&i=1521391480&w=1200&r=LYNXMPEG5607N,2020-06-07T08:12:57Z,"LONDON (Reuters) - Anti-racism protests attended by thousands of people in London and other major British cities “undoubtedly” risk causing an increase in the number of COVID-19 cases again, British health minister Matt Hancock said on Sunday. 
Thousands of people attended protests on Saturday to voice their anger at police brutality after the killing of George Floyd in Minneapolis, ignoring government advice to avoid large gatherings due to the risk from coronavirus. 
Asked during an interview on Sky News whether the number attending protests made an increase in COVID-19 cases more likely, Hancock said: “It is undoubtedly a risk.” 
“I support very strongly the argument that is being made by those who are protesting ... but the virus itself doesn’t discriminate and gathering in large groups is temporarily against the rules precisely because it increases the risk of the spread of this virus.” 
Reporting by Kylie MacLellan; Editing by Raissa Kasolowsky"
14,"{'id': 'reuters', 'name': 'Reuters'}",Lucia Mutikani,U.S. housing starts miss expectations; permits rebound strongly,"U.S. homebuilding increased less than expected in May, but a strong rebound in permits for future home construction suggested the housing market was starting to emerge from the COVID-19 crisis along with the broader economy.",https://www.reuters.com/article/us-usa-economy-housingstarts-idUSKBN23O20J,https://s3.reutersmedia.net/resources/r/?m=02&d=20200617&t=2&i=1522571196&w=1200&r=LYNXMPEG5G1AN,2020-06-17T14:24:11Z,"WASHINGTON (Reuters) - U.S. homebuilding increased less than expected in May, but a strong rebound in permits for future home construction suggested the housing market was starting to emerge from the COVID-19 crisis along with the broader economy. 
Other data on Wednesday showed applications for loans to buy a home surged to a near 11-1/2-year high last week. The reports followed on the heels of data on Tuesday showing a record surge in retail sales in May. Employers hired a historic 2.5 million workers last month. Activity, however, remains well below pre-COVID-19 levels and economists warn it could take even a decade for the economy to fully recover from the global pandemic. 
“Housing is a leading economic indicator and it is pointing the way forward but there is a limit to growth when the economy has to drag along the millions and millions of unemployed workers displaced in this pandemic recession who won’t be seeing paychecks anytime soon,” said Chris Rupkey, chief economist at MUFG in New York. 
Housing starts rose 4.3% to a seasonally adjusted annual rate of 974,000 units last month, the Commerce Department said. Starts declined 26.4% in April and 19.0% in March. They dropped 23.2% on a year-on-year basis in May. 
Single-family homebuilding, which accounts for the largest share of the housing market, edged up 0.1% to a rate of 675,000 units in May. Starts for the volatile multi-family housing segment jumped 15.0% to a pace of 299,000 units. 
Homebuilding fell in the Midwest and the populous South. It rose in the West and Northeast. 
Stocks on Wall Street were trading higher, extending a three-day rally. The dollar firmed against a basket of currencies. U.S. Treasury prices rose. 
Permits for future home construction rebounded 14.4% to a rate of 1.220 million units in May, reinforcing economists’ expectations that the housing market will lead the economy from the recession that started in February, driven by historically low mortgage rates. 
Though the housing market accounts for about 3.3% of gross domestic product, it has a larger footprint on the economy. A separate report from the Mortgage Bankers Association on Wednesday showed applications for loans to buy a home increased 4% last week to their highest level since January 2009. 
Mortgage applications have climbed back above pre-COVID-19 levels. 
Signs of recovery in the housing market were underscored by a survey of Tuesday showing single-family homebuilders very upbeat in June about conditions in the industry. Builders reported increased demand for single-family homes in lower density neighborhoods.  
But with nearly 20 million unemployed and a resurgence of COVID-19 infections in some parts of the country, the housing market is not out of the woods yet. 
Single-family building permits increased 11.9% to a rate of 745,000 units in May. Permits for multi-family units surged 18.8% to a rate of 475,000 units. 
Reporting by Lucia Mutikani; Editing by Andrea Ricci"
15,"{'id': 'reuters', 'name': 'Reuters'}",Cecile Mantovani,"COVID-19 death toll among nurses doubled in past month, says nurses group","More than 600 nurses worldwide are known to have died from COVID-19, which has infected an estimated 450,000 healthcare workers, the International Council of Nurses said on Wednesday.",https://www.reuters.com/article/us-health-coronavirus-nurses-idUSKBN23A1KY,https://s2.reutersmedia.net/resources/r/?m=02&d=20200603&t=2&i=1520914995&w=1200&r=LYNXMPEG5211G,2020-06-03T11:10:16Z,"GENEVA (Reuters) - More than 600 nurses worldwide are known to have died from COVID-19, which has infected an estimated 450,000 healthcare workers, the International Council of Nurses said on Wednesday. 
The death toll among nurses more than doubled in the past month from 260 on May 6, according to its figures, which are based on data from more than 30 countries. 
“In the last two months, we have seen the number of deaths of nurses as a result of coronavirus around the world rise from 100 to now in excess of 600 and we think worldwide the number of healthcare workers who could be infected by the virus is around 450,000,” Howard Catton, chief executive officer of the Geneva-based ICN, told Reuters Television. 
“These are numbers that keep going up,” he said. 
The pandemic’s true cost among health professionals was not known, the association said, renewing its appeal for greater protection for them and systematic collection of reliable data. 
On average, 7 percent of all cases of COVID-19, the lung disease caused by the novel coronavirus, are among healthcare workers, which means that nurses and other staff are at great personal risk “and so are the patients they care for”, it said. 
Extrapolating from more than 6 million reported cases gave its estimate of some 450,000 infections among healthcare workers. 
Infection rates among healthcare workers vary greatly between countries, with fewer than 1% in Singapore and more than 30% in Ireland, it said. Spain and Germany have recorded low numbers of fatalities among healthcare workers despite large outbreaks, it added. 
“Why do the rates of deaths among nurses appear higher in some Latin American countries?” it asked, referring to the region that the World Health Organization (WHO) says has emerged as the new epicentre for the pandemic. 
“Why are some countries reporting disproportionate deaths among black, Asian and minority ethnic HCWs (healthcare workers)? This is an issue raised directly by the Philippine Nurses Association to ICN, concerning Filipino HCWs in the UK,” it said. 
The ICN represents 130 national associations and more than 20 million registered nurses. 
Reporting by Cecile Mantovani and Stephanie Nebehay; Editing by Alex Richardson"
16,"{'id': 'reuters', 'name': 'Reuters'}",John Miller,Exclusive: Lonza sets new goal to make Moderna COVID-19 vaccine ingredients,"Lonza aims to speed completion of two commercial production lines for Moderna Inc's trial COVID-19 vaccine so manufacturing could start four to six weeks earlier than planned if the project is successful, the Swiss drugmaker's chairman said on Tuesday.",https://www.reuters.com/article/us-health-coronavirus-vaccine-lonza-excl-idUSKBN2392C4,https://s2.reutersmedia.net/resources/r/?m=02&d=20200602&t=2&i=1520801602&w=1200&r=LYNXMPEG511JH,2020-06-02T16:07:23Z,"ZURICH (Reuters) - Lonza aims to speed completion of two commercial production lines for Moderna Inc’s trial COVID-19 vaccine so manufacturing could start four to six weeks earlier than planned if the project is successful, the Swiss drugmaker’s chairman said on Tuesday. 
Lonza, which hopes to make smaller batches of active ingredients for the U.S. biotechnology company’s experimental vaccine by July, now aims to finish a commercial production line in Portsmouth, New Hampshire, a month or so earlier than its original December 2020 target, Albert Baehny told Reuters. 
A second commercial line, at Lonza’s site in Visp, Switzerland, had been slated for completion in January or February 2021 but now could be ready in December, he added. 
Moderna, which enlisted Lonza in May in a 10-year manufacturing contract, is racing with 100-plus other vaccine projects, having last week dosed initial participants in a 600-patient study. 
With accelerated deadlines, Lonza hopes to be ready to make vaccine ingredients quickly, should Moderna’s candidate pass muster with regulators. 
“Four to six weeks would be remarkable, if we can gain this time,” Baehny, also Lonza’s interim CEO, said during a video interview. “We know the technology, we feel comfortable with the manufacturing steps. If we can accelerate, let’s do it. This is pandemic speed.” 
He acknowledged potential bottlenecks, including hiring 60-70 employees to run each production line, availability of contractors and possible shortages of equipment like fermentation gear, could slow things down. 
Lonza is financing the first $60-$70 million commercial production line in Visp, he said. 
Moderna, flush with $483 million from the U.S. government and $1 billion-plus in fresh capital, is paying for the first U.S. production line, and up to three more at Lonza facilities in Portsmouth and Visp, Baehny said. 
Combined capacity could produce ingredients for 600 million to 1 billion vaccine doses annually, he said, depending on the size of the dose needed. 
Reporting by John Miller; Editing by Andrew Cawthorne"
17,"{'id': 'reuters', 'name': 'Reuters'}",Reuters Editorial,U.S. business sector contraction eases in June - Reuters,"U.S. business activity contracted for a fifth straight month in June, but the pace of decline eased, supporting views that the recession caused by the COVID-19 crisis was drawing to an end.",https://www.reuters.com/article/us-usa-economy-pmi-flash-idUSKBN23U26Y,https://s3.reutersmedia.net/resources/r/?m=02&d=20200623&t=2&i=1523203885&w=1200&r=LYNXMPEG5M19K,2020-06-23T13:54:00Z,"WASHINGTON (Reuters) - U.S. business activity contracted for a fifth straight month in June, but the pace of decline eased, supporting views that the recession caused by the COVID-19 crisis was drawing to an end. 
Data firm IHS Markit said on Tuesday its flash U.S. Composite Output Index, which tracks the manufacturing and services sectors, rose to a reading of 46.8 last month from 37 in May. A reading below 50 indicates contraction in private sector output. The economy slipped into recession in February. 
The improvement this month came as businesses reopened after shuttering in mid-March to control the spread of the respiratory illness. Still, layoffs continued this month and businesses put a freeze on hiring to deal with weak demand and to cut costs. 
The IHS Markit survey’s flash Purchasing Managers Index for the services sector rose to 46.7 in June from 37.5 in the prior month. Economists polled by Reuters had forecast a reading of 46.0 in June for the services sector, which accounts for roughly two-thirds of the U.S. economy. 
In the manufacturing sector, the contraction in activity slowed this month, with the flash manufacturing PMI increasing to 49.6 from a reading of 39.8 in May. Economists had forecast the index for the sector, which accounts for 11% of the economy, rising to 47.8 in June. 
A measure of new orders received by factories increased to a reading of 49.5 in June from 34.6 in May. 
Businesses reported increases in both input and output prices for the first time since February. According to IHS Markit, “firms stated that higher input costs from suppliers due to COVID-19 related supply chain issues were partially passed on to clients, with some mentioning that demand conditions were such that discounting was no longer required.” 
Reporting by Luciz Mutikani, Editing by Chizu Nomiyama"
18,"{'id': 'reuters', 'name': 'Reuters'}",Kate Kelland,Explainer: One meter or two? How social distancing affects COVID-19 risk - Reuters,"Britain on Tuesday announced an easing of social distancing rules from July 4, reducing the recommended gap from 2 meters to ""1 meter plus"" in England as it further loosened lockdown measures meant to curb the COVID-19 pandemic.",https://www.reuters.com/article/us-health-coronavirus-distance-explainer-idUSKBN23U22W,https://s2.reutersmedia.net/resources/r/?m=02&d=20200623&t=2&i=1523199312&w=1200&r=LYNXMPEG5M17G,2020-06-23T13:17:00Z,"LONDON (Reuters) - Britain on Tuesday announced an easing of social distancing rules from July 4, reducing the recommended gap from 2 meters to “1 meter plus” in England as it further loosened lockdown measures meant to curb the COVID-19 pandemic. 
WHAT DO SCIENTISTS SAY? 
Infectious disease experts say the closer people are to someone infected with COVID-19, and the more time people spend in close quarters, the higher the risk that the coronavirus will spread from one person to another. 
Beyond that simple reality, “it is just a matter of reducing risk with increased physical distance”, said Jonathan Reid, a professor of Physical Chemistry at Britain’s Bristol University. 
“The further you stand away from someone, the fewer droplets you will be exposed to. One meter only prevents you from being exposed to the largest of droplets; two meters reduces your exposure - but doesn’t make it zero risk.” 
A study in The Lancet this month found that physical distancing of at least 1m lowers risk of COVID-19 transmission, but that 2m could be more effective. 
WHAT IS THE WORLD HEALTH ORGANIZATION’S ADVICE? 
The WHO says keeping a distance of at least one meter helps reduce the risk of the coronavirus spreading in the small liquid droplets that people spray out when they cough, sneeze and talk. 
These droplets may contain the virus, and “if you are too close, you can breathe in the droplets”, the WHO says. 
IS DISTANCE THE ONLY FACTOR? 
Switzerland’s health ministry says that “according to current data, a distance of more than one meter reduces the risk of COVID-19 infection by more than 80% in both healthcare (settings) and everyday life”. 
It added, however, that the risk is higher “in circumstances in which a particularly large number of droplets are expelled, such as when singing or speaking loudly”. 
Shaun Fitzgerald, a professor of engineering at Britain’s University of Cambridge, said the key point is that “it’s not all about the distance”. 
“There are other mitigation measures,” he said - including the duration of close proximity, the number of people in a given space, the use of face masks, availability of ventilation, and whether people talk quietly or shout loudly. 
WHAT DO OTHER COUNTRIES RECOMMEND? 
China, Denmark, France, Hong Kong and Singapore recommend social distancing of 1 meter, and many people also choose to, or are required to, wear face masks in public spaces. 
Australia, Belgium, Greece, Germany, Italy, Spain and Portugal advise people to keep 1.5m apart. Switzerland this week also reduced the required distance to 1.5m from 2m. 
The guidance in the United States is six feet, or 1.8m. 
Additional reporting by John Miller in Zurich, editing by Mark Heinrich"
19,"{'id': 'reuters', 'name': 'Reuters'}",Reuters Editorial,Cricket-Seven more Pakistan players test positive for coronavirus - Reuters,"Seven more Pakistan players have tested positive for COVID-19 after being screened ahead of their tour of England, taking the total to 10, the country's cricket board (PCB) said on Tuesday.",https://www.reuters.com/article/health-coronavirus-cricket-pakistan-engl-idUSL4N2E0351,https://s4.reutersmedia.net/resources_v2/images/rcom-default.png,2020-06-23T14:01:00Z,"LONDON, June 23 (Reuters) - Seven more Pakistan players have tested positive for COVID-19 after being screened ahead of their tour of England, taking the total to 10, the country’s cricket board (PCB) said on Tuesday. 
Fakhar Zaman, Imran Khan, Kashif Bhatti, Mohammad Hafeez, Mohammad Hasnain, Mohammad Rizwan and Wahab Riaz tested positive along with team masseur Malang Ali. 
The PCB on Monday confirmed Haider Ali, Haris Rauf and Shadab Khan had tested positive for the virus. 
“Like Haider, Haris and Shadab, none of the seven players and masseur had reported any prior symptoms of COVID-19 until they underwent first round of testing on Monday ahead of the side’s departure for Manchester,” the PCB said in a statement. 
“The PCB medical panel is already in contact with these players and the masseur, who have been instructed to observe strict quarantine at their homes for their and their families’ wellbeing.” 
Pakistan’s test and limited-overs squads are set to tour England for three tests and three Twenty20 internationals. They were due to fly out later this month before going into quarantine ahead of the first test starting on July 30. 
England director of cricket Ashley Giles said the tour was expected to go ahead. 
“At the moment I don’t think the series is in doubt. We’re far enough away from the start of the test series to not worry about that too much at the moment,” Giles told reporters on Tuesday. 
“There are some more test results coming out later from the rest of the group, so we’ll see what that says. But we’re still hopeful that the Pakistan team will be arriving in the country fairly soon.” 
The rate of new coronavirus cases has been rising fast in the country of 207 million people but Prime Minister Imran Khan a former Pakistan cricket captain has ruled out a nationwide lockdown. 
“The situation in Pakistan is not great at the moment and our thoughts go out to the whole country. Clearly it’s important that we get those guys in this country and we get on with that series,” Giles added. 
England are returning from the coronavirus shutdown with three tests against West Indies next month with the first scheduled to begin in Southampton on July 8 without spectators. (Reporting by Alan Baldwin in London and Rohith Nair in Bengaluru, editing by Ed Osmond)"
