,source,author,title,description,url,urlToImage,publishedAt,content
0,"{'id': 'reuters', 'name': 'Reuters'}",Reuters Editorial,India's Cipla to price remdesivir version for COVID-19 under $66 - Reuters,"Indian drugmaker Cipla Ltd will price its generic version of Gilead Sciences Inc's antiviral drug remdesivir for use in COVID-19 patients at less than 5,000 rupees ($66), the company said.",https://www.reuters.com/article/us-health-coronavirus-cipla-idUSKBN23U1PQ,https://s3.reutersmedia.net/resources/r/?m=02&d=20200623&t=2&i=1523187391&w=1200&r=LYNXMPEG5M0ZJ,2020-06-23T11:33:00Z,"BENGALURU (Reuters) - Indian drugmaker Cipla Ltd will price its generic version of Gilead Sciences Inc’s antiviral drug remdesivir for use in COVID-19 patients at less than 5,000 rupees ($66), the company said. 
Cipla and privately held Indian drugmaker Hetero Labs on Sunday gained approval to sell generic versions of remdesivir in the country. Hetero expects to price a similar 100 milligram dose of the treatment at 5,000 to 6,000 rupees. 
Beximco Pharmaceuticals Ltd, one of Bangladesh’s largest drugmakers, in May became the first company in the world to introduce a generic variant of remdesivir. 
Reuters exclusively reported that the company was planning to price its version at between 5,000 to 6,000 takas ($59 to $71) per vial. 
Remdesivir, intravenously administered in hospitals, is the first treatment to show improvement in COVID-19 trials. It has been approved for emergency use in severely-ill patients in the United States, India and South Korea, and has received full approval in Japan. 
Cipla, in an e-mailed statement, did not provide details on when the treatment, called Cipremi, will be available. 
Remdesivir has yet to be priced in the United States. 
Gilead said on Monday it is targeting remdesivir supply for more than 2 million COVID-19 patients by the end of the year. 
The expectations suggest sales of between $2 billion and $3 billion between 2020 and 2021 at a price of $1,000 to $2,000 per course, according to Jefferies analyst Michael Yee. 
Cases of the novel coronavirus in India stood at 440,215 on Tuesday, health ministry data showed https://www.mohfw.gov.in, while the death toll stood at 14,011. The country is on track to overtake Russia as the third most affected country by cases. 
($1 = 75.6170 Indian rupees) 
Reporting by Anuron Kumar Mitra in Bengaluru; Editing by Sriraj Kalluvila"
1,"{'id': 'reuters', 'name': 'Reuters'}",Aaron Saldanha,"Low commodity prices to weigh on investment in LatAm, ex-Colombian finance minister Cardenas says - Reuters","Foreign investment in Latin America risks ""drying out"" due to economic turmoil and fiscal instability sparked by the COVID-19 pandemic, especially if Chinese-led commodity demand remains weak, a former Colombian finance minister said on Tuesday.",https://www.reuters.com/article/us-latam-fiscal-idUSKBN23U2VK,https://s1.reutersmedia.net/resources/r/?m=02&d=20200623&t=2&i=1523229794&w=1200&r=LYNXMPEG5M1PA,2020-06-23T17:31:00Z,"(Reuters) - Foreign investment in Latin America risks “drying out” due to economic turmoil and fiscal instability sparked by the COVID-19 pandemic, especially if Chinese-led commodity demand remains weak, a former Colombian finance minister said on Tuesday. 
“There is a risk that markets for the region dry out somewhat, [due to] large recessions, high unemployment, deteriorated fiscal accounts and low terms of trade,” Mauricio Cardenas told the Reuters Global Markets Forum. 
“My sense is China will not grow more than 5% in the next few years and the model will favor renewables,” said Cardenas, adding that a stronger Chinese recovery could aid Latin America by buoying demand for commodity exports. 
Shutdowns to battle the coronavirus have hit global oil prices LCOc1 this year, broadly knocking the shares of producers and compounding the economic fallout for Latin American countries, especially those heavily dependent on oil revenue. 
Cardenas expects Colombia’s oil production to fall from around 900,000 barrels per day (bpd) to around 800,000 bpd this year, adding that majority state-owned oil firm Ecopetrol (ECO.CN) ECO.N is unlikely to receive much government support. 
“The government will try to take as much cash from Ecopetrol as possible in 2021,” he said. 
Colombia has projected oil production for this year between 820,000 and 850,000 bpd. 
GRAPHIC: Performance of U.S.-listed stocks of Petrobras, Ecopetrol - here(5).png 
Cardenas said Brazil’s Petrobras (PETR4.SA) (PETR3.SA) is unlikely to add more than 1 million bpd to its production between now and 2025, while Mexico’s Pemex is unlikely to boost production or meet its stated oil production goals due to lower capital spending. 
GRAPHIC: Select Latam oil &amp; gas firms' quarterly production (Pemex data only Liquid Hydrocarbons Production) - here(6).png 
Cardenas, finance minister from 2012 to 2018, said Colombia’s budget deficit was likely to reach around 7% of gross domestic product. The government has suspended fiscal deficit limits until 2022. 
Reporting by Lisa Pauline Mattackal and Aaron Saldanha in Bengaluru; Editing by Tom Brown"
2,"{'id': 'reuters', 'name': 'Reuters'}",Lisa Shumaker,Texas Children's Hospital admitting adults as coronavirus surges in Houston - Reuters India,"A Texas children's hospital is admitting adult coronavirus patients due to a spike in serious COVID-19 cases in the Houston area, while a dozen other states from Florida to California grapple with a surge in infections.",https://in.reuters.com/article/health-coronavirus-usa-idINKBN23U2QE,https://s3.reutersmedia.net/resources/r/?m=02&d=20200623&t=2&i=1523224820&w=1200&r=LYNXMPEG5M1MM,2020-06-23T16:52:00Z,"(Reuters) - A Texas children’s hospital is admitting adult coronavirus patients due to a spike in serious COVID-19 cases in the Houston area, while a dozen other states from Florida to California grapple with a surge in infections. 
“We know COVID-19 has not gone away. We implore you to take responsible actions practice appropriate social distancing, wear a mask or face covering anytime you leave your home,” the Texas Children’s Hospital said in a statement, without specifying how many coronavirus patients they admitted. 
Texas reported over 5,000 new infections on Monday, a single-day record for the state. It has also seen COVID-19 hospitalizations hit record highs for 11 days in a row. 
Arizona and Nevada reported record increases in new cases on Tuesday after recording all-time highs last week, according to a Reuters tally. 
The United States recorded a 25% increase in new cases of COVID-19 in the week ended June 21, compared to the previous seven days, as Arizona and Florida joined Texas with record surges in new infections, a Reuters analysis found. [nL1N2DZ1AL] 
Ten states, including Texas, reported weekly new infection increases of more than 50%, according to the analysis of data from The COVID Tracking Project https://covidtracking.com, a volunteer-run effort to track the outbreak. 
While most states are increasing testing, the number of tests coming back positive is rising. At least four states are averaging double-digit rates in the percentage of tests that are positive for the virus: Arizona at 20%, Florida and Utah both at 11%, and Texas at 10%. By contrast, New York, formerly the epicenter of the U.S. outbreak, has been reporting positive test rates of around 1%. 
The World Health Organization considers positivity rates above 5% to be especially concerning. 
(Open tmsnrt.rs/2WTOZDR in an external browser for a Reuters interactive) 
President Donald Trump on Tuesday held fast to his claim that the spike in U.S. cases in multiple states was due to testing, not increased spread of the disease. 
“Cases are going up in the U.S. because we are testing far more than any other country, and ever expanding. With smaller testing we would show fewer cases!” he tweeted. 
Many of these states are also seeing record hospitalizations - a metric not affected by increased testing. 
The president will speak with students in Phoenix on Tuesday after holding his first campaign rally in months in Oklahoma over the weekend. 
Former Vice President Joe Biden, who is expected to challenge Trump in the Nov. 3 election, called the president’s plans to speak to thousands of supporters in Phoenix “reckless and irresponsible” at a time when the number of people hospitalized with the coronavirus in Arizona is continuing to rise. 
Reporting by Karen Pierog in Chicago and Susan Heavey and Lisa Lambert in Washington; Writing by Lisa Shumaker; Editing by Bill Berkrot"
3,"{'id': 'reuters', 'name': 'Reuters'}",Reuters Editorial,"UK death toll from coronavirus rises to 42,927 - Reuters","The number of people in Britain who have died after being confirmed to have COVID-19 has risen to 42,927, from 42,647 the day before, health officials said on Tuesday.",https://www.reuters.com/article/us-health-coronavirus-britain-casualties-idUSKBN23U2HJ,https://s2.reutersmedia.net/resources/r/?m=02&d=20200623&t=2&i=1523214018&w=1200&r=LYNXMPEG5M1GB,2020-06-23T15:16:00Z,"LONDON (Reuters) - The number of people in Britain who have died after being confirmed to have COVID-19 has risen to 42,927, from 42,647 the day before, health officials said on Tuesday. 
The increase includes 171 new deaths reported as of 1600 GMT on June 22, plus 109 deaths that occurred in April, May and June which had been reclassified as caused by COVID-19. 
Reporting by David Milliken; editing by William James"
4,"{'id': 'reuters', 'name': 'Reuters'}",Reuters Editorial,"Quotes from Djokovic on tennis amid a pandemic, vaccinations and COVID-19 - Reuters India","World number one Novak Djokovic tested positive for COVID-19 on Tuesday, days after he hosted a number of players in the Adria Tour exhibition tournament in the Balkan region.",https://in.reuters.com/article/health-coronavirus-tennis-djokovic-comme-idINKBN23U2GT,https://s1.reutersmedia.net/resources/r/?m=02&d=20200623&t=2&i=1523213541&w=1200&r=LYNXMPEG5M1G2,2020-06-23T15:17:00Z,"(Reuters) - World number one Novak Djokovic tested positive for COVID-19 on Tuesday, days after he hosted a number of players in the Adria Tour exhibition tournament in the Balkan region. 
Djokovic was criticised for hosting the tournament amid a pandemic after Grigor Dimitrov, Borna Coric and Viktor Troicki also returned positive tests after playing in the tournament that was held in Serbia and Croatia. 
Following is a list of quotes from the 17-times Grand Slam champion on tennis, the pandemic, vaccines and more: 
Djokovic on testing positive for COVID-19 (June 23): 
“The moment we arrived in Belgrade we went to be tested. My result is positive, just as (wife) Jelena’s, while the results of our children are negative. 
“I’m extremely sorry for each individual case of infection. I hope that it will not complicate anyone’s health situation and that everyone will be fine. I will remain in self-isolation for the next 14 days, and repeat the test in five days.” 
Djokovic on mandatory coronavirus vaccinations (April 19): 
“Personally I’m opposed to vaccination and I wouldn’t want to be forced by someone to take a vaccine in order to be able to travel. 
“But if it becomes compulsory, what will happen? I’ll have to make a decision. I have my own thoughts about the matter and whether those thoughts will change at some point, I don’t know.” 
Djokovic on the power of positive emotions (May 6): 
“This is something that is not linked to any form of official way of presenting nutrition and how you should eat and drink. 
“I know some people that, through energetic transformation, through the power of prayer, through the power of gratitude, they managed to turn the most toxic food, or maybe most polluted water into the most healing water. 
“Scientists have proven that in (an) experiment, that molecules in the water react to our emotions to what has been said.” 
Djokovic on the U.S. Open’s strict protocols (June 6): 
“The rules that they told us that we would have to respect to be there, to play at all, they are extreme. We would not have access to Manhattan, we would have to sleep in hotels at the airport, to be tested twice or three times per week. 
“Also, we could bring one person to the club which is really impossible. I mean, you need your coach, then a fitness trainer, then a physiotherapist.” 
Djokovic on staging an exhibition tournament in Serbia amid the pandemic (June 12): 
“We have different circumstances and measures (to other countries) so it’s very difficult to think of international standards (regarding the pandemic). 
“We’ve had better numbers compared to some other countries. Of course, lives have been lost and that’s horrible to see, in the region and worldwide. But life goes on and we as athletes are looking forward to competing. 
“You can also criticise us and say this is maybe dangerous but it’s not up to me to make the calls what is right or wrong health-wise. We are doing what the Serbian government is telling us and hopefully we soon will get back on tour collectively.” 
Djokovic on the prospect of the U.S. Open going ahead and the ATP Tour’s resumption (June 18): 
“Hopefully every single player who is participating, chosen by ranking and who deserves their place at the U.S. Open, will have an equal opportunity to travel there and compete as everybody else. 
“I’m extremely happy and excited to see that all the tournaments, especially Grand Slams, are organising their events. 
“I think that a lot of people were sceptical, especially for the U.S. events considering what the U.S. went through as a country during this pandemic. So a lot of people, including myself, were quite sceptical on whether it would happen or not.” 
Compiled by Arvind Sriram in Bengaluru; Editing by Christian Radnedge"
5,"{'id': 'reuters', 'name': 'Reuters'}",Reuters Editorial,FACTBOX-Tennis-'Irresponsible' Djokovic slammed after testing positive for COVID-19 - Reuters,"World number one Novak Djokovic tested positive for COVID-19 on Tuesday, days after he hosted a number of players in the Adria Tour exhibition tournament in the Balkan region.",https://www.reuters.com/article/healthcoronavirus-tennis-djokovic-reacti-idUSL8N2E058W,https://s4.reutersmedia.net/resources_v2/images/rcom-default.png,2020-06-23T17:11:00Z,"June 23 (Reuters) - World number one Novak Djokovic tested positive for COVID-19 on Tuesday, days after he hosted a number of players in the Adria Tour exhibition tournament in the Balkan region. 
Djokovic was criticised for hosting the tournament amid a pandemic after Grigor Dimitrov, Borna Coric and Viktor Troicki also returned positive tests after playing in the tournament that was held in Serbia and Croatia. 
Following are reactions from the tennis world to the Serb’s positive test: 
Nick Kyrgios, two-times Grand Slam quarter-finalist: 
""Prayers up to all the players that have contracted COVID-19. Dont @ me for anything Ive done that has been 'irresponsible' or classified as 'stupidity' - this takes the cake,"" the Australian wrote on Twitter here
Martina Navratilova, 59-times Grand Slam champion: 
""Yikes this is not good and its a pattern. Hope Novak will be ok of course! What now, U.S. Open? Roland Garros? We have a lot of work to do,"" she wrote on Twitter here
Patrick McEnroe, former doubles champion and commentator: 
""When I sent out a tweet a couple weeks ago about that event in Serbia I said yeah it looks like a normal tennis event to me. I'm not sure everyone got my point,"" he said in a video on Twitter here
“Maybe they are starting to get it now. Nothing’s foolproof so don’t be foolish. That’s my message.” 
Over the past two days, organisers have also been criticised for allowing stands to be packed with fans during the opening leg in Belgrade. With no social distancing rules in place in Serbia, players hugged at the net, played basketball, posed for pictures, attended press conferences and were out dancing together. 
British number one Dan Evans: 
“I don’t think he should be having a players’ party and dancing all over each other,” Evans said. 
“Players have tested positive. He should feel some responsibility in his event and how it’s transpired, really. 
“It’s very unfortunate that Grigor has it and Coric has it but you strip it back, is it a surprise? I think that’s the question we should all ask.” 
Australian Open quarter-finalist Tennys Sandgren: 
""If Novak doesnt get COVID Im going to start blessing my water with positive vibes,"" the American said here
American tennis player Sachia Vickery: 
""Last one for the Djokovic fan club who abused me last week after all I said was the first priority should be health and not how many people the top players can bring to a slam,"" she wrote on Twitter here ""Its awfully quiet right now."" 
American tennis player Mitchell Krueger: 
""Its only inevitable that all these boneheaded decisions are possibly putting U.S. Open at risk. Which means this also affects some 300+ players. Nobody is bigger than the sport,"" he tweeted here
“One step forward five steps back,” Krueger added in response to Djokovic’s positive test. 
Noah Rubin, former junior Wimbledon champion: 
""Its just not okay. Reckless and disappointing that they thought tennis deserved the risk,"" he said on Twitter here
British tennis player Tara Moore: 
""Wait Djokovic is the guy who was enraged at U.S. Open for only allowing 1 entourage in, but ok with Qs (qualifiers), wheelchair, juniors to be cancelled but lobbied hard for more of his team to be able to go. The mens tour directly impacts the women's tour before anyone starts,"" she said here (Compiled by Arvind Sriram in Bengaluru, editing by Pritha Sarkar)"
6,"{'id': 'reuters', 'name': 'Reuters'}",Liz Hampton,RPT-Oil firms slam brakes on return-to-work as virus cases soar - Reuters,U.S. energy companies slammed the brakes on returning staff to their Houston offices as COVID-19 cases soared and top hospitals warned they could soon run out of beds for the most severely ill patients.,https://www.reuters.com/article/health-coronavirus-houston-idUSL1N2E201E,https://s4.reutersmedia.net/resources_v2/images/rcom-default.png,2020-06-25T09:01:00Z,"(Repeats item issued earlier, with no change to text) 
By Liz Hampton and Jennifer Hiller 
HOUSTON, June 24 (Reuters) - U.S. energy companies slammed the brakes on returning staff to their Houston offices as COVID-19 cases soared and top hospitals warned they could soon run out of beds for the most severely ill patients. 
A record number of new illnesses in Texas this week spurred local officials to impose restrictions as new cases topped 5,000 on two days in a row. Intensive care unit (ICU) beds were 97% full at Houston’s Texas Medical Center, which said it may soon move to surge ICU capacity assignments, officials said. 
Texas Governor Greg Abbott has led a phased reopening of shops, bars and amusement parks from May 1, and businesses have rolled out their own office restarts. But on Wednesday, he warned of a “massive outbreak” and urged people to stay at home. 
Many energy firms qualify as essential, and therefore are free to staff normally, but the surge in illness and hospitalizations has large employers delaying or halting openings. 
Halliburton Co, the second-largest U.S. oilfield service company by revenue, delayed for two weeks a second-phase of its return-to-work plan, a spokeswoman said. 
Chevron also has delayed its reopening plans for further evaluation, said spokesman Sean Comey. About 5% of its Houston office staff and about 2% of its San Ramon, California, workforce are in their offices now, he said. 
Midcoast Energy, a natural gas pipeline company, reopened on June 1 then sent Houston employees home three weeks later after two tested positive for the virus, according to a person familiar with the matter. President Robert Bond did not reply to requests for comment. 
Exxon Mobil, Phillips 66 and ConocoPhillips returned some white-collar workers to their campuses in May or this month. Exxon will remain below 50% capacity at its Houston-area facility, a spokesman said. Conoco is prepared to change its return-to-office plan if needed, a spokesman said. 
Phillips 66 said the vast majority of its staff had returned and would remain working from their offices. “We are a critical infrastructure industry and have an ongoing obligation to continue operating,” spokesman Joe Gannon said, noting that the company follows Centers for Disease Control and government advisories. (Reporting by Liz Hampton, Jennifer Hiller, Erwin Seba and Gary McWilliams; editing by Richard Pullin)"
7,"{'id': 'reuters', 'name': 'Reuters'}",Reuters Editorial,"easyJet to resume flights to Paris, Milan and Barcelona in July - Reuters","Airline easyJet will resume flights on international routes to Paris, Milan and Barcelona from Britain on July 1 as it aims to restore some capacity for the summer after flights were grounded by the spread of COVID-19.",https://www.reuters.com/article/health-coronavirus-easyjet-idUSL4N2E21NH,https://s4.reutersmedia.net/resources_v2/images/rcom-default.png,2020-06-25T09:06:00Z,"LONDON, June 25 (Reuters) - Airline easyJet will resume flights on international routes to Paris, Milan and Barcelona from Britain on July 1 as it aims to restore some capacity for the summer after flights were grounded by the spread of COVID-19. 
The airline started operating a small number of mainly domestic flights last week, and is aiming to resume flying on three-quarters of its routes by August, at lower frequencies than usual and with extra safety measures in place. (Reporting by Alistair Smout; editing by Guy Faulconbridge)"
8,"{'id': 'reuters', 'name': 'Reuters'}",Huw Jones,Bank of England says may toughen rules for non-banks - Reuters,"Volatility in markets during the COVID-19 shock point to underlying issues in the non-bank financial sector and steps may be taken to tighten the rules governing it, Bank of England Governor Andrew Bailey said on Thursday.",https://www.reuters.com/article/us-health-coronavirus-britain-boe-idUSKBN23W1LH,https://s3.reutersmedia.net/resources/r/?m=02&d=20200625&t=2&i=1523583676&w=1200&r=LYNXMPEG5O156,2020-06-25T10:49:00Z,"LONDON (Reuters) - Volatility in markets during the COVID-19 shock point to underlying issues in the non-bank financial sector and steps may be taken to tighten the rules governing it, Bank of England Governor Andrew Bailey said on Thursday. 
The BoE’s Financial Policy Committee will publish preliminary findings from its assessment of risks from non-banks in early August, Bailey told Britain’s finance minister Rishi Sunak in a letter made available to the media. 
Non-banks can include investment funds and money market funds. 
“Where appropriate, the assessment will identify gaps in resilience in the non-bank financial sector and the potential measures that may be taken to increase resilience,” the letter said. 
Money market funds came under severe stress during bouts of heavy market volatility in March and were helped by broader central bank interventions to boost liquidity in markets. Many UK retail property funds were suspended as they were unable to value their assets. 
The assessment will set out a list of possible indicators that the FPC could publish regularly to monitor risks from non-banks, Bailey said. 
The BoE had already begun working on reducing risks in open-ended funds after the suspension of retail property funds in the aftermath of the June 2016 vote to leave the European Union, and later on the shuttering of a flagship fund run by then star stockpicker Neil Woodford. 
Bailey said the FPC will have “regards to opportunities” in financial services from Britain’s departure from the EU in relation to competition, innovation and competitiveness where it does not threaten financial stability. 
Backers of Brexit have said that leaving the EU is an opportunity be more flexible with regulation to help London remain a globally competitive financial centre. 
The BoE said it was committed to robust financial rules irrespective of Britain’s future EU relationship. 
Reporting by Huw Jones and David Milliken, Editing by Catherine Evans and Hugh Lawson"
9,"{'id': 'reuters', 'name': 'Reuters'}",Reuters Editorial,Croatia boosting help for coronavirus-hit economy - Reuters,"Croatia said on Thursday it would widen the scope of financial support for its economy, allowing a shortening of the working week for some hard-hit firms, to soften the blow from the COVID-19 crisis.",https://www.reuters.com/article/us-health-coronavirus-croatia-economy-idUSKBN23W1RW,https://s3.reutersmedia.net/resources/r/?m=02&d=20200625&t=2&i=1523591191&w=1200&r=LYNXMPEG5O1BQ,2020-06-25T11:44:00Z,"ZAGREB (Reuters) - Croatia said on Thursday it would widen the scope of financial support for its economy, allowing a shortening of the working week for some hard-hit firms, to soften the blow from the COVID-19 crisis. 
Since the outbreak of the novel coronavirus in March the government has pumped in 7.6 billion Croatian kuna ($1.13 billion) to support salaries in companies in trouble. 
The new support measure will enable hard-hit firms employing more then 10 workers to shorten the working week with financial assistance from the government, Prime Minister Andrej Plenkovic told the cabinet. 
“This is the first stronger measure after those adopted over the past three months to preserve jobs and strengthen liquidity,” he said, adding that the measure would stay in force until the end of the year. 
The government has estimated the measure will cost state coffers around 3 billion kuna. 
It had earlier said it would need about 70 billion kuna over the next few months to finance the measures it undertakes to combat the economic crisis caused by the pandemic. 
Croatia, which has run budget surpluses in the last three years, now expects a budget deficit of 6.8% of gross domestic product (GDP) in 2020, and a reduction below 3% of GDP in 2021. 
The economy is forecast to shrink by 9.4% this year because of the coronavirus impact. At the end of last year, authorities had projected growth of 2.5% in 2020, after expanding by 2.9% in 2019. 
So far, Croatia has registered 2,388 coronavirus infections and 170 deaths from the respiratory disease. 
Reporting by Maja Zuvela; Editing by Mark Heinrich"
10,"{'id': 'reuters', 'name': 'Reuters'}",Reuters Editorial,TSX futures drop on weaker oil prices - Reuters Canada,"Canada's main stock index futures fell on Thursday, dragged by weaker oil prices, as record-high U.S. crude stock and an upsurge in global COVID-19 cases dented hopes of recovery in fuel demand.",https://ca.reuters.com/article/topNews/idCAKBN23W1QT,https://s2.reutersmedia.net/resources/r/?m=02&d=20200625&t=2&i=1523590011&w=1200&r=LYNXMPEG5O1B3,2020-06-25T11:35:00Z,"(Reuters) - Canada’s main stock index futures fell on Thursday, dragged by weaker oil prices, as record-high U.S. crude stock and an upsurge in global COVID-19 cases dented hopes of recovery in fuel demand. 
Oil slipped towards $40 a barrel as U.S. crude stocks rose 1.4 million barrels, hitting a record high for a third straight week, the Energy Information Administration said on Wednesday. 
September futures on the S&amp;P/TSX index were down 0.12% at 7:00 a.m. ET. 
Data on Canada’s average weekly earnings is due at 8:30 a.m. ET 
On Wednesday, the Toronto Stock Exchange’s S&amp;P/TSX composite index ended 1.74% lower at 15,294.38. 
Dow Jones Industrial Average e-mini futures were down 0.42% at 7:00 a.m. ET, while S&amp;P 500 e-mini futures were down 0.28% and Nasdaq 100 e-mini futures were up 0.02%. 
Reporting by Amal S in Bengaluru; Editing by Ramakrishnan M."
11,"{'id': 'reuters', 'name': 'Reuters'}",Reuters Editorial,Hawaii to implement pre-arrival COVID-19 test option as quarantine alternative - Reuters,"Hawaii will implement a pre-travel COVID-19 testing option for travellers to the U.S. state as an alternative to a two week travel quarantine, its governor said, hours after the Department of Justice backed a lawsuit challenging the quarantine.",https://uk.reuters.com/article/us-health-coronavirus-usa-hawaii-idUKKBN23W0YW,https://s4.reutersmedia.net/resources/r/?m=02&d=20200625&t=2&i=1523430830&w=1200&r=LYNXMPEG5O0NZ,2020-06-25T07:34:00Z,"(Reuters) - Hawaii will implement a pre-travel COVID-19 testing option for travellers to the U.S. state as an alternative to a two week travel quarantine, its governor said, hours after the Department of Justice backed a lawsuit challenging the quarantine. 
Tourists to Hawaii will be exempted from the quarantine rule upon arrival from different states if they carry a valid coronavirus test result prior to the visit, Governor David Ige said late on Wednesday. 
“Beginning August 1, we will be implementing pre-travel testing program for travellers to Hawaii as an alternative for 14-day mandatory quarantine,” Ige said in a briefing. 
The current 14-day mandatory quarantine for everyone traveling into the state began in March, with the governor later extending it until the end of June. 
Earlier on Wednesday, the DOJ gave its support to a lawsuit challenging the state’s coronavirus measures, saying visitors are being denied rights granted to most island residents. The lawsuit was filed by Nevada and California residents who own property in Hawaii. 
Tourism is a big part of Hawaii’s economy - more than 10.4 million visitors came to the islands last year, supporting some 216,000 jobs in a population of around 1.4 million, according to the state tourism authority. 
The state at one point considered sweeping use of GPS-enabled ankle bracelets or smartphone tracking apps to enforce stay-at-home orders given to arriving air passengers. 
However, that plan was put on the back burner after the Hawaii attorney general’s office raised concerns. 
The United States has recorded about 2.4 million cases of coronavirus infections as of early Thursday, with nearly 122,000 deaths, according to a Reuters tally. 
Hawaii has had over 830 cases of infection and 17 deaths from the outbreak. The state’s average of one death per 100,000 people is among the lowest in the United States. 
Reporting by Maria Ponnezhath in Bengaluru, Editing by William Maclean"
12,"{'id': 'reuters', 'name': 'Reuters'}",Reuters Editorial,Golf: Koepka withdraws from Travelers after caddie tests positive - report - Reuters India,"World number four Brooks Koepka has decided to withdraw from this week's PGA Tour event, the Travelers Championship in Cromwell, Connecticut, after his caddie tested positive for COVID-19, Golfweek reported on Wednesday.",https://in.reuters.com/article/health-coronavirus-golf-koepka-idINKBN23V2MF,https://s3.reutersmedia.net/resources/r/?m=02&d=20200624&t=2&i=1523359631&w=1200&r=LYNXMPEG5N1VJ,2020-06-24T17:04:00Z,"(Reuters) - World number four Brooks Koepka has decided to withdraw from this week’s PGA Tour event, the Travelers Championship in Cromwell, Connecticut, after his caddie tested positive for COVID-19, Golfweek reported on Wednesday. 
Golfweek, which spoke to Koepka, said the four-times major champion, his caddie and coach all went for additional testing after playing a practice round with Graeme McDowell, who also withdrew after his caddie returned a positive test. 
“I’m going to pull out to protect everybody else. I think it’s the right thing to do,” American Koepka said. “I don’t want to risk anyone’s life if they have respiratory issues or underlying conditions. The only way this Tour can continue is if guys do this sort of thing and be proactive about it.” 
The PGA Tour would not confirm Koepka’s withdrawal from the Travelers Championship but said it will issue a statement later on Wednesday. 
Golfweek said Northern Irishman McDowell’s caddie is isolating in Florida and had not travelled to Connecticut for the tournament. 
The Travelers Championship at TPC River Highlands is the third of five events on the PGA Tour’s revamped schedule which is closed to the public in a bid to help stem the spread of the virus. 
American Nick Watney last week tested positive for the virus, forcing him to withdraw ahead of second-round action in South Carolina. 
Cameron Champ, a two-times winner on the PGA Tour, pulled out of the Travelers Championship on Tuesday after testing positive for COVID-19. 
Reporting by Frank Pingue in Toronto, editing by Ed Osmond"
13,"{'id': 'reuters', 'name': 'Reuters'}",Roxanne Liu,Chinese military researchers move a new COVID vaccine candidate into human trial - Reuters UK,"A Chinese military research institute has been approved to test its second experimental coronavirus vaccine in humans, the eighth candidate in clinical trials for China as it emerges as a front-runner in the global fight against COVID-19.",https://uk.reuters.com/article/us-health-coronavirus-china-vaccine-idUKKBN23V2QO,https://s3.reutersmedia.net/resources/r/?m=02&d=20200624&t=2&i=1523362140&w=1200&r=LYNXMPEG5N1XN,2020-06-24T17:28:00Z,"BEIJING (Reuters) - A Chinese military research institute has been approved to test its second experimental coronavirus vaccine in humans, the eighth candidate in clinical trials for China as it emerges as a front-runner in the global fight against COVID-19. 
No vaccine has been approved for sale against the virus that has killed over 470,000 people, but more than a dozen candidates have entered different stages of human test globally. 
The new drug is developed by the Academy of Military Science (AMS), a research institute affiliated with the People’s Liberation Army, and was approved to proceed to human trial by China’s National Medical Products Administration. 
AMS’ latest candidate, named ARCoV, uses mRNA technology, an approach that is also used for candidates developed by Moderna Inc in the United States and German firm CureVac but has never been tested in China-based clinical trials, the institute said in its social media WeChat late on Wednesday. 
“The core raw materials and equipment are all domestically produced, and rapid production capacity ramp-up is achievable,” Qin Chengfeng, a researcher responsible for the mRNA project, said in the statement. 
The Chinese Clinical Trial registry, without naming ARCoV, said a phase 1 clinical trial for an mRNA vaccine, sponsored by AMS, Yunnan Walvax Biotechnology and Suzhou Abogen Biosciences, would start on Thursday and evaluate the safety of the candidate. here
Separately, Ad5-nCoV, a vaccine candidate co-developed by AMS and CanSino Biologics using a different technique, is under phase-2 clinical trial in China and has won approval to begin human testing in Canada. 
Reporting By Roxanne Liu in Beijing; editing by Peter Henderson and Cynthia Osterman"
14,"{'id': 'reuters', 'name': 'Reuters'}",Fergal Smith,Fitch cuts Canada's rating to below AAA due to pandemic - Reuters,"Fitch on Wednesday downgraded Canada's sovereign rating for the first time, to ""AA+"" from ""AAA,"" citing deterioration of the country's public finances in 2020 due to the COVID-19 pandemic.",https://www.reuters.com/article/us-canada-ratings-fitch-idUSKBN23V2ZZ,https://s3.reutersmedia.net/resources/r/?m=02&d=20200624&t=2&i=1523374996&w=1200&r=LYNXMPEG5N23L,2020-06-24T19:23:00Z,"TORONTO (Reuters) - Fitch on Wednesday downgraded Canada’s sovereign rating for the first time, to “AA+” from “AAA,” citing deterioration of the country’s public finances in 2020 due to the COVID-19 pandemic. 
Both Standard &amp; Poor’s and Moody’s give Canada a triple-A rating. 
Canada would run a much expanded general government deficit of 16.1% of GDP in 2020 and emerge from recession with much higher public debt ratios, Fitch said. 
The ratings agency expects the coronavirus response to raise Canada’s consolidated gross general government debt to 115.1% of GDP in 2020, up from 88.3% of GDP in 2019. 
Ottawa is rolling out more than C$150 billion in direct aid to support the economy. 
“A worse case scenario for Canadians and the economy would have been to not act,” said Finance Minister Bill Morneau in a statement to Reuters. 
Financial market reaction was muted, with the Canadian dollar slightly extending its decline to 1.3617 to the U.S. dollar, or 73.44 U.S. cents, while Canada’s 10-year yield was little changed at 0.545%. 
“Canada is still a very strong credit in a relative sense,” said Derek Holt, vice President of capital markets economics at Scotiabank. “Ratings are just not a major market driver in relation to all other influences upon bond markets and such actions often lag developments that markets have already digested.” 
Additional reporting by Ashwini Raj in Bengaluru and Kelsey Johnson in Ottawa; Editing by Shinjini Ganguli and Nick Zieminski"
15,"{'id': 'reuters', 'name': 'Reuters'}",Reuters Editorial,"Canada's WestJet to cut 3,300 jobs as pandemic hurts demand for air travel - Reuters","Canadian carrier WestJet said on Wednesday it would layoff about 3,300 employees, as it looks to save costs amid the economic turmoil stemming from the COVID-19 pandemic, which has severely hurt air travel.",https://www.reuters.com/article/us-westjet-layoffs-idUSKBN23V3FF,https://s2.reutersmedia.net/resources/r/?m=02&d=20200624&t=2&i=1523395738&w=1200&r=LYNXMPEG5N2HF,2020-06-24T23:43:00Z,"(Reuters) - Canadian carrier WestJet said on Wednesday it would layoff about 3,300 employees, as it looks to save costs amid the economic turmoil stemming from the COVID-19 pandemic, which has severely hurt air travel. 
WestJet, owned by private equity firm Onex Corp, said it will consolidate all call centre activity to Alberta and outsource operations in all domestic airports except Vancouver, Calgary, Edmonton and Toronto, as part of the restructuring. 
“Today’s announcement regarding these strategic but unavoidable changes will allow us to provide security to our remaining 10,000 WestJetters,” Chief Executive Officer Ed Sims said in a statement. 
Reporting by Ankit Ajmera in Bengaluru; Editing by Shinjini Ganguli"
16,"{'id': 'reuters', 'name': 'Reuters'}",Roxanne Liu,Chinese military researchers move a new COVID vaccine candidate into human trial - Reuters,"A Chinese military research institute has been approved to test its second experimental coronavirus vaccine in humans, the eighth candidate in clinical trials for China as it emerges as a front-runner in the global fight against COVID-19.",https://www.reuters.com/article/health-coronavirus-china-vaccine-idUSL1N2E11I2,https://s4.reutersmedia.net/resources_v2/images/rcom-default.png,2020-06-24T17:20:00Z,"BEIJING, June 25 (Reuters) - A Chinese military research institute has been approved to test its second experimental coronavirus vaccine in humans, the eighth candidate in clinical trials for China as it emerges as a front-runner in the global fight against COVID-19. 
No vaccine has been approved for sale against the virus that has killed over 470,000 people, but more than a dozen candidates have entered different stages of human test globally. 
The new drug is developed by the Academy of Military Science (AMS), a research institute affiliated with the People’s Liberation Army, and was approved to proceed to human trial by China’s National Medical Products Administration. 
AMS’ latest candidate, named ARCoV, uses mRNA technology, an approach that is also used for candidates developed by Moderna Inc in the United States and German firm CureVac but has never been tested in China-based clinical trials, the institute said in its social media WeChat late on Wednesday. 
“The core raw materials and equipment are all domestically produced, and rapid production capacity ramp-up is achievable,” Qin Chengfeng, a researcher responsible for the mRNA project, said in the statement. 
The Chinese Clinical Trial registry, without naming ARCoV, said a phase 1 clinical trial for an mRNA vaccine, sponsored by AMS, Yunnan Walvax Biotechnology and Suzhou Abogen Biosciences, would start on Thursday and evaluate the safety of the candidate. here
Separately, Ad5-nCoV, a vaccine candidate co-developed by AMS and CanSino Biologics using a different technique, is under phase-2 clinical trial in China and has won approval to begin human testing in Canada. (Reporting By Roxanne Liu in Beijing; editing by Peter Henderson and Cynthia Osterman)"
17,"{'id': 'reuters', 'name': 'Reuters'}",Rory Carroll,Golf: DeChambeau ready to unleash newfound power in Connecticut - Reuters,"Bryson DeChambeau will have an excellent opportunity to show off his newfound power at the driver-friendly TPC River Highlands in Cromwell, Connecticut on Thursday against a field that has seen several top players withdraw due to COVID-19 concerns.",https://www.reuters.com/article/us-golf-travelers-preview-idUSKBN23W02X,https://s1.reutersmedia.net/resources/r/?m=02&d=20200625&t=2&i=1523401705&w=1200&r=LYNXMPEG5O01A,2020-06-25T00:50:00Z,"(Reuters) - Bryson DeChambeau will have an excellent opportunity to show off his newfound power at the driver-friendly TPC River Highlands in Cromwell, Connecticut on Thursday against a field that has seen several top players withdraw due to COVID-19 concerns. 
The 26-year-old American has been crushing balls after adding muscle during the PGA Tour’s three-month break and has been knocking on the door of a win since the restart with top 10 finishes at Colonial and at Harbour Town last week. 
“I think this golf course suits me a little bit better,” he told reporters ahead of the opening round of the Travelers Championship. 
“I can use the length to my advantage on the front nine and there’s a couple of holes on the back nine I can do the same,” he said. 
“I definitely feel like I can let it go a lot more.” 
DeChambeau will benefit from a field that saw major champions Brooks Koepka and Graeme McDowell withdraw on Wednesday after their caddies both tested positive for COVID-19. 
Hard-hitting Cameron Champ withdrew earlier in the week after he became the second PGA Tour golfer to test positive for the virus, and last week’s winner Webb Simpson said he would sit the tournament out after a family member tested positive. 
In response the PGA Tour on Wednesday said stricter safety measures would be put in place. 
The thinning of the still-impressive field could clear the way for DeChambeau, who added 25 pounds during the break and has his sights set on winning his first major title this year. 
“I knew that if I could start working out my body every single day, I’d be better the next day, and other people would be behind,” he said. 
“I thought that if I could do that every single day through quarantine, I’d come back a different person, and I did, and I hope that it’s given me an edge.” 
Reporting by Rory Carroll; Editing by Christopher Cushing"
18,"{'id': 'reuters', 'name': 'Reuters'}",Gabriela Baczynska,EU travel recommendations may impede Americans and Russians - Reuters,"The European Union (EU) hopes to reopen borders for outsiders from July, but will review individual nations' COVID-19 situation fortnightly, according to diplomats and a document laying out criteria that could keep Americans and Russians out.",https://www.reuters.com/article/us-health-coronavirus-eu-travel-idUSKBN23V1JO,https://s2.reutersmedia.net/resources/r/?m=02&d=20200624&t=2&i=1523318951&w=1200&r=LYNXMPEG5N17E,2020-06-24T10:54:00Z,"BRUSSELS (Reuters) - The European Union (EU) hopes to reopen borders for outsiders from July, but will review individual nations’ COVID-19 situation fortnightly, according to diplomats and a document laying out criteria that could keep Americans and Russians out. 
The 27-nation bloc is eager to restart tourism, which has taken a massive hit during the coronavirus pandemic, but fears of second spikes have so far only allowed for partial and patchy reopening of borders with multiple health and security curbs. 
Draft recommendations from the EU’s current presidency Croatia, seen by Reuters, suggest allowing non-EU nationals in from countries with stable or decreasing infections, and those with a “comparable or better epidemiological situation” than Europe. 
That epidemiological criteria is defined as between 16-20 new cases of infection reported over 14 days per 100,000 people. 
Nations would also be assessed for their records on testing, contact-tracing and treatment, reliability of data, and reciprocal travel arrangements for EU residents, according to the document, to be debated by envoys in Brussels on Wednesday. 
Based on the latest update by the bloc's European Centre for Disease Prevention and Control (ECDC), here the proposed methodology could rule out travellers from the United States and Mexico, most of South America, South Africa, Russia, Iran, Saudi Arabia and Afghanistan, among others. 
The United States, where President Donald Trump banned European visitors at the start of the crisis, has by far the highest number of deaths and cases in the world. [nL4N2AY3AS] 
EU diplomats stressed, however, that the travel criteria could still change and that the recommendations will be non-binding. 
“It seems there is a lot of wishful thinking in these recommendations. They are also causing much controversy. July 1 may slip and many countries may go their own way in any case,” a diplomat said of the proposal by the European Commission. 
The proposal, aimed at promoting a coordinated approach, would cover Europe’s Schengen zone of normally-invisible borders that brings together most EU states as well as Iceland, Norway, Switzerland and Lichtenstein. 
A major achievement of post-World War Two European integration, it has suffered a major setback in recent months as countries brought back border controls to contain the virus. 
Additional reporting by Philip Blenkinsop, Writing by Gabriela Baczynska, Editing by Andrew Cawthorne"
19,"{'id': 'reuters', 'name': 'Reuters'}",Sachin Ravikumar,Indian shares snap winning streak on profit-booking in banks - Reuters,"Indian shares snapped four straight sessions of gains on Wednesday, as investors booked profits in banking stocks amid fears of a rise in loan defaults due to the COVID-19 pandemic.",https://www.reuters.com/article/india-stocks-idUSL4N2E12EZ,https://s4.reutersmedia.net/resources_v2/images/rcom-default.png,2020-06-24T10:45:00Z,"BENGALURU, June 24 (Reuters) - Indian shares snapped four straight sessions of gains on Wednesday, as investors booked profits in banking stocks amid fears of a rise in loan defaults due to the COVID-19 pandemic. 
The markets opened higher but reversed their course around midday as the focus turned to record levels of coronavirus infections in several U.S. states, spurring concerns about the pace of a nascent economic recovery. European shares fell 1.8%. 
The Nifty bank index fell 3.8%, the top loser among 11 sectoral indexes. It has risen 11% so far this month, driven by strong March-quarter earnings and a flood of liquidity from global investors. 
Investors booked profits in banking stocks due to the recent run-up and also driven by concerns about a rise in soured loans, especially as many borrowers opt for a moratorium on loan repayments, and the outlook for loan growth, said Deepak Jasani, head of retail research at HDFC Securities in Mumbai. 
“The key concerns are that credit growth is not happening, and asset quality is under question across the board,” Jasani said. “These two things are bothering investors.” 
The NSE Nifty 50 index closed 1.58% lower at 10,305.30, while the S&amp;P BSE Sensex also shed 1.58% to settle at 34,868.98. 
The Nifty 50 has risen 7.6% so far this month, helped partly by foreign institutional investors, who are benefiting from access to higher liquidity. 
Both ICICI Bank Ltd and IndusInd Bank Ltd dropped 7.5%. 
Strong quarterly margins drove shares of Asian Paints Ltd up 3.8%, making them the top gainers on the Nifty 50. 
Meanwhile, cases of coronavirus infections rose to 456,183 in India, with the death toll reaching 14,476. (Reporting by Sachin Ravikumar; Editing by Subhranshu Sahu)"
