,source,author,title,description,url,urlToImage,publishedAt,content
0,"{'id': 'reuters', 'name': 'Reuters'}",Gabriela Baczynska,EU travel recommendations may impede Americans and Russians - Reuters UK,"The European Union (EU) hopes to reopen borders for outsiders from July, but will review individual nations' COVID-19 situation fortnightly, according to diplomats and a document laying out criteria that could keep Americans and Russians out.",https://uk.reuters.com/article/uk-health-coronavirus-eu-travel-idUKKBN23V2C0,https://s3.reutersmedia.net/resources/r/?m=02&d=20200624&t=2&i=1523346357&w=1200&r=LYNXMPEG5N1NO,2020-06-24T15:18:00Z,"BRUSSELS (Reuters) - The European Union (EU) hopes to reopen borders for outsiders from July, but will review individual nations’ COVID-19 situation fortnightly, according to diplomats and a document laying out criteria that could keep Americans and Russians out. 
The 27-nation bloc is eager to restart tourism, which has taken a massive hit during the coronavirus pandemic, but fears of second spikes have so far only allowed for partial and patchy reopening of borders with multiple health and security curbs. 
Draft recommendations from the EU’s current presidency Croatia, seen by Reuters, suggest allowing non-EU nationals in from countries with stable or decreasing infections, and those with a “comparable or better epidemiological situation” than Europe. 
That epidemiological criteria is defined as between 16-20 new cases of infection reported over 14 days per 100,000 people. 
Nations would also be assessed for their records on testing, contact-tracing and treatment, reliability of data, and reciprocal travel arrangements for EU residents, according to the document, to be debated by envoys in Brussels on Wednesday. 
Based on the latest update by the bloc's European Centre for Disease Prevention and Control (ECDC), here the proposed methodology could rule out travellers from the United States and Mexico, most of South America, South Africa, Russia, Iran, Saudi Arabia and Afghanistan, among others. 
The United States, where President Donald Trump banned European visitors at the start of the crisis, has by far the highest number of deaths and cases in the world. 
EU diplomats stressed, however, that the travel criteria could still change and that the recommendations will be non-binding. 
“It seems there is a lot of wishful thinking in these recommendations. They are also causing much controversy. July 1 may slip and many countries may go their own way in any case,” a diplomat said of the proposal by the European Commission. 
The proposal, aimed at promoting a coordinated approach, would cover Europe’s Schengen zone of normally-invisible borders that brings together most EU states as well as Iceland, Norway, Switzerland and Lichtenstein. 
A major achievement of post-World War Two European integration, it has suffered a major setback in recent months as countries brought back border controls to contain the virus."
1,"{'id': 'reuters', 'name': 'Reuters'}",Reuters Editorial,Cricket-No positive COVID-19 tests for England ahead of West Indies series - Reuters,"England's 30-man training group for the upcoming three-test series against West Indies returned no positive tests for COVID-19, the England and Wales Cricket Board (ECB) said on Wednesday.",https://www.reuters.com/article/healthcoronavirus-cricket-england-idUSL8N2E14VH,https://s4.reutersmedia.net/resources_v2/images/rcom-default.png,2020-06-24T15:48:00Z,"June 24 (Reuters) - England’s 30-man training group for the upcoming three-test series against West Indies returned no positive tests for COVID-19, the England and Wales Cricket Board (ECB) said on Wednesday. 
The ECB said in a statement here that a total of 702 tests were conducted from June 3-23 on players and match officials plus ECB, venue, hotel and support staff, with all of them negative. 
Fast bowler Jofra Archer has been delayed in joining the squad after he had a precautionary test for COVID-19 when a member of his household felt unwell last weekend. The result of that test is expected to be announced on Thursday. 
The first test match is scheduled to begin in Southampton on July 8 without spectators followed by games in Manchester. 
England will then host Pakistan in three tests and three Twenty20 internationals starting on July 30 but doubts remain over whether the tour can go ahead after the Pakistan Cricket Board said 10 of their players tested positive for the virus. (Reporting by Arvind Sriram in Bengaluru; Editing by Ken Ferris)"
2,"{'id': 'reuters', 'name': 'Reuters'}",Sonali Paul,"Oil prices fall further on virus fears, U.S. crude stock build - Reuters India","Oil prices slipped on Thursday, extending losses of more than 5% in the previous session, weighed down by record high U.S. crude inventories and worries that a rapid resurgence in COVID-19 cases could choke a revival in fuel demand.",https://in.reuters.com/article/us-global-oil-idINKBN23W05W,https://s1.reutersmedia.net/resources/r/?m=02&d=20200625&t=2&i=1523405503&w=1200&r=LYNXMPEG5O03A,2020-06-25T03:09:00Z,"MELBOURNE/SINGAPORE (Reuters) - Oil prices slipped on Thursday, extending losses of more than 5% in the previous session, weighed down by record high U.S. crude inventories and worries that a rapid resurgence in COVID-19 cases could choke a revival in fuel demand. 
U.S. West Texas Intermediate (WTI) crude futures fell 26 cents, or 0.7%, to $37.75 per barrel at 0245 GMT on Thursday, after dropping $2.36 on Wednesday. 
Brent crude futures fell 30 cents, or 0.7%, to $40.01 per barrel after falling $2.32 on Wednesday. A day earlier, the benchmark contract hit its highest price since early March, just before pandemic lockdowns and a Saudi-Russian price war slammed markets. 
Wednesday’s selloff came after U.S. government data showed crude stockpiles rose by 1.4 million barrels, driving inventories to a record high for a third straight week last week. 
Analysts, however, said that was mostly due to a flotilla of Saudi cargoes booked by U.S. refiners when prices slumped in March. Those shipments are due to ease soon. 
Worries about a second wave of COVID-19 cases in several U.S. states, where lockdowns had eased, and a rapid spread of infections in South America and South Asia are expected to keep a lid on fuel demand, market watchers said. 
“The latest trends there are not encouraging,” said National Australia Bank’s head of commodity research, Lachlan Shaw. 
The fear is that even if lockdowns are eased, people will stay home because of the perceived health risks. 
Stephen Innes, market strategist at AxiCorp, said mobility data from Google showed driving in Texas, Florida and to a certain extent California was flatlining. 
In another reminder of fuel demand woes, Australia’s flagship airline, Qantas Airways, said on Thursday it expected little revival in international travel until at least July 2021, as it slashed a fifth of its workforce and grounded 100 planes. 
“It highlights the reality that we’re talking years before international aviation recovers probably three to four years,” Shaw said. 
Reporting by Sonali Paul in Melbourne and Koustav Samanta in Singapore; editing by Richard Pullin"
3,"{'id': 'reuters', 'name': 'Reuters'}",Reuters Editorial,"NBA-Kings, Pacers players among three positive coronavirus tests - Reuters","Three NBA players have tested positive for COVID-19 including the Sacramento Kings pair of Jabari Parker and Alex Len and Indiana Pacers' Malcolm Brogdon, the league has confirmed.",https://www.reuters.com/article/us-health-coronavirus-basketball-nba-idUSKBN23W0NP,https://s1.reutersmedia.net/resources/r/?m=02&d=20200625&t=2&i=1523422025&w=1200&r=LYNXMPEG5O0I2,2020-06-25T05:28:00Z,"(Reuters) - Three NBA players have tested positive for COVID-19 including the Sacramento Kings pair of Jabari Parker and Alex Len and Indiana Pacers’ Malcolm Brogdon, the league has confirmed. 
All three players said on Wednesday they expected to recover in time for the resumption of the league next month. 
""Several days ago I tested positive for COVID-19 and immediately self-isolated in Chicago which is where I remain,"" Kings forward Parker said in a team statement here
“I am progressing in my recovery and feeling well. I look forward to joining my teammates in Orlando as we return to the court for the resumption of the NBA season.” 
Centre Len later said in an Instagram post www.instagram.com/alexlen_25 that he too had the disease while Brogdon confirmed his positive test in a statement here released by the Pacers on Twitter. 
The NBA, season halted by the novel coronavirus outbreak, is set to resume with a tentative July 31 start date, at Disney World in Florida. 
The plan would see 22 of the NBA’s 30 teams play eight seeding games to determine a 16-team playoff field that would follow the traditional post-season format with four best-of-seven series that would crown a champion no later than Oct. 12. 
The NBA was the first North American sports league to suspend its season after one of its players tested positive in mid-March with five weeks left in the 82-game regular season. 
Reporting by Shrivathsa Sridhar in Bengaluru; Editing by Robert Birsel"
4,"{'id': 'reuters', 'name': 'Reuters'}",Sonali Paul,"Oil prices fall further on virus fears, U.S. crude stock build - Reuters Africa","Oil prices slipped on Thursday, extending losses of more than 5% in the previous session, weighed down by record high U.S. crude inventories and worries that a rapid resurgence in COVID-19 cases could choke a revival in fuel demand.",https://af.reuters.com/article/commoditiesNews/idAFL4N2E20JW,https://s4.reutersmedia.net/resources_v2/images/rcom-default.png,2020-06-25T03:01:00Z,"* U.S. crude stocks rise to record high for third straight week 
* New wave of coronavirus cases to hurt demand recovery -analysts 
By Sonali Paul 
MELBOURNE/SINGAPORE, June 25 (Reuters) - Oil prices slipped on Thursday, extending losses of more than 5% in the previous session, weighed down by record high U.S. crude inventories and worries that a rapid resurgence in COVID-19 cases could choke a revival in fuel demand. 
U.S. West Texas Intermediate (WTI) crude futures fell 26 cents, or 0.7%, to $37.75 per barrel at 0245 GMT on Thursday, after dropping $2.36 on Wednesday. 
Brent crude futures fell 30 cents, or 0.7%, to $40.01 per barrel after falling $2.32 on Wednesday. A day earlier, the benchmark contract hit its highest price since early March, just before pandemic lockdowns and a Saudi-Russian price war slammed markets. 
Wednesday’s selloff came after U.S. government data showed crude stockpiles rose by 1.4 million barrels, driving inventories to a record high for a third straight week last week. 
Analysts, however, said that was mostly due to a flotilla of Saudi cargoes booked by U.S. refiners when prices slumped in March. Those shipments are due to ease soon. 
Worries about a second wave of COVID-19 cases in several U.S. states, where lockdowns had eased, and a rapid spread of infections in South America and South Asia are expected to keep a lid on fuel demand, market watchers said. 
“The latest trends there are not encouraging,” said National Australia Bank’s head of commodity research, Lachlan Shaw. 
The fear is that even if lockdowns are eased, people will stay home because of the perceived health risks. 
Stephen Innes, market strategist at AxiCorp, said mobility data from Google showed driving in Texas, Florida and to a certain extent California was flatlining. 
In another reminder of fuel demand woes, Australia’s flagship airline, Qantas Airways, said on Thursday it expected little revival in international travel until at least July 2021, as it slashed a fifth of its workforce and grounded 100 planes. 
“It highlights the reality that we’re talking years before international aviation recovers probably three to four years,” Shaw said. (Reporting by Sonali Paul in Melbourne and Koustav Samanta in Singapore; editing by Richard Pullin)"
5,"{'id': 'reuters', 'name': 'Reuters'}",Reuters Editorial,"Golf: Japan's women's tour begins, following COVID-19 shutdown - Reuters India","Japan's women's professional tour began its season on Thursday after a delay of four months due to the COVID-19 pandemic, with the first round of the Earth Mondahmin Cup in Chiba Prefecture near Tokyo.",https://in.reuters.com/article/health-coronavirus-golf-japan-idINKBN23W0ZK,https://s4.reutersmedia.net/resources_v2/images/rcom-default.png,2020-06-25T07:34:00Z,"(Reuters) - Japan’s women’s professional tour began its season on Thursday after a delay of four months due to the COVID-19 pandemic, with the first round of the Earth Mondahmin Cup in Chiba Prefecture near Tokyo. 
The event at the Camellia Hills Country Club is taking place without spectators present, and all 144 players and staff have tested negative for the novel coronavirus which has killed more than 900 people in Japan, Kyodo news agency reported. 
Hinako Shibuno, the 2019 British Open winner, and world number four Nasa Hataoka were among the players who teed off following an hour-long rain delay. 
The pandemic had forced the cancellation of 16 tournaments on the Japanese women’s tour this season before it began on Thursday. Four tournaments in July and one each in August and October have also been scrapped. 
Reporting by Shrivathsa Sridhar in Bengaluru; Editing by Muralikumar Anantharaman"
6,"{'id': 'reuters', 'name': 'Reuters'}",Reuters Editorial,EU drug regulator endorses Gilead's remdesivir as COVID-19 treatment - Reuters,"The European healthcare regulator said on Thursday it had recommended conditionally approving Gilead Sciences Inc's antiviral treatment, remdesivir, for use in COVID-19 patients across the continent, just weeks after a speedy review.",https://www.reuters.com/article/us-health-coronavirus-gilead-europe-idUSKBN23W1ZH,https://s4.reutersmedia.net/resources/r/?m=02&d=20200625&t=2&i=1523597887&w=1200&r=LYNXMPEG5O1GX,2020-06-25T12:41:00Z,"The European healthcare regulator said on Thursday it had recommended conditionally approving Gilead Sciences Inc’s antiviral treatment, remdesivir, for use in COVID-19 patients across the continent, just weeks after a speedy review. 
The European Medicines Agency said its human medicines committee (CHMP) recommended the drug's use in adults and adolescents from 12 years of age with pneumonia who require supplemental oxygen. (bit.ly/3i3O6Ck) 
This approval means physicians can prescribe the Gilead drug, to be branded Veklury, in Europe once approved by the European Commission, which usually follows CHMP recommendations. 
Remdesivir has already been approved for emergency use in severely-ill patients in the United States, India and South Korea, and has received full approval in Japan. 
Reporting by Pushkala Aripaka in Bengaluru; Editing by Sriraj Kalluvila"
7,"{'id': 'reuters', 'name': 'Reuters'}",Reuters Editorial,Cricket-Archer to join England training after negative COVID-19 test - Reuters,"Fast bowler Jofra Archer has been cleared to join England's training squad ahead of their three-test series against West Indies after testing negative for COVID-19, the England and Wales Cricket Board (ECB) said on Thursday.",https://www.reuters.com/article/healthcoronavirus-cricket-england-archer-idUSL4N2E22GW,https://s4.reutersmedia.net/resources_v2/images/rcom-default.png,2020-06-25T13:59:00Z,"June 25 (Reuters) - Fast bowler Jofra Archer has been cleared to join England’s training squad ahead of their three-test series against West Indies after testing negative for COVID-19, the England and Wales Cricket Board (ECB) said on Thursday. 
Archer delayed linking up with his team mates as he underwent a precautionary test for the novel coronavirus on Wednesday after a member of his household felt unwell last weekend. 
“Archer has tested negative for COVID-19. He will join the England camp at the Ageas Bowl later today and will be free to start training tomorrow with the rest of the group,” the ECB said on Twitter. 
The ECB said on Wednesday that a total of 702 tests were conducted from June 3-23 on players and match officials plus ECB, venue, hotel and support staff, with all of them negative. 
The first test match is scheduled to begin in Southampton on July 8 without spectators followed by games in Manchester. (Reporting by Arvind Sriram in Bengaluru Editing by Toby Davis)"
8,"{'id': 'reuters', 'name': 'Reuters'}",Reuters Editorial,Ireland to launch coronavirus tracing app next week - Reuters,"Ireland is set to become the latest European country to launch a voluntary phone-tracking app next week to alert users if someone they have been in contact with develops COVID-19, the head of its health service operator said.",https://www.reuters.com/article/health-coronavirus-ireland-idUSL8N2E159H,https://s4.reutersmedia.net/resources_v2/images/rcom-default.png,2020-06-24T16:30:00Z,"DUBLIN, June 24 (Reuters) - Ireland is set to become the latest European country to launch a voluntary phone-tracking app next week to alert users if someone they have been in contact with develops COVID-19, the head of its health service operator said. 
Ireland’s Health Service Executive (HSE) announced plans to roll out the phone app in late March, just as the country went into lockdown, and initially expected it to be launched within 10 days. 
HSE Chief Executive Paul Reid told a news conference on Wednesday that it has been approved by Ireland’s data protection agency and was awaiting final sign-off by the government. 
So far, 1,720 people have died from COVID-19 in Ireland, which has had a manual contact tracing programme in place since its outbreak began at the end of February. 
The number of confirmed cases has fallen to an average of 11 a day over the past week as the economy prepares to almost fully reopen next week, with just 37 patients in hospital compared to a peak of nearly 900 that threatened to overwhelm the health service in mid-April. 
Ireland will adopt a decentralised model for its tracing app where the data will be held on the person’s mobile phone and not centrally by the health service, which authorities hope will alleviate privacy concerns. 
“We’ve done our own research in the early stages of the trial, there is pretty much a positive pick-up, that people feel they will use it and would use it in the future. We’d be strongly encouraged by that,” Reid said. (Reporting by Padraic Halpin; Editing by Nick Macfie)"
9,"{'id': 'reuters', 'name': 'Reuters'}",Reuters Editorial,Golf: Koepka withdraws from Travelers after caddie tests positive - report - Reuters,"World number four Brooks Koepka has decided to withdraw from this week's PGA Tour event, the Travelers Championship in Cromwell, Connecticut, after his caddie tested positive for COVID-19, Golfweek reported on Wednesday.",https://www.reuters.com/article/us-health-coronavirus-golf-koepka-idUSKBN23V2LP,https://s2.reutersmedia.net/resources/r/?m=02&d=20200624&t=2&i=1523358615&w=1200&r=LYNXMPEG5N1V3,2020-06-24T16:55:00Z,"(Reuters) - World number four Brooks Koepka has decided to withdraw from this week’s PGA Tour event, the Travelers Championship in Cromwell, Connecticut, after his caddie tested positive for COVID-19, Golfweek reported on Wednesday. 
Golfweek, which spoke to Koepka, said the four-times major champion, his caddie and coach all went for additional testing after playing a practice round with Graeme McDowell, who also withdrew after his caddie returned a positive test. 
“I’m going to pull out to protect everybody else. I think it’s the right thing to do,” American Koepka said. “I don’t want to risk anyone’s life if they have respiratory issues or underlying conditions. The only way this Tour can continue is if guys do this sort of thing and be proactive about it.” 
The PGA Tour would not confirm Koepka’s withdrawal from the Travelers Championship but said it will issue a statement later on Wednesday. 
Golfweek said Northern Irishman McDowell’s caddie is isolating in Florida and had not travelled to Connecticut for the tournament. 
The Travelers Championship at TPC River Highlands is the third of five events on the PGA Tour’s revamped schedule which is closed to the public in a bid to help stem the spread of the virus. 
American Nick Watney last week tested positive for the virus, forcing him to withdraw ahead of second-round action in South Carolina. 
Cameron Champ, a two-times winner on the PGA Tour, pulled out of the Travelers Championship on Tuesday after testing positive for COVID-19. 
Reporting by Frank Pingue in Toronto, editing by Ed Osmond"
10,"{'id': 'reuters', 'name': 'Reuters'}",Prudence Ho,Loan investors raise concerns over Ebitdac - Reuters,LONDON (LPC) - Investors are concerned that adjustments to earnings made during the Covid-19 pandemic are becoming too aggressive as borrowers keep earnings artificially high to avoid covenant defaults and delay the onset of restructurings.,https://www.reuters.com/article/us-investors-ebitdac-idUSKBN23V23Z,https://s4.reutersmedia.net/resources_v2/images/rcom-default.png,2020-06-24T14:30:24Z,"LONDON (LPC) - Investors are concerned that adjustments to earnings made during the Covid-19 pandemic are becoming too aggressive as borrowers keep earnings artificially high to avoid covenant defaults and delay the onset of restructurings. 
Borrowers are adjusting earnings as if the crisis had never happened, known as earnings before interest, tax, depreciation, amortisation and coronavirus (Ebitdac), or “earnings before coronavirus.” 
“Companies may be keeping earnings artificially high in order to avoid a financial covenant breach. It could delay a restructuring that perhaps should be happening earlier,” said Jane Gray, head of European research at Covenant Review. 
Ebitda is a key measure of performance and business valuation. Loosening documentation over the past few years has gifted borrowers a great level of flexibility to adjust their earnings via numerous exclusions and add-backs. It has become common practice to estimate generous cost savings and synergies on buyouts to lower leverage and make deals acceptable to regulators and investors. 
However, a growing number of lawyers and investors argue that adding back coronavirus-related costs is controversial and not appropriate due to the unprecedented nature of the crisis. 
“The language in documentation allows such flexibility and borrowers are interpreting it in a way that is favourable for them. But is it a correct interpretation? It is controversial,” a leveraged loan lawyer said. 
FAIRY TALE 
German beauty retailer Douglas, which has 2,400 stores across Europe, is one such company to make coronavirus adjustments. 
Last month, the leveraged loan borrower added 15m back to earnings for its second quarter results ended 31 March, to take account of what it termed, “staff and rent related idle costs in connection with our closed stores.” 
Douglas’ reported Ebitda was a 1m loss in the second quarter, compared with adjusted Ebitdac of a 23m profit. 
The 15m add-back also pushed leverage down by around 0.3 times, according to fintech data provider 9fin. 
Changing the numbers to take account of coronavirus is seen as controversial as no one knows how long the pandemic it will last and how it will play out. 
“When it comes to coronavirus, it’s a different scenario. Companies are estimating based on a hypothetical situation, and no one knows how it will turn out,” said Sabrina Fox, executive adviser at European Leveraged Finance Association (ELFA). 
“Ebitdac is just a fairy tale and using it in covenant calculations would be like living in a world of imagination.” 
In addition, the ELFA whose members include Allianz Global Investors and Janus Henderson Investors urged loan borrowers and high-yield issuers not to use Ebitdac as a calculation metric to incur additional debt. 
“We discourage companies from stripping off the effects of the pandemic only to wind up with more leverage,” said Fox. 
“It is by no means guaranteed that Ebitdac reflects forward-looking operating trends, and as such it should not be relied on as a calculation metric for any purpose under debt documents.” 
GETTING CREATIVE 
Apart from earnings adjustments, some borrowers have taken another approach to covenant calculations by using 2019 historical figures, instead of 2020 figures in a bid to avoid breaches. 
US ticket and concert company Live Nation made amendments in April with existing lenders that allowed the firm to use 2019 earnings to calculate the consolidated net leverage ratio covenant for the fourth quarter of 2020 through to the second quarter of 2021, according to the firm’s result announcement. 
US luggage maker Samsonite also amended loan terms so that it could use 2019 Ebitda figures in covenant calculations from the end of September 2021 until end of March 2022. 
“It’s really the same thing,” said Gray at Covenant Review. “Using last year’s figures is simply a way of justifying the quantification of the adjustment they are making. They are seeking to ‘normalise’ Ebitda as if Covid had not happened.” 
The key reason for existing lenders or institutional investors to support those amendments is to limit the amount of defaulted loans in their portfolio, taking a view that the pandemic will be a short-term matter, bankers and investors said. 
“It’s a sticking plaster solution,” a loan banker said. 
However, no-one knows how long such flexibility could last and when lenders’ patience will dry up. 
“I don’t think anyone has a clue on any of it. It’s all being done under the illusion that the world will return to normal in a couple months. By now that should be an obvious lie.” said an investor in the US. “Somebody is wrong.” 
Additional reporting by Aaron Weinman; Editing by Claire Ruckin and Christopher Mangham"
11,"{'id': 'reuters', 'name': 'Reuters'}",Daniel Wiessner,Union Pacific says engineers' union must arbitrate dispute over COVID-19 safety training - Reuters,Union Pacific Railroad Co has asked a federal judge in Nebraska to rule that a dispute with its locomotive engineers' union over whether the railroad can mandate COVID-19 safety training without bargaining must unfold in arbitration.,https://www.reuters.com/article/labor-covid19-idUSL1N2E12PI,https://s4.reutersmedia.net/resources_v2/images/rcom-default.png,2020-06-24T21:01:00Z,"Union Pacific Railroad Co has asked a federal judge in Nebraska to rule that a dispute with its locomotive engineers’ union over whether the railroad can mandate COVID-19 safety training without bargaining must unfold in arbitration. 
Union Pacific, represented by in-house counsel and lawyers from Cozen O’Connor, filed a petition on Tuesday claiming its disagreement with the Brotherhood of Locomotive Engineers and Trainmen (BLET) amounts to a “minor dispute” under the federal Railway Labor Act (RLA) and must be arbitrated. 
To read the full story on Westlaw Practitioner Insights, click here: bit.ly/2NrPmRQ"
12,"{'id': 'reuters', 'name': 'Reuters'}",Reuters Editorial,BlackBerry misses quarterly revenue estimates on virus hit - Reuters,"Canada's BlackBerry Ltd reported quarterly revenue below Wall Street estimates on Wednesday, as weakness in the auto industry due to the COVID-19 crisis squeezed demand for its QNX software for cars.",https://www.reuters.com/article/us-blackberry-results-idUSKBN23V37Q,https://s4.reutersmedia.net/resources_v2/images/rcom-default.png,2020-06-24T21:12:00Z,"(Reuters) - Canada’s BlackBerry Ltd (BB.TO) (BB.N) reported quarterly revenue below Wall Street estimates on Wednesday, as weakness in the auto industry due to the COVID-19 crisis squeezed demand for its QNX software for cars. 
Total revenue for the first quarter ended May 31 fell 16.6% to $206 million from a year earlier. Analyst had expected revenue of $214.1 million, according IBES data from Refinitiv. 
Net loss widened to $636 million, or $1.14 per share, from $35 million, or 9 cents per share. Net loss includes impairment charge of $594 million related to its Spark reporting unit. 
Reporting by Ayanti Bera in Bengaluru; Editing by Shinjini Ganguli"
13,"{'id': 'reuters', 'name': 'Reuters'}",Reuters Editorial,PGA Tour's Monahan warns players after positive COVID-19 tests - Reuters,"PGA Tour Commissioner Jay Monahan on Wednesday promised significant consequences for anyone who fails to follow COVID-19 safety protocols after a number of positive tests at this week's Travelers Championship in Cromwell, Connecticut.",https://www.reuters.com/article/us-health-coronavirus-golf-pgatour-idUSKBN23V34B,https://s4.reutersmedia.net/resources_v2/images/rcom-default.png,2020-06-24T20:25:00Z,"(Reuters) - PGA Tour Commissioner Jay Monahan on Wednesday promised significant consequences for anyone who fails to follow COVID-19 safety protocols after a number of positive tests at this week’s Travelers Championship in Cromwell, Connecticut. 
Monahan, who was not originally listed on the interview schedule ahead of the Travelers, announced new safety measures and reiterated existing ones. 
“All of us have an extraordinary responsibility to follow those protocols. For any individual that does not, there will be serious repercussions, and I’m not going to get into the specifics of it,” Monahan said from TPC River Highlands, site of this week’s Travelers Championship. 
“But everybody knows and needs to know that our future, our ability to sustain this business and to impact the communities where we play and to create so many jobs is contingent on our ability to follow those protocols.” 
Monahan delivered his remarks a day after a second PGA Tour player in a five-day span tested positive for COVID-19. 
In the three weeks since the PGA Tour returned from its COVID-19 hiatus, Monahan said there have been seven positive results from 2,757 total in-market tournament tests across the main circuit and developmental Korn Ferry Tour. 
“It’s a low number, but every number hurts,” Monahan said. 
Monahan said major champions Brooks Koepka and Graeme McDowell have withdrawn from this week’s event “out of an abundance of caution” after their caddies tested positive. 
World number five Webb Simpson also withdrew after a family member tested positive while Koepka’s younger brother Chase decided to sit out because he played a practice round with Brooks and McDowell. 
Among changes announced by Monahan are further testing, player instructors being added to the testing bubble and an onsite fitness trailer to deter golfers from using outside gyms. 
Monahan said he has confidence in the protocols in place and remains hopeful the PGA Tour’s schedule will not be interrupted. 
“We feel like we’re on a path that’s going to allow us to continue to sustain our return to golf,” said Monahan. 
Reporting by Frank Pingue in Toronto, editing by Ed Osmond"
14,"{'id': 'reuters', 'name': 'Reuters'}",Frank Pingue,Mickelson grabs one-shot lead; another player tests positive for COVID-19 - Reuters Africa,"Phil Mickelson used a solid finish to seize a one-shot lead following the second round of the Travelers Championship in Cromwell, Connecticut, on Friday where a third PGA Tour player tested positive for COVID-19.",https://af.reuters.com/article/sportsNews/idAFKBN23Y0EF-OZASP,https://s3.reutersmedia.net/resources/r/?m=02&d=20200627&t=2&i=1523827516&w=1200&r=LYNXMPEG5Q09U-OZASP,2020-06-27T09:36:00Z,"(Reuters) - Phil Mickelson used a solid finish to seize a one-shot lead following the second round of the Travelers Championship in Cromwell, Connecticut, on Friday where a third PGA Tour player tested positive for COVID-19. 
Mickelson closed with a birdie at the last hole of the TPC River Highlands course for a seven-under-par 63 that brought him to 13 under on the week and one shot clear of first-round leader Mackenzie Hughes (68) and sponsor invite Will Gordon (62). 
World No. 1 Rory McIlroy (68) and Xander Schauffele (68) were among a pack of five golfers a further three shots back. 
Mickelson, in his first tournament since turning 50 last week, will have a short turnaround as third round action will feature threesomes off split tees starting at 7 a.m. EDT (1100 GMT) due to expectations for inclement weather later in the day. 
“It’s probably a little bit difficult as you get older, but when you’re playing well, you have that extra momentum, and it should be okay,” said Mickelson. 
Gordon, in only his eighth PGA Tour start and playing on a sponsor exemption, made the most of his opportunity as he mixed six birdies and one bogey over his opening eight holes before adding another three birdies after the turn. 
“I knew that (the course) was going to be gettable this morning,” said Gordon. “Just tried to come into today with a really positive mindset and aggressive mindset and I was able to do that.” 
Collin Morikawa came into this week riding a streak of 22 consecutive cuts made to begin his professional career but finally ran out of gas, falling three short of matching the record held by Tiger Woods. 
“Just couldn’t get the ball in the hole,” said Morikawa. “That’s the name of the game, right? So it was bound to happen at some point.” 
Denny McCarthy withdrew ahead of his second round after he became the third PGA Tour player to test positive for COVID-19. 
“Last night, I woke up in the middle of the night with additional aches and soreness and sensed something was off,” said McCarthy. “I felt like the only thing to do was get tested at that point before I went to the course.” 
Bud Cauley, who played the first round with McCarthy, tested negative twice but withdrew as a precautionary measure, bringing the number of coronavirus-related withdrawals this week to seven. 
Reporting by Frank Pingue in Toronto, editing by Ed Osmond and Tom Brown"
15,"{'id': 'reuters', 'name': 'Reuters'}",Reuters Editorial,"COVID-19 crisis may disrupt Manchester United transfer plans, says Solskjaer - Reuters India","Manchester United have likely taken a bigger financial hit from the COVID-19 pandemic than their rivals and it is unclear what funds will be available to sign players in the next transfer window, manager Ole Gunnar Solskjaer has said.",https://in.reuters.com/article/soccer-england-nor-mun-preview-idINKBN23Y0A3,https://s4.reutersmedia.net/resources/r/?m=02&d=20200627&t=2&i=1523821040&w=1200&r=LYNXMPEG5Q06Z,2020-06-27T06:55:00Z,"(Reuters) - Manchester United have likely taken a bigger financial hit from the COVID-19 pandemic than their rivals and it is unclear what funds will be available to sign players in the next transfer window, manager Ole Gunnar Solskjaer has said. 
United withdrew their annual financial targets in May after losing about 23 million pounds ($28 million) in quarterly revenue due to the season being temporarily suspended because of the coronavirus crisis. 
The Premier League restarted this month but fans have been barred from attending games, and Solskjaer said United, who also have 429 million pounds in debt, would adopt a cautious approach to spending. 
“We’ll have to take a big look at things ourselves to see how hard we’ve been hit,” Solskjaer told reporters ahead of Saturday’s FA Cup quarter-final match at Norwich City. 
“It’s not for me to say we are going to have X amount because I don’t really know. We are a financially strong club, but we are also probably being hit more than anybody else.” 
United are fifth in the Premier League, five points behind fourth-placed Chelsea, with seven games left to play. 
With second-placed Manchester City facing a European ban for breaching UEFA financial rules, fifth place should guarantee qualification for the lucrative Champions League, unless City win an appeal in the Court of Arbitration for Sport. 
City will discover the fate of their appeal next month, while United could also qualify for Europe’s elite club competition by winning the Europa League this season. 
“Let’s see how quickly we can get our fans back into the stadium,” Solskjaer added. 
“There’s still a lot of uncertainty and these three or four months, every businessman in the world, every footballer in the world, I think everyone is still unsure what the effect will be.” 
Reporting by Simon Jennings in Bengaluru; Editing by Simon Cameron-Moore"
16,"{'id': 'reuters', 'name': 'Reuters'}",Frank Pingue,Mickelson grabs one-shot lead; another player tests positive for COVID-19 - Reuters India,"Phil Mickelson used a solid finish to seize a one-shot lead following the second round of the Travelers Championship in Cromwell, Connecticut, on Friday where a third PGA Tour player tested positive for COVID-19.",https://in.reuters.com/article/golf-travelers-idINKBN23Y09H,https://s3.reutersmedia.net/resources/r/?m=02&d=20200627&t=2&i=1523820568&w=1200&r=LYNXMPEG5Q06N,2020-06-27T06:41:00Z,"(Reuters) - Phil Mickelson used a solid finish to seize a one-shot lead following the second round of the Travelers Championship in Cromwell, Connecticut, on Friday where a third PGA Tour player tested positive for COVID-19. 
Mickelson closed with a birdie at the last hole of the TPC River Highlands course for a seven-under-par 63 that brought him to 13 under on the week and one shot clear of first-round leader Mackenzie Hughes (68) and sponsor invite Will Gordon (62). 
World No. 1 Rory McIlroy (68) and Xander Schauffele (68) were among a pack of five golfers a further three shots back. 
Mickelson, in his first tournament since turning 50 last week, will have a short turnaround as third round action will feature threesomes off split tees starting at 7 a.m. EDT (1100 GMT) due to expectations for inclement weather later in the day. 
“It’s probably a little bit difficult as you get older, but when you’re playing well, you have that extra momentum, and it should be okay,” said Mickelson. 
Gordon, in only his eighth PGA Tour start and playing on a sponsor exemption, made the most of his opportunity as he mixed six birdies and one bogey over his opening eight holes before adding another three birdies after the turn. 
“I knew that (the course) was going to be gettable this morning,” said Gordon. “Just tried to come into today with a really positive mindset and aggressive mindset and I was able to do that.” 
Collin Morikawa came into this week riding a streak of 22 consecutive cuts made to begin his professional career but finally ran out of gas, falling three short of matching the record held by Tiger Woods. 
“Just couldn’t get the ball in the hole,” said Morikawa. “That’s the name of the game, right? So it was bound to happen at some point.” 
Denny McCarthy withdrew ahead of his second round after he became the third PGA Tour player to test positive for COVID-19. 
“Last night, I woke up in the middle of the night with additional aches and soreness and sensed something was off,” said McCarthy. “I felt like the only thing to do was get tested at that point before I went to the course.” 
Bud Cauley, who played the first round with McCarthy, tested negative twice but withdrew as a precautionary measure, bringing the number of coronavirus-related withdrawals this week to seven. 
Reporting by Frank Pingue in Toronto, editing by Ed Osmond and Tom Brown"
17,"{'id': 'reuters', 'name': 'Reuters'}",Reuters Editorial,Virus fears grip Wall Street at week's end - Reuters.com,Stocks stumbled into the weekend as economic fears were ratcheted up by several states imposing business restrictions in response to a surge in COVID-19 cases. Conway G. Gittens has the market action.,https://www.reuters.com/video/watch/idOVCK0J2Q3,https://static.reuters.com/resources/r/?d=20200626&i=OVCK0J2Q3&r=OVCK0J2Q3&t=2,2020-06-26T22:20:11Z,"Posted 
Stocks stumbled into the weekend as economic fears were ratcheted up by several states imposing business restrictions in response to a surge in COVID-19 cases. Conway G. Gittens has the market action."
18,"{'id': 'reuters', 'name': 'Reuters'}",Reuters Editorial,Argentina will tighten quarantine in and around Buenos Aires until July 17 - Reuters,"Argentina's government will extend and tighten a lockdown in and around capital city Buenos Aires from July 1 until July 17 following a sharp recent rise in cases of COVID-19, the country's President Alberto Fernandez said on Friday.",https://www.reuters.com/article/us-health-coronavirus-argentina-idUSKBN23X2QB,https://s4.reutersmedia.net/resources/r/?m=02&d=20200626&t=2&i=1523787370&w=1200&r=LYNXMPEG5P1SS,2020-06-26T19:49:00Z,"BUENOS AIRES (Reuters) - Argentina’s government will extend and tighten a lockdown in and around capital city Buenos Aires from July 1 until July 17 following a sharp recent rise in cases of COVID-19, the country’s President Alberto Fernandez said on Friday. 
The South American country has recorded over 50,000 cases of the novel coronavirus and over 1,150 deaths, with case numbers rising fivefold since late May, predominantly centered in and around the capital city. 
Reporting by Adam Jourdan"
19,"{'id': 'reuters', 'name': 'Reuters'}",Reuters Editorial,"U.S. urges Russia, China to give more aid to Venezuela in COVID fight - Reuters",U.S. Special Representative for Venezuela Elliott Abram called on Russia and China on Thursday to provide more humanitarian aid aid to their ally Venezuela in the fight against the growing COVID-19 epidemic there.,https://www.reuters.com/article/us-venezuela-politics-us-envoy-idUSKBN23W2HW,https://s4.reutersmedia.net/resources_v2/images/rcom-default.png,2020-06-25T15:15:00Z,"GENEVA (Reuters) - U.S. Special Representative for Venezuela Elliott Abram called on Russia and China on Thursday to provide more humanitarian aid aid to their ally Venezuela in the fight against the growing COVID-19 epidemic there. 
“We would like to see them contribute more on the humanitarian side. There have been, I believe, some contribution of goods with respect to COVID-19 by Russia and China,” Abram told a diplomatic event organised by the U.S. mission to the U.N. in Geneva. “But the scale, the dollar amount of this aid, is really quite low in comparison to the needs.” 
Abram said opposition leader Juan Guaido and his interim government would soon provide $20 mln in assets to which they had access in the United States to the Pan-American Health Organisation and other aid groups. “We are nearing fruition on that plan which was slowed down by the regime,” he said. 
Reporting by Stephanie Nebehay; Editing by Gareth Jones"
