,source,author,title,description,url,urlToImage,publishedAt,content
0,"{'id': 'reuters', 'name': 'Reuters'}",Kate Abnett,Germany takes EU reins to steer towards green COVID-19 recovery - Reuters UK,"Germany will use its upcoming presidency of the European Union to steer the bloc towards a climate-friendly economic recovery from the COVID-19 pandemic, the country's environment minister said on Tuesday.",https://uk.reuters.com/article/uk-eu-environment-germany-idUKKBN23U29X,https://s3.reutersmedia.net/resources/r/?m=02&d=20200623&t=2&i=1523205854&w=1200&r=LYNXMPEG5M1C7,2020-06-23T14:16:00Z,"(Reuters) - Germany will use its upcoming presidency of the European Union to steer the bloc towards a climate-friendly economic recovery from the COVID-19 pandemic, the country’s environment minister said on Tuesday. 
“We always have to keep the big picture in mind. Europe wants to become the first greenhouse gas-neutral continent by 2050. This is the most crucial thing that we can do for future generations,” Svenja Schulze said ahead of a meeting of EU environment ministers. 
Germany takes over the rotating EU presidency on July 1 and will chair meetings of EU ministers until the end of the year. 
The European Commission has said spending from its proposed 750 billion euro ($846.38 billion) coronavirus recovery fund must “do no harm” to the bloc’s green goals. It has earmarked funding for electric vehicles and low-carbon hydrogen fuel - areas also in line for support from Germany’s national stimulus package. 
Schulze called the Commission proposal a “good basis” for the EU’s economic recovery, which she said must be “socially fair and ecologically sound”. 
She said priorities during Germany’s presidency would be agreeing an EU biodiversity strategy, a law to make long-term emissions targets legally binding, and increasing the bloc’s 2030 climate target to a 50% or 55% emissions reduction against 1990 levels. 
Tough talks lie ahead. Bulgaria said on Tuesday it could not achieve a higher 2030 climate goal, while Slovenia called the Commission’s biodiversity plan to protect 30% of EU land “rather impossible”. 
The EU had hoped to coax China, the world’s biggest emitter, into raising its emissions-cutting ambitions at a joint summit in Leipzig in September, ahead of a crucial U.N. climate summit in November. 
But with both events delayed, the EU’s immediate climate focus has shifted to rebuilding its virus-battered economy without compromising its green goals. 
Reporting by Kate Abnett; editing by Barbara Lewis, Kirsten Donovan"
1,"{'id': 'reuters', 'name': 'Reuters'}",Lisa Shumaker,Texas Children's Hospital admitting adults as coronavirus surges in Houston - Reuters India,"A Texas children's hospital is admitting adult coronavirus patients due to a spike in serious COVID-19 cases in the Houston area, while a dozen other states from Florida to California grapple with a surge in infections.",https://in.reuters.com/article/uk-health-coronavirus-usa-idINKBN23U2QT,https://s4.reutersmedia.net/resources/r/?m=02&d=20200623&t=2&i=1523222749&w=1200&r=LYNXMPEG5M1LU,2020-06-23T16:32:00Z,"(Reuters) - A Texas children’s hospital is admitting adult coronavirus patients due to a spike in serious COVID-19 cases in the Houston area, while a dozen other states from Florida to California grapple with a surge in infections. 
“We know COVID-19 has not gone away. We implore you to take responsible actions practice appropriate social distancing, wear a mask or face covering anytime you leave your home,” the Texas Children’s Hospital said in a statement, without specifying how many coronavirus patients they admitted. 
Texas reported over 5,000 new infections on Monday, a single-day record for the state. It has also seen COVID-19 hospitalizations hit record highs for 11 days in a row. 
Arizona and Nevada reported record increases in new cases on Tuesday after recording all-time highs last week, according to a Reuters tally. 
The United States recorded a 25% increase in new cases of COVID-19 in the week ended June 21, compared to the previous seven days, as Arizona and Florida joined Texas with record surges in new infections, a Reuters analysis found. 
Ten states, including Texas, reported weekly new infection increases of more than 50%, according to the analysis of data from The COVID Tracking Project https://covidtracking.com, a volunteer-run effort to track the outbreak. 
While most states are increasing testing, the number of tests coming back positive is rising. At least four states are averaging double-digit rates in the percentage of tests that are positive for the virus: Arizona at 20%, Florida and Utah both at 11%, and Texas at 10%. By contrast, New York, formerly the epicenter of the U.S. outbreak, has been reporting positive test rates of around 1%. 
The World Health Organization considers positivity rates above 5% to be especially concerning. 
(Open tmsnrt.rs/2WTOZDR in an external browser for a Reuters interactive) 
President Donald Trump on Tuesday held fast to his claim that the spike in U.S. cases in multiple states was due to testing, not increased spread of the disease. 
“Cases are going up in the U.S. because we are testing far more than any other country, and ever expanding. With smaller testing we would show fewer cases!” he tweeted. 
Many of these states are also seeing record hospitalizations - a metric not affected by increased testing. 
The president will speak with students in Phoenix on Tuesday after holding his first campaign rally in months in Oklahoma over the weekend. 
Former Vice President Joe Biden, who is expected to challenge Trump in the Nov. 3 election, called the president’s plans to speak to thousands of supporters in Phoenix “reckless and irresponsible” at a time when the number of people hospitalized with the coronavirus in Arizona is continuing to rise. 
Reporting by Karen Pierog in Chicago and Susan Heavey and Lisa Lambert in Washington; Writing by Lisa Shumaker; Editing by Bill Berkrot"
2,"{'id': 'reuters', 'name': 'Reuters'}",Reuters Editorial,India's Hetero prices experimental COVID-19 drug remdesivir at $71 per 100 mg vial - Reuters,"India's Hetero Labs Ltd has priced its generic version of remdesivir, Gilead's experimental COVID-19 drug, at 5,400 rupees ($71) per 100-milligram vial, the drugmaker said on Wednesday, as it prepares to ship them to hospitals in the country.",https://www.reuters.com/article/us-health-coronavirus-hetero-labs-idUSKBN23V1MA,https://s3.reutersmedia.net/resources/r/?m=02&d=20200624&t=2&i=1523320261&w=1200&r=LYNXMPEG5N18P,2020-06-24T11:25:00Z,"BENGALURU (Reuters) - India’s Hetero Labs Ltd has priced its generic version of remdesivir, Gilead’s experimental COVID-19 drug, at 5,400 rupees ($71) per 100-milligram vial, the drugmaker said on Wednesday, as it prepares to ship them to hospitals in the country. 
The privately held company said it would supply 20,000 vials of the drug. Fellow Indian drug firm Cipla Ltd had said on Tuesday that its own version of the antiviral drug remdesivir would be priced below 5,000 rupees. 
Cipla and Hetero are among a bevy of drugmakers which have licensing agreements with U.S.-based Gilead Sciences Inc, the original manufacturer of remdesivir, to make and sell the drug in 127 low- and middle-income countries. 
India has approved the generic versions made by Cipla and Hetero for restricted emergency use in severe COVID-19 cases. 
The treatment was the first to show improvement in trials on COVID-19 patients and has won approval for emergency use in severely ill patients in the United States and South Korea, and received full approval in Japan. It is yet to be priced in the United States. 
India, the fourth worst hit nation by the coronavirus, reported a total of 456,183 infections and 14,476 deaths on Wednesday. 
Reporting by Sachin Ravikumar; Editing by Arun Koyyur"
3,"{'id': 'reuters', 'name': 'Reuters'}",Reuters Editorial,Fulcrum Therapeutics begins trial of muscle disorder drug for COVID-19 - Reuters,"Fulcrum Therapeutics Inc said on Wednesday it has started the late-stage trial of its experimental muscle disorder drug, losmapimod, in high-risk hospitalized adults tested positive for COVID-19.",https://www.reuters.com/article/us-health-coronavirus-fulcrum-idUSKBN23V1MJ,https://s4.reutersmedia.net/resources_v2/images/rcom-default.png,2020-06-24T11:25:00Z,"(Reuters) - Fulcrum Therapeutics Inc said on Wednesday it has started the late-stage trial of its experimental muscle disorder drug, losmapimod, in high-risk hospitalized adults tested positive for COVID-19. 
The company expects to report topline data in the first quarter of 2021. 
Fulcrum said it had exclusively in-licensed losmapimod from GlaxoSmithKline PLC last year. 
Reporting By Mrinalika Roy in Bengaluru, Editing by Sherry Jacob-Phillips"
4,"{'id': 'reuters', 'name': 'Reuters'}",Reuters Editorial,CANADA STOCKS-TSX futures fall on weaker oil prices - Reuters,"Canada's main stock index future fell on Wednesday, weighed down by weaker oil prices as worries about a second wave of COVID-19 infections and record high inventories outweighed signs of a recovery in fuel demand.",https://www.reuters.com/article/canada-stocks-idUSL4N2E12LN,https://s4.reutersmedia.net/resources_v2/images/rcom-default.png,2020-06-24T11:35:00Z,"June 24 (Reuters) - Canada’s main stock index future fell on Wednesday, weighed down by weaker oil prices as worries about a second wave of COVID-19 infections and record high inventories outweighed signs of a recovery in fuel demand. 
The rising number of coronavirus cases in the United States, China, Latin America and India has raised concerns among investors that it could derail the global economic recovery. 
September futures on the S&amp;P/TSX index were down 0.87% at 7:00 a.m. ET. 
On Tuesday, the Toronto Stock Exchange’s S&amp;P/TSX composite index ended 0.31% higher at 15,564.75. 
Dow Jones Industrial Average e-mini futures were down 0.84%, while S&amp;P 500 e-mini futures were 0.74% lower and Nasdaq 100 e-mini futures were down 0.43%. 
TOP STORIES 
Barrick Gold Corp will lay off most staff at its Porgera gold mine in Papua New Guinea, the mine’s operator said, a signal that an impasse with the government over ownership is unlikely to be resolved swiftly. 
ANALYST RESEARCH HIGHLIGHTS 
Cenovus Energy Inc: Citigroup raises price target to C$9 from C$7 
Evertz Technologies Ltd: RBC cuts target price to C$14 from C$17 
Horizon North Logistics Inc: Scotiabank raises rating to “sector outperform” from “sector perform” 
COMMODITIES AT 7:00 a.m. ET 
Gold futures: $1,784.3; +0.57% 
US crude: $39.56; -2.01% 
Brent crude: $41.89; -1.74% 
U.S. ECONOMIC DATA DUE ON WEDNESDAY 
0900 Monthly home price MM for Apr: Prior 0.1% 
0900 Monthly home price YY for Apr: Prior 5.9% 
0900 Monthly Home Price Index for Apr: Prior 287.9 
FOR CANADIAN MARKETS NEWS, CLICK ON CODES: 
TSX market report 
Canadian dollar and bonds report 
Reuters global stocks poll for Canada 
Canadian markets directory ($1= C$1.36) (Reporting by Amal S in Bengaluru; Editing by Subhranshu Sahu)"
5,"{'id': 'reuters', 'name': 'Reuters'}",Sudip Kar-Gupta,Sanofi clinches $2 billion vaccines deal with Translate Bio - Reuters Canada,"French drugmaker Sanofi has agreed a potential $2 billion deal with U.S. biotech company Translate Bio to make vaccines, expanding their collaboration in development of an inoculation against COVID-19.",https://ca.reuters.com/article/businessNews/idCAKBN23U0O2,https://s2.reutersmedia.net/resources/r/?m=02&d=20200623&t=2&i=1523184944&w=1200&r=LYNXMPEG5M0O3,2020-06-23T11:12:00Z,"PARIS (Reuters) - French drugmaker Sanofi (SASY.PA) has agreed a potential $2 billion deal with U.S. biotech company Translate Bio (TBIO.O) to make vaccines, expanding their collaboration in development of an inoculation against COVID-19. 
The deal strengthens Sanofi’s credentials in a market engaged in a frantic race to find a safe and effective vaccine against the coronavirus disease that has killed more than 472,000 worldwide. 
The companies said they would expand their partnership to develop a wide range of mRNA vaccines. The mRNA (messenger ribonucleic acid) technology, an area of Translate Bio expertise, instructs human cells to make specific proteins that produce an immune response to a disease. 
The deal will give Sanofi about 7.2% of Translate Bio and exclusive worldwide rights to develop, manufacture and sell infectious disease vaccines using the U.S. company’s technology. 
Sanofi expects its mRNA COVID-19 vaccine candidate to enter clinical trials by the end of the year and, if successful, gain regulatory approval in the second half of 2021. 
The group is also working on another COVID-19 vaccine with Britain’s GlaxoSmithKline (GSK.L), targeting approval in the first half of next year. 
Translate Bio, meanwhile, will receive an upfront payment of $425 million, comprising $300 million in cash and a common stock investment of $125 million through a private placement at $25.59 per share - a 57.6% premium to Monday’s closing price of $16.24. 
The U.S. biotech specialist will also be eligible for further potential milestone and other payments of up to $1.9 billion, the companies said. 
The deal makes Sanofi its fourth-largest shareholder, Refinitiv data shows. 
Sanofi last month sold most of its 20.6% stake in U.S. partner Regeneron (REGN.O) for more than $11 billion and said it would use the money for innovation and general growth, with financial sources telling Reuters they expected the group to engage in a series of smaller deals rather than a large acquisition. 
Reporting by Sudip Kar-Gupta; Writing by Matthias Blamont; Editing by David Goodman"
6,"{'id': 'reuters', 'name': 'Reuters'}",Reuters Editorial,EU delays greater competition in derivatives market by a year - Reuters,The European Union said it has delayed the introduction of rules aimed at increasing competition in derivatives clearing after concerns that the COVID-19 pandemic has hindered market preparations.,https://www.reuters.com/article/us-eu-derivatives-idUSKBN23V1UZ,https://s4.reutersmedia.net/resources_v2/images/rcom-default.png,2020-06-24T12:52:00Z,"LONDON (Reuters) - The European Union said it has delayed the introduction of rules aimed at increasing competition in derivatives clearing after concerns that the COVID-19 pandemic has hindered market preparations. 
Representatives of EU states and the European Parliament cited “adverse circumstances arising from the COVID-19 pandemic”, a statement from the Council of EU states said. 
The rules would allow market participants to choose where they want to clear their listed derivatives trades, pitting clearers like the London Stock Exchange’s (LSE.L) LCH, Deutsche Boerse’s (DB1Gn.DE) Eurex, and ICE (ICE.N) against each other. 
The rules, part of the EU’s MiFID II securities law, were due to come into force on July 4 and will now be delayed a year until July 4, 2021. 
They were controversial in the making, with lawmakers’ concerns over the potential impact on financial stability disputed by proponents of greater competition in markets. 
The European Securities and Markets Authority said on June 11 that market disruption from COVID-19 could increase operational risks by limiting the capacity of clearers to assess access requests and manage the migration of transactions. 
Britain’s Financial Conduct Authority said it backed ESMA’s stance. 
Clearing houses ensure a securities transaction is completed even if one side of the deal goes bust. 
Reporting by Huw Jones; Editing by Gareth Jones"
7,"{'id': 'reuters', 'name': 'Reuters'}",Reuters Editorial,Mercuria sees oil stock draws of 2 mln bpd in July - CEO - Reuters UK,"Energy trader Mercuria expects oil stock draws to be around 2 million barrels per day from July as the global economy restarts after COVID-19 lockdowns, its chief executive told a Reuters webinar on Wednesday.",https://uk.reuters.com/article/global-oil-mercuria-idUKL8N2E13GU,https://s4.reutersmedia.net/resources_v2/images/rcom-default.png,2020-06-24T12:43:00Z,"LONDON, June 24 (Reuters) - Energy trader Mercuria expects oil stock draws to be around 2 million barrels per day from July as the global economy restarts after COVID-19 lockdowns, its chief executive told a Reuters webinar on Wednesday. 
Mercuria’s CEO Marco Dunand said he saw the current oil surplus was around 800 million barrels versus last year, including 200 million barrels held by governments. 
Dunand said he expected to see a price floor at around $40 a barrel in 2021. (Reporting by Julia Payne, editing by Louise Heavens)"
8,"{'id': 'reuters', 'name': 'Reuters'}",Ian Ransom,Australia to take 'learnings' from Adria Tour shutdown - official - Reuters UK,"Tennis Australia will take ""a fair few learnings"" from the abandoned Adria Tour, a senior TA official told Reuters on Wednesday, after the exhibition series ended abruptly amid a slew of COVID-19 infections to players and staff.",https://uk.reuters.com/article/uk-health-coronavirus-tennis-australia-idUKKBN23V1B6,https://s3.reutersmedia.net/resources/r/?m=02&d=20200624&t=2&i=1523308801&w=1200&r=LYNXMPEG5N10J,2020-06-24T09:38:10Z,"MELBOURNE (Reuters) - Tennis Australia will take “a fair few learnings” from the abandoned Adria Tour, a senior TA official told Reuters on Wednesday, after the exhibition series ended abruptly amid a slew of COVID-19 infections to players and staff. 
World number one Novak Djokovic confirmed he had contracted COVID-19 on Tuesday, becoming the fourth player infected during the Balkan series, which featured heaving crowds and players partying without social distancing. 
“There were a fair few learnings that have come out of that (Adria Tour),” TA’s Chief Operating Officer Tom Larner said. 
“And whilst, certainly the whole event was actually really well-intentioned in terms of raising money for charity, the execution was clearly not great, as were the processes in place.” 
The U.S. Open is the next Grand Slam on the calendar, to be held as scheduled from Aug. 31 in New York, with no crowds and under strict biosecurity protocols. 
Australia, with 7,500 infections and 103 deaths, has been relatively successful in containing COVID-19 but fears of a second wave are growing with several clusters breaking out across Melbourne, the Australian Open’s home city. 
Professional tennis returns in Australia this weekend with the A$450,000 ($311,000) UTR Pro Series and TA are taking no chances. The series will be held at closed venues and players interaction will be limited, measures that could be in place at Melbourne Park in January if necessary. 
“I think it will be great preparation for us and the playing group,” Larner said of planning for the series. 
“We obviously knew, as the government indicated, that there’s a risk of the virus flaring up again in Australia. 
“We’ve been working with our chief medical officer Carolyn Broderick in the development of our biosecurity plan ... how we keep players safe and how we ensure there’s minimal cross-over or interaction.” 
Social restrictions have eased in Australia but Victoria has reimposed some after the COVID-19 spike in Melbourne. 
Sports events in Victoria remain closed to the public but other states with lower infection rates are allowed to have crowds of up to 20,000 attend venues. 
Larner said Australian Open organisers had no scenario planning which involved moving the Grand Slam or other warmup events to other parts of the country to reduce COVID-19 risks or give fans access to tennis. 
He added that organisers were confident they could allow fans to safely attend the Australian Open even without COVID-19 being eradicated in Melbourne so long as their movement and spacing could be controlled effectively. 
On the players’ side TA have had positive feedback, Larner said. 
“With some doubt around the back end of the season, we’ve had a lot of players talk to us about coming out to Australia early in December or even November to actually go through whatever quarantining is required at that point of time,” he said. 
“What we’ll see, hopefully, is actually really strong player fields leading into the Australian Open.” 
($1 = 1.4459 Australian dollars) 
Reporting by Ian Ransom; Editing by Peter Rutherford"
9,"{'id': 'reuters', 'name': 'Reuters'}",Mark Gleeson,Next year's Africa Cup of Nations finals could be postponed - Reuters UK,A postponement of January's Africa Cup of Nations finals could be on the cards when the Confederation of African Football (CAF) meet next week in the wake of the COVID-19 pandemic.,https://uk.reuters.com/article/uk-soccer-africa-idUKKBN23X1B9,https://s2.reutersmedia.net/resources/r/?m=02&d=20200626&t=2&i=1523720845&w=1200&r=LYNXMPEG5P0SB,2020-06-26T10:03:00Z,"CAPE TOWN (Reuters) - A postponement of January’s Africa Cup of Nations finals could be on the cards when the Confederation of African Football (CAF) meet next week in the wake of the COVID-19 pandemic. 
The Cup of Nations is set for Cameroon from Jan 9-Feb 6 but appears increasingly under threat as time begins to run out. Qualifying is still far from complete and national team football on the continent is not due to resume before October in the wake of the novel coronavirus outbreak. 
CAF’s executive committee will meet in an online conference on Tuesday to decide what to do, and also set out a possible process for completing this season’s two continental club competitions. 
FIFA’s decision on Thursday to cancel September’s window for national team matches in all regions, except Europe and South America, has left CAF with fewer dates to try and complete the competition’s qualifying campaign and the finalise the field for the 24-team tournament. 
There are still four rounds of qualifiers to play and although they could yet be scheduled for October and November, that would mean having to postpone the start of the group phase of 2022 World Cup qualifiers. 
There is also the squeeze that hosting the Cup of Nations next January would place on domestic competition, with the 2020-21 season in most of Africa’s major leagues set to start late as they seek to first complete current campaigns which have been suspended by the pandemic. Most African leagues are halted mid-season to make space for the Cup of Nations. 
“The Cup of Nations could be pushed back by 12 months,” a senior official told Reuters, asking not to be identified, although general secretary Abdelmounaim Bah told reporters last week the best option remained its current dates. 
CREATIVE PLAN 
The African Champions League and African Confederation Cup were suspended at the semi-final stage and CAF will have to come up with a creative plan to finish the competitions with borders mostly shut, flights suspended and football stopped across the continent because of the pandemic. 
CAF must also decide whether to cancel this year’s African Nations Championship, which was due to be played in Cameroon in April. It is the tournament hosted every two years for quasi national teams made up of home based players only. 
A decision must also be made on the African women’s championship, scheduled for November but with qualification also far from complete. 
But in this case, a postponement looks an easy decision to make because CAF have yet to find a venue for the tournament after Congo withdrew as hosts in July last year. 
Editing by William Maclean"
10,"{'id': 'reuters', 'name': 'Reuters'}",Stephen Nellis,"Apple to close 14 stores in Florida as virus cases rise, total re-closures reaches 32 - Reuters India","Apple Inc said on Thursday that it would close 14 stores in Florida starting Friday due to a rise in COVID-19 cases, bringing its total re-closures to 32 stores in the United States.",https://in.reuters.com/article/health-coronavirus-apple-idINKBN23X0JC,https://s3.reutersmedia.net/resources/r/?m=02&d=20200626&t=2&i=1523694714&w=1200&r=LYNXMPEG5P0D6,2020-06-26T05:19:59Z,"(Reuters) - Apple Inc said on Thursday that it would close 14 stores in Florida starting Friday due to a rise in COVID-19 cases, bringing its total re-closures to 32 stores in the United States. 
The company said earlier this week it would again close seven stores in the Houston area after cases rose there. Last week, it announced a round of shuttering in Florida, Arizona, South Carolina, and North Carolina. 
Apple has 271 stores in the United States, all of which closed in March as the novel coronavirus spread. The company says it is evaluating whether to open or close each store based on local conditions in each community, with stores sometimes open in one part of a U.S. state but closed in another. 
Many but not all of Apple’s U.S. stores have reopened since March. After the closures slated for Friday, more than 200 will be open. 
Reporting by Stephen Nellis in San Francisco; editing by Jonathan Oatis"
11,"{'id': 'reuters', 'name': 'Reuters'}",Reuters Editorial,McCarthy is third PGA Tour player to test positive for COVID-19 - report - Reuters UK,"Denny McCarthy has become the third golfer on the PGA Tour to test positive for COVID-19 and the American has withdrawn from the ongoing Travelers Championship in Cromwell, Connecticut, Golf Channel reported on Friday.",https://uk.reuters.com/article/uk-health-coronavirus-golf-travelers-idUKKBN23X2E4,https://s1.reutersmedia.net/resources/r/?m=02&d=20200626&t=2&i=1523767248&w=1200&r=LYNXMPEG5P1K2,2020-06-26T16:38:00Z,"(Reuters) - Denny McCarthy has become the third golfer on the PGA Tour to test positive for COVID-19 and the American has withdrawn from the ongoing Travelers Championship in Cromwell, Connecticut, Golf Channel reported on Friday. 
Nick Watney was the first Tour player to test positive last week and Cameron Champ did so at a pre-tournament screening this week. 
World number four Brooks Koepka and Northern Ireland’s Graeme McDowell also withdrew from the tournament as a precaution after their caddies tested positive. The two golfers tested negative. 
""I feel OK,"" McCarthy told Golf Channel here ""I woke up in the middle of the night and my body was really achy and sore and figured something was wrong."" 
McCarthy is set to self-isolate for 10 days as per Tour protocols. 
The PGA Tour did not immediately respond when asked by Reuters via email to confirm. 
On Thursday, world number one Rory McIlroy said calls to cancel the Travelers Championship due to the coronavirus were silly as only a “quarter of a percent” of nearly 3,000 tests had been positive. 
Reporting by Rohith Nair in Bengaluru, editing by Ed Osmond"
12,"{'id': 'reuters', 'name': 'Reuters'}",Nathan Allen,"Coronavirus traces found in March 2019 sewage sample, Spanish study shows - Reuters","Spanish virologists have found traces of the novel coronavirus in a sample of Barcelona waste water collected in March 2019, nine months before the COVID-19 disease was identified in China, the University of Barcelona said on Friday.",https://www.reuters.com/article/us-health-coronavirus-spain-science-idUSKBN23X2HQ,https://s4.reutersmedia.net/resources_v2/images/rcom-default.png,2020-06-26T17:22:00Z,"MADRID (Reuters) - Spanish virologists have found traces of the novel coronavirus in a sample of Barcelona waste water collected in March 2019, nine months before the COVID-19 disease was identified in China, the University of Barcelona said on Friday. 
The discovery of virus genome presence so early in Spain, if confirmed, would imply the disease may have appeared much earlier than the scientific community thought. 
The University of Barcelona team, who had been testing waste water since mid-April this year to identify potential new outbreaks, decided to also run tests on older samples. 
They first found the virus was present in Barcelona on Jan. 15, 2020, 41 days before the first case was officially reported there. 
Then they ran tests on samples taken between January 2018 and December 2019 and found the presence of the virus genome in one of them, collected on March 12, 2019. 
“The levels of SARS-CoV-2 were low but were positive,” research leader Albert Bosch was quoted as saying by the university. 
The research has been submitted for a peer review. 
Dr Joan Ramon Villalbi of the Spanish Society for Public Health and Sanitary Administration told Reuters it was still early to draw definitive conclusions. 
“When it’s just one result, you always want more data, more studies, more samples to confirm it and rule out a laboratory error or a methodological problem,” he said. 
There was the potential for a false positive due to the virus’ similarities with other respiratory infections. 
“But it’s definitely interesting, it’s suggestive,” Villalbi said. 
Bosch, who is president of the Spanish Society of Virologists, said that an early detection even in January could have improved the response to the pandemic. Instead, patients were probably misdiagnosed with common flu, contributing to community transmission before measures were taken. 
Prof. Gertjan Medema of the KWR Water Research Institute in the Netherlands, whose team began using a coronavirus test on waste water in February, suggested the Barcelona group needs to repeat the tests to confirm it is really the SARS-CoV-2 virus. 
Spain has recorded more than 28,000 confirmed deaths and nearly 250,000 cases of the virus so far. 
Reporting by Emma Pinedo, Nathan Allen and Inti Landauro, writing by Inti Landauro and Andrei Khalip, Editing by Angus MacSwan"
13,"{'id': 'reuters', 'name': 'Reuters'}",Deena Beasley,Key U.S. medical group adds steroids to COVID-19 treatment guidelines - Reuters,"The Infectious Diseases Society of America (IDSA) has updated its treatment guidelines to include generic steroid pills for patients hospitalized with severe COVID-19, the disease caused by the new coronavirus.",https://www.reuters.com/article/us-health-coronavirus-guidelines-steroid-idUSKBN23X2IE,https://s4.reutersmedia.net/resources_v2/images/rcom-default.png,2020-06-26T17:22:00Z,"(Reuters) - The Infectious Diseases Society of America (IDSA) has updated its treatment guidelines to include generic steroid pills for patients hospitalized with severe COVID-19, the disease caused by the new coronavirus. 
The only other drug the medical group recommends for COVID-19 patients outside of a clinical trial is remdesivir, the intravenous antiviral medication made by Gilead Sciences Inc (GILD.O). 
The IDSA late on Thursday said its change was based on recent data from a United Kingdom study showing that a low-cost and widely used steroid called dexamethasone reduced death rates by around a third among the most severely ill hospitalized COVID-19 patients. 
The group now suggests dexamethasone, or an equivalent steroid such as methylprednisolone or prednisone, for hospitalized COVID-19 patients who require supplemental oxygen, mechanical ventilation or extracorporeal mechanical oxygenation (ECMO). The IDSA does not recommend steroids for COVID-19 patients who do not require supplemental oxygen. 
In patients with severe COVID-19, the immune system can overreact, triggering a potentially harmful cascade. Steroids are an older class of drugs used to suppress that inflammatory response, but they can also make it easier for other infections to take hold - and doctors are leery of their use in a hospital setting, or in patients in earlier stages of the illness when they body’s immune response needs to be on high alert. 
The IDSA recommends remdesivir for hospitalized patients with severe COVID-19, but supplies of the antiviral drug are tight. The guidelines note that remdesivir appears to offer the most benefit for patients who need oxygen, but are not on a ventilator or ECMO. 
Gilead has not yet set a price for remdesivir, which has been available on a limited basis through company donations, compassionate use requests and clinical trials. 
The Institute for Clinical and Economic Review this week suggested a price range for remdesivir of $2,520 to $2,800 per treatment course if dexamethasone becomes a standard treatment for COVID-19. The U.S. price for dexamethasone is around $15 for a 10-day course of treatment. 
Reporting by Deena Beasley; Editing by Tom Brown"
14,"{'id': 'reuters', 'name': 'Reuters'}",Kate Kelland,WHO-led coalition needs $31.3 billion to fight COVID-19 - Reuters India,"A World Health Organization-led coalition fighting the COVID-19 pandemic is asking government and private sector donors to help raise $31.3 billion in the next 12 months to develop and deliver tests, treatments and vaccines for the disease.",https://in.reuters.com/article/health-coronavirus-who-idINKBN23X1XI,https://s2.reutersmedia.net/resources/r/?m=02&d=20200626&t=2&i=1523749254&w=1200&r=LYNXMPEG5P1BI,2020-06-26T14:52:52Z,"LONDON/GENEVA (Reuters) - A World Health Organization-led coalition fighting the COVID-19 pandemic is asking government and private sector donors to help raise $31.3 billion in the next 12 months to develop and deliver tests, treatments and vaccines for the disease. 
Renewing its call on Friday for global collaboration against the pandemic, it said $3.4 billion had been contributed for the coalition to date, leaving a funding gap of $27.9 billion. Of that, $13.7 billion was “urgently needed”. 
The WHO is working with a large coalition of drug-development, funding and distribution organisations under what it calls the ACT-Accelerator Hub. 
The initiative is intended to develop and deliver 500 million COVID-19 tests and 245 million courses of new treatment for the disease to low- and middle-income countries by mid-2021, it said in a statement. 
It also hoping 2 billion vaccines doses, including 1 billion to be bought by low- and middle-income countries, will be available by the end of 2021. 
“SIGNIFICANT” INVESTMENT REQUIRED 
The ACT-Accelerator was launched in April to speed up research and development work on medical tools to tackle COVID-19. On Friday, the WHO said the pandemic was still threatening millions of lives and scores of economies, and urgent work and funds were needed. 
“The investment required is significant, but it pales in significance when compared to the cost of COVID-19,” it said. 
“The total cost of the ACT-Accelerator’s work is less than a tenth of what the IMF estimates the global economy is losing every month due to the pandemic. 468,000 thousand people have already lost their lives.” 
As the race to find a vaccine has accelerated, governments including the United States and in Europe, have rushed to agree advance purchases of promising coronavirus immunisation treatments. 
That has raised concerns about the equitable distribution of and access to supplies of COVID-19 vaccines, tests and treatments, particularly for lower- and middle-income countries. 
WHO chief scientist Souma Swaminathan said the programme had had “really very constructive” engagement with companies about the involvement of the private sector. 
Additional reporting by Ludwig Burger and Matthias Blamont; Writing by Nick Macfie and Josephine Mason; Editing by Giles Elgood and Timothy Heritage"
15,"{'id': 'reuters', 'name': 'Reuters'}",Michael Erman,Hard-hit U.S. states 'surge' hospital intensive care beds as ICU wards fill up - Reuters India,"Some Texas hospitals are running out of intensive care unit (ICU) beds for COVID-19 patients, turning to surge capacity that they expect will let them handle rising virus cases for another couple of weeks.",https://in.reuters.com/article/health-coronavirus-hospitals-idINKBN23X2GS,https://s2.reutersmedia.net/resources/r/?m=02&d=20200626&t=2&i=1523771460&w=1200&r=LYNXMPEG5P1LI,2020-06-26T17:27:09Z,"(Reuters) - Some Texas hospitals are running out of intensive care unit (ICU) beds for COVID-19 patients, turning to surge capacity that they expect will let them handle rising virus cases for another couple of weeks. 
Spikes of cases in several U.S. states including Texas, Arizona and Florida are raising concerns that the United States is relaxing lockdowns too fast and that hospitals may run out of space. Houston has considered turning part of a local stadium complex into excess hospital capacity - but local officials say that’s not currently part of their immediate plans. 
The Texas Medical Center system in Houston was expected to fill its last ICU bed on Thursday, but it has created a COVID “war room” and can handle a 66% surge in additional ICU patients with strategies including reassigning staff, delaying elective procedures, putting beds closer together and using regular beds for emergency use. 
They calculate they will run out of space on July 6 if the current increase in Texas severe cases continues. 
The ICU at nearby Houston Methodist was also nearly full as of Thursday. They are preparing to surge, and said that their experience with coronavirus patients has helped them save beds in the hospital’s ward for the most severe cases. 
“We’re not intubating as many patients, we have lots of drugs like convalescent plasma and remdesivir, and our process of proning patients, (putting them on their stomachs) is allowing us to manage a lot more patients on acute care floors then we were able to do in March and April,” said hospital ICU chief Dr. Faisal Masud. 
In Arizona, adult intensive care beds were 88% occupied statewide as cases continued to surge. 
Arizona’s Governor Doug Ducey said on Thursday that his state has the hospital capacity to handle the influx of patients despite increasing numbers of occupied hospital beds, intensive care beds and ventilators being used. 
“Our hospitals are likely to hit surge capacity very soon,” Ducey said, adding that the state could handle the influx. “Where we are right now and what we expect is manageable.” he said. 
Arizona has the ability to reopen a shuttered hospital and open field hospitals to help handle surges in ill patients. 
In Florida, COVID hospital patients at AdventHealth Systems also are younger than earlier in the pandemic and less likely to need critical care, said Dr. Vincent Hsu, AdventHealth’s infection control officer for Florida. 
“We’re not seeing nearly as sick patients as we had in the first part (of the outbreak),” Hsu said at a news conference. “The patients that are coming in tend to be a little bit younger. And as a result, they don’t tend to utilize the significant ICU resources or the ventilator resources.” 
Ed Jimenez, chief Executive of University of Florida Health’s Shands hospital in Gainesville, said that he could cut the number of patients in his hospital by a third by stopping elective procedures. 
“So we have levers we can pull that slow down the inflow of patients,” Jimenez said. 
Additional reporting by David Scwartz in Arizona and Erwin Seba in Houston; Writing by Peter Henderson; Editing by Jonathan Oatis"
16,"{'id': 'reuters', 'name': 'Reuters'}",Reuters Editorial,Apple and Google still in talks with UK about COVID-19 app technology,Apple and Google said they were continuing to talk to the British government about the technology used in its smartphone COVID-19 contact tracing app as the two companies released the initial version of their own system.,https://www.reuters.com/article/us-health-coronavirus-apps-britain-idUSKBN22W2QM,https://s3.reutersmedia.net/resources/r/?m=02&d=20200520&t=2&i=1519333092&w=1200&r=LYNXMPEG4J1OL,2020-05-20T17:28:18Z,"LONDON (Reuters) - Apple and Google said they were continuing to talk to the British government about the technology used in its smartphone COVID-19 contact tracing app as the two companies released the initial version of their own system. 
Britain has started testing an app that matches contacts on a centralised server rather than the decentralised model favoured by Apple and Google where the matches occur on the users’ device. 
A centralised app can potentially give more insight into outbreaks of COVID-19, but offers less privacy than decentralised rivals, the UK programme’s head said earlier this month. 
Company representatives discussing the release of the Apple-Google exposure notification technology to public health authorities said they remained in conversation with Britain’s health service as it evaluated several different approaches. 
Reporting by Paul Sandle; Editing by Kirsten Donovan"
17,"{'id': 'reuters', 'name': 'Reuters'}",Reuters Editorial,Potential COVID-19 vaccine from China shows promise in animal tests,"A potential COVID-19 vaccine being developed by Chinese researchers showed promise in trials in monkeys, triggering antibodies and raising no safety issues, researchers said, and a human trial with more than 1,000 participants is under way.",https://www.reuters.com/article/us-health-coronavirus-vaccine-idUSKBN23H15J,https://s4.reutersmedia.net/resources/r/?m=02&d=20200610&t=2&i=1521739591&w=1200&r=LYNXMPEG590NW,2020-06-10T08:45:23Z,"BEIJING (Reuters) - A potential COVID-19 vaccine being developed by Chinese researchers showed promise in trials in monkeys, triggering antibodies and raising no safety issues, researchers said, and a human trial with more than 1,000 participants is under way. 
The vaccine candidate, called BBIBP-CorV, induced high-level neutralising antibodies that can block the virus from infecting cells in monkeys, rats, guinea pigs and rabbits, researchers said in a paper published in online by the medical journal Cell on Saturday. 
“These results support the further evaluation of BBIBP-CorV in a clinical trial,” researchers said in the paper.  
BBIBP-CorV, developed by Beijing Institute of Biological Products affiliated to state-owned China National Pharmaceutical Group (Sinopharm), is among five candidates China is testing in humans. 
More than 100 potential COVID-19 vaccines are in various stages of development around the world. Among front runners currently in human trials are being developed by AstraZeneca, Pfizer, BioNtech, Johnson &amp; Johnson, Merck, Moderna, Sanofi and China’s CanSino Biologics. 
As well as appearing safe and able to generate an immune response in animals, BBIBP-CorV did not appear to trigger antibodies that could boost the infection - a phenomenon known as antibody-dependent enhancement (ADE)- the researchers said, although this does not necessarily guarantee ADE won’t occur in human tests. 
Apart from BBIBP-CorV, Sinopharm, which has invested 1 billion yuan ($141.40 million) in vaccine projects, is testing in humans another vaccine candidate developed by its Wuhan-based unit. The two shots have been given to more than 2,000 people in clinical trials. 
Reporting by Roxanne Liu and Tony Munroe; Editing by Kate Kelland and Nick Macfie"
18,"{'id': 'reuters', 'name': 'Reuters'}",Reuters Editorial,India lifts export ban on Trump-touted drug hydroxychloroquine,"India has lifted an export ban on hydroxychloroquine, the anti-malarial drug touted by U.S. President Donald Trump as a potential ""game changer"" in the fight against the COVID-19 pandemic, a minister said late on Wednesday.",https://www.reuters.com/article/us-health-coronavirus-india-pharmaceutic-idUSKBN23I0QP,https://s3.reutersmedia.net/resources/r/?m=02&d=20200611&t=2&i=1521867566&w=1200&r=LYNXMPEG5A0F7,2020-06-11T06:24:27Z,"BENGALURU (Reuters) - India has lifted an export ban on hydroxychloroquine, the anti-malarial drug touted by U.S. President Donald Trump as a potential “game changer” in the fight against the COVID-19 pandemic, a minister said late on Wednesday. 
""Department of Pharmaceuticals has approved the lifting of ban on Export of Hydroxychloroquine API as well as formulations,"" India's minister for chemicals and fertilizers, Sadananda Gowda, said here on Twitter. 
Manufacturers, except export-oriented units and those in special economic zones, would still have to supply 20% of their production to the domestic market, Gowda said. 
The country, a leading exporter of generic medicines across the world, banned the export of the drug and its formulations in March as the coronavirus outbreak disrupted supply chains. 
But India eased some of these restrictions in April and shipped 50 million tablets of the drug to the United States that month, Reuters reported. 
Trump’s championing of hydroxychloroquine had initially raised expectations for the treatment, but conflicting reports of its efficacy have added to confusion about the decades-old drug. 
British scientists last week halted a major trial after it found that the drug was “useless” at treating COVID-19 patients. 
A Lancet medical journal study that found hydroxychloroquine increased the risk of death in COVID-19 patients was withdrawn a week after it led to major trials being halted. 
Meanwhile, the World Health Organization said it will resume its trial of the drug for potential use against the novel coronavirus after those running the study briefly stopped giving it to new patients over health concerns. 
IPCA Laboratories and Cadila Healthcare are two leading Indian manufacturers of the drug. IPCA’s shares were down 1.2%, while Cadila’s stock was up 1% in a broader Mumbai market that was lower on Thursday. [.BO] 
Reporting by Sachin Ravikumar; editing by Uttaresh.V"
19,"{'id': 'reuters', 'name': 'Reuters'}",Francesco Guarascio,Europe sets sights on dud antibody tests amid COVID-19 free-for-all,The market for COVID-19 antibody tests is red-hot. It has ballooned in a matter of months as hundreds of products flood the world for people who want to find out whether they've already had the virus.,https://www.reuters.com/article/us-health-coronavirus-eu-tests-insight-idUSKBN23I0OP,https://s2.reutersmedia.net/resources/r/?m=02&d=20200611&t=2&i=1521866490&w=1200&r=LYNXMPEG5A0E4,2020-06-11T06:08:59Z,"BRUSSELS (Reuters) - The market for COVID-19 antibody tests is red-hot. It has ballooned in a matter of months as hundreds of products flood the world for people who want to find out whether they’ve already had the virus. 
The problem is, some of them don’t work properly. 
As a result, European authorities aim to tighten regulation of the new sector, to weed out tests that give consistently inaccurate results and crack down on companies that make false claims, three sources familiar with the plans told Reuters. 
Much is on the line, even beyond the potential for fraud. 
Governments and companies are relying on these tests to measure how widely the virus has spread as they rush to get their economies and employees back to work and avoid a second wave of infections, even if they do not prove immunity. 
False results could undermine that effort. 
Many people have also been using kits, also known as serological or blood tests, at home or for personal checks in clinics. 
Since April the number of antibody kits carrying the region’s CE mark of quality doubled to more than 200, according to a list compiled by the EU Commission, the EU executive. 
Some of these kits are unreliable, half a dozen national regulators and industry sources across Europe told Reuters. A dozen tests have been subject to regulators’ warnings for mis-selling, including in Spain and Sweden. 
At least nine of them are no longer allowed to be sold in the United States, according to a Reuters analysis of public data from the Food and Drug Administration, which clamped down on the sector last month. 
The EU Commission is now looking at changing the self-certification regime that allows test-makers to label their products with the CE mark themselves, an EU official and two European regulatory sources told Reuters, declining to be named as the plans have not been made public. 
Among changes being examined, companies could be required to have tests reviewed by independent watchdogs before placing the CE mark on them, the sources said. 
That would mark a significant toughening of the current regime, whereby makers merely self-certify compliance with EU safety rules and supervisors can subsequently penalise them if their claims turn out to be false. 
Guidance setting out minimum performance criteria for tests could also be adopted, the two regulatory sources told Reuters. Under current rules, kits can carry a CE mark regardless of their accuracy. 
When asked about the plans, a spokesman for the Commission, the EU executive, said it was “currently considering the best way forward”. 
“We are assessing a number of different instruments available together with member states to see which action is the most appropriate,” he added. 
‘SPENDING LOTS OF MONEY’ 
Scientists have not yet definitively proven whether or how long COVID-19 survivors are immune to new infections, even if they developed antibodies. 
Nevertheless, many people are willing to pay for the tests - and many don’t come cheap, selling for anything from a few euros to more than 150 euros in some private clinics in Europe. 
It’s a potentially lucrative business: testing about 450 million people in the EU would cost billions of euros based on such prices. 
“People might be spending lots of money for nothing,” said Pauline Constant of BEUC, a European consumer organisation. 
Severin Schwan, CEO of Swiss drug giant Roche (ROG.S) which has its own antibody test, sounded an alarm in late April, when he said some tests on the market were a “disaster”. The World Health Organization also warned that tests on the market were not sufficiently reliable and could not prove immunity. 
Such comments were backed up by a study conducted by the Dutch regulator who found in May that none of 16 reviewed tests were trustworthy. 
“The test results are not reliable. The percentage of false positive and false negative results is too high,” the study concluded, without naming the manufacturers. 
“Those tests are quite meaningless,” said a spokesman for the Dutch Health and Youth Care Inspectorate, a part of the health ministry that supervises public health. 
Despite the poor results, clinics and labs in the Netherlands are still allowed to offer these tests. 
INDUSTRY BACKS RULE REVIEW 
Introducing an independent review of products would bring forward an EU reform that had been agreed before the coronavirus crisis but was not due to take effect until 2022. 
In the absence of an EU performance standard for tests, France has already set its own thresholds. About 60 kits have met the country’s requirement of at least 90% of correct positive results, a measure known as sensitivity, and 98% of correct negative results, so-called specificity. 
Under current EU rules, overseen and enforced by national watchdogs, manufacturers must seek authorisation before using the CE mark only for so-called home or self-tests, which are those who can be performed at home without professional advice. 
About a dozen antibody devices have been unlawfully marketed as CE-marked self-tests without prior authorisation, according to the Spanish and Swedish regulators. 
Low performance is not in itself illegal and has been tolerated in Europe in the initial phase of the COVID-19 crisis because tests were rare. But companies cannot exaggerate the accuracy of their devices. 
An official at the Swedish regulator said the body had yet to start performance checks, while two pharmaceutical industry sources said such checks were rare in Europe. 
There is however a balance to be struck on regulation, according to industry experts who worry that if new rules are too strict or onerous they could delay the deployment of tests to conduct large-scale epidemiological surveys. 
But greater scrutiny could help improve the tarnished reputation of the sector. 
MedTechEurope, the trading body for medical technology firms including Abbott (ABT.N), Roche (ROG.S) and Siemens Healthineers (SHLG.DE), backed plans to review industry regulations. 
“We support the intention of these plans, and would welcome the opportunity to provide the industry’s input into this debate on how to best ensure only well-performing tests are on the market,” it said. 
Reporting by Francesco Guarascio @fraguarascio; Additional reporting by Emma Pinedo in Madrid, Caroline Humer in New York and Matthias Blamont in Paris; Editing by Josephine Mason and Pravin Char"
