,source,author,title,description,url,urlToImage,publishedAt,content
0,"{'id': 'reuters', 'name': 'Reuters'}",Reuters Editorial,Macy's to slash workforce by 3900 - Reuters,"Macy's announced it would lay off about 3,900 employees in corporate and management positions to help lighten the strain of falling sales due the COVID-19 pandemic. Conway G. Gittens has more.",https://www.reuters.com/video/watch/idP$$S?now=true,https://ajo.prod.reuters.tv/api/v2/img/5ef4d247e4b04f7ff7c2726a-1593102919045?location=LANDSCAPE,2020-06-25T17:19:54Z,"Posted 
Macy's announced it would lay off about 3,900 employees in corporate and management positions to help lighten the strain of falling sales due the COVID-19 pandemic. Conway G. Gittens has more."
1,"{'id': 'reuters', 'name': 'Reuters'}",Reuters Editorial,John Menzies CEO exits to join Glenfiddich owner - Reuters India,"Airport services group John Menzies said on Friday Chief Executive Officer Giles Wilson will resign, with Chairman Philipp Joeinig taking a more active role as the firm navigates a tough period amid the COVID-19 pandemic.",https://in.reuters.com/article/john-menzies-ceo-idINKBN23X1LY,https://s4.reutersmedia.net/resources_v2/images/rcom-default.png,2020-06-26T11:48:00Z,"(Reuters) - Airport services group John Menzies said on Friday Chief Executive Officer Giles Wilson will resign, with Chairman Philipp Joeinig taking a more active role as the firm navigates a tough period amid the COVID-19 pandemic. 
Wilson will join William Grant &amp; Sons, the owner of Glenfiddich whisky and Hendrick’s gin, as chief financial officer in the end of August, John Menzies said in a statement. 
John Menzies, which offers ground handling, fuelling and cargo handling services for airlines, said Wilson will not be replaced. It added that senior executives including chief operating officer and chief financial officer will take on more responsibilities. 
Wilson joined Edinburgh-based Menzies in 2011 and held a variety of senior roles, including a CFO stint. Wilson became interim CEO in March 2019 and was made permanent three months later. 
Earlier this month, John Menzies said it expects flight activity to recover from early July following a slump in air travel globally on the back of the coronavirus outbreak. 
In March, the company said it has furloughed more than half its global workforce to cope with the impact of the pandemic-related slump in travel. 
Reporting by Aniruddha Ghosh and Aby Jose Koilparambil in Bengaluru, Editing by Sherry Jacob-Phillips and Saumyadeb Chakrabarty"
2,"{'id': 'reuters', 'name': 'Reuters'}",Reuters Editorial,Nike swings to quarterly loss due to COVID-19 impact - Reuters UK,"Nike Inc on Thursday reported a fourth-quarter loss, as retailers had to shut stores for weeks due to lockdowns spurred by the COVID-19 pandemic, sending shares of the world's largest footwear company down 3.3% in extended trading.",https://uk.reuters.com/article/uk-nike-results-idUKKBN23W39W,https://s2.reutersmedia.net/resources/r/?m=02&d=20200625&t=2&i=1523655499&w=1200&r=LYNXMPEG5O2DE,2020-06-25T20:28:00Z,"(Reuters) - Nike Inc (NKE.N) on Thursday reported a fourth-quarter loss, as retailers had to shut stores for weeks due to lockdowns spurred by the COVID-19 pandemic, sending shares of the world’s largest footwear company down 3.3% in extended trading. 
The company’s net loss came in at $790 million, or 51 cents per share, compared with a profit of $989 million, or 62 cents per share, a year earlier. 
Revenue fell 38% to $6.31 billion in the quarter ended May 31. Analysts on average had expected $7.32 billion, according to IBES data from Refinitiv. 
Reporting by Nivedita Balu in Bengaluru; Editing by Maju Samuel"
3,"{'id': 'reuters', 'name': 'Reuters'}",Kate Kelland,"Severe COVID-19 can damage the brain, preliminary study finds - Reuters","A preliminary study of patients hospitalised with COVID-19 has found the disease can damage the brain, causing complications such as stroke, inflammation, psychosis and dementia-like symptoms in some severe cases.",https://www.reuters.com/article/us-health-coronavirus-brain-idUSKBN23W3IH,https://s4.reutersmedia.net/resources/r/?m=02&d=20200625&t=2&i=1523666991&w=1200&r=LYNXMPEG5O2KW,2020-06-25T22:36:00Z,"LONDON (Reuters) - A preliminary study of patients hospitalised with COVID-19 has found the disease can damage the brain, causing complications such as stroke, inflammation, psychosis and dementia-like symptoms in some severe cases. 
The findings are the first detailed look at a range of neurological complications of COVID-19, the researchers said, and underline a need for larger studies to find the mechanisms behind them and assist the search for treatments. 
“This (is) an important snapshot of the brain-related complications of COVID-19 in hospitalised patients. It is critically important that we continue to collect this information to really understand this virus fully,” said Sarah Pett, a University College London professor who co-led the work. 
The study, published in the Lancet Psychiatry journal on Thursday, looked in detail at 125 cases from across the UK. Co-lead researcher Benedict Michael, from Liverpool University, said it was important to note that it focused on severe cases. 
Data was collected between April 2 and April 26 - when the disease was spreading exponentially in the UK. 
The most common brain complication seen was stroke, which was reported in 77 of 125 patients. Of these, most were in patients over 60, and most were caused by a blood clot in the brain, known as an ischaemic stroke. 
The study also found that 39 of the 125 patients showed signs of confusion or changes in behaviour reflecting an altered mental state. Of these, nine had unspecified brain dysfunction, known as encephalopathy, and seven had inflammation of the brain, or encephalitis. 
Michael said the findings were an important early step towards defining COVID-19’s effect on the brain. “We now need detailed studies to understand the possible biological mechanisms ... so we can explore potential treatments,” he said. 
Reporting by Kate Kelland; Editing by Kevin Liffey"
4,"{'id': 'reuters', 'name': 'Reuters'}",Alan Baldwin,Bubbles within bubbles as F1 teams gear up for season start - Reuters,Formula One teams will operate in bubbles within bubbles when the season starts behind closed doors in Austria next week after being stalled since March due to the COVID-19 pandemic.,https://www.reuters.com/article/us-motor-f1-ferrari-idUSKBN23W3KS,https://s4.reutersmedia.net/resources/r/?m=02&d=20200625&t=2&i=1523670345&w=1200&r=LYNXMPEG5O2LR,2020-06-25T23:11:00Z,"LONDON (Reuters) - Formula One teams will operate in bubbles within bubbles when the season starts behind closed doors in Austria next week after being stalled since March due to the COVID-19 pandemic. 
There will be no spectators, no sponsors or VIP guests wandering the paddock and limited social interaction even between team mates. 
Ferrari sporting director Laurent Mekies reckons the biggest challenge, for his mechanics at least, could be having to wear face masks at all times in the heat and tight confines of the garage. 
“We have been starting to get used to it all of us now, because it’s becoming part of our normal life,” the Frenchman told reporters in a video call ahead of the July 5 opener to discuss the ‘new normal’ and safety protocols. 
“Here at Ferrari it’s compulsory, so we wear it (the mask) at all times in the factory... but it’s one thing to wear it in the office environment, another to wear it when it would be 40 degrees at the racetrack.” 
Ferrari will try to schedule regular breaks for breathing exercises. 
Formula One will have three races on successive weekends to get the season started, with two at Spielberg’s Red Bull Ring before moving on to Hungary. Others will then follow in quick succession. 
Teams are limited to 80 people each, with everyone having to register a negative COVID-19 test less than four days before arriving in Austria. 
Testing will then be conducted every five days, rather than the two initially mooted. 
“The Formula One paddock will be a bubble,” said Mekies. “But inside... you will have an individual bubble for each team with pretty much no or minimum interaction between a bubble or a team and another. 
“So you will not see, as we all like and as you used to see, people from a team having a casual chat with people from another team. 
“Inside the team bubble, which is inside the F1 bubble, we will also do more bubbles,” added the Frenchman. 
“So you will have probably the car 16 (Charles Leclerc) bubble and the car 5 (Sebastian Vettel) bubble and inside them probably engineers and mechanics and so forth.” 
The separation means anyone who tests positive will have had limited contact with others, with tested stand-ins ready to be slotted in if needed. 
Team members will also either spend their time at the track or hotel, with no going out. 
Reporting by Alan Baldwin, editing by Ken Ferris"
5,"{'id': 'reuters', 'name': 'Reuters'}",Liz Hampton and Jennifer Hiller,UPDATE 1-Oil firms slam brakes on return-to-work as virus cases soar - Reuters Africa,U.S. energy companies slammed the brakes on returning staff to their Houston offices as COVID-19 cases soared and top hospitals warned they could soon run out of beds for the most severely ill patients.,https://af.reuters.com/article/commoditiesNews/idAFL4N2E23N1,https://s4.reutersmedia.net/resources_v2/images/rcom-default.png,2020-06-25T23:38:00Z,"(Adds Calpine postpones reopening, cases up sharply Thursday) 
By Liz Hampton and Jennifer Hiller 
HOUSTON, June 24 (Reuters) - U.S. energy companies slammed the brakes on returning staff to their Houston offices as COVID-19 cases soared and top hospitals warned they could soon run out of beds for the most severely ill patients. 
Texas officials imposed restrictions as new cases in the state topped 5,000 on three consecutive days as of Thursday. Intensive care unit (ICU) beds were 97% full at Houston’s Texas Medical Center, which said it may soon move to increase ICU capacity assignments, officials said. 
Texas Governor Greg Abbott has announced a phased reopening of shops, bars and amusement parks from May 1, and businesses have rolled out their own office restarts. But on Wednesday, he warned of a “massive outbreak” and urged people to stay at home. 
Many energy firms qualify as essential, and therefore are free to staff normally, but the surge in illness and hospitalizations has prompted large employers to delay or halt openings. 
Halliburton Co, the second-largest U.S. oilfield service company by revenue, delayed for two weeks a second phase of its return-to-work plan, and power producer Calpine pushed back the start of returning non-essential workers to offices until August from July 6, representatives for the two companies said. 
Chevron also has delayed its reopening plans for further evaluation, said spokesman Sean Comey. About 5% of its Houston office staff and about 2% of its San Ramon, California, workforce are in their offices now, he said. 
Midcoast Energy, a natural gas pipeline company, reopened on June 1 but sent Houston employees home three weeks later after two tested positive for the virus, said a person familiar with the matter. President Robert Bond did not respond to requests for comment. 
Exxon Mobil, Phillips 66 and ConocoPhillips returned some white-collar workers to their campuses in May or this month. Exxon will remain below 50% capacity at its Houston-area facility, a spokesman said. Conoco is prepared to change its return-to-office plan if needed, a spokesman said. 
Phillips 66 said the vast majority of its staff had returned and would remain working from their offices. 
“We are a critical infrastructure industry and have an ongoing obligation to continue operating,” spokesman Joe Gannon said, noting that the company follows Centers for Disease Control and government advisories. (Reporting by Liz Hampton, Jennifer Hiller, Erwin Seba and Gary McWilliams; editing by Richard Pullin and Richard Chang)"
6,"{'id': 'reuters', 'name': 'Reuters'}",Pratima Desai,GRAPHIC-Shrinking aerospace demand to keep pressure on cobalt prices - Reuters,Cobalt prices are at 10-month lows due to sagging demand from the electric vehicle and aerospace sectors amid the COVID-19 pandemic and look likely to slide further as airlines defer maintenance.,https://uk.reuters.com/article/uk-health-coronavirus-cobalt-idUKKBN23X15S,https://s4.reutersmedia.net/resources_v2/images/rcom-default.png,2020-06-26T08:42:00Z,"LONDON (Reuters) - Cobalt prices are at 10-month lows due to sagging demand from the electric vehicle and aerospace sectors amid the COVID-19 pandemic and look likely to slide further as airlines defer maintenance. 
Airlines such as Australia’s Qantas (QAN.AX), Qatar Airways and Singapore Airlines are looking to defer plane deliveries from Airbus (AIR.PA) and Boeing (BA.N) and this means postponed demand for cobalt and nickel alloys used in jet turbine blades. 
(GRAPHIC: Cobalt demand from aerospace - here) 
But this is only part of the story. 
“The harsh high temperature and pressure environments of the jet engine necessitates regular replacement of turbine blades,” said CRU analyst George Heppel. “But planes are grounded, turbine blades aren’t being used and don’t need replacing.” 
Heppel expects cobalt demand for aerospace rotating parts to total 4,442 tonnes this year, a drop of 18% from 2019 and the lowest since 2011. Overall, he forecasts a 6,300 tonne surplus this year and global consumption at 131,800 tonnes. 
(GRAPHIC: Cobalt market balance - here) 
Prices of cobalt metal, at around $30,000 a tonne, are down more than 15% since early February and are the lowest since last August. As surpluses become more visible lower levels are expected. 
(GRAPHIC: Cobalt prices - here) 
Roskill analyst Ying Lu said recent price convergence between higher grade cobalt metal used for alloys and standard grade was a signal of weak demand from the aerospace sector. She expects a relatively balanced market this year compared with a 10,000 tonne surplus last year. 
    “The pandemic has affected demand and supply. Cobalt mined from (Democratic Republic of) Congo is typically exported for refining through Durban in South Africa, where there was lockdown (to halt the spread of the new coronavirus), which created logistical disruptions.” 
Cobalt from the DRC comes in the form of hydroxide, which is turned into chemicals for the lithium-ion batteries used to power electric vehicles. Much of it goes to China, which dominates the supply chain for electric vehicle batteries. 
Falling sales of electric vehicles in China, including by Tesla (TSLA.O) and BYD (002594.SZ) (1211.HK) earlier this year and in the second half of last year, have also weakened cobalt consumption. 
However, demand from the electric vehicle sector, which represents 20% of global demand, is expected to recover at a faster pace than from aerospace due to government incentives to promote clean air initiatives. 
Reporting by Pratima Desai; Editing by Gareth Jones"
7,"{'id': 'reuters', 'name': 'Reuters'}",Michael Erman,Hard-hit U.S. states 'surge' hospital intensive care beds as ICU wards fill up - Reuters,"Some Texas hospitals are running out of intensive care unit (ICU) beds for COVID-19 patients, turning to surge capacity that they expect will let them handle rising virus cases for another couple of weeks.",https://www.reuters.com/article/us-health-coronavirus-hospitals-idUSKBN23X2E0,https://s2.reutersmedia.net/resources/r/?m=02&d=20200626&t=2&i=1523767050&w=1200&r=LYNXMPEG5P1K3,2020-06-26T16:35:00Z,"(Reuters) - Some Texas hospitals are running out of intensive care unit (ICU) beds for COVID-19 patients, turning to surge capacity that they expect will let them handle rising virus cases for another couple of weeks. 
Spikes of cases in several U.S. states including Texas, Arizona and Florida are raising concerns that the United States is relaxing lockdowns too fast and that hospitals may run out of space. Houston has considered turning part of a local stadium complex into excess hospital capacity - but local officials say that’s not currently part of their immediate plans. 
The Texas Medical Center system in Houston was expected to fill its last ICU bed on Thursday, but it has created a COVID “war room” and can handle a 66% surge in additional ICU patients with strategies including reassigning staff, delaying elective procedures, putting beds closer together and using regular beds for emergency use. 
They calculate they will run out of space on July 6 if the current increase in Texas severe cases continues. 
The ICU at nearby Houston Methodist was also nearly full as of Thursday. They are preparing to surge, and said that their experience with coronavirus patients has helped them save beds in the hospital’s ward for the most severe cases. 
“We’re not intubating as many patients, we have lots of drugs like convalescent plasma and remdesivir, and our process of proning patients, (putting them on their stomachs) is allowing us to manage a lot more patients on acute care floors then we were able to do in March and April,” said hospital ICU chief Dr. Faisal Masud. 
In Arizona, adult intensive care beds were 88% occupied statewide as cases continued to surge. 
Arizona’s Governor Doug Ducey said on Thursday that his state has the hospital capacity to handle the influx of patients despite increasing numbers of occupied hospital beds, intensive care beds and ventilators being used. 
“Our hospitals are likely to hit surge capacity very soon,” Ducey said, adding that the state could handle the influx. “Where we are right now and what we expect is manageable.” he said. 
Arizona has the ability to reopen a shuttered hospital and open field hospitals to help handle surges in ill patients. 
In Florida, COVID hospital patients at AdventHealth Systems also are younger than earlier in the pandemic and less likely to need critical care, said Dr. Vincent Hsu, AdventHealth’s infection control officer for Florida. 
“We’re not seeing nearly as sick patients as we had in the first part (of the outbreak),” Hsu said at a news conference. “The patients that are coming in tend to be a little bit younger. And as a result, they don’t tend to utilize the significant ICU resources or the ventilator resources.” 
Ed Jimenez, chief Executive of University of Florida Health’s Shands hospital in Gainesville, said that he could cut the number of patients in his hospital by a third by stopping elective procedures. 
“So we have levers we can pull that slow down the inflow of patients,” Jimenez said. 
Additional reporting by David Scwartz in Arizona and Erwin Seba in Houston; Writing by Peter Henderson; Editing by Jonathan Oatis"
8,"{'id': 'reuters', 'name': 'Reuters'}",Reuters Editorial,McCarthy is third PGA Tour player to test positive for COVID-19: report - Reuters,"Denny McCarthy has become the third golfer on the PGA Tour to test positive for COVID-19 and the American has withdrawn from the ongoing Travelers Championship in Cromwell, Connecticut, Golf Channel reported on Friday.",https://www.reuters.com/article/us-health-coronavirus-golf-travelers-idUSKBN23X2D4,https://s4.reutersmedia.net/resources_v2/images/rcom-default.png,2020-06-26T16:27:00Z,"(Reuters) - Denny McCarthy has become the third golfer on the PGA Tour to test positive for COVID-19 and the American has withdrawn from the ongoing Travelers Championship in Cromwell, Connecticut, Golf Channel reported on Friday. 
Nick Watney was the first Tour player to test positive last week and Cameron Champ did so at a pre-tournament screening this week. 
World number four Brooks Koepka and Northern Ireland’s Graeme McDowell also withdrew from the tournament as a precaution after their caddies tested positive. The two golfers tested negative. 
""I feel OK,"" McCarthy told Golf Channel here ""I woke up in the middle of the night and my body was really achy and sore and figured something was wrong."" 
McCarthy is set to self-isolate for 10 days as per Tour protocols. 
The PGA Tour did not immediately respond when asked by Reuters via email to confirm. 
On Thursday, world number one Rory McIlroy said calls to cancel the Travelers Championship due to the coronavirus were silly as only a “quarter of a percent” of nearly 3,000 tests had been positive. 
Reporting by Rohith Nair in Bengaluru, editing by Ed Osmond"
9,"{'id': 'reuters', 'name': 'Reuters'}",Reuters Editorial,"AstraZeneca, Scotland's Symbiosis sign deal for COVID-19 vaccine supply - Reuters","British drugmaker AstraZeneca has signed its tenth supply-and-manufacturing deal for its experimental COVID-19 vaccine with Symbiosis Pharmaceutical for use in clinical trials, the Scottish private firm said on Wednesday.",https://www.reuters.com/article/us-health-coronavirus-astrazeneca-symbio-idUSKBN23V1SJ,https://s3.reutersmedia.net/resources/r/?m=02&d=20200624&t=2&i=1523327143&w=1200&r=LYNXMPEG5N1DK,2020-06-24T12:30:00Z,"(Reuters) - British drugmaker AstraZeneca has signed its tenth supply-and-manufacturing deal for its experimental COVID-19 vaccine with Symbiosis Pharmaceutical for use in clinical trials, the Scottish private firm said on Wednesday. 
“It is fantastic to see the continued success of Symbiosis in Scotland, and I applaud the vital work they are undertaking,” Scotland’s Trade Minister Ivan McKee said. 
The companies did not provide any financial terms or details on how many units of the vaccine, AZD1222, will be produced under the agreement. 
Reporting by Pushkala Aripaka in Bengaluru, Editing by Sherry Jacob-Phillips"
10,"{'id': 'reuters', 'name': 'Reuters'}",Reuters Editorial,Factbox: 'Irresponsible' Djokovic slammed after testing positive for COVID-19 - Reuters,"World number one Novak Djokovic tested positive for COVID-19 on Tuesday, days after he hosted a number of players in the Adria Tour exhibition tournament in the Balkan region.",https://www.reuters.com/article/us-health-coronavirus-tennis-djokovic-re-idUSKBN23U2TX,https://s4.reutersmedia.net/resources/r/?m=02&d=20200623&t=2&i=1523227318&w=1200&r=LYNXMPEG5M1NZ,2020-06-23T17:12:00Z,"(Reuters) - World number one Novak Djokovic tested positive for COVID-19 on Tuesday, days after he hosted a number of players in the Adria Tour exhibition tournament in the Balkan region. 
Djokovic was criticised for hosting the tournament amid a pandemic after Grigor Dimitrov, Borna Coric and Viktor Troicki also returned positive tests after playing in the tournament that was held in Serbia and Croatia. 
Following are reactions from the tennis world to the Serb’s positive test: 
Nick Kyrgios, two-times Grand Slam quarter-finalist: 
""Prayers up to all the players that have contracted COVID-19. Dont @ me for anything Ive done that has been 'irresponsible' or classified as 'stupidity' - this takes the cake,"" the Australian wrote on Twitter here
Martina Navratilova, 59-times Grand Slam champion: 
""Yikes this is not good and its a pattern. Hope Novak will be ok of course! What now, U.S. Open? Roland Garros? We have a lot of work to do,"" she wrote on Twitter here
Patrick McEnroe, former doubles champion and commentator: 
""When I sent out a tweet a couple weeks ago about that event in Serbia I said yeah it looks like a normal tennis event to me. I'm not sure everyone got my point,"" he said in a video on Twitter here
“Maybe they are starting to get it now. Nothing’s foolproof so don’t be foolish. That’s my message.” 
Over the past two days, organisers have also been criticised for allowing stands to be packed with fans during the opening leg in Belgrade. With no social distancing rules in place in Serbia, players hugged at the net, played basketball, posed for pictures, attended press conferences and were out dancing together. 
British number one Dan Evans: 
“I don’t think he should be having a players’ party and dancing all over each other,” Evans said. 
“Players have tested positive. He should feel some responsibility in his event and how it’s transpired, really. 
“It’s very unfortunate that Grigor has it and Coric has it but you strip it back, is it a surprise? I think that’s the question we should all ask.” 
Australian Open quarter-finalist Tennys Sandgren: 
""If Novak doesnt get COVID Im going to start blessing my water with positive vibes,"" the American said here
American tennis player Sachia Vickery: 
""Last one for the Djokovic fan club who abused me last week after all I said was the first priority should be health and not how many people the top players can bring to a slam,"" she wrote on Twitter here ""Its awfully quiet right now."" 
American tennis player Mitchell Krueger: 
""Its only inevitable that all these boneheaded decisions are possibly putting U.S. Open at risk. Which means this also affects some 300+ players. Nobody is bigger than the sport,"" he tweeted here
“One step forward five steps back,” Krueger added in response to Djokovic’s positive test. 
Noah Rubin, former junior Wimbledon champion: 
""Its just not okay. Reckless and disappointing that they thought tennis deserved the risk,"" he said on Twitter here
British tennis player Tara Moore: 
""Wait Djokovic is the guy who was enraged at U.S. Open for only allowing 1 entourage in, but ok with Qs (qualifiers), wheelchair, juniors to be cancelled but lobbied hard for more of his team to be able to go. The mens tour directly impacts the women's tour before anyone starts,"" she said here
Compiled by Arvind Sriram in Bengaluru, editing by Pritha Sarkar"
11,"{'id': 'reuters', 'name': 'Reuters'}",Reuters Editorial,Croatian PM refuses to self-isolate after brief encounter with Djokovic - Reuters,"Croatian Prime Minister Andrej Plenkovic said he would not self-isolate following his brief encounter with Novak Djokovic, the men's world number one tennis player who tested positive for COVID-19 on Tuesday.",https://www.reuters.com/article/healthcoronavirus-tennis-croatia-idUSL8N2E05E1,https://s4.reutersmedia.net/resources_v2/images/rcom-default.png,2020-06-23T18:16:00Z,"SARAJEVO, June 23 (Reuters) - Croatian Prime Minister Andrej Plenkovic said he would not self-isolate following his brief encounter with Novak Djokovic, the men’s world number one tennis player who tested positive for COVID-19 on Tuesday. 
In a statement the Croatian Public Health Institute said Plenkovic did not have to self-isolate as the risk of infection was low because he only briefly met Djokovic and was not in a close contact with him. 
Three other players who played in Djokovic’s Adria Tour exhibition tournament in the Balkan region have also tested positive. 
Plenkovic attended the tournament in the northern Adriatic town of Zadar on Saturday, a day before it was cancelled after Grigor Dimitrov of Bulgaria said he tested positive for the novel coronavirus. 
Croatia’s Borna Coric and Viktor Troicki also tested positive as well as Djokovic’s fitness coach Marco Panichi and Dimitrov’s coach Christian Groh. 
On Monday, Plenkovic tested negative for COVID-19 but calls from opposition politicians for him to self-isolate grew stronger on Tuesday after Djokovic, whom he had met briefly, tested positive. 
Plenkovic, who was on an election campaign trip in the town of Zapresic handshaking and hugging his fans, said he was not worried because his meeting with Djokovic lasted about three minutes and could not be described as a close contact. 
“Under the definition of close contact this was not the close contact and everything is normal,” Plenkovic told reporters. 
A video showed him talking to Djokovic in the closed court and patting his shoulder. 
Plenkovic said opposition politicians wanted him in isolation to avoid the confrontation with him in television debates ahead of the July 5 parliamentary election. 
Reporting by Daria Sito-Sucic; Editing by Howard Goller"
12,"{'id': 'reuters', 'name': 'Reuters'}",Reuters Editorial,Croatian PM refuses to self-isolate after brief encounter with Djokovic - Reuters,"Croatian Prime Minister Andrej Plenkovic said he would not self-isolate following his brief encounter with Novak Djokovic, the men's world number one tennis player who tested positive for COVID-19 on Tuesday.",https://www.reuters.com/article/us-health-coronavirus-tennis-croatia-idUSKBN23U308,https://s4.reutersmedia.net/resources/r/?m=02&d=20200623&t=2&i=1523237054&w=1200&r=LYNXMPEG5M1RY,2020-06-23T18:32:00Z,"SARAJEVO (Reuters) - Croatian Prime Minister Andrej Plenkovic said he would not self-isolate following his brief encounter with Novak Djokovic, the men’s world number one tennis player who tested positive for COVID-19 on Tuesday. 
In a statement the Croatian Public Health Institute said Plenkovic did not have to self-isolate as the risk of infection was low because he only briefly met Djokovic and was not in a close contact with him. 
Three other players who played in Djokovic’s Adria Tour exhibition tournament in the Balkan region have also tested positive. 
Plenkovic attended the tournament in the northern Adriatic town of Zadar on Saturday, a day before it was cancelled after Grigor Dimitrov of Bulgaria said he tested positive for the novel coronavirus. 
Croatia’s Borna Coric and Viktor Troicki also tested positive as well as Djokovic’s fitness coach Marco Panichi and Dimitrov’s coach Christian Groh. 
On Monday, Plenkovic tested negative for COVID-19 but calls from opposition politicians for him to self-isolate grew stronger on Tuesday after Djokovic, whom he had met briefly, tested positive. 
Plenkovic, who was on an election campaign trip in the town of Zapresic handshaking and hugging his fans, said he was not worried because his meeting with Djokovic lasted about three minutes and could not be described as a close contact. 
“Under the definition of close contact this was not the close contact and everything is normal,” Plenkovic told reporters. 
A video showed him talking to Djokovic in the closed court and patting his shoulder. 
Plenkovic said opposition politicians wanted him in isolation to avoid the confrontation with him in television debates ahead of the July 5 parliamentary election. 
Reporting by Daria Sito-Sucic; Editing by Howard Goller"
13,"{'id': 'reuters', 'name': 'Reuters'}",Reuters Editorial,Soccer-Three new positive COVID-19 tests in English Championship - Reuters,"The English Football League (EFL) said on Wednesday three people from two different Championship (second-tier) clubs have tested positive for COVID-19 out of a sample of 2,858 individuals.",https://www.reuters.com/article/healthcoronavirus-soccer-england-idUSL8N2E13LU,https://s4.reutersmedia.net/resources_v2/images/rcom-default.png,2020-06-24T12:48:00Z,"June 24 (Reuters) - The English Football League (EFL) said on Wednesday three people from two different Championship (second-tier) clubs have tested positive for COVID-19 out of a sample of 2,858 individuals. 
“Those players or club staff who have tested positive will now self-isolate in line with the guidelines provided by the EFL and only those who have tested negative will be permitted to enter training ground facilities,” the EFL said in a statement. 
Nobody tested positive in the tests of four clubs each from English football’s third-tier (League One) and fourth-tier (League Two). 
The Championship resumed this past week after a three-month pause due to the new coronavirus pandemic with strict protocols in place and games played in empty stadiums. (Reporting by Arvind Sriram in Bengaluru; Editing by Ken Ferris)"
14,"{'id': 'reuters', 'name': 'Reuters'}",Reuters Editorial,"AstraZeneca, Scotland's Symbiosis sign deal for COVID-19 vaccine supply - Reuters UK","British drugmaker AstraZeneca has signed its tenth supply-and-manufacturing deal for its experimental COVID-19 vaccine with Symbiosis Pharmaceutical for use in clinical trials, the Scottish private firm said on Wednesday.",https://uk.reuters.com/article/uk-health-coronavirus-astrazeneca-symbio-idUKKBN23V1U7,https://s4.reutersmedia.net/resources/r/?m=02&d=20200624&t=2&i=1523328712&w=1200&r=LYNXMPEG5N1EW,2020-06-24T12:43:00Z,"(Reuters) - British drugmaker AstraZeneca has signed its tenth supply-and-manufacturing deal for its experimental COVID-19 vaccine with Symbiosis Pharmaceutical for use in clinical trials, the Scottish private firm said on Wednesday. 
“It is fantastic to see the continued success of Symbiosis in Scotland, and I applaud the vital work they are undertaking,” Scotland’s Trade Minister Ivan McKee said. 
The companies did not provide any financial terms or details on how many units of the vaccine, AZD1222, will be produced under the agreement. 
Reporting by Pushkala Aripaka in Bengaluru, Editing by Sherry Jacob-Phillips"
15,"{'id': 'reuters', 'name': 'Reuters'}",Reuters Editorial,"Heath, Press join Rapinoe in skipping NWSL's Utah tournament due to COVID-19 - Reuters","Two more U.S. national team members joined Megan Rapinoe in deciding to skip a month-long National Women's Soccer League tournament in Utah that will be played in empty stadiums amid the COVID-19 outbreak, it was announced on Tuesday.",https://www.reuters.com/article/us-health-coronavirus-soccer-nwsl-idUSKBN23U37Y,https://s3.reutersmedia.net/resources/r/?m=02&d=20200623&t=2&i=1523248491&w=1200&r=LYNXMPEG5M1XN,2020-06-23T20:39:00Z,"(Reuters) - Two more U.S. national team members joined Megan Rapinoe in deciding to skip a month-long National Women’s Soccer League tournament in Utah that will be played in empty stadiums amid the COVID-19 outbreak, it was announced on Tuesday. 
Utah Royals forward Christen Press and Portland Thorns midfielder Tobin Heath, who played with Rapinoe on last year’s World Cup-wininng U.S. squad, both cited the virus as their reason for skipping the event that begins on Saturday. 
“It is deeply painful not to be able to play the game I love, and to watch the broader effects of the global pandemic on our league, sports and our world,” Press said in a statement. 
“Regrettably, given the uncertainty created by COVID-19, I must elect not to participate in this tournament.” 
Heath said the risks associated with the virus outweighed her desire to return to competition. 
“Although I want to be on the field with my teammates doing what I love because of the uncertainty and risks created by COVID-19, I have chosen not to participate in the NWSL Challenge Cup,” said Heath. 
It was previously reported that Rapinoe, who plays for the OL Reign in Tacoma, Washington, would skip the event but it was confirmed on Tuesday in her team’s news release to announce its squad. A reason for her decision was not given. 
“Megan let us know that she has decided not play in the tournament,” said OL Reign Chief Executive Bill Predmore. “Like all NWSL players, she was given the option to participate ... but we understand and respect her decision.” 
The NWSL, which is the top U.S. women’s soccer league, was originally scheduled to kick off its 2020 season in mid-April but was delayed because of the coronavirus. 
The Utah tournament, which would see players subject to testing throughout, would make the NWSL the first team-sport league in the United States to resume competition since live action ground to a halt in mid-March. 
The Orlando Pride said this week they decided to withdraw from the event after players and staff members tested positive for COVID-19. 
Reporting by Frank Pingue in Toronto; Editing by Tom Brown"
16,"{'id': 'reuters', 'name': 'Reuters'}",Richard Martin,"Barca lacking spark since season resumed, says Setien - Reuters UK","Barcelona coach Quique Setien admitted his side have struggled to get going since the season returned following the three-month hiatus due to the COVID-19 pandemic, after a scrappy 1-0 win at home against Athletic Bilbao on Tuesday.",https://uk.reuters.com/article/uk-soccer-spain-fcb-atb-setin-idUKKBN23U3IM,https://s4.reutersmedia.net/resources/r/?m=02&d=20200623&t=2&i=1523266689&w=1200&r=LYNXMPEG5M289,2020-06-23T23:57:00Z,"BARCELONA (Reuters) - Barcelona coach Quique Setien admitted his side have struggled to get going since the season returned following the three-month hiatus due to the COVID-19 pandemic, after a scrappy 1-0 win at home against Athletic Bilbao on Tuesday. 
Barca needed a late goal from substitute Ivan Rakitic to see off a determined Athletic side and although they picked up a third win in four matches since the season re-started, they again failed to sparkle. 
“When teams offer you little space you have to be very precise and agile and we have been lacking that since we returned,” Setien told a virtual news conference. 
“It’s not been easy and we are missing something overall, a bit of spark. Our opponents have a lot to do with this because they are sticking together and leaving hardly any space and we’re finding it hard to open them up. 
“But I think we’ll start to find it easier the more the season goes on.” 
Barca thrashed Real Mallorca 4-0 on their return after the long break but looked rusty in last week’s 2-0 victory over struggling Leganes and on Friday were held 0-0 at Sevilla, allowing Real Madrid to go top of the league on Sunday. 
The win over Athletic took Barca three points ahead of Madrid but Zinedine Zidane’s side will go back to the top of the table with victory over Real Mallorca on Wednesday. 
Setien was not pleased with how his side started against Athletic but praised youngsters Riqui Puig and Ansu Fati for helping to open their opponents up when they came off the bench. 
“We were more relaxed in the second half and played much better. Ansu and Riqui gave us dynamism and allowed us to have longer periods of possession,” Setien said. 
Reporting by Richard Martin; Editing by Lincoln Feast."
17,"{'id': 'reuters', 'name': 'Reuters'}",Prudence Ho,Loan investors raise concerns over Ebitdac - Reuters UK,LONDON (LPC) - Investors are concerned that adjustments to earnings made during the Covid-19 pandemic are becoming too aggressive as borrowers keep earnings artificially high to avoid covenant defaults and delay the onset of restructurings.,https://uk.reuters.com/article/us-investors-ebitdac-idUKKBN23V23Z,https://s4.reutersmedia.net/resources_v2/images/rcom-default.png,2020-06-24T14:13:00Z,"LONDON (LPC) - Investors are concerned that adjustments to earnings made during the Covid-19 pandemic are becoming too aggressive as borrowers keep earnings artificially high to avoid covenant defaults and delay the onset of restructurings. 
Borrowers are adjusting earnings as if the crisis had never happened, known as earnings before interest, tax, depreciation, amortisation and coronavirus (Ebitdac), or “earnings before coronavirus.” 
“Companies may be keeping earnings artificially high in order to avoid a financial covenant breach. It could delay a restructuring that perhaps should be happening earlier,” said Jane Gray, head of European research at Covenant Review. 
Ebitda is a key measure of performance and business valuation. Loosening documentation over the past few years has gifted borrowers a great level of flexibility to adjust their earnings via numerous exclusions and add-backs. It has become common practice to estimate generous cost savings and synergies on buyouts to lower leverage and make deals acceptable to regulators and investors. 
However, a growing number of lawyers and investors argue that adding back coronavirus-related costs is controversial and not appropriate due to the unprecedented nature of the crisis. 
“The language in documentation allows such flexibility and borrowers are interpreting it in a way that is favourable for them. But is it a correct interpretation? It is controversial,” a leveraged loan lawyer said. 
FAIRY TALE 
German beauty retailer Douglas, which has 2,400 stores across Europe, is one such company to make coronavirus adjustments. 
Last month, the leveraged loan borrower added 15m back to earnings for its second quarter results ended 31 March, to take account of what it termed, “staff and rent related idle costs in connection with our closed stores.” 
Douglas’ reported Ebitda was a 1m loss in the second quarter, compared with adjusted Ebitdac of a 23m profit. 
The 15m add-back also pushed leverage down by around 0.3 times, according to fintech data provider 9fin. 
Changing the numbers to take account of coronavirus is seen as controversial as no one knows how long the pandemic it will last and how it will play out. 
“When it comes to coronavirus, it’s a different scenario. Companies are estimating based on a hypothetical situation, and no one knows how it will turn out,” said Sabrina Fox, executive adviser at European Leveraged Finance Association (ELFA). 
“Ebitdac is just a fairy tale and using it in covenant calculations would be like living in a world of imagination.” 
In addition, the ELFA whose members include Allianz Global Investors and Janus Henderson Investors urged loan borrowers and high-yield issuers not to use Ebitdac as a calculation metric to incur additional debt. 
“We discourage companies from stripping off the effects of the pandemic only to wind up with more leverage,” said Fox. 
“It is by no means guaranteed that Ebitdac reflects forward-looking operating trends, and as such it should not be relied on as a calculation metric for any purpose under debt documents.” 
GETTING CREATIVE 
Apart from earnings adjustments, some borrowers have taken another approach to covenant calculations by using 2019 historical figures, instead of 2020 figures in a bid to avoid breaches. 
US ticket and concert company Live Nation made amendments in April with existing lenders that allowed the firm to use 2019 earnings to calculate the consolidated net leverage ratio covenant for the fourth quarter of 2020 through to the second quarter of 2021, according to the firm’s result announcement. 
US luggage maker Samsonite also amended loan terms so that it could use 2019 Ebitda figures in covenant calculations from the end of September 2021 until end of March 2022. 
“It’s really the same thing,” said Gray at Covenant Review. “Using last year’s figures is simply a way of justifying the quantification of the adjustment they are making. They are seeking to ‘normalise’ Ebitda as if Covid had not happened.” 
The key reason for existing lenders or institutional investors to support those amendments is to limit the amount of defaulted loans in their portfolio, taking a view that the pandemic will be a short-term matter, bankers and investors said. 
“It’s a sticking plaster solution,” a loan banker said. 
However, no-one knows how long such flexibility could last and when lenders’ patience will dry up. 
“I don’t think anyone has a clue on any of it. It’s all being done under the illusion that the world will return to normal in a couple months. By now that should be an obvious lie.” said an investor in the US. “Somebody is wrong.” 
Additional reporting by Aaron Weinman; Editing by Claire Ruckin and Christopher Mangham"
18,"{'id': 'reuters', 'name': 'Reuters'}",Reuters Editorial,South Africa's budget deficit seen widening to 14.6% of GDP - Reuters,"South Africa's budget deficit is projected to widen to 14.6% of gross domestic product in the current 2020/21 fiscal year, the Treasury said on Wednesday, as the COVID-19 pandemic further stifles the recession-hit economy.",https://www.reuters.com/article/health-coronavirus-safrica-economy-idUSJ8N2A601J,https://s4.reutersmedia.net/resources_v2/images/rcom-default.png,2020-06-24T13:35:00Z,"JOHANNESBURG, June 24 (Reuters) - South Africa’s budget deficit is projected to widen to 14.6% of gross domestic product in the current 2020/21 fiscal year, the Treasury said on Wednesday, as the COVID-19 pandemic further stifles the recession-hit economy. 
In a supplementary budget in response to the coronavirus crisis, the Treasury said gross government debt will rise to 81.8% of GDP in the current fiscal year from 63.5% last year. (Reporting by Olivia Kumwenda-Mtambo, Alexander Winning and Mfuneko Toyana; Editing by Tim Cocks)"
19,"{'id': 'reuters', 'name': 'Reuters'}",Reuters Editorial,Three new positive COVID-19 tests in English Championship - Reuters India,"The English Football League (EFL) said on Wednesday three people from two different Championship (second-tier) clubs have tested positive for COVID-19 out of a sample of 2,858 individuals.",https://in.reuters.com/article/health-coronavirus-soccer-england-idINKBN23V1Y6,https://s4.reutersmedia.net/resources_v2/images/rcom-default.png,2020-06-24T13:18:00Z,"(Reuters) - The English Football League (EFL) said on Wednesday three people from two different Championship (second-tier) clubs have tested positive for COVID-19 out of a sample of 2,858 individuals. 
“Those players or club staff who have tested positive will now self-isolate in line with the guidelines provided by the EFL and only those who have tested negative will be permitted to enter training ground facilities,” the EFL said in a statement. 
Nobody tested positive in the tests of four clubs each from English football’s third-tier (League One) and fourth-tier (League Two). 
The Championship resumed this past week after a three-month pause due to the new coronavirus pandemic with strict protocols in place and games played in empty stadiums. 
Reporting by Arvind Sriram in Bengaluru; Editing by Ken Ferris"
