,source,author,title,description,url,urlToImage,publishedAt,content
0,"{'id': 'reuters', 'name': 'Reuters'}",Caroline Humer,CVS to offer companies COVID-19 testing program as U.S. cases rise - Reuters,"As U.S. employers grapple with trying to keep workers healthy and on the job amid fresh spikes in COVID-19 cases, CVS Health Corp has begun selling companies a diagnostic testing program.",https://in.reuters.com/article/health-coronavirus-cvs-health-idINKBN23V2BM,https://s4.reutersmedia.net/resources/r/?m=02&d=20200624&t=2&i=1523346844&w=1200&r=LYNXMPEG5N1NW,2020-06-24T15:23:00Z,"NEW YORK (Reuters) - As U.S. employers grapple with trying to keep workers healthy and on the job amid fresh spikes in COVID-19 cases, CVS Health Corp has begun selling companies a diagnostic testing program. 
In addition to onsite and pharmacy testing, CVS also will offer symptom screenings, flu vaccines and other immunizations and add-on services like contact tracing for employees exposed to the virus. 
The unexpected surge in COVID-19 in states in the South and West has increased demand for testing workers on a regular basis, such as every two weeks or every month, said Troy Brennan, chief medical officer of the company, which operates pharmacies, a pharmacy benefit management (PBM) service and the Aetna insurance plan. 
“The general perception is that there is not going to be a sustained lull over the course of the summer, and in fact it looks like it is building somewhat, and that is changing people’s views,” Brennan said. 
More than 20 states including Florida, Arizona, and Texas, have reported an increase in COVID-19 cases and hospitalizations in recent weeks. 
The United States has had about a quarter of the global total in reported COVID-19 cases and deaths. 
States hard hit early in the pandemic, such as New York and New Jersey, have experienced dramatic declines in cases. But many states that reopened before achieving safety metrics or are not requiring mask wearing are seeing record increases. Overall U.S. cases rose 25% last week with 10 states reporting a greater than 50% rise in new infections, according to a Reuters analysis. 
Wall Street firm Jefferies forecast there will be 400 million to 700 million tests during the current COVID-19 outbreak, representing billions of dollars for test suppliers and makers, as well as lab companies. 
Other companies such as Labcorp Holdings and Quest Diagnostics Inc have also created testing services for corporations. Quest is working with Delta Air Lines. 
But CVS, with its PBM services and insurance business, serves some of the largest U.S. companies with hundreds of thousands of employees. 
The new service, dubbed Return Ready, is open to all companies, not just current customers. 
CVS declined to provide details about companies that have already signed up, but said they are in discussions with media companies, financials services, sports leagues and the public sector. 
ANTIBODY TESTING NOT INCLUDED 
Return Ready is aimed at large employers or smaller ones who self-insure, meaning they pay for employee healthcare costs rather than insurers - and instead pay CVS to manage the tests and other services. 
CVS declined to provide pricing for the program. Diagnostic tests can cost more than $100 each. 
While the U.S. government has required health insurers to cover COVID-19 diagnostic testing, that is largely restricted to “medically necessary” testing for those with symptoms and does not cover these back-to-work programs. 
CVS is not offering tests that detect coronavirus antibodies to show prior infection. 
Earlier this year, antibody tests were seen as key to getting the United States back to work, while in Europe some countries have considered related “immunity passports.” But it is not yet known whether the presence of those antibodies confers some level of immunity against future infection or how long any immunity might last. 
Healthcare consulting firm Willis Towers Watson does not advise employers to use antibody tests because of the uncertainty about what they indicate, health management practice leader Jeff Levin-Scherz said in a recent interview. 
Even regular diagnostic testing offers no guarantees. If everyone is tested and the tests are completely accurate, workers can still become infected a day after they test negative, he said. 
“You still couldn’t assume that your workplace is a bubble and no COVID would come in,” Levin-Scherz said. 
Reporting by Caroline Humer; editing by Lewis Krauskopf and Bill Berkrot"
1,"{'id': 'reuters', 'name': 'Reuters'}",Reuters Editorial,"Italy's daily coronavirus death toll jumps, new cases stable","Deaths from the COVID-19 epidemic in Italy jumped by 474 on Saturday, against 269 the day before, the Civil Protection Agency said, posting the largest daily toll of fatalities since April 21.",https://www.reuters.com/article/us-health-coronavirus-italy-tally-idUSKBN22E0N4,https://s4.reutersmedia.net/resources/r/?m=02&d=20200502&t=2&i=1517258348&w=1200&r=LYNXMPEG410G8,2020-05-02T16:11:55Z,"ROME (Reuters) - Deaths from the COVID-19 epidemic in Italy jumped by 474 on Saturday, against 269 the day before, the Civil Protection Agency said, posting the largest daily toll of fatalities since April 21. 
The steep increase in deaths followed a long, gradual declining trend and was due largely to Lombardy, the country’s worst affected region, where there were 329 deaths in the last 24 hours compared with just 88 the day before. 
The daily tally of new infections was broadly stable for a third day running at 1,900 against 1,965 on Friday. 
The total death toll since the outbreak came to light on Feb. 21 now stands at 28,710, the agency said, the second highest in the world after that of the United States. 
The number of confirmed cases amounts to 209,328, the third highest global tally behind those of the United States and Spain. 
People registered as currently carrying the illness fell to 100,704 from 100,943 on Friday. 
There were 1,539 people in intensive care on Saturday, slightly down from 1,578 on Friday and maintaining a long-running decline. Of those originally infected, 79,914 were declared recovered against 78,249 a day earlier. 
The agency said 1.430 million people had been tested for the virus against 1.399 million the day before, out of a population of around 60 million."
2,"{'id': 'reuters', 'name': 'Reuters'}",Michael Martina,Hundreds protest in Michigan as governor seeks to extend emergency powers,"Hundreds of protesters gathered at Michigan's state Capitol in Lansing on Thursday to protest Governor Gretchen Whitmer's request to extend the state of emergency to combat COVID-19, an appeal Republican lawmakers there have opposed.",https://www.reuters.com/article/us-health-coronavirus-usa-michigan-idUSKBN22C38W,https://s4.reutersmedia.net/resources/r/?m=02&d=20200430&t=2&i=1517061765&w=1200&r=LYNXMPEG3T1YX,2020-04-30T17:36:01Z,"DETROIT/LANSING, Mich. (Reuters) - Hundreds of protesters gathered at Michigan’s state Capitol in Lansing on Thursday to protest Governor Gretchen Whitmer’s request to extend the state of emergency to combat COVID-19, an appeal Republican lawmakers there have opposed. 
The protest appeared to be the largest in the state since April 15, when supporters and allies of President Donald Trump organized thousands of people for “Operation Gridlock,” jamming the streets of Lansing with their cars to call out what they said was the overreach of Whitmer’s strict stay-at-home order. 
That was one of the country’s first major anti-lockdown rallies, and helped sparked a wave of similar events nationwide. 
The slow reopening of state economies around the country has taken on political overtones, as Republican politicians and individuals affiliated with Trump’s re-election promoted protests in electoral battleground states, such as Michigan. 
Many people at Thursday’s protest, including militia group members carrying firearms and people with pro-Trump signs, appeared to be ignoring state social-distancing guidelines as they clustered together within 6 feet of each other. Few people wore masks. 
“Governor Whitmer, and our state legislature, it’s over with. Open this state,” Mike Detmer, a Republican U.S. congressional candidate running for the state’s 8th district spot held by Democrat Elissa Slotkin, told the crowd. “Let’s get businesses back open again. Let’s make sure there are jobs to go back to.” 
Other speakers at the “American Patriot Rally,” which had different organizers than the mid-April protest, questioned the deadliness of COVID-19, the respiratory illness caused by the novel coronavirus. They also said Whitmer’s stay-at-home order violated constitutional rights, and urged people to open their businesses on May 1 in disregard of her order. 
As the event began around 9 a.m. under steady rainfall, some protesters chanted “USA” and “lock her up,” referring to Whitmer, a Democrat, but alluding to a refrain often chanted at 2016 Trump rallies directed at Hillary Clinton. 
‘FREEDOM OF SPEECH’ 
State authorities have warned that protesters could be ticketed for violating social-distancing rules. The mayor of Lansing, Andy Schor, said in a statement on Wednesday that he was “disappointed” protesters would put themselves and others at risk, but recognized that Whitmer’s order still allowed people to “exercise their First Amendment right to freedom of speech.” 
Whitmer has acknowledged that her order was the strictest in the country. Protesters, many from more rural, Trump-leaning parts of Michigan, have argued it has crippled the economy statewide even as the majority of deaths from the virus are centered on the southeastern Detroit metro area. 
Many states, including Georgia, Oklahoma, Alaska, South Carolina and Ohio, have already moved to restart parts of their economies following weeks of mandatory lockdowns that have thrown nearly one in six American workers out of their jobs. 
Organizers of the mid-April protest in Michigan took credit when Whitmer later in April rolled back some of the most controversial elements of her order, such as bans on people traveling to their other properties. 
State legislative approval of Whitmer’s state of emergency declaration, which gives her special executive powers, is set to expire after Thursday. 
She has asked for a 28-day extension, though Republican lawmakers in control of the statehouse who want to see a faster economic opening have signaled they could reject her request. 
Regardless, Whitmer’s stay-at-home order is set to continue through May 15, though she has said she could loosen restrictions as health experts determine new cases of COVID-19 are being successfully controlled. 
On Wednesday, she said the construction industry could get back to work starting May 7. 
Public health authorities warn that increasing human interactions now without appropriate safety measures may spark a fresh surge of infections. 
Reporting by Michael Martina in Detroit and Seth Herald in Lansing, Mich.; Editing by Matthew Lewis"
3,"{'id': 'reuters', 'name': 'Reuters'}",Dan Whitcomb,U.S. Department of Justice warns California governor over pandemic church closings,The U.S. Department of Justice on Tuesday warned California's governor that his COVID-19 restrictions discriminated against places of worship by preventing them from meeting while businesses and film studios are allowed to carry on working.,https://www.reuters.com/article/us-health-coronavirus-california-idUSKBN22W04O,https://s4.reutersmedia.net/resources/r/?m=02&d=20200520&t=2&i=1519237238&w=1200&r=LYNXMPEG4J01V,2020-05-20T01:51:39Z,"LOS ANGELES (Reuters) - The U.S. Department of Justice on Tuesday warned California’s governor that his COVID-19 restrictions discriminated against places of worship by preventing them from meeting while businesses and film studios are allowed to carry on working. 
In a three-page letter to Governor Gavin Newsom, the DOJ said the First Amendment of the U.S. Constitution required churches and other houses of worship be given equal treatment under the law, even when a health emergency has been declared. 
“Simply put, there is no pandemic exception to the U.S. Constitution and its Bill of Rights,” Assistant Attorney General Eric Dreiband wrote in the letter. 
A spokesman for Newsom could not be reached for comment on Tuesday afternoon. 
California has one of the strictest stay-at-home orders still in place in response to the coronavirus pandemic. The governor’s four-stage plan allows each of California’s 58 counties to gradually open based on the number of tests, cases, hospitalizations and deaths, among other factors. 
Newsom this week eased restrictions for some counties, making it easier for them to move toward reopening retail stores and restaurants for sit-down dining. He said the state was in discussions with major sports leagues about resuming play.. 
The governor also said some workers may begin returning to offices where working from home was not practical, including the entertainment industry in a list of businesses exempted from restrictions. 
“California has not shown why interactions in offices and studios of the entertainment industry, and in-person operations to facilitate nonessential ecommerce, are included on the list as being allowed with social distancing where telework is not practical, while gatherings with social distancing for purposes of religious worship are forbidden, regardless of whether remote worship is practical or not,” the DOJ said in its letter to Newsom. 
Reporting by Dan Whitcomb; editing by Bill Tarrant and Leslie Adler"
4,"{'id': 'reuters', 'name': 'Reuters'}",Nancy Lapid,T cells play a role in fighting coronavirus; COVID-19 affects children differently,"The following is a brief roundup of some of the latest scientific studies on the novel coronavirus and efforts to find treatments and vaccines for COVID-19, the illness caused by the virus.",https://www.reuters.com/article/us-health-coronavirus-science-idUSKBN22U2PC,https://s4.reutersmedia.net/resources/r/?m=02&d=20200518&t=2&i=1519060096&w=1200&r=LYNXMPEG4H22Z,2020-05-18T18:32:53Z,"NEW YORK (Reuters) - The following is a brief roundup of some of the latest scientific studies on the novel coronavirus and efforts to find treatments and vaccines for COVID-19, the illness caused by the virus. 
Immune system’s T cells play a role in attacking the coronavirus 
While the immune system's B cells make antibodies that block the novel coronavirus, its T cells provide another line of attack, according to new research. Researchers found that T cells from recovered patients can target the virus. That is promising news for vaccine developers because it is ""consistent with normal, good, antiviral immunity,"" Shane Crotty, from the Center for Infectious Disease and Vaccine Research at the La Jolla Institute for Immunology in California, told Reuters. ""The types of immune responses targeted by many candidate vaccines are now shown to be the types of immune responses seen in COVID-19 cases that successfully recovered from the disease."" Furthermore, some people who never had COVID-19 nonetheless had T cells that could attack the virus, Crotty's team reported on Thursday in the journal Cell. This suggests that past exposure to other coronaviruses (such as those that cause the common cold) had somehow primed their T cells to recognize and attack this new coronavirus. That might influence their susceptibility to COVID-19 disease, he said, either preventing them from getting infected or from developing severe disease. (bit.ly/36bRpSD) 
Coronavirus affects adults and children differently 
Children appear to have much lower rates of infection with the new coronavirus than adults, but most reports on COVID-19 in youngsters have focused only on small groups. A team of Chinese researchers has analyzed data from 24 earlier studies involving a total of nearly 2,600 children with COVID-19, enabling them to shed light on ways in which the virus acts differently in pediatric patients. They reported on Sunday in the Journal of Medical Virology that the most common laboratory test abnormality observed in adults was a low level of immune cells called lymphocytes (B cells and T cells). This condition, known as lymphopenia, developed in up to 80% of adults but in less than 10% of children. On the other hand, children - particularly infants - were more likely to have elevated levels of cardiac enzymes that indicate heart injury. They also found additional differences. The rates of severe illness and critical illness in adults were 14% and 5%, respectively (according to earlier reports). That compared with 4.4% and 0.9% in children. Fever occurred in up to 99% of adults but in 43% of children; cough in up to 82% of adults but 43% of children. Shortness of breath and acute respiratory distress syndrome (ARDS) were rare in children, but digestive tract symptoms like diarrhea were more common in kids than in grownups. (bit.ly/3dXpTLf) 
Coronavirus can infect patients taking hydroxychloroquine 
Taking hydroxychloroquine for other medical conditions might not protect against the new coronavirus, French doctors say. The drug had nearly become a standard of care for patients with COVID-19 in many hospitals, even though randomized trials have not yet confirmed its value. But people around the world use decades-old hydroxychloroquine to treat malaria as well as inflammatory conditions like lupus and rheumatoid arthritis, and researchers are seeing occasional cases of coronavirus infection in these patients despite long-term use of the drug. A report on Sunday in the Journal of Antimicrobial Chemotherapy describes two such patients, one with rheumatoid arthritis and the other with a condition called mixed connectivitis. The authors say they also know of at least three other patients in Italy who became sick with COVID-19 despite taking hydroxychloroquine for chronic arthritis. ""Patients actually taking long-term hydroxychloroquine are potentially immunosuppressed patients since they are living with chronic inflammatory diseases and thus do not represent the general population exposed to COVID-19,"" the French doctors acknowledge. ""However, these observational data are not in favor of a universal protective effect of hydroxychloroquine."" (bit.ly/3cDC7bH) 
New barcoding technique can help process 100,000 screening tests per day 
A big challenge in preventing the spread of the new coronavirus is to identify and quarantine infected people who do not have symptoms. Laboratory workers can test blood samples from thousands of patients per day, still not enough to efficiently screen heavily populated areas. Now researchers at the OSU James Comprehensive Cancer Center in Columbus, Ohio say they have a way to screen over 100,000 samples per day. Their system, dubbed REMBRANDT, makes copies of the virus and introduces two barcodes that simplify patient identification. Barcoding of samples for screening is not new, but the OSU method takes a unique biochemical approach, aiming for a single barcoding and virus-copying step. ""Barcodes on products in the supermarket, and molecular barcodes for REMBRANDT work the same way,"" investigator Richard Fishel told Reuters. ""In this case, each patient has a unique combination of letters that allows for their simplified identification. With ten Next Generation sequencing machines, REMBRANDT can test every Ohio resident for COVID-19 infection every 10 days - an important step in contact tracing and reducing the spread of infection."" His team's report, published on Sunday on the preprint server bioRxiv, has not yet been peer reviewed. ""Our next step,"" Fishel said, ""will be to collaborate with hospitals and public health departments to clinically validate REMBRANDT and make it available to a wider audience."" (bit.ly/2Ax26mT) 
GRAPHIC: The lifeline pipeline, COVID-19 treatments, vaccines in development - here
Reporting by Nancy Lapid; Editing by Bill Berkrot"
5,"{'id': 'reuters', 'name': 'Reuters'}",Reuters Editorial,"Rules apply to all, senior health official says of UK PM's adviser Cummings","England's deputy chief medical officer said the COVID-19 rules were clear and applied to all when he was asked about the prime minister's most senior adviser, Dominic Cummings, who made a lengthy journey during the lockdown.",https://www.reuters.com/article/us-health-coronavirus-britain-cummings-idUSKBN2360MS,https://s3.reutersmedia.net/resources/r/?m=02&d=20200530&t=2&i=1520475567&w=1200&r=LYNXMPEG4T0I6,2020-05-30T16:28:00Z,"LONDON (Reuters) - Britain’s COVID-19 lockdown rules are clear and apply to everyone, a senior medical officer said when asked about a long road trip made by the prime minister’s top adviser, Dominic Cummings, at the height of the lockdown. 
England’s Deputy Chief Medical Officer Jonathan Van-Tam has become a favourite on social media during the pandemic due to his colourful turn of phrase, including his insistence on Saturday that the public must not “tear the pants” out of new, slightly looser guidelines. 
Asked at a daily news conference whether people in authority should set an example and obey the rules, he willingly addressed the issue in contrast to his boss and the country’s chief scientific officer, who did not comment on the matter at a previous briefing. 
“Thank you for the question and I’m quite happy to answer it,” he said. 
“In my opinion the rules are clear and they have always been clear. In my opinion, they are for the benefit of all and in my opinion they apply to all.” 
Cummings, the campaigner who helped deliver the 2016 Brexit referendum win and Boris Johnson’s 2019 election landslide, has been fighting to keep his job this week after his long road trip at the height of the lockdown provoked outrage across Britain. 
Cummings has refused to apologise for the trip, involving a 400 km (250 mile) trip to his parents’ property in northern England and another trip to a local castle that he said he took to test his eyes and driving ability after falling ill. 
The local police force said he may have breached lockdown rules with the shorter drive but said they would take no further action. Johnson has said he accepts the explanation and believes the matter is now closed. 
Reporting by Kate Holton; Editing by Giles Elgood and Helen Popper"
6,"{'id': 'reuters', 'name': 'Reuters'}",Rebecca Spalding,Large employers push back on U.S. healthcare mergers during coronavirus crisis,A group representing some of the largest U.S. employers has asked Congress for a year-long ban on mergers and acquisitions among hospitals and doctors groups that received government money to cope with the effects of the COVID-19 pandemic.,https://www.reuters.com/article/us-health-coronavirus-hospital-m-a-idUSKBN22Z015,https://s3.reutersmedia.net/resources/r/?m=02&d=20200523&t=2&i=1519645419&w=1200&r=LYNXMPEG4M01L,2020-05-23T00:54:44Z,"(Reuters) - A group representing some of the largest U.S. employers has asked Congress for a year-long ban on mergers and acquisitions among hospitals and doctors groups that received government money to cope with the effects of the COVID-19 pandemic. 
The Pacific Business Group on Health, whose members include Boeing, Salesforce, Tesla, and Walmart, said in a letter addressed to congressional leaders this week that it feared that further consolidation in the healthcare industry could lead to higher costs. 
Physician practices’ revenues have plummeted across the United States since shutdowns were imposed to stop the spread of the coronavirus, as patients stay home except for emergencies. 
Even before the pandemic, well-funded hospital systems were taking over smaller doctors groups and hospitals to increase market share. 
PBGH said it fears these larger players will be even better positioned to buy struggling practices coming out of the crisis, raising healthcare prices for employers. The group asked for a year-long M&amp;A ban for any healthcare provider receiving any of the $170 billion government relief approved for the industry. 
“Anti-competitive practices are increasingly concerning to large employers. What we’re seeing happening right now is the collapse of independent primary care,” Elizabeth Mitchell, chief executive officer of PBGH, told Reuters.Politicians and regulators have already been scrutinizing mergers in the hospital industry. 
The Federal Trade Commission moved to block a merger between two Pennsylvania hospitals in February, on the grounds that consolidation would mean the systems would have fewer incentives to keep costs down. 
Reporting by Rebecca Spalding in New York; Editing by Sonya Hepinstall"
7,"{'id': 'reuters', 'name': 'Reuters'}",Barbara Goldberg,"As people use COVID-19 as weapon, U.S. states mull criminal crackdowns","Accused criminals across the United States have started using the threat of deadly COVID-19 infection as a weapon in attacks on police, retail clerks and grocers trying to keep the nation fed during lockdown.",https://www.reuters.com/article/us-health-coronavirus-usa-weaponization-idUSKBN22Q1PK,https://s4.reutersmedia.net/resources_v2/images/rcom-default.png,2020-05-14T11:10:31Z,"NEW YORK (Reuters) - Accused criminals across the United States have started using the threat of deadly COVID-19 infection as a weapon in attacks on police, retail clerks and grocers trying to keep the nation fed during lockdown. 
Threats of spreading COVID-19 have occurred from coast to coast, raising questions about whether states will move to criminalize the weaponization of the novel coronavirus, the way more than half of U.S. states made undisclosed HIV exposure a crime when the AIDS crisis erupted in the 1980s. 
A Michigan man wiped his nose and face on the shirt of a store employee who was trying to enforce a mask-wearing requirement. The 68-year-old man was charged with misdemeanor assault and battery and, if convicted, faces three months behind bars and a $500 fine. 
In St. Petersburg, Florida, a man coughed and spit on police and threatened to spread the virus as they responded to domestic violence calls to his home. He faces up to five years in prison on federal charges of perpetrating a biological weapons hoax after his test results came back negative. 
A San Antonio, Texas, man claimed in a Facebook post that he paid someone to spread coronavirus at grocery stores. While his threat was deemed false, he too was arrested and charged with a biological weapons hoax. He claimed he was trying to deter people from visiting stores in an effort to prevent the spread of the virus, federal prosecutors in Texas said. 
New Jersey is among the first states to consider making it a crime to issue a “credible threat to infect another with COVID-19 or similar infectious disease that triggered public emergency,” said a spokesman for the National Conference of State Legislatures. 
Advocates for HIV-positive people said states drafting such laws should be careful not to make them so broad that they punish poor and minority communities, as studies show HIV criminalization has, according to the Williams Institute on Sexual Orientation and Gender Identity Law and Public Policy at UCLA School of Law. 
Over the last four decades, at least 26 states passed laws to criminalize HIV exposure. Crimes range from biting to donating blood, and in most cases no HIV infection is required for a person to be charged with “criminal transmission of HIV.” 
Several studies have found HIV criminalization laws targeted minorities, said Brad Sears, associate dean of Public Interest Law at UCLA Law School. Those laws were created in response to a negative stereotype of “a predatory gay or bisexual man,” he said. 
Criminalization of COVID-19, on the other hand, is not gaining immediate momentum because it primarily affects the elderly and those with pre-existing conditions, Sears said. 
But, he said, as the pandemic is increasingly concentrated in poor Americans and people of color, that could change states’ appetites for criminalization efforts. 
“That could increase the risk that state legislatures pass criminal laws to kind of scapegoat the very people who need to be protected,” Sears said. 
In New Jersey, Republican Senator Kristin Corrado’s bill to punish anyone convicted of threatening to spread COVID-19 with up to 10 years behind bars and a $150,000 fine was before the Senate Budget and Appropriations Committee this week. 
“To those who think it is cheeky to pull a sick prank like this - you will suffer the consequences of your poor decisions,” Corrado said in a statement. 
“These threats will not be taken lightly, and those found guilty will be punished to the fullest extent of the law.” 
Reporting by Barbara Goldberg; Editing by David Gregorio"
8,"{'id': 'reuters', 'name': 'Reuters'}",Lucia Mutikani,"U.S. weekly jobless claims seen declining further, but millions still unemployed","Layoffs in the United States are abating, but millions who lost their jobs because of COVID-19 continue to draw unemployment benefits, suggesting the labor market could take years to heal from the pandemic even as businesses resume hiring workers.",https://www.reuters.com/article/us-usa-economy-idUSKBN23I0GQ,https://s1.reutersmedia.net/resources/r/?m=02&d=20200611&t=2&i=1521858229&w=1200&r=LYNXMPEG5A0A0,2020-06-11T04:06:55Z,"WASHINGTON (Reuters) - Layoffs in the United States are abating, but millions who lost their jobs because of COVID-19 continue to draw unemployment benefits, suggesting the labor market could take years to heal from the pandemic even as businesses resume hiring workers. 
The weekly jobless claims report from the Labor Department on Thursday, the most timely data on the economy’s health, will follow news last Friday of a surprise 2.5 million increase in nonfarm payrolls in May. It could reinforce views that the labor market has weathered the worst of the turbulence. 
The Federal Reserve signaled on Wednesday it would provide years of extraordinary support for the economy, with policymakers projecting a 9.3% unemployment rate at year end. The unemployment rate has jumped from 3.5% in February and was at 13.3% in May. 
“The steady retreat in claims is a positive development, but the labor market has suffered a traumatic blow and a full recovery will be measured in years, not weeks or months,” said 
Nancy Vanden Houten, lead U.S. economist at Oxford Economics in New York. “The figures don’t capture the full extent of the blow dealt to workers during this unique crisis.” 
New applications for state unemployment benefits likely totaled a seasonally adjusted 1.55 million for the week ended June 6, down from 1.877 million the prior week, according to a Reuters survey of economists. That would pull initial claims further away from a record 6.867 million in late March. 
But claims for jobless benefits would still be more than double their peak during the 2007-09 Great Recession. 
Many businesses have reopened after being shuttered in mid-March to slow the spread of COVID-19. However, claims remain elevated amid jobs cuts outside the consumer sector, among industries that were not initially hit by the shutdown. 
Fed Chairman Jerome Powell told reporters on Wednesday there would an “extended period” during which it would be “difficult for many people to find work.” 
DISTORTED PICTURE 
Initial claims are recorded when a person submits a first application for unemployment benefits. Once approved they become continuing claims and are reported with a one-week lag. 
The report on Thursday is expected to show continuing claims slipped to 20 million in the week ending May 30 from 21.487 million in the prior week. Continuing claims have eased from a record high of 24.912 million in early May. 
That decline has been attributed to the government’s Paycheck Protection Program, part of a historic fiscal package worth nearly $3 trillion, that offers businesses loans that can be partially forgiven if used for employee salaries. 
“We are seeing the labor market high on PPP money,” said Sung Won Sohn, a business economics professor at Loyola Marymount University in Los Angeles. “Once it runs out we might see a significant increase in layoffs again.” 
Economists caution that neither initial nor continuing claims give an accurate picture. 
FILE PHOTO: A Citadel Outlet shopping mall reopens during the outbreak of coronavirus disease (COVID-19) in Commerce, California, U.S., May 28, 2020. REUTERS/Mike Blake 
The government has expanded eligibility for unemployment benefits to include gig workers, the self-employed and independent contractors who have been affected by the pandemic. These workers do not qualify for regular state unemployment insurance and must file claims under the Pandemic Unemployment Assistance (PUA) program. 
Though PUA are filed weekly, they are not included in the initial and continuing claims count. Roughly 36 states are processing PUA claims. Economists recommend focusing on benefit recipients for all programs, which totaled 30 million in the week ending May 16. 
“The labor market will continue to be under duress as businesses adapt to an economy running well below capacity, resulting in elevated layoffs,” said Alex Lin, a U.S. economist at Bank of America Merrill Lynch Global Research in New York. 
Reporting By Lucia Mutikani; Editing by Chizu Nomiyama"
9,"{'id': 'reuters', 'name': 'Reuters'}",Michael Erman,Malaria drug touted by Trump ineffective to prevent COVID-19 in high profile study,"The malaria drug promoted by U.S. President Donald Trump as a treatment for COVID-19 was shown to be ineffective in preventing infection in people exposed to the coronavirus, according to a widely anticipated clinical trial released on Wednesday.",https://www.reuters.com/article/us-health-coronavirus-hydroxychloroquine-idUSKBN23A34F,https://s2.reutersmedia.net/resources/r/?m=02&d=20200603&t=2&i=1520981403&w=1200&r=LYNXMPEG5223G,2020-06-03T19:26:16Z,"(Reuters) - The malaria drug promoted by U.S. President Donald Trump as a treatment for COVID-19 was shown to be ineffective in preventing infection in people exposed to the coronavirus, according to a widely anticipated clinical trial released on Wednesday. 
The new trial found no serious side effects or heart problems from use of hydroxychloroquine. 
Vocal support from Trump kicked off a heated debate and raised expectations for the decades-old drug that could be a cheap and widely available tool in fighting the pandemic that has infected more than 6.4 million people and killed over 382,000 worldwide 
In the first major study comparing hydroxychloroquine to a placebo to gauge its effect against the new coronavirus, University of Minnesota researchers tested 821 people who had recently been exposed to the virus or lived in a high-risk household. 
It found 11.8% of subjects given hydroxychloroquine developed symptoms compatible with COVID-19, compared with 14.3%who got a placebo. That difference was not statistically significant, meaning the drug was no better than placebo. 
“Our data is pretty clear that for post exposure, this does not really work,” said Dr. David Boulware, the trial’s lead researcher and an infectious disease physician at the University of Minnesota. 
Several trials of the drug have been stopped over concerns about its safety for treating COVID-19 patients raised by health regulators and previous less rigorous studies and. 
“I think both sides - one side who is saying ‘this is a dangerous drug’ and the other side that says ‘this works’ - neither is correct,” said Boulware. 
The results were expected to be published in the New England Journal of Medicine. 
In March, Trump said hydroxychloroquine used in combination with the antibiotic azithromycin had “a real chance to be one of the biggest game changers in the history of medicine” with little evidence to back up that claim. He later said he took the drugs preventively after two people who worked at the White House were diagnosed with COVID-19, the illness caused by the novel coronavirus. 
Hydroxychloroquine - which has anti-inflammatory and antiviral properties - inhibited the virus in laboratory experiments. But these type of human trials are needed to definitively demonstrate whether the drug’s benefits, if any, outweigh the risks when compared with a placebo. 
Proponents of the drug as a COVID-19 treatment argue it may need to be administered at an earlier stage in the disease to be effective. Others have suggested that it needs to be used in combination with the mineral zinc, which can help boost the immune system. 
More than 20% of the trial subjects also took zinc, which had no significant effect. 
The U.S. Food and Drug Administration cautioned in late April against the use of hydroxychloroquine in patients with heart disease due to an increased risk of dangerous cardiac rhythm problems. 
Boulware said his trial had fewer participants than initially planned because of difficulty enrolling new subjects after the FDA’s warning. 
On Tuesday, the British medical journal the Lancet said it had concerns about data behind an influential article that found hydroxychloroquine increased the risk of death in COVID-19 patients, a conclusion that undercut scientific interest in the medicine. [nL1N2DF1W1] 
Boulware was one of the signatories of an open letter from doctors that called attention to potential problems with that study. 
Some European governments banned hydroxychloroquine for COVID-19 patients, and U.S. hospitals have significantly cut back its use. [nL8N2D92TE] [nL1N2DB16J] 
In the University of Minnesota trial, 40% of the those who took hydroxychloroquine reported less serious side effects like nausea and abdominal discomfort versus 17% in the placebo group. 
Results of another University of Minnesota placebo-controlled trial testing hydroxychloroquine as a coronavirus treatment rather than to prevent infection is expected soon. 
Reporting by Michael Erman; Editing by Bill Berkrot and Peter Henderson"
10,"{'id': 'reuters', 'name': 'Reuters'}",Reuters Editorial,Study authors retract influential Lancet hydroxychloroquine article,Three of the authors of an influential article that found hydroxychloroquine increased the risk of death in COVID-19 patients retracted the study on concerns about the quality of the data in the study.,https://www.reuters.com/article/us-health-coronavirus-hydroxychloroquine-idUSKBN23B31W,https://s3.reutersmedia.net/resources/r/?m=02&d=20200604&t=2&i=1521133587&w=1200&r=LYNXMPEG53276,2020-06-04T19:15:31Z,"NEW YORK (Reuters) - Three of the authors of an influential article that found hydroxychloroquine increased the risk of death in COVID-19 patients retracted the study on concerns about the quality of the data in the study. 
They said that Surgisphere, the company that provided the data, would not transfer the full dataset for an independent review and they “can no longer vouch for the veracity of the primary data sources.” 
The study was published in British medical journal the Lancet last month. 
Reporting by Michael Erman; Editing by Chris Reese"
11,"{'id': 'reuters', 'name': 'Reuters'}",Medha Singh,Futures inch higher on hopes of quick economic revival,"U.S. stock index futures rose on Wednesday as signs of more official stimulus supported hopes of an economic recovery from a coronavirus-led slump, even as six U.S. states saw a record rise in new COVID-19 cases.",https://www.reuters.com/article/us-usa-stocks-idUSKBN23O1LY,https://s1.reutersmedia.net/resources/r/?m=02&d=20200617&t=2&i=1522543476&w=1200&r=LYNXMPEG5G112,2020-06-17T10:50:11Z,"(Reuters) - U.S. stock index futures rose on Wednesday as signs of more official stimulus supported hopes of an economic recovery from a coronavirus-led slump, even as six U.S. states saw a record rise in new COVID-19 cases. 
The S&amp;P 500 .SPX wrapped up its best three-day percentage rise in a month on Tuesday after a report on a massive fiscal stimulus plan, and a stunning retail sales report for May reflected a pickup in demand as businesses reopened. 
Encouraging economic data and trillions of dollars in monetary and fiscal stimulus have propelled a rally in the Wall Street indexes from their late-March trough. 
The benchmark S&amp;P 500 and the Dow now remain about 8% and 11% below their respective record closing highs hit in February, while the tech-heavy Nasdaq hovered about 1% below its all-time closing high on June 10. 
However, Federal Reserve Chair Jerome Powell warned on Tuesday that a full recovery is unlikely until the public is confident that the disease in under control, as he testified before U.S. lawmakers. The second day of his virtual hearing will begin at 12 p.m. ET (1400 GMT). 
Six U.S. states including Arizona, Florida and Oklahoma saw a record increase in new coronavirus infections on Tuesday as states pushed ahead with reopening. Beijing extended its movement curbs as it fought the worst resurgence of the disease since early February. 
At 6:16 a.m. ET, Dow e-minis 1YMcv1 were up 60 points, or 0.23%. S&amp;P 500 e-minis EScv1 were up 9.25 points, or 0.3% and Nasdaq 100 e-minis NQcv1 were up 39 points, or 0.39%. 
Cruise operator Norwegian Cruise Line Holdings Ltd (NCLH.N) tumbled 9.4% in premarket trading as it extended the suspension of its voyages through end of September due to the virus outbreak. 
Other cruise operators Carnival Corp (CCL.N) and Royal Caribbean Cruises Ltd (RCL.N) also dropped between 4.3% and 4.4%. 
Reporting by Devik Jain and Medha Singh in Bengaluru; Editing by Shounak Dasgupta"
12,"{'id': 'reuters', 'name': 'Reuters'}",Reuters Editorial,FDA warns against combination of malaria drug and Gilead's remdesivir,"The U.S. Food and Drug Administration on Monday issued a warning to healthcare providers against administering malaria drug hydroxychloroquine or chloroquine in combination with Gilead Sciences' experimental COVID-19 drug, remdesivir.",https://www.reuters.com/article/us-health-coronavirus-hydroxychloroquine-idUSKBN23M2XN,https://s4.reutersmedia.net/resources_v2/images/rcom-default.png,2020-06-15T20:48:28Z,"(Reuters) - The U.S. Food and Drug Administration on Monday issued a warning to healthcare providers against administering malaria drug hydroxychloroquine or chloroquine in combination with Gilead Sciences’ experimental COVID-19 drug, remdesivir. 
The agency said the co-administration may result in reduced antiviral activity of remdesivir. (reut.rs/30I9w1O) 
Reporting by Trisha Roy in Bengaluru; Editing by Shinjini Ganguli"
13,"{'id': 'reuters', 'name': 'Reuters'}",Reuters Editorial,U.S. FDA revokes emergency use status of drug touted by Trump for COVID-19,"The U.S. Food and Drug Administration on Monday revoked the emergency use authorization for malaria drug hydroxychloroquine as a treatment for COVID-19, the use of which has been championed by U.S. President Donald Trump.",https://www.reuters.com/article/us-health-coronavirus-hydroxychloroquine-idUSKBN23M283,https://s4.reutersmedia.net/resources_v2/images/rcom-default.png,2020-06-15T15:42:45Z,"(Reuters) - The U.S. Food and Drug Administration on Monday revoked the emergency use authorization for malaria drug hydroxychloroquine as a treatment for COVID-19, the use of which has been championed by U.S. President Donald Trump. 
The FDA said based on new evidence, it was no longer reasonable to believe that oral formulations of hydroxychloroquine and the related drug chloroquine may be effective in treating the respiratory illness caused by the novel coronavirus. 
The move comes after several studies of the drug suggested it was not effective, including a widely anticipated trial earlier this month showed it failed to prevent infection in people who have been exposed to the virus. 
In March, Trump said hydroxychloroquine used in combination with the antibiotic azithromycin had “a real chance to be one of the biggest game changers in the history of medicine”, with little evidence to back up that claim. 
He later said he took the drugs preventively after two people who worked at the White House were diagnosed with COVID-19. 
Reporting by Manas Mishra in Bengaluru; Editing by Shinjini Ganguli"
14,"{'id': 'reuters', 'name': 'Reuters'}",Reuters Editorial,Anti-inflammatory and cancer drugs tested in UK as possible COVID-19 therapy,"Two drugs used to treat inflammatory diseases and cancer are being tested as potential therapies for patients with COVID-19, the Universities of Birmingham and Oxford announced on Wednesday.",https://www.reuters.com/article/us-health-coronavirus-britain-therapy-idUSKBN23H1C9,https://s3.reutersmedia.net/resources/r/?m=02&d=20200610&t=2&i=1521744820&w=1200&r=LYNXMPEG590S6,2020-06-10T09:44:44Z,"LONDON (Reuters) - Two drugs used to treat inflammatory diseases and cancer are being tested as potential therapies for patients with COVID-19, the Universities of Birmingham and Oxford announced on Wednesday. 
Severe cases of COVID-19 are believed to be triggered by an over-reaction of the immune system, known as a cytokine storm, and researchers are investigating whether drugs that suppress certain elements of the immune system can play a role in arresting a rapid escalation of symptoms. 
Izana Bioscience’s Namilumab, a monoclonal antibody already in late-stage tests to treat rheumatoid arthritis and an inflammatory disease called ankylosing spondylitis, is the first of four candidates in the CATALYST trial. 
It targets a cytokine called GM-CSF, which in uncontrolled levels is believed to be a key driver of the excessive and dangerous lung inflammation seen in COVID-19 patients. 
The drug is already being tested as a COVID-19 therapy in Italy. 
The second drug, Infliximab (CT-P13), developed by Slough-based Celltrion Healthcare UK, is an anti-tumour necrosis factor (TNF) therapy. It is used to treat eight autoimmune diseases including rheumatoid arthritis and irritable bowel syndrome. 
Ben Fisher, trial co-clinical investigator from the University of Birmingham, said: “Emerging evidence is demonstrating a critical role for anti-inflammatory drugs in the cytokine storm associated with severe COVID-19 infection. 
“In the CATALYST study we hope to show with a single dose of these kinds of drugs in hospitalised patients that we are able to delay or prevent the rapid deterioration into intensive care and requirement for invasive ventilation in this critical patient group.” 
Other autoimmune disease drugs that are being tested for their ability to quell the cytokine storm in trials include Regeneron and Sanofi’s Kevzara, Roche’s Actemra as well as Morphosys and GlaxoSmithKline’s otilimab. 
Japan’s Takeda has a strategic equity stake in Izana. 
Reporting by Paul Sandle; Editing by Nick Macfie"
15,"{'id': 'reuters', 'name': 'Reuters'}",Reuters Editorial,Pakistan's Hafeez says he has tested negative for COVID-19 - Reuters India,"Pakistan all-rounder Mohammad Hafeez has tested negative for COVID-19 a day after the country's cricket board said he was among seven more players who contracted the disease ahead of their England tour, the player said on Wednesday.",https://in.reuters.com/article/health-coronavirus-cricket-pakistan-engl-idINKBN23V1CN,https://s3.reutersmedia.net/resources/r/?m=02&d=20200624&t=2&i=1523309732&w=1200&r=LYNXMPEG5N116,2020-06-24T09:28:00Z,"(Reuters) - Pakistan all-rounder Mohammad Hafeez has tested negative for COVID-19 a day after the country’s cricket board said he was among seven more players who contracted the disease ahead of their England tour, the player said on Wednesday. 
The Pakistan Cricket Board confirmed on Tuesday that a total of 10 players, including Hafeez, had tested positive but the 39-year-old said in a tweet that a subsequent examination at a private laboratory in Lahore had cleared him. 
Hafeez added that his family had also tested negative and attached a picture of his medical report in the tweet. 
Pakistan’s test and limited-overs squads will tour England for three tests and three Twenty20 internationals. They were due to fly out this month before going into quarantine ahead of the first test starting on July 30. 
England director of cricket Ashley Giles has said that the tour is expected to go ahead. 
England return to action following the COVID-19 stoppage with three tests against the West Indies next month with the first scheduled to begin in Southampton on July 8 without spectators. 
Reporting by Shrivathsa Sridhar in Bengaluru, Editing by William Maclean"
16,"{'id': 'reuters', 'name': 'Reuters'}",Mike Dolan,"Column: Emerging markets' dollar woes abate, but post-pandemic pain looms - Reuters UK","Emerging markets have breathed a sigh of relief at the easing of the dollar-funding shock that accompanied COVID-19, but the respite may be temporary as the post-pandemic landscape looks more unfriendly than ever before for developing economies.",https://uk.reuters.com/article/uk-global-emerging-idUKKBN23V1A9,https://s3.reutersmedia.net/resources/r/?m=02&d=20200624&t=2&i=1523308156&w=1200&r=LYNXMPEG5N105,2020-06-24T09:12:00Z,"LONDON (Reuters) - Emerging markets have breathed a sigh of relief at the easing of the dollar-funding shock that accompanied COVID-19, but the respite may be temporary as the post-pandemic landscape looks more unfriendly than ever before for developing economies. 
Last week proved a marker in that dollar shock as U.S. Federal Reserve data showed falling demand for the emergency liquidity lines it had speedily opened up to the world at the end of March - prompting the Fed’s major central bank peers to reduce the frequency of their operations. 
Emerging markets, at the sharp end of that funding scramble due to outsize government and corporate borrowing in dollars, stand to benefit considerably from the waning tension. 
The space created by the Fed, as well as moves by many emerging central banks to both slash interest rates on a record scale and buy local bonds in unprecedented quantitative easing (QE) manoeuvres, has seen financial conditions ease at last. 
After an historically sharp “sudden stop” in financing in March, when record capital outflows from emerging stocks and bonds of $83 billion were recorded by the Institute for International Finance, there’s since been a bounce. 
So much so, the yield on JP Morgan’s local currency sovereign bond index has dropped more than a full percentage point to an historic low of 4.8% - showing nominal borrowing rates for emerging governments cheaper than they’ve ever been. 
Meanwhile a measure of net policy moves show more easing across the emerging universe than even during the financial crash 12 years ago, further underlining the leeway to loosen conditions without adverse effects. 
This week alone, for example, Hungary’s central bank surprised forecasters with another rate cut on Tuesday, and Mexico and Turkey are likely to follow suit later in the week. 
Emerging market currencies - unlike during other episodes of rapid monetary loosening - continue to hold up remarkably well. 
A paper by the Bank for International Settlements this month remarked how concerns about using QE in inflation-prone and foreign capital dependent emerging markets have so far proved unfounded and instead “provided useful support” in a shock. 
“Market reactions do not suggest that the launch of the new measures gave rise to perceived risks of fiscal dominance or large-scale monetary easing,” the BIS paper said, adding market belief in the time-limited nature of the forays could be seen in how little currencies fell or bond yields rose afterwards. 
TROUBLE AHEAD? 
The resilience and easier funding is a relief, but many experts are worried about what is to come. 
The pandemic is proving hard to tamp down in countries with weaker health systems and more limited finances. Even though far from the poorest, Brazil’s struggle to contain COVID-19 is a case in the point, and it’s now second only to the United States in both cases and deaths. 
Then there’s a growing concern that the legacy of the pandemic will be to accelerate pre-pandemic trends in protectionism and de-globalisation, which the developing world stands to lose from. 
The potential damage to trade growth and diverse supply chains across emerging economies adds to the hit to the poorest nations from any shrinking of gigantic remittance flows. 
The Pew Research Centre, using World Bank, Oxford University and Google data, estimates that this year’s lockdowns will cut global remittance flows by a record 20% this year - or by more than $140 billion. 
Even though the “emerging markets” grouping disguises very different national stories and trends, the asset class as a whole has persistently underperformed developed markets for almost a decade. 
Investment managers reasonably make cases for specific countries or hard currency bonds in EM or for currencies of more fiscally sound or reserve-rich countries with positive real interest rates. JP Morgan’s multi-asset team eyes Mexico, Russia and China in that regard. 
But while easier financing should bring recovery, longer-lasting shifts in the global economy and politics may keep investors wary of emerging markets for some time and ensure they remain laggards for longer. 
The author is editor-at-large for finance and markets at Reuters News. Any views expressed here are his own.
by Mike Dolan, Twitter: @reutersMikeD; Editing by Pravin Char"
17,"{'id': 'reuters', 'name': 'Reuters'}",Reuters Editorial,"easyJet's first-half loss widens as COVID-19 hurts travel, seeks cash - Reuters UK",Budget airline easyJet on Wednesday reported a bigger loss for the first half as it took a 160-million-pound hit from failed fuel hedging as the COVID-19 pandemic brought global air travel to a virtual standstill.,https://uk.reuters.com/article/uk-easyjet-results-idUKKBN23V2I7,https://s2.reutersmedia.net/resources/r/?m=02&d=20200624&t=2&i=1523353302&w=1200&r=LYNXMPEG5N1R4,2020-06-24T16:16:00Z,"(Reuters) - Budget airline easyJet (EZJ.L) on Wednesday reported a bigger loss for the first half as it took a 160-million-pound hit from failed fuel hedging as the COVID-19 pandemic brought global air travel to a virtual standstill. 
The London-listed company reported a pretax loss of 353 million pounds for the six months ended March 31 from a loss of 272 million pounds last year. Revenue rose 1.6%, though easyJet took a hit from strikes in France, and storms Ciara and Dennis. 
The airline, which did not provide guidance for the rest of the year, separately announced that it would raise as much as 450 million pounds by selling shares to bolster its finances as most of its fleet remains grounded during the health crisis. 
Reporting by Pushkala Aripaka in Bengaluru; Editing by Shailesh Kuber"
18,"{'id': 'reuters', 'name': 'Reuters'}",Reuters Editorial,EU delays greater competition in derivatives market by a year - Reuters UK,The European Union said it has delayed the introduction of rules aimed at increasing competition in derivatives clearing after concerns that the COVID-19 pandemic has hindered market preparations.,https://uk.reuters.com/article/us-eu-derivatives-idUKKBN23V1UZ,https://s4.reutersmedia.net/resources_v2/images/rcom-default.png,2020-06-24T12:53:00Z,"LONDON (Reuters) - The European Union said it has delayed the introduction of rules aimed at increasing competition in derivatives clearing after concerns that the COVID-19 pandemic has hindered market preparations. 
Representatives of EU states and the European Parliament cited “adverse circumstances arising from the COVID-19 pandemic”, a statement from the Council of EU states said. 
The rules would allow market participants to choose where they want to clear their listed derivatives trades, pitting clearers like the London Stock Exchange’s (LSE.L) LCH, Deutsche Boerse’s (DB1Gn.DE) Eurex, and ICE (ICE.N) against each other. 
The rules, part of the EU’s MiFID II securities law, were due to come into force on July 4 and will now be delayed a year until July 4, 2021. 
They were controversial in the making, with lawmakers’ concerns over the potential impact on financial stability disputed by proponents of greater competition in markets. 
The European Securities and Markets Authority said on June 11 that market disruption from COVID-19 could increase operational risks by limiting the capacity of clearers to assess access requests and manage the migration of transactions. 
Britain’s Financial Conduct Authority said it backed ESMA’s stance. 
Clearing houses ensure a securities transaction is completed even if one side of the deal goes bust. 
Reporting by Huw Jones; Editing by Gareth Jones"
19,"{'id': 'reuters', 'name': 'Reuters'}",Reuters Editorial,Drug pricing review group raises recommended price for Gilead's remdesivir - Reuters,"The Institute for Clinical and Economic Review on Wednesday boosted its benchmark price for Gilead Sciences Inc's remdesivir, suggesting the antiviral could be priced up to $5,080, based on benefits shown in COVID-19 patients.",https://www.reuters.com/article/us-health-coronavirus-gilead-sciences-ic-idUSKBN23V2ER,https://s1.reutersmedia.net/resources/r/?m=02&d=20200624&t=2&i=1523348855&w=1200&r=LYNXMPEG5N1P2,2020-06-24T15:45:00Z,"(Reuters) - The Institute for Clinical and Economic Review on Wednesday boosted its benchmark price for Gilead Sciences Inc’s (GILD.O) remdesivir, suggesting the antiviral could be priced up to $5,080, based on benefits shown in COVID-19 patients. 
The Boston-based group had previously suggested a price of around $4,500 for a 10-day course of remdesivir. Gilead has not announced the price of the therapy in the United States. 
Reporting by Saumya Sibi Joseph in Bengaluru; Editing by Shinjini Ganguli"
