,source,author,title,description,url,urlToImage,publishedAt,content
0,"{'id': 'reuters', 'name': 'Reuters'}",Reuters Editorial,Virus-free Vietnam not ready to open doors to foreign tourists yet: PM - Reuters,"Despite successfully containing its COVID-19 outbreak, Vietnam has no plans to open up to international tourists yet over fears that doing so could lead to a second wave of infections, the Southeast Asian country's prime minister said on Wednesday.",https://www.reuters.com/article/us-health-coronavirus-vietnam-idUSKBN23W0QP,https://s2.reutersmedia.net/resources/r/?m=02&d=20200625&t=2&i=1523424676&w=1200&r=LYNXMPEG5O0JI,2020-06-25T06:22:00Z,"HANOI (Reuters) - Despite successfully containing its COVID-19 outbreak, Vietnam has no plans to open up to international tourists yet over fears that doing so could lead to a second wave of infections, the Southeast Asian country’s prime minister said on Wednesday. 
Thanks to an aggressive, targeted testing programme and a centralised quarantine system, Vietnam has contained infections numbers to a relatively low 352 cases, most of whom have recovered. There have been no reported deaths. 
“There is no story of rushing to open the doors,” Prime Minister Nguyen Xuan Phuc said in a statement posted to the government website on Wednesday. 
“Vietnam is not yet ready to welcome back international tourists. Foreign experts, high level workers and investors into Vietnam are welcomed but will be closely monitored.” 
Highly skilled foreign experts such as engineers have been allowed to enter Vietnam on special flights and quarantine at hotels in a bid to keep the economy afloat throughout the global pandemic. Phuc said the frequency of such flights should be increased. 
For over two months, Vietnam has reported no community transmission of the coronavirus. In early June, Vietnam said it was planning to resume flights to some virus-free countries that had registered no cases of coronavirus for 30 days or more. 
Other Southeast Asian countries with slowing infections are considering travel bubble arrangements in the months ahead, such as Malaysia and Thailand, to include countries such as China, South Korea and Japan. 
Thailand has been 31 days without a domestic transmission and will allow entry of some short-term business travellers and medical tourists from next month. 
Reporting by Phuong Nguyen; Editing by James Pearson and Martin Petty"
1,"{'id': 'reuters', 'name': 'Reuters'}",Reuters Editorial,"Kings, Pacers players among three positive coronavirus tests - Reuters","Three NBA players have tested positive for COVID-19 including the Sacramento Kings pair of Jabari Parker and Alex Len and Indiana Pacers' Malcolm Brogdon, the league has confirmed.",https://uk.reuters.com/article/uk-health-coronavirus-basketball-nba-idUKKBN23W0NQ,https://s4.reutersmedia.net/resources_v2/images/rcom-default.png,2020-06-25T05:39:00Z,"(Reuters) - Three NBA players have tested positive for COVID-19 including the Sacramento Kings pair of Jabari Parker and Alex Len and Indiana Pacers’ Malcolm Brogdon, the league has confirmed. 
All three players said on Wednesday they expected to recover in time for the resumption of the league next month. 
""Several days ago I tested positive for COVID-19 and immediately self-isolated in Chicago which is where I remain,"" Kings forward Parker said in a team statement here
“I am progressing in my recovery and feeling well. I look forward to joining my teammates in Orlando as we return to the court for the resumption of the NBA season.” 
Centre Len later said in an Instagram post www.instagram.com/alexlen_25 that he too had the disease while Brogdon confirmed his positive test in a statement here released by the Pacers on Twitter. 
The NBA, season halted by the novel coronavirus outbreak, is set to resume with a tentative July 31 start date, at Disney World in Florida. 
The plan would see 22 of the NBA’s 30 teams play eight seeding games to determine a 16-team playoff field that would follow the traditional post-season format with four best-of-seven series that would crown a champion no later than Oct. 12. 
The NBA was the first North American sports league to suspend its season after one of its players tested positive in mid-March with five weeks left in the 82-game regular season. 
Reporting by Shrivathsa Sridhar in Bengaluru; Editing by Robert Birsel"
2,"{'id': 'reuters', 'name': 'Reuters'}",Reuters Editorial,Factbox: Latest on the worldwide spread of the coronavirus - Reuters India,"The governors of New York, New Jersey and Connecticut on Wednesday ordered travellers from eight other U.S. states to be quarantined for two weeks on arrival, as COVID-19 infections surged in regions spared the brunt of the initial outbreak.",https://in.reuters.com/article/health-coronavirus-latest-idINKBN23W0PA,https://s4.reutersmedia.net/resources/r/?m=02&d=20200625&t=2&i=1523422688&w=1200&r=LYNXMPEG5O0IS,2020-06-25T06:00:00Z,"(Reuters) - The governors of New York, New Jersey and Connecticut on Wednesday ordered travellers from eight other U.S. states to be quarantined for two weeks on arrival, as COVID-19 infections surged in regions spared the brunt of the initial outbreak. 
DEATHS AND INFECTIONS 
* More than 9.44 million people have been reported to be infected by the novel coronavirus globally and 481,672 have died, a Reuters tally showed as of 0400 GMT on Wednesday. 
* For an interactive graphic tracking the global spread, open tmsnrt.rs/3aIRuz7 in an external browser. 
* For a U.S.-focused tracker with state-by-state and county map, open tmsnrt.rs/2w7hX9T in an external browser. 
EUROPE 
* The number of confirmed coronavirus cases in Germany increased by 630 to 192,079, data from the Robert Koch Institute (RKI) for infectious diseases showed on Thursday. 
* A second wave is a real risk for Britain and local flare-ups are likely, major health bodies said, in one of the strongest warnings yet to Prime Minister Boris Johnson as he eases the lockdown. 
* The Dutch government announced a widespread easing of coronavirus lockdown measures that will allow outdoor gatherings, group restaurant visits and regular public transport services from July 1. 
* Ukraine is opening more of its hospitals to coronavirus cases as the institutions initially chosen to accept patients no longer have enough beds to cope with a surge in infections, the health minister said. 
AMERICAS 
* Walt Disney Co said the reopening of theme parks and resort hotels in California will be delayed until Disneyland receives approval from state officials, as the state is hit by a huge spike in new coronavirus cases. 
* Mexico’s health ministry on Wednesday reported 947 new deaths from the coronavirus and 5,437 new cases. 
* The University of Washington forecast nearly 180,000 U.S. deaths from COVID-19 by Oct. 1 as cases showed new signs of surging. 
* The Trump administration said it would no longer directly fund 13 of its original coronavirus testing sites in five states, saying states were allocated money for testing by the federal government last month. 
* U.S. Secretary of State Mike Pompeo said the U.S. was working with countries in Europe and elsewhere on how to reopen for travel safely. 
ASIA-PACIFIC 
* Thailand on Thursday reported one new coronavirus case detected in a Thai national returning from abroad, taking the country to 31 days without a local transmission. 
* Australia’s second most populous state deployed ambulances and mobile test centres in a coronavirus testing blitz as the country recorded the biggest daily rise in cases in two months. 
* China’s health authority reported on Thursday 19 new coronavirus cases in the mainland for June 24, up from 12 a day earlier. 
* Taiwan has put more than 100 people under quarantine while it investigates its first possible local case of coronavirus infection in more than two months, a Japanese woman who tested positive last week, the government said on Wednesday. 
* Philippines’ stock trading floor will remain shut for decontamination, but trades were unaffected and the trading floor and on-site work will resume on Friday, the bourse operator said. 
* Indonesian authorities complained that hundreds of people had refused testing for the virus as social taboos emerge as another obstacle to stopping its spread. 
MIDDLE EAST AND AFRICA 
* Millions of women and children in poor countries are at risk because the pandemic is disrupting health services they rely on, a World Bank global health expert has warned. 
* All African countries have now developed laboratory capacity to test for the coronavirus, the head of the World Health Organization said. 
* Iran’s death toll has risen to nearly 10,000 with 133 new fatalities in the past 24 hours, the health ministry said. 
MEDICAL DEVELOPMENTS 
* Gilead Sciences Inc’s antiviral remdesivir could be priced up to $5,080 per course based on benefits shown in COVID-19 patients, a U.S. drug pricing research group suggested. 
* A Chinese military research institute has been approved to test its second experimental coronavirus vaccine in humans, the eighth candidate in clinical trials for China as it emerges as a front-runner in the global fight against COVID-19. 
* Oxford University rolled out Africa’s first human trials for a potential vaccine against the new coronavirus in South Africa. 
ECONOMIC FALLOUT 
* Weak demand is forcing U.S. employers to lay off workers, keeping new applications for unemployment benefits extraordinarily high, even as businesses have reopened, buttressing views the labor market could take years to recover from the COVID-19 pandemic. 
* Britain’s economy is shrinking at its fastest pace in centuries as the devastation wrought by the coronavirus pandemic saps demand, but it’s likely to bounce back to growth next quarter as more businesses reopen, a Reuters poll found. 
* China is adding a new face to its trade negotiation team by appointing its chief representative at the World Bank to head the Finance Ministry’s international cooperation department, sources said. 
* The pandemic has caused wider and deeper damage to economic activity than first thought, the International Monetary Fund said, prompting the institution to slash its 2020 global output forecasts further. 
* Portuguese banks are likely to suffer a significant impact from the coronavirus, the Bank of Portugal warned. 
* The Philippine government is seeking a record 4.3 trillion peso budget for 2021 focused on reviving an economy expected this year to shrink for the first time in two decades, a top official said. 
Compiled by Devika Syamnath and Amy Caren Daniel; Editing by Maju Samuel and Anil D'Silva"
3,"{'id': 'reuters', 'name': 'Reuters'}",Reuters Editorial,"Aurora Cannabis plans layoffs, closing five facilities - Reuters","Aurora Cannabis on Tuesday announced significant staff reductions and plans to shut five facilities over the next two quarters, as the cash-crunched cannabis industry scrambles to cut costs amid the COVID-19 pandemic.",https://www.reuters.com/article/us-aurora-cannabis-layoffs-idUSKBN23U2JU,https://s2.reutersmedia.net/resources/r/?m=02&d=20200623&t=2&i=1523215865&w=1200&r=LYNXMPEG5M1HE,2020-06-23T15:37:00Z,"(Reuters) - Aurora Cannabis (ACB.TO) (ACB.N) on Tuesday announced significant staff reductions and plans to shut five facilities over the next two quarters, as the cash-crunched cannabis industry scrambles to cut costs amid the COVID-19 pandemic. 
The Canadian pot producer said it has cut its selling, general and administrative (SG&amp;A) workforce by 25% and will lay off 30% of its production staff over the next two quarters. 
A slow roll out of retail stores, the prevalence of illicit markets and burgeoning supply from producers racing to assert dominance have led to steep price declines and unsold pot stacking up. 
Aurora said it expects SG&amp;A expenses to be around C$42 million in the first quarter of fiscal 2021, compared with C$75.1 million, excluding severance costs, recorded in the third quarter. 
It also expects production asset impairment charges of up to C$60 million in the fourth quarter. 
($1 = 1.3503 Canadian dollars) 
Reporting by Arunima Kumar in Bengaluru; Editing by Shinjini Ganguli"
4,"{'id': 'reuters', 'name': 'Reuters'}",Reuters Editorial,"Quotes from Djokovic on tennis amid a pandemic, vaccinations and COVID-19 - Reuters","World number one Novak Djokovic tested positive for COVID-19 on Tuesday, days after he hosted a number of players in the Adria Tour exhibition tournament in the Balkan region.",https://www.reuters.com/article/us-health-coronavirus-tennis-djokovic-co-idUSKBN23U2GV,https://s2.reutersmedia.net/resources/r/?m=02&d=20200623&t=2&i=1523213941&w=1200&r=LYNXMPEG5M1G3,2020-06-23T15:19:00Z,"(Reuters) - World number one Novak Djokovic tested positive for COVID-19 on Tuesday, days after he hosted a number of players in the Adria Tour exhibition tournament in the Balkan region. 
Djokovic was criticised for hosting the tournament amid a pandemic after Grigor Dimitrov, Borna Coric and Viktor Troicki also returned positive tests after playing in the tournament that was held in Serbia and Croatia. 
Following is a list of quotes from the 17-times Grand Slam champion on tennis, the pandemic, vaccines and more: 
Djokovic on testing positive for COVID-19 (June 23): 
“The moment we arrived in Belgrade we went to be tested. My result is positive, just as (wife) Jelena’s, while the results of our children are negative. 
“I’m extremely sorry for each individual case of infection. I hope that it will not complicate anyone’s health situation and that everyone will be fine. I will remain in self-isolation for the next 14 days, and repeat the test in five days.” 
Djokovic on mandatory coronavirus vaccinations (April 19): 
“Personally I’m opposed to vaccination and I wouldn’t want to be forced by someone to take a vaccine in order to be able to travel. 
“But if it becomes compulsory, what will happen? I’ll have to make a decision. I have my own thoughts about the matter and whether those thoughts will change at some point, I don’t know.” 
Djokovic on the power of positive emotions (May 6): 
“This is something that is not linked to any form of official way of presenting nutrition and how you should eat and drink. 
“I know some people that, through energetic transformation, through the power of prayer, through the power of gratitude, they managed to turn the most toxic food, or maybe most polluted water into the most healing water. 
“Scientists have proven that in (an) experiment, that molecules in the water react to our emotions to what has been said.” 
Djokovic on the U.S. Open’s strict protocols (June 6): 
“The rules that they told us that we would have to respect to be there, to play at all, they are extreme. We would not have access to Manhattan, we would have to sleep in hotels at the airport, to be tested twice or three times per week. 
“Also, we could bring one person to the club which is really impossible. I mean, you need your coach, then a fitness trainer, then a physiotherapist.” 
Djokovic on staging an exhibition tournament in Serbia amid the pandemic (June 12): 
“We have different circumstances and measures (to other countries) so it’s very difficult to think of international standards (regarding the pandemic). 
“We’ve had better numbers compared to some other countries. Of course, lives have been lost and that’s horrible to see, in the region and worldwide. But life goes on and we as athletes are looking forward to competing. 
“You can also criticise us and say this is maybe dangerous but it’s not up to me to make the calls what is right or wrong health-wise. We are doing what the Serbian government is telling us and hopefully we soon will get back on tour collectively.” 
Djokovic on the prospect of the U.S. Open going ahead and the ATP Tour’s resumption (June 18): 
“Hopefully every single player who is participating, chosen by ranking and who deserves their place at the U.S. Open, will have an equal opportunity to travel there and compete as everybody else. 
“I’m extremely happy and excited to see that all the tournaments, especially Grand Slams, are organising their events. 
“I think that a lot of people were sceptical, especially for the U.S. events considering what the U.S. went through as a country during this pandemic. So a lot of people, including myself, were quite sceptical on whether it would happen or not.” 
Compiled by Arvind Sriram in Bengaluru; Editing by Christian Radnedge"
5,"{'id': 'reuters', 'name': 'Reuters'}",Reuters Editorial,Irish consumer sentiment improves for second month after COVID collapse - Reuters UK,"Irish consumer sentiment improved in June for the second month in a row, but remains well below levels recorded before the onset of the COVID-19 crisis, a survey showed on Wednesday.",https://uk.reuters.com/article/uk-ireland-economy-consumersentiment-idUKKBN23U3GX,https://s4.reutersmedia.net/resources/r/?m=02&d=20200623&t=2&i=1523262109&w=1200&r=LYNXMPEG5M278,2020-06-23T23:07:00Z,"DUBLIN (Reuters) - Irish consumer sentiment improved in June for the second month in a row, but remains well below levels recorded before the onset of the COVID-19 crisis, a survey showed on Wednesday. 
The KBC Bank consumer sentiment index climbed to 61.6 in June from 52.3 in May, but remains some distance from February’s pre-pandemic reading of 85.2. In April the index dropped to 42.6 in the sharpest month-on-month decline in the survey’s 24-year history. 
The recovery in consumer sentiment mirrors gains in similar indicators for the United States, euro zone and Britain, and suggests the easing of lockdown measures is making consumers feel slightly less negative about the economic outlook, the index compilers said. 
“There was a significant improvement in expectations for household finances a year from now but, again, this needs to be seen in context,” said Austin Hughes, chief economist at KBC Ireland. “Only one in 20 consumers envisages better financial circumstances through the next 12 months whereas one in three expects a deterioration.” 
Ireland in March shut bars, restaurants and non-essential retail outlets and ordered people to stay at home, but has announced plans to accelerate the reopening of its economy as the rate of COVID-19 infections falls. 
Hughes said that fading fears should support stronger spending, but warned that “the cautious tone of responses to 
questions on personal finances suggests a still fearful and, in many instances, financially damaged Irish consumer”. 
Reporting by Graham Fahy; Editing by Catherine Evans"
6,"{'id': 'reuters', 'name': 'Reuters'}",Lucia Mutikani,U.S. economy improving; rising COVID-19 cases a threat - Reuters India,"Sales of new U.S. single-family homes increased more than expected in May and business activity contracted moderately this month, suggesting the economy was on the cusp of recovering from the recession caused by the COVID-19 crisis.",https://in.reuters.com/article/usa-economy-idINKBN23U2OO,https://s4.reutersmedia.net/resources/r/?m=02&d=20200623&t=2&i=1523220356&w=1200&r=LYNXMPEG5M1K8,2020-06-23T16:12:00Z,"WASHINGTON (Reuters) - Sales of new U.S. single-family homes increased more than expected in May and business activity contracted moderately this month, suggesting the economy was on the cusp of recovering from the recession caused by the COVID-19 crisis. 
But a resurgence in confirmed coronavirus cases across the country threatens the nascent signs of improvement evident in Tuesday’s economic data. Many states have reported record daily increases in COVID-19 infections, which health experts have blamed on local governments reopening their economies too soon. The economy has stabilized as businesses reopened after closing in mid-March to control the spread of the respiratory illness. 
“The renewed upsurge in COVID-19 cases across the South and the West poses a clear downside risk over the coming months but, with a second wave of state-wide lockdowns appearing unlikely for now, we are assuming this will act as a modest drag on the economic recovery, rather than resulting in a renewed downturn,” said Andrew Hunter, senior U.S. economist at Capital Economics. 
New home sales jumped 16.6% to a seasonally adjusted annual rate of 676,000 units last month, the Commerce Department said. New home sales are counted at the signing of a contract, making them a leading housing market indicator. Last month’s increase left sales just shy of their pre-COVID-19 level. 
Sales dropped 5.2% in April to a pace of 580,000 units. Economists polled by Reuters had forecast new home sales, which account for about 14.7% of housing market sales, rising 2.9% to a pace of 640,000 in May. 
New home sales are drawn from building permits. Sales surged 12.7% from a year ago in May. The report followed on the heels of data last week showing home purchase applications at an 11-year high in mid-June and permits rebounding strongly in May. 
The broader economy slipped into recession in February, leaving nearly 20 million people unemployed as of May. 
In a separate report on Tuesday, data firm IHS Markit said its flash U.S. Composite Output Index, which tracks the manufacturing and services sectors, rose to a reading of 46.8 in June from 37 in May. A reading below 50 indicates contraction in private sector output. 
The improvement was led by an ebb in the manufacturing sector downturn, with the flash Purchasing Managers Index climbing to 49.6 from 39.8 in May. The survey’s services sector flash PMI rose to 46.7 from 37.5 in May. 
Activity is also picking up around the globe. The IHS Markit’s euro zone Flash Composite Purchasing Managers’ Index recovered to 47.5 from May’s 31.9. 
Stocks on Wall Street extended gains on the data and hopes of more fiscal stimulus. The dollar fell against a basket of currencies. U.S. Treasury prices were lower. 
UNEMPLOYMENT HURDLE 
The market for new homes is being supported by historic low interest rates and a preference among buyers for single-family homes away from city centers as companies allow employees more flexibility to work from home amid the coronavirus crisis. 
But with record unemployment and companies freezing hiring to deal with weak demand and keep costs under control, a sharp rebound in the housing market is unlikely. 
“If the overall economy seems to be slowing, the public may not be quite as confident about putting a down payment on an expensive new home,” said Chris Rupkey, chief economist at MUFG in New York. “Many businesses are insolvent and there will be less spending from unemployed Americans as well that could keep this economic recovery in the slow lane for some time.” 
Last month’s increase in new home sales did little to offset a plunge in sales of existing homes in April and May, leaving intact economists’ expectations for a record tumble in residential investment in the second quarter. Homebuilding also rebounded moderately in May after slumping in April. 
Last month, new home sales shot up 45.5% in the Northeast and advanced 29% in the West. They rose 15.2% in the South, which accounts for the bulk of transactions, but fell 6.4% in the Midwest. 
The median new house price rose 1.7% to $317,900 in May from a year ago. New home sales last month were concentrated in the $200,000 to $400,000 price range. 
New homes priced below $200,000, the most sought after, accounted for about 15% of sales. 
There were 318,000 new homes on the market in May, down from 325,000 in April. At May’s sales pace it would take 5.6 months to clear the supply of houses on the market, down from 6.7 months in April. Nearly two-thirds of the homes sold last month were either under construction or yet to be built. 
Reporting by Lucia Mutikani; Editing by Andrea Ricci"
7,"{'id': 'reuters', 'name': 'Reuters'}",Sudipto Ganguly,Djokovic's charity event exposes risks faced by professional athletes - Reuters India,"Novak Djokovic aimed to help people affected by the COVID-19 pandemic with his charity tournament but with a number of players testing positive for the virus after attending the event, it could imperil the resumption of professional tennis.",https://in.reuters.com/article/health-coronavirus-tennis-future-idINKBN23V10D,https://s2.reutersmedia.net/resources/r/?m=02&d=20200624&t=2&i=1523301240&w=1200&r=LYNXMPEG5N0RH,2020-06-24T07:53:00Z,"(Reuters) - Novak Djokovic aimed to help people affected by the COVID-19 pandemic with his charity tournament but with a number of players testing positive for the virus after attending the event, it could imperil the resumption of professional tennis. 
The men’s world number one was the fourth player to contract the virus after Bulgarian Grigor Dimitrov, Croatia’s Borna Coric and Viktor Troicki previously tested positive after playing in the Adria Tour event in the Balkan region. 
The tournament was among many events that have recently been held while professional tennis remains suspended due to the pandemic. 
But there was one key difference about Djokovic’s event. 
While the other tournaments were contested without any fans in attendance and those present adhered to social distancing rules, Djokovic’s Adria Tour attracted a capacity crowd in the Serbian capital, where players interacted, embraced and partied like they did in pre-COVID-19 days. 
“Djokovic shot himself in the foot by organising the Adria Tour,” Radmilo Armenulic, a former Yugoslavia Davis Cup coach, told Reuters by phone. 
“The organisation of the Belgrade leg was catastrophic, the stands were so full that fans were virtually sitting on top of each other. He staged this event with the best of intentions but it turns out it was a big mistake.” 
While the players hugged at the net, played basketball, posed for pictures and attended news conferences together, Djokovic also organised nights out in Belgrade and pictures and videos of him dancing with the players made it to social media. 
The players, however, did not break any government protocols in Serbia or Croatia with both countries easing lockdown measures weeks before the event. 
But it highlighted the risks of athletes from different countries being in close proximity to one another, which could be a concern for the men’s ATP and women’s WTA Tour when they resume the professional circuit in August after five months. 
The United States Tennis Association (USTA) has also announced plans for the U.S. Open Grand Slam to be held as scheduled from Aug. 31 in New York and governing bodies are expected to have strict protocols is place. 
“We have to be careful because we also have to be conscious that even with extreme measures, you could actually end up having some players testing positive,” ATP chairman Andrea Gaudenzi told the New York Times. 
BUBBLE 
During the U.S. Open, players and guests must wear masks when onsite unless practising or competing and testing will be conducted before travelling to the United States and at least once per week along with daily temperature checks. 
Top players, including Djokovic, have in recent times expressed their displeasure at the stringent measures, something that the ATP and the WTA are also expected to incorporate at their tournaments. 
Gaudenzi said he hoped players will be more receptive to restrictions following the Adria Tour fiasco. 
Stacey Allaster, the new U.S. Open tournament director, said organisers had to take a “leap of faith” regarding players’ willingness to follow the protocols. 
“If you think about it, we really designed this tournament around a bubble,” said Brian Hainline, the chief medical officer for the NCAA. 
“If someone becomes infected, that’s a possibility, if they go out and they put themselves at a behaviour where their behaviour is risky, they’re really taking on a responsibility of saying what I’m doing is not that important to my fellow players.” 
Armenulic, however, believes it will take the sport at least a year to go back to where it was before the pandemic and professional circuit should not resume before next year’s Australian Open. 
“Unfortunately, this virus is still present, and it is a new reality that we are still learning to cope and live with,” Djokovic, a 17-times Grand Slam singles champion, said. 
“I am hoping things will ease with time so we can all resume lives the way they were. 
“I am so deeply sorry our tournament has caused harm. We were wrong and it was too soon.” 
Reporting by Sudipto Ganguly in Munbai; additional reporting by Zoran Milosavljevic in Belgrade; editing by Pritha Sarkar"
8,"{'id': 'reuters', 'name': 'Reuters'}",Reuters Editorial,Liverpool's Klopp wants City clash to be played in Manchester - Reuters India,"Liverpool would prefer next week's away fixture against Manchester City to be held at the Etihad Stadium and not moved to a neutral venue due to the COVID-19 situation, manager Juergen Klopp has said.",https://in.reuters.com/article/soccer-england-liv-klopp-idINKBN23V0WE,https://s4.reutersmedia.net/resources/r/?m=02&d=20200624&t=2&i=1523297981&w=1200&r=LYNXMPEG5N0OT,2020-06-24T07:31:12Z,"(Reuters) - Liverpool would prefer next week’s away fixture against Manchester City to be held at the Etihad Stadium and not moved to a neutral venue due to the COVID-19 situation, manager Juergen Klopp has said. 
Liverpool, who could potentially seal their first English league crown in 30 years against City next Thursday, are awaiting a decision from a safety advisory group on the venue. 
“Honestly, I would prefer it is at Manchester, otherwise it would be really difficult to organise it,” Klopp told reporters ahead of Wednesday’s league clash against Crystal Palace. 
Authorities could shift the game to a neutral venue due to concerns Liverpool fans might congregate outside the stadium to celebrate their success. 
“I don’t know how it would be but it would not be in Liverpool so it would mean we both have to go somewhere where we both need a hotel. That is the only issue,” Klopp added. 
“Apart from that we play where they send us to but I would prefer it in Manchester ... I’ll wait until the final information is confirmed whether it is Manchester or not. It would be a challenge for both clubs.” 
Reporting by Shrivathsa Sridhar in Bengaluru; Editing by Peter Rutherford"
9,"{'id': 'reuters', 'name': 'Reuters'}",Kate Kelland,"Exclusive: Women, babies at risk as COVID-19 disrupts health services, World Bank warns - Reuters","Millions of women and children in poor countries are at risk because the COVID-19 pandemic is disrupting health services they rely on, from neonatal and maternity care to immunisations and contraception, a World Bank global health expert has warned.",https://www.reuters.com/article/us-health-coronavirus-women-children-exc-idUSKBN23V178,https://s4.reutersmedia.net/resources/r/?m=02&d=20200624&t=2&i=1523305582&w=1200&r=LYNXMPEG5N0WW,2020-06-24T08:44:00Z,"LONDON (Reuters) - Millions of women and children in poor countries are at risk because the COVID-19 pandemic is disrupting health services they rely on, from neonatal and maternity care to immunisations and contraception, a World Bank global health expert has warned. 
Monique Vledder, head of secretariat at the bank’s Global Financing Facility (GFF), told Reuters in an interview the agency was gravely worried about the numbers of children missing vaccinations, women giving birth without medical help and interrupted supplies of life-saving medicines like antibiotics. 
“We’re very concerned about what’s happening - particularly in sub-Saharan Africa,” Vledder said as she unveiled the results of a GFF survey, one of the first seeking to assess the impact of COVID-19 on women’s and children’s health. 
“Many of the countries we work in are fragile and so, by definition, already have very challenging situations when it comes to health service delivery. This is making things worse.” 
From late March, the GFF has conducted monthly surveys with local staff in 36 countries to monitor the impact of COVID-19 on essential health services for women, children and adolescents. 
Sharing the survey findings with Reuters, GFF said that of countries reporting, 87% said the pandemic, fears about infection or lockdown measures designed to curb the spread of the coronavirus, had led to disruptions to health workforces. 
More than three-quarters of countries also reported disruptions in supplies of key medicines for mothers and babies, such as antibiotics to treat infections and oxytocin, a drug for preventing excessive bleeding after childbirth. 
The number of GFF countries reporting service disruptions nearly doubled from 10 in April to 19 in June, and the number reporting fewer people seeking essential health services jumped to 22 in June from five in April. 
GFF found that in Liberia, for example, fears about COVID-19 were preventing parents from taking their children to health clinics. In Ghana, some pregnant and lactating mothers were opting to postpone antenatal services and routine immunisations for fear of contracting the pandemic disease. 
“We are seeing declining vaccination rates among children. We’re seeing women accessing services less for ante- or post-natal care. We’re seeing a decline in babies being born in health facilities. And we’re also seeing a slide in outpatient services - for treatments for diarrhoea, malaria, fever, pneumonia for example,” Vledder said. 
Rapidly declining access to reproductive health supplies is also a key worry, Vledder added. The GFF estimates that if the situation does not improve as many as 26 million women could lose access to contraception in the 36 countries, leading to nearly 8 million unintended pregnancies. 
Reporting by Kate Kelland; Editing by Josephine Mason and Alex Richardson"
10,"{'id': 'reuters', 'name': 'Reuters'}",Reuters Editorial,IMF forecasts deeper recession for sub-Saharan Africa - Reuters,"Sub-Saharan Africa's gross domestic product is expected to shrink by 3.2% this year due to the impact of the COVID-19 pandemic, the International Monetary Fund said on Wednesday, more than a previous estimated contraction of 1.6%.",https://www.reuters.com/article/health-coronavirus-africa-imf-idUSL8N2E12HI,https://s4.reutersmedia.net/resources_v2/images/rcom-default.png,2020-06-24T13:00:00Z,"JOHANNESBURG, June 24 (Reuters) - Sub-Saharan Africa’s gross domestic product is expected to shrink by 3.2% this year due to the impact of the COVID-19 pandemic, the International Monetary Fund said on Wednesday, more than a previous estimated contraction of 1.6%. 
In its World Economic Outlook update, the IMF projected that GDP in South Africa, the continent’s most advanced economy, would shrink by 8% in 2020, a bigger contraction than the 5.8% forecast in April. 
South Africa’s strict nationwide lockdown, imposed in late March to curb the spread of the novel coronavirus, sharply curtailed production across key sectors such as mining and retail, further hobbling an economy already in recession. 
The lockdown remains in place, but some restrictions have been eased to allow key sectors to resume operations. 
For Africa’s top oil exporter Nigeria, the IMF also projected a significant economic contraction, with GDP seen falling 5.4% this year after an earlier forecast for a 3.4% contraction. 
Nigeria faces economic distress not only from the coronavirus outbreak but also from a sharp fall in crude prices. 
Nigeria’s government has said it expects its economy to contract by 3.4% this year. However, last month Nigeria’s finance minister said the economy could shrink by as much as 8.9% in 2020 in a worst-case scenario. 
Meanwhile, the cost of living in Nigeria has risen steadily. Annual inflation rose for the ninth straight month in May, to a two-year high of 12.4%. (Reporting by Olivia Kumwenda-Mtambo in Johannesburg and Alexis Akwagyiram in Lagos Editing by Gareth Jones)"
11,"{'id': 'reuters', 'name': 'Reuters'}",Reuters Editorial,Three new positive COVID-19 tests in English Championship - Reuters UK,"The English Football League (EFL) said on Wednesday three people from two different Championship (second-tier) clubs have tested positive for COVID-19 out of a sample of 2,858 individuals.",https://uk.reuters.com/article/uk-health-coronavirus-soccer-england-idUKKBN23V1V7,https://s2.reutersmedia.net/resources/r/?m=02&d=20200624&t=2&i=1523330829&w=1200&r=LYNXMPEG5N1FH,2020-06-24T12:58:00Z,"(Reuters) - The English Football League (EFL) said on Wednesday three people from two different Championship (second-tier) clubs have tested positive for COVID-19 out of a sample of 2,858 individuals. 
“Those players or club staff who have tested positive will now self-isolate in line with the guidelines provided by the EFL and only those who have tested negative will be permitted to enter training ground facilities,” the EFL said in a statement. 
Nobody tested positive in the tests of four clubs each from English football’s third-tier (League One) and fourth-tier (League Two). 
The Championship resumed this past week after a three-month pause due to the new coronavirus pandemic with strict protocols in place and games played in empty stadiums. 
Reporting by Arvind Sriram in Bengaluru; Editing by Ken Ferris"
12,"{'id': 'reuters', 'name': 'Reuters'}",Reuters Editorial,Sable Permian Resources files for bankruptcy - Reuters,"Oil and gas producer Sable Permian Resources on Thursday filed for Chapter 11 bankruptcy protection in the Southern District of Texas, hit by a slump in oil prices as the COVID-19 pandemic hurts fuel demand.",https://www.reuters.com/article/sable-permian-resources-bankruptcy-idUSL4N2E31TQ,https://s4.reutersmedia.net/resources_v2/images/rcom-default.png,2020-06-26T10:57:00Z,"June 26 (Reuters) - Oil and gas producer Sable Permian Resources on Thursday filed for Chapter 11 bankruptcy protection in the Southern District of Texas, hit by a slump in oil prices as the COVID-19 pandemic hurts fuel demand. 
The Houston-based company said it had secured debtor-in-possession (DIP) financing of $150 million to fund its operations during the restructuring and that it was working with advisers and stakeholders on a range of alternatives. 
The company was created last year when Aubrey McClendon’s American Energy - Permian Basin LLC, a company he founded in 2014 shortly after being ousted from Chesapeake Energy Corp , merged with its parent company in an attempt to avoid bankruptcy. 
McClendon died in 2016 in a fiery one-car crash in Oklahoma. He built Chesapeake from a small wildcatter into one of the world’s biggest natural gas producers before resigning in 2013, after a corporate governance crisis and investor concerns over his heavy spending. 
Chesapeake Energy is itself widely expected to file for bankruptcy under the weight of too much debt and the drop in energy demand and prices. (Reporting by Shradha Singh in Bengaluru; Editing by Subhranshu Sahu)"
13,"{'id': 'reuters', 'name': 'Reuters'}",Reuters Editorial,Vaxart says potential COVID-19 vaccine picked for 'Operation Warp Speed' - Reuters India,"Vaxart Inc said on Friday it would test its potential COVID-19 vaccine on monkeys in a study organized by the Trump Administration's vaccine-acceleration program called ""Operation Warp Speed"".",https://in.reuters.com/article/health-coronavirus-vaxart-idINKBN23X1VD,https://s4.reutersmedia.net/resources_v2/images/rcom-default.png,2020-06-26T13:44:00Z,"(Reuters) - Vaxart Inc said on Friday it would test its potential COVID-19 vaccine on monkeys in a study organized by the Trump Administration’s vaccine-acceleration program called “Operation Warp Speed”. 
Shares of the U.S. vaccine developer jumped 63% before the opening bell. 
The company said the study would be funded by “Operation Warp Speed”, which aims to provide safe and effective vaccines by January 2021. 
Vaxart said the vaccine is an oral tablet and is easier to store and administer than injectable ones. 
There are no approved vaccines for the new coronavirus, and several companies including AstraZeneca Plc and Moderna Inc have been rushing to develop a viable vaccine candidate. 
Executives and other experts have suggested that clinical trials to guarantee a vaccine is safe and effective could take a minimum of 12 to 18 months. 
Reporting by Manas Mishra in Bengaluru, Editing by Sherry Jacob-Phillips"
14,"{'id': 'reuters', 'name': 'Reuters'}",Reuters Editorial,Golf: Calls to shut down Travelers after COVID-19 positives were silly says McIlroy - Reuters,"World number one Rory McIlroy said on Thursday that it would have been silly to cancel this week's Travelers Championship in Cromwell, Connecticut after Cameron Champ and two caddies tested positive for COVID-19 ahead of the tournament.",https://www.reuters.com/article/us-health-coronavirus-golf-travelers-idUSKBN23W36F,https://s3.reutersmedia.net/resources/r/?m=02&d=20200625&t=2&i=1523648694&w=1200&r=LYNXMPEG5O2B6,2020-06-25T19:19:00Z,"(Reuters) - World number one Rory McIlroy said on Thursday that it would have been silly to cancel this week’s Travelers Championship in Cromwell, Connecticut after Cameron Champ and two caddies tested positive for COVID-19 ahead of the tournament. 
American Champ withdrew from the event after testing positive at a pre-tournament screening while world number four Brooks Koepka and Graeme McDowell also withdrew as a precaution when their caddies tested positive. 
McIlroy, who shot a seven-under 63 in the opening round, praised PGA Tour commissioner Jay Monahan for allowing the tournament to go ahead despite the positive tests. 
“I thought Jay did a wonderful job yesterday, just relaying the information and where the PGA Tour stands and where we’re going forward,” Northern Irishman McIlroy told reporters. 
“You hear one or two positive tests and people are panicking. I saw a couple of calls to shut the tournament down, which is silly from my point of view. 
“There’s been almost 3,000 tests administered and the percentage of positive tests, it’s a quarter of a percent. I think, as a whole, it has been going really well. There’s a couple of loose ends that we needed to tidy up.” 
The Travelers Championship at TPC River Highlands is the third of five events on the PGA Tour’s revamped schedule. 
It is closed to spectators in a bid to help stem the spread of the novel coronavirus. 
Canadian Mackenzie Hughes fired an error free 10-under 60 to take an early first-round lead, three shots clear of McIlroy. 
Reporting by Rohith Nair in Bengaluru; Editing by Ken Ferris"
15,"{'id': 'reuters', 'name': 'Reuters'}",Reuters Editorial,Vaxart says potential COVID-19 vaccine picked for 'Operation Warp Speed' - Reuters,"Vaxart Inc said on Friday it would test its potential COVID-19 vaccine on monkeys in a study organized by the Trump Administration's vaccine-acceleration program called ""Operation Warp Speed"".",https://www.reuters.com/article/us-health-coronavirus-vaxart-idUSKBN23X1PA,https://s4.reutersmedia.net/resources_v2/images/rcom-default.png,2020-06-26T12:53:56Z,"(Reuters) - Vaxart Inc said on Friday it would test its potential COVID-19 vaccine on monkeys in a study organized by the Trump Administration’s vaccine-acceleration program called “Operation Warp Speed”. 
Shares of the U.S. vaccine developer jumped 63% before the opening bell. 
The company said the study would be funded by “Operation Warp Speed”, which aims to provide safe and effective vaccines by January 2021. 
Vaxart said the vaccine is an oral tablet and is easier to store and administer than injectable ones. 
There are no approved vaccines for the new coronavirus, and several companies including AstraZeneca Plc and Moderna Inc have been rushing to develop a viable vaccine candidate. 
Executives and other experts have suggested that clinical trials to guarantee a vaccine is safe and effective could take a minimum of 12 to 18 months. 
Reporting by Manas Mishra in Bengaluru, Editing by Sherry Jacob-Phillips"
16,"{'id': 'reuters', 'name': 'Reuters'}",Reuters Editorial,British PM Johnson says: don't take too many liberties with COVID guidance - Reuters,British Prime Minister Boris Johnson said on Friday people in some parts of the world had taken too many liberties with COVID-19 guidance and that young people should understand that they could spread the deadly virus.,https://www.reuters.com/article/us-health-coronavirus-britain-johnson-idUSKBN23X1R7,https://s4.reutersmedia.net/resources/r/?m=02&d=20200626&t=2&i=1523739404&w=1200&r=LYNXMPEG5P15S,2020-06-26T12:47:00Z,"LONDON (Reuters) - British Prime Minister Boris Johnson said on Friday people in some parts of the world had taken too many liberties with COVID-19 guidance and that young people should understand that they could spread the deadly virus. 
“If you look at what is happening elsewhere in the world, where people have been coming out of lockdown, I’m afraid what you’re also seeing is people taking too many liberties with the guidance, mingling too much, not observing social distancing,” Johnson said. “You’ve got really serious spikes.” 
“You may think that you’re not going to get it and you are immortal and invincible and so on, and very likely that’s true, particularly if you are a young person, but the bug you carry can kill elderly people particularly, it is still dangerous.” 
“To win, to beat this thing, we have to stay alert.” 
Asked if he would intervene after Intu Properties INTUP.L said it would go into administration, Johnson said: “There will be tough times ahead. And the retail sector, shopping malls, clearly have been feeling the squeeze on their business model for long time. 
“We’ll do everything can to look after them and to make sure we get young people into work by every possible means,” he added. 
Reporting by Guy Faulconbridge; editing by Stephen Addison"
17,"{'id': 'reuters', 'name': 'Reuters'}",Reuters Editorial,Leaders of Turkey and Greece discuss COVID fallout in rare call - Reuters,"Greek Prime Minister Kyriakos Mitsotakis and Turkish President Tayyip Erdogan discussed the impact of the COVID-19 pandemic by phone on Friday, the Greek leader's office said - rare such contact for two neighbours at odds over a range of issues.",https://www.reuters.com/article/us-health-coronavirus-greece-turkey-idUSKBN23X21S,https://s4.reutersmedia.net/resources_v2/images/rcom-default.png,2020-06-26T14:28:00Z,"ATHENS (Reuters) - Greek Prime Minister Kyriakos Mitsotakis and Turkish President Tayyip Erdogan discussed the impact of the COVID-19 pandemic by phone on Friday, the Greek leader’s office said - rare such contact for two neighbours at odds over a range of issues. 
Erdogan and Mitsotakis addressed ways of handling the effects of the coronavirus outbreak, the reopening of borders and the re-establishment of tourist flows, a statement from Mitsotakis’s office said. 
“Mr Mitsotakis and Mr Erdogan agreed to keep the bilateral channels of communication open,” it said. 
A source with knowledge of the matter said: “The two leaders didn’t discuss high policy matters, but they did agree that tension is relatively high and that channels of communication must be restored. 
“There cannot be a de-escalation of tensions if the two sides don’t talk.” 
Though NATO partners and neighbours, Greece and Turkey have testy relations and differences on issues as diverse as airspace rights, maritime boundaries and ethnically-divided Cyprus. 
Reporting by Michele Kambas and Renee Maltezou; Editing by Mark Heinrich"
18,"{'id': 'reuters', 'name': 'Reuters'}",Reuters Editorial,Moderna names Catalent as manufacturing partner for potential COVID-19 vaccine - Reuters,Moderna Inc said on Thursday it has partnered with contract drugmaker Catalent Inc to produce 100 million doses of its experimental COVID-19 vaccine starting in the third quarter of 2020.,https://www.reuters.com/article/us-health-coronavirus-moderna-catalent-idUSKBN23W1SI,https://s1.reutersmedia.net/resources/r/?m=02&d=20200625&t=2&i=1523591532&w=1200&r=LYNXMPEG5O1C2,2020-06-25T11:49:00Z,"(Reuters) - Moderna Inc (MRNA.O) said on Thursday it has partnered with contract drugmaker Catalent Inc (CTLT.N) to produce 100 million doses of its experimental COVID-19 vaccine starting in the third quarter of 2020. 
Under the deal, Catalent would also provide packaging and labeling, storage and distribution services to support Moderna's late-stage clinical trial for the vaccine. (reut.rs/384fCLt) 
Reporting by Saumya Sibi Joseph in Bengaluru; Editing by Shailesh Kuber"
19,"{'id': 'reuters', 'name': 'Reuters'}",Reuters Editorial,COVID-19 vaccine-backer CEPI to buy 100 million vials from Stevanato - Reuters,"The CEPI global health group, which is backing nine potential COVID-19 vaccines, has agreed to buy 100 million vials from Italian pharma glassmaker Stevanato as part of efforts to secure vaccine supplies to control the coronavirus pandemic.",https://www.reuters.com/article/us-health-coronavirus-vaccines-vials-idUSKBN23W1JI,https://s4.reutersmedia.net/resources/r/?m=02&d=20200625&t=2&i=1523578307&w=1200&r=LYNXMPEG5O13U,2020-06-25T10:26:00Z,"LONDON (Reuters) - The CEPI global health group, which is backing nine potential COVID-19 vaccines, has agreed to buy 100 million vials from Italian pharma glassmaker Stevanato as part of efforts to secure vaccine supplies to control the coronavirus pandemic. 
The vials will be enough to hold up to 2 billion doses, if and when one or more of the potential vaccines in development prove effective, the Coalition for Epidemic Preparedness and Innovation (CEPI) said. 
“This supply is part of CEPI’s efforts to rapidly speed up the vaccine development timeline through making progress on manufacturing in parallel with the clinical development of COVID-19 candidate vaccines,” it said in a statement. 
CEPI told Reuters in an interview on Wednesday it had identified pharmaceutical manufacturers with capacity to produce four billion COVID-19 vaccine doses a year. 
Glass vials are a critical component of immunisation programmes. Without them, vaccines cannot be stored or delivered, and patients cannot be vaccinated. 
Drugmakers have already been warning of a potential shortage of vials to bottle future COVID-19 vaccines. 
CEPI, which is backed by 14 governments, the Bill and Melinda Gates Foundation and Britain’s Wellcome Trust, has deployed up to $829 million so far in the search for a COVID-19 vaccine through partnerships with nine drug developers. 
With this deal, Stevanato - which says it produces 10 billion units a year of drug delivery systems, sterile and bulk glass containers, and diagnostic and medical components - will become a key supplier in CEPI’s COVID-19 vaccine plans. 
CEPI says the ultimate goal is to speed up COVID-19 vaccine development to get a successful vaccine within 12 to 18 months. 
Reporting by Kate Kelland; Editing by Mark Potter"
