,source,author,title,description,url,urlToImage,publishedAt,content
0,"{'id': 'reuters', 'name': 'Reuters'}",Reuters Editorial,Britain's Royal Mail says pandemic spurs need for change - Reuters,Royal Mail Executive Chairman Keith Williams said on Thursday the COVID-19 pandemic has accelerated the need for a change at its UK business by three to four years as customers demand more parcels and fewer letters.,https://www.reuters.com/article/royal-mail-results-chairman-idUSL4N2E21NA,https://s4.reutersmedia.net/resources_v2/images/rcom-default.png,2020-06-25T09:09:00Z,"June 25 (Reuters) - Royal Mail Executive Chairman Keith Williams said on Thursday the COVID-19 pandemic has accelerated the need for a change at its UK business by three to four years as customers demand more parcels and fewer letters. 
In a brief interview with Reuters following the company’s financial results, Williams said a larger margin of the 2,000 planned job cuts would affect the head office staff and only some frontline workers would be removed. (Reporting by Yadarisa Shabong in Bengaluru, Editing by Sherry Jacob-Phillips)"
1,"{'id': 'reuters', 'name': 'Reuters'}",Valerie Volcovici,Americans split along party lines over green stimulus: Reuters/Ipsos poll - Reuters,"Americans are split along party lines over whether federal stimulus programs to boost the U.S. economy during the COVID-19 pandemic should prioritize clean energy businesses, according to a survey published by Reuters/Ipsos on Thursday.",https://www.reuters.com/article/us-health-coronavirus-stimulus-environme-idUSKBN23W1OA,https://s2.reutersmedia.net/resources/r/?m=02&d=20200625&t=2&i=1523587581&w=1200&r=LYNXMPEG5O183,2020-06-25T11:13:00Z,"WASHINGTON (Reuters) - Americans are split along party lines over whether federal stimulus programs to boost the U.S. economy during the COVID-19 pandemic should prioritize clean energy businesses, according to a survey published by Reuters/Ipsos on Thursday. 
The results reveal the tricky politics around energy and the environment as lawmakers debate whether the twin economic and health crises sweeping the globe are an opportunity to speed the transition from fossil fuels. 
The poll shows 36% of Americans believe the U.S. Congress should prioritize clean-energy industries and businesses in the next stimulus package, including 53% of Democrats and 18% of Republicans. 
Another 36% believe Congress should prioritize the most productive industries and businesses regardless of environmental impact, including 24% of Democrats and 57% of Republicans, according to the survey. 
The Reuters/Ipsos poll was conducted online from June 22-23 in the United States, and includes responses from 1,115 adults. 
Congressional and White House representatives are in talks on a new stimulus package to be taken up next month. The government passed an initial $2 trillion round in March. 
Some 60 Democratic lawmakers recently called in a letter to colleagues for the new package to include measures “to spur growth in renewable energy, energy storage, energy efficiency, clean vehicles, clean and efficient infrastructure, clean fuels, and workforce development.” 
Republicans have pushed back arguing stimulus should address economic damage from the pandemic, not advance a clean energy transition. 
Climate change is a central consideration in Europe’s economic recovery after the pandemic. On Tuesday, Germany’s environment minister announced the country will use its upcoming presidency of the European Union to steer the bloc toward a climate-friendly economic recovery. 
Meanwhile, China is running the risk here of slipping on commitments to reduce carbon emissions as it turns to heavy industry and carbon-intensive projects to shore up its coronavirus-stricken economy. 
Reporting by Valerie Volcovici; Editing by David Gregorio"
2,"{'id': 'reuters', 'name': 'Reuters'}",Huw Jones,UK financial compensation body has insurers in its sights - Reuters,"Britain's financial services compensation body is ""keeping an eye"" on insurers facing claims from companies whose business has been interrupted by the COVID-19 pandemic, its chief executive told Reuters.",https://www.reuters.com/article/healthcoronavirus-britain-banks-idUSL8N2E23CY,https://s4.reutersmedia.net/resources_v2/images/rcom-default.png,2020-06-25T12:51:00Z,"LONDON, June 25 (Reuters) - Britain’s financial services compensation body is “keeping an eye” on insurers facing claims from companies whose business has been interrupted by the COVID-19 pandemic, its chief executive told Reuters. 
Some insurers have balked at paying out on business interruption claims, and the Financial Conduct Authority (FCA) is asking the courts to clarify the wording in policies, which could lead to more claims being valid. 
The FCA’s Financial Services Compensation Scheme (FSCS) is braced for a rise in claims as some financial firms are expected to go under in the pandemic. 
The FSCS is working with the FCA, Bank of England and finance ministry to quantify what could come down the line, said FSCS Chief Executive Caroline Rainbird, a banking industry veteran who took up the reins last year. 
“We will look at scenarios, work with regulators and do desk-top exercises to make sure we are prepared,” Rainbird said. 
Credit unions and smaller financial advisers “could be an issue”, along with more complex pension vehicles, she said. “We are keeping an eye on the insurance sector,” she added. 
Rainbird said the body could if needs be raise additional levies through the financial year. An FSCS running out of money would harm public confidence in financial services, she added. 
FCA Chair Charles Randell said last week that the FSCS’s levy on firms used to pay for compensation claims - which he said was already unacceptably high - is likely to increase due to COVID. 
The FSCS had already bumped up its levy by 44 million pounds to 649 million for the 2020/21 financial year to meet claims from 11,600 investors caught in the collapse last year of London Capital &amp; Finance investment firm. 
It has compensated just 159 investors who had switched from shares to holding “mini-bonds” sold by the now defunct LCF. 
This narrow base for compensation is being challenged in the courts, but in the meantime the FSCS is set to start paying out on claims from LCF investors who were mis-advised. 
The FSCS will give a further update on LCF claims on Friday. (Reporting by Huw Jones; Editing by Jan Harvey)"
3,"{'id': 'reuters', 'name': 'Reuters'}",Lucia Mutikani,U.S. layoffs stay high as weak demand lingers despite businesses reopening - Reuters India,"Weak demand is forcing U.S. employers to lay off workers, keeping new applications for unemployment benefits extraordinarily high, even as businesses have reopened, buttressing views the labor market could take years to recover from the COVID-19 pandemic.",https://in.reuters.com/article/usa-economy-idINKBN23W1Z7,https://s2.reutersmedia.net/resources/r/?m=02&d=20200625&t=2&i=1523597232&w=1200&r=LYNXMPEG5O1GD,2020-06-25T12:35:00Z,"WASHINGTON (Reuters) - Weak demand is forcing U.S. employers to lay off workers, keeping new applications for unemployment benefits extraordinarily high, even as businesses have reopened, buttressing views the labor market could take years to recover from the COVID-19 pandemic. 
Initial claims for state unemployment benefits totaled a seasonally adjusted 1.480 million for the week ended June 20, down from 1.540 million in the prior week, the Labor Department said on Thursday. 
The weekly jobless claims report, the most timely data on the economy’s health, also showed millions continue to collect unemployment checks more than a month after many businesses resumed operating following closures in mid-March in an effort slow the spread of the respiratory illness. 
Companies are hiring, but others are cutting jobs at nearly the same pace. The economy slipped into recession in February. 
“There were some businesses that tried to maintain their workforce, waiting to see what would happen as businesses reopened,” said Gus Faucher, chief economist at PNC Financial in Pittsburgh, Pennsylvania. “Even as the economy is picking up they are not seeing a lot of demand and are deciding that they don’t need that many workers.” 
Economists polled by Reuters had forecast 1.3 million claims in the latest week. Claims have dropped from a record 6.867 million in late March, but the pace of decline has slowed and they are double their peak during the 2007-09 Great Recession. 
From manufacturing to transportation, retail and leisure and hospitality industries companies are restructuring to adapt to a vastly changed landscape, leading to layoffs and bankruptcies. State and local governments, whose budgets have been squeezed by the COVID-19 fight, are also cutting jobs. 
Rising coronavirus infections in many parts of the country, including California, Texas and Florida, are likely to hurt employment as some people stay away from restaurants and other consumer-facing establishments, even if businesses are not shut down again. 
“It’s looking like a bumpy ride,” said Josh Wright, chief economist at Wrightside Advisors in New York. 
Reporting by Lucia Mutikani; Editing by Andrea Ricci and Chizu Nomiyama"
4,"{'id': 'reuters', 'name': 'Reuters'}",Reuters Editorial,Japan shares track Wall St higher; banks gain as U.S. regulators relax rules - Reuters India,"Japanese shares bounced back on Friday, tracking overnight Wall Street gains, with banks leading the rally in both markets, after U.S. regulators' decision to ease some rules allayed fears over a spike in fresh COVID-19 cases.",https://in.reuters.com/article/japan-stocks-close-idINL4N2E31AS,https://s4.reutersmedia.net/resources_v2/images/rcom-default.png,2020-06-26T06:53:00Z,"SYDNEY, June 26 (Reuters) - Japanese shares bounced back on Friday, tracking overnight Wall Street gains, with banks leading the rally in both markets, after U.S. regulators’ decision to ease some rules allayed fears over a spike in fresh COVID-19 cases. 
The benchmark Nikkei average rose 1.1% to 22,512.08, rebounding from a 1-1/2-week closing low hit in the previous sessiom. For the week, the index eked out a marginal gain of 0.1%. 
Wall Street’s major indexes closed higher on Thursday, with bank stocks soaring after U.S. banking regulators unveiled new rules that will make life easier for large banks with complex trading and investment portfolios. It helped to offset investor jitters over alarming increases in new coronavirus cases. 
Riding on the upbeat wave, shares in Tokyo-listed banks also gained, with Mitsubishi UFJ Financial Group (MUFG) Inc, Sumitomo Mitsui Financial Group (SMFG) Inc and Mizuho Financial Group Inc rising between 1.3% and 1.7%. 
The benchmark Nikkei’s heavyweight SoftBank Group Corp advanced 3% as the tech conglomerate said after the market close on Thursday that it would buy back up to 5.75% of own shares worth 500 billion yen ($4.7 billion) through March 31, 2021. 
The broader Topix rose 1% to 1,577.37, with all but three of the 33 sector sub-indexes on the Tokyo exchange finishing higher. 
Financial-related securities, banking and other financial were among the top performing sector subindexes on the main bourse. 
Some retail investors bought the stocks of companies that will go ex-dividend on Monday, analysts said. Kyowa Kirin Co Ltd climbed 2.1% and Canon Inc added 0.5%. 
Bucking the overall gaining trend, the index of Mothers startup shares fell 0.8%, after touching its highest level since Oct. 2, 2018 earlier in the session. 
$1 = 107.1700 yen
Reporting by Tomo Uetake; Editing by Rashmi Aich and Sherry
Jacob-Phillips"
5,"{'id': 'reuters', 'name': 'Reuters'}",Reuters Editorial,Japan shares track Wall St higher; banks gain as U.S. regulators relax rules - Reuters,"Japanese shares bounced back on Friday, tracking overnight Wall Street gains, with banks leading the rally in both markets, after U.S. regulators' decision to ease some rules allayed fears over a spike in fresh COVID-19 cases.",https://www.reuters.com/article/japan-stocks-close-idUSL4N2E31AS,https://s4.reutersmedia.net/resources_v2/images/rcom-default.png,2020-06-26T06:52:00Z,"SYDNEY, June 26 (Reuters) - Japanese shares bounced back on Friday, tracking overnight Wall Street gains, with banks leading the rally in both markets, after U.S. regulators’ decision to ease some rules allayed fears over a spike in fresh COVID-19 cases. 
The benchmark Nikkei average rose 1.1% to 22,512.08, rebounding from a 1-1/2-week closing low hit in the previous sessiom. For the week, the index eked out a marginal gain of 0.1%. 
Wall Street’s major indexes closed higher on Thursday, with bank stocks soaring after U.S. banking regulators unveiled new rules that will make life easier for large banks with complex trading and investment portfolios. It helped to offset investor jitters over alarming increases in new coronavirus cases. 
Riding on the upbeat wave, shares in Tokyo-listed banks also gained, with Mitsubishi UFJ Financial Group (MUFG) Inc, Sumitomo Mitsui Financial Group (SMFG) Inc and Mizuho Financial Group Inc rising between 1.3% and 1.7%. 
The benchmark Nikkei’s heavyweight SoftBank Group Corp advanced 3% as the tech conglomerate said after the market close on Thursday that it would buy back up to 5.75% of own shares worth 500 billion yen ($4.7 billion) through March 31, 2021. 
The broader Topix rose 1% to 1,577.37, with all but three of the 33 sector sub-indexes on the Tokyo exchange finishing higher. 
Financial-related securities, banking and other financial were among the top performing sector subindexes on the main bourse. 
Some retail investors bought the stocks of companies that will go ex-dividend on Monday, analysts said. Kyowa Kirin Co Ltd climbed 2.1% and Canon Inc added 0.5%. 
Bucking the overall gaining trend, the index of Mothers startup shares fell 0.8%, after touching its highest level since Oct. 2, 2018 earlier in the session. 
$1 = 107.1700 yen
Reporting by Tomo Uetake; Editing by Rashmi Aich and Sherry
Jacob-Phillips"
6,"{'id': 'reuters', 'name': 'Reuters'}",Reuters Editorial,"European shares edge higher, Air France jumps on aid deal - Reuters","European stocks opened higher on Friday, propped up by positive company updates, although investors remained cautious about a resurgence in U.S. COVID-19 cases and its impact on the global economy.",https://www.reuters.com/article/us-europe-stocks-idUSKBN23X0ZG,https://s4.reutersmedia.net/resources/r/?m=02&d=20200626&t=2&i=1523707389&w=1200&r=LYNXMPEG5P0M9,2020-06-26T07:43:00Z,"(Reuters) - European stocks opened higher on Friday, propped up by positive company updates, although investors remained cautious about a resurgence in U.S. COVID-19 cases and its impact on the global economy. 
The pan-European STOXX 600 index was up 0.6% by 0720 GMT, with technology .SX8P, chemical companies .SX4P and miners .SXPP leading sectoral gains. 
Markets this week have swung between fears of a second wave of coronavirus cases and signs of more economic support from governments and central banks. The STOXX 600 is still on course to post a 1% weekly loss. 
Air France-KLM (AIRF.PA) jumped 5% after governments of France and Netherlands reached a deal on an aid package for the airline group, with the latter saying it would provide a 3.4 billion euro ($3.81 billion) financing package. 
AMS (AMS.S) rose 5.7% after the Austria-based semiconductor company rejected media allegations of market manipulation during its takeover of Osram (OSRn.DE). 
Reporting by Sruthi Shankar in Bengaluru; Editing by Anil D'Silva"
7,"{'id': 'reuters', 'name': 'Reuters'}",Reuters Editorial,"Finalising EU COVID recovery package a 'massive priority', says Germany - Reuters India","Finalising the European Union's package of measures to help the economy recover from the COVID-19 pandemic is a ""massive priority"" for Germany's presidency of the EU, German Deputy Finance Minister Joerg Kukies said on Friday.",https://in.reuters.com/article/health-coronavirus-eu-idINKBN23X181,https://s2.reutersmedia.net/resources/r/?m=02&d=20200626&t=2&i=1523717570&w=1200&r=LYNXMPEG5P0QB,2020-06-26T09:24:00Z,"LONDON (Reuters) - Finalising the European Union’s package of measures to help the economy recover from the COVID-19 pandemic is a “massive priority” for Germany’s presidency of the EU, German Deputy Finance Minister Joerg Kukies said on Friday. 
EU leaders agreed in April to build a trillion-euro emergency fund to help the 27-nation bloc rebound from the pandemic, but the final details have yet to be agreed. 
“We really need to act quickly now if we want the funds to be available on January 1, 2021,” Kukies told an online event. 
It is not possible to “sugar-coat” the severity of the economic crisis being faced by Europe, and things could get worse before they get better, he said. 
But there are signs that the crisis is “bottoming out” with strong credit expansion in Germany, the EU’s largest economy, during the height of the crisis, Kukies added. 
Germany will drive the bloc’s agenda over the next six months and Kukies said that in financial services there was a need for a harmonised approach to anti-money laundering moves. 
“We need a European supervisor for AML,” Kukies said. 
He also wants the EU to move ahead with improving its capital market, such as by digitalising the issuance, trading and settlement of bonds to encourage companies to raise more funds and cut fragmentation in markets. 
Reporting by Huw Jones; Editing by Mark Heinrich"
8,"{'id': 'reuters', 'name': 'Reuters'}",Stephen Nellis,"Apple to close 14 stores in Florida as virus cases rise, total re-closures reaches 32 - Reuters","Apple Inc said on Thursday that it would close 14 stores in Florida starting Friday due to a rise in COVID-19 cases, bringing its total re-closures to 32 stores in the United States.",https://uk.reuters.com/article/us-health-coronavirus-apple-idUKKBN23W35I,https://s4.reutersmedia.net/resources/r/?m=02&d=20200625&t=2&i=1523646593&w=1200&r=LYNXMPEG5O29U,2020-06-25T18:59:00Z,"(Reuters) - Apple Inc (AAPL.O) said on Thursday that it would close 14 stores in Florida starting Friday due to a rise in COVID-19 cases, bringing its total re-closures to 32 stores in the United States. 
The company said earlier this week it would again close seven stores in the Houston area after cases rose there. Last week, it announced a round of shuttering in Florida, Arizona, South Carolina, and North Carolina. 
Apple has 271 stores in the United States, all of which closed in March as the novel coronavirus spread. The company says it is evaluating whether to open or close each store based on local conditions in each community, with stores sometimes open in one part of a U.S. state but closed in another. 
Many but not all of Apple’s U.S. stores have reopened since March. After the closures slated for Friday, more than 200 will be open. 
Reporting by Stephen Nellis in San Francisco; editing by Jonathan Oatis"
9,"{'id': 'reuters', 'name': 'Reuters'}",Reuters Editorial,"NFL: Annual Hall of Fame game, ceremony moved to 2021 due to COVID-19 pandemic - Reuters","The annual NFL Hall of Fame exhibition game, the traditional curtain-raiser to the football season, has been pushed back by a year due to the COVID-19 pandemic, organisers said on Thursday.",https://www.reuters.com/article/us-health-coronavirus-nfl-idUSKBN23W33W,https://s4.reutersmedia.net/resources/r/?m=02&d=20200625&t=2&i=1523645105&w=1200&r=LYNXMPEG5O28T,2020-06-25T18:41:00Z,"(Reuters) - The annual NFL Hall of Fame exhibition game, the traditional curtain-raiser to the football season, has been pushed back by a year due to the COVID-19 pandemic, organisers said on Thursday. 
The pre-season opener, which would have seen the Dallas Cowboys face the Pittsburgh Steelers in Canton, Ohio, on Aug. 6 this year, will now be played on Aug. 5, 2021. 
The 2020 Pro Football Hall of Fame enshrinement ceremony has also been postponed to August 2021, with 28 former players set to be enshrined in two separate ceremonies next year. 
""The health and safety of our Hall of Famers, fans and volunteers who make enshrinement week so special remains our top priority,"" Pro Football Hall of Fame CEO and president David Baker said in a statement here
“The Hall will honor the Centennial Class of 2020 next August, along with what promises to be an equally spectacular Class of 2021, as part of a multi-day celebration of football.” 
The match has been cancelled twice before in 2011 due to the NFL lockout and in 2016 due to poor field conditions. 
Tickets for the game were sold out in 22 minutes, according to the Pro Football Hall of Fame, and fans will be allowed to use the same tickets for the game as well as the ceremony next year or opt for a refund. 
“We believe postponing enshrinement week events in 2020 is the right way to honor our enshrinees and their families properly, along with the other living Gold Jackets who want to come to Canton for this celebration,” Baker added. 
“We also believe next year promises to be the greatest gathering in football ever.” 
In the face of the new coronavirus pandemic, the NFL, which has 32 teams spread across the United States, has pushed ahead with plans to start the season as scheduled on Sept. 10, culminating with the Super Bowl in Tampa, Florida, on Feb. 7. 
Reporting by Rohith Nair in Bengaluru; Editing by Ken Ferris"
10,"{'id': 'reuters', 'name': 'Reuters'}",Frank Pingue,Golf: McCumber makes most of late addition to Connecticut field - Reuters,"PGA Tour rookie Tyler McCumber, a late alternate into the Travelers Championship field in Cromwell, Connecticut following a number of withdrawals due to COVID-19 concerns, made the most of his opportunity on Thursday.",https://www.reuters.com/article/us-golf-travelers-mccumber-idUSKBN23W3A6,https://s4.reutersmedia.net/resources_v2/images/rcom-default.png,2020-06-25T20:31:00Z,"(Reuters) - PGA Tour rookie Tyler McCumber, a late alternate into the Travelers Championship field in Cromwell, Connecticut following a number of withdrawals due to COVID-19 concerns, made the most of his opportunity on Thursday. 
When McCumber returned on Tuesday from a solo camping trip in North Carolina he figured he had no chance of joining this week’s major-calibre field but then got a call from the PGA Tour about the option of possibly getting to Connecticut. 
“I found out yesterday afternoon that sort of things working out a certain way would possibly get me in,” McCumber said after an opening five-under-par 65. 
“I got the confirmation about 3:00 on that, and the last flight out of Jacksonville was 5:30, so had to pack in about 25 minutes and head to the airport.” 
McCumber took world number five Webb Simpson’s spot in the field after the 2012 U.S. Open champion withdrew out of caution after a family member tested positive for COVID-19. 
The 29-year-old American, who set out early in the fifth group off the 10th tee with world number two Jon Rahm and Chez Reavie, hit 14 of 18 greens in regulation and was solid with his putter with no misses from within 10 feet. 
McCumber responded immediately after a double-bogey at the par-four 12th when he hit his 258-yard approach at the par-five 13th to three feet, setting himself up for an eagle. He then birdied five of his final nine holes. 
“Obviously getting back into some competition and competitive mode after some time off, little adjustments here and there, but it definitely clicked today, and I felt like this round was sort of coming,” he said. 
Next up for McCumber after a late night and whirlwind 24 hours is rest. “I’m going to take a good nap this afternoon, that’s for sure,” he said. 
“We got in late last night, and obviously just emotions, sort of an array of high, low, going from not being in to maybe in and then sort of that not knowing and then knowing and then scrambling to get to the airport.” 
Reporting by Frank Pingue in Toronto; Editing by Ken Ferris"
11,"{'id': 'reuters', 'name': 'Reuters'}",Reuters Editorial,Nike swings to quarterly loss due to COVID-19 impact - Reuters,"Nike Inc on Thursday reported a loss for the fourth quarter, as retailers had to shut stores for weeks due to lockdowns spurred by the COVID-19 pandemic, sending shares of the world's largest footwear company down 3.5%.",https://www.reuters.com/article/us-nike-results-idUSKBN23W3A4,https://s2.reutersmedia.net/resources/r/?m=02&d=20200625&t=2&i=1523656648&w=1200&r=LYNXMPEG5O2DH,2020-06-25T20:35:00Z,"(Reuters) - Nike Inc (NKE.N) on Thursday reported a loss for the fourth quarter, as retailers had to shut stores for weeks due to lockdowns spurred by the COVID-19 pandemic, sending shares of the world’s largest footwear company down 3.5%. 
The company’s wholesale business, through which it sells merchandise to department stores and footwear retailers, saw a 50% fall in product shipments in the quarter. 
Retailers have suffered due to store closures brought in place by government-led lockdowns, forcing many to limit their business to online operations. 
Nike’s investments in its digital platform over the years helped the company record a 75% rise in online sales, as many consumers shopped for activewear from the comfort of their homes. 
Net loss came in at $790 million, or 51 cents per share, compared with a profit of $989 million, or 62 cents per share, a year earlier. 
Revenue fell 38% to $6.31 billion in the quarter ended May 31. Analysts on average had expected $7.32 billion, according to IBES data from Refinitiv. 
Reporting by Nivedita Balu in Bengaluru; Editing by Maju Samuel"
12,"{'id': 'reuters', 'name': 'Reuters'}",Liz Hampton,UPDATE 1-Oil firms slam brakes on return-to-work as virus cases soar - Reuters UK,U.S. energy companies slammed the brakes on returning staff to their Houston offices as COVID-19 cases soared and top hospitals warned they could soon run out of beds for the most severely ill patients.,https://uk.reuters.com/article/health-coronavirus-houston-idUKL4N2E23N1,https://s4.reutersmedia.net/resources_v2/images/rcom-default.png,2020-06-25T23:42:00Z,"(Adds Calpine postpones reopening, cases up sharply Thursday) 
By Liz Hampton and Jennifer Hiller 
HOUSTON, June 24 (Reuters) - U.S. energy companies slammed the brakes on returning staff to their Houston offices as COVID-19 cases soared and top hospitals warned they could soon run out of beds for the most severely ill patients. 
Texas officials imposed restrictions as new cases in the state topped 5,000 on three consecutive days as of Thursday. Intensive care unit (ICU) beds were 97% full at Houston’s Texas Medical Center, which said it may soon move to increase ICU capacity assignments, officials said. 
Texas Governor Greg Abbott has announced a phased reopening of shops, bars and amusement parks from May 1, and businesses have rolled out their own office restarts. But on Wednesday, he warned of a “massive outbreak” and urged people to stay at home. 
Many energy firms qualify as essential, and therefore are free to staff normally, but the surge in illness and hospitalizations has prompted large employers to delay or halt openings. 
Halliburton Co, the second-largest U.S. oilfield service company by revenue, delayed for two weeks a second phase of its return-to-work plan, and power producer Calpine pushed back the start of returning non-essential workers to offices until August from July 6, representatives for the two companies said. 
Chevron also has delayed its reopening plans for further evaluation, said spokesman Sean Comey. About 5% of its Houston office staff and about 2% of its San Ramon, California, workforce are in their offices now, he said. 
Midcoast Energy, a natural gas pipeline company, reopened on June 1 but sent Houston employees home three weeks later after two tested positive for the virus, said a person familiar with the matter. President Robert Bond did not respond to requests for comment. 
Exxon Mobil, Phillips 66 and ConocoPhillips returned some white-collar workers to their campuses in May or this month. Exxon will remain below 50% capacity at its Houston-area facility, a spokesman said. Conoco is prepared to change its return-to-office plan if needed, a spokesman said. 
Phillips 66 said the vast majority of its staff had returned and would remain working from their offices. 
“We are a critical infrastructure industry and have an ongoing obligation to continue operating,” spokesman Joe Gannon said, noting that the company follows Centers for Disease Control and government advisories. (Reporting by Liz Hampton, Jennifer Hiller, Erwin Seba and Gary McWilliams; editing by Richard Pullin and Richard Chang)"
13,"{'id': 'reuters', 'name': 'Reuters'}",Reuters Editorial,"France reports slightly more new coronavirus deaths, total at 29,778 - Reuters","The number of people who died from coronavirus infection in France rose by 26 to 29,778 on Friday, but people hospitalized for COVID-19 fell below the 9,000 threshold for the first time in more than three months.",https://www.reuters.com/article/us-health-coronavirus-france-casualties-idUSKBN23X2JU,https://s4.reutersmedia.net/resources/r/?m=02&d=20200626&t=2&i=1523775523&w=1200&r=LYNXMPEG5P1NY,2020-06-26T17:41:00Z,"PARIS (Reuters) - The number of people who died from coronavirus infection in France rose by 26 to 29,778 on Friday, but people hospitalized for COVID-19 fell below the 9,000 threshold for the first time in more than three months. 
That fatalities increase is the highest in three days. France’s death toll is the fifth-highest in the world. 
Reporting by Benoit Van Overstraeten; Editing by Franklin Paul"
14,"{'id': 'reuters', 'name': 'Reuters'}",Reuters Editorial,Golf: Gordon takes Connecticut lead as another player tests positive - Reuters,"Will Gordon made the most of his sponsor's exemption as he grabbed the early second-round clubhouse lead at the Travelers Championship in Cromwell, Connecticut on Friday as a third PGA Tour player tested positive for COVID-19.",https://www.reuters.com/article/us-golf-travelers-idUSKBN23X2M9,https://s4.reutersmedia.net/resources/r/?m=02&d=20200626&t=2&i=1523779762&w=1200&r=LYNXMPEG5P1PX,2020-06-26T18:32:00Z,"(Reuters) - Will Gordon made the most of his sponsor’s exemption as he grabbed the early second-round clubhouse lead at the Travelers Championship in Cromwell, Connecticut on Friday as a third PGA Tour player tested positive for COVID-19. 
Gordon, in his eighth PGA Tour start, fired an eight-under-par 62 to sit three shots clear of Americans Xander Schauffele (68) and Brendan Steele (62) at TPC River Highlands. 
Among those a further shot off the pace were two-times major champion Zach Johnson (64) and world number one Rory McIlroy, who was one under through his first four holes. 
Overnight leader Mackenzie Hughes of Canada went out late and was even par through one hole to remain at 10 under. 
Gordon, who started on the back nine, got off to a flying start as he mixed six birdies and one bogey over his opening eight holes. He added another three birdies on the front nine, including a 24-foot birdie at the par-three eighth. 
“I knew that (the course) was going to be gettable this morning,” said Gordon. “Just tried to come into today with a really positive mindset and aggressive mindset and I was able to do that.” 
Denny McCarthy withdrew from the Travelers Championship ahead of the second round after he became the third PGA Tour player to test positive for COVID-19. 
McCarthy said he felt tired after posting a three-under 67 in the opening round. 
“Last night, I woke up in the middle of the night with additional aches and soreness and sensed something was off,” said McCarthy. “I felt like the only thing to do was get tested at that point before I went to the course.” 
Bud Cauley, who played with McCarthy on Thursday, tested negative twice but withdrew as a precautionary measure, bringing the number of coronavirus-related withdrawals this week to seven. 
Reporting by Frank Pingue in Toronto, editing by Ed Osmond"
15,"{'id': 'reuters', 'name': 'Reuters'}",Huw Jones,UPDATE 1-UK financial compensation body has insurers in its sights - Reuters,"Britain's financial services compensation body is ""keeping an eye"" on insurers facing claims from companies whose business has been interrupted by the COVID-19 pandemic, its chief executive told Reuters.",https://www.reuters.com/article/healthcoronavirus-britain-banks-idUSL8N2E24UM,https://s4.reutersmedia.net/resources_v2/images/rcom-default.png,2020-06-25T15:41:00Z,"(Updates with LCF misleading advice compensation) 
By Huw Jones 
LONDON, June 25 (Reuters) - Britain’s financial services compensation body is “keeping an eye” on insurers facing claims from companies whose business has been interrupted by the COVID-19 pandemic, its chief executive told Reuters. 
Some insurers have balked at paying out on business interruption claims, and the Financial Conduct Authority (FCA) is asking the courts to clarify the wording in policies, which could lead to more claims being valid. 
The Financial Services Compensation Scheme (FSCS) is braced for a rise in claims as some financial firms go under during the pandemic, and is working with the FCA, Bank of England and finance ministry to quantify that, its Chief Executive Caroline Rainbird said. 
“We will look at scenarios, work with regulators and do desk-top exercises to make sure we are prepared,” Rainbird, a banking industry veteran who took up the reins last year, said. 
Credit unions and smaller financial advisers “could be an issue”, along with more complex pension vehicles, she said. 
Rainbird said the body could if needs be raise additional levies through the financial year. An FSCS running out of money would harm public confidence in financial services, she added. 
The FSCS had already bumped up its levy by 44 million pounds to 649 million for the 2020/21 financial year to meet claims from 11,600 investors caught in the collapse last year of London Capital &amp; Finance investment firm. 
It has compensated just 159 investors who had switched from shares to holding “mini-bonds” sold by the now defunct LCF. This narrow base for compensation is being challenged in the courts. 
Separately on Thursday, the FSCS said it has so far issued 281 decisions on claims and paid 5.1 million pounds ($6.3 million) to investors who received misleading advice from LCF. 
The FSCS said it received an extra 100,000 emails from LCF’s email server in June, which will mean a likely increase in how many investors will be eligible for compensation. 
LCF left investors facing losses of up to 237 million pounds. 
$1 = 0.8057 pounds
Reporting by Huw Jones; Editing by Jan Harvey"
16,"{'id': 'reuters', 'name': 'Reuters'}",Reuters Editorial,"U.S. watchdog finds flaws in virus testing data, chews out Transport Dept, SBA - Reuters","Incomplete and inconsistent testing data reported by the Centers for Disease Control and Prevention make it more difficult to know the COVID-19 infection rate, and take informed decisions on reopening communities, a U.S. government watchdog said.",https://www.reuters.com/article/us-gao-coronavirus-idUSKBN23W28O,https://s2.reutersmedia.net/resources/r/?m=02&d=20200625&t=2&i=1523609593&w=1200&r=LYNXMPEG5O1PG,2020-06-25T14:01:00Z,"NEW YORK (Reuters) - Incomplete and inconsistent testing data reported by the Centers for Disease Control and Prevention make it more difficult to know the COVID-19 infection rate, and take informed decisions on reopening communities, a U.S. government watchdog said. 
The report issued by the Government Accountability Office on Thursday marked the first review of the government’s response to the coronavirus pandemic, and made recommendations to lawmakers how to improve the fight to come out crisis. 
Some of its harshest criticism was reserved for the Small Business Administration (SBA), which oversees a $670 billion emergency loan programme to help companies survive the pandemic, and the lack of a plan from the Department of Transportation to improve the aviation sector’s response to outbreaks. 
Detailing its findings on the coronavirus testing data, the GAO said the data that was collected at times included antibody tests that detect prior infections, and sometimes included counts on the number of samples tested, which could include multiple tests for one person. 
“The absence of complete and consistent COVID-19 testing data reported through May 31, 2020, has made it more difficult to track and know the infection rate, mitigate the effect of infections, and inform decisions on reopening communities,” the watchdog said. 
It said the United States is also missing a national aviation-preparedness plan for infectious diseases. 
“While the Department of Transportation agreed that a plan is needed, as of May 2020, no such plan had been developed,” the watchdog said. It said the Transportation Department has maintained that other U.S. agencies should take the lead in planning for outbreaks. 
As part of its recommendations to U.S. lawmakers, the watchdog said it is urging them to take legislative action to require the Transportation Department to work with others to develop a national plan. 
It criticised the SBA for failing to give detailed descriptions of loans made in its data, and not outlining plans to review loans worth less than $2 million. 
“We encountered the most difficulty trying to obtain information from the Small Business Administration (SBA),” said the watchdog,. “SBA to date has failed to provide information critical to our review.” 
The SBA did not immediately respond to a request for comment. 
The level of transparency around U.S. government spending to fight the pandemic has been a contentious issue between various watchdogs and government agencies. 
According to the watchdog, the U.S. government has set aside $2.6 trillion worth of spending to fight the pandemic, but spending so far is unknown as all agencies are not required to report their expenditures until July 2020. 
Reporting by Koh Gui Qing; Editing by Simon Cameron-Moore"
17,"{'id': 'reuters', 'name': 'Reuters'}",Moira Warburton,Canadian visa program may lure tech workers blocked by Trump - Reuters,"A fast-track visa program that Canada launched in 2017 has attracted a growing number of tech workers, and U.S. President Donald Trump's latest immigration crackdown is set to further boost intake once COVID-19 restrictions ease, lawyers say.",https://www.reuters.com/article/us-canada-immigration-idUSKBN23X2OS,https://s2.reutersmedia.net/resources/r/?m=02&d=20200626&t=2&i=1523784642&w=1200&r=LYNXMPEG5P1RG,2020-06-26T19:35:41Z,"TORONTO/OTTAWA (Reuters) - A fast-track visa program that Canada launched in 2017 has attracted a growing number of tech workers, and U.S. President Donald Trump’s latest immigration crackdown is set to further boost intake once COVID-19 restrictions ease, lawyers say. 
The number of successful applicants to Canada’s Global Skills Strategy (GSS) program rose five-fold over its first three years, with more than 23,000 workers approved under the top five tech categories, data provided to Reuters by Immigration, Refugees and Citizenship Canada (IRCC) shows. 
More than 2,300 applications for those same top five tech roles were approved from January to March 2020, ahead of the COVID-19 shutdowns that led to border closures and a sharp drop in immigration. The program boasts a two-week processing time. 
Immigration lawyers told Reuters they were broadly in favor of the program, which some described as transparent and consistent, and an example of how Canada has been able to take advantage of Trump’s immigration stance since he entered the White House in 2017. 
“There are employers who have non-U.S. employees in the U.S. who are definitely looking seriously at Canada,” said Kyle Hyndman, a partner with McCrea Immigration Law in Vancouver, who was contacted this week by a “major” company about bringing employees to Canada. 
On Monday, Trump issued a presidential proclamation that temporarily blocks foreign workers from entering the United States on certain visas, which a Trump administration official said would create 525,000 jobs for U.S. workers. 
“The fact that people started contacting me pretty much the next day is perhaps a suggestion that there are going to be more people interested,” Hyndman said. 
U.S. technology companies including Amazon.com Inc, Alphabet Inc, Facebook Inc and Netflix Inc have in recent years expanded their Canadian operations, although most companies declined to comment on their GSS usage or how Trump’s recent announcement will impact their hiring plans. 
Tobi Lutke, the chief executive officer of Canadian e-commerce company Shopify, was quick to tout the Canada’s attraction following Trump’s immigration move. 
The program “has made it possible to hire top talent beyond our borders,” said Sandeep Anand, senior lead on the global mobility team at Shopify, adding that it has helped relocate employees to Canada. 
The majority of approved applicants to the fast-track visa program were computer programmers and interactive media developers, followed by information systems analysts and consultants, the IRCC data shows. 
Indian citizens accounted for 62.1% of successful applicants to the fast-track program, followed by Chinese citizens. Nearly 1,000 U.S. citizens also have seen their applications approved. 
The GSS data only covers the period up to March of this year, just before broader immigration in Canada fell off a cliff due to border closures to stop the spread of the novel coronavirus. Lawyers, however, don’t expect it to last. 
Betsy Kane, one of the founding partners of Capelle Kane Immigration Lawyers in Ottawa, said the program is going to see a surge of applications. 
“Whenever one door shuts, the other door is sought.” 
Reporting by Moira Warburton in Toronto and Steve Scherer in Ottawa; Additional reporting by Julie Gordon in Ottawa; Editing by Denny Thomas and Paul Simao"
18,"{'id': 'reuters', 'name': 'Reuters'}",Reuters Editorial,Liverpool fans celebrating title urged to return home amid COVID-19 worries - Reuters,Fans gathering at the Liverpool city centre for a second night in a row to celebrate their team's Premier League title win have been urged to return to their homes due to fears of a surge in COVID-19 cases.,https://uk.reuters.com/article/uk-health-coronavirus-soccer-liverpool-idUKKBN23Y04O,https://s4.reutersmedia.net/resources/r/?m=02&d=20200627&t=2&i=1523813720&w=1200&r=LYNXMPEG5Q038,2020-06-27T03:05:00Z,"(Reuters) - Fans gathering at the Liverpool city centre for a second night in a row to celebrate their team’s Premier League title win have been urged to return to their homes due to fears of a surge in COVID-19 cases. 
Liverpool’s 30-year wait for their 19th English top-flight title ended on Thursday after second-placed Manchester City were beaten by Chelsea. 
Thousands of fans turned up at Anfield stadium on Thursday to celebrate the win, and Merseyside Police issued a dispersal order on Friday after crowds gathered for a second consecutive night at the city centre near the Mersey Ferry terminal. 
The police said on Twitter here that the order would remain in force until Sunday. 
Liverpool mayor Joe Anderson urged fans to return home after pictures of the crowd near the Mersey Ferry terminal emerged on social media. 
""I am really concerned about scenes at Pier Head tonight. I appreciate LFC fans want to celebrate but please, for your own safety, and that of others, go home and celebrate at home,"" Anderson said on Twitter here
“COVID-19 is still a major risk and our city has already lost far too many people to the illness. 
“People are asking why we are not moving the fans on, or taking action to prevent them gathering. Councils simply do not have the power to do this. If you know someone who is there, please message them and ask them to come home.” 
Britain has one of the world’s highest death tolls from the novel coronavirus. The country has reported more than 309,000 infections and over 43,400 deaths. 
Reporting by Simon Jennings in Bengaluru; Editing by Himani Sarkar"
19,"{'id': 'reuters', 'name': 'Reuters'}",Nancy Lapid,Antibody test accuracy unclear; COVID-19 risks higher for pregnant women - Reuters India,"The following is a brief roundup of some of the latest scientific studies on the novel coronavirus and efforts to find treatments and vaccines for COVID-19, the illness caused by the virus.",https://in.reuters.com/article/health-coronavirus-science-idINKBN23Y046,https://s3.reutersmedia.net/resources/r/?m=02&d=20200627&t=2&i=1523813491&w=1200&r=LYNXMPEG5Q02Q,2020-06-27T02:55:00Z,"(Reuters) - The following is a brief roundup of some of the latest scientific studies on the novel coronavirus and efforts to find treatments and vaccines for COVID-19, the illness caused by the virus. 
COVID-19 antibody tests not backed by solid data 
Studies assessing the accuracy of COVID-19 antibody tests had major shortcomings, an analysis released on Thursday found, indicating that existing research does not prove the tests can confirm with certainty whether people have been infected with the novel coronavirus. Cochrane, a British-based journal that reviews research evidence, looked at 54 studies that sought to measure the reliability of the antibody blood tests. The studies were often small, did not use the most reliable methods, and their results were often incomplete, the analysis found. The analyzed studies looked at nearly 16,000 blood samples, 89% of which had a high risk of bias because patients were unlikely to match the general population. The review identified data from 25 commercial COVID-19 tests, a fraction of the roughly 300 such tests that exist. The review did not include tests offered by Roche or Abbott Laboratories, which were approved by regulators after the analysis began. (reut.rs/2CAXSf1; bit.ly/2YyTxlb) 
Pregnant women have greater risk for severe COVID-19 
Pregnant women face an increased risk of severe coronavirus infections, a U.S. Centers for Disease Control and Prevention study released on Thursday showed. Pregnant women with COVID-19 are 50% more likely to need intensive care and 70% more likely to be put on mechanical ventilators than non-pregnant women, although pregnant women did not have a higher risk of death, CDC researchers reported in the agency's Morbidity and Mortality Weekly Report. Hispanic and non-Hispanic Black pregnant women appear to be disproportionately affected by the coronavirus infection during pregnancy, the study also found. Earlier in the pandemic, researchers in China and Britain reported no extra risk for pregnant women. But last month, a large study in Sweden found pregnant women infected with the virus were more than five times as likely to need intensive care and four times more likely to need invasive mechanical ventilation. The CDC study did not include data on how COVID-19 affects the outcomes of pregnancies. (reut.rs/38aqHe3; bit.ly/2CKVF0P) 
Coronavirus traces found in Spanish sewage from March 2019 
Spanish researchers have found traces of the novel coronavirus in Barcelona wastewater collected in March 2019, nine months before COVID-19 was identified in the Chinese city of Wuhan. University of Barcelona virologists led by Albert Bosch had been monitoring wastewater since April of this year. When they decided to test older samples, they said they found genetic material from the virus in one sample from March 12, 2019. The presence of the virus genome so early in Spain, if confirmed, would indicate the pathogen appeared much earlier than previously thought. In their not-yet-peer-reviewed paper posted on Friday on medRxiv, the researchers also said they found the virus in Barcelona wastewater from Jan. 15 of this year, 41 days before the first case was officially reported there. Joan Ramon Villalbi of the Spanish Society for Public Health and Sanitary Administration said it was still early to draw definitive conclusions based on these findings. ""When it's just one result, you always want more data, more studies, more samples to confirm it and rule out a laboratory error or a methodological problem,"" he said. (reut.rs/2Zb8sBb; bit.ly/382ZNot) 
Flu vaccine use in elderly may be linked to community coronavirus mortality 
COVID-19 death rates may be lower in communities where large proportions of elderly residents received flu vaccines, based on data from more than 2,000 counties around the United States. Researchers found that a 10% increase in vaccination coverage among people older than 65 was associated on average with a 28% decrease in the COVID-19 death rate in a given county. It is possible that social, economic and health factors contributed to lower coronavirus mortality in counties where more seniors got flu vaccines, the researchers said. Their findings were based on data reported by counties, not by individuals. Still, the researchers said, ""The significant public health implications of this possibility point to an urgent need for studying the relationship between influenza vaccination and COVID-19 mortality at the individual level, to investigate both the epidemiology and any underlying biological mechanism."" On Friday, the U.S. Centers for Disease Control and Prevention said flu vaccination during the pandemic is very important to reduce the overall impact of respiratory illnesses on the population and ease burdens on the healthcare system. (bit.ly/3dBQnkP) 
Bring sick kids for medical care during lockdown, doctors say 
With lockdown orders in place, parents may hesitate to take sick children to the doctor. But research by pediatricians in Britain concluded that if medical care is delayed - particularly when a child appears seriously ill - ""the unintended consequences of the lockdown will do more harm and claim more children's lives than COVID-19."" Among nearly 2,500 pediatricians surveyed for the study published on Thursday in Archives of Disease in Childhood, one in three said they had dealt with medical emergencies in children who probably would have sought medical care before becoming so ill were it not for the pandemic. Children with diabetes were most often involved, but also those with life threatening blood infections and cancer, survey responses indicated. (bit.ly/3i4CSNY) 
Open here in an external browser for a Reuters graphic on vaccines and treatments in development. 
Reporting by Nancy Lapid, John Miller, Caroline Humer, Emma Pinedo, Nathan Allen and Inti Landauro; Editing by Will Dunham"
