,source,author,title,description,url,urlToImage,publishedAt,content
0,"{'id': 'cnn', 'name': 'CNN'}",,Vaccinologist: Here's what worries me about Covid-19 trials,Director of Vaccine Education Center at Children's Hospital of Philadelphia Dr. Paul Offit tells CNN's John King what concerns him about achieving a vaccine for coronavirus.,https://www.cnn.com/videos/health/2020/05/24/coronavirus-covid-19-vaccine-trials-vaccinologist-concern-ip-vpx.cnn,https://cdn.cnn.com/cnnnext/dam/assets/200524091742-vaccinologist-dr-paul-offit-super-tease.jpg,2020-05-24T13:47:59Z,Chat with us in Facebook Messenger. Find out what's happening in the world as it unfolds.
1,"{'id': 'cnn', 'name': 'CNN'}",,Baldwin's Trump congratulates the 'class of Covid-19',"Alec Baldwin's Trump acted as the keynote speaker for a graduating class of seniors for the ""Saturday Night Live"" season finale.",https://www.cnn.com/videos/media/2020/05/10/saturday-night-live-alec-baldwin-trump-commencement-speech-lc-lon-orig.cnn,https://cdn.cnn.com/cnnnext/dam/assets/200509234358-baldwin-trump-snl-season-finale-graduation-super-tease.jpg,2020-05-10T08:38:10Z,Chat with us in Facebook Messenger. Find out what's happening in the world as it unfolds.
2,"{'id': 'cnn', 'name': 'CNN'}",,Is Trump campaign liable if a rallygoer catches COVID-19?,Trump's Tulsa rallygoers had to sign a waiver to attend. But will it absolve the campaign of liability if someone contracts the virus - or makes others sick?,https://www.cnn.com/videos/tv/2020/06/19/is-trump-campaign-liable-if-a-rallygoer-catches-covid-19.cnn,https://cdn.cnn.com/cnnnext/dam/assets/200620092901-01-trump-rally-tulsa-crowd-0620-super-tease.jpg,2020-06-20T14:59:09Z,Chat with us in Facebook Messenger. Find out what's happening in the world as it unfolds.
3,"{'id': 'cnn', 'name': 'CNN'}",,"As Southeast reopens, virus cases go up",CNN's John King looks around the country at Covid-19 trends with new cases and deaths.,https://www.cnn.com/videos/us/2020/05/28/john-king-magic-wall-coronavirus-cases-southeast-up-re-opening-ath-vpx.cnn,https://cdn.cnn.com/cnnnext/dam/assets/200527205316-04-us-coronavirus-death-toll-super-tease.jpg,2020-05-28T16:46:39Z,Chat with us in Facebook Messenger. Find out what's happening in the world as it unfolds.
4,"{'id': 'cnn', 'name': 'CNN'}",,How to reduce risk of virus this summer,CNN's Sara Sidner reports on the risks of transmitting Covid-19 during summer activities.,https://www.cnn.com/videos/health/2020/05/25/coronavirus-risk-summer-sidner-ebof-dnt-vpx.cnn,https://cdn.cnn.com/cnnnext/dam/assets/200525021946-05-memorial-day-crowds-pensacola-super-tease.jpg,2020-05-25T14:31:20Z,Chat with us in Facebook Messenger. Find out what's happening in the world as it unfolds.
5,"{'id': 'cnn', 'name': 'CNN'}",,Leaked video shows expectant mothers near Covid-19 patients,"Despite Brazil having more than 100,000 confirmed cases of Covid-19, President Jair Bolsonaro is still shaking hands, joining in on protests and comparing the pandemic to a small flu.",https://www.cnn.com/videos/world/2020/05/05/expecting-mothers-next-to-covid-patients-jair-bolsonaro-brazil-coronavirus-isa-soares-pkg-vpx.cnn,https://cdn.cnn.com/cnnnext/dam/assets/200504203403-brazil-coronavirus-01-super-tease.jpg,2020-05-05T00:50:48Z,Chat with us in Facebook Messenger. Find out what's happening in the world as it unfolds.
6,"{'id': 'cnn', 'name': 'CNN'}","Elizabeth Cohen, CNN",Yet another study shows hydroxychloroquine doesn't work against Covid-19,"A new study -- the largest of its kind -- shows that hydroxychloroquine, the drug touted by President Trump, does not work against Covid-19 and could cause heart problems.",https://www.cnn.com/2020/05/11/health/hydroxychloroquine-doesnt-work-coronavirus/index.html,https://cdn.cnn.com/cnnnext/dam/assets/200427180304-hidroxicloroquina-super-tease.jpg,2020-05-11T20:07:10Z,"(CNN)A new study -- the largest of its kind -- shows that hydroxychloroquine, the drug touted by President Trump, does not work against Covid-19 and could cause heart problems. 
The study was published Monday in the Journal of the American Medical Association. It follows a study published Thursday in the New England Journal of Medicine that also showed the drug doesn't fight the virus. 
Even before these reports were published, the US Food and Drug Administration and the National Institutes of Health issued warnings about using the drugs for coronavirus patients. 
In the most recent study, researchers at the University at Albany looked at 1,438 patients with coronavirus who were admitted to 25 New York City area hospitals. After statistical adjustments, the death rate for patients taking hydroxychloroquine was similar to those who did not take the drug. The death rate for those taking hydroxychloroquine plus the antibiotic azithromycin, was also similar. 
However, the patients who took the drug combination were more than twice as likely to suffer cardiac arrest during the course of the study. Heart issues are a known side effect of hydroxychloroquine. 
""The big takeaway for me from this study is that it's very consistent with the FDA and NIH guidelines that came out in April,"" said one of the study's senior authors, David Holtgrave, dean of the School of Public Health at the University at Albany. ""When deciding on public health interventions and treatments for Covid-19 or any other disease, it's really important to follow the data and follow the science and make sure decisions are being made on the highest quality data possible."" 
This study likely won't be the last word on the drugs. Researchers at the University of Washington, New York University and other centers are still testing the drug in patients. 
In the clinical trials, coronavirus patients are randomly assigned to take the drugs or to take placebos, which have no effect, and then the death rates between the two groups will compared. These types of studies are considered the most reliable.
Trump's enthusiasm for hydroxychloroquine 
Starting in mid-March, President Trump became a frequent cheerleader for hydroxychloroquine, used to treat malaria, lupus and other diseases and the antibiotic azithromycin, often sold under the brand name Zithromax, or as a""Z-pack."" 
He promoted the drugs nearly 50 times, despite pleas from scientists to let studies decide if the treatment worked or not. 
""HYDROXYCHLOROQUINE &amp; AZITHROMYCIN, taken together, have a real chance to be one of the biggest game changers in the history of medicine,"" Trump tweeted on March 21. 
Fox News frequently echoed Trump, but both the network and the president quieted down about the drugs once studies started showing they didn't work and possibly could hurt. 
No difference in death rates 
Trump's enthusiasm for the drugs was based on a French study of 20 patients in March that showed the drugs might work against the virus. That study was criticized for poor methodology, with experts calling it ""pathetic"" and ""a complete failure."" 
The medical society that published that study later said the study ""does not meet the Society's expected standard."" 
But the study was enough to excite Trump, and enough to excite doctors, who were free to prescribe the drugs because they're both already on the market to treat patients with other illnesses. 
The latest study in the Journal of the American Medical Association looked at the medical records of 18% of all coronavirus patients hospitalized in the New York City area from March 15 to March 28. 
In this group, doctors prescribed both drugs to 735 patients, just hydroxychloroquine to 271 patients, just azithromycin to 211 patients and neither drug to 221 patients. 
They found that those taking hydroxychloroquine, either alone or with the antibiotic, were sicker than other patients to begin with and as time went on had a higher death rate. However, once the researchers statistically adjusted for the fact that the patients who took the drugs were sicker to start with, there was no statistical significance between the two death rates. 
Overall, the patients had a 20% death rate. 
The patients in the study were in the hospital, and other research teams are studying whether hydroxychloroquine can prevent coronavirus infection or slow it down in the beginning stages of the disease. 
Dr. Minali Nigam, Marshall Cohen and Devon Sayers contributed to this report."
7,"{'id': 'cnn', 'name': 'CNN'}","Clare Foran, Manu Raju and Haley Byrd, CNN",Moderate freshmen Democrats voice opposition over $3 trillion Covid package,"Some moderate freshmen Democrats are expressing unease over, or outright opposition to, the more than $3 trillion coronavirus relief bill that Democratic leaders are bringing to the House floor for a Friday vote.",https://www.cnn.com/2020/05/14/politics/democrats-uneasy-covid-aid-3-trillion/index.html,https://cdn.cnn.com/cnnnext/dam/assets/191209095520-kendra-horn-dem-oklahoma-sandoval-pkg-super-tease.jpg,2020-05-14T20:31:50Z,"Washington (CNN)Some moderate freshmen Democrats are expressing unease over, or outright opposition to, the more than $3 trillion coronavirus relief bill that Democratic leaders are bringing to the House floor for a Friday vote. 
The pushback underscores how House Democratic leaders are being attacked on all sides over the legislation -- by congressional Republicans, who have dismissed the legislation as an liberal wish list, as well as within their own ranks by both progressives and moderates. 
Despite the criticism from both progressives and moderates, House Democrats leaders have expressed confidence that the package will pass the House on Friday. It is not expected to be taken up by the Senate, however, due to Republican opposition. 
Progressives have expressed frustration that the bill does not go far enough to provide aid to Americans dealing with economic fallout, while some moderates are voicing concern over the massive price tag of the plan and the fact that it does not have widespread bipartisan support. 
Freshman Democratic Rep. Kendra Horn, a moderate who flipped an Oklahoma House seat from red to blue in 2018, strongly criticized the Democratic leadership's $3 trillion coronavirus response bill on Thursday, saying that she won't vote for it.
""Messaging bills without bipartisan support are a disservice to the American people, especially during a time of crisis,"" she said in a statement. ""This is not the time for partisan gamesmanship, this is the time to find common ground and deliver help where it is needed most.""
Rep. Elissa Slotkin, a freshman from Michigan in a swing district, told CNN on Thursday that she has ""concerns"" with the $3 trillion price tag and said ""I'm undecided"" on whether she will vote for the plan on Friday. 
Slotkin said that she's trying to weigh ""the positives for my district against some of the negatives."" 
""What I wanted to see in this package is sticking to the very specific emergency need that the country has, and so I feel like there are a lot of things that I pushed for, and I believe in, especially money for our cities and towns. There's money for testing, like really critical things, and then there are some things that I don't feel like had to be in the bill, and what I'm trying to decide is does the net positive outweigh that negative,"" she said. 
Moderate freshmen Democrats like Horn and Slotkin represent the kind of frontline, battleground districts that will be heavily contested in the fall as Republicans try to win back the House majority they lost to Democrats in 2018. 
The voices of these vulnerable Democrats carry outsized influence within the House Democratic caucus with Democratic leaders recognizing the importance of holding onto those seats to maintain their majority. 
Pelosi defended the bill against attacks that it is partisan during a press conference on Thursday, saying, ""We're putting our offer on the table. We're open to negotiation."" 
Congressional Republicans have argued that it is too early to pass another far-reaching measure and have instead urged waiting to see what the impact will be of the already-enacted relief packages so far. 
And while GOP leaders and the White House oppose the Democratic plan, at least one House Republican intends to vote for the bill: Rep. Pete King. 
The New York Republican plans to vote for the measure, according to his spokesman Kevin Fogarty."
8,"{'id': 'cnn', 'name': 'CNN'}",,Is this the future of international travel with Covid-19?,"A location-tracking wristband, mandatory testing upon arrival, one-time hotel entry key cards. CNN's Will Ripley shows us Hong Kong's new strict protocols for travelers arriving from abroad.",https://www.cnn.com/videos/travel/2020/05/15/international-travel-coronavirus-hong-kong-ripley-orig-jk.cnn,https://cdn.cnn.com/cnnnext/dam/assets/200515153034-ripley-hong-kong-travel-super-tease.jpg,2020-05-15T20:13:54Z,Chat with us in Facebook Messenger. Find out what's happening in the world as it unfolds.
9,"{'id': 'cnn', 'name': 'CNN'}",,Covid-19 poses special threat to Latin America's poor,As Covid-19 sweeps through Latin America - the pandemic's new epicenter - experts fear for the region's poor. The United Nations says nearly 14 million people could go hungry in the coming months. CNN's Matt Rivers reports.,https://www.cnn.com/videos/world/2020/05/30/latin-america-covid-19-coronavirus-pandemic-epicenter-rivers-pkg-intl-ldn-vpx.cnn,https://cdn.cnn.com/cnnnext/dam/assets/200530111628-latin-america-covid-19-coronavirus-pandemic-epicenter-rivers-pkg-intl-ldn-vpx-00005308-super-tease.jpg,2020-05-30T10:26:37Z,Chat with us in Facebook Messenger. Find out what's happening in the world as it unfolds.
10,"{'id': 'cnn', 'name': 'CNN'}",,Doctor on Covid-19 task force briefings: 'Stop screwing around',"Dr. Peter Hotez tells CNN's Victor Blackwell that the White House coronavirus task force needs to improve their briefings, or risk losing the confidence of the general public.",https://www.cnn.com/videos/health/2020/06/27/coronavirus-task-force-briefings-dr-peter-hotez-nr-vpx.cnn,https://cdn.cnn.com/cnnnext/dam/assets/200626142739-01-coronavirus-task-force-briefing-0626-super-tease.jpg,2020-06-27T14:45:30Z,Chat with us in Facebook Messenger. Find out what's happening in the world as it unfolds.
11,"{'id': 'cnn', 'name': 'CNN'}",,CNN reporter debunks beachgoers' coronavirus theories,"CNN's Gary Tuchman speaks with beachgoers in Gulf Shores, Alabama, about the Covid-19 pandemic.",https://www.cnn.com/videos/us/2020/05/26/alabama-beaches-coronavirus-tuchman-pkg-ac360-vpx.cnn,https://cdn.cnn.com/cnnnext/dam/assets/200525212704-tuchman-alabama-beach-super-tease.jpg,2020-05-26T02:41:50Z,Chat with us in Facebook Messenger. Find out what's happening in the world as it unfolds.
12,"{'id': 'the-verge', 'name': 'The Verge'}",Jay Peters,"How to record video meetings on Zoom, Google Meet, and Skype","People are doing a lot more video conferencing now that they’re stuck at home due to the COVID-19 pandemic, and many services offer a way to record your calls so that you can listen to or watch them later. We’ve outlined how to set up recordings for your Zoom…",https://www.theverge.com/21243516/video-call-record-how-to-meeting-conference-zoom-google-skype,https://cdn.vox-cdn.com/thumbor/MDsWvUJMoQhp3zUM2Pcm98ylEHA=/0x146:2040x1214/fit-in/1200x630/cdn.vox-cdn.com/uploads/chorus_asset/file/19880368/bfarsace_200407_3962_0001.jpg,2020-05-04T18:48:29Z,"Record your calls so you can watch them later
Photo by Becca Farsace / The Verge
If you buy something from a Verge link, Vox Media may earn a commission. See our ethics statement.
People are doing a lot more video conferencing now that theyre stuck at home due to the COVID-19 pandemic. These sessions can be a great way to stay in touch with friends and family, conduct business with colleagues, and keep up with schoolwork. Sometimes, though, you may want to save a recording of the meeting so you can revisit it later. That could let you listen to a teachers lecture again, use the audio for a podcast, or even relive the announcement of a family pregnancy (which is something that actually happened to me on a recent family video call).
Many services offer ways to record video meetings, even on their free versions. Weve outlined here how to set up recordings for three well-known services: Zoom, Google Meet, and Skype. 
Zoom
Zoom lets you record calls whether youre a free user or a paid user. However, if youre a free user, youll only be able to save recordings to your computer. If you want to save recordings to the cloud, youll need to be on one of the companys paid offerings. Those plans start at $14.99 per user per month for its Pro plan and $1,800 per year for schools. 
Heres how to record a Zoom meeting:
<ul><li>If youre the host of your Zoom call, click the record button on the toolbar at the bottom of the call window to start the recording. If youre on a paid plan, you should see the option to pick between making a local recording or a cloud recording.</li><li>When the recording starts, youll be able to pause or stop the recording using buttons in the top left corner of your screen or on the Zoom toolbar.</li><li>If you opted for a local recording, the call will be converted into a .mp4 file and saved to your computer as soon as you end your meeting. In my testing, Zoom automatically opened the Finder window to the folder with both audio and video versions of the recording.</li><li>If you opted for a cloud recording, when you end your meeting, Zoom will show you a message saying that youll get an email when the recording is ready. For me, that email had a link to Zooms website with audio and video versions of the recording, as well as a password-protected link I could share with others so they could view and download the recording.</li></ul>Zooms website has support documents for cloud recordings, local recordings, and recording using Zooms iOS and Android apps if you want to learn more. The company also put together a helpful video that demonstrates how to record a call when youre using a computer.
Google Meet
For a limited time, anybody who is a G Suite customer should be able to record a call via Google Meet. Thats because Google has opened up free access to recording and other advanced Meet features until September 30th. After that date, video recording in Meet will presumably revert to only being available for customers of G Suite Enterprise, which costs $25 per user per month, and G Suite Enterprise for Education, which costs $48 per user per year (though Google is offering lower promotional pricing until July 31st under certain circumstances). If you plan to host video meetings via the free version of Google Meet thats rolling out over the coming weeks, though, you wont be able to make recordings, Google tells The Verge.
Heres how to record a Google Meet call. Note that I was not able to personally test these steps myself; the recording feature wasnt enabled for the G Suite account I use at work (or for the account of a colleague who has a personal G Suite account). If you dont see the recording option after following the steps below, it may not have rolled out to your account yet, or your companys G Suite settings may not let you make recordings. 
<ul><li>Once youre in the meeting, click the icon with the three vertical dots in the lower right hand of your screen. A menu will appear, and on the top of it, you should see a Record meeting option. Click that to start recording. The meeting organizer or anyone in the same organization as the host can record a meeting, according to Google.</li><li>To stop recording, click the three vertical dots again and click the Stop recording menu option at the top of the list.</li><li>Recordings will be saved to the meeting organizers Google Drive in a folder called Meet Recordings. The organizer will also receive an email with a link to the recording. If you arent the meeting organizer but activated a recording, youll also be emailed a link to the recording. A link to the recording will also be added to the calendar invite. </li></ul>Google has additional details about meeting recordings in this support document, and you can see a video about recording in Meet here.
Skype
Heres how to record a Skype call. 
<ul><li>Youll need to have at least one other person on your call to do a call recording. Once the other person has joined, you should see an option to Start Recording in the bottom left corner of your call window when you move your mouse. Either person can click on that to start a recording. </li><li>To stop recording, click the Stop recording button at the top of the screen or in the same bottom left corner of the window where the Start Recording button was.</li><li>When you end your call, youll be able to access the recording in the Skype app and download it to your computer. Recordings will be available for 30 days.</li></ul>You can also check out Microsofts support document about call recording in Skype if you want to learn more."
13,"{'id': 'the-verge', 'name': 'The Verge'}",Aliya Chaudhry,Google resumes Chrome’s more privacy-friendly SameSite cookie update,"In February, Chrome began rolling out its SameSite update, which requires third-party cookies to be explicitly designated in order to work, but paused it in April in order to keep websites up and running in the midst of the COVID-19 pandemic. Now, Chrome has …",https://www.theverge.com/2020/5/28/21273293/google-chrome-samesite-cookie-third-party-update,https://cdn.vox-cdn.com/thumbor/0okCjYK5badYFNoavREmuNevGhs=/0x146:2040x1214/fit-in/1200x630/cdn.vox-cdn.com/uploads/chorus_asset/file/19709828/acastro_200207_3900_chrome_0001.0.jpg,2020-05-28T18:00:00Z,"The updates were rolled back in April in light of COVID-19
Illustration by Alex Castro / The Verge
Google announced on Thursday that it will bring its SameSite cookie update back starting July 14th, alongside the launch of Chrome 84. The update will roll out gradually to Chrome 80 and later versions.
When Chrome 80 launched in February, Google started rolling out its SameSite update, which is intended to change how cookies are handled by the browser. In April, Google announced it would be rolling back that update in order to keep essential websites working during the COVID-19 pandemic. 
The update will resume starting July 14th, alongside the launch of Chrome 84
Chrome used to accept cookies by default, but with the introduction of its SameSite labeling policy, Chrome will block cookies from functioning in a third-party context, unless they carry specific labels. This is part of Chromes phased approach to privacy: this is supposed to limit which cookies collect data across sites, and in turn, limit the data those websites collect on users. 
Blocking third-party cookies can cause some websites to break, particularly during the login process, since cookies store your login information across sites and visits. Prior to Google rolling back the update, several sites had been adjusted according to the SameSite policy. However, Google said it wanted to provide stability and continuity during the COVID-19 outbreak, especially for essential services, so it decided to temporarily halt the update with the aim to resume over the summer. 
Google is taking a gradual approach to blocking third-party cookies, since Google is worried that blocking cookies could break some websites. In contrast to Safari and Firefox, which block third-party cookies by default, Chrome has decided to phase them out within two years. Following this incremental plan, earlier this month Google announced Chrome would be blocking third-party cookies in incognito mode. The Chrome team is also working on a set of alternative technologies which are intended to preserve website revenue and allow advertisers to target audiences but without breaking logins to sites or being too invasive for consumers."
14,"{'id': 'the-verge', 'name': 'The Verge'}",Jay Peters,EVO 2020 will be an online-only event due to the pandemic,"This year’s Evolution Championship Series (EVO), a major annual fighting game tournament, will be held as an online event this summer due to the COVID-19 pandemic. It’s unclear if the online-only event will have the same previously scheduled lineup.",https://www.theverge.com/2020/5/1/21244580/evo-2020-fighting-game-tournament-online-only-covid-19-coronavirus-pandemic,https://cdn.vox-cdn.com/thumbor/0RcE4YzcQ2D-bx40aoNCSCanU94=/0x147:2048x1219/fit-in/1200x630/cdn.vox-cdn.com/uploads/chorus_asset/file/19938493/EBLrHwDUIAEXVoe.jpeg,2020-05-01T20:37:30Z,"Image: EVO

 The annual Evolution Championship Series (EVO) fighting game tournament will be held as an online event this summer due to the COVID-19 pandemic, the event’s organizers announced today. EVO had been scheduled to take place from July 31st to August 2nd at Mandalay Bay in Las Vegas. All tickets and hotel reservations will be refunded automatically. 
This year’s EVO lineup was scheduled to include Street Fighter 5: Champion Edition, Super Smash Bros. Ultimate, Dragon Ball FighterZ, an invitational tournament for the Dreamcast hit Marvel vs. Capcom 2, and more, but it’s not clear if this online-only summer event will have the same lineup. 


A message from the Evo team... pic.twitter.com/ANXUXDiNGK
— EVO (@EVO) May 1, 2020





Other major gaming events, including E3, the Game Developers Conference, and Gamescom, have shifted to online-only events this year because of the pandemic. Many major tech events, including Apple’s Worldwide Developers Conference and Microsoft’s Build developer event, are also being held online."
15,"{'id': 'cnn', 'name': 'CNN'}",,Flour business saved by amateur bakers,New York mill and flour business saved by rising population of amateur bakers in the time of Covid-19,https://www.cnn.com/videos/travel/2020/06/02/ny-flour-business-saved-during-covid.cnn,https://cdn.cnn.com/cnnnext/dam/assets/200602102736-ny-flour-business-1-super-tease.jpg,2020-06-02T14:46:23Z,Chat with us in Facebook Messenger. Find out what's happening in the world as it unfolds.
16,"{'id': 'cnn', 'name': 'CNN'}",,These states are trending in the right direction,CNN's John King looks at the trends in US Covid-19 cases and sees encouraging signs for some states.,https://www.cnn.com/videos/us/2020/05/25/us-coronavirus-cases-trend-may-25-john-king-magic-wall-nr-vpx.cnn,https://cdn.cnn.com/cnnnext/dam/assets/200525113749-john-king-may-25-2020-super-tease.jpg,2020-05-25T15:56:04Z,Chat with us in Facebook Messenger. Find out what's happening in the world as it unfolds.
17,"{'id': 'cnn', 'name': 'CNN'}",,Chris Cuomo on his Covid recovery: It freaks me out a little,CNN's Chris Cuomo talks about how his recovery from Covid-19 is progressing with Dr. Sanjay Gupta.,https://www.cnn.com/videos/media/2020/05/27/chris-cuomo-covid-coronavirus-recovery-gupta-cpt-sot.cnn,https://cdn.cnn.com/cnnnext/dam/assets/200527081358-chris-cuomo-may-26-2020-super-tease.jpg,2020-05-27T12:18:40Z,Chat with us in Facebook Messenger. Find out what's happening in the world as it unfolds.
18,"{'id': 'cnn', 'name': 'CNN'}",,Donald Trump's CDC director has a controversial past,CNN's Kristen Holmes dives into CDC Director Dr. Robert Redfield's controversial past as the US grapples with Covid-19.,https://www.cnn.com/videos/health/2020/06/05/cdc-director-redfield-misconduct-history-coronavirus-holmes-pkg-lead-vpx.cnn,https://cdn.cnn.com/cnnnext/dam/assets/200529160300-05-robert-redfield-file-super-tease.jpg,2020-06-05T18:04:04Z,Chat with us in Facebook Messenger. Find out what's happening in the world as it unfolds.
19,"{'id': 'cnn', 'name': 'CNN'}",,President Trump calls out reporter on social distancing,"As Covid-19 cases spike in the US, President Trump is trying to change the subject. CNN's Jim Acosta reports.",https://www.cnn.com/videos/politics/2020/06/25/donald-trump-white-house-coronavirus-response-acosta-dnt-tsr-vpx.cnn,https://cdn.cnn.com/cnnnext/dam/assets/200625024742-donald-trump-white-house-0623-super-tease.jpg,2020-06-25T23:17:05Z,Chat with us in Facebook Messenger. Find out what's happening in the world as it unfolds.
