,source,author,title,description,url,urlToImage,publishedAt,content
0,"{'id': 'reuters', 'name': 'Reuters'}",Reuters Editorial,Clemson reveals 14 more players tested positive for COVID-19 - Reuters,National power Clemson announced Friday that 14 more football players have tested positive for the coronavirus.,https://www.reuters.com/article/us-football-ncaa-cle-positive-tests-idUSKBN23Y033,https://s4.reutersmedia.net/resources/r/?m=02&d=20200627&t=2&i=1523812426&w=1200&r=LYNXMPEG5Q01T,2020-06-27T02:22:00Z,"National power Clemson announced Friday that 14 more football players have tested positive for the coronavirus. 
The school has revealed 37 positive tests for football players over the past three weeks, including 21 last week. 
Overall, Clemson has conducted 430 tests since June 1, and 47 have come back positive 43 student-athletes and four staff members. 
According to the university, none of the positive tests had resulted in a hospitalization. 
“Clemson has notified and isolated each of those individuals for a period of at least 10 days,” the athletic department announced in a statement. “Known close contacts have also been asked to self-quarantine for at least 14 days and are unable to participate in voluntary activity during that period.” 
Clemson lists 120 players on its football roster, meaning nearly one-third of coach Dabo Swinney’s squad has tested positive. 
South Carolina has recently become a “hot spot” for coronavirus cases. On Friday, the South Carolina Department of Health and Environmental Control announced 1,273 new cases, the second-highest in a single day for the state. 
At least 694 deaths statewide are attributed to the coronavirus by the South Carolina DHEC. 
Also Friday, Texas Tech announced it has 23 positive test results between football players and staff. The school said 21 of the people who tested positive have recovered from the illness. Texas Tech said it tested 197 athletes, coaches and staff members. 
While Clemson and Texas Tech battle a high number of positive tests, Maryland of the Big Ten and Wyoming of the Mountain West each reported zero positive tests. 
Maryland said it tested 105 student-athletes without a positive. Wyoming recently tested 94 student-athletes, raising its total to 262 negative tests, according to WyoSports.net. 
“I do think we have a great plan here,” Wyoming football coach Craig Bohl said of the athletic department to WyoSports.net. “Guys are following the protocol.” 
Field Level Media"
1,"{'id': 'reuters', 'name': 'Reuters'}",Reuters Editorial,South Africa to reopen casinos and cinemas despite COVID-19 spread - Reuters India,South Africa will allow casinos and cinemas to reopen and restaurants to resume sit-down meals on Monday in a further easing of coronavirus lockdown restrictions despite a sharp rise in infections.,https://in.reuters.com/article/health-coronavirus-safrica-idINKBN23Y037,https://s4.reutersmedia.net/resources/r/?m=02&d=20200627&t=2&i=1523812457&w=1200&r=LYNXMPEG5Q01V,2020-06-27T02:25:00Z,"JOHANNESBURG (Reuters) - South Africa will allow casinos and cinemas to reopen and restaurants to resume sit-down meals on Monday in a further easing of coronavirus lockdown restrictions despite a sharp rise in infections. 
The country began easing restrictions put in place in March last month and at the beginning of June allowed people outside for work, worship, exercise or shopping, and let mines and factories to run at full capacity to try to revive the economy. 
It has recorded 118,375 infections of the highly contagious respiratory disease and 2,292 deaths and daily case numbers rose by more than 6,500 on Thursday after less than 1,000 in April. 
But tourism is an important revenue-earner and three months of lockdown has left many businesses fighting for survival. 
“We are continuing with the effort to reactivate the tourism sector so that we can save businesses and jobs in the sector,” Tourism Minister Mmamoloko Kubayi-Ngubane said in a televised briefing, after warning last month that up to 600,000 jobs were at risk if the sector remained shut until September. 
Business travel has been allowed from June 1, but overnight leisure stays are still forbidden to try to contain the spread of the virus. 
Kubayi-Ngubane said casinos would operate at 50% capacity, while cinemas and theatres would only be allowed 50 people or less. Restaurants, fast food outlets and coffee shops could offer sit-in services in addition to the take-aways they had already been allowed but would not be able to serve alcohol. 
Tourism Business Council of South Africa chief executive Tshifhiwa Tshivhengwa said many restaurants might find it unprofitable to reopen without on on-site alcohol consumption. 
“At the end of it all it goes some way but we’re still far off and businesses are going to continue to bleed, retrenchments are coming in large volumes,” he said in an interview on news broadcaster eNCA. 
Reporting by Tumelo Modiba; editing by Nqobile Dludla and Philippa Fletcher"
2,"{'id': 'reuters', 'name': 'Reuters'}",Reuters Editorial,S.Africa to reopen casinos and cinemas despite COVID-19 spread - Reuters Africa,South Africa will allow casinos and cinemas to reopen and restaurants to resume sit-down meals on Monday in a further easing of coronavirus lockdown restrictions despite a sharp rise in infections.,https://af.reuters.com/article/topNews/idAFKBN23Y0B1-OZATP,https://s3.reutersmedia.net/resources/r/?m=02&d=20200627&t=2&i=1523823850&w=1200&r=LYNXMPEG5Q07E-OZATP,2020-06-27T08:01:00Z,"JOHANNESBURG (Reuters) - South Africa will allow casinos and cinemas to reopen and restaurants to resume sit-down meals on Monday in a further easing of coronavirus lockdown restrictions despite a sharp rise in infections. 
The country began easing restrictions put in place in March last month and at the beginning of June allowed people outside for work, worship, exercise or shopping, and let mines and factories to run at full capacity to try to revive the economy. 
It has recorded 118,375 infections of the highly contagious respiratory disease and 2,292 deaths and daily case numbers rose by more than 6,500 on Thursday after less than 1,000 in April. 
But tourism is an important revenue-earner and three months of lockdown has left many businesses fighting for survival. 
“We are continuing with the effort to reactivate the tourism sector so that we can save businesses and jobs in the sector,” Tourism Minister Mmamoloko Kubayi-Ngubane said in a televised briefing, after warning last month that up to 600,000 jobs were at risk if the sector remained shut until September. 
Business travel has been allowed from June 1, but overnight leisure stays are still forbidden to try to contain the spread of the virus. 
Kubayi-Ngubane said casinos would operate at 50% capacity, while cinemas and theatres would only be allowed 50 people or less. Restaurants, fast food outlets and coffee shops could offer sit-in services in addition to the take-aways they had already been allowed but would not be able to serve alcohol. 
Tourism Business Council of South Africa chief executive Tshifhiwa Tshivhengwa said many restaurants might find it unprofitable to reopen without on on-site alcohol consumption. 
“At the end of it all it goes some way but we’re still far off and businesses are going to continue to bleed, retrenchments are coming in large volumes,” he said in an interview on news broadcaster eNCA. 
Reporting by Tumelo Modiba; editing by Nqobile Dludla and Philippa Fletcher"
3,"{'id': 'reuters', 'name': 'Reuters'}",Luciano Costa,"Credit Suisse, BNP may join Brazil's COVID-19 bailout of electric sector -sources - Reuters","Credit Suisse, BNP Paribas and Sumitomo Mitsui Banking Corp may join a bank syndicate that will provide 16.1 billion real ($3.01 billion) in loans to Brazilian power distributors hurt by the coronavirus pandemic, three people familiar with the matter told Reu…",https://uk.reuters.com/article/brazil-energy-loans-idUKL4N2E233N,https://s4.reutersmedia.net/resources_v2/images/rcom-default.png,2020-06-25T21:47:00Z,"SAO PAULO, June 25 (Reuters) - Credit Suisse, BNP Paribas and Sumitomo Mitsui Banking Corp may join a bank syndicate that will provide 16.1 billion real ($3.01 billion) in loans to Brazilian power distributors hurt by the coronavirus pandemic, three people familiar with the matter told Reuters. 
Banco Safra SA, Banco BV, BTG Pactual and Banco Alfa SA are also in talks with state development bank BNDES, which is leading efforts to assemble the emergency loans, the sources said on condition of anonymity. 
Itaú Unibanco SA, Banco Bradesco SA, Santander Brasil SA and Banco do Brasil have already joined the syndicate, the sources said. 
BTG Pactual and Bradesco declined to comment. The other banks did not immediately respond to requests for comment. 
More than 10 unidentified banks are in talks to take part in the so-called “COVID account,” BNDES President Gustavo Montezano said on Wednesday. 
Costs for the five-year loans will be passed on to consumers through electric bills, according to energy sector regulator Aneel, noting that the interest rate has yet to be determined. 
The loans are set to benefit companies including those controlled by Italy’s Enel Spa, Spain’s Iberdrola , Portugal’s EDP and China’s State Grid, in addition to major local utilities such as Cemig, Equatorial Energia SA and Energisa SA. 
Caixa Econômica Federal withdrew from the transaction, someone involved in the bank talks said. 
“BNDES, BB, Santander, Itau and Bradesco are the cornerstone of the operation. They are likely to get the biggest tickets,” the source said. 
Those five banks have more incentives to participate because of their significant exposure to the Brazilian power sector. 
Details about the bailout, including costs, are expected to be public next week, Montezano said on Wednesday. 
$1 = 5.3410 reais
Reporting by Luciano Costa; Editing by Richard Chang"
4,"{'id': 'reuters', 'name': 'Reuters'}",Lucia Mutikani,Consumer sentiment tepid in U.S. South as COVID-19 cases spike - Reuters,Consumers in southern U.S. states where COVID-19 infections spiked to record levels after authorities rushed to reopen businesses were less optimistic about economic conditions in June than residents in areas that proceeded more cautiously and followed the ad…,https://www.reuters.com/article/us-usa-economy-sentiment-idUSKBN23X2JN,https://s1.reutersmedia.net/resources/r/?m=02&d=20200626&t=2&i=1523776088&w=1200&r=LYNXMPEG5P1O2,2020-06-26T17:27:00Z,"WASHINGTON (Reuters) - Consumers in southern U.S. states where COVID-19 infections spiked to record levels after authorities rushed to reopen businesses were less optimistic about economic conditions in June than residents in areas that proceeded more cautiously and followed the advice of health experts. 
The University of Michigan said on Friday its measure of consumer sentiment rose only 0.5 point among residents in the South in June. Southern states, including Texas, South Carolina and Florida, which had reopened by mid-May, are reporting a surge in cases of the respiratory illness. 
Texas Governor Greg Abbott on Friday ordered bars to close down again and restaurants to scale back service. 
“While most consumers believe that economic conditions could hardly worsen from the recent shutdown of the national economy, prospective growth in the economy is more closely tied to progress against the coronavirus,” said Richard Curtin, the University of Michigan Surveys of Consumers chief economist. 
“The early reopening of the economy has undoubtedly restored jobs and incomes, but it has come at the probable cost of an uptick in the spread of the virus.” 
In the West, where coronavirus infections have also jumped despite early adoption of stringent measures to slow the spread of the disease, consumer sentiment increased 3.3 points in June. 
In contrast, sentiment among residents in the Northeast soared by a record 19.1 points this month. State and local governments in the Northeast are gradually reopening their economies while monitoring COVID-19 infections and hospitalizations. 
Curtin attributed the surge in confidence to “residents apparently expecting the later and more gradual reopening to produce at worst a negligible increase in infections.” 
He predicted that the resurgence of the virus would undercut consumer demand in the southern and western regions and might even temper spending in the Northeast. 
The survey also found that consumers’ confidence in government economic policies dropped in June to its lowest since President Donald Trump took office in January 2017. 
Reporting By Lucia Mutikani; Editing by David Gregorio"
5,"{'id': 'reuters', 'name': 'Reuters'}",Daniel Wiessner,DOL limits COVID-19 parents' paid leave law regarding summer programs - Reuters,"Parents are only eligible for emergency paid family leave this summer under a federal coronavirus relief law if their child was actually enrolled in a now-canceled camp or other program or if the child had attended the program in the past, the U.S. Department…",https://www.reuters.com/article/employment-dol-idUSL1N2E31G7,https://s4.reutersmedia.net/resources_v2/images/rcom-default.png,2020-06-26T18:34:00Z,"Parents are only eligible for emergency paid family leave this summer under a federal coronavirus relief law if their child was actually enrolled in a now-canceled camp or other program or if the child had attended the program in the past, the U.S. Department of Labor said on Friday. 
In a field bulletin addressed to regional investigators with DOL’s Wage and Hour Division (WHD), the agency said the Families First Coronavirus Relief Act (FFCRA) does not apply when workers simply cannot find an open summer program for their children. 
To read the full story on Westlaw Practitioner Insights, click here: bit.ly/2YDRAUK"
6,"{'id': 'reuters', 'name': 'Reuters'}",Reuters Editorial,"China reports 17 new COVID-19 cases, including 14 in Beijing - Reuters","Mainland China on Sunday reported 17 new coronavirus cases, mostly in the Chinese capital of Beijing.",https://www.reuters.com/article/us-health-coronavirus-china-cases-idUSKBN23Z013,https://s4.reutersmedia.net/resources/r/?m=02&d=20200628&t=2&i=1523863544&w=1200&r=LYNXMPEG5R00W,2020-06-28T01:23:00Z,"SHANGHAI (Reuters) - Mainland China on Sunday reported 17 new coronavirus cases, mostly in the Chinese capital of Beijing. 
The National Health Commission said 17 new infections were confirmed on Saturday, down from 21 a day earlier. 
In Beijing, 14 new confirmed cases were reported, down from 17 a day earlier. 
Since June 11 when Beijing reported its first case in the current outbreak, stemming from a sprawling wholesale food centre in the southwest of the capital, 311 people in the city of more than 20 million have contracted the virus. 
Mainland China reported three new so-called imported cases on Friday, infections linked to travellers arriving from abroad. That compares with four cases a day earlier. 
That took the cumulative number of confirmed cases in mainland China to 83,500. 
Mainland China reported seven new asymptomatic patients, who tested positive for COVID-19 but showed no clinical symptoms such as a fever, down from 12 a day earlier. 
The national health authority does not include asymptomatic patients in its tally of confirmed cases. 
The death toll stood at 4,634, unchanged since mid-May. 
Reporting by Samuel Shen and Emily Chow; editing by Jonathan Oatis"
7,"{'id': 'reuters', 'name': 'Reuters'}",Reuters Editorial,Zurich quarantines nearly 300 nightclub revellers after six people contract COVID-19 - Reuters,Zurich's health authority said on Saturday it had ordered a 10-day quarantine for almost 300 guests and staff of a nightclub after a reveller tested positive for the coronavirus and had been proven to have infected others during his outing.,https://www.reuters.com/article/us-health-coronavirus-swiss-idUSKBN23Y0UP,https://s4.reutersmedia.net/resources_v2/images/rcom-default.png,2020-06-27T19:40:00Z,"VIENNA (Reuters) - Zurich’s health authority said on Saturday it had ordered a 10-day quarantine for almost 300 guests and staff of a nightclub after a reveller tested positive for the coronavirus and had been proven to have infected others during his outing. 
The man was at the Flamingo Club on June 21 and tested positive for COVID-19 on June 25, the statement said. Five other people who were at the club with him have also tested positive since, it said. 
As other European countries who have eased restrictions, Switzerland has seen a rise in new coronavirus infections. 
This week, the number of new infections has increased daily from 18 on Monday to 69 on Saturday, according to the Health Ministry. 
Swiss nightclubs were allowed to reopen this month, but they are obliged to register their guests. 
“In case of further super spreader events, the closure of clubs must be considered,” the Zurich health authority said. 
Switzerland has recorded 31,555 coronavirus infections with 1,682 deaths so far, the ministry said. 
The nightclub was not immediately available for comment. 
Reporting by Kirsti Knolle; Editing by Alison Williams"
8,"{'id': 'reuters', 'name': 'Reuters'}",Foo Yun Chee,"Global COVID-19 fundraising meeting raises $6.9 billion, leaders want vaccine for all - Reuters","A global fundraising meeting on Saturday raised 6.15 billion euros ($6.9 billion) from the United States, the European Commission and numerous countries to fight COVID-19, with many participants stressing that an eventual vaccine should be available to anyone…",https://www.reuters.com/article/us-health-coronavirus-eu-vaccine-idUSKBN23Y0RH,https://s2.reutersmedia.net/resources/r/?m=02&d=20200627&t=2&i=1523845869&w=1200&r=LYNXMPEG5Q0JC,2020-06-27T17:32:25Z,"BRUSSELS (Reuters) - A global fundraising meeting on Saturday raised 6.15 billion euros ($6.9 billion) from the United States, the European Commission and numerous countries to fight COVID-19, with many participants stressing that an eventual vaccine should be available to anyone who needs it. 
The pledging summit, part of a joint initiative by the EU executive and advocacy group Global Citizen, also included a globally televised and streamed fundraising concert featuring Miley Cyrus, Justin Bieber, Shakira, Chloe X Halle, Usher and others. 
The Commission together with the European Investment Bank pledged 4.9 billion euros ($5.50 billion), the United States $545 million, Germany 383 million euros, Canada C$300 million ($219 million)and Qatar $10 million. Forty governments took part in the summit. 
The money will be used for COVID-19 tests, treatments and vaccines, and also to support the world’s poorest and most marginalised communities. 
Commission President Ursula von der Leyen said it was crucial that everyone who needed it should have access to a vaccine. 
“I am trying to convince high-income countries to reserve vaccines not only for themselves but also for low- and middle income countries. This is a stress test for solidarity,” she said. 
British Premier Boris Johnson concurred. 
“If and when an effective vaccine is found, then we as world leaders have moral duty to ensure that it is truly available to all,” he said. 
French President Emmanuel Macron was adamant about pooling efforts together. 
“Let’s refuse an every man for himself approach, let’s continue to move forward together,” he said. 
Italy, one of the hardest hit by the pandemic, echoed his sentiment. 
The EU is championing global cooperation in efforts to control and end the pandemic, in contrast to the United States and China’s focus on national initiatives. 
($1 = 0.8915 euros) 
($1 = 1.3688 Canadian dollars) 
Reporting by Foo Yun Chee; Editing by Frances Kerry"
9,"{'id': 'reuters', 'name': 'Reuters'}",Lisa Shumaker,California orders some bars to close as U.S. posts record COVID cases - Reuters Africa,California on Sunday ordered some bars to close as that state and a dozen others face the worst surge in coronavirus cases since the start of the pandemic.,https://af.reuters.com/article/worldNews/idAFKBN23Z0TE,https://s4.reutersmedia.net/resources/r/?m=02&d=20200628&t=2&i=1523911369&w=1200&r=LYNXMPEG5R0LU,2020-06-28T20:49:00Z,"(Reuters) - California on Sunday ordered some bars to close as that state and a dozen others face the worst surge in coronavirus cases since the start of the pandemic. 
Governor Gavin Newsom’s order for bars to close in seven counties, including Los Angeles, is the first major rollback of efforts to reopen the economy in the most populous U.S. state. On Friday, Texas and Florida ordered all bars to close. 
The surge in COVID-19 cases has been most pronounced in several Southern and Western states that did not follow health officials’ recommendations to wait for a steady decline in cases before reopening their economies. 
For a third consecutive day on Saturday, the number of confirmed U.S. cases leapt by more than 40,000, one of the largest surges in the world. 
Even in states where cases have been declining for weeks, bars have been a source of outbreaks. One bar in East Lansing, Michigan has been linked to more than 85 cases, according to local health officials who say that number is likely to rise. 
In addition to bars, Texas shuttered tubing and rafting business on Friday to try to avoid crowds like those seen on Saturday in Arizona along the Salt River east of Phoenix. 
As temperatures rose to above 100 Fahrenheit (38 Celsius), dozens of people climbed into inflatable inner tubes with coolers and took to the water to escape the heat. Very few wore masks. 
Some beaches in Florida are also closing ahead of next weekend’s Fourth of July holiday, which would have drawn large crowds. 
In Arizona, cases have risen by 267% so far in June and jumped by a record 3,857 cases on Sunday, the eighth record-breaking increase this month. Georgia reported a record increase of 2,225 cases on Sunday. Fifteen states, including California, Florida and Texas, saw record rises in cases last week. 
WEAR A MASK 
Just a day after he sounded a note of optimism about the U.S. response to the pandemic and said the country was in “a much better place,” Vice President Mike Pence canceled events to campaign for Republican President Donald Trump’s re-election in Florida and Arizona due to the outbreak, campaign officials said on Saturday. 
In an interview with CBS, Pence said he was confident that there were enough health care supplies and capacity to deal with the spike in cases. 
He also defended Trump’s refusal to directly ask Americans to wear masks or to wear one in public himself, even as Texas Governor Greg Abbott and others say the widespread use of masks will be critical to be able to reopen the economy. 
“We believe people should wear masks wherever social distancing is not possible, wherever it’s indicated by either state or local authorities,” Pence told CBS. 
U.S. House Speaker Nancy Pelosi, a Democrat, has criticized the administration’s response to the pandemic that has killed more than 125,000 Americans. She told ABC News on Sunday that mandating the use of masks across the country was long overdue. 
Global coronavirus cases exceeded 10 million on Sunday according to a Reuters tally, marking a major milestone in the spread of the respiratory disease that has so far killed almost half a million people in seven months. 
Reporting by Susan Heavey in Washington, Maria Caspani in New York and Sharon Bernstein in Sacramento; Writing by Lisa Shumakmer; Editing by Daniel Wallis"
10,"{'id': 'reuters', 'name': 'Reuters'}",Reuters Editorial,Indonesian president threatens to reshuffle cabinet over COVID-19 response - Reuters,"Indonesian President Joko Widodo has told his cabinet he is ready to reshuffle ministers or even disband government agencies that he feels have not done enough to fight the coronavirus outbreak, according to his office.",https://www.reuters.com/article/health-coronavirus-indonesia-idUSL3N2E50AD,https://s4.reutersmedia.net/resources_v2/images/rcom-default.png,2020-06-28T13:22:00Z,"JAKARTA, June 28 (Reuters) - Indonesian President Joko Widodo has told his cabinet he is ready to reshuffle ministers or even disband government agencies that he feels have not done enough to fight the coronavirus outbreak, according to his office. 
Widodo made the remarks in a cabinet meeting on June 18, the video of which was released by his office on Sunday. 
“I see that many of us are working as though things are normal. That’s what’s irritating me. Don’t you have feelings? This is a crisis,” Widodo said in the video. 
“I will take any extraordinary measures for our 267 million people, for the nation. It can be disbanding agencies, can be a reshuffle, I have thought of everything,” he said, adding that he may also issue more emergency rules if needed. 
The president also complained to his ministers of slow government spending in the face of a dire global economic outlook. 
New COVID-19 cases in Indonesia continued to rise even as the country eased movement restrictions and allowed some re-openings of businesses this month. 
On Saturday the country reported its biggest daily rise in infections with 1,385 new cases, and reported another 1,198 on Sunday, taking the total to 54,010 so far. It has recorded 2,754 deaths, the highest in East Asia outside China. 
Widodo’s government has pledged to spend nearly $50 billion on public health, social protection and relief measures. 
Southeast Asia’s largest economy may fall into a recession this year due to the economic fallout of the coronavirus pandemic, government officials say, sending millions into poverty. (Reporting by Tabita Diela and Maikel Jefriando Writing by Gayatri Suroyo; Editing by Susan Fenton)"
11,"{'id': 'reuters', 'name': 'Reuters'}",Reuters Editorial,"UK death toll from confirmed COVID-19 cases up 36 to 43,550 - Reuters","Britain's death toll from confirmed cases of the new coronavirus has risen to 43,550, an increase of 36 from a day earlier, government figures showed on Sunday. (Reporting by Elizabeth Piper; Editing by Alex Richardson)",https://www.reuters.com/article/health-coronavirus-britain-toll-idUSL3N2E50AT,https://s4.reutersmedia.net/resources_v2/images/rcom-default.png,2020-06-28T14:15:00Z,"LONDON, June 28 (Reuters) - Britain’s death toll from confirmed cases of the new coronavirus has risen to 43,550, an increase of 36 from a day earlier, government figures showed on Sunday. (Reporting by Elizabeth Piper; Editing by Alex Richardson)"
12,"{'id': 'reuters', 'name': 'Reuters'}",Reuters Editorial,"Siemens, Salesforce aim to sell products for COVID-19 back-to-work plans - Reuters Canada","Siemens and U.S. software developer Salesforce will work together on products to help companies' employees get back to work while following rules to prevent the spread of the new coronavirus, the firms said on Tuesday.",https://ca.reuters.com/article/technologyNews/idCAKBN23U1KW-OCATC,https://s2.reutersmedia.net/resources/r/?m=02&d=20200623&t=2&i=1523184614&w=1200&r=LYNXMPEG5M0WK-OCATC,2020-06-23T11:07:00Z,"ZURICH (Reuters) - Siemens (SIEGn.DE) and U.S. software developer Salesforce (CRM.N) will work together on products to help companies’ employees get back to work while following rules to prevent the spread of the new coronavirus, the firms said on Tuesday. 
The project will link Salesforce’s Work.com platform with products from Siemens Comfy and Enlighted, part of the German company’s Smart Infrastructure businesses, to give employees data on their mobile phones when they return. 
Solutions will include “boarding passes’ for building and elevator entry, and a safe occupancy management system which will send warnings when room occupancy limits are reached. 
Employee check-in and contact tracing will be also be available for companies if an emergency response is needed to limit the spread of COVID-19. Data will be collected many times per second using Siemens sensors, and delivered to workers and managers via apps. 
Many companies are slowly allowing staff to return to work, albeit on staggered or voluntary basis, although some like Swiss bank UBS have said they plan to increase employees working from home permanently. 
“The safe return of people to the workplace is a global challenge, and it’s vital that companies protect their employees to build trust and confidence,” said Roland Busch, Deputy CEO and member of the Siemens managing board."
13,"{'id': 'reuters', 'name': 'Reuters'}",Reuters Editorial,"Siemens, Salesforce aim to sell products for COVID-19 back-to-work plans - Reuters","Siemens and U.S. software developer Salesforce will work together on products to help companies' employees get back to work while following rules to prevent the spread of the new coronavirus, the firms said on Tuesday.",https://www.reuters.com/article/us-siemens-salesforce-workplace-idUSKBN23U1KW,https://s3.reutersmedia.net/resources/r/?m=02&d=20200623&t=2&i=1523184258&w=1200&r=LYNXMPEG5M0WK,2020-06-23T11:04:00Z,"ZURICH (Reuters) - Siemens (SIEGn.DE) and U.S. software developer Salesforce (CRM.N) will work together on products to help companies’ employees get back to work while following rules to prevent the spread of the new coronavirus, the firms said on Tuesday. 
The project will link Salesforce’s Work.com platform with products from Siemens Comfy and Enlighted, part of the German company’s Smart Infrastructure businesses, to give employees data on their mobile phones when they return. 
Solutions will include “boarding passes’ for building and elevator entry, and a safe occupancy management system which will send warnings when room occupancy limits are reached. 
Employee check-in and contact tracing will be also be available for companies if an emergency response is needed to limit the spread of COVID-19. Data will be collected many times per second using Siemens sensors, and delivered to workers and managers via apps. 
Many companies are slowly allowing staff to return to work, albeit on staggered or voluntary basis, although some like Swiss bank UBS have said they plan to increase employees working from home permanently. 
“The safe return of people to the workplace is a global challenge, and it’s vital that companies protect their employees to build trust and confidence,” said Roland Busch, Deputy CEO and member of the Siemens managing board."
14,"{'id': 'reuters', 'name': 'Reuters'}",Reuters Editorial,Trials with Oxford COVID-19 vaccine start in Brazil - Reuters UK,"Oxford University this weekend started human clinical trials for a potential coronavirus vaccine in Brazil, sponsor Lemann Foundation said in a statement late on Monday.",https://uk.reuters.com/article/uk-health-coronavirus-brazil-vaccine-idUKKBN23U1SX,https://s4.reutersmedia.net/resources/r/?m=02&d=20200623&t=2&i=1523190039&w=1200&r=LYNXMPEG5M11X,2020-06-23T12:01:00Z,"SAO PAULO (Reuters) - Oxford University this weekend started human clinical trials for a potential coronavirus vaccine in Brazil, sponsor Lemann Foundation said in a statement late on Monday. 
Trials will count on 2,000 health workers volunteers in Sao Paulo and 1,000 people in Rio de Janeiro. 
Brazil’s health regulator Anvisa approved human clinical trials for this potential vaccine, developed by Oxford and supported by AstraZeneca Plc, earlier in June. nL1N2DG1RJ 
Brazil, where the disease is still rife, is the first country outside the United Kingdom to start testing the Oxford vaccine. 
Researchers expect to launch the vaccine by year-end. 
Reporting by Eduardo Simoes, writing by Carolina Mandl; Editing by Steve Orlofsky"
15,"{'id': 'reuters', 'name': 'Reuters'}",Hannah McKay,Back home: the premature baby born during UK's COVID crisis - Reuters India,"At the peak of Britain's coronavirus outbreak in April when hundreds were dying each day from COVID-19, Kirsty Anderson was rushed to hospital to give birth to her baby son who had not been due to arrive for another three months.",https://in.reuters.com/article/health-coronavirus-britain-baby-idINKBN23V17F,https://s1.reutersmedia.net/resources/r/?m=02&d=20200624&t=2&i=1523305932&w=1200&r=LYNXMPEG5N0X1,2020-06-24T08:48:00Z,"BURNLEY, England (Reuters) - At the peak of Britain’s coronavirus outbreak in April when hundreds were dying each day from COVID-19, Kirsty Anderson was rushed to hospital to give birth to her baby son who had not been due to arrive for another three months. 
Just two hours after she went into labour, baby Theo was born weighing just 2lb 4oz (1 kg) at the intensive care unit at Burnley General Hospital’s maternity wing in northern England. 
Father Leon Stubbs, 35, was only allowed to see Kirsty 20 minutes beforehand and after Theo’s birth, they had just an hour together before he had to go home. 
In the weeks following the stressful events in the early hours of April 20, the parents then had to take turns to visit their son as he grew stronger in an incubator. 
It was during this time that a Reuters photographer took a picture of tiny Theo with his limbs outstretched being handed to his mother by a nurse wearing gloves and mask, an image that featured prominently in British newspapers and on online news sites globally. 
It was an absolutely horrendous time, Kirsty, 33, recalled, and due to COVID-19 the family could not see him together. 
But this week, Theo - now weighing in at 6lb 4oz - was finally allowed to go home to meet his older brother, 16-month-old Arlo, for the first time in person. 
“He’s fabulous, he’s done so well,” Kirsty told Reuters as she was leaving the hospital with Theo and Leon. “Amazing, absolutely amazing - I just can’t wait for his brother to see him.” 
As staff who had looked after Theo waved them farewell, a tearful Kirsty paid tribute to what they had done for her. 
“I can’t thank them enough,” she said. “They’re here to sort the babies out but they get you through it as well. I honestly don’t have enough words to thank them, they’re amazing.” 
Writing by Michael Holden; Editing by Alexandra Hudson"
16,"{'id': 'reuters', 'name': 'Reuters'}",Reuters Editorial,Report: Jokic delayed in Serbia following positive COVID-19 test - Reuters,"Denver Nuggets All-Star center Nikola Jokic tested positive for the coronavirus in Serbia, delaying his return to the United States, ESPN reported on Tuesday.",https://www.reuters.com/article/us-basketball-nba-den-jokic-coronavirus-idUSKBN23U3AN,https://s3.reutersmedia.net/resources/r/?m=02&d=20200623&t=2&i=1523251695&w=1200&r=LYNXMPEG5M206,2020-06-23T21:19:00Z,"Denver Nuggets All-Star center Nikola Jokic tested positive for the coronavirus in Serbia, delaying his return to the United States, ESPN reported on Tuesday. 
Jokic was scheduled to return to Denver this week. 
According to ESPN, Jokic has been asymptomatic since testing positive last week. Per the report, he is expected to be cleared to travel to Denver within a week. 
Players who left their home team market were scheduled to return to their pro team market on June 15 for testing. Jokic was granted an exception by the NBA to stay in Sombor. 
All other players are due to report Tuesday, per the terms of the NBA and NBPA agreement, as the league begins advanced preparation for the resumption of the 2019-2020 season. 
Jokic, 25, was in Belgrade for an exhibition game on June 15. 
The Nuggets are 43-22, third in the Western Conference, as the NBA season resumes. 
Field Level Media"
17,"{'id': 'reuters', 'name': 'Reuters'}",Reuters Editorial,"ADB approves $1.5 billion in Kazakhstan, Uzbekistan COVID-19 loans - Reuters","The Asian Development Bank (ADB) on Thursday approved a $1.0 billion assistance package to help Kazakhstan mitigate the impact of the coronavirus pandemic and a similar $500 million loan to Uzbekistan, the bank said.",https://www.reuters.com/article/us-kazakhstan-uzbekistan-adb-loans-idUSKBN23W1RM,https://s4.reutersmedia.net/resources_v2/images/rcom-default.png,2020-06-25T11:43:00Z,"ALMATY (Reuters) - The Asian Development Bank (ADB) on Thursday approved a $1.0 billion assistance package to help Kazakhstan mitigate the impact of the coronavirus pandemic and a similar $500 million loan to Uzbekistan, the bank said. 
ADB said its aid would “support the comprehensive COVID-19 health policy response, social protection and employment protection measures, and economic stimulus plan introduced by the government to mitigate the adverse impacts of the pandemic”. 
The pandemic has caused Uzbekistan’s economic growth projections to drop to 1.5% this year from 6% forecast previously, while the economy of Kazakhstan, also suffering from a drop in the price of oil, its key export, is expected to shrink. 
Both countries introduced hard lockdowns between March and May, which hurt businesses and led to a surge in unemployment. 
Reporting by Olzhas Auyezov; Editing by Alexandra Hudson"
18,"{'id': 'reuters', 'name': 'Reuters'}",Jason Wallace,"Adviser charged for dodging SEC examiners, using COVID-19 excuse - Reuters",FLORIDA/NEW YORK (Thomson Reuters Regulatory Intelligence) - *To read more by the Thomson Reuters Regulatory Intelligence team click here: http://bit.ly/TR-RegIntel,https://www.reuters.com/article/bc-finreg-sec-exams-covid-excuses-idUSKBN23V30T,https://s2.reutersmedia.net/resources/r/?m=02&d=20200624&t=2&i=1523376737&w=1200&r=LYNXMPEG5N263,2020-06-24T19:38:00Z,"FLORIDA/NEW YORK (Thomson Reuters Regulatory Intelligence) - *To read more by the Thomson Reuters Regulatory Intelligence team click here: bit.ly/TR-RegIntel
The U.S. Securities and Exchange Commission recently charged a Florida-based investment adviser for failing to provide required books and records during an examination. 
According to the complaint[go-ri.tr.com/J2c5ED], the adviser did not cooperate with various document and information requests, and claimed that by doing so he would risk violating the states stay-at-home order during the COVID-19 pandemic. 
The SEC also charged that the adviser was ineligible for SEC registration and improperly registered itself as an internet investment adviser. 
A case of this nature highlights that multiple compliance failures and that using the COVID-19 pandemic as an excuse for deliberate non-compliance will not be looked at favorably by the SEC and its examiners. 
SEC COMPLAINT 
The SEC on June 3 filed suit against E*Hedge Securities, Inc., based on the firms failure to respond to a request for documents and information during an examination, in violation of the Investment Advisers Act[go-ri.tr.com/TAKWBd]. E*Hedges President, Devon W. Parks, is also named as a defendant in the complaint. 
A message requesting comment from E*Hedge was left, without response, at the firm’s most recent office phone number. 
The SEC complaint seeks relief including an order of expedited discovery and the imposition of civil penalties. 
REGULATORY EVASION 
The SEC describes a history of regulatory evasion by E*Hedge, stemming from a 2017 exam request that resulted in unanswered phone calls and undelivered exam request lists. 
E*Hedge continued to thwart attempts by the local SEC exam staff despite having more than 45 days to comply with the examiner’s requests. 
Finally, in April of 2020, the exam staff made initial contact with E*Hedge through Parks via telephone to announce the examination and sent follow-up correspondence regarding the examination to email addresses Parks provided. 
Parks then gave a variety of reasons why he could not cooperate with the examination, including Florida’s stay-at-home order. Parks did not specify how his activities to cooperate with the exam would violate the order. 
Soon after contact, Parks asked for an extension to produce documents and it was granted by the SEC examiners. 
During a subsequent phone conversation, Parks wouldn’t answer any questions and requested all exam inquiries be in writing. Therefore, the SEC examiners sent questions via secure email, but soon after, the SEC was able to see Parks had never accessed them. 
To date, E*Hedge and Parks have failed to respond, produce any records or communicate further with the exam staff. 
Parks claimed that the stay-at-home order issued by the state of Florida prevented him from cooperating with the April 2020 examination. However, the order was lifted on May 18th and E*Hedge managed to publish new blog posts on a COVID-19-focused website and host a webinar between late April and May 2020. 
The website touted investment opportunities in connection with COVID-19 vaccines and diagnostic tests. 
INTERNET ADVISER 
An adviser seeking SEC registration must be qualified or expect to be qualified in 120 days. For most firms, the eligibility is achieved by having regulatory assets under management of $100 million or more. 
However, there are other ways to qualify; a firm may be a multi-state adviser, related to an SEC-registered adviser or be an exempt reporting adviser, among others. 
The internet adviser qualification is often misunderstood and requires very specific ways of conducting business to qualify. 
A firm is eligible if: 
 Investment advice provided to clients is through an interactive website. An interactive website means a website in which computer software-based models or applications provide investment advice based on personal information to each client submitted through the website. Other forms of online or internet investment advice do not qualify for this exemption; 
 The firm provides investment advice to all its clients exclusively through the interactive website, except that a firm may provide investment advice to fewer than 15 clients through other means during the previous 12 months; and 
 The adviser maintains records demonstrating that it provides investment advice to clients exclusively through the interactive website in accordance with these limits. According to the complaint, E*Hedge did not have any clients and did not provide advice through an interactive website, therefore, it would not be eligible for SEC registration. 
Most likely, the firm would have had to apply for registration with the proper state regulator to offer investment advice. 
TAKEAWAYS 
A firm may be able avoid an SEC examination for a limited period, but eventually the SEC will act and charge the firm and any individuals involved with evasion. 
In addition, any firm that qualifies for SEC registration must be certain that it achieves each element of the rule and be prepared to demonstrate compliance and records during examinations. 
Lastly, the SEC will take any COVID-19 considerations seriously but it is not an excuse for non-compliance. 
(By Jason Wallace, Regulatory Intelligence) 
This article was produced by Thomson Reuters Regulatory Intelligence - bit.ly/TR-RegIntel - and initially posted on June 22. Regulatory Intelligence provides a single source for regulatory news, analysis, rules and developments, with global coverage of more than 400 regulators and exchanges. Follow Regulatory Intelligence compliance news on Twitter: @thomsonreuters"
19,"{'id': 'reuters', 'name': 'Reuters'}",Kate Duguid,UPDATE 1-COVID risk likely to outlast U.S. stimulus - Bridgewater CIO - Reuters,"U.S. stimulus efforts may be able to support corporate cash flows for the summer, but economic risk from the coronavirus pandemic is likely to extend far beyond that, Bridgewater Associates Co-Chief Investment Officer Bob Prince said on Wednesday.",https://www.reuters.com/article/usa-investments-bridgewater-idUSL1N2E11YN,https://s4.reutersmedia.net/resources_v2/images/rcom-default.png,2020-06-24T20:15:00Z,"(Adds quotes, background, byline) 
By Kate Duguid 
NEW YORK, June 24 (Reuters) - U.S. stimulus efforts may be able to support corporate cash flows for the summer, but economic risk from the coronavirus pandemic is likely to extend far beyond that, Bridgewater Associates Co-Chief Investment Officer Bob Prince said on Wednesday. 
U.S. corporate income has been decimated by global business shutdowns and record layoffs. Unprecedented Federal Reserve measures to back financial markets and Treasury Department programs to fund individuals and small businesses can tide companies over for the summer if incomes remain low, he said. 
But the coronavirus risk will probably last 18-24 months, Prince said at the Bloomberg Invest Global conference. “I refer to that as a duration mismatch.” 
Westport, Connecticut-based Bridgewater has roughly $138 billion in assets and manages the world’s largest hedge fund. 
Though some companies may falter because of the limits of the U.S. stimulus operations, Prince also said those programs have added companies to a class considered “too big to fail.” The designation was given to U.S. banks bailed out during the 2007-2009 financial crisis because they were deemed systemically important. 
“The government is now involved in making choices about where capital goes and we can call that ‘state capitalism,’” said Prince. 
Four major tools can be used to promote recovery from a recession, Prince said, citing monetary policy, fiscal policy, debt restructuring and currency devaluation. 
Since U.S. fiscal and monetary policy has been loosened, Prince said the question for Bridgewater and its clients is, “Do we transition to debt restructurings and currency devaluation? And from there, what is the status of the dollar as a reserve currency?” 
Reporting by Kate Duguid; editing by Jonathan Oatis"
