,source,author,title,description,url,urlToImage,publishedAt,content
0,"{'id': 'reuters', 'name': 'Reuters'}",Gabriela Mello,Brazil ecommerce jumps 57% in first five months of 2020 fueled by COVID-19 - Reuters,"Brazilian e-commerce has risen by 56.8% in the first five months of 2020 from a year earlier, reaching 105.6 billion reais ($20.50 billion) in sales revenue, a survey showed on Tuesday, as more consumers have shifted to online shopping during the coronavirus …",https://www.reuters.com/article/brazil-ecommerce-idUSL1N2E02QI,https://s4.reutersmedia.net/resources_v2/images/rcom-default.png,2020-06-23T21:44:00Z,"SAO PAULO, June 23 (Reuters) - Brazilian e-commerce has risen by 56.8% in the first five months of 2020 from a year earlier, reaching 105.6 billion reais ($20.50 billion) in sales revenue, a survey showed on Tuesday, as more consumers have shifted to online shopping during the coronavirus pandemic. 
The number of online orders grew by 65,7% in the same comparison, mostly driven by three categories: cosmetics and perfumes, furniture and eletronics, according to data compiled by Brazilian ecommerce consultancy Compre&amp;Confie and industry body ABComm. 
“Consumers are more and more involved in online shopping particularly in categories related to basic needs and efforts to prevent COVID-19,” said André Dias, director at Compre&amp;Confie. 
Brazil’s ecommerce growth was also boosted as smaller merchants and traditional brick-and-mortar retailers have pushed to boost their own online sales, the survey showed. 
“It is possible to start selling online quickly and simply, without the need for large investments,” Mauricio Salvador, president of Brazilian ecommerce association ABComm, added in a statement. 
Brazil’s Northeastern region posted a 60.9% rise in online sales in the first five months of 2020, marking the highest percentage growth among all areas. 
Major ecommerce firms such as MercadoLibre and Amazon.com have been investing to bolster their logistics infrastructure in the Northeast of Brazil in a push to expedite deliveries and challenge local retailers such as Magazine Luiza, B2W Companhia Digital and Via Varejo. 
$1 = 5.1522 reais
Reporting by Gabriela Mello; Editing by David Gregorio"
1,"{'id': 'reuters', 'name': 'Reuters'}",Reuters Editorial,Australia reports first COVID-19 death in more than a month - Reuters,"Australia's second most populous state on Wednesday said a man in his 80s died overnight from the coronavirus, the country's first death from the virus in more than a month, as the state logged a double digit rise in cases for the eighth straight day.",https://www.reuters.com/article/us-health-coronavirus-australia-idUSKBN23V02Z,https://s4.reutersmedia.net/resources_v2/images/rcom-default.png,2020-06-24T00:44:00Z,"SYDNEY (Reuters) - Australia’s second most populous state on Wednesday said a man in his 80s died overnight from the coronavirus, the country’s first death from the virus in more than a month, as the state logged a double digit rise in cases for the eighth straight day. 
Victoria state reported 20 overnight cases, Victoria Chief Health Officer Brett Sutton told reporters in Melbourne, taking the state tally to nearly 1,900 after recording 17 on Tuesday and 16 the day before. 
The upswing in new cases in Victoria has sparked fears of a second wave, with 241 cases in the state so far identified as community transmission, an increase of eight from Tuesday. 
Authorities in Victoria, which has become the virus hotspot in Australia, have been trying to contain the spread of the virus in half a dozen suburbs in the largest city of Melbourne hit by a spike in cases. 
The state on the weekend extended its state of emergency for another month and reimposed restrictions on gatherings to stem a spike in coronavirus infections after seeing a sharp rise in daily infections. 
Despite the spike in cases in Victoria, the neighbouring state of New South Wales (NSW) said it would not introduce a hard border closure between the states. 
NSW Premier Gladys Berejiklian, however, urged people in the state to avoid travelling to its southern neighbour. 
After enforcing restrictions early in the coronavirus outbreak compared to most other countries, Australia began to ease its lockdown last month to revive its economy after a significant slowdown in infection rates. 
Australia has so far escaped a high number of casualties from the new coronavirus, with just over 7,500 infections and 103 deaths, aided by strict lockdown measures and social distancing rules. 
Reporting by Renju Jose; Editing by Michael Perry"
2,"{'id': 'reuters', 'name': 'Reuters'}",Reuters Editorial,Trump asks what the '19' in COVID-19 stands for - Reuters,"Referring to the coronavirus as the 'kung flu' again, which many consider racist, U.S. President Donald Trump in Phoenix, Arizona on Tuesday said he couldn't figure out what the '19' in COVID-19 stood for. The CDC says the '19' signifies the coronavirus disea…",https://www.reuters.com/video/watch/idOVCJLK0KF,https://static.reuters.com/resources/r/?d=20200623&i=OVCJLK0KF&r=OVCJLK0KF&t=2,2020-06-24T00:10:44Z,"Posted 
Referring to the coronavirus as the 'kung flu' again, which many consider racist, U.S. President Donald Trump in Phoenix, Arizona on Tuesday said he couldn't figure out what the '19' in COVID-19 stood for. The CDC says the '19' signifies the coronavirus disease of 2019."
3,"{'id': 'reuters', 'name': 'Reuters'}",Reuters Editorial,Bulgarian PM threatens to shut matches to fans after COVID-19 rules violations - Reuters UK,Bulgarian Prime Minister Boyko Borissov on Wednesday threatened to impose a ban on spectators at domestic league matches unless social distancing among fans improved.,https://uk.reuters.com/article/uk-health-coronavirus-soccer-bulgaria-idUKKBN23V1C6,https://s4.reutersmedia.net/resources/r/?m=02&d=20200624&t=2&i=1523309201&w=1200&r=LYNXMPEG5N10Y,2020-06-24T09:23:00Z,"SOFIA (Reuters) - Bulgarian Prime Minister Boyko Borissov on Wednesday threatened to impose a ban on spectators at domestic league matches unless social distancing among fans improved. 
The Bulgarian league resumed on June 5 after an almost three-month break due to the novel coronavirus pandemic with supporters allowed at stadiums but there were a number of violations during many matches. 
“We gave our players the opportunity to play in front of spectators,” Borissov told a government meeting. “What did the fans do? They gathered together, not wearing protective face masks. What do they want to demonstrate?” 
Following the violations in recent weeks, Health Minister Kiril Ananiev issued an order on Monday allowing up to 1,000 spectators in a single stand, urging fans to maintain distance. 
Supporters, however, failed to observe the rule during the Bulgarian Cup semi-final second leg between Levski Sofia and Lokomotiv Plovdiv on Tuesday. 
“There is a new restriction now at 1,000 people in a sector but I see that they do not observe it again,” Borissov said. “If they continue like this, we will most likely close the stadiums (to fans) as (they did) in Germany, Spain and Italy.” 
Sports minister Krasen Kralev on Monday criticised organisers and fans at the Sofia derby between CSKA and Levski for not observing the rules, saying Bulgaria was on the verge of a second COVID-19 wave because of the violations. 
The Eternal derby between bitter rivals CSKA and Levski, the Balkan country’s most popular clubs, took place in front of thousands of closely seated and standing fans on Saturday. 
Bulgaria decided on Wednesday to extend a state of emergency declared in response to the coronavirus outbreak until July 15 after another jump in new registered cases. 
Last week the country reported 606 new COVID-19 cases, its highest weekly rise since the outbreak of the epidemic. 
Some 130 new cases were reported on Wednesday, bringing the total to date to 4,114, with 208 deaths. 
Reporting by Angel Krasimirov; Editing by Ken Ferris"
4,"{'id': 'reuters', 'name': 'Reuters'}",Reuters Editorial,Senegal president self-quarantines after contact with COVID-19 case - Reuters India,"Senegalese President Macky Sall is quarantining for two weeks after coming into contact with someone who has since tested positive for the coronavirus, state television said on Thursday.",https://in.reuters.com/article/health-coronavirus-senegal-idINKBN23W0SG,https://s2.reutersmedia.net/resources/r/?m=02&d=20200625&t=2&i=1523426353&w=1200&r=LYNXMPEG5O0KC,2020-06-25T06:40:00Z,"DAKAR (Reuters) - Senegalese President Macky Sall is quarantining for two weeks after coming into contact with someone who has since tested positive for the coronavirus, state television said on Thursday. 
The measure is precautionary as an initial COVID-19 test of Sall has come back negative, it said. 
Reporting by Diadie Ba; Writing by Alessandra Prentice; Editing by Toby Chopra"
5,"{'id': 'reuters', 'name': 'Reuters'}",Reuters Editorial,Apple to shut seven retail stores in Houston again as COVID-19 cases jump - Reuters India,"Apple Inc is set to shut seven of its retail locations in Houston, Texas again due to an increase in the number of novel coronavirus cases in the United States, the company said Wednesday.",https://in.reuters.com/article/health-coronavirus-apple-idINKBN23W0A0,https://s4.reutersmedia.net/resources/r/?m=02&d=20200625&t=2&i=1523408751&w=1200&r=LYNXMPEG5O07U,2020-06-25T02:58:17Z,"(Reuters) - Apple Inc is set to shut seven of its retail locations in Houston, Texas again due to an increase in the number of novel coronavirus cases in the United States, the company said Wednesday. 
Apple has said it is monitoring conditions in each community where it operates stores to determine when to open and close them. The Houston re-closures follow similar moves last week in Florida, Arizona, South Carolina, and North Carolina. 
“We take this step with an abundance of caution as we closely monitor the situation and we look forward to having our teams and customers back as soon as possible,” Apple said in a statement. 
Reporting by Ayanti Bera in Bengaluru and Stephen Nellis in San Francisco; Editing by Devika Syamnath and Nick Zieminski"
6,"{'id': 'reuters', 'name': 'Reuters'}",Anthony Esposito,"Latin America's COVID-19 deaths seen hitting nearly 390,000 by October - Reuters India","The death toll from the coronavirus in Latin America is expected to skyrocket to 388,300 by October, with Brazil and Mexico seen accounting for two-thirds of fatalities as other nations in the region contain their outbreaks, researchers said on Wednesday.",https://in.reuters.com/article/uk-health-coronavirus-latam-imhe-idINKBN23W04C,https://s4.reutersmedia.net/resources_v2/images/rcom-default.png,2020-06-25T03:24:00Z,"MEXICO CITY (Reuters) - The death toll from the coronavirus in Latin America is expected to skyrocket to 388,300 by October, with Brazil and Mexico seen accounting for two-thirds of fatalities as other nations in the region contain their outbreaks, researchers said on Wednesday. 
The region has emerged as a new global hotspot for the fast-spreading pandemic as deaths surpassed 100,000 this week and cases have tripled from 690,000 one month ago to 2 million. 
High poverty levels and large informal sectors - which mean many workers cannot afford to quarantine - have combined with overcrowding in cities and inadequate public healthcare, particularly in isolated rural communities, to hamstring Latin America’s fight to stem the contagion. 
Brazil is expected to exceed 166,000 deaths and Mexico 88,000, according to the forecast from the University of Washington’s Institute for Health Metrics and Evaluation (IHME). 
Argentina, Chile, Colombia, Ecuador, Guatemala and Peru are each forecast to see over 10,000 fatalities, while 15 nations including Paraguay, Uruguay and Belize are seen with fewer than 1,000 deaths each. 
“Several Latin American countries are facing explosive trajectories, while others are containing infections effectively,” said IHME Director Dr. Christopher Murray. 
IHME researchers warned that the loss of life could surge even higher than the already-grim forecast if mandates on mask wearing and social distancing are relaxed. 
In a worst-case scenario, the COVID-19 death toll could climb to 340,476 people in Brazil and 151,433 people in Mexico, the report said. 
The leaders of Brazil and Mexico have been chastised for not taking the virus seriously enough and pushing for a reopening of their economies before the virus has been tamed. 
“Brazil is at a grim tipping point. ... Unless and until the government takes sustained and enforced measures to slow transmission, the nation will continue its tragic upward trajectory of infections and deaths,” Murray said. 
As Brazilian President Jair Bolsonaro has continued to downplay the seriousness of the health crisis, Latin America’s largest nation has tallied nearly 1.2 million cases and 53,830 deaths. 
Transmission could be cut in half in communities where people are wearing masks when leaving their homes, according to the IHME. 
“Increased testing and use of masks are important tools in reducing the toll of this pandemic in Mexico, in addition to keeping healthy distance,” said Dr. Rafael Lozano, director of Health Systems at IHME. 
If mask use rises to 95%, Brazil could see as few as 147,431 deaths and Mexico’s forecasted death toll could fall to 79,652, the researchers said. 
Reporting by Anthony Esposito; Editing by Daniel Flynn and Leslie Adler"
7,"{'id': 'reuters', 'name': 'Reuters'}",Anthony Esposito,"Latin America's COVID-19 deaths seen hitting nearly 390,000 by October - Reuters India","The death toll from the coronavirus in Latin America is expected to skyrocket to 388,300 by October, with Brazil and Mexico seen accounting for two-thirds of fatalities as other nations in the region contain their outbreaks, researchers said on Wednesday.",https://in.reuters.com/article/health-coronavirus-latam-imhe-idINKBN23W05E,https://s4.reutersmedia.net/resources/r/?m=02&d=20200625&t=2&i=1523404925&w=1200&r=LYNXMPEG5O02T,2020-06-25T02:16:39Z,"MEXICO CITY (Reuters) - The death toll from the coronavirus in Latin America is expected to skyrocket to 388,300 by October, with Brazil and Mexico seen accounting for two-thirds of fatalities as other nations in the region contain their outbreaks, researchers said on Wednesday. 
The region has emerged as a new global hotspot for the fast-spreading pandemic as deaths surpassed 100,000 this week and cases have tripled from 690,000 one month ago to 2 million. 
High poverty levels and large informal sectors - which mean many workers cannot afford to quarantine - have combined with overcrowding in cities and inadequate public healthcare, particularly in isolated rural communities, to hamstring Latin America’s fight to stem the contagion. 
Brazil is expected to exceed 166,000 deaths and Mexico 88,000, according to the forecast from the University of Washington’s Institute for Health Metrics and Evaluation (IHME). 
Argentina, Chile, Colombia, Ecuador, Guatemala and Peru are each forecast to see over 10,000 fatalities, while 15 nations including Paraguay, Uruguay and Belize are seen with fewer than 1,000 deaths each. 
“Several Latin American countries are facing explosive trajectories, while others are containing infections effectively,” said IHME Director Dr. Christopher Murray. 
IHME researchers warned that the loss of life could surge even higher than the already-grim forecast if mandates on mask wearing and social distancing are relaxed. 
In a worst-case scenario, the COVID-19 death toll could climb to 340,476 people in Brazil and 151,433 people in Mexico, the report said. 
The leaders of Brazil and Mexico have been chastised for not taking the virus seriously enough and pushing for a reopening of their economies before the virus has been tamed. 
“Brazil is at a grim tipping point. ... Unless and until the government takes sustained and enforced measures to slow transmission, the nation will continue its tragic upward trajectory of infections and deaths,” Murray said. 
As Brazilian President Jair Bolsonaro has continued to downplay the seriousness of the health crisis, Latin America’s largest nation has tallied nearly 1.2 million cases and 53,830 deaths. 
Transmission could be cut in half in communities where people are wearing masks when leaving their homes, according to the IHME. 
“Increased testing and use of masks are important tools in reducing the toll of this pandemic in Mexico, in addition to keeping healthy distance,” said Dr. Rafael Lozano, director of Health Systems at IHME. 
If mask use rises to 95%, Brazil could see as few as 147,431 deaths and Mexico’s forecasted death toll could fall to 79,652, the researchers said. 
Reporting by Anthony Esposito; Editing by Daniel Flynn and Leslie Adler"
8,"{'id': 'reuters', 'name': 'Reuters'}",Reuters Editorial,France's COVID-19 daily death toll jumps with weekly nursing homes data - Reuters India,"The number of people who died from coronavirus infection in France rose by 57 to 29,720 on Tuesday, more than twice as much as Monday, with the health ministry including weekly data for the death toll in nursing homes.",https://in.reuters.com/article/health-coronavirus-france-casualties-idINKBN23V0HD,https://s4.reutersmedia.net/resources/r/?m=02&d=20200624&t=2&i=1523285248&w=1200&r=LYNXMPEG5N0DY,2020-06-24T04:18:00Z,"PARIS (Reuters) - The number of people who died from coronavirus infection in France rose by 57 to 29,720 on Tuesday, more than twice as much as Monday, with the health ministry including weekly data for the death toll in nursing homes. 
The French COVID-19 fatalities tally is the fifth highest in the world. 
The number of people who died in hospitals increased by 26 to 19,232, compared to 23 on Monday and an average of 20 over the past seven days. 
The ministry also reported that in the past seven days 31 people died of the virus in nursing homes, less than half of the 73 reported a week ago and in line with the 34 total of two weeks ago. 
The number of newly confirmed rose by 517, almost 150 more than Monday and above both the daily average of 507 seen over the last seven days and the 414 daily average since the beginning of June. 
The number of people in hospital with COVID-19 infections fell by 202 to 9,491, and those in intensive care fell by 19 to 682. Both numbers have been on a downtrend for at least 10 weeks. 
Reporting by Benoit Van Overstraeten Editing by Chizu Nomiyama and Mark Heinrich"
9,"{'id': 'reuters', 'name': 'Reuters'}",Reuters Editorial,Mainland China capable of testing 3.78 million people for COVID-19 per day - Reuters,"Mainland China, in screening for the new coronavirus, is capable of conducting nucleic acid tests on 3.78 million people per day, compared with 1.26 million people in early March, an official at the National Health Commission said on Wednesday.",https://www.reuters.com/article/us-health-coronavirus-china-testing-idUSKBN23V0SJ,https://s3.reutersmedia.net/resources/r/?m=02&d=20200624&t=2&i=1523294970&w=1200&r=LYNXMPEG5N0M6,2020-06-24T06:39:00Z,"BEIJING (Reuters) - Mainland China, in screening for the new coronavirus, is capable of conducting nucleic acid tests on 3.78 million people per day, compared with 1.26 million people in early March, an official at the National Health Commission said on Wednesday. 
As of June 22, that’s an increase of 200%, Guo Yanhong, an official at the health authority, told reporters at a briefing in Beijing. 
Reporting by Roxanne Liu and Ryan Woo; Editing by Christian Schmollinger"
10,"{'id': 'reuters', 'name': 'Reuters'}",Kelsey Johnson,Trade confidence among Canadian exporters plunges to historic lows as COVID-19 hits sales - Reuters,"Trade confidence among Canadian exporters has plunged to a record low of 56% as businesses have grappled with the economic effects of the coronavirus pandemic and worried about increased protectionism, Canada's export credit agency said on Thursday.",https://www.reuters.com/article/canada-economy-trade-idUSL1N2E12HN,https://s4.reutersmedia.net/resources_v2/images/rcom-default.png,2020-06-25T10:01:00Z,"OTTAWA, June 25 (Reuters) - Trade confidence among Canadian exporters has plunged to a record low of 56% as businesses have grappled with the economic effects of the coronavirus pandemic and worried about increased protectionism, Canada’s export credit agency said on Thursday. 
In its bi-annual survey of 823 Canadian exporters conducted online in May, Export Development Canada (EDC) said the confidence figure was the lowest recorded in the history of the survey, which began in 1999. 
Officials shut most non-essential businesses starting in mid-March and urged people to stay home to slow the spread of the coronavirus, but in recent weeks regions have begun to reopen. 
“It’s basically two shocks in one. You’ve got longer term protectionism and then you’ve got COVID-19 coming in on top of that,” EDC’s deputy chief economist Stephen Tapp said in an interview. 
More than two-thirds, or 69%, of those surveyed said they expect protectionism to increase in the year ahead, Tapp said, almost double the 35% seen six months ago. Almost 40% said protectionism was affecting their global strategies. 
Earlier this week Canadian minister Jean-Yves Duclos, president of Canada’s Treasury Board, told reporters the coronavirus pandemic and the resulting economic crisis could trigger a rise in protectionism globally. 
“We need as Canadians to be mindful of the fact that protectionism still exists and runs the risk of being even bigger and an even greater threat as we emerge from the COVID health and economic crisis,” Duclos said. 
About 73% of exporters surveyed told EDC the coronvavirus pandemic had negatively impacted sales, while 14% said sales had been positively affected. The majority of respondents said they expected sales impacts tied to the coronavirus pandemic would persist into 2021. Sixty-seven percent of respondents said they expected the current global recession would last more than a year. (Reporting by Kelsey Johnson; Editing by David Gregorio)"
11,"{'id': 'reuters', 'name': 'Reuters'}",Kristen Haunss,CLOs seek to tie assets to loan index after missing out on Covid selloff - Reuters,"NEW YORK, June 26 (LPC) - US Collateralized Loan Obligation (CLO) managers are pushing to buy loans at increasingly reduced prices after being boxed out of distressed opportunities as the coronavirus pandemic took hold.",https://www.reuters.com/article/clo-loanindex-idUSL1N2E301N,https://s4.reutersmedia.net/resources_v2/images/rcom-default.png,2020-06-26T12:27:00Z,"NEW YORK, June 26 (LPC) - US Collateralized Loan Obligation (CLO) managers are pushing to buy loans at increasingly reduced prices after being boxed out of distressed opportunities as the coronavirus pandemic took hold. 
Onex Credit and Oak Hill Advisors are among firms that have sought to include a provision that ties the price at which loans can be added to their portfolios to a leveraged loan index, according to deal documents. Linking the ability to purchase discounted loans without penalty to an index responsive to market volatility would have allowed CLOs to better take advantage of plunging prices in March. Some CLOs have also pushed to lower the minimum price at which the investments can be bought. 
CLO managers want more flexibility to buy distressed loans as defaults pile up, and the health crisis continues. The funds, the largest investors in the US$1.2trn US leveraged loan market, are constrained from buying assets trading below a certain threshold. Such restriction can leave the US$688bn US CLO asset class at a disadvantage vis a vis hedge funds and distressed debt lenders. Stocking up on discounted loans could help funds meet internal tests and boost returns to the most junior investors when the overall performance of the market improved. 
The LPC 100, a cohort of the 100 most liquid US loans, dropped more than 21% from the start of the year to 77.87 cents on the dollar March 23, an almost 11-year low. Prices have since rebounded, and the LPC 100 sat at 93.79 Thursday. 
“When you look at the performance of managers during periods of volatility do you see better outcomes when documents are overly restrictive or when they have a little wiggle room,” said Dan Wohlberg, a director at Eagle Point Credit Management, which invests in CLOs. “Debt and equity investors have come to a determination that a slightly larger toolkit may be advantageous.” 
DISTRESSED FLEXIBILITY 
Many CLOs are permitted to buy loans, typically at 80 or 85 cents and higher, and mark the debt at par. If purchased below that level, a loan would be calculated in CLO tests at the purchase price. 
CLO managers are now looking to tie the price at which a loan can be purchased to an index to account for market volatility rather than a set price. If a discount obligation was defined as a percentage lower than a loan index, it would have allowed managers to take advantage of loans that traded off significantly in March. 
The provision emerged following the 2008 financial crisis but disappeared as markets improved. Now, some market participants want to bring it back. 
“You want CLO managers buying cheap loans; that benefits both the debt and equity,” said Dagmara Michalczuk, a portfolio manager at Tetragon Credit Partners, which invests in CLO equity. 
In the offering documents for Onex Credit’s OCP CLO 2020-18, there is an option for the discount obligation to be tied to a ‘leveraged loan index adjusted price,’ defined as the price of the S&amp;P/LSTA US Leveraged Loan 100 Index multiplied by 90%. 
Oak Hill is seeking to include similar language in OHA Credit Funding 6, a new fund it is raising, offering a variety of eligible loan indices including the S&amp;P/LSTA US Leveraged Loan 100 Index, the Credit Suisse Leveraged Loan Indices, the Deutsche Bank Leveraged Loan Index, the Goldman Sachs/Loan Pricing Corporation Liquid Leveraged Loan Index or the Merrill Lynch Leveraged Loan Index, according to a deal document. 
An Onex spokesperson could not comment. An Oak Hill spokesperson could not be reached. 
Some senior debt investors have pushed back against the provision, wary it would allow a manager to buy too many risky credits. 
There has also been a push to lower the minimum price at which debt can be purchased to 50 cents. According to Sean Solis, a partner at law firm Milbank, many CLOs have a minimum price at which loans can be purchased, often 60-65 cents. 
“There were real opportunities to buy discounted loans in March that were trading in the 50s, but CLOs couldn’t buy,” he said. 
Some investors have even allowed managers to purchase as much as 5% of additional loans below that 50-60 cents threshold because the manager is taking a significant haircut to buy the credit. 
“You want tests that protect noteholders, but you also want to give managers enough flexibility to mitigate risk and generate value,” said Laila Kollmorgen, a portfolio manager at PineBridge Investments, a CLO investor. “It’s a fine line.” 
CLO managers have previously sought the ability to swap deeply distressed or defaulted assets with other similar loans that may offer better recoveries as well as permission to provide rescue financing to distressed companies, Refinitiv LPC has previously reported. 
As markets continue to deal with the pandemic, requests for additional flexibility will persist. 
“In the CLO market, managers, equity and debt investors are coalescing around shared experiences and in some instances saying, ‘managers need the right tools to operate in this market,’” said Wohlberg. “We will continue to see some evolution around these abilities.” (Reporting by Kristen Haunss; Editing by Michelle Sierra)"
12,"{'id': 'reuters', 'name': 'Reuters'}",Miguel Lo Bianco,Argentine doctors eye tough weeks ahead as COVID-19 cases near peak - Reuters,"Argentine doctors and health officials are predicting that coronavirus cases will peak in coming weeks as the southern hemisphere winter sets in, straining hospital intensive care units after confirmed cases accelerated past 50,000.",https://www.reuters.com/article/us-health-coronavirus-argentina-hospital-idUSKBN23X1NM,https://s1.reutersmedia.net/resources/r/?m=02&d=20200626&t=2&i=1523734702&w=1200&r=LYNXMPEG5P130,2020-06-26T12:06:00Z,"BUENOS AIRES (Reuters) - Argentine doctors and health officials are predicting that coronavirus cases will peak in coming weeks as the southern hemisphere winter sets in, straining hospital intensive care units after confirmed cases accelerated past 50,000. 
The South American nation, which outperformed many of its neighbors early on controlling the virus with a tough lockdown, has seen cases rise fivefold since mid-May with over 2,600 new cases on Thursday alone. The death toll stands at around 1,150. 
The government has eased some restrictions, but maintained a lockdown in Buenos Aires city and province. A new phase of the quarantine is expected to be announced on Friday, with authorities looking to tighten controls on movement. 
“We estimate that the number of infected people will keep rising for the next 20 days or so,” said Juan Ciruzzi, executive director at the Eurnekian hospital in Buenos Aires, adding that this was in part due to loosened quarantine rules. 
“People are moving about more and we do not have the tools to fight it.” 
Infections have risen particularly in poorer neighborhoods in Buenos Aires and on the fringes of the capital, sparking a response from authorities to ramp up testing to help stem the spread. 
Argentina’s government has been looking to revitalize the country’s hard-hit economy, allowing more businesses to open, though parks, schools and offices in the capital remain shut and non-essential workers are mostly confined at home. 
Alejandro Andres Revollini, associate director at the Eurnekian hospital, said case numbers would only really start to fall away from September, with the “top peak” around mid-July. 
“People understand that we are going to have to live with the virus and many of us are going to catch it,” he said. 
Interactive graphic - Argentina coronavirus cases: here
Graphic - Argentina coronavirus cases: here
Reporting by Miguel Lo Biancho; Writing by Adam Jourdan; Editing by Daniel Wallis"
13,"{'id': 'reuters', 'name': 'Reuters'}",Ueslei Marcelino,"""How many people are going to die?"" - COVID-19 races up the Amazon - The Wider Image","After days suffering from shortness of breath, 49-year-old Andrelina Bizerra da Silva (the coffin holding her body pictured below) fainted suddenly.",https://widerimage.reuters.com/story/how-many-people-are-going-to-die-covid-19-races-up-the-amazon,https://photos.wi.gcs.trstatic.net/WBTnOVC7qqta06gXHeKsQ2dnz_IjdhSgy81DHLeuKTVbG2KFopQiSUQeY0a-iKpGgRPGL8ndNxon-8bOjWwGuCU0KqKjHsv0-6dTprFcvHChmhqPbwur6FzO82K1xVfV,2020-06-25T12:33:37Z,"A three-toed sloth hangs from a tree near a house at the riverside community Sao Jose.
A resident of the riverside community Galileia, whose wife tested positive for COVID-19, removes the shells of prawns as he prepares a meal at his home.
Acai berries and fish are left on a table.
Men wearing protective face masks drive.
Men wear protective face masks as they sit outside the riverside community Menino de Deus.
A healthcare worker treats a child who has an infection, as his mother looks on, at the riverside community Menino de Deus.
A street cleaner disinfects a street.
A healthcare worker checks a man's temperature at the riverside community Pinheiro.
Healthcare workers speak to a woman who lives at the riverside community Galileia.
Healthcare workers move Valter da Silva, 51, who tested positive for COVID-19, onto a stretcher as he is transferred to hospital from his home at the riverside community Pinheiro.
Valter da Silva, 51, lies on a stretcher to be transferred to hospital.
Dr Jorge Hernandez, 35, stands near Maria Angela, 56, who has tested positive for COVID-19, as healthcare workers carry her on a stretcher at Menino de Deus, the riverside community where she lives, to be transferred to hospital on an ambulance boat.
A boy reacts as he watches healthcare workers treat his father who had a piece of wood stuck inside of his foot, at the riverside community Galileia.
Maria de Jesus, 36, sits with her children in her home at the riverside community Galileia, as she reacts to being told by healthcare workers that she has tested positive for COVID-19.
A man experiencing severe pain and symptoms of COVID-19, waits on a hammock for healthcare workers to transfer him from his house at the riverside community Galileia, to a hospital.
Davi da Silva Alves, 39, who is a resident of a riverside community along of the Pacaja River, is treated by healthcare workers as he experiences COVID-19 symptoms while being transferred to a hospital on an ambulance helicopter.
Jorge Silva, 35, an employee who works at Terra Santa Urns Factory, which manufactures coffins, buffs the wood of a coffin.
A gravedigger wears protective clothing as he buries Edivaldo da Silva, 77, who died of COVID-19, at Recanto da Paz, a cemetery in the municipality of Breves."
14,"{'id': 'reuters', 'name': 'Reuters'}",Reuters Editorial,Egypt's Rameda gets requests to export COVID-19 drug - CEO - Reuters,"Egypt's Rameda Pharmaceutical‮ ‬ has received requests to export Anviziram tablets, which are used to treat patients with the new coronavirus, to Saudi Arabia, Kuwait, Iraq and Yemen, but needs a government approval first, its CEO told Reuters.",https://www.reuters.com/article/us-health-coronavirus-egypt-rameda-idUSKBN23W15Z,https://s1.reutersmedia.net/resources/r/?m=02&d=20200625&t=2&i=1523477055&w=1200&r=LYNXMPEG5O0T2,2020-06-25T08:31:00Z,"ALEXANDRIA, Egypt (Reuters) - Egypt’s Rameda Pharmaceutical has received requests to export Anviziram tablets, which are used to treat patients with the new coronavirus, to Saudi Arabia, Kuwait, Iraq and Yemen, but needs a government approval first, its CEO told Reuters. 
The company said earlier this month it had started manufacturing Anviziram, the generic equivalent of the Japanese antiviral Avigan, and had also received an approval from the Egyptian Drug Authority to manufacture Remedsivir, a Gilead Sciences Inc antiviral used for treating COVID-19. 
Rameda, which listed 49% of its shares on the Egyptian exchange last year, has produced quantities enough Anviziram tablets to cover “appropriate numbers of patients in the Egyptian market,” said its CEO Amr Morsy. 
The company is providing the drug to the Egyptian health ministry to be used in hospitals. Morsy said it would be available to the public before the end of July, adding its commercial price was still being negotiated. 
He expects more requests from Gulf countries to import Anviziram, but the company’s response depends on the approval of the Egyptian authorities. 
“We will discuss this with them next week to see whether we will be able to export or not,” Morsy said. 
Reporting by Ehab Farouk; Writing by Mahmoud Mourad; Editing by Mark Potter"
15,"{'id': 'reuters', 'name': 'Reuters'}",Reuters Editorial,Moderna picks drugmaker Catalent to manufacture potential COVID-19 vaccine - Reuters Canada,Moderna Inc said on Thursday it was partnering with contract drugmaker Catalent Inc for filling and packaging millions of doses of its experimental coronavirus vaccine to be supplied in the United States.,https://ca.reuters.com/article/businessNews/idCAKBN23W1SI,https://s1.reutersmedia.net/resources/r/?m=02&d=20200625&t=2&i=1523598181&w=1200&r=LYNXMPEG5O1C2,2020-06-25T12:41:00Z,"(Reuters) - Moderna Inc (MRNA.O) said on Thursday it was partnering with contract drugmaker Catalent Inc (CTLT.N) for filling and packaging millions of doses of its experimental coronavirus vaccine to be supplied in the United States. 
The vaccine, among the first to be tested in humans in the United States, was found to produce protective antibodies in a small group of healthy volunteers. The company plans to begin late-stage trials in July. 
Under the deal, Catalent will provide manufacturing services for an initial 100 million doses starting in the third quarter at its facility in Bloomington, Indiana. 
It will also provide other packaging and labeling, storage and distribution services at its facilities in Philadelphia, Pennsylvania. (reut.rs/384fCLt) 
The two companies are in talks for making hundreds of millions of additional doses. 
Separately, Moderna has struck deals with the U.S. government for funds to ramp manufacturing capacity, while also entering into a 10-year collaboration with Swiss contract drugmaker Lonza Group AG (LONN.S) to produce large quantities of its vaccine. 
There are currently no approved treatments or vaccines specifically for COVID-19 and experts have cautioned that a safe and effective vaccine may take at least 12 to 18 months from the start of development. 
Reporting by Saumya Sibi Joseph in Bengaluru; Editing by Shailesh Kuber and Arun Koyyur"
16,"{'id': 'reuters', 'name': 'Reuters'}",Reuters Editorial,Moderna picks drugmaker Catalent to manufacture potential COVID-19 vaccine - Reuters India,Moderna Inc said on Thursday it was partnering with contract drugmaker Catalent Inc for filling and packaging millions of doses of its experimental coronavirus vaccine to be supplied in the United States.,https://in.reuters.com/article/health-coronavirus-moderna-catalent-idINKBN23W23A,https://s4.reutersmedia.net/resources/r/?m=02&d=20200625&t=2&i=1523602285&w=1200&r=LYNXMPEG5O1KV,2020-06-25T13:15:00Z,"(Reuters) - Moderna Inc said on Thursday it was partnering with contract drugmaker Catalent Inc for filling and packaging millions of doses of its experimental coronavirus vaccine to be supplied in the United States. 
The vaccine, among the first to be tested in humans in the United States, was found to produce protective antibodies in a small group of healthy volunteers. 
Under the deal, Catalent will provide manufacturing services for an initial 100 million doses starting in the third quarter at its facility in Bloomington, Indiana. 
It will also provide other packaging and labeling, storage and distribution services at its facilities in Philadelphia, Pennsylvania to support Moderna's late-stage vaccine trial, which is expected to begin in July. (reut.rs/384fCLt) 
Drugmakers including Johnson &amp; Johnson and AstraZeneca Plc have also signed agreements to boost manufacturing capacity for their experimental vaccines even before having adequate evidence of their efficacy. 
There are no approved treatments or vaccines for COVID-19 and experts have cautioned that a safe and effective vaccine may take at least 12 to 18 months from the start of development. 
Vaccines by other drugmakers including Johnson &amp; Johnson, Sanofi and AstraZeneca Plc are in various stages of development and about a dozen vaccines are currently being tested in humans. 
Both Moderna and Catalent are also in talks for making hundreds of millions of additional doses. 
Separately, Moderna has struck deals with the U.S. government for funds to ramp manufacturing capacity, while also entering into a 10-year collaboration with Swiss contract drugmaker Lonza Group AG to produce large quantities of its vaccine. 
Shares of Moderna were up 2.5% at $66.48 in premarket trading. 
Reporting by Saumya Sibi Joseph in Bengaluru; Editing by Shailesh Kuber and Arun Koyyur"
17,"{'id': 'reuters', 'name': 'Reuters'}",Luciano Costa,"Credit Suisse, BNP may join Brazil's COVID-19 bailout of electric sector -sources - Reuters","Credit Suisse, BNP Paribas and Sumitomo Mitsui Banking Corp may join a bank syndicate that will provide 16.1 billion real ($3.01 billion) in loans to Brazilian power distributors hurt by the coronavirus pandemic, three people familiar with the matter told Reu…",https://www.reuters.com/article/brazil-energy-loans-idUSL4N2E233N,https://s4.reutersmedia.net/resources_v2/images/rcom-default.png,2020-06-25T21:46:00Z,"SAO PAULO, June 25 (Reuters) - Credit Suisse, BNP Paribas and Sumitomo Mitsui Banking Corp may join a bank syndicate that will provide 16.1 billion real ($3.01 billion) in loans to Brazilian power distributors hurt by the coronavirus pandemic, three people familiar with the matter told Reuters. 
Banco Safra SA, Banco BV, BTG Pactual and Banco Alfa SA are also in talks with state development bank BNDES, which is leading efforts to assemble the emergency loans, the sources said on condition of anonymity. 
Itaú Unibanco SA, Banco Bradesco SA, Santander Brasil SA and Banco do Brasil have already joined the syndicate, the sources said. 
BTG Pactual and Bradesco declined to comment. The other banks did not immediately respond to requests for comment. 
More than 10 unidentified banks are in talks to take part in the so-called “COVID account,” BNDES President Gustavo Montezano said on Wednesday. 
Costs for the five-year loans will be passed on to consumers through electric bills, according to energy sector regulator Aneel, noting that the interest rate has yet to be determined. 
The loans are set to benefit companies including those controlled by Italy’s Enel Spa, Spain’s Iberdrola , Portugal’s EDP and China’s State Grid, in addition to major local utilities such as Cemig, Equatorial Energia SA and Energisa SA. 
Caixa Econômica Federal withdrew from the transaction, someone involved in the bank talks said. 
“BNDES, BB, Santander, Itau and Bradesco are the cornerstone of the operation. They are likely to get the biggest tickets,” the source said. 
Those five banks have more incentives to participate because of their significant exposure to the Brazilian power sector. 
Details about the bailout, including costs, are expected to be public next week, Montezano said on Wednesday. 
$1 = 5.3410 reais
Reporting by Luciano Costa; Editing by Richard Chang"
18,"{'id': 'reuters', 'name': 'Reuters'}",Kelsey Johnson,Canada's top health official to seek details of Ontario COVID-19 farm worker guidelines - Reuters,"Canada's top public health official said on Thursday she plans to seek more information from Ontario about the province's plan to allow some COVID-19 positive people with no symptoms to return to their jobs, a risky policy according to workers' advocates and …",https://www.reuters.com/article/us-health-coronavirus-canada-farming-idUSKBN23W397,https://s4.reutersmedia.net/resources/r/?m=02&d=20200625&t=2&i=1523654499&w=1200&r=LYNXMPEG5O2CW,2020-06-25T20:19:00Z,"OTTAWA/TORONTO (Reuters) - Canada’s top public health official said on Thursday she plans to seek more information from Ontario about the province’s plan to allow some COVID-19 positive people with no symptoms to return to their jobs, a risky policy according to workers’ advocates and some doctors. 
Ontario, Canada’s most populous province, issued guidelines on Wednesday allowing some migrant farm workers back to work as farms battle outbreaks that have killed three people and infected hundreds more. 
Chief Public Health Officer Theresa Tam said protocols that separate COVID-19 positive and negative workers must be stringent, and workers’ health must be considered. 
“People can begin to have symptoms anytime during that incubation period and potentially can get sick fairly fast,” she said. “You need to make sure that you screen them for symptoms and enable them to stop working if they’re not feeling well.” 
Canadian farmers rely on some 60,000 temporary foreign workers predominantly from Latin America and the Caribbean. Many live in crowded bunkhouses where the virus can spread quickly. 
Sudeshna Nambiar, chief operating officer of Lakeside Produce, a Leamington, Ontario greenhouse operation, welcomed the new policy. She said each employee is responsible for 23 rows in the greenhouse, allowing for ample distancing. 
Lakeside had 13 infections among workers in the spring, but all have recovered. 
“This is the new normal. This is how we have to operate, with more hygiene and social distancing,” she said. 
Srinivas Murthy, an infectious disease specialist and professor at the University of British Columbia, said the virus is likely to spread if workers return. 
On Wednesday, the Ontario Federation of Agriculture said workers will not be forced to work. 
“This isn’t a community that has a lot of flexibility in their lives,” said Murthy. “Most individuals are not in a place where they can make a free and fair choice.” 
Additional reporting by Rod Nickel in Winnipeg, Manitoba; Editing by David Gregorio"
19,"{'id': 'reuters', 'name': 'Reuters'}",Reuters Editorial,South Africa to reopen casinos and cinemas despite COVID-19 spread - Reuters,South Africa will allow casinos and cinemas to reopen and restaurants to resume sit-down meals on Monday in a further easing of coronavirus lockdown restrictions despite a sharp rise in infections.,https://www.reuters.com/article/us-health-coronavirus-safrica-idUSKBN23X2K2,https://s3.reutersmedia.net/resources/r/?m=02&d=20200626&t=2&i=1523776271&w=1200&r=LYNXMPEG5P1O7,2020-06-26T18:02:46Z,"JOHANNESBURG (Reuters) - South Africa will allow casinos and cinemas to reopen and restaurants to resume sit-down meals on Monday in a further easing of coronavirus lockdown restrictions despite a sharp rise in infections. 
The country began easing restrictions put in place in March last month and at the beginning of June allowed people outside for work, worship, exercise or shopping, and let mines and factories to run at full capacity to try to revive the economy. 
It has recorded 118,375 infections of the highly contagious respiratory disease and 2,292 deaths and daily case numbers rose by more than 6,500 on Thursday after less than 1,000 in April. 
But tourism is an important revenue-earner and three months of lockdown has left many businesses fighting for survival. 
“We are continuing with the effort to reactivate the tourism sector so that we can save businesses and jobs in the sector,” Tourism Minister Mmamoloko Kubayi-Ngubane said in a televised briefing, after warning last month that up to 600,000 jobs were at risk if the sector remained shut until September. 
Business travel has been allowed from June 1, but overnight leisure stays are still forbidden to try to contain the spread of the virus. 
Kubayi-Ngubane said casinos would operate at 50% capacity, while cinemas and theatres would only be allowed 50 people or less. Restaurants, fast food outlets and coffee shops could offer sit-in services in addition to the take-aways they had already been allowed but would not be able to serve alcohol. 
Tourism Business Council of South Africa chief executive Tshifhiwa Tshivhengwa said many restaurants might find it unprofitable to reopen without on on-site alcohol consumption. 
“At the end of it all it goes some way but we’re still far off and businesses are going to continue to bleed, retrenchments are coming in large volumes,” he said in an interview on news broadcaster eNCA. 
Reporting by Tumelo Modiba; editing by Nqobile Dludla and Philippa Fletcher"
