,source,author,title,description,url,urlToImage,publishedAt,content
0,"{'id': 'the-verge', 'name': 'The Verge'}",Nick Statt,Facebook lifts ad ban on non-medical face masks,"Facebook is lifting its advertising ban on cloth face masks, but the ban will remain for medical and respiratory masks like the 3M-made N95. The ban was first instituted in March, as the novel coronavirus began spreading throughout the US, to help manage supp…",https://www.theverge.com/2020/6/10/21286724/facebook-cloth-face-mask-ad-ban-lifted-supply-workers,https://cdn.vox-cdn.com/thumbor/O0zI9G9ShtjDMNzEFD_WicPfcNU=/0x255:2040x1323/fit-in/1200x630/cdn.vox-cdn.com/uploads/chorus_asset/file/10595581/jbareham_180405_1777_facebook_0003.jpg,2020-06-10T18:09:43Z,"The company first banned face mask ads in March
Illustration by James Bareham / The Verge
Facebook is partially lifting its advertising ban on face masks and will now allow third-party businesses to advertise cloth masks and other non-medical face coverings like bandanas, the company announced on Wednesday. 
The company first instituted a site-wide ban on ads for all forms of face masks, including medical and respiratory masks, in March due to national shortages and concern for medical staff and other frontline workers during the COVID-19 pandemic. The ban was also designed to protect against scams, misleading marketing, and other abuses, as Facebook could not reasonably vet every ad promoting face masks that began flooding online marketplaces in early March. 
As the spread of the novel coronavirus began accelerating throughout the US earlier this year, a surge in demand for cleaning products, face masks, and other household goods created a unique predicament for online ad markets and e-commerce companies. Merchants have been found price gouging, making false health claims, and failing to deliver purchased goods, leading Amazon, Facebook, Google, and other companies to institute a number of bans and other measures to cut down on exploitative behavior. 
Facebook says you can advertise cloth face masks, but not medical ones
In April, the US Centers for Disease Control adjusted its face mask guidance people are now advised to wear masks outdoors and in places where social distancing is difficult, like grocery stores. As a result, Facebook is lifting the ban to make it easier for people to find and purchase cloth masks. The ban remains in effect for medical and respiratory masks like the 3M-made N95 mask. Just yesterday, 3M sued an Amazon Marketplace seller for selling fake N95 masks at inflated prices, illustrating the ongoing issues plaguing medical face mask sales, which are now being tightly controlled by Federal Emergency Management Agency.
Many health authorities now advise wearing non-medical masks and in some places masks are required for activities like taking public transportation or visiting a store and weve seen people and businesses of all sizes working to fill this need, Facebooks Rob Leathern, its director of product management, wrote in a blog post. 
Facebook is still imposing some restrictions. It says companies or independent merchants will need to have accumulated at least a four-month history of advertising on Facebook to be approved to market masks. Its also restricting sellers in countries where we have seen high percentages of policy-violating ads promoting medical supplies during the temporary ban to selling only non-medical masks within the country the seller is located, Leathern explains. 
The company is also maintaining its ban on any ads that make medical claims or any product marketed with health or COVID-19-related wording. Primarily, that means the products that can be advertised will be handmade cloth masks and other forms of face coverings made out of fabrics or reusable material. 
View all 478 stories"
1,"{'id': 'the-verge', 'name': 'The Verge'}",Kim Lyons,"Comcast struggles as theme parks, movies, and sports suddenly disappear","Comcast’s cable revenue rose in the first few months of the year, but it lost 409,000 cable TV customers as people continue to move toward streaming options.",https://www.theverge.com/2020/4/30/21242508/comcast-loses-cable-subscribers-coronavirus,https://cdn.vox-cdn.com/thumbor/N26fb9Cz07SjZauV5ksgRpOf7r4=/0x146:2040x1214/fit-in/1200x630/cdn.vox-cdn.com/uploads/chorus_asset/file/11369881/acastro_180525_1777_comcast_0002.jpg,2020-04-30T15:23:49Z,"All of Comcasts divisions are feeling the impact of the coronavirus lockdown
Illustration by Alex Castro / The Verge
With theme parks and movie theaters closed and major sports events canceled, there were few parts of Comcasts business that didnt feel the impact of the novel coronavirus pandemic in the first quarter of 2020. And company executives said on Thursday that they dont expect to see a whole lot of improvement for the second quarter. 
Comcast posted revenue of $26.6 billion for the first quarter, a 0.9 percent decline year over year, and net income of $2.1 billion, a 40 percent drop from the year-ago quarter.
Basically, there was less for viewers to watch, and that meant less programming for Comcast to run ads against. The Q1 results reflect audience ratings declines and reduced advertiser spending resulting from the postponement of sports events due to COVID-19, partially offset by higher pricing, Comcast said in a statement. 
The companys NBCUniversal segment struggled the most during the first quarter, with a 7 percent revenue decline to $7.7 billion. Comcast said last week that many of the shows it had planned for its new Peacock streaming service wouldnt be ready until next year. (Disclosure: Comcast and NBCUniversal are investors in Vox Media, parent company of The Verge.) 
Revenue for its filmed entertainment division was down 22 percent, and theme park revenue was down 32 percent, as all of its Universal theme parks were closed in March due to the pandemic. Comcast CFO Michael Cavanagh said on Thursday that the company does not know when the parks will reopen and added that it was pausing construction on its fourth gate, Epic Universe, at Universal Studios Orlando.
Comcasts ad revenue for the quarter was down 2.2 percent. COVID-19 began to impact cable advertising at the end of the first quarter, and we expect advertising to be down significantly in the second quarter, Cavanagh said during the earnings call.
Many large companies that posted first quarter earnings this week reported lower advertising revenues due to the pandemic, although perhaps not all are feeling it as acutely as Comcast at least, not yet. Alphabet parent Google said on Tuesday that it experienced a significant slowdown in ad revenues last month, but its revenue was up 13 percent. Facebook also said it saw ad revenues slow but still saw profit up 102 percent from the year-ago quarter. And Twitter, which reported first quarter earnings today, had a huge spike in users but said its ad revenues fell apart in March.
Comcasts Sky division, the UK broadcaster Comcast acquired in 2018, saw revenue decline 5.8 percent in the quarter, and it lost 65,000 Sky customers due to sporting events being postponed and some channels being suspended. The company said it has been allowing Sky customers to pause sports-related subscription payments to mitigate the risk of customer disconnect.
Comcasts cable revenue rose in the first few months of the year, but it lost 409,000 cable TV customers as people continue to move toward streaming options.
Even though Comcast lost cable TV customers in Q1, it added 477,000 internet customers, which the company said on an earnings call was its best quarterly number in more than a decade. Wireless revenue was up 52 percent.
On the earnings call, the company said a residential rate adjustment at the beginning of the year was a significant contributor to both the market increase, and the video subscriber loss in the quarter.
But Comcast is expecting more headwinds in the second quarter as the pandemic keeps many businesses closed and people at home. 
Our Cable Communications results, while strong in the first quarter 2020, will be negatively affected in the second quarter by the significant deterioration in domestic economic conditions in recent weeks and by the costs associated with our support of customer connectivity as the population increasingly works and learns remotely from home."
2,"{'id': 'the-next-web', 'name': 'The Next Web'}",The Markup,States are suspending public records access due to COVID-19,"On March 4, Hawaii had no confirmed cases of COVID-19, but officials had started to take action in anticipation of an outbreak. Gov. David Ige declared a state of emergency, giving him the authority  to “suspend any law that impedes … emergency functions.” By…",https://thenextweb.com/?p=1289650,https://img-cdn.tnwcdn.com/image/tnw?filter_last=1&fit=1280%2C640&url=https%3A%2F%2Fcdn0.tnwcdn.com%2Fwp-content%2Fblogs.dir%2F1%2Ffiles%2F2020%2F05%2FCopy-of-Copy-of-Copy-of-Copy-of-Copy-of-Copy-of-Copy-of-...-3-1.png&signature=be5e5950574c92ec0a52c622d4607e6b,2020-05-04T08:02:29Z,"On March 4, Hawaii had no confirmed cases of COVID-19, but officials had started to take action in anticipation of an outbreak. Gov. David Ige declared a state of emergency, giving him the authority  to suspend any law that impedes emergency functions. By the 16th, the outbreak had arrived: The state had 10 confirmed cases, and Ige began to act on that declaration.
Among the statutes he suspended was Chapter 92F of something called the uniform information practices act. It was easy for a layperson to miss, but the change effectively blocked requests for public records in the state for the duration of the emergency.
Hawaii is among several jurisdictions around the country that have amended or suspended access to public records as the coronavirus spreads. Governors are taking emergency action in some states, ordering changes to public records compliance during the crisis. Other states and municipalities have made legislative changes to their laws. But government-transparency advocates argue that in a time of crisis, access to public records is even more important.
Officials say they need to take drastic actions to battle the pandemic. In New Jersey, where the state legislature amended its open records law, an analyst with an association of state municipalities told NJ.com that officials need the flexibility during emergencies to be able to run government and respond to the emergency at hand. A San Diego county spokesperson told the Voice of San Diego recently that the public interest in receiving records at this time is outweighed by public interest in having county personnel free to handle this ongoing emergency.
State and local jurisdictions arent the only ones making changes. At the federal level, government agencies are making their own decisions about how to process requests. But its clear those requests are facing heavy delays. The Reporters Committee for Freedom of the Press (RCFP) recently found that several agencies were telling requesters to expect delays through the course of the crisis.
On March 27, a report from the Congressional Research Service explained some of the reasons for those delays. The report noted that in some cases employees working remotely wouldnt be able to find documents that werent already digitized. The report found that some agencies said they would expedite critical information during the crisis, but some said other requesters would be left waiting.
Theres little precedent for such sweeping changes, even in times of crisis. A month after the Sept. 11, 2001, attacks, Attorney General John Ashcroft released a memo reminding federal agencies of their ability to block access to agency deliberations under the Freedom of Information Act. The memo said agencies should take full and deliberate consideration of the institutional, commercial, and personal privacy interests that could be implicated by disclosure of the information. But the memo was only guidance.
At the state level, after Hurricane Sandy, New Jersey offered government agencies guidance on dealing with public records requests during an emergency, but the guidance clearly stated that the right to access government records is not suspended during a disaster.
After some California agencies said they would stop responding to public records requests because of COVID-19, transparency advocates including the Electronic Frontier Foundation said in a statement that there was no legal basis for such an extraordinary step.
The coronavirus pandemic is not Californias first major crisis, a coalition of organizations wrote in the statement, and the Legislature has never authorized the suspension of the California Public Records Act.
The Markup has seen similar results of government reaction to the pandemic at the state level. Weve filed records requests with all 50 states, New York City, and Washington, D.C., for their coronavirus testing algorithms. While many states have already complied with the request, and we have data on 24 jurisdictions so far, weve also seen delaysincluding some that may be indefinite.
In Hawaii, our request to the state health department was denied. After two weeks, officials returned a largely blank form with a bold, underscored line stating, Pursuant to Governor David Iges Supplementary Proclamation, dated March 16, 2020, response to your public records request will be postponed indefinitely.
Washington, D.C., which has added COVID-19 office closure as an exception to the requirement to respond to public records requests within 15 days, acknowledged our request but said it would be delayedthree times. Emails from the citys health department said the deadline for fulfilling our request would be moved from March to April, and then to May 15, and then to June 8, as the emergency was extended. The city ultimately provided some information on its policies at the end of April instead.
Pennsylvania responded to our request about a month after it was filed. An official acknowledged receipt of our request but said the health departments public records office was closed for the duration of the emergency. Requests will be processed upon resumption of business, the official wrote in an email.
Unlike actions from governors, which put an end date on the emergency changes, New Jersey has amended its public records law directly to suspend the time required for a response during an emergency, effectively making the change permanent. Previously, officials faced a hard deadline of a week for responding to requests. Now, the state law says that, for the course of a declared emergency, the custodian of a government record shall make a reasonable effort, as the circumstances permit, to respond to a request for access to a government record within seven business days or as soon as possible thereafter.
This is of course terribly concerning because theyve taken their public records law and practically turned it into a mere suggestion, said Gunita Singh, a legal fellow for RCFP.
COVID-19 is no excuse to relax the fundamentals of open government and transparency, Singh said.
This article was originally published on The Markup by Colin Lecher. You can read it here. 
Corona coverage
Read our daily coverage on how the tech industry is responding to the coronavirus and subscribe to our weekly newsletter Coronavirus in Context.
For tips and tricks on working remotely, check out our Growth Quarters articles here or follow us on Twitter."
3,"{'id': 'the-next-web', 'name': 'The Next Web'}",Thomas Macaulay,This AI tool identifies the most promising COVID-19 research,"An AI tool that scans reams of scientific literature for promising COVID-19 research could speed up the search for a coronavirus vaccine. The system provides an automated alternative to human review, which many COVID-19 researchers are starting to bypass so t…",https://thenextweb.com/neural/2020/05/05/this-ai-tool-identifies-the-most-promising-covid-19-research/,https://img-cdn.tnwcdn.com/image/neural?filter_last=1&fit=1280%2C640&url=https%3A%2F%2Fcdn0.tnwcdn.com%2Fwp-content%2Fblogs.dir%2F1%2Ffiles%2F2020%2F05%2FUntitled-design-26.png&signature=5c3c2a7d420ed218dc4b1b92c4950d00,2020-05-05T18:10:24Z,"An AI tool that scans reams of scientific literature for promising COVID-19 research could speed up the search for a coronavirus vaccine.
The system provides an automated alternative to human review, which many COVID-19 researchers are starting to bypass so their colleagues can immediately provide feedback on their work.
[Read: Drug discovery might be the best use of AI to tackle the pandemic]
This approach sacrifices safety for speed, which can lead to low quality work reaching a wide audience. It also means that there are way too many papers on COVID-19 for humans to read.
These issues led researchers from Northwestern University to create a tool that predicts which studies are most worthy of further investment as well as the research thats unlikely to work.
The Northwestern system uses an algorithm to predict which studies will produce results that are replicable meaning they have the same effect when tested again on a new group of people.
Existing methods of assessing replicability rely on review by scientific experts, a thorough but time-consuming process.
For example, the Systematizing Confidence in Open Research and Evidence (SCORE) process created by military research agency DARPA tasks around 314 days on average. Thats a long time to wait when youre trying to tackle a global pandemic.
Professor Brian Uzzi, who led the Northwestern study, believes this process has two major problems.
First, it takes take too long to move on to the second phase of testing and second, when experts are spending their time reviewing other peoples work, it means they are not in the lab conducting their own research.
Uzzis team trained their model on statistics and text from over 2 million study abstracts, and then gave it a new set of studies to evaluate.
Their idea was to analyze not only data, but also the narrative that study authors use to explain their results. It does by recognizing patterns in words that reveal a researchers confidence in their findings which human reviewers dont always detect.
They then compared the predictions to DARPAs SCORE evaluation. The researchers say their system produced equally accurate results but in a matter of minutes, rather than months.
Ultimately, the team aims to pair the system with expert reviewers which they say will be more accurate than either a human or machine working alone.
Published May 5, 2020 — 18:10 UTC"
4,"{'id': 'the-next-web', 'name': 'The Next Web'}",Rachel Kaser,Fitbit’s low-cost COVID-19 ventilator receives emergency FDA approval,"Fitbit this week revealed the Flow, an inexpensive ventilator the company developed for the express purpose of helping alleviate the need for such devices in the coronavirus pandemic. It can be used in hospitals, though not to replace traditional ventilators.…",https://thenextweb.com/?p=1296594,https://img-cdn.tnwcdn.com/image/tnw?filter_last=1&fit=1280%2C640&url=https%3A%2F%2Fcdn0.tnwcdn.com%2Fwp-content%2Fblogs.dir%2F1%2Ffiles%2F2020%2F06%2FFitbit-Flow.jpg&signature=6400c064456458581c9e4acc6ac0c761,2020-06-04T21:12:00Z,"Fitbit this week revealed the Flow, an inexpensive ventilator the company developed for the express purpose of helping alleviate the need for such devices in the coronavirus pandemic. It can be used in hospitals, though not to replace traditional ventilators.
The Flow is designed around standard resuscitator bags used by paramedics, and is designed to be simple to use, according to Fitbit. It has a clear window on the side so healthcare workers can observe the bag pumping, and additional sensors for monitoring patients and control over the volume and pressure of the oxygen. It was granted FDA Emergency Use Authorization earlier this week. According to The Verge, the Flow would cost around $5,000. For reference, ventilators cost anywhere from $25,000 to $50,000 when New York Governor Andrew Cuomo attempted to purchase them in March.
Its worth noting that the Flow isnt a conventional ventilator, nor is it designed to replace one. According to FDA documents, the Flow is intended to be used only when an FDA-cleared clinical ventilator is not available during the COVID-19 pandemic. Even Fitbit admits that the point of the Flow is to act as a stopgap to help make up for a lack of said FDA-cleared ventilators, with Senior Staff Research Scientist Dr. Tony Faranesh saying:
We know from some conversations that physicians are already trying to work out the ethics in deciding who gets the ventilator and who doesnt, due to shortage of supply. The goal here is to support life in the event that ones not available until one might become available.
Fitbit isnt the only company trying to help the situation by designing a ventilator. NASA and Dyson both swiftly developed their own ventilators, with the NASA prototype being given the same clearance the Flow now has back in April. Its worth noting as well that the Emergency Use Authorization of this device doesnt mean it could be used in conventional hospitals after the pandemic abates itd need further FDA testing and approval for that.
Theres some question about whether healthcare workers still need emergency ventilators as much as they did when the pandemic began, not to mention how much of a market is left for the Fitbit model now NASAs model has been out over a month. Then again, the fear is that a second wave of patients is forthcoming, in which case the Fitbit Flow will definitely see more use. Besides, having it out there as an option cant possibly hurt.
Corona coverage
Read our daily coverage on how the tech industry is responding to the coronavirus and subscribe to our weekly newsletter Coronavirus in Context.
For tips and tricks on working remotely, check out our Growth Quarters articles here or follow us on Twitter."
5,"{'id': 'the-next-web', 'name': 'The Next Web'}",Tristan Greene,This free AI chatbot helps businesses fight COVID-19 misinformation,"Avaamo, a company that specializes in conversational AI, recently built a virtual assistant to translate natural language queries about the COVID-19 pandemic into reliable insights. In other words, it’s an AI-powered chatbot that can answer just about any que…",https://thenextweb.com/?p=1293988,https://img-cdn.tnwcdn.com/image/tnw?filter_last=1&fit=1280%2C640&url=https%3A%2F%2Fcdn0.tnwcdn.com%2Fwp-content%2Fblogs.dir%2F1%2Ffiles%2F2020%2F03%2FCoronavirus-1.jpg&signature=e89fd7ea78f8e04562c17d6ac0e35f5a,2020-05-22T17:15:46Z,"Avaamo, a company that specializes in conversational AI, recently built a virtual assistant to translate natural language queries about the COVID-19 pandemic into reliable insights. In other words, its an AI-powered chatbot that can answer just about any question you have about the pandemic.
Credit: Avaamo
Avaamos Project COVID uses a deep learning system called natural language processing to turn our questions about the pandemic into website and database queries. It works a lot like Google or Bing, you input text and the AI tries to find the most relevant information possible. The big difference is that Avaamo carefully guards the gates against misinformation by only surfacing results from reputable websites such as CDC, NIH, WHO, and Johns Hopkins.
Best of all, theres no cost for businesses to use the tool. Per a press release from Avaamo:
Project COVID is also available free of cost to be embedded on the website of care management providers, health care organizations, businesses, or government agencies, which are facing a mounting number of questions, support calls and community requests for information on the COVID-19 outbreak and responses to it. The utility is free, and is designed to quickly and easily embed into any existing website in just a few minutes.
Quick take: This is really cool. The information is valid, the companys recently updated the system, and it doesnt appear that any business that wishes to implement Project COVID on their own sites will have to jump through hoops to get it installed.
Having a simple, non-medical (Avaamo is careful to point out that this is not a substitute for professional medical advice) solution to providing solid information to common COVID-19 questions is a big deal. Weve moved past static FAQs because the pandemic is an ever-changing situation. This represents a great way to keep clients, patients, and customers up-to-date without having to reinvent the wheel to do it.
For information check out Avaamos website.
Corona coverage
Read our daily coverage on how the tech industry is responding to the coronavirus and subscribe to our weekly newsletter Coronavirus in Context.
For tips and tricks on working remotely, check out our Growth Quarters articles here or follow us on Twitter."
6,"{'id': 'the-next-web', 'name': 'The Next Web'}",Urban Mobility Daily,3 possible scenarios for restoring public transport after COVID-19,"The Dutch bike-transit system should be our guide to not only encourage public transport use, but to also make it more efficient and attractive by offering higher frequency service with even better coverage. How is that possible? As we seem to be reaching the…",https://thenextweb.com/?p=1295056,https://img-cdn.tnwcdn.com/image/tnw?filter_last=1&fit=1280%2C640&url=https%3A%2F%2Fcdn0.tnwcdn.com%2Fwp-content%2Fblogs.dir%2F1%2Ffiles%2F2020%2F05%2F1-33.jpg&signature=2ccec5cc88ba07ca1ed7380f4c0f44b9,2020-05-28T11:07:45Z,"The Dutch bike-transit system should be our guide to not only encourage public transport use, but to also make it more efficient and attractive by offering higher frequency service with even better coverage. How is that possible?
As we seem to be reaching the light at the end of the COVID-19 quarantine tunnel, many of us question what this might mean for mobility, and particularly, for public transport.
The lockdown has generally had the same impact all around the world: car journeys fell 5080% and public transport ridership plummeted by even more, while cycling and walking had a relative increase.
Asian cities awakening from their own winter sleep suggest that the western public will also continue to avoid using public transport, instead of opting to bike or walk. What is worrying is that car use in Asia is also up understandable as people attempt to avoid contact with one another. However, its impact on air pollution should be a warning to all cities, given that the spread and the fatality rate of COVID-19 have been proven to correlate with air pollution levels.
[Read: How mobility startups can help authorities fix public transport after the pandemic]
Lets draw up the three scenarios where European cities could be headed:
1. Carmageddon
Everyone jumps into a car. To ease congestion we build motorways across cities and severely reduce or ban walking and cycling to avoid pedestrian deaths. Issues with this scenario: infrastructure and healthcare are expensive and governments do not have money to construct these inner-city motorways, or to tackle the health issues related to sedentary lifestyle or respiratory disease like COVID-19. Hopefully, this scenario is a no-go.
2. Cycle-paradise
Cities increase the temporary cycling infrastructure network, eventually making it permanent. They create entire networks of car-free zones so that people feel safe to walk and cycle in urban areas. Instead of commissioning bus companies, municipalities contract long-term bike-hire companies to rent bikes and e-bikes to the public, like Paris Veligo or the Dutch Swapfiets. With prices ranging from 40 to 75 for monthly rentals, it makes using an electric bike much more attractive. In addition, handicapped and elderly populations will also have access to special bikes, such as the fall-proof bikes from Gazelle. Should the weather not be particularly kind to us, as the Dutch and Finnish populations often experience, we can opt to stay and work from home (or put on a poncho?).
But how likely is it that public transport companies will go down without a political fight, especially when they might be owned by the government or the municipality in which they operate? What would be the political and social implications of letting these go?
3. Bike-transit
I do see a third, more rosy scenario for public transport, which is based on Bus Rapid Transit systems and can be referred to as BRT-lite (lite as it would be repurposing existing lanes and not building new infrastructure).
If you are reading this and live in a city or region that was well-served by public transport before the lock-down, then you have probably come to expect decent bus service that is close to where you live and that does not leave you waiting for long periods of time. The bus might drop you off at a local transport hub, from where you might take the metro to the center or other parts of town.
Cyclists in Amsterdam
Today, however, with social distancing required within the bus and a lack of resources to double or triple the number of busses to achieve such low ridership per vehicle, we need a novel solution. What we can do is look at Bus Rapid Transit operations, or buses, that take the main corridor only and stop at just a few bigger hubs.
In an extreme case, a city could re-allocate all its services to run in this manner, covering the same area with fewer routes. Of course, this would require passengers to walk 1520 minutes or, given that cycling is becoming a more accepted mode, they could cycle 510 minutes.
Passengers are willing to walk longer distances to higher-level transit, such as rail or metro, due to the fact that they are compensated with a faster or farther-reaching service. Budapest is made up of 1.7 million inhabitants within its city limits, and almost 3 million inhabitants within the entire agglomeration. It also boasts fairly good transit services with an extensive bus and tram network, four underground lines, and four suburban rail lines (I will disregard other rail services now). Using Remixs Transit Platform I made a quick comparison of three different options:
Budapest Transit
A. Current conditions
5 minutes walk 303 lines, 1.660 vehicles
Current accessibility levels, while maintaining 303 lines and 1660 vehicles,  1.7 million people can reach the city center (Jane, after Jane Jacobs) within 60 minutes if they are able to access a stop via foot within 5 minutes 350 meters.
B. BRT lines
15 min walk 22 lines, 338 vehicles (every 5 minutes)
Operating only 5 BRTs, keeping underground and suburban railways as is and using only a quarter of the vehicles by running every 5 minutes, will allow almost the same amount of people (1.5 million) to access the city center within 60 minutes provided that they walk 15 minutes to/from the stop
C. BRT + all rail-line services
15 min walk 57 lines, 626 vehicles (every 5 minutes)
In this scenario I kept all the 24 tram routes in addition to the previous setup, reaching almost as many residents as in current conditions. Its still not perfect, passengers still need to walk 15 minutes or cycle 5 minutes to reach a stop, but with only a third of the vehicles, access to anywhere in the city is being provided to almost the same number of people as in the first scenario. In addition, this also means that the rest of the nearly 1000 vehicles left could be deployed to ensure social distancing-measures in the case that the five-minute running frequency does not suffice.
Going Dutch
I am not suggesting that cities should implement this third scenario starting tomorrow, but I would like to highlight the potential of a public transit system if your passengers do some of the leg-work (sorry for the pun). There is ample evidence that bike-transit is a more desired mode than the private motor vehicle. Research from the Netherlands suggests that cyclists enjoy the same access and speed getting to their final destination within a city as they would if they took a private car. This might explain why half of the rail passengers arrive at the stations by bike and a quarter left with a bike.
This Dutch bike-transit operation is a marvel in transport engineering and has grown its modal share 5% annually in the last 10 years. Much of the credit goes to the OV-fiets, the public transport bike rental scheme, available now at over 300 train stops. Passengers are allowed to return bicycles to the same station within 24 hours, providing them the peace of mind in knowing they can return in the very same way, wherever they go.
Reinforcing cycle, more cycling more high-level transit use more need for local cycling, Kager et Harms, 2018.
The 15-Minute dream
We can also see that the Bike-transit scenario overlaps with Scenario 2, the Cycling Paradise. Its no wonder the BRT-lite scenario complements this cycling paradise option, as both mutually exclude the car-dependent scenario. Due to the fact that most citizens are willing to cycle up to 5km, they remove the need for local low-level transport (e.g. feeding service) while reinforcing the high-level transit systems that depend on the feed. When the public can access (and leave) stations by bike as comfortably as by walking, you multiply catchment areas to those stops.
Once inhabitants start experiencing the positive reinforcement of such a BRT system, the need for cars will vanish in urban areas. Shops start popping up around focal points (eg. near the stations) and car-free streets make living conditions more pleasant, encouraging urban sprawl to transform into a clustered network of dense villages.
Isnt this what the 15-Minute City is all about?
The Urban Mobility Daily is the content site of the Urban Mobility Company, a Paris-based company which is moving the business of mobility forward through physical and virtual events and services. Join their community of 10K+ global mobility professionals by signing up for the Urban Mobility Weekly newsletter. Read the original article here and follow them on Linkedin and Twitter. 
Corona coverage
Read our daily coverage on how the tech industry is responding to the coronavirus and subscribe to our weekly newsletter Coronavirus in Context.
For tips and tricks on working remotely, check out our Growth Quarters articles here or follow us on Twitter."
7,"{'id': 'the-next-web', 'name': 'The Next Web'}",Thomas Macaulay,This AI tool predicts who’s got COVID-19 without testing,"A new AI diagnostic tool trained on crowdsourced symptom data can predict whether someone likely has COVID-19 without testing. The model was trained on data from more than 2.5 million users of the COVID Symptom Study app developed at King’s College London, wh…",https://thenextweb.com/neural/2020/05/11/this-ai-tool-predicts-whos-got-covid-19-without-testing/,https://img-cdn.tnwcdn.com/image/neural?filter_last=1&fit=1280%2C640&url=https%3A%2F%2Fcdn0.tnwcdn.com%2Fwp-content%2Fblogs.dir%2F1%2Ffiles%2F2020%2F05%2FUntitled-design-32.png&signature=8e41fe34dd26b807cff20f97f8b2e21d,2020-05-11T17:51:28Z,"A new AI diagnostic tool trained on crowdsourced symptom data can predict whether someone likely has COVID-19 without testing.
The model was trained on data from more than 2.5 million users of the COVID Symptom Study app developed at Kings College London, which anyone can download to report their daily health status. 
Around a third of the users had logged symptoms associated with COVID-19. Some 18,374 reported having had a test for coronavirus, 7,178 of whom had tested positive.
The researchers then investigated which symptoms were most likely to be associated with a positive test and made some striking discoveries.
[Read: AI model predicts the coronavirus pandemic will end in December]
Their findings suggest that focusing on fever and cough is dangerously insufficient. In fact, their most common predictor of COVID-19 was the loss of taste and smell known as anosmia. Two-thirds of users with positive tests reported this symptom, compared to just a fifth of those who had tested negative.
The researchers used all this data to create a mathematical model that diagnoses whether someone likely has COVID-19 based on their age, sex, and a combination of four symptoms: anosmia, severe or persistent cough, fatigue, and skipping meals.
They found that the AIs predictions were accurate nearly 80% of the time. Of over 800,000 app users who said they were unwell, just under a fifth were predicted to have the disease.
Professor Tim Spector from Kings College London said the results showed that anosmia should be included in routine screening for COVID-19:
We strongly urge governments and health authorities everywhere to make this information more widely known, and advise anyone experiencing sudden loss of smell or taste to assume that they are infected and follow local self-isolation guidelines.
The researchers believe combining their AI system with mass adoption of the COVID Symptom Study app will show where tracking and testing are needed most.
Even if the tools accuracy leaves a lot to be desired, it could help overcome the shortages in coronavirus testing.
Published May 11, 2020 — 17:51 UTC"
8,"{'id': 'the-next-web', 'name': 'The Next Web'}",Cities Today,The challenges of revamping public transport after COVID-19 safely,"This article was originally published by Sarah Wray on Cities Today, the leading news platform on urban mobility and innovation, reaching an international audience of city leaders. For the latest updates follow Cities Today on Twitter, Facebook, LinkedIn, Ins…",https://thenextweb.com/shift/2020/06/10/the-challenges-of-revamping-public-transport-after-covid-19-safely-syndication/,https://img-cdn.tnwcdn.com/image/tnw?filter_last=1&fit=1280%2C640&url=https%3A%2F%2Fcdn0.tnwcdn.com%2Fwp-content%2Fblogs.dir%2F1%2Ffiles%2F2020%2F06%2FCopy-of-Copy-of-Copy-of-Copy-of-Copy-of-Copy-of-...-5-1.png&signature=f5058f24a9064cc6a82415671ed1e34b,2020-06-10T17:00:47Z,"This article was originally published by Sarah Wray on Cities Today, the leading news platform on urban mobility and innovation, reaching an international audience of city leaders. For the latest updates follow Cities Today on Twitter, Facebook, LinkedIn, Instagram, and YouTube, or sign up for Cities Today News.
The coronavirus pandemic has forced mobility leaders to do the previously unthinkable and discourage their citizens from using mass transit. The next step re-opening transport networks looks set to be harder still.
This issue was highlighted during two recent Cities Today Institute roundtables attended by city and transport leaders from Europe and North America.
As Laura Shoaf, Managing Director, Transport for West Midlands, put it: For somebody who runs a public transport authority and has spent my entire life working in [this field] to push out communications asking people not to take public transport has pained me beyond belief.
Transport officials face the same mobility system complexity they always have now with the added complication of COVID-19 and social distancing, which could reduce capacity to 20 percent or even less. There are huge implications for operator revenues, the local economy, citizens quality of life, trust between residents and the city administration, and much more.
Urban areas dont work without mass transit, and mass transit and social distancing are incompatible so theres a real conundrum here, said one roundtable attendee.
Public transport usage plummeted up to 90 percent in some cities around the world during coronavirus lockdowns. Now, as cities begin to tentatively open back up, officials have stressed that their infrastructure cannot cope if even a fraction of journeys that would have previously been taken by mass transit shift to private cars.
March data from Ipsos suggested that the pandemic was causing a modal shift in China, with 66 per cent preferring to drive in the wake of coronavirus, compared to 24 percent before. Public transport dropped from being the preferred option for 56 percent to just 24 percent. A further Ipsos update confirmed that some consumers in the US and China are now more likely to buy a car because they believe driving offers better protection from COVID-19 than other forms of transport.
Battle for public space
Active travel on a scale like never before is a major focus to combat these effects, with many cities closing streets, widening pavements and throwing up temporary or permanent bike lanes. Optimism is high about boosting these modes, which has long been a goal. Roundtable delegates sounded a note of realism, though, highlighting that in some areas, a significant proportion of residents dont have bikes, and that a lot of journeys are not walkable. Several cities also report considering or fast-tracking e-scooter pilots to give citizens an additional option.
As cities make way for increased food and retail deliveries, bikes, walking, queuing outside shops, social-distanced public transport and realistically cars, they face a whole lot of competition for very little space in the public realm.
Stephen Zoegall, Global Lead Cities &amp; Infrastructure, Accenture, who moderated one of the roundtables, said the next steps rely on a systems thinking mindset, which means considering interdependencies from inception to delivery and beyond.
Being quick and prudent will require incremental rather than radical changes, he commented. For example, the gentle re-allocation of vehicle road space to active travel, initially allowing for co-existence (e.g. car-free Sundays) with a gradual move towards car-free streets, will allow for smoother adoption rates and cultural changes.
One official suggested that predictions that residents will stay away from public transport may not be borne out or at least to the extent that many assume. With the citys transport network now running at around 25 percent of normal levels, services are already full, they said. Further, feedback from citizens suggests that expanding services is a priority for them.
This backdrop makes the stakes for what happens next very high. One roundtable delegate said: If we get it wrong and the first pictures everybody sees are people too close together on a bus or people cramming onto a train, youre going to lose the confidence straightaway of anybody coming back to public transport, so its a very delicate balance.
Strategies discussed for the way ahead included running more services, continuation of working from home as well as staggered school hours. Technology can play a role too, from passenger-counting tools and apps that allow citizens to see how busy services are in advance, to contactless payments and demand-responsive services.
Zoegall noted that fostering trust in public transport intersects with a number of urban policy areas, such as health, education, business and services, culture, society, environment, city planning, etc. Decision-makers should consider the use of public transport from the unique vantage point of each domain when developing policy and messaging, he said, adding that: Where possible, government should be transparent and accessible in the language they use to communicate decisions, directions and strategies. There should be a weekly build to this messaging, as a way to build momentum each week. This seems obvious but it is an art to distil complicated policy into a simple message.
On trust, delegates agreed it is more constructive to encourage or mandate that citizens wear masks in enclosed public places, rather than singling out public transport to avoid the suggestion that the latter is disproportionately risky.
Revenue
While several cities said investment in public transport is now more important than ever, revenue and financial viability hang in the balance for many, squeezing already-tight budgets. The idea that urban transport is now no longer a commercial option is a very real possibility, one delegate said.
This, as well as the possible need to persuade some people back to public transport when the time is right and it is deemed safe to do so, led some to question whether the pandemic could see more public transportation services being made free permanently some cities have toyed with this idea in the past or are trialling it, and several have actioned it during the crisis to reduce physical contact.
Throughout the emergency, public transport has been a lifeline for essential workers and this highlights the importance of transit as an essential service and maybe less of a business model, said one delegate.
However, fares make up a significant portion of the revenue for transport operators and how they would plug that gap from a standing start remains unclear. The idea of emerging partnerships could offer one possible opportunity.
Winston Churchill once reportedly said: Never let a good crisis go to waste and this quote resonated with leaders during the discussion as they highlighted some positives which could emerge from the pandemic, notwithstanding the human tragedy and economic toll.
Dave Steele, Executive Director, Regional Transit Leadership Council, a coalition of public and private sector leaders from throughout the South-eastern Wisconsin region, said: The upshot of this is [considering] how we can use this unique moment in history to innovate. We always talk about transit being essential now, we have an opportunity to see in real-time where those routes are that are so essential that even if you restrict ridership people are still using that service. Then we have to add additional assets to those routes to ensure that people can use them.
And Michael Replogle, Deputy Commissioner for Policy, New York City Department of Transportation, commented: This is a transformational moment. We wont bring New York City back the way it was. We will need to maximize mass transit, minimize the use of cars and think about this in terms of fighting global warming, pollution and congestion, while boosting equitable access.
Corona coverage
Read our daily coverage on how the tech industry is responding to the coronavirus and subscribe to our weekly newsletter Coronavirus in Context.
For tips and tricks on working remotely, check out our Growth Quarters articles here or follow us on Twitter."
9,"{'id': 'the-next-web', 'name': 'The Next Web'}",Thomas Macaulay,Google and Apple launch COVID-19 contact-tracing tech,Google and Apple have launched the first phase of their COVID-19 contact-tracing tech: an Exposure Notification API that public health agencies can use to build their own mobile apps. The software uses Bluetooth to alert people if they’ve been in contact with…,https://thenextweb.com/neural/2020/05/21/google-and-apple-launch-covid-19-contact-tracing-tech/,https://img-cdn.tnwcdn.com/image/neural?filter_last=1&fit=1280%2C640&url=https%3A%2F%2Fcdn0.tnwcdn.com%2Fwp-content%2Fblogs.dir%2F1%2Ffiles%2F2020%2F05%2FUntitled-design-43.png&signature=94b619fd60db9b39cdbfcb1d2c299d6b,2020-05-21T11:41:44Z,"Google and Apple have launched the first phase of their COVID-19 contact-tracing tech: an Exposure Notification API that public health agencies can use to build their own mobile apps.
The software uses Bluetooth to alert people if theyve been in contact with someone who has the virus. When a user declares that theyve likely caught COVID-19, the system sends a notification to other Android phones and iPhones that have been in their vicinity.
The idea is to both reduce infections and help governments monitor the viruses spread. However, it will only be effective if a lot of people use it, a problem that has plagued most existing contact-tracing apps.
Apple and Google claim that their tech is privacy-preserving. Users can decide whether to opt-in for Exposure Notifications and report their diagnosis. In addition, the system doesnt use GPS location data tracking, unlike many of the contact-tracing apps being rolled out by governments.
In a statement, the unlikely partners said:
User adoption is key to success and we believe that these strong privacy protections are also the best way to encourage use of these apps.
The companies have also stressed that the software is designed to augment rather than replace existing contact tracing efforts. Public health authorities will decide how the notifications are pushed on phones.
[Read: Coronavirus: survey reveals what the public wants from a contact-tracing app]
Phase two of the launch, which is set to be unveiled in the new few weeks, will bake the software directly into iOS and the Android operating system.
Apple and Google claim that multiple states in the US and 22 countries across five continents plan to use the software to build their own apps. 
The states of North Dakota, Alabama, and South Carolina and countries including Austria, Germany, and Switzerland plan to use the tech. Other nations, such as the UK, have sought to develop their own apps, but their efforts have been hampered by software glitches and security flaws.
Many tech researchers doubt that Apple and Googles software will be much help, . They fear that the apps will provide a false sense of security, and that governments will use it as a cheap substitute for vital investments in testing and human contact tracing.
Published May 21, 2020 — 11:41 UTC"
10,"{'id': 'the-next-web', 'name': 'The Next Web'}",The Conversation,How COVID-19 is making scientific research more transparent,"The evolving COVID-19 pandemic has created an urgent need for scientific evidence, and quickly. We need politicians to be able to make informed decisions, and we need to support the development of effective vaccines and treatments, as well as understanding th…",https://thenextweb.com/?p=1291208,https://img-cdn.tnwcdn.com/image/tnw?filter_last=1&fit=1280%2C640&url=https%3A%2F%2Fcdn0.tnwcdn.com%2Fwp-content%2Fblogs.dir%2F1%2Ffiles%2F2020%2F05%2F1-10.jpg&signature=6b295d950523f9f378c094fe798c2a04,2020-05-11T10:17:10Z,"The evolving COVID-19 pandemic has created an urgent need for scientific evidence, and quickly. We need politicians to be able to make informed decisions, and we need to support the development of effective vaccines and treatments, as well as understanding the unfolding impact of the pandemic on society. The speed with which the global scientific community has risen to this sudden pressing need is remarkable.
But science is usually a slow-moving process a series of steps towards a better understanding, rather than individual eureka moments. Getting to the truth is often not straightforward, and scrutinising claims and counter-claims is an inherent part of the scientific method. Individual studies need to be replicated to see if the original observations are robust, and often they turn out not to be.
But now we are seeing necessarily and understandably a rush of studies attempting to add to our modest knowledge of the SARS-CoV-2 virus and provide answers to all of the other important questions emerging from the pandemic.
Read: [Small errors in coronavirus testing might lead to surprisingly big problems]
Some of these studies are conducted with limited resources, rather than specific funding for the purpose, although funders such as the Wellcome Trust and the UK Medical Research Council have moved fast to provide significant support for research activity in this area.
The rise of the preprint
Scientific publishing is also changing.
Usually, scientific research is peer-reviewed before it is accepted for publication in a journal. This means that (typically) two or three researchers with relevant expertise have reviewed and critiqued the work, and often recommended revisions or even further experiments. It is meant to ensure that published work meets a certain minimum quality standard, although it is certainly by no means perfect. Even though it is the established means of ensuring quality, weak work can slip through, and strong work can be unfairly criticized and delayed.
Now, we are increasingly seeing more results posted to preprint servers for more rapid dissemination. A preprint is effectively the version of a scientific article that has not yet been peer-reviewed. It is usually posted around the same time it is submitted to a journal for review.
Preprint servers have been around for a long time in some disciplines notably mathematics and physics, where arXiv has been in use since 1991 and have existed in other guises, for example as working papers in areas such as economics. But they have only become widespread in recent years; there are now multiple platforms supporting preprints across a range of different disciplines, including biomedicine, for example, bioRxiv and medRxiv.
Often the published version of a study the one that has passed peer review is a little different from the preprint version. But sometimes changes are required, and often important ones, such as the inclusion of additional experiments or analyses that provide greater confidence in the overall conclusions of the work.
One of the advantages of preprints over traditional forms of peer review is that they allow more scrutiny from a far larger portion of the scientific community than is provided by the traditional peer-review process. The danger comes when a preliminary report is interpreted as definitive.
The fact that preprints should be treated as preliminary is well known by researchers. However, in the current situation, we are increasingly seeing results reported in preprints being picked up by the media. For example, a study of the prevalence of SARS-CoV-2 antibodies conducted in Santa Clara, California was reported by a number of outlets, including the Wall Street Journal, despite having been heavily criticized by some researchers.
Preprints allow researchers to get their results out quicker, but they should be treated with caution. Credits: Shutterstock
This in itself is not entirely new, but we are seeing rapid growth in preprints as scientists attempt to put their findings in the public domain as quickly as possible at the beginning of April 2020, around 17% of COVID-19 publications were preprints. This is coupled with a desire for equally rapid dissemination of apparently noteworthy new findings by the media. The overall sense is that the scientific process has been accelerated.
But is this entirely a good thing? There is a long-standing aphorism originally from engineering but perhaps applicable here fast, cheap, good; you can pick two. We all know from personal experience that when we rush mistakes are more likely to happen. This is simply human nature, and scientists, however well trained and well-intentioned, are human too. The fundamentals of good design, careful conduct, and thoughtful interpretation apply even when there is a pressing need for knowledge.
These different issues research conducted quickly and disseminated via preprints rapidly, and the media reporting these findings equally rapidly perhaps conspire to mean we are at risk of generating and communicating findings that are not robust. And we have already begun to see retractions of COVID-19 research.
Transparency is everything
Work that is still at the preprint stage should be clearly reported as such by media outlets, and readers should treat the findings as preliminary. Perhaps more importantly, we all need to recognize that our knowledge will evolve, and no single study or finding will be definitive. Understanding COVID-19 is a team effort.
The current pandemic is unprecedented in recent history and has demonstrated the strength of the global scientific community. Resources have been rapidly diverted towards understanding the virus, modeling strategies to reduce its impact, developing vaccines and treatments, and more. Collaborations both national and international have emerged almost overnight, and preprint servers have experienced a surge of submissions. We are making progress and at an extraordinary pace.
However, we also need to ensure that our desire for speed in the generation of knowledge is not at the expense of quality. Given the importance and the immediacy of the challenge we face, rigorous and high-quality research is more important than ever. Transparency will be critical. By making study protocols, materials, data, and analysis plans available to researchers, work will be able to be scrutinized more closely, and any errors detected and corrected more rapidly. Indeed, the mere act of making our research transparent may encourage more error-checking before we release our work.
There is an urgent need for data and knowledge, but it is critically important that research is of high quality and that the knowledge generated is robust. False information is worse than no information at all.
This article is republished from The Conversation by Marcus Munafo, Professor of Biological Psychology, University of Bristol under a Creative Commons license. Read the original article.
Corona coverage
Read our daily coverage on how the tech industry is responding to the coronavirus and subscribe to our weekly newsletter Coronavirus in Context.
For tips and tricks on working remotely, check out our Growth Quarters articles here or follow us on Twitter."
11,"{'id': 'the-next-web', 'name': 'The Next Web'}",Conrad Egusa,An entrepreneur’s guide to COVID-19 tech news in May,"Across the globe, the month of May saw a wide assortment of encouraging and discouraging COVID-19-related headlines emerge from communities, organizations and governments. China permitted over one million people to venture to its parks, including Disneyland i…",https://thenextweb.com/podium/2020/06/02/an-entrepreneurs-guide-to-covid-19-tech-news-in-may/,https://img-cdn.tnwcdn.com/image/podium?filter_last=1&fit=1280%2C640&url=https%3A%2F%2Fcdn0.tnwcdn.com%2Fwp-content%2Fblogs.dir%2F1%2Ffiles%2F2020%2F06%2Ffran-boloni-jSKjkV4Oc5Q-unsplash.jpg&signature=3140570aa1027f661a4fc4dff01d45c8,2020-06-02T16:58:56Z,
12,"{'id': 'cnn', 'name': 'CNN'}","Opinion by Peter Bergen, CNN National Security Analyst",Is Rick Bright's apocalyptic warning right?,"In prepared testimony for his appearance before the US House Energy and Commerce subcommittee on Health on Thursday, Rick Bright said he was removed as the director of the Biomedical Advanced Research and Development Authority because he was raising the alarm…",https://www.cnn.com/2020/05/14/opinions/is-rick-bright-right-bergen/index.html,https://cdn.cnn.com/cnnnext/dam/assets/200514055142-rick-bright-file-super-tease.jpg,2020-05-14T13:14:19Z,"Peter Bergen is CNN's national security analyst, a vice president at New America and a professor of practice at Arizona State University. He is the editor of the Coronavirus Daily Brief and author of the new book ""Trump and His Generals: The Cost of Chaos."" The opinions expressed here are his own. Read more opinion at CNN.
 (CNN)In prepared testimony for his appearance before the US House Energy and Commerce subcommittee on Health on Thursday, Rick Bright said he was removed as the director of the Biomedical Advanced Research and Development Authority because he was raising the alarm about the coronavirus early this year and also resisting pressure from the Trump administration to promote an ""unproven drug, hydroxychloroquine, to the American people without transparent information on the potential health risks."" 
Leaving aside the question of why exactly Bright was removed from his post at BARDA, he has certainly proven to be right about the antimalarial drug that President Donald Trump consistently promoted as a ""game changer"" and that also was touted by Fox News hosts and close Trump allies such as Rudy Giuliani. 
On Monday, a study of more than 1,400 COVID-19 patients in New York was published in the Journal of the American Medical Association, the largest such examination to date, which found that hydroxychloroquine gave no benefits to COVID-19 patients and instead significantly increased their risk of cardiac arrest. 
Monday's JAMA study followed a New England Journal of Medicine study that was published last week that concluded hydroxychloroquine neither helped nor harmed 1,376 patients who were admitted to New York-Presbyterian Columbia University Medical Center between March 7 to April 8. 
As a result of these studies, Dr. William Schaffner, an infectious disease expert said, ""The nail has virtually been put in the coffin of hydroxychloroquine."" 
In the advance version of his testimony for Thursday, Bright also made some dire predictions about what may lie ahead for the United States, testifying that, ""If we fail to develop a national coordinated response, based in science, I fear the pandemic will get far worse and be prolonged, causing unprecedented illness and fatalities ...Without clear planning and implementation of the steps that I and other experts have outlined, 2020 will be darkest winter in modern history."" 
That's a very gloomy prediction as it seems to suggest that more Americans could die of Covid-19 than the 675,000 who died during the 1918 flu pandemic.
Is Bright right? Maybe. A leading infectious disease expert Michael Osterholm at the University of Minnesota estimates that there could be as many as 800,000 Covid-19 deaths in the United States over the next 18 months. 
There are many reasons for believing that such a large death toll is a strong possibility, including the likelihood that the US will experience a ""second wave"" of Covid later in the year. 
Testing for the coronavirus in the US is also still far from where it should be. So far there have been almost 10 million tests conducted in the States, but that's only for around 3% of the population. 
A study from Harvard co-authored by New America CEO, my colleague Anne-Marie Slaughter, suggests we need 20 million tests a day by mid-summer to really safely open up the United States and re-mobilize the American economy. 
Meanwhile, the US has an anemic contact tracing effort unlike South Korea, which has had only 260 deaths. 
The US has a population more than six times larger than South Korea so, adjusted for population size, if the United States had a plan in place like South Korea's we might have on the order of around 1,700 Covid-19 deaths. Instead, the US has had over 84,000 deaths, the most in the world. 
Also, most American states that are now opening up are not adhering to federal guidelines about when that is sensible to do. 
And, so far, there is no effective treatment for Covid-19 except for remdesivir, which shortened recovery times by four days for seriously ill patients in a clinical trial compared to those who received a placebo, but the drug is in short supply. 
Meanwhile, accurate antibody tests are still a ways off and developing a widely available vaccine could take years. 
Bright is making some dire predictions, but in his prepared testimony he says he was right when he warned earlier this year that the coronavirus was likely to be a big problem and unless we have a coherent national response he may be right again about the winter of discontent that we may enter at the end of this year."
13,"{'id': 'mashable', 'name': 'Mashable'}",Sam Haysom,Emilia Clarke is launching a series of celebrity poetry readings on Instagram,"Like many people, Emilia Clarke is currently stuck at home in the midst of the coronavirus pandemic — and she's clearly been thinking hard about things she can work on while social distancing.
Well, it appears she's taken a leaf out of Sir Patrick Stewart's b…",https://mashable.com/article/emilia-clarke-poetry-readings-coronavirus/,https://mondrian.mashable.com/2020%252F04%252F29%252Fc0%252Fdb4dbbd41cbb4958861a6d392c5ba745.998f6.jpg%252F1200x630.jpg?signature=v41ejl2nKkj4wvWRwW5oV86XCyg=,2020-04-29T14:59:36Z,"Like many people, Emilia Clarke is currently stuck at home in the midst of the coronavirus pandemic and she's clearly been thinking hard about things she can work on while social distancing.
Well, it appears she's taken a leaf out of Sir Patrick Stewart's book, because she's gone down the poetry route.
""Hi everyone,"" says the former Game of Thrones star in a video shared to Instagram on Wednesday. ""So this is just a little introductory post to something that I've been putting together over this time that we've been experiencing, of COVID and isolation.""
Clarke's plan, as she goes on to explain, is to run a series of Instagram readings from a collection called The Poetry Pharmacy: Tried-and-True Prescriptions for the Heart, Mind and Soul. It's not specified who exactly will be reading, but Clarke's comment about ""talented performers"" suggests that some of her acting friends will likely be popping up.
Clarke kicks things off with a poem about loneliness, which she dedicates to brain injury survivors and the charity Same You (Clarke has suffered two aneurysms in the past, which she underwent surgery for while filming Game of Thrones).
You can watch her performance below.
""So that's it, that's my addition, and everyone else to follow will be someone much more talented than me, and with a lot more purpose,"" finishes Clarke. ""Stay safe everyone.""
SEE ALSO: New website offers quick mental health support during COVID-19
We'll be keeping an eye on Clarke's Instagram feed for more readings to come."
14,"{'id': 'mashable', 'name': 'Mashable'}",Tim Marcin,Twitter's trending section is an extra hellish minefield during the pandemic,"Even on its best day, Twitter's trending section wasn't exactly a stellar feature. 
Seemingly dropped from an unfeeling algorithm in the sky, the tab has nearly always been filled with out-of-context names, random nonsense-phrases from the president, and — oh…",https://mashable.com/article/twitter-trending-section-covid-19/,https://mondrian.mashable.com/2020%252F05%252F21%252F86%252Fe66a0d927187423f88cea256d4ccef72.1a424.jpg%252F1200x630.jpg?signature=yFaW5vv1n8pK-j_StTdo41So0F8=,2020-05-24T19:00:00Z,"Even on its best day, Twitter's trending section wasn't exactly a stellar feature. 
Seemingly dropped from an unfeeling algorithm in the sky, the tab has nearly always been filled with out-of-context names, random nonsense-phrases from the president, and oh yeah some lovely disinformation. 
But in the age of coronavirus, holy hell is it bad. Like bad bad. 
Every day, it's a new name entirely divorced from context. In a panic, you rush to see: Did they die!? Do they have the virus!?
Sometimes, you're rewarded with a phew. Other times, not so much. 
The other day Lizzo and Dave Grohl were both trending and I was like no way and yes, luckily, no way. But a couple of days ago it was Fred Willard and SHIT, NO, NO. 
Even as I wrote this, the retired basketball player Jermaine O'Neal trended and I wondered... did... did he get COVID? (No, it was the anniversary of an infamous NBA fight.) 
Remember the last bit of good news? I mean, truly good news and not... hey... maybe we'll have a vaccine... some... day. 
Yeah, me neither. 
The 'Jersey Shore' star didn't have coronavirus. People were just thirsting over a selfie.
Image: Tim Marcin / Mashable / Twitter
And maybe that's why Twitter's trending section seems especially hellish lately. All its worst features are amplified it is the exact wrong tool for the moment. 
Trending topics functions via an algorithm, which selects popular words, names, phrases whatever from the firehose of news and plops it down in front of you. When you assume the vast majority of the blast from that hose is gonna be shitty as in, our only news is bad news then damn if trending isn't just a panic attack waiting to happen. 
we need a separate ""this person didn't die"" trending section
 netw3rk (@netw3rk) May 11, 2020
I don't need a snippet of President Trump's latest press conference. But, at the very least, it would be nice to know why I'm seeing it without clicking into a flood of tweets that I then have to parse through. I don't need to see a beloved figure's name, looming and alone, and then have to click around to figure out what he hell is up. 
I thought the guitarist from The Who had died or had COVID. It was his birthday.
Image: Mashable / Tim Marcin / Twitter
COVID
I know this feels like a petty complaint. It is! And, to be fair, Twitter did add a tab for following COVID-19 news inside of trending topics, which I guess is nice for folks not tied to the news like yours truly. 
Trending was never great to begin with. It's never really given you a good picture of what's going on online that day. You couldn't even call it a snapshot. It's like staring through the backend of keyhole: it's a fuzzy, distorted image of what's happening. 
The trending section is easily flooded by things no one actually cares about internet flotsam or only tells one or two words of an important story. Every story is pretty damn important these days. Trending topics isn't helping."
15,"{'id': 'mashable', 'name': 'Mashable'}",Mark Kaufman,Partying Americans just got a reality check from the coronavirus,"On June 6, after over 100,000 Americans had already been killed by the new coronavirus, over a dozen friends went out to party at Lynch's Irish Pub in Jacksonville Beach, Fla., including (incredibly) a healthcare worker. Now, 16 of them have tested positive f…",https://mashable.com/article/coronavirus-us-bars-open-disease-spread/,https://mondrian.mashable.com/2020%252F06%252F16%252F11%252Fbdb8c16fbceb4a4198ee307c50756742.80ac4.png%252F1200x630.png?signature=m66csL-MWAb6V2MVnbK5ll3JOZQ=,2020-06-16T21:37:40Z,"On June 6, after over 100,000 Americans had already been killed by the new coronavirus, over a dozen friends went out to party at Lynch's Irish Pub in Jacksonville Beach, Fla., including (incredibly) a healthcare worker. Now, 16 of them have tested positive for COVID-19, reports the local news station News4Jax. Seven employees at the bar tested positive, too.
Doctors, virologists, epidemiologists, immunologists, nurses, and public health experts have emphasized incessantly that spending time in crowds particularly inside and without masks is a recipe for allowing the coronavirus to easily spread and blossom in a human population that has no immunity to this new pathogenic parasite.
Still, some Americans continue to ignore advice from experts who have spent decades researching infectious diseases. This is immensely problematic because the coronavirus isnt magically going away, even if some politicians hope it might. There is no vaccine or treatment for this relatively new disease, and there likely wont be, until at the very best, sometime in 2021. COVID-19 is substantially more deadly than the flu
, and can severely sicken young people, too.
I think we were careless and we went out into a public place when we should not have, Erika Crisp, a 40-year-old healthcare worker who tested positive for COVID-19, told News4Jax. And we were not wearing masks. I think we had a whole 'Out of sight, out of mind' mentality. The state opens back up and said everybody was fine, so we took advantage of that, Crisp said.
(Since reopening, coronavirus cases in Florida are starkly rising.)
Yes, it's a bummer that we cant live the same lives we lived five months ago. Most live, in-person concerts, for example, largely wont happen for at least a year. But this is the worst pandemic to occur in a century. Spending time in crowded indoor settings, drunk, and not wearing masks will inevitably result in more disease, particularly in states where infections are still smoldering. Think about how many respiratory droplets fly around bars. Sometimes, most everyone in your group will get infected and then bring that infection home. (Of course, bars aren't the only place where the coronavirus will spread: packed churches and private gatherings are repeated culprits, too).
This is a virus that we know is very happy to take advantage of people being careless, Dr. Vince Silenzio, an M.D. and professor at the Rutgers School of Public Health, told Mashable in May. 
If political leaders want to run experiments, that doesn't mean you have to be one of the guinea pigs, Silenzio added.
The Jacksonville healthcare worker, Crisp, partook in the states experiment and got some unsurprising results. But Crisp can now impart some knowledge to those on the fence about listening to pandemic experts: We should be wearing masks. We should be social distancing, Crisp told told News4Jax. It was too soon to open everything back up.
Some states showing rising new Covid cases and rising positivity rates, which is a concerning trend suggestive of expanding outbreaks. pic.twitter.com/Oa7iwcILkq
 Scott Gottlieb, MD (@ScottGottliebMD) June 15, 2020
Reopening isn't the problem. Reopening without a plan for how the outbreak will be controlled is the problem. Create the conditions of March, you will get the results of March.
 Caitlin Rivers, PhD (@cmyeaton) June 13, 2020
Here are some vital things to remember about the coronavirus pandemic going forward, perhaps for at least the next year:
The new coronavirus will be circulating in our communities for quite a while. To curb the spread, its up to us to make either informed decisions, or, unfortunately, decisions based on hope and ignorance (Crisp's group chose the latter). News4Jax reports that Lynch's Irish Pub, after temporarily closing following its prominent role in spreading disease, will be opening again next Tuesday."
16,"{'id': 'cnn', 'name': 'CNN'}","Ryan Prior, CNN",Time to stock your medicine cabinet for the pandemic,"Your medicine cabinet is your first stop in times of illness, and the coronavirus pandemic is good reason to stock it up with necessary supplies. Here's a list of what you can use to ensure your household's medicine chest is well-stocked.",https://www.cnn.com/2020/06/04/health/medicine-cabinet-pandemic-wellness/index.html,https://cdn.cnn.com/cnnnext/dam/assets/200528100224-medicine-cabinet-wellness-super-tease.jpg,2020-06-04T07:45:23Z,"(CNN)It could be a cabinet behind your mirror, a kitchen drawer or a first aid kit you carry in a backpack or in the car.
Your medicine cabinet is your first go-to in times of illness, and sometimes it gets a little bare. But we're in the midst of a global health crisis. And whether you get Covid-19 or not, it's important to be prepared.
We know, we know. Some of these may be a little obvious, but go ahead and actually check your supplies now. 
Let this be your friendly reminder toconfirm you do, in fact,have the basics. If not, add these to your shopping list. Like now.
Here's a list of what you can use to make sure your household's medicine chest is well-stocked for the length of the pandemic.
Do you think you have Covid-19? A fully stocked medicine cabinet can help you make an initial assessment.
""There are certain signs and symptoms that tip people off to whether they have Covid-19,"" said Dr. Gary LeRoy, the president of the American Academy of Family Physicians and an associate professor of family medicine at Wright State Universityin Dayton, Ohio.
Thermometer: Early on in the pandemic, pharmacy shelves had been emptiedin people's rush to buy thermometers and monitor possible fever symptoms.
A fever is a hallmark symptom of Covid-19, especially one reaching 100.4 degrees Fahrenheit or more, according to the USCenters for Disease Control and Prevention.
But also know how to use the thermometer right: Timing is everything. Check your temperature first, before you takeyour pain or fever reducer. ""These medicines artificially lower your temperature,"" LeRoy said. Once you know how bad your fever is, then take your medicine.
Doctors recommend using rectal thermometers for infants. For children and adults, a thermometer under the tongue works just fine.
More advanced no-contact infrared thermometers also have their virtues, especially by eliminating the need to physically touch a symptomatic person.
""Infrared thermometers are easy to use, but they are more expensive,"" LeRoy said.
Cough drops and cough syrup: These stalwarts of the home health arsenal are a good initial line of defense to help reduce the coughing symptoms that are a key indicatorof Covid-19.
Acetaminophen: It helps reduce the muscle ache pains associated with Covid-19 and other viruses, as well as fevers (again, check your or your child's temperature first before administering this pain and fever reliever).
Ibuprofen: This anti-inflammatory is also great for reducing pain and fevers. Use with caution, though, if you have gastrointestinal issues such as acid reflux, LeRoy said.
Antidiarrheals: Diarrhea is a symptom of Covid-19, and if it happens, make sure to hydrate aggressively, as it causes you to lose fluids.
For all of these medications, make sure to read the labels carefully to ensure youtake the right dosage.
The new additions everyone should have
Face masks or coverings: By now you should have a mask or a bandanna or scarf set aside to protect yourself when you're out and about. Keep your stock in your medicine cabinetand in handy places around the house, and also keep one in your car so you don't get caught out in public without one.
""You should also have extra masks for visitors to your house who don't have one,"" LeRoy said.
Make sure you've got a supply of face masks for your whole family. You might not be doing much flying this summer, but you can still keep in minda familiar line from flight attendants: Put on your mask before assisting others.We mean this literally.
Alcohol-based hand sanitizer and sanitizing wipes: Read the labels and try to focus on products thatcontain a base of 60% ormore of alcohol.
Latex gloves: You don't have to wear gloves if you're wiping down counters at home, but if you do, make sure you remove them properly.After you're done using them while cleaning or grocery shopping, remove them by sliding your finger in underneath their opening so you don't touch the exposed outer side with your bare hands.
Pulse oximeter (optional): Pulse oximeters are devices that measure the saturation ofoxygen in the body's red blood cells.Early on in the pandemic, the devices were selling out everywhere. Doctor's offices use medical-grade pulse oximeters when monitoring patients with specific conditions, such as emphysema.
At home, experts say the average person doesn't necessarily need a fancy device to measure blood oxygen levels. If shortness of breath is an issue, call your doctor.
""If the question is, 'Would it be a good early indicator if somebody has Covid-19 infection?', I would say probably not,"" said Dr. J. Randall Curtis, a professor of pulmonary and critical care medicine at the University of Washington in an interview in April.
And a recent study by scientists at the University of Oxford showed that many smartphone apps purporting to measure blood oxygen saturation were unreliable.
""It is not physically possible to measure SpO2 (oxygen saturation levels) using current smartphone technology,"" the authors concluded.
More general items are still key in the pandemic
You ought to be keeping a supply of general health itemsat home, too.
Some of the symptoms of Covid-19 mirror those of other conditions, particularly allergies.
Prescriptions: The CDC reports that the average American takes at least one prescription medication. The agency recommends keeping a seven- to 10-day supply, and storing them in childproof containers.
Antihistamines: Spring and summer mark allergy season, so if your symptoms feel a little better when you're not outside, youcould be suffering fromallergies. Ifthese antihistamines aren't clearing up coughing or congestion, that could be a sign that something else is causing your symptoms.
""If it's not getting better, don't just keep treating it,"" LeRoy said. ""Talk to your doctor.""
Decongestant: Congestion is a key feature of colds or the flu, and a decongestant is acornerstone of any medicine cabinet. A stuffy nose ison the list of symptoms of Covid-19, too, although it's not the most commonone. A report from the World Health Organization that analyzed the first 6,000 cases of Covid-19 in China noted that 5% of cases included nasal congestion.
Calamine lotion: It's a great standby if you're spending more time outdoors this summer and get exposed to poison ivy, poison oak or poison sumac.
Adhesive bandages: They're just as good now as when Johnson &amp; Johnson employee Earle Dickson invented Band-Aid strips in 1921 to help treat his wife's minor cuts in the kitchen. Any form of adhesive bandage or gauze pads will do.
Fine-tippped tweezers: Thesecan help address a number of issues, notably in removing ticks. If you're outdoors this summer and notice a tick on a friend or your own skin, you can follow the CDC's guidelines, grasping the tick close the skin, and then pulling it off with steady, gentle pressure.
Check expiration dates and dispose of medicine properly
Use the pandemic as motivation for an overall inventory check. As you're updating your stockpile, it's a greattimeto get rid of medications or other products past their use-by date. Besides avoiding a stomach ache or other complications, you'll be able to make room for new remedies.
You need to dispose of old prescription drugs carefully. The USEnvironmental Protection Agency strongly discourages people from flushing prescription or over-the-counter drugs down the toilet or drain and into the waterways unless the product's label specifically says it's OK.
Unused or expired prescription drugs can best be safely discarded by handing them off at a drug take-back site, location or program, according to the US Food and Drug Administration.
To find a drop-off locationin the United Sates, Google Maps offers a mobile-friendly way, directing you where to go. You can also type in your ZIP code through a Drug Enforcement Administration website to pull up a list of locationsthat will gladly take your leftover medicines.
Your home medicine cabinet is your first stop for routine scrapes or runny-nose symptoms. But it'sno substitute for sound medical advice.
The contents of your medicine cabinet are a ""tool, not a replacement for medical intervention or a conversation with your physician,"" LeRoy said.
During the pandemic, a large number of hospitals and doctor's offices are focusing on telehealth visits to help alleviate the need for in-person visits.
Pay close attention to how you're feeling. ""Chart what those symptoms are and then treat those symptoms,"" LeRoy said.
But before any of this gets out of hand, fulfill this homework assignment for us. 
Seriously, check your medicine cabinet.
Now add this to your to-do list: Replace those last few items that are missing. You'll be glad you did.
Jen Rose Smith, Sandee LaMotte, Susan Scutti and Harmeet Kaur contributed to this story."
17,"{'id': 'business-insider', 'name': 'Business Insider'}",Zachary Tracer,"Preventing blood clots is becoming a crucial part of caring for COVID-19 patients, both in the hospital and after they leave","<ul>
<li>As the coronavirus pandemic persists in the US, doctors are learning more about some of the harmful complications associated with COVID-19. </li>
<li>Treating blood clots in COVID-19 patients has become an integral part of how hospitals are taking ca…",https://www.businessinsider.com/blood-clotting-complications-are-showing-up-in-covid-19-patients-2020-5,https://i.insider.com/5eb19c023dac9a7c25204b68?width=1200&format=jpeg,2020-05-06T18:15:00Z,"New York hospitals learned a lot about COVID-19, the disease caused by the novel coronavirus, as the state has tackled the outbreak.
At times, the hospitals were overwhelmed with patients, many of whom died. It was a deadly month for the state.
As the coronavirus pandemic spread, infecting millions globally and killing hundreds of thousands, doctors have been forced to rapidly figure out how to treat it without a vaccine or medicines that cure it. They're still not sure of the best way to get oxygen into the damaged lungs of the most severely ill patients, for example. 
Maimonides Medical Center in Brooklyn approach to caring for patients with the disease, from treating blood clots to using ventilators, evolved, Dr. Patrick Borgen, the hospital's chief of surgery, told Business Insider. 
In particular, the emergence of blood clots as a severe complication related to COVID-19 has changed the way the hospital treats all COVID-19 patients from the minute they're hospitalized, Borgen said.
About a month ago, the complication wasn't even on the hospital's radar. 
""We began to understand just how much blood clotting was a part of the COVID story,"" Borgen said. 
 Maimonides chair of surgery Dr. Patrick Borgen
Lorraine Carita for Maimonides
Clots can wreak havoc on the body, traveling and blocking up veins, leading to strokes, heart attacks, kidney problems, lung problems, and more. They're common in hospitalized patients, but appear to be happening more frequently in COVID-19 patients severely ill with the disease. 
To counter that, Borgen said the hospital now keeps an even closer eye on them, using anticoagulation treatments to keep patients' blood from clotting throughout their hospital stay. The hospital is also discharging patients on blood-thinning medication, he said.
Hospitals around the country now are beginning to address clotting as a concern related to COVID-19.
Clotting complications appear to pop up in about 10% of all hospitalized COVID-19 cases, according to data seen by Dr. Mark Crowther, the chair of the department of medicine at McMaster University in Ontario, Canada and the treasurer of the American Society of Hematology.  
""There's absolutely no question that physicians really need to have blood clots on their radar screen,"" Crowther said. ""If you fail to consider it, you can get into trouble pretty quickly."" 
COVID-19's impact goes beyond the lungs
Dr. Ed Kuffner, an emergency-medicine physician by training, volunteered in the emergency room of NYC Health + Hospitals/Coney Island during the pandemic.
Kuffner, who's now the chief medical officer at Johnson &amp; Johnson's consumer companies, said caring for COVID-19 patients showed him that the disease did more than just impact a person's lungs.  
""I had in my head it was primarily if not exclusively a pulmonary disease,"" Kuffner said.
 Dr. Ed Kuffner outside NYC Health + Hospitals/Coney Island's emergency room.
Dr. Ed Kuffner
Over time, he realized that wasn't the case. Yes, a lot of the severe complications have to do with the lungs, but he saw it affecting all organs. For instance, over time he started putting patients on full anticoagulation doses when they came into the emergency room, rather than the lower preventive doses, Kuffner said. 
""I started to realize that what I went in thinking really wasn't the true extent of COVID-19,"" Kuffner.
In the case of COVID-19, where the risk of clotting appears to be higher than in a typical hospitalization, Crowther said he expects to see more hospitals prescribing preventive doses of blood thinners to more patients as they leave the hospital than they might otherwise. 
Crowther said there's evidence that providing blood thinners to patients after they leave the hospital on the whole lowers the risk of clotting incidents.
Never miss out on healthcare news. Subscribe to Dispensed, Business Insider's weekly newsletter on pharma, biotech, and healthcare.
Treating clotting complications in COVID-19 patients
In the absence of sturdy scientific evidence backing up whether one approach or another is best, doctors are debating the best way to treat the disease, especially in critically ill patients. Studies are ongoing on whether clot-busting drugs — typically used to treat strokes — are a better approach. 
Early on in the coronavirus outbreak, doctors in the US were hearing from colleagues in China about the virus' effects on the heart, Dr. Thomas Maddox, who serves as chair of the science and quality committee of the American College of Cardiology, told Business Insider in an April interview. 
The effects seemed to be related to both a viral invasion of the heart and to the stress of fighting the respiratory disease.
With COVID-19, doctors are also seeing blood clots occurring in the lungs and bodies of patients on ventilators, Dr. Greg Martin, a professor of pulmonary critical care at Emory University and president-elect of the Society of Critical Care Medicine, previously told Business Insider.
Other viruses can cause blood problems as well, Crowther noted. For instance, Ebola causes bleeding. 
Also, blood clots aren't uncommon in severely ill patients in intensive care units, or even in hospitalizations. While in the ICU, patients are typically on breathing support and sedated, which limits their ability to move as they heal. Staying still raises the risk of clots.
But the rate at which clots are popping up appears to be higher in critically ill COVID-19 patients. In a recent observational study, Dutch researchers reported that about one-third of the 184 coronavirus patients they observed in the intensive-care unit had a complication associated with a clot.
""We think it's one of the most important, if not the most important, issue with respect to monitoring sick hospitalized COVID-19 patients,"" Dr. Alex Spyropoulos, an expert on blood clots at Northwell Health in New York said in an April interview.
Clotting occurring outside the hospital
For now, most of the conversation is about what to do to prevent blood clot complications in hospitalized patients. 
But, researchers are wondering whether clotting complications are happening in milder COVID-19 cases that don't require a hospital stay. That's a question that's far from being answered, particularly given the lack of routine testing available. 
The other question is whether blood clots are causing problems after COVID-19 patients leave the hospital, leading to sudden deaths. Spyropolous said he's concerned about complications arising after patients are discharged.
In early autopsy data from Northwell, there appear to be major clotting events like a massive heart attack or lung clots in 40% of patients who have died after leaving the hospital, Business Insider previously reported.
Michael Reagan, a 49-year-old COVID-19 patient, told Business Insider he was recovering from the illness when doctors found blood clots in his lungs. After an overnight stay, Reagan was sent home with a prescription for a blood thinner.
""It feels like a toxin is in my body,"" Reagan told Business Insider in April.
Loading
Something is loading."
18,"{'id': 'business-insider', 'name': 'Business Insider'}",Connor Perrett,"6 Trump campaign staffers tested positive for COVID-19 ahead of Saturday rally, which experts have warned could be a superspreader event","<ul>
<li>Six staffers on the president's re-election campaign tested positive for COVID-19 ahead of his Saturday night rally in Tulsa, Oklahoma, the Trump campaign confirmed to Business Insider. </li>
<li>The staffers and people who had been in ""immediate con…",https://www.businessinsider.com/6-trump-campaign-staff-test-positive-for-covid-rally-2020-6,https://i.insider.com/5eee567a5af6cc521a50ae13?width=1200&format=jpeg,2020-06-20T18:50:20Z,"Six staffers on President Donald Trump's re-election campaign's advance team tested positive for COVID-19 ahead of his Saturday night rally in Tulsa, Oklahoma, the Trump campaign confirmed to Business Insider.
""Per safety protocols, campaign staff are tested for COVID-19 before events,"" Tim Murtaugh, the communications director for the Trump campaign told Business Insider. ""Six members of the advance team tested positive out of hundreds of tests performed, and quarantine procedures were immediately implemented.""
Murtaugh said that none of the positive staffers or anyone who had been in ""immediate contact"" would be at the rally or near attendees or elected officials. 
""As previously announced, all rally attendees are given temperature checks before going through security, at which point they are given wristbands, facemasks, and hand sanitizer,"" he said. 
Murtaugh did not say exactly when the six staffers tested positive or what their specific roles were on the campaign. The positive cases were first reported by NBC News' Kelly O'Donnell.
—Kelly O'Donnell (@KellyO) June 20, 2020
As Business Insider previously reported, health experts have warned the Saturday rally could be a COVID-19 superspreader event, which research suggests could be the culprit for a majority of COVID-19 cases. 
The president's own advisers reportedly expressed concerns about the rally at the venue that holds around 19,000 people, though the president and his campaign have pushed ahead with his first rally since the COVID-19 pandemic began. 
The BOK Center on Thursday said it requested a more detailed health and safety plan from the campaign, including how it planned to enforce social distancing, but it had not sent one to the venue as of Friday evening, NBC News reported.
Representatives for the BOK Center have not returned Business Insider's request for comment. The Trump Campaign has not returned numerous Business Insider requests about whether it had or would send such a written plan to the venue. 
On Saturday, Tulsa County reported 136 new coronavirus cases — the highest single-day total since the pandemic began, while the state health agency reported 331 new cases. On Thursday, the Oklahoma State Department of Health reported 450 new COVID-19 cases, breaking the state's all-time record set the day before.
Loading
Something is loading."
19,"{'id': 'the-next-web', 'name': 'The Next Web'}",Tristan Greene,Cannabis is more effective at preventing and treating COVID-19 than hydroxychloroquine,A team of scientists from Canada have identified at least 13 strains of cannabis sativa they believe can aid in the prevention and treatment of COVID-19. The President of the United States of America has spent the past few weeks touting a dangerous drug calle…,https://thenextweb.com/?p=1294010,https://img-cdn.tnwcdn.com/image/tnw?filter_last=1&fit=1280%2C640&url=https%3A%2F%2Fcdn0.tnwcdn.com%2Fwp-content%2Fblogs.dir%2F1%2Ffiles%2F2018%2F07%2Fweed_tech.jpg&signature=11dc065235b617ec4d798e4d1e8ba637,2020-05-22T18:43:01Z,"A team of scientists from Canada have identified at least 13 strains of cannabis sativa they believe can aid in the prevention and treatment of COVID-19.
The President of the United States of America has spent the past few weeks touting a dangerous drug called hydroxychloroquine as a prophylactic treatment for COVID-19. Unfortunately, the presidents expertise is in reality TV, not medicine. Severalstudies have shown that hydroxychloroquine, a drug designed to treat malaria, has dangerous side-effects when used to treat coronavirus, including death.
The quest for a COVID-19 drug that will both make Donald Trump and his friends in the pharmaceutical industry rich and not kill the people who take it has, so far, netted no results. But exciting government-sponsored research out of Canada seems to indicate a different approach is in order.
Per the teams research paper:
We have developed over 800 new Cannabis sativa lines and extracts and hypothesized that high-CBD C. sativa extracts may be used to modulate ACE2 expression in COVID-19 target tissues. Screening C. sativa extracts using artificial human 3D models of oral, airway, and intestinal tissues, we identified 13 high CBD C. sativa extracts that modulate ACE2 gene expression and ACE2 protein levels. Our initial data suggest that some C. sativa extract down-regulate serine protease TMPRSS2, another critical protein required for SARS-CoV2 entry into host cells.
What this means is the team has carefully developed several cannabis strains that have been experimentally shown to make it significantly more difficult for the SARS-CoV2 coronavirus to find a home inside of the tissue cells it latches onto in order to infect us with the COVID-19 disease.
It does not mean you should run out to your local dispensary and exhaust their sativa and CBD supply. The 13 strains cultivated by the researchers are almost certainly very different from whatever wacky-named strains youre going to purchase over the counter. But, if you must take an untested treatment, I recommend taking Canadas lead and legally imbibing cannabis instead of listening to the Trump administration.
[Read: Dont drink bleach]
A recent study led by Harvard Medical School professor Mandeep Mehra which looked at data from more than 96,000 COVID-19 patients, 15,000 of which had been treated with hydroxychloroquine, clearly showed that patients using the drug were at far greater risk for death than those who did not. Per a report from the Washington Post:
For those given hydroxychloroquine, there was a 34 percent increase in risk of mortality and a 137 percent increased risk of a serious heart arrhythmias. For those receiving hydroxychloroquine and an antibiotic the cocktail endorsed by Trump there was a 45 percent increased risk of death and a 411 percent increased risk of serious heart arrhythmias.
Those given chloroquine had a 37 percent increased risk of death and a 256 percent increased risk of serious heart arrhythmias. For those taking chloroquine and an antibiotic, there was a 37 percent increased risk of death and a 301 percent increased risk of serious heart arrhythmias.
Donald Trump recently told reporters and the US public that hed been taking hydroxycholoroquine as a preventative measure to ward off COVID-19. Excepting the fact he has a small financial stake in Plaquenil the drug name for hydroxycholoroquine if he really wants to prevent COVID-19 he should imbibe cannabis. Theres no peer-reviewed evidence showing itll work, but at least it wont kill him.
""I want the people of this nation to feel good. I don't want them being sick"" Trump claims the White House doctor signed off on him taking hydroxychloroquine, which he says he was inspired to start taking because of letters he received pic.twitter.com/R0oKn9XMpP
 Aaron Rupar (@atrupar) May 18, 2020
Not only has no one ever died from imbibing cannabis, it has clear medical benefits for the prevention and treatment of diseases ranging from viral infections to cancer. That, and he might be less of an asshole if he smoked a joint every now and again.
For more information on the cannabis study, check out the full pre-print research paper here. And if you want to know more about why nobody should use hydroxycholorquine to prevent or treat COVID-19, please read this important study.
Corona coverage
Read our daily coverage on how the tech industry is responding to the coronavirus and subscribe to our weekly newsletter Coronavirus in Context.
For tips and tricks on working remotely, check out our Growth Quarters articles here or follow us on Twitter."
