,source,author,title,description,url,urlToImage,publishedAt,content
0,"{'id': 'the-next-web', 'name': 'The Next Web'}",The Conversation,"Over a third of coronavirus patients show neurological symptoms, study reports","As case numbers of COVID-19 continue to rise around the world, we are starting to see an increasing number of reports of neurological symptoms. Some studies report that over a third of patients show neurological symptoms. In the vast majority of cases, COVID-…",https://thenextweb.com/?p=1288933,https://img-cdn.tnwcdn.com/image/tnw?filter_last=1&fit=1280%2C640&url=https%3A%2F%2Fcdn0.tnwcdn.com%2Fwp-content%2Fblogs.dir%2F1%2Ffiles%2F2020%2F04%2F1-39.jpg&signature=1057169a54872f8ecb2c7741b9e746c3,2020-04-30T09:58:14Z,"As case numbers of COVID-19 continue to rise around the world, we are starting to see an increasing number of reports of neurological symptoms. Some studies report that over a third of patients show neurological symptoms.
In the vast majority of cases, COVID-19 is a respiratory infection that causes fever, aches, tiredness, sore throat, cough, and, in more severe cases, shortness of breath and respiratory distress. Yet we now understand that COVID-19 can also infect cells outside of the respiratory tract and cause a wide range of symptoms from the gastrointestinal disease (diarrhea and nausea) to heart damage and blood clotting disorders. It appears that we have to add neurological symptoms to this list, too.
Several recent studies have identified the presence of neurological symptoms in COVID-19 cases. Some of these studies are case reports where symptoms are observed in individuals. Several reports have described COVID-19 patients suffering from GuillainBarré syndrome. GuillainBarré syndrome is a neurological disorder where the immune system responds to an infection and ends up mistakenly attacking nerve cells, resulting in muscle weakness and eventually paralysis.
Read: [A brief history of coronaviruses and why COVID-19 is different]
Other case studies have described severe COVID-19 encephalitis (brain inflammation and swelling) and stroke in healthy young people with otherwise mild COVID-19 symptoms.
Larger studies from China and France have also investigated the prevalence of neurological disorders in COVID-19 patients. These studies have shown that 36% of patients have neurological symptoms. Many of these symptoms were mild and include things like headaches or dizziness that could be caused by a robust immune response. Other more specific and severe symptoms were also seen and include loss of smell or taste, muscle weakness, stroke, seizure, and hallucinations.
Some people lose their sense of smell. Elipetit/Shutterstock
These symptoms are seen more often in severe cases, with estimates ranging from 46%to 84% of severe cases showing neurological symptoms. Changes in consciousness, such as disorientation, inattention, and movement disorders, were also seen in severe cases and found to persist after recovery.
Crossing the blood-brain barrier
SARS-CoV-2, the coronavirus that causes COVID-19, may cause neurological disorders by directly infecting the brain or as a result of the strong activation of the immune system.
Recent studies have found the novel coronavirus in the brains of fatal cases of COVID-19. It has also been suggested that infection of olfactory neurons in the nose may enable the virus to spread from the respiratory tract to the brain.
Cells in the human brain express the ACE2 protein on their surface. ACE2 is a protein involved in blood pressure regulation and is the receptor the virus uses to enter and infect cells. ACE2 is also found on endothelial cells that line blood vessels. Infection of endothelial cells may allow the virus to pass from the respiratory tract to the blood and then across the blood-brain barrier into the brain. Once in the brain, replication of the virus may cause neurological disorders.
SARS-CoV-2 infection also results in a very strong response by the immune system. This immune response may directly cause neurological disorders in the form of GuillainBarré syndrome. But brain inflammation might also indirectly cause neurological damage, such as through brain swelling. And its associated with though doesnt necessarily cause neurodegenerative diseases such as Alzheimers and Parkinsons.
Not unique, but still worrying
SARS-CoV-2 is not unique in being a respiratory virus that can also infect the brain. Influenza, measles, and respiratory syncytial viruses can all infect the brain or central nervous system and cause neurological disease.
Other coronaviruses have also been found to infect the brain and cause neurological disorders. The related seasonal coronavirus, HCoV-OC43, typically causes very mild respiratory symptoms but can also cause encephalitis in humans. Similarly, the coronavirus that causes Mers and the 2003 Sars virus can cause severe neurological disorders.
Respiratory viruses getting into the brain is thankfully a rare occurrence. But with millions of COVID-19 infections worldwide, there is the risk of significant neurological disease, especially in severe cases.
It is important to be aware of the possibility of neurological manifestations of COVID-19, both during acute illness as well as the possibility of long-term effects. This also highlights the continued importance of preventing viral transmission and identifying those who are and have been, infected.
This article is republished from The Conversation by Jeremy Rossman, Honorary Senior Lecturer in Virology and President of Research-Aid Networks, University of Kent under a Creative Commons license. Read the original article.
Corona coverage
Read our daily coverage on how the tech industry is responding to the coronavirus and subscribe to our weekly newsletter Coronavirus in Context.
For tips and tricks on working remotely, check out our Growth Quarters articles here or follow us on Twitter."
1,"{'id': 'business-insider', 'name': 'Business Insider'}",Kelly McLaughlin,A New Mexico city has closed its borders to outsiders after becoming a COVID-19 hotspot,"<ul>
<li>New Mexico Gov. Michelle Lujan Grisham closed all roads leading in and out of the city of Gallup to help prevent the spread of the novel coronavirus. </li>
<li>Gallup's McKinley County has a little under a third of all COVID-19 cases in the state. </…",https://www.businessinsider.com/gallup-new-mexico-roads-closed-because-of-covid-19-2020-5,https://i.insider.com/5ead98775785326a0b4d7904?width=1200&format=jpeg,2020-05-02T17:18:12Z,"New Mexico Gov. Michelle Lujan Grisham has closed all roads in and out of the city of Gallup after it became a COVID-19 hotspot.
Lujan Grisham said in a statement on Friday that roads leading in and out of Gallup, a city of about 22,000 people, would be closed from 5 p.m. to 8 a.m. daily to help prevent the spread of the novel coronavirus.
""Vehicles may only have a maximum of two individuals. Residents of the city should remain at home except for emergency outings and those essential for health, safety, and welfare,"" Lujan Grisham's office said in the press release.
Loading
Something is loading.
Lujan Grisham made the decision to block the roads following a request from Gallup's outgoing mayor Jackie McKinney and its new mayor, Louis Bonaguidi, who were concerned about a sharp increase in COVID-19 cases.
New Mexico has reported 3,513 COVID-19 cases and 131 deaths from the virus. Gallup's McKinley County has 1,064 of the positive COVID-19 cases, which is nearly a third of the state's total case count.
""The spread of this virus in McKinley County is frightful, and it shows that physical distancing has not occurred and is not occurring,"" Lujan Grisham said in a statement. ""The virus is running amok there. It must be stopped, and stricter measures are necessary. A problem in one part of our state, with a virus this dangerous and this contagious, is a problem for our entire state.""
Lujan Grisham has urged residents to stay home and socially distance.
""It is even more crucial for New Mexicans in the northwestern region. But what is happening in the northwest could happen in any part of our state. We must remain vigilant."""
2,"{'id': 'business-insider', 'name': 'Business Insider'}",Grace Panetta,A personal valet to President Trump has tested positive for COVID-19,"<ul>
<li>A member of the US Navy detailed to the White House who serves a personal valet to President Donald Trump has tested positive for COVID-19, CNN reported on Thursday.</li>
<li>The White House confirmed to CNN that the service member had tested positiv…",https://www.businessinsider.com/valet-to-president-trump-navy-member-tests-positive-for-covid-19-2020-5,https://i.insider.com/5eb4085642278d4c6c42f4ed?width=1200&format=jpeg,2020-05-07T15:15:20Z,"A member of the US Navy detailed to the White House who serves a personal valet to President Donald Trump has tested positive for COVID-19, CNN reported on Thursday.
The White House confirmed to CNN that the service member had tested positive and both Trump and Vice President Mike Pence had been tested again as a precaution, with both testing negative. 
""We were recently notified by the White House Medical Unit that a member of the United States Military, who works on the White House campus, has tested positive for Coronavirus,"" deputy White House press secretary Hogan Gidley said in a statement to CNN. ""The President and the Vice President have since tested negative for the virus and they remain in great health.""
CNN reported that Trump was ""upset"" when he learned of the valet testing positive, and that both he and Pence are tested weekly with Abbott rapid result test devices. 
Loading
Something is loading.
Also on Thursday, the Associated Press reported that Trump refuses to wear a mask or other face covering in public, which the CDC recommends to limit the spread of the novel coronavirus, because he fears it would make him look ""ridiculous"" and even risk his re-election chances. 
Throughout the coronavirus crisis, Pence has also frequently disregarded his own task force's and administration's guidance that Americans wear face coverings in public, receiving an avalanche of criticism for flouting the Mayo Clinic's requirement that all visitors wear masks in an April 28 visit to the clinic's Minnesota headquarters. 
In April, The New York Times reported that Pence felt he didn't need to wear a mask because he had been tested and was showing no symptoms. But as the newspaper noted, Pence could still contract the highly contagious novel coronavirus even though he's tested negative, or have a false negative test.
""When the face-covering guidelines were developed, it was with the intention to not only protect yourself, but primarily to protect others from asymptomatic spread,"" Katie Miller, Pence's spokeswoman, told The Times. ""Vice President Pence is negative for Covid-19 and is therefore not asymptomatic.""
Pence later stated that he should have worn a mask at the clinic, and he wore a mask at a subsequent tour of a GE factory producing ventilators in his home state of Indiana."
3,"{'id': 'business-insider', 'name': 'Business Insider'}",Charles Davis,ICE confirms the first known COVID-19 death of a detained immigrant,"<ul>
<li>Carlos Escobar-Mejia, an immigrant from El Salvador who came to the US in 1980, is the first confirmed case of someone dying from COVID-19 while in the custody of US immigration authorities.</li>
<li>Escobar-Mejia, who had hypertension and diabetes, …",https://www.businessinsider.com/ice-confirms-first-known-covid-19-death-of-detained-immigrant-2020-5,https://i.insider.com/5eb4ab00144192324d3cdad5?width=1200&format=jpeg,2020-05-08T04:27:20Z,"Carlos Escobar Mejia was just short of his 58th birthday when he, the youngest of five siblings who fled El Salvador's US-fueled civil war in the 1980s, became the first confirmed case of a person dying of COVID-19 while in the custody of US Immigration and Customs Enforcement.
ICE reported the death in a statement on Thursday.
""On May 6, Carlos Escobar Mejia was pronounced dead at 2:15 a.m. local time by medical professionals at the Paradise Valley Hospital in National City, California, where he had been hospitalized since April 24, after exhibiting COVID-19 related symptoms,"" the agency said.
Escobar-Mejia had been detained since January 10 at the Otay Mesa Detention Center near the US-Mexico border in San Diego. Run by the for-profit prison company CoreCivic, the facility has seen over 200 confirmed cases of COVID-19, according to records obtained by the San Diego Union-Tribune. The detention center had been called a ""death trap,"" by detainees who spoke to NBC last month.
On May 1, a federal judge ordered ICE to release people from the Otay Mesa Detention Center who stand a high risk of suffering serious consequences from contracting the coronavirus. The decision was the product of a lawsuit filed by the American Civil Liberties Union, which says the agency's first death should be a wake-up call.
""ICE detention is cruel, unnecessary, and fundamentally unfair. It should have never been a death sentence for Mr. Escobar Mejia, whose death in custody was entirely preventable,"" Monika Y. Langarica, immigrants' rights staff attorney at the ACLU of San Diego &amp; Imperial Counties, told Business Insider. ""Rather than justify its choice to continue unnecessarily detaining him during this pandemic, ICE should immediately turn its attention to releasing people in its custody to avoid needless repetition of this tragedy.""
ICE, in a statement, claimed it was working to prevent future such deaths, saying it has ""evaluated its detained population based upon the CDC's guidance."" It has released 900 people since March, the agency said, ""after evaluating their immigration history, criminal record, potential threat to public safety, flight risk, and national security concerns.""
Escobar Mejia, who had a three-decade-old conviction for a DUI, was not one of them.
""Instead of releasing Carlos from detention, when he was already medically vulnerable, ICE only acted when it had no choice because his health had deteriorated so significantly,"" Denise Bell, a researcher on refugee and migrant rights at Amnesty International, told Business Insider. ""ICE could act to ensure the health of people in its custody and care, but instead chooses to demonstrate reckless disregard for lives.""
ICE spokesperson Paige Hughes insisted that the agency did nothing wrong.
""Escobar Mejia was denied an immigration bond by an immigration judge on April 14 due to flight risk,"" Hughes told Business Insider. ""He was tested when he began showing symptoms April 24, and was hospitalized that same day.""
The agency reportedly knew upon admission that Escobar-Mejia suffered from hypertension and diabetes.
Bell rejected ICE's statement."" ICE had the authority to release him, and it chose not to,"" she said. ""Once again, instead of acting to protect people, ICE chose to stand by and do nothing.""
The deceased was arrested at the beginning of the year by immigration officers in Chula Vista while in a car with a friend.
""If that hadn't happened, my brother would be here with me,"" his sister, Rosa, told the Los Angeles Times. He was the only sibling who failed to obtain legal residency, she said.
In a statement, CoreCivic said it was ""deeply saddened"" by his passing. ""We extend our heartfelt sympathy to this individual's loved ones,"" the company said.
Have a news tip? Email this reporter: cdavis@insider.com"
4,"{'id': 'business-insider', 'name': 'Business Insider'}",Rosie Perper,New research suggests that cats may be 'silent intermediate' hosts of COVID-19,"<ul>
<li>New research published in the New England Journal of Medicine on Wednesday suggests that cats may be ""silent intermediate hosts"" of COVID-19, because they may not show symptoms that would be recognized by their owners.</li>
<li>According to the study…",https://www.businessinsider.com/research-suggests-cats-give-coronavirus-to-other-cats-asymptomatic-2020-5,https://i.insider.com/5ebc9a96204ad33b3a4c5642?width=1200&format=jpeg,2020-05-14T06:49:10Z,"New research published in the New England Journal of Medicine on Wednesday suggests that cats may be ""silent intermediate hosts"" of COVID-19, because they may not show symptoms that would be recognized by their owners. 
The research looked at ""limited airborne transmission"" of the virus between cats that had been administered with the virus and other cats without the virus who lived in the same household.
Three cats with no previous COVID-19 infection were inoculated with the virus and were paired with three virus-free cats in order to monitor if the virus could be spread to the healthy cats by direct transmission. Researchers took nasal and rectal swab specimens from the cats daily to test for the virus. 
The research found that within three days, the virus was detected in all the cats that were inoculated, and within eight days, all previously healthy cats had also tested positive for the virus. According to the report, virus shedding in the cats that were not inoculated lasted four to five days. 
Notably, none of the six cats in the study showed any symptoms, including changes in body temperature, weight loss, or eye disease. 
—NEJM (@NEJM) May 13, 2020
""There is a public health need to recognize and further investigate the potential chain of human-cat-human transmission,"" the researchers wrote in the report. 
Research conducted last month suggested that cats may be more susceptible to infection from the new coronavirus and may be able to spread it to other cats. Still, experts say most pets probably aren't at risk, and there's no evidence the virus can spread from pets to pet owners.
Still, there is some evidence that indicates that the new coronavirus may be able to spread from humans to felines.
Last month, the Bronx Zoo announced in a press statement that five of its tigers and three African lions tested positive for the new coronavirus after being infected ""by a staff person who was asymptomatically infected with the virus or before that person developed symptoms.""
The US Centers for Disease Control and Prevention and the US Department of Agriculture announced in a joint statement last month that the first confirmed cases of the virus in US pets were detected in two cats. The cats lived in separate households. 
Notably, no human members of the household where one of the cats lived were confirmed to have tested positive for COVID-19.
""The virus may have been transmitted to this cat by mildly ill or asymptomatic household members or through contact with an infected person outside its home,"" the statement said.
The owner of the second cat tested positive for COVID-19 before the pet showed signs of illness. 
Loading
Something is loading."
5,"{'id': 'business-insider', 'name': 'Business Insider'}",Grace Panetta,Dr. Anthony Fauci says there's 'virtually no chance' that COVID-19 will be eradicated,"<ul>
<li>Dr. Anthony Fauci said that there's little chance that the novel coronavirus, which causes the disease COVID-19, will be completely eradicated in an interview with NBC Sports.</li>
<li>Fauci said that with ""global travel, every single day, of literal…",https://www.businessinsider.com/fauci-theres-virtually-no-chance-covid-19-will-be-eradicated-2020-5,https://i.insider.com/5eb75143cdfd480e633ebf15?width=1200&format=jpeg,2020-05-11T18:19:32Z,"Dr. Anthony Fauci said that there's ""virtually no chance"" that the novel coronavirus, which causes the disease COVID-19, will be completely eradicated in an interview with NBC Sports football writer and columnist Peter King. 
While many sports fans are hopeful that the virus' will be controlled enough to hold a regular football season in the fall, Fauci warned that given how contagious the virus is and how easily it can be spread by people with no symptoms, the logistical hurdles to holding any kind of large-scale team sports will be immense. 
Fauci, the nation's top infectious disease expert, compared the novel coronavirus with the 2002 outbreak of Severe Acute Respiratory Syndrome, or SARS, a disease caused by another form coronavirus that is quite similar in genetic form to the novel coronavirus, but spread less quickly. 
""So, unlike the virus SARS, back in 2002, when we had an outbreak of about 8,000 people and close to 800 deaths, and then the virus just essentially petered out by good public health measures by the simple reason that it wasn't efficiently or effectively transmitted from one person to another,"" Fauci said.
As of Monday, there are over four million confirmed cases of COVID-19 worldwide, including 1.3 million cases in the United States. The death toll in the US is nearing 80,000 lives lost. And while some parts of the US are seeing case counts decline, the vast majority of states aren't testing nearly enough people per day to consider safely reopening for business, according to estimates from the Harvard Global Health Institute.
""It is so transmissible, and it is so widespread throughout the world, that even if our infections get well-controlled and go down dramatically during the summer, there is virtually no chance it will be eradicated,"" Fauci said of the novel coronavirus. 
Fauci told NBC that even if the US gets its case numbers under control and adopts effective mitigation measures, it'll be particularly difficult to stop the virus altogether once the US and the world start to resume regular international flights and other travel. 
""There will be infections in the Southern Hemisphere, in South Africa, in Argentina, places like that,"" Fauci said. ""And with the travel, the global travel, every single day, of literally hundreds of thousands of people coming into the United States every day from all over, there's no chance we're going to be virus-free.""
The coronavirus is both more contagious and more deadly than other viral illnesses like seasonal influenza, and a vaccine against it almost certainly won't be available by the time flu season comes around. While initial phase one vaccines are underway at a record pace, a deployable vaccine won't be able for another 12 to 18 months by the most optimistic estimates.  
In the absence of a vaccine, Fauci and other public health experts are advocating for mass testing at a far greater scale, a robust army of contact tracers to locate and stop outbreaks in their tracks, and selective isolation and quarantining for the sick. 
""Now, even if the virus goes down dramatically in June and July and August, as the virus starts returning in the fall, it would be in my mind, shame on us if we don't have in place all of the mechanisms to prevent it from blowing up again,"" Fauci added. ""In other words, enough testing to test everybody that needs to be tested. Enough testing so that when someone gets infected, you could immediately do contact tracing and isolation to prevent the infection from going to a couple of infections to hundreds of infections. That's how you control an outbreak.""
Loading
Something is loading."
6,"{'id': 'business-insider', 'name': 'Business Insider'}",Morgan McFall-Johnsen and Dave Mosher,The White House's new COVID-19 testing plan would take 4 years to test every American,"<ul>
<li>The Trump administration says it is prepared to send states enough COVID-19 diagnostic tests to screen 2% of their populations each month, CBS reported.</li>
<li>That plan is ""inadequate"" for reopening the economy, according to public-health expert D…",https://www.businessinsider.com/white-house-covid-19-testing-plan-four-years-inadequate-2020-4,https://i.insider.com/5ea899b838bf2346eb1d3fca?width=1200&format=jpeg,2020-04-28T22:05:00Z,"After the White House released a blueprint for state-level coronavirus testing programs on Monday, CBS News reported that the administration is prepared to send states enough diagnostic tests to screen 2% of their populations each month.
At that pace, it would take more than four years to test every American.
""This is a start but [the White House is] not yet serious about keeping [the] economy open,"" Dr. Ashish Jha, director of the Harvard Global Health Institute, said on Twitter. ""I don't get it.""
Experts agree that widespread testing is crucial in order to safely lift lockdowns across the US. Local health authorities must be able to test widely for COVID-19 in order to track the pathogen's spread through the population as people mingle and go back to work. That way, states, counties, and cities can isolate infected people and impose new restrictions if necessary to slow the virus's spread before cases overwhelm local hospitals.
But to hit that goal, the White House's new plan is ""inadequate,"" Jha said, noting that it could result in a disastrous surge in cases that would force another lockdown.
""If you're not testing and people are getting sick out there, then by the time they show up to your hospital, you have a huge wave coming and it's too late,"" he told Business Insider. ""That's what happened to us the first time.""
The White House plan could force another lockdown in 2 months
Healthcare workers walk outside NYU Langone Medical Center on 1st Avenue in Manhattan after people came to cheer and thank them, during the coronavirus outbreak in New York City, April 20, 2020.
Brendan McDermid/Reuters
To open the country quickly and safely (given current testing capacities) Jha has recommended a ""bare minimum"" of roughly half a million tests per day — enough for 4% of the US population each month.
Loading
Something is loading.
""I don't know, right now, how to get up to 10 to 20 million times a day,"" Jha said. ""With 500,000 to 700,000 a day, we have a shot of opening the economy and keeping it going for more than six weeks or two months. If we don't do this, we're going to basically find ourselves with large numbers of cases and having to shut down again in two to two-and-a-half months.""
The White House plan falls far short of that, providing only enough tests for roughly 200,000 Americans each day, and also does not provide a clear timeline or roadmap for exactly when testing would ramp up or how tests would get distributed to states.
Many states have their own testing infrastructure, but even assuming the White House tests were added to that existing capacity, it still wouldn't meet Jha's goal. The COVID Tracking Project reported that 1.5 million tests conducted nationwide last week — roughly 200,000 each day.
Plus, Jha said, even more testing will be needed in the early fall, when the virus could make a resurgence as flu season begins.
""If we go into the fall with 500,000 [daily tests], we're going to get crushed,"" he said. 
Still, he added, ""I am more optimistic we'll have 10 million tests a day in September than I am we'll have 500,000 tests a day in May.""
It will take more than testing to avoid a 'super costly' shutdown 
The Care19 mobile app, which the governors of North Dakota and South Dakota have asked residents to download to assist in contact tracing during the global outbreak of the coronavirus, April 24, 2020.
Paresh Dave/Reuters
Testing alone is not enough to protect the US from another disastrous surge in coronavirus cases. To contain new outbreaks, experts say, the country also needs an army of contact tracers to track down anyone who came into contact with an infected person. Those contacts must be informed of their exposure and self-isolate for 14 days.
""If all you're doing is testing, then you're just going to spot it getting worse and there's nothing you can do to stop it and cut off transmission,"" Jha said. ""So there it's not just how many tests you have, but what services you have to back up those tests.""
On Monday, a bipartisan group of public health experts wrote a letter to Congress proposing a $46.5 billion plan to safely reopen the economy. The plan emphasized three major spending areas: expanding the contract-tracing workforce, transforming vacant hotels into self-isolation facilities, and offering $50 a day to people who voluntarily self-isolate after coming into contact with an infected person.
Such measures could help prevent a future lockdown once the virus starts spreading again.
""It's going to be super costly over the long run to have to shut down again,"" Jha said. ""Don't shut down again. Don't find yourself in the same place that we found ourselves in a-month-and-a-half ago."""
7,"{'id': 'business-insider', 'name': 'Business Insider'}",Charlie Wood,YouTube finally deleted notorious conspiracy theorist David Icke's channel after he spread COVID-19 misinformation,"<ul>
<li>YouTube has finally deleted notorious conspiracy theorist David Icke's official channel, having repeatedly warned him not to violate its policies.</li>
<li>""YouTube has clear policies prohibiting any content that disputes the existence and transmissi…",https://www.businessinsider.com/youtube-david-icke-channel-2020-5,https://i.insider.com/5eb023af48d92c73890133e6?width=1200&format=jpeg,2020-05-04T14:21:59Z,"YouTube has finally deleted conspiracy theorist David Icke's official channel, having repeatedly warned him not to violate its policies.
We first saw the news via the BBC.
""YouTube has clear policies prohibiting any content that disputes the existence and transmission of Covid-19 as described by the WHO and the NHS,"" a YouTube spokeswoman told BBC News. 
Icke has spread misinformation for years via social and traditional media, and his YouTube channel had close to 1 million subscribers at the time of its deletion. The straw that broke the camel's back seems to have been Icke baselessly linking COVID-19 symptoms to 5G mobile networks, in violation of YouTube's policies. 
The 68-year-old has been an active conspiracy theorist for over two decades. Among other controversial views, he disputes accepted explanations regarding the cause of the 9/11 attacks. In 2018, Business Insider discovered that YouTube was pushing Icke's conspiracy theories to kids via its YouTube Kids app.
But his mainstream social media presence looks to be crumbling fast after Facebook removed his official page from its platform earlier this month.
The baseless notion that COVID-19 is caused by 5G mobile networks has gained traction internationally, with multiple phone masts across the UK – Icke's home country – being subjected to acts of vandalism in recent weeks. 
YouTube will still allow third-party content featuring Icke to remain on its platform.
YouTube did not immediately respond to Business Insider's request for comment.
Loading
Something is loading."
8,"{'id': 'business-insider', 'name': 'Business Insider'}",Charles Davis,California governor proposes closing 2 prisons in response to COVID-19,"<ul>
<li>California Gov. Gavin Newsom is proposing that the state close two prisons, in part due to a decline in tax revenue amid the pandemic.</li>
<li>Over 500 California prisoners currently have COVID-19. At least five have died.</li>
<li>""As we have seen,…",https://www.businessinsider.com/california-governor-closing-2-prisons-in-response-to-covid-19-2020-5,https://i.insider.com/5ebf2be03ad861344f47b183?width=1200&format=jpeg,2020-05-16T01:18:33Z,"Left-leaning activists for social justice do not, typically, have kind words for austerity, which brings to mind shuttered schools and trimmed welfare rolls. But when California Gov. Gavin Newsom outlined plans this week to slash the state's budget, citing a freefall in tax revenue due to the pandemic, there was qualified praise from some over his decision to cut funding for prisons.
California currently has over 117,000 people in its prisons, more than any other state except for Texas. But the number of incarcerated persons has been falling  — by 8% just this year — and that, the product of reduced sentences for drug crimes and efforts to address overcrowding, has meant the state is in a position to begin closing some of its prisons.
In January, Newsom, a Democrat, wanted to close one detention center. Now he wants to close two — and to do it fast. That will save money; according to the state's Legislative Analyst's Office, by more than $100 million per year. It could also save lives.
""As we have seen, jails and prisons have become petri dishes for this pandemic,"" state Rep. Sydney Kamlager, a Democrat from Los Angeles, told Business Insider. ""Closed quarters, lack of circulating air, and staff and vendors who are not regularly tested — and walk in and out — are recipes for public health disasters.""
At least five people have died from COVID-19 while incarcerated in a state prison, according to the California Department of Corrections and Rehabilitation; another 524 currently have caught the disease while behind bars.
Last month, Kamlager, who chairs the state committee on incarcerated women, told Business Insider that she hoped that efforts to reduce the prison population, in an effort to arrest the spread of the coronavirus, would extend beyond the current crisis.
Amber-Rose Howard, executive director of Californians United for a Responsible Budget, ""is excited to see the commitment from the governor to close prisons."" But her organization, a coalition of 70 activist groups that advocate cutting prison spending, says the governor's proposal is just a start.
""We believe that California can close five prisons in the next five years,"" Howard told Business Insider. In part, that can be achieved by accelerating early release, as California has started to do in response to the coronavirus. ""Over 20% of the prison population is over the age of 55,"" she noted. ""We need to see the state pushing for elder parole modifications that would release a larger population of people, who statistically have the least risk of contact with law enforcement after release.""
Newsom's proposal, which will require approval by California's Democratic-controlled legislature, already gestures at that, proposing to cut the maximum length of parole — and thus the chances one could be incarcerated over a parole violation — from five years to 24 months.
But with 34 prisons, and plans to close only two over the next three years, critics of mass incarceration see much room for improvement, from the governor granting clemency more often, to voters themselves overturning the state's notorious ""three strikes"" sentencing law. 
""I believe there is a better way,"" Rep. Kamlager commented. ""The current system is not it.""       
 Have a news tip? Email this reporter: cdavis@insider.com
Loading
Something is loading."
9,"{'id': 'business-insider', 'name': 'Business Insider'}",Ben Winck,Dow slides 391 points on reports Moderna's COVID-19 vaccine study lacked key data,"<ul>
<li>US indexes slid in late trading on Tuesday amid reports that Moderna's highly touted coronavirus vaccine study lacked key data.</li>
<li>It marked a reversal from the Dow Jones industrial average's 912-point surge on Monday after positive results fro…",https://www.businessinsider.com/stock-market-news-today-indexes-fall-moderna-vaccine-study-questioned-2020-5,https://i.insider.com/5ec42ec0aee6a870db4f3da8?width=1200&format=jpeg,2020-05-19T20:07:56Z,"US equities tumbled in the final hours of Tuesday trading as hopes for a coronavirus vaccine hit new obstacles.
Investors were treated to a bleak about-face from a positive report on Monday relating to Moderna's coronavirus vaccine candidate. STAT News said Tuesday afternoon that the biotech company's release lacked key data and left medical experts wanting. Moderna shares tumbled as much as 12% on the news after climbing 20% the prior day.
Trader also digested a glut of retail earnings. Walmart shares closed 2% lower despite an initial post-earnings pop. The company reported online sales surging 74% in its first quarter while physical sales jumped 10%. Home Depot slid 3% after the company missed quarterly profit expectations.
Here's where US indexes stood at the 4 p.m. ET market close on Tuesday:
Read more:Buy these 14 bank stocks that are jarringly cheap and propped for extreme moves higher, BTIG says
Meanwhile, oil continued to rally after a mid-day hiccup as contracts for June delivery approached expiration. West Texas Intermediate crude jumped as much as 5.1%, to $33.44 per barrel, before settling roughly 2% higher. Brent crude, the international benchmark, slid 0.4%, to $34.67 per barrel.
Still, the losses paled in comparison to the commodity's previous expiration-date moves. Contracts for May delivery famously plummeted below $0 per barrel on April 20 before expiring in the following session. The commodity market has since rebounded as producers have slashed pumping activity and demand has crept back in recovering regions.
Read more:BANK OF AMERICA: 5 main themes will shape the post-coronavirus investing landscape. Here are strategies for playing the winners and losers of each.
Federal Reserve Chair Jerome Powell testified in front of the Senate on Tuesday, reiterating his plans to use the ""full range of tools"" to keep the economy from collapse. He added that the central bank's $600 billion Main Street Lending Program and remaining initiatives will begin operations by June.
Despite the historic Fed and government relief spending, banks are preparing for a prolonged downturn. Bank of America CEO Brian Moynihan told Bloomberg TV he sees the economy taking until the end of 2021 to fully recover, but noted credit fallout hasn't been as bad as anticipated.
""We expect to see charge-offs coming later on, as this thing goes on, but the reality is right now you're not seeing the type of credit damage that you'd expect to see with this amount of downdraft in activity,"" he said.
Now read more markets coverage from Markets Insider and Business Insider:
Moderna will spike another 25% from current levels after encouraging progress on coronavirus vaccine, Goldman says
Fed's Powell says an economic recovery could take until the end of 2021 — but doesn't see a full-blown depression taking hold
A BlackRock money manager overseeing the top healthcare fund of the past 20 years pinpoints 3 growth areas she's betting on — and one she's avoiding amid the coronavirus recovery
Loading
Something is loading."
10,"{'id': 'business-insider', 'name': 'Business Insider'}",Charles Davis,Dr. Fauci says he's 'cautiously optimistic' about COVID-19 vaccine trials,"<ul>
<li>On Monday, pharmaceutical company Moderna announced encouraging results from its first human trial of a potential coronavirus vaccine.</li>
<li>""The question is: Was it immediately safe? Clearly it was,"" Dr. Anthony Fauci said of the prospective vacc…",https://www.businessinsider.com/fauci-cautiously-optimistic-about-covid-19-vaccine-trials-2020-5,https://i.insider.com/5ec72e794dca680ed368f173?width=1200&format=jpeg,2020-05-22T04:25:11Z,"Researchers developing a vaccine for the novel coronavirus have already achieved a milestone that has eluded colleagues working for decades on a vaccine for HIV, Dr. Anthony Fauci said Thursday.
Earlier this week, the biotech company Moderna, which has partnered with the National Institutes of Health, announced early findings from the first phase of trials for a COVID-19 vaccine, which was tested on 45 human volunteers.
The early results were encouraging: eight of those in the trial developed a specific type of antibody (a neutralizing antibody) that is associated with stopping the virus from infecting people. (As Fauci said, neutralizing antibodies bind to the ""business end of the virus and block its ability to infect."")
While acknowledging that vaccine development is still in early stages, Fauci, director of the National Institute on Allergy and Infectious Disease, noted to CNN that this result was not a given — and ""that's why I'm cautiously optimistic about it.""
""The question is: Was it immediately safe? Clearly, it was,"" Fauci said of the prospective vaccine. ""But, importantly, it induced the kind of response that you would predict would be protective against the virus.""
""It was really quite good news,"" he added.
Several companies are working to develop a preventative solution for the coronavirus. On Thursday, the US government agreed to pay British pharmaceutical giant AstraZeneca up to $1.2 billion to secure 300 million doses of its experimental vaccine.
The company began a trial of the drug in April involving 1,000 healthy volunteers, according to Reuters. Results are expected soon.
The US has struck a similar deal with Moderna, as well as Johnson &amp; Johnson, and French pharmaceutical company Sanofi.
Loading
Something is loading."
11,"{'id': 'business-insider', 'name': 'Business Insider'}",David Slotnick,Those little airport spa shops have a new service on their menus: COVID-19 tests (XSPA),"<ul>
<li>Airport mini-spa company XpresSpa will launch a pilot program offering COVID-19 testing at JFK Airport in New York.</li>
<li>The company said it's working with other airports to convert spa locations into testing centers.</li>
<li>Companies are scram…",https://www.businessinsider.com/xpresspa-coronavirus-testing-airports-trial-2020-5,https://i.insider.com/5ec8275f3f737079610bf616?width=1200&format=jpeg,2020-05-22T19:48:54Z,"XpresSpa can be a handy stop at the airport if you need to pick up a neck pillow, a pair of earplugs for a red-eye, or if you want 15 minutes in a massage chair.
Soon, it will have something else to offer: a COVID-19 test.
XpresSpa Group announced Friday that it would begin a pilot test of providing COVID-19 tests at JFK International Airport in New York. The company said it would launch a new brand — XpresCheck — which would operate under a subsidiary — XpresTest.
The initial pilot will take place in JFK's Terminal 4, which saw 21.8 million passengers in 2018, making it among the nation's busiest.
The company said that it would build a ""new modular constructed testing facility within the terminal,"" rather than using its spa location — all of the company's airport locations have been temporarily closed because of the pandemic.
Initially, tests will be available for airline and airport workers and contractors, as well as TSA officers and Customs and Border Patrol agents.
As governments, public health officials, and airline executives explore options for testing workers and passengers, part of a larger effort to bring travel demand back without risking further spreading the disease, companies have been scrambling to find ways to lever ege their existing airport infrastructure.
CLEAR, a biometric identification company that operates at numerous US airports and event venues, has also indicated that it was moving into the health screening arena. The company is introducing a product to link personal health information to verified IDs, allowing businesses to efficiently screen employees for COVID-19 before they return to workplaces.
CLEAR has not announced any imminent plans to bring the program to airports, although its existing framework and cooperation with the TSA at airport screening checkpoints would make it a likely candidate.
The TSA is also widely expected to begin performing temperature checks on passengers at airports.
XpresSpa said it was working with the Port Authority of New York and New Jersey — which manages the region's airports — to expand the pilot to additional locations, and that it was exploring converting airport spa shops to test sites in other regions.
It was not immediately clear whether the testing would be for active virus, or for antibodies from past infections, nor whether rapid results would be available.
Loading
Something is loading."
12,"{'id': 'business-insider', 'name': 'Business Insider'}",Saloni Sardana,Gilead slides 4% after COVID-19 drug shows limited benefit in moderately ill patients,"<ul>
<li>Gilead's stock fell 4% on Monday after a coronavirus drug trial showed mixed results in moderately ill people. </li>
<li>The company tested the drug in patients who received the treatment for both 5 days and 10 days. </li>
<li>Patients who received i…",https://markets.businessinsider.com/news/stocks/gilead-stock-falls-4-percent-coronavirus-drug-shows-limited-benefits-2020-6-1029269406,https://images.markets.businessinsider.com/image/5ed50a255af6cc04f16722b3-2400/2020-04-16t231834z2lynxmpeg3f2iortroptp4health-coronavirus-gilead-sciences.jpg,2020-06-01T16:03:00Z,"Associated Press
Shares in Gilead Sciences slipped 4% on Monday after a late-stage coronavirus drug trial showed that remdesivir had limited success treating moderately ill patients. 
The company said that remdesivir helped patients in the trial with ""moderate"" disease recover more quickly when they took it for five days but it had limited benefits for patients who took it for 10 days.
Gilead said patients in the group that received remdesivir for five days were 65% more likely to show signs of clinical improvement compared to those who got usual care, without receiving the drug.
Remdesivir has been tested as a treatment for patients with COVID-19. It has been authorized for emergency use by the US Food and Drug Administration (FDA) and has been approved for use in Japan. 
While Monday's results affirm that remdesivir does have some success in treating COVID-19 it may raise questions how beneficial it will be overall. 
Read more: BANK OF AMERICA: Buy these 13 under-the-radar tech stocks poised to outperform amid flaring China tensions and lasting pandemic damage
Earlier test results in April showed hospitalized, severely ill COVID-19 patients recovered 31% faster when taking remdesivir instead of a placebo, according to results released by the US National Institutes of Health.
Gilead Sciences said in a statement: ""We now have three randomized, controlled clinical trials demonstrating that remdesivir improved clinical outcomes by several different measures.""
""Today's results showed that when treating moderate disease, a five-day course of remdesivir led to greater clinical improvement than standard care, adding further evidence of remdesivir's benefit to previously released study results.""
Gilead's share price is up about 15% since the beginning of 2020. 
Read more: Famed economist David Rosenberg says investors are falling into a classic market trap that's historically preceded a further meltdown — and warns 'there's not going to be much of a recovery' 
Markets Insider"
13,"{'id': 'business-insider', 'name': 'Business Insider'}",Abby Narishkin and Steve Cameron,Why 1 million pigs could be euthanized due to COVID-19-related supply chain issues,"<ul>
<li>Beginning in April 2020, the US has been experiencing a meat shortage and unprecedented meat prices.</li>
<li>That's because COVID-19 outbreaks in at least 167 meat-processing plants forced almost 40 plants to close.</li>
<li>In an already compact in…",https://www.businessinsider.com/why-1-million-pigs-euthanized-covid-19-supply-chain-issues-2020-6,https://i.insider.com/5ef2607b988ee340a54604c6?width=1200&format=jpeg,2020-06-25T22:40:00Z,"Following is a full transcript of this video. 
Narrator: When coronavirus outbreaks shut down meat-processing plants across the US, animals headed here were suddenly stranded here.
Mike Patterson: As time has gone on and plants haven't been able to operate, that's created a big backlog of pigs.
Narrator: With nowhere to send their pigs, some farmers were forced to euthanize their herds. 
Jayson Lusk: You're literally talking about millions and millions of pigs that were intended to go to market but are still remaining on the farm.
 Narrator: The backup at farms led to record-breaking meat prices and cleared-out shelves. The US was in the midst of a meat shortage.
Anya Fernald: You start with the ethics of it, like, animals live and die to make your product, and then you get to the concentration of it. It's a pretty hairy beast.
Narrator: But why did this all happen? And how can we avoid it from happening in the future? America is the world's leading producer of beef and poultry. It's also one of the top producers of pork in the world. In the US alone, an estimated 9 billion animals are slaughtered a year.
In order to process all that meat, the industry is efficient and concentrated. Simply put, as many animals as possible move from the farm to the slaughterhouse as quickly as possible. When the system works, US meat prices are among the most affordable on the planet. But that efficiency becomes a problem in the face of COVID-19. For one, workers operate in tight quarters.
Lusk: They're in refrigerated environments with recirculating air. This was an environment in which COVID could apparently be spread easily from worker to worker.
Narrator: An estimated 25,000 meatpacking workers have contracted COVID-19. And outbreaks in 167 plants forced 38 in South Dakota, Minnesota, and Iowa to close. Since only a small number of plants handle most of the industry's meat...
Lusk: When any one of them closes, it has an impact on the entire industry.
Fernald: It's like the only store shut down in town and you can't get milk [laughs] if you're a farmer.
Lusk: By early May, beef and pork plants were running at about 40% below the processing volumes we saw just a year ago. So that's an enormous reduction in processing volumes and caused all kinds of disruptions.
Narrator: This has hit farmers like Mike hard.
Patterson: When COVID started really impacting the plants, our percentage of utilization of the plants just kind of kept going down and down and down. That's created a real backlog of pigs.
Narrator: Every year, Mike and his co-op send about 150,000 hogs to the Smithfield plant in Sioux Falls, South Dakota. But when COVID-19 closed that plant, they had nowhere to send their animals.
Patterson: We got our letter April 11 that the Smithfield plant was gonna be closed. Turned out to be four weeks that they didn't receive any hogs in Sioux Falls.
Narrator: Remember, the meat industry is streamlined to be exact.
Patterson: We're looking for a uniform end product. Last ones were 284. These might be... I think they're gonna be pretty close to that. It's real similar.
Narrator: All the pigs Mike, or any farmer, sends to a plant have to weigh about 280 pounds.
Lusk: If it gets above 300, 330 pounds, the plants are just not configured to take animals of that size.
Narrator: Mike tried to put them on a diet.
Patterson: Right now, it's just basically ground corn. There's some vitamins and minerals and salt in there. Now, usually we would have soybean meal, dried distillers grains from the ethanol process in there as well. But those feeds are more expensive, and we were trying to slow their growth. This diet should slow them down to about one pound a day, and usually they're gaining two, two and a half pounds a day at this stage.
Narrator: But even on a diet, they were growing beyond the 280-pound mark by the day. It was a no-win scenario. They had shipments of baby pigs still coming in from nursing farms. They were running out of space and feed. The current pigs were getting too fat, and factories were still closed.
Lusk: Last-case situation is unfortunately where farmers have to consider euthanizing some animals. Narrator: Combined, Mike's cooperative has had to euthanize over 3,400 pigs.
Patterson: About a half million dollars' worth.
Narrator: But Mike estimates if you add in the feed costs, the loss for his co-op is upwards of $1.5 million.
Lusk: I don't know that it's even possible to compare the economic losses to sort of the psychological impact that this has on producers. Neither one are positive. It's really kind of a double whammy, I think.
Narrator: The situation Mike's co-op faced was happening all over the country.
Lusk: So, one way to think about it is like this: In this country, we have a processing capacity of about 500,000 pigs per day.
Narrator: Remember, the industry was running at about 40% below capacity.
Lusk: If you do the math every day, that's an extra 200,000 pigs that were meant to go to market but instead stayed on the farm. So you do that for five days, which happened, that's a million extra pigs that were gonna go to market.
Narrator: After a couple of weeks, that's millions of pigs at risk of being euthanized. All of this is why consumers have seen higher meat prices and those empty shelves, which Jason estimates may stretch out for at least another six months.
Since mid-May, things have started getting better. Factories like Smithfield Sioux Falls have reopened with limited production and social-distancing measures. Euthanization of animals has slowed, and as a result, production and meat prices have started to stabilize.
But what can we do so this doesn't happen again? One option is to rely more on smaller, vertically integrated farms.
Fernald: When you see a piece of meat in the grocery store, it's typically been touched by 15 or 20 different types of companies, and all of those companies are hyper-specialized and they operate at a really efficient scale.
Narrator: That's Anya. She owns Belcampo Farms, a vertically integrated meat company out in Northern California.
Fernald: Our supply chain relies entirely on our own infrastructure. We own our own farms, our own slaughterhouse, and several direct-to-consumer businesses.
Narrator: Belcampo's home to 3,000 grass-fed organic cattle. They have 30,000 acres to roam and live seven to 10 times longer than conventional cattle. The slaughtering process is also slowed down, with only 50 to 60 animals processed a day in a slaughterhouse that Belcampo owns, just 20 minutes from the farm.
Fernald: I think of it as, like, intentional inefficiency.
Narrator: And because Belcampo exists outside of the normal meat industry...
Fernald: We're not reliant on the broader meat infrastructure. Since we have our own slaughterhouse that we've had extremely aggressive and proactive safety measures in, we have not had any issues.
Narrator: This also made it easier for Anya to start social-distancing measures in the plant before the CDC required it.
Fernald: We implemented mandatory temp checking and a questionnaire every day as of, like, March 18.
Narrator: Direct-to-consumer models could be another shake-up in the industry, cutting out distribution centers. Anya's e-commerce site saw unprecedented traffic, and her app delivering meat to homes in San Francisco and LA...
Fernald: Went from, like, 3,000 to 20,000 users in the past month.
Narrator: As for the bigger meat companies at the heart of this issue, Jayson has a few ideas. More medium-sized plants, for starters, so if one goes down, it doesn't take the whole supply chain with it.
Lusk: Even if you're one of the large processors, you may think about giving up some of that economies of scale to maybe reduce some risks.
Narrator: But Jayson says the most effective change would be:
Lusk: Automation.
Narrator: Robots don't get sick.
Lusk: It's just hard. We're not putting together car parts that are uniform in shape and size. Animals are different sizes, shapes, weights.
Narrator: But whether or not the meat industry will make any of these changes comes down to what the consumers demand and how much they're willing to pay for any real changes.
Fernald: That's been a choice we've been making with our wallets for years, where we love cheap protein. Are customers gonna pay up for a secure supply chain? And I think that the more we talk about it, the more people are gonna raise their hands and say, ""I'm opting out.""
Abby Narishkin: Hey, guys. My name's Abby, and I'm the producer on this video. One thing that came up in our reporting was whether or not this meat shortage would lead to more nonmeat purchases, like if you're at the grocery store and you go and get chicken but there isn't any, do you then turn to pick up soy nuggets? Let me know what you think in the comments below, and make sure to hit the subscribe button so you don't miss the next episode of ""Big Business.""
Loading
Something is loading."
14,"{'id': 'business-insider', 'name': 'Business Insider'}",Ben Winck,Dow climbs 400 points as COVID-19 drug hopes outweigh economic pain,"<ul>
<li>US equities soared on Wednesday as traders gained new hope from a successful coronavirus drug trial.</li>
<li>Gilead announced Wednesday morning its remdesivir compound succeeded in a key trial. Additional information on the study will be released la…",https://www.businessinsider.com/stock-market-news-today-indexes-coronavirus-drug-trial-gdp-slide-2020-4,https://images.markets.businessinsider.com/image/5ea9714ce61f347ca339a5c3-2000/trader.jpeg,2020-04-29T13:36:14Z,"Reuters
<ul><li>US equities soared on Wednesday as traders gained new hope from a successful coronavirus drug trial.</li><li>Gilead announced Wednesday morning its remdesivir compound succeeded in a key trial. Additional information on the study will be released later in the day.</li><li>Investors' optimism toward the positive drug news overshadowed a 4.8% contraction in US GDP through the first quarter. Economists expected the metric to slide 3.8%, according to Bloomberg data.</li><li>Watch major indexes update live here.</li></ul>
US stock indexes gained on Wednesday as traders shrugged off dismal economic data and instead focused on promising drug trial news out of Gilead.
The biotech firm revealed its leading coronavirus drug remdesivir succeeded in a key study, saying ""the trial has met its primary endpoint."" Additional information on the drug's performance is set to be revealed later in the day at a briefing. Markets have previously soared on such news as investors wait for a viable option to combat the coronavirus.
Gilead shares surged as much as 11% following the report's release. Trading was initially halted on the news.
Here's where major US indexes stood at 9:35 a.m. ET on Wednesday:
Read more:An expert tech investor beating 97% of his peers reveals the most important trends in his portfolio — and breaks out his top 3 stock picks for the next decade
The optimistic biotech news largely overshadowed dire updates to the nation's economic situation. US gross domestic product contracted by 4.8% in the first quarter, its worst decline since the financial crisis. Economists expected the metric to slide by 3.8%, according to Bloomberg data. The update officially ended the US's longest-ever economic expansion.
Wall Street is also looking to the Federal Reserve for any hints at how the US economic recovery may play out. The Federal Open Market Committee wraps up two days of meetings on Wednesday and may issue fresh guidance on the central bank's policy playbook.
Alphabet's post-earnings bounce further lifted indexes. The Google parent soared as much as 8% in early trading after revenue bested expectations. While CEO Sundar Pichai warned of a drastic slowdown in advertising sales, he praised YouTube and Google Cloud's revenue growth through the chaotic first quarter.
Oil retraced some losses posted earlier in the week, leaping 18% to $14.57 per barrel on Wednesday. Brent crude leaped 5% to $23.39 per barrel. The gains follow the American Petroleum Institute reportedly saying oil inventories increased by nearly 10 million barrels last week, falling below analysts' 12 million barrel estimate. The statement suggests storage demand may be waning after last week's market meltdown.
Earnings reports from Facebook, Tesla, and Microsoft are slated for release after the market close.
Now read more markets coverage from Markets Insider and Business Insider:
'Street estimates for Q1 are likely optimistic': Here's what 4 analysts expect when Facebook reports quarterly earnings
Companies are set to issue record debt for a 2nd straight month — and Bank of America says it's because the Fed 'solved' a looming credit crisis
Goldman Sachs says now is the time to buy energy stocks — and reveals 24 companies that it's betting will thrive in an economic recovery"
15,"{'id': 'business-insider', 'name': 'Business Insider'}",Anna Medaris Miller,South Dakota Governor demands Sioux tribes 'immediately' remove COVID-19 checkpoints because they interfere with traffic,"<ul>
<li>South Dakota Gov. Kristi Noem sent letters to two Sioux tribes May 8 demanding they remove all COVID-19 checkpoints within 48 hours or face legal action.  </li>
<li>The governor said the checkpoints interfere with traffic and were erected without con…",https://www.businessinsider.com/south-dakota-governor-demands-sioux-tribes-remove-covid-19-checkpoints-2020-5,https://i.insider.com/5eb7195d204ad37eb2371513?width=1200&format=jpeg,2020-05-09T21:44:40Z,"South Dakota Governor Kristi Noem is demanding two Sioux tribes remove COVID-19 checkpoints ""immediately"" because they interfere with traffic and were erected without consulting her office, the governor said in letters to the Cheyenne River Sioux Tribe and the Oglala Sioux Tribe on May 8. 
""We are strongest when we work together; this includes our battle against COVID-19,"" she said in a statement posted on her office's website. ""I request that the tribes immediately cease interfering with or regulating traffic on US and State Highways and remove all travel checkpoints.""
In the letters, also posted online, she said the checkpoints are out of compliance with an April 8 memorandum from the US Department of the Interior, which required tribes to consult and enter into an agreement with the state before restricting travel on state or US highways. 
""The State of South Dakota objects to tribal checkpoints on US and State Highways regardless of whether those checkpoints take into consideration the safety measures recommended by the SD DOT,"" Noem wrote in the letters. ""Safety recommendations do not constitute consultation and certainly do not equal agreement."" 
If the tribes don't remove the checkpoints within 48 hours, the state ""will take necessary legal action,"" Noem wrote.
Noem has a contentious history with the Native American community in her state. In early 2019, she led efforts to pass a state law targeting demonstrations by anti-oil pipeline activities. The Oglala Sioux tribe later told her she was unwelcome in the Pine Ridge Reservation, one of the largest reservations in the country, until she rescinded her support for such laws.  
Loading
Something is loading.
This Sept. 9, 2012, photo shows the entrance to the Pine Ridge Indian Reservation in South Dakota, land of the Oglaga Sioux Tribe.
Associated Press/Kristi Eaton
Both tribes have issued strict stay-at-home orders and curfews for their communities, although Noem has not issued such orders for the state, according to CNN. 
Residents of the Cheyenne River Sioux Tribe, for one, are allowed to leave for essential activities like going to doctor's appointments in areas not deemed COVID-19 hotspots, but first must fill out a health questionnaire and pass through a checkpoint, according to policies posted on its social media. They have to complete another form before returning. 
The checkpoints also filter non-residents, requiring them to fill out questionnaires before entering, which they can only do for essential activities. If they're coming from out of state or from a COVID-19 hotspot, they have to obtain a travel permit from the tribe's website.
It's unclear how the Oglala Sioux tribe's checkpoints operate. 
A spokesperson for the Cheyenne River Sioux Tribe told The Rapid City Journal the tribe has seen Noem's letter and given it to council members, but did not yet have a comment in response.
As of May 8, South Dakota had 3,145 confirmed COVID-19 cases and 31 deaths, with 169 cases of Covid-19 among Native Americans, according to the state health department."
16,"{'id': 'business-insider', 'name': 'Business Insider'}",Martin Coulter,How speculation around COVID-19 immunity passports sparked an arms race among digital ID startups,"<ul>
<li>As the COVID-19 pandemic keeps dozens of nations suspended in lockdown, immunity passports have been mooted as one way of bringing the crisis under control. </li>
<li>The basic idea of an immunity passport is to link an individual's identity with the…",https://www.businessinsider.com/coronavirus-immunity-passports-race-id-startups-yoti-onfido-2020-5,https://i.insider.com/5eb410df204ad35c7e6480cb?width=1200&format=jpeg,2020-05-08T07:01:00Z,"Prior the pandemic, the idea of issuing citizens with ""immunity passports"" to prove to authorities, employers and loved ones they weren't infected with a deadly disease would have sounded unhinged.
But as COVID-19 swept across the planet – so far infecting almost 4 million people and killing around 250,000 – governments everywhere have been forced to battle an invisible enemy, enforcing unprecedented curbs on civil liberties while reassessing the role of technology and their citizens' right to privacy. 
Among the tech solutions on the table are contact-tracing apps, which have been trialed with mixed results. These have highlighted a power struggle between governments and Big Tech, as Apple and Google put forward the building blocks of their own apps with strict privacy stipulations.
Another option being considered by some is nationwide rollouts of immunity passports.
The basic idea is to link a person's identity with their COVID-19 test status, potentially allowing people who have recovered from the virus to return to work and normal life.
Most solutions rely on some combination of facial recognition, ID documents like passports or driving licences, and the distribution of unique QR codes.
With all three elements in place, ID firms such as Yoti, Onfido and IDnow – all of which have held talks with the UK government – say their software will allow users to reliably provide their COVID-19 test results on the spot. 
But depending on who you're talking to, these passports are either a magic bullet with the potential to end lockdowns everywhere, or a naive fantasy. 
Last month, the World Health Organization warned there was ""not enough evidence"" to show they could be useful, in large part because there isn't enough evidence to show those who have recovered from the virus become immune.
If an individual needed to prove their health status – to the police or anyone else – that information would need to be unalterably linked to their identity.
COVID-19 could create a new market for ID startups
Hancock confirmed the UK government was 'looking into' immunity passports
Pippa Fowles/10 Downing Street/Handout via REUTERS
The global ID verification market was already set to be worth close to $13 billion by 2024, but calls for immunity passports or similar solutions around the world could boost that figure. 
Edgar Whitley, a professor at the London School of Economics, told Business Insider there could be ""significant demand"" for such solutions in the future. 
""Although there is no useful science behind immunity as of yet,"" he said. ""I suspect that if, or when, it works, there would be significant demand and the likely result will be that there will be multiple providers offering their services."" 
In the UK, health secretary Matt Hancock fired the starting pistol in the race for ID solutions in early April, when he confirmed officials were ""looking at"" immunity passports as one route out of lockdown in a government press briefing. 
Two weeks later, Business Insider revealed London-based ID firm Yoti and German competitor IDnow had been invited to discuss the practicalities of such a scheme. 
The idea of immunity is still controversial
Yoti released its alternative to so-called immunity passports
Yoti
Following talks with government insiders, however, Yoti CEO Robin Tombs reiterated the need for caution around the word ""immunity.""
""Scientists are still trying to figure out exactly how 'immune' a person is once they've recovered from this disease,"" he said.
""Our discussions with the goverment focused more on being able to tell when an individual had most recently been tested, for example, if you had negative results confirmed a day or two ago, rather than proving you're absolutely immune."" 
Yoti subsequently confirmed it had signed a preliminary agreement to provide its new solution to the Colombian soccer league, as part of an initiative to let players take part in matches behind closed doors. 
The firm went on to publish its designs for an alternative to immunity passports, a digital wallet allowing people to carry recent COVID-19 test results in their pocket, which could be presented before entering an office or boarding a flight. 
After consulting with a range of experts and academics, the firm also published a draft ""global code of practice"" for businesses offering to tie ID verification to test results. 
""Anyone who's had Yellow Fever immunity documentation will know it's a mandatory requirement for travel to certain countries,"" said Tombs. ""It was clear to us that knowing an individual's health status would be important.""
He added: ""Whilst governments are engaged, they have many issues to deal with.
""Many businesses and sports leagues, and we believe many among the general public, are thinking about how to stay safe once lockdown restrictions are lifted and people start to return to work."" 
Immunity passports could be useful one day
Onfido
Despite the lack of deep research done on COVID-19 immunity, highlighted by the WHO, the NHS, and Yoti, some companies have insisted their solutions will prove indispensable down the line. 
Husayn Kassai, CEO of ID startup Onfido, recently revealed he had been involved in talks with both the US and UK governments about the prospect of rolling out immunity passports. Speaking to Business Insider, Kassai insisted they would have a part to play in long-term exit strategies. 
""Of course, I realize we have yet to establish how long someone can be immune to the disease for,"" Kassai said. But when a deeper understanding of COVID-19 immunity is eventually established, he added, the value of an immunity passport ""would increase ... not decrease"".
""Having this system in place would mean us being able to react very quickly … So if the requirements change, we can immediately revoke a user's status, and ensure they know they need to be tested again,"" he said.
For Roger Tyrzyk, UK manager of Germany's IDnow, which has also held talks with the British government, it was clear a rise in demand for identity verification would come when Hancock signaled as much at his press conference.
""We knew then that something was coming over the horizon,"" he said. ""But our approach has always been to focus on how we can help the government now, and if there is any revenue to be made later, think about that then.""
He added: ""I think some companies have tried to say 'This is how it should be done', but it's important to remember we're not health experts or scientists. We verify people's IDs and that's what we should focus on.""
IDnow is set to publish its own set of proposals for immunity passports, submitted to the UK Science and Technology Committee, within the next two weeks.
But while the future of immunity passports remains clouded, with no clear indication of who will be asked to create them, there are signs of a more collaborative than combative effort. 
Tyrzyk confirmed the firm had held talks with iDenfy and another two ID startups, which he declined to name, about how they might collaborate on a shared system across borders.
Meanwhile, Tombs confirmed to Business Insider that Yoti had entered talks with ""a small number"" of ID startups to discuss making their solutions compatible with one another. 
""We're always open to working with the right strategic partners."" 
Loading
Something is loading."
17,"{'id': 'business-insider', 'name': 'Business Insider'}",Isaac Scher,"Almost 12,000 meatpacking and food plant workers have contracted COVID-19. At least 48 have died.","<ul>
<li>At least 11,496 factory workers in meatpacking and food plants have contracted the coronavirus, according to the Food and Environment Reporting Network.</li>
<li>An additional 48 workers have died of COVID-19.</li>
<li>Food workers across the country…",https://www.businessinsider.com/meatpacking-plants-12000-coronavirus-cases-48-deaths-2020-5,https://i.insider.com/5eb571cf5f726e576a160098?width=1200&format=jpeg,2020-05-08T16:21:01Z,"At least 11,946 meatpacking and food workers have tested positive for COVID-19, and at least 48 have died of it. 
The cases and deaths are spread across roughly two farms and 189 meat and processed food factories, according to the Food and Environment Reporting Network, or FERN.
The report comes amid increased attention towards the sanitation and social distancing measures taken at meat-processing facilities across the country amid the coronavirus pandemic. Many of the plants-turned-hotspots are owned by major industry players like Tyson Foods, Cargill, JBS, Hormel, Conagra, and Kraft Heinz. Employers have also seen an increase in strike activity since the pandemic began, as workers demand safer conditions and higher wages. 
On Wednesday, 20 workers at a poultry plant in South Carolina walked off the job for fear of viral exposure. Since March, workers have launched protests in Georgia, California, Iowa, Nebraska, and elsewhere.
Smithfield, a meatpacking corporation, reportedly did not initially give safety masks to its workers at one Wisconsin plant. 
One worker there was told that his request for a mask was declined because the company would ""have to do it for everyone else,"" The Intercept reported.
At least 22 meatpacking and food factories have temporarily closed their doors to stem an outbreak on the shop floor, FERN reported.
Loading
Something is loading.
Others, like a Smithfield factory in South Dakota, have recently opened up again, according to the Associated Press. 
On April 29, the top government regulator for worker safety announced it would not enforce coronavirus-related safety guidelines for the plants so long as they demonstrate ""good faith"" efforts to keep workers safe.
Employers are not required to track coronavirus cases among workers, per recent guidance, and does not require on-site inspections for worker complaints related to the virus. 
The Occupational Safety and Health Administration, known as OSHA, said that if the ""good faith"" condition is met, the Department of Labor will consider heading off worker lawsuits against their employers.
""Likewise, the Department of Labor will consider similar requests by workers if their employer has not taken steps in good faith to follow the Joint Meat Processing Guidance,"" OSHA added in the statement.
OSHA did not say what constituted a ""good faith"" effort to comply with its guidelines. The agency didn't respond to Business Insider's request for comment.
Democrats and Independents slammed the ""good faith"" guidance in a letter to Labor Secretary Eugene Scalia.
OSHA must ""ensure our nation's workers are meaningfully protected from COVID-19,"" said the letter, written by Democratic Sens. Patty Murray of Washington, Tammy Baldwin of Wisconsin, and Martin Heinrich of New Mexico.
OSHA must issue emergency temporary standards, enforceable protections for workers, and general guidance to employers for protecting their workers, said the letter, which was signed by 24 other Democrats and Independent Sens. Angus King of Maine and Bernie Sanders of Vermont."
18,"{'id': 'business-insider', 'name': 'Business Insider'}",Madeline Stone,Dentists and hair salons are adopting COVID-19 surcharges even after backlash in the restaurant industry,"<ul>
<li>Businesses including salons and dentist offices are starting to add a surcharge to customers' receipts in order to cover coronavirus-related costs. </li>
<li>Restaurants in various states across the country faced backlash after trying a similar strat…",https://www.businessinsider.com/dentists-hair-salons-add-covid-19-surcharges-after-restaurants-2020-5,https://i.insider.com/5ebd4d5f3dac9a5bbe2982a6?width=1200&format=jpeg,2020-05-26T18:19:36Z,"Salons, dentists, and other businesses are adopting a strategy that landed some restaurants in hot water earlier this month. 
Some of these businesses are adding surcharges to customers' bills to cover extra costs that are piling up as they reopen amid the coronavirus pandemic.
""The cost of reopening includes all the extra supplies that we need and all the cleaning supplies that we need,"" Rachel Gower, owner of Houston-based Upper Hand Salon, told local ABC affiliate KTRK. The salon is adding a $3 ""sanitation charge"" to guests' checks. 
She added: ""It's worth it! It's absolutely worth it!"" 
Similarly, some dentist's offices are adding a copay to help cover the cost of personal protective equipment, a cost that the American Dental Association is working to shift to insurance companies.
Restaurants across the country faced backlash from customers earlier in May after some instituted a ""COVID-19 surcharge"" in response to rising food prices, especially for meat products that have been affected by shutdowns of processing plants.
Kiko Japanese Steakhouse and Sushi Lounge in West Plains, Missouri, ultimately said it would remove surcharges and instead raise menu prices as its employees experienced harassment at the hands of frustrated customers. Photos of receipts showing the surcharge had circulated widely on social media. 
Citing a recent survey commissioned by American Express, CreditCards.com industry analyst Ted Rossman wrote that implementing a surcharge could have the unintended consequence of damaging a business' reputation and making customers feel unappreciated.
Businesses trying to keep the lights on amid the pandemic might be better off raising prices across the board, he wrote. 
""Whether we're talking COVID, health insurance, or credit cards, trying to raise revenue with an itemized surcharge is a turn-off for customers, and any short-term benefit to the merchant is greatly outweighed by the longer-term consequences of offending the people who pay the bills,"" Rossman wrote.
Loading
Something is loading."
19,"{'id': 'business-insider', 'name': 'Business Insider'}",Tyler Sonnemaker,Apple will reportedly provide optional COVID-19 tests for employees as they return to work (AAPL),"<ul>
<li>Apple will offer optional COVID-19 tests for employees as they return to the office, Bloomberg reported Thursday.</li>
<li>The company will also require temperature checks and masks, limit the number of people in crowded spaces, and keep many of its …",https://www.businessinsider.com/apple-provide-optional-covid-19-tests-employees-returning-work-report-2020-6,https://i.insider.com/5ed98632988ee339f24e7994?width=1200&format=jpeg,2020-06-05T00:14:43Z,"As Apple employees gradually begin returning to the office, they'll have the option to receive COVID-19 nasal swab tests when they show up for work, Bloomberg reported on Thursday.
The company will also require that employees have their temperature checked upon arrival, wear masks, and limit their numbers in confined places like elevators, according to Bloomberg. Apple will also make modifications to its headquarters in Cupertino, California, like keeping break-room kitchens closed and reconfiguring open-office floor plans.
Apple, which was one of the first major tech companies to halt employee travel and close retail stores as the coronavirus began to spread outside of China earlier this year, has also been one of the first to start bringing employees back into the office.
In mid-May, Bloomberg reported that Apple began a phased return-to-work approach, initially allowing some hardware and software engineers to resume working out of its headquarters several days per week.
Apple, with a focus on building hardware and a secretive culture that has reportedly made it difficult for employees to work remotely, has taken a starkly different approach than rivals like Google and Facebook, which are allowing their employees to work remote until the end of 2020 (or even indefinitely if they choose, in Facebook's case).
Other companies that are charting more aggressive timelines, including Amazon, have also started building up capacity to test employees. CEO Jeff Bezos told shareholders in April that the company is aiming to test all employees, and Business Insider reported in May that the company has begun a pilot program for warehouse workers.
Apple did not immediately respond to a request for comment on this story. 
Loading
Something is loading."
