,source,author,title,description,url,urlToImage,publishedAt,content
0,"{'id': 'business-insider', 'name': 'Business Insider'}",Mark Matousek,Carnival is laying off workers and cutting pay as COVID-19 freezes the cruise industry (CCL),"<ul>
<li>Carnival Corp. announced on Thursday a combination of layoffs, furloughs, and pay cuts.</li>
<li>The company said the moves will allow it to conserve hundreds of millions of dollars while its operations are shut down.</li>
<li>Carnival did not specif…",https://www.businessinsider.com/carnival-announced-layoffs-and-pay-cuts-amid-shutdown-2020-5,https://i.insider.com/5ebd4cae5f726e61581be792?width=1200&format=jpeg,2020-05-14T14:10:03Z,"Carnival Corp. said on Thursday that it would undergo a combination of layoffs, furloughs, and pay cuts to preserve cash amid a two-month shutdown caused by the spread of COVID-19. The moves are expected to save hundreds of millions of dollars, the company said in a press release.
Carnival did not immediately respond to a request for comment on the percentage of its workforce that would be affected or the exact amount of money it expects to save.
""Taking these extremely difficult employee actions involving our highly dedicated workforce is a very tough thing to do. Unfortunately, it's necessary, given the current low level of guest operations and to further endure this pause,"" Carnival CEO Arnold Donald said in the statement. ""We care deeply about all our employees and understanding the impact this is having on so many strengthens our resolve to do everything we can to return to operations when the time is right.""
Earlier this week, Carnival's UK division began a process that will end in layoffs and pay cuts in the coming months. Carnival had previously reduced pay for executives and some ship-based workers, though Donald told employees at the end of March that the company didn't intend to cut its workforce through the end of June.
The global spread of COVID-19 has shut down the cruise industry since March, after the disease infected passengers and crew members on a number of ships, including the Carnival-owned Diamond Princess, Ruby Princess, and Costa Luminosa. Carnival's two biggest competitors, Royal Caribbean Cruises and Norwegian Cruise Line Holdings, have also resorted to layoffs, furloughs, and pay cuts in recent months. Norwegian said earlier in May that it had significant doubts about its ability to survive the next year.
Carnival raised $6.4 billion in debt and equity in April, and Donald said that month that the company had enough money to survive a scenario in which it earns no revenue for the rest of this year. Carnival plans to return some ships to service in August.
Are you a current or recent employee of Carnival or another cruise company? Do you have an opinion on how your company or the industry as a whole has handled the coronavirus? Email this reporter at mmatousek@businessinsider.com. You can also reach out on Signal at 646-768-4712 or email this reporter's encrypted address at mmatousek@protonmail.com."
1,"{'id': 'business-insider', 'name': 'Business Insider'}",Aria Bendix,"New research offers details about the mysterious 'COVID toes' symptom — but raises questions, too","<ul>
<li>A new letter in the journal JAMA Dermatology asks dermatologists not to rule out the association between purple, swollen feet and coronavirus infections.</li>
<li>The symptom, known as ""COVID toes,"" has been identified among a number of coronavirus p…",https://www.businessinsider.com/covid-toes-purple-swollen-feet-linked-to-coronavirus-2020-6,https://i.insider.com/5ea1ad164bca63692d171b42?width=1200&format=jpeg,2020-06-27T13:25:00Z,"Dermatologists detected an usual symptom among coronavirus patients in April: purple, swollen toes that appeared frostbitten.
At the time, doctors weren't sure whether the condition — informally known as ""COVID toes"" — was an anomaly. But a growing number of coronavirus patients have displayed similar lesions over the last few months.
A Thursday editor's note in the journal JAMA Dermatology asked dermatologists to consider the link between the coronavirus and purple, swollen feet. 
""Its close temporal appearance with the COVID-19 pandemic suggests that the two are associated,"" Dr. Claudia Hernandez, a dermatologist at Rush University Medical Center in Chicago, and Dr. Anna Bruckner, a dermatologist at the University of Colorado School of Medicine, wrote. ""Dermatologists must be aware of the protean cutaneous findings that are possibly associated with COVID-19, even if our understanding of their origins remains incomplete.""
When doctors began observing the symptom in April, it appeared to be more common among younger, relatively healthy patients who showed few or no other symptoms. But a few Chinese studies in March identified lesions and purple toes among patients with severe infections as well. 
The lesions could be the product of general inflammation in the body or inflammation in the walls of the blood vessels — known as ""vasculitis."" They might also result from blood clots in skin vessels, or a combination of all three factors, Esther Freeman, a dermatologist at Massachusetts General Hospital, previously told Business Insider. 
Despite its name, ""COVID toes"" isn't considered an official COVID-19 symptom by the US Centers for Disease Control and Prevention. Much of what we know about the condition comes from a registry launched by The American Academy of Dermatology that tracks dermatological issues among coronavirus patients. Out of more than 200 submissions from healthcare providers in April, about half noted lesions on the hands or feet that resembled frostbite.
Spanish dermatologists also identified coronavirus infections in 29 out of 71 patients with purple, swollen toes in April. The doctors concluded that it was unlikely that something other than the coronavirus caused the symptom, given the timing and warm weather.
Other studies, however, have struggled to explain the phenomenon.
In a study published Thursday, doctors in Valencia, Spain, concluded that the coronavirus was not the cause of undiagnosed lesions among 20 hospitalized children in April. The patients didn't have any other coronavirus symptoms, and tested negative for both an active coronavirus infection and coronavirus antibodies. 
Another study, also published Thursday, found no evidence of coronavirus infection among 31 patients with inflamed, purple lesions in Brussels, Belgium, in April. The authors suggested that the symptoms resulted from ""lifestyle changes"" during quarantine, including more time spent in sedentary positions.
But dermatologists in Madrid found that ""COVID toes"" may occur later in the course of a coronavirus patient's illness — when that patient may no longer test positive for an active infection. On average, patients in their study developed skin lesions around nine days after their first coronavirus symptoms arrived.
For now, the link between ""COVID toes"" and coronavirus infections remains tenuous, but dermatologists stress that the association cannot be ruled out.
Loading
Something is loading."
2,"{'id': 'business-insider', 'name': 'Business Insider'}",Paul A. Eisenstein,"Major car shows have been struggling for years. But, COVID-19 may mean their ultimate demise.","<ul>
<li>The coronavirus pandemic threatens the future of traditional car shows as attendance dwindles and sponsorship weakens.</li>
<li>Car shows face competition as automotive manufacturers turn to the internet and off-site media previews to debut new vehic…",https://www.businessinsider.com/covid-19-threatens-destroy-car-shows-2020-6,https://i.insider.com/5ef2558cf0f419192301b09a?width=1200&format=jpeg,2020-06-27T16:17:26Z,"Last week would have been a big week in Motown, the North American International Auto Show opening its doors to the public for the first time since abandoning its traditional winter timetable in January 2019.
The move aimed to revitalize what long was considered one of the world's most important car shows, typically drawing over 700,000 visitors through its turnstiles while, in its heyday, as many as 70 new cars, trucks, crossovers and concepts would make their debut. The last few years saw sharp declines at NAIAS, however. What was once three hectic days of product debuts shrinking to barely five hours. Sponsors had hoped a new spring timetable, allowing the show to spread to surrounding park space, would give it a kick-start. But the pandemic forced cancellation of the debut event.
The Detroit auto show isn't the only one struggling. Attendance at the Frankfurt Motor Show, once the biggest global events, was so weak last year sponsors called it their last. Now, as the coronavirus scrubs most major public events, the question is whether car shows can survive the pandemic.
""The auto show was certainly on life support already,"" said Jeff Schuster, lead auto analyst with consultancy LMC Automotive. ""With the rolling cancellation of one show after another, the coronavirus may be speeding up their demise.""
This year may see only one significant global car show, February's gathering in Chicago. Since the last-minute decision to halt the Geneva Motor Show later that month one event after another has been scrubbed, including big shows in New York and Paris, and smaller gatherings around the world. The Los Angeles Auto Show, still on the books for November, is widely expected to postpone until 2021, say numerous industry planners, though there's been no formal announcement.
The coronavirus has hit everything from baseball games to amusement parks. But it's coming at a particularly tough time for car shows already struggling with weakening public attendance and declining industry support for much of the past decade.
Attendance at the Frankfurt Auto Show peaked at 931,000 in 2015, when there were so many new models debuts organizers scheduled two simultaneous news conferences every 20 minutes for 10 hours. Last fall, public turnout was 40% lower, while manufacturers including Alfa Romeo, Bentley, Ferrari, Infiniti, Jeep, Nissan, Tesla, and a half-dozen other brands skipped out entirely.
High costs are a major factor. Even the smallest stands in New York, Paris or Los Angeles ""will come in at $1 million, bare minimum,"" said Schuster, adding it's ""easy"" to get to $10 million, especially when a carmaker brings in a big name entertainer, as Mercedes-Benz often does.
Today, however, budgets are getting squeezed, and manufacturers want ways to get more for their dollars, said Mark Wakefield, head of AlixPartners' automotive practice. There also is more competition making classic car shows ""just not as useful.""
A major reason for Detroit's move to June was the emergence of January's Consumer Electronics Show in Las Vegas as the go-to place for automakers debuting increasingly high-tech products and digital features. This year, more than a dozen staged events at CES.
Automakers are turning to places like the Texas State Fair to reveal new trucks, such as the latest-generation Chevrolet Silverado, and the annual Pebble Beach Concours d'Elegance as a backdrop for new luxury products.
Then there's the internet which, this year has seen dozens of web debuts for products like the Honda Civic Type R, the Nissan Rogue, the Toyota Venza, Ford's F-150, and the Mercedes E-Class. 
Even when they do turn up at for traditional events like last November's Los Angeles Auto Show, many automakers have switched to off-site media previews. That not only can save money but give manufacturers more time with journalists who might otherwise have to run from one event to another every 20 minutes, explained a Volkswagen planner who asked not to be identified by name.
There's no question ""It's time for auto shows to make an adjustment,"" said Rod Alberts, executive director of the Detroit Auto Dealers Association, which sponsors the NAIAS. ""If shows learn to adapt, I think they'll stay around.""
The original plans for the 2020 event called for NAIAS to spread out from the confines of Detroit's TCF Center, setting up exhibits not only on the roof of the convention hall, but in the adjoining riverfront park land, ""something we couldn't do in winter,"" said Alberts.
The DADA also was setting up an off-site event for luxury brands, like Ferrari and Rolls-Royce, that otherwise saw little value in setting up stands at TCF Center. And, rather than stick with the traditional, static displays, automakers were invited to offer potential buyers short rides in some of their news products.
Auto shows are ""becoming more focused on how to get people into dealerships,"" said David Sloan, the president of the Chicago Auto Trade Association, which sponsors that city's event.
Organizers are wont to quote data showing car shows generate sales.
""In 2019, 72% of New York Auto Show attendees said they will buy or lease a new vehicle in the next 12 months, and 36% of them added brands to their consideration lists after visiting the Show,"" stated a May release by organizers of the 120-year-old event.
But such numbers are being greeted with increasing skepticism, especially as manufacturers experiment with alternatives they feel are proving at least as effective at reaching and motivating potential buyers, said LMC Wakefield.
And the coronavirus pandemic will add impetus to a shift away from car shows, along with other large public gatherings, he said, adding that, ""We're expecting to see, post-coronavirus, a step-level change in people's comfort level with doing things online.""
Car shows won't go away entirely, Wakefield and other experts believe, but those that can't adapt to changing realities might fail, as did Frankfurt. Those that do survive are likely to be smaller, less lavish, and far more focused as they square off against others competing for the attention of potential car buyers.
Loading
Something is loading."
3,"{'id': 'business-insider', 'name': 'Business Insider'}",Kristen Lee,Volkswagen reopens German factory after longest closing in its history due to the COVID-19 pandemic,"<ul>
<li>Volkswagen has reopened its Wolfsburg plant after a March 18 closure because of the COVID-19 pandemic, reports CNN Business.</li>
<li>Production will slowly build following car demand and governmental regulations.</li>
<li>Employees will be subject t…",https://www.businessinsider.com/volkswagen-opens-factory-in-wolfsburg-germany-after-covid-19-closure-2020-4,https://i.insider.com/5ea86d5af242ab2ff84f8d69?width=1200&format=jpeg,2020-04-28T19:15:51Z,"On Monday, Volkswagen reopened its Wolfsburg, Germany, factory after it was forced to close because of the COVID-19 pandemic. The facility is one of the biggest auto-manufacturing plants in the world. The closure represented the longest it has ever experienced in its eight-plus-decade history.
In attempts not to endanger or risk the health of its hundreds of thousands or workers, the German automaker is making ""100 changes"" to the way its factories will operate as business resumes, reports CNN Business.
Production will build up gradually, according to the outlet, and follow closely to parts availability, government regulations, and car demand, which nosedived this year thanks to the pandemic. Volkswagen says it expects to build about 1,400 cars at the Wolfsburg plant this week. That number will go up to 6,000 cars next week, which is only about 40% of the plant's normal output.
Shifts will also be affected. Rather than the usual 20,000 workers, Volkswagen is restarting with one shift of 8,000 production line workers. They will see reduced hours in the beginning and changes in shifts so people coming in don't meet those exiting. 
It will be a massive undertaking. Per the story:
Workers will be expected to check their own temperature and change into their uniforms at home each morning, rather than on site. They will be asked to use elbows to open doors and walk in single file once inside, following markers on the floor to keep space between people.
Social distancing will be enforced during team meetings and over lunch breaks, with reduced seating in common areas and conference rooms converted into office spaces. Canteens will remain closed and workers asked to bring their own lunch. Water dispensers have been temporarily removed to reduce the likelihood of infection and air conditioners set to circulate as much fresh air as possible.
Tools will be disinfected after every shift and workers will no longer pass them to one another by hand, instead setting materials down in containers so that others can pick them up at a safe distance. Several hundred additional hand washing facilities are being installed throughout the plant.
There will also be more space between cars on the factory floor, with employees performing their jobs on the same car ""separately where possible."" If it isn't possible to stay five feet apart from each other, employees will need to wear masks.
Volkswagen also works with thousands of suppliers, and CNN reports it has brought over 40,000 of them up to speed on its 100-point safety plan. It notes that around 2,000 trucks would typically bring 21,000 raw materials and car parts to the Wolfsburg plant per day before the pandemic. 
With the new safety measures, delivery drivers will have to stay in their vehicles. The machines used to unload the cargo will be cleaned more often.
Volkwagen shut its Wolfsburg plant on March 18. The plant itself is among the largest in the world and covers 70 million square feet. In 2019, it produced around 700,000 cars, which breaks down to about 3,500 cars a day. It was opened in 1938 and currently employs about 63,000 people.
Ceasing production in Europe and the Americas during the pandemic reportedly cost the automaker $13 million an hour, or $2.2 billion per week.
Volkswagen did not immediately respond to Business Insider's requests for additional comment on the matter.
Loading
Something is loading."
4,"{'id': 'business-insider', 'name': 'Business Insider'}",Kate Taylor,Pepsi takes down 'dystopian' advertisement on a COVID-19 testing sign after being mocked on Twitter,"<ul>
<li>Pepsi faced mockery on Twitter after putting a large ad for soda on a COVID-19 testing site sign. </li>
<li>A PepsiCo representative told Business Insider the sign has been removed, calling it an ""unfortunate mistake."" </li>
<li>The snack and soda gi…",https://www.businessinsider.com/pepsi-takes-down-covid-19-testing-advertisement-after-mockery-2020-5,https://i.insider.com/5ec67c2cf0f4191e543d2085?width=1200&format=jpeg,2020-05-21T13:33:38Z,"Pepsi faced mockery online after putting a soda advertisement on the banner for a COVID-19 testing site.
""What absolute dystopian hell world are we living in,"" Twitter user Firr tweeted on Wednesday, along with a picture of the sign, which reads ""COVID-19 TESTING SITE, NEAR WALMART #908."" 
The sign also feature's PepsiCo's tagline: ""That's what I like."" 
—Firr (@Firr) May 20, 2020
The tweet quickly went viral, as others were quick to mock Pepsi for its bizarrely placed ad. 
—Eric Roston (@eroston) May 20, 2020
—Rob Sheridan, but from a safe distance (@rob_sheridan) May 21, 2020
—Dragoneer (@Dragoneer) May 20, 2020
A PepsiCo representative told Business Insider that the sign has since been taken down. 
""This was an unfortunate mistake by one of our local sales associates that in trying to move with speed to get this important testing message up did not follow proper approval protocols,"" PepsiCo said in a statement. 
Massive brands, including Pepsi, have been forced to revamp their marketing practices during the coronavirus pandemic.
The company's North America chief marketing officer, Greg Lyons, told Business Insider's Tanya Dua in a recent interview that in a recent 5,000 person survey the company found 80% of respondents want brands to revise the tone or style of their advertising during the pandemic. As a result, PepsiCo pulled campaigns such as #Summergram, which showed people going outside. 
""It would be tone-deaf right now if you got a bottle of Pepsi that said 'Suns out, Buns out,'"" Lyons said. ""[We] gave some people something to feel good about — in an authentic way — because Pepsi is part of a lot of restaurant experiences and we want to help those restaurants and those employees.""
Loading
Something is loading."
5,"{'id': 'business-insider', 'name': 'Business Insider'}",David Plotz,"New Zealand's four-day work week, and other economics experiments inspired by COVID-19","The COVID-19 pandemic, for better and mostly for worse, could turn out to be the greatest psychology, sociology, environmental, and public health experiment the world has ever known. 
Above all, it is an economic experiment. The sudden stop is testing every e…",https://www.businessinsider.com/new-zealand-four-day-work-week-experiment-pandemic-good-idea-2020-5,https://i.insider.com/5ea6a5124bca63732f7f0f88?width=1200&format=jpeg,2020-05-20T16:58:43Z,"The COVID-19 pandemic, for better and mostly for worse, could turn out to be the greatest psychology, sociology, environmental, and public health experiment the world has ever known. 
Business Insider
Above all, it is an economic experiment. The sudden stop is testing every econ department theory about global supply chains, fiscal and monetary policy, public confidence, and unemployment. Let's not let the opportunity go to waste. 
Lionized Prime Minister Jacinda Ardern yesterday recommended that New Zealand employers adopt a four-day work week. The long weekends would kickstart domestic tourism, reviving one of the most important sectors of the New Zealand economy. 
Great idea! Try it! Let's see what happens! 
The pandemic has prompted a vast array of policy experiments to protect jobs and incomes. The US has sent stimulus checks and subsidized small businesses. 
A lot of European countries are using government funds to pay furloughed workers. The US has increased unemployment pay to levels unimaginable before the crisis, and there are even conservative Republicans contemplating UBI-like income guarantees for workers. 
Almost every industry that can support working from home has switched to a working-from-home model, and some have already said they'll make it permanent. 
Work-sharing, in which employees cut hours, stay employed, and receive partial unemployment, was almost never practiced in the US before COVID-19, but now it's exploding in the 27 states that permit it. The city of Amsterdam is proposing to recover from pandemic by trying out a new, ecologically minded theory called ""doughnut economics.""
In short, the world is conducting a whole bunch of economic experiments all at once, in an effort to avert a lasting depression. It's incredibly exciting. 
Our job as citizens and our politicians' job as leaders is to learn from these experiments. As soon as the immediate crisis lifts, we'll be tempted to retreat back to our ideological hidey-holes: lower taxes, raise taxes, no deficit, don't reward laziness, etc. Let's fight that urge. 
Necessity has forced us to try policies we would have railed about three months ago. If they work--and let's hope some of them do--let's have the humility and honesty to admit it, and make them permanent.
A version of this post first appeared in ""Insider Today,"" a daily email written by Henry Blodget and David Plotz. To receive it in your inbox, please sign up here."
6,"{'id': 'business-insider', 'name': 'Business Insider'}",Charles Davis,"Texas is reopening its beaches this week, despite a rapidly rising death toll from COVID-19","<ul>
<li>Effective May 1, Texas beaches will be open to the public.</li>
<li>The decision was made by the Texas General Land Office, led by George P. Bush, son of former Florida Gov. Jeb Bush.</li>
<li>The reopening coincides with the expiration of Texas Gov.…",https://www.businessinsider.com/texas-reopening-beaches-may-1-despite-rising-death-toll-2020-4,https://i.insider.com/5eaa3bfd42278d2de176c6c4?width=1200&format=jpeg,2020-04-30T06:19:40Z,"Texas will be reopening its beaches on Friday, along with restaurants and movie theaters, despite a rising death toll from COVID-19.
In a decision announced April 29, the Texas General Land Office — headed by Commissioner George P. Bush, son of former Florida Gov. Jeb Bush — rescinded the ability of local governments to prohibit beach access, the Houston Chronicle reported.
The city of Galveston, home to some of the state's most popular coastline, noted the decision in a press release, stating that beaches would reopen May 1, ""with social distancing recommendations."" Beachgoers previously risked arrest.
The reopening coincides with the expiration of Texas Gov. Greg Abbott's shelter-in-place order, which is not being extended despite the spread of the coronavirus.
On April 28, Texas reported 42 new fatalities from COVID-19 — up from 26 a week before and 11 at the start of the month. Overall, at least 732 people have died from the coronavirus in the Lone Star State, which has confirmed just over 27,000 cases of the disease caused by the virus.
Texas' Republican leaders have long chafed against social distancing requirements. In March, Texas Lt. Gov. Dan Patrick suggested in an interview with Fox News that older people, who are at increased risk of dying from COVID-19, should accept the greater risk of mortality that comes with returning to business as usual.
""What I'm living in fear of is what's happening to this country,"" Patrick said. ""No one reached out to me and said, as a senior citizen, are you willing to take a chance on your survival in exchange for keeping the America that all America loves for your children and grandchildren? And if that's the exchange, I'm all in.""
Have a news tip? Email this reporter: cdavis@insider.com
Loading
Something is loading."
7,"{'id': 'business-insider', 'name': 'Business Insider'}",Kate Taylor,"People are furious at restaurants adding COVID-19 surcharges, as food prices skyrocket and businesses struggle","<ul>
<li>Restaurants are adding COVID-19 surcharges to combat rising meat prices during the coronavirus pandemic. </li>
<li>However, after facing backlash, some restaurants have been forced to remove the surcharges, with many raising menu prices instead. </li…",https://www.businessinsider.com/restaurants-covid-19-surcharges-spark-backlash-as-meat-costs-grow-2020-5,https://i.insider.com/5ebd4d5f3dac9a5bbe2982a6?width=1200&format=jpeg,2020-05-14T14:34:32Z,"Angry customers are complaining about restaurants adding COVID-19 surcharges. But, owners say they are simply trying to stay in business as food costs skyrocket. 
Earlier this week, a tweet showing the receipt from Kiko Japanese Steakhouse and Sushi Lounge in West Plains, Missouri, went viral after a customer noticed a ""COVID-19 surcharge."" Many responded with outrage, questioning why the coronavirus pandemic would lead to the restaurant adding on a 5% surcharge. 
—Talia (@talialikeitis) May 11, 2020
According to a post on Kiko's Facebook page, the outrage continued off-line. The restaurant owner wrote that employees had been harassed due to the photo of the receipt.  
""Please understand we are not doing this to take advantage of you guys!"" the post reads. ""We are doing this hoping we can adjust the surcharge weekly rather than just raise all of our prices on our menu due to increase prices from our supplier on meat, poultry, seafood &amp; produce.""
The post questioned why people were harassing Kiko workers when meat suppliers had raised prices due to the ""broken"" meat supply chain.
Meat plants have been forced to close due to COVID-19 outbreaks in recent weeks, causing prices to skyrocket. Fresh meat prices were up 8.1% at the end of April, and experts say prices could increase by an unprecedented 20% in the coming months. 
Kiko announced it would remove the surcharge, instead raising prices on all menu items. 
West Plains local news station KY3 reported that two other local restaurants, Ozark Cafe and Bootleggers BBQ, had also added 5% surcharges. While many customers told KY3 they were happy to pay, Buffalo BBQ announced earlier this week it was dropping the surcharge, instead choosing to raise prices. 
""We appreciate all of your support and understanding during this very unusual trying times!"" the restaurant posted on Facebook. ""Please remember we are all human, treat each other with decency and respect, and let's try to get along and get through this together!""
Purple Cow, a diner in Kingsport, Tennessee, also ended a surcharge on beef prices this week ""due to confusion."" After a burst of angry Facebook comments, the restaurant announced it would instead change the prices on individual menu items, apologizing for any inconvenience. 
Goog's Pub and Grub in Holland, Michigan wrote on Facebook that it has seen remarkable support since adding a $1 ""COVID charge,"" to counteract sky-rocketing beef prices. An Instagram photo, spotted by NBC's Today show, appears to show a $1 carne asada surcharge at Ramberto's in San Diego. 
Loading
Something is loading."
8,"{'id': 'business-insider', 'name': 'Business Insider'}",Hayley Peterson,Walmart is considering testing its employees for the novel coronavirus and COVID-19 antibodies,"<ul>
<li>Walmart CEO Doug McMillon said Tuesday that the company is considering COVID-19 diagnostic and antibody testing for its employees.</li>
<li>Amazon has said it expects to spend $1 billion in 2020 to develop employee testing.</li>
<li>Walmart spent nea…",https://www.businessinsider.com/walmart-considers-testing-employees-for-covid-19-and-antibodies-2020-5,https://i.insider.com/5e8dab41d5873a1f133971e5?width=1200&format=jpeg,2020-05-19T16:38:12Z,"Walmart CEO Doug McMillon said Tuesday that the company is considering implementing employee testing for the novel coronavirus.
Walmart's testing approach could include diagnostic tests to confirm COVID-19 infections in employees, as well as antibody testing to determine whether employees had ever contracted the illness.
""We're pursuing strategies in testing associates for the virus, including in the longer term, antibody testing,"" McMillon said during a call with analysts. 
He said Walmart has a team dedicated to determining its testing approach. 
""We've got a team involved in trying to sort out what kind of testing approach we're going to take, both diagnostic and antibody testing, as we all try to keep people safe,"" he said. 
Widespread testing could be costly for Walmart, which has more than 2.2 million employees worldwide, including more than 1.5 million in the US. 
Amazon has said it expects to spend $1 billion in 2020 to develop employee testing. The company is developing a testing lab and assembled a team of researchers, engineers, and procurement specialists dedicated to building its testing capacity. 
Amazon has also said it plans to spend at least $4 billion on coronavirus-related expenses.
""Under normal circumstances, in this coming Q2, we'd expect to make some $4 billion or more in operating profit,"" Amazon CEO Jeff Bezos said this month. ""But these aren't normal circumstances. Instead, we expect to spend the entirety of that $4 billion, and perhaps a bit more, on COVID-related expenses getting products to customers and keeping employees safe.""
In response to an analyst's question about Amazon's testing cost estimates, McMillon said, ""Some of those investment numbers that have been mentioned I think anticipate paying per test a fairly high number for a lot of people and a lot of tests. That's one of the areas that we are looking at.""
He didn't provide specifics on testing costs for Walmart.
Walmart said it spent about $900 million in coronavirus-related costs in the first quarter, and that most of that investment was spent on employee bonuses and expanded benefits. 
Walmart has announced two rounds of pandemic-related bonuses for its US hourly employees, which collectively cost the company about $755 million. Walmart has also hired more than 235,000 additional US workers since March."
9,"{'id': 'business-insider', 'name': 'Business Insider'}",Mary Meisenzahl,WHO announces it will temporarily suspend hydroxychloroquine trials for COVID-19 treatment,"<ul>
<li>The World Health Organization announced a pause in hydroxychloroquine trials at a Monday press conference.</li>
<li>The steering committee of the study met over the weekend and agreed to suspend enrollment while gathering data about the safety and ef…",https://www.businessinsider.com/who-temporarily-suspends-hydroxychloroquine-covid-19-trials-2020-5,https://i.insider.com/5eca84cb3ad8610f56098815?width=1200&format=jpeg,2020-05-25T17:21:30Z,"The World Health Organization will temporarily suspend enrollment in hydroxychloroquine trials in a study of four treatment options for COVID-19, the WHO announced Monday in a press conference. 
The drug is part of the ""Solidarity"" international clinical trial sponsored by the WHO in 17 countries, with others expressing interest. Chief Scientist Dr. Soumya Swaminathan explained that the trial is overseen by a board of experts and an independent data safety monitor. The steering committee met over the weekend and decided in light of uncertainty about the drug, that they should ""err on the side of caution and suspend enrollment into the hydroxychloroquine arm"" of the trial, Dr. Swaminathan said. 
The new plan is for the board to look into data from the trial so far, and continue to gather evidence on efficacy and safety of the drug. Dr. Swaminathan emphasized the importance of continued well-conducted studies in large enough numbers to reliably answer those questions. The WHO wants to use hydroxychloroquine if it reduces mortality rates and lengths of hospital stays, she said. 
Officials in the press conference clarified that this is only a temporary measure, and the board will meet again in about two weeks to review the data. The process is standard practice, and if no danger is found randomized use will continue, Executive Director Dr. Michael Ryan said.
A pharmacy tech holds a pill of Hydroxychloroquine at Rock Canyon Pharmacy in Provo, Utah, on May 20, 2020.
GEORGE FREY/AFP via Getty Images
Hydroxychloroquine, which was approved the FDA in 1955, has been used to treat rheumatoid arthritis, lupus, and malaria.
Last week, President Trump announced that he's taking the drug every day to possibly prevent COVID-19. In a letter, Trump's doctor said ""the potential benefit from treatment outweighed the relative risks."" The FDA says the general public shouldn't take the drug to treat or prevent COVID-19 outside of hospitals or monitored trials, because it can interact with common medications and cause irregular hearth rhythms. 
In the largest study so far on hydroxychloroquine 's effectiveness at treating COVID-19, patients who received the medication had a higher risk of death than those who did not. The study of more than 96,000 hospitalized patients was published in the journal The Lancet, and the study's authors couldn't find any noticeable benefits from the medication. The study wasn't definitive, though — it was observational, rather than a randomized controlled trial. 
Loading
Something is loading."
10,"{'id': 'business-insider', 'name': 'Business Insider'}","Bob Hunt, Justin Gmoser and Victoria Barranco",How we know the COVID-19 coronavirus wasn't made in a lab,"<ul>
<li>COVID-19 myths have spread just about as quickly as the disease itself.</li>
<li>One myth in particular just won't go away… that this coronavirus is a man-made bioweapon.</li>
<li> But by using the virus' genetic sequence scientists have been able to…",https://www.businessinsider.com/coronavirus-lab-manmade-myth-debunked-2020-6,https://i.insider.com/5edad04af34d0521ec387a65?width=1200&format=jpeg,2020-06-12T17:15:00Z,"Following is a transcript of the video.
Narrator: COVID-19 myths have spread just about as quickly as the disease itself, but one myth in particular just won't go away: that SARS-CoV-2, the virus that causes COVID-19, isn't naturally occurring and was actually manmade. In fact, one substantial survey found that almost 30% of Americans believe that this virus came from a lab.
But scientists believe that they can confidently say that the virus wasn't created by humans and the myth going around is nothing more than that, a myth. So how do they know with such certainty? The key is in the virus's genetic code. This is the genomic sequence for SARS-CoV-2.
It was decoded in January 2020, just weeks after the world started to learn of this novel coronavirus. Each of those letters is a genetic building block known as a nucleotide, and when built up, they form an organism's genetic code, which we can use to understand them. Each organism has a different code and a varying amount of nucleotides. A human has about three billion of them, whereas a virus, such as SARS-CoV-2 has about 30,000. Your genetic sequence can give information about your hair, eye color, sex, and lineage. And just like your genes give clues about who and where you come from, scientists can use a virus genome sequence to help explain where that virus originated as well. An ancestry test for viruses, if you will.
Robert Garry: We honed in on the parts of the virus that we thought were unique and that might play a role in the evolution of the virus, but also in the pathogenesis of it. And a couple of things stood out pretty quickly when we starting to compare with the other coronaviruses that have come before.
Narrator: That's Robert Garry, a professor of Microbiology and Immunology at Tulane University. Along with his colleagues, he used the virus sequence to try and understand where SARS-CoV-2 came from. They first looked at the virus's backbone. That's the whole genomic structure, unique to each virus, like a viral template. Simplified, the backbone for SARS-CoV-2 and its 30,000 nucleotides looks a little bit like this.
Each section is responsible for a part of the virus. For example, this one is responsible for the spike proteins you may have seen lining the virus shell. So it may not come as a surprise that to engineer a virus in a lab, you would need to start with a backbone. But to manufacture from scratch the backbone of a virus that can also cause disease is almost impossible.
Garry: I mean, people just don't know enough about what makes a virus pathogenic to be able to assemble that. How you pick amongst all the possibilities to get to that last little bit that's gonna turn it into this worldwide pathogen, which sequences do you think about to put in there?
Narrator: Simply, there is just not enough knowledge about how to make a new virus that would also cause significant devastation, like SARS-CoV-2 has. So creating a new, deadly backbone is pretty much impossible. But there is another way the novel coronavirus could have been created in a lab, and that would be using an existing virus backbone or genetic sequence as a starting point.
With a recycled backbone, two main methods could have been used to create the new virus. They could've either quickly mutated it, or added and deleted parts of the existing virus. But additions and deletions in a virus leave a trace that can be pointed out pretty quickly, a little bit like removing a red brick from a wall and replacing it with a black brick. This is exactly what Maciej Boni, an associate professor at Penn State, looked for.
Maciej Boni: You might see an insertion that looks unusual, and you look out in nature and you see that no other viruses have genetic insertions like that. We did not see any genetic insertions that are not also identified in nature. So there's no evidence suggesting that it was manmade or laboratory created somehow.
Narrator: So what if they went with the other option and mutated an existing virus? This is known as serial passage and acts in a similar way to selective breeding. Scientists are able to mimic evolution, to a degree. By forcing the virus to mutate over and over again into a potentially different form. This can be used to weaken a virus, which is how some vaccines have been made, or to strengthen a virus, say, by making it more transmissible.
But for this to work, the existing virus would have to show significant genetic similarity to the new virus. In fact, they would have to be almost identical. Because this process only speeds up viral evolution and has a limit, it's not possible to direct mutations into a completely different form. Yet Garry and his team found that the backbone for SARS-CoV-2 was strictly unique, differing significantly from other coronaviruses.
For example, SARS-CoV, the first SARS, has only about a 79% genetic sequence match to SARS-CoV-2. So it's ruled out. The best candidate is RaTG13, a bat coronavirus with a 96% gene sequence similarity.
Garry: Now, 96% sounds pretty close, but in genetic terms, that's actually a pretty long ways away.
Narrator: To put it in perspective, humans and chimpanzees share 99% of the same genome. And you may have noticed there's still a large difference between the two. For SARS-CoV-2 and RaTG13, that 4% is the difference of about 800 nucleotides, or about 50 years of natural evolution.
Garry: 800 is too big a barrier. You have something that was 99.5% or 99.7% similar, maybe only 20 or 30 nucleotides, you might get away with it, you might be able to manufacture that, doing it in the lab.
Narrator: But it just wouldn't be possible with current knowledge and existing viruses. There's also another part of the gene sequence that helped Garry and his colleagues learn about the natural origins of SARS CoV-2. In particular, this set of nucleotides in the gene sequence. You might remember those from earlier. They're responsible for the virus spike proteins, the pointy, claw-like arms lining the outside of the virus that give it its distinctive appearance, and coronaviruses their name.
Specific viruses, including coronaviruses, use these arms to enter and take over host cells. But this piece of the spike protein helped tell the researchers that this virus originated in nature. This set of nucleotides relates to the receptor binding domain, or RBD. That's the part that latches on to the receptors on targeted cells. As viruses can only survive when inside other cells, this is a vital section that you would have to focus on if you were to make a virus in a lab. Garry and his team found the RBD has evolved specifically to bind to the human cell ACE2, a receptor usually used to help regulate blood pressure.
But it's the way it so successfully binds to the ACE2 receptor that is crucial. You see, when a scientist tests what aspects would make a virus more potent, they run models through computer simulations. But when researchers put this sequence through those simulations, they found that SARS-CoV-2's RBD shouldn't be successful at all and would actually cause poor efficiency in transmission, which we know is not the case.
Garry: Yeah, by working in the lab or working with the computer, trying to figure it out, we just would not have come up with this particular way to have this virus bind to this receptor, a very important part of the whole replication process.
Narrator: In other words, if your goal was to make a virus to infect humans, you wouldn't have chosen this one.
Garry: Basically, what nature has done is come up with a solution for binding that is better than any computer and also way better than what any scientist could come up with.
Narrator: So we know why scientists confidently say SARS-CoV-2 wasn't made in a lab, but that's not the end of the story. It's also been rumored that SARS-CoV-2 was a known virus that was accidentally leaked from a lab. Now, we can't say for certain this isn't the case, but it's highly unlikely. For one, this virus wasn't sequenced before January 2020. And if it was, the world would know because the Wuhan Institute of Virology was specifically looking for something like this in order to protect the world from any outbreaks.
Garry: If they would have come up with a SARS coronavirus that was 76% similar to the original SARS one. I mean, they would have published that as fast as they could. That would have been, at least in the scientific world, very big news.
Narrator: But it's also just statistically highly unlikely.
Garry: So just out in nature there, literally billions of people that are having millions of encounters with these animals. And, you know, we're talking about a handful, a few dozen, maybe, in the whole world are scientists that go out and trap bats. So just on the odds of the thing, it's just a minuscule chance that it was this one scientist that accidentally infected himself in this very sophisticated laboratory setting.
Narrator: So SARS-CoV-2's origin is no longer a mystery. But where and how it jumped in nature, well, that's a question many are still trying to answer.
Loading
Something is loading."
11,"{'id': 'business-insider', 'name': 'Business Insider'}",Sponsor Post,6 ways small businesses can market themselves in a post-COVID-19 world,"<ul>
<li>Small businesses have been particularly affected by the COVID-19 pandemic and shutdown, but planning thoughtful messaging will help them stay connected with customers as the country is slowly opening up.</li>
<li>Consumers are eager and willing to su…",https://www.businessinsider.com/sc/small-businesses-marketing-covid-19-2020-6,https://i.insider.com/5ed689954dca6810ef263364?width=1200&format=jpeg,2020-06-26T14:30:00Z,"The COVID-19 shutdown has been challenging for businesses of all sizes, but small businesses have been hit particularly hard. More than 100,000 small businesses have permanently closed since the beginning of the shutdown, according to a recent study.
As states around the country begin the road to reopening, the good news for small businesses is that consumers ""will want to spend money on brands that they have been loyal to in the past and those that define their neighborhood or culture,"" says Sloane Humphrey, president and CEO of Powell Communications, a New York corporate public relations firm.
Consumers are open to receiving marketing messages from businesses, but they also want to know which efforts companies are taking to address COVID-19. ""Consumers aren't going to penalize businesses for marketing,"" says Kelty Logan, an associate professor at the College of Media, Communication, and Information at the University of Colorado Boulder. ""But they want evidence that businesses are doing the right thing and taking care of their people and taking care of us.""
Small businesses should feel comfortable reaching out to their customers and the larger community through email and social media — but they need to be thoughtful with their messaging to avoid alienating people during an unusually sensitive time. 
Here are some ways small businesses can effectively reach out to their customers in this new post-COVID-19 world. 
Use the right language
The most important thing to remember when crafting marketing messages during, and even following, a crisis is to strike the right tone. Customers want to hear how you're navigating the crisis, but they are also sensitive to any sign that you are attempting to exploit or profit from it. 
Proactive business move: For now, put overt sales messages aside and strive for an even, reassuring, and optimistic tone. If you've reopened, it's okay to send an email with a celebratory subject line like ""We're back!"" or ""Open for business!"" Then, use the body of the email to carefully explain what precautions you've taken: ""For now, we will be limiting in-store capacity to four customers at a time,"" or ""we are offering curbside pickup: here's how it works."" The key is to make sure you are giving customers the information they need to feel safe patronizing your business. 
In your first communications with customers, avoid overly pushy sales language, like a subject line advertising ""Big savings!"" But if you are running a sale or specials, it's fine to include those in the body. For example: ""To welcome you back, we are offering 30% off special items throughout the store."" 
Spread the word
If your company temporarily closed during the shutdown, it's important to let customers know that you've opened up again. Now, more than ever, letting people know that you're a part of their community and eager to provide a service could entice first-timers to give you a try. 
Proactive business move: Small businesses should consider implementing an email marketing program to remind customers that they are open for business — and to help identify new patrons. Square's email marketing tool allows you to design, send, and measure email campaigns quickly. 
When starting an email campaign, be mindful of how frequently you hit send. Emailing too often could annoy recipients, while emailing too infrequently could weaken your results. The rule of thumb is to respect your customer's inbox and email only when you have something to say. If your emails are always useful and informative, you will find customers much more eager to engage with them.
Offer reassurance
As Americans emerge from their homes, lingering fears of virus transmission will help determine where they choose to spend their time and money. All companies — particularly those with a physical location that is open to the public — need to let customers know which steps they are taking to keep them and their employees safe. 
Proactive business move: Use your social feeds and email communications to explain your new health and safety procedures. If you've recently implemented a contactless purchase system, like the one Square provides, advertise that your business has taken proactive steps to make your customer's experience more comfortable for them. Don't be afraid to share those messages widely, as they have an impact far beyond your customers.
Be social
In general, small businesses should be communicating regularly via their social feeds during this time, Humphrey says. ""Frequent updates via social media will be mission-critical,"" she says. That means friendly reminders like, ""we're still here"" and ""things will be different, but we're the same brand you remember."" It's a great way to let customers know you're open for business and be sure they keep your company top of mind as they venture out.
Proactive business move: When developing a social media content plan, it's best to think in terms of themes. For example, you could try to fit each of your posts into one of the following themes
<ul><li>Brand education: The basics about your business and what people need to know to do business with you.</li><li>Updates and announcements: Notes about new products or locations, expanded (or reduced) hours, and major staff changes. </li><li>Behind-the-scenes access: Photos or videos that give your customers a sneak peek into what makes your company unique. </li><li>Social good: Let your customers know about any charity or community work you or your staff are doing.</li><li>Redeemable offers: Coupon codes, limited-time offers, free shipping. </li></ul>Reward loyalty
If you haven't already, now is a great time for small businesses to start a customer-loyalty program, which can drive a sense of belonging among everyone who does business with you. They can also ensure deeper engagement with walk-in customers. 
Loyalty programs are a proven way to retain customers, and studies show that existing customers are far more likely to buy from your business than potential customers. The cost of retaining customers is also a fraction of what it costs to acquire new ones.    
Proactive business move: If you're starting a loyalty program for the first time, be sure to let your customers know about it through email and on social media. Make sure that your program offers rewards that your customers want and a path to getting them that is easy enough (but not too easy) and fairly quick.
Walk the walk
In times of crisis, consumers look to local businesses to do their part. If you've donated any money, goods, or services to COVID-19 relief causes, don't be afraid to let your community know about it. You should share even small measures that you've taken. Consumers don't expect local shops to make large-scale contributions. They just want to see your values in action.
As challenging as the coming months could be, they present a unique opportunity for small businesses to come out stronger than ever. By effectively communicating their value and commitment to the community, companies can help customers — and themselves —  more rapidly adjust to the new normal. The trick is to walk the walk and show consumers you have them in mind every step of the way.
Learn about how Square can help you with your marketing needs.
This post was created by Insider Studios with Square."
12,"{'id': 'business-insider', 'name': 'Business Insider'}",Charles Davis,A journalist who covered Trump's Tulsa rally tests positive for COVID-19,"<ul>
<li>Paul Monies, a reporter with the nonprofit news outlet Oklahoma Watch, revealed Friday that he tested positive for COVID-19.</li>
<li>Monies, who said he currently has no symptoms, got tested as a precaution after covering US President Donald Trump's…",https://www.businessinsider.com/journalist-who-covered-trump-tulsa-rally-tests-positive-for-covid-2020-6,https://i.insider.com/5ef6aa01988ee3017c2518e4?width=1200&format=jpeg,2020-06-27T02:52:59Z,"A journalist who covered US President Donald Trump's campaign rally in Tulsa, Oklahoma, has tested positive for COVID-19 nearly a week later.
Paul Monies, a reporter with the nonprofit news outlet Oklahoma Watch, revealed on Friday that he tested positive despite not yet showing any symptoms. He took the test as a precaution after attending the rally.
Two Trump campaign staffers who were at the event have also tested positive, joining a half-dozen others on the advance team for the rally who contracted the virus before the event — including two members of the Secret Service.
""I'm pretty surprised,"" Monies posted on Twitter. ""I have zero symptoms (so far) and I feel fine. In fact, I ran 5 miles this morning.""
""I spent the last few hours calling people I know I've been in contact with in the last 14 days,"" he added.
Just over 6,000 people attended Trump's June 20 campaign event. Beforehand, local public health officials had expressed hope that the rally would be postponed.
""I'm concerned about our ability to protect anyone who attends a large, indoor event,"" Dr. Bruce Dart, director of the Tulsa City-County Health Department, told the newspaper Tulsa World.
""COVID is here in Tulsa,"" he said. ""It is transmitting very efficiently.""
Keaton Ross, another reporter at Oklahoma Watch, said that both he and his colleague were wearing masks at the rally. But ""it was very difficult to avoid large crowds, especially as we left the arena,"" he noted.
Ross said he was going to get tested and was ""bracing for a positive result.""
It's ""scary to think there are thousands of people like me (likely positive but feel fine) who are out and about,"" Ross added.
Have a news tip? Email this reporter: cdavis@insider.com
Loading
Something is loading."
13,"{'id': 'business-insider', 'name': 'Business Insider'}",Kristen Lee,Driving a convertible during the COVID-19 pandemic 'doesn't present any great risks',"<ul>
<li>Cars are a great socially distant mobility solution during the COVID-19 pandemic.</li>
<li>It's also perfectly safe to drive a convertible during this time, according to Paula Cannon, a molecular microbiology and immunology professor at USC's Keck Sc…",https://www.businessinsider.com/is-it-safe-to-drive-a-convertible-during-coronavirus-2020-6,https://i.insider.com/5ef10c32f0f4192dd850b1a4?width=1200&format=jpeg,2020-06-22T20:35:31Z,"Now that the summer months are in full swing, people are likely to take to their cars for a change of scenery and some fresh air. Cars are a seemingly perfect mobility solution during the COVID-19 pandemic; they help us maintain social distancing while also giving us a closed-off space to inhabit.
But what about convertibles? Yes — they, too, are perfectly safe to use during the pandemic. 
Perhaps it is the open-topness of a convertible that is giving people pause but rest assured that just because a car lacks a roof, it doesn't mean it exposes you to the virus any more than a hardtop car would.
As long as the inside of the car — which is what you come in closest contact with — hasn't been exposed to someone with COVID-19, it's perfectly safe to drive. The virus can't suddenly enter the car just because the top is down.
""A convertible doesn't present any great risks,"" Paula Cannon, a professor of molecular microbiology and immunology at the University of Southern California's Keck School of Medicine in Los Angeles, confirmed to Business Insider. 
One extreme hypothetical situation that Cannon outlines is if a convertible driver suddenly finds themselves stationary in a crowd and people are within six feet of the car (like perhaps if you get caught in a busy crosswalk or some sort of march).
""That would be the same risk as if you were standing in that same crowd,"" Cannon says. ""So, I suggest you don't do that.""
The chances of that happening while driving a convertible, however, are pretty low. And if it did, occupants are welcome to simply put the top up until the hazard has passed. Or, they could avoid places with frequent stops near high-pedestrian traffic areas altogether.
The actual risk comes more from who's in the car, not who's outside of it. Be thoughtful about who is in the car with you, Cannon advises. In fact, given a situation, it may indeed be more beneficial to have the top down when driving with others. ""Certainly, having the top down makes it safer than being in an enclosed cabin,"" she says.
But despite discussing convertibles, Cannon's advice seems more applicable toward sharing cars in general.
If you are driving the car after someone else, for example, she recommends wiping down common touch points, such as the steering wheel, door handles, buttons, keys, window controls, climate vents, and gear selector lever to make sure everything is safe. It's also a good idea to wipe the car down after you yourself are done driving and intend on letting someone else drive. 
""Again, the safest strategy is to be a little bit selfish,"" Cannon says. ""Personally, it would be only in my own car, or with the people I am socially distancing with, or with a very small and select group of friends or family who I trust to also be socially distancing."" 
The most ideal situation for every individual — or self-isolating group — is to stay in their own cars, she says.
Loading
Something is loading."
14,"{'id': 'reuters', 'name': 'Reuters'}",Lucia Mutikani,New wave of U.S. layoffs feared as coronavirus pain deepens,Job cuts by U.S. state and local governments whose budgets have been crushed fighting the COVID-19 pandemic and more second-wave layoffs in the private sector likely contributed last week to a 10th straight week of more than 2 million Americans seeking unempl…,https://www.reuters.com/article/us-usa-economy-idUSKBN2340E6,https://s3.reutersmedia.net/resources/r/?m=02&d=20200528&t=2&i=1520141662&w=1200&r=LYNXMPEG4R07J,2020-05-28T04:06:54Z,"WASHINGTON (Reuters) - Job cuts by U.S. state and local governments whose budgets have been crushed fighting the COVID-19 pandemic and more second-wave layoffs in the private sector likely contributed last week to a 10th straight week of more than 2 million Americans seeking unemployment benefits. 
The Labor Department’s weekly jobless claims report on Thursday, the most timely data on the economy’s health, is also expected to show the number of people on jobless benefits hitting a new record high in mid-May. 
The report is being watched to assess how quickly the economy rebounds after businesses shuttered in mid-March to control the spread of COVID-19 and almost ground the country to a halt. While non-essential businesses are starting to reopen, claims have stayed at astonishingly high levels. 
“I am concerned that we are seeing a second round of private sector layoffs that, coupled with a rising number of public sector cut backs is driving up the number of people unemployed,” said Joel Naroff, chief economist at Naroff Economics in Holland, Pennsylvania. 
“If that is the case, given the pace of reopening, we could be in for an extended period of extraordinary high unemployment. And that means the recovery will be slower and will take a lot longer.”  
The number of people filing new claims for state unemployment benefits likely totaled a seasonally adjusted 2.1 million for the week ended May 23, down from 2.438 million the prior week, according to a Reuters survey of economists. 
The number has fallen steadily since hitting a record 6.867 million in late March, but have not registered below 2 million since mid-March. State governors have requested $500 billion to help cover public health expenses and lost tax revenues, underscoring the devastating impact of COVID-19 on the economy. 
The Commerce Department is expected to confirm in another report on Thursday that gross domestic product contracted at a 4.8% annualize rate in the first quarter, the deepest decline in output since the 2007-09 Great Recession. 
The second wave of layoffs could grow bigger, with Boeing (BA.N) announcing on Wednesday it was eliminating more than 12,000 U.S. jobs and also disclosing it planned “several thousand remaining layoffs” in the next few months. 
The Federal Reserve’s Beige Book on Wednesday, comprising anecdotal information on business activity from contacts nationwide on or before May 18, was equally grim. Its depiction of the labor market said “employment continued to decrease in all districts” and “continued to fall sharply in retail and in leisure and hospitality sectors.” 
In addition to the spill over to segments of the economy not initially impacted by the closure of nonessential businesses, some economists said initial claims were staying elevated also because of backlogs from the flood of applications that overwhelmed state unemployment offices. 
But this was dismissed by many who argued these backlogs should have been eliminated by now. 
CLAIMS MISREPORTED? 
There is also belief that state employment offices are combining filings for the federal government’s Pandemic Unemployment Assistance (PUA) program with regular jobless claims instead of separating them as required by the Labor Department. 
The PUA program is for gig workers and many others who do not qualify for regular unemployment insurance. They, however, must first file for state benefits and be denied in order to get federal aid for coronavirus-related job and income losses. 
Last week’s filings would raise the number of people who filed claims for unemployment benefits to above 40 million since March 21. Economists cautioned this figure does not represent the number of jobs lost due to the pandemic, citing technical difficulties and procedures at state unemployment offices. 
The focus should be on the number of people still receiving unemployment benefits. These so-called continuing claims could shed light on the effectiveness of the government’s Paycheck Protection Program. 
The PPP, part of a historic fiscal package worth nearly $3 trillion, offered businesses loans that could be partially forgiven if they were used for employee salaries. 
Continuing claims, which are reported with a one-week lag, likely increased to a record 25.750 million in the week ending May 16 from 25.073 million in the prior week, according to the Reuters survey. This data will cover the period during which the government surveyed households for May’s unemployment rate. 
Based on the forecast, continuing claims increased roughly by 7.7 million between the April and May survey periods, suggesting a surge in the unemployment rate from last month’s post-World War Two record of 14.7%. 
“Now is a good time to think how many of those people who lost their jobs are going to get them back, my sense is 25% will not and that’s what gives us the double digit unemployment rate well into 2021,” said Joe Brusuelas, chief economist at RSM in New York. “The bankruptcies of small and medium enterprises will result in a much higher rate of permanent layoffs.” 
Reporting by Lucia Mutikani; Editing by Chizu Nomiyama"
15,"{'id': 'reuters', 'name': 'Reuters'}",Reuters Editorial,Paris's Orsay museum reopens to smaller crowds with eye on finances - Reuters,"The Musee d'Orsay in Paris, home of the French Impressionists, reopened to the public on Tuesday, three months after being forced to shut by the COVID-19 pandemic, and its head called for state help to recover from the financial costs of the lockdown.",https://www.reuters.com/article/us-health-coronavirus-paris-museum-idUSKBN23U2PY,https://s1.reutersmedia.net/resources/r/?m=02&d=20200623&t=2&i=1523221460&w=1200&r=LYNXMPEG5M1L2,2020-06-23T16:18:00Z,"PARIS (Reuters) - The Musee d’Orsay in Paris, home of the French Impressionists, reopened to the public on Tuesday, three months after being forced to shut by the COVID-19 pandemic, and its head called for state help to recover from the financial costs of the lockdown. 
The museum can usually attract up to 15,000 visitors a day during the summer months, but with France’s borders still closed to many foreign tourists and with social distancing in place, its daily capacity has now been cut to 5,000. 
“The crisis has hit the cultural world very hard. Our revenue shortfall will be significant. We are in a complex situation with a very tough period to navigate in 2020-21,” said museum head Laurence des Cars. 
“We are hoping for special support from the state.” 
Ticket sales make up 70% of the Orsay’s revenue, and foreign tourists account for 70% of all visitors during the summer. 
Visitors are now asked to book tickets online, to wear protective face masks and observe social distancing rules. 
Orsay, a former railway station on the left bank of the Seine river, houses the world’s largest collection of Impressionist and Post-Impressionist masterpieces. 
Access to the entrance and exit is signposted, but circulation within the collection and exhibitions remains free. 
The French government began easing its lockdown measures from mid-May and cultural venues are slowly reopening. The Palace of Versailles reopened on June 6 and the Louvre museum will welcome back visitors from July 6. 
Visitors wandering around the Orsay’s permanent collections and a new retrospective of French artist James Tissot on Tuesday were delighted that the museum had reopened. 
“I was happy and emotional (on learning of the reopening), and the proof is that I’m here on the first day,” said Yvette, an 80-year-old Parisian. 
Reporting by Emilie Delwarde, Clotaire Achi, Writing by Dominique Vidalon; Editing by Gareth Jones"
16,"{'id': 'reuters', 'name': 'Reuters'}",Laurie Goering,UK government advised to harness pandemic to speed zero-carbon aims - Reuters,"LONDON (Thomson Reuters Foundation) - From creating jobs in home insulation to hiking dirty fuel taxes and expanding electric-vehicle charging, Britain's government should harness the COVID-19 pandemic to accelerate cuts in planet-heating emissions, an adviso…",https://www.reuters.com/article/us-health-coronavirus-britain-climatecha-idUSKBN23W00T,https://s4.reutersmedia.net/resources_v2/images/rcom-default.png,2020-06-25T00:01:00Z,"LONDON (Thomson Reuters Foundation) - From creating jobs in home insulation to hiking dirty fuel taxes and expanding electric-vehicle charging, Britain’s government should harness the COVID-19 pandemic to accelerate cuts in planet-heating emissions, an advisory panel said on Thursday. 
With public support for low-carbon shifts growing and the state spending billions to boost its flagging economy, now is “a once-in-a-lifetime opportunity” to ramp up the transition, said John Gummer, chair of Britain’s Committee on Climate Change. 
“If we are to emerge successfully from COVID-19, there is only one route and that route is one that enables us also to fight climate change,” said the head of the independent advisory body, which released its annual progress report on Thursday. 
That document said Britain was moving toward its commitment, made a year ago, to produce no more emissions than it can offset or store by 2050 - but steps so far “do not yet measure up to the size of the net-zero challenge”. 
To speed up action, the government should use the coronavirus crisis - including fresh public concern about unexpected risks and willingness to change behaviour - to push ahead on new climate-smart policies, the report said. 
Those should include retrofitting homes and buildings to make them more energy-efficient, which would provide work in all regions, it noted, as well as strengthening the electricity supply network to support increased use of renewable power. 
The country’s emerging electric-vehicle charging network should be rapidly expanded, and only new vehicles that are zero emissions sold by 2032, it said. Work on flood defences, as climate risks rise, should also be brought forward, it urged. 
Efforts to train workers for low-carbon jobs, to ensure a fair green transition, should be a priority, along with protecting nature through more forest protection and tree planting, and better managing agricultural land, it added. 
Even improving Britain’s broadband network - to enable more people to work at home - could have big climate benefits, said Chris Stark, chief executive of the Committee on Climate Change. 
And hiking fossil fuel taxes now while oil prices are low could raise $15 billion over the next decade in badly needed new tax revenue - and help push people towards low-carbon alternatives, he said. 
“We are not short of ideas of what can be done here,” Stark told an online briefing, noting many of the proposed changes “stack up on straight economic grounds” as well as making sense for climate action. 
Renewable power - in large part from offshore wind - is now the cheapest electricity option in Britain, he said, one reason the country’s emissions dropped by more than 3% last year even as global emissions continued to rise. 
With Britain moving to the final stage of leaving the European Union at the end of 2020, clean power could be one pillar of its new post-Brexit identity, he said. 
“We’re almost at the point where you can envision an energy system based on renewables, especially wind, and no one blinks when you say it. It’s absolutely amazing,” he told the Thomson Reuters Foundation in an interview. 
‘WIN-WIN’ 
Adair Turner, a senior fellow at the Institute for New Economic Thinking, a New York-based think-tank, said government spending on things from renewable energy to home retrofits and tree planting could quickly create jobs while curbing emissions. 
“This is a clear win-win opportunity which must be seized,” he said in a statement. 
Camilla Toulmin, a senior associate with the London-based International Institute for Environment and Development, said Britain - host of the delayed COP26 U.N. climate talks - could not afford “a slowdown or delay to climate action in 2020”. 
Climate impacts are being felt both abroad and in Britain, she said in a statement, noting that despite the global pandemic “the climate crisis has not stopped”. 
Climate activist group Extinction Rebellion said some of its members planned to protest on Thursday at the Treasury in London against what they saw as “criminal inaction” by the government so far toward achieving its net-zero goal. 
That goal was enshrined in law last year following large-scale street protests and other civil disobedience by the grassroots movement and other climate campaign groups. 
The Committee on Climate Change report draws on recommendations made by the Climate Assembly UK, a citizen panel set up by several parliamentary committees with members selected to reflect the demographics of Britain’s diverse population. 
Nearly 80% of the assembly’s 108 members agreed in a secret ballot that government steps to boost the economy after COVID-19 should be designed to help achieve Britain’s net-zero target. 
And almost all - 93% - agreed that, as the virus lockdown eases, the state, employers and others should encourage shifts in lifestyles to become more compatible with reaching net-zero. 
Gummer said Committee on Climate Change members hoped the government would rapidly turn many of their recommendations into policy that is then quickly put into practice. 
“What we don’t want from the government is a lot of good-hearted statements (and) the beginnings of policies that are not being implemented,” he said. 
Changes in the law often take several years to take effect, but with climate threats surging and the country’s zero-carbon deadline drawing closer, “we haven’t got five years”, he said. 
Reporting by Laurie Goering @lauriegoering; editing by Megan Rowling. Please credit the Thomson Reuters Foundation, the charitable arm of Thomson Reuters. Visit news.trust.org/climate"
17,"{'id': 'reuters', 'name': 'Reuters'}",Chris Kahn,Approval of Trump's coronavirus response sinks to lowest on record amid surge in cases: Reuters/Ipsos poll - Reuters,"American approval of President Donald Trump's handling of the coronavirus pandemic has dropped to the lowest level on record, the latest Reuters/Ipsos opinion poll shows, as new COVID-19 cases surged and Trump was widely criticized for suggesting he wanted to…",https://www.reuters.com/article/us-usa-election-trump-poll-idUSKBN23V1FY,https://s4.reutersmedia.net/resources/r/?m=02&d=20200624&t=2&i=1523314809&w=1200&r=LYNXMPEG5N148,2020-06-24T10:35:16Z,"NEW YORK (Reuters) - American approval of President Donald Trump’s handling of the coronavirus pandemic has dropped to the lowest level on record, the latest Reuters/Ipsos opinion poll shows, as new COVID-19 cases surged and Trump was widely criticized for suggesting he wanted to slow down testing. 
The June 22-23 poll also found that a majority of Americans want Trump’s former national security adviser, John Bolton, to testify to Congress under oath, after he accused Trump in a new book of misdeeds, including seeking Chinese President Xi Jinping’s help to win re-election. 
The poll shows that 37% of Americans approved of the way Trump has responded to the pandemic, the lowest on record since Reuters/Ipsos started asking the question at the beginning of March. Fifty-eight percent said they disapproved. 
With a little over four months to go before the Nov. 3 general election, Joe Biden, the presumptive Democratic presidential candidate, leads Trump by 10 percentage points among registered voters, according to the latest poll, down slightly from a 13-point lead in a similar poll last week. 
Trump has been slow to publicly acknowledge the severity of the coronavirus outbreak, which has killed more than 120,000 Americans so far, and he has pushed states to reopen before experts said it was safe to do so. 
In his first post-pandemic rally, held in Oklahoma on Saturday, the president told thousands of supporters that testing was a “double-edged sword” and that he asked health officials to slow down testing in response to the public’s concern for the growing number of cases. 
Administration officials said Tuesday that Trump did not, in fact, ask them to slow down testing, which is one way to track and eventually control the spread of the disease. 
Cases have jumped by 25% nationally, according to the latest seven-day tally, led by spikes in a number of states such as Texas, Arizona and Florida that have been more lenient about social distancing. 
Trump has steadily bled support among a broad swath of voters since March. Americans are increasingly critical of his response to the pandemic and a wave of protests in the aftermath of the May 25 police killing of George Floyd, a Black man in Minneapolis. 
Members of Trump’s Republican Party also appeared to be more pessimistic than at any other time during his presidency. Just 43% said they thought the country was headed in the “right direction,” the lowest level recorded by the Reuters/Ipsos poll since Trump entered office in January 2017. 
Trump has faced an unusual outpouring of criticism from members of the military establishment such as James Mattis, his first defense secretary, over his militarized response to the protests. Most recently, Bolton said Trump was unfit to be president and accused him in his new book of routinely obstructing justice. 
Fifty-eight percent of Americans - 81% of Democrats and 37% of Republicans - said they would like to see Bolton testify under oath about his experiences in the Trump administration. 
Bolton, who refused to do so last year as part of the House of Representatives’ impeachment proceedings against Trump, appeared to confirm one of the investigation’s central allegations in his book, saying that Trump wanted Ukraine to investigate Biden and his son, Hunter, as a condition to receiving U.S. security aid. 
However, Americans appear to be less interested in another protracted impeachment investigation, so close to the election. Forty-one percent said they wanted Congress to open another inquiry into Trump, while 39% said they were opposed, and 20% said they were “not sure.” 
The Reuters/Ipsos poll was conducted online, in English, throughout the United States. It gathered responses from 1,115 adults, including 503 Democrats and 408 Republicans. It has a credibility interval, a measure of precision, of 3 percentage points. 
Reporting by Chris Kahn; Editing by Soyoung Kim and Leslie Adler"
18,"{'id': 'reuters', 'name': 'Reuters'}",Sudipto Ganguly,Tennis-Grand Slams plan ahead to avoid Djokovic fate - Reuters,Days after a handful of the world's leading tennis players hugged and high-fived on court in front of packed stands and partied together in carefree fashion some - including world number one Novak Djokovic - were struck down by the COVID-19 virus.,https://www.reuters.com/article/us-health-coronavirus-tennis-quarantine-idUSKBN23V2H7,https://s2.reutersmedia.net/resources/r/?m=02&d=20200624&t=2&i=1523352286&w=1200&r=LYNXMPEG5N1QC,2020-06-24T16:03:00Z,"(Reuters) - Days after a handful of the world’s leading tennis players hugged and high-fived on court in front of packed stands and partied together in carefree fashion some - including world number one Novak Djokovic - were struck down by the COVID-19 virus. 
FILE PHOTO: Tennis - Adria Tour - Novak Tennis Centre, Belgrade, Serbia - June 12, 2020 Serbia's Viktor Troicki, Nenad Zimonjic, Dusan Lajovic, Novak Djokovic, Austria's Dominic Thiem, Bulgaria's Grigor Dimitrov and Germany's Alexander Zverev pose for a photo with the ballkids, following the outbreak of the coronavirus disease (COVID-19) REUTERS/Marko Djurica/File Photo
As a cautionary tale, it could hardly be more stark. 
For while the images from the Adria Tour exhibition tournament in Serbia and Croatia were no doubt a fillip for some fans starved of top-flight tennis action, the organisers also tempted fate with the lack of precautions. 
Though the players were not breaking government protocols during the tournament, which was organised by Djokovic, it highlighted the risks of athletes from different countries mingling without adhering to what have become social distancing norms. 
    Few were, therefore, surprised when Djokovic contracted the virus with Bulgarian Grigor Dimitrov, Croatia’s Borna Coric and Viktor Troicki having already tested positive after playing in his Balkan event. 
Hindsight offers clarity, but organisers of the world’s biggest tournaments say they will not make the same mistakes as they reopen the sport and seek to keep the players safe. 
“There were a fair few learnings that have come out of that (Adria Tour),” Tennis Australia’s (TA) Chief Operating Officer Tom Larner told Reuters. 
“And whilst, certainly the whole event was actually really well-intentioned in terms of raising money for charity, the execution was clearly not great, as were the processes in place.” 
Australia had successfully curbed the virus spread but a double-digit increase in new cases recently has triggered fear of another wave due to apparent community transmission. 
TA gave a glimpse of the biosecurity protocols that could be in place for next year’s Australian Open while announcing measures for the domestic UTR Pro Tennis Series, which will be played at closed stadiums. 
Players would have to bring their own towels and will be encouraged to shower off-site. On-court personnel would be limited to an umpire, minimal line judges with no ball-kids. 
NO SPECTATORS 
First up, though, will be the U.S. Open, scheduled to be held in New York from Aug. 31. Organisers have come under fire, including from Djokovic, who initially called their measures “extreme”. They will now feel vindicated. 
    “This situation is exactly why we have created a comprehensive health and medical plan... that was approved by New York State,” USTA spokesman Chris Widmaier told Reuters. 
    “The creation of a controlled U.S. Open environment, including official hotels, transportation, food, medical and safety protocols, enables us to mitigate potential risk, and appropriately respond to any issues.” 
    The U.S. Open will have no spectators, there will be limitations on players’ entourage and everyone must wear masks when onsite unless practising or competing. Testing will be conducted before travelling to the United States and at least once per week along with daily temperature checks. 
    New York City has witnessed an easing of lockdown restrictions in recent days but residents have been asked to follow social distancing norms and cover faces in public. 
    Restaurants and bars began offering outdoor service and many retailers started to allow patrons back into their stores. 
    Serbia introduced a state of emergency soon after the pandemic broke out, including daily curfews for 12 hours, but gradual easing of measures saw 25,000 fans flock to a soccer derby between Belgrade rivals Red Star and Partizan on June 10. 
    A sellout crowd of 4,000 attended both days of the Belgrade leg of Djokovic’s tournament, staged at his tennis centre by the Danube River. 
    Croatia, where the tournament’s second leg was held in Zadar, still had social distancing norms in place and the Visnjik tennis complex, with a capacity of 9,000, hosted half as many spectators. 
    It did not stop Djokovic and his fellow players from playing basketball there, images of which were jarring to many as the majority of the world continued to battle the virus. 
    Djokovic, who heads the players council of the men’s ATP Tour, said he was wrong and “deeply sorry”. 
Reporting by Sudipto Ganguly in Mumbai; additional reporting by Zoran Milosavljevic in Belgrade and Ian Ransom in Melbourne; editing by Ossian Shine and Toby Davis"
19,"{'id': 'reuters', 'name': 'Reuters'}",Reuters Editorial,Fact check: Alexandria Ocasio-Cortez did not tweet that governors should keep businesses closed to prevent Trump’s re-election - Reuters,"Social media users are circulating a fabricated tweet allegedly from U.S. Rep. Alexandria Ocasio-Cortez (D–N.Y.), in which she says that governors should maintain COVID-19-related business restrictions through November in order to prevent Donald Trump’s re-el…",https://www.reuters.com/article/uk-factcheck-aoc-tweet-idUSKBN23V32A,https://s1.reutersmedia.net/resources/r/?m=02&d=20200624&t=2&i=1523377149&w=1200&r=LYNXMPEG5N261,2020-06-24T19:42:00Z,"Social media users are circulating a fabricated tweet allegedly from U.S. Rep. Alexandria Ocasio-Cortez (DN.Y.), in which she says that governors should maintain COVID-19-related business restrictions through November in order to prevent Donald Trump’s re-election. Ocasio-Cortez never tweeted this. 
Examples of posts making this claim can be found here , here , and here . 
The posts purport that Ocasio-Cortez deleted a tweet from May 20, 2020 which said, “It’s vital that Governors maintain restrictions on businesses until after the November Elections because economic recovery will help Trump be re-elected. A few business closures or job losses is a small price to pay to be free from his presidency. #KeepUsClosed.” 
Reuters could not find the alleged tweet in ProPublicas Politwoops archive, which tracks deleted tweets by public officials (here). Deleted Tweets from Ocasio-Cortez can be found here . 
On June 23, 2020, Rep. Ocasio-Cortez addressed the fictitious tweet on Twitter (here), writing, I usually dont tweet to correct fake posts about me [because] the right circulates so many, but needless to say the alleged deleted reopening tweet people are saying I wrote is a photoshopped fake being circulated by Republicans. They tell lies because the truth isnt on their side. 
In an interview with VICE on April 22, 2020 (here), Ocasio-Cortez criticized the presidents calls to liberate various states from coronavirus lockdown mandates (here). 
Ocasio-Cortez represents New Yorks 14th Congressional District, an epicenter of the coronavirus outbreak. As reported by the New York Times, her district includes the working-class immigrant clusters of the Bronx and Queens, has had 19,200 coronavirus cases as of April 30, more than all of Manhattan, despite having almost a million fewer people. (here) 
VERDICT 
False. This alleged tweet from Rep. Alexandria Ocasio-Cortez is fabricated. 
This article was produced by the Reuters Fact Check team. Read more about our work to fact-check social media posts here ."
