,source,author,title,description,url,urlToImage,publishedAt,content
0,"{'id': 'reuters', 'name': 'Reuters'}",Reuters Editorial,Northeast states order quarantine for some visitors - Reuters,"[NFA] The governors of New York, New Jersey and Connecticut on Wednesday ordered travelers from nine other U.S. states to quarantine for 14 days on arrival as COVID-19 showed signs of surging in areas not hit as hard by the initial outbreak.",https://www.reuters.com/video/watch/idP$fb?now=true,https://ajo.prod.reuters.tv/api/v2/img/5ef3db2ce4b04f7ff7c271fb-1593039660026?location=LANDSCAPE,2020-06-24T23:20:33Z,"Posted 
[NFA] The governors of New York, New Jersey and Connecticut on Wednesday ordered travelers from nine other U.S. states to quarantine for 14 days on arrival as COVID-19 showed signs of surging in areas not hit as hard by the initial outbreak."
1,"{'id': 'reuters', 'name': 'Reuters'}",Reuters Editorial,Horse racing: Kentucky Derby will open doors to spectators - Reuters,"The Kentucky Derby, which was rescheduled for Sept. 5 due to the novel coronavirus, will allow spectators onto the grounds to watch the Run for the Roses even as COVID-19 infections surge across parts of the United States, Churchill Downs Racetrack said on Th…",https://www.reuters.com/article/us-health-coronavirus-horseracing-kentuc-idUSKBN23W2DC,https://s1.reutersmedia.net/resources/r/?m=02&d=20200625&t=2&i=1523613346&w=1200&r=LYNXMPEG5O1S0,2020-06-25T14:31:00Z,"(Reuters) - The Kentucky Derby, which was rescheduled for Sept. 5 due to the novel coronavirus, will allow spectators onto the grounds to watch the Run for the Roses even as COVID-19 infections surge across parts of the United States, Churchill Downs Racetrack said on Thursday. 
“Our team is deeply committed to holding the very best Kentucky Derby ever, and we will take all necessary steps to protect the health and safety of all who attend and participate in the Derby,” said Churchill Downs Racetrack President Kevin Flanery in a statement. 
Normally run on the first Saturday in May, the first jewel of North American thoroughbred racing’s Triple Crown instead finds itself this year sandwiched between the Belmont and Preakness Stakes. 
The Belmont was run last Saturday without spectators in Elmont, New York and won by Tiz the Law. 
The Preakness has been rescheduled for Oct. 3. 
The longest continually held annual sporting event in the United States, the Kentucky Derby is also one of sport’s biggest parties famous for women in lavish head wear and men in sharp suits sipping on Mint Juleps. 
While spectators will be welcomed back to Churchill Downs they will face strict health and safety guidelines. 
Churchill Downs did not confirm the number of tickets that will be made available only that there would be capacity reductions to limit overall crowd density. 
Guests will be encouraged to wear a mask at all times unless seated in their reserved seat or venue. 
“In response to the COVID-19 pandemic, we have established a comprehensive set of operating procedures, which include a multitude of precautionary measures to be followed while fans are in attendance at our facility,” said Flanery. “We are determined to keep our customers, employees and communities as safe as we responsibly can.” 
Reporting by Steve Keating in Toronto. Editing by Toby Davis"
2,"{'id': 'reuters', 'name': 'Reuters'}",Kelsey Johnson,Canada's treatment of some farm workers a 'national disgrace': minister - Reuters,"The treatment of migrant workers in Canada by some farmers is disgraceful and the federal government is seeking to fix the problem, the country's health minister told a parliamentary committee on Friday, as farms battle COVID-19 outbreaks among their employee…",https://www.reuters.com/article/us-health-coronavirus-canada-farming-idUSKBN23X2Q1,https://s3.reutersmedia.net/resources/r/?m=02&d=20200626&t=2&i=1523787073&w=1200&r=LYNXMPEG5P1SQ,2020-06-26T19:59:00Z,"OTTAWA (Reuters) - The treatment of migrant workers in Canada by some farmers is disgraceful and the federal government is seeking to fix the problem, the country’s health minister told a parliamentary committee on Friday, as farms battle COVID-19 outbreaks among their employees. 
Outbreaks of coronavirus infections have killed three people and infected hundreds more on farms in Ontario, Canada’s most populous province, in recent weeks. 
Health Minister Patty Hajdu said she had heard stories about the treatment of migrant workers that “would curl your hair,” and the way some farms treat them now is “a national disgrace.” 
Hajdu added that she was working with Employment Minister Carla Qualtrough “on how to reform the temporary foreign worker program” but gave no details on what those reforms might look like. 
Canadian farmers rely on some 60,000 temporary foreign workers, predominantly from Latin America and the Caribbean to plant and harvest crops. Many live in crowded bunkhouses where the virus can spread quickly. 
“All the PPE (personal protective equipment) in the world will not protect you if you are sleeping in a bunkhouse that is housing 12 to 15 people that may not have any ability for distancing, certainly no private washrooms or kitchen,” Hajdu said when asked whether Canada would consider providing migrant workers with PPE upon their arrival in Canada. 
Migrant farm workers are considered a vulnerable population and need to be supported should they fall ill, Canada’s Chief Public Health Officer Dr. Theresa Tam told reporters on Thursday. 
Prime Minister Justin Trudeau has also said Canada must do more to protect migrant farm workers, who are considered essential workers. 
Earlier this week, an Ontario official said the province would allow some people who have tested positive for COVID-19 but do not have symptoms to immediately return to work, provided precautions were in place. 
Reporting by Kelsey Johnson in Ottawa; Editing by Steve Scherer and Aurora Ellis"
3,"{'id': 'reuters', 'name': 'Reuters'}",Jonnelle Marte,Fed's George says full economic recovery is still far off - Reuters,"The possibility of a surge in COVID-19 infections is likely to remain a threat to the U.S. economy until a vaccine is developed, and a full recovery is still far off, Kansas City Federal Reserve Bank President Esther George said Thursday.",https://www.reuters.com/article/us-usa-fed-george-idUSKBN23W2Y8,https://s1.reutersmedia.net/resources/r/?m=02&d=20200625&t=2&i=1523637840&w=1200&r=LYNXMPEG5O252,2020-06-25T17:34:00Z,"(Reuters) - The possibility of a surge in COVID-19 infections is likely to remain a threat to the U.S. economy until a vaccine is developed, and a full recovery is still far off, Kansas City Federal Reserve Bank President Esther George said Thursday. 
The shutdowns enacted to control the virus disproportionately hit hospitality, education, health and retail, and it will take a while for the economy to recover fully, George said in remarks prepared for a virtual event organized by the Economic Club of Kansas City. 
“While we saw strong job gains in these industries in May, with employment increasing by 2 million jobs, a full recovery is still far off,” she said. 
The Fed’s efforts to boost market liquidity and improve market functioning through asset purchases and a slate of emergency lending facilities seem to have worked, George said. But economic activity may not fully rebound, and the possibility of a new surge of infections is likely to remain a “persistent risk” until a vaccine is developed, she cautioned. 
State and local governments, in particular, are struggling to balance their budgets after the pandemic led to a sharp drop in tax revenues, she said. 
Given the uncertainty over the outlook, it will be difficult for policymakers to determine the correct path for monetary policy, George said. 
“Overall, it might be a while before the dust settles and we gain insight on whether further accommodation is necessary or not,” she said. 
Reporting by Jonnelle Marte; Editing by Andrea Ricci"
4,"{'id': 'reuters', 'name': 'Reuters'}",Tom Arnold,RPT-Rainy day hastens sovereign wealth funds' refocus to home - Reuters,"Famed for snapping up glitzy real estate and stakes in troubled international banks during the global financial crisis, sovereign wealth funds are investing more at home, a trend set to accelerate in the wake of the economic carnage wrought by COVID-19.",https://www.reuters.com/article/health-coronavirus-swf-idUSL8N2E2589,https://s4.reutersmedia.net/resources_v2/images/rcom-default.png,2020-06-26T06:02:00Z,"(Repeats June 25 story with no change to text) 
* Sovereign wealth funds investing more at home 
* Trend to quicken after economic rout 
* Risk of missing out on cheap deals overseas 
* Lion’s share of investments still overseas 
By Tom Arnold 
LONDON, June 25 (Reuters) - Famed for snapping up glitzy real estate and stakes in troubled international banks during the global financial crisis, sovereign wealth funds are investing more at home, a trend set to accelerate in the wake of the economic carnage wrought by COVID-19. 
Some of these state-owned entities, such as Singapore’s Temasek Holdings, already acted more as development funds aimed at supporting their countries’ economies, but many of them are considered “rainy day” funds - meaning they will have a big role in helping governments to manage the fallout from the pandemic. 
There has been a flurry of recent domestic deals, such as Turkey’s fund injecting 21 billion lira ($3.1 billion) into three state banks and Temasek supporting a $1.5 billion rights issue by Sembcorp Marine. 
That’s in addition to withdrawals from the Nigerian and Norwegian funds to help their governments deal with the economic impact of the virus. 
While the lion’s share of sovereign fund investments is still overseas, domestic deals are on the rise. They accounted for 21% of private equity deals in 2019 - already a doubling from 2015 levels, according to the International Forum of Sovereign Wealth Funds (IFSWF). 
“I’d expect greater levels of investment in domestic economies going forward,” said Will Jackson-Moore, global private equity, real assets and sovereign funds leader, PwC. 
“That said, the best opportunities in international markets are going to be in the next 18 months. If there’s demand for short-term emergency funding (from governments) then that could be more of a conflict and it will come down to how governments and sovereign wealth funds balance that.” 
Analysts say returns at home may not necessarily be poorer, particularly if funds can cherry pick deals. Also, many are located in emerging markets, where expected gains can be larger. The rub comes if their remit also includes aiding the development of local economies, in which case some of the payback can flow to the economy as well as the fund. 
Qatar made its name more than a decade ago in the aftermath of the global financial crisis when its sovereign fund vehicles snapped up stakes in Credit Suisse, Barclays and Volkswagen at a time when illiquidity meant many asset prices were low. 
This year, Saudi Arabia’s Public Investment Fund (PIF), which manages over $300 billion in assets, is making similar waves, last month disclosing stakes in Boeing Co, Citigroup Inc, Facebook Inc, Walt Disney Co and Marriott. 
Still, the PIF is redoubling its domestic focus, said a source familiar with the fund. Its aim is to ensure its portfolio of local assets under management sits at 75% by the end of 2020. PIF did not respond to a request about its current weighting. 
It’s a not dissimilar story for other funds. 
“Many sovereign wealth funds will support national budgets to finance the recovery or support healthcare systems,” said Javier Capape, director of sovereign wealth research at the IE Center for the Governance of Change, pointing to the examples of the sovereign funds of Iran, Kuwait and PIF. 
Ireland’s fund formed a rescue package for small and medium-sized enterprises, while Temasek has helped accelerate the production of a vaccine. Abu Dhabi’s Mubadala was set to play a key role in propping up neighbouring Dubai’s economy by linking up assets in the two emirates, sources said last month. 
Mubadala declined comment at the time. 
RAINY DAY 
While the financial pain caused by the virus is undoubtedly the rainy day sovereign funds have been built for, governments are having to weigh their use of resources now against the prospect of providing windfalls for future generations. That dilemma is especially stark in the case of oil wealth funds as hydrocarbon revenues are expected to wane in future years. 
Even before the coronavirus and the plunge in oil prices, drawdowns from Kuwait’s General Reserve Fund, managed by the country’s sovereign fund, meant its assets are estimated by Fitch Ratings to have fallen for the sixth year in a row. 
The Kuwait Investment Authority didn’t immediately respond to a request for comment. 
Hong Kong Monetary Authority, not an oil-based fund, will raise the liquidity of its portfolio to ensure it can provide funds for maintaining Hong Kong’s monetary and financial stability, while meeting the government’s needs in withdrawing fiscal reserve deposits to deal with the epidemic, a spokesperson said. 
A recent IFSWF survey of oil and non-oil sovereign funds found only two out of 10 said their governments had sought funds, with the same number saying they had received requests to support additional government projects. 
Instead of tapping their rainy day funds, several governments including Gulf states and Kazakhstan have tapped debt capital markets to cover budget shortfalls. Mubadala last month raised $4 billion in bonds. 
“It is interesting the use of leverage to finance the buying spree, it makes sense that sovereign wealth funds prefer to go to the debt markets than withdrawing private equity valuable positions at a loss nowadays,” said Capape. ($1 = 6.8578 liras) 
Additional reporting by Alun John in Hong Kong and Anshuman
Daga in Singapore; Editing by Emelia Sithole-Matarise and Carmel
Crimmins"
5,"{'id': 'reuters', 'name': 'Reuters'}",Jane Wardell,Global coronavirus deaths top half a million - Reuters India,"The death toll from COVID-19 reached half a million people on Sunday, according to a Reuters tally, a grim milestone for the global pandemic that seems to be resurgent in some countries even as other regions are still grappling with the first wave.",https://in.reuters.com/article/uk-health-coronavirus-deaths-idINKBN23Z0US,https://s2.reutersmedia.net/resources/r/?m=02&d=20200628&t=2&i=1523916038&w=1200&r=LYNXMPEG5R0NI,2020-06-28T22:28:00Z,"SYDNEY/BEIJING (Reuters) - The death toll from COVID-19 reached half a million people on Sunday, according to a Reuters tally, a grim milestone for the global pandemic that seems to be resurgent in some countries even as other regions are still grappling with the first wave. 
The respiratory illness caused by the new coronavirus has been particularly dangerous for the elderly, although other adults and children are also among the 500,000 fatalities and more than 10 million reported cases. 
While the overall rate of death has flattened in recent weeks, health experts have expressed concerns about record numbers of new cases in countries like the United States, India and Brazil, as well as new outbreaks in parts of Asia. 
More than 4,700 people are dying every 24 hours from COVID-19-linked illness, according to Reuters calculations based on an average from June 1 to 27. 
That equates to 196 people per hour, or one person every 18 seconds. (To see a Reuters interactive, open this link in an external browser: tmsnrt.rs/2VqS5PS) 
About one-quarter of all the deaths so far have been in the United States, the Reuters data shows. The recent surge in cases have been most pronounced in a handful of Southern and Western states that reopened earlier and more aggressively. 
The number of cases in Latin America on Sunday surpassed those diagnosed in Europe, making the region the second most affected by the pandemic, after North America. 
The first recorded death from the new virus was on Jan. 9, a 61-year-old man from the Chinese city of Wuhan who was a regular shopper at a wet market that has been identified as the source of the outbreak. 
In just five months, the COVID-19 death toll has overtaken the number of people who die annually from malaria, one of the most deadly infectious diseases. 
The death rate averages out to 78,000 per month, compared with 64,000 AIDS-related deaths and 36,000 malaria deaths, according to 2018 figures from the World Health Organization. 
CHANGING BURIAL RITES 
The high number of deaths has led to changes to traditional and religious burial rites around the world, with morgues and funeral businesses overwhelmed and loved ones often barred from bidding farewell in person. 
In Israel, the custom of washing the bodies of Muslim deceased is not permitted, and instead of being shrouded in cloth, they must be wrapped in a plastic body bag. The Jewish tradition of Shiva where people go to the home of mourning relatives for seven days has also been disrupted. 
In Italy, Catholics have been buried without funerals or a blessing from a priest. In New York, city crematories were at one point working overtime, burning bodies into the night as officials scouted for temporary interment sites. 
In Iraq, former militiamen have dropped their guns to instead dig graves for coronavirus victims at a specially created cemetery. They have learned how to conduct Christian, as well as Muslim, burials. 
ELDERLY AT RISK 
Public health experts are looking at how demographics affect the death rates in different regions. Some European countries with older populations have reported higher fatality rates, for instance. 
An April report by the European Centre for Disease Prevention and Control looked at more than 300,000 cases in 20 countries and found that about 46% of all fatalities were over the age of 80. 
In Indonesia, hundreds of children are believed to have died, a development health officials have attributed to malnutrition, anemia and inadequate child health facilities. 
Health experts caution that the official data likely does not tell the full story, with many believing that both cases and deaths have likely been underreported in some countries. 
Reporting by Jane Wardell in Sydney and Cate Cadell in Beijing; Editing by Tiffany Wu and Daniel Wallis"
6,"{'id': 'reuters', 'name': 'Reuters'}",Reuters Editorial,Solvay set for 1.5 billion euro impairment as sales sink - Reuters UK,"Belgian chemicals group Solvay is likely to take an impairment charge of 1.5 billion euros (£1.3 billion) as sales were set to fall by around 20% in the second quarter due to the impact of the COVID-19 pandemic, it said on Wednesday.",https://uk.reuters.com/article/uk-solvay-outlook-idUKKBN23V10N,https://s3.reutersmedia.net/resources/r/?m=02&d=20200624&t=2&i=1523301138&w=1200&r=LYNXMPEG5N0RP,2020-06-24T07:51:00Z,"BRUSSELS (Reuters) - Belgian chemicals group Solvay (SOLB.BR) is likely to take an impairment charge of 1.5 billion euros (£1.3 billion) as sales were set to fall by around 20% in the second quarter due to the impact of the COVID-19 pandemic, it said on Wednesday. 
The company said challenges had increased in the April-June period from the first three months of 2020, with sales down 20% across April and May and a similar demand trend seen for June. 
Solvay, whose products range from base chemicals such as soda ash to specialty polymers, said its businesses related to oil and gas, automotive and aerospace were the hardest hit, with revenues down by about 40%. 
Businesses related to construction and mining were off some 20%, but healthcare, agri-food, home and personal care and electronics markets had resisted well. 
Solvay shares were down 3.4% in early trading, making them one of the weakest performers on the FTSEurofirst 300 index .FTEU3 of leading European shares. The index itself was down 0.6%. 
Some 80% of the non-cash impairment would be related to goodwill from Solvay’s $5.5 billion purchase in 2015 of Cytec, a U.S. specialist in aerospace materials and mining chemicals. 
Solvay said it would conclude its analysis and provide additional details with its first-half results on July 29. 
Reporting by Philip Blenkinsop; Editing by Jan Harvey"
7,"{'id': 'reuters', 'name': 'Reuters'}",Ana Mano,UPDATE 1-JBS ordered to test workers as more Brazil meat plants register COVID-19 cases - Reuters Africa,"Food producer JBS SA was ordered to test all workers for COVID-19 at a Rio Grande do Sul meat plant, labor prosecutors said on Tuesday, on the same day they raised the number of meatpacking plants with confirmed cases of the novel coronavirus to 32.",https://af.reuters.com/article/commoditiesNews/idAFL1N2E02RZ,https://s4.reutersmedia.net/resources_v2/images/rcom-default.png,2020-06-23T23:14:00Z,"(Updates with court decision about JBS in Três Passos) 
By Ana Mano 
SAO PAULO, June 23 (Reuters) - Food producer JBS SA was ordered to test all workers for COVID-19 at a Rio Grande do Sul meat plant, labor prosecutors said on Tuesday, on the same day they raised the number of meatpacking plants with confirmed cases of the novel coronavirus to 32. 
JBS declined to comment on the decision, saying the plant remained open. 
State prosecutors said a labor court ruled that JBS should test all workers at its Três Passos plant in five days, as well as put on paid leave any employees who test positive for COVID-19, for a minimum of 14 days. 
Slaughterhouses in 23 municipalities in Rio Grande do Sul state, the country’s southernmost state, registered COVID-19 cases among food plant workers. The state is Brazil’s third-largest chicken exporter and producer. 
To date, some 4,957 workers at meat plants have tested positive for the novel coronavirus, 25.14% of the state’s total 19,710 cases, the labor prosecutors said. That proportion was as high as 35% at one point, as Brazil became the world’s No. 2 hot spot for the COVID-19 pandemic, behind only the United States. 
There are more than 1.1 million people infected and 52,000 deaths from COVID-19 in Brazil. 
Five employees from Rio Grande do Sul’s meatpacking plants and 12 relatives or friends of people working in the industry died because of the disease, the labor prosecutors said. 
JBS and rival BRF SA, which also operates in the region, had plants closed there and in other states because of outbreaks. 
The pandemic has not affected Rio Grande do Sul’s output or exports so far, according to José Eduardo do Santos, executive director at Asgav, the state’s producers association. 
He told Reuters in a recent interview that the state’s chicken exports rose by 64.5% to 281,400 tonnes between January and May, generating $403 million in the period. 
Meatpackers became hotbeds for the COVID-19 contagion as employees often work at densely packed workstations in cold, virus-preserving environments. 
The meat industry employs an estimated 65,000 in Rio Grande do Sul, the labor prosecutors said. (Reporting by Ana Mano; Editing by David Gregorio and Peter Cooney)"
8,"{'id': 'reuters', 'name': 'Reuters'}",Jamie McGeever,UPDATE 1-Brazil federal tax revenue slumps to a 15-year low in May - Reuters,"Brazil's federal tax revenue slumped by almost a third in May to a 15-year low, the federal tax service said on Tuesday, reflecting the shock to economic activity from the quarantine and social isolation measures used to combat the COVID-19 pandemic.",https://www.reuters.com/article/brazil-economy-tax-idUSL1N2E01QV,https://s4.reutersmedia.net/resources_v2/images/rcom-default.png,2020-06-23T18:44:00Z,"(Adds details) 
By Jamie McGeever 
BRASILIA, June 23 (Reuters) - Brazil’s federal tax revenue slumped by almost a third in May to a 15-year low, the federal tax service said on Tuesday, reflecting the shock to economic activity from the quarantine and social isolation measures used to combat the COVID-19 pandemic. 
The tax take of 77.4 billion reais ($15 billion) in May marked a decline of 32.9% in real terms from the same month last year, although it was more than the 69.9 billion reais forecast in a Reuters poll of economists. 
It was the lowest monthly take since May 2005, highlighting the strain on public finances resulting from the crisis that will see government deficits and debts soar to record levels this year. 
The government is forecasting a primary deficit this year excluding interest payments of around 700 billion reais, or just under 10% of gross domestic product, and a jump in overall debt to 93.5% of GDP. 
Treasury Secretary Mansueto Almeida has said these forecasts may be too optimistic, given the severity of the economic crisis that is choking government revenues and prompting a surge in emergency spending. 
The tax revenue service said the total tax take in the first five months of this year stood at 579.7 billion reais, down 11.9% in real terms from the same period last year. ($1 = 5.15 reais) (Reporting by Jamie McGeever; editing by Jonathan Oatis)"
9,"{'id': 'reuters', 'name': 'Reuters'}",Reuters Editorial,"UK airports warn 20,000 jobs at risk as travel slump continues - Reuters UK","Up to 20,000 jobs could go at Britain's airports, an industry group warned, calling on the government to do more to help an aviation industry that was shut down by the COVID pandemic and is now struggling to restart due to quarantine rules.",https://uk.reuters.com/article/uk-health-coronavirus-britain-airports-idUKKBN23V1HC,https://s4.reutersmedia.net/resources/r/?m=02&d=20200624&t=2&i=1523315187&w=1200&r=LYNXMPEG5N14Z,2020-06-24T10:18:00Z,"LONDON (Reuters) - Up to 20,000 jobs could go at Britain’s airports, an industry group warned, calling on the government to do more to help an aviation industry that was shut down by the COVID pandemic and is now struggling to restart due to quarantine rules. 
The Airport Operators Association (AOA), which represents more than 50 airports, said future passenger numbers at UK airports were expected to be significantly lower, and analysis of its members suggested up to 20,000 jobs were at risk. 
The government should scrap its quarantine regime, provide relief from business rates, extend a job retention scheme, directly fund the sector regulator and suspend air passenger taxes to help save jobs, the AOA said. 
“These jobs figures clearly show that a key component of the UK’s infrastructure is on its knees, with no relief to the current crisis expected,” said AOA chief executive Karen Dee. 
“Government needs to recognise the immense crisis facing the country’s airport communities and take action to support UK aviation and protect livelihoods.” 
UK-based airlines British Airways, Virgin Atlantic and easyJet have already announced close to 20,000 job losses between them. The country’s biggest airport Heathrow has also started a voluntary redundancy scheme. 
Britain has a 14-day quarantine policy in place for arrivals into the country from abroad, which airlines, airports and the hospitality sector have said is deterring international travel at a time when they had been hoping for it to recover. 
The rule is due to be reviewed on June 29, three weeks after it was introduced and could be replaced by “air bridges”, which would allow restriction-free travel between countries with low infection rates. 
Reporting by Sarah Young; Editing by Mark Potter"
10,"{'id': 'reuters', 'name': 'Reuters'}",Reuters Editorial,"Iran's coronavirus death toll continues to resurge, nears 10,000 - Reuters","Iran’s death toll from COVID-19 has risen to nearly 10,000 with 133 new fatalities in the past 24 hours, the health ministry said, extending a reversal from a steady fall in daily numbers as the country has relaxed its lockdown.",https://www.reuters.com/article/us-health-coronavirus-iran-idUSKBN23V1TP,https://s4.reutersmedia.net/resources/r/?m=02&d=20200624&t=2&i=1523328056&w=1200&r=LYNXMPEG5N1E9,2020-06-24T12:40:00Z,"(Reuters) - Iran’s death toll from COVID-19 has risen to nearly 10,000 with 133 new fatalities in the past 24 hours, the health ministry said, extending a reversal from a steady fall in daily numbers as the country has relaxed its lockdown. 
There were 2,531 new coronavirus infections reported in the past 24 hours, raising the total number of cases to 212,501, along with 9,996 deaths in all, the ministry said on Wednesday. 
The daily death toll has regularly topped 100 in the past week for the first time in two months, mirroring a sharp rise in new infections since restrictions on movement began to be lifted in mid-April.  
Senior officials have regularly warned that restrictions will be reimposed if health regulations such as social distancing to stem the surge in infections are not observed. 
In a sign of such concern, the Islamic Republic’s official IRNA news agency said on Tuesday that Friday prayers at mosques will not resume in the capital Tehran this week despite an announcement last week that they would. 
On Saturday, President Hassan Rouhani said the government was considering making it mandatory within days to wear masks in public places and covered spaces given the surge in the number of confirmed infections. 
Iran has been the Middle East country hardest hit by the coronavirus pandemic. 
Reporting by Babak Dehghanpisheh; Editing by Mark Heinrich"
11,"{'id': 'reuters', 'name': 'Reuters'}",Julien Ponthus,"Investors warm to Europe as Biden lead, virus fears rattle Wall Street - Reuters",European stocks look poised to make up ground on Wall Street in the second half of 2020 as Joe Biden consolidates his lead over Donald Trump ahead of the November U.S. presidential election and a surge of new COVID-19 cases threatens the U.S. economic recover…,https://www.reuters.com/article/us-markets-stocks-europe-idUSKBN23X2BF,https://s3.reutersmedia.net/resources/r/?m=02&d=20200626&t=2&i=1523764802&w=1200&r=LYNXMPEG5P1IJ,2020-06-26T16:27:22Z,"LONDON (Reuters) - European stocks look poised to make up ground on Wall Street in the second half of 2020 as Joe Biden consolidates his lead over Donald Trump ahead of the November U.S. presidential election and a surge of new COVID-19 cases threatens the U.S. economic recovery. 
The U.S. stock market has consistently outperformed Europe since the 2016 election of Trump, which was followed by a rally widely dubbed the ‘Trump bump’. 
Fund flows suggest a shift in sentiment. Bank of America’s latest weekly report on Friday showed $6.6 billion left U.S. equity funds, the largest exodus in seven weeks, while $800 million made their way into European ones. 
The pan-European STOXX 600 has outperformed world stocks by about 1.5% in the last month, while Wall Street's S&amp;P 500 .SPX has underperformed by the same extent. 
Among factors boosting European assets is Europe’s relative success in gradually reopening its economy and the European Union’s proposed 750 billion euro ($841.73 billion) recovery fund to help countries deal with the fallout from the coronavirus crisis. 
The spending plan, which could be approved in July, would bring the EU closer to a fiscal union and as such has boosted sentiment and soothed recurrent worries about peripheral euro zone countries such as Italy. 
The common currency has risen 4% since France and Germany unveiled a joint proposal for the recovery fund on May 18. 
Graphic: Wall Street lags on virus, election angst here
APPEAL 
“The strengthening of the euro reinforces the appeal of European equities, particularly for U.S. investors”, said Emmanuel Cau, head of European equity strategy at Barclays. 
“There’s a very strong re-rating potential for the European market which has long been underinvested and undervalued.” 
Before the COVID-19 financial crash, the S&amp;P 500 .SPX had gained over 60% since November 2016, about twice as much as the pan European STOXX 600 . 
“We are warming up to European assets as the region steps up its policy response and demonstrates relative success in tamping virus growth,” BlackRock, the world’s biggest asset manager, told its clients on Monday. 
Similarly, Goldman Sachs upgraded its rating for Europe to “overweight” for the next three months, citing “a combination of favourable tailwinds”. 
Investors were pleasantly surprised this week when IHS Markit’s euro zone Flash Composite Purchasing Managers’ Index (PMI), seen as a good gauge of economic health, reached 47.5, moving closer to the 50 mark separating growth from contraction. 
Meanwhile, the U.S. newsflow was less favourable, with record COVID-19 infections and jobs data suggesting the labour market could take years to recover. 
Opinion polls give Biden a substantial lead over Trump both nationally and in key states, and betting odds currently give the Democrat candidate a 60% chance of winning. 
FILE PHOTO: The German share price index DAX graph is pictured at the stock exchange in Frankfurt, Germany, June 25, 2020. REUTERS/Staff
Goldman Sachs said the possibility of a Biden victory - and the possible reversal of Trump’s 2017 tax cuts - wasn’t fully priced into markets. 
Given the uncertainty of the race and bearing in mind the surprise win of Trump over Hillary Clinton in 2016, many may choose to stay on the sidelines and wait for the dust to settle. 
“European equities may get an edge over their U.S. peers as we get closer to the U.S. election,” Morgan Stanley’s head of cross-asset strategy Andrew Sheets told Reuters. 
Reporting by Julien Ponthus and Thyagaraju Adinarayan in London; Editing by Gareth Jones"
12,"{'id': 'the-next-web', 'name': 'The Next Web'}",The Conversation,How the coronavirus led to a rise in online Islamophobic hate speech,"Communities coming together to help those in need has been a strong theme of the COVID-19 pandemic. But at the same time that many people are seemingly appreciating those around them, our new research has found that COVID-19 has led to a rise in online Islamo…",https://thenextweb.com/?p=1288547,https://img-cdn.tnwcdn.com/image/tnw?filter_last=1&fit=1280%2C640&url=https%3A%2F%2Fcdn0.tnwcdn.com%2Fwp-content%2Fblogs.dir%2F1%2Ffiles%2F2020%2F04%2F1-36.jpg&signature=064f6b1e7e67e55e6a83e0854c4eb16f,2020-04-29T07:53:53Z,"Communities coming together to help those in need has been a strong theme of the COVID-19 pandemic. But at the same time that many people are seemingly appreciating those around them, our new research has found that COVID-19 has led to a rise in online Islamophobic hate speech.
My colleague, Roxana Khan-Williams, and I have examined the impacts of COVID-19 on social media. Weve found that COVID-19 has been used by the far-right to peddle Islamophobic hate.
Our study, which was conducted on behalf of the Anti-Muslim Hatred Working Group,provides a snapshot of the type of language used online about Muslims and COVID-19. And what weve found is that stereotypes fueled by conspiracy theories, memes , and fake videos create the perfect climate for the demonization of Muslims.
One video, for example, shared on the Tommy Robinson News channel on the messaging app Telegram, alleges to show a group of Muslim men leaving a secret mosque in Birmingham to pray. Despite the fact the video is fake and West Midlands Police have confirmed the mosque is closed, it has been watched over 14,000 times.
Read: [Why conspiracy theories flourish during pandemics]
At risk of attacks
As someone who has spent their academic career researching Islamophobia, I am not surprised or shocked to see this level of vitriolic hate. But it does demonstrate how quickly the internet can act as an echo chamber and how easily such narratives become normalized.
Even more worrying, is that this type of Islamophobic bigotry found on social media reinforces the them versus us narrative by using issues such as deprivation, poverty, social cohesion, and social mobility as a Muslim problem. Indeed, many of the online posts we analyzed targeted Muslims because of social and economic issues. All of which leaves Muslims more at risk of Islamophobic attacks when lockdown lifts.
The tweet below, for example, specifically labels Muslims as muzrats, a word used to describe Muslims as vermin and disease.
We also found that levels of Islamophobia increase around certain events. Ramadan, for example, seems to have led to a wave of conspiracy theories around Muslims with claims the virus is likely to spread around this time.
We also found the depiction of British Muslims on social media was synonymous with deviance and being a problem-group. And that a number of fake news stories featured claims that Muslims are flouting social distancing measures to attend mosque. One picture, for example, taken outside a Leeds mosque appears to show Muslims breaking the rules of lockdown, despite this having been taken two weeks before the official lockdown began.
In another example of fake news, a Twitter user claimed to have spoken to his local mosque in Shrewsbury. The user claimed to be horrified to find out this mosque was still open, adding that people inside could be super spreaders of the virus, and urged the police to act. The police have confirmed, however, that there is no mosque in Shrewsbury.
Similarly, a picture emerged on Twitter that seemed to show Muslims praying on the streets of central London and not adhering to social distancing rules. Again, the story was debunked as the picture had been taken several weeks ago.
Muslims are the enemy
The problem with such disinformation is that it can lead to wider retribution against Muslims. On one Facebook post, for example, messages from users indicated they wanted Muslims off the streets!! another added that Muslims are praying in groups then driving taxis afterward.
We also found evidence of users focusing on grooming events in Rotherham to call British Muslims deviant. Another user stated that all over the world these ignorant religious idiots are responsible for spreading this further. This led to wider dehumanizing language around wanting British Muslims to go back home.
Evidence suggests that BAME people seem to be the most impacted by COVID-19. Figures show that 35% of almost 2000 patients in intensive care units are from a BAME background, compared to 14% of the UK population. And the sad truth is that, as we fight the pandemic offline, a pandemic is also spreading online.
Social media companies must do more to tackle this and remove posts that are clearly using dehumanizing language. If not, the risk is that this could escalate to attacks and incidents when restrictions on movement are lifted.
This article is republished from The Conversation by Imran Awan, Professor of Criminology, Birmingham City University under a Creative Commons license. Read the original article.
Corona coverage
Read our daily coverage on how the tech industry is responding to the coronavirus and subscribe to our weekly newsletter Coronavirus in Context.
For tips and tricks on working remotely, check out our Growth Quarters articles here or follow us on Twitter."
13,"{'id': 'reuters', 'name': 'Reuters'}",Peter Eisler,Special Report: 'Death Sentence' - the hidden coronavirus toll in U.S. jails and prisons,"When COVID-19 began tearing through Detroit’s county jail system in March, authorities had no diagnostic tests to gauge its spread. But the toll became clear as deaths mounted. First, one of the sheriff’s jail commanders died; then, a deputy in a medical unit.",https://www.reuters.com/article/us-health-coronavirus-usa-jails-specialr-idUSKBN22U1CK,https://s4.reutersmedia.net/resources/r/?m=02&d=20200518&t=2&i=1519005777&w=1200&r=LYNXMPEG4H12R,2020-05-18T11:04:49Z,"(Reuters) - When COVID-19 began tearing through Detroit’s county jail system in March, authorities had no diagnostic tests to gauge its spread. But the toll became clear as deaths mounted. First, one of the sheriff’s jail commanders died; then, a deputy in a medical unit. 
“Working in the Wayne County Jail has now become a DEATH sentence!” the head of the deputy sheriffs’ union, Randall Crawford, wrote on Facebook as the losses mounted. 
By mid-April, the jail system’s medical director and one of its doctors also had died from COVID-19, the disease caused by the new coronavirus. The virus was everywhere, but jail officials had little sense of who was infected and spreading it. 
Testing of inmates and staff needed to determine who should be quarantined to slow transmission was just getting started. In the weeks since, more than 200 staff and inmates have tested positive. 
COVID-19 has spread rapidly behind bars in Detroit and across the nation, according to an analysis of data gathered by Reuters from 20 county jail systems, 10 state prison systems and the U.S. Bureau of Prisons, which runs federal penitentiaries. 
But scant testing and inconsistent reporting from state and local authorities have frustrated efforts to track or contain its spread, particularly in local jails. And figures compiled by the U.S. government appear to undercount the number of infections dramatically in correctional settings, Reuters found. 
In a May 6 report, the U.S. Centers for Disease Control and Prevention surveyed 54 state and territorial health departments for data on confirmed COVID-19 infections in all correctional facilities local jails, state prisons and federal prisons and detention centers. Thirty-seven of those agencies provided data between April 22-28, reporting just under 5,000 inmate cases. 
Reuters documented well over three times the CDC’s tally of COVID-19 infections about 17,300 in its far more modest survey of local, state and federal corrections facilities conducted about two weeks later. The Reuters survey encompassed jails and prisons holding only 13% of the more than 2 million people behind bars nationwide. Among state prisons doing mass testing of all inmates, Reuters found, some are seeing infection rates up to 65%. 
The CDC tally “is dramatically low,” said Aaron Littman, a teaching fellow specializing in prison law and policy at the law school of the University of California, Los Angeles. “We don’t have a particularly good handle” on COVID-19 infections in many correctional and detention facilities, “and in some places we have no handle at all.” 
Problems with unreliable data aren’t unique to corrections. Epidemiologists say the incidence of COVID-19 in the general U.S. population also is unclear due to limited testing, especially in the pandemic’s early days. And the CDC acknowledged in its report that its infection count for jails and prisons was similarly hampered by spotty data and “not representative” of the disease’s true prevalence in those facilities. 
But uneven testing for COVID-19 in correctional settings and erratic reporting of confirmed cases have profound implications for health officials and policy makers tracking its spread, because epidemiologists see jails and prisons as key pathways of transmission. 
EVIDENCE OF “A CRISIS” 
The United States has more people behind bars than any other nation, a total incarcerated population of more than 2.2 million as of 2018, including nearly 1.5 million in state and federal prisons and just under 740,000 in local jails, according to the U.S. Bureau of Justice Statistics. 
Jails generally keep inmates for short stays: arrestees awaiting trial or people serving short sentences. The churn of these inmates raises the risk of infections among both the inmates themselves and jail staff, who can carry the virus to and from the community. 
Prisons, which hold convicted criminals on longer sentences, also are fertile ground for the virus. While inmates come and go far less frequently, the pathogen can be carried in from the community by a single contagious staffer, spread quickly in crowded cell blocks, and be re-introduced to the community by other, newly infected workers. 
Reuters collected data from 37 state prison facilities across the country that have done mass testing for COVID-19 among all inmates, including those with no symptoms, and found more than 10,000 confirmed cases among the 44,000 tested. There were 91 deaths from the disease at those facilities, which span 10 states. 
In contrast, federal prisons, which typically limit testing to inmates with obvious symptoms, reported confirmed infections in fewer than 4,200 of their total inmate population of about 150,000, with 52 deaths. 
The situation in the nation’s 2,800 local jails is even more opaque. Many don’t report their COVID-19 cases publicly, and there is no national tracking of their infection numbers. 
Reuters surveyed the 20 U.S. counties with the largest jails, holding an average total of about 73,000 inmates, and found nearly 2,700 confirmed COVID-19 cases a figure that has risen nearly 30-fold over the past six weeks. While some of that increase is a result of increased testing during that time, it still reflects an almost certain undercount, because testing remains limited in many of those facilities. 
The surge in jail infections comes amid a chorus of concerns from judges, oversight agencies, corrections officers, defense lawyers and civil rights groups that most local lockups are ill-equipped to control the virus, which has killed at least 310,600 people worldwide. Unlike state and federal prisons, typically equipped to provide health care for long-term inmates, jails often have little medical capacity. 
In health care, jail inmates “are the last and the least and the lost,” said Dr. Thomas Pangburn, chief medical officer for Wellpath LLC, the medical contractor in Wayne County’s jails and hundreds of others nationwide. Many jails have been overlooked in the race to secure COVID-19 test kits and medical supplies for hospitals and nursing homes, he said, but “we have the most vulnerable population in a very confined space meant for correctional housing and not for medical care.” 
In many jails and prisons, the toll of COVID-19 on corrections officers and other staff approaches that of inmates and here, too, the numbers reported to the CDC by state and local authorities appear to be a vast undercount. 
The CDC report documented nearly 2,800 COVID-19 cases among staff across all U.S. correctional facilities. But Reuters found more than 80% of that number upwards of 2,300 infected jail and prison workers in its far less comprehensive survey of just the federal prison system, a few dozen state prisons and the 20 counties with the biggest local jails. 
In an effort to curb infection rates, many jails and prisons are releasing inmates to create more distance among those remaining behind bars. That has raised concerns about whether inmates, particularly in jails, are being screened for COVID-19 before returning to the community, where many can’t get medical care. 
More than 37,000 state and federal prisoners have been released since March 31, according to U.S. government data and records collected from 41 state prison systems by the Vera Institute of Justice, a research group that seeks to reduce incarcerated populations. There is no national tracking of local jail releases, but in just the 20 counties surveyed by Reuters, at least 14,000 jail inmates have been let go. 
Releasing inmates is critical “both in jails and surrounding communities, because of the role jails serve as vectors” for spreading the virus, said Udi Ofer, justice division director at the American Civil Liberties Union, which has filed dozens of “decarceration” suits and legal petitions. “It’s a crisis.” 
Some groups have pushed back. Victims’ rights group Marsy’s Law, named after the murdered sister of billionaire Henry Nicholas, has criticized the releases, expressing concern that crime victims aren’t always notified when inmates are let out. 
NO TESTS, NO PROTECTION 
U.S. President Donald Trump declared the COVID-19 pandemic a national emergency on March 13. By that time, officials in the Wayne County Sheriff’s Office already were scrambling to address a looming outbreak in their three jails. 
Days earlier, Sheriff Benny Napoleon and Chief Robert Dunlap, the jails supervisor, had laid plans to keep inmates more separated, cut public visits and quarantine new arrivals rules that took effect just after Trump’s announcement. On March 19, the jail also began releasing low-level offenders, for the most part inmates with risky medical conditions. 
Staff and inmates were already falling ill across the jail system, which typically houses a population of about 1,400. Donafay Collins, 63, a jail commander, was hospitalized with a COVID-19 infection that would kill him less than two weeks later the first death among the four staffers claimed by the virus. 
“It’s like a bad dream,” Chief Dunlap said in an interview with Reuters. 
Meanwhile, getting diagnostic tests and protective equipment to track and manage the virus proved challenging, Dunlap said. Suppliers had little to offer, and just about everything they had was going to hospitals and emergency medical services. 
Hunting for face masks, the sheriff’s office turned to Michigan Governor Gretchen Whitmer, who had been pressing the federal government to give states more supplies from federal stockpiles. On March 20, state officials sent the sheriff 7,500 N-95 masks provided by the U.S. Department of Homeland Security. 
The highly protective masks are used by staff handling sick inmates, Dunlap said. Basic surgical masks became available later for more routine use by both staff and inmates, he added. 
Getting test kits proved even harder. As COVID-19 raced through Wayne County’s jails in March, corrections officers needing tests had to visit a local testing center or hospital, where they often were refused if they did not show specific symptoms, Dunlap said. It wasn’t until April 6 the day the virus killed the jails’ medical director, Dr. Angelo Patsalis that officers began getting regular tests through the Wayne State University Physician Group. 
Getting the tests was “a matter of life and death,” said Crawford, the head of the deputy sheriffs’ union, in an interview. 
For inmates, however, testing remained elusive. 
In late March, the sheriff directed the jail’s medical contractor, Wellpath, to obtain test kits for inmates, but the company couldn’t get enough due to heavy demand, Dunlap said. “Wellpath, like every other provider around this county, couldn’t get them.” So, COVID-19 testing was limited to inmates with symptoms. 
By April 30, the jail’s population had dropped to just 834 inmates about 500 had been released and only 89 had been tested for the new coronavirus. Of those tested, 29 were positive, just over 30%, according to the sheriff’s office. Among the sheriff’s 810-member staff, 196 had tested positive, or 23% of whom 89 have returned to work. 
On May 7, the jail expanded testing to all inmates under a grant from the Hudson Webber Foundation. That should “further mitigate the spread of the virus” inside and outside the jail, Dunlap said, and help identify infected inmates before release. 
As in many states, Michigan’s prison system began universal testing earlier than the jails. 
On April 21, Michigan’s Department of Corrections began testing for coronavirus infections in large numbers of inmates even if they showed no sign of illness, said department spokesman Chris Gautz. 
Demands for mass testing are growing. The ACLU and the Council of Prison Locals, representing 30,000 federal prison employees, called earlier this month for universal testing in all federal lockups. 
But some public health experts are ambivalent on that approach. The CDC’s guidance for correctional facilities calls for quick COVID-19 testing of inmates who appear symptomatic, but it takes no position on universal testing. 
The guidance reflects a belief among some public health experts that testing only symptomatic inmates and, in some scenarios, a sample of the rest may suffice for assessing the virus’ overall prevalence in a jail or prison, said Marc Stern, former medical director for the Washington State prison system and a faculty member at the University of Washington School of Public Health. Testing every asymptomatic inmate may not make sense if a jail lacks the capacity to isolate and trace the contacts of those who test positive and also because not everyone who tests positive may be contagious. 
In Michigan’s prison system, however, officials say mass testing has been valuable. 
“If you don’t know where the problem is, you can’t fix it,” spokesman Gautz said. 
‘IT’S CRAZY IN THERE’ 
Charles Peterson, 78, began showing symptoms of COVID-19 a week after a parole violation landed him in Colorado’s Weld County Jail on March 11. By the time he was released on March 30, he was on the verge of dying from it. 
Peterson declined quickly, two fellow inmates told Reuters. Coughing and disoriented, they said, he eventually struggled to stand and began losing control of his bladder and bowels. 
Donovan Birch said he and other inmates alerted jail staff, but Peterson was left in the general population. Birch also became ill with COVID-19 symptoms after his exposure to Peterson, he said, but never was tested. 
Peterson “needed help,” said Birch, who was jailed on a parole violation for trespassing charges. “I knew he was going to die if he didn’t get it.” 
Instead, Peterson was released; two days later, he was dead. Official cause: “acute respiratory failure, viral pneumonia and COVID-19 infection.” 
Peterson likely was a “superspreader,” according to an infectious disease expert who inspected the jail on behalf of inmates for a lawsuit they filed seeking better sanitary and safety measures. By early May, at least 10 of the jail’s roughly 480 inmates had tested positive for the virus but just 22 had been tested. Eighteen deputies had also been infected, the jail said. 
The inmates’ lawsuit claims Weld County Sheriff Steven Reams “willfully disregarded public health guidelines” by leaving three to four inmates to a cell, sharing sinks and toilets, as the virus spread. “Failing to prevent and mitigate the spread of COVID-19 endangers not only those within the institution,” the suit says, “but the entire community.” Reams declined to comment. 
The case is among more than 100 lawsuits nationwide, many of them class-action cases, seeking mass releases of inmates or other measures to reduce overcrowding and infection risks in jails hit by the new coronavirus, according to the UCLA law school’s COVID-19 Behind Bars Data Project. Many of those cases, as well as hundreds more filed by individual inmates, argue that confinement in facilities with COVID-19 outbreaks violates the U.S. Constitution’s protections against cruel and unusual punishment. 
Inmates have been issued masks since early April and have access to soap, hand sanitizer and cleaning supplies, said Weld County Sheriff’s spokesman Joe Moylan. He noted the jail has been on lockdown since April 1 the day Peterson died and inmates are rotated out of their cells in small groups to common areas that allow for social distancing. He declined to comment on the litigation and the specific cases of Peterson and Birch. 
Peterson was released after Colorado’s Department of Corrections decided not to hold him for his parole violation, part of the effort to slow COVID-19 transmission in local jails by reducing inmate populations. Since March 1, the jail has reduced its population by more than 300 inmates; fewer than half its 954 beds are occupied. 
Peterson’s parole violation involved failing to renew his sex offender registration while living at “Rock Found,” a re-entry home for convicts returning to the community. When he was let out of jail, a former Rock Found roommate brought him back to the home, cold, shivering, barely able to walk. 
The program director called paramedics. 
“I honestly could not believe that not a single person from the Weld County Jail had told anyone at Rock Found that they were releasing a seriously sick person into our care,” the director, Cheryl Cook, said in a statement filed in the inmates’ lawsuit. 
Moylan, the sheriff’s spokesman, said Peterson was not tested for COVID-19 because he was not overtly symptomatic. 
The conditions at the jail violated the constitutional rights of medically vulnerable inmates, a federal judge ruled May 11. He ordered the sheriff to socially distance those at risk, provide single cells when possible, and improve cleaning of communal spaces. 
Many of the problems addressed by the judge were identified by the plaintiffs’ expert witness during two visits to the jail in April. He reported to the court that he found most inmates confined to group cells more than 22 hours a day with no handwashing options unless they were let out to a bathroom. Many complained of unsanitary conditions and said shared sinks and toilets were not cleaned between uses, the expert reported. 
Ralph Brewer, 41, jailed for violating a restraining order, told Reuters he was directed to continue working in the kitchen after developing nausea and a bad cough. Staffing was short, he was told, so he had to work unless he had a fever. 
“It really concerned me. We had no masks, just gloves,” Brewer said. He requested a doctor to check his lungs, he said, but nurses only gave him Tylenol, cough medicine and instructions to stay hydrated. 
Brewer was released on April 3 and his daughter took him straight to an urgent care clinic. The doctor said he had COVID-19 symptoms no tests were available and told him to quarantine for 14 days, Brewer said. He recovered at his mother’s house. 
“I was lucky to get out, but I’m worried about the people still in jail,” Brewer said. “It’s crazy in there.” 
Additional reporting and data analysis by Grant Smith. Peter Eisler, Linda So and Brad Heath reported from Washington. Ned Parker reported from New York. Editing by Jason Szep"
14,"{'id': 'reuters', 'name': 'Reuters'}",Brendan O'Brien,"In one Florida school district, virtual school is not a virtual vacation","Many U.S. schools have stopped taking attendance since the COVID-19 pandemic forced classes online, but one South Florida district has remained committed to the scholastic task, saying it is a way to keep students safe and productive while learning at home.",https://www.reuters.com/article/us-health-coronavirus-usa-attendance-idUSKBN22O1KX,https://s2.reutersmedia.net/resources/r/?m=02&d=20200512&t=2&i=1518325086&w=1200&r=LYNXMPEG4B0UI,2020-05-12T11:10:46Z,"(Reuters) - Many U.S. schools have stopped taking attendance since the COVID-19 pandemic forced classes online, but one South Florida district has remained committed to the scholastic task, saying it is a way to keep students safe and productive while learning at home. 
Broward County, outside Miami, has used daily attendance as a tool to quickly find students who were unable to participate in online classes because their households lacked laptops or internet access. Checking attendance has also helped officials identify those children in families particularly hard hit by the pandemic, whether through illness or financial setbacks. 
“A lot of kids are in home situations that are even more stressed than they have ever been,” said Robert Runcie, superintendent of the district, the sixth-largest in the United States, with 330 schools and 270,000 students. The district closed its school buildings on March 16 and launched online classes on March 30. 
“If we’re not tracking their attendance,” he said, “then in some ways we are neglecting our responsibility to make sure those kids are safe.” 
That puts Broward County in the minority. Only a third of 100 school districts tracked by the Center on Reinventing Public Education in the wake of the coronavirus pandemic have said they are still taking attendance. 
A handful of states, including California and Texas, have waived average daily attendance requirements for state funding. In those states, districts are now receiving state money even if they have stopped monitoring attendance. 
Many large districts, including Los Angeles and Chicago, have stopped taking daily classroom attendance. Others track students only when they download materials, complete assignments or answer daily questions online. 
“Teachers are not necessarily in contact with students every day,” said Hedy Chang, director of Attendance Works, an organization that tracks attendance policy. 
“If your remote learning strategy is just sending packets home, then what’s attendance?” she said. 
NO STONE UNTURNED 
By contrast, Broward students are counted as present after logging in to an online portal, a single entry point to the district’s suite of educational applications. Teachers also count students who are participating online and measure their engagement. 
A student is marked absent if he or she fails to log in, triggering a response from school officials who will call parents, family members and even friends in hopes of tracking down and reconnecting with the pupil. 
That effort has exposed the so-called digital divide among students. Attendance data, for example, showed 13 students who live in a disadvantaged neighborhood of Broward County were absent from school three weeks ago. 
When the district discovered the students lived in households without internet service, it dispatched a technician to bring them mobile hot spots, enabling them to log in to virtual classes. 
“We will not leave a stone unturned,” said Laurel Thompson, the district’s director of student services. “Every child matters.” 
Since the pandemic struck, the district has distributed more than 90,000 laptops and mobile hot spots, officials said. 
But some students have struggled to attend online classes as they are now working full-time to help support their struggling families, dealing with sick family members or living in unstable homes. When they appear absent, the district has dispatched social workers to connect the student with support services. 
Frequent absence from class is usually “a symptom of something more,” Thompson said. “We have an ethical responsibility and a moral mandate to serve these students and their families.” 
The effort to track down and help absent students through attendance taking has been fruitful, Broward officials said. In recent weeks, the district has reduced its number of non-engaged students from 6,600 to 1,700. Overall, the district’s daily attendance during the pandemic is at 91%, or 3 percentage points lower than normal. 
In one case, Broward second-grade teacher Vivian Lewis noticed during her daily attendance-taking that one of her students was absent from online classes. After phone calls to his Spanish-speaking family, she was able to help him get logged in to virtual classes. 
“I felt like he was thinking, ‘Where’s everybody? Where’s my teacher? Why isn’t she checking on me?’” Lewis said. “I could envision him ... being scared.” 
Reporting by Brendan O'Brien in Chicago; Editing by Matthew Lewis"
15,"{'id': 'reuters', 'name': 'Reuters'}",Andrew MacAskill,Exclusive: Review contradicts Boris Johnson on claims he ordered early lockdown at UK care homes,"Prime Minister Boris Johnson told Britain's parliament on Wednesday that his government moved swiftly to protect the country's vulnerable care homes. Under increasing pressure to defend his record on fighting Covid-19, he said: ""We brought in the lockdown in …",https://www.reuters.com/article/us-health-coronavirus-britain-carehomes-idUSKBN22R1O2,https://s2.reutersmedia.net/resources/r/?m=02&d=20200515&t=2&i=1518745009&w=1200&r=LYNXMPEG4E0X3,2020-05-15T11:13:54Z,"LONDON (Reuters) - Prime Minister Boris Johnson told Britain’s parliament on Wednesday that his government moved swiftly to protect the country’s vulnerable care homes. Under increasing pressure to defend his record on fighting Covid-19, he said: “We brought in the lockdown in care homes ahead of the general lockdown.” 
An examination by Reuters of the guidance issued to care homes, as well as interviews with three care home providers, has provided no evidence that any such early lockdown was ordered. 
The government's handling of care homes has emerged as a major controversy in parliament. According to a Reuters analysis of official figures here the pandemic has resulted in over 20,000 deaths in UK care homes. 
The prime minister’s spokesman told reporters on Wednesday that in his comments earlier that day to parliament, Johnson was referring to government advice to care homes, issued on March 13. This advice, he said, was “recommending essential visits only, that obviously came before we took steps nationwide in relation to social distancing.” The government issued a general lockdown order to the nation on March 23. 
The March 13 guidance here://www.gov.uk/government/publications/covid-19-residential-care-supported-living-and-home-care-guidance/covid-19-guidance-on-residential-care-provision by the government was equivocal, a review of the documents shows. The advisory, reviewed by Reuters, did not impose a ban on visits from family or friends. 
Instead, the document from Public Health England, an official agency, advised home providers to “review their visiting policy by asking no one to visit who has suspected Covid-19 or is generally unwell, and by emphasising good hand hygiene for visitors.” Balancing those restrictions, it said that care home policies “should also consider the wellbeing of residents, and the positive impact of seeing friends and family.” 
At a press conference on March 16, Johnson commented that “absolutely, we don’t want to see people unnecessarily visiting care homes.” 
Reuters found no official guidance which made that advice mandatory. The news agency asked 10 Downing Street, Johnson’s office, if it could point to any official order that care homes must close to outside visitors, prior to the broader UK lockdown on March 23. A government spokeswoman referred Reuters to the March 13 advice. Asked if there were further instructions to care homes between March 13 and the March 23 general lockdown, the spokeswoman said there were not. 
In a statement, the government said it had been “keeping in regular contact with care homes to provide guidance on reducing the spread of infection. We have continued to review and update our guidance, in line with the latest scientific advice.” 
The government’s cautious approach to imposing restrictions was signaled earlier in March by Chris Whitty, the chief medical adviser. At the launch of the government’s coronavirus action plan, on March 3, Whitty told journalists that specific advice for care homes would be issued in future, “but one of the things we are keen to avoid is doing things too early.” He explained that premature action would bring no benefit “but what you do get is a social cost.” 
A Reuters investigation last week here detailed how the government's focus on shielding hospitals, to prevent emergency wards from being overwhelmed, left care home residents and staff exposed to COVID-19. To free up hospital beds, many patients were discharged into homes for the elderly and vulnerable, many without being tested for the coronavirus that causes the disease. 
On May 5, when Reuters initially asked the Department for Health and Social Care when an order was first given to ban care home visits by family and friends, a press officer responded: “There was no order, care providers make their own decisions about visitors.” 
Later that day, another press officer said the guidance was issued in a document dated April 2 here which said visits should only be made in exceptional circumstances, such as when residents are dying. That guidance was issued 10 days after the national lockdown and 20 days after the earlier, more nuanced advice to care homes. 
Joyce Pinfield, who runs two care homes and is on the board of directors at the National Care Association, a body which represents care providers, said she spent time Wednesday after Johnson’s comments to parliament trying to find out when the order to lock down care homes was made. She said she found no trace of any order prior to the wider UK lockdown on March 23 and the April 2 instruction closing homes to outside visits, and concluded there hadn’t been one. 
“The guidance should have been far better,” she said. “It was left to care providers to make their own decisions.” 
Pinfield’s view was echoed by Julie Nicholls, the manager of the Appleby Lodge residential home in Cornwall. Nicholls said care home managers were left to make their own decisions about whether to restrict visits. She closed her care home on March 13, the day after the government moved the threat level of the virus to “high” and the prime minister warned the nation to expect to lose loved ones. 
Nicholls said she “definitely didn’t have any government guidance” to close before the general lockdown ordered by Johnson on March 23. “There was never a formal order,” she said. 
Opposition MPs have accused Johnson this week of misleading parliament over the government’s handling of the coronavirus. 
Labour leader, Keir Starmer, confronted the prime minister in parliament on Wednesday with Public Health England guidance for care homes that was in place from February 25 to March 12. This stated, as reported by Reuters on May 5, that “it remains very unlikely that people receiving care in a care home will become infected.” A government spokesman told Reuters in early May that the advice “accurately reflected the situation at the time when there was a limited risk of the infection getting into a care home.” 
Johnson replied to Starmer that “it wasn’t true that the advice said that.” 
After the debate, Starmer wrote to Johnson asking him to correct his remark. The prime minister responded that he stood by his comments and accused the Labour leader of selectively and misleadingly quoting from the documents. 
Reuters is examining the UKs response to COVID-19 crisis. If you have information you can direct message our reporters @StephenGrey twitter.com/StephenGrey or @andymacaskill twitter.com/andymacaskill on Twitter. 
reporting by Andrew MacAskill and Stephen Grey; editing by Janet McBride"
16,"{'id': 'reuters', 'name': 'Reuters'}",Sudipto Ganguly,Grand Slams plan ahead to avoid Djokovic fate - Reuters India,Days after a handful of the world's leading tennis players hugged and high-fived on court in front of packed stands and partied together in carefree fashion some - including world number one Novak Djokovic - were struck down by the COVID-19 virus.,https://in.reuters.com/article/health-coronavirus-tennis-quarantine-idINKBN23V2IB,https://s3.reutersmedia.net/resources/r/?m=02&d=20200624&t=2&i=1523354032&w=1200&r=LYNXMPEG5N1RL,2020-06-24T16:24:00Z,"(Reuters) - Days after a handful of the world’s leading tennis players hugged and high-fived on court in front of packed stands and partied together in carefree fashion some - including world number one Novak Djokovic - were struck down by the COVID-19 virus. 
As a cautionary tale, it could hardly be more stark. 
For while the images from the Adria Tour exhibition tournament in Serbia and Croatia were no doubt a fillip for some fans starved of top-flight tennis action, the organisers also tempted fate with the lack of precautions. 
Though the players were not breaking government protocols during the tournament, which was organised by Djokovic, it highlighted the risks of athletes from different countries mingling without adhering to what have become social distancing norms. 
    Few were, therefore, surprised when Djokovic contracted the virus with Bulgarian Grigor Dimitrov, Croatia’s Borna Coric and Viktor Troicki having already tested positive after playing in his Balkan event. [nL8N2E03KO] 
Hindsight offers clarity, but organisers of the world’s biggest tournaments say they will not make the same mistakes as they reopen the sport and seek to keep the players safe. 
“There were a fair few learnings that have come out of that (Adria Tour),” Tennis Australia’s (TA) Chief Operating Officer Tom Larner told Reuters. 
“And whilst, certainly the whole event was actually really well-intentioned in terms of raising money for charity, the execution was clearly not great, as were the processes in place.” 
Australia had successfully curbed the virus spread but a double-digit increase in new cases recently has triggered fear of another wave due to apparent community transmission. 
TA gave a glimpse of the biosecurity protocols that could be in place for next year’s Australian Open while announcing measures for the domestic UTR Pro Tennis Series, which will be played at closed stadiums. [nL4N2E11A8] 
Players would have to bring their own towels and will be encouraged to shower off-site. On-court personnel would be limited to an umpire, minimal line judges with no ball-kids. 
NO SPECTATORS 
First up, though, will be the U.S. Open, scheduled to be held in New York from Aug. 31. Organisers have come under fire, including from Djokovic, who initially called their measures “extreme”. They will now feel vindicated. 
    “This situation is exactly why we have created a comprehensive health and medical plan... that was approved by New York State,” USTA spokesman Chris Widmaier told Reuters. 
    “The creation of a controlled U.S. Open environment, including official hotels, transportation, food, medical and safety protocols, enables us to mitigate potential risk, and appropriately respond to any issues.” 
    The U.S. Open will have no spectators, there will be limitations on players’ entourage and everyone must wear masks when onsite unless practising or competing. Testing will be conducted before travelling to the United States and at least once per week along with daily temperature checks. 
    New York City has witnessed an easing of lockdown restrictions in recent days but residents have been asked to follow social distancing norms and cover faces in public. 
    Restaurants and bars began offering outdoor service and many retailers started to allow patrons back into their stores. 
    Serbia introduced a state of emergency soon after the pandemic broke out, including daily curfews for 12 hours, but gradual easing of measures saw 25,000 fans flock to a soccer derby between Belgrade rivals Red Star and Partizan on June 10. 
    A sellout crowd of 4,000 attended both days of the Belgrade leg of Djokovic’s tournament, staged at his tennis centre by the Danube River. 
    Croatia, where the tournament’s second leg was held in Zadar, still had social distancing norms in place and the Visnjik tennis complex, with a capacity of 9,000, hosted half as many spectators. 
    It did not stop Djokovic and his fellow players from playing basketball there, images of which were jarring to many as the majority of the world continued to battle the virus. 
    Djokovic, who heads the players council of the men’s ATP Tour, said he was wrong and “deeply sorry”. 
Reporting by Sudipto Ganguly in Mumbai; additional reporting by Zoran Milosavljevic in Belgrade and Ian Ransom in Melbourne; editing by Ossian Shine and Toby Davis"
17,"{'id': 'reuters', 'name': 'Reuters'}",Reuters Editorial,Oil prices hold ground after sharp retreat on virus fears - Reuters,"Oil prices inched up in early trading on Thursday after sliding more than 5% in the previous session on worries that a rapid rise in COVID-19 cases could choke a revival in fuel demand, but volumes were thin with China out on a public holiday.",https://www.reuters.com/article/us-global-oil-idUSKBN23W05W,https://s1.reutersmedia.net/resources/r/?m=02&d=20200625&t=2&i=1523405503&w=1200&r=LYNXMPEG5O03A,2020-06-25T01:51:00Z,"MELBOURNE (Reuters) - Oil prices inched up in early trading on Thursday after sliding more than 5% in the previous session on worries that a rapid rise in COVID-19 cases could choke a revival in fuel demand, but volumes were thin with China out on a public holiday. 
U.S. West Texas Intermediate (WTI) crude futures rose 12 cents, or 0.3%, to $38.13 at 0129 GMT after dropping $2.36 on Wednesday. 
Brent crude futures climbed 5 cents, or 0.1%, to $40.36, after falling $2.32 on Wednesday. A day earlier, the benchmark contract hit its highest price since early March, just before pandemic lockdowns and a Saudi-Russian price war slammed markets. 
Wednesday’s selloff came after U.S. government data showed crude stockpiles rose by 1.4 million barrels, driving inventories to a record high for a third straight week last week. 
However analysts said that was mostly due to a flotilla of Saudi cargoes booked by U.S. refiners when prices slumped in March. Those shipments are due to ease soon. 
On the positive side, the U.S. data showed a healthy increase in implied demand for gasoline, said National Australia Bank’s head of commodity research, Lachlan Shaw. 
Gasoline supplied, a proxy for demand, jumped by 9% from the previous week, and U.S. gasoline stocks fell by 1.7 million barrels, the Energy Information Administration said, a bigger draw than analysts had expected. 
However worries about a second wave of COVID-19 cases in several U.S. states, where lockdowns had eased, and a rapid spread of infections in South America and South Asia are expected to keep a lid on fuel demand. 
The fear is that even if lockdowns are eased, people will stay home because of the perceived health risks. 
“The latest trends there are not encouraging,” Shaw said. 
Stephen Innes, market strategist at AxiCorp, said mobility data from Google showed driving in Texas, Florida and to a certain extent California was flatlining. 
In another reminder of fuel demand woes, Australia’s flagship airline, Qantas Airways, said on Thursday it expected little revival in international travel until at least July 2021, as it slashed a fifth of its workforce and grounded 100 planes. 
“It highlights the reality that we’re talking years before international aviation recovers probably three to four years,” Shaw said. 
Reporting by Sonali Paul; editing by Richard Pullin"
18,"{'id': 'reuters', 'name': 'Reuters'}",Jamie McGeever,"Brazil central bank cuts 2020 GDP forecast to -6.4%, warns of uncertain recovery - Reuters","Brazil's central bank on Thursday slashed its 2020 economic growth forecast to minus 6.4% from zero due to the COVID-19 crisis, and warned that uncertainty surrounding the pace of recovery in the second half of this year remains unusually high.",https://www.reuters.com/article/us-brazil-cenbank-inflation-report-idUSKBN23W2GT,https://s4.reutersmedia.net/resources/r/?m=02&d=20200625&t=2&i=1523618282&w=1200&r=LYNXMPEG5O1V9,2020-06-25T15:09:00Z,"BRASILIA (Reuters) - Brazil’s central bank on Thursday slashed its 2020 economic growth forecast to minus 6.4% from zero due to the COVID-19 crisis, and warned that uncertainty surrounding the pace of recovery in the second half of this year remains unusually high. 
In its quarterly inflation report, the central bank repeated its view from last week’s policy meeting, when it cut interest rates by 75 basis points to a record low of 2.25%, that room for further policy stimulus was small. 
The central bank said its dramatic downward revision was largely due to the spread and severity of the COVID-19 pandemic in Brazil, which now has the world’s second highest number of confirmed cases and deaths behind the United States. 
The economy is expected to recover in the second half of the year, but only gradually. 
“Daily and weekly data suggest that activity reached its lowest level in April, with only a partial recovery in May and June,” the central bank said. 
“The level of uncertainty about the pace of economic recovery throughout the second half of this year remains higher than normal,” it added. 
A gross domestic product slump of 6.4% is in line with market consensus and steeper than the government’s -4.7% forecast. The International Monetary Fund on Wednesday slashed its 2020 GDP outlook to -9.1% from -5.3%. 
Inflation is still on track to undershoot its 2020 and 2021 targets of 4.0% and 3.75%, respectively, according to models using a mix of interest and exchange rate variables, the central bank said. 
In four scenarios outlined the report, 2020 projections varied from 1.9% to 2.4%, and the range for next year was from 3% to 3.2%. 
Among its key economic revisions, the central bank now sees industry contracting by 8.5% instead of shrinking 0.5% as predicted three months ago, 
Fixed business investment is expected to shrink by 13.8% instead of 1.1%, and services, which accounts for two-thirds of all activity, is expected to contract 5.3%. 
Reporting by Jamie McGeever; Editing by Toby Chopra, Chizu Nomiyama and Nick Zieminski"
19,"{'id': 'reuters', 'name': 'Reuters'}",Julien Ponthus,"Investors warm to Europe as Biden lead, virus fears rattle Wall Street - Reuters",European stocks look poised to make up ground on Wall Street in the second half of 2020 as Joe Biden consolidates his lead over Donald Trump ahead of the November U.S. presidential election and a surge of new COVID-19 cases threatens the U.S. economic recover…,https://www.reuters.com/article/uk-markets-stocks-europe-idUSKBN23X2BF,https://s3.reutersmedia.net/resources/r/?m=02&d=20200626&t=2&i=1523763837&w=1200&r=LYNXMPEG5P1IJ,2020-06-26T16:11:00Z,"LONDON (Reuters) - European stocks look poised to make up ground on Wall Street in the second half of 2020 as Joe Biden consolidates his lead over Donald Trump ahead of the November U.S. presidential election and a surge of new COVID-19 cases threatens the U.S. economic recovery. 
The U.S. stock market has consistently outperformed Europe since the 2016 election of Trump, which was followed by a rally widely dubbed the ‘Trump bump’. 
Fund flows suggest a shift in sentiment. Bank of America’s latest weekly report on Friday showed $6.6 billion left U.S. equity funds, the largest exodus in seven weeks, while $800 million made their way into European ones. 
The pan-European STOXX 600 has outperformed world stocks by about 1.5% in the last month, while Wall Street's S&amp;P 500 .SPX has underperformed by the same extent. 
Among factors boosting European assets is Europe’s relative success in gradually reopening its economy and the European Union’s proposed 750 billion euro ($841.73 billion) recovery fund to help countries deal with the fallout from the coronavirus crisis. 
The spending plan, which could be approved in July, would bring the EU closer to a fiscal union and as such has boosted sentiment and soothed recurrent worries about peripheral euro zone countries such as Italy. 
The common currency has risen 4% since France and Germany unveiled a joint proposal for the recovery fund on May 18. 
Graphic: Wall Street lags on virus, election angst here
APPEAL 
“The strengthening of the euro reinforces the appeal of European equities, particularly for U.S. investors”, said Emmanuel Cau, head of European equity strategy at Barclays. 
“There’s a very strong re-rating potential for the European market which has long been underinvested and undervalued.” 
Before the COVID-19 financial crash, the S&amp;P 500 .SPX had gained over 60% since November 2016, about twice as much as the pan European STOXX 600 . 
“We are warming up to European assets as the region steps up its policy response and demonstrates relative success in tamping virus growth,” BlackRock, the world’s biggest asset manager, told its clients on Monday. 
Similarly, Goldman Sachs upgraded its rating for Europe to “overweight” for the next three months, citing “a combination of favourable tailwinds”. 
Investors were pleasantly surprised this week when IHS Markit’s euro zone Flash Composite Purchasing Managers’ Index (PMI), seen as a good gauge of economic health, reached 47.5, moving closer to the 50 mark separating growth from contraction. 
Meanwhile, the U.S. newsflow was less favourable, with record COVID-19 infections and jobs data suggesting the labour market could take years to recover. 
Opinion polls give Biden a substantial lead over Trump both nationally and in key states, and betting odds currently give the Democrat candidate a 60% chance of winning. 
Goldman Sachs said the possibility of a Biden victory - and the possible reversal of Trump’s 2017 tax cuts - wasn’t fully priced into markets. 
Given the uncertainty of the race and bearing in mind the surprise win of Trump over Hillary Clinton in 2016, many may choose to stay on the sidelines and wait for the dust to settle. 
“European equities may get an edge over their U.S. peers as we get closer to the U.S. election,” Morgan Stanley’s head of cross-asset strategy Andrew Sheets told Reuters. 
Reporting by Julien Ponthus and Thyagaraju Adinarayan in London; Editing by Gareth Jones"
