,source,author,title,description,url,urlToImage,publishedAt,content
0,"{'id': 'cnn', 'name': 'CNN'}","Silvia Marchetti, CNN","They bought a $1 house in Italy, then Covid-19 struck",Buyers have been flocking to Italy to buy bargain priced houses being sold by dying towns attempting to lure new residents. But what happened to these new home owners when coronavirus descended?,https://www.cnn.com/travel/article/one-euro-house-italy-coronavirus/index.html,https://cdn.cnn.com/cnnnext/dam/assets/200519163830-roque-douglas-one-super-tease.jpg,2020-05-20T08:46:45Z,"(CNN) When Italian towns began offering houses for sale for little more than $1, they inspired legions of dreamers to take a gamble on moving to a remote corner of Italy.
Although spending a few thousand dollars extra on renovating the property was usually part of the deal, it was sweetened by the prospect of a new life in an idyllic corner of a beautiful country.
And then the coronavirus struck, plunging the world into crisis, with Italy among the worst affected countries. 
So what happens when you're quarantined in a crumbling home in a remote village where you barely speak the language and can't get home to your loved ones? Does life quickly become a nightmare?
Perhaps surprisingly given the hardships that followed, the answer seems to be no. 
CNN spoke to a few people who bought some of the Italian homes being offered cheaply by towns wanting to reverse declining population trends. 
We found them feeling upbeat and eager to complete their property remodeling and make their Italian dream come true.
Despite the unexpected turn of events, it seems being stuck in Italy hasn't been such a negative experience after all. 
And the virus crisis has made them appreciate even more the beauty of Italy's rural villages -- so much so that some are looking to invest in more cheap properties. 
Miami-based artist Alvaro Solorzano is currently stuck in Mussomeli, a picturesque town in the southern island of Sicily where last year he purchased two cheap properties -- one of them costing just one euro, or a little over a dollar. 
In March he arrived with his wife, son and son's girlfriend to start renovating the houses. The other three headed back to Miami and Solorzano was due to follow them a couple of weeks later, but then his flight was canceled. 
""I lost track of time. We came here together and I ended up living the quarantine in Mussomeli all by myself, without any furniture just a bed and TV, and nobody to talk to,"" he tells CNN. ""That was the hardest thing. Had my wife or son been with me, it would have been different.""
Solorzano had been staying in a B&amp;B, but when this closed because of Covid-19 restrictions, he was forced to move into the less dilapidated of his two properties, which was just about habitable. 
Since then, he's been killing time by watching TV, learning Italian, going to the supermarket (""the nicest part of the day"") and talking on the phone with his family. Little by little, he's been making the most out of the situation by repairing and painting the walls of the house. 
""I did little things but it helped me use time, so when my son and his girlfriend come back their home will be ready,"" he says. ""Luckily the hardware store in town has always been open and I'm so glad we bought two properties and not just the one euro house as it has no water nor electricity."" 
Despite an initial hardship, he says his new neighbors helped him throughout the ordeal. 
""The first two nights were terrible,"" he says. ""It was cold, I slept with my jacket on top of my pajamas but then the neighbors were great. I can't complain. They gave me heaters and even offered blankets, which I had, but I could use their internet."" 
""They kept checking in on me, brought me tons of food for Easter which took me three days to eat. I don't know what I would have done without them.""
Mussomeli, surrounded by honeysuckle and eucalyptus trees, boasts one of Italy's most breathtaking fortresses, known as the Enchanted Castle, which clings like a spider on a pointed rock.
The fertile green farmland is dotted with old sulfur mines, sanctuaries, Roman necropolises and traces of primitive settlements.
The town's name means ""Hill of Honey"" in Latin.
But to Solorzano the sweetest attractions of the place are its welcoming residents. 
""They're wonderful, I know everyone by name,"" he says. ""There's Mario, the guy who delivers the bread. I've got no words to describe how grateful I am of having them and don't know how I could ever repay them for all they did."" 
Initially tough restrictions have now eased in Italy, allowing him to walk around, but at first it was hard, he admits, as there was nothing to do. ""It was terrible, just staying at home, I felt like being in jail sometimes."" 
Now he relishes being able to chat to locals and stroll to Mussomeli's viewpoint, where he can sit on a bench and enjoy fresh air and mountain panoramas. 
As a painter, Solorzano says he would've loved doing some artwork, but due to the lockdown he couldn't find a pallet or a canvas. 
""I'm working hard to try to get back home, but a flight which I recently booked has also been canceled so I really don't know when I will return to the States,"" he says. ""I want to be back before Father's Day in June. I've already missed so many festivities I could have celebrated with my family.""
Solorzano's Sicilian quarantine has made him love Mussomeli even more. The ordeal, instead of having killed enthusiasm for his one euro house adventure, has fueled a desire to purchase a third abandoned building. 
""I love this town and the people, even if they don't know you, they help you out. It's like being in another world. You don't get this in the States"". 
Brazilian businessman Douglas Roque is another dilapidated home purchaser whose enthusiasm for starting a new life has been undimmed by coronavirus. 
Roque was in Fabbriche di Vergemoli, Tuscany, overseeing the renovation of a one euro farm dwelling when lockdown struck and his flight back home was canceled. 
Together with his Brazilian-Italian friend Alberto Da Lio, both from Sao Paulo, the two were also in town to oversee the potential purchase of an entire abandoned area for other Brazilian buyers. 
Had they not been able to stay at Da Lio's family house near Venice, with hotels in Vergemoli shut and the abandoned dwelling totally uninhabitable, they would have had nowhere to go, says Roque. 
Fabbriche di Vergemoli is a cluster of hamlets scattered in the UNESCO-listed protected forest of the Apuan Alps. The area is dotted with ruins of abandoned miners' dwellings overrun by vegetation. Many areas can be reached only by foot. 
Roque's dilapidated three-story farm, which comes with a chestnut cellar and forgotten old wine barrels, is located in the neighborhood of Dogana, where a pristine stream runs below an ancient, picturesque bridge.
""I was about to start the restyle and then everything was blocked,"" says Roque. ""It was terrible, our return flight was canceled and we had issues with the Brazilian consulate.
""I came here in February to pursue the renovation of my house, all the paperwork was done, I was ready to go but couldn't move on with it. And my family is in Brazil, where virus cases have been increasing. I'm worried for them and they're worried for me."" 
The two friends also had to deal with the consequences of a prolonged stay: the hassle of credit card monthly limits and seasonal clothing changes as they arrived in winter and it is now almost spring (luckily, they found some lighter gafrments at Da Lio's). 
While he waits for global air traffic to resume, Roque's anxious to set foot again in Vergemoli as soon as Italian authorities lift restrictions on moving between regions -- a move expected in early June. 
""All this time I've been trying to work on my project online, contacting construction companies and liaising with other Brazilian buyers, friends and relatives interested in buying property in Vergemoli but who can't travel now. I hope to finalize everything soon."" 
Roque says he picked Vergemoli of all places in Italy to buy a one euro house because, despite all that's happened, it remains a dream destination.
""Tuscany is a marvelous region and major historical and artistic cities are nearby. It's the perfect spot."""
1,"{'id': 'cnn', 'name': 'CNN'}","By Lilit Marcus, CNN","Hong Kong Disneyland, closed for five months due to Covid-19, is ready to reopen","On June 18, Hong Kong Disneyland will become the world's second Disney park to reopen. One of the smallest Disney theme parks, it closed on January 26 due to the global coronavirus crisis and has remained shut since then",https://www.cnn.com/travel/article/hong-kong-disneyland-reopening-intl-hnk/index.html,https://cdn.cnn.com/cnnnext/dam/assets/190917150432-03-disneyland-tourism-hong-kong-super-tease.jpg,2020-06-15T03:31:51Z,"Lilit Marcus, CNNPublished 15th June 2020
Hong Kong (CNN) On June 18, Hong Kong Disneyland will become the world's second Disney park to reopen. 
One of the smallest Disney theme parks, it closed on January 26 due to the global coronavirus crisis and has remained shut since then, with a few exceptions -- namely its hotels and a few on-site restaurants. 
Shanghai Disneyland was the first park to reopen, welcoming guests back on May 11. Its reopening gave clues as to what Disney parks around the world would look like post-coronavirus, with social distancing regulations enforced and both guests and employees (aka cast members) sporting face masks. 
And it looks like Hong Kong Disneyland will follow similar procedures.
Guests will be required to book reservations online at least one week in advance in order to maintain crowd control. Upon arrival, they will have to submit to temperature checks, fill out a health declaration form and wear face masks. 
Magic Access members, who are the park's annual pass holders, will get priority for booking reservations. 
""We are proud to be part of the Hong Kong community, which has worked hard and shown fortitude in how it has handled the pandemic,"" Stephanie Young, the park's managing director, said in a statement. 
Another major component of the Disney experience, character interactions, has changed for the coronavirus era. For now, guests won't be able to have up-close experiences like photo ops with Mickey, Minnie and company but will be able to enjoy socially distanced activities like parades and shows.
Since the virus was first identified in January, Hong Kong was quick to enact social hygiene measures. Currently, the city has recorded only 1,110 cases and just four deaths.
While waiting for crowds to return, Hong Kong Disneyland has been continuing work on its newest attraction, the Castle of Magical Dreams. Though it isn't complete yet, visitors will be able to see the castle's progress as it enters its final phase of construction.
Hong Kong Disneyland is also hard at work on a new ""Frozen"" themed section, with an area themed around Elsa, Anna, Olaf and the other characters from the current record holder for highest-grossing animated film ever.
Outside of greater China, though, Disney fans will still have to wait to get their theme park fix. Disney's parks in California, Florida, Japan and France are currently closed."
2,"{'id': 'cnn', 'name': 'CNN'}",,This is how luxury hotel is keeping guests safe from Covid,CNN's Richard Quest goes inside the Four Seasons Hotel New York to see what steps they are taking to keep guests healthy during the coronavirus pandemic.,https://www.cnn.com/videos/travel/2020/05/27/hotels-future-safety-coronavirus-covid-19-quest-pkg-vpx.cnn,https://cdn.cnn.com/cnnnext/dam/assets/200527110003-hotels-future-safety-coronavirus-covid-19-quest-pkg-vpx-00011816-super-tease.jpg,2020-05-27T15:10:00Z,Chat with us in Facebook Messenger. Find out what's happening in the world as it unfolds.
3,"{'id': 'cnn', 'name': 'CNN'}",,Dr. Birx's Covid-19 advice on what US needs to do next,"White House coronavirus response coordinator Dr. Deborah Birx said that there is ""clear scientific evidence"" that masks work, adding that the US needs to do much better at finding asymptomatic cases as the country reopens.",https://www.cnn.com/videos/politics/2020/05/24/deborah-birx-trump-us-testing-mask-abc-news-sot-vpx.cnn,https://cdn.cnn.com/cnnnext/dam/assets/200524120611-01-deborah-birx-mask-0522-super-tease.jpg,2020-05-24T19:03:07Z,Chat with us in Facebook Messenger. Find out what's happening in the world as it unfolds.
4,"{'id': 'cnn', 'name': 'CNN'}",,Hear from residents not wearing masks as Covid-19 cases rise,"As coronavirus cases in Arizona continue to rise, CNN's Kyung Lah reports on the divide between those who wear a mask and those who don't.",https://www.cnn.com/videos/us/2020/06/19/masks-in-arizona-coronavirus-pkg-lah-lead-vpx.cnn,https://cdn.cnn.com/cnnnext/dam/assets/200619172800-tempe-az-lah-mos-vpx-super-tease.jpg,2020-06-19T21:43:12Z,Chat with us in Facebook Messenger. Find out what's happening in the world as it unfolds.
5,"{'id': 'cnn', 'name': 'CNN'}",,Smerconish: Here's why Trump wants to pack rally amid Covid concerns,"If the President ordered his rally attendees to wear masks, they would. But he perceives precaution as weakness, and a reminder the deadly virus persists.",https://www.cnn.com/videos/tv/2020/06/19/comment-first-time-19000-gather-under-one-roof.cnn,https://cdn.cnn.com/cnnnext/dam/assets/200620110658-smerconish-comment-june-20-vpx-super-tease.jpg,2020-06-20T15:30:59Z,Chat with us in Facebook Messenger. Find out what's happening in the world as it unfolds.
6,"{'id': 'cnn', 'name': 'CNN'}","Jill Martin, CNN","Red Sox, Tigers, Mariners have positive Covid-19 tests, reports say","Executives from the Boston Red Sox, Detroit Tigers and Seattle Mariners have all announced positive coronavirus test results within their respective Major League Baseball organizations.",https://edition.cnn.com/2020/06/25/sport/positive-coronavirus-tests-red-sox-tigers-mariners-spt/index.html,https://cdn.cnn.com/cnnnext/dam/assets/200625062354-restricted-major-league-baseball-baseballs-0301-super-tease.jpg,2020-06-25T12:56:11Z,"(CNN)Executives from the Boston Red Sox, Detroit Tigers and Seattle Mariners have all announced positive coronavirus test results within their respective Major League Baseball organizations. 
The news Wednesday came a day after the league announced the 2020 regular season will start in July, with the players' association accepting health and safety protocols to guide the return to play. The US on Tuesday also saw the third-highest number of new Covid-19 cases reported in one day since the pandemic began.
A Detroit Tigers player and a staff member outside the baseball operations department each tested positive for Covid-19, general manager Al Avila told reporters Wednesday. The player, who tested positive in the last few days, was in Florida but not at the team's spring training facility in Lakeland, Avila said, according to MLB.com.
""They're going through the process of recovering as we speak, and that's really all I can say about that at this point,"" Avila said, per MLB.com. ""It was just a few days ago, so they're still in the recovery stages, and at some point, they'll be tested again.""
The Seattle Mariners have had ""more than one"" player test positive for Covid-19, general manager Jerry Dipoto said Wednesday to reporters. 
""A lot of that is obviously going to be protected information, but we've had more than one player in our organization test positive,"" Dipoto said, according to MLB.com. 
""We're not yet sure, with testing coming this weekend, how much of that will affect our 40-man roster. But with the cases popping up, especially in some of the hot spots around the country, we have had a few players test positive,"" he said. 
""Right now they're asymptomatic. They feel great. But we are aware that they're positive, and obviously they'll not be in the environment when we open up until we've determined whether, A) they're part of the roster group, and B) they're healthy enough to be a part of that.""
A player on the Boston Red Sox's 40-man roster has tested positive for Covid-19, Chief Baseball Officer Chaim Bloom told reporters Wednesday. The player was exposed to the virus a couple weeks ago, Bloom said, according to CNN affiliate WCVB. 
Blue Jays and Rockies also have positive cases
There are also positive Covid-19 cases stemming from testing last week at the Toronto Blue Jays facilities in Dunedin, Florida, a source with knowledge of the situation told CNN on Wednesday. The source did not specify the number of positive cases and did not say if any of the positive cases are players
On Friday, the Blue Jays had said in a statement that they had closed the club's spring training facilities in Dunedin after a player experienced symptoms associated with Covid-19.
Three Colorado Rockies players tested positive for the coronavirus last week, according to multiple reports.
One player was symptomatic while the other two were asymptomatic, the reports say. 
Several Rockies players have been taking live at-bats and working out at the team's stadium, Coors Field, this month, according to the Denver Post.
The other players working out at the ballpark were tested for the virus and received negative test results, the Denver Post reports.
Colorado has not responded to CNN's request for comment."
7,"{'id': 'cnn', 'name': 'CNN'}","Flora Charner, CNN",Bolsonaro continues to dismiss Covid-19 threat as cases skyrocket in Brazil,"Brazil's coronavirus cases have spiked to 135,106 including 9,146 deaths, according to numbers released Wednesday by the Brazilian Health Ministry. This surge comes as President Jair Bolsonaro's spokesman, Gen. Otavio Santana do Rego Barros, confirmed he test…",https://www.cnn.com/2020/05/08/americas/brazil-coronavirus-bolsonaro-response-intl/index.html,https://cdn.cnn.com/cnnnext/dam/assets/200401103545-jair-bolsonaro-super-tease.jpg,2020-05-08T09:31:51Z,"(CNN)Brazil's coronavirus cases have spiked to 135,106 including 9,146 deaths, according to numbers released Wednesday by the Brazilian Health Ministry. This surge comes as President Jair Bolsonaro's spokesman, Gen. Otavio Santana do Rego Barros, confirmed he tested positive for Covid-19. 
Yet Bolsonaro said earlier this week he believed ""the worst had passed"" for the coronavirus pandemic, during a press conference outside the Alvorada presidential residence in Brasilia. But as the number of cases and deaths continue to climb, many health experts fear the worst is yet to come.
Since Bolsonaro made the comment in Brasilia on Tuesday, there have been more than 20,000 new cases of coronavirus and the country registered 610 deaths on Thursday, nearly the highest toll yet in a 24-hour period, according to the Health Ministry.
Health Minister Nelson Teich said Thursday that stricter lockdowns may be needed in some of the hardest-hit regions, during a video conference with members of the lower house of Congress. 
Former Health Minister Luiz Henrique Mandetta said ""the toughest months"" are likely to be May and June, during an interview with TV Globo last month, four days before he was fired by Bolsonaro over disagreements on the country's coronavirus strategy.
Warnings of a 'total collapse'
Meanwhile, Bolsonaro continues to dismiss the threat coronavirus presents to the country's 209 million citizens, repeatedly saying he believes the effects of preventive measures, such as quarantines and lockdowns, could have a worse impact on Brazil's economy. 
During a speech at the Supreme Court on Thursday, Bolsonaro and Finance Minister Paulo Guedes said the economy could suffer a ""total collapse"" if the country doesn't reopen.
""The issue of unemployment, the issue of the economy no longer working. We can't let the side-effect of the fight against the virus be more harmful than the disease itself,"" Bolsonaro said.
On March 24, Bolsonaro compared the coronavirus to a ""little flu"" in an address to the nation. Less than two months after that comment, there have been more than 132,000 new cases of Covid-19. 
It was followed by a series of controversial statements about the virus by Bolsonaro. ""Brazilians don't catch anything ... they already have the antibodies to keep it from spreading,"" the President has said.
He added again that Brazilians are likely to be immune to the coronavirus during a March 26 press conference outside the Alvorada presidential residence in Brasilia. ""Brazilians should be studied, we don't catch anything. You see people jumping in sewage, diving in it and nothing happens to them,"" Bolsonaro said.
During the same press conference, Bolsonaro said he believed many Brazilians had already been infected but that those people already had ""the antibodies that would help [coronavirus] not spread.""
The comments were made two weeks after Bolsonaro's press secretary Fabio Wajngarten and other Cabinet members tested positive for coronavirus, after traveling to the US and meeting with President Donald Trump in Mar-a-Lago.
The World Health Organization said last month there was no evidence that people who have had Covid-19 will not get it a second time.
Bolsonaro says he has been tested twice for coronavirus and both tests came back negative, according to posts on his personal Twitter and Facebook pages. Congressional leaders and a Federal judge are now asking the President to show evidence that the test came back negative, after he recently implied he may have contracted the virus without knowing it.
Social distancing is 'useless,' Bolsonaro claims
Bolsonaro recently reiterated his claims that efforts to flatten the curve of the virus's spread -- via quarantine measures and social distancing -- were ineffective.
""From the looks of it, from what we're going to see now, this effort to flatten the curve was practically useless,"" Bolsonaro said during a Facebook live on April 30th. ""Now, the collateral damage from all of that will be unemployment."" 
Bolsonaro has repeatedly pushed back against quarantine and stay-at-home orders imposed by governors in some of the hardest-hit states, such as Sao Paulo and Rio de Janeiro, during press conferences and via Twitter.
He's also participated in two so-called ""anti-lockdown"" protests outside Planalto presidential palace in Brasilia, where supporters crowded outside the gates and crammed against each other for a chance to see the President.
The latest protest took place last Sunday, May 3. In a live video posted to his personal Facebook account, Bolsonaro appeared without a mask shaking some people's hands and waving at the crowd. Banners calling for military intervention and for the takedown of Congress and Supreme Court have been seen at the protests in the past.
Sao Paulo governor Joao Doria said Bolsonaro's participation in the protests were anti-democratic. 
""President Jair Bolsonaro reveals, once again, his disdain for democracy,"" Doria said in a series of tweets posted to his personal Twitter account Sunday. ""On top of that, he's encouraging the people from his country to disobey health and medicine.""
Bolsonaro and Doria have butted heads over measures to reopen the country, including during a video conference on coronavirus response that included other governors.
""We have to have a president to lead and drive the country, not to divide it,"" Doria said during the March 25 call. Bolsonaro accused Doria of letting his own presidential ambitions ""go to his head"" and said he is an ""example for no one.""
The state of Sao Paulo, Brazil's largest and home to the country's financial capital, has registered the highest number of cases and deaths. At least 39,000 cases and 3,206 deaths have been confirmed in Sao Paulo, according to the latest data from the state's health secretariat. 
The state issued a new mandate Thursday, which makes mandatory the use of face masks in public spaces, including ride-share vehicles. The state government did not specify for how long the measure will remain in place.
The state is scheduled to begin a gradual reopening plan on May 11, according to an announcement made by Doria last month. It's still unclear which businesses will be allowed to resume activities under that plan.
'What do you want me to do?'
Bolsonaro gave a late-night press conference outside the Alvorada presidential palace on April 28, the day when Brazil's death toll surpassed those reported in China.
A reporter asked Bolsonaro about the spike, to which he responded: ""So what? I'm sorry, but what do you want me to do?"" He added that even though his middle name is ""Messias,"" which translates as ""Messiah"" in English, he's not ""a miracle worker.""
He later walked back the comments during the same press conference, saying ""I'm sorry for the situation we are currently living with due to the virus. We express our solidarity to those who have lost loved ones, many of whom were elderly. But that's life, it could be me tomorrow.""
Brazilians in several major cities, including the capital Brasilia, protested the comments by banging pots and pans out their windows and yelling ""get out of here"" after the press conference was broadcast.
While Sao Paulo's numbers are the highest, many poorer states in the North and Northeastern part of the country have been heavily affected.
The comments came the same week the country's Supreme Court authorized an investigation into allegations Bolsonaro sought to interfere with police investigations following the resignation of his Justice Minister, Sergio Moro.
A recent survey from pollster Datafolha, showed Bolsonaro's approval at 33% and that the country is split nearly down the middle on whether the President should be impeached."
8,"{'id': 'cnn', 'name': 'CNN'}",,Doctor is denied a green card while treating Covid-19 patients,"Dr. Julia Iafrate is a sponsored immigrant volunteering to help save the lives of coronavirus patients in the ICU, and says she was denied a green card despite her extensive credentials. CNN's Chris Cuomo speaks with her about her experience.",https://www.cnn.com/videos/health/2020/05/06/immigrant-doctor-treating-coronavirus-patients-denied-green-card-julia-iafrate-sot-cpt-vpx.cnn,https://cdn.cnn.com/cnnnext/dam/assets/200505222826-immigrant-doctor-treating-coronavirus-patients-denied-green-card-julia-iafrate-sot-cpt-vpx-00015616-super-tease.jpg,2020-05-06T02:59:56Z,Chat with us in Facebook Messenger. Find out what's happening in the world as it unfolds.
9,"{'id': 'cnn', 'name': 'CNN'}",,Trial underway to determine whether dogs can 'sniff out' Covid-19,Dogs are now being trained to detect people infected with coronavirus. CNN's Max Foster reports.,https://www.cnn.com/videos/travel/2020/05/19/airport-dogs-training-to-detect-coronavirus-infections-foster-lead-vpx.cnn,https://cdn.cnn.com/cnnnext/dam/assets/200518174614-dogs-training-corona-super-tease.jpg,2020-05-18T22:05:11Z,Chat with us in Facebook Messenger. Find out what's happening in the world as it unfolds.
10,"{'id': 'cnn', 'name': 'CNN'}","Gina Yu and Dr. Sanjay Gupta, CNN",Why overcoming Covid-19 is just the first hurdle of a much longer journey,"Michael Herbert, a 49-year-old father of two, was scared he would never see his family again. Herbert says he only had a 20% chance of survival, and needed to be placed in a medically induced coma. His doctors urged him to call his family for what could be hi…",https://www.cnn.com/2020/05/19/health/coronavirus-recovery-long-journey-wellness/index.html,https://cdn.cnn.com/cnnnext/dam/assets/200519112338-michael-herbert-family-super-tease.jpeg,2020-05-19T21:32:26Z,"(CNN)Michael Herbert, a 49-year-old father of two, was scared he would never see his family again. Herbert says he only had a 20% chance of survival, and needed to be placed in a medically induced coma. His doctors urged him to call his family for what could be his last goodbye. 
It had all started innocuously enough -- a cough and fever. After that, however, his illness took off. Within a week, he was on a breathing machine in the ICU because of a life-threatening lung infection from Covid-19.
His wife Heidi and two daughters painfully remember the next six days when Herbert was unconscious -- wondering if and how they could be at his bedside during a strict no-visitor hospital policy, just to hold his hand in what might be his last days. 
Herbert's rapid worsening was even jarring for his medical team caring for him. ""It was certainly unusual how quickly he went from a period of apparent stability to requiring ventilatory support,"" said Dr. Neal Greenfield, a critical care physician who helped care for Michael at Northwestern Medicine Delnor Hospital in Geneva, Illinois.
But as quickly as Herbert got worse, he then recovered. His doctors reduced his sedation, and with his regained consciousness, Herbert video-called his family every day. Unable to speak with a breathing tube, he would sign, ""I love you.""
He was taken off of his ventilator on his mother's birthday -- a week earlier than expected -- and he gave his mom the best birthday gift a son could give. 
""I was able to call her and just say, ""Hi,"" and then I was able to FaceTime my girls and wife, which was wonderful,"" he said.
 Herbert was released from the hospital a few days later. His cough and fever improved. On paper, he would be listed as recovered, but as we are learning, the aftermath of Covid-19 is not nearly as straightforward as once believed.
Tracking for a disease with little information
""Two months ago, recovery wasn't on anyone's mind. We were dealing with the crisis,"" said Dr. Reynold Panettieri, vice chancellor of clinical and translational science and a pulmonary critical care physician at the Robert Wood Johnson Medical Center at Rutgers University in New Jersey. 
While most patients with Covid-19 will fully recover, data from China suggest that some patients, especially those who had more severe infections, may face lasting -- even permanent -- damage to their bodies.
To better understand these effects, Panettieri is leading a six-month study of recovered Covid-19 patients. So far, his research group has enrolled more than 800 participants.
""Now, we'll start to see what the long-term consequences are,"" Panettieri said. ""And that is an issue that will really need to be addressed.""
Unlike most viral diseases, which may result in a nagging cough for weeks, Panettieri has observed that some patients recovering from Covid-19 have other serious symptoms that won't go away. 
""They had an illness for about two weeks, and three months later, they're still not feeling 'quite right,'"" he said. ""They were aggressive athletes or were exercising and...they still haven't gotten back to that prowess that they were pre-illness.""
He said this could be related to a number of factors, including how the virus affects the lungs, heart and muscles.
For Michael Herbert, his doctors believe his lingering cough and shortness of breath are likely remnants of his serious bout of pneumonia. Despite leaving the hospital a month ago, Herbert still struggles to recover back to how he felt before getting sick.
Dangerous lung scarring reminiscent of SARS and MERS
While a longer recovery course might be expected for someone such as Herbert who faced a more severe illness, there's also concern for more permanent lung damage, according to Dr. Ronald DePinho, professor and past president of MD Anderson Cancer Center and co-founder of Tvardi Therapeutics. DePinho is particularly worried that the immune response to Covid-19 may cause irreversible scarring known as pulmonary fibrosis. 
Pulmonary fibrosis can be a ""relentlessly progressive"" disease of the lungs in which patients can become dependent on oxygen or even ultimately require lung transplants, he said. Again, this is after a patient is thought to have ""recovered.""
Though it's too early to know whether patients with the novel coronavirus will develop this sort of lung scarring, studies in other related coronaviruses, such as SARS and MERS, suggests certain Covid-19 patients may have lasting fibrosis. One study following 36 MERS patients found a third still had lung fibrosis on chest x-rays after a median follow-up of 43 days.
And up to two-thirds of patients with SARS who were sick enough to require hospitalization also developed pulmonary fibrosis, according to DePinho. If the same pattern holds true for Covid-19, that could mean many thousands of people will have long-term lung scarring, he said.
The data from China thus far is still thin, but the early results follow the same pattern DePinho is describing. In a study of 63 Covid-19 patients from Wuhan, China, about 18% had ""fibrous stripes"" on CT scans. And in another study, it took more than 6 weeks for one patient's chest CT to return to normal, even though his symptoms had already improved.
This might explain why some patients have significant drops in their lung function even after recovering from the novel coronavirus. Losses in lung function could be as high as 20 to 30 percent, the medical director of infectious diseases at Princess Margaret Hospital in Hong Kong told a media briefing in March.
More on Covid-19 and the lungs
There is another factor that may be driving long-term issues with the lungs, unrelated to scarring or fibrosis. We are learning those with Covid-19 also can form blood clots at an abnormally high rate. In rare situations, a clot that has formed in the deep veins of the legs may travel to the lungs -- known as a pulmonary embolism. This is what happened to Warnell Vega, a healthy 33-year-old I interviewed with Covid-19 who survived a life-threatening pulmonary embolism and is now home in recovery.
As is often the case, Vega developed a pulmonary embolism with little or no warning. He only had a mild cough when he passed out in his bathroom. He woke up in an ICU at Mount Sinai hospital. He was subsequently diagnosed with Covid-19, after which a scan revealed a pulmonary embolism. His doctors told me that Vega became critically ill and developed signs of pulmonary hypertension, which happens 2-4% of the time in patients with a PE (pulmonary embolism). So far Vega told me he feels close to normal, but recent clinical studies have shown that close to half of patients who suffered a pulmonary embolism will still experience exercise limitations at one year.
Given his history of a blood clot and pulmonary embolism, Vega is at risk of developing a blood clot again, and may need to be on blood thinners for some time as he continues to recover. 
Blood thinners in general might improve outcomes for hospitalized patients with Covid-19, according to a report published Wednesday in the Journal of the American College of Cardiology. The team at Mount Sinai conducting the study found 29% of patients on ventilators who were provided blood thinners died, compared to 63% of patients on ventilators who were not given blood thinners. The improvement in mortality rates with blood thinners might demonstrate how dangerous blood clots from Covid-19 are. 
Another significant risk factor for a successful recovery is the impact of this virus on the heart. The virus' impact on the lungs may eventually lead to less oxygenated blood reaching the heart. Ot the virus may attack the heart itself, leading to myocarditis -- inflammation of the heart muscle. Both can lead to chronic heart damage, even in the previously healthy.
""There have been a number of reported cardiac complications associated with the Covid virus and they're so varied,"" said Dr. Joseph Brennan, the director of the coronary intensive care unit at Yale University School of Medicine.
He said there are a couple ways to look at how Covid-19 could cause long-term effects on the heart. One way is the direct impact of the virus on the heart, and the other is how clotting from Covid could lead to heart attacks. 
""We are all aware that heart attacks may have long-term consequences because of a potential and permanent decline in heart function,"" he said. ""Those that have had...heart attacks associated with the Covid virus will more than likely have long-term consequences.""
A study published in the medical journal JAMA Cardiology found 19.7% of hospitalized Covid-19 patients suffered from some type of cardiac injury. Such patients might not be able to exercise as much, feel breathless or feel like their heart is beating faster than usual for an indefinite period of time. In general, a faster heart rate will likely be a common side effect in the long run for Covid-19 patients, especially if patients have underlying lung issues from Covid-19, he said.
Though Michael Herbert did not have heart-related complications from Covid-19, he did suffer from diabetes, high blood pressure and obesity -- conditions that affect heart health and put him at risk for a more severe infection, according to the US Centers for Disease Control and Prevention.
Another important organ at risk for damage from blood clots? The brain. Large clots would more likely cause obvious symptoms, but smaller ones may lead to a type of dementia known as vascular dementia. Both can cause permanent damage that might not present itself until years down the line.
""We know that if someone has a stroke, it approximately doubles their risk of getting dementia later in life,"" said Dr. Marion Buckwalter, associate professor of neurology and neurosurgery at Stanford University. ""[Our research group] discovered that people who had a more vigorous immune response by day two after stroke were more likely to have cognitive decline in the first year after stroke."" 
Michael Herbert feels lucky that he hasn't experienced these types of symptoms during his recovery, especially given how severe his infection was. 
""I'm feeling good,"" Michael said. ""My strength has come back. It's not perfect, but I feel better.""
 Though his progress has been incremental, he remains encouraged that each day has been a step in the right direction. He remembers how weak he felt trying to move from his ICU bed to a wheelchair. Now, he is working towards walking two miles a day without stopping.
The entire ordeal has been a huge wake up call for him -- he now takes his health much more seriously, and he is grateful that his doctors have provided him a second chance.
""I mean, I have bonus time here in life,"" he said. ""I was supposed to be dead, and I didn't die. I'm not going to waste any days I have left."""
11,"{'id': 'cnn', 'name': 'CNN'}","Faith Karimi, CNN","Two hairstylists with Covid-19 served 140 clients while symptomatic, officials say","Two Missouri hairstylists potentially exposed 140 clients to coronavirus when they worked for up to eight days this month while symptomatic, health officials said.",https://www.cnn.com/2020/05/24/us/missouri-hairstylists-coronavirus-clients-trnd/index.html,https://cdn.cnn.com/cnnnext/dam/assets/200523024317-great-clips-springfield-missouri-super-tease.jpg,2020-05-24T05:08:31Z,"(CNN)Two Missouri hairstylists potentially exposed 140 clients to coronavirus when they worked for up to eight days this month while symptomatic, health officials said. 
The Springfield-Greene Health Department announced Saturday that a second hairstylist tested positive for coronavirus, and may have exposed 56 clients at the same Great Clips salon. 
A day earlier, it had said another hairstylist with coronavirus at the same salon potentially exposed 84 customers and seven coworkers. 
Both stylists had symptoms while at work, officials said. They did not provide details on the symptoms they had or when they tested positive. 
The case highlights the dangers of community spread in the United States as businesses reopen after weeks of restrictions to combat the spread of coronavirus. 
The stylists and clients wore face coverings
Both stylists worked from the second week of May to Wednesday. The clients and the stylists all wore face coverings, the Health Department said. At the time, businesses like barbershops and hair salons were allowed to operate in the state. 
 ""It is the hope of the department that because face coverings were worn throughout this exposure timeline, no additional cases will result,"" it added.
The salon kept impeccable records that made contact tracing possible, said Clay Goddard, director of the Springfield-Greene County Health Department.
But he cautioned about the risks of overwhelming resources. 
""I'm going to be honest with you: We can't have many more of these,"" he said at a news conference. ""We can't make this a regular habit or our capabilities as a community will be strained.""
Goddard said he was pleased with the deep cleaning measures taken by Great Clips, adding that he now considers the business safe. 
""The well-being of Great Clips customers and stylists in the salon is our top priority and proper sanitization has always been an important cosmetology industry practice for Great Clips salons. We've closed the salon where the employee works and it's currently undergoing additional sanitizing and deep cleaning,"" the owners of the business said in a statement to CNN affiliate KYTV. 
More than 96,000 people have died from coronavirus in the United States, where the number of confirmed cases is more than 1.6 million, according to Johns Hopkins. Missouri has nearly 12,000 cases of infections and more than 650 deaths."
12,"{'id': 'cnn', 'name': 'CNN'}","Mariano Castillo, CNN",Peru seemed to do everything right. So how did it become a Covid-19 hotspot?,"Peru was one of the first nations in the Americas to take strict preventative coronavirus measures, like stay-at-home orders, curfews and border closings. So how did it become one of the hardest hit?",https://www.cnn.com/2020/05/25/americas/peru-covid-hotspot-why-intl/index.html,https://cdn.cnn.com/cnnnext/dam/assets/200525154900-peru-covid-hotspot-why-super-tease.jpg,2020-05-25T22:29:07Z,"(CNN)Peru was one of the first nations in the Americas to take strict preventative coronavirus measures, like stay-at-home orders, curfews and border closings. So how did it become one of the hardest hit?
As of Monday, Peru had more than 119,000 confirmed coronavirus cases and 3,400 deaths -- putting it second only to Brazil both in number of cases and deaths in Latin America. 
The two countries had handled the epidemic entirely differently: While Brazilian President Jair Bolsonaro downplayed the dangers posed by the coronavirus, Peru's President Martin Vizcarra declared on March 15 a nationwide state of emergency that included mandatory self-quarantine, and shuttered the country's borders. 
But the virus surged all the same. 
More than 85% of Peru's ICU beds with ventilators are currently occupied, according to government figures, and overcrowding at hospitals is feared. 
""This situation is not just a health emergency, but a health catastrophe, defined as a situation where the pandemic has overtaken the response capacity of the health sector,"" Dr. Alfredo Celis of the Medical College of Peru told CNN en Español.
How did a country that responded assertively and seriously to the pandemic end up like this? 
Needs vs. quarantine measures 
The deep inequality in Peru is one reason, according to Dr. Elmer Huerta, a Peruvian doctor and contributor to CNN en Español. ""What I have learned is that this virus lays bare the socio-economic conditions of a place,"" he said. 
Many of Peru's poor have no choice but to venture outside their homes for work, food or even banking transactions. 
For example, only 49% of Peruvian households own a refrigerator or freezer (61% in urban areas), according to the country's 2017 Census. This translates to a need for many to visit markets daily for food because they can't stock up, Huerta said. 
""You're supposed to avoid human contact in a society where one can't stay at home,"" Huerta said. 
On April 14 -- about a month after Peru enacted its mandatory stay-at-home policy and implemented a curfew -- CNN affiliate TV Peru showed images outside of a market on the outskirts of Lima. Shoppers waited in line for hours and a large mass of people milled about. Most wore masks, but social distancing seemed impossible. 
""We must endure (the crowds) because there is no other way,"" one woman standing in line told TV Peru. ""If not, we will not have food. We have nothing to eat, that's why we have come here."" 
On that day, the tally of confirmed coronavirus cases in the country was 10,303. Today, it is 10 times higher. 
People have also ended up crowding at banks as they attempted to access coronavirus relief funds.
The government's stimulus package to help millions of Peru's most vulnerable families was a good idea, but its distribution was poorly designed, said Kristian Lopez Vargas, a Peruvian economist and assistant professor at the University of California, Santa Cruz. 
In a report last year, the agency that regulates Peru's banks reported that only about 38% of adults have a bank account. The lack of access to the financial system means a majority of aid recipients have to go in person to the banks to obtain their money. 
""It was not hard to anticipate people's behavior in their attempt to access this aid,"" Lopez Vargas told CNN. ""Instead, these policies caused unnecessary harm by inducing people to gather in large crowds in banks.""
Many Peruvians also live and work in ways that simply can't be reconciled with social distancing, he pointed out. According to Lopez Vargas, more than 30% of households in Peru live in overcrowded conditions, with four or more people sleeping in the same room.
And more than 72% work in the informal economy, according to Peru's National Institute of Statistics and Information. For those living day-to-day in the informal sector, earning an income oftentimes depends on going out to work and not self-isolating. 
This, combined with the needs of millions to obtain food and other items from crowded markets, ""was an explosive mix,"" Lopez Vargas said. 
On Friday, President Vizcarra extended the state of emergency until June 30, keeping in place the mandatory self-quarantine and curfews across the country. It was the fifth time the emergency measures have been extended. But this time, the extension was paired with authorization for certain businesses to re-open, including services like salons, food delivery and dentistry. 
Peru's priorities for enforcing health guidelines also appear to have evolved since the state of emergency was first declared. In early April, Vizcarra reported that during the first weeks of the stay-at-home mandate, as many as 3,000 people were detained for disobeying the measures on some days. On Monday, he announced that the priority is now on enforcing health protocols at the country's markets. 
One lesson learned from the pandemic response is that people must change certain ""social behaviors that have done much damage,"" he added.
""This kind of behavior is individualistic, selfish...ignoring what's happening around us, and precisely what has brought this situation upon us, not just in Peru, but the whole world,"" said Vizcarra. 
But Huerta, the doctor, and Lopez Vargas, the economist, caution against placing too much blame on the people. The underlying problems that the pandemic has laid bare are not new. 
""While it may seem like a mystery to some, it's not,"" Lopez Vargas said.
CNN en Español's Andy Ortiz contributed to this report"
13,"{'id': 'cnn', 'name': 'CNN'}",Annie Grayer,Fauci weighs the pros and cons of reopening schools this fall amid Covid-19,"The idea of keeping schools closed in the fall because of safety concerns for children might be ""a bit of a reach,"" said Dr. Anthony Fauci, director of the National Institute of Allergy and Infectious Diseases.",https://www.cnn.com/2020/06/03/us/fauci-schools-reopening-coronavirus/index.html,https://cdn.cnn.com/cnnnext/dam/assets/200512081604-03-anthony-fauci-lead-super-tease.jpg,2020-06-04T02:22:43Z,"(CNN)The idea of keeping schools closed in the fall because of safety concerns for children might be ""a bit of a reach,"" said Dr. Anthony Fauci, director of the National Institute of Allergy and Infectious Diseases.
In a phone interview with CNN Wednesday, Fauci noted that children tend to have milder symptoms or even no symptoms when they are infected with Covid-19. 
What's not yet clear is whether children get infected as frequently as adults, and whether they often pass the infection on to others. Ultimately, he said, the decision to reopen schools needs to be predicated on the level of infection in each community.
In the past academic school year, 48 states recommended schools close through the rest of the year as coronavirus began its rapid spread. 
Some, including schools in Montana and Idaho, opened their doors again for a few weeks before the academic school year finished with the thought of gaining experience in reopening that could be used in the fall.
""I hesitate to make any broad statements about whether it is or is not quote 'safe' for kids to come back to school,"" Fauci told CNN. 
""When you talk about children going back to school and their safety, it really depends on the level of viral activity, and the particular area that you're talking about. What happens all too often, understandably, but sometimes misleadingly, is that we talk about the country as a whole in a unidimensional way."" 
Fauci seemed to think that keeping schools closed in general was not necessary.
""Children can get infected, so, yes, so you've got to be careful,"" Fauci said. ""You got to be careful for them and you got to be careful that they may not spread it. Now, to make an extrapolation that you shouldn't open schools, I think is a bit of a reach.""
Fauci said it's not premature to start the conversation about reopening schools now. ""I think we need to discuss the pros and the cons of bringing kids back to school in September,"" he said.
Stressing the importance of not generalizing, Fauci laid out the spectrum of scenarios for what a return to school in the fall could look like.
""In some situations there will be no problem for children to go back to school,"" he said. ""In others, you may need to do some modifications. You know, modifications could be breaking up the class so you don't have a crowded classroom, maybe half in the morning, half in the afternoon, having children doing alternate schedules. There's a whole bunch of things that one can do.""
Talking about classroom layouts specifically, Fauci underscored the need to ""be creative"" and create plans based on the degree of infection in the community. 
He suggested that one option is to space out children at every other desk, or every third desk in order to maintain proper social distancing.
Study underway on how Covid-19 affects children
Fauci said the same type of creativity would need to be applied to how students get to and from school.
While the conversation about how schools can safely reopen continues, the National Institute of Allergy and Infectious Diseases, part of the National Institutes of Health, launched a study last month to examine further how Covid-19 affects children. 
The study will follow 6,000 people, both children and their families, chosen from 11 cities over the course of six months, to get further clarification on whether children are less likely to catch coronavirus than adults.
""We don't know that for absolutely certain right now,"" Fauci said.
Fauci said his team will likely not see results from the study until December."
14,"{'id': 'cnn', 'name': 'CNN'}",,Why the Covid-19 economy is being called a 'she-session',Women in business have been most vulnerable to the economic devastation caused by the coronavirus pandemic. CNN's Christine Romans explains.,https://www.cnn.com/videos/business/2020/06/22/coronvirus-impact-on-women-in-business-romans-newday-vpx.cnn,https://cdn.cnn.com/cnnnext/dam/assets/200622100617-women-in-bsuiness-coronavirus-super-tease.jpg,2020-06-22T14:25:05Z,Chat with us in Facebook Messenger. Find out what's happening in the world as it unfolds.
15,"{'id': 'reuters', 'name': 'Reuters'}",Reuters Editorial,"UK COVID-19 death toll tops 47,000","The United Kingdom's COVID-19 death toll surpassed 47,000 on Tuesday, a dire human cost that could define the premiership of Boris Johnson.",https://www.reuters.com/article/us-health-coronavirus-britain-casualties-idUSKBN23211E,https://s2.reutersmedia.net/resources/r/?m=02&d=20200526&t=2&i=1519888928&w=1200&r=LYNXMPEG4P0N4,2020-05-26T09:00:29Z,"LONDON (Reuters) - The United Kingdom’s COVID-19 death toll surpassed 47,000 on Tuesday, a dire human cost that could define the premiership of Boris Johnson. 
The Office for National Statistics said 42,173 people had died in England and Wales with suspected COVID-19 as of May 15, bringing the UK total to 47,343 - which includes earlier data from Scotland, Northern Ireland, plus recent hospital deaths in England. 
While different ways of counting make comparisons with other countries difficult, the figure underlined Britain’s status as one of the world’s worst-hit countries in a pandemic that has killed at least 345,400 globally. 
Johnson, already under fire for his handling of the pandemic, has had to defend his top adviser Dominic Cummings who drove 250 miles from London to access childcare when Britons were being told to stay at home to fight COVID-19. 
Reporting by Andy Bruce; editing by Guy Faulconbridge"
16,"{'id': 'engadget', 'name': 'Engadget'}",Rachel England,Microsoft built Japan's contact-tracing app using Apple and Google tech,"Japan is finally getting ready to launch its COVID-19 contact-tracing app, which officials hope will help prevent a second wave of infections. The app — expected to roll out this week — has been besieged with various legislative challenges since work first be…",https://www.engadget.com/microsoft-built-japans-contacttracing-app-using-apple-and-google-tech-105556846.html,https://o.aolcdn.com/images/dims?resize=1200%2C630&crop=1200%2C630%2C0%2C0&quality=95&image_uri=https%3A%2F%2Fs.yimg.com%2Fos%2Fcreatr-images%2F2020-06%2F71b2afc0-b213-11ea-87e5-65cec512f482&client=amp-blogside-v2&signature=e0d8b220fdf758b81a15b9ead0afddbfc0c2d058,2020-06-19T10:55:56Z,"The app — known in Japan as COCOA (COVID-19 Contact-Confirming Application) — uses Bluetooth to collect data when it comes into one-meter contact of another device for more than 15 minutes. If a person subsequently tells the app they have tested positive for COVID-19, it will scan two weeks’ worth of contact data and inform anyone who had been in close proximity to the patient. It doesn’t store any personal information like locations or phone numbers, in accordance with Apple and Google’s tracking platform.
Japan’s delay in launching the app has left some concerned about its effectiveness. According to the University of Oxford, this type of app needs to be used by 60 percent of the population to be useful. In countries that adopted contact-tracing apps early on, such as Singapore and Iceland, that figure stands at around just 40 percent. Integrating the technology with existing apps is also a no-go, due to Apple and Google’s stipulations. As Nikkei reports, ""A concrete plan for disseminating the app has yet to take shape,"" a spokesperson for Japan's health ministry said."
17,"{'id': 'reuters', 'name': 'Reuters'}",Reuters Editorial,Exclusive: Sanofi stops enrolling COVID-19 patients in hydroxychloroquine trials amid safety concerns,"Sanofi has temporarily stopped recruiting new COVID-19 patients for its two clinical trials on hydroxychloroquine and will not supply the anti-malaria drug to treat COVID-19 until concerns about safety are cleared up, it said on Friday.",https://www.reuters.com/article/us-healthcare-coronavirus-hydroxychloroq-idUSKBN2352IH,https://s4.reutersmedia.net/resources/r/?m=02&d=20200529&t=2&i=1520379428&w=1200&r=LYNXMPEG4S1QX,2020-05-29T16:27:56Z,"PARIS (Reuters) - Sanofi has temporarily stopped recruiting new COVID-19 patients for its two clinical trials on hydroxychloroquine and will not supply the anti-malaria drug to treat COVID-19 until concerns about safety are cleared up, it said on Friday. 
The moves come after the World Health Organization paused its large trial of hydroxychloroquine after the British journal The Lancet reported patients getting the drug had increased death rates and irregular heartbeats. 
That prompted several European governments to halt the use of the drug, promoted by U.S. President Donald Trump. 
It was not clear if the trial had also been temporarily stopped. 
Reporting by Matthias Blamont; Writing by Josephine Mason; Editing by Jan Harvey"
18,"{'id': 'mashable', 'name': 'Mashable'}",Emmet Smith,"This device looks like a WiFi router, but it actually helps doctors monitor coronavirus patients remotely","Emerald, a wireless device that infers people's vital signs by wireless analyzing their surrounding environment, can help doctors treat COVID-19 patients from a safe distance. 
Developed by MIT professor Dina Katabi and her team at CSAIL, the device already i…",https://mashable.com/video/emerald-mit-remote-monitor-coronavirus/,https://mondrian.mashable.com/2020%252F04%252F28%252F08%252F3a8a10ade0e849a2afe29b2bf86fd86c.f9358.jpg%252F1200x630.jpg?signature=t3yW2WC-6y0vKzhm-9buWHcrQzI=,2020-04-28T15:31:40Z,"Emerald, a wireless device that infers people's vital signs by wireless analyzing their surrounding environment, can help doctors treat COVID-19 patients from a safe distance. 
Developed by MIT professor Dina Katabi and her team at CSAIL, the device already in use in several hospital and assistive-care facilities in the Boston area."
19,"{'id': 'engadget', 'name': 'Engadget'}",Jen Diaz,Atmospheric CO2 hits a record high while emissions drop,New data published by the Scripps Institution of Oceanography shows that the concentration of CO2 in the atmosphere has reached a record monthly high of 417 parts per million (ppm). This two ppm change since last May’s reading is in line with the average annu…,https://www.engadget.com/atmospheric-co-2-hits-record-high-while-emissions-drop-191834482.html,https://o.aolcdn.com/images/dims?resize=1200%2C630&crop=1200%2C630%2C0%2C0&quality=95&image_uri=https%3A%2F%2Fs.yimg.com%2Fos%2Fcreatr-images%2F2020-06%2F52ac0c80-a754-11ea-9f96-0f6b70c7a4db&client=amp-blogside-v2&signature=df08ecd7b300c9abcc023fd1570aa0cd8e20343c,2020-06-05T19:18:34Z,"New data published by the Scripps Institution of Oceanography shows that the concentration of CO2 in the atmosphere has reached a record monthly high of 417 parts per million (ppm). This two ppm change since last May’s reading is in line with the average annual increase. While many predictions strongly suggested that behavior changes due to COVID-19 would affect the atmosphere, temporary shutdowns and slowdowns haven’t been enough to meaningfully decrease the amount of greenhouse gas still present in the atmosphere. 
Richard Betts, head of Climate Impacts at the United Kingdom’s national weather service, told New Scientist that he’s not surprised. “The analogy I use is filling a bath from a tap. The water from the tap is the emissions and the water level in the bath is the concentrations. We’re still putting CO2 into the atmosphere, it’s just building up slightly less fast than before. What we need to do is turn the tap off.”"
