,source,author,title,description,url,urlToImage,publishedAt,content
0,"{'id': 'reuters', 'name': 'Reuters'}",Deena Beasley,What doctors have learned about fighting COVID-19 - Reuters,"In the six months since an entirely new coronavirus began spreading around the world, doctors and hospitals have learned a lot about how to treat patients with COVID-19, the potentially deadly disease caused by the virus.",https://www.reuters.com/article/us-health-coronavirus-lessons-factbox-idUSKBN23Z04K,https://s3.reutersmedia.net/resources/r/?m=02&d=20200628&t=2&i=1523869764&w=1200&r=LYNXMPEG5R03K,2020-06-28T04:43:00Z,"(Reuters) - In the six months since an entirely new coronavirus began spreading around the world, doctors and hospitals have learned a lot about how to treat patients with COVID-19, the potentially deadly disease caused by the virus. 
What doctors have learned about fighting COVID-19: 
* Patients are at increased risk of blood clots, and blood thinning agents can help. 
* “Proning” - putting patients on their stomachs to relieve pressure on the lungs - can stave off the need for mechanical ventilation. 
* Besides the respiratory system and lungs, the coronavirus can attack many other organs, including the heart, liver, kidneys, and brain. 
* The most promising treatments so far seem to be the anti-viral remdesivir; dexamethasone, a steroid to treat the body’s inflammatory response to COVID-19; and plasma donated by patients who have antibodies to the disease. 
* More widespread testing and quicker results helps relieve pressure on hospitals. 
* Information-sharing among health professionals worldwide is crucial. 
* Prevention is critical. Doctors are relying on the public to do their part with good hygiene, masks and social distancing. 
Some of the biggest unknowns: 
* Exactly which treatments will work for which patients. 
* How quickly some treatments will gain widespread distribution, especially remdesivir. 
* How long it will take for COVID-19 patients to recover. 
* The long-term effects of the infection. 
“If the best lesson we’ve learned is to turn patients onto their stomachs instead of their backs,” said Valory Wangler, chief medical officer at Rehoboth McKinley Christian Health Care Services, in Gallup, New Mexico, “it means we’re far from a miracle cure.” 
Reporting By Deena Beasley: Editing by Marla Dickerson and William Mallard"
1,"{'id': 'reuters', 'name': 'Reuters'}",Deena Beasley,FACTBOX-What doctors have learned about fighting COVID-19 - Reuters,"In the six months since an entirely new coronavirus began spreading around the world, doctors and hospitals have learned a lot about how to treat patients with COVID-19, the potentially deadly disease caused by the virus.",https://www.reuters.com/article/health-coronavirus-lessons-idUSL1N2E31E6,https://s4.reutersmedia.net/resources_v2/images/rcom-default.png,2020-06-28T04:29:00Z,"June 28 (Reuters) - In the six months since an entirely new coronavirus began spreading around the world, doctors and hospitals have learned a lot about how to treat patients with COVID-19, the potentially deadly disease caused by the virus. 
What doctors have learned about fighting COVID-19: 
* Patients are at increased risk of blood clots, and blood thinning agents can help. 
* “Proning” - putting patients on their stomachs to relieve pressure on the lungs - can stave off the need for mechanical ventilation. 
* Besides the respiratory system and lungs, the coronavirus can attack many other organs, including the heart, liver, kidneys, and brain. 
* The most promising treatments so far seem to be the anti-viral remdesivir; dexamethasone, a steroid to treat the body’s inflammatory response to COVID-19; and plasma donated by patients who have antibodies to the disease. 
* More widespread testing and quicker results helps relieve pressure on hospitals. 
* Information-sharing among health professionals worldwide is crucial. 
* Prevention is critical. Doctors are relying on the public to do their part with good hygiene, masks and social distancing. 
Some of the biggest unknowns: 
* Exactly which treatments will work for which patients. 
* How quickly some treatments will gain widespread distribution, especially remdesivir. 
* How long it will take for COVID-19 patients to recover. 
* The long-term effects of the infection. 
“If the best lesson we’ve learned is to turn patients onto their stomachs instead of their backs,” said Valory Wangler, chief medical officer at Rehoboth McKinley Christian Health Care Services, in Gallup, New Mexico, “it means we’re far from a miracle cure.” (Reporting By Deena Beasley: Editing by Marla Dickerson and William Mallard)"
2,"{'id': 'reuters', 'name': 'Reuters'}",Reuters Editorial,Take some profit on COVID-19 stocks: wealth manager - Reuters.com,"Kendall Capital's Clark Kendall says investors should trim their exposure to stocks that have run up on the coronavirus theme such as Zoom and Amazon. Rather, he tells Reuters' Fred Katayama they should buy beaten-down stocks.",https://www.reuters.com/video/watch/idRCV008E59,https://static.reuters.com/resources/r/?d=20200625&i=RCV008E59&r=RCV008E59&t=2,2020-06-25T19:54:14Z,"Posted 
Kendall Capital's Clark Kendall says investors should trim their exposure to stocks that have run up on the coronavirus theme such as Zoom and Amazon. Rather, he tells Reuters' Fred Katayama they should buy beaten-down stocks."
3,"{'id': 'reuters', 'name': 'Reuters'}",Reuters Editorial,Boxing Hall of Famer Duran battles COVID-19 - Reuters,"International Boxing Hall of Famer Roberto Duran was diagnosed with the coronavirus, his son announced Thursday.",https://www.reuters.com/article/us-fighting-boxing-duran-coronavirus-idUSKBN23X0N0,https://s2.reutersmedia.net/resources/r/?m=02&d=20200626&t=2&i=1523696814&w=1200&r=LYNXMPEG5P0F3,2020-06-26T05:27:00Z,"International Boxing Hall of Famer Roberto Duran was diagnosed with the coronavirus, his son announced Thursday. 
In an Instagram post, Robin Duran wrote that his 69-year-old father recently tested positive after originally believing that he had merely the common cold. 
The younger Duran added, as translated from Spanish, “He is not in intensive care or on a ventilator, he is still under observation. We just talked to the doctor and he tells us that the lungs are fine and there is no indication of seriousness. Let’s continue to have faith that everything will turn out well. I’ll keep you informed. Regards!” 
Duran, a Panamanian nicknamed “Manos de Piedra” (Hands of Stone), earned championships in the lightweight, welterweight, light middleweight and middleweight divisions while compiling a 103-16 record with 70 knockouts. He is widely viewed as one of the best pound-for-pound fighters of all time, and the Associated Press ranked him the best lightweight of the 20th century. 
He might be best remembered for a pair of fights against Sugar Ray Leonard in 1980. Duran won the world welterweight championship by earning a unanimous-decision victory over Leonard at Montreal in June. Five months later, Leonard won back his title with an eighth-round technical knockout in New Orleans, when Duran was heard by the referee to say “No mas” (“No more”). 
The result ended Duran’s 41-match winning streak. 
In 1989, Leonard beat Duran by unanimous decision at Las Vegas to win the WBC super middleweight championship. 
Duran began his boxing career in 1968 at age 16, and he kept fighting until he was 50 years old, when he lost a unanimous decision to Hector Camacho in 2001. 
He was inducted into the International Boxing Hall of Fame in 2007."
4,"{'id': 'reuters', 'name': 'Reuters'}",Aram Roston,Whistleblower offers window into HHS’s flawed COVID-19 response,A new whistleblower complaint has drawn attention for its allegations that the Trump administration retaliated against a scientist who sent early coronavirus warnings. The case also provides an insider account of the dysfunction critics say paralyzed the Depa…,https://www.reuters.com/article/us-health-coronavirus-usa-hhs-idUSKBN22J3IM,https://s2.reutersmedia.net/resources/r/?m=02&d=20200507&t=2&i=1517870306&w=1200&r=LYNXMPEG4626E,2020-05-07T22:28:40Z,"WASHINGTON (Reuters) - A new whistleblower complaint has drawn attention for its allegations that the Trump administration retaliated against a scientist who sent early coronavirus warnings. The case also provides an insider account of the dysfunction critics say paralyzed the Department of Health and Human Services at the dawn of the COVID-19 response. 
The complaint by Dr. Rick Bright, who headed a federal agency called the Biomedical Advanced Research and Development Authority, or BARDA, until April 20, says HHS Secretary Alex Azar and his top aides dismissed experts’ warnings about the impending epidemic, failed to implement vital procedures and got sidetracked with political backbiting. 
Bright’s complaint, filed Tuesday, was the subject of media reports for its description of the administration’s scramble to make malaria drugs available at President Trump’s behest. However, the complaint also offers fresh details that haven’t been highlighted. They show how tensions between public health agencies likely delayed a more aggressive early government response. 
When Bright pushed top management in late January to move aggressively, the complaint said, HHS leaders “responded with surprise at Dr. Bright’s dire predictions and urgency, and asserted that the United States would be able to contain the virus and keep it out of the United States.” 
As Reuters reported last month, Azar in January tapped a 37-year-old political appointee with minimal public health or administrative experience to coordinate the agency’s day-to-day response to COVID-19. For six years before joining the Trump Administration, the aide, Brian Harrison, had been a professional labradoodle breeder. 
To read the earlier Reuters report, click reut.rs/2VtT2aA
The whistleblower complaint asserts Harrison and Deputy Chief of Staff Judy Stecker blocked Bright, the government’s top vaccine expert, from key HHS meetings in January. “The decision to eliminate BARDA was made by Brian Harrison, Secretary Azar’s Chief of Staff, and Ms. Stecker,” the complaint said. 
BARDA and Stecker referred calls to HHS, which declined comment. Bright, through a spokesperson, declined to comment. The HHS declined to arrange interviews with Azar and Harrison. 
In an email to a colleague in January, Bright wondered why his group was left out but noted that other health agencies were involved, so his was an “obvious group to cut if shrinking the table. But we have a significant role.” 
In his whistleblower complaint, he said it became clear to him why he was pushed aside. “It was obvious that Dr. Bright’s persistent demands for urgent action to respond to the pandemic had caused a ‘shit storm’ and a ‘commotion’ and were unwelcome in the office of the HHS Secretary,” he wrote. “As a result, HHS leadership excluded Dr. Bright and BARDA from these recurring meetings and from the critical discussions about addressing the COVID-19 pandemic.” 
As Reuters earlier reported, three government sources said Harrison had also blocked the Food and Drug Administration commissioner, Stephen Hahn, from a White House task force set up in January to address the public health crisis. 
Three sources say Harrison, who held previous government posts before owning the dog breeding business, kept a “white noise” machine outside his office door to prevent others from hearing his conversations. The agency earlier told Reuters the device was installed by the HHS Office of National Security. HHS also said Harrison was not the person who initially excluded the FDA commissioner, without saying who did. 
Azar earlier told Reuters Harrison has a “deep appreciation for HHS’s complex work.” Others say a chief of staff does not necessarily need healthcare expertise. “There are two important things about chiefs of staff,” said former HHS official William Pierce. “One, you trust them and, two, they make the trains run on time.” 
DELAYED DISASTER PLAN 
In his complaint, Bright also asserts the federal government didn’t initiate a key disaster procedure until the fourth week of January. The Disaster Leadership Group brought together management of key agencies. When he suggested implementing the group earlier, on January 18, Bright said his supervisor, Robert Kadlec, first said it wasn’t necessary and then that there wasn’t “urgency.” Kadlec referred questions to the HHS, which declined comment. 
The complaint also recounts a frustrating attempt to get samples of the actual virus from China, which Bright says “were critical to begin development of vaccines, diagnostics, and medicines.” He said he pushed HHS officials on January 10, 21 and 23 “to obtain sequencing and virus samples from China, to no avail.” On January 27, as Azar was scheduled to talk with China’s health minister, Bright unsuccessfully pressed again. 
The complaint said his team “feverishly emailed health officials and laboratories in Australia, Thailand, the United Kingdom and France to try to obtain samples because the CDC had refused to provide information or virus samples to them.” The Centers for Disease Control and Prevention referred questions to HHS, which had no comment. 
Bright, whose lawyers filed the complaint with the U.S. Office of Special Counsel, is expected to testify about his allegations next week to Congress. 
Reporting by Aram Roston and Marisa Taylor in Washington. Editing by Ronnie Greene."
5,"{'id': 'reuters', 'name': 'Reuters'}",Reuters Editorial,Singapore approves Gilead's remdesivir for COVID-19 treatment,Singapore's Health Sciences Authority said on Wednesday it granted conditional approval for Gilead Sciences Inc's antiviral drug remdesivir for the treatment of some patients with COVID-19 infection.,https://www.reuters.com/article/us-health-coronavirus-singapore-remdesiv-idUSKBN23H17F,https://s4.reutersmedia.net/resources/r/?m=02&d=20200610&t=2&i=1521741295&w=1200&r=LYNXMPEG590P8,2020-06-10T09:01:20Z,"SINGAPORE (Reuters) - Singapore’s Health Sciences Authority said on Wednesday it granted conditional approval for Gilead Sciences Inc’s antiviral drug remdesivir for the treatment of some patients with COVID-19 infection. 
South Korea, Japan, India and the United States have also approved the drug for emergency use. 
Reporting by Aradhana Aravindan and John Geddie in Singapore, editing by Louise Heavens"
6,"{'id': 'reuters', 'name': 'Reuters'}",Reuters Editorial,Pacers' Brogdon tests positive for COVID-19 - Reuters,"Indiana Pacers point guard Malcolm Brogdon tested positive for the coronavirus, the Indianapolis Star reported Wednesday.",https://www.reuters.com/article/us-basketball-nba-ind-brogdon-coronaviru-idUSKBN23V2SJ,https://s2.reutersmedia.net/resources/r/?m=02&d=20200624&t=2&i=1523363604&w=1200&r=LYNXMPEG5N1ZD,2020-06-24T17:35:00Z,"Indiana Pacers point guard Malcolm Brogdon tested positive for the coronavirus, the Indianapolis Star reported Wednesday. 
Brogdon, 27, has been active in racial and social justice efforts since the coronavirus pandemic caused a work stoppage March 11. Brogdon was injured and not playing when the NBA was forced to pause the season. 
Brogdon was traded to the Pacers from the Milwaukee Bucks prior to the season and is averaging 16.3 points, 7.1 assists and 4.7 rebounds per game. 
Brogdon’s hip injury is not expected to be a factor in his potential return. However, it’s not yet clear whether the former NBA Rookie of the Year will be available when the season resumes in Orlando next month due to the positive COVID-19 test. 
The Pacers are scheduled to arrive in Florida for training camp the first week of July. 
Individual workouts have taken place in Indianapolis with trainers and coaches permitted to lead players through one-on-one sessions. 
Field Level Media"
7,"{'id': 'reuters', 'name': 'Reuters'}",Reuters Editorial,Prince William visits Oxford COVID-19 vaccine developers - Reuters India,Britain's Prince William on Wednesday visited the Oxford-based scientists who are working to develop a viable vaccine for COVID-19 as well as trial participants who are helping to determine whether or not it works.,https://in.reuters.com/article/britain-royals-william-idINKBN23W0DY,https://s2.reutersmedia.net/resources/r/?m=02&d=20200625&t=2&i=1523411270&w=1200&r=LYNXMPEG5O0AD,2020-06-25T03:15:00Z,"LONDON (Reuters) - Britain’s Prince William on Wednesday visited the Oxford-based scientists who are working to develop a viable vaccine for COVID-19 as well as trial participants who are helping to determine whether or not it works. 
The vaccine, originally known as ChAdOx1 nCoV-19, was originally developed by scientists at the University of Oxford, and they are now working with AstraZeneca on development and production. 
It is already in human trials, with preliminary trials on pigs and monkeys showing some encouraging signs for the experimental vaccine, which is also known as AZD1222, in giving protection against COVID-19, the disease caused by the new coronavirus. 
William, Queen Elizabeth’s grandson and second-in-line to the throne, met researchers working for the Oxford Vaccine Group, including the vaccine’s developer Sarah Gilbert and the leader of the clinical trial team Andrew Pollard. 
He also spoke to AstraZeneca Chief Executive Pascal Soriot, and officials from Coalition for Epidemic Preparedness Innovations (CEPI) and international vaccine alliance Gavi via a video call. 
AstraZeneca has signed deals with Britain, the United States and European countries to supply the vaccine. 
Soriot has said that trial clinical results are expected in August or September, with deliveries possible from October, adding that he expects the vaccine, if it works, to protect against COVID-19 for about a year. 
Reporting by Alistair Smout; editing by Stephen Addison"
8,"{'id': 'reuters', 'name': 'Reuters'}",Reuters Editorial,Coric still without symptoms after COVID-19 infection - Reuters,Croatia's Borna Coric has told fans he is feeling well and experiencing no symptoms after contracting the novel coronavirus at Novak Djokovic's controversial Adria Tour tournament.,https://www.reuters.com/article/us-health-coronavirus-tennis-djokovic-idUSKBN23X0TM,https://s3.reutersmedia.net/resources/r/?m=02&d=20200626&t=2&i=1523701943&w=1200&r=LYNXMPEG5P0IQ,2020-06-26T06:42:00Z,"(Reuters) - Croatia’s Borna Coric has told fans he is feeling well and experiencing no symptoms after contracting the novel coronavirus at Novak Djokovic’s controversial Adria Tour tournament. 
Djokovic, Coric, Grigor Dimitrov and Viktor Troicki all tested positive for COVID-19 after playing in the event in Serbia and Croatia, which drew big crowds and saw the players pose for pictures together. 
World No. 1 Djokovic, who organised the charity event, has come in for heavy criticism after the players were pictured hugging at the net, playing basketball and partying together. 
“A few days have passed since I tested positive for Covid-19,” world number 33 Coric said on Twitter, with a picture of him standing on a treadmill. 
“I’m extremely grateful that I still feel well and don’t have any symptoms ... TY very much for all the messages of love and support I have received whilst isolating.” 
Djokovic has apologised and said the timing of the event was “too soon” while world number three Dominic Thiem, who played in the Belgrade leg, said players behaved “too euphorically”. 
Djokovic’s compatriot, Manchester United midfielder Nemanja Matic, came to his defence, saying there has been a “campaign” against him despite the event breaking no local rules. 
In an open letter published by Serbian media, Matic said the “mice” had came out of their holes to criticise Djokovic. 
“Very soon the cat will be on the court, and the mice back in the hole,” he wrote. “The only thing I hold against Novak is that he apologised to the mice who criticise him for no reason. 
“No, Nole. They will apologise to you - soon.” 
Reporting by Sudipto Ganguly in Mumbai; editing by Peter Rutherford"
9,"{'id': 'reuters', 'name': 'Reuters'}",Reuters Editorial,Trials with Oxford COVID-19 vaccine start in Brazil - Reuters,"Oxford University this weekend started human clinical trials for a potential coronavirus vaccine in Brazil, sponsor Lemann Foundation said in a statement late on Monday.",https://www.reuters.com/article/us-health-coronavirus-brazil-vaccine-idUSKBN23U1R3,https://s3.reutersmedia.net/resources/r/?m=02&d=20200623&t=2&i=1523188163&w=1200&r=LYNXMPEG5M10L,2020-06-23T11:42:00Z,"SAO PAULO (Reuters) - Oxford University this weekend started human clinical trials for a potential coronavirus vaccine in Brazil, sponsor Lemann Foundation said in a statement late on Monday. 
Trials will count on 2,000 health workers volunteers in Sao Paulo and 1,000 people in Rio de Janeiro. 
Brazil’s health regulator Anvisa approved human clinical trials for this potential vaccine, developed by Oxford and supported by AstraZeneca Plc, earlier in June. nL1N2DG1RJ 
Brazil, where the disease is still rife, is the first country outside the United Kingdom to start testing the Oxford vaccine. 
Researchers expect to launch the vaccine by year-end. 
Reporting by Eduardo Simoes, writing by Carolina Mandl; Editing by Steve Orlofsky"
10,"{'id': 'reuters', 'name': 'Reuters'}",Sonya Dowsett,Generation COVID: The Spanish learners lost to lockdown - Reuters India,"Out of 31 pupils in one of Madrid teacher Clara Mijares' online classes last month, eight were missing. Two had not been seen for some time, she said, adding that this is a fairly typical ratio these days for her lockdown sessions for 12 to 16-year-olds.",https://in.reuters.com/article/health-coronavirus-spain-education-idINKBN23U1JK,https://s1.reutersmedia.net/resources/r/?m=02&d=20200623&t=2&i=1523183040&w=1200&r=LYNXMPEG5M0W0,2020-06-23T10:52:00Z,"MADRID (Reuters) - Out of 31 pupils in one of Madrid teacher Clara Mijares’ online classes last month, eight were missing. Two had not been seen for some time, she said, adding that this is a fairly typical ratio these days for her lockdown sessions for 12 to 16-year-olds. 
Some of those who had made it to that pastoral meeting of El Espinillo secondary school in Madrid kept their webcams disabled. They were in no rush to answer when she asked how they were doing. 
“Don’t just say ‘good,’” she coaxed the screen of 13-year-olds. “Use another word.” Eventually, more considered responses trickled through her speaker: Tired. Bored. Haven’t left home for exercise. Prefer to stay indoors. 
“The charm of being in a class has been lost,” Mijares said. 
In recent months it’s a scene played out in homes worldwide, as United Nations data suggests over 1.5 billion children were affected by school closures to curb the spread of COVID-19. From Shanghai to California, students have been kept out of classrooms, and attendance at online sessions has thinned. 
But as the school year comes to an end and countries count the cost of the lost learning, Spanish government data points to a particularly damaging consequence of the isolation caused by the pandemic: The disenfranchisement of ever more young people, particularly those on low incomes, such as the children of those who are caring for the vulnerable. 
Spain has had more than 260,000 cases of COVID-19 according to a Reuters tally - the second-highest total in Europe after the United Kingdom. But unlike other countries including Britain, in Spain all schools closed during lockdown. There was no skeleton service for children of key personnel like health workers. 
Since March, all educational centres including primary, secondary and universities have been closed, leaving 9.5 million students learning from home. Most schools will not open for all pupils until the new academic year starts in September. 
In Spain, school drop-out rates were already the highest in the European Union - 17.3% in 2019. Now, the government estimates up to 12% of school children have dropped out of distance-learning during the 14-week lockdown - nearly one million pupils. 
Mijares’ school serves a working-class district - pupils range from white-collar households to families on state aid, says headmistress Toni Garcia. As the lockdown dragged on, Mijares realised she would have to find different ways to reach students, including making landline calls to them. 
“I spoke to families who said they were overwhelmed by all the assignments and all the emails,” she said, sitting in her brother’s old bedroom which she has converted into her office since moving back in with her parents during lockdown. 
“One of my tasks has been to call and explain how to read and send an email from a mobile phone.” 
In lockdown, limited access to the internet creates a social barrier. According to a study by the Organization for Economic Cooperation and Development (OECD) from 2015, more than 90% of disadvantaged students in countries such as Canada, Korea and Australia had internet access. But disadvantaged students in Spain were nearly 14% less likely than rich ones to get online. That gap was even wider in the United States and Russia, where fewer than one in five disadvantaged students had internet access. 
Spain’s low-income learners are already faring worse than many in Europe. The financial crisis of 2008-2014 laid off over 2 million workers and even today, despite years of strong economic growth, the country has the EU’s second-highest unemployment rate after Greece. There are 2.2 million children at risk of poverty and exclusion in Spain - over a quarter of the total child population, according to calculations by humanitarian group Save the Children. 
The income difference between the richest fifth of Spain’s population and the poorest - a measure of inequality - is among the highest in Europe and has grown over the last decade, according to the European Anti-Poverty Network. The widening gulf poses crucial questions for economic growth and social stability. 
“It’s the most worrying fact about Spain - the very high percentage of (early school) leavers,” Olivier De Schutter, the United Nations Special Rapporteur on extreme poverty and human rights, told Reuters. 
“The role the school should normally play - as a force for social mobility and a way to equalise chances in life - is much more difficult to play if you close down the school,” he said. Continued disruption may increase the gap, he said. 
The government said physical presence in classrooms will be the general standard when schools reopen. It is keen for all children to be able to return to the classroom because of the role schools play in eliminating inequality, said education ministry spokeswoman Mar Hedo. 
“EVERYTHING IS WEIGHING ON ME” 
The school closures have left many struggling. Single mother Saida Juarez, 50, works as a care home assistant in Vallecas, a suburb of Madrid. When the pandemic struck, she isolated herself from her two sons within her flat to cut the risk of infecting them. 
For 10 weeks, she had no physical contact with either of the boys, who are 16 and 10. 
The children have work sent to them by email which they receive by mobile phone. When they’ve finished, they take photos which they send back for marking. Juarez has not been able to help them with their schoolwork. 
“I couldn’t go near them,” she said, speaking in the living room of her flat. 
Her eldest son Gabriel, who attends a different school than the one Mijares teaches at, enters his final year of compulsory education next year and hopes eventually to join the police. Since lockdown he has been looking after his younger brother, Matias, while his mother works from 7 a.m. to 3 p.m. 
At first when Juarez came home, she would shower, douse herself in liquid sanitiser and go to the kitchen to prepare meals for the boys, she said. She spent the rest of the evening in her room, communicating with them by phone. 
“I was scared that I was bringing the virus home,” she said. “It was so hard and painful not to have contact.” 
Later that month, she fell ill herself, was bed-ridden for 10 days and stayed off work for around a month, self-isolating in her bedroom. The health service asked her to stay at home and checked her regularly by phone. Weeks later, she was tested for COVID-19 and the result came back negative. 
Gabriel did the shopping and cooking during that time and helped Matias with his schoolwork, as well as doing his own. He misses school, he said, because it’s harder to ask teachers for help. He emailed his teachers, but their answers came more slowly than they would in class. 
There are times, Gabriel said, when he gets up and has to make breakfast, put the house in order, take their pet dog out and only then get to his school work. “I get up tired and it’s like everything is weighing on me,” he said, sitting with his brother and friends in masks at the dining room table where he studies. 
When Spaniards were first allowed out of their houses for exercise in early May, Gabriel said he met a friend who came to help him with his studies. But after so long without contact, he didn’t know what to say or how to act. 
“It’s going to be hard to go back to interacting with people because I’ve been so long without speaking to anyone.” 
“HOW DOES THIS WORK?” 
According to government statistics, public investment in education in Spain has fallen since 2009 to 4.23% of GDP in 2018 - a cut of around 3 billion euros. Since schools shut down, the fact that the most vulnerable families do not have computing resources has added to the difficulty. 
In a child support centre in Madrid in mid-May, care assistant Turia was one of those who came to collect a tablet - one of 1,000 such devices donated in a Madrid council scheme. 
Turia, who declined to give her second name, said she works from 10 a.m. to 3 p.m. as an assistant to an elderly person with Alzheimer’s and helps her two children with their school work when she gets home. She photographs the completed work and sends it back to the teachers. 
There are over 1 million children in school in Madrid, where the severe poverty rate had more than doubled in a decade to 7.8 percent in 2017, according to a U.N. report from February. The minimum salary in Spain is 950 euros per month, but social security benefits, administered regionally, are around half that. 
Madrid’s scheme provides just 400 euros a month for a single person, the lowest in the country, government figures show. At the same time Spain is one of the most expensive countries in Europe for fixed broadband, according to a 2020 study by the European Commission. 
The education ministry said it is giving more equipment to schools and working to train teachers, students and their families how to use them. But that does not help with internet access charges, and many poorer households are far behind on technical know-how, teachers say and studies show. 
About a half-dozen families came to Madrid’s child support centre that day to pick up tablets. Most said they had only a cellphone and many were not confident about using the technology. 
As Turia took the computer from the worker distributing the tablets, she asked: “How does this work?” 
Reporting by Sonya Dowsett in Madrid; Edited by Sara Ledwith"
11,"{'id': 'reuters', 'name': 'Reuters'}",Reuters Editorial,Djokovic tests positive for COVID-19 - statement - Reuters UK,"Novak Djokovic, the men's world number one tennis player, has tested positive for COVID-19, the Serbian said in a statement on Tuesday.",https://uk.reuters.com/article/uk-health-coronavirus-tennis-djokovic-idUKKBN23U1VC,https://s1.reutersmedia.net/resources/r/?m=02&d=20200623&t=2&i=1523191698&w=1200&r=LYNXMPEG5M13A,2020-06-23T12:16:00Z,"BELGRADE (Reuters) - Novak Djokovic, the men’s world number one tennis player, has tested positive for COVID-19, the Serbian said in a statement on Tuesday. 
Croatia’s Borna Coric, Grigor Dimitrov of Bulgaria and Viktor Troicki have previously tested positive after playing in Djokovic’s Adria Tour exhibition tournament in the Balkan region. 
Reporting by Zoran Milosavljevic; writing by Sudipto Ganguly in Mumbai; editing by Christian Radnedge"
12,"{'id': 'reuters', 'name': 'Reuters'}",Caroline Spiezio,IN BRIEF: Susman Godfrey founder diagnosed with COVID-19 - Reuters,"Stephen Susman, famed plaintiffs' trial lawyer and founder of law firm Susman Godfrey, has been diagnosed with COVID-19, his wife said in a social media post on Tuesday.",https://www.reuters.com/article/lawyer-coronavirus-susman-idUSL1N2E103Y,https://s4.reutersmedia.net/resources_v2/images/rcom-default.png,2020-06-24T01:34:00Z,"Stephen Susman, famed plaintiffs’ trial lawyer and founder of law firm Susman Godfrey, has been diagnosed with COVID-19, his wife said in a social media post on Tuesday. 
Susman, who had been admitted to a Houston hospital following an April 22 bike crash that resulted in a brain injury, was diagnosed with COVID-19 and underlying pneumonia on Sunday, his wife Ellen Susman wrote in a post on CaringBridge, a social media website for people facing medical conditions and their families. 
To read the full story on Westlaw Practitioner Insights, click here: bit.ly/3hUL6rT"
13,"{'id': 'reuters', 'name': 'Reuters'}",Angelo Amante,Italian cities see bicycle boom after COVID-19 lockdown - Reuters,Italy has seen a surge in bicycle sales since the government ended its coronavirus lockdown as people steer clear of public transport and respond to government incentives to help the environment.,https://www.reuters.com/article/us-health-coronavirus-italy-bikes-idUSKBN23U1UF,https://s3.reutersmedia.net/resources/r/?m=02&d=20200623&t=2&i=1523190910&w=1200&r=LYNXMPEG5M12L,2020-06-23T12:06:00Z,"ROME (Reuters) - Italy has seen a surge in bicycle sales since the government ended its coronavirus lockdown as people steer clear of public transport and respond to government incentives to help the environment. 
Some 540,000 bikes have been sold nationwide since shops across the country reopened in early May, according to sector lobby Ancma, a 60% increase in the first month compared to the same period in 2019. 
To keep people off metros and buses and avoid road congestion, the government has offered to contribute up to 500 euros ($562.70) for city-dwellers who buy traditional or “pedal-assisted” electrical bicycles. 
The subsidy, which kicked in on May 4 and runs to the end of the year, has accelerated a trend in place even in small centres where it is not available. 
“May has been an extraordinary month for the e-bike market,” Gian Franco Nanni, chief executive of Italian electric vehicle producer Askoll EVA told Reuters. “We have seen triple-digit growth in orders compared with a year ago.” 
With more than 34,600 deaths, Italy has the world’s fourth highest COVID-19 toll and authorities have warned the risk of infection is still high in crowded places. 
The government has set aside 120 million euros for its incentive plan, and has said it will make more funds available if needed. 
Bicycle use has been traditionally popular in the flat northern cities of the Po Valley such as Bologna and Parma, but is now also becoming more frequent in cities further south. 
“We have sold more than 50 bikes since we reopened,” said Simone Lazzaretti, who runs the “Lazzaretti” bike shop in the hilly capital Rome, where bicycles had never really caught on as a means to get around town. 
“We’ve sold out of all the less expensive pedal-assisted models and only have top-of-the-range ones left, which cost around 2,500 euros,” he said. 
($1 = 0.8886 euros) 
Editing by Gavin Jones and Chizu Nomiyama"
14,"{'id': 'reuters', 'name': 'Reuters'}",Reuters Editorial,Oil tanker quarantined in Antwerp after COVID-19 outbreak - Reuters,"The Belgian port of Antwerp has quarantined a Maltese-flagged oil tanker until at least July 4 after more than half of its crew tested positive for COVID-19, the port authority said on Thursday.",https://www.reuters.com/article/us-health-coronavirus-belgium-tanker-idUSKBN23W1PT,https://s4.reutersmedia.net/resources_v2/images/rcom-default.png,2020-06-25T11:26:00Z,"(Reuters) - The Belgian port of Antwerp has quarantined a Maltese-flagged oil tanker until at least July 4 after more than half of its crew tested positive for COVID-19, the port authority said on Thursday. 
The Minerva Oceania was being held at the port’s Leopold dock after 15 of its 26-person crew had returned positive tests, a port spokeswoman said in an emailed response. 
Two of the crew members who tested positive were in hospital but their condition was not serious, she said. 
The other crew were remaining on board and those with COVID-19 self-isolating in separate cabins. 
The spokeswoman did not say when the ship had arrived in Antwerp or where it had come from. 
Ship tracking website MarineTraffic said the oil products tanker had arrived in Antwerp on June 19 after a month-long journey from Ras Laffan in Qatar. 
The port, where some 60,000 people work, said it would review the situation with Flemish health authorities on July 4. 
Belgian media previously reported that another ship had been quarantined at the port in April, after an outbreak of the virus among its crew. 
Belgium’s Zeebrugge port also held an Italian cruise ship for a few hours in March, when two of the more than 3,000 people on board were quarantined after contact with an infected person in Germany. 
Reporting by Kate Abnett; Editing by Philip Blenkinsop and Andrew Cawthorne"
15,"{'id': 'reuters', 'name': 'Reuters'}",Reuters Editorial,Britain's Prince William visits Oxford COVID-19 vaccine developers - Reuters,Britain's Prince William on Wednesday visited the Oxford-based scientists who are working to develop a viable vaccine for COVID-19 as well as trial participants who are helping to determine whether or not it works.,https://www.reuters.com/article/us-britain-royals-william-idUSKBN23V374,https://s2.reutersmedia.net/resources/r/?m=02&d=20200624&t=2&i=1523383856&w=1200&r=LYNXMPEG5N29D,2020-06-24T21:00:00Z,"LONDON (Reuters) - Britain’s Prince William on Wednesday visited the Oxford-based scientists who are working to develop a viable vaccine for COVID-19 as well as trial participants who are helping to determine whether or not it works. 
The vaccine, originally known as ChAdOx1 nCoV-19, was originally developed by scientists at the University of Oxford, and they are now working with AstraZeneca on development and production. 
It is already in human trials, with preliminary trials on pigs and monkeys showing some encouraging signs for the experimental vaccine, which is also known as AZD1222, in giving protection against COVID-19, the disease caused by the new coronavirus. 
William, Queen Elizabeth’s grandson and second-in-line to the throne, met researchers working for the Oxford Vaccine Group, including the vaccine’s developer Sarah Gilbert and the leader of the clinical trial team Andrew Pollard. 
He also spoke to AstraZeneca Chief Executive Pascal Soriot, and officials from Coalition for Epidemic Preparedness Innovations (CEPI) and international vaccine alliance Gavi via a video call. 
AstraZeneca has signed deals with Britain, the United States and European countries to supply the vaccine. 
Soriot has said that trial clinical results are expected in August or September, with deliveries possible from October, adding that he expects the vaccine, if it works, to protect against COVID-19 for about a year. 
Reporting by Alistair Smout; editing by Stephen Addison"
16,"{'id': 'reuters', 'name': 'Reuters'}",Reuters Editorial,Bridgewater CIO says COVID risk likely to outlast stimulus - Reuters,"The Federal Reserve's stimulus program can cover the collapse in corporate cash flows for the summer, but the economic risk posed by the coronavirus pandemic is likely to extend far beyond that, Bridgewater Co-Chief Investment Officer Bob Prince said at the B…",https://www.reuters.com/article/usa-investments-bridgewater-idUSL1N2E11S3,https://s4.reutersmedia.net/resources_v2/images/rcom-default.png,2020-06-24T18:53:00Z,"NEW YORK, June 24 (Reuters) - The Federal Reserve’s stimulus program can cover the collapse in corporate cash flows for the summer, but the economic risk posed by the coronavirus pandemic is likely to extend far beyond that, Bridgewater Co-Chief Investment Officer Bob Prince said at the Bloomberg Invest Global conference on Wednesday. 
“The programs to date are by and large sufficient to cover the income gap for about three or four months starting from April. So we’re really talking about an amount of money that gets you through the summer. And the problem then is that we’re talking about the virus, which has a time frame of probably 18-24 months. So I refer to that as a duration mismatch,” he said. (Reporting by Kate Duguid; editing by Jonathan Oatis)"
17,"{'id': 'reuters', 'name': 'Reuters'}",Reuters Editorial,Ivanisevic latest to test positive for COVID-19 - Reuters,Former Wimbledon champion Goran Ivanisevic is the latest to announce he has tested positive for COVID-19 following the ill-fated Adria Tour organized by Novak Djokovic.,https://www.reuters.com/article/us-health-coronavirus-tennis-ivanisevic-idUSKBN23X1RB,https://s4.reutersmedia.net/resources/r/?m=02&d=20200626&t=2&i=1523739227&w=1200&r=LYNXMPEG5P15W,2020-06-26T12:52:00Z,"LONDON (Reuters) - Former Wimbledon champion Goran Ivanisevic is the latest to announce he has tested positive for COVID-19 following the ill-fated Adria Tour organized by Novak Djokovic. 
Ivanisevic, who is part of Djokovic’s coaching set-up, said on Instagram that after two negative tests he had now tested positive. 
“I feel good and don’t have any symptoms,” Croatian Ivanisevic, who won Wimbledon as a wildcard in 2001 when he beat Pat Rafter, said. 
“I would like to inform everyone who has been in contact with me that I tested positive and ask them to take extra good care of themselves and their loved ones. 
“I will continue to self-isolate as I have been doing.” 
World number one Djokovic has been criticized after he, Grigor Dimitrov of Bulgaria, Croatia’s Borna Coric and Viktor Troicki of Serbia tested positive after playing in the exhibition tournament in the Balkan region. 
Djokovic’s wife Jelena also tested positive, as did his fitness coach Marco Panichi and Dimitrov’s coach Christian Groh. 
The tournament witnessed packed stands during the opening leg in Belgrade, players hugging at the net, playing basketball, posing for pictures and attending press conferences together. 
Reporting by Martyn Herman; Editing by Toby Davis"
18,"{'id': 'reuters', 'name': 'Reuters'}",Simon Evans,FIFA agree massive $1.5 billion COVID-19 relief plan - Reuters,FIFA announced on Thursday that it had agreed a $1.5 billion relief plan to help deal with the impact of the COVID-19 pandemic on the global game.,https://www.reuters.com/article/us-soccer-worldcup-coronavirus-idUSKBN23W34A,https://s1.reutersmedia.net/resources/r/?m=02&d=20200625&t=2&i=1523646053&w=1200&r=LYNXMPEG5O291,2020-06-25T18:51:00Z,"(Reuters) - FIFA announced on Thursday that it had agreed a $1.5 billion relief plan to help deal with the impact of the COVID-19 pandemic on the global game. 
FIFA’s plan means world soccer’s governing body will dip into its reserves to provide national federations with a number of grants and interest-free loans to cope with budget hits. 
FIFA had already provided the immediate release of all funds from its ‘Forward’ projects and given the green light for such grants to be used for COVID-19 relief plans with a minimum of 50% of released funds to be allocated to women’s football. 
The third stage of the plans, unanimously backed by the FIFA Council on Thursday, allows for a ‘universal solidarity grant’ of $1 million dollars to all national associations with an additional $500,000 specifically for women’s football. 
Each regional confederation will receive a grant of $2 million. 
FA’s will be able to apply for loans, amounting to up to 35% of their audited, annual revenues up to a maximum of $5 million with confederations able to request up to $4 million. 
“Both grants and loans can be directed by member associations to the wider football community in their respective territories, including clubs, players, leagues, or others that have been affected by COVID,” said FIFA president Gianni Infantino. 
Infantino added that there would be strict controls on the use of funds, audit requirements, as well as clear loan repayment conditions. 
Olli Rehn, the deputy chairman of the FIFA Governance Committee, who is Governor of the Bank of Finland and a member of the Governing Council of the European Central Bank, will head a committee set up to administer the funds. 
The council also backed changes to the calendar to support confederations’ desires to extend international breaks to allow for fixture congestion and rearranged matches. 
Infantino said no decision has yet to be taken on the rescheduling of the new Club World Cup tournament which has been postponed from July 2021 due to the postponement of Euro 2020 and the Copa America. 
The council also gave the green light to a new pan-Arab tournament to be played in 2021 in Qatar as a ‘test event’ for the 2022 World Cup. 
The invitational competition will be contested by Arab nations from Africa and Asia and feature home-based players only. 
The tournament will be held in from 1-18 December 2021 and be run by Qatar’s World Cup organising committee. 
Reporting by Simon Evans; Editing by Christian Radnedge"
19,"{'id': 'reuters', 'name': 'Reuters'}",Reuters Editorial,Egypt's Eva Pharma begins producing COVID-19 drug Remdesivir - Reuters,"Egypt's Eva Pharma said on Thursday it had begun producing Remdesivir and Favipiravir, two drugs used in the treatment of patients with COVID-19.",https://www.reuters.com/article/health-coronavirus-egypt-remdesivir-idUSL8N2E25AR,https://s4.reutersmedia.net/resources_v2/images/rcom-default.png,2020-06-25T17:14:00Z,"CAIRO, June 25 (Reuters) - Egypt’s Eva Pharma said on Thursday it had begun producing Remdesivir and Favipiravir, two drugs used in the treatment of patients with COVID-19. 
Remdesivir is indicated for moderate to severe cases of COVID-19 for patients in intensive care who require oxygen, while Favipiravir is indicated for mild to moderate cases. 
Eva Pharma, a generic drugmaker established in 1997, said earlier this month it had received a licence from Gilead Sciences Inc to make Remdesivir in Egypt and distribute it in 127 countries. 
It will initially make 500,000 doses a month to be sold locally for less than 2,000 Egyptian pounds ($124.07) each, said general manager Amgad Talaat, adding that they had already started delivering the medicine to quarantine hospitals. 
It has also started producing 1 million Favipiravir tablets a month, which will be on the market within two to three weeks, Talaat said. The price has still to be finalised. 
Japan’s Fujifilm Holdings Corp, which makes Favipiravir under the brand name Avigan, said this month its research on the drug as a potential COVID-19 treatment may need to continue until July. 
Eva Pharma said it had received permission from Egypt’s pharmaceutical regulatory authority to produce the drugs, and the body would decided whether they could be sold in pharmacies or only used in hospitals. 
Talaat said that once Egyptian needs were met, Eva Pharma hoped to sell any excess doses to other Middle Eastern and African countries. 
Egypt’s Rameda Pharmaceutical also said this month it had begun making Favipiravir under the brand name Anviziram and had approval to manufacture Remedsivir. ($1 = 16.1200 Egyptian pounds) (Reporting by Ehab Farouk; Writing by Patrick Werr; Editing by Kirsten Donovan)"
