,source,author,title,description,url,urlToImage,publishedAt,content
0,"{'id': 'reuters', 'name': 'Reuters'}",Reuters Editorial,FACTBOX-Prominent deaths linked to COVID-19 - Reuters,One of the patriarchs of jazz. Libya's rebel prime minister. The Chinese doctor reprimanded for issuing an early warning about the novel coronavirus. Below is a list of some of the prominent people whose deaths were linked to COVID-19.,https://www.reuters.com/article/health-coronavirus-deaths-prominent-idUSL8N2E25IS,https://s4.reutersmedia.net/resources_v2/images/rcom-default.png,2020-06-28T21:57:00Z,"June 28 (Reuters) - One of the patriarchs of jazz. Libya’s rebel prime minister. The Chinese doctor reprimanded for issuing an early warning about the novel coronavirus. Below is a list of some of the prominent people whose deaths were linked to COVID-19. 
Patricia Bosworth, the U.S. writer and actor who starred alongside Audrey Hepburn in “The Nun’s Story” in 1959, died on April 2, aged 86. 
Tim Brooke-Taylor, a stalwart of British comedy best known for the 1970s TV show “The Goodies”, died on April 12, aged 79. 
Manu Dibango, the Cameroon-born singer and saxophonist who recorded the hit track “Soul Makossa” in 1972, died in France on March 24, aged 86. 
Pape Diouf, the former president of Ligue 1 soccer club Olympique de Marseille, died aged 68 on March 31. The Senegalese national who moved to Marseille as a teenager died in Dakar. 
Annie Glenn, philanthropist and the widow of pioneering astronaut and U.S. Senator John Glenn, died aged 100 on May 19 at a Minnesota nursing home. 
Dave Greenfield, keyboard player for the British rock group The Stranglers died on May 3, aged 71. He wrote the music for “Golden Brown”, the band’s biggest hit. 
Roy Horn, the magician who starred alongside Siegfried Fischbacher in a popular, long-running Las Vegas act built around rare tigers, died on May 8, aged 75. 
Mahmoud Jibril, who abandoned Muammar Gaddafi to become Libya’s rebel prime minister during the 2011 revolution, died in Cairo on April 5. He was interim leader until the country held its first free elections in four decades in 2012. 
Lee Konitz, the U.S. saxophonist who pioneered “cool” jazz, died on April 15, aged 92. He cut albums with Miles Davis, pianist Bill Evans, sax player Gerry Mulligan and bassist Charles Mingus among many others. 
Li Wenliang, the Chinese doctor who was reprimanded for issuing an early warning about the disease, died on Feb 7. The ophthalmologist at a hospital in Wuhan, the city at the epicentre of the outbreak, said he had tested positive for the coronavirus. 
Ellis Marsalis, one of the patriarchs of jazz as the father of Branford, Wynton, Delfeayo and Jason and a great pianist in his own right, died on April 1 aged 85. 
Terrence McNally, the Tony award-winning playwright known for plays including “Love! Valour! Compassion!” and the musical version of “Kiss of the Spider Woman”, died on March 24, aged 81. 
John Prine, the Grammy-winning singer who wrote his early songs in his head while delivering mail and later emerged from Chicago’s folk revival scene in the 1970s to become one of the most influential songwriters of his generation, died on April 7, aged 73. 
Sergio Rossi, the Italian luxury shoemaker, died on April 2. He was in his 80s. 
Luis Sepúlveda, the Chilean author best known for his book “The Old Man Who Read Love Stories”, died in Spain on April 16, aged 70. 
Ken Shimura, one of Japan’s best-known comedians, died on March 29, aged 70. (Compiled by Andrew Heavens; Editing by Mike Collett-White)"
1,"{'id': 'reuters', 'name': 'Reuters'}",Reuters Editorial,New York City Marathon canceled due to COVID-19 - Reuters,"The New York City Marathon originally scheduled to be held on Nov. 1 has been canceled because of the COVID-19 pandemic, race organisers said on Thursday.",https://www.reuters.com/article/us-health-coronavirus-athletics-nyc-idUSKBN23V248,https://s3.reutersmedia.net/resources/r/?m=02&d=20200624&t=2&i=1523339795&w=1200&r=LYNXMPEG5N1K5,2020-06-24T14:20:00Z,"(Reuters) - The New York City Marathon originally scheduled to be held on Nov. 1 has been canceled because of the COVID-19 pandemic, race organisers said on Thursday. 
The New York Road Runners (NYRR), in partnership with the mayor’s office, said the decision to cancel the world’s largest marathon was made due to novel coronavirus-related health and safety concerns for runners, spectators, volunteers and staff. 
“Canceling this year’s TCS New York City Marathon is incredibly disappointing for everyone involved, but it was clearly the course we needed to follow from a health and safety perspective,” NYRR Chief Executive Michael Capiraso said in a statement. 
The 26.2-mile race (42km), which traverses all five boroughs of the city and had 53,640 finishers in 2019, is the second of the six World Marathon Majors to be cancelled this year due to the coronavirus outbreak. 
The Boston Marathon, originally due to be held in April and then postponed until September, was cancelled for the first time in its history. 
The Tokyo Marathon went ahead on March 1 with elite runners only, London was postponed to Oct. 4 from April 26 and Berlin organisers said their race will not got ahead in September but did not say if it would be postponed or cancelled altogether. 
The Chicago Marathon has not announced any changes to their scheduled event in October. 
Reporting by Frank Pingue in Toronto; Editing by Catherine Evans and Ken Ferris"
2,"{'id': 'reuters', 'name': 'Reuters'}",Andy Home,Column: COVID-19 will tilt aluminium axis further towards China - Andy Home - Reuters,China's giant aluminium production sector seems to have emerged unscathed from the COVID-19 crisis.,https://www.reuters.com/article/us-metals-aluminium-ahome-idUSKBN23V2SN,https://s3.reutersmedia.net/resources/r/?m=02&d=20200624&t=2&i=1523363987&w=1200&r=LYNXMPEG5N1ZL,2020-06-24T17:38:00Z,"LONDON (Reuters) - China’s giant aluminium production sector seems to have emerged unscathed from the COVID-19 crisis. 
The country’s annualised production rose by 718,000 tonnes to 36.56 million tonnes over the first five months of this year, the latest estimate from the International Aluminium Institute (IAI) found. 
China’s share of global output touched 57% in May. Since the IAI first started using its own assessments of Chinese production, the country has only exceeded that level a couple of times in 2018, a year of record national output. 
Annualised run-rates in the rest of the world decreased by 612,000 tonnes over the January-May 2020 period. That decline in part reflected curtailments because of lockdowns but low international prices are starting to take a toll on Western smelters. 
China is already the world’s largest aluminium producer. 
It’s hard to see how its dominance will not increase, particularly since the U.S. Administration’s venting of its aluminium frustrations on Canada reduces the chances of multilateral action to stop it. 
GRAPHIC: COVID-19 will tilt global aluminium axis further towards China - here
CHINA - RAMPING UP AGAIN 
Chinese aluminium production fell last year for the first time in a decade. That was largely the result of unplanned outages at a couple of the country’s biggest producers and the analysts’ consensus was always for a renewed growth spurt this year. 
Annualised monthly production rates jumped the 36-million level at the start of 2020 and have remained above it ever since. 
There was a small dip in run-rates in March at the peak of China’s lockdowns, which coincided with a price trough on the Shanghai Futures Exchange aluminium contract. 
But cumulative production was still up by 2% in January-May after a 1.0% contraction last year. 
Shanghai prices have rebounded from their March slump, easing some of the previous financial stress on the country’s operators. 
New smelters, meanwhile, continue to come online. Yunnan Aluminium announced last month the commissioning of a 500,000-tonne per year plant in the Wenshan region of the province. 
Wenshan is an emerging Chinese production hub as producers migrate from older coal-powered smelters in other parts of the country towards Yunnan’s cleaner hydro power. 
In principle, such new capacity has to be matched by the closure of older capacity but the process inevitably involves capacity creep because the new smelters are more efficient than those they are replacing. 
In practice, it’s not always clear whether the older capacity was even operating. 
Either way, almost half way through 2020 and Chinese aluminium production is clearly growing again. 
Moreover, Beijing’s mandated cap on national capacity at 45 million tonnes allows plenty of leeway for further upwards creep. 
COVID-19 RECOVERY BUT PRICE PAIN GROWS 
As with their Chinese counterparts, most Western smelter operations have not been directly affected by COVID-19. 
The notable exception was Argentinian producer Aluar, which temporarily shuttered half of its 460,000-tonne per year capacity during the country’s lockdown. 
The country’s aluminium production was down an average 17% over the January-May period with Aluar operating at 54% of capacity in May, local consultancy Economic Trends found. 
The heavier toll from COVID-19 has been on demand and price. London Metal Exchange (LME) inventories have been rising steeply as unsold metal spills from the physical to the paper market, where it can be financed. 
The LME price is trading around $1,590 per tonne and struggling to stage any significant recovery from last month’s four-year low of $1,460. 
The resulting squeeze on smelter margins is starting to take a toll. 
Alcoa has announced the permanent closure of its Ferndale smelter in the U.S. state of Washington. The plant was already operating at reduced capacity of 230,000 tonnes. 
The U.S. producer has also initiated talks with unions at its similar-sized San Ciprian smelter in Spain over a possible closure decision. 
Rio Tinto has two smelters, one in Iceland and one in New Zealand, under strategic review. 
True, there are expansions under way elsewhere. 
Gulf production is booming, up 13% last year and a further 6% in January-May this year as Aluminium Bahrain ramps up its new 540,000-tonne per year Potline 6 expansion. 
Malaysia’s Press Metal is also aiming to lift capacity from 760,000 tonnes per year to 1,080,000 through its Phase 3 smelter due for commissioning at the start of next year. 
But by that time at least one more non-Chinese smelter is likely to have bitten the dust. 
The financial crisis a decade ago took out a swath of Western aluminium smelters with China’s share of global production rising to 49% at the end of 2012 from 29% at the start of 2009. 
COVID-19 is generating the same bearish mix of weak demand, surplus metal, low prices and Chinese production exuberance. 
POLITICAL DISUNITY 
As China’s smelter capacity has grown so too have its exports of semi-manufactured products. 
Semis shipments have slowed this year to the tune of 10% as overseas demand collapsed but at 1.5 million tonnes, the cumulative total is still a lot of aluminium, particularly in the current demand environment. 
China’s exports have long generated international push-back, often in the form of punitive duties. 
There had been building momentum towards a multilateral forum to engage directly with Beijing over its continued build-out of aluminium capacity. 
Unfortunately, President Trump doesn’t do multilateral forums. He chose instead to impose a blanket tariff of 10% on all U.S. imports with exceptions for a couple of close allies 
Canada was exempted last year but is faces renewed tariffs after an alleged surge of metal entering the U.S. market. 
Such national friction means there is no international political check on China’s continuing creep towards that elevated 45-million tonne capacity threshold. 
In its absence, there is no reason for China not to continue what it is doing, which is to produce more aluminium. 
(The opinions expressed here are those of the author, a columnist for Reuters.)"
3,"{'id': 'reuters', 'name': 'Reuters'}",Andy Home,COLUMN-COVID-19 will tilt aluminium axis further towards China: Andy Home - Reuters,China's giant aluminium production sector seems to have emerged unscathed from the COVID-19 crisis.,https://www.reuters.com/article/metals-aluminium-ahome-idUSL8N2E12XE,https://s4.reutersmedia.net/resources_v2/images/rcom-default.png,2020-06-24T14:37:00Z,"(The opinions expressed here are those of the author, a columnist for Reuters.) 
* China's aluminium production: tmsnrt.rs/3fSqGxX
By Andy Home 
LONDON, June 24 (Reuters) - China’s giant aluminium production sector seems to have emerged unscathed from the COVID-19 crisis. 
The country’s annualised production rose by 718,000 tonnes to 36.56 million tonnes over the first five months of this year, the latest estimate from the International Aluminium Institute (IAI) found. 
China’s share of global output touched 57% in May. Since the IAI first started using its own assessments of Chinese production, the country has only exceeded that level a couple of times in 2018, a year of record national output. 
Annualised run-rates in the rest of the world decreased by 612,000 tonnes over the January-May 2020 period. That decline in part reflected curtailments because of lockdowns but low international prices are starting to take a toll on Western smelters. 
China is already the world’s largest aluminium producer. 
It’s hard to see how its dominance will not increase, particularly since the U.S. Administration’s venting of its aluminium frustrations on Canada reduces the chances of multilateral action to stop it. 
CHINA - RAMPING UP AGAIN 
Chinese aluminium production fell last year for the first time in a decade. That was largely the result of unplanned outages at a couple of the country’s biggest producers and the analysts’ consensus was always for a renewed growth spurt this year. 
Annualised monthly production rates jumped the 36-million level at the start of 2020 and have remained above it ever since. 
There was a small dip in run-rates in March at the peak of China’s lockdowns, which coincided with a price trough on the Shanghai Futures Exchange aluminium contract. 
But cumulative production was still up by 2% in January-May after a 1.0% contraction last year. 
Shanghai prices have rebounded from their March slump, easing some of the previous financial stress on the country’s operators. 
New smelters, meanwhile, continue to come online. Yunnan Aluminium announced last month the commissioning of a 500,000-tonne per year plant in the Wenshan region of the province. 
Wenshan is an emerging Chinese production hub as producers migrate from older coal-powered smelters in other parts of the country towards Yunnan’s cleaner hydro power. 
In principle, such new capacity has to be matched by the closure of older capacity but the process inevitably involves capacity creep because the new smelters are more efficient than those they are replacing. 
In practice, it’s not always clear whether the older capacity was even operating. 
Either way, almost half way through 2020 and Chinese aluminium production is clearly growing again. 
Moreover, Beijing’s mandated cap on national capacity at 45 million tonnes allows plenty of leeway for further upwards creep. 
COVID-19 RECOVERY BUT PRICE PAIN GROWS 
As with their Chinese counterparts, most Western smelter operations have not been directly affected by COVID-19. 
The notable exception was Argentinian producer Aluar, which temporarily shuttered half of its 460,000-tonne per year capacity during the country’s lockdown. 
The country’s aluminium production was down an average 17% over the January-May period with Aluar operating at 54% of capacity in May, local consultancy Economic Trends found. 
The heavier toll from COVID-19 has been on demand and price. London Metal Exchange (LME) inventories have been rising steeply as unsold metal spills from the physical to the paper market, where it can be financed. 
The LME price is trading around $1,590 per tonne and struggling to stage any significant recovery from last month’s four-year low of $1,460. 
The resulting squeeze on smelter margins is starting to take a toll. 
Alcoa has announced the permanent closure of its Ferndale smelter in the U.S. state of Washington. The plant was already operating at reduced capacity of 230,000 tonnes. 
The U.S. producer has also initiated talks with unions at its similar-sized San Ciprian smelter in Spain over a possible closure decision. 
Rio Tinto has two smelters, one in Iceland and one in New Zealand, under strategic review. 
True, there are expansions under way elsewhere. 
Gulf production is booming, up 13% last year and a further 6% in January-May this year as Aluminium Bahrain ramps up its new 540,000-tonne per year Potline 6 expansion. 
Malaysia’s Press Metal is also aiming to lift capacity from 760,000 tonnes per year to 1,080,000 through its Phase 3 smelter due for commissioning at the start of next year. 
But by that time at least one more non-Chinese smelter is likely to have bitten the dust. 
The financial crisis a decade ago took out a swath of Western aluminium smelters with China’s share of global production rising to 49% at the end of 2012 from 29% at the start of 2009. 
COVID-19 is generating the same bearish mix of weak demand, surplus metal, low prices and Chinese production exuberance. 
POLITICAL DISUNITY 
As China’s smelter capacity has grown so too have its exports of semi-manufactured products. 
Semis shipments have slowed this year to the tune of 10% as overseas demand collapsed but at 1.5 million tonnes, the cumulative total is still a lot of aluminium, particularly in the current demand environment. 
China’s exports have long generated international push-back, often in the form of punitive duties. 
There had been building momentum towards a multilateral forum to engage directly with Beijing over its continued build-out of aluminium capacity. 
Unfortunately, President Trump doesn’t do multilateral forums. He chose instead to impose a blanket tariff of 10% on all U.S. imports with exceptions for a couple of close allies 
Canada was exempted last year but is faces renewed tariffs after an alleged surge of metal entering the U.S. market. 
Such national friction means there is no international political check on China’s continuing creep towards that elevated 45-million tonne capacity threshold. 
In its absence, there is no reason for China not to continue what it is doing, which is to produce more aluminium."
4,"{'id': 'reuters', 'name': 'Reuters'}",Reuters Editorial,BRIEF-Achiko Says Achieves Key Commercial Milestone Of Its COVID-19 Management Platform - Reuters,BRIEF-Achiko Says Achieves Key Commercial Milestone Of Its COVID-19 Management Platform  Reuters,https://www.reuters.com/article/brief-achiko-says-achieves-key-commercia-idUSFWN2E213E,https://s4.reutersmedia.net/resources_v2/images/rcom-default.png,2020-06-26T04:47:00Z,"June 26 (Reuters) - Achiko AG: 
* ACHIKO SAYS ACHIEVES KEY COMMERCIAL MILESTONE OF ITS COVID-19 MANAGEMENT PLATFORM 
* RECEIVED GOVERNMENT APPROVAL TO ROLL OUT COVID-19 TEST RESULTS CAPTURE AND CONTACT TRACING APPLICATION TEMAN SEHAT TO CITY OF PEKANBARU IN INDONESIA 
* ACHIKO SAYS PLANS FOR FURTHER EXPANSION IN INDONESIA AND BEYOND 
* ACHIKO SAYS COMPANY EXPECTS TO LAUNCH TEMAN SEHAT FULLY IN THE LOCATIONS IN EARLY JULY Source text for Eikon: Further company coverage:"
5,"{'id': 'reuters', 'name': 'Reuters'}",Reuters Editorial,"BRIEF-Petrofac Says Trading & Awards Materially Impacted By Covid-19, Fall In Prices - Reuters","BRIEF-Petrofac Says Trading & Awards Materially Impacted By Covid-19, Fall In Prices  Reuters",https://www.reuters.com/article/brief-petrofac-says-trading-awards-mater-idUSFWN2E1031,https://s4.reutersmedia.net/resources_v2/images/rcom-default.png,2020-06-24T06:12:00Z,"June 24 (Reuters) - Petrofac Ltd: 
* PETROFAC - ON TRACK TO DELIVER US$125 MILLION OF COST SAVINGS IN 2020 AND UP TO US$200 MILLION IN 2021 
* PETROFAC - TRADING AND AWARDS MATERIALLY IMPACTED BY COVID-19 AND SHARP FALL IN OIL AND GAS PRICES 
* PETROFAC - NET DEBT WAS APPROXIMATELY US$139 MILLION AS AT 31 MAY 2020 
* PETROFAC - FULL YEAR 2020 REVENUE AND MARGIN GUIDANCE REMAINS SUSPENDED 
* PETROFAC - NEW ORDER INTAKE OF US$1.0 BILLION IN YEAR TO DATE Source text for Eikon: Further company coverage:"
6,"{'id': 'reuters', 'name': 'Reuters'}",Reuters Editorial,BRIEF-AirAsia Says Aiming To Increase Flight Frequencies To Around 50% Of Pre-COVID Ops - Reuters,BRIEF-AirAsia Says Aiming To Increase Flight Frequencies To Around 50% Of Pre-COVID Ops  Reuters,https://www.reuters.com/article/brief-airasia-says-aiming-to-increase-fl-idUSFWN2E10DS,https://s4.reutersmedia.net/resources_v2/images/rcom-default.png,2020-06-24T12:27:00Z,"June 24 (Reuters) - Airasia Group Bhd: 
* AIMING TO INCREASE FLIGHT FREQUENCIES TO AROUND 50% OF OUR PRE-COVID OPERATIONS 
* AIRASIA PLANS TO RESUME ALL DOMESTIC ROUTES IN COMING WEEKS &amp; MONTHS Source text here Further company coverage: (Reuters.Briefs@thomsonreuters.com)"
7,"{'id': 'reuters', 'name': 'Reuters'}",Fabio Teixeira,Descendants of slaves in Brazil count their dead from COVID-19 - Reuters,Descendants of slaves in Brazil count their dead from COVID-19  Reuters,https://in.reuters.com/article/health-coronavirus-quilombo-idINL8N2DU666,https://s4.reutersmedia.net/resources_v2/images/rcom-default.png,2020-06-24T17:34:00Z,"RIO DE JANEIRO, June 24 (Thomson Reuters Foundation) - R aimundo Magno Nascimento lost two cousins to the coronavirus and another is sick, but he cannot stop to mourn because he is the only one to keep count of those dying in his community. 
Nascimento lives at a “quilombo”, a settlement once set up by runaway slaves that is now inhabited by Brazilians of African heritage who maintain traditions stemming from their roots. 
While there is an official tally on the number of fatalities among indigenous people in Brazil, the government has not set up a system to register the deaths of “quilombolas”, the estimated 16 million people living in 5,000 quilombos nationwide. 
A bill passed last week by Brazil’s Congress would require the government to record these deaths, while also granting special support to quilombolas, but it is waiting the signature of President Jair Bolsonaro to become law. 
Facing government inaction, local leaders have stepped up, while opposition lawmakers have underlined the symbolic importance of this bill amid global protests over racism. 
“It’s a work to ease the pain of those who lost a relative,” Nascimento told Thomson Reuters Foundation over the phone from Quilombo Africa, in the northern state of Para, where he lives. 
Brazil has the world’s second-highest COVID-19 death toll, with more than 52,000 fatalities, 1.15 million confirmed cases, and one of the highest daily rates of new infections. 
Quilombolas chosen by CONAQ, the National Coordination of Articulation of Black Rural Quilombola Communities which is an association of quilombola communities, are tallying victims. 
So far they have logged about 84 deaths and more than 700 confirmed cases, but fear the numbers could be much higher due to low levels of testing on quilombolas, many of whom live in remote and rural areas far from the nearest hospital. 
This has made gathering data in these communities a slow and painstaking process, said Nascimento, a trained nurse. 
Nascimento is counting deaths in the northern region of Brazil where the virus first spread among quilombolas. In his home state of Para there has been 29 deaths. 
“It is a very big challenge to deal with this information. Local leaders call me on my personal phone, so when a call comes, I already answer in desperation,” he said. 
A HIDDEN PEOPLE 
When Brazil abolished slavery in 1888 - the last place in the Americas to end slavery - at least 4 million slaves had been brought into the country from Africa to work on sugar plantations and in other sectors of the flourishing economy. 
Most of their descendants in quilombos are still living below the poverty line. 
Estimates vary but government data suggests only around 250 of quilombo settlements have title deeds to their land, and without land titles, the quilombolas do not have access to social benefits, such as subsidized housing. 
Many quilombos have no electricity or running water, and live on subsistence farming, handicrafts, or from tourism. 
But as a vulnerable group, quilombolas are frequently overlooked as Brazil’s indigenous populations tend to draw more attention from rights groups, experts said. 
“It’s a universe that we have not yet managed to give due visibility to, that has a gigantic cultural wealth,” said Milene Maia, an advisor for Instituto Socioambiental, a non-profit that partnered with CONAQ to report the deaths. 
Experts are unsure if the bill now before Bolsonaro would be effective if signed into law as states already struggle to record even basic data like a patient’s race. 
A joint report by Brazil’s biggest media companies - O Globo, Extra, Estado de Sao Paulo, Folha de Sao Paulo, Uol and G1 - found that less than half of the country’s 26 states record the race of those infected by coronavirus, making the impact of the disease on minority groups difficult to ascertain. 
“The invisibility of Black people is great, but (the invisibility) of the quilombolas is even greater,” said Maia. 
A LOST CULTURE 
The bill would also provide special assistance to indigenous and quilombola groups who are more vulnerable than others to the virus, said congressman Bira do Pindare of the opposition Social Party of Brazil, who supports the bill. 
“Civil society organizations have been monitoring this and we are realizing that the lethality rate (for quilombolas) is four times higher than the rate for the general population,” said Pindare, who presides over a parliamentary group set up to protect quilombola communities. 
“In the face of worldwide mobilization against racism, this bill has an important symbolic meaning,” said Pindare. 
Nascimento said the elders were being the hardest hit by the disease and their loss taking away part of the local culture. 
“When an elderly leaves ... they carry with them a legacy of knowledge and experience,” said Nascimento. “We are losing much of our culture.” 
Rejane Oliveira misses the confident smile of Tia Uia, her aunt who died from COVID-19 this month in Rio de Janeiro state. 
Tia Uia, 78, was the granddaughter of a slave and one of the country’s most respected quilombola leaders. 
“I lost my aunt, other lost their parents and friends,” said Oliveira. “She wouldn’t want us to stop. We move on, carrying the memory of this great woman.” (Reporting by Fabio Teixeira @ffctt; Editing by Belinda Goldsmith Please credit the Thomson Reuters Foundation, the charitable arm of Thomson Reuters, that covers the lives of people around the world who struggle to live freely or fairly. Visit http://news.trust.org)"
8,"{'id': 'reuters', 'name': 'Reuters'}",Reuters Editorial,BRIEF-Lingotes Especiales To Propose Temporary Suspension Of Dividend Payment Until COVID-19 Situation Stabilizes - Reuters,BRIEF-Lingotes Especiales To Propose Temporary Suspension Of Dividend Payment Until COVID-19 Situation Stabilizes  Reuters,https://www.reuters.com/article/brief-lingotes-especiales-to-propose-tem-idUSFWN2E00KC,https://s4.reutersmedia.net/resources_v2/images/rcom-default.png,2020-06-23T12:46:00Z,"June 23 (Reuters) - Lingotes Especiales SA: 
* TO PROPOSE TEMPORARY SUSPENSION OF DIVIDEND PAYMENT UNTIL COVID-19 SITUATION STABILIZES Source text for Eikon: Further company coverage: (Gdansk Newsroom)"
9,"{'id': 'reuters', 'name': 'Reuters'}",Nita Bhalla,FEATURE-Africa's unsung army of women wage war on COVID-19 - Reuters,FEATURE-Africa's unsung army of women wage war on COVID-19  Reuters,https://uk.reuters.com/article/health-coroanvirus-kenya-women-idUKL8N2E21FH,https://s4.reutersmedia.net/resources_v2/images/rcom-default.png,2020-06-26T00:02:00Z,"NAIROBI/ADDIS ABABA, June 26 (Thomson Reuters Foundation) - A rmed with a face mask, notebook and pen, Everlyne Akinyi Omondi sets out each morning from her one-room home in Nairobi’s informal settlement of Kawangware to do a job few others would contemplate in a pandemic. 
As cases of the new coronavirus climb and Kenyans are told to stay home and avoid human contact, 38-year-old Omondi moves house to house through Kawangware’s maze of narrow lanes. 
Standing at the doorways of the cramped, corrugated houses, she talks about COVID-19, shows residents how to wash hands or don a mask, patiently answering their questions. 
“I know there are risks of contracting the virus, but I don’t feel so scared. I have made a pledge to keep my community safe,” said Omondi, turning to reprimand a group of children crowded around her for not maintaining social distancing rules. 
“You see how small and close together the places where we live are. We have to make sure people understand how they can stop corona from spreading. Here, if one person gets it, everyone can.” 
The mother of three is not a doctor, nurse or medic of any sort - just one of tens of thousands of ordinary African women who, without fanfare, battle the virus in their communities. 
Poorly paid or not at all, these unsung armies of mostly female community health workers have for years doled out advice and health services to families living in remote villages and urban slums who lack formal support. 
Recruited and trained by government and charities - they are found from Kenya to Tanzania, Ethiopia to Malawi, Liberia to South Africa - the women go door to door, dispensing advice on everything from family planning to immunisations. 
Now, as transmission of the new coronavirus spreads, women like Omondi are essential foot soldiers in the war on COVID-19. 
Charities such as Catholic Relief Services, which is supporting coronavirus training for about 5,000 community health volunteers in Kenya, say this workforce is key. 
“Community health volunteers are not given the recognition they deserve, but they are important frontline workers. They have a wide range of knowledge and experience from dealing with cholera outbreaks to malaria prevention,” said Moses Orinda, CRS’s senior project officer in Kenya. 
“For COVID-19, they have the ability to contact trace, provide support to home-based patients and conduct essential prevention and control activities,” Orinda said. 
COMMUNITY TRANSMISSION 
The COVID-19 virus has infected close to 10 million people and killed almost half a million worldwide, according to Johns Hopkins University. 
Initially the virus multiplied more slowly in Africa than in Asia or Europe, but all 54 nations on the continent are now infected, with more than 330,000 cases and over 8,800 deaths combined, says the African Union’s Centre for Disease Control. 
South Africa, Egypt and Nigeria have recorded most cases, but experts say true numbers may be much higher as many nations lack reliable diagnostic or testing capabilities. 
With densely-packed slums, poor access to water, widespread disease and weak health systems, many countries will struggle to control the fast-spreading virus, they add. 
“For now, Africa still only accounts for a small fraction of cases worldwide,” said Matshidiso Moeti, the World Health Organization (WHO) Africa director, earlier this month. 
“But the pace of the spread is quickening. Swift and early action by African countries has helped to keep numbers low, but constant vigilance is needed to stop COVID-19 from overwhelming health facilities.” 
More than half of African countries have witnessed community transmission - cases where patients have no travel history or known contact with infected people - suggesting the virus is moving undetected in the population, says WHO. 
This is not hard to believe. 
Many cities are home to sprawling, overcrowded settlements, housing tens of thousands of people, where the key to containing the spread - hand-washing and social distancing - are a luxury. 
In Kawangware, there is scant access to water or the space for self-isolation. Families of five live in one-room shacks. There is no piped water and households share toilets. 
According to the United Nations, only 14% of Kenyans have the facilities to wash their hands at home with soap and water. 
The warning from WHO is stark: up to 190,000 Africans could die if containment measures such as contact tracing, isolation, personal hygiene and distancing are not improved. 
‘INVISIBLE’ ARMIES 
Already known and respected, community health workers are a perfect first-line response to a pandemic, say health experts. 
Raj Panjabi, of Harvard Medical School and CEO of Last Mile Health, said community health workers showed their value when another deadly virus hit in Liberia. 
“When Ebola threatened to bring humanity to its knees, informal community providers stepped up to learn the signs and symptoms of Ebola, to team up with nurses and doctors, to go door to door to find the sick and get them into care,” he said. 
“You couldn’t have stopped the epidemic without a ground force of these community members.” 
One of their key jobs is busting myths and slaying stigmas. 
A belief that only whites get the virus or that it can be cured with hot, sweet tea is rampant, while mass testing is elusive due to the stigma a positive result can carry. 
Government health officials say the women have built up trust through years of contact so locals are happy to pay heed. 
“We know that they can pass messages on which sometimes the government cannot. They live in the same communities and have good social standing, so it is much easier for them to do provide information,” said Catherine Mugo, a sub-county community strategy coordinator at Kenya’s ministry of health. 
Mugo isn’t far wrong. 
As Omondi wends through the knot of narrow alleys that make up Kawangware, residents rush out to greet her, children give chase, and women break off from hanging washing for her advice. 
What to do if there is no money for soap? 
Borrowing a bucket, water and bleach, she shows them how to make a safe chlorine solution strong enough to kill the virus. 
Some can’t afford to buy face masks for running errands. Stay home, she orders; send out somebody who does own one. 
“Everlyne is good. She has brought us new information,” said resident Patrick Gitonga. “She has shown us new ways.” 
Health professionals and charity workers say governments need to value this workforce - to give them a living wage as well as the personal protective equipment needed to work safely. 
Omondi, who has been working as a community health volunteer for 10 years without pay and is responsible for 100 households in her neighbourhood, would welcome some recognition. 
“Having a salary or some stipend would be really useful,” said Omondi, whose five-strong family struggles to get by. 
“But you know, most of us are doing this work because we have something in (our) heart that tells us that we cannot let our neighbour suffer.” (Reporting by Nita Bhalla @nitabhalla and Emeline Wuilbercq, Editing by Lyndsay Griffiths. Please credit the Thomson Reuters Foundation, the charitable arm of Thomson Reuters, that covers the lives of people around the world who struggle to live freely or fairly. Visit http://news.trust.org)"
10,"{'id': 'reuters', 'name': 'Reuters'}",Reuters Editorial,RPT-Former boxing champ Roberto 'Hands of Stone' Duran infected with COVID-19 - Reuters,RPT-Former boxing champ Roberto 'Hands of Stone' Duran infected with COVID-19  Reuters,https://in.reuters.com/article/healthcoronavirus-panama-boxing-idINL1N2E30AR,https://s4.reutersmedia.net/resources_v2/images/rcom-default.png,2020-06-26T08:58:00Z,"(Repeats to wider audience, no change to text) 
PANAMA CITY, June 26 (Reuters) - Former world boxing champion Roberto “Hands of Stone” Duran tested positive for coronavirus after being admitted to a hospital center with flu-like symptoms, the pugilist’s son said on Thursday. 
“My father’s exams have just arrived and confirm that he is positive for COVID-19,” Robin Duran said on his Instagram account. 
“For now he still doesn’t show symptoms, beyond a simple cold, he is not in intensive care, nor on a respirator, he is still under observation,” he added. 
The 69-year-old Panamanian former boxer retired in 2001 and is considered one of the best lightweights in history. He fought over five decades, held four different world titles, and his record stands at 103 wins, with 70 knockouts and 16 losses. 
Known for his aggressive punching power, Duran, who grew up in Panama City’s poor El Chorillo district and won his first title in 1972, is today regarded as a national hero. 
“The doctor tells us his lungs are fine and there are no signs of seriousness. Let’s continue to have faith that everything will turn out well,” said Robin Duran. 
Panama has recorded 29,037 known coronavirus infections and 564 COVID-19 deaths. (Reporting by Elida Moreno; Additional reporting by Carlos Calvo Pacheco; Writing by Anthony Esposito; Editing by Ana Nicolaci da Costa)"
11,"{'id': 'reuters', 'name': 'Reuters'}",Reuters Editorial,REFILE-Fulcrum Therapeutics begins trial of muscle disorder drug for COVID-19 patients - Reuters,REFILE-Fulcrum Therapeutics begins trial of muscle disorder drug for COVID-19 patients  Reuters,https://www.reuters.com/article/health-coronavirus-fulcrum-idUSL4N2E12LC,https://s4.reutersmedia.net/resources_v2/images/rcom-default.png,2020-06-24T11:25:00Z,"(Adds dropped word in first paragraph) 
June 24 (Reuters) - Fulcrum Therapeutics Inc said on Wednesday it has started the late-stage trial of its experimental muscle disorder drug, losmapimod, in high-risk hospitalized adults that tested positive for COVID-19. 
The company expects to report topline data in the first quarter of 2021. 
Fulcrum said it had exclusively in-licensed losmapimod from GlaxoSmithKline PLC last year. (Reporting By Mrinalika Roy in Bengaluru, Editing by Sherry Jacob-Phillips)"
12,"{'id': 'reuters', 'name': 'Reuters'}",Andy Home,Column: COVID-19 will tilt aluminium axis further towards China - Reuters UK,China's giant aluminium production sector seems to have emerged unscathed from the COVID-19 crisis.,https://uk.reuters.com/article/us-metals-aluminium-ahome-idUKKBN23V27Z,https://s4.reutersmedia.net/resources/r/?m=02&d=20200624&t=2&i=1523343465&w=1200&r=LYNXMPEG5N1LW,2020-06-24T14:53:00Z,"LONDON (Reuters) - China’s giant aluminium production sector seems to have emerged unscathed from the COVID-19 crisis. 
The country’s annualised production rose by 718,000 tonnes to 36.56 million tonnes over the first five months of this year, the latest estimate from the International Aluminium Institute (IAI) found. 
China’s share of global output touched 57% in May. Since the IAI first started using its own assessments of Chinese production, the country has only exceeded that level a couple of times in 2018, a year of record national output. 
Annualised run-rates in the rest of the world decreased by 612,000 tonnes over the January-May 2020 period. That decline in part reflected curtailments because of lockdowns but low international prices are starting to take a toll on Western smelters. 
China is already the world’s largest aluminium producer. 
It’s hard to see how its dominance will not increase, particularly since the U.S. Administration’s venting of its aluminium frustrations on Canada reduces the chances of multilateral action to stop it. 
CHINA - RAMPING UP AGAIN 
Chinese aluminium production fell last year for the first time in a decade. That was largely the result of unplanned outages at a couple of the country’s biggest producers and the analysts’ consensus was always for a renewed growth spurt this year. 
Annualised monthly production rates jumped the 36-million level at the start of 2020 and have remained above it ever since. 
There was a small dip in run-rates in March at the peak of China’s lockdowns, which coincided with a price trough on the Shanghai Futures Exchange aluminium contract. 
But cumulative production was still up by 2% in January-May after a 1.0% contraction last year. 
Shanghai prices have rebounded from their March slump, easing some of the previous financial stress on the country’s operators. 
New smelters, meanwhile, continue to come online. Yunnan Aluminium announced last month the commissioning of a 500,000-tonne per year plant in the Wenshan region of the province. 
Wenshan is an emerging Chinese production hub as producers migrate from older coal-powered smelters in other parts of the country towards Yunnan’s cleaner hydro power. 
In principle, such new capacity has to be matched by the closure of older capacity but the process inevitably involves capacity creep because the new smelters are more efficient than those they are replacing. 
In practice, it’s not always clear whether the older capacity was even operating. 
Either way, almost half way through 2020 and Chinese aluminium production is clearly growing again. 
Moreover, Beijing’s mandated cap on national capacity at 45 million tonnes allows plenty of leeway for further upwards creep. 
COVID-19 RECOVERY BUT PRICE PAIN GROWS 
As with their Chinese counterparts, most Western smelter operations have not been directly affected by COVID-19. 
The notable exception was Argentinian producer Aluar, which temporarily shuttered half of its 460,000-tonne per year capacity during the country’s lockdown. 
The country’s aluminium production was down an average 17% over the January-May period with Aluar operating at 54% of capacity in May, local consultancy Economic Trends found. 
The heavier toll from COVID-19 has been on demand and price. London Metal Exchange (LME) inventories have been rising steeply as unsold metal spills from the physical to the paper market, where it can be financed. 
The LME price is trading around $1,590 per tonne and struggling to stage any significant recovery from last month’s four-year low of $1,460. 
The resulting squeeze on smelter margins is starting to take a toll. 
Alcoa has announced the permanent closure of its Ferndale smelter in the U.S. state of Washington. The plant was already operating at reduced capacity of 230,000 tonnes. 
The U.S. producer has also initiated talks with unions at its similar-sized San Ciprian smelter in Spain over a possible closure decision. 
Rio Tinto has two smelters, one in Iceland and one in New Zealand, under strategic review. 
True, there are expansions under way elsewhere. 
Gulf production is booming, up 13% last year and a further 6% in January-May this year as Aluminium Bahrain ramps up its new 540,000-tonne per year Potline 6 expansion. 
Malaysia’s Press Metal is also aiming to lift capacity from 760,000 tonnes per year to 1,080,000 through its Phase 3 smelter due for commissioning at the start of next year. 
But by that time at least one more non-Chinese smelter is likely to have bitten the dust. 
The financial crisis a decade ago took out a swath of Western aluminium smelters with China’s share of global production rising to 49% at the end of 2012 from 29% at the start of 2009. 
COVID-19 is generating the same bearish mix of weak demand, surplus metal, low prices and Chinese production exuberance. 
POLITICAL DISUNITY 
As China’s smelter capacity has grown so too have its exports of semi-manufactured products. 
Semis shipments have slowed this year to the tune of 10% as overseas demand collapsed but at 1.5 million tonnes, the cumulative total is still a lot of aluminium, particularly in the current demand environment. 
China’s exports have long generated international push-back, often in the form of punitive duties. 
There had been building momentum towards a multilateral forum to engage directly with Beijing over its continued build-out of aluminium capacity. 
Unfortunately, President Trump doesn’t do multilateral forums. He chose instead to impose a blanket tariff of 10% on all U.S. imports with exceptions for a couple of close allies 
Canada was exempted last year but is faces renewed tariffs after an alleged surge of metal entering the U.S. market. 
Such national friction means there is no international political check on China’s continuing creep towards that elevated 45-million tonne capacity threshold. 
In its absence, there is no reason for China not to continue what it is doing, which is to produce more aluminium. 
The opinions expressed here are those of the author, a columnist for Reuters."
13,"{'id': 'reuters', 'name': 'Reuters'}",Reuters Editorial,Novak Djokovic tests positive for COVID-19 - Reuters,The world's number one men's tennis player Novak Djokovic has tested positive for COVID-19.  He follows three other top men's players to confirm they also have the disease after playing in an exhibition tournament organized by Djokovic.,https://www.reuters.com/video/watch/idP$N1?now=true,https://ajo.prod.reuters.tv/api/v2/img/5ef22a17e4b09631f6472a05-1592928791932?location=LANDSCAPE,2020-06-23T17:42:00Z,"Posted 
The world's number one men's tennis player Novak Djokovic has tested positive for COVID-19. He follows three other top men's players to confirm they also have the disease after playing in an exhibition tournament organized by Djokovic."
14,"{'id': 'reuters', 'name': 'Reuters'}",Sharon Bernstein,California hospitalizations surge with new COVID-19 cases - Reuters,"The number of people hospitalized in California with COVID-19 has increased by nearly a third over the past two weeks, with about 1,500 suspected or confirmed patients requiring intensive care, officials said on Wednesday.",https://www.reuters.com/article/us-health-coronavirus-california-idUSKBN23V3AG,https://s4.reutersmedia.net/resources/r/?m=02&d=20200624&t=2&i=1523389457&w=1200&r=LYNXMPEG5N2DX,2020-06-24T22:15:00Z,"SACRAMENTO, Calif. (Reuters) - The number of people hospitalized in California with COVID-19 has increased by nearly a third over the past two weeks, with about 1,500 suspected or confirmed patients requiring intensive care, officials said on Wednesday. 
The state also reported its largest ever spike in confirmed new cases on Tuesday, Governor Gavin Newsom told a news briefing. Further increases are expected when test results from people who participated in massive anti-racism protests start coming in, he said. 
Coronavirus infections and hospitalizations have also risen sharply in other parts of the United States. 
California’s 7,149 new infections announced Wednesday brought the state total to 190,222, caused partly by a rise in testing, Newsom said. But much is the result of people failing to engage in safe practices when gathering with friends and family, or visiting newly reopened businesses, he said. 
“These numbers do beg the question and that is what can we do more to keep you safe from the spread of this virus,” Newsom said. 
He criticized local officials in parts of the state who said they would not enforce public health restrictions aimed at slowing the virus’ spread, including a new statewide requirement that people wear masks in public. 
Counties that flaunt the rules risk losing state funds meant to help defray pandemic costs, he said. 
Hospitalizations are up 29% over the past two weeks, and 30% of the state’s available intensive care beds are being taken up by COVID-19 patients, Newsom said. 
Many cases could still be undetected. Newsom said several counties were having trouble paying for tests, to the point where some areas were “testing deserts.” 
Reporting by Sharon Bernstein; editing by Bill Tarrant and Richard Chang"
15,"{'id': 'reuters', 'name': 'Reuters'}",Michael Erman,U.S. demand outstripping supply of steroid treatment for COVID - Reuters,"Soaring hospital demand for the steroid dexamethasone, which British researchers say significantly reduces mortality among severely ill COVID-19 patients, is outstripping supply of the drug, but hospitals have so far been able to treat patients out of their i…",https://www.reuters.com/article/us-health-coronavirus-usa-dexamethasone-idUSKBN23W1IN,https://s2.reutersmedia.net/resources/r/?m=02&d=20200625&t=2&i=1523573467&w=1200&r=LYNXMPEG5O13D,2020-06-25T10:01:00Z,"NEW YORK (Reuters) - Soaring hospital demand for the steroid dexamethasone, which British researchers say significantly reduces mortality among severely ill COVID-19 patients, is outstripping supply of the drug, but hospitals have so far been able to treat patients out of their inventories, according to Vizient Inc, a drug buyer for about half of U.S. hospitals. 
Hospitals and other health-care customers advised by Vizient increased orders of the drug by more than 600% after the researchers announced their findings last week. Manufacturers were only able to fill around half of those orders, Vizient said. 
“What we’re hearing from our members is that they are able to treat the patients who do require dexamethasone - they are treating them and they have product,” Steven Lucio, vice president of pharmacy solutions at Vizient, said in an interview. “The concern is, Can the market continue to sustain this?” 
Vizient’s data shows that hospitals are increasingly putting the drug into use to treat COVID-19 patients, confirming what several U.S. hospitals in hard-hit parts of the country told Reuters last week. 
According to Oxford University researchers, dexamethasone reduced death rates by nearly a third among COVID-19 patients requiring mechanical breathing assistance. 
The injectable version of dexamethasone has been in shortage in the U.S. since February of last year, according to the U.S. Food and Drug Administration. 
Still, German drugmaker Fresenius SE’s Kabi unit - by far the largest supplier to the U.S. market - says it has good inventory on hand of the steroid and is ramping up production in three of its U.S. factories to meet the surging demand. 
“Fresenius Kabi is confident we can meet customers’ needs with COVID-related medicines such as dexamethasone,” spokesman Matthew Kuhn said in an email. 
Reporting by Michael Erman; Editing by Leslie Adler"
16,"{'id': 'reuters', 'name': 'Reuters'}",Reuters Editorial,Oil tanker quarantined in Antwerp after COVID-19 outbreak - Reuters,"The Belgian port of Antwerp has quarantined a Maltese-flagged oil tanker until at least July 4 after more than half of its crew tested positive for COVID-19, the port authority said on Thursday.",https://www.reuters.com/article/health-coronavirus-belgium-tanker-idUSL4N2E21SL,https://s4.reutersmedia.net/resources_v2/images/rcom-default.png,2020-06-25T11:04:00Z,"June 25 (Reuters) - The Belgian port of Antwerp has quarantined a Maltese-flagged oil tanker until at least July 4 after more than half of its crew tested positive for COVID-19, the port authority said on Thursday. 
The Minerva Oceania was being held at the port’s Leopold dock after 15 of its 26-person crew had returned positive tests, a port spokeswoman said in an emailed response. 
Two of the crew members who tested positive were in hospital but their condition was not serious, she said. 
The other crew were remaining on board and those with COVID-19 self-isolating in separate cabins. 
The spokeswoman did not say when the ship had arrived in Antwerp or where it had come from. 
Ship tracking website MarineTraffic said the oil products tanker had arrived in Antwerp on June 19 after a month-long journey from Ras Laffan in Qatar. 
The port, where some 60,000 people work, said it would review the situation with Flemish health authorities on July 4. 
Belgian media previously reported that another ship had been quarantined at the port in April, after an outbreak of the virus among its crew. 
Belgium’s Zeebrugge port also held an Italian cruise ship for a few hours in March, when two of the more than 3,000 people on board were quarantined after contact with an infected person in Germany. (Reporting by Kate Abnett; Editing by Philip Blenkinsop and Andrew Cawthorne)"
17,"{'id': 'reuters', 'name': 'Reuters'}",Reuters Editorial,Egypt's Eva Pharma begins producing COVID-19 drug Remdesivir - Reuters,"Egypt's Eva Pharma said on Thursday it had begun producing Remdesivir and Favipiravir, two drugs used in the treatment of patients with COVID-19.",https://www.reuters.com/article/us-health-coronavirus-egypt-remdesivir-idUSKBN23W3BG,https://s2.reutersmedia.net/resources/r/?m=02&d=20200625&t=2&i=1523658823&w=1200&r=LYNXMPEG5O2F3,2020-06-25T20:57:00Z,"CAIRO (Reuters) - Egypt’s Eva Pharma said on Thursday it had begun producing Remdesivir and Favipiravir, two drugs used in the treatment of patients with COVID-19. 
Remdesivir is indicated for moderate to severe cases of COVID-19 for patients in intensive care who require oxygen, while Favipiravir is indicated for mild to moderate cases. 
Eva Pharma, a generic drugmaker established in 1997, said earlier this month it had received a licence from Gilead Sciences Inc to make Remdesivir in Egypt and distribute it in 127 countries. 
It will initially make 500,000 doses a month to be sold locally for less than 2,000 Egyptian pounds ($124.07) each, said general manager Amgad Talaat, adding that they had already started delivering the medicine to quarantine hospitals. 
It has also started producing 1 million Favipiravir tablets a month, which will be on the market within two to three weeks, Talaat said. The price has still to be finalised. 
Japan’s Fujifilm Holdings Corp, which makes Favipiravir under the brand name Avigan, said this month its research on the drug as a potential COVID-19 treatment may need to continue until July. 
Eva Pharma said it had received permission from Egypt’s pharmaceutical regulatory authority to produce the drugs, and the body would decided whether they could be sold in pharmacies or only used in hospitals. 
Talaat said that once Egyptian needs were met, Eva Pharma hoped to sell any excess doses to other Middle Eastern and African countries. 
Egypt’s Rameda Pharmaceutical also said this month it had begun making Favipiravir under the brand name Anviziram and had approval to manufacture Remedsivir. 
Reporting by Ehab Farouk; Writing by Patrick Werr; Editing by Kirsten Donovan"
18,"{'id': 'reuters', 'name': 'Reuters'}",Reuters Editorial,LabCorp launches new neutralizing antibody test for COVID-19 - Reuters,LabCorp said on Thursday it has launched a new test that could assess the capacity of antibodies in patient plasma to inhibit the novel coronavirus.,https://www.reuters.com/article/us-health-coronavirus-laboratory-corp-idUSKBN23W1QK,https://s4.reutersmedia.net/resources_v2/images/rcom-default.png,2020-06-25T11:31:00Z,"(Reuters) - LabCorp said on Thursday it has launched a new test that could assess the capacity of antibodies in patient plasma to inhibit the novel coronavirus. 
Information from the test about the virus-fighting ability of antibodies could be used in the development of COVID-19 vaccines, the company said. 
The test, called the neutralizing antibody test, would be available to biopharmaceutical companies, hospitals, blood banks and other blood plasma-screening facilities. 
Neutralizing antibodies are associated with protective immunity against re-infection for many infectious pathogens, according to the Mayo Clinic. 
The test could be used in screening serum collected from recovered COVID-19 patients for preventive and therapeutic use, the company said. 
The company made its COVID-19 tests available at workplaces last month and it also provides lab tests and antibody blood tests that can tell whether a person has ever been infected, as well as kits that allow people to mail in their own nasal swab samples collected at home. 
Reporting by Manojna Maddipatla in Bengaluru; Editing by Aditya Soni"
19,"{'id': 'reuters', 'name': 'Reuters'}",Zoran Milosavljevic,Djokovic tests positive for COVID-19: statement - Reuters,"Novak Djokovic, the men's world number one tennis player, has tested positive for COVID-19, the Serbian said in a statement on Tuesday.",https://www.reuters.com/article/us-health-coronavirus-tennis-djokovic-idUSKBN23U1UX,https://s2.reutersmedia.net/resources/r/?m=02&d=20200623&t=2&i=1523191995&w=1200&r=LYNXMPEG5M13B,2020-06-23T12:12:00Z,"BELGRADE (Reuters) - Novak Djokovic, the men’s world number one tennis player, has tested positive for COVID-19, the Serbian said in a statement on Tuesday. 
Croatia’s Borna Coric, Grigor Dimitrov of Bulgaria and Viktor Troicki have previously tested positive after playing in Djokovic’s Adria Tour exhibition tournament in the Balkan region. 
“The moment we arrived in Belgrade we went to be tested,” the 33-year-old said in a statement, adding that he was not showing any symptoms. “My result is positive, just as Jelena’s (wife), while the results of our children are negative. 
“I am extremely sorry for each individual case of infection. I hope that it will not complicate anyone’s health situation and that everyone will be fine. I will remain in self-isolation for the next 14 days, and repeat the test in five days.” 
The tournament witnessed packed stands during the opening leg in Belgrade, players hugging at the net, playing basketball, posing for pictures and attending press conferences together. 
Djokovic organised nights out in Belgrade for the players and pictures and videos of him dancing with the other participants at his event were posted on social media. 
With both Serbia and Croatia easing lockdown measures weeks before the event, players were not obliged to observe social distancing rules in either country. 
Djokovic said the idea behind his tournament was noble and he wanted to raise funds for players in need. 
“Everything we did in the past month, we did with a pure heart and sincere intentions,” said Djokovic, who is also the head of the players council of the men’s ATP Tour. “Our tournament meant to unite and share a message of solidarity and compassion throughout the region. 
“The Tour has been designed to help both established and up and coming tennis players from South-Eastern Europe to gain access to some competitive tennis while the various tours are on hold due to the COVID-19 situation.” 
A following statement confirmed that the remainder of the Adria Tour had been cancelled, the two-day event on July 3 and 4 in Banja Luka, Bosnia and the planned exhibition match with Bosnian Damir Dzumhur in Sarajevo on July 5. 
“We are extremely disappointed to have to cancel the events in Banja Luka and Sarajevo,” said Novak’s brother Djordje Djokovic, the director of the Adria Tour. 
“We were looking forward to treating fans in these two cities to watching Novak Djokovic and other top players. Unfortunately, the recent events make everyone’s speedy recovery a top priority.” 
Writing by Sudipto Ganguly in Mumbai; editing by Christian Radnedge"
