,source,author,title,description,url,urlToImage,publishedAt,content
0,"{'id': 'reuters', 'name': 'Reuters'}",Reuters Editorial,Global cases of coronavirus exceed 10 million - Reuters UK,"The number of reported cases of COVID-19 passed the 10 million milestone on Sunday, according to a Reuters tally. David Doyle reports.",https://uk.reuters.com/video/watch/idOVCKAI4BV,https://static.reuters.com/resources/r/?d=20200628&i=OVCKAI4BV&r=OVCKAI4BV&t=2,2020-06-28T12:46:07Z,"Posted 
The number of reported cases of COVID-19 passed the 10 million milestone on Sunday, according to a Reuters tally. David Doyle reports."
1,"{'id': 'reuters', 'name': 'Reuters'}",Reuters Editorial,BRIEF-Relief Therapeutics And Neurorx To Fast Track Designation Granted By FDA To RLF-100 For Treatment Of Respiratory Distress In COVID-19 - Reuters,BRIEF-Relief Therapeutics And Neurorx To Fast Track Designation Granted By FDA To RLF-100 For Treatment Of Respiratory Distress In COVID-19  Reuters,https://www.reuters.com/article/brief-relief-therapeutics-and-neurorx-to-idUSFWN2E105N,https://s4.reutersmedia.net/resources_v2/images/rcom-default.png,2020-06-24T05:04:00Z,"June 24 (Reuters) - RELIEF THERAPEUTICS Holding SA: 
* NEURORX AND RELIEF THERAPEUTICS ANNOUNCE FAST TRACK DESIGNATION GRANTED BY FDA TO RLF-100 (AVIPTADIL) FOR TREATMENT OF RESPIRATORY DISTRESS IN COVID-19 Further company coverage: (Gdansk Newsroom)"
2,"{'id': 'reuters', 'name': 'Reuters'}",Reuters Editorial,"Champ tests positive for COVID-19, withdraws from Connecticut event - Reuters","Cameron Champ has withdrawn from this week's event in Cromwell, Connecticut after he tested positive for COVID-19 during pre-tournament screening, the PGA Tour said on Tuesday.",https://uk.reuters.com/article/uk-golf-travelers-coronavirus-idUKKBN23U3D8,https://s2.reutersmedia.net/resources/r/?m=02&d=20200623&t=2&i=1523255253&w=1200&r=LYNXMPEG5M23B,2020-06-23T22:57:00Z,"(Reuters) - Cameron Champ has withdrawn from this week’s event in Cromwell, Connecticut after he tested positive for COVID-19 during pre-tournament screening, the PGA Tour said on Tuesday. 
Champ, a two-times winner on the PGA Tour, is the second known member of the circuit to test positive for the novel coronavirus following fellow American golfer Nick Watney’s positive test last Friday. 
“I feel great physically and I was obviously surprised and disappointed to learn of the test result,” Champ said in a PGA Tour news release. “It’s important now to take the necessary steps and measures to protect others, including my loved ones.” 
The PGA Tour said it is expected to release full testing results at the completion of the pre-tournament testing process on Wednesday. 
This week’s Travelers Championship at TPC River Highlands is the third of five events on the PGA Tour’s revamped schedule that is closed to the general public in a bid to help stem the spread of the virus. 
According to a PGA Tour participant resource guide, anyone who tests positive will be quarantined while a “disinfecting/decontaminating response” is implemented. 
The guide also said at-home tests before traveling to a tournament are “strongly encouraged” but not required. 
Upon arriving at a tournament, all players and caddies must proceed to a testing site to receive a nasal swab test and thermal screening. 
Only once a negative test result is received, will players be issued a wristband or lanyard that grants them access to the locker room and clubhouse. 
Reporting by Frank Pingue in Toronto, editing by Pritha Sarkar"
3,"{'id': 'reuters', 'name': 'Reuters'}",Reuters Editorial,"Champ tests positive for COVID-19, withdraws from Connecticut event - Reuters India","Cameron Champ has withdrawn from this week's event in Cromwell, Connecticut after he tested positive for COVID-19 during pre-tournament screening, the PGA Tour said on Tuesday.",https://in.reuters.com/article/golf-travelers-coronavirus-idINKBN23V0YC,https://s2.reutersmedia.net/resources/r/?m=02&d=20200624&t=2&i=1523300203&w=1200&r=LYNXMPEG5N0QH,2020-06-24T08:10:11Z,"(Reuters) - Cameron Champ has withdrawn from this week’s event in Cromwell, Connecticut after he tested positive for COVID-19 during pre-tournament screening, the PGA Tour said on Tuesday. 
Champ, a two-times winner on the PGA Tour, is the second known member of the circuit to test positive for the novel coronavirus following fellow American golfer Nick Watney’s positive test last Friday. 
“I feel great physically and I was obviously surprised and disappointed to learn of the test result,” Champ said in a PGA Tour news release. “It’s important now to take the necessary steps and measures to protect others, including my loved ones.” 
The PGA Tour said it is expected to release full testing results at the completion of the pre-tournament testing process on Wednesday. 
This week’s Travelers Championship at TPC River Highlands is the third of five events on the PGA Tour’s revamped schedule that is closed to the general public in a bid to help stem the spread of the virus. 
According to a PGA Tour participant resource guide, anyone who tests positive will be quarantined while a “disinfecting/decontaminating response” is implemented. 
The guide also said at-home tests before traveling to a tournament are “strongly encouraged” but not required. 
Upon arriving at a tournament, all players and caddies must proceed to a testing site to receive a nasal swab test and thermal screening. 
Only once a negative test result is received, will players be issued a wristband or lanyard that grants them access to the locker room and clubhouse. 
Reporting by Frank Pingue in Toronto, editing by Pritha Sarkar"
4,"{'id': 'reuters', 'name': 'Reuters'}",Reuters Editorial,Japanese shares fall as domestic COVID-19 cases at 1-1/2-month high - Reuters,Japanese shares ended weaker on Wednesday as investor sentiment turned negative in response to Tokyo's highest daily COVID-19 cases in more than a month.,https://www.reuters.com/article/japan-stocks-idUSL4N2E11OE,https://s4.reutersmedia.net/resources_v2/images/rcom-default.png,2020-06-24T07:29:00Z,"TOKYO, June 24 (Reuters) - Japanese shares ended weaker on Wednesday as investor sentiment turned negative in response to Tokyo’s highest daily COVID-19 cases in more than a month. 
The benchmark Nikkei average closed 0.07% lower at 22,534.32, with 59 advancers against 163 decliners. 
Earlier in the session, Tokyo markets tracked overnight gains in Wall Street as improving economic data and the prospect of more stimulus bolstered hopes of a swift recovery. 
The pace of contraction in the U.S. manufacturing and services sectors eased in June with reopening of businesses. While new home sales jumped 16.6% in May, blowing past estimates of a 2.9% rise. 
However, an increase in Tokyo’s coronavirus infections on Wednesday lifted the risk-averse sentiment. 
The 55 fresh cases marked the highest tally since May 5, according to public broadcaster NHK. Tokyo has said restrictions could be reimposed if new cases went up to 50 or more. 
Hideyuki Ishiguro, senior strategist at Daiwa Securities in Tokyo, said pandemic-related worries could weigh down markets in the short term. 
“People who are sensitive to coronavirus will probably refrain from going outside, in which case would damage restaurant and service businesses,” Ishiguro said. 
The broader Topix fell 0.42% to 1,580.50, with all but five of Tokyo’s 33 subindexes trading in the red. 
Shippers and textiles were the worst performers among the Tokyo’s 33 subindexes, falling 2.61% and 1.66%, respectively. 
Start-up market Mothers Index advanced 0.86%, as three new initial public offerings were announced for the first time in two-and-a-half months. 
Elsewhere, SoftBank Group Corp dropped 1.84% after the company said it will sell up to 198.3 million T-Mobile US Inc shares. 
Investors also maintained a cautious stance ahead of the International Monetary Fund updated report on World Economic Outlook scheduled later in the day. (Reporting by Eimi Yamamitsu; Editing by Amy Caren Daniel and Sherry Jacob-Phillips)"
5,"{'id': 'reuters', 'name': 'Reuters'}",Julie Steenhuysen,INSIGHT-Vaccine makers face biggest medical manufacturing feat in history - Reuters,Developing a COVID-19 vaccine in record time will be tough. Producing enough to end the pandemic will be the biggest medical manufacturing feat in history.,https://www.reuters.com/article/us-health-coronavirus-vaccines-manufactu-idUSKBN23W1ND,https://s4.reutersmedia.net/resources/r/?m=02&d=20200625&t=2&i=1523586457&w=1200&r=LYNXMPEG5O16T,2020-06-25T11:01:00Z,"CHICAGO/LONDON (Reuters) - Developing a COVID-19 vaccine in record time will be tough. Producing enough to end the pandemic will be the biggest medical manufacturing feat in history. 
That work is underway. 
From deploying experts amid global travel restrictions to managing extreme storage conditions, and even inventing new kinds of vials and syringes for billions of doses, the path is strewn with formidable hurdles, according to Reuters interviews with more than a dozen vaccine developers and their backers. 
Any hitch in an untested supply chain - which could stretch from Pune in India to England’s Oxford and Baltimore in the United States - could torpedo or delay the complex process. 
Col. Nelson Michael, director of the U.S. Army’s Center for Infectious Disease Research who is working on the government’s “Warp Speed” project to deliver a vaccine at scale by January, said companies usually have years to figure this stuff out. 
“Now, they have weeks.” 
Much of the world’s attention is focused on the scientific race to develop a vaccine. But behind the scenes, experts are facing a stark reality: we may simply not have enough capacity to make, package and distribute billions of doses all at once. 
Companies and governments are racing to scale-up machinery to address a critical shortage in automated filling and finishing capacity - the final step in the manufacturing process of putting the vaccine into vials or syringes, sealing them and packaging them up for shipping. 
“This is the biggest logistical challenge the world has ever faced,” said Toby Peters, an engineering and technology expert at Britain’s Birmingham university. “We could be looking at vaccinating 60% of the population.” 
Several developers, including frontrunner Moderna (MRNA.O), are experimenting with new ways to mitigate the extreme cold storage demands of their vaccines, which at present need to be kept at minus 80 degrees Celsius (-112 Fahrenheit). 
SiO2 Materials Science is working on producing vials that won’t shatter at super-cold temperatures. 
Travel restrictions, meanwhile, are posing more prosaic problems; Johnson &amp; Johnson (JNJ.N), which plans to start clinical trials this summer, has struggled to send its vaccine experts to oversee the launch of production sites, for example. 
‘NEVER IN HISTORY’ 
By setting up massive clinical trials involving 10,000 to 30,000 volunteers per vaccine, scientists hope to get an answer on whether a vaccine works as early as this October. But even if they succeed, manufacturing in bulk, getting regulators to sign off and packaging billions of doses is a monumental challenge. 
Seth Berkley, chief executive of the GAVI vaccines alliance, said in reality, the world is unlikely to go straight from having zero vaccines to having enough doses for everyone. 
“It’s likely to be a tailored approach to start with,” he said in an interview. “We’re looking to have something like one to two billion doses of vaccine in the first year, spread out over the world population.” 
J&amp;J has partnered with the U.S. government on a $1 billion investment to speed development and production of its vaccine, even before it’s proven to work. It has contracted Emergent Biosolutions and Catalent to manufacture in bulk in the United States. Catalent will also do some fill-and-finish work. 
“Never in history has so much vaccine been developed at the same time - so that capacity doesn’t exist,” said Paul Stoffels, J&amp;J’s chief scientific officer, who sees filling capacity as the main limiting factor. 
Emergent’s (EBS.N) manufacturing plant in Bayview, Maryland, can accommodate four vaccines in parallel using different manufacturing platforms and equipment. 
Funded by the government in 2012, the plant includes single-use disposable bioreactor equipment featuring plastic bags rather than stainless steel fermentation equipment, which makes it easier to switch from one vaccine to another. 
This month, the company received an additional $628 million to make those four suites available to support any candidate the government selects, CEO Bob Kramer told Reuters. 
BLOW-FILL-SEAL-REPEAT 
As well as working with J&amp;J, New Jersey-based Catalent (CTLT.N) signed a deal with British drugmaker AstraZeneca (AZN.L) last week to provide vial-filling and packaging services at its plant in Anagni, Italy. It aims to handle hundreds of millions of doses, starting as early as August 2020 and possibly running through until March 2022. 
It has ordered high-speed vial-filling equipment to boost output at its Indiana plant, where it is also hiring an additional 300 workers. 
Michael Riley, Catalent’s North American president for biologics, told Reuters his biggest challenge was trying to compress work that normally takes years into months. 
Adding to the challenge is that glass vials are in short supply. 
To save glass, companies plan to use larger vials of five to 20 doses - but this raises new problems, such as potential waste, if not all the doses are used before the vaccine spoils. 
“The downside is that after a healthcare practitioner opens a vial, they need to then vaccinate 20 people in a short, 24-hour time,” said Prashant Yadav, a global healthcare supply-chain expert at the Center for Global Development in Washington. 
As part of the same drive, the U.S. Department of Health and Human Services and the Department of Defense have awarded ApiJect Systems up to $138 million to upgrade its facilities to be able to make up to 100 million plastic pre-filled syringes by the end of this year, and as many as 600 million in 2021. 
The company plans to use a technology called Blow-Fill-Seal, where syringes are blown out of plastic, filled with vaccine and sealed in seconds. This will need Food and Drug Administration approval, CEO Jay Walker told Reuters. 
BREAKING COLD CHAIN 
SiO2 Materials Science is, meanwhile, ramping up capacity of plastic vials with a glass lining, which are more stable at ultra-low temperatures. 
“You can bring us down to minus 196 Celsius, which none of the vaccines need,” Chief Business Officer Lawrence Ganti said. “You can throw it against the wall and it doesn’t break. Our founder has done that. He’s thrown frozen vials at me.” 
The company expects to boost production from the current 5-10 million vials a year to 120 million within three-and-a-half months, he told Reuters. 
Once packaged, many vaccines need to be kept cold - and some leading contenders made from genetic material such as messenger RNA need to be kept very cold - presenting another challenge that may limit access. 
“People who work with mRNA store it at minus 80 degrees centigrade, which is not something you’re gonna find in most pharmacies or doctor’s offices,” said Dr. Paul Offit, director of the Vaccine Education Center at Children’s Hospital of Philadelphia and co-inventor of the rotavirus vaccine. 
Peters of Birmingham university has been gathering data from poorer regions of Africa and Asia, and said breaks in the temperature-controlled supply chain - “cold chain” - are already frequent. 
In some places, it is common to lose 25% or more of vaccines because of broken cold chains, he told Reuters. 
“So if you’re looking to manufacture four billion, and you reckon you’re going to lose 25%, then you have to manufacture five billion,” he said. “It’s all the elements to move it from the point of manufacture to the point of aggregation, right down to the health centres and then out to the community.” 
QUARANTINE QUAGMIRE 
Companies developing mRNA vaccines, including Moderna and Translate Bio, which is partnering with Sanofi (SASY.PA), are working to make candidates stable at higher temperatures. 
Ron Renaud, CEO of Translate Bio, said he was confident this would happen “within a short amount of time”. 
Colleen Hussey, a Moderna spokeswoman, said: “We are getting more confident that we could run our supply chain at -20C, which is an easier storage condition than deep freezing,” she said. 
Moderna plans to add a small period of time in which the vaccine can be stored at normal fridge temperatures of 2 to 8 degrees Celsius in doctors’ offices or clinics. 
“We will know more in the next 2-3 months,” she said. 
The pandemic is also presenting obstacles of a less technical nature. 
Catalent, which has some 30 plants globally, has had to write special permission slips in eight languages explaining that their workers are considered essential. 
J&amp;J is having trouble getting experienced personnel to far-flung labs to oversee the transfer of technology to contract manufacturers because they’re subject to 14-day quarantines. 
“It is absolutely a factor,” said Stoffels. “If you have to send your people to the middle of India to get to filling capacity, that’s not easy at the moment.” 
Reporting by Julie Steenhuysen in Chicago and Kate Kelland in London; Writing by Josephine Mason; Editing by Pravin Char"
6,"{'id': 'reuters', 'name': 'Reuters'}",Reuters Editorial,"South Africa's mines record six COVID-19 deaths, 1,796 cases - Reuters","South Africa's mining industry has recorded 1,796 cases of COVID-19 with six deaths, the Minerals Council said on Thursday as mines ramp up after an extended shutdown.",https://www.reuters.com/article/us-health-coronavirus-safrica-mining-idUSKBN23W1SO,https://s4.reutersmedia.net/resources_v2/images/rcom-default.png,2020-06-25T11:49:00Z,"JOHANNESBURG (Reuters) - South Africa’s mining industry has recorded 1,796 cases of COVID-19 with six deaths, the Minerals Council said on Thursday as mines ramp up after an extended shutdown. 
The sector has conducted 15,994 COVID-19 tests so far, the industry body told reporters. 
The number of confirmed COVID-19 cases among mineworkers is around 1.6% of South Africa’s current total of 111,796 cases. 
The country has seen 2,205 deaths from COVID-19, according to the latest health ministry update on Wednesday. 
The Minerals Council this month rejected what it called a “narrative” in which mines were seen as a growing COVID-19 epicentre, saying mining companies’ screening and testing procedures were working. 
“Quite a few mining companies have actually taken the initiative to procure their own testing capacity,” said Tebello Chabana, senior executive of public affairs at the Minerals Council, noting that the public sector has seen testing backlogs. 
South Africa is the world’s biggest producer of platinum and a leading producer of gold. 
Reporting by Helen Reid; editing by Jason Neely"
7,"{'id': 'reuters', 'name': 'Reuters'}",Helen Coster,Disney faces pushback on Walt Disney World reopening - Reuters UK,"Petitioners are pressing Disney to delay the July 11 reopening of its Orlando, Florida-based Walt Disney World, citing recent spikes in COVID-19 cases in the state.",https://uk.reuters.com/article/uk-health-coronavirus-disney-idUKKBN23V2YM,https://s2.reutersmedia.net/resources/r/?m=02&d=20200624&t=2&i=1523372374&w=1200&r=LYNXMPEG5N22H,2020-06-24T18:58:00Z,"(Reuters) - Petitioners are pressing Disney to delay the July 11 reopening of its Orlando, Florida-based Walt Disney World, citing recent spikes in COVID-19 cases in the state. 
By Wednesday, more than 7,000 people had signed the petition, which was created by Katie Belisle, a Disney World Attractions hostess, and addressed to Orlando Mayor Buddy Dyer and Orange County Mayor Jerry Demings. 
“This virus is not gone, unfortunately it’s only become worse in this state,” the petition says. “Having our theme parks remain closed until cases are steadily decreasing would keep our guests, our employees and their families safe.” 
Belisle could not immediately be reached for comment. 
Walt Disney Co parks have been closed since January to help curb the spread of the novel coronavirus. The company had estimated it lost $1 billion at its theme parks division from January through March. 
“The safety and wellbeing of our cast members and guests are at the forefront of our planning, and we are in active dialogue with our unions on the extensive health and safety protocols, following guidance from public health experts, which we plan to implement as we move toward our proposed, phased reopening,” a Disney spokeswoman said in a statement. 
The Florida petition follows similar pushback from unions representing workers at Disneyland in Anaheim, California, which is planning to reopen on July 17. In a June 18 letter to California Governor Gavin Newsom, the unions said it is still unsafe to open the park. Over 49,500 people have signed a Change.org petition urging Disney to reopen the park at a later date. 
Disney has already reopened its Shanghai Disneyland theme park and has partially reopened its Disney Springs entertainment and shopping complex. Disneyland Paris will begin a phased reopening on July 15. 
When Disney World reopens, guests and employees will be required to wear masks and undergo temperature checks. The resort will suspend parades, fireworks displays and other activities that create crowds. Disney plans to restrict the number of guests, who will be required to reserve their park passes ahead of time. 
Reporting by Helen Coster; editing by Jonathan Oatis"
8,"{'id': 'reuters', 'name': 'Reuters'}",Reuters Editorial,UK government says R estimate remains between 0.7-0.9 - Reuters,"The estimated reproduction number for COVID-19 across the whole United Kingdom is unchanged between 0.7 and 0.9, the government said on Thursday, indicating the pandemic is shrinking.",https://www.reuters.com/article/health-coronavirus-britain-r-idUSS8N27M04R,https://s4.reutersmedia.net/resources_v2/images/rcom-default.png,2020-06-25T12:54:00Z,"LONDON, June 25 (Reuters) - The estimated reproduction number for COVID-19 across the whole United Kingdom is unchanged between 0.7 and 0.9, the government said on Thursday, indicating the pandemic is shrinking. 
The growth rate was also unchanged at a range of -4% and -2%, and it was estimated below zero in all regions of England. (Reporting by Alistair Smout; editing by Stephen Addison)"
9,"{'id': 'reuters', 'name': 'Reuters'}",Reuters Editorial,"UK COVID-19 death toll rises to 43,414, up 186 - Reuters","Britain's official death toll from confirmed cases of COVID-19 rose by 186 to 43,414, the Department of Health said on Friday.",https://www.reuters.com/article/health-coronavirus-britain-casualties-idUSL9N2CP01S,https://s4.reutersmedia.net/resources_v2/images/rcom-default.png,2020-06-26T14:42:00Z,"LONDON, June 26 (Reuters) - Britain’s official death toll from confirmed cases of COVID-19 rose by 186 to 43,414, the Department of Health said on Friday. 
The total included a revision in which two deaths had previously been counted twice. 
Including deaths from suspected cases of the disease, Britain’s toll is over 54,000. (Reporting by Andy Bruce; editing by William James)"
10,"{'id': 'reuters', 'name': 'Reuters'}",Reuters Editorial,Paris and Eugene Diamond League meetings scrapped due to coronavirus - Reuters UK,"This year's Diamond League athletics meetings in Paris and Eugene have been cancelled due to the COVID-19 pandemic, organisers said on Friday.",https://uk.reuters.com/article/uk-health-coronavirus-athletics-diamondl-idUKKBN23X1QC,https://s4.reutersmedia.net/resources/r/?m=02&d=20200626&t=2&i=1523737779&w=1200&r=LYNXMPEG5P159,2020-06-26T12:39:00Z,"(Reuters) - This year’s Diamond League athletics meetings in Paris and Eugene have been cancelled due to the COVID-19 pandemic, organisers said on Friday. 
The organisers also confirmed the meeting at Gateshead in England, which was scheduled for Aug. 16, has been postponed. 
“Following the latest government announcements on the organisation of major events in France, meeting organisers concluded that there is not enough time to organise a world-class international event in the French capital this year,” the Diamond League said in a statement. 
The event in Eugene, which was originally scheduled for Oct. 6, was scrapped as the state of Oregon currently has a ban of gatherings, including sporting events until at least the end of September. 
“The ban, combined with the expected long term restrictions on international travel, make it impossible to host a world class track &amp; field meet,” the statement said. 
The Diamond League has identified Sept. 12 as a possible alternate date for the Gateshead meeting but must wait before announcing confirmation due to British government guidelines and restrictions. 
Due to the growing number of countries affected by the COVID-19 virus, the Diamond League season could not start as planned in Doha on April 17. 
Meetings have been since cancelled in London, Rabat and Zurich - which was originally scheduled to host the season finale in September - while other events on the calendar were postponed due to the pandemic. 
British Athletics announced on Friday that the British Athletics Championships will take place on Sept. 4-5 behind closed doors at the Manchester Regional Arena. 
Reporting by Hardik Vyas in Bengaluru; Editing by Toby Davis"
11,"{'id': 'reuters', 'name': 'Reuters'}",Reuters Editorial,Fulcrum Therapeutics begins trial of muscle disorder drug for COVID-19 patients - Reuters,"Fulcrum Therapeutics Inc said on Wednesday it has started the late-stage trial of its experimental muscle disorder drug, losmapimod, in adults hospitalized with COVID-19.",https://uk.reuters.com/article/us-health-coronavirus-fulcrum-idUKKBN23V1MJ,https://s4.reutersmedia.net/resources_v2/images/rcom-default.png,2020-06-24T11:27:00Z,"(Reuters) - Fulcrum Therapeutics Inc said on Wednesday it has started the late-stage trial of its experimental muscle disorder drug, losmapimod, in adults hospitalized with COVID-19. 
The company in-licensed losmapimod from GlaxoSmithKline Plc last year after the drug failed to prove more effective than placebo in a large clinical trial in 2015. [bwnews.pr/2VeJvn7] 
Fulcrum expects to report topline data in the first quarter of fiscal year 2021. 
The late-stage trial will assess the proportion of patients who die or experience respiratory failure by day 28, after receiving daily oral dose of losmapimod along with a standard of care for 14 days. 
Losmapimod is being tested by Fulcrum for the treatment of a muscle-wasting disorder called facioscapulohumeral muscular dystrophy. 
Reporting By Mrinalika Roy in Bengaluru, Editing by Sherry Jacob-Phillips"
12,"{'id': 'reuters', 'name': 'Reuters'}",Reuters Editorial,BRIEF-Cytosorbents Announces Commercial Launch Of Cytosorb To Treat Cytokine Storm In Many Latin American Countries As Covid-19 Cases Rise - Reuters,BRIEF-Cytosorbents Announces Commercial Launch Of Cytosorb To Treat Cytokine Storm In Many Latin American Countries As Covid-19 Cases Rise  Reuters,https://www.reuters.com/article/brief-cytosorbents-announces-commercial-idUSFWN2E10DC,https://s4.reutersmedia.net/resources_v2/images/rcom-default.png,2020-06-24T11:52:00Z,"June 24 (Reuters) - Cytosorbents Corp: 
* CYTOSORBENTS ANNOUNCES COMMERCIAL LAUNCH AND IMMEDIATE AVAILABILITY OF CYTOSORB TO TREAT CYTOKINE STORM IN MANY LATIN AMERICAN COUNTRIES AS COVID-19 CASES RISE Source text for Eikon: Further company coverage:"
13,"{'id': 'business-insider', 'name': 'Business Insider'}","feedback@businessinsider.com (Shira Feder), Shira Feder","Children 'do transmit COVID-19' to adults, says researcher whose study was 'misunderstood' as evidence that kids cannot spread coronavirus","Getty
<ul>
<li>Some news outlets reported that children cannot transmit COVID-19, based on a recently published review of 78 previous COVID-19 studies. </li>
<li>One of the researchers issued a statement clarifying that children ""almost certainly do transmit …",https://www.businessinsider.com/children-do-transmit-covid-19-says-researcher-amid-confusion-2020-4,https://i.insider.com/5eab12cee3c3fb7cdd2de16b?width=1200&format=jpeg,2020-04-30T19:47:00Z,"As governments weigh the costs and benefits of lifting lockdowns, a debate over just how vulnerable children are to COVID-19 is emerging. 
Switzerland's infectious diseases chief declared this week that children under the age of 10 ""don't have the receptors to catch the disease,"" and the country is reopening its public schools on May 11. 
On Thursday, the picture was further muddied by coverage of a large review of 78 available studies conducted by the UK Royal College of Paediatrics, which said: ""The role of children in transmission is unclear, but it seems likely they do not play a significant role."" 
The first articles to cover the review said there was no evidence to date that any children had passed the virus on to adults.
But one of the researchers that authored the review in question, Alasdair Munro, insists their findings were misunderstood, and that children can indeed pass the virus to adults. 
Getty
""Children almost certainly DO transmit COVID-19,"" Munro, a clinical research fellow in pediatric infectious diseases at University Hospital Southampton, said on Twitter on Thursday, adding: ""Growing evidence suggests children are less susceptible to infection, have milder infection, and are infrequently responsible for household transmission.""
The Royal College of Pediatrics also corrected the record, tweeting that ""a number of media reports, citing RCPCH, have incorrectly suggested that children cannot transmit COVID-19. This is not the the RCPCH position, nor is it based on evidence.""
The confusion stemmed, in part, from a reference in the review to a study by the China/WHO joint commission. People interviewed by members of the commission could not recall a single episode where a child transmitted the disease to an adult. 
Loading
Something is loading.
However, the review also states: ""Evidence that [children] are not a reservoir of disease does not exist.""
The evidence shows children are less likely to get seriously ill with COVID-19
The evidence shows that children are far less likely to get gravely ill with COVID-19, and the death rate among children is low.
According to the US Centers for Disease Control and Prevention, 1.7% of 150,000 American COVID-19 cases affected people under the age of 18. Globally the amount of children with COVID-19 is under 2% of all cases, from Korea to Spain to Italy.
In Iceland, where 6% of the population was tested, none of the 848 children tested were positive. In a town in Italy where 2.6% of residents had the new coronavirus, 0% of children under 10 years tested positive.
Another study of 2,000 children with COVID-19 in China found that 90% of them were asymptomatic, 39% developed pneumonia without symptoms, and 6% of children developed severe infections.
Experts warn there is nowhere near enough evidence to feel confident that children don't spread the virus
SARS was another respiratory disease that also affected adults more than children. ""Transmission of SARS from pediatric patients appears to be uncommon but is possible,"" wrote the authors of a 2006 study.
However, German virologist Christian Drosten, director of the Institute of Virology at Berlin's Charite hospital, urged policymakers to exercise caution when looking at studies examining the effects of COVID-19 on children. He pointed out that the findings of a Dutch study, which was used as evidence that children do not play a big role in spreading COVID-19, were not statistically significant.
According to his own research, Drosten said, children can carry as high levels of the coronavirus as adults. He and his colleagues warned ""against an unlimited reopening of schools and kindergartens in the present situation.""
In an April 29 press conference, World Health Organization technical lead Maria van Kerkhove doubled down on warnings against seeing children as immune, or unable to pass on the virus. 
""There's no reason to think that children are less susceptible to infection if they're exposed, and that they can't transmit,"" she said. ""We're really not seeing this in the epidemiology."""
14,"{'id': 'reuters', 'name': 'Reuters'}",Reuters Editorial,Turkmenistan dismisses U.S. embassy COVID-19 alert as 'fake news' - Reuters,Turkmenistan scolded the United States embassy on Tuesday over a health alert which cast doubt on official reports of zero COVID-19 cases in the country.,https://www.reuters.com/article/us-health-coronavirus-turkmenistan-usa-idUSKBN23U2WB,https://s4.reutersmedia.net/resources_v2/images/rcom-default.png,2020-06-23T17:38:00Z,"ASHGABAT (Reuters) - Turkmenistan scolded the United States embassy on Tuesday over a health alert which cast doubt on official reports of zero COVID-19 cases in the country. 
The Ashgabat government has repeatedly said the desert nation of 6 million is free of the novel coronavirus. It has imposed quarantine for those flying in from abroad, closed land border crossings and curbed travel between provinces. 
“While there are no official reports of positive COVID-19 cases in Turkmenistan, the U.S. Embassy has received reports of local citizens with symptoms consistent with COVID-19 undergoing COVID-19 testing and being placed in quarantine in infectious diseases hospitals for up to fourteen days,” the embassy said in the alert message posted on its website. 
“Private citizens who undergo testing for COVID-19 in Turkmenistan may be sent to involuntary quarantine at a government-selected facility at their own expense with no control over the amenities for an unspecified period of time.” 
The Turkmen foreign ministry said the U.S. embassy statement was distorting information about measures it has taken against the virus. 
“The Ministry of Foreign Affairs of Turkmenistan points out the lack of substance and objectivity in this kind of ‘fake news’,” it said, adding that it had already warned the U.S. ambassador against spreading information “not supported by facts”. 
The gas-rich desert nation located north of Iran and Afghanistan is one of the world’s most tightly-controlled and isolated countries. 
Reporting by Marat Gurt; Writing by Olzhas Auyezov"
15,"{'id': 'reuters', 'name': 'Reuters'}",Helen Coster,Disney faces pushback on Walt Disney World reopening - Reuters,"Petitioners are pressing Disney to delay the July 11 reopening of its Orlando, Florida-based Walt Disney World, citing recent spikes in COVID-19 cases in the state.",https://www.reuters.com/article/us-health-coronavirus-disney-idUSKBN23V2KN,https://s3.reutersmedia.net/resources/r/?m=02&d=20200624&t=2&i=1523357259&w=1200&r=LYNXMPEG5N1UL,2020-06-24T16:47:00Z,"(Reuters) - Petitioners are pressing Disney to delay the July 11 reopening of its Orlando, Florida-based Walt Disney World, citing recent spikes in COVID-19 cases in the state. 
By Wednesday, more than 7,000 people had signed the petition, which was created by Katie Belisle, a Disney World Attractions hostess, and addressed to Orlando Mayor Buddy Dyer and Orange County Mayor Jerry Demings. 
“This virus is not gone, unfortunately it’s only become worse in this state,” the petition says. “Having our theme parks remain closed until cases are steadily decreasing would keep our guests, our employees and their families safe.” 
Belisle could not immediately be reached for comment. 
Walt Disney Co (DIS.N) parks have been closed since January to help curb the spread of the novel coronavirus. The company had estimated it lost $1 billion at its theme parks division from January through March. 
“The safety and wellbeing of our cast members and guests are at the forefront of our planning, and we are in active dialogue with our unions on the extensive health and safety protocols, following guidance from public health experts, which we plan to implement as we move toward our proposed, phased reopening,” a Disney spokeswoman said in a statement. 
The Florida petition follows similar pushback from unions representing workers at Disneyland in Anaheim, California, which is planning to reopen on July 17. In a June 18 letter to California Governor Gavin Newsom, the unions said it is still unsafe to open the park. Over 49,500 people have signed a Change.org petition urging Disney to reopen the park at a later date. 
Disney has already reopened its Shanghai Disneyland theme park and has partially reopened its Disney Springs entertainment and shopping complex. Disneyland Paris will begin a phased reopening on July 15. 
When Disney World reopens, guests and employees will be required to wear masks and undergo temperature checks. The resort will suspend parades, fireworks displays and other activities that create crowds. Disney plans to restrict the number of guests, who will be required to reserve their park passes ahead of time. 
Reporting by Helen Coster; editing by Jonathan Oatis"
16,"{'id': 'reuters', 'name': 'Reuters'}",Reuters Editorial,Berlin marathon organisers shelve plans for 2020 race - Reuters UK,"The Berlin Marathon, one of the world's big six races, will not take place this year because of the COVID-19 pandemic, organisers said on Wednesday.",https://uk.reuters.com/article/uk-health-coronavirus-marathon-berlin-idUKKBN23V2AC,https://s3.reutersmedia.net/resources/r/?m=02&d=20200624&t=2&i=1523345227&w=1200&r=LYNXMPEG5N1N6,2020-06-24T15:08:00Z,"BERLIN (Reuters) - The Berlin Marathon, one of the world’s big six races, will not take place this year because of the COVID-19 pandemic, organisers said on Wednesday. 
The race was originally scheduled for Sept. 26-27 but organisers had already said it could not go ahead then because of Germany’s ban on public gatherings of more than 5,000 people until Oct. 24. 
The event is one of a group of leading marathons that also includes Tokyo, Boston, London, Chicago and New York. To date, 11 world records have been set over the streets of the German capital. 
New York on Wednesday also announced the cancellation of the world’s largest marathon on Nov. 1 due to the pandemic. 
“Over the past weeks, we have put a lot of commitment and effort into examining all options for holding the BMW Berlin-Marathon 2020 under the given conditions,” Berlin organisers said in a statement. 
“We worked hard on the development of a hygiene concept and held countless discussions with our experts, the responsible authorities and service providers, among others.” 
The statement said a comprehensive feasibility analysis showed, however, that the marathon could not be held at a later date this year either. 
Weather conditions and shorter days would make it difficult and there was also uncertainty about the regulations after October. 
“The question of whether athletes will be able to travel internationally again by then can also not yet be answered,” said Juergen Lock, managing director of SCC Events. 
Participants will be offered a choice of repayment of the entry fee or a place in next year’s event. 
Reporting by Alan Baldwin in London; Editing by David Goodman and Ken Ferris"
17,"{'id': 'reuters', 'name': 'Reuters'}",Reuters Editorial,"Golf: Champ tests positive for COVID-19, withdraws from Connecticut event - Reuters","Cameron Champ has withdrawn from this week's event in Cromwell, Connecticut after he tested positive for COVID-19 during pre-tournament screening, the PGA Tour said on Tuesday.",https://www.reuters.com/article/us-golf-travelers-coronavirus-idUSKBN23U3D6,https://s4.reutersmedia.net/resources/r/?m=02&d=20200623&t=2&i=1523254872&w=1200&r=LYNXMPEG5M22W,2020-06-23T21:54:00Z,"(Reuters) - Cameron Champ has withdrawn from this week’s event in Cromwell, Connecticut after he tested positive for COVID-19 during pre-tournament screening, the PGA Tour said on Tuesday. 
Champ, a two-times winner on the PGA Tour, is the second known member of the circuit to test positive for the novel coronavirus following fellow American golfer Nick Watney’s positive test last Friday. 
“I feel great physically and I was obviously surprised and disappointed to learn of the test result,” Champ said in a PGA Tour news release. “It’s important now to take the necessary steps and measures to protect others, including my loved ones.” 
The PGA Tour said it is expected to release full testing results at the completion of the pre-tournament testing process on Wednesday. 
This week’s Travelers Championship at TPC River Highlands is the third of five events on the PGA Tour’s revamped schedule that is closed to the general public in a bid to help stem the spread of the virus. 
According to a PGA Tour participant resource guide, anyone who tests positive will be quarantined while a “disinfecting/decontaminating response” is implemented. 
The guide also said at-home tests before traveling to a tournament are “strongly encouraged” but not required. 
Upon arriving at a tournament, all players and caddies must proceed to a testing site to receive a nasal swab test and thermal screening. 
Only once a negative test result is received, will players be issued a wristband or lanyard that grants them access to the locker room and clubhouse. 
Reporting by Frank Pingue in Toronto, editing by Pritha Sarkar"
18,"{'id': 'reuters', 'name': 'Reuters'}",Reuters Editorial,BRIEF-Relief Therapeutics And Neurorx To Fast Track Designation Granted By FDA To RLF-100 For Treatment Of Respiratory Distress In COVID-19 - Reuters UK,BRIEF-Relief Therapeutics And Neurorx To Fast Track Designation Granted By FDA To RLF-100 For Treatment Of Respiratory Distress In COVID-19  Reuters UK,https://uk.reuters.com/article/brief-relief-therapeutics-and-neurorx-to-idUKFWN2E105N,https://s4.reutersmedia.net/resources_v2/images/rcom-default.png,2020-06-24T05:07:00Z,"June 24 (Reuters) - RELIEF THERAPEUTICS Holding SA: 
* NEURORX AND RELIEF THERAPEUTICS ANNOUNCE FAST TRACK DESIGNATION GRANTED BY FDA TO RLF-100 (AVIPTADIL) FOR TREATMENT OF RESPIRATORY DISTRESS IN COVID-19 Further company coverage: (Gdansk Newsroom)"
19,"{'id': 'reuters', 'name': 'Reuters'}",Reuters Editorial,BRIEF-Unique Clinical Trial Investigates A New Treatment Approach For Fatal Childhood Alzheimer's And Continues Despite Covid-19 Pandemic - Reuters India,BRIEF-Unique Clinical Trial Investigates A New Treatment Approach For Fatal Childhood Alzheimer's And Continues Despite Covid-19 Pandemic  Reuters India,https://in.reuters.com/article/brief-unique-clinical-trial-investigates-idINASA00USL,https://s4.reutersmedia.net/resources_v2/images/rcom-default.png,2020-06-24T13:14:00Z,"June 24 (Reuters) - The Lundquist Institute: 
* UNIQUE CLINICAL TRIAL INVESTIGATES A NEW TREATMENT APPROACH FOR FATAL ‘CHILDHOOD ALZHEIMER’S’ AND CONTINUES DESPITE COVID-19 PANDEMIC Source text for Eikon:"
