,source,author,title,description,url,urlToImage,publishedAt,content
0,"{'id': 'engadget', 'name': 'Engadget'}",Christine Fisher,Delayed ‘PES’ Euro 2020 update will arrive on June 4th,"With so many live sporting events canceled due to COVID-19, fans are turning to esports. But even those are facing pandemic-related setbacks and delays. This spring, Konami promised that its free Euro 2020 update for eFootball PES 2020 would be ready on April…",https://www.engadget.com/efootball-pes-euro-2020-update-june-4-205731103.html,https://o.aolcdn.com/images/dims?resize=1200%2C630&crop=1200%2C630%2C0%2C0&quality=80&image_uri=https%3A%2F%2Fs.yimg.com%2Fos%2Fcreatr-uploaded-images%2F2020-05%2Fe2e3f760-9947-11ea-a7be-a3bbe29b009d&client=amp-blogside-v2&signature=310cbb14be80e6fec5762942ecd657a8485c2d51,2020-05-18T20:57:31Z,"With so many live sporting events canceled due to COVID-19, fans are turning to esports. But even those are facing pandemic-related setbacks and delays. This spring, Konami promised that its free Euro 2020 update for eFootball PES 2020 would be ready on April 30th. Later, Konami postponed the update indefinitely when the European Football Championship was delayed a year. Now, the publisher says it has made a few adjustments and Euro 2020 will be available for PlayStation 4, Xbox One and PC on June 4th.
RESULT! 🙌
We are delighted to announce that the postponed UEFA EURO 2020 content is coming to #eFootballPES2020 on Thursday 4th June featuring all 55 participating UEFA National teams, 2 brand new Stadiums and more! 👀🌟 #PlayingIsBelievingpic.twitter.com/7Th57QGrKA
— eFootball PES (from 🏠) (@officialpes) May 18, 2020
The DLC will still feature all 55 national teams and detailed recreations of Wembley and Saint Petersburg stadiums. UEFA Euro 2020 featured players, themed matchdays and other in-game events are still planned but subject to change. The official Team of the Tournament will no longer be released. Konami planned to add the official Euro 2020 finals ball in late June, but now, it will include the ball in the June 4th release."
1,"{'id': 'engadget', 'name': 'Engadget'}",Jon Fingas,"Google's work from home strategy includes a $1,000 allowance","Google is joining other companies is planning for a return to the office as COVID-19 cases decline, but its strategy may be more elaborate than most. Company chief Sundar Pichai has outlined a roadmap that will still have most employees working from home for …",https://www.engadget.com/google-work-from-home-allowance-221701178.html,https://o.aolcdn.com/images/dims?resize=1200%2C630&crop=1200%2C630%2C0%2C0&quality=95&image_uri=https%3A%2F%2Fs.yimg.com%2Fos%2Fcreatr-images%2F2020-05%2F439bad30-9f99-11ea-bd57-5c3693c3624f&client=amp-blogside-v2&signature=fd02594546d0f4c0b2e3698093e8de4af7a3af60,2020-05-26T22:17:01Z,"Google is joining other companies is planning for a return to the office as COVID-19 cases decline, but its strategy may be more elaborate than most. Company chief Sundar Pichai has outlined a roadmap that will still have most employees working from home for the rest of 2020. As a resultthe company is providing a $1,000 allowance to staff to help them buy computers, office furniture and other equipment needed for remote work. While that might not cover everything, it should ease the burden for workers who don’t have everything they need.
Provided all goes well, the return will start on July 6th with necessary employees showing up on a “rotating basis” with about 10 percent capacity. A worker may only come in once every two weeks, Pichai said. Those rotations will increase to 30 percent by September if things go smoothly. There will be “rigorous” safety measures including social distancing and cleanliness, and only those who absolutely need to come into the office will be asked to show up. Office appearances will be voluntary for everyone else throughout 2020."
2,"{'id': 'engadget', 'name': 'Engadget'}",Kris Holt,Sega wants to turn Japanese arcades into 'fog gaming' data centers,Sega marked its 60th anniversary this week with a tiny version of the Game Gear. But that's not the only thing on the company's mind at the minute. It's working on a system that would turn Japanese arcades into small data centers.According to Weekly Famitsu (…,https://www.engadget.com/sega-arcade-streaming-data-denter-japan-164030263.html,https://o.aolcdn.com/images/dims?resize=1200%2C630&crop=1200%2C630%2C0%2C0&quality=95&image_uri=https%3A%2F%2Fs.yimg.com%2Fos%2Fcreatr-images%2F2020-06%2Fe5b105e0-a744-11ea-9ffd-a72361d50e0a&client=amp-blogside-v2&signature=5985cad0107d89b6a8b9d741d529e4208e077d74,2020-06-05T16:40:30Z,"Sega already has the basic infrastructure in place. At least in Japan, arcades are still prevalent enough for the fog gaming system to be viable. The company owns around 200 of them, and Sega machines are also prevalent in third-party arcades. 
The company's machines are connected to game center servers, which are also linked to the cloud. Many of them use the All.net platform, which is a backbone of online arcade competition, and also lets players track high scores, rankings and profiles across various game centers. But Ars Technica reports that non-Sega arcades are cutting ties with All.net because ""the fees make it untenable"" amid the COVID-19 pandemic.
It's not entirely clear whether Japanese players would be able to stream games directly from arcade machines. Famitsu suggests fog gaming would add minimal lag (less than 1 ms) on top of regular network latency, which could make that tenable -- especially for quick-reflex titles, such as fighting games. 
Players actively use arcade machines for eight hours or so a day, and the fog gaming system could give them the option to grind their favorite games outside of game center opening hours. Sega and other arcade operators would also be able to generate revenue from machines when the centers are closed.
It remains to be seen if or when Sega gets the fog gaming platform up and running, or even what shape it’ll take. But at the very least, it points to an even more connected (and potentially more sustainable) future for arcades."
3,"{'id': 'engadget', 'name': 'Engadget'}",Kris Holt,TwitchCon San Diego has been canceled,"Twitch has canceled TwitchCon San Diego, the annual event it runs to showcase what’s next for the streaming platform and to bring its community together. It cited ""restrictions on large gatherings and ongoing concerns for the health and safety of our communit…",https://www.engadget.com/twitchcon-san-diego-canceled-coronavirus-covid-19-203524989.html,https://o.aolcdn.com/images/dims?resize=1200%2C630&crop=1200%2C630%2C0%2C0&quality=95&image_uri=https%3A%2F%2Fs.yimg.com%2Fos%2Fcreatr-images%2F2020-06%2Fac6ce490-b1a1-11ea-b5ce-50a6e8232d3e&client=amp-blogside-v2&signature=f98e75f3faf5e5c8fa64f69afa0143120fd6e738,2020-06-18T20:35:24Z,"Twitch has canceled TwitchCon San Diego, the annual event it runs to showcase what’s next for the streaming platform and to bring its community together. It cited ""restrictions on large gatherings and ongoing concerns for the health and safety of our community"" due to the COVID-19 pandemic as entirely understandable reasons for nixing the event, which had been set to run from September 25th to 27th.
An update on TwitchCon San Diego and what comes next. pic.twitter.com/ft2P5gtRX2
— TwitchCon (@TwitchCon) June 18, 2020
The Amazon-owned service previously called off TwitchCon Amsterdam, which would have been the second year it ran one of the events in Europe. Twitch says it's ""gutted that we won't be able to see all of you in person to connect and show you what we've been creating for you over the past year."" That said, it's looking into ways to ""join forces in an alternate dimension"" at some point this year -- so there might be an online edition instead."
4,"{'id': 'engadget', 'name': 'Engadget'}",Andrew Tarantola,After Math: A glimmer of hope,"It’s been yet another rough stretch but we’ve made it through somehow, which is more than can be said for the thousands of AT&T employees who lost their jobs last week. But don’t despair! Though few and far between, there have been some bright spots in this w…",https://www.engadget.com/after-math-a-glimmer-of-hope-153007035.html,https://o.aolcdn.com/images/dims?resize=1200%2C630&crop=1200%2C630%2C0%2C0&quality=95&image_uri=https%3A%2F%2Fs.yimg.com%2Fos%2Fcreatr-images%2F2020-06%2Fcabf9760-b26b-11ea-9f53-5104e180d519&client=amp-blogside-v2&signature=a13484bbfe1228560844e10aab1117d518d40ef7,2020-06-21T15:30:07Z,"Back in March when the COVID-19 lockdowns went into effect, Comcast made the unexpectedly helpful gesture of opening its 1.5 million nationwide hotspots to the public. However, the plan was only to do so for 60 days. But since the pandemic has in no way abated over the past two months, Comcast has decided to keep those hotspots available through the end of the year.
Summer is in full swing, even if it isn’t sensible or safe to go outside just yet. Instead, hunker down in your bunker as presidential as you can be and try your hand at nearly 1000 playable demos as part of Steam’s summer game festival!
Speaking of being a shut-in, Google is taking steps to help keep its users connected to the outside world with a 32-person upgrade to its Duo video conferencing software. That’s still not to the same level as Facebook’s 50-user Portal rooms but really, do you even know 32 people?
Even if Zuckerberg can’t not be the creepiest looking dude in the room, his company did some good last week by promising to invest $200 million to help combat systemic racism in the business community."
5,"{'id': 'cnn', 'name': 'CNN'}","Faith Karimi and Joe Sutton, CNN","More than 112,000 people have died from Covid-19 in the US, and 100,000 more will die from it by September, a health experts says",The US surpassed 2 million confirmed coronavirus cases Wednesday night as new hotspots emerge and hospitalizations go up in some states.,https://www.cnn.com/2020/06/11/health/us-coronavirus-thursday/index.html,https://cdn.cnn.com/cnnnext/dam/assets/200610003105-arizona-is-asking-its-hospitals-to-activate-emergency-plans-as-covid-19-cases-rise-across-the-country-super-tease.jpg,2020-06-11T05:17:23Z,"(CNN)The US surpassed 2 million confirmed coronavirus cases Wednesday night as new hotspots emerge and hospitalizations go up in some states.
More than 112,000 people have died from Covid-19 nationwide, according to Johns Hopkins University. 
The spike in numbers highlights how complicated it is to stop the spread of the virus despite early hotspots such as New York and New Jersey seeing improved numbers.
Since Memorial Day, the number of coronavirus hospitalizations has gone up in at least a dozen states, according to data CNN aggregated from the Covid Tracking Project between May 25 to June 9. They are Alaska, Arkansas, Arizona, California, Kentucky, Mississippi, Montana, North Carolina, Oregon, South Carolina, Texas and Utah. An additional 22 states are trending downward while nine others are holding steady.
Health experts issued a bleak prediction.
An additional 100,000 more people will die from coronavirus by September, said Dr. Ashish Jha, director of the Harvard Global Health Institute.
""I think right now, most Americans are not ready to lock back down, and I completely understand that. Here's the bottom line, though, which is that -- I understand people are willing to live alongside this virus. It means that between 800 and 1,000 Americans are going to die every single day. We're going to get another 100,000 deaths by September ... we really do have to try to figure out how to bring the caseloads down from these scary levels, in some states,"" Jha told CNN's Kate Bolduan on Wednesday.
The Centers for Disease Control and Prevention predicts between 118,000 and 143,000 coronavirus deaths in the US by June 27.
CNN's Madeline Holcombe contributed to this report."
6,"{'id': 'engadget', 'name': 'Engadget'}",Marc DeAngelis,Stanford University lab repurposes scuba gear into reusable PPE,"Bioengineering professor Manu Prakash runs a lab at Stanford University that uses low-cost materials to create effective scientific devices. He returned from a recent vacation with some scuba gear -- as well as a cold. While he tested negative for COVID-19, h…",https://www.engadget.com/stanford-scuba-mask-face-shield-154353874.html,https://o.aolcdn.com/images/dims?resize=1200%2C630&crop=1200%2C630%2C0%2C0&quality=80&image_uri=https%3A%2F%2Fs.yimg.com%2Fos%2Fcreatr-uploaded-images%2F2020-04%2Fe6b4d1c0-8a2e-11ea-bfff-176f5d0984ef&client=amp-blogside-v2&signature=41db1f1cbf3412abc7176d379540e223533ea868,2020-04-29T15:43:53Z,"Bioengineering professor Manu Prakash runs a lab at Stanford University that uses low-cost materials to create effective scientific devices. He returned from a recent vacation with some scuba gear -- as well as a cold. While he tested negative for COVID-19, he stayed cautious and self-quarantined for two weeks. During that time, he reworked his snorkel mask into a reusable face shield for healthcare providers by combining it with a medical-grade filter. Dubbed the Pneumask, Prakash and his team tested the device and sent their findings to the FDA, which cleared it as a face shield or surgical mask, but not as a respirator. According to The Washington Post, this decision was made so that the masks could go out to healthcare workers immediately, as clearing the device as a respirator would require more time.
So far, Prakash’s team has created 1,500 masks and is sending them to frontline workers across five states. 7,000 more masks are in the pipeline and the team hopes to send out 50,000 Pneumasks. Prakash says that since the masks are reusable, healthcare workers can sterilize them and pass them onto other medical professionals who need them. Hopefully this initiative provides additional safety for nurses and doctors who face a shortage of personal protective equipment."
7,"{'id': 'engadget', 'name': 'Engadget'}",Jon Fingas,"GMC delays the reveal of its 1,000HP Hummer EV",Add GMC to the list of electric car makers with COVID-19-related delays. The GM badge has postponed the reveal event for the Hummer EV beyond its original May 20th date to an unspecified point in the future. The company is still “on track” for developing the …,https://www.engadget.com/gmc-delays-hummer-ev-reveal-190003293.html,https://o.aolcdn.com/images/dims?resize=1200%2C630&crop=1200%2C630%2C0%2C0&quality=80&image_uri=https%3A%2F%2Fs.yimg.com%2Fos%2Fcreatr-uploaded-images%2F2020-04%2Fde547e70-8a44-11ea-95b5-ff6b8e11dbf8&client=amp-blogside-v2&signature=06a1818be034a96f68c3762dcf8af010f7725f07,2020-04-29T19:00:03Z,"Add GMC to the list of electric car makers with COVID-19-related delays. The GM badge has postponed the reveal event for the Hummer EV beyond its original May 20th date to an unspecified point in the future. The company is still “on track” for developing the electric truck, a spokesperson told Electrek, and still expects the machine to reach customers in fall 2021. To that end, it released a new teaser (below) that finally shows more than the front grille — not that the tiny top-down view shows much.
The new Hummer is expected to share some design cues with the original civilian Hummer line, but not necessarily much else. The electric powerplant will deliver up to 1,000HP, 11,500lb/ft of torque and a 0-60MPH time of around 3 seconds, completely blowing past the original Hummer series’ slow gas-powered engines. It may be launching into a challenging market, though. On top of competition from Tesla’s Cybertruck and Rivian’s R1T, the Hummer will launch into a market likely still feeling the economic impact of a pandemic. There much not be as much of an audience for a luxury electric pickup as there would have been otherwise."
8,"{'id': 'engadget', 'name': 'Engadget'}",Christine Fisher,"Uber plans to lay off another 3,000 employees","Less than two weeks after Uber shared plans to lay off 3,700 employees, the company announced that it will let another 3,000 workers go. In other words, in the course of a month, Uber has made plans to get rid of roughly a quarter of its workforce.Uber will a…",https://www.engadget.com/uber-lay-offs-3000-employees-160758862.html,https://o.aolcdn.com/images/dims?resize=1200%2C630&crop=1200%2C630%2C0%2C0&quality=80&image_uri=https%3A%2F%2Fs.yimg.com%2Fos%2Fcreatr-images%2F2019-11%2F2aa89790-0c8f-11ea-bf93-5fc6d8839547&client=amp-blogside-v2&signature=23dae2bc4fa598af29775a7c70efb325761d008d,2020-05-18T16:07:58Z,"The company is reeling from the blow dealt by the COVID-19 pandemic. According to WSJ, Uber’s ridesharing business was down 80 percent in April, compared to the previous year. Prior to the pandemic, ridesharing made up about three-quarters of Uber’s revenue. While UberEats has provided some relief, it’s not enough to make up for the drastic drop in ridesharing. Uber is now requiring riders and drivers to wear masks and developing tech to make sure drivers comply, but whether that will lead to more rides is hard to say.
Khosrowshahi said the company will wind down its product incubator and AI lab and that it’s reevaluating its freight and autonomous driving businesses. Uber is exploring “strategic alternatives” for Uber Works, its tool to help drivers find work at other companies, and it’s reportedly in talks with Grubhub about an acquisition.
Of course, Uber is not alone. Lyft plans to lay off nearly 1,000 employees, or about 17 percent of its workforce. And non-transportation companies have made deep cuts too. Airbnb recently laid off 25 percent of its workforce, about 1,900 employees. Those numbers don’t account for the drivers and hosts who have lost income as well. Meanwhile, Uber is still facing a lawsuit for allegedly misclassifying drivers."
9,"{'id': 'engadget', 'name': 'Engadget'}",Kris Holt,'Iron Man VR' will arrive on July 3rd,"Sony delayed Iron Man VR a second time in early April due to the impact of COVID-19, and it has now found a new release date for the virtual reality shooter. All going well, it'll be available for PS VR on July 3rd. Thank you to our amazing, supportive fans f…",https://www.engadget.com/iron-man-vr-psvr-release-date-ps4-185049705.html,https://o.aolcdn.com/images/dims?resize=1200%2C630&crop=1200%2C630%2C0%2C0&quality=80&image_uri=https%3A%2F%2Fs.yimg.com%2Fos%2Fcreatr-uploaded-images%2F2020-05%2F38306fb0-947e-11ea-abc6-6d5feda7bfc5&client=amp-blogside-v2&signature=7d27ad9852ef162c840b39a13736fc6157b16e2d,2020-05-12T18:50:49Z,"Sony delayed Iron Man VR a second time in early April due to the impact of COVID-19, and it has now found a new release date for the virtual reality shooter. All going well, it'll be available for PS VR on July 3rd.
Thank you to our amazing, supportive fans for sticking with us. We appreciate your patience, and we can't wait for you to fully experience Marvel's Iron Man VR when you #SuitUp on July 3, 2020! https://t.co/wwI5CdbSVn
— Camouflaj (@Camouflaj) May 12, 2020
In January, developer Camouflaj pushed back the game from February 28th to May 15th because it needed more time to ""deliver on our vision"" and meet high expectations. But Sony took Iron Man VR (and The Last of Us Part II) off the release calendar completely last month because the pandemic wouldn't allow the company to provide ""the launch experience our players deserve."" However, both games are now back on the schedule and should arrive within the next six weeks. Fingers crossed they won't be moved yet again."
10,"{'id': 'engadget', 'name': 'Engadget'}",Mariella Moon,'Chernobyl' director will helm HBO's 'The Last of Us' pilot,"HBO’s The Last of Us TV series will reunite Chernobyl’s creator with its director, according to Variety. Johan Renck, who directed the five episodes of Chernobyl, has signed on to direct the show’s pilot and to serve as an executive producer. Chernobyl creato…",https://www.engadget.com/chernobyl-director-will-help-the-last-of-us-pilot-060109629.html,https://o.aolcdn.com/images/dims?resize=1200%2C630&crop=1200%2C630%2C0%2C0&quality=95&image_uri=https%3A%2F%2Fs.yimg.com%2Fos%2Fcreatr-uploaded-images%2F2020-06%2F74ae3860-aa03-11ea-adcf-01d6f911cbed&client=amp-blogside-v2&signature=bae14e834a8d9a712f5722c82d79af557588704f,2020-06-09T06:01:09Z,"HBO’s The Last of Us TV series will reunite Chernobyl’s creator with its director, according to Variety. Johan Renck, who directed the five episodes of Chernobyl, has signed on to direct the show’s pilot and to serve as an executive producer. Chernobyl creator Craig Mazin has been attached to the project from the start and will co-write and executive produce the series alongside the game’s writer and executive director, Neil Druckman.
The show will follow the events of the first game, which revolves around a smuggler named Joel who has to escort teenage girl Ellie across a zombie-ridden post-apocalyptic United States. Since both Druckman and Naughty Dog president Evan Wells will be involved in the adaptation, it will hopefully be faithful to The Last of Us fans know and love. The series doesn’t have a release date yet, and production could still be pushed back due to COVID—19, but it’s expected to be the first of many shows that Sony will develop with PlayStation Productions."
11,"{'id': 'engadget', 'name': 'Engadget'}",Kris Holt,'PUBG' is the latest free Stadia Pro game,"Google announced a bunch more titles for Stadia in its latest Connect, including PlayerUnknown's Battlegrounds, which is available today. Stadia Pro members can snag the Pioneer Edition for free. It includes the Survivor Pass: Cold Front (which opens up extra…",https://www.engadget.com/pubg-google-stadia-star-wars-jedi-fallen-order-fifa-madden-160050379.html,https://o.aolcdn.com/images/dims?resize=1200%2C630&crop=1200%2C630%2C0%2C0&quality=80&image_uri=https%3A%2F%2Fs.yimg.com%2Fos%2Fcreatr-uploaded-images%2F2020-04%2F9adc3120-8967-11ea-99e7-5f2575e8e8af&client=amp-blogside-v2&signature=65002c3a3d4fa1a37bdc29cff8b39077fafeff64,2020-04-28T16:00:50Z,"Stadia Pro members can also claim Zombie Army 4: Dead War, SteamWorld Heist and The Turing Test as of Friday. On the other hand, you only have a couple more days to claim the nightmare-inducing rhythm game Thumperfor free before it leaves the Stadia Pro lineup at the end of the month.
Meanwhile, Google has teamed up with EA to bring some of the publisher's biggest games to Stadia later this year. Star Wars Jedi: Fallen Order will hit the service in the fall, and Stadia will add Madden NFL and FIFA in the winter. Elsewhere, RPG Octopath Traveleris available on Stadia as of today, and tower defense arcade title Rock of Ages 3 will hit the store in June. 
On top of those, a number of timed exclusives are coming to Stadia, including Get Packed, which is out today. You can team up with friends to help residents of a town move their belongings across a number of game modes. It’s somewhat similar to Moving Out, which arrived on PC and consoles today.
Also on the way this summer is Crayta, which will be a Stadia Pro freebie. You'll be able to create and share your own multiplayer games, seemingly in the vein of Dreams or Roblox. Other timed exclusives Stadia revealed are arcade-style skateboarding (or “skateboating”) title Wave Break and fire-fighting title Embr (which includes the Stream Connect split-screen feature). Bear in mind, however, that the impact of COVID-19 might affect some release dates."
12,"{'id': 'the-verge', 'name': 'The Verge'}",Chris Welch,Microsoft Stores remain closed as Apple and Best Buy continue reopening,"As other retailers continue welcoming consumers back into their stores, Microsoft is still keeping all of its Microsoft Store locations completely closed until further notice.",https://www.theverge.com/2020/6/16/21293384/microsoft-store-closed-june-2020-update,https://cdn.vox-cdn.com/thumbor/cJvZIzSZNzsWfbV-XBPk8ztKndI=/0x251:3500x2083/fit-in/1200x630/cdn.vox-cdn.com/uploads/chorus_asset/file/20037989/1207526969.jpg.jpg,2020-06-16T20:26:58Z,"Our approach for re-opening Microsoft Store locations is measured and cautious
Photo by Alberto Pezzali/NurPhoto via Getty Images
Microsoft is being a little warier than other companies when it comes to welcoming consumers back to its retail stores. Just today, Apple announced it will offer curbside pickup or appointment-based service at over 70 more stores in the United States this week, including the Fifth Ave cube and other New York City locations. 9to5Mac has the full list. Best Buy has also continued bringing more stores back online as cities relax the guidelines put in place to curb the spread of COVID-19. 
But Microsoft is still taking a wait-and-see approach, according to a statement provided to The Verge by email. Its stores remain closed until further notice. Our approach for re-opening Microsoft Store locations is measured and cautious, guided by monitoring global data, listening to public health and safety experts, and tracking local government restrictions, a spokesperson said. We are prioritizing the health and safety of our employees and customers and have no new updates on store re-openings to share at this time. 
After closing the doors at its physical locations, Microsoft continued selling devices online and shifted the focus of retail employees to remote assistance for enterprise, small business, and education customers. And it has continued to offer virtual workshops for customers. 
Some of the companys latest products, like the Surface Headphones 2, Surface Go 2, and Surface Book 3, have been in high demand at authorized resellers. Microsoft Store locations have been closed since before the launch of this batch of products in May. 
Microsoft operates over 100 retail stores; the vast majority are in the United States, with a handful of stores in Canada and others in Australia, Puerto Rico, and the UK. The companys retail chain isnt quite as vital to its business as Apples, but Microsoft Store locations still serve as an important showcase for all things Surface, Xbox, and Windows. 
With COVID-19 still a very real threat to public health, retailers have implemented various safety measures as they reopen to help protect customers. These include social distancing, shortened operating hours, and requiring the use of face coverings for anyone who visits a store."
13,"{'id': 'engadget', 'name': 'Engadget'}",Engadget,The Morning After: Alexa's new 'Drop In' intercom system,"For what is probably the lightest news you’ll read today, Amazon’s new feature for Alexa turns any connected devices into walkie-talkies. While they could already easily send messages from one device to another, now you can ask Alexa to “Drop In Everywhere” a…",https://www.engadget.com/the-morning-after-template-112016230.html,https://o.aolcdn.com/images/dims?resize=1200%2C630&crop=1200%2C630%2C0%2C0&quality=95&image_uri=https%3A%2F%2Fs.yimg.com%2Fos%2Fcreatr-uploaded-images%2F2020-06%2F10fd2e20-a4c2-11ea-9f7d-d9db14a61098&client=amp-blogside-v2&signature=942113f8442ba6265e32ae6de2f06831edeab388,2020-06-02T11:20:16Z,"For what is probably the lightest news you’ll read today, Amazon’s new feature for Alexa turns any connected devices into walkie-talkies. While they could already easily send messages from one device to another, now you can ask Alexa to “Drop In Everywhere” and get a live line to all the devices in your house, useful for finding out who wants what on their pizza or getting someone to check for a package at the front door. Just… don’t activate it by accident?
-- Richard
Researchers say Oura rings can predict COVID-19 symptoms three days early
With over 90 percent accuracy.
Researchers have combined biometrics from Oura rings with AI prediction models to detect COVID-19 symptoms up to three days early with, they claim, over 90 percent accuracy. It sounds pretty incredible, but the science isn’t just about wearing a bit of tech on your finger. The project asks participants to track stress, anxiety, memory and other psychological and cognitive biometrics in an app. The Oura ring collects physiological data, like body temperature, heart-rate variability, resting heart rate, respiratory rate and sleep patterns. It combines all of this with prediction models to suggest those that may have the virus, with high levels of accuracy.
The platform is currently being tested by more than 600 healthcare professionals and first responders, and the Rockefeller Neuroscience Institute is working with partners like Thomas Jefferson University and Vanderbilt University to scale the test to include more than 10,000 participants.Continue reading.
Introducing Engadget's Dads and Grads Gift Guide
All the gear to make their lives easier (and maybe more fun).
We know that celebrations are hard right now -- hard to pull off and sometimes hard to enjoy -- but we don’t want to forget about our amazing fathers and our equally awesome new graduates. We want to help you do that with our eight guides full of useful and fun gifts for dads and grads. 
Our product recommendations run from practical to playful: tools to help new graduates start their “adult” lives, gadgets that can turn dads’ backyards into grilling havens and lots more. Also because we know money is tight across the board, we included gift ideas under $50 for both dads and grads, so you can celebrate your loved ones while sticking to your budget.Continue reading.
Facebook staff plan 'virtual walkout' over response to Trump posts
Employees are angry at Zuckerberg’s decision.
Facebook employees are so upset with Mark Zuckerberg’s decision to take no action on Donald Trump’s posts on the social network that they are participating in a “virtual walkout” in a show of protest against the company. 
Facebook workers, most of whom are still working from home, are taking the day off and leaving messages that they are “out of the office in a show of protest,” according to a report from The New York Times.
It comes after Zuckerberg announced Friday evening that Trump’s posts, which Twitter said broke its rules regarding “glorification of violence,” didn’t violate Facebook’s standards. Axios later reported that Zuckerberg had spoken to Trump on the phone before announcing the decision. Zuckerberg announced Sunday night that Facebook would make a $10 million donation to “groups working on racial justice.”Continue reading.
Sponsored Content by Stack Commerce"
14,"{'id': 'the-verge', 'name': 'The Verge'}",Casey Newton,An Amazon VP’s resignation has cast a spotlight on the company’s working conditions,"Tim Bray’s blog post suggests a worsening morale problem, and at a very bad time. Amazon’s fulfillment center workers May Day strike shows why",https://www.theverge.com/interface/2020/5/5/21246381/tim-bray-amazon-blog-post-resignation-working-conditions-strike-earnings-morale,https://cdn.vox-cdn.com/thumbor/lELWBatzcWR2gu__MFPTwk7puOg=/0x146:2040x1214/fit-in/1200x630/cdn.vox-cdn.com/uploads/chorus_asset/file/13443481/acastro_181114_1777_amazon_hq2_0006.jpg,2020-05-05T10:00:00Z,"Illustration by Alex Castro / The Verge

 In the latest instance of unrest at the company, several thousand Amazon workers walked off the job Friday. The occasion was International Workers’ Day, also known as May Day, and the Amazonians joined workers at Instacart, FedEx, Target, and Walmart demanding better conditions for work that the government has deemed essential, and their own employers have frequently called heroic.
The protests to date have drawn attention to widespread outbreaks of COVID-19 in Amazon warehouses, the lack of protective equipment for warehouse personnel, and the low pay and draconian sick-leave policies that workers in fulfillment centers have endured for years. And they’ve been effective in at least two ways. One, Amazon increased pay and expanded sick leave as the pandemic spread. And two, as I noted here last month, they have created a sense of solidarity between Amazon’s fulfillment center workers and its white-collar workforce, which has increasingly been willing to speak out on their behalf.
Amazon played down the effectiveness of the walkout. “While there was tremendous media coverage of the protests we saw no measurable impact on operations,” the company told me. “Health and safety is our top priority and we expect to spend more than $800 million in the first half of the year on COVID-19 safety measures.”
But on Monday, we saw one of the most striking acts of solidarity between Amazon workers to date. Tim Bray, a well known technologist who served as a vice president at Amazon Web Services and held the title of distinguished engineer, quit the company in protest of the treatment of his coworkers. In a scathing blog post, Bray accused Amazon of repeatedly firing warehouse workers on flimsy pretexts after they complained about working conditions in public. (Amazon denies retaliating against the employees.) Bray writes:

Amazon is exceptionally well-managed and has demonstrated great skill at spotting opportunities and building repeatable processes for exploiting them. It has a corresponding lack of vision about the human costs of the relentless growth and accumulation of wealth and power. If we don’t like certain things Amazon is doing, we need to put legal guardrails in place to stop those things. We don’t need to invent anything new; a combination of antitrust and living-wage and worker-empowerment legislation, rigorously enforced, offers a clear path forward. [...]

Firing whistleblowers isn’t just a side-effect of macroeconomic forces, nor is it intrinsic to the function of free markets. It’s evidence of a vein of toxicity running through the company culture. I choose neither to serve nor drink that poison.


Bray’s cannonball of a blog post landed just days after Amazon, historically clumsy at public relations, had begun to show signs that it was reading the room. With more scrutiny developing around both its working conditions and its pandemic-related surge in revenue, the company took pains not to appear as if it were profiteering off the recession. Here’s Cameron Faulkner and Jacob Kastrenakes at The Verge:

Amazon expects to spend $4 billion or more — the predicted operating profit for the company’s entire coming quarter — just on COVID-19-related expenses. In a quarterly earnings release today, Amazon CEO Jeff Bezos said the expenses will come from spending on personal protective equipment (PPE), cleaning for facilities, “higher wages for hourly teams,” and expanding its own COVID-19 testing capabilities. [...]

Bezos’ note tries to make Amazon sound serious about “keeping employees safe,” telling shareholders to “take a seat” while the company ramps up this spending. “The best investment we can make is in the safety and well-being of our hundreds of thousands of employees,” Bezos writes.


This is the right thing to do, of course, even if it’s also in the company’s best interests. It’s notable to me less for the size of investment, however large, than for the way it acknowledges and responds to mounting external pressures on the company. For its first two decades, Amazon was able to evade sustained scrutiny by robotically repeating its mantra of “customer obsession.” In the COVID-19 era, the company has finally been forced to find some new words.
A series of investigative reports in the press and regulatory pressure from Congress have surely played their part in the shift. But the real pressure to change has come from Amazon’s own workers. Tech giants can’t stay ahead of their competition without a brilliant, motivated, mission-driven workforce — and brilliant, motivated, mission-driven people tend to be highly sensitive to the treatment of their coworkers. Amazon is yielding to its workers because, in this fraught moment, workers have real leverage.
Facebook learned this lesson in 2018. The Cambridge Analytica data privacy scandal, along with outrage over Russian interference on the platform during the 2016 US presidential election, ravaged internal morale. This, in turn, made it harder for Facebook to recruit — with acceptances of Facebook job offers dropping as much as 50 percent in 2019. And it led to a series of high-profile denunciations from company co-founders, early employees, and top executives. 
That’s what makes Bray’s exit so significant. It signals the arrival of a new moment in Amazon’s crisis — one of open dissent at the upper echelons of the company. Amazon famously asks employees on the losing end of an argument to “disagree and commit.” Bray suggests that at least on the subject of working conditions, high-level employees who disagree would rather clear out. 
Virus tracker
Total cases in the US: More than 1,178,200 
Total deaths in the US: At least 68,300 
Reported cases in California: 55,355
Total test results (positive and negative) in California: 715,751
Reported cases in New York: 324,357
Total test results (positive and negative) in New York: 985,911
Reported cases in New Jersey: 128,269
Total test results (positive and negative) in New Jersey: 275,066
Reported cases in Massachusetts: 68,087
Total test results (positive and negative) in Massachusetts: 314,646
Data from The New York Times. Test data from The COVID Tracking Project.
Pandemic
As the spread of COVID-19 has turned into the biggest story in the world, we’ve started to feel like it makes less sense to have a dedicated “pandemic” section. Instead we’re going to try sorting these stories as we did before — into stories that are about governance or about the industry — with an understanding that COVID-19 is the biggest force shaping those stories in the moment. We welcome any feedback you have on this change.
Governing
⭐ Apple and Google shared sample interface designs of what their automatic exposure notification system could look like. The designs are intended for developers, and show how specific alerts would appear and when particular API calls should be made. Russell Brandom at The Verge has the story:

The companies also laid out six specific principles that public-sector partners would be expected to uphold. Most notably, the apps can only be used for COVID-19 response efforts, will be restricted from using Location Services, and require opt-in consent before accessing the API or sharing a positive diagnosis. They also will not allow any form of targeted advertising in the resulting apps; any existing apps using targeted advertising or location services will need to turn off those systems before they access the API.

In one new twist, the companies plan to restrict access to a single app per country in an effort to avoid fragmentation. But the wording of the principle leaves the door open for countries like the US where the response has been led by states.


Here’s how contact tracing apps are developing around the world. Governments and technology companies are embracing the apps as a way to fight COVID-19. Here’s a good overview of the various attempts. (Gerrit De Vynck / Bloomberg)
The United Nations announced a new social distancing app designed to help alert people when they get too close to another person during the ongoing coronavirus pandemic. But the app is barely functional, and doesn’t perform the most basic of tasks. (Joseph Cox / Vice)
A group of Senate Republicans is planning to introduce a privacy bill that would regulate the data collected by coronavirus contact tracing apps. Unfortunately, the plan doesn’t make a lot of sense. One expert called it “a privacy ‘cure’ worse than the disease,” and said it amounted to “deregulation disguised as consumer protection.” (Kim Lyons / The Verge)
⭐ Extremists are trying to turn the coronavirus pandemic into a powerful recruiting tool in the deep corners of the internet and on the streets of state capitals. They’re using the public health crisis to bolster their white supremacist, anti-government agenda. Here’s Neil MacFarquhar at The New York Times:

What success the groups have had in finding fresh recruits is not yet clear, but new research indicates a significant jump in people consuming extremist material while under lockdown. Various violent incidents have been linked to white supremacist or anti-government perpetrators enraged over aspects of the pandemic.

The New Jersey Office of Homeland Security and Preparedness said in March that white supremacists have encouraged followers to conduct attacks during the crisis to incite fear and target ethnic minorities and immigrants. “We have noticed domestic extremist groups taking advantage of the COVID-19 pandemic by spreading disinformation,” Jared M. Maples, its director, said in a statement. The coronavirus has been dismissed as a hoax, painted as a Jewish-run conspiracy and, alternatively, described as a disease spread by nonwhite immigrants, he said.


Facebook has started to crack down on the anti-quarantine activists, taking down content that advocates violations of social-distancing guidelines. And so protesters are moving their organizing efforts to MeWe, a social media platform that says it prides itself on user privacy. (Paige Leskin / Business Insider)
Rep. Adam Schiff, (D-CA), asked the CEOs of Google, YouTube and Twitter to follow Facebook’s lead on coronavirus misinformation policies. I imagine this led to a lot of high-fiving on the Facebook policy team. (Lauren Feiner / CNBC)
Facebook’s plan to combat misinformation on the platform could be more effective if it actually tells people what misleading news they’ve interacted with. The co-author of one of the studies Facebook cited in its current strategy said retractions were more effective in correcting misinformation when they explicitly repeated the original falsehood. (Erin Brodwin / Stat)
Still: extremists and fringe medical communities are pushing coronavirus conspiracy theories on Facebook, participating in the “infodemic” the World Health Organization warned people about. (BBC)
Pandemic conspiracy theorists are using the Wayback Machine to promote “zombie content” that evades moderators and fact-checkers. (Joan Donovan / MIT Technology Review)
Why does COVID-19 overwhelm some countries and spare others? The answer may lie in demographics, culture, environment and the speed of government responses. But no one really knows. (Hannah Beech, Alissa J. Rubin, Anatoly Kurmanaev and Ruth Maclean / The New York Times)
Protests against coronavirus-related shelter-in-place restrictions continued to spread last week, organized on social media. The demonstrations have brought together a coalition of gun activists, vaccine opponents and anxious business owners. (Craig Timberg, Elizabeth Dwoskin and Moriah Balingit / The Washington Post)
The Bay Area has six criteria for loosening shelter-in-place restrictions. Here’s where each county is now. Some criteria are already being met, like new cases and hospitalizations staying flat. Others, like testing, are close. (Erin Allday / San Francisco Chronicle)
Three counties in California have announced they’re reopening nonessential businesses in defiance of Gov. Gavin Newsom’s statewide restrictions. Modoc County was the first to make the move, announcing it would reopen restaurants, bars, and churches. (Zeeshan Aleem / Vox)
After a single tweet, New York state paid a Silicon Valley engineer $69.1 million for ventilators that never materialized. The engineer, who has no apparent background in government contracting or medical devices, was apparently recommended by the White House. (Rosalind Adams and Ken Bensinger / BuzzFeed)
The coronavirus’s economic wreckage is going to make tech giants like Facebook, Google and Amazon even more dominant. But it also increases the risk of an antitrust collision with Washington. (Steven Overly and Leah Nylen / Politico)
Speaking of which: House lawmakers investigating Amazon for antitrust violations called on Jeff Bezos to testify at an upcoming hearing. The escalation between the company and members of Congress follows reports that Amazon employees used data from third-party sellers to launch its own competing products. (Tony Romm and Jay Greene / The Washington Post)
Chinese propaganda about COVID-19 is growing. To combat the spread of misinformation, experts say social media platforms should stop allowing paid political advertisements from media outlets registered under the Foreign Agents Registration Act. They should also consider banning state media accounts run by countries that block their own citizens from accessing the platforms. (Vanessa Molter, Renee DiResta and Alex Stamos / The Washington Post)
YouTube deleted conspiracy theorist David Icke’s channel from its platform. The company had repeatedly warning the popular creator that he had violated its policies by posting misleading information about the coronavirus pandemic.
Poynter Institute, a non-profit organization, launched a WhatsApp chatbot to debunk coronavirus-related hoaxes. The bot relies on information from over 100 independent fact-checkers in more than 70 countries. (Manish Singh / TechCrunch)
Joe Biden’s campaign has the daunting task of trying to make the 77-year-old candidate go viral on social media. The digital team is committed to staying away from the combative tone of President Trump, opting instead for a feel good strategy. But social media platforms tend to amplify conflict. (Alex Thompson / Politico)
Related: Candidates who lack name recognition are starting to act a lot like influencers in an effort to go viral on social media. As political campaigns continue to operate almost entirely online, the old political playbook is going out the window. (Makena Kelly / The Verge)
Nine mobile app companies are launching a new trade group to weigh in on the nation’s most controversial tech policy issues. They’re banding together to assert their independence from Apple and Google. (Naomi Nix and Ben Brody / Bloomberg)
TikTok has a new lobbyist tasked with changing its reputation in Washington. Michael Beckerman’s job is to persuade Congress that TikTok is a trustworthy social media platform that helps families bond and gives users authoritative health information.
Former Google CEO Eric Schmidt has become the prime liaison between Silicon Valley and the national security community. He sits on two government advisory boards aimed at jump starting technological innovation at the Defense Department, and is focused on revamping America’s defense forces with more engineers, more software and more AI. (Kate Conger and Cade Metz / The New York Times)
Does Elon Musk’s Twitter meltdown — which included a tweet about Tesla’s share price being too high — constitute securities fraud? Elizabeth Lopatto investigates. (But probably not.) (Elizabeth Lopatto / The Verge)
Industry
Facebook has started to reopen some of its content moderation centers and allow contractors to return to work if they want to. Employees will have their temperatures checked at the beginning of their shift and buildings will be deep-cleaned at the end of shifts. (BBC)
Facebook might lose its accreditation from the Media Rating Council, which gives companies confidence they are getting what they pay for when it comes to advertising on the platform. The council said Facebook failed to address advertiser concerns related to how it measures and reports data about video ads, among other things. (Jeff Horwitz and Suzanne Vranica / The Wall Street Journal)
Amazon told thousands of employees in Seattle and Bellevue that they can continue to work from home until at least October. The guidance applies to “employees who work in a role that can effectively be done from home.” (Benjamin Romano / The Seattle Times)
Twitter usage spiked to 166 million daily users in the first quarter of 2020, the largest growth the company has ever reported year-over-year. The increase in traffic still wasn’t enough to offset the sudden advertising decline caused by the pandemic. (Jacob Kastrenakes / The Verge)
Zoom doesn’t actually have 300 million daily active users as it previously claimed. The company admitted the mistake and edited references to say it actually has “300 million daily Zoom meeting participants” — a significant difference. (Tom Warren / The Verge)
Google Cloud engineers discussed acquiring Zoom in 2018. They went so far as to evaluate what would be a reasonable price to pay and calculated the unit economics for the service if it ran on Google’s servers. (Kevin McLaughlin / The Information)
Here’s how to look your best on Zoom, according to three male beauty influencers. (Joseph Longo / Mel)
Parents are hiring Zoom babysitters to hang out with their kids virtually. (Heather Kelly / The Washington Post)
The algorithms big companies use to manage their supply chains don’t work during pandemics. Normally, the system can reliably analyze things like inventory levels, historical purchasing trends, and discounts to recommend how much of a product to order. (Nicole Wetsman / The Verge)
Salesforce created a set of new tools, called Work.com, to help businesses and public agencies reopen workplaces safely. The new apps, available in June, include tools for tracking employee health, managing shifts so office spaces don’t get too dense, and keep tabs on local regulations. (Paayal Zaveri / Business Insider)
A day after Reddit announced it was introducing built-in subreddit chat rooms, the company rolled back the feature due to a site-wide bug. The platform’s vice president of product and community said Reddit had “made several errors” in the process of releasing the feature. (Monica Chin / The Verge)
TikTok is toying with the idea of producing a reality TV show. The move would be part of a push to broaden the app’s appeal and showcase different ways of using its videos. (Lucas Shaw / Bloomberg)
Netflix’s chief content officer, Ted Sarandos, wrote an op-ed in the Los Angeles Times about how film production can “safely resume in a COVID-19 world.” It varies heavily by locale, but the key seems to be available testing for cast and crew members. 
Felix Kjellberg, the YouTuber better known as PewDiePie, signed an exclusive live-streaming deal with YouTube. The move comes almost exactly one year after Kjellberg announced that he was streaming exclusively on DLive, a small blockchain-based live-streaming site. (Bijan Stephen / The Verge)
YouTubers tricked Carole Baskin into giving her first major interview since Tiger King by pretending to be Jimmy Fallon. They pulled off the prank with a Zoom call, some sound bites from old clips, and one of the creators pretending to be a producer. (Lindsay Dodgson / Business Insider)
Things to do
Stuff to occupy you online during the quarantine.
Watch Juilliard students perform Ravel’s Bolero from their homes. It’s so good!
Create a meme on Imgflip, a website that automatically generates captions for memes using a neural network.
Zoom in style in a sci-fi ship decimating coronavirus particles.
If Zoom isn’t cutting it for you, try exploring a virtual world. 
Listen to an audiobook for free on your Sonos speakers thanks to a new integration with OverDrive’s Libby app.
And finally...


I feel like I'm trapped in a horror movie full of idiots who think the monster is dead
— Saladin Ahmed (@saladinahmed) May 2, 2020







America getting ready to reopen pic.twitter.com/b6mM0M5cxH
— Keith Edwards (@keithedwards) April 30, 2020







holy shit pic.twitter.com/rVw24plXTp
— Adam Parkhomenko (@AdamParkhomenko) May 1, 2020







when i was there... i was family pic.twitter.com/sUAblY8lA2
— Kristen Arnett (@Kristen_Arnett) April 14, 2020





Talk to us
Send us tips, comments, questions, and job leads for Tim Bray (just kidding): casey@theverge.com and zoe@theverge.com."
15,"{'id': 'mashable', 'name': 'Mashable'}",Mark Kaufman,Martin Shkreli tried and failed to get out of prison early for coronavirus research,"A federal judge denied Martin Shkreli's request to be released from prison to do coronavirus research, the Associated Press reported Sunday.
Shkreli, popularly dubbed ""pharma bro"" and imprisoned for seven years for fraud, asked if he could do some laboratory …",https://mashable.com/article/martin-shkreli-coronavirus-prison/,https://mondrian.mashable.com/2020%252F05%252F17%252Ff3%252F2bcd3061517e4cb9a61a5a5c83cc47e9.5312e.jpg%252F1200x630.jpg?signature=z1x-V04RIJWGgS2PbpnIccSQv5s=,2020-05-17T22:15:57Z,"A federal judge denied Martin Shkreli's request to be released from prison to do coronavirus research, the Associated Press reported Sunday.
Shkreli, popularly dubbed ""pharma bro"" and imprisoned for seven years for fraud, asked if he could do some laboratory work in New York City at his fiancés apartment. 
U.S. District Judge Kiyo Matsumoto was unconvinced. ""The court does not find that releasing Mr. Shkreli will protect the public, even though Mr. Shkreli seeks to leverage his experience with pharmaceuticals to help develop a cure for COVID-19 that he would purportedly provide at no cost,"" Matsumoto wrote in the decision.
SEE ALSO: What coronavirus outbreaks have in common
Even Shkreli's lawyer wasn't surprised the stunt failed. ""Disappointed but not unexpected,""  Benjamin Brafman, told the AP.
Shkreli's probation officers called the attempt at prison release an example of his ""delusional self-aggrandizing behavior.""
Shkreli first rose to infamy in 2015 by jacking up the price of a parasite-fighting drug from $13.50 to $750 per pill, to the dismay of infectious disease experts.
Prestigious medical laboratories are currently researching treatments for the respiratory disease, COVID-19, caused by the new coronavirus. There are no proven drugs for the disease and a vaccine is at best
a year to 18 months
 away. 
The CDC expects tens of thousands of more deaths in the U.S. this summer, alone."
16,"{'id': 'mashable', 'name': 'Mashable'}",PCMag,Google's Wing drones deliver library books to Virginia students,"Many U.S. states are lifting some or most of their COVID-19 lockdown restrictions, allowing folks to retain at least some semblance of pre-pandemic life. But not everyone is ready or able to venture outside again. And for those people, Google has a lofty solu…",https://mashable.com/article/google-wing-drone-library-book-delivery/,https://mondrian.mashable.com/2020%252F06%252F16%252Fb9%252Fa0c6e609d95d4952bacf5fc33063e814.daa2d.jpg%252F1200x630.jpg?signature=1aoba5l7cFkxcn661oKRVlBb6l0=,2020-06-16T17:29:30Z,"Many U.S. states are lifting some or most of their COVID-19 lockdown restrictions, allowing folks to retain at least some semblance of pre-pandemic life. But not everyone is ready or able to venture outside again. And for those people, Google has a lofty solution.
Public schools in Montgomery County, Va., last week became the first in the world to offer a library book drone delivery service. The ideaallowing kids to access titles even when the library was closed due to novel coronaviruscame from Kelly Passek, a Blacksburg Middle School librarian and one of the original Wing drone delivery customers.
""Access to school library resources is essential for the success of our students,"" Passek said in a statement published on the Wing blog. ""The MCPS-Wing partnership allows us the most unique way to continue to provide that access so that our students are able to stay engaged with independent reading and continue on their path of success even during this time of social distancing.""
During the limited trial run, eligible Montgomery County Public School students can request any book from a catalog of more than 150,000 titles, then have it delivered by drone to their yardfor free.
Wing Aviation, a subsidiary of Google parent company Alphabet, last year became the first drone delivery company to receive an air carrier certification from the Federal Aviation Administration. In October, it began transporting FedEx and Walgreens packages to consumers in Christiansburg, Va.
""My mom, also an elementary school librarian, always taught me to appreciate the library and reading at a young age,"" Wing's Virginia site lead Keith Heyde said. ""Our system is designed to deliver small packages directly to homes through the air. We've always believed that the communities we serve would tell us what they need us to put in those packages, and this is a great example of that.""
This article originally published at PCMag
here"
17,"{'id': 'mashable', 'name': 'Mashable'}",Chloe Bryan,This cellist is spending quarantine recording delightful retro multitracks,"Samara Ginsberg's career as a session musician went on pause in March thanks to covid-19. Now, the London-based cellist is spending quarantine arranging elaborate covers of pop culture classics for her YouTube channel — including, most recently, the Knight Ri…",https://mashable.com/article/knight-rider-cello-samara-ginsberg/,https://mondrian.mashable.com/2020%252F05%252F24%252F1a%252Fa25acb52ec3d476db1c446eb04aad867.d0431.png%252F1200x630.png?signature=X38s2wItEBDaplsxOfgFEQPJiFQ=,2020-05-24T19:59:24Z,"Samara Ginsberg's career as a session musician went on pause in March thanks to covid-19. Now, the London-based cellist is spending quarantine arranging elaborate covers of pop culture classics for her YouTube channel including, most recently, the Knight Rider theme.
For those not immersed in the world of cult NBC dramas from the 1980s, Knight Rider stars David Hasselhoff as Michael Knight, a man who fights crime with the help of his nearly indestructible and sort-of sentient car, KITT. The show also boasts an ultra-catchy theme song, which Ginsberg's arrangement gives an extra layer of drama and camp. 
Ginsberg had toyed with the idea of multitracking on cello for a while, but quarantine provided an opportunity to finally pull the trigger. 
""Cello is the perfect instrument for multitracking because of its massive range over 4 octaves in pitch and a huge variety of different timbres and articulations,"" she explained via email. ""I'd had the idea ... in the back of my mind literally for years, but never found the time to do it until now.""
Knight Rider is Ginsberg's third foray into cello multitracking in recent weeks. Her first was a cover of the Inspector Gadget theme, which she recorded in one take using the app Acapella. (You've probably seen quite a few Acapella videos before.) 
SEE ALSO: The power of games and play during times of crisis
She also used Acapella for her ""Imperial March"" video, which she recorded while wearing a Darth Vader mask. The mask impaired her sight, though, which made getting complete takes difficult. So she decided to change her approach. For the Knight Rider video, Ginsberg first created the arrangement by ear in about an hour, she says then recorded audio in Logic Pro and video on her phone. Next, she ""stitched everything together"" using Final Cut Pro.
""This sounds simple, but until this week I had never done any video editing of any kind and it took ages!"" she said. ""I expect the next one will go a lot more smoothly.""
Ginsberg'swork has gotten quite a bit of praise on the r/videos subreddit, particularly from Knight Rider fans, of which there seem to be a startling but not altogether surprising number. ""This so super cool and Id legit listen to an entire album of '80s TV theme music,"" wrote one commenter. 
As for what hot tracks we can expect from the cellist next, she says she gets lots of requests but doesn't want to make any promises. She does plan, however, to give the people what they want: nostalgia. 
""For the time being I'm going to concentrate on retro TV, cartoon, movie and video game themes as they're fun and people really seem to enjoy them,"" she said. ""I think at such a difficult, stressful time, people are really responding to content that takes them back to their childhoods.""
Despite her videos' fun, effortless ethos, Ginsberg underscored that because she's self-quarantining, she's had to learn a lot of new skills to make her projects work. 
SEE ALSO: How the pandemic will change our relationship to time forever
""In my everyday pre-quarantine life as a session musician I don't really do anything except turn up to the studio, play the sheet music that's put in front of me, and leave the technical side to other people,"" she said. ""The only way I can work for the foreseeable future, whether on my own projects or on remote recording for external clients, is by doing everything myself.""
""It's been an incredibly steep learning curve and has confirmed something I've always suspected,"" she added. ""Producers, studio engineers and sound technicians don't get nearly enough credit for what they do."""
18,"{'id': 'mashable', 'name': 'Mashable'}",Adam Rosenberg,'The King's Man' trailer takes us back to the origins of the Kingsman series,"The two previous Kingsman movies brimmed with a strong sense of style, and by all appearances this upcoming origin story is no different.
The King's Man turns back the clock to focus on a time before the eponymous intelligence agency first formed. But with wh…",https://mashable.com/video/kings-man-trailer-june-2020/,https://mondrian.mashable.com/2020%252F06%252F21%252F61%252Fb057bcd9324b475b942a279478187d4b.0fa6a.png%252F1200x630.png?signature=-DCdg_wjLeV-L7SxgOETfYC0Qk4=,2020-06-21T17:29:11Z,"The two previous Kingsman movies brimmed with a strong sense of style, and by all appearances this upcoming origin story is no different.
The King's Man turns back the clock to focus on a time before the eponymous intelligence agency first formed. But with what amounts to a super-group of the period's most evil and corrupt figures planning something terrible for the world, drastic action is required.
I don't know where this story is going beyond that, but it continues to look ridiculously cool. The King's Man ostensibly hits theaters on Sept. 18, unless COVID-19 gets in the way."
19,"{'id': 'mashable', 'name': 'Mashable'}",Tim Marcin,The online lesson plan marketplace boomed when the pandemic hit,"The coronavirus pandemic has upended life as we know it, mandating we sequester ourselves to slow the spread of a potentially deadly illness that has killed hundreds of thousands of people globally. 
That reality presents a whole host of complications to ever…",https://mashable.com/article/covid-lesson-plan-marketplace-boom/,https://mondrian.mashable.com/2020%252F06%252F25%252Fca%252F0c03d0fd99614d108bdebd87250aeee9.dab46.png%252F1200x630.png?signature=rcHspmd4R85sITKxjCza-80uo8s=,2020-06-25T19:41:16Z,"The coronavirus pandemic has upended life as we know it, mandating we sequester ourselves to slow the spread of a potentially deadly illness that has killed hundreds of thousands of people globally. 
That reality presents a whole host of complications to everyday life. One major issue: How do we educate our kids?
The initial spike in COVID-19 cases this spring forced nearly all classes to move online. Parents had to pivot overnight to being educators for their kids. Teachers had to make dramatic shifts in how they do things. That reality left folks across the country scrambling for resources.
A surge of new customers soon flooded the online lesson plan market. A lesson plan marketis exactly what it sounds like: think Etsy or Amazon but for school resources. Teachers Pay Teachers
 (TPT) is the most popular such site a place where teacher-sellers can offer their lesson plans and resources and it's had a massive uptick in business since the pandemic hit. 
In data provided to Mashable, TPT reported it saw a 20 percent increase in weekly spending per buyer, year over year. Searches for distance learning shot up 1,400 percent at its peak in mid-to-late March. 
""Teachers in the last couple of months have been dealing with more issues than they normally do,"" Joe Holland, TPTs CEO, said in a phone interview. Teaching kids in a distance learning environment is incredibly challenging."" 
""Teaching kids in a distance learning environment is incredibly challenging."" 
But lesson plans and resources that work in a traditional classroom don't always cut it in a virtual learning environment. 
""I have seen firsthand a number of teachers who said, 'You know what, this is my original thing that I created for this class I see that a certain number of kids just aren't getting it and I'm not there [to help]. How do I use technology and more resources to differentiate and meet [kids'] specific needs?'"" Holland said. 
The lesson plan marketplace can be lucrative the market is worth tens of millions
. According to TPT, it had more than 6.5 million unique users in the last year and more than 150,000 sellers. It can also make teacher-authors serious cash. As Mashable wrote in 2012
, one kindergarten teacher earned $700,000 in just on year selling plans. 
Megan Polk, a seller on TPT who has taught for 14 years, said what started as a side-hustle five years ago has now turned into a business that far surpasses her teacher salary. In an interview, Polk, who works as a reading interventionist at a school in Houston, described the rush for teachers (and sellers) to quickly shift to digital resources when the pandemic hit and schools went remote.
""I quickly tried to think about some of my best sellers or favorites, making them digital, [and] offering those as like free updates,"" Polk said. ""It kind of took me out of the way of like 'Im out here to make a dollar'  because we knew how much teachers were struggling.""
Polk's TPT store.
Image: TPT / Megan Polk
Polk isnt the only seller to quickly shift gears and move towards resources intended use on a device. Typically, you might see printable worksheets, classroom decorations, or physical materials (like pre-made posters) to help engage students. Many of those items are not much good when no one is physically together. 
So when the pandemic hit, TPT created a tool that would allow teacher-authors to convert printable resources into digital PDFs. According to the company, around 30 to 35 percent of newly created resources have been digital during the pandemic. Before COVID-19, that figure was just 10 percent. 
But Polk also said she had to think about creating resources for teachers with students who might not have access to lots of technology.
""So my real shift went to thinking about, OK, this is how you can use the printable resources you have,"" Polk said. She took videos and photos of herself that would basically walk teachers through how she would do a lesson.
Thats a real struggle teachers have faced during this time: How do you get students to learn while youre not in the same room.
""It's going to be a continual challenge for these teachers, it's going to be a job continually harder than it even always has been,"" said Holland, TPT CEO. ""And we expect that we're going to continue to adapt with teachers to figure out now to meet their needs."" 
""No one knows exactly when and how this pandemic will end, but we do know that creative, dedicated educators are adapting quickly to reach and teach students and support families through this crisis."" - Michelle Cummings, VP of Content at TpT https://t.co/XcXxhD0rKapic.twitter.com/lyftwkbmRn
 Teachers Pay Teachers (@TpT_Official) May 30, 2020
Dr. Vicki Jacobs, a lecturer at the Harvard Graduate School of Education
, described the challenge of engaging students while making sure their socio-emotional needs are being met during a crisis. And while some in education have been squeamish about lesson plan marketplaces what if teachers are using it to shirk their responsibilities Dr. Jacobs said the real issue is making sure educators use every resource with a well-defined end-goal in mind. 
""Buying lesson plans and curriculum, to me the challenge is to figure out whether or not they serve your purposes. The purposes have got to come first,"" Dr. Jacobs said in a phone interview.   
In essence, teachers need to have a plan for the lesson plans beyond having a resource from a website that looks neat. 
""We just need to make sure that kids are safe and cared for, and don't lose those school connections.""
""A good, and usually seasoned, teacher has the intuition to say, I want my students to get to Point A. I want them to learn and I want to use this kind of learning,"" Dr. Jacobs said. ""So then I can go and take a look at what I might borrow in terms of activities or whatever in these plans that will support my intentionality.""
But these days you know, with there being no actual classrooms teachers arent the only instructors. Parents and guardians have had to step-in and act as de-facto teaching assistants. They've also had to figure out how to help educate their kids while also, in many cases, working full time, putting food on the table, and juggling the many other stresses of a pandemic. Its a lot. 
Laura Collins, principal of the elementary program at the Stanley G. Falk School in Buffalo, New York, has said handout and physical materials pulled from TPT  have proven really useful for parents. Collins school is a relatively small, special education school, which means theyve actually been able to drive around and pass out physical worksheets to students families. 
""I think that's been a huge thing that parents have been the most grateful for,"" Collins said in an interview. ""Because oftentimes, if you have one child or two children from the feedback I've gotten parents are quite overwhelmed with the online learning. So to maybe be able to work with one child on the computer, while the other child's doing some kind of experiment, or something that they can work on more independently, has been really helpful to parents.
That's likely one of the many reasons that some parents are taking things into their own hands and buying these teaching materials themselves. According to TPT data, the number of parents joining the platform doubled at its peak in mid-to-late March. That makes sense. If you're suddenly running a homeschool out of your kitchen, then you're likely going to want materials from educators who have years of experience. 
TPT, or any single resource, isnt solving the massive challenges presented by the coronavirus crisis. But its become an important instrument in a toolbox for parents and educators who are doing their best to approximate a normal learning environment.
""We just need to make sure that kids are safe and cared for, and don't lose those school connections,"" Collins said."
