,source,author,title,description,url,urlToImage,publishedAt,content
0,"{'id': 'reuters', 'name': 'Reuters'}",Reuters Editorial,Texas temporarily halts phased reopening as COVID-19 infections surge - Reuters,Texas Governor Greg Abbott said on Thursday that he was temporarily halting the state's phased economic reopening in response to a jump in recent COVID-19 infections and hospitalizations.,https://www.reuters.com/article/health-coronavirus-usa-texas-idUSL1N2E21BM,https://s4.reutersmedia.net/resources_v2/images/rcom-default.png,2020-06-25T17:19:04Z,"June 25 (Reuters) - Texas Governor Greg Abbott said on Thursday that he was temporarily halting the state’s phased economic reopening in response to a jump in recent COVID-19 infections and hospitalizations. 
“This temporary pause will help our state corral the spread until we can safely enter the next phase of opening our state for business,” Abbott said in a statement. (Reporting by Peter Szekely in New York Editing by Chizu Nomiyama)"
1,"{'id': 'reuters', 'name': 'Reuters'}",Reuters Editorial,Colombia's first COVID-19 death occurred earlier than previously thought: government - Reuters,"Colombia's first confirmed death from COVID-19 occurred in late February, more than a week before the Andean country originally reported its first case of the coronavirus, the government's statistics agency said Thursday.",https://www.reuters.com/article/us-health-coronavirus-colombia-idUSKBN23W399,https://s4.reutersmedia.net/resources/r/?m=02&d=20200625&t=2&i=1523654396&w=1200&r=LYNXMPEG5O2CV,2020-06-25T20:14:00Z,"BOGOTA (Reuters) - Colombia’s first confirmed death from COVID-19 occurred in late February, more than a week before the Andean country originally reported its first case of the coronavirus, the government’s statistics agency said Thursday. 
The country had reported its first case on March 6 and what was thought to be its first death - that of a 58-year-old taxi driver in the Caribbean city of Cartagena - on March 21. 
But death figures published by the statistics agency show the first suspected death from COVID-19 occurred on Feb. 15, while the first confirmed death took place Feb. 26. 
The country registered 30 confirmed deaths from COVID-19, the disease caused by the novel coronavirus, and 94 suspected ones in the first quarter, the DANE agency added. 
Some 40% of COVID-19 deaths in the quarter occurred in capital city Bogota, while provinces Valle del Cauca and Bolivar accounted for 23% and 10% respectively. 
Antioquia province, home to second city Medellin, accounted for 59% of suspected COVID-19 deaths, DANE said. 
Many early cases of the disease - including the case originally reported as the country’s first - were imported by Colombians or foreigners arriving from Europe or the United States. 
Colombia has now reported more than 77,100 confirmed cases of coronavirus and 2,491 deaths. 
Colombia’s economy has been battered by a slump in oil prices and measures implemented by President Ivan Duque to control the spread of the virus. The government expects the economy to contract by 5.5% this year. 
Duque declared an ongoing quarantine in late March. While certain restrictions have started lifting, the period of obligatory isolation was extended this week until July 15. 
Reporting by Oliver Griffin; Editing by Andrea Ricci"
2,"{'id': 'reuters', 'name': 'Reuters'}",Reuters Editorial,"Canada's pandemic spending necessary, Trudeau says in response to Fitch rating cut - Reuters","Canada's emergency spending to help the country bridge the downturn caused by the COVID-19 pandemic was needed to lay the groundwork for a recovery, Prime Minister Justin Trudeau said on Thursday in response to Fitch's downgrade of its rating.",https://www.reuters.com/article/us-health-coronavirus-canada-idUSKBN23W2FW,https://s3.reutersmedia.net/resources/r/?m=02&d=20200625&t=2&i=1523616881&w=1200&r=LYNXMPEG5O1UM,2020-06-25T15:04:00Z,"OTTAWA (Reuters) - Canada’s emergency spending to help the country bridge the downturn caused by the COVID-19 pandemic was needed to lay the groundwork for a recovery, Prime Minister Justin Trudeau said on Thursday in response to Fitch’s downgrade of its rating. 
Fitch cut Canada’s rating to “AA+” from “AAA” on Wednesday, making it the first time since August 2004 that the ratings agency did not give Canada top marks. 
Reporting by Steve Scherer"
3,"{'id': 'reuters', 'name': 'Reuters'}",Reuters Editorial,"Coronavirus kills 93 U.S. meatpacking workers, union says - Reuters UK",The largest U.S. meatpacking union said on Thursday that 93 meatpacking and food-processing workers have died from COVID-19 and employees continue to face risks from the new coronavirus.,https://uk.reuters.com/article/us-health-coronavirus-usa-meatpacking-idUKKBN23W2LA,https://s2.reutersmedia.net/resources/r/?m=02&d=20200625&t=2&i=1523626994&w=1200&r=LYNXMPEG5O1XD,2020-06-25T15:49:00Z,"CHICAGO (Reuters) - The largest U.S. meatpacking union said on Thursday that 93 meatpacking and food-processing workers have died from COVID-19 and employees continue to face risks from the new coronavirus. 
The United Food and Commercial Workers International Union told reporters on a conference call that over 196 of all its members, who also include grocery store workers, have died. 
Reporting by Tom Polansek, Editing by Franklin Paul"
4,"{'id': 'reuters', 'name': 'Reuters'}",Pratima Desai,Shrinking aerospace demand to keep pressure on cobalt prices - Reuters,Cobalt prices are at 10-month lows due to sagging demand from the electric vehicle and aerospace sectors amid the COVID-19 pandemic and look likely to slide further as airlines defer maintenance.,https://www.reuters.com/article/us-health-coronavirus-cobalt-graphic-idUSKBN23X15G,https://s3.reutersmedia.net/resources/r/?m=02&d=20200626&t=2&i=1523714012&w=1200&r=LYNXMPEG5P0P6,2020-06-26T08:48:00Z,"LONDON (Reuters) - Cobalt prices are at 10-month lows due to sagging demand from the electric vehicle and aerospace sectors amid the COVID-19 pandemic and look likely to slide further as airlines defer maintenance. 
Airlines such as Australia’s Qantas (QAN.AX), Qatar Airways and Singapore Airlines are looking to defer plane deliveries from Airbus (AIR.PA) and Boeing (BA.N) and this means postponed demand for cobalt and nickel alloys used in jet turbine blades. 
Graphic: Cobalt demand from aerospace, here
But this is only part of the story. 
“The harsh high temperature and pressure environments of the jet engine necessitates regular replacement of turbine blades,” said CRU analyst George Heppel. “But planes are grounded, turbine blades aren’t being used and don’t need replacing.” 
Heppel expects cobalt demand for aerospace rotating parts to total 4,442 tonnes this year, a drop of 18% from 2019 and the lowest since 2011. Overall, he forecasts a 6,300 tonne surplus this year and global consumption at 131,800 tonnes. 
Graphic: Cobalt market balance, here
Prices of cobalt metal, at around $30,000 a tonne, are down more than 15% since early February and are the lowest since last August. As surpluses become more visible lower levels are expected. 
Graphic: Cobalt prices, here
Roskill analyst Ying Lu said recent price convergence between higher grade cobalt metal used for alloys and standard grade was a signal of weak demand from the aerospace sector. She expects a relatively balanced market this year compared with a 10,000 tonne surplus last year. 
    “The pandemic has affected demand and supply. Cobalt mined from (Democratic Republic of) Congo is typically exported for refining through Durban in South Africa, where there was lockdown (to halt the spread of the new coronavirus), which created logistical disruptions.” 
Cobalt from the DRC comes in the form of hydroxide, which is turned into chemicals for the lithium-ion batteries used to power electric vehicles. Much of it goes to China, which dominates the supply chain for electric vehicle batteries. 
Falling sales of electric vehicles in China, including by Tesla (TSLA.O) and BYD (002594.SZ) (1211.HK) earlier this year and in the second half of last year, have also weakened cobalt consumption. 
However, demand from the electric vehicle sector, which represents 20% of global demand, is expected to recover at a faster pace than from aerospace due to government incentives to promote clean air initiatives. 
Reporting by Pratima Desai; Editing by Gareth Jones"
5,"{'id': 'reuters', 'name': 'Reuters'}",Reuters Editorial,"Finalising EU COVID recovery package a 'massive priority', says Germany - Reuters","Finalising the European Union's package of measures to help the economy recover from the COVID-19 pandemic is a ""massive priority"" for Germany's presidency of the EU, German Deputy Finance Minister Joerg Kukies said on Friday.",https://www.reuters.com/article/us-health-coronavirus-eu-idUSKBN23X15B,https://s4.reutersmedia.net/resources_v2/images/rcom-default.png,2020-06-26T08:48:00Z,"LONDON (Reuters) - Finalising the European Union’s package of measures to help the economy recover from the COVID-19 pandemic is a “massive priority” for Germany’s presidency of the EU, German Deputy Finance Minister Joerg Kukies said on Friday. 
“We really need to act quickly now if we want the funds to be available on January 1, 2021,” Kukies told an online event."
6,"{'id': 'reuters', 'name': 'Reuters'}",Mark Gleeson,Soccer: Next year's Africa Cup of Nations finals could be postponed - Reuters India,A postponement of January's Africa Cup of Nations finals could be on the cards when the Confederation of African Football (CAF) meet next week in the wake of the COVID-19 pandemic.,https://in.reuters.com/article/soccer-africa-idINKBN23X1AX,https://s4.reutersmedia.net/resources_v2/images/rcom-default.png,2020-06-26T09:53:00Z,"CAPE TOWN (Reuters) - A postponement of January’s Africa Cup of Nations finals could be on the cards when the Confederation of African Football (CAF) meet next week in the wake of the COVID-19 pandemic. 
The Cup of Nations is set for Cameroon from Jan 9-Feb 6 but appears increasingly under threat as time begins to run out. Qualifying is still far from complete and national team football on the continent is not due to resume before October in the wake of the novel coronavirus outbreak. 
CAF’s executive committee will meet in an online conference on Tuesday to decide what to do, and also set out a possible process for completing this season’s two continental club competitions. 
FIFA’s decision on Thursday to cancel September’s window for national team matches in all regions, except Europe and South America, has left CAF with fewer dates to try and complete the competition’s qualifying campaign and the finalise the field for the 24-team tournament. 
There are still four rounds of qualifiers to play and although they could yet be scheduled for October and November, that would mean having to postpone the start of the group phase of 2022 World Cup qualifiers. 
There is also the squeeze that hosting the Cup of Nations next January would place on domestic competition, with the 2020-21 season in most of Africa’s major leagues set to start late as they seek to first complete current campaigns which have been suspended by the pandemic. Most African leagues are halted mid-season to make space for the Cup of Nations. 
“The Cup of Nations could be pushed back by 12 months,” a senior official told Reuters, asking not to be identified, although general secretary Abdelmounaim Bah told reporters last week the best option remained its current dates. 
CREATIVE PLAN 
The African Champions League and African Confederation Cup were suspended at the semi-final stage and CAF will have to come up with a creative plan to finish the competitions with borders mostly shut, flights suspended and football stopped across the continent because of the pandemic. 
CAF must also decide whether to cancel this year’s African Nations Championship, which was due to be played in Cameroon in April. It is the tournament hosted every two years for quasi national teams made up of home based players only. 
A decision must also be made on the African women’s championship, scheduled for November but with qualification also far from complete. 
But in this case, a postponement looks an easy decision to make because CAF have yet to find a venue for the tournament after Congo withdrew as hosts in July last year. 
Editing by William Maclean"
7,"{'id': 'reuters', 'name': 'Reuters'}",Reuters Editorial,Davis Cup Finals postponed until 2021 - Reuters,"This year's Davis Cup Finals to be staged in Madrid have been postponed until 2021 because of the COVID-19 pandemic, the International Tennis Federation (ITF) said on Friday.",https://www.reuters.com/article/us-tennis-daviscup-idUSKBN23X1RR,https://s1.reutersmedia.net/resources/r/?m=02&d=20200626&t=2&i=1523739514&w=1200&r=LYNXMPEG5P162,2020-06-26T12:52:00Z,"LONDON (Reuters) - This year’s Davis Cup Finals to be staged in Madrid have been postponed until 2021 because of the COVID-19 pandemic, the International Tennis Federation (ITF) said on Friday. 
The second finals of the flagship team competition, revamped last year with Spain winning the title in Madrid’s Caja Magica, will now take place in November 2021. 
“It’s a huge disappointment for all of us that the Davis Cup Finals will not be held in 2020,” Barcelona soccer player Gerard Pique, whose Kosmos Tennis company have invested heavily in the event, said in a joint statement with the ITF. 
“We don’t know how the situation will develop in each qualified nation, or if restrictions in Spain will remain sufficiently eased, as such it is impossible to predict the situation in November and guarantee the safety of those traveling to Madrid.” 
Kosmos partnered the ITF to revamp the competition and are to plough in $3 billion over 25 years. 
The same 18 nations to qualify for the Finals will contest next year’s week-long event. 
Earlier on Friday the ITF said it’s inaugural Fed Cup Finals, that should have been played in Budapest in April, had been delayed until the same time next year. 
Reporting by Martyn Herman; Editing by Toby Davis"
8,"{'id': 'reuters', 'name': 'Reuters'}",Reuters Editorial,Davis Cup Finals postponed until 2021 - Reuters UK,"This year's Davis Cup Finals to be staged in Madrid have been postponed until 2021 because of the COVID-19 pandemic, the International Tennis Federation (ITF) said on Friday.",https://uk.reuters.com/article/uk-tennis-daviscup-idUKKBN23X1R5,https://s4.reutersmedia.net/resources/r/?m=02&d=20200626&t=2&i=1523739681&w=1200&r=LYNXMPEG5P15V,2020-06-26T13:28:57Z,"LONDON (Reuters) - This year’s Davis Cup Finals to be staged in Madrid have been postponed until 2021 because of the COVID-19 pandemic, the International Tennis Federation (ITF) said on Friday. 
The second finals of the flagship team competition, revamped last year with Spain winning the title in Madrid’s Caja Magica, will now take place in November 2021. 
“It’s a huge disappointment for all of us that the Davis Cup Finals will not be held in 2020,” Barcelona soccer player Gerard Pique, whose Kosmos Tennis company have invested heavily in the event, said in a joint statement with the ITF. 
“We don’t know how the situation will develop in each qualified nation, or if restrictions in Spain will remain sufficiently eased, as such it is impossible to predict the situation in November and guarantee the safety of those travelling to Madrid.” 
Kosmos partnered the ITF to revamp the competition and are to plough in $3 billion over 25 years. 
The same 18 nations to qualify for the Finals will contest next year’s week-long event. 
Earlier on Friday the ITF said it’s inaugural Fed Cup Finals, that should have been played in Budapest in April, had been delayed until the same time next year. 
Reporting by Martyn Herman; Editing by Toby Davis"
9,"{'id': 'reuters', 'name': 'Reuters'}",Reuters Editorial,PM Johnson says: don't take too many liberties with COVID guidance - Reuters UK,British Prime Minister Boris Johnson said on Friday people in some parts of the world had taken too many liberties with COVID-19 guidance and that young people should understand that they could spread the deadly virus.,https://uk.reuters.com/article/uk-health-coronavirus-britain-johnson-idUKKBN23X1RX,https://s2.reutersmedia.net/resources/r/?m=02&d=20200626&t=2&i=1523745834&w=1200&r=LYNXMPEG5P164,2020-06-26T13:44:30Z,"LONDON (Reuters) - British Prime Minister Boris Johnson said on Friday people in some parts of the world had taken too many liberties with COVID-19 guidance and that young people should understand that they could spread the deadly virus. 
“If you look at what is happening elsewhere in the world, where people have been coming out of lockdown, I’m afraid what you’re also seeing is people taking too many liberties with the guidance, mingling too much, not observing social distancing,” Johnson said. “You’ve got really serious spikes.” 
“You may think that you’re not going to get it and you are immortal and invincible and so on, and very likely that’s true, particularly if you are a young person, but the bug you carry can kill elderly people particularly, it is still dangerous.” 
“To win, to beat this thing, we have to stay alert.” 
Asked if he would intervene after Intu Properties INTUP.L said it would go into administration, Johnson said: “There will be tough times ahead. And the retail sector, shopping malls, clearly have been feeling the squeeze on their business model for long time. 
“We’ll do everything can to look after them and to make sure we get young people into work by every possible means,” he added. 
Reporting by Guy Faulconbridge; editing by Stephen Addison"
10,"{'id': 'reuters', 'name': 'Reuters'}",Alan Baldwin,No more hugs for 'hugger' Ricciardo when F1 returns - Reuters UK,Daniel Ricciardo accepts he will have to be a lot less tactile with his team mates when the Formula One season starts in Austria next week under strict health measures to counter COVID-19.,https://uk.reuters.com/article/uk-motor-f1-renault-idUKKBN23X1P1,https://s3.reutersmedia.net/resources/r/?m=02&d=20200626&t=2&i=1523736598&w=1200&r=LYNXMPEG5P14Q,2020-06-26T12:29:00Z,"LONDON (Reuters) - Daniel Ricciardo accepts he will have to be a lot less tactile with his team mates when the Formula One season starts in Austria next week under strict health measures to counter COVID-19. 
“I’m a hugger. I like hugging people. So that’s going to change,” the enthusiastic Australian told reporters in a Renault F1 video call on Friday. 
“I’ve got to keep my distance. We’re going to find some new ways to embrace each other, especially after a good result. But obviously we’re going to do what we can to keep this thing away and keep it out of the paddock. 
“So no hugging. No hugging for now.” 
Formula One has been stalled since testing in February, with the March 15 season-opener cancelled before first practice in Melbourne when a McLaren employee tested positive for the new coronavirus. 
The last race, esports excepted, was in Abu Dhabi in December. 
Ricciardo, who will be leaving Renault for McLaren at the end of the year, said he was raring to race but had embraced the ‘new normal’ that will involve COVID-19 tests every five days from Austria onwards and operating inside a ‘bubble’. 
The lifestyle changes include wearing face masks and going through lots of cleaning products at home. 
“Coming back from the supermarket and actually cleaning the packages that are bought before putting them away. It’s just taking those extra steps that seem certainly necessary for now,” he said. 
French team mate Esteban Ocon, who spent a year on the sidelines last year and last raced in 2018, was also taking no chances. 
“We’ve been waiting so long to get back, it would be a shame and dangerous also for all of us to risk anything,” said the 23-year-old. 
“I’m changing everything. There’s not one single thing that I do the same in my life nowadays, when I travel or as soon as I go out to get some food in the supermarket or anything. 
“It would be crazy to have waited so long and prepared that much and arrive and be positive at the test... so I’m definitely massively careful.” 
Reporting by Alan Baldwin, editing by Christian Radnedge"
11,"{'id': 'reuters', 'name': 'Reuters'}",Reuters Editorial,Iran COVID-19 death toll exceeds 100 in 24 hours for eighth straight day - Reuters UK,"Iran's death toll from COVID-19 in the past 24 hours topped 100 for the eighth straight day, bringing the total to 10,239, according to health ministry figures issued on Friday.",https://uk.reuters.com/article/uk-health-coronavirus-iran-idUKKBN23X1KH,https://s4.reutersmedia.net/resources/r/?m=02&d=20200626&t=2&i=1523730978&w=1200&r=LYNXMPEG5P0ZT,2020-06-26T11:38:00Z,"(Reuters) - Iran’s death toll from COVID-19 in the past 24 hours topped 100 for the eighth straight day, bringing the total to 10,239, according to health ministry figures issued on Friday. 
With 2,628 new cases in the past 24 hours, the total number of people infected stood at 217,724, of whom 177,852 have recovered, ministry spokeswoman Sima Sadat Lari told state television. 
The sharp increase in new daily infections and deaths in the past week follows the gradual lifting of restrictions that began in mid-April. 
Lari said 109 people had died in the past 24 hours, bringing the total death toll to 10,239. 
Senior officials warn regularly that restrictions will be reimposed if health regulations to stem the surge in infections are not observed. 
State TV on Friday aired interviews with several patients in hospitals who said they contracted the virus after attending wedding parties, wakes and other gatherings. In one case, the TV said, all the 35 people attending a wake in the Western Lorestan Province caught the virus; three of them are in intensive care. 
Alireza Zali, head of the government-led Coronavirus Taskforce of Tehran, said it was estimated that up to 20 percent of the capital’s residents may have been infected by the coronavirus. 
The capital city has a population of around 9 million. 
President Hassan Rouhani said on June 20 that the government was considering making wearing masks mandatory in public places and covered spaces given the surge in the number of confirmed infections. 
Editing by William Maclean"
12,"{'id': 'reuters', 'name': 'Reuters'}",Alan Baldwin,Motor racing-No more hugs for 'hugger' Ricciardo when F1 returns - Reuters,Daniel Ricciardo accepts he will have to be a lot less tactile with his team mates when the Formula One season starts in Austria next week under strict health measures to counter COVID-19.,https://www.reuters.com/article/motor-f1-renault-idUSL4N2E320H,https://s4.reutersmedia.net/resources_v2/images/rcom-default.png,2020-06-26T12:02:00Z,"LONDON, June 26 (Reuters) - Daniel Ricciardo accepts he will have to be a lot less tactile with his team mates when the Formula One season starts in Austria next week under strict health measures to counter COVID-19. 
“I’m a hugger. I like hugging people. So that’s going to change,” the enthusiastic Australian told reporters in a Renault F1 video call on Friday. 
“I’ve got to keep my distance. We’re going to find some new ways to embrace each other, especially after a good result. But obviously we’re going to do what we can to keep this thing away and keep it out of the paddock. 
“So no hugging. No hugging for now.” 
Formula One has been stalled since testing in February, with the March 15 season-opener cancelled before first practice in Melbourne when a McLaren employee tested positive for the new coronavirus. 
The last race, esports excepted, was in Abu Dhabi in December. 
Ricciardo, who will be leaving Renault for McLaren at the end of the year, said he was raring to race but had embraced the ‘new normal’ that will involve COVID-19 tests every five days from Austria onwards and operating inside a ‘bubble’. 
The lifestyle changes include wearing face masks and going through lots of cleaning products at home. 
“Coming back from the supermarket and actually cleaning the packages that are bought before putting them away. It’s just taking those extra steps that seem certainly necessary for now,” he said. 
French team mate Esteban Ocon, who spent a year on the sidelines last year and last raced in 2018, was also taking no chances. 
“We’ve been waiting so long to get back, it would be a shame and dangerous also for all of us to risk anything,” said the 23-year-old. 
“I’m changing everything. There’s not one single thing that I do the same in my life nowadays, when I travel or as soon as I go out to get some food in the supermarket or anything. 
“It would be crazy to have waited so long and prepared that much and arrive and be positive at the test... so I’m definitely massively careful.” (Reporting by Alan Baldwin, editing by Christian Radnedge)"
13,"{'id': 'reuters', 'name': 'Reuters'}",Helen Reid,World agencies step in as pandemic poverty hits artisanal miners - Reuters,"From a $15 million World Bank fund to an experimental gold-buying project in Burkina Faso, development agencies are delivering financial aid to subsistence miners the COVID-19 pandemic has impoverished.",https://www.reuters.com/article/us-health-coronavirus-mining-artisanal-idUSKBN23X1L7,https://s3.reutersmedia.net/resources/r/?m=02&d=20200626&t=2&i=1523731539&w=1200&r=LYNXMPEG5P106,2020-06-26T11:43:00Z,"JOHANNESBURG (Reuters) - From a $15 million World Bank fund to an experimental gold-buying project in Burkina Faso, development agencies are delivering financial aid to subsistence miners the COVID-19 pandemic has impoverished. 
World market prices of gold - viewed by investors as a safe store of value in uncertain times - have surged to levels last seen in 2012, and are up 16% this year XAU=. 
Artisanal gold production has grown this decade: here
But millions of subsistence workers, who typically use rudimentary techniques at unregulated mines, have received none of the benefits as pandemic disruption to supply lines has shrunk their already sporadic earnings. 
For an interactive graphic click here: tmsnrt.rs/2yufhV6
The World Bank is creating a dedicated emergency relief fund for the estimated 40 million artisanal and small-scale miners (ASM) worldwide, three sources told Reuters on condition of anonymity. 
A World Bank spokeswoman confirmed the fund, which was yet to be officially launched. She said the fund would “provide short-term assistance to artisanal mining communities to better cope with COVID-19 impacts”.  
Donors have contributed $5 million to the fund, and the Bank aims to expand it to $15 million. That money would be disbursed to projects helping miners across geographies and minerals. 
“This is very rare because usually disaster recovery funding is not specifically directed to ASM as a uniquely vulnerable livelihood group,” said one consultant, who declined to be named. 
The Canada-based Artisanal Gold Council (AGC), an NGO, is trying out a project to help communities dependent on small-scale gold mining in Burkina Faso. 
With 40% of the population living below the national poverty line, the country is particularly vulnerable. 
The AGC has bought gold direct from miners at the pre-pandemic going rate, and is exporting it to PAMP, a London Bullion Market Association (LBMA) certified refinery in Switzerland. 
PAMP declined a request for an interview, and did not reply to written questions from Reuters. 
The gold, sourced from five artisanal miners around the southern town of Dano, was transported to the capital, Ouagadougou, and was in the process of being certified for export by the mines ministry. 
The initial export, of 800 grammes of gold (worth around $48,847), is a trial. Depending on its success, the AGC plans to source a further 20kg from Burkina Faso, and then begin sourcing from Colombia too. 
Aboubakar Dabire, a miner who sold 500 grammes of gold to the AGC, said: “My community was really hard hit by COVID-19. When gold prices are low, everything is undermined.” 
“People will take this [scheme] seriously as it is a well-organised system,” Dabire added. “It means they will make an effort to avoid certain buyers in the field who are ruining the market.” 
Attempts to formalise artisanal mining, stamp out child labour, and sever links with illicit minerals trade face significant obstacles. 
In remote artisanal gold mining communities, trade is largely informal and the rigorous documentation required by LBMA guidelines is hard to enforce. 
These guidelines require gold refineries to verify where their gold is mined, show it does not fund conflict or armed groups, collect “Know Your Customer” information on the whole supply chain, and verify all legal taxes have been paid. 
It took the AGC two months to complete the process. 
The challenges help to explain why only a tiny share of the gold produced worldwide is ""London Good Delivery"" certified by the LBMA. In Africa, 1.6% of gold is. For an interactive graphic click here: tmsnrt.rs/2ABHD0j
The effort and cost required to implement these standards and bring artisanal gold into formal channels mean other NGOs do not consider direct market intervention, such as that being done by AGC, viable. 
“We are very aware that [gold] prices are depressed for local miners, but we are not convinced the international market is the route to go down,” David Finlay, responsible minerals manager at the Fairtrade Foundation, said. 
Reporting by Helen Reid; editing by Barbara Lewis"
14,"{'id': 'reuters', 'name': 'Reuters'}",Kate Kelland,"Severe COVID-19 can damage the brain, preliminary study finds - Reuters India","A preliminary study of patients hospitalised with COVID-19 has found the disease can damage the brain, causing complications such as stroke, inflammation, psychosis and dementia-like symptoms in some severe cases.",https://in.reuters.com/article/health-coronavirus-brain-idINKBN23X0CX,https://s3.reutersmedia.net/resources/r/?m=02&d=20200626&t=2&i=1523687591&w=1200&r=LYNXMPEG5P05N,2020-06-26T03:18:00Z,"LONDON (Reuters) - A preliminary study of patients hospitalised with COVID-19 has found the disease can damage the brain, causing complications such as stroke, inflammation, psychosis and dementia-like symptoms in some severe cases. 
The findings are the first detailed look at a range of neurological complications of COVID-19, the researchers said, and underline a need for larger studies to find the mechanisms behind them and assist the search for treatments. 
“This (is) an important snapshot of the brain-related complications of COVID-19 in hospitalised patients. It is critically important that we continue to collect this information to really understand this virus fully,” said Sarah Pett, a University College London professor who co-led the work. 
The study, published in the Lancet Psychiatry journal on Thursday, looked in detail at 125 cases from across the UK. Co-lead researcher Benedict Michael, from Liverpool University, said it was important to note that it focused on severe cases. 
Data was collected between April 2 and April 26 - when the disease was spreading exponentially in the UK. 
The most common brain complication seen was stroke, which was reported in 77 of 125 patients. Of these, most were in patients over 60, and most were caused by a blood clot in the brain, known as an ischaemic stroke. 
The study also found that 39 of the 125 patients showed signs of confusion or changes in behaviour reflecting an altered mental state. Of these, nine had unspecified brain dysfunction, known as encephalopathy, and seven had inflammation of the brain, or encephalitis. 
Michael said the findings were an important early step towards defining COVID-19’s effect on the brain. “We now need detailed studies to understand the possible biological mechanisms ... so we can explore potential treatments,” he said. 
Reporting by Kate Kelland; Editing by Kevin Liffey"
15,"{'id': 'reuters', 'name': 'Reuters'}",Reuters Editorial,"France's ADP cannot rule out job cuts, to halve investment -CEO - Reuters",The head of France's ADP said on Friday he could not rule out job cuts due to the impact on travel from the COVID-19 crisis and that the airports group would halve its annual investment plans.,https://www.reuters.com/article/health-coronavirus-aeroports-paris-idUSL8N2E30K3,https://s4.reutersmedia.net/resources_v2/images/rcom-default.png,2020-06-26T06:52:00Z,"PARIS, June 26 (Reuters) - The head of France’s ADP said on Friday he could not rule out job cuts due to the impact on travel from the COVID-19 crisis and that the airports group would halve its annual investment plans. 
“I cannot rule out measures on jobs. I want to limit as much as possible job cuts,” ADP chairman and chief executive Augustin de Romanet told RTL radio. 
“We will have discussions from July (with staff representatives), so they are informed of the company’s future,” he said. 
Romanet, who has previously said ADP risked losing 2.5 billion euros in sales due to the crisis, said ADP could cut annual investments to 400-500 million euros from 1 billion. 
He was speaking as Orly airport near Paris was reopened on Friday after a near three-month closure. 
Travellers will be able to fly to 25 destinations and there will be 74 flights on Friday compared to 600 normally, he said. 
For July, Romanet predicted 200 flights daily from Orly. 
Asked about plans for the privatisation of ADP, he said: “To my knowledge, the economy minister thinks this is no longer on the agenda.” 
This month, Transport Minister Elisabeth Borne said the privatisation of ADP was “not a subject that will be on the table in the months ahead. After 2022, we will see.” 
Reporting by Dominique Vidalon; editing by Jason Neely"
16,"{'id': 'reuters', 'name': 'Reuters'}",Reuters Editorial,Japan's COVID-19 app reaches 4 million downloads in first week - Reuters,Japan's COVID-19 contact-tracing app has been downloaded more than 4 million times since its launch a week ago as the government seeks to head off a second wave of infections now that businesses and schools have reopened.,https://www.reuters.com/article/health-coronavirus-japan-apps-idUSL4N2E30Z5,https://s4.reutersmedia.net/resources_v2/images/rcom-default.png,2020-06-26T06:31:00Z,"TOKYO, June 26 (Reuters) - Japan’s COVID-19 contact-tracing app has been downloaded more than 4 million times since its launch a week ago as the government seeks to head off a second wave of infections now that businesses and schools have reopened. 
Health ministry official Yasuyuki Sahara said while there was no target number for downloads, “we want to make as many people as possible to use this app”. 
Apps such as this may be able to halt an epidemic if usage reaches 60% of the population, according to an Oxford University study. 
Yuki Furuse, a professor at Kyoto University, said there’s debate about whether usage has to be that high to be effective, but “the more people use the app, the more it would be effective for the outbreak response.” 
Japan lifted a state of emergency in late May. It has weathered the epidemic better than most developed countries, with almost 18,000 infections and 969 deaths. 
The app, named COCOA for Contact-Confirming Application, was designed by Microsoft Corp and is available for Apple Inc’s iPhone and devices using Google’s Android software. 
It uses Bluetooth signals to detect contact with nearby users lasting 15 minutes or more. If a user later tests positive for the virus, their contacts can be traced and notified through the programme. 
Numerous countries have rolled out contact-tracing apps, including Australia, Malaysia, Britain, India, Germany and Italy. 
Singapore was among the first with its TraceTogether app launched in March, but privacy concerns hampered its uptake, prompting a switch to wearable devices. 
The new coronavirus, which was first detected in China in late 2019, has infected more than 9.62 million people globally and 488,467 have died, according to a Reuters tally. (Reporting by Rocky Swift; Editing by Michael Perry)"
17,"{'id': 'reuters', 'name': 'Reuters'}",Frank Pingue,Mickelson grabs one-shot lead; another player tests positive for COVID-19 - Reuters UK,"Phil Mickelson used a solid finish to seize a one-shot lead following the second round of the Travelers Championship in Cromwell, Connecticut, on Friday where a third PGA Tour player tested positive for COVID-19.",https://uk.reuters.com/article/uk-golf-travelers-idUKKBN23X2Z4,https://s4.reutersmedia.net/resources_v2/images/rcom-default.png,2020-06-26T23:44:00Z,"(Reuters) - Phil Mickelson used a solid finish to seize a one-shot lead following the second round of the Travelers Championship in Cromwell, Connecticut, on Friday where a third PGA Tour player tested positive for COVID-19. 
Mickelson closed with a birdie at the last hole of the TPC River Highlands course for a seven-under-par 63 that brought him to 13 under on the week and one shot clear of first-round leader Mackenzie Hughes (68) and sponsor invite Will Gordon (62). 
World No. 1 Rory McIlroy (68) and Xander Schauffele (68) were among a pack of five golfers a further three shots back. 
Mickelson, in his first tournament since turning 50 last week, will have a short turnaround as third round action will feature threesomes off split tees starting at 7 a.m. EDT (1100 GMT) due to expectations for inclement weather later in the day. 
“It’s probably a little bit difficult as you get older, but when you’re playing well, you have that extra momentum, and it should be okay,” said Mickelson. 
Gordon, in only his eighth PGA Tour start and playing on a sponsor exemption, made the most of his opportunity as he mixed six birdies and one bogey over his opening eight holes before adding another three birdies after the turn. 
“I knew that (the course) was going to be gettable this morning,” said Gordon. “Just tried to come into today with a really positive mindset and aggressive mindset and I was able to do that.” 
Collin Morikawa came into this week riding a streak of 22 consecutive cuts made to begin his professional career but finally ran out of gas, falling three short of matching the record held by Tiger Woods. 
“Just couldn’t get the ball in the hole,” said Morikawa. “That’s the name of the game, right? So it was bound to happen at some point.” 
Denny McCarthy withdrew ahead of his second round after he became the third PGA Tour player to test positive for COVID-19. 
“Last night, I woke up in the middle of the night with additional aches and soreness and sensed something was off,” said McCarthy. “I felt like the only thing to do was get tested at that point before I went to the course.” 
Bud Cauley, who played the first round with McCarthy, tested negative twice but withdrew as a precautionary measure, bringing the number of coronavirus-related withdrawals this week to seven. 
Reporting by Frank Pingue in Toronto, editing by Ed Osmond and Tom Brown"
18,"{'id': 'reuters', 'name': 'Reuters'}",Frank Pingue,UPDATE 1-Golf-Mickelson grabs one-shot lead; another player tests positive for COVID-19 - Reuters,"Phil Mickelson used a solid finish to seize a one-shot lead following the second round of the Travelers Championship in Cromwell, Connecticut, on Friday where a third PGA Tour player tested positive for COVID-19.",https://in.reuters.com/article/golf-travelers-idINL8N2E35SC,https://s4.reutersmedia.net/resources_v2/images/rcom-default.png,2020-06-26T23:29:00Z,"* McIlroy four shots back of leader Mickelson 
* Morikawa’s cuts-made streak ends at 22 (Recasts at end of round) 
By Frank Pingue 
June 26 (Reuters) - Phil Mickelson used a solid finish to seize a one-shot lead following the second round of the Travelers Championship in Cromwell, Connecticut, on Friday where a third PGA Tour player tested positive for COVID-19. 
Mickelson closed with a birdie at the last hole of the TPC River Highlands course for a seven-under-par 63 that brought him to 13 under on the week and one shot clear of first-round leader Mackenzie Hughes (68) and sponsor invite Will Gordon (62). 
World No. 1 Rory McIlroy (68) and Xander Schauffele (68) were among a pack of five golfers a further three shots back. 
Mickelson, in his first tournament since turning 50 last week, will have a short turnaround as third round action will feature threesomes off split tees starting at 7 a.m. EDT (1100 GMT) due to expectations for inclement weather later in the day. 
“It’s probably a little bit difficult as you get older, but when you’re playing well, you have that extra momentum, and it should be okay,” said Mickelson. 
Gordon, in only his eighth PGA Tour start and playing on a sponsor exemption, made the most of his opportunity as he mixed six birdies and one bogey over his opening eight holes before adding another three birdies after the turn. 
“I knew that (the course) was going to be gettable this morning,” said Gordon. “Just tried to come into today with a really positive mindset and aggressive mindset and I was able to do that.” 
Collin Morikawa came into this week riding a streak of 22 consecutive cuts made to begin his professional career but finally ran out of gas, falling three short of matching the record held by Tiger Woods. 
“Just couldn’t get the ball in the hole,” said Morikawa. “That’s the name of the game, right? So it was bound to happen at some point.” 
Denny McCarthy withdrew ahead of his second round after he became the third PGA Tour player to test positive for COVID-19. 
“Last night, I woke up in the middle of the night with additional aches and soreness and sensed something was off,” said McCarthy. “I felt like the only thing to do was get tested at that point before I went to the course.” 
Bud Cauley, who played the first round with McCarthy, tested negative twice but withdrew as a precautionary measure, bringing the number of coronavirus-related withdrawals this week to seven. (Reporting by Frank Pingue in Toronto, editing by Ed Osmond and Tom Brown)"
19,"{'id': 'reuters', 'name': 'Reuters'}",Reuters Editorial,Tennis-Australians flock to tennis courts after lockdown relaxed - Reuters,"Australians have flocked to tennis courts in record numbers since social distancing measures put in place to contain the COVID-19 outbreak were relaxed, Tennis Australia (TA) said on Saturday.",https://www.reuters.com/article/tennis-australia-idUSL4N2E401H,https://s4.reutersmedia.net/resources_v2/images/rcom-default.png,2020-06-27T03:49:00Z,"SYDNEY, June 27 (Reuters) - Australians have flocked to tennis courts in record numbers since social distancing measures put in place to contain the COVID-19 outbreak were relaxed, Tennis Australia (TA) said on Saturday. 
Australia has been generally successful in containing the new coronavirus, even if the populous southern state of Victoria on Friday experienced a 10th straight day of double-digit new infections. 
The relaxation of restrictions began in some parts of Australia in early May and the government has pledged to remove the bulk of them by the end of July, although each state and territory is determining its own pace. 
TA said data from its “Book a Court” online system showed a record 32,234 bookings made last month, with traffic doubling from a year earlier among venues that were using the system in May 2019. 
“During the pandemic, we are seeing more people enjoying the social, mental and physical benefits of (tennis) while maintaining strict physical distancing measures,” TA chief executive Craig Tiley said in a statement. 
“As restrictions in most of the country continue to ease over the coming months, we hope to build on these results as we approach our summer.” 
Professional tennis also returns to Australia this weekend with the A$450,000 ($311,000) UTR Pro Series getting underway under strict biosecurity protocols at closed venues in Sydney, Brisbane, Melbourne, Adelaide and Perth. (Reporting by Nick Mulvenney, editing by William Mallard)"
