,source,author,title,description,url,urlToImage,publishedAt,content
0,"{'id': 'reuters', 'name': 'Reuters'}",Reuters Editorial,Growth in young Irish COVID-19 cases 'a real concern': chief doctor - Reuters,"A growing number of COVID-19 infections among people under 35 years of age is a ""worrying trend,"" Ireland's chief medical officer Tony Holohan said on Saturday as the country reported the highest number of new infections for two weeks.",https://www.reuters.com/article/us-health-coronavirus-ireland-idUSKBN23Y0QY,https://s4.reutersmedia.net/resources/r/?m=02&d=20200627&t=2&i=1523845070&w=1200&r=LYNXMPEG5Q0IS,2020-06-27T17:14:00Z,"DUBLIN (Reuters) - A growing number of COVID-19 infections among people under 35 years of age is a “worrying trend,” Ireland’s chief medical officer Tony Holohan said on Saturday as the country reported the highest number of new infections for two weeks. 
Ireland has reported sharp drops in the number of infections in the past month to low and stable levels, allowing the government to accelerate the reopening of the economy, with almost all businesses allowed to open next week. 
On Saturday, Ireland reported 23 new infections, the highest number of new cases for two weeks, with six deaths. That brought the total death toll in the country of 4.9 million since the start of the pandemic to 1,734. 
Holohan, who has cited anecdotal evidence in recent days of young people socialising in large numbers, said 10 of the 23 cases were in adults under the age of 35 and eight were between 35 and 54. 
“This is now a real concern and a worrying trend at a time when many people are reconnecting with friends and loved ones and may be gathering in larger groups,” Holohan said. 
Reporting by Conor Humphries"
1,"{'id': 'reuters', 'name': 'Reuters'}",Graham Keeley,Spain maintains ban on cruise ships even as tourism sector reopens - Reuters India,"Spain is to uphold a ban on cruise liners from docking at its ports to stop the spread of COVID-19, according to a ministerial order published on Saturday.",https://in.reuters.com/article/health-coronavirus-spain-cruiseship-idINKBN23Y0QD,https://s4.reutersmedia.net/resources/r/?m=02&d=20200627&t=2&i=1523844398&w=1200&r=LYNXMPEG5Q0I8,2020-06-27T16:56:00Z,"BARCELONA (Reuters) - Spain is to uphold a ban on cruise liners from docking at its ports to stop the spread of COVID-19, according to a ministerial order published on Saturday. 
Cruise liners carrying thousands of passengers regularly stop off at ports in the Balearic Islands, the Canary Islands, Barcelona and Malaga, but were prohibited when Spain went into lockdown on March 14. 
With their crowds of often elderly passengers, cruise ships have been especially vulnerable to outbreaks of the virus and have been barred from disembarking in several countries. 
Spain’s ban on the vessels will continue until the coronavirus epidemic is brought under control, according to the Official State Gazette, even as the country otherwise reopens to tourists in an effort to revive an industry hammered by the coronavirus lockdown. 
The retention of the ban was described as a “proportionate, objective and non-discriminatory measure that is in line with the objective set by the WHO Emergency Committee to stop the spread of the virus”, the order said, referring to the World Health Organization. 
Cruise liners form part of Spain’s tourist sector which contributes 12% of GDP. In 2019 10 million cruise line passengers visited Spain. 
Reporting by Graham Keeley; Editing by David Holmes"
2,"{'id': 'reuters', 'name': 'Reuters'}",Reuters Editorial,NFL player's union urges players to stop group workouts after deeming them unsafe - Reuters,"The NFL Players Association's (NFLPA) Executive Director DeMaurice Smith on Sunday rebuked players participating in group workouts, saying they were not safe, as COVID-19 cases continue to rise in the United States.",https://www.reuters.com/article/us-health-coronavirus-nfl-idUSKBN23Z0RG,https://s3.reutersmedia.net/resources/r/?m=02&d=20200628&t=2&i=1523907879&w=1200&r=LYNXMPEG5R0J5,2020-06-28T19:37:00Z,"NEW YORK (Reuters) - The NFL Players Association’s (NFLPA) Executive Director DeMaurice Smith on Sunday rebuked players participating in group workouts, saying they were not safe, as COVID-19 cases continue to rise in the United States. 
The union’s chief medical officer had previously said that players should avoid practicing together but top players, including quarterbacks Russell Wilson and Tom Brady, posted images and videos on social media that showed them flouting the advisory and practicing with team mates last week. 
“Those practices are not in the best interest of player safety,” NFLPA Executive Director Smith told USA Today’s SportsPulse program. 
“They’re not in the best interest of protecting our players heading into training camp and I don’t think they are in the best interest of us getting through an entire season.” 
The league has not explicitly banned private group workouts but Smith said they had the potential to complicate negotiations between the player group and the NFL, as the two parties chart a path forward in the COVID-19 era. 
“We have to negotiate with the league about what happens to a player if they test positive during the season,” said Smith. 
“Does that player go on injured reserve? Do they go on short-term IR? If you test positive for the virus after training camp is that a work-related injury? 
“All of the things that players may want to do during the off-season have a direct impact on how well we can negotiate protections for them once the season starts.” 
The NFL has pushed forward with plans to kick off the regular season on Sept. 10 but last week was forced to postpone its Aug. 6 NFL Hall of Fame exhibition game, the curtain-raiser to the football season, by a year due to the new coronavirus. 
Reporting by Amy Tennery; Editing by Ken Ferris"
3,"{'id': 'reuters', 'name': 'Reuters'}",Reuters Editorial,Venezuela's Zulia state emerges as coronavirus hot spot - Reuters,Venezuela's western Zulia state has emerged as a hot spot for the COVID-19 pandemic as poorly supplied hospitals and chronic shortages of water and power make it difficult to prevent the disease from spreading.,https://www.reuters.com/article/us-health-coronavirus-venezuela-west-idUSKBN23U2ZH,https://s2.reutersmedia.net/resources/r/?m=02&d=20200623&t=2&i=1523236148&w=1200&r=LYNXMPEG5M1RE,2020-06-23T18:32:11Z,"(Reuters) - Venezuela’s western Zulia state has emerged as a hot spot for the COVID-19 pandemic as poorly supplied hospitals and chronic shortages of water and power make it difficult to prevent the disease from spreading. 
The government of President Nicolas Maduro has identified Zulia as an epicenter of the pandemic, with official statistics showing 590 cases and 10 deaths in the sweltering border state that shares a frontier with neighboring Colombia. 
But opposition leaders have questioned the official figures, noting a lack of transparency in the reporting of cases and persecution of reporters, doctors and nurses who have contradicted the authorities. 
“There are more deaths from coronavirus than the regime is announcing,” said Juan Pablo Guanipa, an opposition legislator who represents the state of Zulia. “The figures they are presenting are not credible.” 
Venezuela’s information ministry and the Zulia government did not reply to requests for comment for this story. 
Officials say many of the cases originated in a sprawling food market that supplies much of Maracaibo, the Zulia state capital and Venezuela’s second city. Known as the Maracaibo Flea Market, it has long been known for its overcrowding and poor sanitation. 
Venezuela on Monday reported 4,048 cases of coronavirus and 35 associated deaths. 
In some cases, patients die of symptoms consistent with COVID-19, the disease caused by the coronavirus, but their death certificates only refer to pneumonia or other ailments, according to two Zulia health workers. 
The country no longer publishes epidemiological data, leaving no way to compare current death rates of pneumonia with those of previous years. 
Earlier this month, 20 people diagnosed with coronavirus demanded to be released from forced quarantine at the University Hospital of Maracaibo, complaining about lack of food and running water. 
When staff refused, the patients said they were leaving anyway - and threatened to cough on or touch anyone who attempted to stop them, according to a doctor and a nurse with knowledge of the incident. 
Lacking protective equipment to prevent infection, the hospital staff had little choice but to let them out. 
The hospital did not respond to a request for comment. 
“Medical staff make four dollars (per month). They’re not going to risk getting sick for the little money that they make,” said one doctor, who asked not to be identified for fear of reprisals. 
Zulia has been among states hardest hit by Venezuela’s crumbling power and water services, hampering efforts to maintain basic sanitation even in hospitals. 
Maduro says Venezuela has managed the outbreak better than other Latin American nations. He points to lower infection and death figures and insists that most cases can be traced to migrants returning from Colombia and Brazil. 
But the Zulia state doctors’ association on Sunday issued a statement denouncing insufficient hospital beds and supplies, limited use of face masks in public spaces, and the use of low-budget hotels to quarantine COVID-19 patients. 
“The hospital is totally contaminated. Nobody knows who has COVID-19 and who doesn’t,” said one health worker at the University Hospital of Maracaibo who asked not to be identified. 
“Every floor is full of people, and they aren’t doing anything about it.” 
Editing by Daniel Flynn and Tom Brown"
4,"{'id': 'reuters', 'name': 'Reuters'}",Reuters Editorial,South Africa's rand inches firmer as risk demand tames budget speech jitters - Reuters,"South Africa's rand inched firmer early on Wednesday ahead of a much-awaited COVID-19 budget speech by Finance Minister Tito Mboweni, with a return of risk sentiment globally overshadowing investors jitters over the local economy.",https://www.reuters.com/article/safrica-markets-idUSL8N2E10UH,https://s4.reutersmedia.net/resources_v2/images/rcom-default.png,2020-06-24T06:19:00Z,"JOHANNESBURG, June 24 (Reuters) - South Africa’s rand inched firmer early on Wednesday ahead of a much-awaited COVID-19 budget speech by Finance Minister Tito Mboweni, with a return of risk sentiment globally overshadowing investors jitters over the local economy. 
At 0530 GMT, the rand was 0.17% firmer at 17.2100 per U.S. dollar versus an overnight close of 17.2400 in New York, matching advances by other emerging currencies as upbeat data in Europe bolstered hopes for a global economic recovery. 
The special budget, brought forward by the treasury in response to the coronavirus outbreak and President Cyril Ramaphosa’s 500 billion rand ($29 billion) stimulus package, is set to show ballooning deficit and debt in Africa’s most advanced economy. 
But some traders said South Africa’s economic crisis was already know, with growth already in contraction in the last two quarters of 2019, and that investors were instead looking to cash-in on the high yield on the rand and local bonds. 
That enthusiasm will be tested by the budget speech due at 1300 GMT, with a Reuters poll predicting a deficit widening to a record 14% of gross domestic product and an economic contraction of at least 6.5%. 
“The emergency budget is likely to prove another disappointment to markets on Wednesday. Tax revenues have collapsed, foreign tourism is non-existent and debt ratios should reach record highs over the upcoming years,” Deutsche Bank’s analysts wrote in a note. 
“While the market has certainly gotten used to disappointing budget updates, we think, the extent of deterioration in fiscal ratios will have an adverse impact on South Africa markets.” 
Before the budget the national statistics agency publishes consumer inflation and retail trade data. 
$1 = 17.2066 rand
Reporting by Mfuneko Toyana; Editing by Rashmi Aich"
5,"{'id': 'reuters', 'name': 'Reuters'}",Rocky Swift,Japan's success in curbing COVID-19 cases now hampers search for cures - Reuters India,"As nations race to develop treatments and vaccines for COVID-19, Japan has become a victim of its own success as slowing new infections has led to a shortage of patients to enroll in clinical trials.",https://in.reuters.com/article/health-coronavirus-japan-trials-idINKBN23V0J5,https://s3.reutersmedia.net/resources/r/?m=02&d=20200624&t=2&i=1523287182&w=1200&r=LYNXMPEG5N0FP,2020-06-24T04:48:00Z,"TOKYO (Reuters) - As nations race to develop treatments and vaccines for COVID-19, Japan has become a victim of its own success as slowing new infections has led to a shortage of patients to enroll in clinical trials. 
Clinical trials are underway for more than a dozen potential vaccines, including at least six in China, but Japan’s first human trials are expected to start next month. 
In development of treatments, Russia and India approved Fujifilm Holdings Corp’s (4901.T) Avigan as a COVID-19 therapy, but Japan, whose Prime Minister Shinzo Abe has touted the drug’s potential and hoped to approve it in May, won’t see a decision until at least July. 
“Due to the decreasing number of coronavirus infections, we believe it will take some time before clinical research is completed,” said Tetsuya Nakamura, who is running a trial of Avigan at Gunma University Hospital in central Japan. 
“It’s a pity that Avigan has been approved overseas but not in Japan.” 
Japan has fared better than most developed nations in tackling the disease that has killed more than 470,000 worldwide. While the epidemic drove Japan’s medical system to the brink of collapse in recent months, serious cases now number about 60 nationwide. 
Some 54 COVID-19 related clinical trials have been launched in Japan, but most are still in the patient recruitment phase, according to trials’ tracking data. 
Interest in Avigan, known generically as favipiravir, soared in March after a Chinese official said it appeared to help patients recover from COVID-19. It is now the subject of at least 25 clinical trials around the world. 
The regulatory delay on Avigan is partly due to the fact that the studies should have been carried out in multiple countries at once, said Dr. Nakamura. But such studies are “enormously expensive.” 
Fujifilm said it is working to complete the clinical trials “as soon as possible.” 
Japanese biotech firm Healios KK (4593.T) said in April it intended to add COVID-19 patients to its experimental lung therapy trial but has not enlisted any as yet. 
“We were careful to size the cohort in light of the low number of patients in Japan, and so are only seeking to enroll around five patients,” CFO Richard Kincaid said. 
With a dearth of domestic patients, Japan may have to rely more on overseas data and results to aid in regulatory approvals. That practice is common “if the quality of data is considered to be good enough,” according to health ministry official Yasuyuki Sahara. 
Sahara did not comment on the Russia or Indian approvals of Avigan and whether data from those nations could be used in Japan. The Pharmaceuticals and Medical Devices Agency, Japan’s primary drug regulator, did not immediately respond to a request for comment. 
Reporting by Rocky Swift; Editing by Miyoung Kim &amp; Simon Cameron-Moore"
6,"{'id': 'reuters', 'name': 'Reuters'}",Reuters Editorial,Archer delays joining England squad after taking precautionary COVID-19 test - Reuters India,"Fast bowler Jofra Archer has been delayed from joining the England squad after he underwent a precautionary test for COVID-19 when a member of his household felt unwell last weekend, the England and Wales Cricket Board said.",https://in.reuters.com/article/cricket-test-eng-win-idINKBN23V0XE,https://s2.reutersmedia.net/resources/r/?m=02&d=20200624&t=2&i=1523298876&w=1200&r=LYNXMPEG5N0PD,2020-06-24T07:23:00Z,"(Reuters) - Fast bowler Jofra Archer has been delayed from joining the England squad after he underwent a precautionary test for COVID-19 when a member of his household felt unwell last weekend, the England and Wales Cricket Board said. 
Archer was supposed to link up with the England team, who are going into isolation head of their test series against West Indies, in Southampton on Tuesday. 
“Archer, and members of his household, have tested negative for COVID-19,” the ECB said. “He will have a second test tomorrow (Wednesday), and if he tests negative, he will join up with the training group on Thursday.” 
The first test starts in Southampton on July 8 and Archer said on Monday that he was fit and ready for the three-match series after battling an elbow injury. 
Reporting by Greg Stutchbury in Wellington; Editing by Pritha Sarkar"
7,"{'id': 'reuters', 'name': 'Reuters'}",Richard Martin,"Barcelona lacking spark since season resumed, says coach Setien - Reuters India","Barcelona coach Quique Setien admitted his side have struggled to get going since the season returned following the three-month hiatus due to the COVID-19 pandemic, after a scrappy 1-0 win at home against Athletic Bilbao on Tuesday.",https://in.reuters.com/article/soccer-spain-fcb-atb-idINKBN23V0XB,https://s2.reutersmedia.net/resources/r/?m=02&d=20200624&t=2&i=1523299918&w=1200&r=LYNXMPEG5N0PC,2020-06-24T07:23:00Z,"BARCELONA (Reuters) - Barcelona coach Quique Setien admitted his side have struggled to get going since the season returned following the three-month hiatus due to the COVID-19 pandemic, after a scrappy 1-0 win at home against Athletic Bilbao on Tuesday. 
Barca needed a late goal from substitute Ivan Rakitic to see off a determined Athletic side and although they picked up a third win in four matches since the season re-started, they again failed to sparkle. 
“When teams offer you little space you have to be very precise and agile and we have been lacking that since we returned,” Setien told a virtual news conference. 
“It’s not been easy and we are missing something overall, a bit of spark. Our opponents have a lot to do with this because they are sticking together and leaving hardly any space and we’re finding it hard to open them up. 
“But I think we’ll start to find it easier the more the season goes on.” 
Barca thrashed Real Mallorca 4-0 on their return after the long break but looked rusty in last week’s 2-0 victory over struggling Leganes and on Friday were held 0-0 at Sevilla, allowing Real Madrid to go top of the league on Sunday. 
The win over Athletic took Barca three points ahead of Madrid but Zinedine Zidane’s side will go back to the top of the table with victory over Real Mallorca on Wednesday. 
Setien was not pleased with how his side started against Athletic but praised youngsters Riqui Puig and Ansu Fati for helping to open their opponents up when they came off the bench. 
“We were more relaxed in the second half and played much better. Ansu and Riqui gave us dynamism and allowed us to have longer periods of possession,” Setien said. 
Reporting by Richard Martin; Editing by Lincoln Feast."
8,"{'id': 'reuters', 'name': 'Reuters'}",Reuters Editorial,Transfer fees must fall to rational levels after pandemic-Bayern's Rummenigge - Reuters UK,"Football will see a drop in transfer fees and salaries following the COVID-19 pandemic and the sport needs to adapt to a new reality, said Bayern Munich CEO Karl-Heinz Rummenigge.",https://uk.reuters.com/article/uk-health-coronavirus-soccer-germany-idUKKBN23U1K0,https://s2.reutersmedia.net/resources/r/?m=02&d=20200623&t=2&i=1523183891&w=1200&r=LYNXMPEG5M0WH,2020-06-23T11:01:00Z,"BERLIN (Reuters) - Football will see a drop in transfer fees and salaries following the COVID-19 pandemic and the sport needs to adapt to a new reality, said Bayern Munich CEO Karl-Heinz Rummenigge. 
His team last week secured their eighth successive league crown and despite still fighting for a treble of titles, Bayern should expect their annual turnover of more than 700 million euros ($790.44 million) to drop by about 50 million due to the pandemic, Rummenigge said. 
The Bundesliga was suspended for more than two months in March following the spread of the virus across the globe, restarting without fans in May as clubs’ revenues continued to drop. 
“Football must try to become a bit more rational in order to be better prepared for future crisis,” Rummenigge told Handeslblatt newspaper on Tuesday. 
“In the past decade football, with higher-faster-longer when it came to transfer fees and player salaries, went a considerable way beyond its target. We delivered a breath-taking competition for transfers that cannot be called rational any more.” 
While Bayern had traditionally avoided paying high prices for players, they also joined the big spenders last year, forking out a league record 80 million euros for defender Lucas Hernandez, who spent much of the season injured. 
There will also be less money available from broadcasters in the coming years, with the German Football League announcing on Monday domestic rights deals worth 4.4 billion from the 2021-22 season for four years. 
It is less lucrative than the existing four-year deal that ends next season and is worth 4.6 billion euros. 
In the coming season fans should not expect any big spending as clubs undergo cost-cutting operations, Rummenigge said. 
“The transfer market has changed. There is not a lot of liquidity around and so there is a lack of demand. But there is no lack of supply for players eager to transfer,” he said. 
“That will create adjustments to the prices, and the salaries are also hardly going to go up and that is the case for top players as well. Many top European clubs have announced intentions to decrease their payroll. We will also be treating this more carefully.” 
($1 = 0.8856 euros) 
Reporting by Karolos Grohmann; Editing by Christian Radnedge"
9,"{'id': 'reuters', 'name': 'Reuters'}",Richard Martin,"Soccer-Barca lacking spark since season resumed, says Setien - Reuters","Barcelona coach Quique Setien admitted his side have struggled to get going since the season returned following the three-month hiatus due to the COVID-19 pandemic, after a scrappy 1-0 win at home against Athletic Bilbao on Tuesday.",https://uk.reuters.com/article/soccer-spain-fcb-atb-idUKL8N2E06IV,https://s4.reutersmedia.net/resources_v2/images/rcom-default.png,2020-06-23T23:52:00Z,"BARCELONA, June 23 (Reuters) - Barcelona coach Quique Setien admitted his side have struggled to get going since the season returned following the three-month hiatus due to the COVID-19 pandemic, after a scrappy 1-0 win at home against Athletic Bilbao on Tuesday. 
Barca needed a late goal from substitute Ivan Rakitic to see off a determined Athletic side and although they picked up a third win in four matches since the season re-started, they again failed to sparkle. 
“When teams offer you little space you have to be very precise and agile and we have been lacking that since we returned,” Setien told a virtual news conference. 
“It’s not been easy and we are missing something overall, a bit of spark. Our opponents have a lot to do with this because they are sticking together and leaving hardly any space and we’re finding it hard to open them up. 
“But I think we’ll start to find it easier the more the season goes on.” 
Barca thrashed Real Mallorca 4-0 on their return after the long break but looked rusty in last week’s 2-0 victory over struggling Leganes and on Friday were held 0-0 at Sevilla, allowing Real Madrid to go top of the league on Sunday. 
The win over Athletic took Barca three points ahead of Madrid but Zinedine Zidane’s side will go back to the top of the table with victory over Real Mallorca on Wednesday. 
Setien was not pleased with how his side started against Athletic but praised youngsters Riqui Puig and Ansu Fati for helping to open their opponents up when they came off the bench. 
“We were more relaxed in the second half and played much better. Ansu and Riqui gave us dynamism and allowed us to have longer periods of possession,” Setien said. (Reporting by Richard Martin; Editing by Lincoln Feast.)"
10,"{'id': 'reuters', 'name': 'Reuters'}",Reuters Editorial,Archer delays joining England squad after taking precautionary COVID-19 test - Reuters UK,"Fast bowler Jofra Archer has been delayed from joining the England squad after he underwent a precautionary test for COVID-19 when a member of his household felt unwell last weekend, the England and Wales Cricket Board said.",https://uk.reuters.com/article/uk-cricket-test-eng-win-idUKKBN23U3HO,https://s4.reutersmedia.net/resources/r/?m=02&d=20200623&t=2&i=1523265114&w=1200&r=LYNXMPEG5M27Z,2020-06-23T23:37:00Z,"(Reuters) - Fast bowler Jofra Archer has been delayed from joining the England squad after he underwent a precautionary test for COVID-19 when a member of his household felt unwell last weekend, the England and Wales Cricket Board said. 
Archer was supposed to link up with the England team, who are going into isolation head of their test series against West Indies, in Southampton on Tuesday. 
“Archer, and members of his household, have tested negative for COVID-19,” the ECB said. “He will have a second test tomorrow (Wednesday), and if he tests negative, he will join up with the training group on Thursday.” 
The first test starts in Southampton on July 8 and Archer said on Monday that he was fit and ready for the three-match series after battling an elbow injury. 
Reporting by Greg Stutchbury in Wellington; Editing by Pritha Sarkar"
11,"{'id': 'reuters', 'name': 'Reuters'}",Reuters Editorial,Venezuela's Zulia state emerges as coronavirus hot spot - Reuters UK,Venezuela's western Zulia state has emerged as a hot spot for the COVID-19 pandemic as poorly supplied hospitals and chronic shortages of water and power make it difficult to prevent the disease from spreading.,https://uk.reuters.com/article/uk-health-coronavirus-venezuela-west-idUKKBN23U2ZC,https://s2.reutersmedia.net/resources/r/?m=02&d=20200623&t=2&i=1523236217&w=1200&r=LYNXMPEG5M1RB,2020-06-23T18:22:00Z,"(Reuters) - Venezuela’s western Zulia state has emerged as a hot spot for the COVID-19 pandemic as poorly supplied hospitals and chronic shortages of water and power make it difficult to prevent the disease from spreading. 
The government of President Nicolas Maduro has identified Zulia as an epicenter of the pandemic, with official statistics showing 590 cases and 10 deaths in the sweltering border state that shares a frontier with neighboring Colombia. 
But opposition leaders have questioned the official figures, noting a lack of transparency in the reporting of cases and persecution of reporters, doctors and nurses who have contradicted the authorities. 
“There are more deaths from coronavirus than the regime is announcing,” said Juan Pablo Guanipa, an opposition legislator who represents the state of Zulia. “The figures they are presenting are not credible.” 
Venezuela’s information ministry and the Zulia government did not reply to requests for comment for this story. 
Officials say many of the cases originated in a sprawling food market that supplies much of Maracaibo, the Zulia state capital and Venezuela’s second city. Known as the Maracaibo Flea Market, it has long been known for its overcrowding and poor sanitation. 
Venezuela on Monday reported 4,048 cases of coronavirus and 35 associated deaths. 
In some cases, patients die of symptoms consistent with COVID-19, the disease caused by the coronavirus, but their death certificates only refer to pneumonia or other ailments, according to two Zulia health workers. 
The country no longer publishes epidemiological data, leaving no way to compare current death rates of pneumonia with those of previous years. 
Earlier this month, 20 people diagnosed with coronavirus demanded to be released from forced quarantine at the University Hospital of Maracaibo, complaining about lack of food and running water. 
When staff refused, the patients said they were leaving anyway - and threatened to cough on or touch anyone who attempted to stop them, according to a doctor and a nurse with knowledge of the incident. 
Lacking protective equipment to prevent infection, the hospital staff had little choice but to let them out. 
The hospital did not respond to a request for comment. 
“Medical staff make four dollars (per month). They’re not going to risk getting sick for the little money that they make,” said one doctor, who asked not to be identified for fear of reprisals. 
Zulia has been among states hardest hit by Venezuela’s crumbling power and water services, hampering efforts to maintain basic sanitation even in hospitals. 
Maduro says Venezuela has managed the outbreak better than other Latin American nations. He points to lower infection and death figures and insists that most cases can be traced to migrants returning from Colombia and Brazil. 
But the Zulia state doctors’ association on Sunday issued a statement denouncing insufficient hospital beds and supplies, limited use of face masks in public spaces, and the use of low-budget hotels to quarantine COVID-19 patients. 
“The hospital is totally contaminated. Nobody knows who has COVID-19 and who doesn’t,” said one health worker at the University Hospital of Maracaibo who asked not to be identified. 
“Every floor is full of people, and they aren’t doing anything about it.” 
Editing by Daniel Flynn and Tom Brown"
12,"{'id': 'reuters', 'name': 'Reuters'}",Philip O'Connor,Long-suffering Liverpool fans get ready to celebrate league title - Reuters UK,"When Liverpool finally get their hands on the league title again after a 30-year wait, the COVID-19 crisis has ensured the celebrations are going to look a lot different to the joyous scenes that greeted their last success.",https://uk.reuters.com/article/uk-soccer-england-liv-idUKKBN23U33R,https://s4.reutersmedia.net/resources_v2/images/rcom-default.png,2020-06-23T19:17:00Z,"(Reuters) - When Liverpool finally get their hands on the league title again after a 30-year wait, the COVID-19 crisis has ensured the celebrations are going to look a lot different to the joyous scenes that greeted their last success. 
Regardless of whether they eventually win it at home or away, the celebrations that marked their Anfield victory over Queens Park Rangers that won the league in 1990 will not be repeated. 
With games currently taking place behind closed doors and large gatherings prohibited, fans will have to find novel ways of marking the occasion. 
“For many of us, this has been a party that has been three decades in the making, so everyone has their own idea of what they plan to do,” Liverpool fan and co-founder of The Anfield Wrap podcast Gareth Roberts told Reuters.  
“Some have a special cigar that they’re going to smoke, or a bottle of champagne or wine that they’ve been saving all these years that they’re going to crack open.  
“There’s another lad who said he just wants to sit in a tree and watch the world go by with Liverpool as champions!” he added. 
Liverpool hold a 20-point lead over second-placed Manchester City with eight games of the campaign remaining. 
If they beat Crystal Palace at home on Wednesday, they could wrap up the title as early as Thursday, providing City drop points at Chelsea. 
Roberts said that fans all over the world have been in touch with him to talk about how they will toast the team when the long title drought ends. 
Among the fans eager to celebrate is Sweden’s ex-Liverpool defender Glenn Hysen, who played in the last league-winning Reds team. 
He had planned to be in England in his capacity as ambassador for Sweden’s Liverpool fans, but those plans were scuppered by travel restrictions due to the virus. 
Instead, he and his fellow Swedish Liverpool fans will get together in the city of Gothenburg where he now lives to watch the remaining matches. 
“We have booked a beer-tasting the night Liverpool play City, so hopefully they can win it then,” the jovial 60-year-old told Reuters with a laugh. 
“Either way, we’ll be all-in!” 
Reporting by Philip O'Connor; Editing by Toby Davis"
13,"{'id': 'reuters', 'name': 'Reuters'}",Allison Martell,Arizona's main COVID lab running behind as demand for tests soars to twice capacity - Reuters,"A spike in coronavirus infections in Arizona pushed demand for tests to twice the capacity of the state's main COVID lab last week, a senior laboratory executive said, adding that new testing equipment had been delayed two months.",https://uk.reuters.com/article/us-health-coronavirus-testing-arizona-idUKKBN23U3C8,https://s4.reutersmedia.net/resources/r/?m=02&d=20200623&t=2&i=1523254225&w=1200&r=LYNXMPEG5M21X,2020-06-23T21:47:00Z,"(Reuters) - A spike in coronavirus infections in Arizona pushed demand for tests to twice the capacity of the state’s main COVID lab last week, a senior laboratory executive said, adding that new testing equipment had been delayed two months. 
Testing to find the virus before patients spread it further is key to controlling the pandemic, especially as lockdowns lift. The Arizona delays - in testing and results reporting - are similar to problems seen earlier in the epidemic, and some labs across the country are facing shortages of supplies, an industry group said. 
In Arizona, Roche Holding recently told Sonora Quest lab, a joint venture between Phoenix-based Banner Health and Quest Diagnostics, that a new instrument it had hoped to get in June would not be delivered until August, said Sonora Chief Operating Officer Sonya Engle. 
“The testing demand has increased significantly,” said Engle, whose lab is responsible for approximately 80% of Arizona COVID-19 tests. “We have reached record highs each day in the past couple weeks.” 
On Friday, she said, the lab received a record 12,000 test orders, double its capacity. It is aiming to ramp up to 17,000 a day but is still working on a deal with a new supplier to make that possible. 
Roche said in response to a request from Reuters that it has been ramping up production since March and is committed to delivering as many tests as possible to the most affected areas, including Arizona. 
“At the height of this global pandemic, demand for diagnostic tests and the instruments to conduct them continues to outstrip supply,” the company said on Tuesday in a statement. 
Last week the American Association for Clinical Chemistry, which represents clinical lab workers and researchers, wrote to Deborah Birx, the White House coronavirus task force response coordinator, urging her to “use the authority of the federal government to obtain and allocate these vital supplies.” 
In a May survey of 100 labs, 50% said they continued to have difficulty getting the swabs, reagents or test kits they needed, according to the letter, which has not been published previously. 
The White House referred questions to the Federal Emergency Management Agency, which did not immediately respond. 
Arizona, Florida and Texas are all experiencing record surges in new infections, according to a Reuters analysis. Arizona reported 17,000 new cases last week, a 90% increase, with 20% of tests coming back positive. 
The major suppliers to U.S. labs, including Roche and Abbott, sell both lab equipment and proprietary chemicals called reagent kits that are specific to their equipment. When reagent runs low, labs generally cannot switch suppliers. 
In recent days, some free testing sites in Arizona have had to turn patients away because of rising demand, according to local media reports. The Arizona Republic reported that some people had waited as long as 13 hours at one site in Phoenix on Saturday. 
Engle said patients have waited five to six days for results, up from two to three days in May. 
Reporting by Allison Martell in Toronto; Additional reporting by John Miller in Zurich and Alexandra Alper in Washington; editing by Peter Henderson and Dan Grebler"
14,"{'id': 'reuters', 'name': 'Reuters'}",Reuters Editorial,Kyrgyz leader misses Russian victory parade as aides contract COVID-19 - Reuters,"Kyrgyz President Sooronbai Jeenbekov missed a World War Two victory parade in Russia on Wednesday after two people who accompanied him on the flight to Moscow tested positive for COVID-19 on arrival, his office said.",https://www.reuters.com/article/us-health-coronavirus-kyrgyzstan-russia-idUSKBN23V150,https://s3.reutersmedia.net/resources/r/?m=02&d=20200624&t=2&i=1523304408&w=1200&r=LYNXMPEG5N0VO,2020-06-24T08:28:00Z,"BISHKEK (Reuters) - Kyrgyz President Sooronbai Jeenbekov missed a World War Two victory parade in Russia on Wednesday after two people who accompanied him on the flight to Moscow tested positive for COVID-19 on arrival, his office said. 
The parade, marking the 75th anniversary of the Soviet Union’s victory over Nazi Germany, was postponed from May 9 because of the novel coronavirus outbreak. Jeenbekov had been scheduled to attend alongside several other leaders from former Soviet republics. 
Leaders who were absent included Turkmen President Kurbanguly Berdymukhamedov, who told Russian President Vladimir Putin that he would have to mark his birthday in quarantine if he chose to attend. 
Jeenbekov’s office did not identify the officials who have tested positive. The Kyrgyz government has said it may have re-tighten restrictions in the country of 6.5 million following a resurgence of COVID-19. 
Reporting by Olga Dzyubenko, Writing by Olzhas Auyezov, Editing by Timothy Heritage"
15,"{'id': 'reuters', 'name': 'Reuters'}",Ian Ransom,Tennis Australia to take 'learnings' from Adria Tour shutdown - official - Reuters India,"Tennis Australia will take ""a fair few learnings"" from the abandoned Adria Tour, a senior TA official told Reuters on Wednesday, after the exhibition series ended abruptly amid a slew of COVID-19 infections to players and staff.",https://in.reuters.com/article/health-coronavirus-tennis-australia-idINKBN23V1CZ,https://s2.reutersmedia.net/resources/r/?m=02&d=20200624&t=2&i=1523310120&w=1200&r=LYNXMPEG5N11E,2020-06-24T09:33:00Z,"MELBOURNE (Reuters) - Tennis Australia will take “a fair few learnings” from the abandoned Adria Tour, a senior TA official told Reuters on Wednesday, after the exhibition series ended abruptly amid a slew of COVID-19 infections to players and staff. 
World number one Novak Djokovic confirmed he had contracted COVID-19 on Tuesday, becoming the fourth player infected during the Balkan series, which featured heaving crowds and players partying without social distancing. 
“There were a fair few learnings that have come out of that (Adria Tour),” TA’s Chief Operating Officer Tom Larner said. 
“And whilst, certainly the whole event was actually really well-intentioned in terms of raising money for charity, the execution was clearly not great, as were the processes in place.” 
The U.S. Open is the next Grand Slam on the calendar, to be held as scheduled from Aug. 31 in New York, with no crowds and under strict biosecurity protocols. 
Australia, with 7,500 infections and 103 deaths, has been relatively successful in containing COVID-19 but fears of a second wave are growing with several clusters breaking out across Melbourne, the Australian Open’s home city. 
Professional tennis returns in Australia this weekend with the A$450,000 ($311,000) UTR Pro Series and TA are taking no chances. The series will be held at closed venues and players interaction will be limited, measures that could be in place at Melbourne Park in January if necessary. 
“I think it will be great preparation for us and the playing group,” Larner said of planning for the series. 
“We obviously knew, as the government indicated, that there’s a risk of the virus flaring up again in Australia. 
“We’ve been working with our chief medical officer Carolyn Broderick in the development of our biosecurity plan ... how we keep players safe and how we ensure there’s minimal cross-over or interaction.” 
Social restrictions have eased in Australia but Victoria has reimposed some after the COVID-19 spike in Melbourne. 
Sports events in Victoria remain closed to the public but other states with lower infection rates are allowed to have crowds of up to 20,000 attend venues. 
Larner said Australian Open organisers had no scenario planning which involved moving the Grand Slam or other warmup events to other parts of the country to reduce COVID-19 risks or give fans access to tennis. 
He added that organisers were confident they could allow fans to safely attend the Australian Open even without COVID-19 being eradicated in Melbourne so long as their movement and spacing could be controlled effectively. 
On the players’ side TA have had positive feedback, Larner said. 
“With some doubt around the back end of the season, we’ve had a lot of players talk to us about coming out to Australia early in December or even November to actually go through whatever quarantining is required at that point of time,” he said. 
“What we’ll see, hopefully, is actually really strong player fields leading into the Australian Open.” 
Reporting by Ian Ransom; Editing by Peter Rutherford"
16,"{'id': 'reuters', 'name': 'Reuters'}",Reuters Editorial,Fact check: Four children have not died from a COVID-19 vaccine containing microchips - Reuters,"A post shared more than 1,160 times on Facebook has made several false claims about children dying in the United States after being administered with a COVID-19 vaccine containing microchips.",https://www.reuters.com/article/uk-factcheck-vaccine-microchip-idUSKBN23V1F5,https://s3.reutersmedia.net/resources/r/?m=02&d=20200624&t=2&i=1523311971&w=1200&r=LYNXMPEG5N13L,2020-06-24T09:51:00Z,"A post shared more than 1,160 times on Facebook has made several false claims about children dying in the United States after being administered with a COVID-19 vaccine containing microchips. 
The post, uploaded on June 18 by a Texas-based Facebook user, specifically claims that four children have died “immediately” after being given the vaccine, which it says will contain radio-frequency identification (RFID) chips. 
It adds that this vaccine will be mandatory for children to take before they can return to school and serves as a warning to homeschool your kids ( here ). 
These claims are false. There are currently no approved vaccines for COVID-19, and Reuters has previously debunked claims of a plan to administer RFID microchips inside them ( here ). 
Reuters has also previously debunked claims of children dying in Africa after being given a COVID-19 vaccine ( here , here ). 
According to the World Health Organisation (WHO), there are currently 142 potential vaccines being developed across the world, 13 of which are undergoing human trials. Four of the candidate vaccines at the human trial stage involve American companies or bodies. Researchers in these four trials are only accepting candidates over 18 years of age. ( here ). 
If and when a vaccine against COVID-19 is eventually approved, it will be up to individual state authorities in the U.S. to determine whether administering it should be mandatory. For the purposes of this post, which was uploaded by a user in Texas, the Texas Department of State Health Services told Reuters that it would be false to say children would not be allowed to return to school without being vaccinated. 
VERDICT 
False. A COVID-19 vaccine has not yet been approved, nor is there evidence that a vaccine once developed will contain an RFID microchip. Candidate vaccines being tested at the human trial stage in the United States are currently being tested on adults only. 
This article was produced by the Reuters Fact Check team. Read more about our work to fact-check social media posts  here ."
17,"{'id': 'reuters', 'name': 'Reuters'}",Reuters Editorial,U.S. new home sales rebound strongly in May - Reuters,"Sales of new U.S. single-family homes increased more than expected in May, suggesting the housing market was on the cusp of recovery after being hammered, together with the broader economy, by the COVID-19 pandemic.",https://www.reuters.com/article/us-usa-economy-housing-idUSKBN23U297,https://s4.reutersmedia.net/resources/r/?m=02&d=20200623&t=2&i=1523205527&w=1200&r=LYNXMPEG5M1BT,2020-06-23T14:08:00Z,"WASHINGTON (Reuters) - Sales of new U.S. single-family homes increased more than expected in May, suggesting the housing market was on the cusp of recovery after being hammered, together with the broader economy, by the COVID-19 pandemic. 
The Commerce Department said on Tuesday new home sales jumped 16.6% to a seasonally adjusted annual rate of 676,000 units last month. New home sales are counted at the signing of a contract, making them a leading housing market indicator. 
April’s sales pace was revised down to 580,000 units from the previously reported 623,000 units. Economists polled by Reuters had forecast new home sales, which account for about 10% of housing market sales, rising 2.9% to a pace of 640,000 in May. 
Reporting by Lucia Mutikani; Editing by Andrea Ricci"
18,"{'id': 'reuters', 'name': 'Reuters'}",Reuters Editorial,"Quotes from Djokovic on tennis amid a pandemic, vaccinations and COVID-19 - Reuters UK","World number one Novak Djokovic tested positive for COVID-19 on Tuesday, days after he hosted a number of players in the Adria Tour exhibition tournament in the Balkan region.",https://uk.reuters.com/article/uk-health-coronavirus-tennis-djokovic-co-idUKKBN23U2I9,https://s4.reutersmedia.net/resources_v2/images/rcom-default.png,2020-06-23T15:32:00Z,"(Reuters) - World number one Novak Djokovic tested positive for COVID-19 on Tuesday, days after he hosted a number of players in the Adria Tour exhibition tournament in the Balkan region. 
Djokovic was criticised for hosting the tournament amid a pandemic after Grigor Dimitrov, Borna Coric and Viktor Troicki also returned positive tests after playing in the tournament that was held in Serbia and Croatia. [nL8N2E03KO][nL4N2DZ262] 
Following is a list of quotes from the 17-times Grand Slam champion on tennis, the pandemic, vaccines and more: 
Djokovic on testing positive for COVID-19 (June 23): 
“The moment we arrived in Belgrade we went to be tested. My result is positive, just as (wife) Jelena’s, while the results of our children are negative. 
“I’m extremely sorry for each individual case of infection. I hope that it will not complicate anyone’s health situation and that everyone will be fine. I will remain in self-isolation for the next 14 days, and repeat the test in five days.” 
Djokovic on mandatory coronavirus vaccinations (April 19): 
“Personally I’m opposed to vaccination and I wouldn’t want to be forced by someone to take a vaccine in order to be able to travel. 
“But if it becomes compulsory, what will happen? I’ll have to make a decision. I have my own thoughts about the matter and whether those thoughts will change at some point, I don’t know.” 
Djokovic on the power of positive emotions (May 6): 
“This is something that is not linked to any form of official way of presenting nutrition and how you should eat and drink. 
“I know some people that, through energetic transformation, through the power of prayer, through the power of gratitude, they managed to turn the most toxic food, or maybe most polluted water into the most healing water. 
“Scientists have proven that in (an) experiment, that molecules in the water react to our emotions to what has been said.” 
Djokovic on the U.S. Open’s strict protocols (June 6): 
“The rules that they told us that we would have to respect to be there, to play at all, they are extreme. We would not have access to Manhattan, we would have to sleep in hotels at the airport, to be tested twice or three times per week. 
“Also, we could bring one person to the club which is really impossible. I mean, you need your coach, then a fitness trainer, then a physiotherapist.” 
Djokovic on staging an exhibition tournament in Serbia amid the pandemic (June 12): 
“We have different circumstances and measures (to other countries) so it’s very difficult to think of international standards (regarding the pandemic). 
“We’ve had better numbers compared to some other countries. Of course, lives have been lost and that’s horrible to see, in the region and worldwide. But life goes on and we as athletes are looking forward to competing. 
“You can also criticise us and say this is maybe dangerous but it’s not up to me to make the calls what is right or wrong health-wise. We are doing what the Serbian government is telling us and hopefully we soon will get back on tour collectively.” 
Djokovic on the prospect of the U.S. Open going ahead and the ATP Tour’s resumption (June 18): 
“Hopefully every single player who is participating, chosen by ranking and who deserves their place at the U.S. Open, will have an equal opportunity to travel there and compete as everybody else. 
“I’m extremely happy and excited to see that all the tournaments, especially Grand Slams, are organising their events. 
“I think that a lot of people were sceptical, especially for the U.S. events considering what the U.S. went through as a country during this pandemic. So a lot of people, including myself, were quite sceptical on whether it would happen or not.” 
Compiled by Arvind Sriram in Bengaluru; Editing by Christian Radnedge"
19,"{'id': 'reuters', 'name': 'Reuters'}",Angelo Amante,Italy industry minister says Alitalia had 232 million euros of liquidity as of May 31 - Reuters,"Alitalia had 232 million euros ($263 million) in its coffers on May 31, Italian industry minister Stefano Patuanelli said on Tuesday, as the government prepares to take over an airline that has burned through cash in the COVID-19 pandemic.",https://www.reuters.com/article/us-italy-alitalia-minister-idUSKBN23U1RY,https://s4.reutersmedia.net/resources/r/?m=02&d=20200623&t=2&i=1523189334&w=1200&r=LYNXMPEG5M118,2020-06-23T14:38:00Z,"ROME (Reuters) - Alitalia had 232 million euros ($263 million) in its coffers on May 31, Italian industry minister Stefano Patuanelli said on Tuesday, as the government prepares to take over an airline that has burned through cash in the COVID-19 pandemic. 
The nationalisation of the loss-making business comes after 11 troubled years of private management and three failed restructuring attempts. 
The government injected 400 million euros into Alitalia at the beginning of this year, after granting a bridge loan of 900 million euros in 2017, which was not paid back. 
“As of May 31 the company had 232 million euros in liquidity ... revenue between January and May amounted to 505 million,” Patuanelli told a parliamentary hearing. 
In the same period last year, the carrier recorded 1.1 billion euros in revenues. 
Transport Minister Paola De Micheli, also addressing parliament on the nationalisation plan, said the government would invest in planes, “particularly for long-haul” flights. 
Rome said last month, as it eased a three-month coronavirus lockdown, that it would inject at least 3 billion euros of fresh capital into Alitalia to relaunch it as a new public company. 
The government planned to nationalise the carrier in early June, but the project has not taken shape yet and the ministers did not give a time frame on Tuesday. 
“We are re-designing an entire sector of national transport ... (Alitalia) cannot be a small-scale company,” De Micheli told lawmakers. 
Rome’s Fiumicino airport, which is run by infrastructure group Atlantia (ATL.MI), will remain key, she said, adding the carrier’s new industrial plan would also envisage investments in Milan’s Malpensa airport for long-haul flights. 
“We need to reduce the average age of our planes, allowing major savings on fuel and a reduction of the environmental impact and maintenance costs,” De Micheli said. 
The ministers gave no information on potential partners for the new airline. Alitalia’s previous alliances with Delta Air Lines (DAL.N) and Air France-KLM (AIRF.PA) expired last month. 
writing by Angelo Amante and Gavin Jones; Editing by Mark Potter"
