,source,author,title,description,url,urlToImage,publishedAt,content
0,"{'id': 'reuters', 'name': 'Reuters'}",Lucia Mutikani,Weak demand keeps U.S. inflation subdued,U.S. consumer prices fell for a third straight month in May and underlying inflation was weak as demand for goods and services remained subdued amid a recession caused by the COVID-19 pandemic.,https://www.reuters.com/article/us-usa-economy-idUSKBN23H2FN,https://s1.reutersmedia.net/resources/r/?m=02&d=20200610&t=2&i=1521783965&w=1200&r=LYNXMPEG591L0,2020-06-10T15:12:05Z,"WASHINGTON (Reuters) - U.S. consumer prices fell for a third straight month in May and underlying inflation was weak as demand for goods and services remained subdued amid a recession caused by the COVID-19 pandemic. 
But with nonessential businesses reopening after shuttering in mid-March to slow the spread of COVID-19, deflation, a decline in the general price level, is unlikely. Still, the report from the Labor Department on Wednesday suggested the disinflationary trend could persist for a while. 
That together with a struggling labor market could see the Federal Reserve maintaining its very accommodative monetary policy stance for some time while nursing the economy back to health. Officials from the U.S. central bank were wrapping up a two-day policy meeting on Wednesday. 
“We expect the crisis to result in a sustained slowing in inflation due to a net increase in slack,” said Jim O’Sullivan, chief U.S. macro strategist at TD Securities in New York. “The trend in inflation was already too low from the perspective of Fed officials. The latest data help the case for Fed officials to send a dovish signal today.” 
The Labor Department said its consumer price index dipped 0.1% last month after plunging 0.8% in April, which was the largest decline since December 2008. Prices were held down by a 3.5% drop in the cost of gasoline, which followed a 20.6% plunge in April. That offset a 0.7% increase in the cost of food last month. Food prices jumped 1.5% in April. 
Prices for food consumed at home rose 1.0% after surging 2.6% in April. The cost of beef shot up a record 10.8% in May, reflecting shortages as a result of COVID-19 infections at meat processing plants. Consumers also paid more for dairy products, fruits and vegetables. But cereals and bakery products were cheaper last month. 
In the 12 months through May, the CPI edged up 0.1%. That was the smallest year-on-year rise since September 2015 and followed a 0.3% increase in April. 
Economists polled by Reuters had forecast the CPI would be unchanged in May and gain 0.2% year-on-year. 
The National Bureau of Economic Research, the arbiter of U.S. recessions, declared on Monday that the economy slipped into recession in February. 
The Labor Department said in-store data collection had remained suspended since March 16 because of risks of exposure to COVID-19. The department added that data collection last month was also impacted “by the temporary closing or limited operations of certain types of establishments,” leading to “an increase in the number of prices being considered temporarily unavailable and imputed.” 
Stocks on Wall Street were mixed as investor attention shifted to the Fed’s first projections on the economy post-coronavirus outbreak. The dollar fell against a basket of currencies. U.S. Treasury prices rose. 
RENTS INCREASE 
Excluding the volatile food and energy components, the CPI slipped 0.1% in May after decreasing 0.4% in April, the largest drop since the series started in 1957. The so-called core CPI fell in March for the first time since January 2010. 
May marked the first time that the core CPI has dropped for three consecutive months. Underlying inflation was depressed by continued decreases in the costs of motor vehicle insurance and apparel. Airline fares fell 4.9% and used cars and trucks prices dropped 0.4%. 
The cost of hotel and motel accommodation dropped 1.8% last month after record 8.1% plunge in April. 
Those price declines offset a 0.3% increase in owners’ equivalent rent of primary residence, which is what a homeowner would pay to rent or receive from renting a home. This rent measure gained 0.2% in April, likely reflecting forbearance agreements between landlords and tenants who have lost their jobs or have had their hours cut because of the global pandemic. 
The economy has shed nearly 20 million jobs since March. 
Healthcare costs increased 0.5% in May after a solid 0.4% rise in April. Consumers paid more for household furnishings, new vehicles, alcoholic beverages and education. 
In the 12 months through May, the core CPI rose 1.2%, the smallest gain since March 2011. The core CPI increased 1.4% year-on-year in April. 
The Fed tracks the core personal consumption expenditures (PCE) price index for its 2% inflation target. The core PCE price index increased 1.0% on a year-on-year basis in April, the smallest advance since December 2010. May’s core PCE price index data will be released at the end of the month. 
“The weakness in the economy should keep downward pressure on inflation over time and we expect softness in the core measures to be reported for upcoming months,” said Daniel Silver, an economist at JPMorgan in New York. “But we think that we probably have moved past the largest sequential monthly declines in inflation that came shortly after the virus spread.” 
Reporting by Lucia Mutikani; Editing by Paul Simao and Andrea Ricci"
1,"{'id': 'reuters', 'name': 'Reuters'}",Reuters Editorial,China says it will still pay attention to economic growth rate,"China will still pay attention to its economic growth rate despite opting not to set a target this year due to heightened uncertainties stemming from the COVID-19 pandemic, an official of the country's cabinet said on Friday.",https://www.reuters.com/article/us-china-parliament-growth-2020-idUSKBN22Y0IY,https://s4.reutersmedia.net/resources/r/?m=02&d=20200522&t=2&i=1519524615&w=1200&r=LYNXMPEG4L0B9,2020-05-22T04:38:28Z,"BEIJING (Reuters) - China will still pay attention to its economic growth rate despite opting not to set a target this year due to heightened uncertainties stemming from the COVID-19 pandemic, an official of the country’s cabinet said on Friday. 
Sun Guojun, one of the writers for the government’s work report presented to the Chinese parliament earlier in the day, told reporters during a briefing that China opted not to set a growth target because the government cannot accurately predict the economic trajectory due to the uncertainties. 
He said economic growth is still important for ensuring that Beijing’s employment and poverty alleviation goals are met. 
China is not abandoning growth, he said. 
Reporting by Gabriel Crossley; Writing by Se Young Lee; Editing my Tom Hogue"
2,"{'id': 'reuters', 'name': 'Reuters'}",Roxanne Liu,Chinese military researchers move a new COVID vaccine candidate into human trial - Reuters,"A Chinese military research institute has been approved to test its second experimental coronavirus vaccine in humans, the eighth candidate in clinical trials for China as it emerges as a front-runner in the global fight against COVID-19.",https://www.reuters.com/article/us-health-coronavirus-china-vaccine-idUSKBN23V2QO,https://s3.reutersmedia.net/resources/r/?m=02&d=20200624&t=2&i=1523362140&w=1200&r=LYNXMPEG5N1XN,2020-06-24T17:45:54Z,"BEIJING (Reuters) - A Chinese military research institute has been approved to test its second experimental coronavirus vaccine in humans, the eighth candidate in clinical trials for China as it emerges as a front-runner in the global fight against COVID-19. 
No vaccine has been approved for sale against the virus that has killed over 470,000 people, but more than a dozen candidates have entered different stages of human test globally. 
The new drug is developed by the Academy of Military Science (AMS), a research institute affiliated with the People’s Liberation Army, and was approved to proceed to human trial by China’s National Medical Products Administration. 
AMS’ latest candidate, named ARCoV, uses mRNA technology, an approach that is also used for candidates developed by Moderna Inc in the United States and German firm CureVac but has never been tested in China-based clinical trials, the institute said in its social media WeChat late on Wednesday. 
“The core raw materials and equipment are all domestically produced, and rapid production capacity ramp-up is achievable,” Qin Chengfeng, a researcher responsible for the mRNA project, said in the statement. 
The Chinese Clinical Trial registry, without naming ARCoV, said a phase 1 clinical trial for an mRNA vaccine, sponsored by AMS, Yunnan Walvax Biotechnology and Suzhou Abogen Biosciences, would start on Thursday and evaluate the safety of the candidate. here
Separately, Ad5-nCoV, a vaccine candidate co-developed by AMS and CanSino Biologics using a different technique, is under phase-2 clinical trial in China and has won approval to begin human testing in Canada. 
Reporting By Roxanne Liu and Se Young Lee in Beijing; editing by Peter Henderson and Cynthia Osterman"
3,"{'id': 'reuters', 'name': 'Reuters'}",Reuters Editorial,Latvia unveils statue for health workers - Reuters,The Latvian capital Riga unveiled a 19-foot tall statue of a female doctor as a gesture of thanks to the country's medical personnel who treated COVID-19 patients.,https://www.reuters.com/video/watch/idOVCJQJZON,https://static.reuters.com/resources/r/?d=20200624&i=OVCJQJZON&r=OVCJQJZON&t=2,2020-06-24T17:32:59Z,"Posted 
The Latvian capital Riga unveiled a 19-foot tall statue of a female doctor as a gesture of thanks to the country's medical personnel who treated COVID-19 patients."
4,"{'id': 'reuters', 'name': 'Reuters'}",Steve Gorman,Researchers lower forecast for U.S. COVID-19 deaths even as cases climb - Reuters India,"A newly revised model projects the U.S. death toll from COVID-19 will reach nearly 180,000 by October, down 22,000 from the last forecast despite several recent weeks of rising case numbers, researchers said on Wednesday.",https://in.reuters.com/article/health-coronavirus-usa-forecast-idINKBN23W0DK,https://s4.reutersmedia.net/resources/r/?m=02&d=20200625&t=2&i=1523413246&w=1200&r=LYNXMPEG5O0BV,2020-06-25T03:45:00Z,"(Reuters) - A newly revised model projects the U.S. death toll from COVID-19 will reach nearly 180,000 by October, down 22,000 from the last forecast despite several recent weeks of rising case numbers, researchers said on Wednesday. 
But the latest forecast here from the University of Washington's Institute for Health Metrics and Evaluation (IHME) also predicts that some 33,000 lives would be saved if at least 95% of Americans consistently wear face coverings in public. 
“People need to know that wearing masks can reduce transmission of the virus by as much as 50%, and those who refuse are putting their lives, their families, their friends and their communities at risk,” IHME’s director, Dr. Christopher Murray, said in a statement. 
The new IHME worst-case forecast - 179,106 U.S. lives lost by Oct. 1 - was revised downward from the 201,000 deaths projected on June 15. 
Several states have reported steadily rising case numbers over the past several weeks, “but deaths are not yet rising at the same rate, a trend which could change in the coming weeks,” the researchers said. 
At least 121,500 Americans have died from COVID-19, the respiratory illness caused by the novel coronavirus, while reported U.S. infections have surpassed 2.37 million, according to a tally by Reuters. 
The revised IHME model, frequently cited by U.S. public health authorities, assumes a re-imposition of rigid social-distancing mandates in states where the daily mortality rates reach exceed eight deaths per 1 million people. 
So far only Texas and Florida, among the states that have been the most aggressive in reopening their economies, have reached this level of resurgence, the researchers said. 
Mask-wearing at current reported levels is included in the model, they said. 
 The projections are a range, with about 180,000 deaths the average between a best-case scenario of 159,497 lives lost and a worst-case scenario of 213,715 fatalities. 
Reporting by Steve Gorman in Los Angeles; Editing by Sandra Maler and Lisa Shumaker"
5,"{'id': 'reuters', 'name': 'Reuters'}",Reuters Editorial,Australians flock to tennis courts after lockdown relaxed - Reuters UK,"Australians have flocked to tennis courts in record numbers since social distancing measures put in place to contain the COVID-19 outbreak were relaxed, Tennis Australia (TA) said on Saturday.",https://uk.reuters.com/article/uk-tennis-australia-idUKKBN23Y063,https://s4.reutersmedia.net/resources_v2/images/rcom-default.png,2020-06-27T03:49:00Z,"SYDNEY (Reuters) - Australians have flocked to tennis courts in record numbers since social distancing measures put in place to contain the COVID-19 outbreak were relaxed, Tennis Australia (TA) said on Saturday. 
Australia has been generally successful in containing the new coronavirus, even if the populous southern state of Victoria on Friday experienced a 10th straight day of double-digit new infections. 
The relaxation of restrictions began in some parts of Australia in early May and the government has pledged to remove the bulk of them by the end of July, although each state and territory is determining its own pace. 
TA said data from its “Book a Court” online system showed a record 32,234 bookings made last month, with traffic doubling from a year earlier among venues that were using the system in May 2019. 
“During the pandemic, we are seeing more people enjoying the social, mental and physical benefits of (tennis) while maintaining strict physical distancing measures,” TA chief executive Craig Tiley said in a statement. 
“As restrictions in most of the country continue to ease over the coming months, we hope to build on these results as we approach our summer.” 
Professional tennis also returns to Australia this weekend with the A$450,000 ($311,000) UTR Pro Series getting underway under strict biosecurity protocols at closed venues in Sydney, Brisbane, Melbourne, Adelaide and Perth. 
Reporting by Nick Mulvenney, editing by William Mallard"
6,"{'id': 'reuters', 'name': 'Reuters'}",Erwin Seba,"New pandemic lockdowns in Texas, Florida rattle business owners - Reuters",Bar and restaurant owners in Texas and Florida were fuming on Friday after state officials abruptly slapped new restrictions on their businesses due to a spike in new COVID-19 cases.,https://www.reuters.com/article/us-health-coronavirus-florida-texas-idUSKBN23X2VS,https://s4.reutersmedia.net/resources/r/?m=02&d=20200626&t=2&i=1523795225&w=1200&r=LYNXMPEG5P1VV,2020-06-26T21:53:08Z,"HOUSTON/MIAMI (Reuters) - Bar and restaurant owners in Texas and Florida were fuming on Friday after state officials abruptly slapped new restrictions on their businesses due to a spike in new COVID-19 cases. 
Owners warned the sudden reversals, just weeks after accelerated reopenings, will drive some out of business. 
“You can’t turn a bar into an UberEats,” said Jeff Kaplan, co-owner of Houston’s Axelrad Beer Garden. He said businesses could not stay afloat relying on the new rules that provide to-go sales but not alcohol consumption on the premises. 
Houston officials advised residents to stay home, and Texas ordered doctors to end elective surgeries as new coronavirus cases set records on three consecutive days. Florida reported nearly 9,000 new infections on Friday, also a record high. 
Houston restaurant owner Peter Mitchell said his revenue has been running a third of normal and fell further as virus cases soared in the region. 
“It’ll be a close call as to whether we stay open,” he said. 
“I wish we had tougher restrictions for another month when we did the 25% occupancy (phase),” said Mitchell. He said his business never has exceeded 25% occupancy, but noted that no regulators have ever checked. 
Florida owners also complained that counties and cities in the state had inconsistent operating rules. 
“The level of ambiguity that we’ve run into every step of the way has been really challenging,” said Will Thompson, owner of Miami’s Jaguar Sun. “It comes back to the lack of clarity from officials.” 
Gabriel Orta, whose company runs hotel food and beverage operations in Miami, said rules are inconsistent. “We don’t have the leadership that we need when we go into a catastrophe,” he added. 
Anthony Wegmann, who ran four bars and restaurants in Texas, closed two after a landlord would not grant a reprieve on rent. “There’s no way a business can pay 100% of their bills on 25% of their revenue,” he said. 
Some are willing to accept the loss of business for the public good. “It was a little unexpected,” said Sara Murray, manager of the Cheers Pub in Friendswood, Texas. “In the end we all have to do what we have to do to keep everyone safe. 
Reporting by Zachary Ferguson in Miami and Erwin Seba in Houston; writing by Gary McWilliams; Editing by David Gregorio"
7,"{'id': 'reuters', 'name': 'Reuters'}",Reuters Editorial,Factbox: Latest on the worldwide spread of the coronavirus - Reuters India,"A World Health Organization-led coalition fighting the COVID-19 pandemic is asking government and private sector donors to help raise $31.3 billion in the next 12 months to develop and deliver tests, treatments and vaccines for the disease.",https://in.reuters.com/article/health-coronavirus-latest-factbox-idINKBN23Y02N,https://s2.reutersmedia.net/resources/r/?m=02&d=20200627&t=2&i=1523811919&w=1200&r=LYNXMPEG5Q01H,2020-06-27T02:10:00Z,"(Reuters) - A World Health Organization-led coalition fighting the COVID-19 pandemic is asking government and private sector donors to help raise $31.3 billion in the next 12 months to develop and deliver tests, treatments and vaccines for the disease. 
DEATHS AND INFECTIONS 
* More than 9.66 million people have been reported to be infected by the novel coronavirus globally and 489,398 have died, a Reuters tally showed as of 1600 GMT on Friday. 
* For an interactive graphic tracking the global spread, open tmsnrt.rs/3aIRuz7 in an external browser. 
* For a U.S.-focused tracker with state-by-state and county map, open tmsnrt.rs/2w7hX9T in an external browser. 
EUROPE 
* Families of elderly Spanish virus victims are initiating hundreds of compensation and criminal claims for nursing home residents who died often without hospital care in a legal morass that could affect the national political balance. 
* Britain’s official death toll from confirmed COVID-19 cases rose by 186 to 43,414, the Department of Health said on Friday. 
* Greek Prime Minister Kyriakos Mitsotakis and Turkish President Tayyip Erdogan discussed the impact of the pandemic by phone, Athens and Ankara said - rare such contact for two neighbours at odds over a range of issues. 
AMERICAS 
* With new cases surging in Texas and Florida, officials ordered bars to close again and imposed tighter restrictions on restaurants, setting back efforts to reopen their economies. 
* The novel coronavirus, now spreading through the smaller towns of Brazil’s interior, risks returning to major cities in a so-called “boomerang effect,” as a lack of specialized medical treatment forces patients into larger urban centers. 
* New York Governor Andrew Cuomo criticized states that reopened their economies before getting the virus under control, saying there was “undeniable, irrefutable evidence” those states made a mistake. 
ASIA-PACIFIC 
* Japan recorded on Friday more than 100 new infections for the first time since May 9, hitting its highest daily total since it eased a lockdown, Kyodo News reported. 
* Australia will stick with plans to further ease coronavirus curbs, Prime Minister Scott Morrison said, despite a spike in infections in Victoria state. 
MIDDLE EAST AND AFRICA 
* South Africa will allow casinos and cinemas to reopen and restaurants to resume sit-down meals on Monday in a further easing of lockdown restrictions despite a sharp rise in infections. 
* Israel and the United Arab Emirates will cooperate in the fight against the coronavirus, the two countries said on Thursday. 
MEDICAL DEVELOPMENTS 
* Astrazeneca’s (AZN.L) COVID-19 vaccine candidate is probably the world’s leading candidate and most advanced in terms of development, the WHO’s chief scientist said. 
* Vaxart Inc (VXRT.O) said it would test its experimental oral COVID-19 vaccine on monkeys infected with the coronavirus in a study funded by the Trump administration’s vaccine-acceleration program called “Operation Warp Speed”. 
* The U.S. will ship more of Gilead Sciences Inc’s (GILD.O) antiviral treatment remdesivir to states experiencing an increase in cases. 
Healthcare workers handle a swab sample from a patient at a drive-thru testing site for the coronavirus disease (COVID-19) in Monterrey, Mexico June 26, 2020. REUTERS/Daniel Becerril
ECONOMIC FALLOUT 
* Mexico’s economy shrank by a record 17% during April as the lockdown devastated economic activity, official data showed. 
* International Monetary Fund Managing Director Kristalina Georgieva said the global economic crisis spurred by the coronavirus could ultimately test the Fund’s $1 trillion in total resources, “but we’re not there yet.” 
* The outlook for a global economic recovery over the past month has worsened or at best stayed about the same, according to a firm majority of economists in Reuters polls, with the ongoing recession expected to be deeper than predicted. 
Compiled by Anna Rzhevkina and Devika Syamnath; Editing by Frances Kerry and Maju Samuel"
8,"{'id': 'reuters', 'name': 'Reuters'}",Sudipto Ganguly,"Tennis: Wuhan's spot on 2020 calendar offers hope for all, says organiser - Reuters","When the WTA announced a provisional list of tournaments for the remainder of a season that will be forever defined by the COVID-19 outbreak last week, one name above all stood out -- the Wuhan Open.",https://www.reuters.com/article/us-health-coronavirus-tennis-wuhan-idUSKBN23Y031,https://s4.reutersmedia.net/resources/r/?m=02&d=20200627&t=2&i=1523812276&w=1200&r=LYNXMPEG5Q01S,2020-06-27T02:17:00Z,"MUMBAI (Reuters) - When the WTA announced a provisional list of tournaments for the remainder of a season that will be forever defined by the COVID-19 outbreak last week, one name above all stood out the Wuhan Open. 
It was in the central Chinese city, the home of China’s first Grand Slam champion Li Na, that the novel coronavirus first emerged before spreading to the rest of the world, forcing the suspension of professional tennis in early March. 
Wuhan has accounted for the majority of China’s coronavirus deaths to date and the city was subject to one of the strictest lockdowns in the world for 76 days. 
“To go through that, to overcome that, I think it’s huge,” the tournament’s co-director Brenda Perry told Reuters from her home in Auckland. 
“It’s huge symbolism and I think very inspiring for everybody there. 
“At the moment that’s one of the first to experience the closest to being back to normal that we see around the world. It’s a very hopeful story for not just Wuhan but for China, for the world, of overcoming a huge challenge.” 
After a cluster of new cases of the virus in May sparked fears of a second spike, Wuhan tested 9.9 million people out of a population of 11 million. 
“I feel that Wuhan did some incredible job on recovery,” Perry said. 
“I don’t think we hear much about that. Not as much as the fact that COVID-19 started in Wuhan. And they have almost everything back to normal, whether it’s transport or restaurants or cinemas, people going back to work in the offices or their industries.” 
Perry said she had been in touch with the local organising team on a daily basis as they prepare to start the tournament on Oct. 19, pending government approval and confirmation that players will be able to travel. 
“I’ve never heard from Wuhan, ‘we can’t do this’,” she said, adding that a final call on the event was expected by early August. 
“In many ways Wuhan is fortunate that the tournament is toward the end of the calendar and it’s got the maximum time for recovery.” 
‘ZERO HESITATION’ 
There are many roadblocks still and Perry concedes that convincing players to sign up will be a tall order. 
The current top three in the rankings - Ash Barty, Simona Halep and Karolina Pliskova - were in the 2019 field of the event. 
Perry appreciates that athletes will have health concerns but she hopes to use her background as a former professional and a player representative on the WTA board to help convince them to play. 
“It’s going to be very important that we communicate to the players,” she said. 
“(If it’s unsafe) I’ll be the first one to go ‘Hey, you shouldn’t be going there’. 
“I have zero hesitation right now about going to Wuhan ... I believe it’s one of the safest cities to go to anywhere in the world because it’s probably the most tested city in the world.” 
Because of the financial impact of the COVID-19 shutdown on sport, Wuhan, like all of the WTA’s Premier 5 events, will see a 32% cut in prize money. 
The Wuhan Open is currently committed to having no fans 13,500 of them turned out for the 2019 final and negotiations with sponsors are expected to be tricky. 
“It’s a very different conversation now and we are looking at trying to be innovative as to what we can offer,” Perry said. 
“One of the things could be being associated with such a positive comeback. I think that will hopefully be a story of interest for our sponsors to be associated with.” 
Reporting by Sudipto Ganguly; editing by Nick Mulvenney and Toby Davis"
9,"{'id': 'reuters', 'name': 'Reuters'}",Reuters Editorial,Cricket-Six Pakistan players get negative result in second COVID test - Reuters,"Six of the 10 Pakistan cricketers bound for England who tested positive for COVID-19 have now registered negative results on re-testing, the Pakistan Cricket Board (PCB) said on Saturday.",https://www.reuters.com/article/health-coronavirus-cricket-pakistan-idUSL4N2E403E,https://s4.reutersmedia.net/resources_v2/images/rcom-default.png,2020-06-27T12:55:00Z,"LAHORE, Pakistan, June 27 (Reuters) - Six of the 10 Pakistan cricketers bound for England who tested positive for COVID-19 have now registered negative results on re-testing, the Pakistan Cricket Board (PCB) said on Saturday. 
Mohammad Hasnain, Shadab Khan, Fakhar Zaman, Mohammad Rizwan, Mohammad Hafeez and Wahab Riaz, however, must return a second negative result before they can join the main squad of 20 players who will leave for England on Sunday. 
“These players were asymptomatic, which means their chances of regaining complete fitness are higher and brighter than most,” PCB chief executive Wasim Khan said in a statement. 
“As soon as these players test negative twice through the PCB testing process they will be flown to England to join the squad.” 
Kashif Bhatti, Haris Rauf, Haider Ali and Imran Khan have tested positive again. 
Pakistan are scheduled to play three test matches and three T20 internationals behind closed doors in August-September, although the exact dates and venues have not been announced yet. 
After reaching Manchester on Sunday, the players will undergo COVID-19 tests before moving to Worcestershire for a 14-day isolation period, the PCB said. 
Test captain Azhar Ali and limited-overs skippers Babar Azam will be in the first batch of players, accompanied by head coach Misbah-ul-Haq. 
Fast bowling coach Waqar Younis will travel to England from Australia, while Twenty20 specialist Shoaib Malik has been allowed to join late after meeting his family in India. 
“With the test series being played first in August, Misbah is satisfied with the group of players that are travelling on Sunday as the focus will be on red-ball preparation,” the PCB CEO added. (Reporting by Amlan Chakraborty in New Delhi; Editing by Hugh Lawson)"
10,"{'id': 'reuters', 'name': 'Reuters'}",Reuters Editorial,Golf: Jason Day to play as single on Saturday after requesting COVID-19 test - Reuters India,"Former world number one Jason Day will play the third round of the Travelers Championship in Cromwell, Connecticut as a single after requesting a COVID-19 test on Saturday morning, the PGA Tour has confirmed.",https://in.reuters.com/article/health-coronavirus-golf-travelers-idINKBN23Y0L1,https://s2.reutersmedia.net/resources/r/?m=02&d=20200627&t=2&i=1523836732&w=1200&r=LYNXMPEG5Q0DI,2020-06-27T13:51:00Z,"(Reuters) - Former world number one Jason Day will play the third round of the Travelers Championship in Cromwell, Connecticut as a single after requesting a COVID-19 test on Saturday morning, the PGA Tour has confirmed. 
The PGA Tour said in a statement that if Day returns a negative coronavirus test, he will tee off alone from the 10th hole as a precautionary measure. 
Day, who has competed in all three PGA Tour events since the tour’s resumption following a three-month break due to the pandemic, missed the cut at the Charles Schwab Challenge and RBC Heritage. 
The Australian, who opened with rounds of 67 and 69, was at four-under-par overall after 36 rounds, nine shots behind leader Phil Mickelson. 
Nick Watney last week became the first Tour player to test positive, and Cameron Champ did so at a pre-tournament screening this week. 
World number four Brooks Koepka and Northern Ireland’s Graeme McDowell withdrew from the Travelers as a precaution after their caddies tested positive. The two golfers tested negative. 
World number five Webb Simpson opted out after a family member tested positive, while Koepka’s brother Chase withdrew as he played a practice round with Brooks and McDowell. 
Denny McCarthy, the third golfer on the Tour to return a positive test, withdrew on Friday, while Bud Cauley, who played alongside McCarthy in the opening round, dropped out as a precautionary measure. 
Reporting by Arvind Sriram in Bengaluru; Editing by Hugh Lawson"
11,"{'id': 'reuters', 'name': 'Reuters'}",Reuters Editorial,Golf: Calls to shut down Travelers after COVID-19 positives were silly says McIlroy - Reuters India,"World number one Rory McIlroy said on Thursday that it would have been silly to cancel this week's Travelers Championship in Cromwell, Connecticut after Cameron Champ and two caddies tested positive for COVID-19 ahead of the tournament.",https://in.reuters.com/article/health-coronavirus-golf-travelers-idINKBN23X0GH,https://s3.reutersmedia.net/resources/r/?m=02&d=20200626&t=2&i=1523690498&w=1200&r=LYNXMPEG5P09Q,2020-06-26T04:03:00Z,"(Reuters) - World number one Rory McIlroy said on Thursday that it would have been silly to cancel this week’s Travelers Championship in Cromwell, Connecticut after Cameron Champ and two caddies tested positive for COVID-19 ahead of the tournament. 
American Champ withdrew from the event after testing positive at a pre-tournament screening while world number four Brooks Koepka and Graeme McDowell also withdrew as a precaution when their caddies tested positive. 
McIlroy, who shot a seven-under 63 in the opening round, praised PGA Tour commissioner Jay Monahan for allowing the tournament to go ahead despite the positive tests. 
“I thought Jay did a wonderful job yesterday, just relaying the information and where the PGA Tour stands and where we’re going forward,” Northern Irishman McIlroy told reporters. 
“You hear one or two positive tests and people are panicking. I saw a couple of calls to shut the tournament down, which is silly from my point of view. 
“There’s been almost 3,000 tests administered and the percentage of positive tests, it’s a quarter of a percent. I think, as a whole, it has been going really well. There’s a couple of loose ends that we needed to tidy up.” 
The Travelers Championship at TPC River Highlands is the third of five events on the PGA Tour’s revamped schedule. 
It is closed to spectators in a bid to help stem the spread of the novel coronavirus. 
Canadian Mackenzie Hughes fired an error free 10-under 60 to take an early first-round lead, three shots clear of McIlroy. 
Reporting by Rohith Nair in Bengaluru; Editing by Ken Ferris"
12,"{'id': 'reuters', 'name': 'Reuters'}",Reuters Editorial,Molecular Partners hopes for COVID-19 rebound after eye drug failure - Reuters,"Molecular Partners aims to treat patients with its COVID-19 drug candidate this year, Chief Executive Patrick Amstutz said on Friday, as the Swiss company hopes it will help it recover from the failure of its eye drug abicipar.",https://www.reuters.com/article/us-health-coronavirus-molecular-prtnrs-a-idUSKBN23X0VM,https://s3.reutersmedia.net/resources/r/?m=02&d=20200626&t=2&i=1523703265&w=1200&r=LYNXMPEG5P0JM,2020-06-26T06:57:00Z,"ZURICH (Reuters) - Molecular Partners aims to treat patients with its COVID-19 drug candidate this year, Chief Executive Patrick Amstutz said on Friday, as the Swiss company hopes it will help it recover from the failure of its eye drug abicipar. 
Amstutz, who called the U.S. Food and Drug Administration’s snub of abicipar a “very disappointing moment”, said Molecular Partners was well-financed into the second half of 2021, despite the fact that a big milestone payment now will not come from AbbVie, its partner in the eye drug. 
Reporting by John Miller; editing by David Evans"
13,"{'id': 'reuters', 'name': 'Reuters'}",Reuters Editorial,Lufthansa investors back $10 bln German government rescue - Reuters,"Lufthansa shareholders on Thursday backed a 9 billion euro ($10 billion) government bailout, securing the future of Germany's flagship airline after it was brought to the brink of collapse by the COVID-19 pandemic.",https://www.reuters.com/article/health-coronavirus-lufthansa-rescue-vote-idUSL8N2E24S4,https://s4.reutersmedia.net/resources_v2/images/rcom-default.png,2020-06-25T16:29:00Z,"LONDON, June 25 (Reuters) - Lufthansa shareholders on Thursday backed a 9 billion euro ($10 billion) government bailout, securing the future of Germany’s flagship airline after it was brought to the brink of collapse by the COVID-19 pandemic. 
The plan, backed by 98% of the shareholder capital that cast a vote at the online meeting, will see Berlin take a 20% stake in Lufthansa and two board seats. 
Reporting by Ilona Wissenbach and Ludwig Burger; Editing by
Edmund Blair"
14,"{'id': 'reuters', 'name': 'Reuters'}",Reuters Editorial,Texas temporarily halts phased reopening as COVID-19 infections surge - Reuters,Texas Governor Greg Abbott said on Thursday that he was temporarily halting the state's phased economic reopening in response to a recent jump in COVID-19 infections and hospitalizations.,https://www.reuters.com/article/us-health-coronavirus-usa-texas-idUSKBN23W2QW,https://s4.reutersmedia.net/resources/r/?m=02&d=20200625&t=2&i=1523631487&w=1200&r=LYNXMPEG5O20X,2020-06-25T16:44:22Z,"(Reuters) - Texas Governor Greg Abbott said on Thursday that he was temporarily halting the state’s phased economic reopening in response to a recent jump in COVID-19 infections and hospitalizations. 
“This temporary pause will help our state corral the spread until we can safely enter the next phase of opening our state for business,” Abbott said in a statement. 
Texas, the second largest U.S. state by population, has had one of the biggest surges in new coronavirus infections in the country. The state has reported more than 5,000 new cases for three days in a row and hit successive records for COVID-19 hospitalizations for 13 consecutive days. 
The proportion of Texans testing positive for the virus has risen to 10%, one of the few states in the country with a double-digit positivity rate. 
Abbott said businesses that were allowed to open under the state’s previous phases can continue to operate at their designated occupancy levels and under the previously set minimum standard health protocols. 
Reporting by Peter Szekely in New York and Lisa Shumaker in Chicago; Editing by Chizu Nomiyama and Bill Berkrot"
15,"{'id': 'reuters', 'name': 'Reuters'}",Reuters Editorial,Japan's COVID-19 app reaches 4 million downloads in first week - Reuters India,Japan's COVID-19 contact-tracing app has been downloaded more than 4 million times since its launch a week ago as the government seeks to head off a second wave of infections now that businesses and schools have reopened.,https://in.reuters.com/article/health-coronavirus-japan-apps-idINKBN23X0T2,https://s4.reutersmedia.net/resources_v2/images/rcom-default.png,2020-06-26T06:38:00Z,"TOKYO (Reuters) - Japan’s COVID-19 contact-tracing app has been downloaded more than 4 million times since its launch a week ago as the government seeks to head off a second wave of infections now that businesses and schools have reopened. 
Health ministry official Yasuyuki Sahara said while there was no target number for downloads, “we want to make as many people as possible to use this app”. 
Apps such as this may be able to halt an epidemic if usage reaches 60% of the population, according to an Oxford University study. 
Yuki Furuse, a professor at Kyoto University, said there’s debate about whether usage has to be that high to be effective, but “the more people use the app, the more it would be effective for the outbreak response.” 
Japan lifted a state of emergency in late May. It has weathered the epidemic better than most developed countries, with almost 18,000 infections and 969 deaths. 
The app, named COCOA for Contact-Confirming Application, was designed by Microsoft Corp and is available for Apple Inc’s iPhone and devices using Google’s Android software. 
It uses Bluetooth signals to detect contact with nearby users lasting 15 minutes or more. If a user later tests positive for the virus, their contacts can be traced and notified through the programme. 
Numerous countries have rolled out contact-tracing apps, including Australia, Malaysia, Britain, India, Germany and Italy. 
Singapore was among the first with its TraceTogether app launched in March, but privacy concerns hampered its uptake, prompting a switch to wearable devices. 
The new coronavirus, which was first detected in China in late 2019, has infected more than 9.62 million people globally and 488,467 have died, according to a Reuters tally. 
Reporting by Rocky Swift; Editing by Michael Perry"
16,"{'id': 'reuters', 'name': 'Reuters'}",Nivedita Balu,Nike posts surprise loss as COVID-19 hits wholesale business - Reuters India,Nike Inc on Thursday reported an unexpected quarterly loss - its first in more than two years - hurt by closures of department and retail stores due to lockdowns spurred by the COVID-19 pandemic.,https://in.reuters.com/article/nike-results-idINKBN23X0H4,https://s2.reutersmedia.net/resources/r/?m=02&d=20200626&t=2&i=1523690442&w=1200&r=LYNXMPEG5P0AH,2020-06-26T04:03:00Z,"(Reuters) - Nike Inc on Thursday reported an unexpected quarterly loss - its first in more than two years - hurt by closures of department and retail stores due to lockdowns spurred by the COVID-19 pandemic. 
The footwear maker’s shares fell about 4% in after-hours trading. 
The wholesale business, through which Nike sells merchandise to other retailers, came to a halt amid the health crisis. That led to a 50% fall in shipments, increased inventory and higher costs due to order cancellations. 
As a result, gross margin fell 820 basis points in the fourth quarter, when company-owned stores and other retailers were closed for nearly eight weeks. 
However, Nike’s investments in its digital platform over the years helped it record a 75% rise in online sales, as many consumers shopped for activewear and sneakers from the comfort of their homes. 
Chief Executive Officer John Donahoe told analysts the company is now accelerating focus on its online presence, and expects its overall business to reach 50% digital penetration. Online sales accounted for 30% of total revenue in the quarter. 
“COVID-19 has shown that our strategy is sound,” Donahoe said. 
In China, where the virus was first detected, all of Nike’s stores are now open. Revenue fell 3% in the Greater China region, while they plunged nearly 47% in North America. 
Forrester Research retail analyst Sucharita Kodali said the Nike brand is still strong and China sales number is an indicator of what to expect in western markets and the United States as things normalize. 
“It’s not financially distressed ... It does not have the problems of other companies in retail.” 
Nike’s net loss came in at 51 cents per share and revenue fell 38% to $6.31 billion. 
Wall Street was expecting a profit of 7 cents per share and revenue of $7.32 billion, according to IBES data from Refinitiv. 
Reporting by Nivedita Balu in Bengaluru; Editing by Maju Samuel"
17,"{'id': 'reuters', 'name': 'Reuters'}",Reuters Editorial,U.S. to ship remdesivir to states including California and Texas with rising COVID-19 cases - Reuters,"The U.S. government will ship more of Gilead Sciences Inc's antiviral treatment remdesivir to states experiencing an increase in COVID-19 cases including California, Texas, Florida and Arizona, according to the Department of Health and Human Services' website.",https://www.reuters.com/article/us-health-coronavirus-gilead-sciences-idUSKBN23X2LI,https://s3.reutersmedia.net/resources/r/?m=02&d=20200626&t=2&i=1523778927&w=1200&r=LYNXMPEG5P1PM,2020-06-26T18:12:00Z,"NEW YORK (Reuters) - The U.S. government will ship more of Gilead Sciences Inc’s (GILD.O) antiviral treatment remdesivir to states experiencing an increase in COVID-19 cases including California, Texas, Florida and Arizona, according to the Department of Health and Human Services’ website. 
The government reallocated remdesivir to states with increasing cases, White House task force coordinator Deborah Birx said during a briefing on Friday. 
HHS said on its website that the doses will ship starting Monday and extinguish the full amount of Gilead’s donation of 120,647 treatment courses. It said it would continue to work with Gilead to determine how the company’s anticipated inventory of 2 million doses by year’s end will be allocated. 
California will receive 464 cases of 40 vials each, Texas will receive 448 cases of 40 vials, Florida will receive 360 cases of 40 vials and Arizona will receive 356 cases of 40 vials, according to the website. 
Gilead donated the courses after the treatment received emergency use authorization from the U.S. Food and Drug Administration last month. 
New York, which was one of the hardest hit states initially, was allocated 2,714 cases in total. 
Reporting by Caroline Humer; Editing by Tom Brown"
18,"{'id': 'reuters', 'name': 'Reuters'}",Nancy Lapid,Antibody test accuracy unclear; COVID-19 risks higher for pregnant women - Reuters,"The following is a brief roundup of some of the latest scientific studies on the novel coronavirus and efforts to find treatments and vaccines for COVID-19, the illness caused by the virus.",https://www.reuters.com/article/us-health-coronavirus-science-idUSKBN23X2NG,https://s2.reutersmedia.net/resources/r/?m=02&d=20200626&t=2&i=1523781765&w=1200&r=LYNXMPEG5P1QF,2020-06-26T18:57:00Z,"(Reuters) - The following is a brief roundup of some of the latest scientific studies on the novel coronavirus and efforts to find treatments and vaccines for COVID-19, the illness caused by the virus. 
COVID-19 antibody tests not backed by solid data 
Studies assessing the accuracy of COVID-19 antibody tests had major shortcomings, an analysis released on Thursday found, indicating that existing research does not prove the tests can confirm with certainty whether people have been infected with the novel coronavirus. Cochrane, a British-based journal that reviews research evidence, looked at 54 studies that sought to measure the reliability of the antibody blood tests. The studies were often small, did not use the most reliable methods, and their results were often incomplete, the analysis found. The analyzed studies looked at nearly 16,000 blood samples, 89% of which had a high risk of bias because patients were unlikely to match the general population. The review identified data from 25 commercial COVID-19 tests, a fraction of the roughly 300 such tests that exist. The review did not include tests offered by Roche or Abbott Laboratories, which were approved by regulators after the analysis began. (reut.rs/2CAXSf1; bit.ly/2YyTxlb) 
Pregnant women have greater risk for severe COVID-19 
Pregnant women face an increased risk of severe coronavirus infections, a U.S. Centers for Disease Control and Prevention study released on Thursday showed. Pregnant women with COVID-19 are 50% more likely to need intensive care and 70% more likely to be put on mechanical ventilators than non-pregnant women, although pregnant women did not have a higher risk of death, CDC researchers reported in the agency's Morbidity and Mortality Weekly Report. Hispanic and non-Hispanic Black pregnant women appear to be disproportionately affected by the coronavirus infection during pregnancy, the study also found. Earlier in the pandemic, researchers in China and Britain reported no extra risk for pregnant women. But last month, a large study in Sweden found pregnant women infected with the virus were more than five times as likely to need intensive care and four times more likely to need invasive mechanical ventilation. The CDC study did not include data on how COVID-19 affects the outcomes of pregnancies. (reut.rs/38aqHe3; bit.ly/2CKVF0P) 
Coronavirus traces found in Spanish sewage from March 2019 
Spanish researchers have found traces of the novel coronavirus in Barcelona wastewater collected in March 2019, nine months before COVID-19 was identified in the Chinese city of Wuhan. University of Barcelona virologists led by Albert Bosch had been monitoring wastewater since April of this year. When they decided to test older samples, they said they found genetic material from the virus in one sample from March 12, 2019. The presence of the virus genome so early in Spain, if confirmed, would indicate the pathogen appeared much earlier than previously thought. In their not-yet-peer-reviewed paper posted on Friday on medRxiv, the researchers also said they found the virus in Barcelona wastewater from Jan. 15 of this year, 41 days before the first case was officially reported there. Joan Ramon Villalbi of the Spanish Society for Public Health and Sanitary Administration said it was still early to draw definitive conclusions based on these findings. ""When it's just one result, you always want more data, more studies, more samples to confirm it and rule out a laboratory error or a methodological problem,"" he said. (reut.rs/2Zb8sBb; bit.ly/382ZNot) 
Flu vaccine use in elderly may be linked to community coronavirus mortality 
COVID-19 death rates may be lower in communities where large proportions of elderly residents received flu vaccines, based on data from more than 2,000 counties around the United States. Researchers found that a 10% increase in vaccination coverage among people older than 65 was associated on average with a 28% decrease in the COVID-19 death rate in a given county. It is possible that social, economic and health factors contributed to lower coronavirus mortality in counties where more seniors got flu vaccines, the researchers said. Their findings were based on data reported by counties, not by individuals. Still, the researchers said, ""The significant public health implications of this possibility point to an urgent need for studying the relationship between influenza vaccination and COVID-19 mortality at the individual level, to investigate both the epidemiology and any underlying biological mechanism."" On Friday, the U.S. Centers for Disease Control and Prevention said flu vaccination during the pandemic is very important to reduce the overall impact of respiratory illnesses on the population and ease burdens on the healthcare system. (bit.ly/3dBQnkP) 
Bring sick kids for medical care during lockdown, doctors say 
With lockdown orders in place, parents may hesitate to take sick children to the doctor. But research by pediatricians in Britain concluded that if medical care is delayed - particularly when a child appears seriously ill - ""the unintended consequences of the lockdown will do more harm and claim more children's lives than COVID-19."" Among nearly 2,500 pediatricians surveyed for the study published on Thursday in Archives of Disease in Childhood, one in three said they had dealt with medical emergencies in children who probably would have sought medical care before becoming so ill were it not for the pandemic. Children with diabetes were most often involved, but also those with life threatening blood infections and cancer, survey responses indicated. (bit.ly/3i4CSNY) 
Open here in an external browser for a Reuters graphic on vaccines and treatments in development. 
Reporting by Nancy Lapid, John Miller, Caroline Humer, Emma Pinedo, Nathan Allen and Inti Landauro; Editing by Will Dunham"
19,"{'id': 'reuters', 'name': 'Reuters'}",Sudipto Ganguly,"INTERVIEW-Tennis-Wuhan's spot on 2020 calendar offers hope for all, says organiser - Reuters","When the WTA announced a provisional list of tournaments for the remainder of a season that will be forever defined by the COVID-19 outbreak last week, one name above all stood out -- the Wuhan Open.",https://in.reuters.com/article/healthcoronavirus-tennis-wuhan-idINL4N2E22OB,https://s4.reutersmedia.net/resources_v2/images/rcom-default.png,2020-06-27T02:00:00Z,"MUMBAI, June 27 (Reuters) - When the WTA announced a provisional list of tournaments for the remainder of a season that will be forever defined by the COVID-19 outbreak last week, one name above all stood out the Wuhan Open. 
It was in the central Chinese city, the home of China’s first Grand Slam champion Li Na, that the novel coronavirus first emerged before spreading to the rest of the world, forcing the suspension of professional tennis in early March. 
Wuhan has accounted for the majority of China’s coronavirus deaths to date and the city was subject to one of the strictest lockdowns in the world for 76 days. 
“To go through that, to overcome that, I think it’s huge,” the tournament’s co-director Brenda Perry told Reuters from her home in Auckland. 
“It’s huge symbolism and I think very inspiring for everybody there. 
“At the moment that’s one of the first to experience the closest to being back to normal that we see around the world. It’s a very hopeful story for not just Wuhan but for China, for the world, of overcoming a huge challenge.” 
After a cluster of new cases of the virus in May sparked fears of a second spike, Wuhan tested 9.9 million people out of a population of 11 million. 
“I feel that Wuhan did some incredible job on recovery,” Perry said. 
“I don’t think we hear much about that. Not as much as the fact that COVID-19 started in Wuhan. And they have almost everything back to normal, whether it’s transport or restaurants or cinemas, people going back to work in the offices or their industries.” 
Perry said she had been in touch with the local organising team on a daily basis as they prepare to start the tournament on Oct. 19, pending government approval and confirmation that players will be able to travel. 
“I’ve never heard from Wuhan, ‘we can’t do this’,” she said, adding that a final call on the event was expected by early August. 
“In many ways Wuhan is fortunate that the tournament is towards the end of the calendar and it’s got the maximum time for recovery.” 
‘ZERO HESITATION’ 
There are many roadblocks still and Perry concedes that convincing players to sign up will be a tall order. 
The current top three in the rankings - Ash Barty, Simona Halep and Karolina Pliskova - were in the 2019 field of the event. 
Perry appreciates that athletes will have health concerns but she hopes to use her background as a former professional and a player representative on the WTA board to help convince them to play. 
“It’s going to be very important that we communicate to the players,” she said. 
“(If it’s unsafe) I’ll be the first one to go ‘Hey, you shouldn’t be going there’. 
“I have zero hesitation right now about going to Wuhan ... I believe it’s one of the safest cities to go to anywhere in the world because it’s probably the most tested city in the world.” 
Because of the financial impact of the COVID-19 shutdown on sport, Wuhan, like all of the WTA’s Premier 5 events, will see a 32% cut in prize money. 
The Wuhan Open is currently committed to having no fans 13,500 of them turned out for the 2019 final and negotiations with sponsors are expected to be tricky. 
“It’s a very different conversation now and we are looking at trying to be innovative as to what we can offer,” Perry said. 
“One of the things could be being associated with such a positive comeback. I think that will hopefully be a story of interest for our sponsors to be associated with.” (Reporting by Sudipto Ganguly; editing by Nick Mulvenney and Toby Davis)"
