,source,author,title,description,url,urlToImage,publishedAt,content
0,"{'id': 'the-verge', 'name': 'The Verge'}",Chaim Gartenberg,Qualcomm expects phone shipments to drop by 30 percent next quarter due to COVID-19,"Qualcomm has announced that it expects global phone shipments to fall by 30 percent next quarter, following a drop of 21 percent in Q2 due to the ongoing coronavirus pandemic.",https://www.theverge.com/2020/4/29/21241911/qualcomm-earnings-q2-phone-shipments-drop-30-percent-covid-19,https://cdn.vox-cdn.com/thumbor/hrqPGz0-hwTkVELQHZjLXuTLWeU=/0x146:2040x1214/fit-in/1200x630/cdn.vox-cdn.com/uploads/chorus_asset/file/11447609/acastro_180529_1777_qualcomm_0002.0.jpg,2020-04-29T22:47:23Z,"Even as it beat its revenue expectations in Q2
Illustration by Alex Castro / The Verge
Qualcomm expects smartphone shipments to fall 30 percent in the comings months due to the coronavirus pandemic, the company said today, cutting its previous projections for the next quarter.
Thats in addition to the 21 percent reduction in demand for phones that the company noted in the past quarter, which it reported in an earnings release this afternoon. Qualcomm did still manage to beat its Q2 revenue expectations despite that drop in demand, with Q2 revenue of $5.2 billion (compared to the projected $5.02 billion), but net income was down dramatically, dropping 29 percent year-over-year to $468 million. 
Qualcomm says there are three coronavirus-related factors that could impact sales in the coming months:
<ul><li>How the COVID-19 virus, and government policies around the world to prevent its spread, will impact business and consumer confidence</li><li>Demand for new smartphones sold by customers or licensees that use Qualcomm products</li><li>The state of the global wireless supply chain, distribution networks, and workforces </li></ul>The company also also cites other, non-coronavirus-related factors that may impact its revenue in the company quarter, including its licensing dispute with Huawei, network rollouts, and its dependance on a small number of customers and licensees and the premium-tier device segment of the market. 
Despite the expected drop in demand for new devices, Qualcomm is still sticking to its original estimate for 5G devices shipped in 2020, with the company expecting to see 175 million and 225 million 5G phone shipments this year. The nascent 5G market is a big part of Qualcomms business, with the companys modems serving as some of the only viable options for device manufacturers to support the next-generation network to the point where Apple was forced to settle its ongoing disputes with the company in order to get access to those modems for its upcoming 5G iPhones."
1,"{'id': 'the-verge', 'name': 'The Verge'}",Sean O'Kane,Hummer EV launch event delayed due to the COVID-19 pandemic,"The 1,000 horsepower electric Hummer truck was supposed to be unveiled on May 20th, but that event is being postponed due to the novel coronavirus pandemic. General Motors has not set a new date for the reveal, but it says production isn’t affected. The reviv…",https://www.theverge.com/2020/4/29/21241285/hummer-ev-launch-event-delayed-covid-19-coronavirus-pandemic,https://cdn.vox-cdn.com/thumbor/CDP3FM-KFNzLLUE9TCFey6T1q2k=/0x38:1920x1043/fit-in/1200x630/cdn.vox-cdn.com/uploads/chorus_asset/file/19658290/GMC_HUMMER_EV_Quiet_Revolution_Grille.jpg,2020-04-29T16:00:04Z,"Production isnt affected yet
Image: GMC
General Motors is delaying the upcoming reveal of the new all-electric Hummer truck, which was originally scheduled for May 20th because of the COVID-19 pandemic. The automaker isnt yet offering a replacement date for the launch of the new electric vehicle, but it says that the production schedule isnt currently affected. The new Hummer is due out in late 2021. 
GM announced back in January that it was resurrecting the Hummer as a 1,000-horsepower electric truck under its GMC brand, and it teased it in a Super Bowl ad starring LeBron James. The vehicle line, which became synonymous with the excess of enormous gas-guzzling SUVs, was retired in 2010 as the automakers recovered from the financial crisis. The new EV version will be built at GMs Detroit-Hamtramck factory, which the automaker is retrofitting to make electric and autonomous vehicles. 
The new Hummer EV is just one of a slew of electric vehicles that GM is working on as part of a more than $20 billion push into the space. The company detailed that plan at its first EV Day in March. 
Automakers around the world have delayed events and product launches, shut down factories, and even pivoted to making ventilators and other critical equipment as the novel coronavirus turned into a pandemic. The worlds biggest auto shows have also been canceled or postponed. 
View all 421 stories"
2,"{'id': 'the-verge', 'name': 'The Verge'}",Nicole Wetsman,It’s hard to figure out how often people without symptoms spread COVID-19,"It takes detailed contact tracing and detective work to figure out how often people without symptoms spread the coronavirus to others. Getting answers will help experts make better recommendations. But for now, wear a mask.",https://www.theverge.com/21286902/symptoms-coronavirus-spread-contagious-who-data-asymptomatic-mask,https://cdn.vox-cdn.com/thumbor/cf-EO1L_9QrYca37ynd8yRLX3Os=/0x326:4022x2432/fit-in/1200x630/cdn.vox-cdn.com/uploads/chorus_asset/file/20030859/1212203380.jpg.jpg,2020-06-12T14:39:08Z,"COVID-19 testing at a pop-up site in New York City. | Photo by Angela Weiss / AFP via Getty Images

 In January, early reports out of China started to hint that people infected with the coronavirus were contagious before they started to show symptoms. That’s unusual for a respiratory virus like this one, and it worried public health experts all over the world: it’s much harder to control the spread of a disease if someone who has it can pass it along before they know they’re sick.
It’s since become clear that, yes, it’s possible for people who don’t feel sick to infect other people. What scientists still don’t know, though, is how often it happens. And that matters for managing the pandemic: if only a few people spread COVID-19 when they’re symptom-free, missing them probably won’t have a big impact on the course of the pandemic. If most people do, though, it’s more important to track them all down. 
For months, there have been regular dust-ups over just how likely it is for people without symptoms to spread COVID-19. The latest quarrel stemmed from vague comments by a World Health Organization expert at a press conference. After the expert suggested that asymptomatic transmission was “very rare,” the organization eventually stated that they just don’t have enough information yet. Getting a clear answer will be hard. It takes careful, meticulous detective work to figure out how often people carry the virus without symptoms and how likely they are to pass it onto others when they feel healthy. 
It takes careful, meticulous detective work

That’s been done a handful of times in the past few months, says Mark Slifka, a professor at Oregon Health and Science University studying viral immunology. But it’s not enough, and we need far more data to settle the debate. 
No symptoms — yet
The confusion started in January when a report in The New England Journal of Medicine said that a German businessman had caught COVID-19 from a colleague visiting from Shanghai. The colleague, the report said, didn’t have any symptoms while she was in Germany. Some experts took that report as the first sign that someone without symptoms (the Shanghai woman) could pass the coronavirus on to someone else (her German colleague). 
It turned out, though, that she did have mild symptoms: she felt a bit feverish and tired, with minor aches, during those meetings. 
The first challenge researchers face around virus spread from people with no symptoms is reflected in the NEJM mistake: it’s hard to tell if someone truly does not have any symptoms of COVID-19 or if they just have very mild symptoms. Some signs of COVID-19 might be easy to brush off, and someone with a slight tickle in their throat might not think that they’re sick. If scientists are trying to find out if someone with a positive test is symptomatic or not, they often rely on that person to say how they feel. Those self-reported symptoms may not be accurate.
If someone truly does not have symptoms, the next step is checking to see if they ever end up developing them. Many studies of COVID-19 cases check in on people just once, when they initially test positive. If those people don’t feel sick, they can sometimes get classified as “asymptomatic.” Many of them, though, eventually end up developing symptoms later on, which scientists classify as “pre-symptomatic.” 
“We should not use the term ‘asymptomatic’ unless you come back at least 14 days later and ask that person, ‘Are you still okay?’”

“We should not use the term ‘asymptomatic’ unless you come back at least 14 days later and ask that person, ‘Are you still okay?’” Slifka says. 
In order to get good data on the number of people with the coronavirus who really, truly never feel sick, researchers have to track them for at least 14 days. (The latest people usually get sick after exposure to the virus.) Without that long-term information, the data is no good, said Muge Cevik, an infectious diseases researcher at the University of Saint Andrews, and other researchers in an open letter. 
Infectious or just infected
Once scientists have that long-term data, they can start checking to see how often asymptomatic or pre-symptomatic people actually infect others. Studies show that people have high levels of the virus in their throats before they develop symptoms. People who never ended up developing symptoms also had copies of the virus floating around in their noses and throats, one study found, but at lower levels than people who eventually felt sick. 
Those studies show that people without symptoms could, theoretically, pass an infection onto someone else. They have copies of the virus in their nose and throat, and those virus copies could make their way over to another person through droplets of spit or the occasional sneeze. That doesn’t mean, though, that they actually will. The amount of virus in a person’s nose is still just an indirect way to measure how contagious they are, Slifka notes. “It doesn’t mean they’re a good spreader.” 
Someone who doesn’t feel sick probably isn’t coughing or sneezing, for example, says Abraar Karan, a physician at Harvard Medical School working on the COVID-19 response. “One may argue that once symptoms start, and you’re coughing more, and you’re expelling more respiratory droplets, that that may increase your transmission,” he says. 
Information on the amount of virus floating around in people without symptoms and estimates on how many respiratory droplets they produce can be used to estimate how they could spread the virus. Those are just models, though, and they don’t directly answer the question. Finding out, conclusively, if anyone actually caught COVID-19 from someone without symptoms requires detailed tracking and even more testing. 
If a group of people is being tested regularly — like in a sports league, for example — it’s easier to re-create the order in which an infection passed from one person to another and when that happened, Karan says. “If this player became positive on this day, and then played in a game, and these other players became positive on days four and five, you can really trace it,” he says. 
Re-creating events within a household where everyone was only tested once is harder. If two members of a family test positive on the same day, and one has symptoms and the other does not, it’s impossible to know which direction the virus spread. 
researchers also have to exclude all other ways people could have possibly gotten sick

In order to say a person got sick because of someone else who tested positive but didn’t have symptoms, researchers also have to exclude all other ways they could have possibly gotten sick, noted Natalie Dean, an epidemiologist at the University of Florida, on Twitter. That’s hard to do in places with high rates of infection. If the virus is circulating through a community, that person could have picked it up by touching a doorknob in a public place or at the supermarket, for example. 
A few research groups have managed to sort through all the clutter. One such study followed people who contracted the virus while working at a call center in South Korea. During the investigation, some workers had symptoms, some developed symptoms later, and some never developed symptoms. No one who came into contact with the workers when they did not have symptoms ended up catching the virus. Another detailed study that carefully traced the path of infection for 157 people with COVID-19 in Singapore found that only 10 were infected by someone who hadn’t yet developed symptoms. 
No good answers
That early data suggests that, even if they have the virus in their nose, people who don’t have symptoms yet or who never get symptoms spread the coronavirus less frequently than people with symptoms. The studies are small, though, and aren’t enough to say for sure who is or isn’t likely to spread COVID-19. 
They also don’t change what scientists know: some people do spread the coronavirus before they develop symptoms or without developing symptoms at all. Before there’s more evidence, that’s enough for public health experts to recommend that everyone wear masks, even if they feel fine, in an effort to stop the spread of the virus. “We have to play it as conservatively as possible,” Karan says. 
“We have to play it as conservatively as possible.”

The coronavirus is still very new, and scientists still have a lot to learn about it. 
“We’re still figuring this out, we don’t have complete certainty on the exact amount of spread from pre-symptomatic cases, or asymptomatic, or symptomatic,” Karan says. “That’s why, while we’re still learning about the proportion of transmission by these different groupings, that we wear masks in high risk situations very consistently.”
While we’re taking those steps, researchers should keep searching for better data, Slifka says. In areas with low rates of COVID-19, public health officials can do the detailed contact tracing necessary to figure out if someone caught the virus from someone without symptoms. The more testing states and cities do, the more likely they are to find the people who are walking around carrying the virus without any symptoms. 
“We should be monitoring each of the cases, pre-symptomatic and asymptomatic and symptomatic, and checking for that secondary attack rate,” Slifka says. “Then we’ll have an answer.”"
3,"{'id': 'the-verge', 'name': 'The Verge'}",Chaim Gartenberg,"Instagram adding Guides for recommendations, starting with wellness and COVID-19","Instagram is launching a new curated content feature today called Guides that lets users group existing Instagram posts and videos together into a single cohesive unit, complete with additional commentary and advice. The first Guides will focus on mental heat…",https://www.theverge.com/2020/5/18/21262617/instagram-guides-recommendations-wellness-covid-19-coronavirus-mental-health,https://cdn.vox-cdn.com/thumbor/FCJJ1ASPeP31F2H3kQ1NzuoEBnM=/0x94:2060x1173/fit-in/1200x630/cdn.vox-cdn.com/uploads/chorus_asset/file/19984865/Screen_Shot_2020_05_18_at_3.21.50_PM.png,2020-05-18T19:42:12Z,"Curated collections of content
Instagram is launching a new Guides feature today that lets creators curate content together in a single location, with the first ones set to focus on wellness content in light of the ongoing COVID-19 pandemic.
Some of the first Guides include one from the American Foundation for Suicide Prevention called Mental Health and COVID-19, which collects the groups content into a single, easy-to-find place. Heads Together, a mental health group, has similar Guides that collect Instagram posts reminding viewers to be kind to each other, practice self care, and talk about how they feel. 
Starting today, you can check out Guides a new way to discover recommendations on Instagram. 
We know people are struggling due to COVID-19, so the first Guides focus on wellness content from respected organizations and creators.
Find out more: https://t.co/nade33EfoMpic.twitter.com/AgivMXB1vk
 Adam Mosseri (@mosseri) May 18, 2020
Guides live in a separate new tab on a users profile and aggregate several Instagram posts and videos with tips, commentary, and advice into a single place. Photos, galleries, and videos linked in Guides can either come from the users own profile or can be sourced from across other creators on Instagram; tapping on a photo or video in a Guide links users to the original post. 
And of course, Guides can be shared to both Instagram Stories and in direct messages to other Instagram users. Theyll also start to appear in the Explore tab in the coming days, said the company.
For now, Guides appear to be limited just to the wellness-focused creators and companies that Instagram has selected to launch the feature, but its easy to imagine Instagram rolling out the tool for a much larger array of topics in the future."
4,"{'id': 'the-verge', 'name': 'The Verge'}",Nick Statt,3D printers are on the front lines of the COVID-19 pandemic,"As the COVID-19 pandemic began to overwhelm New York City hospital workers and health care professionals around the globe, groups of volunteer DIY experts began banding together and pooling resources and expertise to 3D print and assemble face shields and oth…",https://www.theverge.com/2020/5/25/21264243/face-shields-diy-ppe-3d-printing-coronavirus-covid-maker-response,https://cdn.vox-cdn.com/thumbor/jFNLx-Zi93zJlA0_k704rie0aUE=/0x146:2040x1214/fit-in/1200x630/cdn.vox-cdn.com/uploads/chorus_asset/file/19998812/VRG_ILLO_4032_001.jpg,2020-05-25T13:30:00Z,"Illustration by Grayson Blackmon / The Verge


 Massive PPE shortages pushed DIY volunteers to get creative On March 20th, as the coronavirus situation in New York City hurtled toward full-blown crisis, Madiha Choksi was packing a taxi with two Flashforge 3D printers and as much filament as she could fit. 
Choksi, a librarian specializing in research and educational technology, had received an urgent email the night before from Pierre Elias, a cardiology fellow at NYP-Columbia University Medical Center. Elias desperately needed to produce more protective gear for hospital workers treating COVID-19 patients. He hoped Choksi, the administrator for Columbia University’s 3D printing lab, might be able to help. 
“The email was very long and really concerning,” Choksi tells The Verge. Normally, she could help. “But I don’t have any printers,” she remembers thinking, “and we were already on day three or four of remote work.”
“The email was very long and really concerning.”

Thankfully, Columbia handed over its printers. “Within hours, they were like, ‘Yeah, of course,’” she says. Choksi got to work in her apartment producing prototype face shields by modifying an open-source design, from a company called Budmen Industries, and 3D printing the plastic visor that holds the shield and rests on the forehead with a piece of foam-like material in between. She used supplies purchased from Staples to slap together about six units she then handed off to Elias a day after receiving the email from the doctor. 
“He took them straight to the hospital and tested them out,” she says, “and he came back and said, ‘Can we have 1,000 more?’” 
 
 
 Photo: COVID Maker Response
 


The US continues to struggle to respond to the COVID-19 pandemic, both at a state and federal level. So DIY efforts from academics, hobbyists, manufacturing experts, and professional firms have coalesced around COVID hotspots like New York City to meet the needs of health care workers and others on the front line of the response effort. 
Some of these initiatives are highly organized, involving partnerships across state lines to source materials and make use of industrial-grade manufacturing facilities. Yet almost all began in the living rooms of people with access to a 3D printer and the ingenuity to put together stopgap measures as existing supply lines struggled to keep up.
“In a perfect world, we have coordination across the nation, where we have hotspots and we focus the resources there so the health care workers are protected and patients are protected. And as that dies down, we ship what remains to the next location,” says James Hudspeth, an assistant professor of medicine at Boston University and a COVID response lead at Boston Medical Center.
“The shield acts as a reminder you shouldn’t touch your eyes and shouldn’t touch your mouth.”

That ideal world is far from reality. Face shields, which Hudspeth says are rarely used in standard medical environments outside surgeries and very select procedures, ended up being second in demand only to face masks, which have also been in short supply. “One way people get infected is by touching surfaces and then touching the face or mask. The shield acts as a reminder you shouldn’t touch your eyes and shouldn’t touch your mouth,” Hudspeth explains.
The problem is that shields are only made by a limited number of manufacturers, some domestic but many overseas. And large manufacturers only ship units in batches based on orders from procurement offices of large medical institutions and local and state governments. 
“We have a central supply, and some of the states have the supply. But there isn’t the capacity to dictate where privately produced or purchased stuff is going,” Hudspeth says. “States are battling each other for these supplies, and every hospital in the country is doing the same thing.” That’s left doctors, nurses, and health care workers across the nation scrambling to get as much PPE as they can, regardless of where it comes from. 
“States are battling each other for these supplies, and every hospital in the country is doing the same thing.”

A face shield of the DIY variety typically consists of a molded or printed plastic semi-circle visor, sometimes called a bracket, that is attached often by glue to a piece of foam that rests on the forehead. The unit then attaches to a long sheet of transparent plastic film that sits just above the face. 
Everything is held together with a rubber band or a similar elastic device. It’s a simple way to protect someone’s face when interacting with a potentially COVID-positive patient. These shields can be cheaply manufactured, easily sanitized, and then reused. They also aren’t as complicated or bound by regulatory restrictions as, say, respiratory face masks. 
The lack of regulations surrounding face shields have made them an attractive option for manufacturers large and small looking for a way to pitch in. Apple CEO Tim Cook announced in early April that his company would produce tens of millions of face shields for California health care workers, and Apple’s website now features a tutorial for assembling the units. 


Apple is dedicated to supporting the worldwide response to COVID-19. We’ve now sourced over 20M masks through our supply chain. Our design, engineering, operations and packaging teams are also working with suppliers to design, produce and ship face shields for medical workers. pic.twitter.com/3xRqNgMThX
— Tim Cook (@tim_cook) April 5, 2020





In the Pacific Northwest, Nike, which has its headquarters just outside Portland, has repurposed materials and manufacturing processes for its running shoes to produce face shields, too. Countless other companies, from Jeff Bezos-funded rocket outfit Blue Origin to Alphabet’s life sciences division Verily, are putting resources toward emergency face shield production. 
The efforts aren’t stopping at just shields but extending to face masks and even ventilators, too. Razer, the gaming accessory maker, even built its own automated face mask production line in Singapore, equipped with vending machines for dispensing them around the city-state. 
It doesn’t hurt that out of all the PPE in short supply during COVID-19, face shields are among the easiest to produce — a single unit can be constructed with basic materials by anyone with a 3D printer or even a laser or waterjet cutter. “The nice thing about shields is that they’re easy to produce relatively quickly,” Hudspeth says. “People who have larger 3D printers and a relatively basic piece of plastic that is flexible enough to bend can make a face shield.” 
Nearly two months after she’d received that first, frantic email, Choksi and her fellow Columbia University librarians Alex Gil and Moacir P. de Sá Pereira now run a DIY volunteer effort called COVID Maker Response. So far, the group has assembled more than 19,000 face shields and distributed units to over 50 institutions, including hospitals, clinics, fire departments, and other groups of first responders. 
The operation now has an almost factory-like scale and sophistication. They moved from Choksi’s apartment to the 92nd Street Y, a historic community center in Manhattan’s Upper East Side. They have two official manufacturing partners: 3D printing design firm Tangible Creative, out of Newark, New Jersey, and Brooklyn-based 3D printer creator MakerBot. 
Both firms supply the single 3D-printed visor to which the shield attaches. After receiving the parts in large batches, Choksi has a group of 10 to 12 volunteers, mostly medical students, on four-hour shifts assembling the shields and ferrying them by taxi or car to hospitals.

 
 
 Photo: COVID Maker Response
 



 
 
 Image: COVID Maker Response
 





Gil and de Sá Pereira, both data librarians and scholars specializing in areas like data visualization and digital mapping, have experience in rapid crisis response through their academic careers. Now, Gil handles incoming face shield requests and spends all day in communication with hospitals. And de Sá Pereira is helping manage the operation’s resources and ensuring they’re using Columbia’s funding as efficiently as possible. The rest of their limited free time is spent helping other groups in the US and overseas start their own DIY operations. 
“When this whole thing hit, first and foremost in most of our minds was the lack of PPE, which was pretty harrowing in those early days,” says Jason Hill, an emergency room doctor at the Columbia University Irving Medical Center. “In particular, I had a pretty crazy overnight very early on where I had to intubate,” he says, referring to the insertion of a tube into the body, “in the middle of the night without one of the face shields. It was early on and nobody was expecting the onslaught to be that intense at the time, and we burned through our entire stash during the day.”
Uptown at the Harlem Hospital Center, Stephen Nicholas, a doctor who came out of retirement to help treat patients during COVID-19, watched as the PPE shortage was fast becoming a crisis of its own. 
“After the first distribution, they were all gone instantly.”

“I cannot tell you how horrible it was,” he says of the situation in late March. His hospital began using a special emergency code, “777 Gold,” over the loudspeaker when a COVID-19 patient had entered respiratory arrest and needed staff attention immediately. The “gold” was to tell hospital workers to wear appropriate PPE due to the heightened risk of infection, but the building was burning through its stash of face masks at an alarming rate. “There were periods every 20 minutes you would hear overhead, ‘777 Gold.’” 
Nicholas, a former professor at Columbia, heard about Choksi’s efforts through his daughter, a medical student at the school. Gil began helping the doctor coordinate face shield deliveries for his colleagues. “After the first distribution, they were all gone instantly,” Nicholas says. “Second batch was 200. I was out of those in a day and a half. Next was 500, and that lasted about two days.” He says the PPE shortage is no longer as much an issue now that most workers have their own shields they can sanitize and hold onto. 
Hill, the ER doctor, also found his way to Choksi’s group through word of mouth. He says, as the crisis accelerated, every doctor became acutely aware that acquiring more PPE as fast as possible would be crucial to keeping health care workers safe. COVID Maker Response is now helping supply his hospital with hundreds of these shields every week. 
“Every few days, I’ll gauge the needs for our particular ERs and ICUs with some colleges and we’ll swing by and get a box of 200 or so of these face shields to drop off,” he says. “When I walk through the ER, the vast majority of people I see are wearing these face shields. At this point it really feels like we have a surplus, which is a wonderful thing to feel.” 
“At this point it really feels like we have a surplus, which is a wonderful thing to feel.”

COVID Maker Response is far from the only operation like this. Choksi and Gil tell me they’ve been in contact with at least three others around New York City alone, and they continue to field messages from others around the country and even overseas that are interested in doing the same. 
Countless groups have also spun up elsewhere in the US, typically around schools and libraries with the space and resources to set up these makeshift factories. Some, like the Washington State 3D Face Shield Hub and the Illinois PPE Network, have taken similar approaches to coordinating massive, factory-like volunteer efforts that employ individuals in their homes all the way to corporate partners and universities. 
“Part of our model is not to become the one supplier of face shields,” says Gil. “The idea of this grassroots, distributed model is to help others be able to do what you’re doing so many more distributed teams can aggregate to some kind of impact. This is of course in the absence of industry or city stepping in.”
 
 
 Photo: COVID Maker Response
 


One hurdle facing the PPE-producing projects is knowing when to shut them down, as more conventional manufacturing methods continue to ramp up. Choksi and Gil say they’re still receiving daily requests for more face shields, and shortages will continue so long as the novel coronavirus continues to overwhelm the US health care system and its hospital and other frontline workers. 
“I think we’re just going to keep going until the need dies down,” Choksi says. “There’s so many other efforts we’re hearing about, and until we stop receiving requests, our plan is to just keep at it. Full speed ahead until the needs are met.”
For Choksi and her partners at COVID Maker Response, the willingness for her volunteers and partners to keep helping has been one of the few glimmers of light in an otherwise awful and often grim situation. She says the maker community and 3D printing in general have shown that they can fill gaps and help vulnerable communities in times of need, using their expertise and ingenuity. 
 
 
 Photo: COVID Maker Response
 From left to right, the core volunteer group has consisted of Jess Ho, Rin Allen, Elisa Mala, Joe de Jonge, Madiha Zahrah Choksi, Rajat Sethi, Matt Car, Victoria Colozzi, and Cullen O Brown.

 


“I think the situation has really shown what 3D printing is capable of, which is not long-term mass production, but filling a need for very rapid production, on-demand and highly customized items,” says Dave Veisz, MakerBot’s vice president of engineering, who now works closely with COVID Maker Response on the volunteer effort. “[COVID-19] has just shown the vulnerability in the global supply chain. The fact that these parts are needed so badly has been eye-opening, as well as the fact that a lot of these parts only come from a handful of factories.”
Veisz says that under normal circumstances, you would just injection mold a face shield design and have a factory spin up to mass produce it. “But these things take months,” he says. “It’s been eye-opening to the general public that 3D printing can be used as a stopgap for emergency needs like this and can be used to kickoff production for the item.”
Choksi says the novel coronavirus has been the kind of situation the maker community prides itself on coming together to fight. “It’s very organized and mobilized and fast moving and constantly iterating. If there is an emergency, a need for crisis response, there is a file out there that is open source, readily available for everyone,” she says. “We’re just humbled and grateful to put our wits and expertise to it and just go.”"
5,"{'id': 'the-verge', 'name': 'The Verge'}",Chaim Gartenberg,Amazon is reopening its French warehouses after COVID-19 labor dispute,Amazon is starting to reopen its six French warehouses after shuttering operations in the country following a court-mandated fine due to worker complaints about safety conditions related to the coronavirus pandemic.,https://www.theverge.com/2020/5/19/21263462/amazon-france-fulfillment-centers-reopen-union-dispute-health-safety,https://cdn.vox-cdn.com/thumbor/JlFBATViiUK1wNypd_9olPkgUfA=/0x215:3000x1786/fit-in/1200x630/cdn.vox-cdn.com/uploads/chorus_asset/file/10745911/acastro_180329_1777_amazon_0001.jpg,2020-05-19T13:19:00Z,"Amazon shut down six warehouses in April
Illustration by Alex Castro / The Verge
Amazon is reopening its six distribution centers in France beginning today, according to a reporter from CNN. The company shut down the warehouses in April due to a labor dispute with workers who alleged that the internet retailer wasnt doing enough to protect them from the ongoing COVID-19 pandemic. The six warehouses are set to gradually reopen starting today, according to an Amazon spokesperson speaking to CNN. 
Amazon closed all six of its French warehouses on April 15th after a French court issued a ruling that threatened to fine the company 1 million per item for shipping out anything other than medical supplies, hygiene products, and food items. 
The court ruling came after a complaint from French unions representing Amazons workers who argued that the warehouses were too crowded and that Amazon wasnt doing enough to protect them from the virus. Amazon argued that its operations were complex and varied and that the the risk was too high to try to only ship products that met the court ruling hence the total shutdown for the past month. 
A statement posted by the CFDT Services union gives more details on the agreement, which includes health guarantees, a voluntary return to work for workers, adjusted schedules to help with distancing, and increased pay of 2 per hour through the end of May. 
Despite reopening in France, Amazon continues to struggle with safe work conditions for its employees during the COVID-19 pandemic. To date, there have been seven known COVID-19 deaths of employees at Amazon warehouses. The company is also being frustratingly opaque about how many workers have actually been infected or died from the virus, with Amazon senior vice president of worldwide operations Dave Clark calling statistics on infections not a particularly useful number. Amazon has also fired some of its employees who staged a walkout over safety concerns, which led to a senior engineer and vice president resigning from the company in protest."
6,"{'id': 'engadget', 'name': 'Engadget'}",Kris Holt,Summer Games Done Quick will be an online-only event this year,"Due to the COVID-19 pandemic, this year’s edition of Summer Games Done Quick will be an online-only affair. The week-long charity speedrunning marathon had already been pushed back until August for coronavirus-related reasons, but organizers have conceded tha…",https://www.engadget.com/summer-games-done-quick-online-only-covid-19-coronavirus-184631081.html,https://o.aolcdn.com/images/dims?resize=1200%2C630&crop=1200%2C630%2C0%2C0&quality=95&image_uri=https%3A%2F%2Fs.yimg.com%2Fos%2Fcreatr-uploaded-images%2F2020-06%2F2f71a590-a754-11ea-ae7b-1e583daf2895&client=amp-blogside-v2&signature=698857c1d6be5d33db0f7ddbbb15cf898f533b64,2020-06-05T18:46:31Z,"Due to the COVID-19 pandemic, this year’s edition of Summer Games Done Quick will be an online-only affair. The week-long charity speedrunning marathon had already been pushed back until August for coronavirus-related reasons, but organizers have conceded that it can’t go ahead as a physical event.
Although speedrunners and spectators won’t be coming together in person as planned in Bloomington, Minnesota, SGDQ will still take place from August 16th-23rd in support of Doctors Without Borders. The most recent major GDQ event took place in April, with a three-day stream in aid of COVID-19 relief efforts."
7,"{'id': 'mashable', 'name': 'Mashable'}",Rebecca Ruiz,New website offers quick mental health support during COVID-19,"There's no shortage of local, state, and national helplines that offer support to people during emotional or mental health crises. The problem is that they've not been easily accessible in one searchable database, which means it might take callers or texters …",https://mashable.com/article/coronavirus-mental-health-help/,https://mondrian.mashable.com/2020%252F04%252F28%252Ff7%252F09c8f3ef32c14366bac8ead6cd7c7d1a.d8c19.jpg%252F1200x630.jpg?signature=1lJG0gX7x5Ij4aQe_NBqdU49tzc=,2020-04-28T21:36:50Z,"There's no shortage of local, state, and national helplines that offer support to people during emotional or mental health crises. The problem is that they've not been easily accessible in one searchable database, which means it might take callers or texters reaching out for help longer to find the resources they need. 
A new website launched Tuesday by the Pandemic Crisis Services Coalition aims to change that. Its goal is to make mental health support a click away for people who are struggling with their emotional and mental wellbeing during the coronavirus pandemic. 
""The ability to access mental health crisis services is critical at this time, yet COVID-19 is impacting the typical ways people receive help in a crisis,"" Travis Atkinson, president of the Crisis Residential Association and co-chair of the American Association of Suicidologys Crisis Services Committee, said in a statement.  
Atkinson noted that emergency rooms, where patients might seek care for suicidal thinking and behavior or a panic attack, are focused on treating COVID-19 patients. At the same time, psychiatric hospitals are decreasing their capacity in order to follow social distancing guidelines. ""[P]eople need to know how to access available mental health services,"" Atkinson said.
The new site debuted with a database of crisis services searchable by state, contact method, support type, topics, and categories. Someone in New York, for example, could search for text-based services staffed by counselors with experience talking about anxiety. In addition to anxiety, topics include bullying, gambling, parenting, and substance use. There are several categories that focus on demographics like gender, veteran status, age, and sexuality. 
Example of a search on the Pandemic Crisis Services Coalition website.
Image: Pandemic Crisis Services Coalition
SEE ALSO: Why suicide risk may increase as we cope with COVID-19
The database includes contact information for hundreds of helplines and community centers, whose volunteers and staff are trained to connect callers with local mental health providers and resources. The site also includes articles on coping with the effects of COVID-19, tips for how to help a loved one, and information specifically for frontline workers who want mental health support. 
The Pandemic Crisis Services Coalition is a group of international mental health organizations that banded together in March in order to create the site. Its members include Crisis Text Line, the American Association of Suicidology, The Trevor Project, and the National Suicide Prevention Lifeline. 
If you want to talk to someone or are experiencing emotional distress, you can contact the Disaster Distress Helpline by calling 1-800-985-5990 or texting TalkWithUs to 66746. The helpline, which is operated by the Substance Abuse and Mental Health Services Administration, specializes in helping people who are experiencing emotional distress related to any natural or human-caused disaster."
8,"{'id': 'mashable', 'name': 'Mashable'}",PCMag,Scammers send fake COVID-19 contact-tracing text messages,"The coronavirus pandemic is forcing most of us to stay at home and in many case unable to work, but it hasn't stopped scammers attempting to steal our valuable personal information. They've simply adjusted their tactics to use COVID-19 to their advantage.
App…",https://mashable.com/article/coronavirus-contract-tracing-scam/,https://mondrian.mashable.com/2020%252F05%252F21%252Fca%252F4e2bae881d34452a98ad673e7a9d03ea.555ea.png%252F1200x630.png?signature=_RVJ1vC686Jpe4TYChSjobstjdo=,2020-05-21T18:11:31Z,"The coronavirus pandemic is forcing most of us to stay at home and in many case unable to work, but it hasn't stopped scammers attempting to steal our valuable personal information. They've simply adjusted their tactics to use COVID-19 to their advantage.
Apple has just released iOS 13.5, and with it unlocked access to the contact-tracing system it co-developed with Google. However, Colleen Tressler, Consumer Education Specialist at the FTC, is warning that scammers are now using contact tracing as a cover for targeting consumers via their mobile devices.
Getting in touch with people who have been in contact with someone infected with COVID-19 is usually initiated via a text message. But in a post on the FTC website, Tressler warns, ""scammers, pretending to be contact tracers and taking advantage of how the process works, are also sending text messages. But theirs are spam text messages that ask you to click a link.""
Sure enough, if you don't spot the scam and click the link you're likely taking the first step towards having unwanted software installed on your device. After that, your personal and financial details are vulnerable to being stolen. With that in mind, the FTC is telling everyone to ""Don't take the bait,"" remain vigilante, and take action to protect themselves. That means filtering out text messages from unknown senders if you can, enabling two-factor authentication on all online accounts that offer the feature, and always installing the latest available updates for your device(s).
This article originally published at PCMag
here"
9,"{'id': 'mashable', 'name': 'Mashable'}",Amanda Yeo,Fitbit has developed a ventilator to help COVID-19 patients,"Just like Dyson and NASA before it, Fitbit has now designed a ventilator in response to the coronavirus pandemic. 
Unveiled on Wednesday, the Fitbit Flow is an ""easy-to-use, and low-cost"" emergency ventilator designed in consultation with healthcare workers t…",https://mashable.com/article/fitbit-flow-ventilator-covid-19-coronavirus-patients/,https://mondrian.mashable.com/2020%252F06%252F04%252F50%252Fdd6812751e6444c4ba2da3e6ba7e55dd.b7cbf.jpg%252F1200x630.jpg?signature=IPF6TfU-lw-yE1KrE-r0wb_3Y9U=,2020-06-04T02:18:08Z,"Just like Dyson and NASA before it, Fitbit has now designed a ventilator in response to the coronavirus pandemic. 
Unveiled on Wednesday, the Fitbit Flow is an ""easy-to-use, and low-cost"" emergency ventilator designed in consultation with healthcare workers treating COVID-19 patients. Based on manual resuscitator bags used by paramedics, the ventilator features various sensors to help monitor patients, and allows the pressure and volume of oxygen delivery to be controlled. The Fitbit Flow also has a clear window through which healthcare workers can view the automated resuscitator bag being pumped.
It isn't a long-term solution conventional ventilators are still sorely needed. Instead, the Fitbit Flow is intended to act as a temporary stopgap keeping patients alive until they can be put on a standard machine.
""We know from some conversations that physicians are already trying to work out the ethics in deciding who gets the ventilator and who doesnt, due to shortage of supply,"" said Dr. Tony Faranesh, a Fitbit research scientist who helped develop the ventilator. ""The goal here is to support life in the event that ones not available until one might become available.""
The FDA has already authorised the Fitbit Flow for emergency use during the pandemic where conventional ventilators aren't available. 
The Fitbit Flow has a modular stand, enabling it to be used with O2 tanks of various sizes.
Image: Fitbit Flow
Fitbit has stated it intends to use its existing infrastructure to quickly manufacture ""large volumes"" of these devices. The company has no plans to continue manufacturing ventilators after the current health crisis passes though this is only a temporary shift in focus.
""COVID-19 has challenged all of us to push the boundaries of innovation and creativity, and use everything at our disposal to more rapidly develop products that support patients and the healthcare systems caring for them,"" said Fitbit CEO James Park.
""We saw an opportunity to rally our expertise in advanced sensor development, manufacturing, and our global supply chain to address the critical and ongoing need for emergency ventilators and help make a difference in the fight against this global virus.""
SEE ALSO: NASA developed a ventilator to treat COVID-19 patients
Though governments around the world are beginning to ease lockdown restrictions, the coronavirus pandemic is still ongoing. As of Wednesday, the World Health Organisation reports approximately 6.3 million confirmed cases globally, including 380,000 deaths. The U.S. continues to account for the largest proportion of these numbers, with around 1.8 million cases and 105,000 deaths, and thousands more continue to be diagnosed daily."
10,"{'id': 'mashable', 'name': 'Mashable'}",Nikolay Nikolov,These ingenious portholes can reduce the risk of COVID-19 transmissions in hospitals,"STUCK is a design agency in Singapore, who have been working on a number of COVID-19 initiatives. One involves using geometry and elasticity to create portholes that seal quickly around the arm. They allow medical workers to interact with infected patients wi…",https://mashable.com/video/self-sealing-portholes-covid-19-stuck-design/,https://mondrian.mashable.com/2020%252F06%252F25%252F7d%252F0ca89367573e4698a9394b00911b2e52.5cf50.jpg%252F1200x630.jpg?signature=FhP0245F_-Duhp_VoLpgyODseVM=,2020-06-25T14:43:16Z,"STUCK is a design agency in Singapore, who have been working on a number of COVID-19 initiatives. One involves using geometry and elasticity to create portholes that seal quickly around the arm. They allow medical workers to interact with infected patients with minimal risk of exposure."
11,"{'id': 'cnn', 'name': 'CNN'}",,GOP governor contradicts Trump on Covid-19 testing,"President Donald Trump repeatedly says everyone who wants a Covid-19 test can get one, but Ohio Gov. Mike DeWine (R) says that is not true.",https://www.cnn.com/videos/politics/2020/05/11/mike-dewine-trump-coronavirus-testing-sot-tsr-vpx.cnn,https://cdn.cnn.com/cnnnext/dam/assets/200511185106-donald-trump-mike-dewine-split-may-11-2020-super-tease.jpg,2020-05-11T23:00:11Z,Chat with us in Facebook Messenger. Find out what's happening in the world as it unfolds.
12,"{'id': 'cnn', 'name': 'CNN'}",Opinion by Jennifer Lee,Why Memorial Day is crucial in Covid-19 fight,"On Tuesday, the Trump administration announced that it would wind down the White House coronavirus task force. Confirming this to CNN, a senior White House official said the task force ""will be phased down around Memorial Day.""",https://www.cnn.com/2020/05/06/opinions/coronavirus-task-force-opinion-lee/index.html,https://cdn.cnn.com/cnnnext/dam/assets/200403154706-us-coronavirus-face-mask-0331-super-tease.jpg,2020-05-06T20:49:13Z,"Jennifer Lee is a CNN Medical Analyst and clinical associate professor of emergency medicine at The George Washington University. She is the former Deputy Under Secretary for Health for the Department of Veterans Affairs and the former Medicaid Director and Deputy Secretary of Health for the Commonwealth of Virginia. Follow her @DrJenLee. Opinions expressed in this commentary are her own. View more opinion on CNN. 
 (CNN)On Tuesday, the Trump administration announced that it would wind down the White House coronavirus task force. Confirming this to CNN, a senior White House official said the task force ""will be phased down around Memorial Day.""
This came as a shock, as the University of Washington's model, which the White House seemed to trust, predicted deaths in the US to be almost twice as high as it previously estimated, with the daily toll rising to nearly 3000 by the beginning of June. 
Luckily, President Donald Trump seemed to change course on Wednesday, tweeting that ""the Task Force will continue on indefinitely with its focus on SAFETY &amp; OPENING UP OUR COUNTRY AGAIN.""
This tweet is a huge relief to those of us who appreciate the benefit of having a task force in times of crisis. Disbanding it would have been a dangerous move that would have made it even harder to contain this virus in the weeks and months to come. 
Here's why the task force is vital: 
We are battling fatigue and complacency 
Though we are far from being out of the woods, we are already battling fatigue and increasing complacency when it comes to the virus. State and local leaders are under extreme pressure to reopen their communities and some have made concessions to relax restrictions whether they meet the criteria suggested by the White House or not. 
When the White House coronavirus task force let the national social distancing guidelines expire on April 30, and provided only the less stringent state guidance for reopening, it sent an implied message that the situation has improved enough that there is no need for further federal direction and the rest is up to the states. 
Winding down the task force would have entirely reinforced this message and left state leaders with even less top cover. It would have also signaled that the virus is no longer a top priority, which could have made it harder for some state leaders to emphasize that the virus is a very real and ongoing threat.
Coordination and decision-making are crucial right now
Effective coordination and communication between federal agencies -- and between federal and state agencies -- has been an ongoing challenge throughout this crisis. 
This is not a new phenomenon. Having served in leadership positions in both federal and state government, I can attest to how difficult it is to achieve seamless cooperation among the most competent and well intended public servants even in the best of times. Often, agencies will have different ideas about how to solve a problem -- and someone at a higher level needs to make a decision quickly about how to move forward. 
That's why in the event of an emergency or crisis it often takes the formation of a task force or similar command structure to bring together disparate agencies to share information, clarify roles, and work together towards a common purpose. In the absence of this, agencies tend to quickly default to working in siloes. One of the reasons testing has been such a difficult nut to crack is because it is so dependent on collaboration and coordination between the Centers for Disease Control and Prevention, the US Food and Drug Administration, the Federal Emergency Management Agency, state and local governments, and the private sector. Dissolving the task force would have made this even harder.
Covid-19 spreads at a frightening speed
The speed of viral spread is one aspect that makes Covid-19 difficult to contain. On March 5th, there were 12 deaths due to Covid-19 in the US. Nine weeks later, there have now been over 71,000 deaths.
At every point along the way, the virus has moved faster than our ability to contain it. Speed and agility are not often strengths of government agencies. Concerns over shortages of resources, like the protective personal equipment needed by medical personnel, were not taken seriously enough by leaders who could have prioritized acquiring the necessary supplies.
As anyone who has worked in government knows, there is a chain of command. Important decisions often must be approved by agency leaders or the White House. These processes are typically slow and it is all too easy for key insights or pieces of information to get lost along the way, even unintentionally. That's why a task force structure that allows for subject matter experts to come together, share information and brief political leaders is most efficient way to inform decision making during a time of crisis. 
The crucial importance of how we observe Memorial Day
As more states loosen restrictions, we may be entering an even more dangerous phase of this pandemic, potentially setting ourselves up for serious outbreaks across the country.
Hokkaido, Japan, provides a perfect example of what can happen if lockdowns are lifted too early. According to TIME, in late February, the island had the highest number of Covid-19 cases among all prefectures in Japan. 
On February 28, the governor declared a state of emergency, closed schools and encouraged people to stay at home.
Many restaurants and businesses also closed. By mid-March, the situation had turned the corner; the health crisis largely stabilized and pressure from businesses to reopen began to grow. In response, on March 19, the governor of Hokkaido lifted the state of emergency but asked residents to continue social distancing and stay home if they felt sick.
Unfortunately, the announcement came just before a three-day weekend, when many residents ventured out to celebrate the lifting of the restrictions. As TIME reported, Dr. Kiyoshi Nagase, chairman of the Hokkaido Medical Association, believes this likely started a second wave of infections in Hokkaido. On April 14, 26 days later, the governor announced a second state of emergency and reimposed restrictions. 
The upcoming Memorial Day weekend in the US is not only a national holiday to honor those who have died in military service, but it is also the start of the summer season. Many Americans will be planning travel and recreational activities for that weekend which could lead to further spread of the virus. By then, some states will also have relaxed restrictions for weeks, enough time for an outbreak to have surfaced, assuming that testing is in place to detect one fast enough.
It is entirely possible that the continuation of the task force will lead to new national guidelines for protective measures as the summer starts. We can only hope that this is the case, otherwise we may find ourselves facing a second wave of the pandemic -- and countless more deaths to come."
13,"{'id': 'cnn', 'name': 'CNN'}","Mallika Kallingal, CNN",New York barber working illicitly tests positive for Covid-19,"A barber working at a barbershop in a New York suburb that had been operating in defiance of the state's close order has tested positive for Covid-19, according to Ulster Country health officials.",https://www.cnn.com/2020/05/15/us/new-york-coronavirus-kingston-barber-trnd/index.html,https://cdn.cnn.com/cnnnext/dam/assets/200515140152-kingston-new-york-map-tease-only-super-tease.jpg,2020-05-15T23:30:02Z,"(CNN)A barber working at a barbershop in a New York suburb that had been operating in defiance of the state's close order has tested positive for Covid-19, according to Ulster Country health officials.
Ulster County health officials are searching for anyone who may have had their haircut at the barbershop over the last three weeks, a statement from the county says. Kingston is located roughly 90 miles north of New York City.
""We are taking extraordinary measures to try and minimize the spread of this dangerous disease and learning that a barbershop has been operating illicitly for weeks with a COVID-19 positive employee is extraordinarily disheartening,"" said Dr. Carol Smith, the health commissioner for Ulster County, in a statement.
County health officials are recommending anyone who received a haircut at the shop on Broadway during the past three weeks to get tested for the coronavirus. 
""This kind of direct contact has the potential to dramatically spread this virus throughout our community and beyond,"" Smith said.
There are currently 1,563 confirmed cases of Covid-19 in Ulster County and 64 fatalities, according to the county. People who came in contact with the Kingston barbershop should contact the Ulster County Department of Health and Mental Health.
According to directives from state Gov. Andrew Cuomo, all barbershops, beauty salons, nail salons or other personal hygiene services had to remain closed.
Speaking about this particular case on Thursday, Cuomo said hairstyling is by definition an up-close and personal occupation and so it would be part of phase two of reopening. 
NYC contact tracing efforts
Meanwhile, New York City Mayor Bill de Blasio says hundreds of people have been trained to begin contact tracing and will start work in the coming days.
New York City will have 1,000 contact tracers by the end of the month, and by the beginning of June they plan to get up to 2,500 trained individuals, according to de Blasio. It would then build as needed to potentially go up to as many as 10,000 tracers.
The effort is being led by NYC Health and Hospitals. The contact tracers will investigate cases, trace and monitor contacts, and manage all case data and inquiries. This would allow the city to immediately isolate and care for those who test positive for the virus, and then rapidly track, assess, and quarantine anyone they came into contact with who they may have infected, according to a NYC Health and Hospitals press release.
The effort is ""bigger, more complex and a much greater operational challenge than anything we've seen in the history of contact tracing in this city,"" the mayor said. The Department of Health and their expertise are being brought in for ""maximum impact,"" he added.
CNN's Kelly Christ, Sheena Jones and Mark Morales contributed to this report"
14,"{'id': 'cnn', 'name': 'CNN'}",,Covid-19 patients struggle with symptoms after recovery,CNN's Dr. Sanjay Gupta discusses the potential long-term effects Covid-19 could have on the lungs based on past coronavirus outbreaks.,https://www.cnn.com/videos/health/2020/05/20/coronavirus-covid-19-long-term-impact-health-recovery-gupta-dnt-newday-vpx.cnn,https://cdn.cnn.com/cnnnext/dam/assets/200131121336-01-washington-coronavirus-patient-lungs-super-tease.jpg,2020-05-20T13:45:26Z,Chat with us in Facebook Messenger. Find out what's happening in the world as it unfolds.
15,"{'id': 'cnn', 'name': 'CNN'}",Opinion by H. Gilbert Welch and Vinay Prasad,Opinion: A surprising side effect of Covid-19,"H. Gilbert Welch and Vinay Prasad write that since the pandemic forced the medical care system to cancel elective surgeries and have fewer outpatient visits, Covid-19 provides a once in a lifetime opportunity to study if some, who are not acutely ill, do bett…",https://www.cnn.com/2020/05/27/opinions/unexpected-side-effect-less-medical-care-covid-19-welch-prasad/index.html,https://cdn.cnn.com/cnnnext/dam/assets/110926073416-doctors-look-hip-fracture-x-rays-story-top.jpg,2020-05-27T23:48:23Z,"H. Gilbert Welch is a general internist in the Center for Surgery and Public Health at Brigham and Women's Hospital and author of ""Less Medicine, More Health."" Vinay Prasad is an oncologist, associate professor of medicine at Oregon Health and Science University and author of ""Malignant: How Bad Policy and Bad Medicine Harm People With Cancer."" The opinions expressed in this commentary are those of the authors; view more opinion articles on CNN.
 (CNN)The concern was that Covid-19 would overwhelm the medical care system with patients. While that has happened in some hot spots, the broader picture is just the opposite: Covid-19 has deprived the system of patients. 
Some of these would-be patients have surely been hurt: having either shied away or been told to stay away from interventions that would have helped them live longer and/or live better. For others the delay may not matter; they will do equally well with intervention at a later date. But it is important to consider another possible outcome: some do better with less medical care. 
No one has national data yet, but the turn of events is remarkable. 
In mid-March hospitals began to cancel elective surgeries both to protect patients and to provide surge capacity, following guidance from the American College of Surgeons. This not only halted hernia repairs and joint replacements, but also surgeries for low-risk cancers -- specifically, early stage breast and prostate cancer.
Next, emergency care unexpectedly plummeted. Emergency rooms in Boston, Detroit and Minneapolis/St. Paul saw substantial drops in volume, and ER doctors are experiencing cuts to both their hours and pay. The decline in volume doesn't appear to be confined to fewer minor injuries and self-limited illnesses, it also includes fewer heart attacks and strokes.
But the impact of Covid-19 goes well beyond the hospital to include all physician/patient encounters. Despite the advent of telehealth, primary care practices are seeing fewer patients and laying off staff. The American Academy of Family Physicians estimates that about 40% of family medicine clinics are at risk of closing by the end of June -- more than doubling the number of US counties with a significant shortfall in health care providers at the end of March. 
Given fewer outpatient visits, one downstream effect is wholly expected: fewer lab tests and X-rays. This limits efforts to find disease early in asymptomatic individuals. Most notably, cancer screening has been effectively shut down.
What can we learn from this cataclysmic disruption in medical intervention? 
Previous research on the global effects of doctor strikes suggests that overall mortality either remains stable -- or, in fact, declines. Clearly, it will be important to carefully study 2020 mortality trends and disentangle Covid-related deaths from other causes of death. It will be equally important to distinguish the well-off from the poor: we may find that medical care disruption decreases mortality among the well-off, yet increases mortality among the poor.
While analysis of overall mortality is important, so, too, is looking into more granular topics. The disruption in elective surgeries should lead us to reevaluate the necessity of those surgeries and their associated risks. There are opportunities to look at still finer detail: In our hospitals (Brigham and OHSU), for example,women with early-stage breast cancer are having their surgeries delayed and are instead being started on hormonal therapy. Maybe we will learn that some women don't need surgery.
Suspending cancer screening is another important area to study. There is little doubt, for example, that the decline in mammography will lead to fewer breast cancers diagnosed. But is that a bad thing or good thing? 
One opportunity is to study what happens to US cancer statistics when screening is resumed. One of two observations are possible. Rates of breast cancer might catch up: meaning the deficit in cancers during the pandemic would be matched by a surplus of cancers in subsequent years. In other words, all the cancers that sat undetected in patients during the pandemic would be eventually found. The alternative would be that breast cancer diagnoses never catch up. 
Years ago, researchers observed this phenomenon in Norway. Women, ages 50-64, who underwent three mammograms over six years had more invasive breast cancers found compared to similar women who had a single mammogram at the end of six years. Delayed mammography led to less breast cancer diagnoses and the deficit never caught up -- despite a mammogram at the end of six years. These findings suggest that some small cancers regress on their own. Might this be happening right now during the Covid-19 pandemic?
The decline in heart attack and strokes raises equally important questions in cardiovascular disease. Some patients may have been reluctant to come to the hospital and suffered, perhaps even died, at home. However, what ""counts"" as a heart attack or stroke has expanded over the years. An alternative explanation may be that doctors are no longer diagnosing patients with very mild cardiac or neurologic abnormalities. Perhaps what is being missed are painless, minor events for which treatment is unneeded -- or even harmful. 
It's also possible that there are genuinely fewer heart attacks and strokes occurring right now. Smog is disappearing in Los Angeles and, in India, people can see the Himalayas from miles away for the first time in 30 years. Air pollution has been consistently linked to heart attacks. And ""hunkering down"" has meant slowing down for many. Has better air and lifestyle helped our hearts?
After Covid-19, if we dare imagine the day, it will be important to ask who was harmed by delayed and forgone medical care. But the severe financial strains on individuals and public budgets make it just as essential to ask who benefited from avoiding interventions with no salutatory effect. 
But we won't find the benefits unless we look for them. We need physician researchers willing to ask hard questions about services they deliver -- questions that may threaten their own professional/financial self-interests. 
Covid-19 provides a once in a lifetime opportunity to study what happens when the well-oiled machine of medical care downshifts from high to low volume in order to focus on acutely ill patients. It will be comfortable for physician researchers to study what was lost. It will be courageous for them to study what was gained."
16,"{'id': 'cnn', 'name': 'CNN'}",,Experimental drug offers hope to some Covid-19 patients,"The FDA has approved emergency use of the experimental drug remdesivir to treat hospitalized patients with severe Covid-19, but experts say more clinical trials are needed. CNN's Sara Sidner reports.",https://www.cnn.com/videos/health/2020/05/02/coronavirus-patients-remdesivir-fda-pkg-sidner-vpx.cnn,https://cdn.cnn.com/cnnnext/dam/assets/200416193127-coronavirus-remdesivir-trial-super-tease.jpg,2020-05-02T22:14:21Z,Chat with us in Facebook Messenger. Find out what's happening in the world as it unfolds.
17,"{'id': 'cnn', 'name': 'CNN'}",,Gov. Cuomo takes Covid-19 test during live briefing,"New York Gov. Andrew Cuomo got a coronavirus test during his daily news briefing, saying 'it is so fast and so easy that even the governor can take this test.""",https://www.cnn.com/videos/us/2020/05/17/governor-andrew-cuomo-coronavirus-test-during-briefing-vpx.cnn,https://cdn.cnn.com/cnnnext/dam/assets/200517140235-cuomo-coronavirus-test-2-super-tease.jpg,2020-05-17T17:13:44Z,Chat with us in Facebook Messenger. Find out what's happening in the world as it unfolds.
18,"{'id': 'cnn', 'name': 'CNN'}",,Fareed's Take: The Covid-19 divide is a class divide,Fareed gives his take on the divide between employed elites and the laid-off working class people whose lives have been upended by the pandemic.,https://www.cnn.com/videos/tv/2020/05/17/exp-gps-0517-fareeds-take.cnn,https://cdn.cnn.com/cnnnext/dam/assets/200517132952-fareed-zakaria-05172020-super-tease.jpg,2020-05-17T17:32:27Z,Chat with us in Facebook Messenger. Find out what's happening in the world as it unfolds.
19,"{'id': 'cnn', 'name': 'CNN'}",,Why expert is cautious about Covid-19 vaccine trial results,Dr. Peter Hotez says he is waiting to call Moderna's Covid-19 vaccine phase 1 trial results a breakthrough until more testing data is released.,https://www.cnn.com/videos/health/2020/05/18/hotez-moderna-coronavirus-vaccine-test-need-data-sot-nr-vpx.cnn,https://cdn.cnn.com/cnnnext/dam/assets/200518160228-dr-peter-hotez-may-18-2020-01-super-tease.jpg,2020-05-18T20:13:39Z,Chat with us in Facebook Messenger. Find out what's happening in the world as it unfolds.
