,source,author,title,description,url,urlToImage,publishedAt,content
0,"{'id': 'reuters', 'name': 'Reuters'}",Marcelo Rochabrun,Brazil signs agreement to produce AstraZeneca's experimental COVID-19 vaccine - Reuters,Brazil announced on Saturday that it had signed a $127 million agreement to start producing locally an experimental vaccine developed by AstraZeneca that has shown promise to fight the COVID-19 pandemic.,https://www.reuters.com/article/us-health-coronavirus-brazil-vaccine-idUSKBN23Y0NB,https://s4.reutersmedia.net/resources/r/?m=02&d=20200627&t=2&i=1523839202&w=1200&r=LYNXMPEG5Q0EU,2020-06-27T15:05:00Z,"SAO PAULO (Reuters) - Brazil announced on Saturday that it had signed a $127 million agreement to start producing locally an experimental vaccine developed by AstraZeneca that has shown promise to fight the COVID-19 pandemic. 
The AstraZeneca vaccine is considered the world’s leading candidate and most advanced in terms of development to obtain licensure and become an official vaccine against the disease, according to the World Health Organization. 
The British drugmaker is already carrying out large-scale, mid-stage human trials of the vaccine, which was developed by researchers at Oxford University. 
Elcio Franco, Brazil’s No.2 public health official, said in a press conference that the country will initially produce some 30 million doses of the vaccine, half by December and half by January of next year. 
Franco said Brazil is paying for the vaccine but is aware of the risk, in case the vaccine does not pass all necessary licensure requirements or another vaccine obtains approval faster. 
The vaccine will be produced by Brazil’s Fundação Osvaldo Cruz, also known as Fiocruz, the country’s leading public health organization, Franco said. 
Brazil is the world’s second most affected country by the coronavirus pandemic, with more than 1.2 million confirmed cases as of Friday and more than 55,000 deaths. 
Right-wing President Jair Bolsonaro has been widely criticized for this response to the pandemic. He has dismissed the severity of the disease and has shown indifference to the rising death toll while also pushing treatment using an unproven anti-malaria drug. 
Reporting by Marcelo Rochabrun; editing by Diane Craft"
1,"{'id': 'reuters', 'name': 'Reuters'}",Reuters Editorial,Golf: Day cleared to play as single on Saturday after negative COVID-19 test - Reuters,"Former world number one Jason Day has been cleared to play the third round of the Travelers Championship in Cromwell, Connecticut as a single after returning a negative COVID-19 test on Saturday, the PGA Tour has confirmed.",https://www.reuters.com/article/us-health-coronavirus-golf-travelers-idUSKBN23Y0MJ,https://s2.reutersmedia.net/resources/r/?m=02&d=20200627&t=2&i=1523838423&w=1200&r=LYNXMPEG5Q0EG,2020-06-27T14:43:00Z,"(Reuters) - Former world number one Jason Day has been cleared to play the third round of the Travelers Championship in Cromwell, Connecticut as a single after returning a negative COVID-19 test on Saturday, the PGA Tour has confirmed. 
The PGA Tour said in a statement that Day, who was originally slated to play as part of a threesome, would tee off alone from the 10th hole as a precautionary measure. 
Day, who has competed in all three PGA Tour events since the tour’s resumption following a three-month break due to the pandemic, missed the cut at the Charles Schwab Challenge and RBC Heritage. 
The Australian, who opened with rounds of 67 and 69, was at four-under-par overall after 36 rounds, nine shots behind leader Phil Mickelson. 
Nick Watney last week became the first Tour player to test positive, and Cameron Champ did so at a pre-tournament screening this week. 
World number four Brooks Koepka and Northern Ireland’s Graeme McDowell withdrew from the Travelers as a precaution after their caddies tested positive. The two golfers tested negative. 
World number five Webb Simpson opted out after a family member tested positive, while Koepka’s brother Chase withdrew as he played a practice round with Brooks and McDowell. 
Denny McCarthy, the third golfer on the Tour to return a positive test, withdrew on Friday, while Bud Cauley, who played alongside McCarthy in the opening round, dropped out as a precautionary measure. 
“All follow-up tests as a result of potential contact with McCarthy were negative,” the PGA Tour added. 
Reporting by Arvind Sriram in Bengaluru; Editing by Hugh Lawson"
2,"{'id': 'reuters', 'name': 'Reuters'}",Gary McWilliams,"Florida, Arizona hit daily highs for COVID-19 cases - Reuters UK","Florida and Arizona recorded daily highs for cases of COVID-19 on Saturday, highlighting the worsening spread of the virus in several southern and western states, some of which are taking steps to roll back their reopening plans.",https://uk.reuters.com/article/uk-health-coronavirus-usa-idUKKBN23Y0PG,https://s4.reutersmedia.net/resources/r/?m=02&d=20200627&t=2&i=1523843320&w=1200&r=LYNXMPEG5Q0HY,2020-06-27T16:35:00Z,"HOUSTON (Reuters) - Florida and Arizona recorded daily highs for cases of COVID-19 on Saturday, highlighting the worsening spread of the virus in several southern and western states, some of which are taking steps to roll back their reopening plans. 
Florida on Saturday morning reported 9,585 new infections in the last 24 hours, a record for a second day, while Arizona recorded 3,591 new cases of COVID-19, the illness caused by the coronavirus, matching its prior record on June 23. 
The United States recorded more than 45,000 new cases of COVID-19 on Friday, the largest single-day increase of the pandemic, according to a Reuters tally. More than 2.5 million Americans now have tested positive. 
The surge in cases has been most pronounced in southern and western states like Florida and Texas, which are now taking steps to reinstate restrictions on businesses, threatening a hoped-for economic recovery and jobs. 
The mayor of Galena Park, a community of 10,000 people east of Houston, said she was heeding a warning from Harris County Judge Lina Hidalgo, who on Friday raised the public threat level to its most severe, a sign people should shelter at home. 
“It is crucial to continue to practice good hygiene, stay home as much as possible, avoid unnecessary trips, gatherings, and wear a face-covering at all times when you leave your home,” Mayor Esmeralda Moya said in a statement late on Friday. 
Galena Park’s curfew will run from 10 p.m. to 5 a.m. daily. 
In a reversal of his early moves to relax restrictions, Texas Governor Greg Abbott on Friday ordered bars across the state to close and required restaurants to limit indoor seating capacity to 50%. Florida, another state that reopened its economy relatively quickly, told bar owners in the state to immediately stop serving alcohol on their premises. 
Earlier this week New York joined New Jersey and Connecticut in imposing a 14-day mandatory quarantines on travelers from states with high infection rates. 
Reporting by Gary McWilliams in Houston, Nathan Layne in Wilton, Connecticut and Sinead Carew in Maplewood, New Jersey; Editing by Daniel Wallis and Diane Craft"
3,"{'id': 'reuters', 'name': 'Reuters'}",Reuters Editorial,Hospitals weeks from limit: Houston official - Reuters,"Houston health official David Persee says city hospitals could be just ""weeks"" away from being overrun by COVID-19 patients unless residents abide by restrictions meant to slow the spread of the virus.",https://www.reuters.com/video/watch/idP$JS?now=true,https://ajo.prod.reuters.tv/api/v2/img/5ef76588e4b09631f6472cb2-1593271688040?location=LANDSCAPE,2020-06-27T15:44:30Z,"Posted 
Houston health official David Persee says city hospitals could be just ""weeks"" away from being overrun by COVID-19 patients unless residents abide by restrictions meant to slow the spread of the virus."
4,"{'id': 'reuters', 'name': 'Reuters'}",Reuters Editorial,"Soccer-COVID-19 crisis may disrupt Man Utd transfer plans, says Solskjaer - Reuters","Manchester United have likely taken a bigger financial hit from the COVID-19 pandemic than their rivals and it is unclear what funds will be available to sign players in the next transfer window, manager Ole Gunnar Solskjaer has said.",https://www.reuters.com/article/soccer-england-nor-mun-preview-idUSL4N2E401K,https://s4.reutersmedia.net/resources_v2/images/rcom-default.png,2020-06-27T04:54:00Z,"June 27 (Reuters) - Manchester United have likely taken a bigger financial hit from the COVID-19 pandemic than their rivals and it is unclear what funds will be available to sign players in the next transfer window, manager Ole Gunnar Solskjaer has said. 
United withdrew their annual financial targets in May after losing about 23 million pounds ($28 million) in quarterly revenue due to the season being temporarily suspended because of the coronavirus crisis. 
The Premier League restarted this month but fans have been barred from attending games, and Solskjaer said United, who also have 429 million pounds in debt, would adopt a cautious approach to spending. 
“We’ll have to take a big look at things ourselves to see how hard we’ve been hit,” Solskjaer told reporters ahead of Saturday’s FA Cup quarter-final match at Norwich City. 
“It’s not for me to say we are going to have X amount because I don’t really know. We are a financially strong club, but we are also probably being hit more than anybody else.” 
United are fifth in the Premier League, five points behind fourth-placed Chelsea, with seven games left to play. 
With second-placed Manchester City facing a European ban for breaching UEFA financial rules, fifth place should guarantee qualification for the lucrative Champions League, unless City win an appeal in the Court of Arbitration for Sport. 
City will discover the fate of their appeal next month, while United could also qualify for Europe’s elite club competition by winning the Europa League this season. 
“Let’s see how quickly we can get our fans back into the stadium,” Solskjaer added. 
“There’s still a lot of uncertainty and these three or four months, every businessman in the world, every footballer in the world, I think everyone is still unsure what the effect will be.” 
$1 = 0.8106 pounds Reporting by Simon Jennings in Bengaluru; Editing by Simon Cameron-Moore"
5,"{'id': 'reuters', 'name': 'Reuters'}",Reuters Editorial,UAE suspends receiving passengers from Pakistan as of June 29 over COVID fears - Reuters,"The United Arab Emirates will not receive passengers coming from Pakistan as of June 29 until a special COVID-19 lab is set up to test them, the civil aviation authority said on Sunday.",https://www.reuters.com/article/us-health-coronavirus-emirates-pakistan-idUSKBN23Z0RM,https://s4.reutersmedia.net/resources_v2/images/rcom-default.png,2020-06-28T19:27:00Z,"DUBAI (Reuters) - The United Arab Emirates will not receive passengers coming from Pakistan as of June 29 until a special COVID-19 lab is set up to test them, the civil aviation authority said on Sunday. 
The decision also applies to transit flights originating from Pakistan, where the number of cases is rising rapidly, the General Civil Aviation Authority said in a statement carried on state media. 
Dubai state carrier Emirates had already said it was suspending flights from Pakistan effective June 24. 
Reporting by Nayera Abdallah; Editing by Alison Williams"
6,"{'id': 'reuters', 'name': 'Reuters'}",Graham Keeley,"IAG reviewing planned acquisition of Air Europa, says Iberia CEO - Reuters UK","International Consolidated Airlines Group is reviewing its planned 1 billion euro (892 million pounds) acquisition of Air Europa because of the harsh economic climate caused by COVID-19, the CEO of IAG-owned Iberia was quoted on Sunday as saying.",https://uk.reuters.com/article/uk-health-coronavirus-iberia-aireuropa-idUKKBN23Z0IS,https://s2.reutersmedia.net/resources/r/?m=02&d=20200628&t=2&i=1523893721&w=1200&r=LYNXMPEG5R0D3,2020-06-28T14:44:00Z,"BARCELONA (Reuters) - International Consolidated Airlines Group (ICAG.L) is reviewing its planned 1 billion euro (892 million pounds) acquisition of Air Europa because of the harsh economic climate caused by COVID-19, the CEO of IAG-owned Iberia was quoted on Sunday as saying. 
There has been speculation that IAG, which also owns British Airways, could look to walk away from the acquisition of Spanish carrier Air Europa, announced last November, or try to negotiate a lower price. 
Luis Gallego, CEO of Iberia and due to take over as IAG chairman in September, said in an interview with El Pais newspaper published on Sunday that the deal still made sense but the environment was much more difficult. 
“We continue to see the strategic value (of the acquisition). The problem is that we are in a moment of crisis in the aeronautical industry,” Gallego said. 
“What we are doing is analysing the viability of that operation in this context, not from the strategic point of view but to see the alternatives we have to carry it out because I do think that strategically it makes perfect sense.” 
Gallego added: “We are talking about how we can do this operation given the environment, where companies have trouble surviving.” 
Separately, IAG-owned British Airways has reached a deal with its pilots that will see 350 laid off and another 300 put in a ‘pool’ for rehiring when needed, The Sun on Sunday reported. 
Reporting by Graham Keeley; Editing by Susan Fenton"
7,"{'id': 'reuters', 'name': 'Reuters'}",Sangmi Cha,South Korea church hit by COVID-19 says members to give plasma for research - Reuters,"Around 4,000 recovered COVID-19 patients from a religious group at the centre of South Korea's largest outbreak will donate plasma for research, an official said on Tuesday, a day after local officials filed a lawsuit against the church.",https://www.reuters.com/article/us-health-coronavirus-southkorea-idUSKBN23U1QA,https://s4.reutersmedia.net/resources/r/?m=02&d=20200623&t=2&i=1523187599&w=1200&r=LYNXMPEG5M0ZZ,2020-06-23T11:37:00Z,"SEOUL (Reuters) - Around 4,000 recovered COVID-19 patients from a religious group at the centre of South Korea’s largest outbreak will donate plasma for research, an official said on Tuesday, a day after local officials filed a lawsuit against the church. 
In February and March, a massive outbreak among members of the Shincheonji Church of Jesus made South Korea the scene of the first large outbreak outside of China. 
At least 5,213 of the country’s total 12,484 cases have been linked to the church outbreak, according to the Korea Centers for Disease Control and Prevention (KCDC). 
Church founder Lee Man-hee had internally advised recovered members to donate their plasma, which is badly needed for coronavirus research, Shincheonji media coordinator Kim Young-eun told Reuters on Tuesday. 
Many of recovered church members wanted to donate to express thanks to the government and medical staff, she said. 
The city of Daegu - where most of the church infections were centred - filed a civil lawsuit against the church on Monday, seeking 100 billion won ($82.75 million) in damages. 
Daegu authorities had previously filed a complaint against the church accusing it of not submitting a full list of members and facilities, and not cooperating with city health efforts. 
Shincheonji says it fully complied with government efforts. 
The National Institute of Health said 185 people have so far come forward to donate plasma as of Monday and said they were in talks with Shincheonji for donations. 
South Korea health officials have said that in the absence of other treatments or vaccines, plasma therapy may be a way to lower the death rate, especially in critical patients. 
At least 17 South Koreans have received the experimental therapy, which involves using plasma from recovered patients with antibodies to the virus, enabling the body to defend against the disease. 
South Korea has reported 281 deaths from COVID-19. 
Health authorities said they were testing 176 people who came into contact with crew members on a Russian fishing vessel docked at Busan after 16 aboard the vessel were tested positive. 
($1 = 1,208.4500 won) 
Reporting by Sangmi Cha; Writing by Josh Smith; Editing by William Maclean"
8,"{'id': 'reuters', 'name': 'Reuters'}",Mei Mei Chu,VEGOILS-Palm oil bounces back on stronger crude - Reuters India,"Malaysian palm oil futures bounced back on Tuesday as crude prices rose, but gains were limited by fears that the surge in demand and exports would eventually lose steam if there is a second wave of COVID-19 infections.",https://in.reuters.com/article/asia-vegoils-idINL4N2E02JB,https://s4.reutersmedia.net/resources_v2/images/rcom-default.png,2020-06-23T10:47:00Z,"(Recasts with closing prices, adds details) 
By Mei Mei Chu 
KUALA LUMPUR, June 23 (Reuters) - Malaysian palm oil futures bounced back on Tuesday as crude prices rose, but gains were limited by fears that the surge in demand and exports would eventually lose steam if there is a second wave of COVID-19 infections. 
The benchmark palm oil contract for September delivery on the Bursa Malaysia Derivatives Exchange settled up 21 ringgit, or 0.85%, at 2,466 ringgit ($577.38) a tonne, after falling as much as 1% earlier in the day. 
Crude oil prices rose after a volatile session sparked by confusion over the status of the U.S.-China trade deal. Stronger crude futures make palm a more attractive option for biodiesel feedstock. 
Earlier, markets were spooked by surprise comments from White House trade adviser Peter Navarro that a hard-won U.S-China trade deal was “over”, although U.S. President Donald Trump later assured that the pact was intact. 
Malaysia’s palm oil exports for June 1-20 jumped between 55.3% and 57% from a month earlier, according to data from cargo surveyors, after the easing of coronavirus curbs and an export duty exemption. 
However, the market lacks follow-up buying from destinations such as China, Pakistan, Bangladesh and Europe to sustain the exceptionally strong exports, said Anilkumar Bagani, research head of Mumbai-based vegetable oil broker Sunvin Group. 
The Malaysian Palm Oil Council on Monday said exports were likely to increase further in the second half of the year, but a leading analyst cautioned that global consumption of the edible oil would fall for the first time on record. 
Dalian’s most-active soyoil contract fell 0.62%, while its palm oil contract was down 1.01%. Soyoil prices on the Chicago Board of Trade dropped 0.34%. 
Palm oil is affected by price movements in related oils as they compete for a share in the global vegetable oils market. ($1 = 4.2710 ringgit) 
Reporting by Mei Mei Chu; Editing by Amy Caren Daniel, Sherry
Jacob-Phillips and Subhranshu Sahu"
9,"{'id': 'reuters', 'name': 'Reuters'}",Reuters Editorial,Liverpool's Klopp wants City clash to be played in Manchester - Reuters Africa,"Liverpool would prefer next week's away fixture against Manchester City to be held at the Etihad Stadium and not moved to a neutral venue due to the COVID-19 situation, manager Juergen Klopp has said.",https://af.reuters.com/article/sportsNews/idAFKBN23V1HJ-OZASP,https://s3.reutersmedia.net/resources/r/?m=02&d=20200624&t=2&i=1523314645&w=1200&r=LYNXMPEG5N156-OZASP,2020-06-24T10:19:00Z,"(Reuters) - Liverpool would prefer next week’s away fixture against Manchester City to be held at the Etihad Stadium and not moved to a neutral venue due to the COVID-19 situation, manager Juergen Klopp has said. 
Liverpool, who could potentially seal their first English league crown in 30 years against City next Thursday, are awaiting a decision from a safety advisory group on the venue. 
“Honestly, I would prefer it is at Manchester, otherwise it would be really difficult to organise it,” Klopp told reporters ahead of Wednesday’s league clash against Crystal Palace. 
Authorities could shift the game to a neutral venue due to concerns Liverpool fans might congregate outside the stadium to celebrate their success. 
“I don’t know how it would be but it would not be in Liverpool so it would mean we both have to go somewhere where we both need a hotel. That is the only issue,” Klopp added. 
“Apart from that we play where they send us to but I would prefer it in Manchester ... I’ll wait until the final information is confirmed whether it is Manchester or not. It would be a challenge for both clubs.” 
Reporting by Shrivathsa Sridhar in Bengaluru; Editing by Peter Rutherford"
10,"{'id': 'reuters', 'name': 'Reuters'}",Reuters Editorial,Cricket-Pakistan's Hafeez says he has tested negative for COVID-19 - Reuters,"Pakistan all-rounder Mohammad Hafeez has tested negative for COVID-19 a day after the country's cricket board said he was among seven more players who contracted the disease ahead of their England tour, the player said on Wednesday.",https://www.reuters.com/article/health-coronavirus-cricket-pakistan-engl-idUSL4N2E125O,https://s4.reutersmedia.net/resources_v2/images/rcom-default.png,2020-06-24T09:02:00Z,"June 24 (Reuters) - Pakistan all-rounder Mohammad Hafeez has tested negative for COVID-19 a day after the country’s cricket board said he was among seven more players who contracted the disease ahead of their England tour, the player said on Wednesday. 
The Pakistan Cricket Board confirmed on Tuesday that a total of 10 players, including Hafeez, had tested positive but the 39-year-old said in a tweet here that a subsequent examination at a private laboratory in Lahore had cleared him. 
Hafeez added that his family had also tested negative and attached a picture of his medical report in the tweet. 
Pakistan’s test and limited-overs squads will tour England for three tests and three Twenty20 internationals. They were due to fly out this month before going into quarantine ahead of the first test starting on July 30. 
England director of cricket Ashley Giles has said that the tour is expected to go ahead. 
England return to action following the COVID-19 stoppage with three tests against the West Indies next month with the first scheduled to begin in Southampton on July 8 without spectators. (Reporting by Shrivathsa Sridhar in Bengaluru, Editing by William Maclean)"
11,"{'id': 'reuters', 'name': 'Reuters'}",Sudipto Ganguly,Djokovic's charity event exposes risks faced by professional athletes - Reuters,"Novak Djokovic aimed to help people affected by the COVID-19 pandemic with his charity tournament but with a number of players testing positive for the virus after attending the event, it could imperil the resumption of professional tennis.",https://www.reuters.com/article/us-health-coronavirus-tennis-future-idUSKBN23U32X,https://s2.reutersmedia.net/resources/r/?m=02&d=20200623&t=2&i=1523240053&w=1200&r=LYNXMPEG5M1UI,2020-06-23T19:08:00Z,"(Reuters) - Novak Djokovic aimed to help people affected by the COVID-19 pandemic with his charity tournament but with a number of players testing positive for the virus after attending the event, it could imperil the resumption of professional tennis. 
The men’s world number one was the fourth player to contract the virus after Bulgarian Grigor Dimitrov, Croatia’s Borna Coric and Viktor Troicki previously tested positive after playing in the Adria Tour event in the Balkan region. 
The tournament was among many events that have recently been held while professional tennis remains suspended due to the pandemic. 
But there was one key difference about Djokovic’s event. 
While the other tournaments were contested without any fans in attendance and those present adhered to social distancing rules, Djokovic’s Adria Tour attracted a capacity crowd in the Serbian capital, where players interacted, embraced and partied like they did in pre-COVID-19 days. 
“Djokovic shot himself in the foot by organising the Adria Tour,” Radmilo Armenulic, a former Yugoslavia Davis Cup coach, told Reuters by phone. 
“The organisation of the Belgrade leg was catastrophic, the stands were so full that fans were virtually sitting on top of each other. He staged this event with the best of intentions but it turns out it was a big mistake.” 
While the players hugged at the net, played basketball, posed for pictures and attended news conferences together, Djokovic also organised nights out in Belgrade and pictures and videos of him dancing with the players made it to social media. 
The players, however, did not break any government protocols in Serbia or Croatia with both countries easing lockdown measures weeks before the event. 
But it highlighted the risks of athletes from different countries being in close proximity to one another, which could be a concern for the men’s ATP and women’s WTA Tour when they resume the professional circuit in August after five months. 
The United States Tennis Association (USTA) has also announced plans for the U.S. Open Grand Slam to be held as scheduled from Aug. 31 in New York and governing bodies are expected to have strict protocols is place. 
“We have to be careful because we also have to be conscious that even with extreme measures, you could actually end up having some players testing positive,” ATP chairman Andrea Gaudenzi told the New York Times. 
BUBBLE 
During the U.S. Open, players and guests must wear masks when onsite unless practising or competing and testing will be conducted before travelling to the United States and at least once per week along with daily temperature checks. 
Top players, including Djokovic, have in recent times expressed their displeasure at the stringent measures, something that the ATP and the WTA are also expected to incorporate at their tournaments. 
Gaudenzi said he hoped players will be more receptive to restrictions following the Adria Tour fiasco. 
Stacey Allaster, the new U.S. Open tournament director, said organisers had to take a “leap of faith” regarding players’ willingness to follow the protocols. 
“If you think about it, we really designed this tournament around a bubble,” said Brian Hainline, the chief medical officer for the NCAA. 
“If someone becomes infected, that’s a possibility, if they go out and they put themselves at a behaviour where their behaviour is risky, they’re really taking on a responsibility of saying what I’m doing is not that important to my fellow players.” 
Armenulic, however, believes it will take the sport at least a year to go back to where it was before the pandemic and professional circuit should not resume before next year’s Australian Open. 
“Unfortunately, this virus is still present, and it is a new reality that we are still learning to cope and live with,” Djokovic, a 17-times Grand Slam singles champion, said. 
“I am hoping things will ease with time so we can all resume lives the way they were. 
“I am so deeply sorry our tournament has caused harm. We were wrong and it was too soon.” 
Reporting by Sudipto Ganguly in Munbai; additional reporting by Zoran Milosavljevic in Belgrade; editing by Pritha Sarkar"
12,"{'id': 'reuters', 'name': 'Reuters'}",Allison Martell,Arizona's main COVID lab running behind as demand for tests soars to twice capacity - Reuters,"A spike in coronavirus infections in Arizona pushed demand for tests to twice the capacity of the state's main COVID lab last week, a senior laboratory executive said, adding that new testing equipment had been delayed two months.",https://www.reuters.com/article/us-health-coronavirus-testing-arizona-idUSKBN23U3C8,https://s4.reutersmedia.net/resources/r/?m=02&d=20200623&t=2&i=1523254225&w=1200&r=LYNXMPEG5M21X,2020-06-23T21:59:40Z,"(Reuters) - A spike in coronavirus infections in Arizona pushed demand for tests to twice the capacity of the state’s main COVID lab last week, a senior laboratory executive said, adding that new testing equipment had been delayed two months. 
Testing to find the virus before patients spread it further is key to controlling the pandemic, especially as lockdowns lift. The Arizona delays - in testing and results reporting - are similar to problems seen earlier in the epidemic, and some labs across the country are facing shortages of supplies, an industry group said. 
In Arizona, Roche Holding recently told Sonora Quest lab, a joint venture between Phoenix-based Banner Health and Quest Diagnostics, that a new instrument it had hoped to get in June would not be delivered until August, said Sonora Chief Operating Officer Sonya Engle. 
“The testing demand has increased significantly,” said Engle, whose lab is responsible for approximately 80% of Arizona COVID-19 tests. “We have reached record highs each day in the past couple weeks.” 
On Friday, she said, the lab received a record 12,000 test orders, double its capacity. It is aiming to ramp up to 17,000 a day but is still working on a deal with a new supplier to make that possible. 
Roche said in response to a request from Reuters that it has been ramping up production since March and is committed to delivering as many tests as possible to the most affected areas, including Arizona. 
“At the height of this global pandemic, demand for diagnostic tests and the instruments to conduct them continues to outstrip supply,” the company said on Tuesday in a statement. 
Last week the American Association for Clinical Chemistry, which represents clinical lab workers and researchers, wrote to Deborah Birx, the White House coronavirus task force response coordinator, urging her to “use the authority of the federal government to obtain and allocate these vital supplies.” 
In a May survey of 100 labs, 50% said they continued to have difficulty getting the swabs, reagents or test kits they needed, according to the letter, which has not been published previously. 
The White House referred questions to the Federal Emergency Management Agency, which did not immediately respond. 
Arizona, Florida and Texas are all experiencing record surges in new infections, according to a Reuters analysis. Arizona reported 17,000 new cases last week, a 90% increase, with 20% of tests coming back positive. 
The major suppliers to U.S. labs, including Roche and Abbott, sell both lab equipment and proprietary chemicals called reagent kits that are specific to their equipment. When reagent runs low, labs generally cannot switch suppliers. 
In recent days, some free testing sites in Arizona have had to turn patients away because of rising demand, according to local media reports. The Arizona Republic reported that some people had waited as long as 13 hours at one site in Phoenix on Saturday. 
Engle said patients have waited five to six days for results, up from two to three days in May. 
Reporting by Allison Martell in Toronto; Additional reporting by John Miller in Zurich and Alexandra Alper in Washington; editing by Peter Henderson and Dan Grebler"
13,"{'id': 'reuters', 'name': 'Reuters'}",Reuters Editorial,Olympics-Coates touts Queensland 2032 bid as economic salve for COVID-19 - Reuters,"A successful bid to host the 2032 Olympic Games in Queensland could help Australia recover from the economic impact of COVID-19, the country's Olympic chief John Coates has said.",https://in.reuters.com/article/olympics-2032-australia-idINL4N2E10OA,https://s4.reutersmedia.net/resources_v2/images/rcom-default.png,2020-06-24T02:38:00Z,"MELBOURNE, June 24 (Reuters) - A successful bid to host the 2032 Olympic Games in Queensland could help Australia recover from the economic impact of COVID-19, the country’s Olympic chief John Coates has said. 
The northeastern state suspended its work on its bid last month, citing a need to focus on its response to the coronavirus pandemic. 
Despite the suspension, Australian Olympic Committee (AOC) President Coates said authorities recognised the Games’ potential to heal the economy, which is in its biggest downturn since the 1930s. 
“There is already a need for jobs and growth in the Queensland economy arising from the impact of COVID-19,” Coates said in quotes published by The Australian newspaper late on Tuesday. 
Coates said local, state and federal government recognised the potential for the 2032 Olympic and Paralympic Games as a “critical part of the state and nation’s economic recovery in the short term”. 
The Games would also bring long-term health, wellbeing, economic and sporting legacies, he added. 
Coates said the AOC stood ready to resume dialogue with the International Olympic Committee once the Queensland state and federal governments gave the green light. 
“A decision could be as early as 2022 or 2023,” he said. 
Coates also said Queensland had 85% of the required Olympic venues in place and downplayed the cost of hosting. 
“For any of you who may be concerned about the $4.5bn cost of conducting the Olympic and Paralympic Games, the IOC has already committed $2.5bn at least, being the amount of its contributions to the 2028 Games in Los Angeles,” he said. 
A number of countries have expressed interest in 2032 bids, including Germany, Spain, India, Indonesia and a joint bid from North and South Korea. 
Paris is hosting the 2024 Games with Los Angeles confirmed for 2028. (Reporting by Ian Ransom; Editing by Peter Rutherford )"
14,"{'id': 'reuters', 'name': 'Reuters'}",Reuters Editorial,Liverpool's Klopp wants City clash to be played in Manchester - Reuters UK,"Liverpool would prefer next week's away fixture against Manchester City to be held at the Etihad Stadium and not moved to a neutral venue due to the COVID-19 situation, manager Juergen Klopp has said.",https://uk.reuters.com/article/uk-soccer-england-liv-klopp-idUKKBN23V0BD,https://s4.reutersmedia.net/resources/r/?m=02&d=20200624&t=2&i=1523280005&w=1200&r=LYNXMPEG5N08T,2020-06-24T03:02:00Z,"(Reuters) - Liverpool would prefer next week’s away fixture against Manchester City to be held at the Etihad Stadium and not moved to a neutral venue due to the COVID-19 situation, manager Juergen Klopp has said. 
Liverpool, who could potentially seal their first English league crown in 30 years against City next Thursday, are awaiting a decision from a safety advisory group on the venue. 
“Honestly, I would prefer it is at Manchester, otherwise it would be really difficult to organise it,” Klopp told reporters ahead of Wednesday’s league clash against Crystal Palace. 
Authorities could shift the game to a neutral venue due to concerns Liverpool fans might congregate outside the stadium to celebrate their success. 
“I don’t know how it would be but it would not be in Liverpool so it would mean we both have to go somewhere where we both need a hotel. That is the only issue,” Klopp added. 
“Apart from that we play where they send us to but I would prefer it in Manchester ... I’ll wait until the final information is confirmed whether it is Manchester or not. It would be a challenge for both clubs.” 
Reporting by Shrivathsa Sridhar in Bengaluru; Editing by Peter Rutherford"
15,"{'id': 'reuters', 'name': 'Reuters'}",Reuters Editorial,Coates touts Queensland 2032 bid as economic salve for COVID-19 - Reuters,"A successful bid to host the 2032 Olympic Games in Queensland could help Australia recover from the economic impact of COVID-19, the country's Olympic chief John Coates has said.",https://www.reuters.com/article/us-olympics-2032-australia-idUSKBN23V0AK,https://s4.reutersmedia.net/resources/r/?m=02&d=20200624&t=2&i=1523279005&w=1200&r=LYNXMPEG5N078,2020-06-24T02:44:00Z,"MELBOURNE (Reuters) - A successful bid to host the 2032 Olympic Games in Queensland could help Australia recover from the economic impact of COVID-19, the country’s Olympic chief John Coates has said. 
The northeastern state suspended its work on its bid last month, citing a need to focus on its response to the coronavirus pandemic. 
Despite the suspension, Australian Olympic Committee (AOC) President Coates said authorities recognised the Games’ potential to heal the economy, which is in its biggest downturn since the 1930s. 
“There is already a need for jobs and growth in the Queensland economy arising from the impact of COVID-19,” Coates said in quotes published by The Australian newspaper late on Tuesday. 
Coates said local, state and federal government recognised the potential for the 2032 Olympic and Paralympic Games as a “critical part of the state and nation’s economic recovery in the short term”. 
The Games would also bring long-term health, wellbeing, economic and sporting legacies, he added. 
Coates said the AOC stood ready to resume dialogue with the International Olympic Committee once the Queensland state and federal governments gave the green light. 
“A decision could be as early as 2022 or 2023,” he said. 
Coates also said Queensland had 85% of the required Olympic venues in place and downplayed the cost of hosting. 
“For any of you who may be concerned about the $4.5bn cost of conducting the Olympic and Paralympic Games, the IOC has already committed $2.5bn at least, being the amount of its contributions to the 2028 Games in Los Angeles,” he said. 
A number of countries have expressed interest in 2032 bids, including Germany, Spain, India, Indonesia and a joint bid from North and South Korea. 
Paris is hosting the 2024 Games with Los Angeles confirmed for 2028. 
Reporting by Ian Ransom; Editing by Peter Rutherford"
16,"{'id': 'reuters', 'name': 'Reuters'}",Lucia Mutikani,U.S. new home sales rebound; business activity slump easing - Reuters Canada,"Sales of new U.S. single-family homes increased more than expected in May and business activity contracted moderately this month, suggesting the economy was on the cusp of recovering from the recession caused by the COVID-19 crisis.",https://ca.reuters.com/article/businessNews/idCAKBN23U297,https://s4.reutersmedia.net/resources/r/?m=02&d=20200623&t=2&i=1523216925&w=1200&r=LYNXMPEG5M1BT,2020-06-23T15:43:00Z,"WASHINGTON (Reuters) - Sales of new U.S. single-family homes increased more than expected in May and business activity contracted moderately this month, suggesting the economy was on the cusp of recovering from the recession caused by the COVID-19 crisis. 
But a resurgence in confirmed coronavirus cases across the country threatens the nascent signs of improvement evident in Tuesday’s economic data. Many states have reported record daily increases in COVID-19 infections, which health experts have blamed on local governments reopening their economies too soon. The economy has stabilized as businesses reopened after closing in mid-March to control the spread of the respiratory illness. 
New home sales jumped 16.6% to a seasonally adjusted annual rate of 676,000 units last month, the Commerce Department said. New home sales are counted at the signing of a contract, making them a leading housing market indicator. Sales dropped 5.2% in April to a pace of 580,000 units. 
Economists polled by Reuters had forecast new home sales, which account for about 14.7% of housing market sales, rising 2.9% to a pace of 640,000 in May. 
New home sales are drawn from permits. Sales surged 12.7% from a year ago in May. The report followed on the heels of data last week showing home purchase applications at an 11-year high in mid-June and building permits rebounding strongly in May. 
The broader economy slipped into recession in February, leaving nearly 20 million people unemployed as of May. 
In a separate report on Tuesday, data firm IHS Markit said its flash U.S. Composite Output Index, which tracks the manufacturing and services sectors, rose to a reading of 46.8 in June from 37 in May. A reading below 50 indicates contraction in private sector output. 
The survey’s services sector flash Purchasing Managers Index rose to a reading of 46.7 from 37.5 in May. The contraction in factory activity also ebbed this month, with the flash manufacturing PMI climbing to 49.6 from 39.8 in May. 
The improving trend was also echoed in other PMI surveys around the globe. The IHS Markit’s euro zone Flash Composite Purchasing Managers’ Index recovered to 47.5 from May’s 31.9. 
Stocks on Wall Street extended gains on the data. The dollar fell against a basket of currencies. U.S. Treasury prices were lower. 
UNEMPLOYMENT HURDLE 
The market for new homes is being supported by historic low interest rates and a preference among buyers for single-family homes away from city centers as companies allow employees more flexibility to work from home amid the coronavirus crisis. 
But with record unemployment and companies freezing hiring to deal with weak demand and keep costs under control, a sharp rebound in the housing market is unlikely. 
Last month’s increase in new home sales did little to offset a plunge in sales of existing home in April and May, leaving intact economists’ expectations for a record tumble in residential investment in the second quarter. Homebuilding also rebounded moderately in May after slumping in April. 
Last month, new home sales shot up 45.5% in the Northeast and advanced 29% in the West. They rose 15.2% in the South, which accounts for the bulk of transactions, but fell 6.4% in the Midwest. 
The median new house price rose 1.7% to $317,900 in May from a year ago. New home sales last month were concentrated in the $200,000 to $400,000 price range. New homes priced below $200,000, the most sought after, accounted for about 15% of sales. 
There were 318,000 new homes on the market in May, down from 325,000 in April. At May’s sales pace it would take 5.6 months to clear the supply of houses on the market, down from 6.7 months in April. Nearly two-thirds of the homes sold last month were either under construction or yet to be built. 
Reporting by Lucia Mutikani; Editing by Andrea Ricci"
17,"{'id': 'reuters', 'name': 'Reuters'}",Lisa Shumaker,Texas Children's Hospital admitting adults as coronavirus surges in Houston - Reuters,"A Texas children's hospital is admitting adult coronavirus patients due to a spike in serious COVID-19 cases in the Houston area, while a dozen other states from Florida to California grapple with a surge in infections.",https://www.reuters.com/article/uk-health-coronavirus-usa-idUSKBN23U2QT,https://s4.reutersmedia.net/resources/r/?m=02&d=20200623&t=2&i=1523222749&w=1200&r=LYNXMPEG5M1LU,2020-06-23T16:33:00Z,"(Reuters) - A Texas children’s hospital is admitting adult coronavirus patients due to a spike in serious COVID-19 cases in the Houston area, while a dozen other states from Florida to California grapple with a surge in infections. 
“We know COVID-19 has not gone away. We implore you to take responsible actions practice appropriate social distancing, wear a mask or face covering anytime you leave your home,” the Texas Children’s Hospital said in a statement, without specifying how many coronavirus patients they admitted. 
Texas reported over 5,000 new infections on Monday, a single-day record for the state. It has also seen COVID-19 hospitalizations hit record highs for 11 days in a row. 
Arizona and Nevada reported record increases in new cases on Tuesday after recording all-time highs last week, according to a Reuters tally. 
The United States recorded a 25% increase in new cases of COVID-19 in the week ended June 21, compared to the previous seven days, as Arizona and Florida joined Texas with record surges in new infections, a Reuters analysis found. 
Ten states, including Texas, reported weekly new infection increases of more than 50%, according to the analysis of data from The COVID Tracking Project https://covidtracking.com, a volunteer-run effort to track the outbreak. 
While most states are increasing testing, the number of tests coming back positive is rising. At least four states are averaging double-digit rates in the percentage of tests that are positive for the virus: Arizona at 20%, Florida and Utah both at 11%, and Texas at 10%. By contrast, New York, formerly the epicenter of the U.S. outbreak, has been reporting positive test rates of around 1%. 
The World Health Organization considers positivity rates above 5% to be especially concerning. 
(Open tmsnrt.rs/2WTOZDR in an external browser for a Reuters interactive) 
President Donald Trump on Tuesday held fast to his claim that the spike in U.S. cases in multiple states was due to testing, not increased spread of the disease. 
“Cases are going up in the U.S. because we are testing far more than any other country, and ever expanding. With smaller testing we would show fewer cases!” he tweeted. 
Many of these states are also seeing record hospitalizations - a metric not affected by increased testing. 
The president will speak with students in Phoenix on Tuesday after holding his first campaign rally in months in Oklahoma over the weekend. 
Former Vice President Joe Biden, who is expected to challenge Trump in the Nov. 3 election, called the president’s plans to speak to thousands of supporters in Phoenix “reckless and irresponsible” at a time when the number of people hospitalized with the coronavirus in Arizona is continuing to rise. 
Reporting by Karen Pierog in Chicago and Susan Heavey and Lisa Lambert in Washington; Writing by Lisa Shumaker; Editing by Bill Berkrot"
18,"{'id': 'reuters', 'name': 'Reuters'}",Reuters Editorial,Seven more Pakistan players test positive for coronavirus - Reuters UK,"Seven more Pakistan players have tested positive for COVID-19 after being screened ahead of their tour of England, taking the total to 10, the country's cricket board (PCB) said on Tuesday.",https://uk.reuters.com/article/uk-health-coronavirus-cricket-pakistan-e-idUKKBN23U29O,https://s2.reutersmedia.net/resources/r/?m=02&d=20200623&t=2&i=1523206147&w=1200&r=LYNXMPEG5M1CG,2020-06-23T14:17:00Z,"LONDON (Reuters) - Seven more Pakistan players have tested positive for COVID-19 after being screened ahead of their tour of England, taking the total to 10, the country’s cricket board (PCB) said on Tuesday. 
Fakhar Zaman, Imran Khan, Kashif Bhatti, Mohammad Hafeez, Mohammad Hasnain, Mohammad Rizwan and Wahab Riaz tested positive along with team masseur Malang Ali. 
The PCB on Monday confirmed Haider Ali, Haris Rauf and Shadab Khan had tested positive for the virus. 
“Like Haider, Haris and Shadab, none of the seven players and masseur had reported any prior symptoms of COVID-19 until they underwent first round of testing on Monday ahead of the side’s departure for Manchester,” the PCB said in a statement. 
“The PCB medical panel is already in contact with these players and the masseur, who have been instructed to observe strict quarantine at their homes for their and their families’ wellbeing.” 
Pakistan’s test and limited-overs squads are set to tour England for three tests and three Twenty20 internationals. They were due to fly out later this month before going into quarantine ahead of the first test starting on July 30. 
England director of cricket Ashley Giles said the tour was expected to go ahead. 
“At the moment I don’t think the series is in doubt. We’re far enough away from the start of the test series to not worry about that too much at the moment,” Giles told reporters on Tuesday. 
“There are some more test results coming out later from the rest of the group, so we’ll see what that says. But we’re still hopeful that the Pakistan team will be arriving in the country fairly soon.” 
The rate of new coronavirus cases has been rising fast in the country of 207 million people but Prime Minister Imran Khan a former Pakistan cricket captain has ruled out a nationwide lockdown. 
“The situation in Pakistan is not great at the moment and our thoughts go out to the whole country. Clearly it’s important that we get those guys in this country and we get on with that series,” Giles added. 
England are returning from the coronavirus shutdown with three tests against West Indies next month with the first scheduled to begin in Southampton on July 8 without spectators. 
Reporting by Alan Baldwin in London and Rohith Nair in Bengaluru, editing by Ed Osmond"
19,"{'id': 'reuters', 'name': 'Reuters'}",Reuters Editorial,"Pound gains as dollar struggles, but Brexit talks weigh - Reuters","Sterling gained on Thursday as traders bought back into the currency following its recent run lower, although worries about a second wave of COVID-19 infections and negotiations over a Brexit deal kept the rebound in check.",https://www.reuters.com/article/uk-britain-sterling-idUSKBN23W184,https://s3.reutersmedia.net/resources/r/?m=02&d=20200625&t=2&i=1523494315&w=1200&r=LYNXMPEG5O0U7,2020-06-25T08:47:00Z,"LONDON (Reuters) - Sterling gained on Thursday as traders bought back into the currency following its recent run lower, although worries about a second wave of COVID-19 infections and negotiations over a Brexit deal kept the rebound in check. 
Analysts said there was no specific new development that pushed the pound higher, but with European equities steadying after earlier falls and some calm returning to markets, sterling was able to claw its way upwards. 
The British currency was last up 0.3% at $1.2454 against a dollar broadly flat on the session. Before a sharp drop on Wednesday, the pound had traded around $1.254. 
Against the euro, sterling increased 0.3% to 90.28 pence. 
While the pound is roughly at the same level versus the dollar as in early May, against the euro it has fallen heavily and remains close to three-month lows of 90.775 pence. 
Many analysts think several forces are lined up against the pound, which is vulnerable when broad risk sentiment among investors declines and traders want to own a currency they consider to be safer. 
“Negatives seem to be piling up for GBP as the UK may (a) face a second virus outbreak right as it attempts to re-establish normality, and (b) get caught in U.S. protectionist fire,” ING analysts said in a research note. 
British Prime Minister Boris Johnson has unveiled an easing of lockdown restrictions in England, but many health experts are warning of the risk of a second wave of infections. 
Concerns whether Britain can get a deal on its future relationship with the European Union also weighed. 
The pound extended losses when the EU’s chief negotiator said on Wednesday a deal was possible, but Britain needs to give clear signals it is ready to work towards one. 
Positioning data shows that while net sterling bets remain short, they have fallen from their extreme levels seen earlier this year, mostly as a result of a recovery in global markets. 
Reporting by Tommy Wilkes; Editing by Mark Potter"
