,source,author,title,description,url,urlToImage,publishedAt,content
0,"{'id': 'reuters', 'name': 'Reuters'}",Luke Baker,"Some countries using virus curbs to 'silence critics', ex-leaders warn - Reuters","The COVID-19 pandemic has led to a surge in authoritarian behaviour by governments around the world, posing a growing threat to democracy, hundreds of former prime ministers, presidents, Nobel laureates and lawmakers have warned.",https://www.reuters.com/article/us-health-coronavirus-democracy-threat-idUSKBN23W0M0,https://s4.reutersmedia.net/resources/r/?m=02&d=20200625&t=2&i=1523418998&w=1200&r=LYNXMPEG5O0FX,2020-06-25T05:10:00Z,"LONDON (Reuters) - The COVID-19 pandemic has led to a surge in authoritarian behaviour by governments around the world, posing a growing threat to democracy, hundreds of former prime ministers, presidents, Nobel laureates and lawmakers have warned. 
The virus was first identified in the central Chinese city of Wuhan in December and has since spread around the world, prompting countries across Europe, Asia, the Americas and Africa to step in, many limiting free movement, free speech, public assembly and other civic rights. 
“Authoritarian regimes, not surprisingly, are using the crisis to silence critics and tighten their political grip,” wrote some 500 signatories, including more than 60 former leaders, in an open letter organised by the Stockholm-based Institute for Democracy and Electoral Assistance (IDEA). 
“Even some democratically elected governments are fighting the pandemic by amassing emergency powers that restrict human rights and enhance state surveillance without regard to legal constraints (or) parliamentary oversight.” 
More than 80 countries have enacted emergency measures, according to the U.S.-based International Center for Non-Profit Law, ranging from curfews and fines for those who breach the rules to extra surveillance, censorship and increased executive powers. 
The overall impact has been a dilution of democratic norms, which has implications for political freedom as well as the ability of governments to handle the crisis and future health emergencies, said IDEA’s secretary-general. 
Among the countries he cited as having introduced authoritarian measures or having fallen short on accountability were the Philippines, Hungary, El Salvador and Turkey. 
“There are legitimate reasons to invoke emergency powers. However, it is always problematic when a government uses emergency powers to clamp down on independent media and other fundamental rights,” said Kevin Casas-Zamora, also a former vice-president and government minister in Costa Rica. 
“We want to draw attention to the plight of democracy in the midst of this crisis. It’s not protecting democracy for its own sake; it’s that democracy has an inherent value in dealing with this pandemic and preparing for the next one.” 
The outbreak has already led to the postponement or cancellation of 66 elections worldwide, a third of them national polls, according to IDEA. Nearly 50 countries have imposed some form of restriction on press freedom, 21 of them democracies. 
For the signatories, including Fernando Henrique Cardoso, the former president of Brazil, and Jeb Bush, the former governor of Florida, a fundamental concern is that citizens begin to accept more authoritarian behaviour. 
“Democracy is under threat, and people who care about it must summon the will, the discipline, and the solidarity to defend it. At stake are the freedom, health, and dignity of people everywhere,” they wrote."
1,"{'id': 'reuters', 'name': 'Reuters'}",Sethuraman N R,Indian shares end lower on dour IMF outlook - Reuters,"Indian shares closed slightly lower on Thursday after a volatile session, as investors weighed a downbeat growth outlook from the International Monetary Fund and a surge in COVID-19 cases, while gains in consumer and pharma stocks capped losses.",https://uk.reuters.com/article/india-stocks-close-idUKL4N2E21SD,https://s4.reutersmedia.net/resources_v2/images/rcom-default.png,2020-06-25T10:39:00Z,"BENGALURU, June 25 (Reuters) - Indian shares closed slightly lower on Thursday after a volatile session, as investors weighed a downbeat growth outlook from the International Monetary Fund and a surge in COVID-19 cases, while gains in consumer and pharma stocks capped losses. 
The IMF on Wednesday evening predicted the Indian economy would contract by 4.5% in 2020. It also expects global output to shrink 4.9% this year, a sharper fall than the 3% contraction predicted in April. 
The NSE Nifty 50 index ended down 0.16% to 10,288.90 and the benchmark S&amp;P BSE Sensex slipped 0.1% to 34,842.10. 
The Nifty fast moving consumer goods index rose 2.12%, while the pharma index gained 0.8%. 
The FMCG and pharma indexes have gained 4.9% and 1.9% so far this week, respectively, compared with a 0.8% gain in the heavy weight Nifty Bank index. 
“Renewed interest in safe-haven sectors like pharma and consumer staples is indicative of the market’s wariness about continuance of the mammoth risk-on rally from March lows,” said Ajay Bodke, chief executive officer and chief portfolio manager (portfolio management services) at Prabhudas Lilladher in Mumbai. 
The Nifty 50 index has surged about 37% after hitting a four-year low in March, as the economy gradually reopened and foreign investor poured money due to massive global liquidity even as coronavirus cases continue to surge across the world. 
Domestic coronavirus virus cases surged over 473,000, while some U.S. states reported record increase in new cases on Wednesday and Australia posted its biggest daily rise in infections in two months. 
ITC Ltd ended up 5.6% and was the top gainer and boost in the Nifty 50 index. 
World stocks spluttered to their lowest level in more than a week on Thursday. (Reporting by Nallur Sethuraman in Bengaluru; Editing by Subhranshu Sahu)"
2,"{'id': 'reuters', 'name': 'Reuters'}",Reuters Editorial,"Macy's to lay off 3,900 employees - Reuters","Macy's Inc said on Thursday it would lay off about 3,900 employees in corporate and management positions to help lessen some of the financial strain of dwindling sales due to the COVID-19 pandemic.",https://www.reuters.com/article/us-macy-s-layoffs-idUSKBN23W1X5,https://s3.reutersmedia.net/resources/r/?m=02&d=20200625&t=2&i=1523595702&w=1200&r=LYNXMPEG5O1EJ,2020-06-25T12:21:00Z,"(Reuters) - Macy’s Inc (M.N) said on Thursday it would lay off about 3,900 employees in corporate and management positions to help lessen some of the financial strain of dwindling sales due to the COVID-19 pandemic. 
Macy’s said it expects to save about $365 million from these layoffs in fiscal 2020. 
Reporting by Uday Sampath in Bengaluru; Editing by Ramakrishnan M."
3,"{'id': 'reuters', 'name': 'Reuters'}",Reuters Editorial,Moderna names Catalent as manufacturing partner for potential COVID-19 vaccine - Reuters,Moderna Inc said on Thursday it has partnered with contract drugmaker Catalent Inc to produce 100 million doses of its experimental COVID-19 vaccine starting in the third quarter of 2020.,https://uk.reuters.com/article/us-health-coronavirus-moderna-catalent-idUKKBN23W1SI,https://s1.reutersmedia.net/resources/r/?m=02&d=20200625&t=2&i=1523591532&w=1200&r=LYNXMPEG5O1C2,2020-06-25T11:49:00Z,"(Reuters) - Moderna Inc (MRNA.O) said on Thursday it has partnered with contract drugmaker Catalent Inc (CTLT.N) to produce 100 million doses of its experimental COVID-19 vaccine starting in the third quarter of 2020. 
Under the deal, Catalent would also provide packaging and labeling, storage and distribution services to support Moderna's late-stage clinical trial for the vaccine. (reut.rs/384fCLt) 
Reporting by Saumya Sibi Joseph in Bengaluru; Editing by Shailesh Kuber"
4,"{'id': 'reuters', 'name': 'Reuters'}",Reuters Editorial,"Canada's WestJet to cut 3,300 jobs as pandemic hurts demand for air travel - Reuters","Canadian carrier WestJet said on Wednesday it would layoff about 3,300 employees, as it looks to save costs amid the economic turmoil stemming from the COVID-19 pandemic, which has severely hurt air travel.",https://www.reuters.com/article/westjet-layoffs-idUSL4N2E13S5,https://s4.reutersmedia.net/resources_v2/images/rcom-default.png,2020-06-24T19:15:00Z,"June 24 (Reuters) - Canadian carrier WestJet said on Wednesday it would layoff about 3,300 employees, as it looks to save costs amid the economic turmoil stemming from the COVID-19 pandemic, which has severely hurt air travel. 
WestJet, owned by private equity firm Onex Corp, said it will consolidate all call centre activity to Alberta and outsource operations in all domestic airports except Vancouver, Calgary, Edmonton and Toronto, as part of the restructuring. 
“Today’s announcement regarding these strategic but unavoidable changes will allow us to provide security to our remaining 10,000 WestJetters,” Chief Executive Officer Ed Sims said in a statement. (Reporting by Ankit Ajmera in Bengaluru; Editing by Shinjini Ganguli)"
5,"{'id': 'reuters', 'name': 'Reuters'}",Reuters Editorial,"University of Washington forecasts 180,000 U.S. deaths from COVID-19 by October - Reuters","New U.S. COVID-19 forecasts project nearly 180,000 deaths in the United States through the beginning of October, the Institute for Health Metrics and Evaluation (IHME) at the University of Washington said on Wednesday.",https://www.reuters.com/article/us-health-coronavirus-usa-forecast-idUSKBN23V335,https://s3.reutersmedia.net/resources/r/?m=02&d=20200624&t=2&i=1523378687&w=1200&r=LYNXMPEG5N277,2020-06-24T20:00:00Z,"LOS ANGELES (Reuters) - New U.S. COVID-19 forecasts project nearly 180,000 deaths in the United States through the beginning of October, the Institute for Health Metrics and Evaluation (IHME) at the University of Washington said on Wednesday. 
Reporting by Dan Whitcomb; Editing by Sandra Maler"
6,"{'id': 'reuters', 'name': 'Reuters'}",Reuters Editorial,No positive COVID-19 tests for England ahead of West Indies series - Reuters UK,"England's 30-man training group for the upcoming three-test series against West Indies returned no positive tests for COVID-19, the England and Wales Cricket Board (ECB) said on Wednesday.",https://uk.reuters.com/article/uk-health-coronavirus-cricket-england-idUKKBN23V2GP,https://s4.reutersmedia.net/resources/r/?m=02&d=20200624&t=2&i=1523352777&w=1200&r=LYNXMPEG5N1QT,2020-06-24T16:13:00Z,"(Reuters) - England’s 30-man training group for the upcoming three-test series against West Indies returned no positive tests for COVID-19, the England and Wales Cricket Board (ECB) said on Wednesday. 
The ECB said in a statement here that a total of 702 tests were conducted from June 3-23 on players and match officials plus ECB, venue, hotel and support staff, with all of them negative. 
Fast bowler Jofra Archer has been delayed in joining the squad after he had a precautionary test for COVID-19 when a member of his household felt unwell last weekend. The result of that test is expected to be announced on Thursday. 
The first test match is scheduled to begin in Southampton on July 8 without spectators followed by games in Manchester. 
England will then host Pakistan in three tests and three Twenty20 internationals starting on July 30 but doubts remain over whether the tour can go ahead after the Pakistan Cricket Board said 10 of their players tested positive for the virus. 
Reporting by Arvind Sriram in Bengaluru; Editing by Ken Ferris"
7,"{'id': 'reuters', 'name': 'Reuters'}",Nancy Lapid,Type of ultraviolet light kills airborne coronavirus; effect on platelets helps explain blood clot issues - Reuters,"The following is a brief roundup of some of the latest scientific studies on the novel coronavirus and efforts to find treatments and vaccines for COVID-19, the illness caused by the virus.",https://www.reuters.com/article/us-health-coronavirus-science-idUSKBN23V2VP,https://s4.reutersmedia.net/resources/r/?m=02&d=20200624&t=2&i=1523368017&w=1200&r=LYNXMPEG5N20W,2020-06-24T18:15:00Z,"(Reuters) - The following is a brief roundup of some of the latest scientific studies on the novel coronavirus and efforts to find treatments and vaccines for COVID-19, the illness caused by the virus. 
Safe form of ultraviolet light kills airborne coronavirus 
Ceiling fixtures emitting a safe form of ultraviolet light called far-UVC would be very efficient at killing airborne coronaviruses, according to a study by researchers at Columbia University. ""A very low exposure to far-UVC light killed well over 99.9% of the exposed virus,"" lead researcher Dr. David Brenner told Reuters. The researchers put coronavirus particles into little droplets and floated them in the air in front of far-UVC lights, then collected the viruses and tested them to see how many were still active. The study, published on Wednesday in Science Reports, used coronaviruses that cause common colds. ""But in our subsequent ongoing studies we have found that the coronavirus that causes COVID-19 is killed in just the same way by far-UVC light,"" Brenner said. The idea would be to install overhead far-UVC lights in public locations, where they would be ""continuously killing microbes, including the COVID-19 virus - and so limiting the spread of the virus,"" Brenner said, adding that far-UVC manufacturers are already ramping up production. ""We don't see far-UVC light as an alternative to masks and social distancing,"" Brenner said. ""We see it as a new extra weapon that we can use in the battle against COVID-19."" (go.nature.com/3hYdWYA) 
Cells that help blood to clot “over-activated” by the coronavirus 
The effect of the new coronavirus on platelets in the blood may help explain the excessive blood clotting that has led to serious complications and strokes in some COVID-19 patients. It is the job of platelets to recognize wounds and prevent bleeding by forming clots. They also recruit immune cells and generate inflammation. On Tuesday, researchers reported in the journal Blood that the new coronavirus drastically changes platelet gene expression and function. The inflammatory proteins generated by the virus cause platelets to become ""hyperreactive"" and form clots more easily and more often, coauthor Robert Campbell of the University of Utah told Reuters. The effect was correlated with patient illness severity, his team found. In a separate not-yet-peer-reviewed study, researchers found that platelets in 20% of COVID-19 patients contain molecules with the genetic code of the coronavirus. It is not clear yet whether the virus actually targets the platelets, or if the platelets contain the full virus, said study coauthor Eric Boilard of Universitaire de Québec. ""What was very obvious was the impressive level of platelet activation in COVID-19,"" Boilard said. The findings may open up new avenues to treat clot related complications in COVID-19. (bit.ly/2Z3pj8Z; bit.ly/2B6Zmx9) 
Antibodies might not be sole proof of prior coronavirus infection 
Antibodies to the novel coronavirus should not be considered the only evidence that someone has recovered from COVID-19, researchers say. They studied nine confirmed coronavirus patients from seven families, along with eight of their household members who later became ill with COVID-19 symptoms. The original patients all developed antibodies to the virus, as shown by blood tests after they recovered. The relatives who got sick, however, had negative antibody tests, but six of the eight had other immune cells in their blood that suggested they had been infected. For up to 80 days after their symptoms began, they had T cells - a key component of the immune system - that could recognize and target the coronavirus. ""T cell responses may be more sensitive indicators of SARS-Co-V-2 exposure than antibodies,"" the researchers said on Monday in a not-yet-peer-reviewed paper. ""Our results indicate that epidemiological data relying only on the detection of SARS-CoV-2 antibodies may lead to a substantial underestimation of prior exposure to the virus."" (bit.ly/2Yt2Frl) 
Details of dexamethasone study showing reduced death risk released 
Last week's announcement that the cheap and widely used steroid dexamethasone significantly reduced deaths in severely ill COVID-19 patients generated both excitement and skepticism, because the British researchers announced the result without publishing full details. On Monday, they posted their data online, in advance of full peer-review. They compared 2,104 coronavirus patients who received dexamethasone with 4,321 patients who did not. Overall, 21.6% of patients who got dexamethasone and 24.6% of those who got standard care died within 28 days. But the effect on mortality rates varied depending on how sick patients were when they entered the study. Dexamethasone reduced the death rate by one-third in patients who needed a ventilator to help them breath (from 40.7% to 29.0%) and by one-fifth in patients receiving supportive oxygen without an invasive ventilator (from 25.0% to 21.5%). The steroid did not reduce deaths in patients not receiving respiratory support. The World Health Organization has said dexamethasone should be reserved for serious COVID-19 cases in which it has been shown to provide benefits. (bit.ly/2Yuc7L9; reut.rs/2BFVm6H) 
Open here in an external browser for a Reuters graphic on vaccines and treatments in development. 
Reporting by Nancy Lapid; Editing by Bill Berkrot"
8,"{'id': 'reuters', 'name': 'Reuters'}",Reuters Editorial,Hawaii to implement pre-arrival COVID-19 test option as quarantine alternative - Reuters,"Hawaii will implement a pre-travel COVID-19 testing option for travellers to the U.S. state as an alternative to a two week travel quarantine, its governor said, hours after the Department of Justice backed a lawsuit challenging the quarantine.",https://www.reuters.com/article/us-health-coronavirus-usa-hawaii-idUSKBN23W0YW,https://s4.reutersmedia.net/resources/r/?m=02&d=20200625&t=2&i=1523430830&w=1200&r=LYNXMPEG5O0NZ,2020-06-25T07:59:39Z,"(Reuters) - Hawaii will implement a pre-travel COVID-19 testing option for travellers to the U.S. state as an alternative to a two week travel quarantine, its governor said, hours after the Department of Justice backed a lawsuit challenging the quarantine. 
Tourists to Hawaii will be exempted from the quarantine rule upon arrival from different states if they carry a valid coronavirus test result prior to the visit, Governor David Ige said late on Wednesday. 
“Beginning August 1, we will be implementing pre-travel testing program for travellers to Hawaii as an alternative for 14-day mandatory quarantine,” Ige said in a briefing. 
The current 14-day mandatory quarantine for everyone traveling into the state began in March, with the governor later extending it until the end of June. 
Earlier on Wednesday, the DOJ gave its support to a lawsuit challenging the state’s coronavirus measures, saying visitors are being denied rights granted to most island residents. The lawsuit was filed by Nevada and California residents who own property in Hawaii. 
Tourism is a big part of Hawaii’s economy - more than 10.4 million visitors came to the islands last year, supporting some 216,000 jobs in a population of around 1.4 million, according to the state tourism authority. 
The state at one point considered sweeping use of GPS-enabled ankle bracelets or smartphone tracking apps to enforce stay-at-home orders given to arriving air passengers. 
However, that plan was put on the back burner after the Hawaii attorney general’s office raised concerns. 
The United States has recorded about 2.4 million cases of coronavirus infections as of early Thursday, with nearly 122,000 deaths, according to a Reuters tally. 
Hawaii has had over 830 cases of infection and 17 deaths from the outbreak. The state’s average of one death per 100,000 people is among the lowest in the United States. 
Reporting by Maria Ponnezhath in Bengaluru, Editing by William Maclean"
9,"{'id': 'reuters', 'name': 'Reuters'}",Lucia Mutikani,U.S. layoffs remain elevated as weak demand persists after businesses reopened - Reuters,"Weak demand is forcing U.S. employers to lay off workers, keeping new applications for unemployment benefits extraordinarily high, even as businesses have reopened, buttressing views the labor market could take years to recover from the COVID-19 pandemic.",https://www.reuters.com/article/us-usa-economy-idUSKBN23W0GA,https://s1.reutersmedia.net/resources/r/?m=02&d=20200625&t=2&i=1523414894&w=1200&r=LYNXMPEG5O0C2,2020-06-25T04:20:50Z,"WASHINGTON (Reuters) - Weak demand is forcing U.S. employers to lay off workers, keeping new applications for unemployment benefits extraordinarily high, even as businesses have reopened, buttressing views the labor market could take years to recover from the COVID-19 pandemic. 
A resurgence in confirmed coronavirus cases across the country, linked to the reopening of businesses, is also dimming the outlook. Roughly 29 million people were collecting unemployment checks at the end of May. 
The Labor Department’s weekly jobless claims report on Thursday, the most timely data on the economy’s health, is unlikely to show a big improvement, more than a month after many businesses resumed operation after closing in mid-March in an effort slow the spread of the respiratory illness. 
Companies are hiring, but others are cutting jobs at nearly the same pace. The economy slipped into recession in February. 
“There were some businesses that tried to maintain their workforce, waiting to see what would happen as businesses reopened,” said Gus Faucher, chief economist at PNC Financial in Pittsburgh, Pennsylvania. “Even as the economy is picking up they are not seeing a lot of demand and are deciding that they don’t need that many workers.” 
Initial claims for state unemployment benefits likely totaled a seasonally adjusted 1.3 million for the week ended June 20, down from 1.508 million in the prior week, according to a Reuters survey of economists. 
Claims have dropped from a record 6.867 million in late March, but the pace of decline has slowed and they are still more than double their peak during the 2007-09 Great Recession. 
From manufacturing to transportation, retail and leisure and hospitality industries companies are restructuring to adapt to a vastly changed landscape, leading to layoffs and bankruptcies. State and local governments, whose budgets have been squeezed by the COVID-19 fight, are also cutting jobs. 
Rising coronavirus infections in many parts of the country, including California, Texas and Florida, are likely to hurt employment as some people stay away from restaurants and other consumer-facing establishments, even if businesses are not shut down again. 
“It’s looking like a bumpy ride,” said Josh Wright, chief economist at Wrightside Advisors in New York. 
In a busy calendar for economic data, other reports out Thursday are expected to show a big rebound in orders for big-ticket goods in May and to confirm the U.S. economy shrank at a 5% annualized rate in the first quarter, the biggest contraction since the financial crisis more than a decade ago. 
When second-quarter output is reported next month, the pace of contraction could exceed 30%. 
STALLED PROGRESS 
The jobless claims report on Thursday is also expected to show a modest change in the unemployment rolls. The number of people receiving benefits after an initial week of aid likely dipped to 19.968 million in the week ending June 13 from 20.544 million in the prior week, according to the Reuters survey. 
These so-called continued claims are reported with a one-week lag. Continuing claims have dropped from a record 24.912 million in early May, with economists crediting the government’s Paycheck Protection Program, part of a historic fiscal package worth nearly $3 trillion, giving businesses loans that can be partially forgiven if used for wages. 
Progress, however, appears to have waned. The continuing claims data will cover the week that the government surveyed households for June’s unemployment rate. 
The measurement of the jobless rate has been biased down since March by people incorrectly misclassifying themselves as being “employed but absent from work.” 
The Labor Department’s Bureau of Labor Statistics (BLS), which compiles the employment report, is working with the Census Bureau to correct this problem in upcoming reports. 
Without the misclassification problem, the unemployment rate would have been 16.3% in May instead of 13.3% and would have peaked at about 19.7% in April. 
“At least so far, hiring firms are barely overcoming the firing firms,” said Joel Naroff, chief economist at Naroff Economics in Holland, Pennsylvania. “We may not see a major decline in the June unemployment rate. Indeed, if BLS finally corrects its misclassification problem, we could actually see the rate rise from the May published rate.” 
FILE PHOTO: Hundreds of people line up outside a Kentucky Career Center hoping to find assistance with their unemployment claim in Frankfort, Kentucky, U.S. June 18, 2020. REUTERS/Bryan Woolston 
Economists also say continuing claims have probably stalled because some people who have returned to work have been rehired on a part-time basis. That would allow them to continue receiving benefits while still being on company payrolls. 
The government has expanded eligibility for unemployment benefits to include the self-employed and independent contractors who have been affected by the COVID-19 pandemic, including through lost employment, reduced hours and wages. 
Part-time workers accounted for two-fifths of the 2.5 million increase in employment in May. 
Reporting by Lucia Mutikani; Editing by Andrea Ricci"
10,"{'id': 'reuters', 'name': 'Reuters'}",Reuters Editorial,"Small rise in British people travelling to work last week, ONS says - Reuters","Slightly more British people travelled to work last week, and job adverts for catering and hospitality roles increased, as COVID-19 lockdown restrictions began to ease, the Office for National Statistics said on Thursday.",https://www.reuters.com/article/health-coronavirus-britain-economy-idUSS8N2DA01N,https://s4.reutersmedia.net/resources_v2/images/rcom-default.png,2020-06-25T08:48:00Z,"LONDON, June 25 (Reuters) - Slightly more British people travelled to work last week, and job adverts for catering and hospitality roles increased, as COVID-19 lockdown restrictions began to ease, the Office for National Statistics said on Thursday. 
An official survey conducted June 18-21 showed that 44% of British workers travelled to their workplace in the previous seven days, up from 41% the week before. 
Job adverts in the catering and hospitality sector one of the hardest hit areas rose to 27% of their 2019 average from 20% previously, the ONS added. (Reporting by David Milliken; Editing by Catherine Evans)"
11,"{'id': 'reuters', 'name': 'Reuters'}",Reuters Editorial,"Rugby-Champions Cup, Challenge Cup finals to be held in October - Reuters","The Challenge Cup and Champions Cup knockout stages, which were postponed due to the COVID-19 pandemic, will take place in September with the respective finals on Oct. 16 and 17, European Professional Club Rugby (EPCR) said on Thursday.",https://www.reuters.com/article/health-coronavirus-rugby-union-idUSL4N2E21PD,https://s4.reutersmedia.net/resources_v2/images/rcom-default.png,2020-06-25T09:49:00Z,"June 25 (Reuters) - The Challenge Cup and Champions Cup knockout stages, which were postponed due to the COVID-19 pandemic, will take place in September with the respective finals on Oct. 16 and 17, European Professional Club Rugby (EPCR) said on Thursday. 
The quarter-finals of both competitions will be played on the weekend of Sept. 18-20 with the last-four matches scheduled for the weekend of Sept. 25-27, EPCR added, after the dates were agreed at Wednesday’s board meeting. 
“... EPCR remains committed to staging the matches in Marseille, however, the situation is under review in light of public gathering and international travel restrictions which might be in place at the time of the finals,” EPCR said in a statement. 
The finals of both competitions were originally scheduled to take place in May. 
The announcement adds a layer of confusion to discussions about a newly-aligned international season, with the European clubs competition and clubs in England and France opposed to plans for a two-month window in October and November. 
The EPCR said new Champions Cup and Challenge Cup formats for the 2020-21 season were being considered as a consequence of widespread fixture disruption due to the pandemic. 
“A 24-club Heineken Champions Cup with eight representatives from each of Europe’s leading league competitions is one of the options under discussion,” the statement added. 
The EPCR said any changes would apply to next season’s tournaments, which are scheduled to start on the weekend of Dec. 11-13. (Reporting by Shrivathsa Sridhar in Bengaluru Editing by Toby Davis)"
12,"{'id': 'reuters', 'name': 'Reuters'}",Reuters Editorial,England COVID-19 test and trace system fails to reach a quarter of positive cases - Reuters,"England's COVID-19 test and trace system could not reach a quarter of people who had their cases transferred to the system after a positive test for the new coronavirus, UK's Department of Health said on Thursday.",https://www.reuters.com/article/health-coronavirus-britain-trace-idUSS8N27M04Q,https://s4.reutersmedia.net/resources_v2/images/rcom-default.png,2020-06-25T10:16:00Z,"LONDON, June 25 (Reuters) - England’s COVID-19 test and trace system could not reach a quarter of people who had their cases transferred to the system after a positive test for the new coronavirus, UK’s Department of Health said on Thursday. 
Of 6,923 people who had their case transferred to the contact tracing system in its third week of operation, 1,791, or 25.9%, could not be reached. 
The department said 30,286 people were identified as close contacts of positive COVID-19 cases, and of these 24,734 people, or 81.7%, were reached and asked to self-isolate. (Reporting by Alistair Smout; editing by Guy Faulconbridge)"
13,"{'id': 'reuters', 'name': 'Reuters'}",Lucia Mutikani,U.S. core capital goods orders rebound in May - Reuters,"New orders for key U.S.-made capital goods rebounded more than expected in May, but recouped only a portion of the prior two months' declines, suggesting business investment could lag the broader economic recovery from the COVID-19 pandemic.",https://www.reuters.com/article/us-usa-economy-manufacturing-idUSKBN23W20P,https://s1.reutersmedia.net/resources/r/?m=02&d=20200625&t=2&i=1523599893&w=1200&r=LYNXMPEG5O1J0,2020-06-25T12:54:00Z,"WASHINGTON (Reuters) - New orders for key U.S.-made capital goods rebounded more than expected in May, but recouped only a portion of the prior two months’ declines, suggesting business investment could lag the broader economic recovery from the COVID-19 pandemic. 
Orders for non-defense capital goods excluding aircraft, a closely watched proxy for business spending plans, increased 2.3% last month as demand rose across the board, the Commerce Department said on Thursday. These so-called core capital goods orders dropped 6.5% in April. 
Economists polled by Reuters had forecast core capital goods orders advancing 1.0% in May. Core capital goods orders fell 2.5% on a year-on-year basis in May. 
Shipments of core capital goods rose 1.8% last month. Core capital goods shipments are used to calculate equipment spending in the government’s gross domestic product measurement. Core capital goods shipments declined 6.2% in April. 
The economy is showing tentative signs of improvement as businesses reopen after being shuttered in mid-March to slow the spread of the respiratory illness. 
Retail sales, building permits and new home sales rebounded strongly in May. But weak demand, rising COVID-19 infections supply chain disruptions, which are hampering business investment, pose a risk to the economic recovery. 
Economists expect business spending to contract in the second quarter, the fifth straight quarterly decline. The Atlanta Federal Reserve is forecasting gross domestic product plunging at a record 45.5% annualized rate in the April-June quarter. The economy contracted at a 5.0% rate in the first quarter, the sharpest decline since the 2007-09 recession. 
Orders for durable goods, items ranging from toasters to aircraft that are meant to last three years or more, surged 15.8% in May after tumbling 18.1% in April. The rise in orders is broadly in line with improvements in regional manufacturing, where activity pulled off record lows in June. 
Demand for transportation equipment jumped 80.7% after plunging 48.6% in April. Boeing (BA.N) reported nine aircraft orders in May after receiving none in April, according to information posted on its website. 
Boeing been hurt by the fallout from two crashes in Indonesia and Ethiopia, which led to the grounding of its best-selling 737 MAX plane since March 2019. 
Orders for motor vehicles and parts rose 27.5% last month. 
Reporting by Lucia Mutikani; Editing by Chizu Nomiyama"
14,"{'id': 'reuters', 'name': 'Reuters'}",Reuters Editorial,Disney shares drop as company delays reopening of California Disneyland - Reuters,"Shares of Walt Disney Co dropped 2.4% on Thursday after the media company delayed the reopening of theme parks and resort hotels in California, following a surge in fresh COVID-19 cases in the state.",https://www.reuters.com/article/us-disney-stock-idUSKBN23W1Z5,https://s2.reutersmedia.net/resources/r/?m=02&d=20200625&t=2&i=1523597145&w=1200&r=LYNXMPEG5O1GC,2020-06-25T12:35:00Z,"(Reuters) - Shares of Walt Disney Co (DIS.N) dropped 2.4% on Thursday after the media company delayed the reopening of theme parks and resort hotels in California, following a surge in fresh COVID-19 cases in the state. 
The reopening of Disneyland Park and Disney California Adventure Park that was earlier scheduled for July 17 will be delayed until Disneyland receives an approval from state officials, the company said. 
In late January, the pandemic started battering businesses across Disney’s global portfolio when the company shuttered Shanghai Disney Resort and Hong Kong Disneyland. 
Last month, the company estimated that global lockdown measures aimed at tamping down the spread of the contagion slashed its profit by $1.4 billion, mostly from its shuttered theme parks. 
The coronavirus-ravaged U.S. economy has begun to reopen but there is little clarity either on the pace and durability of the recovery, with new cases in the country continuing to rise. 
Last week, Apple Inc (AAPL.O) said it is temporarily shutting some stores again in Florida, Arizona, South Carolina, and North Carolina. 
Disney had also come under fire earlier as unions representing 17,000 workers at its Disneyland Resort in California expressed concerns to the state’s governor about not being convinced that the theme park will be safe enough to reopen by the company’s target date. 
California witnessed its largest ever spike in confirmed new cases on Tuesday, with an additional 7,149 infections taking the state total to 190,222. 
The company’s shares, which have slumped more than 22% this year, were down at $109.39 in premarket trading on Thursday. 
Reporting by Akanksha Rana in Bengaluru, Editing by Sherry Jacob-Phillips"
15,"{'id': 'reuters', 'name': 'Reuters'}",Reuters Editorial,"U.S. watchdog finds flaws in virus testing data, chews out Transport Dept, SBA - Reuters UK","Incomplete and inconsistent testing data reported by the Centers for Disease Control and Prevention make it more difficult to know the COVID-19 infection rate, and take informed decisions on reopening communities, a U.S. government watchdog said.",https://uk.reuters.com/article/uk-gao-coronavirus-idUKKBN23W2AV,https://s2.reutersmedia.net/resources/r/?m=02&d=20200625&t=2&i=1523611233&w=1200&r=LYNXMPEG5O1QI,2020-06-25T14:39:14Z,"NEW YORK (Reuters) - Incomplete and inconsistent testing data reported by the Centers for Disease Control and Prevention make it more difficult to know the COVID-19 infection rate, and take informed decisions on reopening communities, a U.S. government watchdog said. 
The report issued by the Government Accountability Office on Thursday marked the first review of the government’s response to the coronavirus pandemic, and made recommendations to lawmakers how to improve the fight to come out crisis. 
Some of its harshest criticism was reserved for the Small Business Administration (SBA), which oversees a $670 billion emergency loan programme to help companies survive the pandemic, and the lack of a plan from the Department of Transportation to improve the aviation sector’s response to outbreaks. 
Detailing its findings on the coronavirus testing data, the GAO said the data that was collected at times included antibody tests that detect prior infections, and sometimes included counts on the number of samples tested, which could include multiple tests for one person. 
“The absence of complete and consistent COVID-19 testing data reported through May 31, 2020, has made it more difficult to track and know the infection rate, mitigate the effect of infections, and inform decisions on reopening communities,” the watchdog said. 
It said the United States is also missing a national aviation-preparedness plan for infectious diseases. 
“While the Department of Transportation agreed that a plan is needed, as of May 2020, no such plan had been developed,” the watchdog said. It said the Transportation Department has maintained that other U.S. agencies should take the lead in planning for outbreaks. 
As part of its recommendations to U.S. lawmakers, the watchdog said it is urging them to take legislative action to require the Transportation Department to work with others to develop a national plan. 
It criticised the SBA for failing to give detailed descriptions of loans made in its data, and not outlining plans to review loans worth less than $2 million. 
“We encountered the most difficulty trying to obtain information from the Small Business Administration (SBA),” said the watchdog,. “SBA to date has failed to provide information critical to our review.” 
The SBA did not immediately respond to a request for comment. 
The level of transparency around U.S. government spending to fight the pandemic has been a contentious issue between various watchdogs and government agencies. 
According to the watchdog, the U.S. government has set aside $2.6 trillion worth of spending to fight the pandemic, but spending so far is unknown as all agencies are not required to report their expenditures until July 2020. 
Reporting by Koh Gui Qing; Editing by Simon Cameron-Moore"
16,"{'id': 'reuters', 'name': 'Reuters'}",Reuters Editorial,Archer to join England training after negative COVID-19 test - Reuters India,"Fast bowler Jofra Archer has been cleared to join England's training squad ahead of their three-test series against West Indies after testing negative for COVID-19, the England and Wales Cricket Board (ECB) said on Thursday.",https://in.reuters.com/article/health-coronavirus-cricket-england-arche-idINKBN23W289,https://s2.reutersmedia.net/resources/r/?m=02&d=20200625&t=2&i=1523616936&w=1200&r=LYNXMPEG5O1UF,2020-06-25T15:00:00Z,"(Reuters) - Fast bowler Jofra Archer has been cleared to join England’s training squad ahead of their three-test series against West Indies after testing negative for COVID-19, the England and Wales Cricket Board (ECB) said on Thursday. 
Archer delayed linking up with his team mates as he underwent a precautionary test for the novel coronavirus on Wednesday after a member of his household felt unwell last weekend. 
“Archer has tested negative for COVID-19. He will join the England camp at the Ageas Bowl later today and will be free to start training tomorrow with the rest of the group,” the ECB said on Twitter. 
The ECB said on Wednesday that a total of 702 tests were conducted from June 3-23 on players and match officials plus ECB, venue, hotel and support staff, with all of them negative. 
The first test match is scheduled to begin in Southampton on July 8 without spectators followed by games in Manchester. 
Reporting by Arvind Sriram in Bengaluru; Editing by Toby Davis"
17,"{'id': 'reuters', 'name': 'Reuters'}",Reuters Editorial,Virus crisis has not delayed merger plans between Fiat Chrysler and PSA-Elkann - Reuters,"The COVID-19 crisis has not delayed plans to finalise a merger between Fiat Chrysler and Peugeot maker PSA to create the world's fourth largest carmaker by the first quarter of next year, FCA's Chairman John Elkann said on Friday.",https://www.reuters.com/article/us-fca-agm-idUSKBN23X1YR,https://s2.reutersmedia.net/resources/r/?m=02&d=20200626&t=2&i=1523748336&w=1200&r=LYNXMPEG5P1BC,2020-06-26T14:02:00Z,"MILAN (Reuters) - The COVID-19 crisis has not delayed plans to finalise a merger between Fiat Chrysler FCA.MI and Peugeot maker PSA (PEUP.PA) to create the world’s fourth largest carmaker by the first quarter of next year, FCA’s Chairman John Elkann said on Friday. 
“In spite of the huge challenges that have materialized with the Covid-19 emergency, I can confirm that the work of our teams towards the completion of the merger has continued apace and we expect to meet our objective of combining as a single company by the first quarter of next year,” Elkann said during the group’s shareholders’ meeting. 
“The Covid-19 crisis has further underlined the compelling logic of this merger,” he added. 
Reporting by Giulio Piovaccari, editing by Francesca Piscioneri"
18,"{'id': 'reuters', 'name': 'Reuters'}",Reuters Editorial,"Coronavirus kills 93 US meatpacking workers, union says - Agricultural Commodities - Reuters Africa",The largest U.S. meatpacking union said on Thursday that 93 meatpacking and food-processing workers have died from COVID-19 and employees continue to face risks from the new coronavirus.,https://af.reuters.com/article/commoditiesNews/idAFL1N2E216H,https://s4.reutersmedia.net/resources_v2/images/rcom-default.png,2020-06-25T15:41:00Z,"CHICAGO, June 25 (Reuters) - The largest U.S. meatpacking union said on Thursday that 93 meatpacking and food-processing workers have died from COVID-19 and employees continue to face risks from the new coronavirus. 
The United Food and Commercial Workers International Union told reporters on a conference call that over 196 of all its members, who also include grocery store workers, have died. (Reporting by Tom Polansek, Editing by Franklin Paul)"
19,"{'id': 'reuters', 'name': 'Reuters'}",Ilona Wissenbach,Lufthansa investors back $10 billion German government rescue - Reuters,"Lufthansa shareholders on Thursday backed a 9 billion euro ($10 billion) government bailout, securing the future of Germany's flagship airline after it was brought to the brink of collapse by the COVID-19 pandemic.",https://www.reuters.com/article/us-health-coronavirus-lufthansa-rescue-v-idUSKBN23W2SI,https://s3.reutersmedia.net/resources/r/?m=02&d=20200625&t=2&i=1523632344&w=1200&r=LYNXMPEG5O21L,2020-06-25T17:03:53Z,"FRANKFURT (Reuters) - Lufthansa (LHAG.DE) shareholders on Thursday backed a 9 billion euro ($10 billion) government bailout, securing the future of Germany’s flagship airline after it was brought to the brink of collapse by the COVID-19 pandemic. 
The plan, backed by 98% of the shareholder capital that cast a vote at the online meeting, will see Berlin take a 20% stake in Lufthansa and two board seats. 
Shares in the company, which employs around 138,000 people, closed 7.1% higher, having risen strongly earlier after top shareholder Heinz Hermann Thiele dropped objections to the deal. 
Also on Thursday, European Union regulators approved Lufthansa’s 6 billion euro recapitalisation, part of the bailout deal, subject to a ban on dividends, share buybacks and some acquisitions until state support is repaid. 
The approvals will come as a relief to Chancellor Angela Merkel, who could ill afford another high-profile business collapse following the failure of payments firm Wirecard. 
But tough decisions lie ahead, with Lufthansa working on a restructuring plan in which up to 22,000 jobs could be at risk - although CEO Carsten Spohr told Bild newspaper that hours and wages could be reduced by a fifth instead of axing a fifth of jobs. 
Lufthansa has been brought to its knees by COVID-19 and what promises to be a protracted travel slump, and like many rivals, sought state help to stay afloat. Even after Thursday’s gains, its shares are down almost 40% this year. 
Concerned a government stake would make it harder for Lufthansa to make tough restructuring decisions, Thiele had instead proposed an indirect government holding in the airline via Germany’s KfW development bank. 
That sparked fears the bailout would fail and Lufthansa would have to seek protection from creditors within days. 
Thiele, who recently increased his stake in Lufthansa to 15.5%, told the Frankfurter Allgemeine daily that “differences remain with government representatives.” 
But he said he could not have voted for insolvency, adding he would continue to seek to influence the company’s development, though he declined to say how. 
The 79-year-old brakes billionaire said it was in the interests of Lufthansa employees that management quickly negotiate restructuring with unions. 
Lufthansa struck a deal overnight with the UFO union representing German cabin crew that is set to reap more than 500 million euros in savings, including steps to stop pay rises, cut working hours, and a cap on pension contributions. 
More talks are scheduled on Friday with services union Verdi. 
Spohr said the government did not plan to get involved in the operations of the airline. 
Writing by Ludwig Burger and Mark Potter; Editing by Edmund Blair and Elaine Hardcastle"
