,source,author,title,description,url,urlToImage,publishedAt,content
0,"{'id': 'reuters', 'name': 'Reuters'}",Reuters Editorial,Golf: Koepka withdraws from Travelers after caddie tests positive - report - Reuters Canada,"World number four Brooks Koepka has decided to withdraw from this week's PGA Tour event, the Travelers Championship in Cromwell, Connecticut, after his caddie tested positive for COVID-19, Golfweek reported on Wednesday.",https://ca.reuters.com/article/sportsNews/idCAKBN23V2LP-OCASP,https://s3.reutersmedia.net/resources/r/?m=02&d=20200624&t=2&i=1523359183&w=1200&r=LYNXMPEG5N1V3-OCASP,2020-06-24T16:59:00Z,"(Reuters) - World number four Brooks Koepka has decided to withdraw from this week’s PGA Tour event, the Travelers Championship in Cromwell, Connecticut, after his caddie tested positive for COVID-19, Golfweek reported on Wednesday. 
Golfweek, which spoke to Koepka, said the four-times major champion, his caddie and coach all went for additional testing after playing a practice round with Graeme McDowell, who also withdrew after his caddie returned a positive test. 
“I’m going to pull out to protect everybody else. I think it’s the right thing to do,” American Koepka said. “I don’t want to risk anyone’s life if they have respiratory issues or underlying conditions. The only way this Tour can continue is if guys do this sort of thing and be proactive about it.” 
The PGA Tour would not confirm Koepka’s withdrawal from the Travelers Championship but said it will issue a statement later on Wednesday. 
Golfweek said Northern Irishman McDowell’s caddie is isolating in Florida and had not travelled to Connecticut for the tournament. 
The Travelers Championship at TPC River Highlands is the third of five events on the PGA Tour’s revamped schedule which is closed to the public in a bid to help stem the spread of the virus. 
American Nick Watney last week tested positive for the virus, forcing him to withdraw ahead of second-round action in South Carolina. 
Cameron Champ, a two-times winner on the PGA Tour, pulled out of the Travelers Championship on Tuesday after testing positive for COVID-19. 
Reporting by Frank Pingue in Toronto, editing by Ed Osmond"
1,"{'id': 'reuters', 'name': 'Reuters'}",Fergal Smith,Fitch cuts Canada's rating to below AAA due to pandemic - Reuters India,"Fitch on Wednesday downgraded Canada's sovereign rating for the first time, to ""AA+"" from ""AAA,"" citing deterioration of the country's public finances in 2020 due to the COVID-19 pandemic.",https://in.reuters.com/article/us-canada-ratings-fitch-idINKBN23V2ZZ,https://s3.reutersmedia.net/resources/r/?m=02&d=20200624&t=2&i=1523374996&w=1200&r=LYNXMPEG5N23L,2020-06-24T19:24:00Z,"TORONTO (Reuters) - Fitch on Wednesday downgraded Canada’s sovereign rating for the first time, to “AA+” from “AAA,” citing deterioration of the country’s public finances in 2020 due to the COVID-19 pandemic. 
Both Standard &amp; Poor’s and Moody’s give Canada a triple-A rating. 
Canada would run a much expanded general government deficit of 16.1% of GDP in 2020 and emerge from recession with much higher public debt ratios, Fitch said. 
The ratings agency expects the coronavirus response to raise Canada’s consolidated gross general government debt to 115.1% of GDP in 2020, up from 88.3% of GDP in 2019. 
Ottawa is rolling out more than C$150 billion in direct aid to support the economy. 
“A worse case scenario for Canadians and the economy would have been to not act,” said Finance Minister Bill Morneau in a statement to Reuters. 
Financial market reaction was muted, with the Canadian dollar slightly extending its decline to 1.3617 to the U.S. dollar, or 73.44 U.S. cents, while Canada’s 10-year yield was little changed at 0.545%. 
“Canada is still a very strong credit in a relative sense,” said Derek Holt, vice President of capital markets economics at Scotiabank. “Ratings are just not a major market driver in relation to all other influences upon bond markets and such actions often lag developments that markets have already digested.” 
Additional reporting by Ashwini Raj in Bengaluru and Kelsey Johnson in Ottawa; Editing by Shinjini Ganguli and Nick Zieminski"
2,"{'id': 'reuters', 'name': 'Reuters'}",Nina Chestney,"Shipping, aviation 2030 climate goals too weak, research finds - Reuters","The international shipping and aviation sectors' 2030 climate targets are too weak and their emissions are on course to reach dangerous levels despite the impact of the COVID-19 pandemic, research showed on Wednesday.",https://www.reuters.com/article/climate-change-shipping-idUSL8N2E04QQ,https://s4.reutersmedia.net/resources_v2/images/rcom-default.png,2020-06-24T22:01:00Z,"LONDON, June 24 (Reuters) - The international shipping and aviation sectors’ 2030 climate targets are too weak and their emissions are on course to reach dangerous levels despite the impact of the COVID-19 pandemic, research showed on Wednesday. 
To limit the temperature rise to safe levels, global carbon dioxide (CO2) emissions need to be reduced to net zero by 2050. Shipping and aviation accounted for around 5% of all emissions before the COVID-19 outbreak and are expected to contribute 40% by 2050. 
Climate Action Tracker, a collaboration between German-based Climate Analytics and the New Climate Institute, measures government action against a globally agreed aim to limit warming to safe levels. 
Climate Action Tracker said trade and maritime passenger transport have slowed as lockdowns to spread the novel coronavirus limited movement. The sector’s emissions could drop by 18-35% this year from 2019, it said, but by 2030, shipping emissions’ growth could return to pre-COVID levels. 
The report said the shipping industry was already likely to exeed its own 2030 climate target and its emissions are expected to soar above its 2050 goal. 
The study also said ships powered by liquefied natural gas would not support a transition to zero CO2 emissions and could increase the sector’s climate impact when the full life-cycle, including super-cooling the gas for shipment, is taken into account. 
“There is tremendous potential for the international shipping industry to decarbonise completely and reach zero emissions by 2050, yet there is very little sign of this sector is moving anywhere near fast enough,” Bill Hare at Climate Analytics said. 
As air travel has shrunk because of pandemic lockdowns, aviation CO2 emissions are likely to be 45%-60% lower this year than in 2019, the report said. 
However, emissions are forecast to double or even triple over the 2015-2050 period and this year’s deceline does not alter that trajectory. (Reporting by Nina Chestney; editing by Barbara Lewis)"
3,"{'id': 'reuters', 'name': 'Reuters'}",Reuters Editorial,"WHO director for Americas says 226,000 have died of COVID-19 in region - Reuters","Nearly half of all COVID-19 cases globally can be found in the Americas, and the numbers continue to climb, the World Health Organization's regional director for the Americas, Carissa Etienne, said on Wednesday.",https://www.reuters.com/article/us-health-coronavirus-latam-idUSKBN23V2YY,https://s4.reutersmedia.net/resources/r/?m=02&d=20200624&t=2&i=1523372559&w=1200&r=LYNXMPEG5N22U,2020-06-24T18:59:00Z,"BRASILIA (Reuters) - Nearly half of all COVID-19 cases globally can be found in the Americas, and the numbers continue to climb, the World Health Organization’s regional director for the Americas, Carissa Etienne, said on Wednesday. 
As of June 23, there have been more than 4.5 million COVID-19 cases and 226,000 deaths reported in the Americas, she said in a virtual briefing from Washington. 
Reporting by Anthony Boadle and Andriana Barrera; editing by Jonathan Oatis"
4,"{'id': 'reuters', 'name': 'Reuters'}",Moira Warburton,Ontario to allow some COVID-19 positive employees into workplaces - Reuters,"Ontario will allow some people who test positive for COVID-19 but do not have symptoms to return immediately to their workplaces with precautions, separated from those who do not have the virus, according to guidance released on Wednesday.",https://www.reuters.com/article/us-health-coronavirus-canada-farming-idUSKBN23V32K,https://s4.reutersmedia.net/resources_v2/images/rcom-default.png,2020-06-24T19:43:00Z,"TORONTO (Reuters) - Ontario will allow some people who test positive for COVID-19 but do not have symptoms to return immediately to their workplaces with precautions, separated from those who do not have the virus, according to guidance released on Wednesday. 
The guidance document said “work self-isolation” outside of healthcare settings would be allowed for asymptomatic employees “deemed critical to operations” at local public health workers’ discretion and that employers would be responsible for ensuring they do not put others at risk. 
The province is battling outbreaks that have killed three migrant farmworkers, and has started mass-testing asymptomatic farmworkers. The change could send some of them back to their jobs. 
It was prompted by a cluster of farmworkers who tested positive but were all asymptomatic, said Ontario Chief Medical Officer of Health David Williams. 
“As we learn more, we change things, we adapt,” he told a briefing in Toronto. 
Experts and officials have said that people who are not showing symptoms can spread the virus. 
Keith Currie, president of the Ontario Federation of Agriculture, said employers would have to separate positive workers, or if that is not possible, tell them not to work. 
Currie said anyone who did not feel comfortable working would not have to do so, and would be eligible for workers’ compensation. 
Susana Caxaj, a nursing professor and a coordinator of the Migrant Worker Health Expert Working Group, said assuming that asymptomatic workers would not spread the virus was “wishful thinking.” 
Farmworkers often do hard physical labor for long hours. 
“They’re pushing their body to the limit,” she said. “If a person is actually not asymptomatic but pre-symptomatic, we could be putting that person at greater risk.” 
Reporting by Moira Warburton in Toronto; Editing by Peter Cooney"
5,"{'id': 'reuters', 'name': 'Reuters'}",Reuters Editorial,Golf-PGA Tour's Monahan warns players after positive COVID-19 tests - Reuters,"PGA Tour Commissioner Jay Monahan on Wednesday promised significant consequences for anyone who fails to follow COVID-19 safety protocols after a number of positive tests at this week's Travelers Championship in Cromwell, Connecticut.",https://uk.reuters.com/article/health-coronavirus-golf-pgatour-idUKL8N2E1633,https://s4.reutersmedia.net/resources_v2/images/rcom-default.png,2020-06-24T20:18:00Z,"June 24 (Reuters) - PGA Tour Commissioner Jay Monahan on Wednesday promised significant consequences for anyone who fails to follow COVID-19 safety protocols after a number of positive tests at this week’s Travelers Championship in Cromwell, Connecticut. 
Monahan, who was not originally listed on the interview schedule ahead of the Travelers, announced new safety measures and reiterated existing ones. 
“All of us have an extraordinary responsibility to follow those protocols. For any individual that does not, there will be serious repercussions, and I’m not going to get into the specifics of it,” Monahan said from TPC River Highlands, site of this week’s Travelers Championship. 
“But everybody knows and needs to know that our future, our ability to sustain this business and to impact the communities where we play and to create so many jobs is contingent on our ability to follow those protocols.” 
Monahan delivered his remarks a day after a second PGA Tour player in a five-day span tested positive for COVID-19. 
In the three weeks since the PGA Tour returned from its COVID-19 hiatus, Monahan said there have been seven positive results from 2,757 total in-market tournament tests across the main circuit and developmental Korn Ferry Tour. 
“It’s a low number, but every number hurts,” Monahan said. 
Monahan said major champions Brooks Koepka and Graeme McDowell have withdrawn from this week’s event “out of an abundance of caution” after their caddies tested positive. 
World number five Webb Simpson also withdrew after a family member tested positive while Koepka’s younger brother Chase decided to sit out because he played a practice round with Brooks and McDowell. 
Among changes announced by Monahan are further testing, player instructors being added to the testing bubble and an onsite fitness trailer to deter golfers from using outside gyms. 
Monahan said he has confidence in the protocols in place and remains hopeful the PGA Tour’s schedule will not be interrupted. 
“We feel like we’re on a path that’s going to allow us to continue to sustain our return to golf,” said Monahan. (Reporting by Frank Pingue in Toronto, editing by Ed Osmond)"
6,"{'id': 'reuters', 'name': 'Reuters'}",Nate Raymond,IN BRIEF: Judge blocks first U.S. safe-injection site amid appeal - Reuters,"A federal judge on Wednesday granted the U.S. Justice Department's request to stay a ruling that would have allowed the nation's first supervised drug-injection site to open in Philadelphia, citing the challenges posed by the COVID-19 pandemic.",https://www.reuters.com/article/health-safehouse-idUSL1N2E12VG,https://s4.reutersmedia.net/resources_v2/images/rcom-default.png,2020-06-24T22:11:00Z,"A federal judge on Wednesday granted the U.S. Justice Department’s request to stay a ruling that would have allowed the nation’s first supervised drug-injection site to open in Philadelphia, citing the challenges posed by the COVID-19 pandemic. 
U.S. District Judge Gerald Austin McHugh in Philadelphia put on hold an order issued in February declaring that the Controlled Substances Act does not bar the non-profit Safehouse from providing overdose prevention services at the planned facility. 
To read the full story on Westlaw Practitioner Insights, click here: bit.ly/2Z5PWtN"
7,"{'id': 'reuters', 'name': 'Reuters'}",Reuters Editorial,"Canada's WestJet to cut 3,300 jobs as pandemic hurts demand for air travel - Reuters Canada","Canadian carrier WestJet said on Wednesday it would layoff about 3,300 employees, as it looks to save costs amid the economic turmoil stemming from the COVID-19 pandemic, which has severely hurt air travel.",https://ca.reuters.com/article/topNews/idCAKBN23V3FF,https://s2.reutersmedia.net/resources/r/?m=02&d=20200624&t=2&i=1523395738&w=1200&r=LYNXMPEG5N2HF,2020-06-24T23:45:00Z,"(Reuters) - Canadian carrier WestJet said on Wednesday it would layoff about 3,300 employees, as it looks to save costs amid the economic turmoil stemming from the COVID-19 pandemic, which has severely hurt air travel. 
WestJet, owned by private equity firm Onex Corp, said it will consolidate all call centre activity to Alberta and outsource operations in all domestic airports except Vancouver, Calgary, Edmonton and Toronto, as part of the restructuring. 
“Today’s announcement regarding these strategic but unavoidable changes will allow us to provide security to our remaining 10,000 WestJetters,” Chief Executive Officer Ed Sims said in a statement. 
Reporting by Ankit Ajmera in Bengaluru; Editing by Shinjini Ganguli"
8,"{'id': 'reuters', 'name': 'Reuters'}",Liz Hampton,Oil firms slam brakes on return-to-work as virus cases soar - Reuters,U.S. energy companies slammed the brakes on returning staff to their Houston offices as COVID-19 cases soared and top hospitals warned they could soon run out of beds for the most severely ill patients.,https://www.reuters.com/article/us-health-coronavirus-houston-idUSKBN23W03H,https://s1.reutersmedia.net/resources/r/?m=02&d=20200625&t=2&i=1523402229&w=1200&r=LYNXMPEG5O021,2020-06-25T01:01:00Z,"HOUSTON (Reuters) - U.S. energy companies slammed the brakes on returning staff to their Houston offices as COVID-19 cases soared and top hospitals warned they could soon run out of beds for the most severely ill patients. 
A record number of new illnesses in Texas this week spurred local officials to impose restrictions as new cases topped 5,000 on two days in a row. Intensive care unit (ICU) beds were 97% full at Houston’s Texas Medical Center, which said it may soon move to surge ICU capacity assignments, officials said. 
Texas Governor Greg Abbott has led a phased reopening of shops, bars and amusement parks from May 1, and businesses have rolled out their own office restarts. But on Wednesday, he warned of a “massive outbreak” and urged people to stay at home. 
Many energy firms qualify as essential, and therefore are free to staff normally, but the surge in illness and hospitalizations has large employers delaying or halting openings. 
Halliburton Co, the second-largest U.S. oilfield service company by revenue, delayed for two weeks a second-phase of its return-to-work plan, a spokeswoman said. 
Chevron also has delayed its reopening plans for further evaluation, said spokesman Sean Comey. About 5% of its Houston office staff and about 2% of its San Ramon, California, workforce are in their offices now, he said. 
Midcoast Energy, a natural gas pipeline company, reopened on June 1 then sent Houston employees home three weeks later after two tested positive for the virus, according to a person familiar with the matter. President Robert Bond did not reply to requests for comment. 
Exxon Mobil, Phillips 66 and ConocoPhillips returned some white-collar workers to their campuses in May or this month. Exxon will remain below 50% capacity at its Houston-area facility, a spokesman said. Conoco is prepared to change its return-to-office plan if needed, a spokesman said. 
Phillips 66 said the vast majority of its staff had returned and would remain working from their offices. “We are a critical infrastructure industry and have an ongoing obligation to continue operating,” spokesman Joe Gannon said, noting that the company follows Centers for Disease Control and government advisories. 
Reporting by Liz Hampton, Jennifer Hiller, Erwin Seba and Gary McWilliams; editing by Richard Pullin"
9,"{'id': 'reuters', 'name': 'Reuters'}",Rocky Swift,Japan's success in curbing COVID-19 cases now hampers search for cures - Reuters UK,"As nations race to develop treatments and vaccines for COVID-19, Japan has become a victim of its own success as slowing new infections has led to a shortage of patients to enroll in clinical trials.",https://uk.reuters.com/article/us-health-coronavirus-japan-trials-idUKKBN23V0E9,https://s1.reutersmedia.net/resources/r/?m=02&d=20200624&t=2&i=1523283554&w=1200&r=LYNXMPEG5N0BA,2020-06-24T03:47:00Z,"TOKYO (Reuters) - As nations race to develop treatments and vaccines for COVID-19, Japan has become a victim of its own success as slowing new infections has led to a shortage of patients to enroll in clinical trials. 
Clinical trials are underway for more than a dozen potential vaccines, including at least six in China, but Japan’s first human trials are expected to start next month. 
In development of treatments, Russia and India approved Fujifilm Holdings Corp’s (4901.T) Avigan as a COVID-19 therapy, but Japan, whose Prime Minister Shinzo Abe has touted the drug’s potential and hoped to approve it in May, won’t see a decision until at least July. 
“Due to the decreasing number of coronavirus infections, we believe it will take some time before clinical research is completed,” said Tetsuya Nakamura, who is running a trial of Avigan at Gunma University Hospital in central Japan. 
“It’s a pity that Avigan has been approved overseas but not in Japan.” 
Japan has fared better than most developed nations in tackling the disease that has killed more than 470,000 worldwide. While the epidemic drove Japan’s medical system to the brink of collapse in recent months, serious cases now number about 60 nationwide. 
Some 54 COVID-19 related clinical trials have been launched in Japan, but most are still in the patient recruitment phase, according to trials’ tracking data. 
Interest in Avigan, known generically as favipiravir, soared in March after a Chinese official said it appeared to help patients recover from COVID-19. It is now the subject of at least 25 clinical trials around the world. 
The regulatory delay on Avigan is partly due to the fact that the studies should have been carried out in multiple countries at once, said Dr. Nakamura. But such studies are “enormously expensive.” 
Fujifilm said it is working to complete the clinical trials “as soon as possible.” 
Japanese biotech firm Healios KK (4593.T) said in April it intended to add COVID-19 patients to its experimental lung therapy trial but has not enlisted any as yet. 
“We were careful to size the cohort in light of the low number of patients in Japan, and so are only seeking to enroll around five patients,” CFO Richard Kincaid said. 
With a dearth of domestic patients, Japan may have to rely more on overseas data and results to aid in regulatory approvals. That practice is common “if the quality of data is considered to be good enough,” according to health ministry official Yasuyuki Sahara. 
Sahara did not comment on the Russia or Indian approvals of Avigan and whether data from those nations could be used in Japan. The Pharmaceuticals and Medical Devices Agency, Japan’s primary drug regulator, did not immediately respond to a request for comment. 
Reporting by Rocky Swift; Editing by Miyoung Kim &amp; Simon Cameron-Moore"
10,"{'id': 'reuters', 'name': 'Reuters'}",Rocky Swift,Japan's success in curbing COVID-19 cases now hampers search for cures - Reuters,"As nations race to develop treatments and vaccines for COVID-19, Japan has become a victim of its own success as slowing new infections has led to a shortage of patients to enroll in clinical trials.",https://www.reuters.com/article/us-health-coronavirus-japan-trials-idUSKBN23V0E9,https://s1.reutersmedia.net/resources/r/?m=02&d=20200624&t=2&i=1523283554&w=1200&r=LYNXMPEG5N0BA,2020-06-24T03:49:00Z,"TOKYO (Reuters) - As nations race to develop treatments and vaccines for COVID-19, Japan has become a victim of its own success as slowing new infections has led to a shortage of patients to enroll in clinical trials. 
Clinical trials are underway for more than a dozen potential vaccines, including at least six in China, but Japan’s first human trials are expected to start next month. 
In development of treatments, Russia and India approved Fujifilm Holdings Corp’s (4901.T) Avigan as a COVID-19 therapy, but Japan, whose Prime Minister Shinzo Abe has touted the drug’s potential and hoped to approve it in May, won’t see a decision until at least July. 
“Due to the decreasing number of coronavirus infections, we believe it will take some time before clinical research is completed,” said Tetsuya Nakamura, who is running a trial of Avigan at Gunma University Hospital in central Japan. 
“It’s a pity that Avigan has been approved overseas but not in Japan.” 
Japan has fared better than most developed nations in tackling the disease that has killed more than 470,000 worldwide. While the epidemic drove Japan’s medical system to the brink of collapse in recent months, serious cases now number about 60 nationwide. 
Some 54 COVID-19 related clinical trials have been launched in Japan, but most are still in the patient recruitment phase, according to trials’ tracking data. 
Interest in Avigan, known generically as favipiravir, soared in March after a Chinese official said it appeared to help patients recover from COVID-19. It is now the subject of at least 25 clinical trials around the world. 
The regulatory delay on Avigan is partly due to the fact that the studies should have been carried out in multiple countries at once, said Dr. Nakamura. But such studies are “enormously expensive.” 
Fujifilm said it is working to complete the clinical trials “as soon as possible.” 
Japanese biotech firm Healios KK (4593.T) said in April it intended to add COVID-19 patients to its experimental lung therapy trial but has not enlisted any as yet. 
“We were careful to size the cohort in light of the low number of patients in Japan, and so are only seeking to enroll around five patients,” CFO Richard Kincaid said. 
With a dearth of domestic patients, Japan may have to rely more on overseas data and results to aid in regulatory approvals. That practice is common “if the quality of data is considered to be good enough,” according to health ministry official Yasuyuki Sahara. 
Sahara did not comment on the Russia or Indian approvals of Avigan and whether data from those nations could be used in Japan. The Pharmaceuticals and Medical Devices Agency, Japan’s primary drug regulator, did not immediately respond to a request for comment. 
Reporting by Rocky Swift; Editing by Miyoung Kim &amp; Simon Cameron-Moore"
11,"{'id': 'reuters', 'name': 'Reuters'}",Allison Martell,Arizona's main COVID lab running behind as demand for tests soars to twice capacity - Reuters India,"A spike in coronavirus infections in Arizona pushed demand for tests to twice the capacity of the state's main COVID lab last week, a senior laboratory executive said, adding that new testing equipment had been delayed two months.",https://in.reuters.com/article/health-coronavirus-testing-arizona-idINKBN23V0EY,https://s4.reutersmedia.net/resources_v2/images/rcom-default.png,2020-06-24T03:58:00Z,"(Reuters) - A spike in coronavirus infections in Arizona pushed demand for tests to twice the capacity of the state’s main COVID lab last week, a senior laboratory executive said, adding that new testing equipment had been delayed two months. 
Testing to find the virus before patients spread it further is key to controlling the pandemic, especially as lockdowns lift. The Arizona delays - in testing and results reporting - are similar to problems seen earlier in the epidemic, and some labs across the country are facing shortages of supplies, an industry group said. 
In Arizona, Roche Holding (ROG.S) recently told Sonora Quest lab, a joint venture between Phoenix-based Banner Health and Quest Diagnostics (DGX.N), that a new instrument it had hoped to get in June would not be delivered until August, said Sonora Chief Operating Officer Sonya Engle. 
“The testing demand has increased significantly,” said Engle, whose lab is responsible for approximately 80% of Arizona COVID-19 tests. “We have reached record highs each day in the past couple weeks.” 
On Friday, she said, the lab received a record 12,000 test orders, double its capacity. It is aiming to ramp up to 17,000 a day but is still working on a deal with a new supplier to make that possible. 
Roche said in response to a request from Reuters that it has been ramping up production since March and is committed to delivering as many tests as possible to the most affected areas, including Arizona. 
“At the height of this global pandemic, demand for diagnostic tests and the instruments to conduct them continues to outstrip supply,” the company said on Tuesday in a statement. 
Last week the American Association for Clinical Chemistry, which represents clinical lab workers and researchers, wrote to Deborah Birx, the White House coronavirus task force response coordinator, urging her to “use the authority of the federal government to obtain and allocate these vital supplies.” 
In a May survey of 100 labs, 50% said they continued to have difficulty getting the swabs, reagents or test kits they needed, according to the letter, which has not been published previously. 
The White House referred questions to the Federal Emergency Management Agency, which did not immediately respond. 
Arizona, Florida and Texas are all experiencing record surges in new infections, according to a Reuters analysis. Arizona reported 17,000 new cases last week, a 90% increase, with 20% of tests coming back positive. 
The major suppliers to U.S. labs, including Roche and Abbott (ABT.N), sell both lab equipment and proprietary chemicals called reagent kits that are specific to their equipment. When reagent runs low, labs generally cannot switch suppliers. 
In recent days, some free testing sites in Arizona have had to turn patients away because of rising demand, according to local media reports. The Arizona Republic reported that some people had waited as long as 13 hours at one site in Phoenix on Saturday. 
Engle said patients have waited five to six days for results, up from two to three days in May. 
Reporting by Allison Martell in Toronto; Additional reporting by John Miller in Zurich and Alexandra Alper in Washington; editing by Peter Henderson and Dan Grebler"
12,"{'id': 'reuters', 'name': 'Reuters'}",Reuters Editorial,Croatian PM refuses to self-isolate after brief encounter with Djokovic - Reuters India,"Croatian Prime Minister Andrej Plenkovic said he would not self-isolate following his brief encounter with Novak Djokovic, the men's world number one tennis player who tested positive for COVID-19 on Tuesday.",https://in.reuters.com/article/health-coronavirus-tennis-croatia-idINKBN23V0H5,https://s4.reutersmedia.net/resources/r/?m=02&d=20200624&t=2&i=1523285245&w=1200&r=LYNXMPEG5N0DU,2020-06-24T04:18:00Z,"SARAJEVO (Reuters) - Croatian Prime Minister Andrej Plenkovic said he would not self-isolate following his brief encounter with Novak Djokovic, the men’s world number one tennis player who tested positive for COVID-19 on Tuesday. 
In a statement the Croatian Public Health Institute said Plenkovic did not have to self-isolate as the risk of infection was low because he only briefly met Djokovic and was not in a close contact with him. 
Three other players who played in Djokovic’s Adria Tour exhibition tournament in the Balkan region have also tested positive. 
Plenkovic attended the tournament in the northern Adriatic town of Zadar on Saturday, a day before it was cancelled after Grigor Dimitrov of Bulgaria said he tested positive for the novel coronavirus. 
Croatia’s Borna Coric and Viktor Troicki also tested positive as well as Djokovic’s fitness coach Marco Panichi and Dimitrov’s coach Christian Groh. 
On Monday, Plenkovic tested negative for COVID-19 but calls from opposition politicians for him to self-isolate grew stronger on Tuesday after Djokovic, whom he had met briefly, tested positive. 
Plenkovic, who was on an election campaign trip in the town of Zapresic handshaking and hugging his fans, said he was not worried because his meeting with Djokovic lasted about three minutes and could not be described as a close contact. 
“Under the definition of close contact this was not the close contact and everything is normal,” Plenkovic told reporters. 
A video showed him talking to Djokovic in the closed court and patting his shoulder. 
Plenkovic said opposition politicians wanted him in isolation to avoid the confrontation with him in television debates ahead of the July 5 parliamentary election. 
Reporting by Daria Sito-Sucic; Editing by Howard Goller"
13,"{'id': 'reuters', 'name': 'Reuters'}",Gabriela Baczynska,EU travel recommendations may impede Americans and Russians - Reuters UK,"The European Union (EU) hopes to reopen borders for outsiders from July, but will review individual nations' COVID-19 situation fortnightly, according to diplomats and a document laying out criteria that could keep Americans and Russians out.",https://uk.reuters.com/article/us-health-coronavirus-eu-travel-idUKKBN23V1JO,https://s2.reutersmedia.net/resources/r/?m=02&d=20200624&t=2&i=1523319444&w=1200&r=LYNXMPEG5N17E,2020-06-24T12:00:37Z,"BRUSSELS (Reuters) - The European Union (EU) hopes to reopen borders for outsiders from July, but will review individual nations’ COVID-19 situation fortnightly, according to diplomats and a document laying out criteria that could keep Americans and Russians out. 
The 27-nation bloc is eager to restart tourism, which has taken a massive hit during the coronavirus pandemic, but fears of second spikes have so far only allowed for partial and patchy reopening of borders with multiple health and security curbs. 
Draft recommendations from the EU’s current presidency Croatia, seen by Reuters, suggest allowing non-EU nationals in from countries with stable or decreasing infections, and those with a “comparable or better epidemiological situation” than Europe. 
That epidemiological criteria is defined as between 16-20 new cases of infection reported over 14 days per 100,000 people. 
Nations would also be assessed for their records on testing, contact-tracing and treatment, reliability of data, and reciprocal travel arrangements for EU residents, according to the document, to be debated by envoys in Brussels on Wednesday. 
Based on the latest update by the bloc's European Centre for Disease Prevention and Control (ECDC), here the proposed methodology could rule out travellers from the United States and Mexico, most of South America, South Africa, Russia, Iran, Saudi Arabia and Afghanistan, among others. 
The United States, where President Donald Trump banned European visitors at the start of the crisis, has by far the highest number of deaths and cases in the world. [nL4N2AY3AS] 
EU diplomats stressed, however, that the travel criteria could still change and that the recommendations will be non-binding. 
“It seems there is a lot of wishful thinking in these recommendations. They are also causing much controversy. July 1 may slip and many countries may go their own way in any case,” a diplomat said of the proposal by the European Commission. 
The proposal, aimed at promoting a coordinated approach, would cover Europe’s Schengen zone of normally-invisible borders that brings together most EU states as well as Iceland, Norway, Switzerland and Lichtenstein. 
A major achievement of post-World War Two European integration, it has suffered a major setback in recent months as countries brought back border controls to contain the virus. 
Additional reporting by Philip Blenkinsop, Writing by Gabriela Baczynska, Editing by Andrew Cawthorne"
14,"{'id': 'reuters', 'name': 'Reuters'}",Reuters Editorial,TSX futures fall on weaker oil prices - Reuters Canada,"Canada's main stock index future fell on Wednesday, weighed down by weaker oil prices as worries about a second wave of COVID-19 infections and record high inventories outweighed signs of a recovery in fuel demand.",https://ca.reuters.com/article/topNews/idCAKBN23V1NH,https://s3.reutersmedia.net/resources/r/?m=02&d=20200624&t=2&i=1523321960&w=1200&r=LYNXMPEG5N19J,2020-06-24T11:39:00Z,"(Reuters) - Canada’s main stock index future fell on Wednesday, weighed down by weaker oil prices as worries about a second wave of COVID-19 infections and record high inventories outweighed signs of a recovery in fuel demand. 
The rising number of coronavirus cases in the United States, China, Latin America and India has raised concerns among investors that it could derail the global economic recovery. 
September futures on the S&amp;P/TSX index were down 0.87% at 7:00 a.m. ET. 
On Tuesday, the Toronto Stock Exchange’s S&amp;P/TSX composite index ended 0.31% higher at 15,564.75. 
Dow Jones Industrial Average e-mini futures were down 0.84%, while S&amp;P 500 e-mini futures were 0.74% lower and Nasdaq 100 e-mini futures were down 0.43%. 
Reporting by Amal S in Bengaluru; Editing by Subhranshu Sahu"
15,"{'id': 'reuters', 'name': 'Reuters'}",Shreyashi Sanyal,EMERGING MARKETS-Stocks touch 16-week highs on bets of economic recovery - Reuters UK,"Stocks in the developing world touched a 16-week high on Wednesday, extending gains from the previous session as investors remained positive about a return to growth with the re-opening of global economies even as COVID-19 cases increased.",https://uk.reuters.com/article/emerging-markets-idUKL8N2E11TF,https://s4.reutersmedia.net/resources_v2/images/rcom-default.png,2020-06-24T08:42:00Z,"* Investors remain stubbornly upbeat about growth 
* MSCI’s EM stocks index touches highest level since March 
* South African rand pressured ahead of budget speech 
* Russian stock markets closed on Wednesday 
By Shreyashi Sanyal 
June 24 (Reuters) - Stocks in the developing world touched a 16-week high on Wednesday, extending gains from the previous session as investors remained positive about a return to growth with the re-opening of global economies even as COVID-19 cases increased. 
The MSCI’s index for emerging markets stocks rose 0.1%, while its counterpart index for currencies was flat. 
Optimism about the global economy was supported by encouraging manufacturing data from Europe, with France standing out as loosening lockdown measures there led to a slight return to growth. 
“The loosening of lockdown restrictions has helped economies recover from their respective self-induced comas,” said David Madden, a market analyst at CMC Markets UK. 
“But recovery in economic activity comes at a cost and that is why there have been increases in COVID-19 cases in several countries such as China, Germany, India, Brazil and the United States.” 
There was some caution in markets, which have assumed a very high bar for fully shutting down economies again, as gold prices jumped and more money chased the U.S. dollar. 
In emerging market FX, the South African rand slipped 0.4% ahead of a widely anticipated COVID-19 budget speech by Finance Minister Tito Mboweni. The budget speech is due at 1300 GMT. 
The special budget, brought forward by the treasury in response to the COVID-19 outbreak and President Cyril Ramaphosa’s 500 billion rand ($29 billion) stimulus package, is expected to show ballooning deficit and debt in Africa’s most industrialized economy. 
“I urge caution in the rand,” Antje Praefcke FX and emerging markets analyst at Commerzbank wrote in a client note. 
“The presentation of the revised emergency budget by Minister of Finance Tito Mboweni is likely to illustrate very clearly today that money is running out left, right and centre.” 
Currencies of countries in eastern and central Europe, including Hungary and the Czech Republic edged lower against the euro. 
The Russian rouble edged lower but held at near two-week highs against the dollar. Stock markets in Russia were closed on Wednesday as President Vladimir Putin declared a public holiday to hold a military parade that was cancelled last month due to the new coronavirus outbreak. 
For GRAPHIC on emerging market FX performance in 2020, see tmsnrt.rs/2egbfVh For GRAPHIC on MSCI emerging index performance in 2020, see tmsnrt.rs/2OusNdX
For TOP NEWS across emerging markets 
For CENTRAL EUROPE market report, see 
For TURKISH market report, see 
For RUSSIAN market report, see (Reporting by Shreyashi Sanyal in Bengaluru, Editing by William Maclean)"
16,"{'id': 'reuters', 'name': 'Reuters'}",Reuters Editorial,China to extend exemption on social insurance fees for firms hit by COVID-19 - Reuters,China's human resources ministry said on Wednesday it would extend the exemption on social insurance fees for firms hit by the COVID-19 pandemic until the end of this year.,https://www.reuters.com/article/us-china-economy-social-insurance-idUSKBN23V1HZ,https://s4.reutersmedia.net/resources_v2/images/rcom-default.png,2020-06-24T10:22:00Z,"BEIJING (Reuters) - China’s human resources ministry said on Wednesday it would extend the exemption on social insurance fees for firms hit by the COVID-19 pandemic until the end of this year. 
In February, the ministry said companies that have been affected by the new coronavirus could apply for fee exemptions of no longer than six months. 
Reporting by Stella Qiu, Lusha Zhang and Ryan Woo; Editing by Andrew Heavens"
17,"{'id': 'reuters', 'name': 'Reuters'}",Kanishka Singh,"Chuck E. Cheese parent files for bankruptcy, another casualty of pandemic - Reuters India","Restaurant chain Chuck E. Cheese parent CEC Entertainment filed for Chapter 11 bankruptcy on Thursday, making it the latest casualty of the COVID-19 pandemic that has crushed entertainment and leisure industries globally.",https://in.reuters.com/article/cec-entertainmnt-bankruptcy-idINKBN23W0T2,https://s4.reutersmedia.net/resources/r/?m=02&d=20200625&t=2&i=1523426854&w=1200&r=LYNXMPEG5O0KZ,2020-06-25T06:45:00Z,"(Reuters) - Restaurant chain Chuck E. Cheese parent CEC Entertainment filed for Chapter 11 bankruptcy on Thursday, making it the latest casualty of the COVID-19 pandemic that has crushed entertainment and leisure industries globally. 
The company described the current crisis as the “most challenging” in its history and said it would use the bankruptcy proceedings to continue talks with stakeholders and landlords, as well as restructure its balance sheet. 
CEC listed both assets and liabilities in the range of $1 billion to $10 billion, according to the bankruptcy filing in the U.S. Bankruptcy Court for the Southern District of Texas. 
U.S. and international franchise partners as well as corporate entities outside the United States are not part of the process, it said. 
Chuck E. Cheese and Peter Piper Pizza locations will continue to re-open as per government guidelines, CEC added. 
As of Wednesday, 266 Chuck E. Cheese and Peter Piper Pizza restaurant and arcade venues were re-opened, with the company expecting to maintain ongoing operations in the locations throughout the Chapter 11 process. 
Irving, Texas-based CEC was taken private by Apollo Global Management in 2014 in a $1.3 billion deal, including debt. 
It has since sought to broaden its appeal beyond children and teenagers, expanding its alcohol offerings for adults. 
Last year, the company terminated its earlier decision to merge with Leo Holdings, a blank check company. 
As of March, CEC and its franchisees operated 612 Chuck E. Cheese and 122 Peter Piper Pizza venues, with locations in 47 U.S. states and 16 foreign countries. 
PJT Partners is serving as a financial adviser, while FTI Consulting is its restructuring adviser, it said. 
Reporting by Kanishka Singh in Bengaluru; Editing by Krishna Chandra Eluri and Anil D'Silva"
18,"{'id': 'reuters', 'name': 'Reuters'}",Rory Carroll,Golf: DeChambeau ready to unleash newfound power in Connecticut - Reuters India,"Bryson DeChambeau will have an excellent opportunity to show off his newfound power at the driver-friendly TPC River Highlands in Cromwell, Connecticut on Thursday against a field that has seen several top players withdraw due to COVID-19 concerns.",https://in.reuters.com/article/golf-travelers-preview-idINKBN23W0J5,https://s3.reutersmedia.net/resources/r/?m=02&d=20200625&t=2&i=1523417075&w=1200&r=LYNXMPEG5O0DN,2020-06-25T04:40:00Z,"(Reuters) - Bryson DeChambeau will have an excellent opportunity to show off his newfound power at the driver-friendly TPC River Highlands in Cromwell, Connecticut on Thursday against a field that has seen several top players withdraw due to COVID-19 concerns. 
The 26-year-old American has been crushing balls after adding muscle during the PGA Tour’s three-month break and has been knocking on the door of a win since the restart with top 10 finishes at Colonial and at Harbour Town last week. 
“I think this golf course suits me a little bit better,” he told reporters ahead of the opening round of the Travelers Championship. 
“I can use the length to my advantage on the front nine and there’s a couple of holes on the back nine I can do the same,” he said. 
“I definitely feel like I can let it go a lot more.” 
DeChambeau will benefit from a field that saw major champions Brooks Koepka and Graeme McDowell withdraw on Wednesday after their caddies both tested positive for COVID-19. 
Hard-hitting Cameron Champ withdrew earlier in the week after he became the second PGA Tour golfer to test positive for the virus, and last week’s winner Webb Simpson said he would sit the tournament out after a family member tested positive. 
In response the PGA Tour on Wednesday said stricter safety measures would be put in place. 
The thinning of the still-impressive field could clear the way for DeChambeau, who added 25 pounds during the break and has his sights set on winning his first major title this year. 
“I knew that if I could start working out my body every single day, I’d be better the next day, and other people would be behind,” he said. 
“I thought that if I could do that every single day through quarantine, I’d come back a different person, and I did, and I hope that it’s given me an edge.” 
Reporting by Rory Carroll; Editing by Christopher Cushing"
19,"{'id': 'reuters', 'name': 'Reuters'}",Reuters Editorial,U.S. Open to hold wheelchair event after player backlash - Reuters India,U.S. Open organisers said on Wednesday they will include a wheelchair tournament at this year's Grand Slam following a player backlash over their decision to scrap the event as part of measures to curb the spread of COVID-19.,https://in.reuters.com/article/tennis-usopen-wheelchair-idINKBN23W07F,https://s3.reutersmedia.net/resources/r/?m=02&d=20200625&t=2&i=1523406182&w=1200&r=LYNXMPEG5O05N,2020-06-25T02:37:59Z,"(Reuters) - U.S. Open organisers said on Wednesday they will include a wheelchair tournament at this year’s Grand Slam following a player backlash over their decision to scrap the event as part of measures to curb the spread of COVID-19. 
The United States Tennis Association’s announcement comes five days after the national governing body said it was rethinking their decision and that it could have better communicated with wheelchair athletes. 
“The decision was made following multiple virtual meetings with a group of wheelchair athletes and the International Tennis Federation over the last week,” the USTA said in a statement. 
“The 2020 U.S. Open Wheelchair Competition will feature men’s and women’s singles and doubles and quad singles and doubles, with draw sizes similar to past U.S. Opens.” 
Australian Paralympic tennis champion Dylan Alcott, who led the player backlash and had described the exclusion as “disgusting discrimination”, thanked organisers for reversing the decision. 
“I was in tears (when the event was excluded),” the twice U.S. Open champion said on Australia’s Channel Nine. 
“It was just because it was so hard sometimes, growing up with a disability, where able-bodied people decide which restaurant you go in to, which school you go in to, which tennis tournaments you can play. 
“It’s a huge turning point to show how supportive a community can be and from the bottom of my heart, I can’t say thanks enough.” 
The changes at this year’s U.S. Open in New York include no spectators, reducing the number of teams in the men’s and women’s doubles events by half, and the elimination of the mixed doubles and juniors competitions. 
Reporting by Frank Pingue in Toronto; Additional reporting by Ian Ransom in Melbourne; Editing by Toby Davis / Peter Rutherford"
