,source,author,title,description,url,urlToImage,publishedAt,content
0,"{'id': 'reuters', 'name': 'Reuters'}",Reuters Editorial,Australians flock to tennis courts after lockdown relaxed - Reuters,"Australians have flocked to tennis courts in record numbers since social distancing measures put in place to contain the COVID-19 outbreak were relaxed, Tennis Australia (TA) said on Saturday.",https://www.reuters.com/article/us-tennis-australia-idUSKBN23Y07Q,https://s4.reutersmedia.net/resources_v2/images/rcom-default.png,2020-06-27T05:18:00Z,"SYDNEY (Reuters) - Australians have flocked to tennis courts in record numbers since social distancing measures put in place to contain the COVID-19 outbreak were relaxed, Tennis Australia (TA) said on Saturday. 
Australia has been generally successful in containing the new coronavirus, even if the populous southern state of Victoria on Friday experienced a 10th straight day of double-digit new infections. 
The relaxation of restrictions began in some parts of Australia in early May and the government has pledged to remove the bulk of them by the end of July, although each state and territory is determining its own pace. 
TA said data from its “Book a Court” online system showed a record 32,234 bookings made last month, with traffic doubling from a year earlier among venues that were using the system in May 2019. 
“During the pandemic, we are seeing more people enjoying the social, mental and physical benefits of (tennis) while maintaining strict physical distancing measures,” TA chief executive Craig Tiley said in a statement. 
“As restrictions in most of the country continue to ease over the coming months, we hope to build on these results as we approach our summer.” 
Professional tennis also returns to Australia this weekend with the A$450,000 ($311,000) UTR Pro Series getting underway under strict biosecurity protocols at closed venues in Sydney, Brisbane, Melbourne, Adelaide and Perth. 
Reporting by Nick Mulvenney, editing by William Mallard"
1,"{'id': 'reuters', 'name': 'Reuters'}",Reuters Editorial,"Norway to lift travel curbs on European countries, with conditions, say media reports - Reuters","Norway will lift travel restrictions to and from European countries that respect certain criteria regarding their COVID-19 situation from July 15, public broadcaster NRK and daily Dagens Naeringsliv reported on Thursday.",https://www.reuters.com/article/us-health-coronavirus-norway-idUSKBN23W266,https://s4.reutersmedia.net/resources_v2/images/rcom-default.png,2020-06-25T13:41:00Z,"OSLO (Reuters) - Norway will lift travel restrictions to and from European countries that respect certain criteria regarding their COVID-19 situation from July 15, public broadcaster NRK and daily Dagens Naeringsliv reported on Thursday. 
Norwegian Prime Minister Erna Solberg is due to hold a news conference about “the coronavirus situation and travelling” at 1600 CET (1400 GMT). 
The Nordic country, which is not a member of the European Union but belongs to the passport-free Schengen travel zone, has some of the strictest travel restrictions in Europe. 
Most non-residents, including tourists, are currently not allowed into the country. There are exceptions for those who work in sectors deemed crucial, such as agriculture or oil, and those who can prove a family link with Norway. They must undergo a 10-day quarantine. 
Since June 15 citizens and foreign residents of Denmark, Iceland, Finland and the Swedish island of Gotland have been allowed to enter Norway, and without undergoing quarantine. 
People from mainland Sweden are not allowed into the country given the higher number of infections there. 
Norway moved early to impose a lockdown in mid-March and was able to begin lifting restrictions after Easter. The main restriction still in place is a ban on gatherings of more than 200 people. 
Norway, with a population of 5.4 million, had confirmed a total of 8,793 COVID-19 cases, with 249 deaths, as of Thursday. 
Reporting by Gwladys Fouche; Editing by Catherine Evans, Kirsten Donovan"
2,"{'id': 'reuters', 'name': 'Reuters'}",Moira Warburton,Canadian visa programme may lure tech workers blocked by Trump - Reuters India,"A fast-track visa programme that Canada launched in 2017 has attracted a growing number of tech workers, and U.S. President Donald Trump's latest immigration crackdown is set to further boost intake once COVID-19 restrictions ease, lawyers say.",https://in.reuters.com/article/canada-immigration-idINKBN23Y026,https://s3.reutersmedia.net/resources/r/?m=02&d=20200627&t=2&i=1523811148&w=1200&r=LYNXMPEG5Q017,2020-06-27T01:50:00Z,"TORONTO/OTTAWA (Reuters) - A fast-track visa programme that Canada launched in 2017 has attracted a growing number of tech workers, and U.S. President Donald Trump’s latest immigration crackdown is set to further boost intake once COVID-19 restrictions ease, lawyers say. 
The number of successful applicants to Canada’s Global Skills Strategy (GSS) programme rose five-fold over its first three years, with more than 23,000 workers approved under the top five tech categories, data provided to Reuters by Immigration, Refugees and Citizenship Canada (IRCC) shows. 
More than 2,300 applications for those same top five tech roles were approved from January to March 2020, ahead of the COVID-19 shutdowns that led to border closures and a sharp drop in immigration. The programme boasts a two-week processing time. 
Immigration lawyers told Reuters they were broadly in favour of the programme, which some described as transparent and consistent, and an example of how Canada has been able to take advantage of Trump’s immigration stance since he entered the White House in 2017. 
“There are employers who have non-U.S. employees in the U.S. who are definitely looking seriously at Canada,” said Kyle Hyndman, a partner with McCrea Immigration Law in Vancouver, who was contacted this week by a “major” company about bringing employees to Canada. 
On Monday, Trump issued a presidential proclamation that temporarily blocks foreign workers from entering the United States on certain visas, which a Trump administration official said would create 525,000 jobs for U.S. workers. 
“The fact that people started contacting me pretty much the next day is perhaps a suggestion that there are going to be more people interested,” Hyndman said. 
U.S. technology companies including Amazon.com Inc (AMZN.O), Alphabet Inc (GOOGL.O), Facebook Inc (FB.O) and Netflix Inc (NFLX.O) have in recent years expanded their Canadian operations, although most companies declined to comment on their GSS usage or how Trump’s recent announcement will impact their hiring plans. 
Tobi Lutke, the chief executive officer of Canadian e-commerce company Shopify (SHOP.TO), was quick to tout the Canada’s attraction following Trump’s immigration move. 
The programme “has made it possible to hire top talent beyond our borders,” said Sandeep Anand, senior lead on the global mobility team at Shopify, adding that it has helped relocate employees to Canada. 
The majority of approved applicants to the fast-track visa programme were computer programmers and interactive media developers, followed by information systems analysts and consultants, the IRCC data shows. 
Indian citizens accounted for 62.1% of successful applicants to the fast-track programme, followed by Chinese citizens. Nearly 1,000 U.S. citizens also have seen their applications approved. 
The GSS data only covers the period up to March of this year, just before broader immigration in Canada fell off a cliff due to border closures to stop the spread of the novel coronavirus. Lawyers, however, don’t expect it to last. 
Betsy Kane, one of the founding partners of Capelle Kane Immigration Lawyers in Ottawa, said the programme is going to see a surge of applications. 
“Whenever one door shuts, the other door is sought.” 
Reporting by Moira Warburton in Toronto and Steve Scherer in Ottawa; Additional reporting by Julie Gordon in Ottawa; Editing by Denny Thomas and Paul Simao"
3,"{'id': 'reuters', 'name': 'Reuters'}",Erwin Seba and Zachary Ferguson,"UPDATE 1-New pandemic clampdowns in Texas, Florida rattle business owners - Reuters Africa",Bar and restaurant owners in Texas and Florida were fuming on Friday after state officials abruptly slapped new restrictions on their businesses due to a spike in new COVID-19 cases.,https://af.reuters.com/article/commoditiesNews/idAFL1N2E32PE,https://s4.reutersmedia.net/resources_v2/images/rcom-default.png,2020-06-26T22:05:00Z,"(Adds new owner comments) 
By Erwin Seba and Zachary Ferguson 
HOUSTON/MIAMI, June 26 (Reuters) - Bar and restaurant owners in Texas and Florida were fuming on Friday after state officials abruptly slapped new restrictions on their businesses due to a spike in new COVID-19 cases. 
Owners warned the sudden reversals, just weeks after accelerated reopenings, will drive some out of business. 
“You can’t turn a bar into an UberEats,” said Jeff Kaplan, co-owner of Houston’s Axelrad Beer Garden. He said businesses could not stay afloat relying on the new rules that provide to-go sales but not alcohol consumption on the premises. 
Houston officials advised residents to stay home, and Texas ordered doctors to end elective surgeries as new coronavirus cases set records on three consecutive days. Florida reported nearly 9,000 new infections on Friday, also a record high. 
Houston restaurant owner Peter Mitchell said his revenue has been running a third of normal and fell further as virus cases soared in the region. 
“It’ll be a close call as to whether we stay open,” he said. 
“I wish we had tougher restrictions for another month when we did the 25% occupancy (phase),” said Mitchell. He said his business never has exceeded 25% occupancy, but noted that no regulators have ever checked. 
Florida owners also complained that counties and cities in the state had inconsistent operating rules. 
“The level of ambiguity that we’ve run into every step of the way has been really challenging,” said Will Thompson, owner of Miami’s Jaguar Sun. “It comes back to the lack of clarity from officials.” 
Gabriel Orta, whose company runs hotel food and beverage operations in Miami, said rules are inconsistent. “We don’t have the leadership that we need when we go into a catastrophe,” he added. 
Anthony Wegmann, who ran four bars and restaurants in Texas, closed two after a landlord would not grant a reprieve on rent. “There’s no way a business can pay 100% of their bills on 25% of their revenue,” he said. 
Some are willing to accept the loss of business for the public good. “It was a little unexpected,” said Sara Murray, manager of the Cheers Pub in Friendswood, Texas. “In the end we all have to do what we have to do to keep everyone safe. (Reporting by Zachary Ferguson in Miami and Erwin Seba in Houston; writing by Gary McWilliams; Editing by David Gregorio)"
4,"{'id': 'reuters', 'name': 'Reuters'}",Kate Abnett,Germany takes EU reins to steer towards green COVID-19 recovery - Reuters,"Germany will use its upcoming stint as leader of European Union talks to steer the bloc towards a climate-friendly economic recovery from the COVID-19 pandemic, the country's environment minister said on Tuesday.",https://www.reuters.com/article/us-eu-environment-germany-idUSKBN23U1MU,https://s3.reutersmedia.net/resources/r/?m=02&d=20200623&t=2&i=1523185669&w=1200&r=LYNXMPEG5M0XL,2020-06-23T11:17:00Z,"(Reuters) - Germany will use its upcoming stint as leader of European Union talks to steer the bloc towards a climate-friendly economic recovery from the COVID-19 pandemic, the country’s environment minister said on Tuesday. 
“We always have to keep the big picture in mind. Europe wants to become the first greenhouse gas-neutral continent by 2050. This is the most crucial thing that we can do for future generations,” Svenja Schulze said on Tuesday ahead of a meeting of EU environment ministers. 
Germany takes over the rotating EU presidency on July 1 and will chair meetings of EU ministers until the end of the year. 
The climate apex of Germany’s EU presidency was intended to be an EU-China summit in Leipzig in September, where the EU hoped to coax the world’s biggest emitter into raising its emissions-cutting ambitions ahead of a crucial U.N. climate summit in November. 
But the pandemic meant the Leipzig summit is being rescheduled and the U.N. talks have been delayed until November 2021. Meanwhile, the EU faces the challenge of rebuilding its virus-battered economy without compromising its climate commitments. 
The European Commission has said spending from its proposed 750 billion euro ($846.38 billion) coronavirus recovery fund must “do no harm” to the bloc’s green goals. It has earmarked funding for electric vehicles and low-carbon hydrogen fuel - areas also in line for support from Germany’s national stimulus package. 
Schulze called the Commission proposal a “good basis” for the EU’s economic recovery, which she said must be “socially fair and ecologically sound”. 
Schulze said she will prioritise striking a deal to increase the EU’s 2030 climate target to a 50% or 55% emissions reduction against 1990 levels. 
Tough talks lie ahead. Bulgaria said on Tuesday it could not achieve a higher 2030 national climate goal. The Czech Republic said the Commission should assess the individual impact of a new 2030 target on each EU country. Countries including Germany, Denmark, France and the Netherlands all back a 55% target. 
($1 = 0.8861 euros) 
Reporting by Kate Abnett; editing by Barbara Lewis"
5,"{'id': 'reuters', 'name': 'Reuters'}",Chris Canipe,"New U.S. COVID-19 cases surge 25% last week; Arizona, Florida and Texas set records - Reuters","The United States saw a 25% increase in new cases of COVID-19 in the week ended June 21 compared to the previous seven days, with Arizona, Florida and Texas experiencing record surges in new infections, a Reuters analysis found.",https://www.reuters.com/article/us-health-coronavirus-usa-trends-idUSKBN23U1L7,https://s1.reutersmedia.net/resources/r/?m=02&d=20200623&t=2&i=1523188801&w=1200&r=LYNXMPEG5M112,2020-06-23T11:12:00Z,"(Reuters) - The United States saw a 25% increase in new cases of COVID-19 in the week ended June 21 compared to the previous seven days, with Arizona, Florida and Texas experiencing record surges in new infections, a Reuters analysis found. 
Twenty-five U.S. states reported more new cases last week than the previous week, including 10 states that saw weekly new infections rise more than 50%, and 12 states that posted new records, according to the analysis of data from The COVID Tracking Project, a volunteer-run effort to track the outbreak. 
Texas reported one of the largest rises in new cases at 24,000 for the week ended June 21, an increase of 84% from the previous week. The number of COVID-19 tests that came back positive in the state rose to 10%, from 7%. 
New cases in Florida rose 87% last week to almost 22,000, with the state’s positive test rate nearly doubling to 11%. 
Arizona reported 17,000 new cases, a 90% increase, with 20% of tests coming back positive, according to the analysis. 
(GRAPHIC-Where coronavirus cases are rising in the United States, here) 
The governors of all three states have attributed the increases in new cases to more testing, and to younger residents not following social distancing guidelines. Some health experts have criticized these states for reopening too quickly without adequate restrictions, for instance not making it mandatory to wear masks in public. 
The Centers for Disease Control and Prevention (CDC) has recommended states wait for new COVID-19 cases to fall for 14 days before easing social distancing restrictions. 
Thirteen states and the District of Columbia are in compliance with that guideline, the analysis showed, down from 17 states the prior week. New York leads with 10 straight weeks of declines, followed by Rhode Island, Illinois and Washington, D.C. 
Nationally, the number of new COVID-19 cases had been falling on a weekly basis through May. Last week’s 25% jump came after a 1% rise in the second week of June and a 3% increase in the first week of June. 
Graphic - Tracking the novel coronavirus in the U.S.: here
Graphic - World-focused tracker with country-by-country interactive: here
Reporting by Chris Canipe in Kansas City, Missouri, and Lisa Shumaker in Chicago; Editing by Tiffany Wu"
6,"{'id': 'reuters', 'name': 'Reuters'}",Reuters Editorial,Zambia approves $438 million COVID-19 economic stimulus package - Reuters Africa,"Zambia's cabinet approved a 8 billion kwacha ($439 million) economic stimulus package financed through a COVID-19 bond in an effort to alleviate the pandemic's impact, the presidency said on Tuesday.",https://af.reuters.com/article/topNews/idAFKBN23U1O6-OZATP,https://s4.reutersmedia.net/resources_v2/images/rcom-default.png,2020-06-23T11:27:00Z,"LUSAKA (Reuters) - Zambia’s cabinet approved a 8 billion kwacha ($439 million) economic stimulus package financed through a COVID-19 bond in an effort to alleviate the pandemic’s impact, the presidency said on Tuesday. 
Zambia, Africa’s second largest copper producer, has been wrestling with growing public debt even before the coronavirus outbreak forced lockdowns across the globe, crimping international demand for raw materials. 
Zambia has reported 1,416 confirmed coronavirus cases and 11 deaths so far. 
“Cabinet resolved that it is necessary to provide an economic stimulus through the issuance of the COVID-19 bond in order to improve liquidity levels in the economy,” it said. 
The proceeds from the bond will go towards needy areas, including payment of retirees, contractors and suppliers, which have been hit by reduced liquidity due to COVID-19, the presidency said. 
Zambia’s budgeted revenue is estimated to fall short of target by close to 20% as a result of economic adjustments due to COVID-19, the finance ministry said in April. 
The central bank projected in May gross domestic product (GDP) would shrink 2.6% in 2020, its first economic contraction in more than 20 years. 
($1 = 18.24 Zambian kwachas) 
Reporting by Chris Mfula; Editing by Angus MacSwan"
7,"{'id': 'reuters', 'name': 'Reuters'}",Reuters Editorial,United Airlines expects to raise $3 billion in debt offering - Reuters,"United Airlines said on Tuesday it plans to raise $3 billion in debt by issuing senior notes, as U.S. airlines beef up liquidity in the wake of the COVID-19 pandemic.",https://www.reuters.com/article/us-united-arlns-debt-idUSKBN23U27K,https://s2.reutersmedia.net/resources/r/?m=02&d=20200623&t=2&i=1523203948&w=1200&r=LYNXMPEG5M1A3,2020-06-23T13:51:00Z,"(Reuters) - United Airlines (UAL.O) said on Tuesday it plans to raise $3 billion in debt by issuing senior notes, as U.S. airlines beef up liquidity in the wake of the COVID-19 pandemic. 
The senior secured notes are due 2027, the company said. 
Reporting by Sanjana Shivdas in Bengaluru; Editing by Arun Koyyur"
8,"{'id': 'reuters', 'name': 'Reuters'}",Reuters Editorial,"COVID-19 crisis may disrupt Man Utd transfer plans, says Solskjaer - Reuters Africa","Manchester United have likely taken a bigger financial hit from the COVID-19 pandemic than their rivals and it is unclear what funds will be available to sign players in the next transfer window, manager Ole Gunnar Solskjaer has said.",https://af.reuters.com/article/sportsNews/idAFKBN23Y0C7-OZASP,https://s3.reutersmedia.net/resources/r/?m=02&d=20200627&t=2&i=1523825394&w=1200&r=LYNXMPEG5Q08I-OZASP,2020-06-27T08:51:00Z,"(Reuters) - Manchester United have likely taken a bigger financial hit from the COVID-19 pandemic than their rivals and it is unclear what funds will be available to sign players in the next transfer window, manager Ole Gunnar Solskjaer has said. 
United withdrew their annual financial targets in May after losing about 23 million pounds ($28 million) in quarterly revenue due to the season being temporarily suspended because of the coronavirus crisis. 
The Premier League restarted this month but fans have been barred from attending games, and Solskjaer said United, who also have 429 million pounds in debt, would adopt a cautious approach to spending. 
“We’ll have to take a big look at things ourselves to see how hard we’ve been hit,” Solskjaer told reporters ahead of Saturday’s FA Cup quarter-final match at Norwich City. 
“It’s not for me to say we are going to have X amount because I don’t really know. We are a financially strong club, but we are also probably being hit more than anybody else.” 
United are fifth in the Premier League, five points behind fourth-placed Chelsea, with seven games left to play. 
With second-placed Manchester City facing a European ban for breaching UEFA financial rules, fifth place should guarantee qualification for the lucrative Champions League, unless City win an appeal in the Court of Arbitration for Sport. 
City will discover the fate of their appeal next month, while United could also qualify for Europe’s elite club competition by winning the Europa League this season. 
“Let’s see how quickly we can get our fans back into the stadium,” Solskjaer added. 
“There’s still a lot of uncertainty and these three or four months, every businessman in the world, every footballer in the world, I think everyone is still unsure what the effect will be.” 
($1 = 0.8106 pounds) 
Reporting by Simon Jennings in Bengaluru; Editing by Simon Cameron-Moore"
9,"{'id': 'reuters', 'name': 'Reuters'}",Sudipto Ganguly,"Tennis: Wuhan's spot on 2020 calendar offers hope for all, says organiser - Reuters India","When the WTA announced a provisional list of tournaments for the remainder of a season that will be forever defined by the COVID-19 outbreak last week, one name above all stood out -- the Wuhan Open.",https://in.reuters.com/article/health-coronavirus-tennis-wuhan-idINKBN23Y09L,https://s3.reutersmedia.net/resources/r/?m=02&d=20200627&t=2&i=1523820723&w=1200&r=LYNXMPEG5Q06P,2020-06-27T06:46:00Z,"MUMBAI (Reuters) - When the WTA announced a provisional list of tournaments for the remainder of a season that will be forever defined by the COVID-19 outbreak last week, one name above all stood out the Wuhan Open. 
It was in the central Chinese city, the home of China’s first Grand Slam champion Li Na, that the novel coronavirus first emerged before spreading to the rest of the world, forcing the suspension of professional tennis in early March. 
Wuhan has accounted for the majority of China’s coronavirus deaths to date and the city was subject to one of the strictest lockdowns in the world for 76 days. 
“To go through that, to overcome that, I think it’s huge,” the tournament’s co-director Brenda Perry told Reuters from her home in Auckland. 
“It’s huge symbolism and I think very inspiring for everybody there. 
“At the moment that’s one of the first to experience the closest to being back to normal that we see around the world. It’s a very hopeful story for not just Wuhan but for China, for the world, of overcoming a huge challenge.” 
After a cluster of new cases of the virus in May sparked fears of a second spike, Wuhan tested 9.9 million people out of a population of 11 million. 
“I feel that Wuhan did some incredible job on recovery,” Perry said. 
“I don’t think we hear much about that. Not as much as the fact that COVID-19 started in Wuhan. And they have almost everything back to normal, whether it’s transport or restaurants or cinemas, people going back to work in the offices or their industries.” 
Perry said she had been in touch with the local organising team on a daily basis as they prepare to start the tournament on Oct. 19, pending government approval and confirmation that players will be able to travel. 
“I’ve never heard from Wuhan, ‘we can’t do this’,” she said, adding that a final call on the event was expected by early August. 
“In many ways Wuhan is fortunate that the tournament is towards the end of the calendar and it’s got the maximum time for recovery.” 
‘ZERO HESITATION’ 
There are many roadblocks still and Perry concedes that convincing players to sign up will be a tall order. 
The current top three in the rankings - Ash Barty, Simona Halep and Karolina Pliskova - were in the 2019 field of the event. 
Perry appreciates that athletes will have health concerns but she hopes to use her background as a former professional and a player representative on the WTA board to help convince them to play. 
“It’s going to be very important that we communicate to the players,” she said. 
“(If it’s unsafe) I’ll be the first one to go ‘Hey, you shouldn’t be going there’. 
“I have zero hesitation right now about going to Wuhan ... I believe it’s one of the safest cities to go to anywhere in the world because it’s probably the most tested city in the world.” 
Because of the financial impact of the COVID-19 shutdown on sport, Wuhan, like all of the WTA’s Premier 5 events, will see a 32% cut in prize money. 
The Wuhan Open is currently committed to having no fans 13,500 of them turned out for the 2019 final and negotiations with sponsors are expected to be tricky. 
“It’s a very different conversation now and we are looking at trying to be innovative as to what we can offer,” Perry said. 
“One of the things could be being associated with such a positive comeback. I think that will hopefully be a story of interest for our sponsors to be associated with.” 
Reporting by Sudipto Ganguly; editing by Nick Mulvenney and Toby Davis"
10,"{'id': 'reuters', 'name': 'Reuters'}",Reuters Editorial,Australians flock to tennis courts after lockdown relaxed - Reuters India,"Australians have flocked to tennis courts in record numbers since social distancing measures put in place to contain the COVID-19 outbreak were relaxed, Tennis Australia (TA) said on Saturday.",https://in.reuters.com/article/tennis-australia-idINKBN23Y09T,https://s4.reutersmedia.net/resources_v2/images/rcom-default.png,2020-06-27T06:50:00Z,"SYDNEY (Reuters) - Australians have flocked to tennis courts in record numbers since social distancing measures put in place to contain the COVID-19 outbreak were relaxed, Tennis Australia (TA) said on Saturday. 
Australia has been generally successful in containing the new coronavirus, even if the populous southern state of Victoria on Friday experienced a 10th straight day of double-digit new infections. 
The relaxation of restrictions began in some parts of Australia in early May and the government has pledged to remove the bulk of them by the end of July, although each state and territory is determining its own pace. 
TA said data from its “Book a Court” online system showed a record 32,234 bookings made last month, with traffic doubling from a year earlier among venues that were using the system in May 2019. 
“During the pandemic, we are seeing more people enjoying the social, mental and physical benefits of (tennis) while maintaining strict physical distancing measures,” TA chief executive Craig Tiley said in a statement. 
“As restrictions in most of the country continue to ease over the coming months, we hope to build on these results as we approach our summer.” 
Professional tennis also returns to Australia this weekend with the A$450,000 ($311,000) UTR Pro Series getting underway under strict biosecurity protocols at closed venues in Sydney, Brisbane, Melbourne, Adelaide and Perth. 
Reporting by Nick Mulvenney, editing by William Mallard"
11,"{'id': 'reuters', 'name': 'Reuters'}",Reuters Editorial,Liverpool fans celebrating title urged to return home amid COVID-19 worries - Reuters India,Fans gathering at the Liverpool city centre for a second night in a row to celebrate their team's Premier League title win have been urged to return to their homes due to fears of a surge in COVID-19 cases.,https://in.reuters.com/article/health-coronavirus-soccer-liverpool-idINKBN23Y09R,https://s4.reutersmedia.net/resources/r/?m=02&d=20200627&t=2&i=1523820902&w=1200&r=LYNXMPEG5Q06R,2020-06-27T06:46:00Z,"(Reuters) - Fans gathering at the Liverpool city centre for a second night in a row to celebrate their team’s Premier League title win have been urged to return to their homes due to fears of a surge in COVID-19 cases. 
Liverpool’s 30-year wait for their 19th English top-flight title ended on Thursday after second-placed Manchester City were beaten by Chelsea. 
Thousands of fans turned up at Anfield stadium on Thursday to celebrate the win, and Merseyside Police issued a dispersal order on Friday after crowds gathered for a second consecutive night at the city centre near the Mersey Ferry terminal. 
The police said on Twitter that the order would remain in force until Sunday. 
Liverpool mayor Joe Anderson urged fans to return home after pictures of the crowd near the Mersey Ferry terminal emerged on social media. 
“I am really concerned about scenes at Pier Head tonight. I appreciate LFC fans want to celebrate but please, for your own safety, and that of others, go home and celebrate at home,” Anderson said on Twitter. 
“COVID-19 is still a major risk and our city has already lost far too many people to the illness. 
“People are asking why we are not moving the fans on, or taking action to prevent them gathering. Councils simply do not have the power to do this. If you know someone who is there, please message them and ask them to come home.” 
Britain has one of the world’s highest death tolls from the novel coronavirus. The country has reported more than 309,000 infections and over 43,400 deaths. 
Reporting by Simon Jennings in Bengaluru; Editing by Himani Sarkar"
12,"{'id': 'reuters', 'name': 'Reuters'}",Deena Beasley,Factbox: What doctors have learned about fighting COVID-19 - Reuters India,"In the six months since an entirely new coronavirus began spreading around the world, doctors and hospitals have learned a lot about how to treat patients with COVID-19, the potentially deadly disease caused by the virus.",https://in.reuters.com/article/health-coronavirus-lessons-factbox-idINKBN23Z04E,https://s4.reutersmedia.net/resources/r/?m=02&d=20200628&t=2&i=1523871940&w=1200&r=LYNXMPEG5R03Z,2020-06-28T05:02:00Z,"(Reuters) - In the six months since an entirely new coronavirus began spreading around the world, doctors and hospitals have learned a lot about how to treat patients with COVID-19, the potentially deadly disease caused by the virus. 
Maria de Nazare 80, lies on a hammock as she is checked by Marilia Correa, 38, a nurse, at her home at the riverside community Pinheiro, as healthcare workers visit riverside communities to check on residents during the coronavirus disease (COVID-19) outbreak, in the municipality of Portel, at Marajo island, Para state, Brazil, June 6, 2020. REUTERS/Ueslei Marcelino
What doctors have learned about fighting COVID-19: 
* Patients are at increased risk of blood clots, and blood thinning agents can help. 
* “Proning” - putting patients on their stomachs to relieve pressure on the lungs - can stave off the need for mechanical ventilation. 
* Besides the respiratory system and lungs, the coronavirus can attack many other organs, including the heart, liver, kidneys, and brain. 
* The most promising treatments so far seem to be the anti-viral remdesivir; dexamethasone, a steroid to treat the body’s inflammatory response to COVID-19; and plasma donated by patients who have antibodies to the disease. 
* More widespread testing and quicker results helps relieve pressure on hospitals. 
* Information-sharing among health professionals worldwide is crucial. 
* Prevention is critical. Doctors are relying on the public to do their part with good hygiene, masks and social distancing. 
Some of the biggest unknowns: 
* Exactly which treatments will work for which patients. 
* How quickly some treatments will gain widespread distribution, especially remdesivir. 
* How long it will take for COVID-19 patients to recover. 
* The long-term effects of the infection. 
“If the best lesson we’ve learned is to turn patients onto their stomachs instead of their backs,” said Valory Wangler, chief medical officer at Rehoboth McKinley Christian Health Care Services, in Gallup, New Mexico, “it means we’re far from a miracle cure.” 
Reporting By Deena Beasley: Editing by Marla Dickerson and William Mallard"
13,"{'id': 'reuters', 'name': 'Reuters'}",Reuters Editorial,China's state planner extends power price cut to boost economy - Reuters Africa,China's state planner said a policy to cut electricity prices by 5% will be extended until the year-end to aid companies struggling because of the impact of the COVID-19 pandemic.,https://af.reuters.com/article/commoditiesNews/idAFL3N2E508M,https://s4.reutersmedia.net/resources_v2/images/rcom-default.png,2020-06-28T10:28:00Z,"SHANGHAI, June 28 (Reuters) - China’s state planner said a policy to cut electricity prices by 5% will be extended until the year-end to aid companies struggling because of the impact of the COVID-19 pandemic. 
During the early stage of China’s outbreak in February, China’s National Development and Reform Commission (NDRC) announced measures to cut electricity prices from Feb. 1 to June 30. 
NDRC said on Sunday companies will continue to enjoy lower prices between July 1 and Dec. 31, as the government works to lower companies’ operating costs and protect jobs. 
“Under the current circumstances, relevant price regulators should fully understand the importance of reducing companies’ production and operating costs, and its role in protecting jobs, livelihood, and market entities,” NDRC said in a notice to its local agencies, as well as to major state power grid operators. 
Profits at China’s industrial firms rose for the first time in six months in May, partly aided by easing cost pressures, the Chinese government said on Sunday. ($1 = 7.0255 Chinese yuan renminbi) (Reporting by Samuel Shen and Emily Chow; editing by Barbara Lewis)"
14,"{'id': 'reuters', 'name': 'Reuters'}",Reuters Editorial,Liverpool fans celebrating title urged to return home amid COVID-19 worries - Reuters Africa,Fans gathering at the Liverpool city centre for a second night in a row to celebrate their team's Premier League title win have been urged to return to their homes due to fears of a surge in COVID-19 cases.,https://af.reuters.com/article/sportsNews/idAFKBN23Y0DV-OZASP,https://s3.reutersmedia.net/resources/r/?m=02&d=20200627&t=2&i=1523826987&w=1200&r=LYNXMPEG5Q09P-OZASP,2020-06-27T09:21:00Z,"(Reuters) - Fans gathering at the Liverpool city centre for a second night in a row to celebrate their team’s Premier League title win have been urged to return to their homes due to fears of a surge in COVID-19 cases. 
Liverpool’s 30-year wait for their 19th English top-flight title ended on Thursday after second-placed Manchester City were beaten by Chelsea. 
Thousands of fans turned up at Anfield stadium on Thursday to celebrate the win, and Merseyside Police issued a dispersal order on Friday after crowds gathered for a second consecutive night at the city centre near the Mersey Ferry terminal. 
The police said on Twitter here that the order would remain in force until Sunday. 
Liverpool mayor Joe Anderson urged fans to return home after pictures of the crowd near the Mersey Ferry terminal emerged on social media. 
""I am really concerned about scenes at Pier Head tonight. I appreciate LFC fans want to celebrate but please, for your own safety, and that of others, go home and celebrate at home,"" Anderson said on Twitter here
“COVID-19 is still a major risk and our city has already lost far too many people to the illness. 
“People are asking why we are not moving the fans on, or taking action to prevent them gathering. Councils simply do not have the power to do this. If you know someone who is there, please message them and ask them to come home.” 
Britain has one of the world’s highest death tolls from the novel coronavirus. The country has reported more than 309,000 infections and over 43,400 deaths. 
Reporting by Simon Jennings in Bengaluru; Editing by Himani Sarkar"
15,"{'id': 'reuters', 'name': 'Reuters'}",Reuters Editorial,Golf-Day to play as single on Saturday after requesting COVID-19 test - Reuters,"Former world number one Jason Day will play the third round of the Travelers Championship in Cromwell, Connecticut as a single after requesting a COVID-19 test on Saturday morning, the PGA Tour has confirmed.",https://www.reuters.com/article/healthcoronavirus-golf-travelers-idUSL4N2E403H,https://s4.reutersmedia.net/resources_v2/images/rcom-default.png,2020-06-27T13:45:00Z,"June 27 (Reuters) - Former world number one Jason Day will play the third round of the Travelers Championship in Cromwell, Connecticut as a single after requesting a COVID-19 test on Saturday morning, the PGA Tour has confirmed. 
The PGA Tour said in a statement that if Day returns a negative coronavirus test, he will tee off alone from the 10th hole as a precautionary measure. 
Day, who has competed in all three PGA Tour events since the tour’s resumption following a three-month break due to the pandemic, missed the cut at the Charles Schwab Challenge and RBC Heritage. 
The Australian, who opened with rounds of 67 and 69, was at four-under-par overall after 36 rounds, nine shots behind leader Phil Mickelson. 
Nick Watney last week became the first Tour player to test positive, and Cameron Champ did so at a pre-tournament screening this week. 
World number four Brooks Koepka and Northern Ireland’s Graeme McDowell withdrew from the Travelers as a precaution after their caddies tested positive. The two golfers tested negative. 
World number five Webb Simpson opted out after a family member tested positive, while Koepka’s brother Chase withdrew as he played a practice round with Brooks and McDowell. 
Denny McCarthy, the third golfer on the Tour to return a positive test, withdrew on Friday, while Bud Cauley, who played alongside McCarthy in the opening round, dropped out as a precautionary measure. (Reporting by Arvind Sriram in Bengaluru; Editing by Hugh Lawson)"
16,"{'id': 'reuters', 'name': 'Reuters'}",Reuters Editorial,Six Pakistan players get negative result in second COVID test - Reuters Africa,"Six of the 10 Pakistan cricketers bound for England who tested positive for COVID-19 have now registered negative results on re-testing, the Pakistan Cricket Board (PCB) said on Saturday.",https://af.reuters.com/article/sportsNews/idAFKBN23Y0KF-OZASP,https://s3.reutersmedia.net/resources/r/?m=02&d=20200627&t=2&i=1523836192&w=1200&r=LYNXMPEG5Q0CN-OZASP,2020-06-27T13:36:00Z,"LAHORE, Pakistan (Reuters) - Six of the 10 Pakistan cricketers bound for England who tested positive for COVID-19 have now registered negative results on re-testing, the Pakistan Cricket Board (PCB) said on Saturday. 
Mohammad Hasnain, Shadab Khan, Fakhar Zaman, Mohammad Rizwan, Mohammad Hafeez and Wahab Riaz, however, must return a second negative result before they can join the main squad of 20 players who will leave for England on Sunday. 
“These players were asymptomatic, which means their chances of regaining complete fitness are higher and brighter than most,” PCB chief executive Wasim Khan said in a statement. 
“As soon as these players test negative twice through the PCB testing process they will be flown to England to join the squad.” 
Kashif Bhatti, Haris Rauf, Haider Ali and Imran Khan have tested positive again. 
Pakistan are scheduled to play three test matches and three T20 internationals behind closed doors in August-September, although the exact dates and venues have not been announced yet. 
After reaching Manchester on Sunday, the players will undergo COVID-19 tests before moving to Worcestershire for a 14-day isolation period, the PCB said. 
Test captain Azhar Ali and limited-overs skippers Babar Azam will be in the first batch of players, accompanied by head coach Misbah-ul-Haq. 
Fast bowling coach Waqar Younis will travel to England from Australia, while Twenty20 specialist Shoaib Malik has been allowed to join late after meeting his family in India. 
“With the test series being played first in August, Misbah is satisfied with the group of players that are travelling on Sunday as the focus will be on red-ball preparation,” the PCB CEO added. 
Reporting by Amlan Chakraborty in New Delhi; Editing by Hugh Lawson"
17,"{'id': 'reuters', 'name': 'Reuters'}",Marcelo Rochabrun,Brazil signs agreement to produce AstraZeneca's experimental COVID-19 vaccine - Reuters India,Brazil announced on Saturday that it had signed a $127 million agreement to start producing locally an experimental vaccine developed by AstraZeneca that has shown promise to fight the COVID-19 pandemic.,https://in.reuters.com/article/health-coronavirus-brazil-vaccine-idINKBN23Y0MV,https://s3.reutersmedia.net/resources/r/?m=02&d=20200627&t=2&i=1523838651&w=1200&r=LYNXMPEG5Q0EM,2020-06-27T14:51:00Z,"SAO PAULO (Reuters) - Brazil announced on Saturday that it had signed a $127 million agreement to start producing locally an experimental vaccine developed by AstraZeneca that has shown promise to fight the COVID-19 pandemic. 
The AstraZeneca vaccine is considered the world’s leading candidate and most advanced in terms of development to obtain licensure and become an official vaccine against the disease, according to the World Health Organization. 
The British drugmaker is already carrying out large-scale, mid-stage human trials of the vaccine, which was developed by researchers at Oxford University. 
Elcio Franco, Brazil’s No.2 public health official, said in a press conference that the country will initially produce some 30 million doses of the vaccine, half by December and half by January of next year. 
Franco said Brazil is paying for the vaccine but is aware of the risk, in case the vaccine does not pass all necessary licensure requirements or another vaccine obtains approval faster. 
The vaccine will be produced by Brazil’s Fundação Osvaldo Cruz, also known as Fiocruz, the country’s leading public health organization, Franco said. 
Brazil is the world’s second most affected country by the coronavirus pandemic, with more than 1.2 million confirmed cases as of Friday and more than 55,000 deaths. 
Right-wing President Jair Bolsonaro has been widely criticized for this response to the pandemic. He has dismissed the severity of the disease and has shown indifference to the rising death toll while also pushing treatment using an unproven anti-malaria drug. 
Reporting by Marcelo Rochabrun; editing by Diane Craft"
18,"{'id': 'business-insider', 'name': 'Business Insider'}",Lydia Ramsey Pflanzer,Dispensed Daily: Developing a drug based on the blood of COVID-19 patients — COVID-19's effects on the nervous system — Economic assistance programs are ending,"Hello, 
Welcome to Dispensed Daily, your daily dose of healthcare news from Business Insider.
If we haven't met yet, my name's Lydia Ramsey Pflanzer, and I'm a healthcare editor here at Business Insider. I typically write our weekly healthcare newsletter, Dis…",https://www.businessinsider.com/dispensed-daily-healthcare-newsletter-june-15-2020-6,https://i.insider.com/5e7e484092e1910b6e7cf123?width=1200&format=jpeg,2020-06-15T12:38:00Z,"Hello, 
Welcome to Dispensed Daily, your daily dose of healthcare news from Business Insider.
If we haven't met yet, my name's Lydia Ramsey Pflanzer, and I'm a healthcare editor here at Business Insider. I typically write our weekly healthcare newsletter, Dispensed.
We're testing out a new daily format for our BI Prime subscribers (thank you for subscribing!), and we want to know what you think about it — send your thoughts to me at lramsey@businessinsider.com. 
Dr. Zhou Min, a recovered COVID-19 patient who has passed his 14-day quarantine, donates plasma in the city's blood center in Wuhan in central China's Hubei province, February 18, 2020.
Chinatopix via AP
A plasma-derived treatment for COVID-19
Over the weekend, Andrew Dunn reports on the the attempts to make a plasma-derived coronavirus treatment. 
By now you've probably heard about the use of convalescent plasma in hospitalized COVID-19 patients, which uses part of the donated blood of recovered COVID-19 patients with the hopes of boosting the immune system's response in people actively fighting off the virus. 
Well 10 drugmakers, including Japanese pharma giant Takeda, are looking at a way to standardize that process, making a plasma-based therapy that could come in handy as we face the second wave of the coronavirus pandemic later this year. 
You can read the full story here:
Crystal Cox/Business Insider
<ul><li>In a new review of research, doctors found that nearly half of hospitalized COVID-19 patients experience neurological symptoms including dizziness, a loss of smell and taste, and difficulty concentrating. </li><li>The study authors say these symptoms may appear before the more telltale coronavirus signs, like fever and difficulty breathing. </li><li>Other experts and survivors have detailed worrying short- and long-term cognitive symptoms that the findings help to frame. </li></ul>
Drew Angerer/Getty Images; Zach Gibson/Getty Images; Congress.gov; Samantha Lee/Business Insider
<ul><li>The federal assistance programs that tided over jobless workers and struggling businesses early on in the pandemic are set to expire this summer.</li><li>Congress is barreling towards the July deadline, setting up a cliff that could lead to critical aid being yanked from struggling people.</li><li>""What really concerns me is people relying on the somewhat rosy jobs picture,"" labor expert Michelle Evermore says. ""That was the kind of thing that pushed the Great Depression into a double-dip, easing stimulus too soon.""</li></ul>
More stories we're reading:
Loading
Something is loading."
19,"{'id': 'reuters', 'name': 'Reuters'}",David Milliken,"UK GDP shrinks by record 5.8% in March, harder COVID hit ahead","Britain's economy shrank by a record 5.8% in March as the coronavirus crisis escalated and the government shut down much of the country, according to official data that point towards an even bigger hit to come.",https://www.reuters.com/article/us-health-coronavirus-britain-economy-idUSKBN22P0PS,https://s2.reutersmedia.net/resources/r/?m=02&d=20200513&t=2&i=1518464537&w=1200&r=LYNXMPEG4C0G4,2020-05-13T10:32:43Z,"LONDON (Reuters) - Britain’s economy shrank by a record 5.8% in March as the coronavirus crisis escalated and the government shut down much of the country, according to official data that point towards an even bigger hit to come. 
The monthly drop in gross domestic product was felt in almost all sectors - from the country’s shuttered restaurants and bars to its building sites and factories - and was the largest since comparable records began in 1997. 
“The sharp contraction in UK Q1 GDP comes as little surprise, but does clearly highlight the magnitude of the challenge facing policymakers,” JP Morgan market strategist Hugh Gimber said. 
In the first three months of the year, GDP contracted by 2.0% from the last three months of 2019, the biggest drop since the depths of the financial crisis in late 2008, the Office for National Statistics said. 
The Bank of England said last week that the contraction of the economy in the April-June period could approach 25% and lead to the largest annual decline in more than three centuries. 
British two-year government bond yields GB2YT=RR sank to a record low of -0.045% after the data, reinforcing expectations that the Bank of England will ramp up its record 645 billion pounds ($791 billion) of asset purchases next month. 
Finance minister Rishi Sunak said Britain was now in the midst of a significant recession. 
“We have to support people’s jobs, their incomes, livelihoods at this time, and support businesses so we can get through this period of severe disruption and emerge stronger on the other side,” he said after the GDP data. 
A newspaper said on Tuesday that finance ministry officials have warned Sunak the budget deficit could swell to a record 337 billion pounds this year from just 55 billion pounds forecast in March. 
On Tuesday, Britain’s government extended a costly job support programme for another four months, though businesses will need to pick up more of the tab from August. 
DELAYED LOCKDOWN 
The decline in first-quarter GDP was slightly smaller than economists had forecast in a Reuters poll, and less than the 3.8% slump suffered by the euro zone in the first quarter. But Britain only started its lockdown on March 23, later than many other euro zone countries. 
COVID-19 has killed more than 40,000 people in the United Kingdom, the highest death toll reported in Europe so far. 
Economists said output appeared to have fallen around a fifth after the lockdown came into force. 
Separate data from the British Retail Consortium trade body showed retail spending dropped almost a fifth in April. Barclaycard said consumer spending had dropped more than a third. 
Wednesday’s ONS figures showed household consumption fell by 1.8% in the first quarter, the most since 2008. 
The BoE said last week the economy could rebound if coronavirus restrictions are lifted, pencilling in a 15% recovery after a historic 14% fall in GDP for 2020 as a whole. 
But it warned recovery might be slower, especially if consumers prove cautious about returning to their normal lives, a view shared by many economists. 
“The UK’s economic engine will be much harder to kickstart than it was to stall,” Rabobank economist Stefan Koopman said. 
“Talk of a V-shaped recovery feels like wishful thinking, and we expect prolonged periods of depressed growth across the majority of the economy. A flatter, U-shaped recovery is more likely,” he said. 
Additional reporting by Alistair Smout, editing by Larry King"
