,source,author,title,description,url,urlToImage,publishedAt,content
0,"{'id': 'reuters', 'name': 'Reuters'}",Reuters Editorial,U.S. Post Office board meets as COVID takes its toll and funding dries up,The U.S. Postal Service's Board of Governors meets on Friday at a critical juncture as it faces accusations from the White House that it charges package shippers such as Amazon.com too little and as the new coronavirus cuts its revenue by about $13 billion.,https://www.reuters.com/article/us-usa-postoffice-idUSKBN22K1EO,https://s1.reutersmedia.net/resources/r/?m=02&d=20200508&t=2&i=1517929920&w=1200&r=LYNXMPEG470T0,2020-05-08T11:10:49Z,"WASHINGTON (Reuters) - The U.S. Postal Service’s Board of Governors meets on Friday at a critical juncture as it faces accusations from the White House that it charges package shippers such as Amazon.com (AMZN.O) too little and as the new coronavirus cuts its revenue by about $13 billion. 
The meeting also comes two days after the governors announced that they had selected Republican donor Louis DeJoy to be the next postmaster general to replace a retiring Megan Brennan. 
Top of mind for the governors will be the budget shortfall, according to a person knowledgeable about the agenda. 
The service, which was struggling before efforts to stop the spread of the new coronavirus prompted a widespread economic shutdown, is funded entirely through services and postage and has been hurt by advertisers’ decision to reduce mail during the pandemic. 
The U.S. Congress has authorized the Treasury Department to lend it up to $10 billion as part of a $2.3 trillion coronavirus stimulus package. President Donald Trump has threatened to block that aid. 
Since early in his administration, the president has criticized the post office, saying it was poorly run and charges too little to deliver packages. Many of those packages are sent by online retailers such as Amazon.com (AMZN.O), whose founder and CEO Jeff Bezos also owns the Washington Post, which has been critical of the president. 
Without assistance, the service may run out of money in September, even as Americans increasingly turn to online shopping as the pandemic batters the U.S. economy. The current postmaster general told a congressional committee last month that the new coronavirus alone could mean $13 billion in lost revenue this year. 
The pandemic has also caused a surge of interest in expanding options to vote by mail rather than crowding into polling places, making it more important that funding extends past November for the presidential election. 
The board meeting will also address the post office’s response to COVID-19, the respiratory disease caused by the coronavirus, including employee safety, according to a person knowledgeable about the agenda. 
The disease has killed more than 50 of the service’s 600,000 workers, said James Horwitz, a spokesman for the American Postal Workers Union. A spokesman for the postal service declined to confirm the deaths. COVID-19 has killed more than 75,000 Americans. 
The U.S. Postal Service has been struggling for years as online communication replaces letters, and after a 2006 law required it to pre-fund its employee-pension and retirement health care costs for the next seventy-five years. 
Reporting by Diane Bartz; Editing by Daniel Wallis"
1,"{'id': 'reuters', 'name': 'Reuters'}",Reuters Editorial,Roche gets FDA emergency use approval for COVID-19 antibody test,"Roche Holding AG received emergency use approval from the U.S. Food and Drug Administration for an antibody test to help determine if people have ever been infected with the coronavirus, the Swiss drugmaker said http://pdf.reuters.com/htmlnews/htmlnews.asp?i=…",https://www.reuters.com/article/us-health-coronavirus-testing-roche-hldg-idUSKBN22F02Q,https://s3.reutersmedia.net/resources/r/?m=02&d=20200503&t=2&i=1517284680&w=1200&r=LYNXMPEG42027,2020-05-03T02:49:25Z,"(Reuters) - Roche Holding AG (ROG.S) received emergency use approval from the U.S. Food and Drug Administration for an antibody test to help determine if people have ever been infected with the coronavirus, the Swiss drugmaker said here on Sunday. 
The drugmaker said its antibody test, Elecsys Anti-SARS-CoV-2, has a specificity greater than 99.8% and can help assess patients’ immune response to the COVID-19 virus. 
Reporting by Aakriti Bhalla in Bengaluru; Editing by Himani Sarkar"
2,"{'id': 'reuters', 'name': 'Reuters'}",Kristina Cooke,A pregnant doctor navigates COVID-19 fight in low income Los Angeles,"After putting a coronavirus patient onto a ventilator to help him to breathe, Dr. Zafia Anklesaria noted to herself that her baby never kicked during emergency procedures.",https://www.reuters.com/article/us-health-coronavirus-doctor-pregnant-wi-idUSKBN2320RF,https://s4.reutersmedia.net/resources/r/?m=02&d=20200526&t=2&i=1519878805&w=1200&r=LYNXMPEG4P0GU,2020-05-26T07:10:06Z,"LOS ANGELES (Reuters) - After putting a coronavirus patient onto a ventilator to help him to breathe, Dr. Zafia Anklesaria noted to herself that her baby never kicked during emergency procedures. 
Co-director of the intensive care unit at CommonSpirit's Dignity Health California Hospital Medical Center, Dr. Zafia Anklesaria, 35, who is seven months pregnant, removes a tracheostomy tube from COVID-19 patient Vicente Arredondo, 65, in the intensive care unit at the hospital where she works, during the coronavirus disease (COVID-19) outbreak, in Los Angeles, California, U.S., May 18, 2020. ""Yay, you did it, you are officially liberated!"" said Anklesaria to Arredondo after she removed the tube. REUTERS/Lucy Nicholson 
It was not until she was back in her office and had removed most of her protective equipment that he made his presence known. 
Anklesaria is seven months pregnant with her first child. The 35-year works as a co-director of the intensive care unit at CommonSpirit’s Dignity Health California Hospital Medical Center, a downtown Los Angeles hospital that mostly serves lower-income Hispanic and African-American populations. 
The hospital’s 22-bed COVID-19 intensive care unit has been at or close to capacity since the end of March. Some nurses are pulling 24-hour shifts due to the high volume of patients in critical condition, she said. 
“The socio-economic class that we serve, people tend to live in close quarters, they don’t really have the privilege of good social distancing, and they are tending to get more infected as a result,” Anklesaria said. 
People living in the highest poverty areas of Los Angeles county are dying of COVID-19 at more than twice the rate of those in the wealthiest areas, according to data from the county’s department for public health. 
Anklesaria’s 12-hour shift starts at 7 am. She works four days a week on average in the ICU and another one to two days doing pulmonary consultations with patients. 
After getting an update from the night shift she begins her rounds, donning and doffing her personal protective equipment as she enters and exits patients’ rooms. Nurses check on her regularly, making sure she is hydrated, properly protected and takes breaks to eat. 
“I don’t think I could do this job pregnant without their help,” Anklesaria said. She has been lucky to have an easy pregnancy and the baby has been “really well behaved.” 
“You’ve allowed your mom to do her job very well,” she said to her belly. 
She worries, though, that the baby will hear the stress and frustration in her voice as she goes about her day. 
“So I do try and reassure him when I get time to myself, I look down and say it’s all good, we’ve got this,” she said. 
Still, there are physical limitations: she is slowly finding it harder to stay on her feet for long periods of time and often comes home with backache. 
A WORRIED HUSBAND 
One May morning she had good news - one of the hospital’s first COVID-19 patients, an employee who had spent almost four weeks on the ventilator, was ready to have his tracheostomy tube removed. 
“Yay, you did it, you are officially liberated!” she told 65-year old Vicente Arredondo as she removed the tube. 
When she returned home, exhausted, her husband Aryan Jafari, 30, held back the dog as she dashed to the shower. She initially brought up the possibility of isolating herself from him, but he wouldn’t hear of it. 
He worries about her and the baby, but “he is fortunately understanding of me wanting to and needing to work,” she said. “This is a job we sign up for. If we don’t do it, who’s going to do it?” 
Jafari is an engineer and best convinced by data, so she has sent him studies suggesting pregnant women and babies are not at a greater risk from the coronavirus. She has promised her family if any evidence to the contrary emerges, she will step away from the ICU. 
Anklesaria, who comes from a family of doctors in India, has been in the United States since college. Her parents still live in Kolkata and she worries they won’t be able to come for the birth. 
Due to the virus, she has to go to her prenatal visits alone, though her husband has joined her ultrasound appointments via FaceTime. 
He gives her written questions for her obstetrician to answer: can she do this, can she do that? 
“The answer is always: ‘yes’.” 
For photo essay see reut.rs/2LT5afr
Reporting by Kristina Cooke and Lucy Nicholson, editing by Ross Colvin and Diane Craft"
3,"{'id': 'reuters', 'name': 'Reuters'}",Daniel Wiessner,DOL offers COVID-19 coverage guidelines for group health plans - Reuters,"The U.S. Department of Labor has told employer-sponsored group health insurance plans that they do not have to pay for COVID-19 testing employees are required to undergo to return to work, but do have to cover screenings for people who show symptoms of the il…",https://www.reuters.com/article/employment-covid19-idUSL1N2E11VM,https://s4.reutersmedia.net/resources_v2/images/rcom-default.png,2020-06-24T18:30:00Z,"The U.S. Department of Labor has told employer-sponsored group health insurance plans that they do not have to pay for COVID-19 testing employees are required to undergo to return to work, but do have to cover screenings for people who show symptoms of the illness or were potentially exposed to the coronavirus. 
DOL in guidance issued on Tuesday said the Families First Coronavirus Relief Act (FFCRA), which Congress passed in March, only requires insurance coverage of COVID-19 testing conducted for “diagnostic purposes,” and not to screen for general workplace health and safety. 
To read the full story on Westlaw Practitioner Insights, click here: bit.ly/3ev3Yff"
4,"{'id': 'reuters', 'name': 'Reuters'}",Mohammed Aty,Iraqi doctor bets on plasma treatment in search of COVID breakthrough - Reuters,"In a hospital ward in Iraq, doctor Ali Salam Abdullah and a smiling patient hold up a large blood bag full of the yellow liquid that he hopes will help turn the corner in cutting the country's coronavirus death rate.",https://www.reuters.com/article/us-health-coronavirus-iraq-plasma-idUSKBN23V2IM,https://s3.reutersmedia.net/resources/r/?m=02&d=20200624&t=2&i=1523355138&w=1200&r=LYNXMPEG5N1SL,2020-06-24T16:25:00Z,"BASRA, Iraq (Reuters) - In a hospital ward in Iraq, doctor Ali Salam Abdullah and a smiling patient hold up a large blood bag full of the yellow liquid that he hopes will help turn the corner in cutting the country’s coronavirus death rate. 
The liquid is plasma from a recently recovered patient, believed to be rich in virus antibodies and which immunologist Abdullah and his team in the southern city of Basra have been using to treat critical COVID-19 cases since April. 
He now hopes to get health ministry support to use plasma as a generalised treatment before patients’ conditions become life-threatening, but he says he is facing a shortage of donors. 
“Among all recovered patients, only three percent (of eligible donors) volunteer,” he said. “... If half of those recovered patients came, we would have enough (plasma) to treat patients in Basra until the end of the year.” 
While the effectiveness of plasma as a coronavirus treatment remains unclear, the health ministry is allowing it to be gathered at blood banks and used under certain conditions, while the global pharma industry is working to develop antibody-based therapies. 
Abdullah is convinced that plasma helps patients’ weakened immune systems fight the virus and, to compensate for the shortage of donors, is using a plasma exchange machine that injects replacement fluids to increase the yield per patient from the standard 400ml to up to 3000ml. 
Once he has enough volunteers he says he will revert to standard extraction levels but for the time being, and as Iraq’s COVID epidemic continues to spread, Abdullah is sticking to the higher-yield procedure. 
He is hopeful his methods will eventually be vetted and adopted abroad. 
“I encourage people to come and donate. But most people are afraid, I don’t know why,” said donor Basim Jassem, before posing for pictures with his super-sized plasma bag. 
“They take it from (us) and replace it with a replacement fluid. There is nothing special about it.” 
Iraq’s COVID death toll stands at just over 1,250, with more than 34,500 people infected, according to health ministry figures. 
A ministry spokesman could not be reached immediately for comment on this article. 
Additional reporting by Mohammed Katfan; writing by Charlotte Bruneau; editing by John Stonestreet"
5,"{'id': 'reuters', 'name': 'Reuters'}",Reuters Editorial,"BAE Systems impacted by COVID-19 disruption, expects strong H2 recovery - Reuters UK","British defence company BAE Systems on Thursday said first-half profit would be impacted by the coronavirus pandemic, but its second-half performance would be much stronger as its business returns to ""full operational tempo"".",https://uk.reuters.com/article/uk-bae-systems-outlook-idUKKBN23W0QS,https://s2.reutersmedia.net/resources/r/?m=02&d=20200625&t=2&i=1523424147&w=1200&r=LYNXMPEG5O0JB,2020-06-25T06:19:00Z,"LONDON (Reuters) - British defence company BAE Systems (BAES.L) on Thursday said first-half profit would be impacted by the coronavirus pandemic, but its second-half performance would be much stronger as its business returns to “full operational tempo”. 
BAE, which makes Typhoon fighter jets, said that demand for its defence equipment and services, which accounts for 90% of group revenues, remained strong but some manufacturing lines had been affected by disruption linked to the pandemic. 
In its smaller non-defence units, the company said that its businesses that provide electronic systems to commercial aircraft and for other transport would be hit by weaker demand. 
Reporting by Sarah Young; Editing by Alistair Smout"
6,"{'id': 'reuters', 'name': 'Reuters'}",Ueslei Marcelino,"As COVID-19 races up the Amazon River, health services struggle to keep up - Reuters","After days suffering from shortness of breath, 49-year-old Andrelina Bizerra da Silva fainted suddenly.",https://www.reuters.com/article/us-health-coronavirus-amazon-doctors-wid-idUSKBN23W21S,https://s2.reutersmedia.net/resources/r/?m=02&d=20200625&t=2&i=1523603407&w=1200&r=LYNXMPEG5O1KB,2020-06-25T13:21:00Z,"PORTEL, Brazil (Reuters) - After days suffering from shortness of breath, 49-year-old Andrelina Bizerra da Silva fainted suddenly. 
Maria Angela, 56, who has tested positive for COVID-19, is transferred by Dr Jorge Hernandez, 35, and health workers from her home at the riverside community Menino de Deus, onto an ambulance boat as she is taken to hospital, as healthcare workers visit riverside communities to check on residents during the coronavirus disease (COVID-19) outbreak, in the municipality of Portel, on Marajo island, Para state, Brazil, June 13, 2020. REUTERS/Ueslei Marcelino 
Her family, Brazilian acai berry farmers on a tributary of the Amazon River, put her in a small boat with an outboard motor and raced down the winding Acuti Pereira River to the nearest health clinic in the town of Portel. 
Without tests to confirm if she had COVID-19 or sufficient facilities to treat her if she did, officials at that outpost directed them further downriver to the biggest hospital nearby, in the town of Breves. 
Six hours had passed by the time they reached Breves. 
Silva was already dead. 
“To be honest, there are a lot of negative thoughts among us,” said her nephew Felipe Costa Silva, after making the return trip with her coffin in the same boat. “How long is this going to last for? How many people are going to die?” 
As the coronavirus outbreak in Brazil rockets past 1 million cases, more than anywhere outside the United States, the frontlines have shifted increasingly from modern hospitals in major cities to poor, remote corners of this massive country. 
The cities of Belem and Macapa at the mouth of the Amazon River emerged as major coronavirus hotspots in April and May. The virus has since spread deep into surrounding rural areas. 
Reuters spent a week accompanying medical professionals in their battle with the pandemic near Marajo Island, which splits the Amazon in two as it approaches the Atlantic Ocean. 
In isolated settlements built on stilts along the river, most households survive on fishing and harvesting local fruits, earning just a few dollars a day. Social distancing is nearly impossible in wooden shacks built close together. Many lack phones and it can take a day or more to reach health clinics. 
The coronavirus has taken root here, killing scores and infecting hundreds more, public health records show. Reuters saw that severe infections are often identified and treated late, when odds are against the patients. 
Yet public health professionals put on a brave face, making house calls and ferrying patients on hours-long boat trips. 
“It’s quite complicated because of the difficulty of access,” said Alex Glaison, a medic, after treating a patient in their riverside home. “What keeps us going is getting results.” 
Some residents live 36 hours from the town center, turning healthcare into a logistical nightmare, said Nizomar Junior, the municipal health secretary in Portel, a small town just across the river from Marajo Island. 
He leads a sprawling team of medics that routinely travel hours on end, often battling unpredictable currents and fast-approaching weather fronts. 
Maria Luiza Costa, a manioc farmer, is one of those isolated residents. She and her mother had come down with headaches and flu-like symptoms, but their coronavirus cases were not confirmed until medical workers visited their home, tucked far up a tributary. 
Their sickness had kept them from work. Costa said she was scraping by with a monthly subsidy of 600 reais ($116) from the federal government. 
For many residents, the pandemic marks their first contact with the public health system. It is a relief for some, but can bring a gnawing anxiety as treatment means sending relatives far downriver. 
Andreza Lima de Cruz, 25, watched as doctors on a floating ambulance motored away with her father to the hospital in Portel after he tested positive for the coronavirus. 
“We know that arriving there, there’s no certainty that he’ll come back,” Lima said. “I honestly want him to stay here. But we have to think of him as well.” 
Reporting by Ueslei Marcelino and Leonardo Benassatto; Writing by Gram Slattery; Editing by Brad Haynes and Rosalba O'Brien"
7,"{'id': 'reuters', 'name': 'Reuters'}",Reuters Editorial,"Vaccine against COVID-19 not certain, maybe in a year: WHO - Reuters","It is not certain that scientists will be able to create an effective vaccine against the coronavirus that has caused the COVID-19 pandemic, but it could take a year before one were to be invented, the head of the World Health Organisation said.",https://www.reuters.com/article/us-health-coronavirus-who-vaccine-idUSKBN23W2PQ,https://s1.reutersmedia.net/resources/r/?m=02&d=20200625&t=2&i=1523628067&w=1200&r=LYNXMPEG5O200,2020-06-25T16:21:00Z,"BRUSSELS (Reuters) - It is not certain that scientists will be able to create an effective vaccine against the coronavirus that has caused the COVID-19 pandemic, but it could take a year before one were to be invented, the head of the World Health Organisation said. 
Speaking by video-conference to deputies from the European Parliament’s health committee, Tedros Adhanom Ghebreyesus said that if such a vaccine became a reality, it should become a public good available to all. 
“It would be very difficult to say for sure that we will have a vaccine,” Tedros said. “We never had a vaccine for a coronavirus. So this will be, when discovered, hoping that it will be discovered, it will be the first one,” he said. 
He said the WHO had already more than a 100 candidates for a vaccine of which one was at an advanced stage of development. 
“Hoping that there will be a vaccine, the estimate is we may have a vaccine within one year. If accelerated, it could be even less than that, but by a couple of months. That’s what scientists are saying,” he said. 
Reporting by Jan Strupczewski and Josephine Mason"
8,"{'id': 'reuters', 'name': 'Reuters'}",Marco Aquino,Peruvian government strikes agreement with private clinics on COVID care - Reuters,The Peruvian government on Thursday said it had struck an agreement with the country's private health clinics on the cost of COVID-19 care after President Martin Vizcarra warned on Wednesday they would be expropriated within 48 hours if negotiations did not p…,https://www.reuters.com/article/us-health-coronavirus-peru-idUSKBN23W2E8,https://s3.reutersmedia.net/resources/r/?m=02&d=20200625&t=2&i=1523614517&w=1200&r=LYNXMPEG5O1SQ,2020-06-25T14:41:00Z,"LIMA (Reuters) - The Peruvian government on Thursday said it had struck an agreement with the country’s private health clinics on the cost of COVID-19 care after President Martin Vizcarra warned on Wednesday they would be expropriated within 48 hours if negotiations did not progress. 
The clinics had for three weeks wrangled with Vizcarra’s government over a fair rate for care. The haggling began amid reports of overcharging for the sickest patients, who require mechanical ventilators and intensive care. 
The health minister, Victor Zamora, said the agreement was finalized on Wednesday evening after a meeting with representatives of the Association of Private Clinics of Peru. 
“The important thing here is people’s health. We cannot delay treatment,” Zamora told RPP local radio. 
Peru’s coronavirus outbreak is second only to Brazil’s in Latin America, with 264,689 confirmed cases and 8,586 deaths. The pandemic has caused a deep economic crisis in the Andean country and brought its health system to the brink of collapse. 
Centrist President Vizcarra issued the ultimatum to temporarily expropriate private clinics, invoking an article in the Peruvian constitution on the use of private property in case of national public need. 
Minister Zamora said on Thursday that a flat rate of 55,000 soles ($15,580) had been agreed for the care of a COVID-19 patient. The agreement will be signed on Friday, he added. 
The government had previously proposed paying up to $1,003 per day for care, and the clinics were asking around $1,308, according to Health Ministry sources. 
Peru was one of the first in Latin America to impose, in mid-March, a quarantine to try to stop the pandemic, but since May the government has allowed the resumption of productive activity to reactivate the economy. 
Reporting by Marco Aquino, writing by Aislinn Laing; editing by Steve Orlofsky"
9,"{'id': 'reuters', 'name': 'Reuters'}",Amy Tennery,NWSL roars back as first North American league to return since COVID shutdown - Reuters India,"The National Women's Soccer League (NWSL) roars into action on Saturday, as back-to-back champions North Carolina Courage kick off the month-long Challenge Cup against the Portland Thorns on Saturday.",https://in.reuters.com/article/soccer-women-nwsl-idINKBN23Y091,https://s4.reutersmedia.net/resources_v2/images/rcom-default.png,2020-06-27T06:25:00Z,"NEW YORK (Reuters) - The National Women’s Soccer League (NWSL) roars into action on Saturday, as back-to-back champions North Carolina Courage kick off the month-long Challenge Cup against the Portland Thorns on Saturday. 
The NWSL becomes the first major North American league to return after the coronavirus outbreak, with eight of the league’s nine teams traveling to suburban Salt Lake City, Utah, for the competition to be played without spectators. 
“It’s sort of like a beam of light,” Portland Thorns midfielder Rocky Rodriguez said in a team video. “It’s not only going to be a nice environment for the players in the sense that we’re going to be able to play and do what we love but also for the fans.” 
The Thorns lost in the 2019 semi-finals to the Chicago Red Stars, who were defeated by the Courage in the Cary, North Carolina final in October. 
The Courage boast a stacked midfield including championship MVP Debhina and U.S. women’s national team veterans Crystal Dunn and Sam Mewis. 
“We’ve got depth, we’ve got speed, we’ve got ability, we’ve got talent,” coach Paul Riley said. “They’re very mission-driven and I think this is obviously another challenge for them.” 
The Courage play the Thorns before facing the Washington Spirit, who fell just short of last year’s playoffs but boast a strong forward line with Rose Lavelle of the U.S. national team and Ashley Hatch, the squad’s leading scorer last season. 
“It’s different, it’s something I’ve never done before, but we can get games in - any way we can do that, I’m excited to,” Hatch, a graduate of Utah’s Brigham Young University, said in a team video. 
“Any time I get a chance to play in Utah, it’s like a home away from home.” 
The Chicago Red Stars, who lost last season’s championship game 4-0, have a strong defence that includes 2019 U.S. Soccer Player of the Year Julie Ertz and keeper Alyssa Naeher, who helped the U.S. win their record fourth World Cup title in France last year. 
The Orlando Pride were forced to back out of the tournament after players and staff members tested positive for COVID-19 before departing for Utah. 
Utah Royals forward Christen Press and Thorns midfielder Tobin Heath, both U.S. national team veterans, said they would not compete in the tournament over health and safety concerns. Ballon d’Or winner Megan Rapinoe of OL Reign also skips the event, though no reason was given. 
Reporting by Amy Tennery, editing by Ed Osmond"
10,"{'id': 'reuters', 'name': 'Reuters'}",Reuters Editorial,Liverpool urge fans to celebrate title safely amid COVID-19 fears - Reuters,Liverpool have condemned the behaviour of fans who gathered in Liverpool city centre for a second night on Friday to celebrate their team's Premier League title win and urged them to stay at home due to fears of a surge in COVID-19 cases.,https://www.reuters.com/article/us-health-coronavirus-soccer-liverpool-idUSKBN23Y0HH,https://s4.reutersmedia.net/resources/r/?m=02&d=20200627&t=2&i=1523830435&w=1200&r=LYNXMPEG5Q0B8,2020-06-27T10:54:00Z,"(Reuters) - Liverpool have condemned the behaviour of fans who gathered in Liverpool city centre for a second night on Friday to celebrate their team’s Premier League title win and urged them to stay at home due to fears of a surge in COVID-19 cases. 
Local media reported that fans launched fireworks at the Royal Liver Building, with a fire breaking out on the balcony of the landmark owned by Farhad Moshiri, the majority shareholder of the side’s local rivals Everton. 
Liverpool’s 30-year wait for their 19th English top-flight title ended on Thursday after second-placed Manchester City were beaten by Chelsea. 
Thousands of fans turned up at Anfield stadium on Thursday to celebrate, and Merseyside Police issued a dispersal order on Friday after crowds gathered for a second night at the city centre near the Mersey Ferry terminal. 
“Our city is still in a public health crisis and this behaviour is wholly unacceptable,” Liverpool, Merseyside police and the Liverpool City Council said in a joint statement. 
“The potential danger of a second peak of COVID-19 still exists and we need to work together to make sure we don’t undo everything that has been achieved as a region during lockdown. 
“When it is safe to do so, we will all work together to arrange a victory parade when everyone can come together to celebrate.” 
The police said on Twitter here that the dispersal order would remain in force until Sunday. 
Liverpool mayor Joe Anderson urged fans to return home after pictures of the crowd near the Mersey Ferry terminal emerged on social media. 
""I appreciate LFC fans want to celebrate but please, for your own safety, and that of others, go home and celebrate at home,"" Anderson said on Twitter here
“People are asking why we are not moving the fans on, or taking action to prevent them gathering. Councils simply do not have the power to do this. If you know someone who is there, please message them and ask them to come home.” 
Britain has one of the world’s highest death tolls from the novel coronavirus. The country has reported more than 309,000 infections and over 43,400 deaths. 
Reporting by Simon Jennings in Bengaluru; Editing by Himani Sarkar and Hugh Lawson"
11,"{'id': 'reuters', 'name': 'Reuters'}",Kelsey Johnson and Allison Martell,Canada's top health official to seek details of Ontario COVID-19 farm worker guidelines - Reuters Africa,"Canada's top public health official said on Thursday she plans to seek more information from Ontario about the province's plan to allow some COVID-19 positive people with no symptoms to return to their jobs, a risky policy according to workers' advocates and …",https://af.reuters.com/article/commoditiesNews/idAFL1N2E21QE,https://s4.reutersmedia.net/resources_v2/images/rcom-default.png,2020-06-25T20:11:00Z,"OTTAWA/TORONTO, June 25 (Reuters) - Canada’s top public health official said on Thursday she plans to seek more information from Ontario about the province’s plan to allow some COVID-19 positive people with no symptoms to return to their jobs, a risky policy according to workers’ advocates and some doctors. 
Ontario, Canada’s most populous province, issued guidelines on Wednesday allowing some migrant farm workers back to work as farms battle outbreaks that have killed three people and infected hundreds more. 
Chief Public Health Officer Theresa Tam said protocols that separate COVID-19 positive and negative workers must be stringent, and workers’ health must be considered. 
“People can begin to have symptoms anytime during that incubation period and potentially can get sick fairly fast,” she said. “You need to make sure that you screen them for symptoms and enable them to stop working if they’re not feeling well.” 
Canadian farmers rely on some 60,000 temporary foreign workers predominantly from Latin America and the Caribbean. Many live in crowded bunkhouses where the virus can spread quickly. 
Sudeshna Nambiar, chief operating officer of Lakeside Produce, a Leamington, Ontario greenhouse operation, welcomed the new policy. She said each employee is responsible for 23 rows in the greenhouse, allowing for ample distancing. 
Lakeside had 13 infections among workers in the spring, but all have recovered. 
“This is the new normal. This is how we have to operate, with more hygiene and social distancing,” she said. 
Srinivas Murthy, an infectious disease specialist and professor at the University of British Columbia, said the virus is likely to spread if workers return. 
On Wednesday, the Ontario Federation of Agriculture said workers will not be forced to work. 
“This isn’t a community that has a lot of flexibility in their lives,” said Murthy. “Most individuals are not in a place where they can make a free and fair choice.” (Additional reporting by Rod Nickel in Winnipeg, Manitoba; Editing by David Gregorio)"
12,"{'id': 'reuters', 'name': 'Reuters'}",John Miller,Many studies of COVID-19 antibody test accuracy fall short: review - Reuters,"Many studies assessing the accuracy of COVID-19 antibody tests had major shortcomings, a review released on Thursday concluded, offering further evidence the blood tests are of little use for people seeking to know with certainty if they have been infected.",https://www.reuters.com/article/us-health-coronavirus-antibody-tests-idUSKBN23W2GV,https://s3.reutersmedia.net/resources/r/?m=02&d=20200625&t=2&i=1523618300&w=1200&r=LYNXMPEG5O1V6,2020-06-25T15:11:00Z,"ZURICH (Reuters) - Many studies assessing the accuracy of COVID-19 antibody tests had major shortcomings, a review released on Thursday concluded, offering further evidence the blood tests are of little use for people seeking to know with certainty if they have been infected. 
Cochrane, a British-based journal that reviews research evidence to help decision makers adopt better health policies, looked at 54 studies, mostly from Asia, that sought to measure the reliability of tests purporting to show whether somebody has developed antibodies against the new coronavirus. 
The studies were often small, did not use the most reliable methods, and results were often incomplete, Cochrane said in its 310-page report. 
Also, most of those tested had been admitted to hospital, offering no insight into how well the tests could detect antibodies in the majority of people with milder symptoms. 
There is intense interest in these antibody tests, which rely on either a finger prick or a venous blood draw, by people eager to know whether they have had COVID-19 or not. 
There has been speculation that a positive result might mean people have some protection, at least temporarily, against re-infection. Such hopes are unrealistic, said Jon Deeks, a professor of biostatistics at the University of Birmingham who leads Cochrane’s test evaluation efforts. 
“A lot of people in the UK are very interested and keen to know, but there is no decision they should be making at the moment based on the results of that test,” Deeks told reporters. 
In all, the Cochrane researchers identified data from 25 commercial COVID-19 tests, a fraction of roughly 300 such tests that exist. Their review did not include tests offered by Roche or Abbott Laboratories, which were approved by regulators after the cut-off deadline of April 27. 
Updates of Cochrane’s report plan to include data from both companies’ tests, which are now being sold by the millions in the United States and Europe. 
While the studies reviewed by Cochrane showed the antibody tests were better at detecting COVID-19 antibodies in people two or more weeks after their symptoms started, they did not provide clues as to how well they work in patients further from infection. 
Such gaps undermine the value of tests as tools in so-called “seroprevalence studies”, to determine what percentage of people in a population may have been exposed to the virus. 
“We don’t know how well these tests work beyond five weeks, so that’s our greatest concern,” Deeks said. “In seroprevalence studies, you’re looking beyond that and really we need some data which says, ‘How well do they work at three months, four months, five months.’” 
UNDER SCRUTINY 
Scientific studies’ veracity has been under scrutiny during the pandemic, more so after British medical journal The Lancet issued an apology after publishing a study on health risks from the malaria drug hydroxychloroquine in COVID-19 patients that was retracted by three of its authors. 
Cochrane said that of the 54 studies it looked at that covered nearly 16,000 samples, 89% had a high risk of bias based on how participants were selected, since they were unlikely to match patient populations in clinical practice. 
There were more problems, Cochrane said, including often no mention of whether the samples were anonymized or blinded, potentially leading technicians to repeat tests if they thought they had got the wrong result. 
Some studies withheld results, while others included five or more samples per patient, resulting in inflated sample sizes and results that were falsely precise, Deeks said. 
“For many of the studies, we could never find out how many patients were included in them,” he said. “All we know is how many samples were tested.” 
Reporting by John Miller, Editing by Timothy Heritage"
13,"{'id': 'reuters', 'name': 'Reuters'}",Reuters Editorial,CDC head warns pregnant women with COVID-19 face greater risks - Reuters,"Pregnant women have increased risk of severe COVID-19 compared to women who are not pregnant, the head of the U.S. Centers for Disease Prevention Robert Redfield told reporters on Thursday, warning that states with rising coronavirus cases need to take action.",https://www.reuters.com/article/us-health-coronavirus-cdc-pregnancy-idUSKBN23W2XC,https://s3.reutersmedia.net/resources/r/?m=02&d=20200625&t=2&i=1523637328&w=1200&r=LYNXMPEG5O24N,2020-06-25T17:31:00Z,"NEW YORK (Reuters) - Pregnant women have increased risk of severe COVID-19 compared to women who are not pregnant, the head of the U.S. Centers for Disease Prevention Robert Redfield told reporters on Thursday, warning that states with rising coronavirus cases need to take action. 
The CDC has found that pregnant women are more likely to be admitted to the ICU and to be put on mechanical ventilators than non-pregnant women, he said. 
Redfield said that more infections among young people in Florida and Texas could partly be attributed to an increase in diagnosing illness among that group, whose members are less likely to be hospitalized than older people. 
He said the agency plans to use social media platform Tik Tok to try to reach young people with warnings to keep a distance of 6 feet, wear a face covering and avoid large gatherings. 
Reporting by Caroline Humer; Editing by Aurora Ellis"
14,"{'id': 'reuters', 'name': 'Reuters'}",Stephanie Nebehay,"Syria's hunger crisis worsens, COVID outbreak could intensify - UN - Reuters UK","Syria faces an unprecedented hunger crisis with over 9.3 million people lacking adequate food while the country's coronavirus outbreak, though apparently controlled for now, could still accelerate, U.N. aid agencies said on Friday.",https://uk.reuters.com/article/uk-health-coronavirus-who-syria-idUKKBN23X1IN,https://s3.reutersmedia.net/resources/r/?m=02&d=20200626&t=2&i=1523729025&w=1200&r=LYNXMPEG5P0YO,2020-06-26T11:18:00Z,"GENEVA (Reuters) - Syria faces an unprecedented hunger crisis with over 9.3 million people lacking adequate food while the country’s coronavirus outbreak, though apparently controlled for now, could still accelerate, U.N. aid agencies said on Friday. 
The World Food Programme (WFP) told a briefing in Geneva that the number of people short of essential foodstuffs had risen by 1.4 million in the past six months. 
Food prices had also soared by more than 200% in less than a year due to the freefall in neighbouring Lebanon’s economy and COVID-19 lockdown measures in Syria, WFP spokeswoman Elisabeth Byrs said. 
After nine years of armed conflict, more than 90% of Syria’s population lives under the $2 per day poverty line and humanitarian needs are growing, Akjemal Magtymova, the World Health Organization (WHO) Representative in Syria, told a separate briefing. 
Fewer than half of Syria’s public hospitals are functional, whi1e half of the medical workforce has fled since the conflict began, she said, with those remaining facing a “pervasive threat of kidnapping and targeted killings”. 
Authorities have reported 248 coronavirus infections, including 9 deaths in government-held areas, while a further 5 cases and one death have been recorded by the Kurdish-led administration in the northeast, WHO figures show. 
 “The official numbers represent a likely underestimate of the true numbers, and that’s not unique to Syria at all,” said Richard Brennan, WHO’s regional emergency director. 
After a slow start, COVID-19 outbreaks in Iraq, Egypt and Turkey accelerated and the same is expected in Syria, he said. 
“What we do know in Syria is you don’t have an explosive outbreak, you can’t cover up, you can’t miss an explosive outbreak. The health facilities are not overwhelmed, so this is why we still have an opportunity to scale up our preparedness to blunt and mitigate the worst of the outbreak,” Brennan said. 
No infections have been reported in the rebel-held northwest, he said. But the heavily-populated region only has one functional laboratory and the risk of the new coronavirus spreading rapidly is high, he added. 
Reporting by Stephanie Nebehay; Editing by Mark Heinrich"
15,"{'id': 'reuters', 'name': 'Reuters'}",Luke Baker,Britain rescues its 'soft-power' branch after heavy COVID blow - Reuters,"The UK Treasury has stepped in to rescue the British Council from the brink of insolvency amid coronavirus woes, but it probably needs a longer-term solution, the chief executive of the country's international cultural and education agency says.",https://www.reuters.com/article/us-health-coronavirus-britain-council-idUSKBN23X1NK,https://s4.reutersmedia.net/resources/r/?m=02&d=20200626&t=2&i=1523734593&w=1200&r=LYNXMPEG5P12Z,2020-06-26T11:58:00Z,"LONDON (Reuters) - The UK Treasury has stepped in to rescue the British Council from the brink of insolvency amid coronavirus woes, but it probably needs a longer-term solution, the chief executive of the country’s international cultural and education agency says. 
For more than 80 years, the British Council has taught English and run libraries, cultural programmes and arts festivals in all corners of the world, becoming an influential “soft-power” extension of UK foreign policy. 
In China, large parts of south Asia, Africa and Latin America, its English courses are seen as a gold standard for achieving the fluency needed to live and work in Britain. 
But the coronavirus pandemic forced the Council to shut more than 200 examination centres and suspend teaching in much of the world, hammering its finances. Exams and class fees constitute around 60% of its 1.25 billion pound ($1.55 billion) annual revenue. 
The Treasury stepped in last week with a 60 million pound loan to tide it over, but with no clarity over how long the pandemic will last the future remains uncertain. 
“The 60 million is an intermediate step in a conversation about the longer-term needs of this organisation,” Ciaran Devane, the Council’s chief executive, told Reuters, adding that the terms of the loan were still being worked out. 
“The one year is survivable for most institutions, including our own. The longer-term answer depends to what degree things shift permanently.” 
Devane said that if the Council could get through this financial year, a longer-term financial settlement, probably involving an extended loan “would be critical”. 
Post-Brexit, as Britain seeks to exert itself as a stand-alone entity in the world, the Council has a significant role to play in promoting cultural values. 
Devane said he saw no lessening of the UK’s cultural standing post-Brexit, and the world’s desire to learn English is insatiable. But the way the British Council operates may have to change, with more online education and distance teaching. 
“The challenge going forward is not just the pandemic, it is how in a world that is more fragmented, where the conversation around values is shifting, how we continue to engage on those issues going forward,” he said."
16,"{'id': 'reuters', 'name': 'Reuters'}",Ciro De Luca,COVID-19 cluster among migrants causes angry confrontations in southern Italian town - Reuters,Italy has sent soldiers to restore order in a coastal town near Naples after a coronavirus outbreak at an apartment complex illegally occupied by hundreds of migrant workers caused angry confrontations with residents.,https://www.reuters.com/article/us-health-coronavirus-italy-idUSKBN23X1LQ,https://s4.reutersmedia.net/resources/r/?m=02&d=20200626&t=2&i=1523732197&w=1200&r=LYNXMPEG5P10Y,2020-06-26T11:50:00Z,"MONDRAGONE, Italy (Reuters) - Italy has sent soldiers to restore order in a coastal town near Naples after a coronavirus outbreak at an apartment complex illegally occupied by hundreds of migrant workers caused angry confrontations with residents. 
The authorities announced on Thursday that more than 40 people living at the abandoned buildings in Mondragone, 45 km from Naples, had tested positive for COVID-19, and warned the entire town could be quarantined if the outbreak proves widespread. 
The apartment buildings were sealed off to prevent the spread of infection but footage on RAI state TV from Thursday showed a group of residents defying the order to stay put and marching through the town in protest at what they said was racist discrimination. 
Many of those living at the complex are Bulgarians working as seasonal fruit pickers in the fields around the town. Italian residents on the street chanted “Mondragone is ours” and gathered outside the sealed off are, resulting in both sides shouting abuse at each other, footage showed. 
Soldiers were manning barricades and police checks were in place on Friday around the housing complex, as residents complained they were blocked inside with little information about what was happening. 
At least 3,000 of those living in and around the occupied buildings will be tested for the coronavirus, Vincenzo De Luca, the governor of the Campania region around the town. 
Campania has been only marginally hit by the COVID-19 epidemic whose epicentre is in four northern regions which account for 70% of the roughly 240,000 cases confirmed since the outbreak was discovered at the end of February. 
Additional reporting and writing by Angelo Amante; Editing by Gavin Jones and Raissa Kasolowsky"
17,"{'id': 'reuters', 'name': 'Reuters'}",Christian Levaux,Belgian pop singer takes office job as COVID-19 wrecks debut - Reuters India,"Just before the coronavirus outbreak in Europe, Belgian pop singer Dana Rexx was hopeful of breaking through with her first single release in April and a tour of Asia planned.",https://in.reuters.com/article/health-coronavirus-belgium-idINKBN23X1UW,https://s4.reutersmedia.net/resources/r/?m=02&d=20200626&t=2&i=1523744201&w=1200&r=LYNXMPEG5P18W,2020-06-26T13:34:00Z,"BRUSSELS (Reuters) - Just before the coronavirus outbreak in Europe, Belgian pop singer Dana Rexx was hopeful of breaking through with her first single release in April and a tour of Asia planned. 
Instead she found herself working an office job to make ends meet. 
The coronavirus has put millions of artists around the world out of work and caused huge financial loss, particularly as some, like Rexx, are not eligible for emergency state help for the self-employed because of a lack of formal contracts. 
“Four months ago we were negotiating a tour in Asia and the release of my debut album,” Rexx, which is a stage name, told Reuters. 
The single was not released and the tour never got off the ground. She now works from home as a freelance assistant to a managing director of a firm in Brussels. 
Everything, including studio recording in Britain, is on hold, said Rexx, who declined to give her real name.   
“I have had to find other ways to make money to pay my bills,” she said while answering corporate emails on a computer screen. 
Still dressed in black and with purple hair, Rexx has returned to office work she sought to leave behind in 2014 when she tried for a career as a singer, inspired by her youth, when she sung on Belgian television aged 10. 
Her desk is far from the drama of her promotional videos where, with feathers in her hair and sparkling eye make-up, she sings both on horseback and in chains in a castle. 
But like her lyrics about the phoenix rising from the ashes, she hopes that with the easing of lockdowns across Europe from July she may be back on stage. 
“I will definitely be sending emails to promoters and bookers to let them know I am available,” she said. 
Writing by Robin Emmott; Editing by Angus MacSwan"
18,"{'id': 'reuters', 'name': 'Reuters'}",Nita Bhalla,FEATURE-Africa's unsung army of women wage war on COVID-19 - Reuters,"NAIROBI/ADDIS ABABA (Thomson Reuters Foundation) - Armed with a face mask, notebook and pen, Everlyne Akinyi Omondi sets out each morning from her one-room home in Nairobi's informal settlement of Kawangware to do a job few others would contemplate in a pande…",https://www.reuters.com/article/us-health-coroanvirus-kenya-women-featur-idUSKBN23X00R,https://s4.reutersmedia.net/resources_v2/images/rcom-default.png,2020-06-26T00:02:00Z,"NAIROBI/ADDIS ABABA (Thomson Reuters Foundation) - Armed with a face mask, notebook and pen, Everlyne Akinyi Omondi sets out each morning from her one-room home in Nairobi’s informal settlement of Kawangware to do a job few others would contemplate in a pandemic. 
As cases of the new coronavirus climb and Kenyans are told to stay home and avoid human contact, 38-year-old Omondi moves house to house through Kawangware’s maze of narrow lanes. 
Standing at the doorways of the cramped, corrugated houses, she talks about COVID-19, shows residents how to wash hands or don a mask, patiently answering their questions. 
“I know there are risks of contracting the virus, but I don’t feel so scared. I have made a pledge to keep my community safe,” said Omondi, turning to reprimand a group of children crowded around her for not maintaining social distancing rules. 
“You see how small and close together the places where we live are. We have to make sure people understand how they can stop corona from spreading. Here, if one person gets it, everyone can.” 
The mother of three is not a doctor, nurse or medic of any sort - just one of tens of thousands of ordinary African women who, without fanfare, battle the virus in their communities. 
Poorly paid or not at all, these unsung armies of mostly female community health workers have for years doled out advice and health services to families living in remote villages and urban slums who lack formal support. 
Recruited and trained by government and charities - they are found from Kenya to Tanzania, Ethiopia to Malawi, Liberia to South Africa - the women go door to door, dispensing advice on everything from family planning to immunisations. 
Now, as transmission of the new coronavirus spreads, women like Omondi are essential foot soldiers in the war on COVID-19. 
Charities such as Catholic Relief Services, which is supporting coronavirus training for about 5,000 community health volunteers in Kenya, say this workforce is key. 
“Community health volunteers are not given the recognition they deserve, but they are important frontline workers. They have a wide range of knowledge and experience from dealing with cholera outbreaks to malaria prevention,” said Moses Orinda, CRS’s senior project officer in Kenya. 
“For COVID-19, they have the ability to contact trace, provide support to home-based patients and conduct essential prevention and control activities,” Orinda said. 
COMMUNITY TRANSMISSION 
The COVID-19 virus has infected close to 10 million people and killed almost half a million worldwide, according to Johns Hopkins University. 
Initially the virus multiplied more slowly in Africa than in Asia or Europe, but all 54 nations on the continent are now infected, with more than 330,000 cases and over 8,800 deaths combined, says the African Union’s Centre for Disease Control. 
South Africa, Egypt and Nigeria have recorded most cases, but experts say true numbers may be much higher as many nations lack reliable diagnostic or testing capabilities. 
With densely-packed slums, poor access to water, widespread disease and weak health systems, many countries will struggle to control the fast-spreading virus, they add. 
“For now, Africa still only accounts for a small fraction of cases worldwide,” said Matshidiso Moeti, the World Health Organization (WHO) Africa director, earlier this month. 
“But the pace of the spread is quickening. Swift and early action by African countries has helped to keep numbers low, but constant vigilance is needed to stop COVID-19 from overwhelming health facilities.” 
More than half of African countries have witnessed community transmission - cases where patients have no travel history or known contact with infected people - suggesting the virus is moving undetected in the population, says WHO. 
This is not hard to believe. 
Many cities are home to sprawling, overcrowded settlements, housing tens of thousands of people, where the key to containing the spread - hand-washing and social distancing - are a luxury. 
In Kawangware, there is scant access to water or the space for self-isolation. Families of five live in one-room shacks. There is no piped water and households share toilets. 
According to the United Nations, only 14% of Kenyans have the facilities to wash their hands at home with soap and water. 
The warning from WHO is stark: up to 190,000 Africans could die if containment measures such as contact tracing, isolation, personal hygiene and distancing are not improved. 
‘INVISIBLE’ ARMIES 
Already known and respected, community health workers are a perfect first-line response to a pandemic, say health experts. 
Raj Panjabi, of Harvard Medical School and CEO of Last Mile Health, said community health workers showed their value when another deadly virus hit in Liberia. 
“When Ebola threatened to bring humanity to its knees, informal community providers stepped up to learn the signs and symptoms of Ebola, to team up with nurses and doctors, to go door to door to find the sick and get them into care,” he said. 
“You couldn’t have stopped the epidemic without a ground force of these community members.” 
One of their key jobs is busting myths and slaying stigmas. 
A belief that only whites get the virus or that it can be cured with hot, sweet tea is rampant, while mass testing is elusive due to the stigma a positive result can carry. 
Government health officials say the women have built up trust through years of contact so locals are happy to pay heed. 
“We know that they can pass messages on which sometimes the government cannot. They live in the same communities and have good social standing, so it is much easier for them to do provide information,” said Catherine Mugo, a sub-county community strategy coordinator at Kenya’s ministry of health. 
Mugo isn’t far wrong. 
As Omondi wends through the knot of narrow alleys that make up Kawangware, residents rush out to greet her, children give chase, and women break off from hanging washing for her advice. 
What to do if there is no money for soap? 
Borrowing a bucket, water and bleach, she shows them how to make a safe chlorine solution strong enough to kill the virus. 
Some can’t afford to buy face masks for running errands. Stay home, she orders; send out somebody who does own one. 
“Everlyne is good. She has brought us new information,” said resident Patrick Gitonga. “She has shown us new ways.” 
Health professionals and charity workers say governments need to value this workforce - to give them a living wage as well as the personal protective equipment needed to work safely. 
Omondi, who has been working as a community health volunteer for 10 years without pay and is responsible for 100 households in her neighbourhood, would welcome some recognition. 
“Having a salary or some stipend would be really useful,” said Omondi, whose five-strong family struggles to get by. 
“But you know, most of us are doing this work because we have something in (our) heart that tells us that we cannot let our neighbour suffer.” 
Reporting by Nita Bhalla @nitabhalla and Emeline Wuilbercq, Editing by Lyndsay Griffiths. Please credit the Thomson Reuters Foundation, the charitable arm of Thomson Reuters, that covers the lives of people around the world who struggle to live freely or fairly. Visit http://news.trust.org"
19,"{'id': 'reuters', 'name': 'Reuters'}",Sabrina Valle,Brazil's Vale signs deal with authorities on COVID-19 monitoring at Itabira mines - Reuters,"Brazilian miner Vale SA has signed an agreement on monitoring for possible coronavirus cases at its Itabira complex, a major iron ore production facility temporarily shuttered earlier this month out of health concerns, authorities said on Thursday.",https://www.reuters.com/article/vale-itabira-covid-idUSL1N2E22OY,https://s4.reutersmedia.net/resources_v2/images/rcom-default.png,2020-06-25T23:31:00Z,"RIO DE JANEIRO, June 25 (Reuters) - Brazilian miner Vale SA has signed an agreement on monitoring for possible coronavirus cases at its Itabira complex, a major iron ore production facility temporarily shuttered earlier this month out of health concerns, authorities said on Thursday. 
A number of sanitary measures including testing all workers every 21 days were agreed with labor prosecutors in Minas Gerais state and with a local court, the authorities said, adding that Vale now had 15 days to draw up the details of a virus mitigation plan. 
Prosecutors will use reports the company has agreed to produce regularly to decide on possible new actions at the complex, where changes in production levels can potentially affect iron ore prices internationally. 
The Itabira complex produced almost 36 million tonnes of iron ore in 2019, according to Vale, out of the company’s total production of roughly 302 million tonnes. 
Vale reopened the mines after a coronavirus-induced lockdown on June 17, without changes in its annual production guidance. But scrutiny over the mines remains, as the death toll in Minas Gerais grows. Brazil has the second-highest number of COVID-19 cases globally after the United States. 
Lawmakers were reported to be seeking to reverse the government’s declaration that mining is an “essential industry,” UBS analysts said in a note, citing a report by BNamericas. 
“We think the risk of a Minas Gerais lockdown and, in turn, the risk to Vale’s production guidance remains high,” Andreas Bokkenheuser said in a June 24 note to clients. (Reporting by Sabrina Valle; Editing by Tom Brown)"
