,source,author,title,description,url,urlToImage,publishedAt,content
0,"{'id': 'reuters', 'name': 'Reuters'}",Reuters Editorial,"Motor racing: Nearly 175,000 tickets sold for Indy 500, as U.S. battles COVID-19 surge - Reuters","Close to 175,000 tickets have been sold for the Indianapolis 500, which was moved from May 24 to Aug. 23 due to the novel coronavirus outbreak, the Indianapolis Motor Speedway (IMS) confirmed on Thursday.",https://www.reuters.com/article/us-health-coronavirus-motor-indy-idUSKBN23W3HX,https://s4.reutersmedia.net/resources_v2/images/rcom-default.png,2020-06-25T22:26:00Z,"(Reuters) - Close to 175,000 tickets have been sold for the Indianapolis 500, which was moved from May 24 to Aug. 23 due to the novel coronavirus outbreak, the Indianapolis Motor Speedway (IMS) confirmed on Thursday. 
“That number is in the correct ballpark,” IMS vice president of corporate communications Alex Damron told Reuters in an email. “Keep in mind, the vast majority of current sales represent Indy 500 ticket renewals, which occurred in the weeks following last year’s race. 
“Over the last few months, as the COVID-19 situation has developed, we have not been actively promoting our ticket sale campaign.” 
Billed as the world’s biggest single day sporting event routinely attracting estimated crowds of between 250,000 to 300,000, the sale of 175,000 tickets in a normal year would be considered worryingly low. However, in the midst of the COVID-19 outbreak the number could be frighteningly high. 
Of the sports that have reopened in the wake of the pandemic, most are taking place without spectators. 
The few that have allowed fans have limited the numbers and those under very strict health and safety protocols. 
If IMS allows all those who have purchased tickets into the Brickyard, it would represent the largest gathering anywhere in the U.S. since COVID-19 forced the shutdown of North American sports mid-March. 
Regions across the United States are experiencing a surge in COVID-19 infections and hospitalizations. 
More than 36,000 new U.S. cases were recorded on Wednesday, a few hundred shy of the record 36,426 on April 24. 
Reporting by Steve Keating in Toronto. Editing by Christian Radnedge"
1,"{'id': 'reuters', 'name': 'Reuters'}",Gary McWilliams,"Texas mayor orders curfew amid COVID-19 spread, Florida cases hit record high - Reuters India","A small city on the outskirts of Houston, Texas has instituted a curfew starting Saturday night due to surging cases of the novel coronavirus, the latest move by officials in some southern and western states to backtrack on their reopening plans.",https://in.reuters.com/article/health-coronavirus-usa-idINKBN23Y0MX,https://s3.reutersmedia.net/resources/r/?m=02&d=20200627&t=2&i=1523838899&w=1200&r=LYNXMPEG5Q0EO,2020-06-27T14:56:00Z,"HOUSTON (Reuters) - A small city on the outskirts of Houston, Texas has instituted a curfew starting Saturday night due to surging cases of the novel coronavirus, the latest move by officials in some southern and western states to backtrack on their reopening plans. 
The mayor of Galena Park, a community of 10,000 people east of Houston, said she was heeding a warning from Harris County Judge Lina Hidalgo, who on Friday raised the public threat level to its most severe, a sign people should shelter at home. 
“It is crucial to continue to practice good hygiene, stay home as much as possible, avoid unnecessary trips, gatherings, and wear a face-covering at all times when you leave your home,” Mayor Esmeralda Moya said in a statement late on Friday. 
Galena Park’s curfew will run from 10 p.m. to 5 a.m. daily. 
The United States recorded more than 45,000 new cases of COVID-19 on Friday, the largest single-day increase of the pandemic, according to a Reuters tally, bringing the total number of Americans who have tested positive to at least 2.48 million. COVID-19 is the illness caused by the coronavirus. 
The new record for positive COVID-19 tests came as Texas and other states at the center of a new surge in infections took steps back from efforts to ease restrictions on businesses, threatening a hoped-for economic recovery and jobs. 
In a reversal of his early moves to relax restrictions, Texas Governor Greg Abbott on Friday ordered bars across the state to close and required restaurants to limit indoor seating capacity to 50%. Florida, another state that reopened its economy relatively quickly, told bar owners in the state to immediately stop serving alcohol on their premises. 
Florida issued its new rules after recording 8,942 new cases on Friday, eclipsing the state’s one-day record of 5,511 reached on June 24. 
Reporting by Gary McWilliams in Houston, Nathan Layne in Wilton, Connecticut and Sinead Carew in Maplewood, New Jersey; Editing by Daniel Wallis"
2,"{'id': 'reuters', 'name': 'Reuters'}",Gary McWilliams,"Texas mayor orders curfew, as states hard-hit by COVID-19 backtrack on reopening - Reuters","A small city on the outskirts of Houston, Texas has instituted a curfew starting Saturday night due to surging cases of the novel coronavirus, the latest move by officials in some southern and western states to backtrack on their reopening plans.",https://www.reuters.com/article/us-health-coronavirus-usa-idUSKBN23Y0MR,https://s3.reutersmedia.net/resources/r/?m=02&d=20200627&t=2&i=1523838614&w=1200&r=LYNXMPEG5Q0EL,2020-06-27T15:05:21Z,"HOUSTON (Reuters) - A small city on the outskirts of Houston, Texas has instituted a curfew starting Saturday night due to surging cases of the novel coronavirus, the latest move by officials in some southern and western states to backtrack on their reopening plans. 
The mayor of Galena Park, a community of 10,000 people east of Houston, said she was heeding a warning from Harris County Judge Lina Hidalgo, who on Friday raised the public threat level to its most severe, a sign people should shelter at home. 
“It is crucial to continue to practice good hygiene, stay home as much as possible, avoid unnecessary trips, gatherings, and wear a face-covering at all times when you leave your home,” Mayor Esmeralda Moya said in a statement late on Friday. 
Galena Park’s curfew will run from 10 p.m. to 5 a.m. daily. 
The United States recorded more than 45,000 new cases of COVID-19 on Friday, the largest single-day increase of the pandemic, according to a Reuters tally, bringing the total number of Americans who have tested positive to at least 2.48 million. COVID-19 is the illness caused by the coronavirus. 
The new record for positive COVID-19 tests came as Texas and other states at the center of a new surge in infections took steps back from efforts to ease restrictions on businesses, threatening a hoped-for economic recovery and jobs. 
In a reversal of his early moves to relax restrictions, Texas Governor Greg Abbott on Friday ordered bars across the state to close and required restaurants to limit indoor seating capacity to 50%. Florida, another state that reopened its economy relatively quickly, told bar owners in the state to immediately stop serving alcohol on their premises. 
Florida issued its new rules after recording 8,942 new cases on Friday, eclipsing the state’s one-day record of 5,511 reached on June 24. 
Reporting by Gary McWilliams in Houston, Nathan Layne in Wilton, Connecticut and Sinead Carew in Maplewood, New Jersey; Editing by Daniel Wallis"
3,"{'id': 'reuters', 'name': 'Reuters'}",Reuters Editorial,"UK death toll from confirmed COVID-19 cases up 100 to 43,514 - Reuters India","Britain's death toll from confirmed cases of the new coronavirus has risen to 43,514, an increase of 100 from a day earlier, government figures showed on Saturday.",https://in.reuters.com/article/health-coronavirus-britain-toll-idINKBN23Y0N1,https://s3.reutersmedia.net/resources/r/?m=02&d=20200627&t=2&i=1523839059&w=1200&r=LYNXMPEG5Q0EQ,2020-06-27T15:01:00Z,"LONDON (Reuters) - Britain’s death toll from confirmed cases of the new coronavirus has risen to 43,514, an increase of 100 from a day earlier, government figures showed on Saturday. 
Reporting by Estelle Shirbon; Editing by Alex Richardson"
4,"{'id': 'reuters', 'name': 'Reuters'}",Reuters Editorial,"Significant spread of COVID-19 in Orlando could halt NBA season, commissioner Silver says - Reuters","The NBA season could again be put on hold if there is a ""significant spread"" of COVID-19 among its players in Orlando, where the league is set to resume play on July 30 with no fans in attendance, commissioner Adam Silver said on Friday.",https://www.reuters.com/article/us-health-coronavirus-basketball-nba-idUSKBN23X2UL,https://s4.reutersmedia.net/resources/r/?m=02&d=20200626&t=2&i=1523794858&w=1200&r=LYNXMPEG5P1V8,2020-06-26T21:42:00Z,"(Reuters) - The NBA season could again be put on hold if there is a “significant spread” of COVID-19 among its players in Orlando, where the league is set to resume play on July 30 with no fans in attendance, commissioner Adam Silver said on Friday. 
The NBA was the first major North American league to suspend its season in mid-March after a player tested positive for the novel coronavirus. It recently agreed a plan with its players to restart with 22 teams at Disney World in Florida. 
But if the number of cases inside the NBA’s so-called “bubble” rises, “that may lead us to stopping” play, Silver told ESPN. 
Silver said the record number of cases in Florida recently has raised the level of concern but added that the use of the campus - where players will live, practise and play - is designed to limit risk of exposure to the surrounding community. 
Silver’s remarks came on the same day the NBA reported that 16 out of 302 players tested for COVID-19 on June 23 had tested positive. The league did not disclose the identities of the players. 
Players are scheduled to begin traveling to Orlando on July 7 with tip-off set for July 30. 
Reporting by Rory Carroll in Los Angeles, editing by Ed Osmond"
5,"{'id': 'reuters', 'name': 'Reuters'}",Reuters Editorial,NBA: Significant spread of COVID-19 in Orlando could halt play - Silver - Reuters India,"The NBA season could again be put on hold if there is a ""significant spread"" of COVID-19 among its players in Orlando, where the league is set to resume play on July 30 with no fans in attendance, commissioner Adam Silver said on Friday.",https://in.reuters.com/article/health-coronavirus-basketball-nba-idINKBN23Y06B,https://s3.reutersmedia.net/resources/r/?m=02&d=20200627&t=2&i=1523815373&w=1200&r=LYNXMPEG5Q047,2020-06-27T04:00:00Z,"(Reuters) - The NBA season could again be put on hold if there is a “significant spread” of COVID-19 among its players in Orlando, where the league is set to resume play on July 30 with no fans in attendance, commissioner Adam Silver said on Friday. 
The NBA was the first major North American league to suspend its season in mid-March after a player tested positive for the novel coronavirus. It recently agreed a plan with its players to restart with 22 teams at Disney World in Florida. 
But if the number of cases inside the NBA’s so-called “bubble” rises, “that may lead us to stopping” play, Silver told ESPN. 
Silver said the record number of cases in Florida recently has raised the level of concern but added that the use of the campus - where players will live, practise and play - is designed to limit risk of exposure to the surrounding community. 
Silver’s remarks came on the same day the NBA reported that 16 out of 302 players tested for COVID-19 on June 23 had tested positive. The league did not disclose the identities of the players. 
Players are scheduled to begin traveling to Orlando on July 7 with tip-off set for July 30. 
Reporting by Rory Carroll in Los Angeles, editing by Ed Osmond"
6,"{'id': 'reuters', 'name': 'Reuters'}",Reuters Editorial,Zurich quarantines nearly 300 nightclub revellers after six people contract COVID-19 - Reuters India,Zurich's health authority said on Saturday it had ordered a 10-day quarantine for almost 300 guests and staff of a nightclub after a reveller tested positive for the coronavirus and had been proven to have infected others during his outing.,https://in.reuters.com/article/health-coronavirus-swiss-idINKBN23Z05S,https://s4.reutersmedia.net/resources_v2/images/rcom-default.png,2020-06-28T06:12:00Z,"VIENNA (Reuters) - Zurich’s health authority said on Saturday it had ordered a 10-day quarantine for almost 300 guests and staff of a nightclub after a reveller tested positive for the coronavirus and had been proven to have infected others during his outing. 
The man was at the Flamingo Club on June 21 and tested positive for COVID-19 on June 25, the statement said. Five other people who were at the club with him have also tested positive since, it said. 
As other European countries who have eased restrictions, Switzerland has seen a rise in new coronavirus infections. 
This week, the number of new infections has increased daily from 18 on Monday to 69 on Saturday, according to the Health Ministry. 
Swiss nightclubs were allowed to reopen this month, but they are obliged to register their guests. 
“In case of further super spreader events, the closure of clubs must be considered,” the Zurich health authority said. 
Switzerland has recorded 31,555 coronavirus infections with 1,682 deaths so far, the ministry said. 
The nightclub was not immediately available for comment. 
Reporting by Kirsti Knolle; Editing by Alison Williams"
7,"{'id': 'reuters', 'name': 'Reuters'}",Lisa Shumaker,Crowds pack Arizona river as U.S. posts record COVID cases for three days running - Reuters,Hot and sunny weather in Arizona led to crowds tubing on at least one river this weekend as that state and a dozen others face the worst surge in coronavirus cases since the pandemic started.,https://www.reuters.com/article/health-coronavirus-usa-idUSL2N2E504X,https://s4.reutersmedia.net/resources_v2/images/rcom-default.png,2020-06-28T15:57:00Z,"(Adds record new cases in Arizona, Pence comments) 
By Lisa Shumaker 
June 28 (Reuters) - Hot and sunny weather in Arizona led to crowds tubing on at least one river this weekend as that state and a dozen others face the worst surge in coronavirus cases since the pandemic started. 
Temperatures were expected to rise to over 100 Fahrenheit (38 Celsius) on Sunday along the Salt River east of Phoenix. On Saturday, dozens of people climbed into inflatable inner tubes with coolers and took to the water to escape the heat. Very few wore masks. 
Texas shuttered tubing and rafting business on Friday and some beaches in Florida are closing again ahead of next weekend’s Fourth of July holiday to try to curb the rising outbreak in those states. 
The surge in COVID-19 cases has been most pronounced in a handful of Southern and Western states that reopened earlier and more aggressively, despite warnings by health officials to wait to see a steady decline in cases. 
For a third consecutive day on Saturday, the number of confirmed U.S. cases rose by more than 40,000, one of the largest surges in the world. In Arizona, cases have risen by 267% so far in June and jumped by a record 3,857 cases on Sunday, the eighth record-breaking increase this month. 
Even in states where cases have been declining for weeks, outbreaks are happening. One bar in East Lansing, Michigan has been linked to more than 76 cases, according to the Ingham County Health Department. That number is likely to rise, officials cautioned. 
Just a day after he sounded a note of optimism about the U.S. response to the pandemic and said the country was in “a much better place,” Vice President Mike Pence canceled events to campaign for Republican President Donald Trump’s re-election in Florida and Arizona due to the outbreak, campaign officials said on Saturday. 
In an interview with CBS, Pence said he was confident that there were enough health care supplies and capacity to deal with the spike in cases. 
He also defended Trump’s refusal to directly ask Americans to wear masks or to wear one in public himself, even as Texas Governor Greg Abbott and others say the widespread use of masks will be critical to be able to reopen the economy. 
“We believe people should wear masks wherever social distancing is not possible, wherever it’s indicated by either state or local authorities,” Pence told CBS. 
U.S. House Speaker Nancy Pelosi, a Democrat, has criticized the administration’s response to the pandemic that has killed more than 125,000 Americans. She told ABC News on Sunday that mandating the use of masks across the country was long overdue. 
Global coronavirus cases exceeded 10 million on Sunday according to a Reuters tally, marking a major milestone in the spread of the respiratory disease that has so far killed almost half a million people in seven months. 
Reporting by Susan Heavey in Washington; Writing by Lisa
Shumakmer; Editing by Daniel Wallis"
8,"{'id': 'reuters', 'name': 'Reuters'}",Reuters Editorial,UK considers locking down Leicester after COVID-19 spike - Sunday Times - Reuters,"The British government is considering imposing a lockdown in the city of Leicester after a surge of coronavirus cases there, the Sunday Times newspaper reported, citing senior government sources.",https://www.reuters.com/article/health-coronavirus-britain-leicester-idUSFWN2E405M,https://s4.reutersmedia.net/resources_v2/images/rcom-default.png,2020-06-28T02:44:00Z,"June 28 (Reuters) - The British government is considering imposing a lockdown in the city of Leicester after a surge of coronavirus cases there, the Sunday Times newspaper reported, citing senior government sources. 
Health Secretary Matt Hancock is examining a legislation required for the shutdown after it was disclosed that Leicester, a city of around 350,000 people in the East Midlands, has had over 650 COVID-19 cases in the fortnight to June 16, the newspaper reported. 
Hancock is considering ""all options"", including imposing a localised lockdown, according to the report bit.ly/2YFXV1C.
Reporting by Kanishka Singh in Bengaluru; Editing by Simon
Cameron-Moore"
9,"{'id': 'reuters', 'name': 'Reuters'}",Reuters Editorial,"UK death toll from confirmed COVID-19 cases up 36 to 43,550 - Reuters India","Britain's death toll from confirmed cases of the new coronavirus has risen to 43,550, an increase of 36 from a day earlier, government figures showed on Sunday.",https://in.reuters.com/article/health-coronavirus-britain-toll-idINKBN23Z0I3,https://s4.reutersmedia.net/resources/r/?m=02&d=20200628&t=2&i=1523892592&w=1200&r=LYNXMPEG5R0CS,2020-06-28T14:18:00Z,"LONDON (Reuters) - Britain’s death toll from confirmed cases of the new coronavirus has risen to 43,550, an increase of 36 from a day earlier, government figures showed on Sunday. 
Reporting by Elizabeth Piper; Editing by Alex Richardson"
10,"{'id': 'reuters', 'name': 'Reuters'}",Reuters Editorial,Insurer NN Group sees 100 mln euros hit from COVID-19 on annual profit - Reuters,"Dutch insurer NN Group said on Wednesday it expects an impact of about 100 million euros ($113.14 million) on its operating profit due to the fallout from the COVID-19 outbreak, but solvency remains strong at 227% as of May-end.",https://www.reuters.com/article/nn-group-outlook-idUSL8N2E10KU,https://s4.reutersmedia.net/resources_v2/images/rcom-default.png,2020-06-24T05:29:00Z,"AMSTERDAM, June 24 (Reuters) - Dutch insurer NN Group said on Wednesday it expects an impact of about 100 million euros ($113.14 million) on its operating profit due to the fallout from the COVID-19 outbreak, but solvency remains strong at 227% as of May-end. 
In an update ahead of an investor day, Chief Executive Officer David Knibbe said the company is targeting cash generation of 1.5 billion euros in 2023. 
Earlier this month, activist shareholder Elliott Advisors, which holds a 3% stake in NN Group, had proposed a series of actions the insurer should take to raise its share price, including “operational improvements, reinsurance transactions and outright business sales”. 
NN Group, which reports earnings twice every year, had posted a core profit of 1.8 billion euros in 2019. 
$1 = 0.8839 euros
Reporting by Toby Sterling, Editing by Sherry Jacob-Phillips"
11,"{'id': 'reuters', 'name': 'Reuters'}",Hannah McKay,Back home: the premature baby born during UK's COVID crisis - Reuters,"At the peak of Britain's coronavirus outbreak in April when hundreds were dying each day from COVID-19, Kirsty Anderson was rushed to hospital to give birth to her baby son who had not been due to arrive for another three months.",https://www.reuters.com/article/us-health-coronavirus-britain-baby-idUSKBN23V12X,https://s4.reutersmedia.net/resources/r/?m=02&d=20200624&t=2&i=1523302823&w=1200&r=LYNXMPEG5N0SW,2020-06-24T08:02:00Z,"BURNLEY, England (Reuters) - At the peak of Britain’s coronavirus outbreak in April when hundreds were dying each day from COVID-19, Kirsty Anderson was rushed to hospital to give birth to her baby son who had not been due to arrive for another three months. 
Just two hours after she went into labour, baby Theo was born weighing just 2lb 4oz (1 kg) at the intensive care unit at Burnley General Hospital’s maternity wing in northern England. 
Father Leon Stubbs, 35, was only allowed to see Kirsty 20 minutes beforehand and after Theo’s birth, they had just an hour together before he had to go home. 
In the weeks following the stressful events in the early hours of April 20, the parents then had to take turns to visit their son as he grew stronger in an incubator. 
It was during this time that a Reuters photographer took a picture of tiny Theo with his limbs outstretched being handed to his mother by a nurse wearing gloves and mask, an image that featured prominently in British newspapers and on online news sites globally. 
It was an absolutely horrendous time, Kirsty, 33, recalled, and due to COVID-19 the family could not see him together. 
But this week, Theo - now weighing in at 6lb 4oz - was finally allowed to go home to meet his older brother, 16-month-old Arlo, for the first time in person. 
“He’s fabulous, he’s done so well,” Kirsty told Reuters as she was leaving the hospital with Theo and Leon. “Amazing, absolutely amazing - I just can’t wait for his brother to see him.” 
As staff who had looked after Theo waved them farewell, a tearful Kirsty paid tribute to what they had done for her. 
“I can’t thank them enough,” she said. “They’re here to sort the babies out but they get you through it as well. I honestly don’t have enough words to thank them, they’re amazing.” 
Writing by Michael Holden; Editing by Alexandra Hudson"
12,"{'id': 'reuters', 'name': 'Reuters'}",Chris Taylor,How to control college costs in the age of COVID-19 - Reuters,"Tina Smets had long thought about getting a college degree, but that seemed impossible.",https://uk.reuters.com/article/us-usa-money-collegecosts-idUKKBN23U1HU,https://s4.reutersmedia.net/resources/r/?m=02&d=20200623&t=2&i=1523180772&w=1200&r=LYNXMPEG5M0UZ,2020-06-23T10:36:00Z,"NEW YORK (Reuters) - Tina Smets had long thought about getting a college degree, but that seemed impossible. 
As a mom of three kids, waitressing nights at a local restaurant in Kearney, Nebraska, the 31-year-old did not want to saddle her young family with tons of student debt. 
But then she heard about “Nebraska Promise,” a new University of Nebraska program that covers tuition for families below a certain income level. 
“I don’t think I would have considered it otherwise,” Smets said of her planned business administration degree. “I actually didn’t believe it at first.” 
Stories like Tina Smets are becoming more common in this strange coronavirus era. Facing the prospect of declining enrollment, many colleges are becoming more creative in order to attract and keep potential students. 
“Every senior leadership team is on their whiteboard right now, thinking about eight or nine or 10 different options to help more students be able to enroll,” said Jim Hundrieser, vice president for consulting services at the National Association of College and University Business Officers. 
The University of Nebraska program covers tuition for families earning less than $60,000 a year. The University of Maine is offering in-state pricing for out-of-state students whose colleges have had to shut down. 
Some schools have frozen their tuition rates, including the University of Minnesota, Colorado State and the University of Colorado. Some colleges offer discounts for students hurt by the economic crisis, such as the 30% tuition discount offered by Georgia’s Thomas University for online undergraduate programs. 
The measures are aimed at stemming a fall enrollment decline of up to 20%, according to a survey by consulting firm Simpson Scarborough. More students are considering a gap year, and the number of international students could drop through the floor. 
“Families don’t want to pay tens of thousands of dollars a year just to have their kids stay home all day,” said Mark Kantrowitz, publisher and vice president of research for Savingforcollege.com. 
As a result, many colleges are proving more flexible on admissions and pricing, welcome news for incoming students. Tuition and fees have rocketed more than 25% in the last decade, according to The College Board, leading to a whopping $1.6 trillion in student debt. 
“COLLEGES NEED STUDENTS” 
There are other potential silver linings. For those whose dream college might be just a bit beyond reach, this could be their lucky year. “This is going to be the best year to be admitted off the waiting list,” Kantrowitz said. “Colleges need students, and it will be easier to get in.” 
Currently, 776 colleges report having space available for the upcoming academic year, according to the College Openings Update from the National Association for College Admission Counseling. Last year? Only 422, said Kantrowitz. 
Financial aid will also be affected by the crisis. Original offers for the upcoming academic year as calculated using the Free Application for Federal Student Aid (FAFSA)are based on financial data from 2018. 
So if your family’s financial circumstances have changed, you can appeal the award in a bid to secure more aid. 
With some colleges behind the eight-ball because of squeezed budgets, most students can take their time in order to make the right call financially. 
“Out of 4,000 institutions across the country, maybe 400 or 500 require that you make your decision by a certain date,” Hundrieser said. “But the other 3,500 are very understanding with what families are facing and want to help as you consider all your choices.” 
Hundrieser suggests that with many families wary about residential options because of the coronavirus, this might be the perfect year to opt for a low-cost community college close to home. Students could potentially transfer to their dream college later on having racked up credits in the meantime. 
Editing by Lauren Young and Leslie Adler"
13,"{'id': 'reuters', 'name': 'Reuters'}",Reuters Editorial,Australia reports first COVID-19 death in more than a month - Reuters India,"Australia's second most populous state on Wednesday said a man in his 80s died overnight from the coronavirus, the country's first death from the virus in more than a month, as the state logged a double digit rise in cases for the eighth straight day.",https://in.reuters.com/article/health-coronavirus-australia-idINKBN23V0BH,https://s4.reutersmedia.net/resources/r/?m=02&d=20200624&t=2&i=1523280093&w=1200&r=LYNXMPEG5N08W,2020-06-24T03:03:00Z,"SYDNEY (Reuters) - Australia’s second most populous state on Wednesday said a man in his 80s died overnight from the coronavirus, the country’s first death from the virus in more than a month, as the state logged a double digit rise in cases for the eighth straight day. 
Victoria state reported 20 overnight cases, Victoria Chief Health Officer Brett Sutton told reporters in Melbourne, taking the state tally to nearly 1,900 after recording 17 on Tuesday and 16 the day before. 
The upswing in new cases in Victoria has sparked fears of a second wave, with 241 cases in the state so far identified as community transmission, an increase of eight from Tuesday. 
Authorities in Victoria, which has become the virus hotspot in Australia, have been trying to contain the spread of the virus in half a dozen suburbs in the largest city of Melbourne hit by a spike in cases. 
The state on the weekend extended its state of emergency for another month and reimposed restrictions on gatherings to stem a spike in coronavirus infections after seeing a sharp rise in daily infections. 
Despite the spike in cases in Victoria, the neighbouring state of New South Wales (NSW) said it would not introduce a hard border closure between the states. 
NSW Premier Gladys Berejiklian, however, urged people in the state to avoid travelling to its southern neighbour. 
After enforcing restrictions early in the coronavirus outbreak compared to most other countries, Australia began to ease its lockdown last month to revive its economy after a significant slowdown in infection rates. 
Australia has so far escaped a high number of casualties from the new coronavirus, with just over 7,500 infections and 103 deaths, aided by strict lockdown measures and social distancing rules. 
Reporting by Renju Jose; Editing by Michael Perry"
14,"{'id': 'reuters', 'name': 'Reuters'}",Ricardo Brito,Brazil judge orders Bolsonaro to wear a mask due to COVID-19 - Reuters India,A Brazilian judge ordered President Jair Bolsonaro to wear a mask in public after the right-wing populist attended political rallies without one in the middle of the world's second-worst coronavirus outbreak.,https://in.reuters.com/article/health-coronavirus-brazil-idINKBN23V0DR,https://s3.reutersmedia.net/resources/r/?m=02&d=20200624&t=2&i=1523282618&w=1200&r=LYNXMPEG5N0AK,2020-06-24T03:43:00Z,"BRASILIA/SAO PAULO (Reuters) - A Brazilian judge ordered President Jair Bolsonaro to wear a mask in public after the right-wing populist attended political rallies without one in the middle of the world’s second-worst coronavirus outbreak. 
Federal Judge Renato Borelli ruled in a decision made public on Tuesday that Bolsonaro was subject to a fine of 2,000 reais ($387) a day if he continued to disobey a local ordinance in the federal district meant to slow the pandemic. 
Brazil’s solicitor general, which argues the government’s legal interests, said in a statement that it was studying ways to reverse the decision. 
Brazil has more confirmed coronavirus cases and deaths than anywhere outside the United States. 
On Tuesday, Brazil registered an additional 1,374 deaths from the virus and 39,436 new cases in the past 24 hours, according to the Health Ministry. The novel coronavirus has killed more than 52,000 people in Brazil and infected more than 1.1 million. 
That has made the country a prime location for vaccine trials, which began over the weekend for a candidate developed by Oxford University. Brazil’s interim health minister said on Tuesday that the government would likely sign a deal this week to produce the university’s trial vaccine locally. 
On other fronts, Bolsonaro has openly defied the consensus among public health experts for slowing the outbreak. 
The president has criticized lockdown and social-distancing orders issued by governors and mayors, saying their economic damage is worse than the disease. Echoing U.S. President Donald Trump, Bolsonaro has also pushed unproven anti-malarial drugs to treat the novel coronavirus. 
But his most visible defiance has been going mask-less at a string of demonstrations in Brasilia, holding babies for photos and shaking hands with supporters. 
Other officials have run afoul of the local mask rule. The country’s former education minister, who resigned last week, was fined 2,000 reais for not wearing a mask on the capital’s central boulevard earlier this month. 
Reporting by Ricardo Brito and Eduardo Simoes; Additional reporting by Pedro Fonseca; Writing by Carolina Mandl and Jake Spring; Editing by Brad Haynes and Peter Cooney"
15,"{'id': 'reuters', 'name': 'Reuters'}",Sharon Bernstein,California hospital admitting only COVID-19 patients as outbreak ravages state's breadbasket - Reuters India,"The COVID-19 spike in California's agricultural breadbasket is so steep that a hospital in Lodi is not accepting some patients who have other illnesses, as infections mount at nearly four times the rate called for in state guidelines for reopening the economy.",https://in.reuters.com/article/health-coronavirus-usa-california-idINKBN23V0FQ,https://s3.reutersmedia.net/resources/r/?m=02&d=20200624&t=2&i=1523283909&w=1200&r=LYNXMPEG5N0C6,2020-06-24T04:03:00Z,"SACRAMENTO, Calif. (Reuters) - The COVID-19 spike in California’s agricultural breadbasket is so steep that a hospital in Lodi is not accepting some patients who have other illnesses, as infections mount at nearly four times the rate called for in state guidelines for reopening the economy. 
The rapid rise of hospitalizations in San Joaquin County comes as infections from the novel coronavirus continue to soar in California, which on Monday reported a record increase of over 6,000 new cases, according to a Reuters tally. 
Throughout the United States, the virus is moving into rural areas and other places that it had not initially penetrated deeply and renewing its surge in states including Arizona and Texas where restrictions meant to slow its spread were lifted early. 
The rapid rise in San Joaquin County is mostly due to people socializing and visiting restaurants together, said Supervising Public Health Educator Daniel Kim. There are 91 people hospitalized with COVID-19, state records show, up from eight on May 21. Total cases have jumped by 903 in the past two weeks, to 2,400, county records show. 
One hospital, Adventist Health Lodi Memorial, has begun diverting patients to other facilities, Kim said. 
Hospital spokeswoman Lauren Nelson said the emergency room remains open, but non-coronavirus patients who require admission are being moved to other facilities. On Saturday, the hospital said fewer than 30 staff members had tested positive for the virus. 
With Republicans led by President Donald Trump eschewing the use of masks, the county is one of many areas across the United States where it has been difficult to persuade some residents to cover their faces. 
Last week, California Governor Gavin Newsom imposed a statewide mask requirement, acting in part because local officials, including those in San Joaquin County and its most populous city, Stockton, declined to do so. The county is one of 11 that might be required to roll back reopening plans amid surges in infections or hospitalizations. 
Reporting by Sharon Bernstein; Editing by Lisa Shumaker"
16,"{'id': 'reuters', 'name': 'Reuters'}",Promit Mukherjee,South Africa's Aspen could supply 10 million dexamethasone pills in COVID-19 crisis - Reuters India,"South African pharmaceutical major Aspen could provide 10 million dexamethasone tablets within a month, Chief Executive Stephen Saad said on Tuesday after the World Health Organisation cautioned about the drug's supply.",https://in.reuters.com/article/health-coronavirus-safrica-aspen-idINKBN23V0GB,https://s2.reutersmedia.net/resources/r/?m=02&d=20200624&t=2&i=1523284256&w=1200&r=LYNXMPEG5N0CI,2020-06-24T04:08:00Z,"JOHANNESBURG (Reuters) - South African pharmaceutical major Aspen (APNJ.J) could provide 10 million dexamethasone tablets within a month, Chief Executive Stephen Saad said on Tuesday after the World Health Organisation cautioned about the drug’s supply. 
Results from a study showed the steroidal drug reduced death rates by about a third in severely ill, hospitalised COVID-19 patients, University of Oxford scientists said last week, calling it a major breakthrough. 
The results drew scepticism and optimism alike and put the focus on the availability of dexamethasone. It is at the moment mainly used to fight inflammation in other diseases. 
“We would look to ramp up further should there be a need for additional product,” Aspen CEO Saad said, without indicating current production volumes. 
As South Africa’s biggest supplier of drugs, with a 22% market share in sub-Saharan Africa, Aspen makes both the injectable and tablet forms of dexamethasone. 
The South African government asked Aspen to source the drug for overall usage in the domestic market and the African continent to help guard against the risk of scarcity if it is approved for COVID-19 treatments. 
South Africa’s health ministry last week said the government had a stock of 300,000 ampoules of dexamethasone. 
Aspen had asked the government to indicate required volumes across the continent, Saad said. “Once they give us a sense, we can work out the supply,” he added, while saying that Aspen had received orders from WHO, UNICEF and other agencies as well. 
UK’s Hikma Pharmaceuticals (HIK.L), with a major supply base in the United States, also said that it has seen demand for dexamethasone increase “substantially.” 
“We currently have sufficient ingredients on hand and manufacturing capacity to supply the U.S. market with dexamethasone for at least the near future,” a spokeswoman said. 
But future supply will depend on the amount of demand, availability of raw materials and the need for other essential medicines supplied by Hikma, she added, declining to give further details on production. 
WHO issued a guidance last week saying dexamethasone should be reserved for use in severely ill and critical patients. 
“A prospective meta-analysis is underway, including results of other (smaller) trials. The results will be the basis of any updates to WHO guidance,” spokesman Hedinn Halldorsson said. 
Reporting by Promit Mukherjee in Johannesburg, Pushkala Aripaka in Bengaluru and Stephanie Ulmer-Nebehay in Geneva; Editing by Jason Neely, David Goodman and Mark Heinrich"
17,"{'id': 'reuters', 'name': 'Reuters'}",Ricardo Brito,Brazil judge orders Bolsonaro to wear a mask due to COVID-19 - Reuters India,A Brazilian judge ordered President Jair Bolsonaro to wear a mask in public after the right-wing populist attended political rallies without one in the middle of the world's second-worst coronavirus outbreak.,https://in.reuters.com/article/us-health-coronavirus-brazil-idINKBN23U22Q,https://s2.reutersmedia.net/resources/r/?m=02&d=20200623&t=2&i=1523261206&w=1200&r=LYNXMPEG5M21H,2020-06-23T22:59:00Z,"BRASILIA/SAO PAULO (Reuters) - A Brazilian judge ordered President Jair Bolsonaro to wear a mask in public after the right-wing populist attended political rallies without one in the middle of the world’s second-worst coronavirus outbreak. 
Federal Judge Renato Borelli ruled in a decision made public on Tuesday that Bolsonaro was subject to a fine of 2,000 reais ($387) a day if he continued to disobey a local ordinance in the federal district meant to slow the pandemic. 
Brazil’s solicitor general, which argues the government’s legal interests, said in a statement that it was studying ways to reverse the decision. 
Brazil has more confirmed coronavirus cases and deaths than anywhere outside the United States. 
On Tuesday, Brazil registered an additional 1,374 deaths from the virus and 39,436 new cases in the past 24 hours, according to the Health Ministry. The novel coronavirus has killed more than 52,000 people in Brazil and infected more than 1.1 million. 
That has made the country a prime location for vaccine trials, which began over the weekend for a candidate developed by Oxford University. Brazil’s interim health minister said on Tuesday that the government would likely sign a deal this week to produce the university’s trial vaccine locally. 
On other fronts, Bolsonaro has openly defied the consensus among public health experts for slowing the outbreak. 
The president has criticized lockdown and social-distancing orders issued by governors and mayors, saying their economic damage is worse than the disease. Echoing U.S. President Donald Trump, Bolsonaro has also pushed unproven anti-malarial drugs to treat the novel coronavirus. 
But his most visible defiance has been going mask-less at a string of demonstrations in Brasilia, holding babies for photos and shaking hands with supporters. 
Other officials have run afoul of the local mask rule. The country’s former education minister, who resigned last week, was fined 2,000 reais for not wearing a mask on the capital’s central boulevard earlier this month. 
Reporting by Ricardo Brito and Eduardo Simoes; Additional reporting by Pedro Fonseca; Writing by Carolina Mandl and Jake Spring; Editing by Brad Haynes and Peter Cooney"
18,"{'id': 'reuters', 'name': 'Reuters'}",Sharon Bernstein,California hospital admitting only COVID-19 patients as outbreak ravages state's breadbasket - Reuters,"The COVID-19 spike in California's agricultural breadbasket is so steep that a hospital in Lodi is not accepting some patients who have other illnesses, as infections mount at nearly four times the rate called for in state guidelines for reopening the economy.",https://www.reuters.com/article/us-health-coronavirus-usa-california-idUSKBN23U38W,https://s2.reutersmedia.net/resources/r/?m=02&d=20200623&t=2&i=1523249446&w=1200&r=LYNXMPEG5M1YE,2020-06-23T20:54:00Z,"SACRAMENTO, Calif. (Reuters) - The COVID-19 spike in California’s agricultural breadbasket is so steep that a hospital in Lodi is not accepting some patients who have other illnesses, as infections mount at nearly four times the rate called for in state guidelines for reopening the economy. 
The rapid rise of hospitalizations in San Joaquin County comes as infections from the novel coronavirus continue to soar in California, which on Monday reported a record increase of over 6,000 new cases, according to a Reuters tally. 
Throughout the United States, the virus is moving into rural areas and other places that it had not initially penetrated deeply and renewing its surge in states including Arizona and Texas where restrictions meant to slow its spread were lifted early. 
The rapid rise in San Joaquin County is mostly due to people socializing and visiting restaurants together, said Supervising Public Health Educator Daniel Kim. There are 91 people hospitalized with COVID-19, state records show, up from eight on May 21. Total cases have jumped by 903 in the past two weeks, to 2,400, county records show. 
One hospital, Adventist Health Lodi Memorial, has begun diverting patients to other facilities, Kim said. 
Hospital spokeswoman Lauren Nelson said the emergency room remains open, but non-coronavirus patients who require admission are being moved to other facilities. On Saturday, the hospital said fewer than 30 staff members had tested positive for the virus. 
With Republicans led by President Donald Trump eschewing the use of masks, the county is one of many areas across the United States where it has been difficult to persuade some residents to cover their faces. 
Last week, California Governor Gavin Newsom imposed a statewide mask requirement, acting in part because local officials, including those in San Joaquin County and its most populous city, Stockton, declined to do so. The county is one of 11 that might be required to roll back reopening plans amid surges in infections or hospitalizations. 
Reporting by Sharon Bernstein; Editing by Lisa Shumaker"
19,"{'id': 'reuters', 'name': 'Reuters'}",Ana Mano,More Brazil southern meat plants have workers sick with COVID-19: prosecutors - Reuters,"The number of meatpacking plants with confirmed cases of the novel coronavirus in Brazil's southernmost state has risen to 32, labor prosecutors said in a statement on Tuesday.",https://www.reuters.com/article/us-health-coronavirus-brazil-meatpackers-idUSKBN23U382,https://s4.reutersmedia.net/resources_v2/images/rcom-default.png,2020-06-23T20:34:00Z,"SAO PAULO (Reuters) - The number of meatpacking plants with confirmed cases of the novel coronavirus in Brazil’s southernmost state has risen to 32, labor prosecutors said in a statement on Tuesday. 
The affected slaughterhouses are located in 23 municipalities of Rio Grande do Sul state, Brazil’s third largest chicken exporter and producer. 
To date, some 4,957 meat plant workers have tested positive for the novel coronavirus, for 25.14% of the state’s total 19,710 cases, the labor prosecutors said. That proportion was as high as 35% at one point, as Brazil became the world’s No. 2 hotspot for the COVID-19 pandemic, behind only the United States. 
There are more than 1.1 million people infected and 51,000 deaths from COVID-19 in Brazil. 
Five employees from Rio Grande do Sul’s meatpacking plants and 12 relatives or friends of people working in the industry died due to the disease, the labor prosecutors said. 
Large meat processors like JBS SA and BRF SA operate in the region, and both had plants closed there due to outbreaks. 
The ravaging pandemic has not affected Rio Grande do Sul’s output or exports so far, according to José Eduardo do Santos, executive director at Asgav, the state’s producers association. 
He told Reuters in a recent interview that the state’s chicken exports rose by 64.5% to 281,400 tonnes between January and May, generating $403 million in the period. 
Meatpackers became hotbeds for COVID-19 contagion as employees often work at densely packed workstations in cold, virus-preserving environments. 
The meat industry employs an estimated 65,000 in Rio Grande do Sul, the labor prosecutors said. 
Reporting by Ana Mano; Editing by David Gregorio"
