,source,author,title,description,url,urlToImage,publishedAt,content
0,"{'id': 'reuters', 'name': 'Reuters'}",Reuters Editorial,"Swiss government to assume COVID-19 test costs, launch tracing app - Reuters UK","Switzerland's government will pay for coronavirus testing, it said on Wednesday, as it approved the launch of its proximity tracing app from Thursday to prevent a resurgence of the virus as restrictions are relaxed.",https://uk.reuters.com/article/us-health-coronavirus-swiss-idUKKBN23V1QG,https://s4.reutersmedia.net/resources_v2/images/rcom-default.png,2020-06-24T12:12:00Z,"ZURICH (Reuters) - Switzerland’s government will pay for coronavirus testing, it said on Wednesday, as it approved the launch of its proximity tracing app from Thursday to prevent a resurgence of the virus as restrictions are relaxed. 
The government said it would take over costs for all virus and antibody tests, and would simplify the system for testing, effective from Thursday, the same day when an app to alert individuals potentially exposed to the virus will go live. 
Switzerland’s restrictions have been eased in recent weeks, with shops and schools reopening, along with restaurants - although with limits on the number of people allowed to be present. 
Until now, coronavirus tests were partly paid for by the regional governments and individual health insurance schemes, meaning some people had to pay themselves. 
“This scheme has meant that not all patients have been treated the same,” the government said. “There has been a danger that people are not being tested when they have to pay for it themselves.” 
It said it would pay 169 Swiss francs ($178.72) for virus tests and 113 francs for antibody tests. 
So far 1,682 people have died in Switzerland from COVID-19. 
While the country’s infection rate has slowed, with 31,376 people testing positive for the virus, new infections ticked up on Wednesday, according to figures from the Federal Office of Health, with 44 more cases than the day before. 
The government also on Wednesday approved regulations allowing its voluntary COVID-19 tracing appwith which it hopes to alert people potentially infected with the virus, so they can be quarantined and prevent its spreadingto go live. 
Under the system, an infected person enters a code onto their mobile phone, and if they come within 1.5 metres of someone else with the app, a message is sent telling the exposed person they may have caught the virus, so they can be tested. 
The app’s installation is voluntary and potentially exposed persons will only be notified with the express consent of the infected individual, the regulation says. 
Proximity data will be destroyed after 14 days. 
($1 = 0.9456 Swiss francs) 
Reporting by John Revill; editing by Brenna Hughes Neghaiwi"
1,"{'id': 'reuters', 'name': 'Reuters'}",Sabrina Valle,Brazil's Vale signs deal with authorities on COVID-19 monitoring at Itabira mines - Reuters,"Brazilian miner Vale SA has signed an agreement on monitoring for possible coronavirus cases at its Itabira complex, a major iron ore production facility temporarily shuttered earlier this month out of health concerns, authorities said on Thursday.",https://uk.reuters.com/article/vale-itabira-covid-idUKL1N2E22OY,https://s4.reutersmedia.net/resources_v2/images/rcom-default.png,2020-06-25T23:32:00Z,"RIO DE JANEIRO, June 25 (Reuters) - Brazilian miner Vale SA has signed an agreement on monitoring for possible coronavirus cases at its Itabira complex, a major iron ore production facility temporarily shuttered earlier this month out of health concerns, authorities said on Thursday. 
A number of sanitary measures including testing all workers every 21 days were agreed with labor prosecutors in Minas Gerais state and with a local court, the authorities said, adding that Vale now had 15 days to draw up the details of a virus mitigation plan. 
Prosecutors will use reports the company has agreed to produce regularly to decide on possible new actions at the complex, where changes in production levels can potentially affect iron ore prices internationally. 
The Itabira complex produced almost 36 million tonnes of iron ore in 2019, according to Vale, out of the company’s total production of roughly 302 million tonnes. 
Vale reopened the mines after a coronavirus-induced lockdown on June 17, without changes in its annual production guidance. But scrutiny over the mines remains, as the death toll in Minas Gerais grows. Brazil has the second-highest number of COVID-19 cases globally after the United States. 
Lawmakers were reported to be seeking to reverse the government’s declaration that mining is an “essential industry,” UBS analysts said in a note, citing a report by BNamericas. 
“We think the risk of a Minas Gerais lockdown and, in turn, the risk to Vale’s production guidance remains high,” Andreas Bokkenheuser said in a June 24 note to clients. (Reporting by Sabrina Valle; Editing by Tom Brown)"
2,"{'id': 'reuters', 'name': 'Reuters'}",Reuters Editorial,The hard fight to stop COVID-19 in the Amazon - Reuters,"Brazilian health authorities are struggling to contain a coronavirus surge in the Amazon, in a country that now has both the second-highest number of cases and fatalities globally. Gavino Garay has the story.",https://www.reuters.com/video/watch/idOVCJVJD63,https://static.reuters.com/resources/r/?d=20200625&i=OVCJVJD63&r=OVCJVJD63&t=2,2020-06-25T23:20:30Z,"Posted 
Brazilian health authorities are struggling to contain a coronavirus surge in the Amazon, in a country that now has both the second-highest number of cases and fatalities globally. Gavino Garay has the story."
3,"{'id': 'reuters', 'name': 'Reuters'}",Sangmi Cha,"South Korea backs remdesivir for COVID-19, urges caution with dexamethasone - Reuters",South Korea has added Gilead's anti-viral drug remdesivir to its coronavirus treatment guidelines in its first revision of recommendations since the outbreak began and urged caution in the use of the steroid therapy dexamethasone.,https://www.reuters.com/article/us-health-coronavirus-southkorea-idUSKBN23X1CZ,https://s4.reutersmedia.net/resources_v2/images/rcom-default.png,2020-06-26T10:12:00Z,"SEOUL (Reuters) - South Korea has added Gilead’s anti-viral drug remdesivir to its coronavirus treatment guidelines in its first revision of recommendations since the outbreak began and urged caution in the use of the steroid therapy dexamethasone. 
South Korea, widely praised around the world for its handling of the pandemic without a full lockdown, has reported 12,602 coronavirus cases as of Thursday midnight, with 282 deaths. 
Remdesivir is designed to hinder certain viruses, including the new coronavirus, from making copies of themselves and potentially overwhelming the body’s immune system. The drug previously failed trials as an Ebola treatment. 
South Korea’s updated guidelines come after a study showed that the cheap and widely used dexamethasone reduced deaths in very sick COVID-19 patients. They advised doctors to take caution until a full study is published. 
“It seems appropriate to administer (dexamethasone), limited to severe cases with acute respiratory syndrome, as the doctor monitors the patient’s condition,” Kim Young-ok, director general of pharmaceutical safety bureau at the Ministry of Food and Drug Safety, told a briefing on Friday. 
There was enough domestic supply of the dexamethasone, widely used since the 1960s, with the production of approximately 43 million tablets and 60 million injection ampoules a year, said Kim. 
Doctors in Europe will soon be able to treat patients with the drug after the healthcare regulator’s endorsement put it on track to become the first therapy for the disease on the continent. 
“An excessive use of dexamethasone can trigger different side effects as it tamps down the immune system along with inflammation, possibly leading to even cataract or glaucoma,” said Dr. Song Dae-sub, professor of pharmacy at Korea University. 
Korean health authorities also advised the dropping of hydroxychloroquine after a study found the decades-old malaria drug, which U.S. President Donald Trump touted a possible treatment, did not provide any benefit. 
There are currently no approved vaccines or treatments for the coronavirus, which has killed more than 488,467 people globally, but about a dozen vaccines from more than 100 candidates globally are being tested on humans. 
Reporting by Sangmi Cha; Editing by Miyoung Kim and Nick Macfie"
4,"{'id': 'reuters', 'name': 'Reuters'}",Reuters Editorial,Sixteen NBA players in 'self-isolation' after testing positive for COVID-19 - Reuters India,"Sixteen NBA players tested positive for COVID-19, the league said on Friday, a little over a month before the 2020 season is set to resume in Florida on the same day the state reported a record of almost 9,000 new coronavirus cases in 24 hours.",https://in.reuters.com/article/health-coronavirus-basketball-nba-idINKBN23X2I4,https://s4.reutersmedia.net/resources/r/?m=02&d=20200626&t=2&i=1523772845&w=1200&r=LYNXMPEG5P1N9,2020-06-26T17:44:40Z,"NEW YORK (Reuters) - Sixteen NBA players tested positive for COVID-19, the league said on Friday, a little over a month before the 2020 season is set to resume in Florida on the same day the state reported a record of almost 9,000 new coronavirus cases in 24 hours. 
“Any player who tested positive will remain in self-isolation until he satisfies public health protocols for discontinuing isolation and has been cleared by a physician,” the National Basketball Association said in a statement. 
The 16 positive tests were out of 302 players tested on June 23. The league did not disclose the identities of the players. 
Jabari Parker and Alex Len of the Sacramento Kings and Indiana Pacers’ Malcolm Brogdon were confirmed on Wednesday to have tested positive, though it was not immediately clear when their tests took place. 
Kings forward Parker said in a team statement that he had received the diagnosis “several days ago.” 
The NBA and its players’ union said on Friday that they had approved plans to resume the season on July 30 at Disney World in Florida. 
Under the plan, 22 of the NBA’s 30 teams will play eight seeding games to determine a 16-team playoff field that would follow the traditional post-season format and crown a champion in October. 
Players would be living, practicing and playing at the Disney resort to minimize the risk of exposure to the novel coronavirus. 
Reporting By Amy Tennery; Editing by Christian Radnedge"
5,"{'id': 'reuters', 'name': 'Reuters'}",Aziz  El Yaakoubi,"Exclusive: As COVID-19 cases in Yemen surge, some sources see undercounting","Yemen has more suspected coronavirus cases and deaths than the authorities have so far reported, four sources familiar with the matter told Reuters, as the United Nations warned the virus is spreading in the war-ravaged country.",https://www.reuters.com/article/us-health-coronavirus-yemen-outbreak-exc-idUSKBN22P0OO,https://s3.reutersmedia.net/resources/r/?m=02&d=20200513&t=2&i=1518465672&w=1200&r=LYNXMPEG4C0FJ,2020-05-13T12:47:50Z,"DUBAI (Reuters) - Yemen has more suspected coronavirus cases and deaths than the authorities have so far reported, four sources familiar with the matter told Reuters, as the United Nations warned the virus is spreading in the war-ravaged country. 
The Saudi-backed government based in the south and the Iranian-aligned Houthi movement headquartered in the north have so far publicly announced a total of 67 cases with 11 deaths. Only two of those infections and one of the deaths was reported by the Houthi authorities, both in the capital Sanaa. 
The sources said there was apparent undercounting in both the north and south of the country. 
The four sources, who have access to information from hospitals but who declined to be named, said Houthi health authorities had not shared additional test results with the World Health Organization (WHO) for at least 50 further patients with COVID-19 symptoms they were aware of at Kuwait hospital in Sanaa. Two of the sources said 20 other patients they had seen with similar symptoms died in that hospital. 
The two other sources said they were aware of at least 30 suspected coronavirus cases admitted to another Sanaa facility, Sheikh Zayed hospital, and said test results for those cases had also not been shared. 
Reuters did not see medical records from the hospitals and could not independently confirm the numbers provided by the sources. The hospitals could not immediately be reached for comment. 
“Houthi authorities do not share the results of the tests with doctors and with the WHO when the results are positive,” one of the sources told Reuters. 
A spokesman for the Houthi movement, Mohammad Abdulsalam, referred Reuters to the Houthi health ministry. The health ministry did not respond to a Reuters request for comment. On May 3, a Houthi official told a press conference in Sanaa that authorities had detected suspected cases and tested them but did not provide a figure or mention the results. 
Asked by Reuters whether it was concerned about a coronavirus outbreak going unreported in Houthi-held areas, the WHO said its role was to “actively advise, influence and inform” discussions on case declaration and reporting, which it said it had been doing for weeks. 
It said it saw Yemen as “one country, one people” and cautioned against speculation related to “the number of probable cases not being reported”. 
“Given the testing capacity in country, which is very limited, tests are being done on persons who meet the criteria or case definition and exposure history. We would not, and frankly no country would, be able to test everyone who was sick or experiencing symptoms,” it said in a statement. 
It said it was “operating under the assumption that full blown transmission is now occurring” across Yemen and that it was ramping up “community engagement and awareness activities.” 
DEATHS IN ADEN 
The internationally-recognised government based in the southern port of Aden has accused the Houthis of covering up an outbreak in Sanaa, a charge the group denies. In a tweet on May 7, Information Minister Moammar al-Eryani said there appeared to be a “serious epidemiological coronavirus situation” in Houthi-controlled areas and urged the authorities not to “conceal facts”. 
However, the two sources said authorities in areas under the Saudi-backed government’s control have also not fully disclosed the extent of the pandemic. At least 13 confirmed COVID-19 patients have died at Al Amal hospital in Aden, they said. The hospital could not immediately be reached for comment. 
“In Aden, we also have dozens of people dying at home but nobody tested them to know why they died. Some hospitals refused to take in patients showing coronavirus symptoms because they are not equipped to handle those cases. We cannot really blame them,” one of the sources said, without naming the hospitals. 
An Aden-based government official, who declined to be named, said the authorities were declaring COVID-19 cases but admitted inadequate testing, a rise in other diseases due to recent flooding and administrative issues after a leading separatist group declared emergency rule were challenges. 
The national coronavirus committee, set up by the internationally recognised government, has publicly announced 4 deaths among 39 confirmed cases in Aden, out of the total of 65 confirmed cases and 10 deaths in southern areas. 
CRITICAL CASES 
On May 2, the public prosecutor’s office in Aden issued a statement, seen by Reuters, saying it was investigating media reports about the refusal by some private and public hospitals and health centres, which it did not identify, as well as doctors “to admit some emergency medical cases or provide medical attention to critical cases”. 
The WHO said in its statement on Sunday that it had been advising local authorities throughout Yemen to report cases in order to secure resources and equipment already in short supply globally, but that the decision to do so rests with a country’s leaders under international health regulations.    
“WHO encourages all countries to be fully transparent in this regard - only when we have all the data and numbers are we be able to, with the closest degree of accuracy, respond accordingly, and prioritize gaps and needs,” it said. 
As of May 9, Yemen had reported 803 COVID-19 test results, according to WHO data. At that time, the WHO said Yemen had 38 COVID-19 isolation units - 18 of them operational, four labs with testing capacity, 520 intensive care unit (ICU) beds and 154 ICU ventilators. 
The WHO said in a report on Monday that a surge in cases could overwhelm Yemen’s healthcare facilities. 
Yemen has long been plagued by wars and humanitarian disasters. The latest in a sequence of conflicts escalated in March 2015 when a Saudi-led alliance intervened against the Houthis after they ousted the internationally recognised government from power in Sanaa in late 2014. 
The Western-backed coalition failed to crush the rebellion by the Houthi movement and its allies, and the war has been in stalemate for years with the Houthis holding most large urban centres. 
The conflict, which has killed more than 100,000 since 2015, has already caused what the U.N. says is the world’s worst humanitarian crisis with some 24 million Yemenis, or 80% of the population, reliant on aid and some 10 million facing hunger. 
Health and sanitation systems are wrecked and diseases such as cholera are rife. Many diseases such as dengue fever share similar symptoms to COVID-19, complicating efforts to estimate the extent of the pandemic, the Saudi-backed government’s health minister said on April 29. 
Reporting by Aziz El Yaakoubi; editing by Samia Nakhoul and Nick Tattersall"
6,"{'id': 'reuters', 'name': 'Reuters'}",Peter Szekely,"New York's Cuomo, concerned about COVID-19 spread, asks protesters to get tested","New York Governor Andrew Cuomo on Thursday said several days and nights of demonstrations in the state after the killing of George Floyd could accelerate the spread of the coronavirus, and urged protesters to get tested.",https://www.reuters.com/article/us-minneapolis-police-new-york-idUSKBN23B2WT,https://s4.reutersmedia.net/resources/r/?m=02&d=20200604&t=2&i=1521124651&w=1200&r=LYNXMPEG5323S,2020-06-04T17:53:54Z,"NEW YORK (Reuters) - New York Governor Andrew Cuomo on Thursday said several days and nights of demonstrations in the state after the killing of George Floyd could accelerate the spread of the coronavirus, and urged protesters to get tested. 
“I’m not a nervous Nellie, I’m just looking at the numbers,” said Cuomo, noting that an estimated 30,000 people have protested in the state. “Many wear masks. But there is no social distancing. Police are in their face ... If you were at a protest, get a test, please.” 
Officials in Chicago this week expressed similar concern, and asked protesters to quarantine themselves for 14 days. 
Cuomo took time in his daily coronavirus briefing to sympathize with the protests, calling Floyd’s May 25 death in Minneapolis while in police custody a murder and adding, “I share the outrage.” 
“It is a metaphor for the systemic racism and injustice that we have seen,” he added. 
Following protests not only in New York City, but in the upstate cities of Buffalo, Albany, Rochester and Syracuse, Cuomo said the state would observe a “symbolic moment” of silence at 2 p.m. EDT (1800 GMT) for sharing grief and understanding. 
“This is an injustice that should never happen again,” he said. 
Cuomo said his concern about increased spread of the virus during the demonstrations would not impede the state’s regionally phased reopening, which is set to allow New York City to open on Monday for limited economic activity. A second phase of activity, which New York City Mayor Bill de Blasio said could start as early as July, will include outdoor restaurant seating. 
With more people wearing face coverings, the state has made significant progress in halting the spread, as reflected in a drop in the rate of people testing positive for the virus over the past six weeks to 2% from 26%, he said. 
The number of hospitalized COVID-19 patients also continued trending lower, he added. 
Reporting by Peter Szekely and Barbara Goldberg in New York; Editing by Matthew Lewis"
7,"{'id': 'reuters', 'name': 'Reuters'}",Anthony Boadle,"COVID-19 crisis shakes Brazil, but Bolsonaro keeps impeachment at bay","One of the world's worst coronavirus outbreaks, a paralyzed economy sending investors fleeing for the exit, and accusations that he has undermined Brazil's young democracy have not loosened President Jair Bolsonaro's grip on power.",https://www.reuters.com/article/us-brazil-politics-analysis-idUSKBN23C1FM,https://s4.reutersmedia.net/resources/r/?m=02&d=20200605&t=2&i=1521218450&w=1200&r=LYNXMPEG540ZR,2020-06-05T11:09:49Z,"BRASILIA (Reuters) - One of the world’s worst coronavirus outbreaks, a paralyzed economy sending investors fleeing for the exit, and accusations that he has undermined Brazil’s young democracy have not loosened President Jair Bolsonaro’s grip on power. 
As of Thursday, Brazil had nearly 615,000 confirmed coronavirus cases, second only to the United States. With 34,021 COVID-19 fatalities, its death toll overtook Italy’s. 
Across the political spectrum this week, lawmakers in Brasilia have decried the far-right leader’s defiance of public health experts on the outbreak and his campaign to end state quarantine measures, which he has criticized for hurting the economy. 
They have also raised concerns about his threats to institutions. Bolsonaro has vocally backed his militant supporters who have called in the streets for the military to shut down Congress and the Supreme Court, which has been investigating him and his followers. 
More than 30 motions have been presented in Congress to impeach Bolsonaro for trampling on Brazil’s constitution, mostly from leftist opponents. 
But Bolsonaro’s position is safe for now, four politicians told Reuters this week. 
They said he has courted enough lawmakers in Congress with key appointments to fend off the threats of impeachment. Many now fear such a move would be a badly timed distraction from the growing health crisis. 
“Bolsonaro has artificially stirred confrontation between Brazil’s democratic institutions, but my party is not seeking his impeachment because we cannot contribute to more instability in this unprecedented crisis,” said Bruno Araujo, president of the Brazilian Social Democratic Party. 
Araujo said Bolsonaro will be judged by Brazilian voters at the next presidential election, set for 2022. 
“Until then we will lurch from crisis to crisis, from outburst to outburst by this authoritarian president,” he said in an interview. 
The Speaker of the House, who would decide to put an impeachment to the vote, has also said Brazil needs first to unite in fighting the coronavirus outbreak and he did not want to put “more wood on the fire.” 
Bolsonaro has said his aims are democratic and those seeking to undermine his government are the greatest threat to Brazil’s constitution. Last week, he said the Supreme Court was threatening to “plunge Brazil into a political crisis” with its investigations. 
One inquiry is looking into the financing of his supporters’ alleged disinformation campaigns on social media. Another is investigating if Bolsonaro interfered illegally in police appointments for personal reasons. Bolsonaro says his supporters and family are being unfairly targeted and that the accusations are untrue. 
LOSING MODERATES 
Felipe Rigoni and Nelson Trad, centrists on the left and right of the aisle in Congress, said Bolsonaro had deliberately fueled tensions by joining his supporters’ anti-democratic rallies, turning off moderate voters who backed him in 2018. 
Still, the atmosphere of conflict plays well with his core supporters, both lawmakers said. Although rejection of his government has climbed, as many as a third of voters remain loyal, opinion polls suggest. 
The constant confrontation has distracted attention from the severe public health and economic crises assailing the country, Rigoni said. 
Investment banks are forecasting that the economy will contract up to 7.7% this year. Investors rattled by the depth of the recession and the government handling of the pandemic have pulled over $31 billion out of the country this year, according to Central Bank data. The Treasury said foreigners reduced their holdings of Brazilian bonds in April to the lowest since 2009. 
If the recession and investigations into Bolsonaro get bad enough to erode his support, the tide in Congress could eventually turn toward impeachment, said center-left lawmaker Tabata Amaral. 
“For now, he needs continuous ideological warfare to stay in power, by creating new crises and new enemies every day so that people don’t see what’s happening right in front of our faces,” she said. 
Reporting by Anthony Boadle, Editing by Rosalba O'Brien"
8,"{'id': 'reuters', 'name': 'Reuters'}",Danish Siddiqui,"Inside a COVID-19 hospital in India, doctors see no end in sight","It was barely noon on Thursday when the metal doors of the mortuary at a hospital in south New Delhi swung open and staff in white coveralls rolled out a stretcher. Mourning relatives looked on, as a body bag was loaded into an ambulance and taken away to a c…",https://www.reuters.com/article/us-health-coronavirus-india-hospital-idUSKBN2343KY,https://s3.reutersmedia.net/resources/r/?m=02&d=20200528&t=2&i=1520263241&w=1200&r=LYNXMPEG4R2G6,2020-05-28T21:56:08Z,"NEW DELHI (Reuters) - It was barely noon on Thursday when the metal doors of the mortuary at a hospital in south New Delhi swung open and staff in white coveralls rolled out a stretcher. Mourning relatives looked on, as a body bag was loaded into an ambulance and taken away to a cemetery. 
It was yet another casualty from the coronavirus pandemic that has killed over 4,500 people and infected more than 150,000 across India. While infection rates from the virus have begun to fall in many countries, in India they are still rising sharply, and epidemiologists warn peak is yet to come. 
Concerns are rising about how the country of 1.3 billion, with one of the world’s most overburdened healthcare systems, will handle the surge with roughly 6,000 new infections being detected daily this week. 
On Thursday, Reuters was given exclusive access inside Max Super Speciality Hospital - currently the largest such private COVID-19 treatment site in New Delhi - where some 200 patients are being treated for the disease caused by the new coronavirus. 
While India is easing a more than two-month long nationwide lockdown that was aimed at reining in the spread of the disease, the battle against the virus rages within its strained hospital system. 
“We are getting more and more people daily both in numbers and in the severity of disease,” said Arun Dewan, the director of the hospital’s critical care section. “We’re not seeing any end.” 
Around him, the eerie calm within the hospital was broken only by the sound of machines beeping and patients coughing - most of whom were separated only by white curtains. Staff in heavy protective gear move around softly, speaking in murmurs. 
Until a few months ago the cries of babies would often fill this section of the hospital, which was meant for neonatal care. But with the number of cases surging, Max designated the entire building for COVID-19 patients. 
Now, posters of Winnie the Pooh and other cartoon characters meant to soothe children, beam down upon patients struggling to beat a deadly virus. 
It is the first time in his 35-year-career that Dewan is battling a pandemic of this scale, he said, and while each day has been as struggle, he fears the worst is yet to come. 
“Manpower will be the biggest challenge. We have reached the limit,” he said, adding even as the toll rises, the wait list of patients is growing fast. 
But there are small victories that keep the staff going. For Steena, a doctor working in the ICU who only gave her first name, one such moment was when a 70-year-old woman brought in dire condition recovered in recent weeks. 
“After seven or eight days, she was taken off a ventilator, and tested negative,” she said, sounding hopeful, before quickly turning to attend to yet another patient. 
Reporting by Danish Siddiqui and Zeba Siddiqui; Editing by Euan Rocha and Lisa Shumaker"
9,"{'id': 'reuters', 'name': 'Reuters'}",Sharon Bernstein,California hospitals struggle financially after preparing for COVID-19 surge that never came,"As the novel coronavirus tore through Italy and then New York in March, California, anticipating a deadly surge in cases, ordered hospitals to shut down routine procedures and called in thousands of health care workers to help patients.",https://www.reuters.com/article/us-health-coronavirus-california-hospita-idUSKBN2341NJ,https://s2.reutersmedia.net/resources/r/?m=02&d=20200528&t=2&i=1520184108&w=1200&r=LYNXMPEG4R123,2020-05-28T11:04:00Z,"SACRAMENTO, Calif. (Reuters) - As the novel coronavirus tore through Italy and then New York in March, California, anticipating a deadly surge in cases, ordered hospitals to shut down routine procedures and called in thousands of health care workers to help patients. 
But the predicted surge never came. 
And the cost of all that preparation - setting up field hospitals, doubling the number of intensive care rooms, purchasing protective equipment - dealt a blow to hospital bottom lines, while the ban on all non-emergency procedures cut revenues in half. 
The measures drove hospitals in the most populous U.S. state close to bankruptcy, costing them as much as $14 billion and forcing them to lay off of thousands of health care workers, according to the California Hospital Association. 
Now, reeling from the twin financial blows, hospitals are struggling to get ready for a possible new surge in cases this autumn, and wrestling with the question of whether they over-prepared last time around. 
CALL FOR REINFORCEMENTS AMID LAYOFFS 
Expecting to need thousands of doctors, nurses and other workers to fight the pandemic, California in March called for a “Health Corps” to care for patients, with 95,000 people signing up. 
Of the tens of thousands who responded to the call to join the Health Corps, fewer than 800 have been hired by the state, according to state program data reviewed by Reuters. 
“The worst thing we could do was really to under-prepare,” said Dr. Sanjay Kurani, Medical Director at Santa Clara Valley Medical Center, a public hospital system serving California’s Silicon Valley. “From a patient health standpoint and from a public health standpoint, we had to prepare.” 
The industry is now asking the state for $1 billion in aid to help hospitals defray some of those costs and meet their financial obligations for the next few months, and another $3 billion in the new fiscal year beginning July 1. 
“Most hospitals’ balance sheets have been trashed,” said Carmela Coyle, president of the California Hospital Association. “It’s a one-two punch that many hospitals will find it difficult to survive.” 
Hardest hit were hospitals that treat large numbers of patients insured under the Medicaid program covering the poor and disabled, and the retiree Medicare program, she said. 
The result was a terrible irony - at a time when health professionals treating patients infected with the virus were overworked and in some cases becoming ill themselves, thousands more lost their livelihoods in layoffs and furloughs. 
“It’s just a shock to be let go in the middle of all this,” said nurse Tammy Wright, who was laid off from Palomar Health in San Diego County. 
Palomar Health’s CEO Diane Hansen said the hospital expects losses of about $12 million by June, down from an anticipated $20 million operating surplus. She said the gap would have been larger if the hospital hadn’t laid off employees. 
Wright, meanwhile, has tried to find work and had two interviews, but few jobs are available near her home in Vista. 
She applied to the Health Corps, but she said nothing was available nearby. 
DIFFICULTY BEFORE THE PANDEMIC 
Even before the pandemic, 38% of all California hospitals - public and private - were losing money after years of thin operating margins and industry consolidation. Another 11% had margins hovering near zero, the hospital association said. 
Budget squeezes had already left hospitals with few extra beds and little additional equipment or gear on hand, said Kerry Heinrich, CEO of nonprofit Loma Linda University Medical Center in San Bernardino County. 
Loma Linda’s six-campus hospital system, with an annual budget of about $2 billion, lost $160 million in revenue during March and April alone, Heinrich said, an amount dwarfing its typical annual operating margin of $40-$80 million. The system trimmed hours and laid off about 1,000 employees. 
Loma Linda will receive about $39 million in relief from the federal CARES Act, the $2.3 trillion in federal fiscal stimulus to fight the economic impact of the coronavirus, and will also apply to the Federal Emergency Management Agency for reimbursement of supplies and other costs, but it will still have a budget gap of about $120 million, he said. 
FILE PHOTO: Healthcare workers and nurses from Palomar Health hospital protest against the layoffs during the outbreak of the coronavirus disease (COVID-19) in Escondido, California, U.S., May 11, 2020. REUTERS/Mike Blake/File Photo
Statewide, California hospitals have received $3.4 billion from the CARES Act, about 4% of the national total for hospitals, the Hospital Association says. 
Preparing for COVID-19’s first wave left hospitals vulnerable even as they get ready to face another, hospital administrators said. 
“Who do you look to when the second wave happens?” asked Loma Linda’s Heinrich. “You look to hospitals and we have all been deeply weakened.” 
Reporting by Sharon Bernstein; Editing by Bill Tarrant and Aurora Ellis"
10,"{'id': 'reuters', 'name': 'Reuters'}",Andrew Hay,"In Oklahoma pork-packing town, COVID stirs fear, faith and sorrow","Over 25 years, the massive pork plant that dominates this small city brought jobs, new residents and an economic lifeline to a slowly shrinking farming community.",https://www.reuters.com/article/us-health-coronavirus-meat-plant-special-idUSKBN22Z0SK,https://s2.reutersmedia.net/resources/r/?m=02&d=20200523&t=2&i=1519689012&w=1200&r=LYNXMPEG4M0KI,2020-05-23T17:58:59Z,"GUYMON, Okla./Washington - (Reuters) - Over 25 years, the massive pork plant that dominates this small city brought jobs, new residents and an economic lifeline to a slowly shrinking farming community. 
Attracted by relatively good wages at Seaboard Foods, immigrants like Felix and Pilar Jimenez arrived by the hundreds to slaughter hogs and process meat for shipment all over the world. The Mexican couple started work in Guymon, on the vast plains of Oklahoma’s panhandle, about a year after the plant opened, followed in time by their sons Michael, now 26, and Anthony, 22. 
In recent months, as in so many U.S. cities with meat- packing operations, COVID-19 ripped through the plant and surrounding community, bringing economic uncertainty, fear and - in the case of the Jimenez family - tragedy. 
Seaboard reports that, as of May 21, 641 of its some 2,700 employees tested positive for the virus - roughly a quarter of its workforce. Pilar, Michael and Anthony Jimenez all got sick. So did Felix, 56, who had been mostly homebound as he recovered from heart bypass surgery. He died May 9. 
Guymon is part of the coronavirus’ new frontier - mostly rural communities with large meatpacking plants where employees often work inches apart, carpool to their jobs and live in crowded or multi-generational homes. 
Interviewed at the family’s apartment days after his father’s death, Michael Jimenez said Guymon residents need to wake up to the dangers of the coronavirus, something that extends beyond the plant and especially threatens older and medically fragile people like Felix. 
“I just hope the whole community realizes how fatal this can be,” said Michael Jimenez, speaking through a protective mask. 
It’s difficult to pin down how each of the Jimenez family members got the disease. Pilar and her sons say any of them could have caught it at the packing plant, then infected Felix. 
“I think we brought the virus home to him,” said Pilar Jimenez, 53, who lived with both Anthony and Felix. 
Michael Jimenez said Felix never left the apartment except to walk the dog, and then only with a mask, adding that he and Anthony worked alongside a co-worker who they later learned was ill. 
On the other hand, the virus is circulating in the wider community, not just at the plant. Texas County, where the plant is located, had recorded 820 cases as of Friday morning, including four deaths. 
Despite the high rate of infection among plant workers, the company has reported no deaths among employees. 
Duke Sand, chief executive officer of Seaboard Foods, told Reuters the company is adhering to U.S. Centers for Disease Control and Prevention (CDC) guidance on how to contain the virus at the plant, including timetables on when affected employees should return to work and what safety equipment, such as screens and masks, to give them. 
Sand said the company, a subsidiary of Seaboard Corp, has been fortunate in that it saw its first case in mid-April, well after other meatpacking facilities around the country. Other plants have been less transparent with their numbers - for instance, Smithfield Foods [SFII.UL], the world’s largest hog processor, declined in a May 8 statement to Reuters to confirm case totals at its numerous facilities, citing the need to respect employees’ privacy. 
Asked about Felix Jimenez’ death, Seaboard’s Sand said: “The purpose of this testing is that we don’t have any tragedies such as that.” 
DIVIDED SENTIMENTS 
As in many meat-packing towns around the country, local leaders and residents are torn about how to address the new threat, which pits the economic needs of employees and local businesses against rapidly growing health risks to everyone in the community. 
The Seaboard plant, where wages start at $16 per hour, is by far the largest employer in the city of fewer than 11,300 people. The plant is both a linchpin of the local economy and a hot spot in the nation’s battle against the new coronavirus. 
Opinions about the dangers of the virus do not necessarily fall along neat or predictable lines, interviews with about two dozen local residents show. Although the population is small, Guymon and Texas County are demographically and politically complex. 
The county, where about 70% of plant workers live, is a Republican stronghold in the heart of the U.S. Bible Belt, and it overwhelmingly supported President Donald Trump in 2016. Yet residents have diverse backgrounds: Plant workers come from North America, Latin America, Africa and Asia. Some 41% of households in the county speak languages other than English at home, according to the most recent U.S. Census figures. 
The city of Guymon, which was majority white at the turn of the century, is now more than half Hispanic or Latino. The plant dominates the economy but many agricultural businesses operate around it, mostly owned by whites. 
As different as residents are, their lives intersect. The city’s many businesses rely on the immigrants as customers and workers, and some local businesses are owned by minorities and immigrants. Nearly everyone seems to either work at the plant or know someone who does. 
Support for the company seems to run hot and cold depending on feedback from a friend or a brother-in-law. Several workers expressed fear of going to work but fear, in equal measure, of losing their jobs if they complained. 
The main point of contention appears to be how seriously to take the threat of the coronavirus. 
For now, Seaboard confirmed, its employees appear to account for roughly half of Texas County’s COVID-19 cases. The numbers are in flux: Not every employee has been tested and the county’s confirmed caseload is steadily rising with expanded testing. 
What’s certain is that the virus respects no boundaries, said Dr. Martin Bautista, who already is working with other physicians to contain infections at Guymon’s nursing home, where he said one patient has died. 
“It’s a virus. It doesn’t recognize the color of your skin, socio-economic status, nothing.” 
Still, some people in Guymon are dismissive of the COVID-19 risk, calling mask wearers “sheep” or suggesting God will protect those who have faith. 
“Being country people, it seems like our immunity is a lot higher, and we have Jesus,” says Kalye Griffin, 42, owner of the Top Hand Western Store. 
Local leaders say language barriers can hamper basic health messages about what precautions to take. 
“There are multiple languages in Guymon, said City Manager Joe Dunham. “People just don’t understand the gravity of the situation that we’re in.”” 
Other residents are eager to get the economy back on track. 
Oklahoma was one of a handful of states that did not issue statewide stay-at-home orders as the coronavirus picked up steam. Texas County closed nonessential businesses relatively late, compared to the rest of the country, on March 28. And it was among the first to reopen, on April 24. 
“I don’t think we should have closed,” said Suzanne Bryan, as she waved at passing motorists outside her food and gift shop on Guymon’s red cobbled Main Street. “It’s like the flu, there is a 98-99% survival rate.” 
Although the precise mortality rate for the coronavirus is not known, medical experts say they believe it exceeds 1%, more than 10 times the rate for the flu. 
In any event, Bryan, a member of the evangelical Christian Guymon Church of the Nazarene, said God is in control of what happens. “It’s not about me,” she said. “It’s God’s plan.” 
Several Hispanic or Latino business owners with family or friends at the plant told Reuters Seaboard should be doing more to protect employees. They said they knew of people pressured to return to work too soon after being ill. 
“They care about production, not workers,” said Cuban immigrant José Francisco Linares, who runs the Papachongo’s Restaurant and Market close to the Jimenez home. 
Reuters was not able to independently confirm allegations of pressure to return to work. Seaboard CEO Sand said the company is advising workers to follow CDC guidance: Allowing at least 10 days to elapse since symptoms such as fever first appeared, and at least three days since they resolved. 
Business owner Ivan Lorenzo said he is baffled as to why the plant has not shut in a county that has no health facilities capable of treating coronavirus. As in many rural areas in the United States, the local hospital is tiny, with limited equipment, beds and medical personnel. 
“This is what happens when a big company like that comes to a little town like this,” said Lorenzo, 42, speaking from his shop, Ivan Barber Studio, on Main Street, where he said employees wear masks and gloves and work six feet apart. “They do whatever they want.” 
Asked whether he was prepared to close the plant depending on test results, Sand said: “I wouldn’t rule out anything that would be in the best interests of the employees.” 
THOUSANDS INFECTED, DOZENS DEAD 
The coronavirus pandemic has dealt a blow to the $185 billion U.S. meat and poultry processing industry, which employs 68,000 people as slaughterers and meat trimmers, according to 2019 data from the U.S. Labor Department. 
Such plants have proved devastatingly effective vectors of disease. 
In the meatpacking industry generally, thousands of employees have been infected with the coronavirus and dozens have died, according to the United Food and Commercial Workers International Union (UFCW). Seaboard jointly operates another pork processing plant in Sioux City, Iowa, where 59 cases have been reported among workers. 
Although Seaboard never shut its plants, about 30 facilities operated by other companies temporarily closed in Nebraska, Iowa, Minnesota and several other Midwestern states, according to the UFCW. Pork and beef slaughter capacity dropped by 30% to 40%, according to the U.S. Department of Agriculture. 
To avoid further decline in a major food supply, U.S. President Donald Trump at the end of April ordered meat plants stay open during the pandemic. 
At least 14 plants have re-opened, according to the U.S. Department of Agriculture, with some installing barriers between work stations and taking other safety measures. 
Trump says that has reduced the risk of exposure to the coronavirus. 
“They had a disproportionately high number of people that had the problem, and that’s going away,” the president said at a White House news conference on Tuesday. “The plants are very, very clean now.” 
SICKNESS AND FEAR 
Infections in Texas County surfaced slowly, in rural communities surrounding Guymon, with the first one emerging March 28, according to Texas County data. 
Around mid-April, a Seaboard employee tested positive, according to the company. After that, the plant offered to pay for voluntary testing at local clinics for employees who reported symptoms, or had close contact with infected people. The case count spiraled upward. 
By mid-May, when the company offered mass testing, sickness and fear had pushed absentee rates as high as 30%, and daily slaughter fell from the normal 22,000 hogs per day to as low as 10,000 some days, according to plant General Manager Rick Sappington. 
Martin Rosas, the local UFCW president, said he appreciated the company’s response to the crisis. 
Seaboard agreed to a union proposal for paid sick leave to motivate workers to report symptoms and self-quarantine at home, Rosas said. It also agreed to test the temperatures of all workers entering the plant and to pay them an extra $2 an hour to compensate for the hazards of working during the outbreak, he said. 
“We have had a very positive response from Seaboard,” Rosas said. 
Like other plants, Seaboard has instituted attendance bonuses - separate from hazard pay - which amount to an extra $100 a week. Some critics, speaking about businesses generally, have said giving bonuses for showing up can incentivize employees to work when ill. 
Seaboard CEO Sand said that is not the company’s purpose. 
“We are being very upfront about making sure employees know that if you’re feeling any symptoms, not feeling right, report that to us, see your doctors, stay home,” he said. 
‘NO PULLBACK’ 
Guymon Mayor Sean Livengood, 30, said the reopening of the city will continue apace. “At this point there’s no pullback,” he told Reuters. 
A production manager at the Seaboard plant, he is optimistic about the town’s re-emergence from the shutdown, and stresses that residents should use their best judgment on whether it is safe for them, personally, to venture out. 
“The big thing for us is if you don’t feel comfortable going out, please don’t go out,” he said. 
Harold Tyson, the county emergency manager, is less sanguine about reopening, urging painstaking caution. 
“I would like for us to slow down,” Tyson said, “and we’re not.” 
Nancy Schmid, CEO of the county’s only hospital, Memorial Hospital of Texas County, is worried, too. Recently released from quarantine because of exposure to COVID-positive employees, she has tested negative for the virus and is busy running a 25-bed facility that’s ill-equipped for a pandemic. 
She said the facility lacks air purification machines to prevent the spread of the virus inside. The hospital is being overwhelmed with potential COVID-19 patients seeking diagnostic services such as X-rays and CT-scans, she said, but it does not have enough doctors and other medical staff to treat the people as inpatients. As a result, county residents need to be sent as far away as Oklahoma City, a four-hour car ride, for care. 
“We need doctors more than New York City,” she said. 
‘ALWAYS THERE’ 
Though his family initially took Felix Jimenez to a local clinic, he rapidly deteriorated to the point that he couldn’t be treated in Guymon. 
Within days of falling ill in early May, he was rushed to a hospital in Liberal, Kansas, 40 miles away, and later placed on a ventilator. Then, doctors opted to fly him by helicopter to Amarillo, Texas, for dialysis. 
He grew gravely ill mid-flight and the pilot turned around. Felix died where the helicopter landed, in the parking lot of the Kansas hospital. 
Michael Jimenez is troubled, not just by his father’s ordeal, but by the prospect that an experience just as horrible might await other vulnerable members of the Guymon community. 
Residents don’t always appreciate plant workers like his parents, he said. “They don’t understand some of these people left everything they had to provide for their families.” 
After immigrating with Pilar from Mexico 30 years ago, Felix Jimenez spent his life bouncing among meatpacking jobs in Iowa, Kansas, Texas and Oklahoma. He was known in Guymon not just for the friendships he built at work, but for his involvement with the city’s Catholic Church and youth sports group. 
After his retirement for health reasons seven years ago, Felix began buying, fixing and selling cars, his son said. He earned a reputation for being able to start any motor. 
Kids who missed the school bus knew they could knock on his door to get a lift, Michael Jimenez said. Felix’s sons leaned on him too. “The one who was always there was my dad,” Michael Jimenez said. 
Growing up, the Jimenez brothers thought of finding jobs in the oil and gas industry, but Felix steered them toward the plant, citing its stable hours and steady pay. The four of them worked all over the facility, from the “kill floor” to pork-belly freezing to shipping. 
Now that his father is gone and others in the family have mostly recovered from COVID-19, Michael is worried about their return to work. 
Pilar has diabetes and a heart stent, and Michael fears she could be reinfected. Experts say reinfections appear unlikely in the short term but they don’t know how long immunity in recovered patients may last. 
“She’s vulnerable,” Michael Jimenez said of his mother. “We have to protect her.” 
He added that the family also must pay the rent. 
Andrew Hay reported from Guymon, Okla., and Andy Sullivan from Washington. Tom Polansek and Caroline Stauffer contributed reporting. Editing by Julie Marquis"
11,"{'id': 'reuters', 'name': 'Reuters'}",William Schomberg,"Exclusive: UK risks slow COVID recovery, all stimulus options under review - BoE's Ramsden","Britain's economy could be facing a slower recovery from its deep coronavirus slump than the Bank of England suggested this month and all stimulus options, including sub-zero interest rates, should be considered, a BoE deputy governor said.",https://www.reuters.com/article/us-health-coronavirus-britain-boe-exclus-idUSKBN22Y0U7,https://s3.reutersmedia.net/resources/r/?m=02&d=20200522&t=2&i=1519539788&w=1200&r=LYNXMPEG4L0IN,2020-05-22T07:24:19Z,"LONDON (Reuters) - Britain’s economy could be facing a slower recovery from its deep coronavirus slump than the Bank of England suggested this month and all stimulus options, including sub-zero interest rates, should be considered, a BoE deputy governor said. 
But Dave Ramsden told Reuters the issues around taking rates below zero were complex and would take time to think through, and there was plenty of room for the BoE to carry on its massive programme of government bond purchases. 
The BoE said on May 7 that Britain’s economy might suffer its sharpest slump in over 300 years in 2020 after the government imposed a shutdown to slow the spread of COVID-19. 
While stressing the huge uncertainties about the outlook, the central bank said the economy could get back to its pre-pandemic size by the second half of 2021. 
Ramsden said the BoE’s scenario saw investment cuts by businesses causing long-term economic damage. 
“But there will be other mechanisms for scarring,” he said. 
Some companies might have to permanently downsize or fold altogether because “they just didn’t fit sufficiently with what the current post-COVID world looks like”. 
Persistently high unemployment was also a danger even if Britain’s labour market had typically been more robust than expected after other recent economic shocks. 
“We were very clear in May that we saw the risks on balance to the downside,” Ramsden said. 
At the same time, a 25% economic contraction between April and June included in the BoE’s scenario might prove too steep. 
“If you took a literal read on some of the fast indicators for the UK, and also looking at other countries and how they are responding to the end of their lockdowns, you might think, well, maybe the fall in Q2 isn’t going to be quite as precipitous as we had it in May,” he said. 
“But could it persist for a bit longer? That’s an open question and these are very, very early days.” 
JUNE STIMULUS? 
The BoE’s Monetary Policy Committee is due to meet again next month. 
Most economists expect it will expand further its war chest for buying bonds, most of them issued by Britain’s government, which is borrowing heavily to prop up the economy. 
“I am certainly not going to rule it out,” Ramsden said when asked about the possibility of an increase to the bond-buying programme, which the BoE bolstered by a record 200 billion pounds as recently as March to 645 billion pounds. 
“It’s quite possible that we could do more at that meeting or at subsequent meetings. But we will make that decision at the time,” he said. 
As the BoE’s deputy governor for markets and banking, Ramsden is responsible for its asset purchase programme and an array of liquidity operations to keep the financial system pumping. 
Several of the multi-billion pound programmes were launched as the coronavirus crisis escalated and are now run by BoE staff who are largely working from home. 
Financial markets have calmed down from the panicked selling of British gilts and other normally safe assets in March. 
“That improved position in markets is not to be taken for granted. I think the situation’s still fragile,” Ramsden said. 
The BoE’s stock of bonds has jumped from the equivalent of 25% of Britain’s annual economic output to 33% in just a few weeks, an unprecedented surge in its balance sheet. 
Ramsden said the BoE still had “quite a lot of headroom” to buy more gilts, but the pace of purchases could be adjusted. 
“We have the potential to flex any purchase programme. We haven’t done that in May. We are continuing with the current programme. But we keep a close eye on this kind of thing. The current pace of the programme, I should stress.” 
ACTIVE ON NEGATIVE RATES 
As for other, more radical policies, Ramsden echoed comments of Governor Andrew Bailey this week who said he was ruling nothing out and nothing in. 
“We are keeping our whole tool-set under active review,” Ramsden said. 
It was “perfectly reasonable to have an open mind on negative rates,” he said, but the BoE had to understand how they might affect Britain’s banking system and how they had worked in other economies in periods different to the current situation. 
“These are really serious issues where you can’t just say, ‘Oh, this happened in this episode in another country, so let’s therefore apply it to the UK.’ You need to work through the consequences,” Ramsden said. 
FILE PHOTO: Bank of England Deputy Governor for Markets and Banking, Dave Ramsden attends a Bank of England news conference, in the City of London, Britain November 1, 2018. Kirsty O'Connor/Pool via REUTERS
On expanding the BoE’s corporate bond purchases to include riskier debt - an option floated by BoE Chief Economist Andy Haldane - Ramsden said the potential for boosting growth and smoothing out markets would need to be looked at, and Britain’s finance ministry would have to commit to meeting any losses. 
But Ramsden ruled out another possibility mentioned in financial markets recently - broadening the BoE’s government bond purchases to include inflation-linked bonds and debt shorter than three years in duration. 
“The fundamentals of (the existing bond-buying programme) work. That’s why index-linked, going shorter than three years, for me, that’s not on the agenda.” 
Writing by William Schomberg; Editing by Toby Chopra"
12,"{'id': 'reuters', 'name': 'Reuters'}",Roselle Chen,New York chef turns Michelin-starred eatery into charity kitchen in COVID-19 crisis,"Chef Daniel Humm of Eleven Madison Park, who is used to being paid for fine dining with exclusive black credit cards, says his richest reward during the COVID-19 crisis is the grateful smiles of poor New Yorkers fed by the Michelin three-starred restaurant he…",https://www.reuters.com/article/us-health-coronavirus-usa-new-york-miche-idUSKBN22Y1IN,https://s4.reutersmedia.net/resources/r/?m=02&d=20200522&t=2&i=1519561669&w=1200&r=LYNXMPEG4L0XX,2020-05-22T11:15:15Z,"NEW YORK (Reuters) - Chef Daniel Humm of Eleven Madison Park, who is used to being paid for fine dining with exclusive black credit cards, says his richest reward during the COVID-19 crisis is the grateful smiles of poor New Yorkers fed by the Michelin three-starred restaurant he has turned into a charity kitchen. 
Cooks at his Manhattan eatery, which was named World’s Best Restaurant in 2017 by the World’s 50 Best Restaurants Academy, are preparing 3,000 meals a day for frontline workers and underprivileged New Yorkers, most of them distributed at a Harlem church. 
“I had a person the other day who said, ‘Oh my God, this is the best meal I’ve ever had,’” said Humm, standing inside his darkened, empty restaurant, which was shuttered in mid-March by the coronavirus pandemic. 
Working alongside New York City-based nonprofit Rethink Food, which transforms restaurant leftovers into dishes for the disadvantaged, Humm and his staff have churned out some of the 90,000 meals being served each week to the needy during the pandemic. 
“When this crisis started happening and we had to turn off the lights for a minute, we were a little bit in shock like everyone was,” Humm said. “But then pretty quickly, we felt like we wanted to help in any way we can.”Stripped of its tablecloths and upscale clientele, the dining room looks lonely compared with the activity in the kitchen where meals are prepared for distribution at churches, soup kitchens, community centers and housing projects.Humm transformed the kitchen into a commissary using private donations, and $250,000 donated by American Express, all of which went through Rethink Food.After COVID-19 lockdown restrictions lift and some normalcy is restored, Humm knows he will continue cooking not just for the 1% but for those facing extreme poverty as well.”Food is magical, it’s so powerful,” he said. “I mean, there are very few things in the world that touch everyone.” 
Reporting by Roselle Chen in New York; Writing by Barbara Goldberg; Editing by Matthew Lewis"
13,"{'id': 'reuters', 'name': 'Reuters'}",Timothy Aeppel,U.S. companies discover the dark side of a COVID-19 business boom,Kevin Kelly has discovered the many ways a deadly pandemic can be both a boom and a burden on some U.S. businesses.,https://www.reuters.com/article/us-health-coronvirus-usa-emerald-focus-idUSKBN22R1OE,https://s4.reutersmedia.net/resources_v2/images/rcom-default.png,2020-05-15T11:26:26Z,"(Reuters) - Kevin Kelly has discovered the many ways a deadly pandemic can be both a boom and a burden on some U.S. businesses. 
As the nation clamped down with stay-at-home orders, Kelly said his company, Emerald Packaging Inc. in Union City, Calif, saw demand for the factory’s output explode. Emerald churns out plastic bags for produce, like baby carrots and iceberg lettuce, and Kelly attributed the growth, in part, to the perception that packaged produce is a safer alternative to unwrapped items. 
Emerald represents the other side of the current novel coronavirus crisis, which has seen unemployment surge to levels not seen since the Great Depression. The jobless rate hit 14.7% in April. While many companies face a slump, some are rushing to add workers, including delivery services like Instacart. A recent survey by the Atlanta Fed concluded there have been three jobs added to the U.S. economy for every 10 layoffs. 
Eric Schnur, CEO of specialty chemical maker Lubrizol Corp., owned by Warren Buffett’s Berkshire Hathaway Corp, said he anticipates “many millions in extra costs associated with responding to COVID-19.” Lubrizol’s business boom includes a three-fold increase in its output of the gelling agent used to make hand sanitizer. 
Schnur said the extra costs go beyond stepped up cleaning and safety equipment and includes “significant increases in supply chain and logistics costs as we work to get our materials to those who have the greatest need.” 
Another company facing added costs is Calumet Electronics Corp., in Calumet, Mich., which said it has spent $80,000 on everything from soap to mobile desks to keep workers safe through the crisis. For more on Calumet, click here: 
For Emerald, orders surged 150% in March and were up another 7% in April. But there’s a dark side to that surge, both in terms of cost and complexity. 
All the steps the company has taken both to boost output and keep workers safe are expected to add at least $350,000 to costs by the end of the year. This doesn’t include the lost production time, which adds up to at least an hour each day, that machines have to be shut down for cleaning. Kelly, Emerald’s chief executive officer, said he hasn’t figured out what this will do to his profits, but he expects a big hit to his margins. Emerald is a family-owned business with annual sales of about $85 million. 
One of the biggest costs for Emerald was $50,000 Kelly spent on an automated temperature scanner. When the crisis first hit, Emerald implemented a regimen that included workers getting their temperature taken at the start and end of each shift. 
But Kelly soon realized there was a problem having 40 people at the start of each shift waiting to be checked, one by one, by someone standing close to each employee as they were screened. 
“It also just isn’t comfortable,” he said. “You know it’s a temperature gun, but you basically are holding a gun up to someone else’s head. It just made everyone uncomfortable.” 
The new system will be a scanner that flashes a red warning signal if someone walks by with a body temperature over 100.4 degrees. 
COVID-RELATED COSTS 
Another big-ticket item is the cleaning, which accounts for $75,000 of the added costs. This includes assigning six workers two on each shift to constantly scrub and sanitize surfaces and $10,000 for six backpacks that these workers now use to hose floors with cleanser. The company, which was founded in 1963 by Kelly’s father, has added 10 workers to its staff of 240 and is heaping on overtime as well to get the orders out the door. 
Even the company’s rag bill exploded. They used to buy 2,000 rags a week. Now it’s 7,000. The cost of that one item has jumped from $300 a month to $1,000, while disposable glove use has tripled. 
Michael Rincon, Emerald’s director of operations, says each week brings new twists. For instance, they’ve discovered that having workers constantly wiping surfaces with isopropyl alcohol erodes signs and buttons but they only realized that after it was too late. On one machine in the factory, the word “danger” printed in bright red has blurred. 
Rincon said the faded labels will be repainted. But he’s also had to replace buttons on machines that have had the lettering rubbed away. The cost of a new button isn’t much, but the repairs mean costly shutdowns on lines that run around the clock. Some buttons can be replaced in a few minutes, but others take longer, said Rincon. 
Kelly said he even thought about trying to put through a price increase to offset some of these expenses. But a few weeks ago, his biggest customer let him know that was a non-starter. The customer told Kelly he was going to see who else might be able to supply him with produce bags, presumably at a better price. 
Besides the costs, there are also plenty of unpredictable management challenges. The company made masks mandatory eight weeks ago, at the very beginning of the crisis, but Kelly and other managers still find workers in the plant who aren’t wearing them or are wearing them incorrectly. 
One problem is the nature of their factory, which is dominated by large, noisy machines. The only way to communicate in many parts of the factory is to lean your head right next to your coworker. “I’m constantly walking through the factory throwing my arms apart to remind people,” said Kelly. 
Emerald has had three false alarms, with workers either calling in sick or falling sick at work and being sent home. However, none tested positive for COVID-19, the illness caused by the novel coronavirus. 
Kelly said that in a country that regulates so many things, there’s still no good government guidance beyond general guidelines. 
“The toughest thing is that there isn’t much direction from the state or the federal government,” Pallavi Joyappa, Emerald’s chief operating officer, said. “You are kind of making it up as you go along.” 
Reporting by Timothy Aeppel; editing by Diane Craft"
14,"{'id': 'reuters', 'name': 'Reuters'}",Reuters Editorial,Factbox: Shopping list to keep workers safe during COVID-19 pandemic,Many U.S. manufacturers have a long shopping list of items needed to keep workers safe amid the pandemic.,https://www.reuters.com/article/us-health-coronavirus-usa-emerald-factbo-idUSKBN22R1OO,https://s4.reutersmedia.net/resources_v2/images/rcom-default.png,2020-05-15T11:26:26Z,"(Reuters) - Many U.S. manufacturers have a long shopping list of items needed to keep workers safe amid the pandemic. 
Some are obvious: Masks, gloves, and lots of cleanser. But at Calumet Electronics Corp., the list includes four mobile, pedestal-style desks for the summer interns. Todd Brassard, the company’s chief operating officer, said they normally pack them into a tight conference room. But with the risk of infection, they’ll instead be spread out through the factory this yeara safe distance from each other and from the company’s production workers. 
Business at Calumet, based in Calumet, Mich., is up 25% as demand for the company’s printed circuit boards has grown from makers of critical machines that need them. Brassard estimates he’s spent $80,000 so far. Here’s what’s included in his list: 
Reporting by Timothy Aeppel; Editing by Diane Craft"
15,"{'id': 'reuters', 'name': 'Reuters'}",Reuters Editorial,South Africa rolls out continent's first trials for COVID-19 vaccine - Reuters,"Oxford University rolled out Africa's first human trials for a potential vaccine against the new coronavirus in South Africa on Wednesday, as cases continue to rise and concerns grow over potential access to life-saving treatments.",https://www.reuters.com/article/us-health-coronavirus-safrica-vaccine-idUSKBN23V2PZ,https://s2.reutersmedia.net/resources/r/?m=02&d=20200624&t=2&i=1523361776&w=1200&r=LYNXMPEG5N1XC,2020-06-24T17:20:00Z,"JOHANNESBURG (Reuters) - Oxford University rolled out Africa’s first human trials for a potential vaccine against the new coronavirus in South Africa on Wednesday, as cases continue to rise and concerns grow over potential access to life-saving treatments. 
The trial, conducted with local partner University of the Witwatersrand, will consist of 2,000 volunteers from 18 to 65 years of age, including some HIV positive patients, who will be monitored for 12 months after vaccination to asses how well the vaccine guards against COVID-19. 
“Once 60% of the population, especially the adult population, becomes immune, we expect that effective reproductive rate to go under 1, which basically means the virus will still be around, it will still circulate, but its chain of transmission has been interrupted,” said Shabir Madhi, professor of vaccinology at Wits University and leader of the trial. 
Hopes are that South Africa’s involvement in vaccine trials will ensure the continent will have access to an affordable vaccine and not be left at the back of the queue. 
South Africa is the second country outside of the United Kingdom to take part in the Oxford trial after Brazil launched its study on Wednesday. The ChAdOx1 nCoV-19 vaccine, also known as AZD1222, was originally developed by Oxford University scientists, who are now working with AstraZeneca on development and production. 
There are over 4,000 participants enrolled in the UK, with enrollment of an additional 10,000 participants planned, the university said in a statement on Wednesday. 
A larger study of the same vaccine in up to 30,000 participants is planned in the United States. 
South Africa, which last month began a phased easing of its coronavirus lockdown, has the highest rate of infections on the continent, with confirmed cases at over 100,000 and deaths at more than 2,000. 
The World Health Organization (WHO) has warned Africa could be the next epicentre of the pandemic. 
Trying out a new medical intervention in Africa always rings alarm bells because of a history of big pharmaceutical companies using Africans as guinea pigs. 
“I feel a little bit scared, but I want to know what is going on with this vaccine so that I can tell my friends and others,” said Junior Mhlongo, a volunteer who received the vaccine at a hospital in Johannesburg. 
There are currently no approved vaccines or treatments for the illness caused by the new coronavirus, but more than a dozen vaccines from more than 100 candidates globally are being tested in humans. 
Reporting by Tanisha Heiberg; Editing by Josephine Mason and Mark Potter"
16,"{'id': 'reuters', 'name': 'Reuters'}",Mohammed Aty,Iraqi doctor bets on plasma treatment in search of COVID breakthrough - Reuters UK,"In a hospital ward in Iraq, doctor Ali Salam Abdullah and a smiling patient hold up a large blood bag full of the yellow liquid that he hopes will help turn the corner in cutting the country's coronavirus death rate.",https://uk.reuters.com/article/uk-health-coronavirus-iraq-plasma-idUKKBN23V2KH,https://s4.reutersmedia.net/resources/r/?m=02&d=20200624&t=2&i=1523356524&w=1200&r=LYNXMPEG5N1TV,2020-06-24T16:43:00Z,"BASRA, Iraq (Reuters) - In a hospital ward in Iraq, doctor Ali Salam Abdullah and a smiling patient hold up a large blood bag full of the yellow liquid that he hopes will help turn the corner in cutting the country’s coronavirus death rate. 
The liquid is plasma from a recently recovered patient, believed to be rich in virus antibodies and which immunologist Abdullah and his team in the southern city of Basra have been using to treat critical COVID-19 cases since April. 
He now hopes to get health ministry support to use plasma as a generalised treatment before patients’ conditions become life-threatening, but he says he is facing a shortage of donors. 
“Among all recovered patients, only three percent (of eligible donors) volunteer,” he said. “... If half of those recovered patients came, we would have enough (plasma) to treat patients in Basra until the end of the year.” 
While the effectiveness of plasma as a coronavirus treatment remains unclear, the health ministry is allowing it to be gathered at blood banks and used under certain conditions, while the global pharma industry is working to develop antibody-based therapies. 
Abdullah is convinced that plasma helps patients’ weakened immune systems fight the virus and, to compensate for the shortage of donors, is using a plasma exchange machine that injects replacement fluids to increase the yield per patient from the standard 400ml to up to 3000ml. 
Once he has enough volunteers he says he will revert to standard extraction levels but for the time being, and as Iraq’s COVID epidemic continues to spread, Abdullah is sticking to the higher-yield procedure. 
He is hopeful his methods will eventually be vetted and adopted abroad. 
“I encourage people to come and donate. But most people are afraid, I don’t know why,” said donor Basim Jassem, before posing for pictures with his super-sized plasma bag. 
“They take it from (us) and replace it with a replacement fluid. There is nothing special about it.” 
Iraq’s COVID death toll stands at just over 1,250, with more than 34,500 people infected, according to health ministry figures. 
A ministry spokesman could not be reached immediately for comment on this article. 
Additional reporting by Mohammed Katfan; writing by Charlotte Bruneau; editing by John Stonestreet"
17,"{'id': 'reuters', 'name': 'Reuters'}",Natalia A. Ramos Miranda,UPDATE 1-Chilean copper miner Codelco hit by third COVID-19 death - Reuters,"Chilean state miner Codelco, the world's largest copper producer, on Wednesday reported the death of a third worker who had contracted the new coronavirus.",https://uk.reuters.com/article/health-coronavirus-codelco-idUKL1N2E12M7,https://s4.reutersmedia.net/resources_v2/images/rcom-default.png,2020-06-24T22:28:00Z,"(Adds further detail, background, gov’t agency statement) 
By Natalia A. Ramos Miranda 
SANTIAGO, June 24 (Reuters) - Chilean state miner Codelco, the world’s largest copper producer, on Wednesday reported the death of a third worker who had contracted the new coronavirus. 
The death will pile further pressure on the country`s economically key copper mining industry as unions seek greater protection for workers. 
It was reported by Codelco in an internal statement sent to Chuquicamata division workers and shared with Reuters by the Copper Workers Federation (FTC), which groups the state’s miner’s unions. 
The victim was identified in the memo as José Alberto Levancini, an employee at Chuquicamata. 
The memo did not state the cause of death but said Levancini had contracted the coronavirus outside of work. 
The FTC told Reuters it had been told by Chuquicamata union leaders the man contracted COVID-19, the disease caused by the coronavirus, at the division. 
Codelco declined to comment on the contents of the memo, or the FTC’s claims. 
Levancini’s death was the second at Chuquicamata: the first COVID death reported by Codelco on June 6 was a 48-year-old man working at the mine’s crushing unit. The company confirmed a second death at its separate Ministro Hales mine over the weekend. 
The deaths come as Chile faces its toughest weeks so far of the pandemic with 254,416 cases and 4,731 confirmed deaths reported by the government on Wednesday. 
Chile’s copper miners have maintained production with skeleton staff since the pandemic outbreak in March but have recently tightened health protocols amid growing pressure from unions. 
Codelco has announced a strengthening of safety measures including a 14-day-on, 14-day-off shift schedule and the suspension of some construction projects. 
“We will continue to intensify all our efforts to face this pandemic, with the basic premise of protecting the health and safety of our workers,” the company said in Wednesday’s memo. 
Chile´s Geology and Mining Service said on Wednesday it was meeting with the mining industry to discuss strengthening health protocols. The agency’s director Alfonso Domeyko said miners had stressed to him the importance of workers practicing “self-care” measures in their communities as well as at work. (Reporting by Natalia Ramos, writing by Aislinn Laing; Editing by Sandra Maler and Tom Brown)"
18,"{'id': 'reuters', 'name': 'Reuters'}",Anthony Esposito,"Latin America's COVID-19 deaths seen hitting nearly 390,000 by October - Reuters","The death toll from the coronavirus in Latin America is expected to skyrocket to 388,300 by October, with Brazil and Mexico seen accounting for two-thirds of fatalities as other nations in the region contain their outbreaks, researchers said on Wednesday.",https://www.reuters.com/article/us-health-coronavirus-latam-imhe-idUSKBN23W04E,https://s2.reutersmedia.net/resources/r/?m=02&d=20200625&t=2&i=1523403631&w=1200&r=LYNXMPEG5O02D,2020-06-25T01:18:00Z,"MEXICO CITY (Reuters) - The death toll from the coronavirus in Latin America is expected to skyrocket to 388,300 by October, with Brazil and Mexico seen accounting for two-thirds of fatalities as other nations in the region contain their outbreaks, researchers said on Wednesday. 
The region has emerged as a new global hotspot for the fast-spreading pandemic as deaths surpassed 100,000 this week and cases have tripled from 690,000 one month ago to 2 million. 
High poverty levels and large informal sectors - which mean many workers cannot afford to quarantine - have combined with overcrowding in cities and inadequate public healthcare, particularly in isolated rural communities, to hamstring Latin America’s fight to stem the contagion. 
Brazil is expected to exceed 166,000 deaths and Mexico 88,000, according to the forecast from the University of Washington’s Institute for Health Metrics and Evaluation (IHME). 
Argentina, Chile, Colombia, Ecuador, Guatemala and Peru are each forecast to see over 10,000 fatalities, while 15 nations including Paraguay, Uruguay and Belize are seen with fewer than 1,000 deaths each. 
“Several Latin American countries are facing explosive trajectories, while others are containing infections effectively,” said IHME Director Dr. Christopher Murray. 
IHME researchers warned that the loss of life could surge even higher than the already-grim forecast if mandates on mask wearing and social distancing are relaxed. 
In a worst-case scenario, the COVID-19 death toll could climb to 340,476 people in Brazil and 151,433 people in Mexico, the report said. 
The leaders of Brazil and Mexico have been chastised for not taking the virus seriously enough and pushing for a reopening of their economies before the virus has been tamed. 
“Brazil is at a grim tipping point. ... Unless and until the government takes sustained and enforced measures to slow transmission, the nation will continue its tragic upward trajectory of infections and deaths,” Murray said. 
As Brazilian President Jair Bolsonaro has continued to downplay the seriousness of the health crisis, Latin America’s largest nation has tallied nearly 1.2 million cases and 53,830 deaths. 
Transmission could be cut in half in communities where people are wearing masks when leaving their homes, according to the IHME. 
“Increased testing and use of masks are important tools in reducing the toll of this pandemic in Mexico, in addition to keeping healthy distance,” said Dr. Rafael Lozano, director of Health Systems at IHME. 
If mask use rises to 95%, Brazil could see as few as 147,431 deaths and Mexico’s forecasted death toll could fall to 79,652, the researchers said. 
Reporting by Anthony Esposito; Editing by Daniel Flynn and Leslie Adler"
19,"{'id': 'reuters', 'name': 'Reuters'}",Beatrix Lockwood,"Triple threat for refugees: Conflict, COVID-19 and cash, says IRC's Miliband - Reuters India","As the COVID-19 pandemic spreads, people already displaced by conflict, hunger and economic upheaval are especially vulnerable. Lauren Young and Michelle Nichols of Reuters spoke with David Miliband, president and CEO of the International Rescue Committee (IR…",https://in.reuters.com/article/health-coronavirus-miliband-idINKBN23W0AK,https://s4.reutersmedia.net/resources/r/?m=02&d=20200625&t=2&i=1523408486&w=1200&r=LYNXMPEG5O07V,2020-06-25T02:57:59Z,"NEW YORK (Reuters) - As the COVID-19 pandemic spreads, people already displaced by conflict, hunger and economic upheaval are especially vulnerable. Lauren Young and Michelle Nichols of Reuters spoke with David Miliband, president and CEO of the International Rescue Committee (IRC), as part of our #AskReuters series. Below are edited highlights. 
Lauren Young: How is the pandemic impacting refugee populations? 
David Miliband: Refugees and displaced people around the world face a triple emergency: conflict and displacement, COVID-19 and the global economic crisis it has generated, and now the clear failure of global leadership to act to prevent and treat the disease. 
The world is experiencing the worst economic downturn since the Great Depression, and the contractions in economic activity in response to COVID-19 are having a disproportionate impact on hunger in conflict-affected states. 
Vulnerable people in developing countries need a cash boost of $1.7 billion over the next six months to prevent from going hungry as a result of this recession. 
Michelle Nichols: The U.S. is taking fewer and fewer refugees. What other countries are destinations, and what is the resettlement outlook when they arrive there? 
DM: The top refugee-hosting countries include Turkey (3.6 million), Colombia (1.8 million), Pakistan, Uganda and Germany. 
Having visited Colombia last year, I am particularly overwhelmed by the outlook of Venezuelan refugees when they arrive in Colombia. They have lost everything. Colombia has extended an extraordinary welcome but services remain overstretched. More funding and long-term support are required to meet the growing needs in the country and region, including permanent resettlement to higher-income countries. 
Over 71,000 Venezuelans have returned from Colombia back to Venezuela after the pandemic made it impossible for them to make a living, with many taking the journey by foot. IRC is providing healthcare, food, water and COVID-19 testing to those returning. 
Lauren Young: The United Nations Security Council (UNSC) is considering a proposal to reopen a border crossing from Iraq into Syria for six months to allow aid deliveries to help combat the coronavirus. Opposition by Russia and China shut it down in January. What's your message to them? (Read more in this Reuters article: here) 
DM: It is clear that time is running out - and the UNSC must act now. This way, millions of Syrians are not denied access to timely, life-saving humanitarian assistance. The border crossing is a critical lifeline providing food, shelter, hygiene, and medical services. 
Few decisions are so grave as this one, particularly in the midst of this pandemic. Without this cross-border mechanism to Syria, simply put, lives will be lost. Only 31% of the healthcare facilities in Northeast Syria that were previously supported have been supplied, and NGOs are unable to fill these gaps. The UNSC has the power to address these gaps by reopening the border crossing. 
Lauren Young: What gives you hope now? 
DM: I always like to say that if you look at the statistics - the fact that 1% of humanity is now displaced - you get depressed. But if you look at the clients that we serve and the resilience of the human spirit, that gives you hope. 
Editing by Lauren Young and Rosalba O'Brien"
