,source,author,title,description,url,urlToImage,publishedAt,content
0,"{'id': 'reuters', 'name': 'Reuters'}",Reuters Editorial,Senegal president self-quarantines after contact with COVID-19 case - Reuters Africa,"Senegalese President Macky Sall is quarantining for two weeks after coming into contact with someone who has since tested positive for the coronavirus, state television said on Thursday.",https://af.reuters.com/article/topNews/idAFKBN23W0ZM-OZATP,https://s3.reutersmedia.net/resources/r/?m=02&d=20200625&t=2&i=1523431226&w=1200&r=LYNXMPEG5O0O8-OZATP,2020-06-25T07:35:00Z,"DAKAR (Reuters) - Senegalese President Macky Sall is quarantining for two weeks after coming into contact with someone who has since tested positive for the coronavirus, state television said on Thursday. 
The measure is precautionary as an initial COVID-19 test of Sall has come back negative, it said. 
Reporting by Diadie Ba; Writing by Alessandra Prentice; Editing by Toby Chopra"
1,"{'id': 'reuters', 'name': 'Reuters'}",Reuters Editorial,Senegal president self-quarantines after contact with COVID-19 case - Reuters,"Senegalese President Macky Sall is quarantining for two weeks after coming into contact with someone who has since tested positive for the coronavirus, state television said on Thursday.",https://www.reuters.com/article/us-health-coronavirus-senegal-idUSKBN23W0SK,https://s2.reutersmedia.net/resources/r/?m=02&d=20200625&t=2&i=1523426181&w=1200&r=LYNXMPEG5O0KE,2020-06-25T07:01:45Z,"DAKAR (Reuters) - Senegalese President Macky Sall is quarantining for two weeks after coming into contact with someone who has since tested positive for the coronavirus, state television said on Thursday. 
The measure is precautionary as an initial COVID-19 test of Sall has come back negative, it said. 
Reporting by Diadie Ba; Writing by Alessandra Prentice; Editing by Toby Chopra"
2,"{'id': 'reuters', 'name': 'Reuters'}",Huw Jones,"EU needs stronger markets watchdog for COVID recovery, Barclays says - Reuters UK","The European Union needs centralised supervision of stocks and bonds if it wants a capital market that is on a par with those in the United States and Britain, the boss of Barclays Bank in Europe said on Friday.",https://uk.reuters.com/article/uk-health-coronavirus-eu-markets-idUKKBN23X1PE,https://s1.reutersmedia.net/resources/r/?m=02&d=20200626&t=2&i=1523736997&w=1200&r=LYNXMPEG5P151,2020-06-26T13:03:09Z,"LONDON (Reuters) - The European Union needs centralised supervision of stocks and bonds if it wants a capital market that is on a par with those in the United States and Britain, the boss of Barclays Bank in Europe said on Friday. 
The European Commission is due in September to set out measures to accelerate the creation of a capital markets union or CMU, made more urgent by Britain’s departure from the bloc and the need to recapitalise companies after the COVID-19 shock. 
Efforts so far have been patchy, with bank loans still providing most funding for companies, rather than stock or bond issues. 
But most EU states remain opposed to a major centralisation of supervision, such as an EU version of the U.S. Securities and Exchange Commission, preferring to maintain a national role in markets. 
“Centralised supervision and regulation is very important and you see this in other places where there are very deep and extensive debt and equity capital markets,” said Kevin Wall, chief executive of Barclays Europe. 
He said the political and economic stars were aligned and it was in every EU state’s interest to have a deeper and more liquid capital market, Wall said. 
“Over the last few months in the crisis... we have seen, relatively, a lot more equity issuance in the UK, in the (United) States, than we have across Europe. One of the reasons is the capital markets union, its development and progress,” Wall said. 
Verena Ross, executive director of the EU’s European Securities and Markets Authority (ESMA), said having uneven supervision and detailed national rules were a major barrier to a genuine CMU. 
But the “mixed model” of national and EU supervision is likely to stay, she said. 
Danuta Hubner, a member of the European Parliament, said it was time to get on with creating a CMU that makes the EU globally competitive. 
“We cannot spend the next 10 years reflecting on what is more important,” she said. 
Reporting by Huw Jones; Editing by Gareth Jones"
3,"{'id': 'reuters', 'name': 'Reuters'}",Christian Levaux,Belgian pop singer takes office job as COVID-19 wrecks debut - Reuters,"Just before the coronavirus outbreak in Europe, Belgian pop singer Dana Rexx was hopeful of breaking through with her first single release in April and a tour of Asia planned.",https://www.reuters.com/article/us-health-coronavirus-belgium-idUSKBN23X1R1,https://s3.reutersmedia.net/resources/r/?m=02&d=20200626&t=2&i=1523738773&w=1200&r=LYNXMPEG5P15P,2020-06-26T12:47:00Z,"BRUSSELS (Reuters) - Just before the coronavirus outbreak in Europe, Belgian pop singer Dana Rexx was hopeful of breaking through with her first single release in April and a tour of Asia planned. 
Instead she found herself working an office job to make ends meet. 
The coronavirus has put millions of artists around the world out of work and caused huge financial loss, particularly as some, like Rexx, are not eligible for emergency state help for the self-employed because of a lack of formal contracts. 
“Four months ago we were negotiating a tour in Asia and the release of my debut album,” Rexx, which is a stage name, told Reuters. 
The single was not released and the tour never got off the ground. She now works from home as a freelance assistant to a managing director of a firm in Brussels. 
Everything, including studio recording in Britain, is on hold, said Rexx, who declined to give her real name.   
“I have had to find other ways to make money to pay my bills,” she said while answering corporate emails on a computer screen. 
Still dressed in black and with purple hair, Rexx has returned to office work she sought to leave behind in 2014 when she tried for a career as a singer, inspired by her youth, when she sung on Belgian television aged 10. 
Her desk is far from the drama of her promotional videos where, with feathers in her hair and sparkling eye make-up, she sings both on horseback and in chains in a castle. 
But like her lyrics about the phoenix rising from the ashes, she hopes that with the easing of lockdowns across Europe from July she may be back on stage. 
“I will definitely be sending emails to promoters and bookers to let them know I am available,” she said. 
Writing by Robin Emmott; Editing by Angus MacSwan"
4,"{'id': 'reuters', 'name': 'Reuters'}",Kate Kelland,WHO-led coalition needs $31.3 billion to fight COVID-19 - Reuters,"The World Health Organization-led coalition fighting the coronavirus needs $31.3 billion over the next 12 months to develop and roll out tests, treatments and vaccines, it said on Friday.",https://www.reuters.com/article/us-health-coronavirus-who-idUSKBN23X1S1,https://s3.reutersmedia.net/resources/r/?m=02&d=20200626&t=2&i=1523740619&w=1200&r=LYNXMPEG5P16O,2020-06-26T12:57:00Z,"LONDON/GENEVA (Reuters) - The World Health Organization-led coalition fighting the coronavirus needs $31.3 billion over the next 12 months to develop and roll out tests, treatments and vaccines, it said on Friday. 
It said $3.4 billion had been contributed to date, leaving a funding gap of $27.9 billion, of which $13.7 billion was “urgently needed”. 
The WHO initiative aims to scale up delivery of 500 million tests and 245 million courses of treatments to low- and middle-income countries by mid-2021, it said in a statement. 
It also aims to scale up delivery of 2 billion vaccines doses, including 1 billion to be bought by low- and middle-income countries, by the end of 2021. 
The WHO is working with a large coalition of drug-development, funding and distribution organisations under what it is calling the ACT-Accelerator Hub. 
In an update on the ACT-Accelerator initiative, launched in April to speed up research and development for the new disease, the WHO and global health groups said the coronavirus pandemic is still threatening millions of lives and scores of economies. 
“The investment required is significant, but it pales in significance when compared to the cost of COVID-19,” it said in a statement. 
“The total cost of the ACT-Accelerator’s work is less than a tenth of what the IMF estimates the global economy is losing every month due to the pandemic. 468,000 thousand people have already lost their lives.” 
Reporting by Kate Kelland, Stephanie Nebehay, Ludwig Berger and Matthias Blamont; Writing by Nick Macfie; Editing by Giles Elgood"
5,"{'id': 'reuters', 'name': 'Reuters'}",Reuters Editorial,Brazil appeals court rules JBS plant must be closed again over COVID-19 - Reuters,"An appeals court in Brazil's southern Rio Grande do Sul state ruled that a plant operated by meatpacker JBS SA must close, overturning a lower court decision allowing it to open after an outbreak of novel coronavirus, according to a statement from the state's…",https://www.reuters.com/article/health-coronavirus-jbs-idUSS0N2DG00N,https://s4.reutersmedia.net/resources_v2/images/rcom-default.png,2020-06-25T16:46:00Z,"SAO PAULO, June 25 (Reuters) - An appeals court in Brazil’s southern Rio Grande do Sul state ruled that a plant operated by meatpacker JBS SA must close, overturning a lower court decision allowing it to open after an outbreak of novel coronavirus, according to a statement from the state’s labor prosecutors on Thursday. 
The JBS chicken plant in the town of Passo Fundo had been authorized to reopen on May 21, after being closed on April 24, following an outbreak. 
JBS declined comment on ongoing lawsuits. 
Reporting by Ana Mano
Editing by Chizu Nomiyama"
6,"{'id': 'reuters', 'name': 'Reuters'}",Ana Mano,"UPDATE 1-JBS plant in Brazil must close again over COVID-19, appeals court rules - Reuters","An appeals court in Brazil's southern Rio Grande do Sul state ruled that a plant operated by meatpacker JBS SA must close, overturning a lower labor court decision allowing it to open after an outbreak of the novel coronavirus, according to a statement from t…",https://www.reuters.com/article/health-coronavirus-jbs-idUSL1N2E21MT,https://s4.reutersmedia.net/resources_v2/images/rcom-default.png,2020-06-25T19:52:00Z,"(Adds context) 
By Ana Mano 
SAO PAULO, June 25 (Reuters) - An appeals court in Brazil’s southern Rio Grande do Sul state ruled that a plant operated by meatpacker JBS SA must close, overturning a lower labor court decision allowing it to open after an outbreak of the novel coronavirus, according to a statement from the state’s labor prosecutors on Thursday. 
The JBS chicken plant in the town of Passo Fundo had been authorized to reopen on May 21, after being closed on April 24, following an outbreak. 
JBS declined comment on the new ruling. 
The plant, which employs more than 2,600 people, has capacity to process 320,000 birds per day, JBS said when it reopened. 
Amid a spate of outbreaks at Brazilian meatpacking plants, earlier this week another court ruled JBS must test all workers for coronavirus at its Três Passos pork plant, also in Rio Grande do Sul. 
On the day the ruling was announced, the state labor prosecutors had said the number of meatpacking plants with confirmed cases of the novel coronavirus was 32 in Brazil’s southernmost state. 
As of June 23, almost 5,000 workers at meat plants had tested positive for the novel coronavirus in Rio Grande do Sul, or 25.14% of the state’s total 19,710 cases, the labor prosecutors said. 
At Três Passos, which remains open, a 48-year-old JBS employee died from COVID-19 complications, the state labor prosecutors said. 
Citing local health authorities, the prosecutors also said 117 JBS workers, out of 1,017 at Três Passos, had tested positive for the virus before JBS’s own testing began. 
JBS said in a statement to Reuters that it regretted the death of its worker, who had been employed by the company for 27 years. The company said he was off duty since June 8, and died 15 days later. 
JBS has been offering assistance to his family. (Reporting by Ana Mano; Editing by Chizu Nomiyama and Andrea Ricci)"
7,"{'id': 'reuters', 'name': 'Reuters'}",Leika Kihara,BOJ's Kuroda warns second-round effect of COVID-19 may dent economic growth - Reuters UK,"Bank of Japan (BOJ) Governor Haruhiko Kuroda said second-round effects of the coronavirus pandemic could hurt the Japanese economy ""considerably"", signalling the bank's readiness to ramp up stimulus measures again to cushion any blow from the crisis.",https://uk.reuters.com/article/uk-japan-economy-boj-idUKKBN23X0E3,https://s4.reutersmedia.net/resources/r/?m=02&d=20200626&t=2&i=1523688759&w=1200&r=LYNXMPEG5P069,2020-06-26T03:34:00Z,"TOKYO (Reuters) - Bank of Japan (BOJ) Governor Haruhiko Kuroda said second-round effects of the coronavirus pandemic could hurt the Japanese economy “considerably”, signalling the bank’s readiness to ramp up stimulus measures again to cushion any blow from the crisis. 
But in an online seminar on Friday Kuroda said the central bank saw no immediate need to cut interest rates, and instead will focus on easing corporate funding strains and stabilising markets with its lending facility and asset purchases. 
“Japan’s economy has been in an extremely severe situation ... In the second quarter, we’ll likely see considerable negative growth,” Kuroda said. 
“At this moment, we didn’t see the need to further lower the entire yield curve. Of course, if necessary we will do that. But now, we don’t think it’s necessary,” he said. 
The BOJ eased policy in March and April, mainly by boosting asset buying and creating lending schemes to channel funds to companies hit by the pandemic. It has kept its interest-rate targets unchanged. 
Kuroda said he was “cautiously optimistic” that Japan’s economy will gradually recover from the second half of this year, allowing the BOJ to scale back its crisis-response steps. 
“Once the impact of COVID-19 on the economy has subsided, the economy starts to recover and comes back to a normal growth path, then of course our extraordinary measures may be gradually curtailed,” Kuroda said. 
“But then, we have to achieve our 2% inflation target,” he said. “That’s unlikely to be met in the short run. The BOJ’s expanded balance sheet would not be normalised until 2% inflation is achieved.” 
Under yield curve control, the BOJ guides short-term rates at -0.1% and long-term yields around zero. It also introduced several crisis-response tools, including a lending facility to ease funding strains that expires in March next year. 
Reporting by Leika Kihara; Editing by Chang-Ran Kim and Kenneth Maxwell"
8,"{'id': 'reuters', 'name': 'Reuters'}",Reuters Editorial,'He's like a child' -Biden on Trump's COVID-19 response - Reuters,"During remarks in Lancaster, Pennsylvania on Thursday, former Vice-President Joe Biden called out President Trump for his ""whining and self-pity"" while the nation goes through a pandemic.",https://www.reuters.com/video/watch/idOVCJVJE1R,https://static.reuters.com/resources/r/?d=20200625&i=OVCJVJE1R&r=OVCJVJE1R&t=2,2020-06-25T20:53:41Z,"Posted 
During remarks in Lancaster, Pennsylvania on Thursday, former Vice-President Joe Biden called out President Trump for his ""whining and self-pity"" while the nation goes through a pandemic."
9,"{'id': 'reuters', 'name': 'Reuters'}",Reuters Editorial,BOJ's Kuroda warns second-round effect of COVID-19 may dent economic growth - Reuters,"Bank of Japan Governor Haruhiko Kuroda said there was a risk the second-round effects of the coronavirus pandemic may push down the country's economy ""considerably"".",https://www.reuters.com/article/us-japan-economy-boj-idUSKBN23W3LU,https://s3.reutersmedia.net/resources/r/?m=02&d=20200625&t=2&i=1523671233&w=1200&r=LYNXMPEG5O2M5,2020-06-25T23:16:00Z,"TOKYO (Reuters) - Bank of Japan Governor Haruhiko Kuroda said there was a risk the second-round effects of the coronavirus pandemic may push down the country’s economy “considerably”. 
“It is essential to maintain Japan’s financial system stability and accommodative financial conditions” to combat lingering risks to the economic outlook, Kuroda said in an online seminar on Friday. 
Reporting by Leika Kihara; Editing by Chang-Ran Kim"
10,"{'id': 'reuters', 'name': 'Reuters'}",Julie Steenhuysen,Scientists just beginning to understand the many health problems caused by COVID-19 - Reuters,"Scientists are only starting to grasp the vast array of health problems caused by the novel coronavirus, some of which may have lingering effects on patients and health systems for years to come, according to doctors and infectious disease experts.",https://www.reuters.com/article/us-health-coronavirus-effects-idUSKBN23X1BZ,https://s2.reutersmedia.net/resources/r/?m=02&d=20200626&t=2&i=1523722694&w=1200&r=LYNXMPEG5P0UF,2020-06-26T10:12:00Z,"CHICAGO (Reuters) - Scientists are only starting to grasp the vast array of health problems caused by the novel coronavirus, some of which may have lingering effects on patients and health systems for years to come, according to doctors and infectious disease experts. 
Besides the respiratory issues that leave patients gasping for breath, the virus that causes COVID-19 attacks many organ systems, in some cases causing catastrophic damage. 
“We thought this was only a respiratory virus. Turns out, it goes after the pancreas. It goes after the heart. It goes after the liver, the brain, the kidney and other organs. We didn’t appreciate that in the beginning,” said Dr. Eric Topol, a cardiologist and director of the Scripps Research Translational Institute in La Jolla, California. 
In addition to respiratory distress, patients with COVID-19 can experience blood clotting disorders that can lead to strokes, and extreme inflammation that attacks multiple organ systems. The virus can also cause neurological complications that range from headache, dizziness and loss of taste or smell to seizures and confusion. 
And recovery can be slow, incomplete and costly, with a huge impact on quality of life. 
The broad and diverse manifestations of COVID-19 are somewhat unique, said Dr. Sadiya Khan, a cardiologist at Northwestern Medicine in Chicago. 
With influenza, people with underlying heart conditions are also at higher risk of complications, Khan said. What is surprising about this virus is the extent of the complications occurring outside the lungs. 
Kahn believes there will be a huge healthcare expenditure and burden for individuals who have survived COVID-19. 
LENGTHY REHAB FOR MANY 
Patients who were in the intensive care unit or on a ventilator for weeks will need to spend extensive time in rehab to regain mobility and strength. 
“It can take up to seven days for every one day that you’re hospitalized to recover that type of strength,” Kahn said. “It’s harder the older you are, and you may never get back to the same level of function.” 
While much of the focus has been on the minority of patients who experience severe disease, doctors increasingly are looking to the needs of patients who were not sick enough to require hospitalization, but are still suffering months after first becoming infected. 
Studies are just getting underway to understand the long-term effects of infection, Jay Butler, deputy director of infectious diseases at the U.S. Centers for Disease Control and Prevention, told reporters in a telephone briefing on Thursday. 
“We hear anecdotal reports of people who have persistent fatigue, shortness of breath,” Butler said. “How long that will last is hard to say.” 
While coronavirus symptoms typically resolve in two or three weeks, an estimated 1 in 10 experience prolonged symptoms, Dr. Helen Salisbury of the University of Oxford wrote in the British Medical Journal on Tuesday. 
Salisbury said many of her patients have normal chest X-rays and no sign of inflammation, but they are still not back to normal. 
“If you previously ran 5k three times a week and now feel breathless after a single flight of stairs, or if you cough incessantly and are too exhausted to return to work, then the fear that you may never regain your previous health is very real,” she wrote. 
Dr. Igor Koralnik, chief of neuro-infectious diseases at Northwestern Medicine, reviewed current scientific literature and found about half of patients hospitalized with COVID-19 had neurological complications, such as dizziness, decreased alertness, difficulty concentrating, disorders of smell and taste, seizures, strokes, weakness and muscle pain. 
FILE PHOTO: An undated scanning electron microscope image shows SARS-CoV-2 (round gold objects), also known as novel coronavirus, the virus that causes COVID-19, emerging from the surface of cells cultured in the lab and isolated from a patient in the U.S. NIAID-RML/Handout via REUTERS 
Koralnik, whose findings were published in the Annals of Neurology, has started an outpatient clinic for COVID-19 patients to study whether these neurological problems are temporary or permanent. 
Kahn sees parallels with HIV, the virus that causes AIDS. Much of the early focus was on deaths. 
“In recent years, we’ve been very focused on the cardiovascular complications of HIV survivorship,” Kahn said. 
Reporting by Julie Steenhuysen; additional reporting by Caroline Humer and Nancy Lapid in New York; Editing by Bill Berkrot"
11,"{'id': 'reuters', 'name': 'Reuters'}",Sharon Bernstein and Lisa Shumaker,Closing time for some California bars as U.S. posts record COVID cases - Reuters Canada,"California on Sunday ordered some bars to close, the first major rollback of efforts to reopen the economy in the most populous U.S. state as cases nationwide soar to record levels day after day.",https://ca.reuters.com/article/topNews/idCAKBN23Z0IW,https://s2.reutersmedia.net/resources/r/?m=02&d=20200628&t=2&i=1523916331&w=1200&r=LYNXMPEG5R0MC,2020-06-28T22:34:00Z,"SACRAMENTO (Reuters) - California on Sunday ordered some bars to close, the first major rollback of efforts to reopen the economy in the most populous U.S. state as cases nationwide soar to record levels day after day. 
Governor Gavin Newsom’s order for bars to close in Los Angeles and six other counties followed moves by Texas and Florida to shut all their bars on Friday. Public health officials in California and throughout the nation have identified bars as the most risky non-essential businesses currently open, the state said. 
Consuming alcohol reduces inhibitions that leads to less compliance with wearing masks and keeping apart, health officials warn. Bars are also generally noisy, requiring patrons to shout, which spreads droplets more widely. 
The surge in COVID-19 cases has been most pronounced in several Southern and Western states that did not follow health officials’ recommendations to wait for a steady decline in cases before reopening their economies. 
For a third consecutive day on Saturday, the number of confirmed U.S. cases leapt by more than 40,000, one of the largest surges in the world. In many of these states, people under 35 have accounted for a large percentage of new cases. More tests are also coming back positive, up to 25% in some areas. 
Even in states where cases have been declining for weeks, bars have been a source of outbreaks. One bar in East Lansing, Michigan has been linked to more than 85 cases, according to local health officials who say that number is likely to rise. 
In addition to bars, Texas shuttered tubing and rafting business on Friday to try to avoid crowds like those seen on Saturday in Arizona along the Salt River east of Phoenix. 
As temperatures rose to above 100 Fahrenheit (38 Celsius), dozens of people climbed into inflatable inner tubes with coolers and took to the water to escape the heat. Very few wore masks. 
Some beaches in Florida are also closing ahead of next weekend’s Fourth of July holiday, which would have drawn large crowds. 
In Arizona, cases have risen by 267% so far in June and jumped by a record 3,857 cases on Sunday, the eighth record-breaking increase this month. Georgia reported a record increase of 2,225 cases on Sunday. Fifteen states, including California, Florida and Texas, saw record rises in cases last week. 
WEAR A MASK 
Just a day after he sounded a note of optimism about the U.S. response to the pandemic and said the country was in “a much better place,” Vice President Mike Pence canceled events to campaign for Republican President Donald Trump’s re-election in Florida and Arizona due to the outbreak, campaign officials said on Saturday. 
On Sunday, Pence traveled to Texas and attended a service at the First Baptist Church of Dallas where a 100-member choir sang without masks. Pence did wear a face covering while sitting in the audience, according to a video. 
In early March, a church choir in Washington state gathered for a rehearsal before the state issued a stay-at-home order. The Centers for Disease Control and Prevention said 87% of the singers developed COVID-19. Two members of the choir died. 
Pence urged Texans to follow local laws requiring masks and said towns and counties in about half the state are requiring face coverings in public. Pence has defended Trump’s refusal to directly ask all Americans to wear masks. 
Global coronavirus cases exceeded 10 million on Sunday according to a Reuters tally, marking a major milestone in the spread of the respiratory disease that has so far killed almost half a million people in seven months. 
(GRAPHIC: Tracking the novel coronavirus in the U.S. - here) 
Reporting by Sharon Bernstein in Sacramento and Lisa Shumaker in Chicago; Additional reporting by Susan Heavey in Washington and Maria Caspani in New York; Writing by Lisa Shumakmer; Editing by Daniel Wallis"
12,"{'id': 'reuters', 'name': 'Reuters'}",Reuters Editorial,Romania's Craiova avoid sanctions over COVID-19 rules violations - Reuters UK,"Romania's Universitatea Craiova will not face any punishment after players and fans failed to observe social distancing during late-night pyrotechnics celebrations on Tuesday, the country's professional league (LPF) said on Wednesday.",https://uk.reuters.com/article/uk-health-coronavirus-soccer-romania-idUKKBN23V2FZ,https://s4.reutersmedia.net/resources_v2/images/rcom-default.png,2020-06-24T15:58:00Z,"BUCHAREST (Reuters) - Romania’s Universitatea Craiova will not face any punishment after players and fans failed to observe social distancing during late-night pyrotechnics celebrations on Tuesday, the country’s professional league (LPF) said on Wednesday. 
TV images showed around 100 Universitatea supporters surrounding the team bus after Tuesday’s 2-1 home win over FC Botosani, setting off smoke bombs and fireworks before giving high fives and hugging players who got off the vehicle. 
However, LPF general secretary Justin Stefan said the governing body which runs the top-flight would not take any action against the club because the players had not been inside the ground where the match took place. 
“Craiova does not risk anything at the moment,” Stefan said. “The club cannot be sanctioned according to the sanitary protocol if the players and fans were not inside the stadium.” 
The Romanian league resumed on June 13 with matches behind closed doors, ending a three-month break due to the novel coronavirus pandemic. 
Romania’s football federation (FRF) suspended all soccer in mid-March due to the COVID-19 pandemic. The virus has so far killed more than 1,500 people in the Black Sea state, with nearly 25,000 confirmed infections. 
The game between Universitatea and FC Botosani was due to be played on June 12 but was postponed after the visiting side’s doctor tested positive for COVID-19. 
Craiova’s victory on Tuesday, the team’s second straight win since ex-Lazio defender Cristiano Bergodi was appointed coach, kept alive their chances of claiming a fifth league title. 
The Students, who reached the UEFA Cup semi-finals and the European Cup quarter-finals in the 1980s, are second in the standings with 32 points, four behind reigning champions CFR Cluj. The two teams meet in a crunch clash on Sunday. 
Reporting by Angel Krasimirov; Editing by Ken Ferris"
13,"{'id': 'the-wall-street-journal', 'name': 'The Wall Street Journal'}","Manish Butte, Andrew Bogan",A Political Assault on Antibody Tests - The Wall Street Journal,"<ol><li>A Political Assault on Antibody Tests  The Wall Street Journal
</li><li>I got an antibody test. Here’s what it means for my life during coronavirus.  NJ.com
</li><li>Questions about COVID-19 antibody tests don't seem to deter public appetite for res…",https://www.wsj.com/articles/a-political-assault-on-antibody-tests-11589908458,https://images.wsj.net/im-188224/social,2020-05-19T17:19:19Z,"Tests for Covid-19 antibodies are now available, but news reports suggestand some physicians are advising their patientsthat antibodies may not provide immunity. This assertion defies generations of immunology research and is a political attack on reliable tests.
Heres how the immune system works: On viral infection, it reacts with two surges, innate and adaptive immunity. The innate response comes within minutes to hours and triggers alarms that result in effects across the body such as fever. Tissues and cells produce..."
14,"{'id': 'reuters', 'name': 'Reuters'}",Reuters Editorial,Three New York children have died from rare illness tied to COVID-19: governor,"Three children in New York have died from a rare inflammatory syndrome believed to be linked to the novel coronavirus, Governor Andrew Cuomo told a daily briefing on Saturday.",https://www.reuters.com/article/us-health-coronavirus-usa-ny-idUSKBN22L0OF,https://s3.reutersmedia.net/resources/r/?m=02&d=20200509&t=2&i=1518046178&w=1200&r=LYNXMPEG480L6,2020-05-09T16:05:12Z,"(Reuters) - Three children in New York have died from a rare inflammatory syndrome believed to be linked to the novel coronavirus, Governor Andrew Cuomo told a daily briefing on Saturday. 
Cuomo had on Friday disclosed the death of a 5-year old linked to the coronavirus and a syndrome that shares symptoms with toxic shock and Kawasaki disease, which was the first known fatality tied to the rare illness in New York. 
Reporting by Nathan Layne in Wilton, Connecticut; Editing by Daniel Wallis"
15,"{'id': 'reuters', 'name': 'Reuters'}",Reuters Editorial,Germany tries to trace people who attended church service at which COVID-19 spread,German authorities are trying to trace everyone who attended a church service in Frankfurt this month after more than 107 people tested positive for the coronavirus.,https://www.reuters.com/article/us-health-coronavirus-germany-idUSKBN2300KK,https://s4.reutersmedia.net/resources/r/?m=02&d=20200524&t=2&i=1519738908&w=1200&r=LYNXMPEG4N0EU,2020-05-24T15:17:29Z,"FRANKFURT (Reuters) - German authorities are trying to trace everyone who attended a church service in Frankfurt this month after more than 107 people tested positive for the coronavirus. 
Churches in the state of Hesse, where Frankfurt is located, have been able to hold services since May 1 following the easing of coronavirus lockdown restrictions, provided they adhere to official social distancing and hygiene rules. 
“This situation shows how important it is that all of us stay alert and avoid becoming careless, especially now during the easing of restrictions. The virus is still there and will spread,” Hesse state health minister Kai Klose said. 
He said the authorities hoped that identifying those who attended the service at a Baptist church on May 10 would help prevent others being infected. 
It was not immediately clear whether all the 107 with the coronavirus attended the service, or whether the tally includes people who were infected by those who did. 
The number of confirmed coronavirus cases in Germany has risen to 178,281, data from the Robert Koch Institute (RKI) for infectious diseases showed on Sunday. The reported death toll rose by 31 to 8,247. 
Writing by Christoph Steitz; Editing by Timothy Heritage"
16,"{'id': 'reuters', 'name': 'Reuters'}",Reuters Editorial,France to rein in reduced-time work scheme as covid crisis eases - Reuters India,The French government laid out plans on Wednesday to rein in from October a reduced-time work scheme set up during the coronavirus crisis to prevent mass permanent layoffs.,https://in.reuters.com/article/france-economy-labour-idINKBN23V2R5,https://s4.reutersmedia.net/resources_v2/images/rcom-default.png,2020-06-24T17:29:00Z,"PARIS (Reuters) - The French government laid out plans on Wednesday to rein in from October a reduced-time work scheme set up during the coronavirus crisis to prevent mass permanent layoffs. 
The scheme’s update comes as France and other European countries that set up furlough schemes to save jobs grapple with how to encourage firms to put workers back into their jobs despite a still fragile economic outlook, while keeping down the cost to the public purse. 
Companies had put 7.8 million workers on furloughs or reduced schedules as of the end of May, Labour Minister Muriel Penicaud said last week. 
From Oct. 1, workers will get 60% of their normal gross wages under the scheme, down from 70% currently, President Emmanuel Macron told employers and unions. Meanwhile, the state will reimburse employers up to 60% of the cost, instead of 85% currently. 
However, a company can only tap the existing furlough arrangements for up to six months, and on Wednesday the government also outlined a new longer-term programme that is more generous for the employee and company, but demands commitments to safeguarding jobs. 
The programme will allow workers to receive up to 70% of gross wages, with the state reimbursing firms up to 85% if the programme is tapped before July and 80% afterwards. 
While employers will have to commit to saving jobs, unions will have to support a company using the new scheme. Meanwhile, workers’ time not spent on the job would have to be used for training, with the state taking on up to 80% of the cost. 
Reporting by Caroline Paillez; writing by Leigh Thomas; editing by Richard Lough"
17,"{'id': 'reuters', 'name': 'Reuters'}",Reuters Editorial,Apple to shut seven retail stores in Houston again as COVID-19 cases jump - Reuters,"Apple Inc is set to shut seven of its retail locations in Houston, Texas again due to an increase in the number of novel coronavirus cases in the United States, the company said Wednesday.",https://www.reuters.com/article/us-health-coronavirus-apple-idUSKBN23V30M,https://s3.reutersmedia.net/resources/r/?m=02&d=20200624&t=2&i=1523374504&w=1200&r=LYNXMPEG5N24P,2020-06-24T19:19:00Z,"(Reuters) - Apple Inc (AAPL.O) is set to shut seven of its retail locations in Houston, Texas again due to an increase in the number of novel coronavirus cases in the United States, the company said Wednesday. 
Apple has said it is monitoring conditions in each community where it operates stores to determine when to open and close them. The Houston re-closures follow similar moves last week in Florida, Arizona, South Carolina, and North Carolina. 
“We take this step with an abundance of caution as we closely monitor the situation and we look forward to having our teams and customers back as soon as possible,” Apple said in a statement. 
Reporting by Ayanti Bera in Bengaluru and Stephen Nellis in San Francisco; Editing by Devika Syamnath and Nick Zieminski"
18,"{'id': 'reuters', 'name': 'Reuters'}",Beatrix Lockwood,"Triple threat for refugees: Conflict, COVID-19 and cash, says IRC's Miliband - Reuters","As the COVID-19 pandemic spreads, people already displaced by conflict, hunger and economic upheaval are especially vulnerable. Lauren Young and Michelle Nichols of Reuters spoke with David Miliband, president and CEO of the International Rescue Committee (IR…",https://www.reuters.com/article/us-health-coronavirus-miliband-idUSKBN23V3FS,https://s1.reutersmedia.net/resources/r/?m=02&d=20200625&t=2&i=1523397120&w=1200&r=LYNXMPEG5O000,2020-06-24T23:53:00Z,"NEW YORK (Reuters) - As the COVID-19 pandemic spreads, people already displaced by conflict, hunger and economic upheaval are especially vulnerable. Lauren Young and Michelle Nichols of Reuters spoke with David Miliband, president and CEO of the International Rescue Committee (IRC), as part of our #AskReuters series. Below are edited highlights. 
Lauren Young: How is the pandemic impacting refugee populations? 
David Miliband: Refugees and displaced people around the world face a triple emergency: conflict and displacement, COVID-19 and the global economic crisis it has generated, and now the clear failure of global leadership to act to prevent and treat the disease. 
The world is experiencing the worst economic downturn since the Great Depression, and the contractions in economic activity in response to COVID-19 are having a disproportionate impact on hunger in conflict-affected states. 
Vulnerable people in developing countries need a cash boost of $1.7 billion over the next six months to prevent from going hungry as a result of this recession. 
Michelle Nichols: The U.S. is taking fewer and fewer refugees. What other countries are destinations, and what is the resettlement outlook when they arrive there? 
DM: The top refugee-hosting countries include Turkey (3.6 million), Colombia (1.8 million), Pakistan, Uganda and Germany. 
Having visited Colombia last year, I am particularly overwhelmed by the outlook of Venezuelan refugees when they arrive in Colombia. They have lost everything. Colombia has extended an extraordinary welcome but services remain overstretched. More funding and long-term support are required to meet the growing needs in the country and region, including permanent resettlement to higher-income countries. 
Over 71,000 Venezuelans have returned from Colombia back to Venezuela after the pandemic made it impossible for them to make a living, with many taking the journey by foot. IRC is providing healthcare, food, water and COVID-19 testing to those returning. 
Lauren Young: The United Nations Security Council (UNSC) is considering a proposal to reopen a border crossing from Iraq into Syria for six months to allow aid deliveries to help combat the coronavirus. Opposition by Russia and China shut it down in January. What's your message to them? (Read more in this Reuters article: here) 
DM: It is clear that time is running out - and the UNSC must act now. This way, millions of Syrians are not denied access to timely, life-saving humanitarian assistance. The border crossing is a critical lifeline providing food, shelter, hygiene, and medical services. 
Few decisions are so grave as this one, particularly in the midst of this pandemic. Without this cross-border mechanism to Syria, simply put, lives will be lost. Only 31% of the healthcare facilities in Northeast Syria that were previously supported have been supplied, and NGOs are unable to fill these gaps. The UNSC has the power to address these gaps by reopening the border crossing. 
Lauren Young: What gives you hope now? 
DM: I always like to say that if you look at the statistics - the fact that 1% of humanity is now displaced - you get depressed. But if you look at the clients that we serve and the resilience of the human spirit, that gives you hope. 
Editing by Lauren Young and Rosalba O'Brien"
19,"{'id': 'reuters', 'name': 'Reuters'}",Reuters Editorial,Australia can confidently respond to new COVID-19 outbreaks: Morrison - Reuters,Australia's Prime Minister Scott Morrison said on Thursday he has confidence the country could move ahead with easing restrictions as it can respond and deal with new coronavirus outbreaks.,https://www.reuters.com/article/us-health-coronavirus-australia-pm-idUSKBN23W04Q,https://s3.reutersmedia.net/resources/r/?m=02&d=20200625&t=2&i=1523404097&w=1200&r=LYNXMPEG5O02J,2020-06-25T01:23:00Z,"SYDNEY (Reuters) - Australia’s Prime Minister Scott Morrison said on Thursday he has confidence the country could move ahead with easing restrictions as it can respond and deal with new coronavirus outbreaks. 
“There will be outbreaks...we can’t go stop-go-stop-go and we can’t flick the light on-and-off-on-and-off-and-on-and-off,” Morrison said, referring to restrictions to curb the spread of the virulent disease. 
“So what I’m saying is we are going ahead, we built the protections to deal with outbreaks.” 
Australia reported its first COVID-19 death in more than a month on Wednesday, as concerns about a second wave of infections saw thousands of people queue, sometimes for hours, to be tested for the virus. 
Reporting by Swati Pandey; Editing by Christian Schmollinger"
