,source,author,title,description,url,urlToImage,publishedAt,content
0,"{'id': 'reuters', 'name': 'Reuters'}",Lucia Mutikani,Consumer sentiment tepid in U.S. South as COVID-19 cases spike - Reuters India,Consumers in southern U.S. states where COVID-19 infections spiked to record levels after authorities rushed to reopen businesses were less optimistic about economic conditions in June than residents in areas that proceeded more cautiously and followed the ad…,https://in.reuters.com/article/us-usa-economy-sentiment-idINKBN23X2JN,https://s1.reutersmedia.net/resources/r/?m=02&d=20200626&t=2&i=1523776088&w=1200&r=LYNXMPEG5P1O2,2020-06-26T17:44:00Z,"WASHINGTON (Reuters) - Consumers in southern U.S. states where COVID-19 infections spiked to record levels after authorities rushed to reopen businesses were less optimistic about economic conditions in June than residents in areas that proceeded more cautiously and followed the advice of health experts. 
The University of Michigan said on Friday its measure of consumer sentiment rose only 0.5 point among residents in the South in June. Southern states, including Texas, South Carolina and Florida, which had reopened by mid-May, are reporting a surge in cases of the respiratory illness. 
Texas Governor Greg Abbott on Friday ordered bars to close down again and restaurants to scale back service. 
“While most consumers believe that economic conditions could hardly worsen from the recent shutdown of the national economy, prospective growth in the economy is more closely tied to progress against the coronavirus,” said Richard Curtin, the University of Michigan Surveys of Consumers chief economist. 
“The early reopening of the economy has undoubtedly restored jobs and incomes, but it has come at the probable cost of an uptick in the spread of the virus.” 
In the West, where coronavirus infections have also jumped despite early adoption of stringent measures to slow the spread of the disease, consumer sentiment increased 3.3 points in June. 
In contrast, sentiment among residents in the Northeast soared by a record 19.1 points this month. State and local governments in the Northeast are gradually reopening their economies while monitoring COVID-19 infections and hospitalizations. 
Curtin attributed the surge in confidence to “residents apparently expecting the later and more gradual reopening to produce at worst a negligible increase in infections.” 
He predicted that the resurgence of the virus would undercut consumer demand in the southern and western regions and might even temper spending in the Northeast. 
The survey also found that consumers’ confidence in government economic policies dropped in June to its lowest since President Donald Trump took office in January 2017. 
Reporting By Lucia Mutikani; Editing by David Gregorio"
1,"{'id': 'reuters', 'name': 'Reuters'}",Reuters Editorial,"Vaccine against COVID-19 not certain, maybe in a year: WHO - Reuters UK","It is not certain that scientists will be able to create an effective vaccine against the coronavirus that has caused the COVID-19 pandemic, but it could take a year before one were to be invented, the head of the World Health Organisation said.",https://uk.reuters.com/article/uk-health-coronavirus-who-vaccine-idUKKBN23W2TY,https://s2.reutersmedia.net/resources/r/?m=02&d=20200625&t=2&i=1523632051&w=1200&r=LYNXMPEG5O22G,2020-06-25T16:54:00Z,"BRUSSELS (Reuters) - It is not certain that scientists will be able to create an effective vaccine against the coronavirus that has caused the COVID-19 pandemic, but it could take a year before one were to be invented, the head of the World Health Organisation said. 
Speaking by video-conference to deputies from the European Parliament’s health committee, Tedros Adhanom Ghebreyesus said that if such a vaccine became a reality, it should become a public good available to all. 
“It would be very difficult to say for sure that we will have a vaccine,” Tedros said. “We never had a vaccine for a coronavirus. So this will be, when discovered, hoping that it will be discovered, it will be the first one,” he said. 
He said the WHO had already more than a 100 candidates for a vaccine of which one was at an advanced stage of development. 
“Hoping that there will be a vaccine, the estimate is we may have a vaccine within one year. If accelerated, it could be even less than that, but by a couple of months. That’s what scientists are saying,” he said. 
Reporting by Jan Strupczewski and Josephine Mason"
2,"{'id': 'reuters', 'name': 'Reuters'}",Reuters Editorial,"Vaccine against COVID-19 not certain, maybe in a year -WHO - Reuters India","It is not certain that scientists will be able to create an effective vaccine against the coronavirus that has caused the COVID-19 pandemic, but it could take a year before one were to be invented, the head of the World Health Organisation said.",https://in.reuters.com/article/health-coronavirus-who-vaccine-idINKBN23W2VE,https://s2.reutersmedia.net/resources/r/?m=02&d=20200625&t=2&i=1523634457&w=1200&r=LYNXMPEG5O23F,2020-06-25T17:46:45Z,"BRUSSELS (Reuters) - It is not certain that scientists will be able to create an effective vaccine against the coronavirus that has caused the COVID-19 pandemic, but it could take a year before one were to be invented, the head of the World Health Organisation said. 
Speaking by video-conference to deputies from the European Parliament’s health committee, Tedros Adhanom Ghebreyesus said that if such a vaccine became a reality, it should become a public good available to all. 
“It would be very difficult to say for sure that we will have a vaccine,” Tedros said. “We never had a vaccine for a coronavirus. So this will be, when discovered, hoping that it will be discovered, it will be the first one,” he said. 
He said the WHO had already more than a 100 candidates for a vaccine of which one was at an advanced stage of development. 
“Hoping that there will be a vaccine, the estimate is we may have a vaccine within one year. If accelerated, it could be even less than that, but by a couple of months. That’s what scientists are saying,” he said. 
Reporting by Jan Strupczewski and Josephine Mason"
3,"{'id': 'reuters', 'name': 'Reuters'}",Reuters Editorial,Former boxing champ Roberto 'Hands of Stone' Duran infected with COVID-19 - Reuters,"Former world boxing champion Roberto ""Hands of Stone"" Duran tested positive for coronavirus after being admitted to a hospital center with flu-like symptoms, the pugilist's son said on Thursday.",https://www.reuters.com/article/us-health-coronavirus-panama-boxing-idUSKBN23X0QO,https://s4.reutersmedia.net/resources/r/?m=02&d=20200626&t=2&i=1523699045&w=1200&r=LYNXMPEG5P0GX,2020-06-26T05:37:00Z,"PANAMA CITY (Reuters) - Former world boxing champion Roberto “Hands of Stone” Duran tested positive for coronavirus after being admitted to a hospital center with flu-like symptoms, the pugilist’s son said on Thursday. 
“My father’s exams have just arrived and confirm that he is positive for COVID-19,” Robin Duran said on his Instagram account. 
“For now he still doesn’t show symptoms, beyond a simple cold, he is not in intensive care, nor on a respirator, he is still under observation,” he added. 
The 69-year-old Panamanian former boxer retired in 2001 and is considered one of the best lightweights in history. He fought over five decades, held four different world titles, and his record stands at 103 wins, with 70 knockouts and 16 losses. 
Known for his aggressive punching power, Duran, who grew up in Panama City’s poor El Chorillo district and won his first title in 1972, is today regarded as a national hero. 
“The doctor tells us his lungs are fine and there are no signs of seriousness. Let’s continue to have faith that everything will turn out well,” said Robin Duran. 
Panama has recorded 29,037 known coronavirus infections and 564 COVID-19 deaths. 
Reporting by Elida Moreno; Additional reporting by Carlos Calvo Pacheco; Writing by Anthony Esposito; Editing by Ana Nicolaci da Costa"
4,"{'id': 'reuters', 'name': 'Reuters'}",Amy Tennery,NWSL roars back as first North American league to return since COVID shutdown - Reuters,"The National Women's Soccer League (NWSL) roars into action on Saturday, as back-to-back champions North Carolina Courage kick off the month-long Challenge Cup against the Portland Thorns on Saturday.",https://www.reuters.com/article/us-soccer-women-nwsl-preview-idUSKBN23X2PB,https://s4.reutersmedia.net/resources_v2/images/rcom-default.png,2020-06-26T19:42:00Z,"NEW YORK (Reuters) - The National Women’s Soccer League (NWSL) roars into action on Saturday, as back-to-back champions North Carolina Courage kick off the month-long Challenge Cup against the Portland Thorns on Saturday. 
The NWSL becomes the first major North American league to return after the coronavirus outbreak, with eight of the league’s nine teams traveling to suburban Salt Lake City, Utah, for the competition to be played without spectators. 
“It’s sort of like a beam of light,” Portland Thorns midfielder Rocky Rodriguez said in a team video. “It’s not only going to be a nice environment for the players in the sense that we’re going to be able to play and do what we love but also for the fans.” 
The Thorns lost in the 2019 semi-finals to the Chicago Red Stars, who were defeated by the Courage in the Cary, North Carolina final in October. 
The Courage boast a stacked midfield including championship MVP Debhina and U.S. women’s national team veterans Crystal Dunn and Sam Mewis. 
“We’ve got depth, we’ve got speed, we’ve got ability, we’ve got talent,” coach Paul Riley said. “They’re very mission-driven and I think this is obviously another challenge for them.” 
The Courage play the Thorns before facing the Washington Spirit, who fell just short of last year’s playoffs but boast a strong forward line with Rose Lavelle of the U.S. national team and Ashley Hatch, the squad’s leading scorer last season. 
“It’s different, it’s something I’ve never done before, but we can get games in - any way we can do that, I’m excited to,” Hatch, a graduate of Utah’s Brigham Young University, said in a team video. 
“Any time I get a chance to play in Utah, it’s like a home away from home.” 
The Chicago Red Stars, who lost last season’s championship game 4-0, have a strong defence that includes 2019 U.S. Soccer Player of the Year Julie Ertz and keeper Alyssa Naeher, who helped the U.S. win their record fourth World Cup title in France last year. 
The Orlando Pride were forced to back out of the tournament after players and staff members tested positive for COVID-19 before departing for Utah. 
Utah Royals forward Christen Press and Thorns midfielder Tobin Heath, both U.S. national team veterans, said they would not compete in the tournament over health and safety concerns. Ballon d’Or winner Megan Rapinoe of OL Reign also skips the event, though no reason was given. 
Reporting by Amy Tennery, editing by Ed Osmond"
5,"{'id': 'reuters', 'name': 'Reuters'}",Reuters Editorial,NBA-Significant spread of COVID-19 in Orlando could halt play - Silver - Reuters,"The NBA season could again be put on hold if there is a ""significant spread"" of COVID-19 among its players in Orlando, where the league is set to resume play on July 30 with no fans in attendance, commissioner Adam Silver said on Friday.",https://www.reuters.com/article/health-coronavirus-basketball-nba-idUSL8N2E35O6,https://s4.reutersmedia.net/resources_v2/images/rcom-default.png,2020-06-26T21:29:00Z,"June 26 (Reuters) - The NBA season could again be put on hold if there is a “significant spread” of COVID-19 among its players in Orlando, where the league is set to resume play on July 30 with no fans in attendance, commissioner Adam Silver said on Friday. 
The NBA was the first major North American league to suspend its season in mid-March after a player tested positive for the novel coronavirus. It recently agreed a plan with its players to restart with 22 teams at Disney World in Florida. 
But if the number of cases inside the NBA’s so-called “bubble” rises, “that may lead us to stopping” play, Silver told ESPN. 
Silver said the record number of cases in Florida recently has raised the level of concern but added that the use of the campus - where players will live, practise and play - is designed to limit risk of exposure to the surrounding community. 
Silver’s remarks came on the same day the NBA reported that 16 out of 302 players tested for COVID-19 on June 23 had tested positive. The league did not disclose the identities of the players. 
Players are scheduled to begin traveling to Orlando on July 7 with tip-off set for July 30. (Reporting by Rory Carroll in Los Angeles, editing by Ed Osmond)"
6,"{'id': 'reuters', 'name': 'Reuters'}",Caroline Spiezio,IN BRIEF: Delaware's commercial case filings jump amid COVID-19 - report - Reuters,"The Delaware Court of Chancery saw a year-over-year uptick in corporate and commercial law case filings in April and May, a sign that pandemic-related disputes may be driving an overall increase in litigation there, a recent report found.",https://www.reuters.com/article/lawyer-coronavirus-delaware-idUSL1N2E32KZ,https://s4.reutersmedia.net/resources_v2/images/rcom-default.png,2020-06-26T20:59:00Z,"The Delaware Court of Chancery saw a year-over-year uptick in corporate and commercial law case filings in April and May, a sign that pandemic-related disputes may be driving an overall increase in litigation there, a recent report found. 
Despite business shutdowns because of the coronavirus, 32% more commercial law cases and 7% more corporate law cases were filed in the court in May 2020 than in May 2019, and 26% more commercial cases and 3% more corporate law cases were filed in April 2020 than April 2019, according to a report released Thursday by Lex Machina Inc, which tracks civil litigation data. 
To read the full story on Westlaw Practitioner Insights, click here: bit.ly/2ZemiTb"
7,"{'id': 'reuters', 'name': 'Reuters'}",Reuters Editorial,Explainer: Why COVID-19 can run rife in meatpacking plants - Reuters,"Meat-processing plants around the world are proving coronavirus infection hotspots, with an outbreak at a factory in Germany leading to Guetersloh becoming on Tuesday the first area in the country to be ordered back into lockdown.",https://www.reuters.com/article/us-health-coronavirus-meat-explainer-idUSKBN23U251,https://s3.reutersmedia.net/resources/r/?m=02&d=20200623&t=2&i=1523201684&w=1200&r=LYNXMPEG5M187,2020-06-23T14:01:16Z,"(Reuters) - Meat-processing plants around the world are proving coronavirus infection hotspots, with an outbreak at a factory in Germany leading to Guetersloh becoming on Tuesday the first area in the country to be ordered back into lockdown. 
More than 1,500 workers at the Guetersloh plant tested positive for the virus that causes COVID-19, while outbreaks have also hit meat and poultry plants in Britain in recent days. 
In many rural parts of the United States, meatpacking plants have been the main source of infection. On April 28, President Donald Trump signed an executive order to keep such factories open, warning of a potential threat to the U.S. food supply. 
The meat industry is particularly susceptible to coronavirus infections because of the nature of the work: intense physical labour, conducted indoors at close proximity to other workers. 
“Their work environments - processing lines and other areas in busy plants where they have close contact with coworkers and supervisors - may contribute substantially to their potential exposures,” the U.S. Centers for Disease Control (CDC) says of meatpacking workers. 
The CDC maintains a list of recommendations for factories, including steps to keep workers apart such as staggered arrival times and breaks, supplying workers with masks and hand sanitiser and making sure tools are disinfected. 
It says factories should take workers’ temperatures on arrival and send those with fevers home. 
Conditions on the factory floor itself are also not the only issue. Meatpacking workers often share transportation and housing once their shifts are over. 
In Germany, for example, many are migrants from poorer EU countries such as Bulgaria and Romania, often housed in large dormitories where the virus can spread. 
“Some of these factories have on-site or nearby accommodation where there are several people in each dormitory, they may be transported on a bus to the site of work, and they will be indoors together all day,” said Michael Head, an expert in global health at England’s University of Southampton. 
In the United States, by the end of May, the UFCW labour union estimated that at least 44 meatpacking workers had died of COVID-19, and that at least 30 meatpacking plants had to be temporarily shut down, impacting more than 45,000 workers and contributing to a 40% reduction in pork slaughtering capacity. 
Reporting by Peter Graff; Additional reporting by Kate Kelland; Editing by Pravin Char"
8,"{'id': 'reuters', 'name': 'Reuters'}",Foo Yun Chee,"Global COVID-19 fundraising meeting raises $6.9 bln, leaders want vaccine for all - Reuters Africa","A global fundraising meeting on Saturday raised 6.15 billion euros (5.6 billion pounds) from the United States, the European Commission and numerous countries to fight COVID-19, with many participants stressing that an eventual vaccine should be available to …",https://af.reuters.com/article/worldNews/idAFKBN23Y0RZ,https://s3.reutersmedia.net/resources/r/?m=02&d=20200627&t=2&i=1523845992&w=1200&r=LYNXMPEG5Q0JL,2020-06-27T17:27:00Z,"BRUSSELS (Reuters) - A global fundraising meeting on Saturday raised 6.15 billion euros (5.6 billion pounds) from the United States, the European Commission and numerous countries to fight COVID-19, with many participants stressing that an eventual vaccine should be available to anyone who needs it. 
The pledging summit, part of a joint initiative by the EU executive and advocacy group Global Citizen, also included a globally televised and streamed fundraising concert featuring Miley Cyrus, Justin Bieber, Shakira, Chloe X Halle, Usher and others. 
The Commission together with the European Investment Bank pledged 4.9 billion euros ($5.50 billion), the United States $545 million, Germany 383 million euros, Canada C$300 million ($219 million)and Qatar $10 million. Forty governments took part in the summit. 
The money will be used for COVID-19 tests, treatments and vaccines, and also to support the world’s poorest and most marginalised communities. 
Commission President Ursula von der Leyen said it was crucial that everyone who needed it should have access to a vaccine. 
“I am trying to convince high-income countries to reserve vaccines not only for themselves but also for low- and middle income countries. This is a stress test for solidarity,” she said. 
British Premier Boris Johnson concurred. 
“If and when an effective vaccine is found, then we as world leaders have moral duty to ensure that it is truly available to all,” he said. 
French President Emmanuel Macron was adamant about pooling efforts together. 
“Let’s refuse an every man for himself approach, let’s continue to move forward together,” he said. 
Italy, one of the hardest hit by the pandemic, echoed his sentiment. 
The EU is championing global cooperation in efforts to control and end the pandemic, in contrast to the United States and China’s focus on national initiatives. 
Reporting by Foo Yun Chee; Editing by Frances Kerry"
9,"{'id': 'reuters', 'name': 'Reuters'}",Lisa Shumaker,Crowds pack Arizona river as U.S. posts record COVID cases for three days running - Reuters,Hot and sunny weather in Arizona led to crowds tubing on at least one river this weekend as that state and a dozen others face the worst surge in coronavirus cases since the pandemic started.,https://www.reuters.com/article/us-health-coronavirus-usa-idUSKBN23Z0IW,https://s3.reutersmedia.net/resources/r/?m=02&d=20200628&t=2&i=1523894351&w=1200&r=LYNXMPEG5R0D5,2020-06-28T15:01:00Z,"(Reuters) - Hot and sunny weather in Arizona led to crowds tubing on at least one river this weekend as that state and a dozen others face the worst surge in coronavirus cases since the pandemic started. 
Temperatures were expected to rise to over 100 Fahrenheit (38 Celsius) on Sunday along the Salt River east of Phoenix. On Saturday, dozens of people climbed into inflatable inner tubes with coolers and took to the water to escape the heat. Very few wore masks. 
Texas shuttered tubing and rafting business on Friday and some beaches in Florida are closing again ahead of next weekend’s Fourth of July holiday to try to curb the rising outbreak in those states. 
The surge in COVID-19 cases has been most pronounced in a handful of Southern and Western states that reopened earlier and more aggressively, despite warnings by health officials to wait to see a steady decline in cases. 
For a third consecutive day on Saturday, the number of confirmed U.S. cases rose by more than 40,000, one of the largest surges in the world. In Arizona, cases have risen by 250% so far in June and have set record daily increases seven times. 
Even in states where cases have been declining for weeks, outbreaks are happening. One bar in East Lansing, Michigan has been linked to more than 76 cases, according to the Ingham County Health Department. That number is likely to rise, officials cautioned. 
Just a day after he sounded a note of optimism about the U.S. response to the pandemic and said the country was in “a much better place,” Vice President Mike Pence canceled events to campaign for Republican President Donald Trump’s re-election in Florida and Arizona due to the outbreak, campaign officials said on Saturday. 
U.S. House Speaker Nancy Pelosi, a Democrat, has criticized the administration’s response to the pandemic that has killed more than 125,000 Americans. She told ABC News on Sunday that mandating the use of masks across the country was long overdue. 
Global coronavirus cases exceeded 10 million on Sunday according to a Reuters tally, marking a major milestone in the spread of the respiratory disease that has so far killed almost half a million people in seven months. 
Writing by Lisa Shumakmer; Editing by Daniel Wallis"
10,"{'id': 'reuters', 'name': 'Reuters'}",Reuters Editorial,"UK death toll from confirmed COVID-19 cases up 36 to 43,550 - Reuters UK","Britain's death toll from confirmed cases of the new coronavirus has risen to 43,550, an increase of 36 from a day earlier, government figures showed on Sunday.",https://uk.reuters.com/article/uk-health-coronavirus-britain-toll-idUKKBN23Z0IB,https://s4.reutersmedia.net/resources/r/?m=02&d=20200628&t=2&i=1523893077&w=1200&r=LYNXMPEG5R0CV,2020-06-28T14:28:00Z,"LONDON (Reuters) - Britain’s death toll from confirmed cases of the new coronavirus has risen to 43,550, an increase of 36 from a day earlier, government figures showed on Sunday. 
Reporting by Elizabeth Piper; Editing by Alex Richardson"
11,"{'id': 'reuters', 'name': 'Reuters'}",Reuters Editorial,Indonesian president threatens to reshuffle cabinet over COVID-19 response - Reuters India,"Indonesian President Joko Widodo has told his cabinet he is ready to reshuffle ministers or even disband government agencies that he feels have not done enough to fight the coronavirus outbreak, according to his office.",https://in.reuters.com/article/health-coronavirus-indonesia-idINKBN23Z0GU,https://s4.reutersmedia.net/resources/r/?m=02&d=20200628&t=2&i=1523890454&w=1200&r=LYNXMPEG5R0BT,2020-06-28T13:28:00Z,"JAKARTA (Reuters) - Indonesian President Joko Widodo has told his cabinet he is ready to reshuffle ministers or even disband government agencies that he feels have not done enough to fight the coronavirus outbreak, according to his office. 
Widodo made the remarks in a cabinet meeting on June 18, the video of which was released by his office on Sunday. 
“I see that many of us are working as though things are normal. That’s what’s irritating me. Don’t you have feelings? This is a crisis,” Widodo said in the video. 
“I will take any extraordinary measures for our 267 million people, for the nation. It can be disbanding agencies, can be a reshuffle, I have thought of everything,” he said, adding that he may also issue more emergency rules if needed. 
The president also complained to his ministers of slow government spending in the face of a dire global economic outlook. 
New COVID-19 cases in Indonesia continued to rise even as the country eased movement restrictions and allowed some re-openings of businesses this month. 
On Saturday the country reported its biggest daily rise in infections with 1,385 new cases, and reported another 1,198 on Sunday, taking the total to 54,010 so far. It has recorded 2,754 deaths, the highest in East Asia outside China. 
Widodo’s government has pledged to spend nearly $50 billion on public health, social protection and relief measures. 
Southeast Asia’s largest economy may fall into a recession this year due to the economic fallout of the coronavirus pandemic, government officials say, sending millions into poverty. 
Reporting by Tabita Diela and Maikel Jefriando; Writing by Gayatri Suroyo; Editing by Susan Fenton"
12,"{'id': 'abc-news', 'name': 'ABC News'}",Elissa Nunez,"COVID-19 antibodies may fade in as little as 2 months, study says - ABC News","<ol><li>COVID-19 antibodies may fade in as little as 2 months, study says  ABC News
</li><li>Fauci says in 40 years of dealing with viral outbreaks, he’s never seen anything like COVID-19  MarketWatch
</li><li>Can people spread the coronavirus if they don't…",https://abcnews.go.com/Health/covid-19-antibodies-fade-months-study/story?id=71406787,https://s.abcnews.com/images/Health/antibody-testing-01-gty-jt-200623_hpMain_16x9_992.jpg,2020-06-24T10:33:40Z,"As the world grapples with the ongoing COVID-19 pandemic, a new study suggests that antibodies -- the proteins produced by the immune system that can grant protection against reinfection -- may fade in as little as two months after infection in certain people who have recovered from the virus.
The study was conducted in China and published in Nature Medicine.
Specifically, the study's authors found that people with COVID-19 who never develop symptoms may see their antibodies fade more quickly than those who tested positive for the virus and also came down with its tell-tale symptoms.
The study, though small and with limitations, provides greater insight into a topic that mystifies scientists examining this new coronavirus, SARS-CoV-2. Most people who have recovered from COVID-19 develop antibodies, but the extent and duration of that protection remains unknown.
Researchers from Chongqing Medical University in China compared the immune responses of 37 asymptomatic people diagnosed with COVID-19 to 37 symptomatic patients in the Wanzhou District of China. Forty percent became negative for antibodies early on in their recovery, compared to just 13% of people who developed symptoms.
The asymptomatic patients also reported lower levels of cytokines, or small proteins released by different cells in the body in response to infection. These proteins, when uncontrolled, can cause hyperinflammation.
The data suggests that asymptomatic people had a weaker immune response to the virus, echoing NIAID Director Anthony Fauci's concerns about varying antibody protection.
""It isn't a uniformly robust antibody response, which may be a reason why, when you look at the history of the common coronaviruses that cause the common cold, the reports in the literature are that the durability of immunity that's protective ranges from 3 to 6 months to almost always less than a year,"" Fauci said in an interview with JAMA Editor-in-Chief Howard Bauchner.
The study leaves just as many questions as answers. For example, scientists still don't know exactly what these dwindling antibody levels mean, and the lower levels don't necessarily imply that people who have already recovered from COVID-19 will be vulnerable to reinfection within a few months.
However, the study's authors said their results caution against ""immunity passports,"" or the idea that people who have recovered from infection should be granted some sort of special status to allow them to travel or return to work because they are theoretically totally immune from reinfection.
Past studies on SARS and MERS, two related coronaviruses that have led to prior outbreaks in people, have found that antibodies last for at least a year. In comparison, this study suggests that antibody levels for the new virus, SARS-CoV-2, may drop much more quickly.
""Given that antibodies are likely a component of COVID-19 protective immunity, this is important to confirm in larger studies,"" said Dr. Beth Kirkpatrick, chair of the Department of Microbiology and Molecular Genetics at the University of Vermont.
Antibodies are not the only immune response the body can generate. Although the immune components that protect against COVID-19 are still unknown, Kirkpatrick said that in some infections, people can still be protected even if antibodies are undetectably low. That's because their immune system, including the cells that produce antibodies or other parts of the immune system like T cells, carries a memory response that can be boosted rapidly.
Residents have their blood drawn for an antibody test for the coronavirus, also called a serology test, June 16, 2020, in Washington, DC.
Residents have their blood drawn for an antibody test for the coronavirus, also called a serology test, June 16, 2020, in Washington, DC.Win McNamee/Getty Images
Despite finding innate immunity in most COVID-19 patients, public health officials remain concerned about reinfection. There is currently no evidence that people who have recovered from COVID-19 and have antibodies are protected from a second infection, according to the World Health Organization.
""I think that you're going to see as the immune response wanes in these respiratory infections, there is a possibility that you could get reinfected,"" said Dr. Robert Garry, professor at the Tulane University School of Medicine.
Garry cautioned, however, that it's too soon to know what level of immunity is protective. Scientists will know more as they get closer to developing a coronavirus vaccine, but for now, it would have to provide longer-lasting immunity than a natural infection, he said.
""That's hard to do,"" said Garry.
Kirkpatrick said companies may also consider booster vaccinations, administered more frequently than might have been expected with SARS or MERS.
The mystery surrounding immunity only reinforces the urgent need for a successful vaccine. Both experts agree that more data is needed to confirm the study's findings, but that the mere presence of antibodies may not be enough to immunize most of the population.
""Until there's a vaccine, things are not really going to be able to be relaxed to the point where people were doing the things that they were doing before,"" Garry said.
Dr. Alexis Carrington contributed to this report. 
What to know about the coronavirus:
<li>How it started and how to protect yourself: Coronavirus explained</li><li>What to do if you have symptoms: Coronavirus symptoms</li><li>Tracking the spread in the U.S. and worldwide: Coronavirus map</li>Tune into ABC at 1 p.m. ET and ABC News Live at 4 p.m. ET every weekday for special coverage of the novel coronavirus with the full ABC News team, including the latest news, context and analysis."
13,"{'id': 'cnn', 'name': 'CNN'}",Opinion by Elie Honig,Opinion: Want to eat or shop at Disney? Say you won't sue,"It's the latest Disney experience: waivers of Covid-19 liability for one and all! The novel coronavirus ""is an extremely contagious disease that can lead to severe illness and death,"" Disney, while also reassuring that they have adopted ""enhanced health and s…",https://www.cnn.com/2020/05/18/opinions/disney-sue-covid-honig/index.html,https://cdn.cnn.com/cnnnext/dam/assets/200412150218-01-disney-world-orlando-0316-super-tease.jpg,2020-05-19T02:34:42Z,"In this weekly column ""Cross Exam,"" Elie Honig, a CNN legal analyst and former federal and state prosecutor, gives his take on the latest legal news. Post your questions below. The views expressed in this commentary are his own. View more opinion on CNN. Watch Honig answer readers' questions on ""CNN Newsroom with Ana Cabrera"" at 5:40 p.m. ET Sundays.
 (CNN)It's the latest Disney experience: waivers of Covid-19 liability for one and all! The novel coronavirus ""is an extremely contagious disease that can lead to severe illness and death,"" Disney, while also reassuring that they have adopted ""enhanced health and safety measures"" now warns its potential customers: ""By visiting Walt Disney World Resort, you voluntarily assume all risks related to exposure."" A phased reopening of the shopping and dining area at Disney World is scheduled to begin May 20 and continue May 27.
Disney will hardly be alone in issuing such a warning and advising customers that they assume the risk of entering. It's time to get used to seeing this kind of legal jargon frequently in your life, as businesses reopen across the country and try to find ways to shield themselves against potential lawsuits from patrons who might contract the novel coronavirus on their property.
Whether you knew it or not, this isn't all that new. As a consumer, you already waive -- or simply put, give away -- your legal rights all the time. If you've ever joined a gym, gone skiing or taken an indoor rock climbing class, you've almost certainly signed a waiver stating that you know the activity is dangerous and you won't sue if you get hurt. Those ""permission slips"" you sign for a child's little league team or a school field trip are often just another form of liability waiver. In today's litigious world, you'll find waivers are common not only for dangerous physical activity, but also for mundane activities -- especially for any likely to involve children.
Even if you don't physically sign anything, you sometimes agree to a waiver simply by your actions. If you have the ticket from the last time you went to a professional sporting event or a concert (or when you get yours the next time any of us is able to go to one), flip it over and read the fine print about what rights you surrender just by walking through the gate -- ""assumption of risk,"" in legal lingo. 
It might feel particularly jarring to sign a Covid-19 waiver before stepping through the front gate at Disney -- put your name here to give Mickey your right to sue! But this trend toward liability waivers for Covid-19 will become a common and reasonable strategy for businesses walking the narrow tightrope between re-opening to the public and protecting themselves against potential lawsuits. We are just at the beginning of what promises to be years' worth of litigation over this disease. Plaintiffs already have filed Covid-19-related personal injury lawsuits against businesses and governments across Europe, and a leading American legal publication warns businesses to ""prepare for personal injury litigation in the age of Covid-19.""
The law so far is untested, and will evolve. As people begin to file cases, and those cases move through the courts, look for key questions to arise: Do these waivers work? Can companies truly insulate themselves against lawsuits, and do people truly surrender their rights to sue when they sign a waiver? 
There is no one answer. Laws differ state by state and outcomes will vary according to the particular facts of the dispute. But certain general principles and key questions emerge. Most but not all states enforce waivers -- preventing a person from suing -- in at least some circumstances. States vary as to how much deference they give to waivers, and some courts strike down waivers deemed to be too lopsided against the consumer, or against the broader public interest. Courts sometimes -- but not always -- require that waivers be clearly written and understandable, and fairly bargained for between the parties. So when you see one of those tiny-print waivers chock full of legalese and wonder if it really would hold up in court -- the answer is it largely depends on what state you're in. 
Even where waivers are enforceable, they typically only go so far. They usually protect a company only for negligence -- meaning failure to use reasonable care -- but not for more serious conduct including gross negligence, recklessness or intentional acts. 
Of course, this raises another set of pivotal questions. What is ""reasonable care,"" and how will judges and juries apply that general legal concept to the real world as it is now shaped by this pandemic? How far do businesses have to go to protect against infection and spread? Is it enough to warn? How dire must the warning be? Is it sufficient to require masks, or to do nightly sanitization, or to conduct temperature checks? And if customers get sick, can they prove that they contracted the virus at or because of a particular business?
It is impossible to know the answers right now but, rest assured, the lawsuits will come, and the questions will be asked and Americans will demand they be answered. Expect businesses across the country to follow Disney's effort to insulate itself from potential Covid-19 liability. Such waivers are likely here to stay."
14,"{'id': 'business-insider', 'name': 'Business Insider'}",Business Insider Intelligence,The Positives and Negatives of COVID-19's Impact on Healthcare,"As the COVID-19, also known as the coronavirus, pandemic continues to affect nations around the globe, healthcare is in the spotlight more intensely and from more angles than ever before.
In The Positives and Negatives of COVID-19's Impact on Healthcare, Busi…",https://www.businessinsider.com/intelligence/covid-impact-healthcare?IR=T&itm_source=businessinsider&itm_medium=content_marketing&itm_campaign=content_marketing_leadgen_link&itm_content=leadgen_teaser&itm_term=leadgen_teaser-covid-impact-healthcare&vertical=digitalhealth#!/,https://i.insider.com/5e9f3366d553f8061734f964,2020-05-11T20:56:00Z,"As the COVID-19, also known as the coronavirus, pandemic continues to affect nations around the globe, healthcare is in the spotlight more intensely and from more angles than ever before.
In The Positives and Negatives of COVID-19's Impact on Healthcare, Business Insider Intelligence examines some of the major effects of the pandemic’s spread on healthcare costs, as well as vaccine progress.
This exclusive report can be yours for FREE today."
15,"{'id': 'engadget', 'name': 'Engadget'}",Jon Fingas,Samsung will introduce an 'innovative' debit card this summer,Samsung wants to do more with payments than offer a virtual prepaid card. The company plans to grow Samsung Pay this summer by introducing a new “experience” that includes an “innovative” debit card supported by a cash management account. Details are only sla…,https://www.engadget.com/samsung-pay-debit-card-213514025.html,https://o.aolcdn.com/images/dims?resize=1200%2C630&crop=1200%2C630%2C0%2C0&quality=80&image_uri=https%3A%2F%2Fs.yimg.com%2Fos%2Fcreatr-images%2F2020-05%2F4f815fe0-909f-11ea-bfcd-9f3f2f691226&client=amp-blogside-v2&signature=b8a14ca13a80e6ab77bba0d9d44d49a37025efbf,2020-05-07T21:35:14Z,"Samsung wants to do more with payments than offer a virtual prepaid card. The company plans to grow Samsung Pay this summer by introducing a new “experience” that includes an “innovative” debit card supported by a cash management account. Details are only slated to arrive in the “coming weeks,” but it’ll have help from the financial startup SoFi.
It’s not a surprising move for Samsung. Apple has offered a credit card since 2019, while Huawei is following suit. Google is believed to be working on a debit card of its own. If Samsung doesn’t offer some kind of payment card, it might miss out if these cards turn out to be successful."
16,"{'id': 'engadget', 'name': 'Engadget'}",Christine Fisher,Airbnb and Bumble push virtual first dates to stay relevant,"With travel and dating impacted by the COVID-19 pandemic, Airbnb and Bumble have been struggling to adapt and stay relevant. Now, the two companies are joining forces. Today, Airbnb is introducing a collection of Bumble-approved online experiences -- “perfect…",https://www.engadget.com/airbnb-bumble-online-experiences-virtual-dates-130012757.html,https://o.aolcdn.com/images/dims?resize=1200%2C630&crop=1200%2C630%2C0%2C0&quality=80&image_uri=https%3A%2F%2Fs.yimg.com%2Fos%2Fcreatr-images%2F2020-03%2Fc57c8000-6c6c-11ea-b3ef-9321fb875dd2&client=amp-blogside-v2&signature=4321f41fb364cd3cedb63e8cbdc9346873fd90c2,2020-05-14T13:03:12Z,"The partners are encouraging users to, for instance, take a virtual wine class together, visit an Amsterdam jazz club, join a tarot reading, learn about coffee from a professional taster in Colombia and more. Of course, since these are public experiences, other people may join your date, but you can request private bookings.
To celebrate this new offering, Bumble is sponsoring a contest where 100 Bumble users will be selected to go on virtual first dates through Airbnb’s online experiences. New and existing Bumble users can sign up through the app until May 28th.
The collaboration feels a bit desperate, but given the state of the world, it’s not surprising that Airbnb and Bumble are working together to remain useful. And at the very least, this might give users something to talk about, other than how they’ve been handling quarantine."
17,"{'id': 'engadget', 'name': 'Engadget'}",Jon Fingas,The biggest Madden Bowl yet was won using run-only plays,"The 2020 Madden Bowl came to an end on May 16th, and it’ll be one to remember for a number of reasons. Raidel “Joke” Brito won the final match over Daniel “Dcroft” Mycroft in a 17-0 blowout through an unusual strategy that relied on run-only plays through the…",https://www.engadget.com/madden-bowl-championship-winner-230355294.html,https://o.aolcdn.com/images/dims?resize=1200%2C630&crop=1200%2C630%2C0%2C0&quality=80&image_uri=https%3A%2F%2Fs.yimg.com%2Fos%2Fcreatr-images%2F2020-05%2Fd31b53f0-9884-11ea-bf24-9fcd3331d370&client=amp-blogside-v2&signature=c9aa65e282275277276465797df79e5d54e98043,2020-05-17T23:03:55Z,"The 2020 Madden Bowl came to an end on May 16th, and it’ll be one to remember for a number of reasons. Raidel “Joke” Brito won the final match over Daniel “Dcroft” Mycroft in a 17-0 blowout through an unusual strategy that relied on run-only plays through the entire tournament — he didn’t throw a single pass. He didn’t even put a proper quarterback on the field, giving him more funds to put towards his other virtual players.
It’s also emotional victory for Brito. He dedicated the tournament to Taylor “SpotMe” Robertson, a a friend who died in the 2018 Madden tournament shooting in Jacksonville."
18,"{'id': 'engadget', 'name': 'Engadget'}",Steve Dent,"The DoJ is investigating Google's search dominance, DuckDuckGo CEO suggests","The US Department of Justice (DoJ) and state regulators may be investigating Google’s search engine dominance, according to Bloomberg. In an interview, DuckDuckGo CEO Gabriel Weinberg said that officials asked him questions about the idea of forcing rival Goo…",https://www.engadget.com/google-search-antitrust-probe-duckduckgo-103218093.html,https://o.aolcdn.com/images/dims?resize=1200%2C630&crop=1200%2C630%2C0%2C0&quality=95&image_uri=https%3A%2F%2Fs.yimg.com%2Fos%2Fcreatr-images%2F2020-06%2F7e87d2c0-a70f-11ea-bf8b-a90c555835ef&client=amp-blogside-v2&signature=cf6a755be063b78f69510404561e8cf3033b1ec3,2020-06-05T10:32:18Z,"The US Department of Justice (DoJ) and state regulators may be investigating Google’s search engine dominance, according to Bloomberg. In an interview, DuckDuckGo CEO Gabriel Weinberg said that officials asked him questions about the idea of forcing rival Google to give users search alternatives both on Android and in Chrome.
State and federal investigators have been probing Google’s Android dominance, digital advertising and other issues, but since charges have yet to be filed, few details are known. Weinberg’s statement, however, reveal that the US may try to boost competition in search, by far Google’s largest business. As it stands, the company owns around 93 percent of the search market with revenue around $100 billion, while rivals are left to pick up the relative crumbs."
19,"{'id': 'engadget', 'name': 'Engadget'}",Mariella Moon,Sling TV president replaced as subscriber numbers continue to drop,"Sling TV President Warren Schlichting has left the company, and its parent corporation Dish has named his replacement. Going forward, the over-the-top television service will be headed by Michael Schwimmer who rejoined Dish in June 2019 to lead the Internatio…",https://www.engadget.com/sling-tv-president-replaced-044622525.html,https://o.aolcdn.com/images/dims?resize=1200%2C630&crop=1200%2C630%2C0%2C0&quality=95&image_uri=https%3A%2F%2Fs.yimg.com%2Fos%2Fcreatr-uploaded-images%2F2020-06%2Fee786f50-a484-11ea-bf9f-9c41205ab2d2&client=amp-blogside-v2&signature=c3f3ceecd3aa3311ee6231694c8aa9677754564f,2020-06-02T04:46:22Z,"Sling TV President Warren Schlichting has left the company, and its parent corporation Dish has named his replacement. Going forward, the over-the-top television service will be headed by Michael Schwimmer who rejoined Dish in June 2019 to lead the International Business Development and Strategy group. Schlichting’s exit comes after Sling TV reported massive subscriber decline over the past two quarters. 
The service lost 94,000 accounts in the fourth quarter of 2019, which is its first-ever subscription decline, according to Variety. It then lost an additional 281,000 subscribers in the first quarter of 2020. By the time the end of March came around, its customer numbers were down by 4.7 percent year-over-year."
