,source,author,title,description,url,urlToImage,publishedAt,content
0,"{'id': 'engadget', 'name': 'Engadget'}",Billy Steele,Recommended Reading: He bought StubHub right before the pandemic,"Worst. Deal. Ever.Noah Kirsch, ForbesIn November, Eric Baker’s online ticket marketplace Viagogo purchased rival StubHub for $4 billion. Baker was actually one of StubHub’s co-founders before he was fired from the company. The deal closed in February — just i…",https://www.engadget.com/recommended-reading-stubhub-4-billion-worst-timing-ever-140040365.html,https://o.aolcdn.com/images/dims?resize=1200%2C630&crop=1200%2C630%2C0%2C0&quality=95&image_uri=https%3A%2F%2Fs.yimg.com%2Fos%2Fcreatr-images%2F2020-05%2Fd030e990-a219-11ea-b3fe-16d9702a4e0a&client=amp-blogside-v2&signature=7ca22647483c90fc736849bae2c23df1075b1cf8,2020-05-30T14:00:40Z,"Allison Aubrey, Laurel Wamsley and Carmel Roth, NPR
As many states are well into opening back up, we face another challenge: what to do this summer. NPR offers some expert advice on how risky those activities are that you might already have planned. Let’s just say it might time to invest in camping gear.
Franklin Foer, The Atlantic
If you thought the United States might’ve learned something from Russian meddling in the last presidential election, think again. The Atlantic details how some of the same vulnerabilities still exist, which means “the Russians could have strolled through the same door as they had in 2016.” What’s more, Foer explains how, with an election quickly approaching, one plan in motion is to “to identify democracy’s most glaring weakness by deploying college kids on their summer break.”"
1,"{'id': 'engadget', 'name': 'Engadget'}",Christine Fisher,Amazon reportedly delays Prime Day until September,"This year, Amazon’s Prime Day won’t happen until September, The Wall Street Journal reports. The annual shopping event usually takes place in the summer, but due to the recent surge in demand and strain on Amazon’s warehouses caused by COVID-19, the company w…",https://www.engadget.com/amazon-prime-day-delayed-september-165623100.html,https://o.aolcdn.com/images/dims?resize=1200%2C630&crop=1200%2C630%2C0%2C0&quality=80&image_uri=https%3A%2F%2Fs.yimg.com%2Fos%2Fcreatr-images%2F2020-01%2F678dfae0-4201-11ea-b87b-5e2f71517bcc&client=amp-blogside-v2&signature=cc9716ddc9614f0f9ed4d6a8fac68dd4be9fdec4,2020-05-21T16:56:23Z,"Amazon committed to spending $4 billion on, among other things, “getting products to customers and keeping employees safe.” But apparently it still needs more time to prepare for a major event like Prime Day.
Last month, Reuters reported that Amazon might delay Prime Day until at least August. At the time, the company expected the delay could cost it $100 million and force it to discount an additional five million devices. The delay could also impact third-party sellers.
Amazon declined to comment."
2,"{'id': 'engadget', 'name': 'Engadget'}",Jon Fingas,Supercomputers across Europe have fallen to cryptomining hacks,"Cryptomining hacks aren’t new by any stretch, but a string of recent incidents is raising eyebrows. ZDNet reports that culprits infected multiple European supercomputers with Monero mining malware in the past week, including the University of Edinburgh’s ARCH…",https://www.engadget.com/supercomputer-cryptomining-hacks-021527847.html,https://o.aolcdn.com/images/dims?resize=1200%2C630&crop=1200%2C630%2C0%2C0&quality=80&image_uri=https%3A%2F%2Fs.yimg.com%2Fos%2Fcreatr-images%2F2020-05%2Fbc09f660-9895-11ea-afff-a8fec57884ae&client=amp-blogside-v2&signature=59920e4df100b95ef920dddb3388a8cd2d4c5f02,2020-05-18T02:15:27Z,"Cryptomining hacks aren’t new by any stretch, but a string of recent incidents is raising eyebrows. ZDNetreports that culprits infected multiple European supercomputers with Monero mining malware in the past week, including the University of Edinburgh’s ARCHER, five of bwHPC’s computer clusters and most recently a cluster at Munich’s Ludwig-Maximilians University. That’s unusual by itself, but there appears to be a common thread between the hacks.
Cado Security has determined that the attacks were conducted using compromised SSH (secure shell) logins from universities in Canada, China and Poland, using similar malware file names, the same vulnerability and shared technical indicators. That suggests they might be the work of the same bad actor. In the case of ARCHER, the attacks appear to have come from Chinese IP addresses."
3,"{'id': 'engadget', 'name': 'Engadget'}",Mariella Moon,'Iron Man VR' gameplay demo arrives to satisfy your inner Tony Stark,"It looks like Marvel’s Iron Man VR truly will be arriving on July 3rd after being delayed a couple of times due to COVID-19. In fact, the entertainment giant has released a free extended playable demo of the PS VR exclusive, which is now available for downloa…",https://www.engadget.com/iron-man-vr-demo-221251614.html,https://o.aolcdn.com/images/dims?resize=1200%2C630&crop=1200%2C630%2C0%2C0&quality=80&image_uri=https%3A%2F%2Fs.yimg.com%2Fos%2Fcreatr-uploaded-images%2F2020-05%2Fc28085e0-9cc3-11ea-9bfb-806faf8576cb&client=amp-blogside-v2&signature=7d052d6be2b762e5a83ffaa5bd7c6d47e10c70c2,2020-05-23T22:12:51Z,"It’s not just the game itself that’s launching on July 3rd. There’s also a PlayStation VR bundle coming out that day, which comes with the Iron Man VR Blu-ray disc, a PlayStation VR headset, a PlayStation Camera and two PlayStation Move motion controllers. The bundle is now up for pre-order and will be available in the US, Canada, Colombia, Costa Rica, Ecuador, El Salvador, Guatemala, Mexico, Panama, Peru and the Dominican Republic for $350.
In case you don’t have a PS VR yet and want to check if getting the bundle is worth it, you can also watch a video of the demo gameplay below."
4,"{'id': 'engadget', 'name': 'Engadget'}",Ann Smajstrla,Bandcamp will make annual Juneteenth donations to the NAACP,"Bandcamp has announced that this Friday, June 19, it will donate 100 percent of its share of sales to the NAACP legal defense fund -- and that it will do so annually. In its announcement, the music publishing platform cited the killings of George Floyd, Tony …",https://www.engadget.com/bandcamp-annual-juneteenth-donations-naacp-083048810.html,https://o.aolcdn.com/images/dims?resize=1200%2C630&crop=1200%2C630%2C0%2C0&quality=95&image_uri=https%3A%2F%2Fs.yimg.com%2Fos%2Fcreatr-images%2F2020-06%2Fc4bc56b0-b1ac-11ea-b7ed-800b7c03b675&client=amp-blogside-v2&signature=3df211ad0fde504b4fbedee0e4d8f6f5ccac0021,2020-06-19T08:30:48Z,"Bandcamp has announced that this Friday, June 19, it will donate 100 percent of its share of sales to the NAACP legal defense fund -- and that it will do so annually. In its announcement, the music publishing platform cited the killings of George Floyd, Tony McDade, Sean Reed, Breonna Taylor, Ahmaud Arbery and “ongoing state-sanctioned violence against Black people in the US” as the impetus for the move. 
June 19th is also known as Juneteeth, a holiday commemorating the end of slavery in the United States. In addition to making donations every Juneteenth, Bandcamp said it’s allocating an additional $30,000 per year “to partner with organizations that fight for racial justice and create opportunities for people of color.” Further, Bandcamp announced Thursday that it received Björk’s complete studio discography, and proceeds from sales through Friday would be donated to Black Lives Matter UK."
5,"{'id': 'engadget', 'name': 'Engadget'}",Kris Holt,Apple's virtual WWDC keynote starts on June 22nd at 1 PM ET,"With less than two weeks to go before this year’s entirely virtual edition of the Worldwide Developers Conference, Apple has announced the schedule for the event. The WWDC keynote will take place at 1 PM ET on June 22nd, and you can expect to learn about the …",https://www.engadget.com/apple-wwdc-keynote-schedule-173555780.html,https://o.aolcdn.com/images/dims?resize=1200%2C630&crop=1200%2C630%2C0%2C0&quality=95&image_uri=https%3A%2F%2Fs.yimg.com%2Fos%2Fcreatr-uploaded-images%2F2020-06%2F8a0e6850-ac07-11ea-ba6f-990e8eee73eb&client=amp-blogside-v2&signature=4fd095e3f3b0ce058e0bfad4948e05a2e535eb89,2020-06-11T17:35:55Z,"With less than two weeks to go before this year’s entirely virtual edition of the Worldwide Developers Conference, Apple has announced the schedule for the event. The WWDC keynote will take place at 1 PM ET on June 22nd, and you can expect to learn about the future of iOS, iPadOS, watchOS, tvOS, macOS and more. For instance, Apple may be preparing to announce it’ll start using its own ARM-based processors in Macs.
You’ll be able to watch the keynote, which will stream from the Apple Park campus, on the company’s main website, the developer app and website, the Apple TV app and YouTube. Viewers in China can catch it on Tencent, iQIYI, Bilibili and Youku."
6,"{'id': 'business-insider', 'name': 'Business Insider'}",Haven Orecchio-Egresitz,"One in 8 Americans say they know someone who died of COVID-19, according to a new Insider poll","<ul>
<li>Insider polled 1,099 people about how they're been affected by the novel coronavirus.</li>
<li>Of the Americans surveyed, 12%, or one in eight, said they know someone who has died from COVID-19.</li>
<li>Another 33% know someone who had been diagnose…",https://www.businessinsider.com/one-in-eight-americans-know-someone-who-died-of-covid19-2020-4,https://i.insider.com/5ea9d9b15f726e0c664ad922?width=1200&format=jpeg,2020-04-29T20:39:22Z,"One in eight Americans said they know someone who has died from the novel coronavirus, according to a new Insider poll.
The poll, which received 1,099 responses, asked Americans how they have been affected by the coronavirus, and to select all responses that applied. While half of respondents said they didn't know anyone who had been diagnosed with COVID-19, one-third said they knew someone who was diagnosed, and 14% knew someone who was hospitalized.
The full results were as follows:
<ul><li>I don't know anyone who has been diagnosed with COVID-19: 50%</li><li>I know someone was diagnosed with COVID-19: 33%</li><li>Someone very close to me was diagnosed with COVID-19: 8%</li><li>I know someone who was hospitalized with COVID-19: 14%</li><li>I know someone who died due to COVID-19: 12%</li><li>Someone very close to me was hospitalized with COVID-19: 4%</li><li>Someone very close to me died due to COVID-19: 2%</li><li>I was diagnosed with COVID-19: 2%</li><li>I was hospitalized with COVID-19: &lt;1%</li><li>I don't know: 6%</li></ul>There have been more than 3 million confirmed cases of the coronavirus globally. More than 1 million of those cases are in the US, which has been particularly hard hit by the pandemic.
In New York City alone, 17,589 have died from the illness, according to data kept by Johns Hopkins University.
On Tuesday night, the total number of deaths in the US surpassed the number of Americans who died in the Vietnam War. As of Wednesday afternoon, 60,207 deaths have been recorded in the US.
While the spread of the coronavirus appears to be slowing in some regions, like New York, experts fear that there could be a resurgence if social distancing measures are relaxed.
""If we just said, 'OK, guys, we're all tired of staying home — we're going to open the schools and everybody can go and hang out in the cafés,' I would expect we'd have another big rebound and it would not be pretty,"" Dr. Elizabeth Halloran, a biostatistician at Fred Hutchinson Cancer Research Center and the University of Washington, previously told Business Insider.
SurveyMonkey Audience polls from a national sample balanced by census data of age and gender. Respondents are incentivized to complete surveys through charitable contributions. Generally speaking, digital polling tends to skew toward people with access to the internet. SurveyMonkey Audience doesn't try to weigh its sample based on race or income. A total of 1,099 respondents were collected April 28-29, 2020, with a margin of error plus or minus 3 percentage points and a 95% confidence level.
Loading
Something is loading."
7,"{'id': 'engadget', 'name': 'Engadget'}",Christine Fisher,Scientists go on strike to address racism in academia and STEM,"Top STEM scientists, publications and organizations are on strike today. They’re pausing to give Black academics a break and to encourage others to reflect on racism in academia, as well as in local and global communities. The strike is meant to be a call-to-…",https://www.engadget.com/scientists-strike-shut-down-stem-academia-202835839.html,https://o.aolcdn.com/images/dims?resize=1200%2C630&crop=1200%2C630%2C0%2C0&quality=95&image_uri=https%3A%2F%2Fs.yimg.com%2Fos%2Fcreatr-images%2F2020-06%2F3b693e50-a98c-11ea-bfff-494f76cc2a46&client=amp-blogside-v2&signature=2d0773d60ce9db240c1a2298ae037b2c23b4c030,2020-06-10T20:28:35Z,"Today we join #ShutDownSTEM#ShutDownAcademia#Strike4BlackLives. We will not publish Nature today and will instead take time to focus on what we can do better, and plan how we can play our part in eradicating anti-Black racism in academia and STEM. https://t.co/7cJg105daI
— Nature (@nature) June 10, 2020
In the physics community, arXiv says it will not mail its regularly scheduled announcement this evening, and submissions that would have been announced today will be announced on Wednesday.
“I want a day where I don’t have to worry that I’ve missed an important paper on the arXiv because I am stressed out while my non-Black colleagues happily keep going. The strike is not just about gathering people together to begin to take action, but it is also about a day of rest for the people most affected by this heated moment,” wrote Chandra Prescod-Weinstein, a University of New Hampshire physics professor and co-organizer of the strike.
The strike organizers note that the STEM community plays a role in society by conducting research that is turned into media releases, books and legislation, which can reinforce anti-Black narratives. STEM professionals also create technology, like facial and voice recognition, and several examples show racial bias in those technologies.
“As members of the global academic and STEM communities, we have an enormous ethical obligation to stop doing ‘business as usual,’” the organizers wrote.
There is one exception to the strike. The organizers say this is aimed at the broad research community, not those working directly on COVID-19 research. “If your daily activities are directly helping us end this global crisis, we send our sincerest gratitude. The rest of us, we need to get to work,” they wrote.
The strike is being promoted on social media with hashtags #ShutDownAcademia, #ShutDownSTEM and #Strike4BlackLives."
8,"{'id': 'engadget', 'name': 'Engadget'}",Steve Dent,Formula E racer disqualified for using an esports ringer in a virtual race,"Formula E Audi driver Daniel Abt has been disqualified from an esports race and fined €10,000 for using a ringer in his place, according to Reuters. Rivals became suspicious after he qualified in second place and went on to take third in the Formula E Race at…",https://www.engadget.com/formula-e-daniel-abt-disqualified-ringer-esports-080737146.html,https://o.aolcdn.com/images/dims?resize=1200%2C630&crop=1200%2C630%2C0%2C0&quality=80&image_uri=https%3A%2F%2Fs.yimg.com%2Fos%2Fcreatr-uploaded-images%2F2020-05%2Fbe409880-9e53-11ea-aadf-3b8ed7077082&client=amp-blogside-v2&signature=ae1aaed8d75a81cd89527db68f9c756805eadb3c,2020-05-25T08:07:37Z,"Abt did have a Zoom feed going, but his face was blocked by a microphone or other equipment. “Please ask Daniel Abt to put his Zoom next time he’s driving, because like Stoffel said I’m pretty sure he wasn’t in,” said two-time Formula E champion Jean-Eric Vergne.
Formula E reportedly checked IP addresses and figured out that Abt couldn’t have been driving. Rather, 18-year-old pro gamer Lorenz Hoerzing, who competes in the parallel FE Challenge series, had taken his place. Hoerzing has now been banned from the Race Challenge series and stripped of his sixth place finish in the companion FE Challenge race.
The online Race at Home Challenge aims to keep drivers and fans engaged with Formula E during the COVID-19 lockdown, as real racing was suspended for the season. It’s also designed to raise funds for UNICEF. Racers use the rFactor2 Simulation, with real-life Formula E and esports competitors often racing together. Formula E drivers must use a standardized sim setup and software, while esports drivers have a bit more leeway, equipment-wise.
“I would like to apologize to Formula E, all of the fans, my team and my fellow drivers for having called in outside help during the race on Saturday,” Abt said in a statement. “I didn’t take it as seriously as I should have. I’m especially sorry about this, because I know how much work has gone into this project on the part of the Formula E organisation. I am aware that my offence has a bitter aftertaste, but it was never meant with any bad intention.”"
9,"{'id': 'business-insider', 'name': 'Business Insider'}",Anna Medaris Miller,"Pregnant women may be more likely to suffer severe coronavirus infections, according to the largest study of its kind","<ul>
<li>A government analysis has found that pregnant women with COVID-19 are more likely to be hospitalized, admitted to the ICU, and put on ventilators than infected non-pregnant women. </li>
<li>The report also found that Black and Hispanic pregnant women…",https://www.businessinsider.com/cdc-pregnant-women-increased-risk-for-severe-coronavirus-cases-hospitalization-2020-6,https://i.insider.com/5e727083c485403c4d213308?width=1200&format=jpeg,2020-06-25T17:00:00Z,"Pregnant women with COVID-19, the disease the coronavirus causes, are more likely to be hospitalized, admitted to the intensive care unit, and put on ventilators than non-pregnant women with the disease, according to a new CDC analysis including over 90,000 US women. 
The report, the largest of its type to date, also found that Black and Hispanic pregnant women may be disproportionately affected by COVID-19. 
While the analysis comes with many caveats — namely, that it's unclear how many of the women were hospitalized due to labor and delivery, or pregnancy complications unrelated to COVID-19 — it provides important data on a group that scientists have known little about. 
It also underscores recommendations for pregnant women and their providers to take COVID-19 infections seriously, and for the healthcare system to address disturbing racial disparities. 
The report found almost a third of COVID-positive pregnant women were hospitalized 
For the study, researchers compared 8,207 COVID-positive pregnant teens and women to 83,205 of their infected peers who were not pregnant.
They found that more than 31% of the pregnant women were hospitalized, 1.5% were admitted to the ICU, and 0.5% needed to be put on ventilators. Of the non-pregnant women, 6% were hospitalized, 0.9% went to the ICU, and 0.3% were ventilated. 
Pregnant women with COVID-19 were not any more likely to die. 
The findings are reminiscent of a recent study out of Sweden showing that COVID-positive pregnant women were five times more likely to be admitted to the ICU and four times more like to be ventilated than non-pregnant women.
While the American College of Obstetricians and Gynecologists (ACOG) has considered pregnant women an at-risk population for COVID-19 since they're susceptible to greater morbidity and mortality from other respiratory conditions like the flu, the CDC has maintained that the virus doesn't seem to ""affect pregnant people differently than others.""
This new data calls that conclusion into question. 
""I think the bottom line is this: These findings suggest that compared to nonpregnant women, pregnant women are more likely to have severe COVID,"" Dr. Denise Jamieson, head of the COVID-19 task force at ACOG, told the New York Times. 
While not addressed in the current study, it still seems that women can't pass the virus to their babies in utero or through breastmilk, and that most newborns who do test positive for COVID-19 have mild or no symptoms, and completely recover.
FILE - In this Aug. 7, 2018 file photo, a doctor performs an ultrasound scan on a pregnant woman at a hospital in Chicago. A new study released Tuesday, Sept. 17, 2019, suggests when a pregnant woman breathes in air pollution, it can travel beyond her lungs to the placenta that guards her fetus. During pregnancy, particle pollution is linked to premature births and low birth weight, but scientists don’t understand why. (AP Photo/Teresa Crawford, File)
Associated Press
Pregnant women of color seemed to be especially susceptible to COVID-19
Among the pregnant women with COVID-19 who reported race/ethnicity, 46% were Hispanic, 22% were Black, and 23% were white.
Set against data from women who gave birth last year — 24% Hispanic, 15% Black, and 51% were white — the findings suggest women of color are disproportionately susceptible to COVID-19 during pregnancy. 
Earlier research out of the UK found more than half of pregnant women who were admitted to the hospital with COVID-19 were Black or from other minority ethnic groups. 
Other reports have shown that people of color, pregnant or not, are more susceptible to severe COVID-19 infections and deaths due to systemic racism, and ACOG has long known that serious disparities in women's health care persist, with Black Americans three to four more times likely to die from childbirth or pregnancy complications than women.  
Marian Knight, the lead author of UK study, previously told Insider more qualitative research involving talking to women about their experiences is ""urgently needed"" to help understand what puts pregnant women of color at such risk for COVID-19, be it household arrangements or jobs that make physical distancing difficult, restricted access to healthcare, something else, or all of the above. 
The answers will likely differ between minority groups, making the questions even trickier to answer, Knight, a professor in the University of Oxford's Nuffield Department of Population Health, said. ""We have to accept that it's difficult, but that doesn't mean we shouldn't be trying to tackle it."" 
The report comes with important caveats but pregnant women should still take the coronavirus seriously 
The current report has important limitations, most glaringly that it's unclear why the hospitalized women were admitted — for labor, delivery, or another pregnancy-related issue, or because their COVID was severe? 
Plus, clinicians are more liberal when it comes to admitting and providing care for pregnant women in general, so it would make sense that they'd experience higher rates of hospitalization than non-pregnant women. 
A lot of data was missing, too, forcing the researchers to make assumptions, for example that if a certain negative outcome wasn't reported, it didn't occur. 
The analysis also couldn't answer whether having COVID-19 is linked with adverse pregnancy outcomes, like pregnancy loss or preterm birth, although the CDC has maintained that it is, since that's the case with other respiratory illnesses. 
What the report does do, however, is provide needed data about a population researchers and doctors are still learning a lot about, and emphasize that women and their providers need to take the risk COVID-19 infection seriously. 
The study authors advise pregnant women to continue with their regular prenatal care appointments, limit interactions with others and take precautions when they do occur, and keep at least a 30-day supply of medicines. 
Because another recent study has shown pregnant women, whether or not they have COVID-19, are also at high risk for depressive and anxiety symptoms during the pandemic, it's also critically important for them to seek support, whether from friends and family, online support groups, a mental health provider, or all of the above. 
""There are going to be a lot of emotions, some of which are sadness, grief and the unknown,"" Dr. Jane van Dis, an OB-GYN who serves as medical director at the telemedicine network Maven, previously told Insider. ""Just know that connecting with people who are there to support women is essential for mental health."" 
Loading
Something is loading."
10,"{'id': 'business-insider', 'name': 'Business Insider'}",Yeji Jesse Lee,"'COVID Toes,' blisters, and splotchy red skin: Doctors share the new and unusual coronavirus symptoms they're seeing in patients","<ul>
<li>We're still learning all the ways that the novel coronavirus affects our bodies.</li>
<li>Though we started out thinking of the disease as something that primarily attacks the lungs, other symptoms — like the loss of taste and smell, dizziness, and n…",https://www.businessinsider.com/unusual-skin-problems-coronavirus-symptoms-rash-toes-blister-2020-5,https://i.insider.com/5ec2eafcf0f4197b9b2e7633?width=1200&format=jpeg,2020-05-20T12:55:00Z,"There is still a lot that we don't know about the novel coronavirus.
We originally thought of it as a virus that primarily attacked the lungs. After all, a cough and shortness of breath are some of the key signs of infection.
But the virus affects different people in different ways. Some may not have any symptoms at all, while others can be so sick that they need to be hospitalized. There's also mounting evidence to suggest that the elderly and children may have vastly different symptoms than the rest of the population.
COVID-19, the disease caused by the coronavirus, also reveals itself through skin problems, doctors are now learning.
The most well known is toes that look as if they're frostbitten, also known as ""COVID toes,"" but others are still coming to light.
The American Academy of Dermatology (AAD) has been tracking the dermatological effects that COVID-19 patients are experiencing through a registry where healthcare providers can submit entries. The AAD has over 600 submissions so far from more than 25 countries.
""The pernio lesions or 'COVID toes' are certainly one of the primary things being reported"" in the registry, Dr. Esther Freeman, a dermatologist and epidemiologist at Massachusetts General Hospital who's managing the AAD registry, told Business Insider. ""But we're also seeing a lot of other skin manifestations as well.""
Freeman said some of the other skin findings in the registry include morbilliform eruption, a non-specific viral rash that's a common skin sign of many viruses and drug reactions; urticaria, also known as hives; and vesicular eruptions, which Freeman describes as ""chickenpox-like"" blisters on the skin.
An example of ""COVID toes""
Courtesy of Dr. Lindy Fox
""Our knowledge is really continuing to evolve about the timing of these different skin manifestations because it's complicated,"" Freeman said. ""Not everyone seems to be developing them at the exact same time in the disease course. So I think we're still learning a lot."" 
Never miss out on healthcare news. Subscribe to Dispensed, Business Insider's weekly newsletter on pharma, biotech, and healthcare.
Dr. Lindy Fox, a professor of dermatology at the University of California at San Francisco who is involved in the AAD's registry, told Business Insider that it's not surprising to see non-specific rash and hives, because they're fairly common bodily responses to viruses.
The skin symptoms that do stand out, Fox said, are COVID toes and vesicular eruptions (or blisters), because they're not as common in patients with other viruses. 
COVID toes are particularly unusual because they often appear after other COVID-19 symptoms have subsided and are more prevalent in patients with milder or no symptoms. 
Read more: 'COVID toes' might be the latest unusual sign that people are infected with the novel coronavirus
As for the vesicular eruptions, Fox said the dermatology community is still working to figure out why they're appearing in patients with the disease. There are only a handful of other conditions that cause similar blisters.
""COVID is now on that list,"" Fox said. ""So since that list is so short, it makes the likelihood of it being COVID in this day and age with COVID everywhere higher if you see that rash.""
Dr. Randy Jacobs, a dermatologist based in California, told Business Insider that he's been seeing something he calls transient livedo reticularis, red splotchy ""net-like"" skin discoloration, among some of his patients who have tested positive for COVID-19.
The interesting thing about this skin finding, Jacobs said, is how quickly it seems to appear and then disappear in his patients. The first patient who noticed the rash saw their condition clear up in 19 hours. Another saw it disappear in as little as three hours.
An example of ""transient livedo reticularis"" in a 67 year old patient who tested positive for COVID-19
Dr. Randy Jacobs
""It can come and last an hour and go away and people might not even see it,"" Jacobs said. ""They might not even notice it because it comes and it goes.""
From the outside, and even to experts, hives or rashes brought on by an allergy or by COVID-19 are impossible to tell apart. It's only after taking a test that would show the presence of the virus or of antibodies that someone can be sure whether or not they have or had the disease.
""I think it's important for people to understand that but just by looking at the skin, we are not going to be able to tell you if you're infectious,"" said Freeman. ""It might give you a clue of potential COVID, but to really understand if it is truly COVID, you would need a test.""
If someone is developing a new, unusual rash that they've never had before, they should contact a dermatologist or other healthcare provider to be evaluated, said Freeman. A doctor would be able to figure out whether there could be another cause for the skin changes and help get that person tested for the coronavirus.
Dr. Joanna Harp, director of the inpatient dermatology consult service at Weill Cornell Medicine and NewYork-Presbyterian Hospital, has been assessing skin findings in COVID-19 patients since the start of the pandemic. She told Business Insider in an email that there are a variety of rashes among hospitalized COVID-19 patients. 
""The main finding we have noted is a pattern of lacy, red-purple rashes, some with skin necrosis, on the arms, legs, and buttocks in critically-ill COVID-19 patients,"" Harp said.
Doctors have seen through skin biopsies that the skin problems in more severe COVID-19 patients are brought on by clotting in the small blood vessels in the skin. Often, those patients also have blood clots in their legs or lungs, or have had strokes, indicating clotting problems throughout their bodies, Harp said.
There's evidence to suggest that such patients would benefit from blood thinners, but Harp says that decision is made on a case by case basis. 
Read more: Companies are scrambling to figure out how to get employees back to the office safely. One of Silicon Valley's favorite healthcare startups thinks it has the solution.
There are also other rashes like hives or bumps on the skin of some hospitalized COVID-19 patients, but Harp said it's unclear whether these manifestations are from the virus itself or from medications that patients are getting to treat the virus.
""I think the skin may be a window into how differently patients' immune systems can react when confronted with this virus,"" Harp said.
COVID toes, for example, are possibly indicative of ""a robust immunologic response to the virus,"" as most patients often have minimal symptoms, Harp said. Skin symptoms brought on by blood clots on the other hand, could show ""a heightened clotting tendency that really don't seem to be able to control the virus.""
""The skin may have a lot to teach us about this disease,"" she added.
At this point, it's unclear how common skin problems are for patients with COVID-19, because we don't know how many people are actually infected with the disease, in part due to limited testing.
—DermatologyACD (@DermatologyACD) May 6, 2020
Dr. David Francis, president of The Australasian College of Dermatologists, told Business Insider in an email that skin manifestations could be common in as many as 20% of COVID-19 patients. The figure comes from an early report by Dr. Sebastiano Recalcati of Alessandro Manzoni Hospital based in Lecco, Italy based on the patients he personally saw in his hospital.
Francis said that more research and collation of patient data is required in order to get a better understanding of the skin manifestations of the coronavirus. 
Read more: How the coronavirus will permanently change healthcare, according to 26 top industry leaders
Though the AAD's registry has collected hundreds of entries, Freeman said she's reluctant to make any definitive statements based on what she's seeing.
""Even if we see a certain proportion [of skin symptoms] in the registry, it doesn't mean that that's actually the proportion of skin filings that people are seeing,"" said Freeman. ""It's just what people are reporting to us or what people are finding notable that they are choosing to report, rather than truly a representative sample of an entire population.""
Loading
Something is loading."
11,"{'id': 'business-insider', 'name': 'Business Insider'}","feedback@businessinsider.com (Sponsor Post), Sponsor Post",6 things every business should know about operating in the 'new normal' of COVID-19,"Getty Images
By Jack Forestell, Chief Product Officer, Visa
Across the globe we're settling into a new normal — an immediate acceleration of digital shopping — which has dramatically changed the way we live, work, and buy. It has impacted how we spend, send, …",https://www.businessinsider.com/sc/how-coronavirus-is-changing-how-businesses-operate-2020-4,https://i.insider.com/5ea7696f5bd7a542cb29f092?width=1200&format=jpeg,2020-04-29T17:30:00Z,"By Jack Forestell, Chief Product Officer, Visa
Across the globe we're settling into a new normal — an immediate acceleration of digital shopping — which has dramatically changed the way we live, work, and buy. It has impacted how we spend, send, and use money, with a tsunami-like ripple effect on many parts of the global economy. By mid-March, online shopping in the US had already surged 35% from 2019 levels1, driven by store closures, limited in-store inventory, and shelter-in-place orders.
While businesses of all sizes have been impacted, small businesses are in a particularly tough situation. Forced to find new ways to conduct business, less than half (46%) of US small businesses report having any online presence at all2. Even worse, 54% of small businesses in the US report they are closed or could close within the coming weeks in response to COVID-193. While these sellers may be small, they play a critical role in the lives of their customers, employees, and partners — and helping them has a broad ripple effects on their communities and economies.
Globally, Visa and our partners connect more than 61 million merchant locations. This puts us in a unique position to help businesses drive sales in this critical moment. Leveraging our network, our partners, and our products, we can help sellers get online easily to reach more customers; we can share data and insights to help businesses build their brands; and we can help buyers and sellers work together through uncertainty. 
While today's challenges may be new, Visa has been solving payment pain points for buyers and sellers for over 60 years. Collectively, our business and our brand are laser-focused on leading economic recovery efforts in the weeks and months ahead, helping businesses everywhere navigate through these common challenges with requisite urgency.
Here are six truths we're recognizing in this new normal and are using to help guide our product priorities to support sellers:
Consumers are shifting to digital-first commerce – no matter what they're buying.
Leading companies and brands are already powering cohesive omnichannel strategies that integrate mobile, online, and in-store commerce seamlessly. With in-store shopping severely limited across all categories of businesses, buyers are seeking out robust digital commerce experiences like never before. As millions of new buyers experience digital commerce for things like groceries, meals, and household staples, expect these newly formed habits to last.
Small businesses around the globe are seeking quick and immediate paths to recovery, as many navigate the overnight move to digital commerce.
Visa is uniquely positioned to help small businesses pivot and thrive as digital businesses, whether that means creating a new online presence or recognizing the changing ways consumer are spending online. In an effort to get more SMBs online faster, Visa and Shopify are partnering to provide all Visa card holders in Australia a three-month free subscription to the Shopify platform, helping to get them selling online quickly. Globally, our Fintech Fast Track program is helping small businesses that are innovating in the financial space get up and running fast and with dedicated Visa support.
Sellers, partners, employees, and customers need and expect secure, immediate access to funds digitally.
As one of the most trusted payments network in the world, Visa delivers fast and secure money movement options that address pain points today. Through Visa Direct, companies can pay employees or gig workers quickly by moving money to their Visa debit cards in real time4 — which is more critical now than ever. We are also helping our clients make it easier for people when sending and receiving money to others – whether you're a small business owner who needs funds for business or someone who needs to send or receive money from friends or family, both domestically and around the globe.
Contactless payment experiences are a necessity – avoiding contact while buying is better for health and safety.
Visa is a world leader in contactless transacting, and we're working with our partners to ensure that our capabilities are made widely available and updated specifically to help meet today's challenges. For the transactions that still need to be made in person, we have doubled down on our contactless efforts around the world, including raising spending limits to enable a larger number of PIN-free purchases in approximately 40 countries.
Businesses need the right data and insights to drive their decisions.
Visa provides access to data and analytics that help our clients and partners understand the impact and effectiveness of the critical decisions they are making today. We are helping online sellers deal with an influx of activity by assessing purchase risks for them, drawing on data from billions of worldwide transactions. Putting our network to work, we're providing consumers with a way to support local businesses with our Back to Business locator tool, which identifies businesses that have recently processed a Visa transaction and we believe may be open for business.
Buyers and sellers are seeking transparency and protections.
As this crisis has unfolded, many plans changed quickly, events were canceled, and destinations were closed or became inaccessible. This has brought about a significant increase in disputes between buyers and sellers. To help resolve these disputes as quickly and effectively as possible, Visa launched a COVID-19 Dispute Monitoring Program on April 1, 2020. Through Verifi, we also offer services that can help prevent disputes and resolve disputes before they become chargebacks. For clients and sellers not already using Verifi, we've made sure that our implementation is turnkey and can happen in a matter of hours or days, depending on the service and merchant. 
Visa is committed to helping businesses implement complete solutions that protect both consumers and sellers in an increasingly digital-first world. Our team is working around the clock and around the globe to deliver products and services that can help businesses find new paths to survive and thrive in today's remote world. 
Find out more about how Visa is helping businesses during this time. 
This post was created by Visa with Insider Studios.
[1] PYMNTS 2020 Remote Payments Study, April 2020 https://www.pymnts.com/study/remote-payments-april-2020/[2] Visa Digital Transformation of SMBs, 2018 https://usa.visa.com/dam/VCOM/global/run-your-business/documents/digital-transformation-of-smbs.pdf[3] Met Life &amp; US Chamber of Commerce, April 3, 2020 https://www.uschamber.com/report/special-report-coronavirus-and-small-business[4] Actual fund availability depends on receiving financial institution and region."
12,"{'id': 'the-wall-street-journal', 'name': 'The Wall Street Journal'}",,Some Doctors Pull Back on Ventilators - msnNOW,"Large numbers of Covid-19 patients with low blood-oxygen levels are surprisingly not struggling to breathe, rapidly changing how many doctors are treating the disease.",https://www.wsj.com/articles/some-doctors-pull-back-on-using-ventilators-to-treat-covid-19-11589103001?mod=RSSMSN,https://img-s-msn-com.akamaized.net/tenant/amp/entityid/BB13Rvjs.img?h=315&w=600&m=6&q=60&o=t&l=f&f=jpg,2020-05-11T02:24:00Z,"© Ashlee Rezin Garcia/Associated PressIt is another medical mystery of the coronavirus pandemic: Large numbers of Covid-19 patients arrive at hospitals with blood-oxygen levels so low they should be unconscious or on the verge of organ failure. Instead they are awake, talkingnot struggling to breathe. 
Although nobody is quite sure what about the coronavirus causes these patients to react this way, they are rapidly changing how many doctors are treating the disease. Instead of rushing to put such patients on mechanical ventilators for fear of them suddenly getting worse and dying, some doctors are now holding off on the invasive treatment, believing that many of these patients will do just fine without them. 
Bing COVID-19 tracker: Latest numbers by country and state 
Pre-Covid, doctors looking to boost a patients blood-oxygen levels would often turn first to less invasive methods of support such as CPAP or BiPAP machines that push air into a patients airway through a face mask, or high-flow nasal cannulasprongs that blow heated, humidified oxygen into a patients nostrils. If that didnt work, physicians would use mechanical ventilators.  
Get news and analysis on politics, policy, national security and more, delivered right to your inbox
But people with Covid-19 began showing up at the hospital with rarely seen, ultra-low blood-oxygen levels. Even for those who werent struggling to breathe, doctors were concerned that patients conditions could suddenly worsen, which with Covid-19 could swiftly turn deadly. So they often intubated sooner.  
In the past, youd see these kinds of oxygen levels, and your brain would intuit all these other things, said Scott Weingart, chief of emergency critical care in the department of emergency medicine at Stony Brook Hospital in Stony Brook, N.Y. For instance, youd assume the patients lungs must be so bad that if we dont intubate now, they might crap out.
Doctors have dubbed these patients happy hypoxemics, a reference to the paradox of abnormally low levels of oxygen found in their blood combined with an ability to breathe relatively easily. In recent weeks, doctors at Stony Brook Hospital have used ventilators less on these patients, turning instead to the CPAP or BiPAP machines or high-flow nasal cannulas. 
Dr. Weingart remembers one of his first such patients in Marcha 42-year-old man with blood-oxygen levels so low he should have been unconscious. Instead, he was sitting up, smiling and talking. He was breathing quickly, but seemed fine otherwise. Dr. Weingart and his team used a high-flow nasal cannula to boost the patients oxygen levels. They also turned him on his front, a method known as prone positioning that doctors have found can also help boost oxygen levels partly by reducing the pressure of the heart and diaphragm on the lungs. The patient was never put on a ventilator and was discharged in a week, Dr. Weingart said.
Several other doctors said they are having success with such simpler approaches. That, in turn, is reducing demand for ventilatorsa critical concern early in the crisisand easing strain on hospital staff, they say.
Abdul Khan, medical director for Ochsner Medical Centers West Bank intensive care unit in Gretna, La., has also encountered these so-called happy hypoxemic Covid-19 patients.
Weve learned that they are able to tolerate these lower levels of oxygen for a significant period of time, he said. Dr. Khan and his colleagues now use ventilators as a last resort for such patients.
Mechanical ventilators help people breathe when they cant on their own. A tube is inserted through the nose or mouth into their trachea. The tube is connected to the ventilator, which pushes a mix of air and oxygen into patients lungs. The ventilator can also apply a constant amount of low pressure that helps keep air sacs in the lung from collapsing.
Ventilators play an important part in care, but there are serious risks to being on one for too long. Patients can get secondary infections like bacterial pneumonia. They can get urinary tract infections from being bed-bound and are at higher risk of kidney failure and getting blood clots. If the ventilator isnt set properly, patients can sustain lung injury.
Recently published data also suggest ventilators may not be as effective at keeping seriously ill Covid-19 patients alive as they are with other patients with severe respiratory problems.
In the U.K., 58.8% of Covid patients on invasive breathing support had died as of May 7, according to data from the countrys National Health Service. That compares with a 34.5% death rate among patients with other types of viral pneumonia who receive invasive breathing support, according to historic data. Of the Covid patients placed on basic breathing support, 17.8% died.
In New York, 88% of 320 Covid patients placed on mechanical ventilation in the states Northwell Health System died, according to a study in the Journal of the American Medical Association. Of the 2,314 who didnt receive mechanical ventilation, 11.7% died.
Experts note that the studies may at least partly reflect that Covid patients who start ventilation tend to be the sickest, and therefore the least likely to survive.
At University College Hospital, a large teaching hospital in central London, doctors are placing patients on less-invasive breathing support, and only progressing them to ventilators if they are still struggling. Under that system, around half of patients are managing with simpler breathing support.
Its worked out well for us, said Mervyn Singer, an intensive care consultant who said UCH adopted this approach on the advice of doctors in China and Italy. Weve been able to retain our capacity to ventilate because we havent immediately put lots of people on ventilators.
At the outset of the pandemic, doctors rushed to put Covid-19 patients on ventilators in part due to concerns that less invasive methodswhere the air patients breathe in and out isnt contained in tubesposed a greater infection risk to health-care workers.
Benjamin Medoff, chief of the division of pulmonary and critical care medicine at Massachusetts General Hospital in Boston, said his hospital continues to recommend against the routine use of these less invasive methods because the devices can potentially push virus particles into the air and CPAP and BiPAP masks can leak. (Dr. Khan of Ochsner West Bank and Dr. Weingart of Stony Brook said their hospitals place filters on these masks, and use specially ventilated rooms to keep their staff safe.)
In a study recently published in the American Journal of Respiratory and Critical Care Medicine, Dr. Medoff and other researchers at MGH and Beth Israel Deaconess Medical Center said 50 of the 66 patients on mechanical ventilators between March 11 and March 30 at those hospitals were discharged from the ICU, while 11 of the patients died.
We dont have to think too much outside of the box here, Dr. Medoff said.
Write to Sarah Toy at sarah.toy@wsj.com and Denise Roland at Denise.Roland@wsj.com"
13,"{'id': 'business-insider', 'name': 'Business Insider'}",Rosie Perper,"The US military is banning anyone who had COVID-19 from enlisting, according to a new memo","<ul>
<li>A military recruitment memo sent out by the US Military Entrance Processing Command (MEPCOM) states that those who have tested positive for COVID-19 will not be allowed to join the military — even after they recover.</li>
<li>According to the memo, w…",https://www.businessinsider.com/us-military-memo-ban-coronavirus-survivors-from-enlisting-memo-2020-5,https://i.insider.com/59662875abc1c821008b49b4?width=1200&format=jpeg,2020-05-07T06:25:46Z,"A military recruitment memo sent out by the US Military Entrance Processing Command (MEPCOM) outlines that those who have tested positive for COVID-19 will not be allowed to join the military — even after they recover.
The memo has been widely circulating on social media and was first reported on by Military Times on Wednesday. Pentagon spokeswoman Jessica Maxwell confirmed to Military Times that the memo is authentic. 
According to the memo, all 65 Military Entrance Processing Stations (MEPS) around the country will implement new guidelines for determining the medical qualifications of enlisting recruits.
Loading
Something is loading.
According to Military Times, all new recruits will have their temperature taken and will answer questions about symptoms and potential contacts with those who have been exposed to COVID-19. 
The memo states that during the prescreen process, ""a reported history of confirmed COVID-19 will be annotated as 'Considered Disqualifying'"" and documented on their medical report. 
It adds that during the medical history interview or examination part of their application, ""a history of COVID-19 confirmed by either a laboratory test or clinician diagnosis, is permanently disqualifying.""
It is unclear why a COVID-19 diagnosis would be permanently disqualifying for new recruits. Representatives for MEPCOM did not immediately respond to Business Insider for comment. 
According to Stars and Stripes, over 1,500 service members in the US military had tested positive for the new coronavirus as of April 6. That number includes service members who have since recovered."
14,"{'id': 'business-insider', 'name': 'Business Insider'}",Mara Leighton,Coursera has a free CME-eligible course that gives students an overview of COVID-19 in just 3 hours,"<ul>
<li>Osmosis, a medical education site, and the IPMA created a free Coursera course that gives students an overview of COVID-19. </li>
<li>""COVID-19: What You Need to Know"" combines current information issued by the CDC, WHO, and other leading agencies, w…",https://www.businessinsider.com/coronavirus-free-online-cme-class-coursera,https://i.insider.com/5eb1d14948d92c1c5561e2b5?width=1200&format=jpeg,2020-05-07T21:51:00Z,"BI
When you buy through our links, we may earn money from our affiliate partners. Learn more.
@cdc-library/Pexels
Osmosis, a popular online medical education site founded by two former Johns Hopkins medical school students, is offering a free online course on COVID-19, led by its Chief Medical Officer, on Coursera. 
""COVID-19: What You Need to Know"" is available for free. It's regularly updated with the most current information issued by the CDC, WHO, and other leading agencies and covers topics like personal protective equipment, diagnostics, and more. Healthcare professionals can earn CME credit for taking it. 
The course is led by Rishi Desai, MD, MPH, a pediatric infectious disease physician with a public health background, and Mary Ales, the executive director of Interstate Postgraduate Medical Association (IPMA) for the last 17 years.
As part of the class, students will learn to recognize the symptoms, diagnosis, and treatment of COVID-19, as well as how it spread around the world and how to apply the public health measures needed to mitigate the spread of COVID-19. Although probably better suited to healthcare professionals, the average person can take the course to understand how to help mitigate the spread of the novel coronavirus and reduce the burden on our healthcare system.
The course breaks down into five videos (about 45 minutes total), 13 readings, and seven quizzes. It should only take students three hours to complete. Subtitles are available in English, Italian, and Spanish."
15,"{'id': 'al-jazeera-english', 'name': 'Al Jazeera English'}",Al Jazeera,Oil settles lower on fuel demand worries due to COVID-19 uptick - Aljazeera.com,"<ol><li>Oil settles lower on fuel demand worries due to COVID-19 uptick  Aljazeera.com
</li><li>Lower For Longer A Nightmare Scenario For Oil Producers  OilPrice.com
</li><li>Crude Oil Prices Rise Again as Physical Market Tightens  Investing.com
</li><li>O…",https://www.aljazeera.com/ajimpact/oil-settles-fuel-demand-worries-due-covid-19-uptick-200617192816187.html,https://www.aljazeera.com/mritems/Images/2020/4/27/36292b830cd149eeae1e62a948d1ced2_18.jpg,2020-06-17T20:54:00Z,"Oil prices settled lower on Wednesday on fuel demand worries due to an uptick in coronavirus cases, with emerging hotspots in China and the United States, and as US crude stocks grew again, taking commercial inventories to another all-time high.
Global benchmark Brent crude settled down 25 cents, or 0.6 percent, at $40.71 a barrel. US West Texas Intermediate (WTI) fell 42 cents, or 1.1 percent, to settle at $37.96 a barrel.
More:
US crude inventories rose to a record high last week for a second straight week, reaching more than 539 million barrels. Conversely, distillate stockpiles fell following weeks of significant builds, government data showed.
The coronavirus continues to spread in parts of the US, while flights were cancelled and schools were shut in Beijing to head off a new virus outbreak in the Chinese capital.
""Today's slide seems to be related to the build we saw in crude stockpiles and ongoing worries about demand due to the coronavirus,"" said Gene McGillian, vice president of market research at Tradition Energy in Stamford, Connecticut. ""The market is trying to find whether it has enough strength to resume its rally that took us above three-month highs.""
US fuel demand, as measured by product supplied, is down 20 percent over the past four weeks from a year earlier, the government said.
US crude production fell by 600,000 barrels per day (bpd) last week to 10.5 million bpd, its lowest since March 2018. Some of that was due to Storm Cristobal, which shut more than one-third of US offshore output.
However, US shale producers are expected to restore roughly half a million bpd of crude output by the end of June, according to crude buyers and analysts, amounting to a quarter of what they shut since the coronavirus pandemic cut fuel demand and hammered oil prices.
Such a swift rise in the US production would complicate efforts by top producers Saudi Arabia and Russia to encourage global allies to fulfil their pledges to make record production cuts.
They, along with allies in a group known as OPEC+, agreed to big cuts in April to balance oil supply to prop up prices, and anticipated similar economic cuts by the likes of the US as well.
US producers cut supply by roughly 2 million bpd but larger producers are reopening the taps in Texas, as well as in expensive shale basins in North Dakota and Oklahoma.
Fracking activity tracker Primary Vision estimates as much as 500,000 bpd of production will return to the market by month-end, while Rystad Energy estimates 400,000 bpd could be added to the market between June and August.
""Some of the bigger guys that we work with are starting to turn everything back on,"" said Joshua Wade, an oil marketer in Oklahoma, who works with producers to transport barrels and buys lease volumes.
Producers are also pumping oil out of storage, which filled when demand plummeted as billions of people worldwide stopped travelling due to lockdowns to slow the spread of coronavirus.
Much of the declines in output came from shale wells that were choked back but not shut-in completely, several shale company executives said.
""We were able to shut in thousands of wells with really minimal time and effort. And we can bring those back on with really minimal time and effort, too,"" EOG Resources Inc Chief Operating Officer Lloyd Helms said at a Tuesday industry conference.
Diamondback Energy Inc focused on curtailing volumes rather than fully shutting wells, Adam Lawlis, vice president of investor relations, said in a statement.
About 8,000 bpd of the 10,000 bpd of oil that shale producer Devon curtailed came from choking back wells or slightly delaying wells.
""We're in the process of bringing all of that back on,"" Hager said.
But the increase in production may not last, analysts said. North American oil companies have slashed spending by 35 percent, and US rig counts have dropped to a record low. Since shale well output declined by more than 60 percent after the first year, the reduced spend on drilling will weigh on shale production over the long term, sources at shale companies said.
""Oil going to $40 for a fleeting moment isn't going to be enough for some of our stronger operators to say, 'OK, I'm going to just turn the turn the tap on.' They need to see it be sustainable,"" Nicholas O'Grady, CEO of Northern Oil and Gas, said."
16,"{'id': 'the-verge', 'name': 'The Verge'}",Jay Peters,BBC Together is like Netflix Party but for BBC shows,"BBC is launching a new experimental tool, BBC Together, that will let you watch or listen to BBC programming with others over the internet, similar to Netflix Party. It’s available now on Taster, the BBC’s site for its experimental technologies.",https://www.theverge.com/2020/5/18/21262847/bbc-together-netflix-party-iplayer-sounds-bitesize-news-sport-taster,https://cdn.vox-cdn.com/thumbor/gdhETh1M0HyVHuk8k709q9g2iKE=/0x107:1800x1049/fit-in/1200x630/cdn.vox-cdn.com/uploads/chorus_asset/file/19985025/BBCTogether_4.jpg,2020-05-18T23:01:00Z,"Its available now
Image: BBC
BBC is launching a new experimental tool, BBC Together, that will let you watch or listen to BBC programming with others over the internet, with everyone seeing the same thing on-screen at the same time. It sounds a lot like Netflix Party but for BBC content.
BBC Together works with any audio or video content from BBC iPlayer (which has on-demand video content from the BBC), BBC Sounds (which has on-demand audio content), Bitesize (which has educational content), BBC News, and BBC Sport, according to the BBC. You should be able to try it now on Taster, the BBCs site for its experimental technologies.
Share a link and your friends can watch with you
Once you decide what you want to watch with others with BBC Together, youll be able to share a link with your friends so they can join in. If youre the host, you can decide when to start, stop, rewind, or forward content, and everyones stream should stay in sync. 
The tool could come in handy as people are separated from one another while sheltering in place due to the COVID-19 pandemic, letting you watch BBC content with your friends and family even if you arent in the same physical space. And if you want to watch non-BBC content remotely with others, check out our guide."
17,"{'id': 'business-insider', 'name': 'Business Insider'}","feedback@businessinsider.com (Jake Lahut), Jake Lahut",Video shows food executives being told to remove their masks before discussing coronavirus outbreaks at meat plants with Mike Pence,"The Des Moines Register
<ul>
<li>A Des Moines Register video shows a panel of food executives being told to remove their masks before being joined by Vice President Mike Pence.</li>
<li>Pence, who has already been in hot water for not wearing a mask at the Ma…",https://www.businessinsider.com/video-food-executives-instructed-to-remove-masks-before-meeting-pence-2020-5,https://i.insider.com/5eb9b8133dac9a26455bce53?width=1200&format=jpeg,2020-05-11T20:41:06Z,"A video taken by the Des Moines Register shows food executives on a panel being told to remove their face masks before being joined by Vice President Mike Pence.
The panel, held Friday, addressed severe COVID-19 outbreaks at meatpacking facilities. It was streamed live at the time by the Register.
Shortly after the six-minute mark in the video, a woman can be seen instructing two groups of executives to remove their masks by making a gesture, as pointed out by The Intercept. Executives who arrived later appeared without their masks.
Loading
Something is loading.
In April, Pence was widely criticized for not wearing a mask at the Mayo Clinic despite the facility's guidelines.
And by the time the Iowa food supply panel convened, Pence had known for a few hours that his press secretary, Katie Miller, had tested positive for COVID-19.
The incident is another example of Pence not following the guidelines set by the Centers for Disease Control and Prevention.
In addition to wearing a mask in an instance where Pence would be indoors and within six feet of other people, the CDC would recommend that someone who was in contact with a positive case of the coronavirus should self isolate for two weeks."
18,"{'id': 'business-insider', 'name': 'Business Insider'}","feedback@businessinsider.com (Laura Priego), Laura Priego",5 people who recovered from the coronavirus share what they'd known before getting sick,"Business Insider España

María Galán, Sandra Majada, Dionisio Juanas, Ignacio Montes, and Cristina Nieto were all diagnosed with COVID-19 in the past few months.
All of them have recovered since.
They told Business Insider what it was like experiencing COVID-…",https://www.businessinsider.com/coronavirus-recovered-spain-patients-advice-2020-5,https://i.insider.com/5ebe5661f0f41940d456af04?width=1200&format=jpeg,2020-05-15T08:54:54Z,"María Galán, a recovered coronavirus patient. She initially attributed her symptoms to a common cold.
Business Insider España
Out of the 4.3 million people around the world who have been infected with COVID-19, some 1.5 million have recovered.
Despite this recovery rate, many people still don't know what it's like to have the coronavirus, and how to deal with early symptoms.
Five people who recovered from the disease have told Business Insider what the virus feels like, the symptoms you need to be aware of, and what they wish they had known before contracting it.
How to catch initial symptoms
In March, María Galán, Sandra Majada, Dionisio Juanas, Ignacio Montes, and Cristina Nieto — who live across Spain — all began to notice symptoms of the coronavirus in themselves.
Having paid close attention to the news, many of them recognized the symptoms as being associated with the illness.
María woke up one day a little cold, with sneezing, mucus, headache, and a very slight fever.
At first, it seemed like her symptoms were those from a common cold or flu. But as they worsened and wouldn't go away, she realized it was much more serious.
""I was very tired. I had headaches and a fever that wouldn't subside,"" María said. ""After a few days, I assumed I'd gotten over the cold symptoms.""
""I realized I was infected when I was cleaning with bleach and realized that I couldn't smell a thing.""
Sandra Majada.
Business Insider España
Experts have advised that people suffering from coronavirus symptoms and those who have tested positive completely isolate themselves in a room in their home.
But it's harder than it sounds.
""Just a week before I started to feel ill, my boyfriend — with whom I was isolating — came down with a high fever of up to 102 degrees Fahrenheit for seven to eight days and a lot of headaches, "" said María.
""It coincided with the start of working from home, schools closing, and the declaration a state of emergency.""
Both had to manage the situation while cohabiting a 55-square-meter apartment in the center of Madrid.
Neither of them was able to purchase masks or gloves and, though they tried their best to keep at a safe distance, infection was almost inevitable.
Ignacio Montes had to go to the emergency room on his own when he felt worse.
Business Insider España
Not everyone gets the same symptoms
Ignacio waited a few days for his symptoms to get worse before seeking medical help.
At first, he followed the medical advice to stay home and keep an eye on his breathing. After some time, though, he realized he really wasn't well. Doctors asked him to return for closer examination.
He was sent home after that but saw no improvement the next day.
Eventually, he had to see a private doctor, who prescribed him treatment, including the Azithromycin antibiotic and bronchodilators, which help relax the airways and help people breathe.
""The emergency rooms were empty. I was quickly attended to and given a lung scan,"" he said.
""The doctor told me that, thankfully, my lungs were fine at the moment and that what I was experiencing was the acute bronchitis associated with COVID-19.""
Dionisio Juanas says medical treatment was non-existent and he had next to no follow-up care.
Business Insider España
Different health systems give different levels of care
Dionisio suffered from the illness alongside his family.
When they started getting symptoms, they contacted their local clinic for advice because people had been asked not to go to hospitals on their own.
""Care has been nonexistent,"" Dionisio said, adding that the only advice he was given was to ""control the fever.""
He said he and his family called the health services twice but received the same response.
Meanwhile, Cristina said her experience with her local health system was positive. She went once to see her local doctor, and once to the hospital emergency room.
There, they performed a chest scan which indicated she was positive for COVID-19.
""They saw I had a mild case of pneumonia so they sent me home with specific medication for the virus and called me regularly from April 6 until recently,"" she says.
""On Sunday, April 12, they told me I had been discharged from La Paz,"" referring to Hospital La Paz, in Madrid, where she visited.
After that, her local doctor was tasked with monitoring her condition and continued to call her to check in.
Cristina Nieto was missing a lot of information while she was suffering with the coronavirus.
Business Insider España
What they wish they had known
All five told Business Insider they wish they had a complete list of COVID-19 symptoms when they were starting to get their own.
They said such a list had been slow to surface, making it hard for them to understand what they were going through.
Only in late March did health agencies start discussing the loss of taste and smell, and muscle pain, as a symptom — and by then, many had already experienced it. 
Cristina feels that she lacked enough information to manage her situation properly.
Advice for people going through COVID-19
Sandra wants to reassure people who notice that their symptoms not going away after a period of time.
""Although the symptoms last a long time, the best thing to do is to stay as calm as you can and to be very patient,"" she said.
All stress that staying calm is key, as the number of patients who recover from the coronavirus is high.
They also recommend that, if you are suffering from the illness, try not to obsess over the information circulating on social networks and WhatsApp.
Loading
Something is loading."
19,"{'id': 'the-verge', 'name': 'The Verge'}",Chris Welch,Apple’s services business hits all-time record and helps lessen coronavirus impact,"Apple reported its Q2 earnings on April 30th, which showed resilient growth for the company during the novel coronavirus pandemic. Hardware sales were down with the exception of wearables like the Apple Watch and AirPods, but services reached an all-time high.",https://www.theverge.com/2020/4/30/21243158/apple-q2-2020-earnings-coronavirus-covid-19-growth-watch-airpods,https://cdn.vox-cdn.com/thumbor/8zpscbQsXhZ58o2ZIJRJe6liyaA=/0x197:2040x1265/fit-in/1200x630/cdn.vox-cdn.com/uploads/chorus_asset/file/11477047/acastro_180604_1777_apple_wwdc_0001.jpg,2020-04-30T20:50:27Z,"Apple Watch and AirPods sales were up, but other devices were down
Illustration by Alex Castro / The Verge
Apple today reported its second quarter earnings, which showed resilient growth for the company despite the impact the COVID-19 pandemic has had on its supply chain and retail business. Apple posted revenue of $58.3 billion good for a 1 percent increase over this time last year and earnings per share of $2.55. Analysts had expected revenue of $53.8 billion and earnings per share of $2.23, according to Bloomberg. 
Despite COVID-19s unprecedented global impact, were proud to report that Apple grew for the quarter, driven by an all-time record in services and a quarterly record for wearables, CEO Tim Cook said in a press release. In this difficult environment, our users are depending on Apple products in renewed ways to stay connected, informed, creative, and productive. 
In February, Apple warned investors that it wouldnt meet its Q2 earnings guidance due to constrained iPhone supply around the globe and decreased demand for its products in China during the height of the outbreak there. Hardware sales were down across the board in Q2 with the exception of wearables, the division that Cook highlighted. Apple is not providing any Q3 guidance. 
With most hardware sales down, the company had to be hoping that its services business (which includes Apple TV Plus, Apple Arcade, Apple Music, and more) would be a bright spot this quarter since so many people are spending the bulk of their time at home. And that proved true, with services hitting an all-time record. 
Apples retail stores in the United States and elsewhere with the exception of mainland China and one in South Korea; theyve already reopened have been closed since mid-March as health officials continue imploring people to follow social distancing guidelines and reduce density where possible. 
The pandemic has not prevented Apple from releasing new products. In recent weeks, weve seen a new MacBook Air, iPad Pro (with its Magic Keyboard), and the $399 second-generation iPhone SE make their way to consumers. And the company has said it will hold an online-only version of its annual Worldwide Developers Conference in June, where you can expect to see the next major features coming to iPhone, iPad, Macs, the Apple Watch, Apple TV, and more. 
Apple has joined together with Google to create a joint system between Android and iOS that will be utilized for contact tracing in hopes that it can help slow the spread of the virus as some regions begin to lift their stay-at-home orders and restore a sense of normalcy. Developers making apps for health organizations will be able to start using the system in May, with deeper contact tracing set to arrive in iOS and Android as part of upcoming software updates. 
Rumors have suggested Apple is facing coronavirus-related manufacturing delays for this years iPhone lineup; the companys first 5G devices might ship later than their usual timeframe after theyre announced this fall."
