,source,author,title,description,url,urlToImage,publishedAt,content
0,"{'id': 'mashable', 'name': 'Mashable'}",Erica Bahrenburg,This hoodie has a face shield and 'sneeze sleeve' to protect against COVID-19,"Part of the Protective Fashion line, the hoodie was designed to make being safe fashionable. Read more...More about Fashion, Mashable Video, Coronavirus, Covid 19, and Face Shield",https://mashable.com/video/hoodie-with-face-shield/,https://mondrian.mashable.com/2020%252F06%252F17%252F09%252F706228be64af41cf99727a56a3bf8194.78d1c.jpg%252F1200x630.jpg?signature=h-VlUMTMwcIxHsVanNIeCU-UW8k=,2020-06-17T16:39:57Z,"Part of the Protective Fashion line, the hoodie was designed to make being safe fashionable."
1,"{'id': 'engadget', 'name': 'Engadget'}",Christine Fisher,FDA clears Formlabs' 3D-printed BiPAP-to-ventilator converter,"In the race to provide the ventilators needed to treat COVID-19, several companies have developed new devices. But there may be a simpler approach. Formlabs has received an emergency use authorization (EUA) from the FDA to 3D-print small adapters that can tur…",https://www.engadget.com/formlabs-fda-3d-printed-ventilator-adapters-211718753.html,https://o.aolcdn.com/images/dims?resize=1200%2C630&crop=1200%2C630%2C0%2C0&quality=80&image_uri=https%3A%2F%2Fs.yimg.com%2Fos%2Fcreatr-uploaded-images%2F2020-05%2F45a66130-8e49-11ea-afed-6435cd04a064&client=amp-blogside-v2&signature=89cf7e178f933c64a65d3ca50833b3dcd8413182,2020-05-04T21:17:18Z,"For hospitals that might not be able to print their own, Formlabs is using 150 3D printers at its Massachusetts headquarters to print the adapters. Once production is fully ramped up, the company expects to print up to 3,000 parts per day.
“Formlabs’ EUA for BiPAP adapters signifies the need for these components and 3D printings' unique ability to fill that need. 3D printing enables rapid iteration and prototyping of new, innovative medical equipment, while expediting the production process, shortening supply chains, and allowing for localized manufacturing,” said Max Lobovsky, Formlabs CEO and co-founder.
Lobovsky noted that prior to the COVID-19 pandemic, the FDA had only authorized a handful of EUAs. In March, Abbott received the rush-approval for its toaster-sized lab-in-a-box, and recently, NASA’s ventilator design was approved through the fast-track authorization.
While companies from Tesla to Dyson and NVIDIA have explored new ways to manufacture ventilators, pivoting manufacturing to make the devices is difficult and requires a lot of expertise. Plus, all ventilators have to clear regulatory hurdles and require creating new supply chains. Solutions like Formlabs’ adapter and right-to-repair efforts to prolong the life of existing equipment may be more practical."
2,"{'id': 'engadget', 'name': 'Engadget'}",Jon Fingas,IFA will be one of the first big in-person tech events post-lockdown,"Many of 2020’s technology events have been relegated to virtual gatherings or cancelled outright due to the COVID-19 pandemic, but IFA will still be an in-person expo — albeit with very tight restrictions. Organizers have received the go-ahead to hold IFA 202…",https://www.engadget.com/ifa-2020-to-go-ahead-as-in-person-event-125516562.html,https://o.aolcdn.com/images/dims?resize=1200%2C630&crop=1200%2C630%2C0%2C0&quality=80&image_uri=https%3A%2F%2Fs.yimg.com%2Fos%2Fcreatr-images%2F2020-05%2Fd8d1a450-99cb-11ea-9be6-f595fddb662a&client=amp-blogside-v2&signature=035c69377e94369c1943de8b0de96228b9fb3959,2020-05-19T12:55:16Z,"Many of 2020’s technology events have been relegated to virtual gatherings or cancelled outright due to the COVID-19 pandemic, but IFA will still be an in-person expo — albeit with very tight restrictions. Organizers have received the go-ahead to hold IFA 2020 between September 3rd and September 5th, but it will be an invitation-only affair with four separate events, each limited to 1,000 people per day. There will also be just a handful of stages to minimize the number of production staff while preserving the “highest hygiene standards.”
The headliner will be the Global Press Conference, which was originally slated for April and will now serve more as a showcase for the latest products. Qualcomm’s President will deliver the opening keynote. IFA Next and Shift Mobility have been merged into one event focused on startups and “connected mobility” companies to help them get coverage and industry networking. Global Markets will help the supply chain connect, while Business, Retail &amp; Meeting Lounges will let companies hook up with retailers."
3,"{'id': 'engadget', 'name': 'Engadget'}",Steve Dent,Apple is reopening more stores but you'll need a face mask to enter,"Apple is set to open 25 more stores in the US and 12 in Canada, but be prepared to follow strict COVID-19 guidelines if you want to enter. For one thing, face masks will be required and will be provided if you don’t have one. Temperature checks will also be c…",https://www.engadget.com/apple-store-reopening-mask-temperature-check-091242447.html,https://o.aolcdn.com/images/dims?resize=1200%2C630&crop=1200%2C630%2C0%2C0&quality=80&image_uri=https%3A%2F%2Fs.yimg.com%2Fos%2Fcreatr-images%2F2020-05%2F4592fb00-98e3-11ea-bffa-8b0e2031ed7f&client=amp-blogside-v2&signature=2f763be257f971b9a80f31e7550283a7438b3b42,2020-05-18T09:12:42Z,"Apple is set to open 25 more stores in the US and 12 in Canada, but be prepared to follow strict COVID-19 guidelines if you want to enter. For one thing, face masks will be required and will be provided if you don’t have one. Temperature checks will also be conducted at the door, and “posted health questions will screen for those with symptoms — like cough or fever — or who have had recent exposure to someone infected with COVID‑19,” Apple wrote in its store opening letter.
Last month, Apple closed all its stores due to the coronavirus pandemic and only started reopening them last week in Idaho, South Carolina, Alabama and Alaska. The company said it evaluated data like local COVID-19 cases, along with “near and long-term trends and guidance from national and local health officials.” It added that stores could close just as quickly as they reopened if dictated by local conditions."
4,"{'id': 'cnn', 'name': 'CNN'}","By <a href=""/profiles/jessie-yeung"">Jessie Yeung</a>, CNN","More than 1,000 police officers will enforce social distancing in New York this weekend","The global coronavirus pandemic has brought countries to a standstill. Here's the latest updates on worldwide Covid-19 cases, deaths, government responses, and more.",https://www.cnn.com/world/live-news/coronavirus-pandemic-05-02-20-intl/index.html,https://cdn.cnn.com/cnnnext/dam/assets/200417125229-01-coronavirus-cdc-image-super-tease.jpg,2020-05-02T01:51:46Z,"Matt Hancock, the UK's Health Secretary, proudly announced on Friday that the country had hit an ambitious coronavirus testing target that it set at the beginning of the month. 
On April 2, after weeks of criticism that the UK was lagging behind its European counterparts like Germany on testing, Hancock said he was ""setting the goal of 100,000 tests per day, by the end of this month. That is the goal and I am determined that we will get there.""
On Friday, Hancock said from that same podium that the UK had beaten the goal by more than 22,000.
Striking an upbeat tone, Hancock said: ""I knew it was an audacious goal, but we needed an audacious goal."" 
Ambiguous numbers: Critics might point out that the goal wasn't the only thing to come out of Hancock's mouth that could be called audacious. In the numbers counted, thousands of tests have been sent out to the public, but not necessarily returned. 
Jonathon Ashworth, the opposition Labour party's shadow health secretary, has already issued a statement, accusing the government of fiddling the numbers. ""Increasing testing is an important milestone. But many would have expected the 100,000 promise to have been met by actually carrying out testing, not simply because 39,000 kits had been mailed out,"" he said.
The issue of testing didn't need to become so political. 
When the UK gave in to pressure to reverse its March 12 decisions to abandon mass community testing on April 2, it didn't need to set itself a specific target or a specific deadline. Indeed, it seems very unlikely that any scientific or medical advice would have produced a round number like 100,000 or a neat date such as the end of a month. These promises were based on political choices made by the government and it is entirely reasonable that critics expected the target to be met.
It is, however, also reasonable for critics to point out that the date and the number of tests carried out is entirely arbitrary and what really matters is a coherent purpose for those tests being carried out such as rolling out a contact tracing program. 
So, while the UK government can be proud of its extraordinary expansion of testing in such a short period of time and no one can deny that more testing is a positive thing it's reasonable that critics would find any backslapping for simply keeping its own promise somewhat unedifying."
5,"{'id': 'cnn', 'name': 'CNN'}",,Man at early Covid-19 epicenter near NYC tells his story,Lawrence Garbuz has spent the last two months recovering from Covid-19.  Health officials think he may have been one of the earliest cases in New York City.,https://www.cnn.com/videos/us/2020/05/11/coronavirus-new-york-first-patient-new-rochelle-orig-dp.cnn,https://cdn.cnn.com/cnnnext/dam/assets/200511161302-nyc-first-patient-super-tease.jpg,2020-05-11T20:17:52Z,Chat with us in Facebook Messenger. Find out what's happening in the world as it unfolds.
6,"{'id': 'cnn', 'name': 'CNN'}",,Images emerge from Russian hospital,Startling images from a hospital in the south of Russia show how Covid-19 is overstretching its health service. CNN's Matthew Chance reports.,https://www.cnn.com/videos/world/2020/04/30/russia-coronavirus-covid-19-pandemic-health-service-hospital-vladimir-putin-chance-pkg-intl-ldn-vpx.cnn,https://cdn.cnn.com/cnnnext/dam/assets/200430070826-russia-coronavirus-covid-19-pandemic-health-service-hospital-vladimir-putin-chance-pkg-intl-ldn-vpx-00022422-super-tease.jpg,2020-04-30T11:19:13Z,Chat with us in Facebook Messenger. Find out what's happening in the world as it unfolds.
7,"{'id': 'cnn', 'name': 'CNN'}",,Tapper to Azar: This is nothing to celebrate,CNN's Jake Tapper presses Health and Human Services Secretary Alex Azar about the high death toll in the US from Covid-19.,https://www.cnn.com/videos/politics/2020/05/17/alex-azar-coronavirus-pandemic-death-toll-tapper-sot-sotu-vpx.cnn,https://cdn.cnn.com/cnnnext/dam/assets/200517100021-tapper-alex-azar-05172020-super-tease.jpg,2020-05-17T14:14:29Z,Chat with us in Facebook Messenger. Find out what's happening in the world as it unfolds.
8,"{'id': 'cnn', 'name': 'CNN'}","Oscar Holland, CNN",Ai Weiwei has turned his most iconic artworks into charity face masks,"Ai Weiwei has produced a series of face masks printed with his most iconic artworks to help counter the ""humanitarian crisis"" arising from Covid-19.",https://www.cnn.com/style/article/ai-weiwei-charity-masks/index.html,https://cdn.cnn.com/cnnnext/dam/assets/200528145627-02-ai-weiwei-mask-super-tease.jpg,2020-05-28T07:51:26Z,"arts
Ai Weiwei has produced a series of face masks printed with his most iconic artworks to help counter the ""humanitarian crisis"" arising from Covid-19.
The Chinese artist, who is currently in lockdown in the UK, is hoping to raise at least $1 million for international charities that are helping vulnerable and displaced people impacted by the pandemic.
Three designs are being made available at $50 each, including works titled ""Mask with Middle Finger"" and ""Sunflower Seeds,"" a reference to the installation that saw Ai fill London's Tate Modern with over 100 million porcelain seeds. 
Many of the other designs, which can only be bought in larger sets of four or 20, allude to state control and freedom of expression, issues the dissident artist has long addressed in his work. Among them are images of handcuffs, a surveillance camera and a crab, a reference to a Chinese slang term for censorship.
Produced in collaboration with Guggenheim Museum curator Alexandra Munroe -- and printed by hand at Ai's studio in Berlin -- the items are available starting Thursday for the next month via eBay. 
The cloth masks are not for medical use, nor are they even meant to be worn. Instead, the artworks are intended to raise money for vulnerable groups, including the migrants and refugees whose plight has featured heavily in Ai's art and activism in recent years. 
All proceeds will go to the Covid-19 responses organized by Human Rights Watch, Refugees International and Médecins Sans Frontières.
For Ai, the threat to vulnerable people's livelihoods ""requires each individual to act, both alone and collectively.""
""Our small individual acts become powerful when they are part of the social response,"" he said in a media statement. ""An individual wearing a mask makes a gesture; a society wearing masks combats a deadly virus. And a society that wears masks because of the choices of individuals, rather than because of the directive of authorities, can defy and withstand any force.
""No will is too small, and no act is too helpless,"" he added.
In a press release, Human Rights Watch's executive director Kenneth Roth described the project as ""a powerful example of art and activism coming together for good,"" while Refugees International president Eric Schwartz called it a ""noble initiative"" that ""sounds the alarm"" on the threat the pandemic poses to displaced people. UNHCR, the UN Refugee Agency, warned on Tuesday that urban refugees in Africa are among those struggling to meet basic needs due to the economic impact of Covid-19 and subsequent lockdowns.
Ai has also been outspoken about the pandemic's political implications -- especially in China, where he was frequently subjected to police harassment and detention before entering self-exile in Germany in 2015. 
He has since moved to Cambridge, UK. In an interview with CNN Style last month, he expressed concern that the country's government is using its response to the virus to strengthen what he calls its ""police state.""
""For China, everything is for political use,"" Ai said, adding: ""It doesn't matter what kind of disaster they're facing. The only thing they learn is how well they use this authoritarian power to manipulate the story.""
The artist also revealed that he is producing a documentary about the pandemic, and has been working remotely with film crews in Wuhan, where the outbreak first emerged.
Ai is not the only artist to turn his hand to mask-making in recent weeks. Takashi Murakami, who is known for his work with the likes of Pharrell Williams and Kanye West, has just released a series of face coverings featuring his signature flower motif, among other designs.
In the UK, a group of four renowned artists -- David Shrigley, Yinka Shonibare, Eddie Peake and Linder Sterling -- last week unveiled a series of limited edition masks. Money raised by their designs will go to the Contemporary Art Society's Rapid Response Fund, which offers financial support to artists and museums affected by coronavirus lockdowns.
Top image caption: The woodcut print ""Mask with Middle Finger"" is a symbol of affirmation and self-empowerment in the artist's work."
9,"{'id': 'cnn', 'name': 'CNN'}","Scottie Andrew, CNN",This is the coronavirus' staggering toll in the US,How do you calculate the cost of an American tragedy? These numbers show just how drastically the Covid-19 pandemic has blown up life in the US.,https://www.cnn.com/2020/05/27/us/us-coronavirus-toll-in-numbers-trnd/index.html,https://cdn.cnn.com/cnnnext/dam/assets/200527111957-coronavirus-toll-numbers-v02-super-tease.jpg,2020-05-27T22:43:03Z,"(CNN)How do you calculate the cost of an American tragedy?
It's difficult to comprehend just how drastically the Covid-19 pandemic has disrupted life in the US when its effects are so wide-reaching. Unemployment has soared to levels not seen in decades. The virus is ravaging African American and Latino communities. And daily life as we knew it is on indefinite pause. 
The following figures make those consequences clearer. Here, in dollars, percentages and -- most tragically -- lives, is the devastating toll the pandemic has taken on the US. 
The virus has killed more than 100,000 Americans
Coronavirus has now killed at least 100,000 people in the US since the first death was reported in February, according to Johns Hopkins University's case count. That's an average of nearly 900 deaths per day. 
Nearly 80% of all deaths occur in people over 65
Older adults are exceedingly vulnerable to severe infection from coronavirus. And according to CDC data, that risk increases with age. 
About 59% of all coronavirus deaths occur in people 75 and older, according to the CDC, which relies on less complete data than the Johns Hopkins University count. 
21% occur in people between 65 and 74, and roughly 18% occur in people ages 45 to 64. Just 3% of deaths occur in 18- to 44-year-olds. 
The US leads the world in cases and deaths 
The US death rate is 2.6 times higher than the second leading country, the United Kingdom. The UK has reported 36,875 deaths so far, according to Johns Hopkins University's global case count.
Both the US and the UK have heard mixed messages from leadership. President Donald Trump has repeatedly downplayed the virus and ceded decisions about closing and reopening to the states. 
In the UK, Prime Minister Boris Johnson's new message of ""Stay Alert, Control the Virus, Save Lives"" has confused leaders of the three other nations in the UK, who aren't sure whether the guidance applies to them or just Britain. 
Nearly as many Americans have died of Covid-19 as in the wars in Vietnam, Korea, Iraq and Afghanistan combined
More than 58,000 Americans died in Vietnam. The US coronavirus death rate is 1.7 times higher. 
Almost 37,000 Americans died in Korea. The US coronavirus death rate is nearly 3 times higher. 
4,431 Americans died in Iraq. The US coronavirus death rate is 22 times higher. 
2,445 Americans died in Afghanistan. The US coronavirus death rate is nearly 40 times higher. 
And by June more Americans will have likely died of coronavirus than in all four of those conflicts combined. 
Nursing homes account for 42% of deaths in most of the US
More than 35,100 nursing home deaths have been reported in 37 states, out of 174,381 cases in 42 states, according to data from the Kaiser Family Foundation. 
Not all states are reporting infections and deaths in nursing homes and long-term care facilities, so these numbers may be higher on a national scale. 
With their highly vulnerable residents, frequent visitors and relatively close quarters, nursing homes are hotbeds for infection. The first significant coronavirus outbreak in the US occurred at a facility in Washington state, where at least 35 people died and dozens more residents and staff were infected.
Black Americans are more than twice as likely as whites to die from the virus
Black Americans represent 13% of the population in the 40 states plus DC that have released mortality data, but they account for 25% of deaths, according to an analysis from the American Public Media (APM) Research Lab. 
At least 20,195 black Americans have died from coronavirus as of May 19, APM reported. That's roughly equivalent to 1 in 2,000 black Americans dying. 
""If they had died of Covid-19 at the same rate as white Americans, about 12,000 black Americans, 1,300 Latino Americans and 300 Asian Americans would still be alive,"" the lab said.
By comparison, white Americans, who make up 61.7% of the states that have released race mortality data, account for 49.3% of all deaths in those states. In all, white people represent 21 in 100,00 deaths. 
The Navajo Nation has the nation's highest per-capita infection rate
Data on Covid-19's impact on indigenous people is incomplete, but the numbers that do exist are bleak. 
The Navajo Nation has a population of 173,667 spread out across Arizona, New Mexico and Utah. With 4,002 cases, the Navajo territory has 2,304 cases per 100,000 people. 
That's more than densely populated New York and New Jersey, which report 1,806 and 1,668 cases per 100,000 people respectively. 
In Arizona, the indigenous mortality rate is more than 5 times higher than the rate for all other groups. In New Mexico, the indigenous mortality rate is more than 7 times higher. 
More than 41% of US deaths have occurred in New York and New Jersey
The two states have seen a combined 40,279 deaths, according to Johns Hopkins University's count. That's more than 41% of the 97,722 deaths reported as of Monday. 
New York has reported 29,350 deaths, and 11,339 people have died in New Jersey. 
The epicenter of the country's outbreak is New York City, the most populous city in the US with 8 million residents. It's also got the country's highest population density, with 27,000 people per square mile. That, coupled with a subway system that sees 5.5 million commuters daily, make it prime breeding ground for infection.
New Jersey, across the Hudson River from Manhattan, is home to hundreds of thousands of commuters who worked in the city before the pandemic hit. Plus, it has the highest population density of any state. 
Coronavirus is 2 to 3 times more contagious than the flu
A person with the flu infects an average of about 1.28 other people. But without mitigation efforts such as stay-at-home orders, a person with novel coronavirus infects an average of 2 to 3 other people. 
Researchers say the US could have prevented 84% of its deaths
If the US had locked down two weeks earlier than it did in late March and early April, 82% of its cases and 84% of its deaths could've been avoided, according to Columbia University researchers.
And if states took social distancing measures just one week earlier, more than half the number of deaths and infections would've been prevented, the researchers said.
Without a coordinated national effort, states issued stay-at-home orders on a rolling basis over two weeks. California locked down on March 20 while Florida, after pressure from lawmakers, locked down almost two weeks later. A few states, like Arkansas, never enforced a statewide stay-at-home order. 
The US still predicts up to 240,000 deaths in the first wave
Dr. Deborah Birx of the White House's coronavirus task force told Fox's Chris Wallace on Sunday that she stands by the original model, which predicted anywhere from 100,000 to 240,000 deaths. At the beginning of May, Trump said he predicted 80,000 to 90,000 deaths, which the US has already exceeded. 
A second peak may follow the first wave with an even higher death toll, the World Health Organization warned Monday.
Countries must be prepared that the virus could ""jump up at any time,"" and another peak could likely occur during flu season, said Dr. Mike Ryan, executive director of WHO's Health Emergencies Programme. 
The US needs to test 900,000 people every day to reopen, a study says
There were 378,908 new Covid-19 tests reported on Sunday, according to the Atlantic's Covid-19 Tracking Project. That's a significant uptick since March 24, when states conducted 68,454 tests. But it's still not enough to safely reopen, according to the Harvard Global Health Institute. 
In early May the institute said the US should test at least 900,000 people every day by May 15. 
Though testing access has improved considerably since the start of the pandemic, faulty tests issued by the CDC are thought to have contributed to the slow US response to the virus. Still, the responsibility to ramp up testing falls to the states, per the Trump administration's latest testing report. 
The US economy had its worst quarter since the 2008 recession
America's first-quarter GDP, the most expansive measure of the US economy, fell at a 4.8% annualized rate, the US Bureau of Economic Analysis reported in May. 
It was the first contraction of the US economy since the first quarter of 2014, and the worst drop since the fourth quarter of 2008, the height of the financial crisis.
43 states reported record unemployment in May
Nevada's unemployment rate is the worst in the country at 28.2%, significantly higher than its rate of 6.9% in March. Michigan and Hawaii had the next highest unemployment rates at 22.7% and 22.3%, respectively.
Things may get even worse. US Secretary of the Treasury Steve Mnuchin told Fox News' Chris Wallace that the US could get close to jobless rates not seen since the Great Depression, when unemployment peaked at 25%. 
Grocery prices have risen as much as 16%
Overall, the price of groceries grew 2.6% in April. That was the biggest increase from one month to the next since 1974, according to the Bureau of Labor Statistics.
Egg prices shot up 16.1% in April. Cookies cost 5.1% more in April, too. Chicken is 5.8% more expensive, and orange prices rose 5.6%. 
It's because of disruptions in the food supply chain. Restaurants shut down, more Americans started cooking at home and more people started buying groceries, though food producers couldn't speed up their deliveries at the same rate. 
Illustrations/graphics by Christopher Hickey, Alberto Mier, Jessi Esparza and Tal Yellin.
CNN's Harmeet Kaur, Shelby Lin Erdman, David Goldman, Anneken Tappe, Catherine Shoichet, Holly Yan and Luke McGee contributed to this report."
10,"{'id': 'cnn', 'name': 'CNN'}",,Mayor shares moment police detained her husband,Atlanta Mayor Keisha Lance Bottoms shares a personal story about police profiling during a CNN town hall on racial inequality and Covid-19.,https://www.cnn.com/videos/politics/2020/06/14/keisha-lance-bottoms-husband-police-mayors-racial-inequality-coronavirus-cnn-town-hall-sot-vpx.cnn,https://cdn.cnn.com/cnnnext/dam/assets/200614220725-laura-coates-mayor-keisha-lance-bottoms-split-super-tease.jpg,2020-06-15T02:09:21Z,Chat with us in Facebook Messenger. Find out what's happening in the world as it unfolds.
11,"{'id': 'cnn', 'name': 'CNN'}",,Gupta: 200K deaths by October may be underprediction,"CNN's Dr. Sanjay Gupta explains that one current model's prediction of 200,000 deaths in the US from Covid-19 by October may be an underprediction.",https://www.cnn.com/videos/us/2020/06/16/sanjay-gupta-model-coronavirus-deaths-october-newday-sot-vpx.cnn,https://cdn.cnn.com/cnnnext/dam/assets/200616091128-gupta-june-16-super-tease.jpg,2020-06-16T13:16:49Z,Chat with us in Facebook Messenger. Find out what's happening in the world as it unfolds.
12,"{'id': 'cnn', 'name': 'CNN'}","Michael Nedelman, CNN",Outbreak investigation aboard US aircraft carrier may contain clues about Covid-19 among the young and healthy,An investigation of a major coronavirus outbreak aboard the USS Theodore Roosevelt aircraft carrier may reveal clues as to how Covid-19 affects younger adults.,https://www.cnn.com/2020/06/09/health/covid-19-investigation-aircraft-carrier/index.html,https://cdn.cnn.com/cnnnext/dam/assets/200327101147-uss-theodore-roosevelt-03182020-super-tease.jpeg,2020-06-09T23:48:57Z,"(CNN)An investigation of a major coronavirus outbreak aboard the USS Theodore Roosevelt aircraft carrier may reveal clues as to how Covid-19 affects younger adults.
""This is the first major look at Covid-19 infections among healthy young adults that the CDC has released,"" said Daniel Payne, an epidemiologist with the US Centers for Disease Control and Prevention, which collaborated with the US Navy on the investigation.
More than 1,000 of the ship's nearly 4,900-member crew tested positive for Covid-19 following the outbreak. After spending weeks at a port in Guam, the ship returned to sea last month.
The majority -- nearly 60% -- of sailors in the study who had antibodies had neutralizing ones, ""a promising indicator of at least short-term immunity,"" the researchers wrote.
Most reported mild or no symptoms, and those who took preventive measures -- such as face masks and social distancing -- were less likely to become infected.
""What we saw was that most of the infections were actually mild, in addition to those that were asymptomatic,"" Payne told reporters Tuesday.
""And this is perhaps different from studies of older Americans, or maybe even those who were hospitalized already, and certainly much different from those with underlying health conditions.""
With a number of young people reporting mild, atypical, or no symptoms from the virus, ""symptom-based surveillance might not detect all infections,"" the investigators wrote.
Most tested positive for antibodies
The report, published Tuesday, included a sample of 382 service members, with a median age of 30. According to the report, three-fourths were male. 
Nearly 60% of them tested positive for antibodies, and among them, 59% had also developed neutralizing antibodies by the time their blood samples were taken. 
Neutralizing antibodies bind to the virus, potentially disabling it from attacking human cells. In a handful of participants, these antibodies were detected more than 40 days after their symptoms began.
However, because the data come from a single point in time, they note that longer studies will be needed to definitively show whether and how long these antibodies might protect against the virus.
Lower infection rate in those who took protective measures
Those who took preventive measures were also less likely to become infected. 
Sailors who wore face coverings were less likely to become infected (55.8% versus 80.8%), as were those who avoided common areas (53.8% versus 67.5%) and practiced physical distancing (54.7% versus 70.0%). 
Symptoms more closely associated with Covid-19 in this sample were loss of taste or smell, muscle pain, fever and chills. 
Two were hospitalized among the 238 in the study confirmed to have been infected with the virus.
Officials are working to ""tailor our public health practices to the unique characteristics of this adversary whose secret weapon, as you know, is the ability to be transmitted by an individual before they know they're infected,"" Rear Adm. Bruce Gillingham, the US Navy surgeon general, told reporters Tuesday.
CNN's Theresa Waldrop and Barbara Starr contributed to this report."
13,"{'id': 'cnn', 'name': 'CNN'}",,White House defends Trump's use of racist language,"White House press secretary Kayleigh McEnany defended President Trump's use of a racist slur when he referenced Covid-19 at a rally in Tulsa, Oklahoma, the previous Saturday.",https://www.cnn.com/videos/politics/2020/06/22/trump-kung-flu-tulsa-kayleigh-mcenany-covid-19-whpb-sot-crn-vpx.cnn,https://cdn.cnn.com/cnnnext/dam/assets/200622140846-02-white-house-briefing-0622-super-tease.jpg,2020-06-22T18:32:32Z,Chat with us in Facebook Messenger. Find out what's happening in the world as it unfolds.
14,"{'id': 'cnn', 'name': 'CNN'}",,Fareed's Take: How to 'follow the science',"Fareed gives his take on what it means to ""follow the science"" when that knowledge is rapidly evolving due to the novel nature of Covid-19.",https://www.cnn.com/videos/tv/2020/05/03/exp-gps-0503-take.cnn,https://cdn.cnn.com/cnnnext/dam/assets/200503114209-fareed-zakaria-05032020-super-tease.jpg,2020-05-03T15:43:35Z,Chat with us in Facebook Messenger. Find out what's happening in the world as it unfolds.
15,"{'id': 'cnn', 'name': 'CNN'}",,Watch Blue Angels and Thunderbirds' epic performance,"US Navy and Airforce jets flew over NYC, PA, and NJ in honor of first responders on the frontlines of Covid-19 pandemic.",https://www.cnn.com/videos/us/2020/04/28/blue-angels-thunderbirds-flyover-coronavirus-first-responders-orig-mss.cnn,https://cdn.cnn.com/cnnnext/dam/assets/200428140234-01-blue-angels-fly-over-0428-super-tease.jpg,2020-04-28T20:04:53Z,Chat with us in Facebook Messenger. Find out what's happening in the world as it unfolds.
16,"{'id': 'cnn', 'name': 'CNN'}",,White House fight spills into public view,Dr. Peter Hotez discusses the public disagreement between White House adviser Peter Navarro and HHS Secretary Alex Azar and how this could affect the response to Covid-19.,https://www.cnn.com/videos/politics/2020/05/18/peter-navarro-alex-azar-cdc-fight-nr-vpx.cnn,https://cdn.cnn.com/cnnnext/dam/assets/200518142633-peter-navarro-alex-azar-cdc-fight-nr-vpx-00000000-super-tease.jpg,2020-05-18T18:41:33Z,Chat with us in Facebook Messenger. Find out what's happening in the world as it unfolds.
17,"{'id': 'cnn', 'name': 'CNN'}",,"Smerconish: Does reporting lockdown violations make you a whistleblower, or a snitch?","If you report on your neighbors defying COVID lockdown orders, are you a whistleblowing patriot - or a snitch? In St. Louis, someone outed the tipsters.",https://www.cnn.com/videos/tv/2020/05/09/comment-covid-whistleblowing---or-snitching.cnn,https://cdn.cnn.com/cnnnext/dam/assets/200509095411-smr-snitching-super-tease.jpg,2020-05-09T14:06:38Z,Chat with us in Facebook Messenger. Find out what's happening in the world as it unfolds.
18,"{'id': 'cnn', 'name': 'CNN'}","Harmeet Kaur, CNN",The opioid epidemic was already a crisis. Covid-19 could be making things worse,"Before the Covid-19 pandemic, the nation was in the throes of another public health crisis: the opioid epidemic. That pandemic could make matters worse.",https://www.cnn.com/2020/05/07/health/opioid-epidemic-covid19-pandemic-trnd/index.html,https://cdn.cnn.com/cnnnext/dam/assets/190312132734-04-opioid-photo-super-tease.jpg,2020-05-07T13:46:55Z,"(CNN)Before the Covid-19 pandemic, the nation was in the throes of another public health crisis: the opioid epidemic.
More than 2 million Americans struggle with opioid use disorder, and about 130 Americans on average die every day from an opioid overdose. Opioids account for a majority of drug overdose deaths, the leading cause of accidental death in the US. It's a crisis that's been a priority for officials at the federal, state and local levels for years.
Now, the coronavirus has disrupted all matters of life across the country -- including efforts to combat the nation's opioid problem.
Walk-in clinics and syringe exchange programs have been closed. Community support groups are meetingvirtually. 
Some who struggle with substance abuse are homeless or incarcerated and can't comply with social distancing guidelines, while those who can are left isolated and at risk. On top of all that, the pandemic is causing massive stress -- a primary driver of relapse. 
""This changing, very strange world that we're living through could serve as a trigger for people to return to drug use,"" said Daliah Heller, director of drug use initiatives at the public health organization Vital Strategies. ""And that brings a great potential for overdose with it.""
As local officials report spikes in overdose calls and deaths, experts and advocates say they're concerned the coronavirus pandemic is making an already serious problem worse.
Local officials are reporting overdose spikes
County coroners, law enforcement and emergency responders around the country are reporting spikes in overdose calls and deaths -- and they're concerned that's connected to Covid-19.
Franklin County, Ohio, reported 28 non-fatal overdoses from last Friday night to Saturday night. The previous Friday, the county had six overdose deaths, which coroner Anahi Ortiz had described as a ""surge"" in a Facebook post.
Ortiz wrote in a Facebook post on Sunday that Franklin County had seen a 50% increase in fatal overdoses from January to April 15.Sixty-two people died of overdoses in the month of April alone, she wrote.
Niagara County in New York reported last month that drug overdoses spiked 35% from January 1 to April 6, compared to the same time last year.
And in Jacksonville, Florida, the fire and rescue chief said the city saw a 20% increase in overdose calls from February to March.
It's too soon to determine whether such reports are evidence of a larger trend, said Nora Volkow, director of the National Institute on Drug Abuse.
Federal and state data on fatal and non-fatal overdoses for the past few months are not yet available, while coroners and medical examiners are overwhelmed with cases of Covid-19 and may not have the resources to follow up on overdose deaths, she said.
""We do not know,"" Volkow said, of whether more people are overdosing in connection with Covid-19. ""In many cases, we will likely never know.""
But she predicts that some communities will ""absolutely"" see an uptick in overdoses.
Public health services are disrupted
There are a few reasons that experts are concerned about a potential coronavirus-related increase in opioid overdoses.
For one, harm reduction programs across the country have beenexperiencing reduced capacity given the pandemic, Heller said.
Though many states have defined such services as essential in their stay-at-home orders, some programs have had to restrict access or reduce staffing because of a lack of funding or personal protective equipment for their workers.
Federal agencies have eased some regulations that have mitigated the risks of overdoses and Covid-19 infection, Heller said.
For example, patients receiving medication-assisted treatment for opioid use disorder often have to visit a provider daily for a dose of methadone. But because such visits could expose both patients and health care workers to Covid-19, the Substance Abuse and Mental Health Services Administration (SAMHSA) is temporarily allowing treatment programs to provide patients with two to four weeks' worth of methadone doses to take home. 
Meanwhile, the Drug Enforcement Administration (DEA) has also relaxed telehealth restrictions around prescriptions for buprenorphine, another medication-assisted treatment.
Still, for people who lack health insurance or high-speed internet access, there are barriers.
People are engaging risky behaviors
In some communities, services that treat addiction or prevent overdoses, such as needle exchange programs, are on hold -- leading people to engage in risky behaviors. 
Jamie Favaro is the founder of Next Distro, a harm reduction organization that provides syringes and the overdose-reversing naloxone online and through the mail. She said her organization is receiving about five times as many requests as usual because people haven't had access to sterile syringes. A significant volume of requests is coming from people in Ohio, Kentucky and West Virginia, she said.
Recently, she said, a client in West Virginia requested syringes after sharing a single needle with three other people for a week. The exchange programs in their area were shut down, the client said, and there was nowhere else to get syringes. Other clients have reached out saying they are also reusing syringes or have had needles break off in their skin, she said.
""I'm very fearful that we're going to see an HIV spike and a Hepatitis C spike, as well as an overdose spike in areas where the needle exchange programs have shut down,"" Favaro said.
More harm reduction programs around the country are beginning to mail syringes and naloxone to people who use opioids, Favaro added. County health departments are ramping up naloxonedistribution to protect against overdoses too.
But the coronavirus pandemic presents challenges there as well.
When someone overdoses on opioids, another person generally administers naloxone to reverse those effects. Because of social distancing, Volkow said, it's possible that some individuals may not have anyone else around to administer the life-saving medication.
The drug supply is affected
Another reason people are at heightened risk of opioid overdoses has to do with how Covid-19 has affected the nation's illicit drug supply, experts say.
Illegal drugs are typically smuggled into the US from other countries, but border restrictions brought on by the pandemic could theoretically decrease drug access in some areas, Volkow said.
On the surface, Heller said, that might seem like a good thing. But a limited supply could drive dealers to increase the potency of products to meet demand, mixing powerful, synthetic opioids like fentanyl into drugs and putting those who use them at a greater risk of overdose. 
Less access to drugs could also drive users to seek out other, unfamiliar drug sources -- or risk withdrawal.
Stress could drive people to relapse
Finally, the social isolation brought on by the coronavirus pandemic is leaving people especially vulnerable.
Some support groups for people experiencing opioid addiction or for those in recovery are now taking place over Zoom, Volkow said. But the virtual contact often just isn't the same. 
""One of the most powerful interventions is to keep people in treatment is that social network,"" she said. ""Isolation can lead you to seek out some relief, like starting to take drugs.""
It will be a while before we know the true effects that Covid-19 has had on those who struggle with opioid use disorders, Volkow said. But already, there are many reasons to worry."
19,"{'id': 'cnn', 'name': 'CNN'}",,Doctor and nurse belt uplifting songs at hospital,"Mercy Medical Center in Springfield, Massachusetts, puts on weekly Facebook Live performances of doctors and nurses singing songs to lift spirits during the Covid-19 pandemic.",https://www.cnn.com/videos/us/2020/05/07/doctor-nurse-sing-hospital-massachusetts-mh-eg-orig.cnn,https://cdn.cnn.com/cnnnext/dam/assets/200506220955-doctor-nurse-sing-hospital-massachusetts-super-tease.jpg,2020-05-07T02:14:59Z,Chat with us in Facebook Messenger. Find out what's happening in the world as it unfolds.
