,source,author,title,description,url,urlToImage,publishedAt,content
0,"{'id': 'cnn', 'name': 'CNN'}",,Nurse shares stunning selfies before and after virus,A San Francisco nurse who contracted Covid-19 shared pictures of himself showing the impact the virus had on his body.,https://www.cnn.com/videos/health/2020/05/20/nurse-coronavirus-survivor-before-and-after-nr-keilar-vpx.cnn,https://cdn.cnn.com/cnnnext/dam/assets/200520161051-mike-schultz-nurse-coronavirus-before-and-after-super-tease.jpg,2020-05-20T20:36:41Z,Chat with us in Facebook Messenger. Find out what's happening in the world as it unfolds.
1,"{'id': 'cnn', 'name': 'CNN'}","Anna Sturla, CNN",103-year-old woman celebrates beating Covid-19 with a cold beer,"A 103-year-old Massachusetts woman who recovered from Covid-19 celebrated with a favorite drink -- a cold beer, her family told CNN.",https://www.cnn.com/2020/05/31/us/covid-19-grandma-beer-trnd/index.html,https://cdn.cnn.com/cnnnext/dam/assets/200529173028-01-covid-grandma-beer-trnd-super-tease.jpg,2020-05-31T14:17:27Z,"(CNN)A 103-year-old Massachusetts woman who recovered from Covid-19 celebrated with a favorite drink -- a cold beer, her family told CNN.
When Jennie Stejna tested positive for coronavirus in late April, her family began preparing for the worst, granddaughter Shelley Gunn said.
At one point, her family was told that Stejna had stopped eating and drinking and might not make it through the night. They called her for one last goodbye, Gunn said.
When Gunn's husband, a Navy retiree, asked Stejna if she was ready to pass away, she responded ""Hell yeah,"" according to the family.
""She's always been a feisty woman,"" Gunn said.
But instead of a grim phone call from Stejna's nursing home, on May 8 they received the news that she had tested negative, and was symptom-free, the family said.
""The nurses came into her room, and she said, ""I'm not sick anymore, Get the hell out,'"" Gunn said.
The nursing home staff honored Stejna's perseverance with one of her favorite treats -- an ice-cold beer.
""I think it's given everyone a smile and some hope, while it's dark days for everybody,"" Gunn said.
Bonney Kapp contributed to this report."
2,"{'id': 'cnn', 'name': 'CNN'}",,"Michigan man refuses to wear a mask, believes 'virus isn't going to come back'","CNN's Miguel Marquez speaks to tourists and business owners about the reopening of popular destinations in Northern Michigan, despite concerns over Covid-19.",https://www.cnn.com/videos/health/2020/05/25/northern-michigan-reopens-tourists-covid-19-pkg-tsr-marquez-vpx.cnn,https://cdn.cnn.com/cnnnext/dam/assets/200525210911-michigan-businesses-reopen-super-tease.jpg,2020-05-26T01:17:49Z,Chat with us in Facebook Messenger. Find out what's happening in the world as it unfolds.
3,"{'id': 'cnn', 'name': 'CNN'}",,App lets fans cheer from home and be heard in stadiums,"Due to Covid-19, crowds are not being allowed inside stadiums during sporting events. Now an app lets fans cheer and boo from home. CNN's Jeanne Moos reports.",https://www.cnn.com/videos/us/2020/05/28/sporting-events-no-crowds-stadium-app-moos-pkg-vpx-ebof.cnn,https://cdn.cnn.com/cnnnext/dam/assets/200527210204-sporting-events-no-crowds-stadium-app-moos-pkg-vpx-ebof-00005026-super-tease.jpg,2020-05-28T01:47:53Z,Chat with us in Facebook Messenger. Find out what's happening in the world as it unfolds.
4,"{'id': 'cnn', 'name': 'CNN'}",,Tapper: Administration's lies could make pandemic worse,CNN's Jake Tapper calls out the conflicting messaging from President Trump's administration as many states are seeing a surge in Covid-19 cases.,https://www.cnn.com/videos/politics/2020/06/26/tapper-monologue-trump-pence-coronavirus-briefing-cases-surge-lead-vpx.cnn,https://cdn.cnn.com/cnnnext/dam/assets/200626163013-tapper-monologue-super-tease.jpg,2020-06-26T20:40:39Z,Chat with us in Facebook Messenger. Find out what's happening in the world as it unfolds.
5,"{'id': 'cnn', 'name': 'CNN'}",,Video shows how quickly coronavirus can spread,An experiment in Japan conducted by broadcaster NHK and a team of medical experts shows how quickly and easily Covid-19 can spread. CNN's Anna Coren reports.,https://www.cnn.com/videos/health/2020/05/14/japan-video-coronavirus-spread-coren-pkg-intl-ldn-vpx.cnn,https://cdn.cnn.com/cnnnext/dam/assets/200514134432-japan-video-coronavirus-spread-coren-pkg-intl-ldn-vpx-00010009-super-tease.jpg,2020-05-14T12:57:35Z,Chat with us in Facebook Messenger. Find out what's happening in the world as it unfolds.
6,"{'id': 'cnn', 'name': 'CNN'}","Kristen Rogers, CNN",How to improve your respiratory health in case you get Covid-19,"Covid-19 is a respiratory illness, meaning if a person is infected, the condition of their respiratory system is one determinant of how they'll fare with the disease.",https://www.cnn.com/2020/05/06/health/how-to-improve-respiratory-health-coronavirus-wellness/index.html,https://cdn.cnn.com/cnnnext/dam/assets/200505150437-run-respiratory-health-super-tease.jpg,2020-05-06T08:43:17Z,"(CNN)Covid-19 is a respiratory illness, meaning if a person is infected, the condition of their respiratory system is one determinant of how they'll fare with the disease.
First it's important to understand how the virus attacks our lungs. When people are infected, the virus travels to the mucus membranes and then the lungs. To control the infection, the body responds with inflammation in the lungs. And this inflammation prevents the lungs from being able to oxygenate the blood and remove carbon dioxide, which leads the patient to gasp for air andsuffer more serious illness. 
But there are things you can do to improve respiratory health, just by changing a few lifestyle factors, according to Dr. Robert Eitches, an allergist and immunologist at Cedars-Sinai Medical Center in Los Angeles. Enhancing your respiratory healthdoesn't prevent you from getting infected, he said. But itdoes have benefits that may reduce the severity of the illness if you are infected, and therefore your exposure to the virus. 
Here's how you can strengthen your body's respiratory capacity so that if you do get infected with coronavirus, the chances of serious illness may be lower. 
One of the most important steps to improving your respiratory health is avoiding anything that impairs lung function, such as smoking cigarettes and vaping, Eitches said. 
Smoking and vaping cause irritation in the lung airways that leads to permanent, adverse effects on lung function by destroying lung tissue where air exchange occurs. 
""Smoke is composed of small particles; when inhaled, the particles get stuck in the lungs,"" Eitches said. ""This begins a vicious cycle of permanent lung damage."" 
Both activities can also suppress the immune system, which you need to be able to help fight infections. 
Dr. Ryan Steele, an allergist-immunologist and assistant professor at the Yale School of Medicine, cautioned against smoking marijuana, too. 
""Even though there's a lot of controversy around the benefits of the drug, anything that you are inhaling into your lungs that's a combustible product will certainly increase the stress on your lungs and the level of inflammation,"" he said. ""Even if it's for medical purposes, you want to be careful with anything that you're igniting and inhaling into your lungs at this point."" 
Two other potentially harmful behaviors are sitting by the fireplace or lit candles, Eitches said. This might be a bummer since both of those activities are relaxing. But similar to smoking or vaping, a fireplace -- especially a wood-burning fireplace -- ""emits smoke into the environment, which you would then inhale and then deposit into your chest,"" he said. 
Many candles have metal wicks, which are vaporized along with smoke and can cause similar lung damage. 
Exercise can improve respiratory capacity, or breathing ability. Alveoli are tiny, balloon-shaped air sacs arranged in clusters throughout the lungs. They're integral to the respiratory system, as they exchange oxygen and carbon dioxide to and from the bloodstream. 
When a person is sedentary, Steele said, that results in a phenomenon called ""atelectasis,"" when the lung sacs don't have enough air and collapse slightly. To improve the lung sac capacity, people have to ""breathe against resistance,"" he added. 
""You can think of it like a partially deflated balloon,"" he suggested. ""And what's the way that you keep the air inside a balloon? You tie a knot in it to increase the resistance, so the air has to work harder to get out."" 
By breathing against resistance when exercising, you're ""actually helping to expand and keep open the air sacs"" in your lungs, Steele said. 
In addition to cardio, yoga and stretching, breathing exercises such as pursed lip breathing and deep yogic nasal breathing can help and are easy to do wherever you are, Eitches suggested. Pursed lip breathing is when you take in a deep breath with your mouth, close your lips, then exhale through them as if you're blowing up a balloon. There are similar benefits from deep yogic nasal breathing as you filter the air through your nose. 
Improving your lung function means ""you would be less likely to hit a critically low lung function state, which would in turn cause you to not be able to oxygenate your blood,"" Eitches said. 
""Respirators essentially breathe for you to try to push open your airways. These exercises will teach you how to fight off the respiratory side effects [of Covid-19] on your own."" 
Additionally, Steele said, exercise decreases inflammation in the body and can reduce the occurrence of acute respiratory distress syndrome, a serious complication in some patients hospitalized with Covid-19. 
Reduce excess mucus buildup
""Mucus is naturally occurring in our bodies, and it provides a very important function to maintain good health in our respiratory tract,"" Steele said. ""It helps to capture [allergens, bacteria and viruses].""
In our respiratory tract, we have little hairs called cilia that move those threats out of our tract. We swallow the majority of mucus, Steele said, but when we have thingsthat irritate our nasal passages, we can produce too much mucus and be unable to clear it. This creates a breeding ground for bacteria and viruses, and blocks oxygen from entering and leaving the pathways of the lungs. 
We also have mucus in our lungs. People with asthma produce too much mucus, which can predispose them to blockages and inflammation in their airways, Steele said.
There may be a connection between diet and mucus buildup. ""Some people believe that inflammatory foods such as milk and wheat increase mucus production,"" Eitches said. ""Another school of thought that I have seen to work both anecdotally with my patients and with myself is eating spicy foods.""
Spicy foods that have capsaicin -- chiles, jalapenos, cayenne, hot sauce -- can thin mucus and allow it to be coughed out. 
There are a few methods for controlling excess mucus: You could try a saline nasal spray if you have allergies. People with asthma can use their inhalers to decrease inflammation, which reduces mucus. Taking a hot shower or boiling hot water to make a hot towel compress may also work, as the steam mixes with mucus to thin it out. 
""[Mucus] is something where if you have too little, it's bad because we can get infections,"" Steele said. ""If you have too much, it can block your ability to breathe and also increase infection. So you want just the right amount."" 
Minimize exposure to allergens
Spending more time indoors during the pandemic means we're increasingly exposed to indoor dust. And since it is now spring, there's pollen everywhere. 
Both can set off allergies and asthma, Eitches said, and we need a functioning nose to get clean air into our chest airways. 
""When you are allergic, you get swelling of the inner nose tissue and excess mucus production,"" he added. ""When you are unable to breathe from your nose, you switch from nasal breathing to mouth breathing. The lungs want warm, clean, humidified air from the nose -- the air it cannot get from the mouth.""
Managing dust via cleaning and an air filter, and managing pollen allergies with medication, can help avoid having to rub or blow your nose to open it up -- If your hands are unclean, you risk becoming infected with the virus. 
For dust, a high-efficiency particulate air (HEPA) filter would help to remove the majority of allergens from the air, Steele said. Air conditioning registers also need to be cleaned. When pets go outside, wipe them off before they come in the house to rid them of any pollen. 
If people practice these techniques, they may have a milder course of illness if infected with coronavirus, Eitches said. 
""These suggestions have immediate benefit, but don't expect to see dramatic results overnight,"" he added. ""Your body will be subtly improved, and your body will be able to handle coronavirus and other infections.""
Taking steps to improve respiratory health is another tool to add to one's prevention kit, as we weather the pandemic and anticipate another possible wave in the fall. 
""The stronger your baseline health, the stronger your body will be to fight off infections,"" Eitches said. ""It's like having the appropriate ammunition to fight a war."" 
CNN's Brian Fung and Jen Christensen contributed to this report."
7,"{'id': 'cnn', 'name': 'CNN'}",,Shanghai Disneyland has reopened. See how it's working,"After months of shutdown, Shanghai Disneyland is the first Disney theme park to reopen since the Covid-19 outbreak prompted closures around the world. CNN's David Culver reports.",https://www.cnn.com/videos/travel/2020/05/11/china-shanghai-disney-reopens-coronavirus-culver-pkg-intl-hnk-vpx.cnn,https://cdn.cnn.com/cnnnext/dam/assets/200511104555-shanghai-disney-reopens1-super-tease.jpg,2020-05-11T10:36:28Z,Chat with us in Facebook Messenger. Find out what's happening in the world as it unfolds.
8,"{'id': 'cnn', 'name': 'CNN'}","Madeline Holcombe, CNN",Coronavirus cases are spiking across the country and experts say Florida has the makings of the next epicenter,"Ten states saw a record number of new Covid-19 cases this week, and one of them could be the next epicenter of the pandemic.",https://www.cnn.com/2020/06/18/us/us-coronavirus-thursday/index.html,https://cdn.cnn.com/cnnnext/dam/assets/200618005326-us-coronavirus-thursday-0618-super-tease.jpg,2020-06-18T08:09:07Z,"(CNN)Ten states saw a record number of new Covid-19 cases this week, and one of them could be the next epicenter of the pandemic.
Florida has ""all the markings of the next large epicenter of coronavirus transmission,"" and risks being the ""worst it has ever been,"" according to Wednesday's projections from a model put together by a team of scientists at Children's Hospital of Philadelphia and the University of Pennsylvania.
The state joins nine others -- Alabama, Arizona, California, Nevada, North Carolina, Oklahoma, Oregon, South Carolina and Texas -- that are seeing record-high seven-day averages of new coronavirus cases per day, according to a CNN analysis of data from Johns Hopkins University. 
Twenty-one states are seeing an upward trend in new coronavirus cases and health experts continue to stress the importance of taking precautions to mitigate the virus's spread. Despite the rising number of cases, the White House has downplayed the risks, with President Donald Trump saying in an interview with Gray TV on Wednesday that the virus is ""dying out.""
At the same time that the White House narrative is at odds with the data, health experts including Dr. Deborah Birx and Dr. Anthony Fauci have been absent from many public updates. Dr. Johnathan Reiner, a professor of medicine at George Washington University, told CNN's Erin Burnett it's because ""they tell the truth.""
""And the truth is that the pandemic is still very, very active in the United States and that we're not getting back to normal and there are difficult things that the public has to do,"" Reiner said. 
According to data from Johns Hopkins University:
 21 states are seeing upward trends in newly reported cases from one week to the next: Alabama, Alaska, Arizona, Arkansas, California, Delaware, Florida, Georgia, Hawaii, Kansas, Oregon, Louisiana, Montana, Nevada, North Carolina, Oklahoma, South Carolina, Tennessee, Texas, West Virginia and Wyoming.
 Eight states are seeing steady numbers of newly reported cases: Connecticut, Indiana, Maine, Mississippi, Ohio, South Dakota, Utah and Washington.
 21 states are seeing a downward trend: Colorado, Idaho, Illinois, Iowa, Kentucky, Maryland, Massachusetts, Michigan, Minnesota, Missouri, Nebraska, New Hampshire, New Mexico, New Jersey, New York, North Dakota, Pennsylvania, Rhode Island, Vermont, Virginia and Wisconsin.
 One state, Vermont, has seen a decrease of at least 50%.
Nationwide, more than 2 million people have been infected and 117,717 people have died of the virus.
Officials downplay record cases
On Wednesday, the virus claimed 755 lives in the US, according to data from Johns Hopkins University.
State officials are navigating the outbreak and managing the rising number of infections on their own.
Los Angeles County, which accounts for almost half of California's cases, on Wednesday reported another single-day high of new cases. But officials attributed the county's increase to a lag in test reports.
Other politicians have also attributed higher case numbers to increased testing, but Dr. Ezekiel Emanuel, chair of the Department of Medical Ethics and Health Policy at the University of Pennsylvania, said surges are outpacing testing.
'When you see 50% or 150% increase in the number of cases you are seeing -- which is what we are seeing across the South -- that's not testing. That's new cases. That's community spread,"" he said.
Texas also reported a record-high number of daily Covid-19 hospitalizations on Monday, with 2,326.
Florida recorded almost 2,800 new coronavirus cases also on Monday -- its highest number of new and confirmed cases in a single day, according to the Florida Department of Health.
But Gov. Ron DeSantis said the state will not shut down.
The governor attributed the spike in cases to increased testing as well as outbreaks in prisons, agricultural communities and long-term care facilities.
Alabama and Arizona join calls for mask mandates
Some local officials are hoping to manage the spread by mandating mask usage.
A day after the city council failed to pass an ordinance, Montgomery, Alabama, Mayor Steven Reed implemented an executive order Wednesday requiring those in the city to wear face masks and coverings, according to a post from the city's official Twitter account.
Arizona physicians have called upon Gov. Doug Ducey to implement a similar executive order statewide. While the governor announced Wednesday that he would be calling upon 300 National Guard soldiers to help with contact tracing, he said he would leave mask requirement decisions to mayors.
Some local leaders are unlikely to follow what he called ""a self-defeating executive order,"" he said.
Earlier this week, nine Texas mayors, including those in Houston, Dallas, Austin and San Antonio, have
 urged Gov. Greg Abbott to give them the authority to require masks be worn in public ""where physical distancing cannot be practiced.""
The mayors and physicians have reason to believe the requirements could be effective. A study reported Tuesday found that an estimated 230,000 to 450,000 cases of the virus were prevented in states that required mask use between April 8 and May 15.
Large events yield positive coronavirus tests
Loosening precautions and restrictions means more people are gathering in larger groups, which has in some cases swiftly resulted in positive coronavirus tests.
Pinal County, Arizona, Sheriff Mark Lamb announced Wednesday that he tested positive for Covid-19 and is self-quarantining for at least 14 days. He said it is ""likely"" that he came into contact with an infected person at a campaign event he held on Saturday. 
The county Public Health Department is working to track everyone he came into contact with, he said on Facebook.
Earlier this week, a group of 16 friends in Florida, said they all became infected with coronavirus after a night out at a recently reopened bar.
Still, Oklahoma, one of the states reporting a record-setting number of new cases, is scheduled later this week to host a campaign rally for Trump. 
When questioned, Trump said he was not worried about attendees getting sick.""Actually, Oklahoma has had a very low rate relatively speaking. It is a little spike, a small spike for a specific reason,"" he said. ""We'll go there, everyone is going to be safe.""
Republican Sen. James Lankford of Oklahoma acknowledged the rise in rates to CNN's Erin Burnett Wednesday, but said the rally should not be postponed and ""we are pushing people to be attentive on this.""
CNN's Nikki Carvajal, Shelby Lin Erdman, Joe Sutton, Dave Alsup, Pierre Meilhan, Jamiel Lynch, and Holly Yan contributed to this report."
9,"{'id': 'cnn', 'name': 'CNN'}",,Dr. Fauci gets upset with GOP lawmaker's question,Dr. Anthony Fauci gave a fiery response to Rep. David McKinley (R-WV) after being asked about discouraging people from wearing masks early in the Covid-19 pandemic.,https://www.cnn.com/videos/health/2020/06/23/anthony-fauci-masks-question-vpx.cnn,https://cdn.cnn.com/cnnnext/dam/assets/200623142608-anthony-fauci-masks-question-vpx-00000000-super-tease.jpg,2020-06-23T18:35:15Z,Chat with us in Facebook Messenger. Find out what's happening in the world as it unfolds.
10,"{'id': 'mashable', 'name': 'Mashable'}",Anna Iovine,"Artists donate free, uplifting images to the UN in pandemic response","The internet is a scary enough place as it is, and now with the added misinformation and panic surrounding the coronavirus pandemic, it's even scarier. Thanks to the United Nations and dozens of artists, however, the internet just got a little more beautiful.…",https://mashable.com/article/united-nations-covid-19-response-creative-content-hub-unsplash/,https://mondrian.mashable.com/2020%252F05%252F09%252Ffc%252F2802a8127db7410e8e288828f7132b66.21999.png%252F1200x630.png?signature=RmXJBNLW_fnM0whLygepfDkQbOI=,2020-05-09T15:37:53Z,"The internet is a scary enough place as it is, and now with the added misinformation and panic surrounding the coronavirus pandemic, it's even scarier. Thanks to the United Nations and dozens of artists, however, the internet just got a little more beautiful. 
In late March, the UN put a call out to artists to help combat the spread of COVID-19. They sought creatives to create content around six areas of WHO and UN priority actions: personal hygiene, social distancing, knowing the symptoms, spreading kindness, myth-busting, and doing more/donating. Tens of thousands of artists answered the call in two weeks, and now the COVID-19 Response Creative Content Hub is available for browsing. 
While artists of all kinds, including writers and musicians, contributed to the efforts, the UN made a special page on free use photo site Unsplash to display artwork. The page bio, ""To educate, uplift, and inspire people all across the world through the global COVID pandemic crisis, this library of artwork was donated by creators in response to the UNs Open Brief thanks to the generosity of the creative community.""
Image: Wali's Studio
Image: Alissa Azureen
share kindness
Image: João Pedro Costa
Not only can we peruse the site and enjoy the images, we can share them for free. So go forth and spread positivity with this artwork; it's what the UN and creators themselves want."
11,"{'id': 'mashable', 'name': 'Mashable'}",Stan Schroeder,Google Maps launches features for traveling during coronavirus pandemic,"Traveling during the pandemic can be tough. 
That's why the latest version of Google Maps for Android and iOS has several features that might help travelers get around safely. 
Now, when you look up public transit directions, Maps will show Covid-19-related a…",https://mashable.com/article/google-maps-coronavirus/,https://mondrian.mashable.com/2020%252F06%252F09%252F86%252Fcf37d258a13f49bf939e8cc55053d2b5.8f10f.jpg%252F1200x630.jpg?signature=3T2zLw0LK0qORrHBgC42djjk9M4=,2020-06-09T13:13:18Z,"Traveling during the pandemic can be tough. 
That's why the latest version of Google Maps for Android and iOS has several features that might help travelers get around safely. 
Now, when you look up public transit directions, Maps will show Covid-19-related alerts. Google points out that data will only be available where it can get info from the local transit agencies, and only on trips that are likely to be affected by Covid-19 restrictions. 
These alerts are rolling out in Argentina, Australia, Belgium, Brazil, Colombia, France, India, Mexico, Netherlands, Spain, Thailand, United Kingdom, and the U.S., and Google says they're coming to more countries ""soon."" 
Maps will also display alerts when you navigate to medical facilities or COVID-19 testing centers, warning you to ""verify eligibility and facility guidelines to avoid being turned away or causing additional strain on the local healthcare system."" Alerts for medical facilities are rolling this week in Indonesia, Israel, the Philippines, South Korea, and the U.S. Alerts for testing centers will only be available in the U.S. Again, Google says it will only show these alerts when it can get ""authoritative data from local, state and federal governments or from their websites.""
SEE ALSO: Google's Pixel 4a may have been delayed yet again
Google says the app will also tell you how crowded buses, subways, and transit stations will be. Plus, you'll be able to see when a transit station has historically been less busy so you can plan ahead. Google says these features are powered by aggregated and anonymized data from users who opt in to Google Location History. They'll be rolling out in the ""next several weeks.""
Finally, the app will show you driving alerts, notifying you about Covid-19 checkpoints and restrictions along your route for example, when crossing national borders. This feature will initially only be available in Canada, Mexico and the U.S."
12,"{'id': 'mashable', 'name': 'Mashable'}",Erica Bahrenburg,These airplane seats are designed to reduce the spread of COVID-19 — Future Blink,"Avio Interiors recently unveiled a design that has two seats facing one direction and the third facing the opposite. Read more...More about Health, Mashable Video, Airlines, Future Blink, and Covid 19",https://mashable.com/video/reverse-airplane-seats/,https://mondrian.mashable.com/2020%252F05%252F20%252F59%252F5589c61adaba44c4a2448f8833f61fee.eae75.png%252F1200x630.png?signature=zCexFeiH6Vac6qS_yN9PAH0VNiw=,2020-05-20T19:21:00Z,Avio Interiors recently unveiled a design that has two seats facing one direction and the third facing the opposite.
13,"{'id': 'mashable', 'name': 'Mashable'}",Erica Bahrenburg,Maintain your own personal space in this solar-powered bubble shield — Future Blink,"Created by DesignLibero, Bubble Shield is a concept designed to protect you from COVID-19 and air pollution. Read more...More about Mashable Video, Health And Wellness, Future Blink, Coronavirus, and Face Shields",https://mashable.com/video/solar-powered-bubble-shield/,https://mondrian.mashable.com/2020%252F06%252F11%252F72%252Febdd7ac3e0c6401db010efe7bd252481.3caba.jpg%252F1200x630.jpg?signature=fi6p4lOuXcdZA1QI570K1jpUucA=,2020-06-11T19:02:38Z,"Created by DesignLibero, Bubble Shield is a concept designed to protect you from COVID-19 and air pollution."
14,"{'id': 'mashable', 'name': 'Mashable'}",Jules Suzdaltsev,How scientists are using baker's yeast to develop a coronavirus vaccine,"While scientists are desperately looking for COVID-19 treatments and vaccines, common baker's yeast has proven to be an unexpected, yet valuable resource in the fight against coronavirus. Read more...More about Health, Mashable Video, Vaccine, Yeast, and Coro…",https://mashable.com/video/yeast-covid-vaccine/,https://mondrian.mashable.com/2020%252F05%252F06%252Fed%252F4df1bcad1739435c8e88712802fc3616.2958f.png%252F1200x630.png?signature=bsNTTcD4QnoQCud5YFKTMjF-imo=,2020-05-06T20:03:57Z,"While scientists are desperately looking for COVID-19 treatments and vaccines, common baker's yeast has proven to be an unexpected, yet valuable resource in the fight against coronavirus."
15,"{'id': 'engadget', 'name': 'Engadget'}",Richard Lawler,Computex 2020 is the latest canceled trade show,"As recently as March, as the coronavirus pandemic was still in the early stages of spreading worldwide, Computex organizers pushed their trade show back from June to late September. Today they announced that despite host country Taiwan’s low number of COVID-1…",https://www.engadget.com/computex-cancel-covid-19-013321021.html,https://o.aolcdn.com/images/dims?resize=1200%2C630&crop=1200%2C630%2C0%2C0&quality=95&image_uri=https%3A%2F%2Fs.yimg.com%2Fos%2Fcreatr-images%2F2020-06%2F7b27a870-ac4c-11ea-bfff-fea41da78065&client=amp-blogside-v2&signature=8144040ea867fddc4ea36021bf92dc94c1fdfcec,2020-06-12T01:33:21Z,"As recently as March, as the coronavirus pandemic was still in the early stages of spreading worldwide, Computex organizers pushed their trade show back from June to late September. Today they announced that despite host country Taiwans low number of COVID-19 cases, as a result of travel restrictions still in place for many countries, theyve decided to cancel this years show. Its now rescheduled for June 1st - 5th 2021, and hopefully well be ready to see the usual lineup of computers and associated components by then."
16,"{'id': 'mashable', 'name': 'Mashable'}",Veronika Kero,This simple little tool is the perfect companion for the COVID-19 era,"TL;DR: Avoid touching public surfaces with the Hygiene Hand for $19.99, a 20% savings as of April 29.

The World Health Organization reports that coronavirus pathogens can live on surfaces for up to 72 hours. In other words, we need to stop touching things an…",https://mashable.com/shopping/april-29-hygiene-hand-sale/,https://mondrian.mashable.com/2020%252F04%252F29%252Ff0%252F0ad21cda78a7495a84fe9e00ded1b2fc.04e9b.jpg%252F1200x630.jpg?signature=De1joNs0ErnXZSgsPgW2R0WfVMo=,2020-04-29T09:00:00Z,"TL;DR: Avoid touching public surfaces with the Hygiene Hand for $19.99, a 20% savings as of April 29.
The World Health Organization reports that coronavirus pathogens can live on surfaces for up to 72 hours. In other words, we need to stop touching things and keep washing our hands. But naturally, that's easier said than done. You can't really avoid door handles, elevator buttons, or punching your PIN into the card reader at the grocery store. That's where the inspiration came from for StatGear's Hygiene Hand, which has raised more than $580,000 on Kickstarter in the last month.
We know what you're thinking this thing looks weirdly familiar. And yes, while we did indeed feature a similar product recently, it was such a hit that we went looking for alternatives. And here's the main difference: Hygiene Hand is an everyday carry tool designed by an actual NYC paramedic to help reduce the number of things you have to touch every day. Plus, unlike the extremely similar CleanKey, this one's made in the USA and will ship faster, meaning you won't have to wait as long to brave the grocery store with some added safety measures. 
Hygiene Hand is made from brass with 70% copper and features a large loop to slip your finger into for leverage. It's designed to hook onto round handles, so you can open and close doors without touching them, and also works as a stylus in place of your finger. The flat tip is safe to use on phones, ATM screens, point of sale machines, and more.
Even though the Hygiene Hand helps you live a more germ-conscious lifestyle, you should still wash your hands and wear a mask in shared spaces, as per the CDC. It's not magic, but it will make your life a little safer and healthier. Just clip it on your keychain and start navigating your way through the grocery store, bank, or pharmacy without touching things.
The Kickstarter campaign surpassed its initial $5,000 goal by an astronomical amount. Get on board and grab yourself one for just $19.99, which is 20% off retail value."
17,"{'id': 'mashable', 'name': 'Mashable'}",Tim Marcin,Donald Trump morphs into Michael Scott to say he tested negative for COVID-19,"President Donald Trump tried to tell reporters on Thursday that he tested negative for the coronavirus — as in he does not have COVID-19 — but somewhere along the way he morphed into everyone's favorite regional manager. I'm talking, of course, about The Offi…",https://mashable.com/article/donald-trump-michael-scott-negative-positive-medicine/,https://mondrian.mashable.com/2020%252F05%252F21%252Fcc%252F94304522a0864a3a99f33a249cec0d8b.3144b.jpg%252F1200x630.jpg?signature=vw5B4P0UC23U44TVtQrxCOtDIRg=,2020-05-21T18:14:31Z,"President Donald Trump tried to tell reporters on Thursday that he tested negative for the coronavirus as in he does not have COVID-19 but somewhere along the way he morphed into everyone's favorite regional manager. I'm talking, of course, about The Office's Michael Scott.
But before we move to Scranton, first Trump.  He really got lost in a morass of negative vs. positive when trying to explain that his health was fine.
""I tested very positively, in another sense,"" he told reporters on Thursday. ""I tested positively toward negative, right? I tested perfectly this morning. Meaning: I tested negative.""
Here is a quote from Trump:
""I tested very positively in another sense so this morning. Yeah. I tested positively toward negative, right. So. I tested perfectly this morning. Meaning I tested negative."" pic.twitter.com/xA0DBUcfr9
 Kyle Griffin (@kylegriffin1) May 21, 2020
The comments from Trump are reminiscent of Scott played by Steve Carell in the Season 2 episode of the iconic sitcom titled ""Michael's Birthday."" In the episode, accountant Kevin Malone is waiting to hear back from a doctor about whether he has skin cancer. 
Michael, ever self-centered, is frustrated that folks are lavishing attention on Kevin on his birthday. Later, at an ice-skating rink which Michael had gotten himself for his birthday Kevin gets the news that his tests came back negative. Everyone breathes a sigh of relief, except Michael. He stomps angrily, rips of his (faux) Livestrong bracelet, and tells Kev ""we're gonna beat this."" 
SEE ALSO: Which 'Office' characters would make the best quarantine buddies? We figured it out.
The scene then cuts to Michael, trying to explain away his idiocy. 
""Well, apparently, in the medicine community, negative means good,"" he tells the camera. ""Which makes absolutely no sense. In the real world community, that would be chaos."" 
As Mashable's Nicole Gallucci wrote in 2018, the Scott and Trump similarities have come up pretty much since day one of his presidency. The character even had a Trump business book in his office. 
Whether it's positive or negative to have your leadership compared to Michael Gary Scott's, well that's anybody's guess."
18,"{'id': 'mashable', 'name': 'Mashable'}",Rachel Kraus,How NYC plans to get in touch if you've had contact with a COVID-19 patient,"The epicenter of the American coronavirus outbreak, New York City, is gearing up to launch a massive contact tracing operation in order to safely begin reopening the economy and, well, life. 
Contact tracing is when health officials get in touch with the peop…",https://mashable.com/article/nyc-contact-tracing-twilio/,https://mondrian.mashable.com/2020%252F05%252F22%252Fc5%252F7227190713e34448b1fc792f22b57006.a64b4.jpg%252F1200x630.jpg?signature=cDGnaOVmNvZiUb_tHL0cdR1dkIw=,2020-05-22T13:00:00Z,"The epicenter of the American coronavirus outbreak, New York City, is gearing up to launch a massive contact tracing operation in order to safely begin reopening the economy and, well, life. 
Contact tracing is when health officials get in touch with the people whom a person who has tested positive for coronavirus has come in contact with. They then check if they are symptomatic, and often request that they self-quarantine. It's a leading method for preventing outbreaks.
We now have more information about how, in a city of 8.5 million, it will all technically work.
NYC has tapped a tech company called Twilio for the job. Twilio is a ""cloud communications"" company, which means it provides all sorts of digital communication tools behind the scenes like marketing text messages, customer service chats and calls, and status updates to other companies. You know when you get those texts about when your Uber driver is arriving? That's powered by Twilio.
The city plans to use Twilio's customizable ""flex"" program for its cloud-based contact center, which basically means it'll use Twilio's servers and software to keep track of individuals and power its communications efforts. When the city's contact tracers get in touch with someone, they'll be doing it through Twilio's text and voice platforms. 
Contact tracers will send out educational information and requests for people to self-report on their symptoms and contacts. The program, and partnership with Twilio, runs through the city's Department of Information Technology &amp; Telecommunications (DoITT). Twilio couldn't speak to how NYC specifically would use the platform, but provided a framework for what their contact tracing operation looks like. Here's their step by step explanation (edited for length and clarity by Mashable).
<ol><li>Twilio's cloud contact center gets integrated with a database of patient data. 
</li><li>A contact tracer will click into a patients record in their database to automatically trigger a call to connect them to a COVID-19 infected patient (through Twilio).
</li><li>The contact tracer will educate the patient about COVID-19 and ask them who theyve been in contact with recently who may have been exposed to the virus. Scripts vary based on the type of patient. 
</li><li>Then, the contact tracer places additional phone calls to all exposed individuals letting them know what precautions they should take now. Contact tracers do not reveal the identity of the patient who exposed these contacts.
</li><li>Once contact tracers have called patients and notified contacts, they then put the individuals in an automated set of text messages for 14 days. Patients and contacts get daily reminders via text to click through to a symptom survey where they report on how they are doing.
</li></ol>With so much sensitive health information passing through Twilio, privacy is certainly something to pay attention to. Twilio says that it is a ""non-location based, HIPAA compliant contact tracing solution."" It also clarified that ""the government agencies deploying contact tracing solutions control the collection and storage of data,"" not Twilio.
Earlier in May, the city and states of New York announced that they would hire ""thousands"" of contact tracers. Contact tracers can be people with healthcare experience, but the government is also accepting applications from people who take an online course and pass with an 85 percent or above. The Guardian reports that the course had over 150,000 enrollments in its first week, and that NYC has already had 10,000 people apply for the job.
Twilio runs the communications of some of the most prominent tech companies in the biz, including both Uber and Lyft, Airbnb, Instacart, Netflix and too many other household names to list. Since getting a functional contact tracing operation up and running in New York City is going to be a tremendous challenge, it's encouraging that the city has tapped such a major player. Now, it'll be up to New Yorkers to actually answer the phone."
19,"{'id': 'mashable', 'name': 'Mashable'}",Paytm Canada,10 ways to enjoy Toronto life in the age of COVID-19,"Toronto is considered a world-class city when it comes to food, culture, sports and entertainment. With most of the city on lockdown due to the coronavirus pandemic, it might feel like all that the city has to offer is off limits. Toronto’s people and busines…",https://mashable.com/ad/article/toronto-activities-during-covid-19/,https://mondrian.mashable.com/2020%252F06%252F25%252Fe3%252Feda35f5550004eeabd507cfff81a85e9.d8ed9.jpg%252F1200x630.jpg?signature=N9zjF0RbkUXyOHHpvj3WPkQiv20=,2020-06-25T20:04:31Z,"Toronto is considered a world-class city when it comes to food, culture, sports and entertainment. With most of the city on lockdown due to the coronavirus pandemic, it might feel like all that the city has to offer is off limits. Torontos people and businesses are resilient and creative, though. They have found innovative ways to offer their services while the city moves toward lifting restrictions. 
With things slowly beginning to open up again, including patios at 50 percent capacity, we can look forward to getting back to some of our favourite venues and activities. Until then, whether you are a quarantined at home or heading out in small groups to socialize at a distance, weve got a list of 10 ways to have fun in Toronto while your life is still somewhat on lockdown. 
Get your culture on with Torontos galleries and museums
Check out the exciting virtual exhibits, hang out in online chats, attend concerts and workshops, and just enjoy the free access to many of Torontos galleries and museums.
On March 27, the Art Gallery of Ontario launched AGO from Home, a way to engage with art, and the AGO team virtually, through interesting and diverse stories, videos and closer looks at artwork, as well as some DIY and How-To videos. Check out their website for upcoming events or enjoy their online collections anytime.
Although Artscape has temporarily closed its community cultural hub facilities to the public and cancelled all Artscape-led in-person programming, you can still attend their free virtual programming through Launchpad Learning Online. Hour-long zoom meetings cover topics like building your brand online and the art of storytelling. See Whats On.
Enjoy the splendour of the Aga Khan Museum without leaving your couch. The #MuseumWithoutWalls campaign gives you the chance to tour the collections, watch concerts and performances, and engage with ideas through videos, Q&amp;As, and interactive experiences.
Take a virtual tour of The Power Plant and view their latest exhibitions. The Power Plant also has an online hub for original writing, video and other content related to their programming and the field of contemporary art more broadly called Switch On. 
Take in the beauty of Torontos parks and gardens
Torontos many parks and gardens provide a refreshing escape from the confines of your home. From the beauty of its lakes and rivers to its ravine systems and trails, there are plenty of natural attractions to see and experience in Toronto while keeping a safe social distance. 
Toronto Botanical Garden offers four acres of award-winning themed gardens adjacent to Wilket Creek, Don Valley Ravine and Edwards Gardens. Although tours and events are temporarily suspended, you can enjoy the beauty of nature and wide-open space.
High Park is a 161-hectare park along Torontos Lakeshore. It offers trails, paved roads, sidewalks and benches for a walk, a hike, a ride or to sit and enjoy the fresh air and open space all day long. The park is usually pretty quiet in the mornings but starts to pick up in the afternoon. 
Rouge Park offers a selection of trails featuring rare forests, restored wetlands, and stunning fall colours. Popular activities include hiking, bird-watching and fall photography. Winter activities include snowshoeing and cross-country skiing.
Let Toronto entertain you
Toronto is home to many innovative and acclaimed music, theatre and dance companies. The pandemic has created new opportunities for the public to access their art and engage with the artists that will delight and amuse.
Musicians from your Toronto Symphony Orchestra continue to make magical musical moments from home as an expression of their commitment to you. Youll discover live performances, interviews, virtual concerts, and more on the TSO Facebook, Instagram, and Twitter pages.
The Canadian Opera Company  cancelled the 2019/2020 concert season, but in the meantime, you can visit their Facebook page where they will share music and videos from classical artists to keep us connected and uplifted.
Mirvish Productions has introduced a weekly online show called ""Check In From Away."" Each week they speak with different Toronto Theatre personalities to bring you both stories from the stage and happenings from home. New episodes are released every Tuesday on their YouTube channel. 
Bonus tip
Sometimes all you really need to have fun is your favourite show to binge watch and some good eats. With current affairs as they are, its a safe and familiar way to comfort yourself. Weve got a suggestion to make it a little more affordable while helping you manage your finances. 
Paytm, the free mobile payment app makes it easy to set up automatic payments for hundreds of payees through the mobile app using a variety of methods including using Paytm Cash, Credit Cards, Debit Cards or your Linked Bank Account so you never miss a payment. It also rewards you for paying your bills with discounted gift cards from brands like tons of your favourite brands like Starbucks, Uber and Uber Eats, Hudsons Bay and more.  
Lockdown can make you feel like life is slipping past you. But if you take full advantage of all of the new and often free programming the city has to offer, you can have a good time and learn a few new things while youre at it."
