,source,author,title,description,url,urlToImage,publishedAt,content
0,"{'id': 'mashable', 'name': 'Mashable'}",(Deleted account),Funko honors doctors and nurses on COVID-19 frontlines with Pop! figures,"Every night at 7 p.m., people across the country open their windows and make as much noise as possible to show their appreciation for the doctors and nurses on the frontlines of the coronavirus pandemic.
Funko, the company best known for its vinyl figurines w…",https://mashable.com/article/funko-pop-doctors-and-nurses/,https://mondrian.mashable.com/2020%252F05%252F22%252F23%252Fb27ab4f6282942f4a7b219df124603ff.7e055.png%252F1200x630.png?signature=2tB2NMOxXsdGpWP8iTcZCLY_o6c=,2020-05-22T14:14:52Z,"Every night at 7 p.m., people across the country open their windows and make as much noise as possible to show their appreciation for the doctors and nurses on the frontlines of the coronavirus pandemic.
Funko, the company best known for its vinyl figurines with big heads and button eyes, would like to honor first responders in its own way, too.
On Friday, Funko announced
 a new toy line in its Pop! Heroes collection. While the company is used to licensing iconic pop culture brands from Marvel to WWE, these Funko Pop! figures will honor a different type of superhero: first responders. 
In honor of the first responders on the front lines of the COVID-19 pandemic, Funko is excited to announce the new line of Pop! Heroes to commemorate the nurses and doctors who are giving their all to help treat patients, the company said in a statement.
However, even more important than the figures is the donation Funko announced alongside them. The company says it has made a donation to the 501c U.S. non-profit GlobalGiving, which connects nonprofits with donors and companies around the world in order to provide them with the tools they need. 
SEE ALSO: Why some viruses die out in summer, but others thrive
These collectibles follow a similar endeavor launched earlier this year by Funko. In February, the company announced
 a new figure, as well as a donation to an animal rescue non-profit, to honor the firefighters rescuing animals in the brush fires that impacted Australia.
The new Funko Pop line consists of two male and two female hospital workers. Each will retail for $10.99. Pre-orders
 can be made starting today. The figures will ship in October."
1,"{'id': 'mashable', 'name': 'Mashable'}",Morgan Sung,Trump says he's taking controversial COVID-19 drug and now everyone's making Flintstone vitamin jokes,"During a roundtable on Monday, President Trump told reporters that he's been taking hydroxychloroquine to avoid contracting coronavirus. 
Toward the end of the discussion with restaurant executives and other members of the industry, the president casually dro…",https://mashable.com/article/trump-hydroxychloroquine-coronavirus-reaction/,https://mondrian.mashable.com/2020%252F05%252F18%252F31%252Faeeccacb7cdd4247b17ab61c8e02cdae.968df.png%252F1200x630.png?signature=zibX4QZd0TO3aHrxkgavWpzZyJo=,2020-05-18T21:17:34Z,"During a roundtable on Monday, President Trump told reporters that he's been taking hydroxychloroquine to avoid contracting coronavirus. 
Toward the end of the discussion with restaurant executives and other members of the industry, the president casually dropped that he's been taking the drug (which is used to treat malaria, lupus, and arthritis) for ""about a week and a half."" 
""I'm still here,"" he continued.
When pressed on whether there was evidence that taking the drug has a preventative effect, Trump said he's received ""a lot of positive calls about it.""   
He also dismissed recent studies that concluded that hydroxychloroquine wasn't an effective COVID-19 treatment. 
One, published in the Journal of the American Medical Association, studied 1,438 COVID-19 patients across 25 New York hospitals. That study concluded that among hospitalized patients, using the drug ""was not significantly associated with differences in in-hospital mortality."" Another observational study published by the Columbia University Irving Medical Center followed 1,376 coronavirus patients at New York-Presbyterian Hospital and similarly concluded that ""the risk of intubation or death was not significantly higher or lower"" among those who received the treatment than those who did not. 
Trump claimed that the patients who were treated using hydroxychloroquine didn't experience better results or any, for that matter were already in ""extraordinarily bad condition."" 
Whether he's actually taking the drug or just said he was to get a rise out of reporters remains to be seen. Trump and other right-wing pundits have been pushing hydroxychloroquine use for weeks, and desperate Americans have been buying up the country's supply. Those who do need the drug to treat autoimmune conditions like lupus and rheumatoid arthritis are struggling to access it. 
The excitement about the reveal: I was just waiting to see your eyes light up when I said this. When I announced this. Yeah, I've taken it for 1 and a half weeks now. And I'm still here. I'm still here, Trump said.
 Maggie Haberman (@maggieNYT) May 18, 2020
Twitter users, meanwhile, can't believe that the leader of the free world is pushing a drug with mounting scientific evidence against its use. 
just want to reassure my fellow Americans by telling them I'm on drugs, but not because I need them
 Tim Murphy (@timothypmurphy) May 18, 2020
Taking a pill that gives people heart attacks to own the libs.
 Ian Sams (@IanSams) May 18, 2020
Taking the drug can cause dizziness, nausea, hair loss, and ringing in the ears. More serious side effects include uncontrolled movement, loss of balance, and, in severe cases, seizures. Most doctors have concluded that it's not worth taking it until more controlled clinical trials that can prove its effectiveness. Until then, keep social distancing and washing your hands."
2,"{'id': 'mashable', 'name': 'Mashable'}",Anna Iovine,NYC's safe sex guidelines for COVID-19 now officially recommend getting kinky,"Back in March, New York City released guidelines for practicing safe sex amid the coronavirus pandemic. The document quickly got the internet's attention for its funny yet nonjudgmental tips, such as reminding everyone that you are your safest sex partner (sa…",https://mashable.com/article/new-york-city-safe-sex-coronavirus-guidelines-department-of-health/,https://mondrian.mashable.com/2020%252F06%252F10%252Fcb%252Fd9c488a1183948e69be4d0fe26bcf68d.81b0b.png%252F1200x630.png?signature=h6ePWdvenqtfckVOReSYea_gkOs=,2020-06-10T17:23:13Z,"Back in March, New York City released guidelines for practicing safe sex amid the coronavirus pandemic. The document quickly got the internet's attention for its funny yet nonjudgmental tips, such as reminding everyone that you are your safest sex partner (said in a Smokey the Bear voice). 
NYC's Department of Health refreshed the guidelines over the weekend, and the new version has got plenty of gems.
Again, NYC says that you are your safest partner, meaning that masturbation is the best option for those living alone. The good news is that they've answered the question of whether sex with other people is allowed with a resounding ""Yes!"" but you do need to dive into the fine print. 
The city advises you to ask some questions before having sex with anyone outside your household: Do they have COVID symptoms, or have they had symptoms in the past 14 days? Have they been diagnosed?
SEE ALSO: How single people are dealing with the 'sex ban' in England
But NYC knows its people. We're probably going to have sex anyway as things begin to open back up, especially after being cooped up for the past few months. So the document continues with some offbeat tips on staying safe:
""If two is company then three (or more) is definitely a crowd."" These guidelines don't judge, however, so they share what you should do if you find yourself at a bunker orgy. Tips include include fucking in a well-ventilated space and bringing hand sanitizer. Sexy!
Screenshot of the guidelines.
Image: NYC GOV
Beyond group sex, there are more bullet points on safe pandemic sex:
Screenshot of the guidelines.
Image: nyc gov
Not only does NYC advise against kissing or having oral sex, they suggest wearing a face mask. ""Maybe it's your thing, maybe it's not,"" the guidelines read, ""but during COVID-19 wearing a face covering that covers your nose and mouth is a good way to add a layer of protection during sex.""
You may think masked sex sounds kinky, but wait until you get to the part of the document that outright recommends kinky sex:
Screenshot of the guidelines.
Image: nyc gov
""Be creative with sexual positions and physical barriers, like walls, that allow sexual contact while preventing close to face contact."" I'm not saying NYC is officially recommending glory holes, but I'm not not saying that either. 
Read the guidelines in their full glory (sorry!) here."
3,"{'id': 'mashable', 'name': 'Mashable'}",Emmet Smith,These face masks protecting against COVID-19 are biodegradable and locally-sourced,"A team of researchers in the BioProducts Institute at the University of British Columbia has developed biodegradable COVID-19 mask prototypes, made from locally sourced wood fibers and pulp.
The coronavirus pandemic will result in millions — if not billions —…",https://mashable.com/video/biodegradable-covid-19-masks/,https://mondrian.mashable.com/2020%252F06%252F02%252Fc2%252Fff0000253508402cbce3ce6848f7756a.6165a.jpg%252F1200x630.jpg?signature=nf3VVlxNk3gZdzqhMKcDS6Imhl4=,2020-06-02T15:26:44Z,"A team of researchers in the BioProducts Institute at the University of British Columbia has developed biodegradable COVID-19 mask prototypes, made from locally sourced wood fibers and pulp.
The coronavirus pandemic will result in millions if not billions of masks polluting streets and entering rivers and oceans, creating a massive environmental impact. That's why it is important now to test more robust and flexible supply chains that assure the masks are protective and compostable at the same time."
4,"{'id': 'mashable', 'name': 'Mashable'}",Sasha Lekach,Twitter admits it went too far with '5G causes COVID-19' fact-check labels,"Even Twitter admits it was too heavy-handed with its misinformation labels for posts about COVID-19, especially those about the unproven connection between coronavirus infections and 5G cellular connectivity. 
A Twitter Support thread on Friday explained how …",https://mashable.com/article/twitter-coronavirus-5g-fact-checking-labels/,https://mondrian.mashable.com/2020%252F06%252F27%252F5b%252Feda032949f6a4a19b6c172f159a4d5ea.f5ab8.jpg%252F1200x630.jpg?signature=eqoCYSG4WgRUQp71NUQhD_O6HKA=,2020-06-27T22:30:51Z,"Even Twitter admits it was too heavy-handed with its misinformation labels for posts about COVID-19, especially those about the unproven connection between coronavirus infections and 5G cellular connectivity. 
A Twitter Support thread on Friday explained how back in April the platform started highlighting potentially misleading posts around coronavirus and inaccurate causes of the infectious disease. But Twitter's efforts might've gone too far.
""Not all of those Tweets had potentially misleading content associating COVID-19 and 5G,"" Twitter admitted.
To show context about these topics where its likely to be useful, we're building new automated capabilities to apply these labels to Tweets we think could be relevant.
As we improve this process to be more precise, our goal is to show fewer labels on unrelated Tweets. (4/4)
 Twitter Support (@TwitterSupport) June 26, 2020
The fact-checking measure was getting slapped onto stories and tweets that weren't full of misinformation, just merely connected or related to the 5G-corona topic. 
SEE ALSO: Twitter updates misinformation rules again to fight 5G coronavirus truthers
So Twitter is promising to improve the automation process for labels and make sure fewer labels are posted on ""unrelated"" tweets. The thread didn't go into how it'll do that exactly, but, say, an article about telecom workers threatened by 5G-corona believers should no longer get flagged as misinformation. Only articles and tweets that perpetuate unsubstantiated claims should get caught in Twitter's system once it's updated.
By the way, even with the labeling roll-back, 5G still doesn't cause coronavirus."
5,"{'id': 'engadget', 'name': 'Engadget'}",Engadget,Coronavirus delays the launch of NASA's James Webb Space Telescope,"NASA has again delayed the launch of its James Webb Space Telescope, this time because of how coronavirus has impacted work crews, Space.com reported. The telescope was scheduled for launch in March 2021 after a number of delays. However, Thomas Zurbuchen, NA…",https://www.engadget.com/coronavirus-delays-launch-nasa-james-webb-space-telescope-161528305.html,https://o.aolcdn.com/images/dims?resize=1200%2C630&crop=1200%2C630%2C0%2C0&quality=95&image_uri=https%3A%2F%2Fs.yimg.com%2Fos%2Fcreatr-uploaded-images%2F2020-06%2F8f3dfac0-acc5-11ea-bbf7-34ae65752022&client=amp-blogside-v2&signature=e20a7e092cb9ec361a05f1b3b046fad4ce4bc7f0,2020-06-12T16:15:28Z,"NASA has again delayed the launch of its James Webb Space Telescope, this time because of how coronavirus has impacted work crews, Space.com reported. The telescope was scheduled for launch in March 2021 after a number of delays. However, Thomas Zurbuchen, NASA associate administrator for science, said in a Thursday meeting of the Space Studies Board of the National Academies that COVID-19 has caused work to fall behind schedule.
""We will not launch in March,"" Zurbuchen said. “Absolutely we will not launch in March. That is not in the cards right now. That's not because they did anything wrong. It's not anyone's fault or mismanagement."" A March 2021 launch date already seemed ambitious pre-COVID-19 -- a January report from the Government Accountability Office said that date may not be feasible “based on a detailed assessment of risks, costs, and schedule.” After the pandemic struck, Space News reported NASA and contractor Northrup Grumman cut crews’ work from 12, 10-hour shifts per week to five, eight-hour shifts per week."
6,"{'id': 'engadget', 'name': 'Engadget'}",Jon Fingas,"EU wants Facebook, Twitter to report monthly on fight against fake news","The European Union wants tech giants to do more than they have to counter fake news for users on the continent. EU foreign policy lead Josep Borrell and European Commission values and transparency VP Vera Jourova have said Facebook, Google and Twitter should …",https://www.engadget.com/eu-monthly-fake-news-report-facebook-google-twitter-130737189.html,https://o.aolcdn.com/images/dims?resize=1200%2C630&crop=1200%2C630%2C0%2C0&quality=95&image_uri=https%3A%2F%2Fs.yimg.com%2Fos%2Fcreatr-images%2F2020-06%2F6d69e510-ab19-11ea-b7ee-3289ce8b5294&client=amp-blogside-v2&signature=988dbca243f56428f58150e1a22edbc631848964,2020-06-10T13:07:37Z,"The hoped-for reports would detail both efforts to limit COVID-19 falsehoods, including ads, as well as steps taken to promote trustworthy material.
Internet companies might not need that much prodding, mind you. Jourova added that TikTok was joining the EU’s voluntary Code of Practice on Disinformation (where Facebook, Google, Mozilla and Twitter are already members) to fight fake news. TikTok is promising to foster truth and transparency in ads, enforce policies against false identities and bots, prioritize “authoritative” info when relevant and help researchers looking into disinformation campaigns. This won’t necessarily lead to a significant shift in TikTok’s existing approach, but it reflects the social video service’s attempts to reassure the world that its international content policies aren’t subject to Chinese government influence."
7,"{'id': 'engadget', 'name': 'Engadget'}",Jon Fingas,Ford delays self-driving taxis to 2022,"The COVID-19 pandemic is creating many problems for the car industry, and that extends to Ford’s self-driving taxis. While discussing its quarterly earnings, the company revealed that its autonomous vehicle services have been delayed from 2021 to 2022. In a s…",https://www.engadget.com/ford-delays-self-driving-taxis-to-2022-231030762.html,https://o.aolcdn.com/images/dims?resize=1200%2C630&crop=1200%2C630%2C0%2C0&quality=80&image_uri=https%3A%2F%2Fs.yimg.com%2Fos%2Fcreatr-uploaded-images%2F2020-04%2Ffaaa14f0-899e-11ea-afdf-5a87c7809954&client=amp-blogside-v2&signature=af858c4d51b69f4ed0695287b9b28b93113d6bab,2020-04-28T23:10:30Z,"The COVID-19 pandemic is creating many problems for the car industry, and that extends to Ford’s self-driving taxis. While discussing its quarterly earnings, the company revealed that its autonomous vehicle services have been delayed from 2021 to 2022. In a statement to TechCrunch, it said it needed to “evaluate” the effect of COVID-19 on customer behavior and potentially change its strategy. It also wanted to offer future users “peace of mind” knowing that they and their packages would be safe.
Ford COO Jim Farley warned during the earnings call that the pandemic could influence society for “many years to come,” with people seeking out more ways to avoid unnecessary human contact. Chief executive Jim Hackett cited what happened in China as an example, noting that a third of car sales moved online as a result of the pandemic. Fundamental changes like these could spur adoption of driverless taxis and couriers, but could also require adjustments to everything from capacity to the involvement of humans."
8,"{'id': 'engadget', 'name': 'Engadget'}",Kris Holt,Russia lifts its ban on Telegram,"Russia will no longer try to block messaging app Telegram after officials conceded it was an important means of sharing critical information, including updates about the COVID-19 pandemic. Telegram CEO Pavel Durov pledged to help combat terrorism and extremis…",https://www.engadget.com/russia-telegram-ban-lifted-covid-19-coronavirus-151721323.html,https://o.aolcdn.com/images/dims?resize=1200%2C630&crop=1200%2C630%2C0%2C0&quality=95&image_uri=https%3A%2F%2Fs.yimg.com%2Fos%2Fcreatr-images%2F2020-06%2F6d47bf50-b175-11ea-b9e2-ba3318c9d822&client=amp-blogside-v2&signature=ab7862bfcf4260d70269c42edfaabf7ceddd0432,2020-06-18T15:17:21Z,"The ban wasn't totally effective in any case. In April 2018, a court ordered Russian telecoms to block the service because it refused to give the Federal Security Service encryption keys to access messages. Telegram has suggested that wouldn't really be possible, since encryption keys are stored on users' own devices and the company doesn't have them. Pavel's long held the stance that the FSB's demands violate citizens' constitutional right to private correspondence.
Telegram used various measures to avoid being blocked, including IP address changes. Russians continued to use the service anyway, including health department and Foreign Ministry officials. The country is sharing official updates about COVID-19 on Telegram. One verified channel through which it's doing so has almost 300,000 members."
9,"{'id': 'engadget', 'name': 'Engadget'}",Mariella Moon,Tokyo Game Show 2020 has been cancelled,"This year’s Tokyo Game Show has been officially cancelled due to the coronavirus pandemic. It definitely doesn’t come as a surprise, seeing as Game Developers Conference and other big gaming and tech events for 2020 had to be scrapped in an effort to prevent …",https://www.engadget.com/tokyo-game-show-2020-cancelled-085416716.html,https://o.aolcdn.com/images/dims?resize=1200%2C630&crop=1200%2C630%2C0%2C0&quality=80&image_uri=https%3A%2F%2Fs.yimg.com%2Fos%2Fcreatr-images%2F2020-05%2Fa86bb870-9104-11ea-b6de-6b61c16a8618&client=amp-blogside-v2&signature=29ce0fcfd56143fcee46bf0826c2a725f997cbc2,2020-05-08T08:54:16Z,"This year’s Tokyo Game Show has been officially canceled due to the coronavirus pandemic. It definitely doesn’t come as a surprise, seeing as Game Developers Conference and other big gaming and tech events for 2020 had to be scrapped in an effort to prevent the spread of COVID-19. Social distancing at huge conferences would be impossible, after all, especially since going to TGS’ usual venue (Makuhari Messe) usually means having to take Tokyo’s packed trains.
“Due to the outbreak of novel coronavirus (COVID-19) on a global scale and the situation remains unpredictable in Japan as well, the organizer and the co-organizers have reached this decision after a long consideration to place the utmost priority on the health and safety of visitors, exhibitors and stakeholders. We ask for your kind understanding and cooperation,” the organizers said in a statement."
10,"{'id': 'engadget', 'name': 'Engadget'}",Jon Fingas,YouTube adds fact check panels to US-based searches,"YouTube is widening the audience for its fact check panels, and not a moment too soon. The video service now displays (via TechCrunch) independent fact checks for searches of known false claims. Look for claims behind COVID-19 conspiracy theories, for instanc…",https://www.engadget.com/youtube-fact-check-panels-in-us-183114030.html,https://o.aolcdn.com/images/dims?resize=1200%2C630&crop=1200%2C630%2C0%2C0&quality=80&image_uri=https%3A%2F%2Fs.yimg.com%2Fos%2Fcreatr-uploaded-images%2F2020-04%2Fdd8a5c40-8976-11ea-bf7b-fe6ab38f7e75&client=amp-blogside-v2&signature=29a059b654c72293cede8826fa26f78beceeeeb2,2020-04-28T18:31:14Z,"YouTube is widening the audience for its fact check panels, and not a moment too soon. The video service now displays (via TechCrunch) independent fact checks for searches of known false claims. Look for claims behind COVID-19 conspiracy theories, for instance, and a panel will link you to an article debunking those myths. As before, YouTube is limiting these cards to relatively narrow searches — you shouldn’t get them while you’re simply looking for the latest news.
The panels bring up info from third-party publishers who honor the International Fact-Checking Network’s ethics code and meet the standards for ClaimReview’s tagging system. This includes partners like FactCheck.org, PolitiFact and The Washington Post Fact Checker."
11,"{'id': 'engadget', 'name': 'Engadget'}",Jon Fingas,Twitter will fix its overly aggressive '5G corona' fact-checking,"Twitter knows its system for automatically fact-checking posts mentioning 5G and the coronavirus is more than a little overzealous, and it’s hoping to tone things down. The social network has promised to “improve” the precision of its labeling system and fact…",https://www.engadget.com/twitter-to-fix-5g-coronavirus-fact-checking-164611364.html,https://o.aolcdn.com/images/dims?resize=1200%2C630&crop=1200%2C630%2C0%2C0&quality=95&image_uri=https%3A%2F%2Fs.yimg.com%2Fos%2Fcreatr-images%2F2020-05%2F8bc184c0-9488-11ea-bfeb-bf809611048a&client=amp-blogside-v2&signature=f9716e326101588b1b6c4ca8298e5717a5863a95,2020-06-27T16:46:11Z,"Twitter knows its system for automatically fact-checking posts mentioning 5G and the coronavirus is more than a little overzealous, and it’s hoping to tone things down. The social network has promised to “improve” the precision of its labeling system and fact-check fewer tweets that merely happen to include certain keywords. The company is developing “new automated capabilities” to focus more on genuinely relevant tweets, according to an additional statement.
There was no indication of a timeline for the improvements."
12,"{'id': 'mashable', 'name': 'Mashable'}",Brenda Stolyar,Amazon VP quits over 'chickensh*t' firing of employees protesting warehouse conditions,"After two Amazon employees were fired over speaking out about warehouse working conditions, a VP at the company quit with a fiery message. 
In a blog post, VP and engineer Tim Bray, who worked at the company for five years, said he ""quit in dismay at Amazon f…",https://mashable.com/article/amazon-vp-resigns-warehouse-workers-coronavirus/,https://mondrian.mashable.com/2020%252F05%252F04%252F59%252F7f07b6d550d44c3eaef583743c83a806.1e9e5.jpg%252F1200x630.jpg?signature=ULGS3AmEYsUZnfyJTsXTB9wakN0=,2020-05-04T16:40:12Z,"After two Amazon employees were fired over speaking out about warehouse working conditions, a VP at the company quit with a fiery message. 
In a blog post, VP and engineer Tim Bray, who worked at the company for five years, said he ""quit in dismay at Amazon firing whistleblowers who were making noise about warehouse employees frightened of Covid-19."" He went on to describe the firing as ""chickenshit."" 
An Amazon spokesperson declined to comment for this article.
If you haven't been following the drama, Amazon fired two workers who spoke out about the company's warehouse conditions during the coronavirus outbreak. 
The UX designers, Emily Cunningham and Maren Costa, took to Twitter last month to talk about the ""lack of safe and sanitary working conditions"" for warehouse workers. Very shortly after, the workers were fired for ""repeatedly violating internal policies.""
That same month, CNN reported that three warehouse workers were also fired for speaking out about their working conditions. 
Bray mentioned in his blog post that ""firing whistleblowers isn't just a side-effect of macroeconomic forces, nor is it intrinsic to the function of free markets. It's evidence of a vein of toxicity running through the company culture. I choose neither to serve nor drink the poison."" 
""It's evidence of a vein of toxicity running through the company culture.""
And, while he said that company is now prioritizing warehouse safety, he stressed that he believed the workers who spoke out, saying that ""Amazon treats the humans in the warehouses as fungible units of pick-and-pack potential. Only that's not just Amazon, it's how 21st-century capitalism is done.""
SEE ALSO: I canceled my Amazon Prime membership. You can, too.
He also emphasized the difference in how Amazon treats its warehouse workers and corporate employees. 
Bray described Amazon Web Services (where he worked) as an ""ethical organization"" that treats its workers humanely and pushes them to find work-life balance, among other perks such as higher pay.
Meanwhile, warehouse workers are ""treated like crap,"" partly because healthcare in the U.S. is tied to employment. 
According to Bray, legal guardrails achieved through ""antitrust and living-wage and worker empowerment legislation"" are necessary to end the exploitation of workers."
13,"{'id': 'mashable', 'name': 'Mashable'}",Nikolay Nikolov,"Very good dogs are being trained, at no risk to their own health, to sniff out coronavirus cases","A team led by Professor James Logan, Head of the Department of Disease Control at the London School of Hygiene & Tropical Medicine, is training a team of dogs to detect odors from humans with COVID-19 infections. 
The dogs would provide non-invasive and rapid…",https://mashable.com/video/sniffer-dogs-covid-19-james-logan/,https://mondrian.mashable.com/2020%252F05%252F15%252Fc5%252F2fdc2cb350134f1694ac133a9b21ac29.b6d5b.jpg%252F1200x630.jpg?signature=ryZ_PocnDuhQIpZ-8-C1h6YGA_g=,2020-05-15T12:19:25Z,"A team led by Professor James Logan, Head of the Department of Disease Control at the London School of Hygiene &amp; Tropical Medicine, is training a team of dogs to detect odors from humans with COVID-19 infections. 
The dogs would provide non-invasive and rapid diagnosis in ports of entry, like airports. The welfare of the dogs is paramount the coronavirus samples used during the training are sterile and there is little evidence that dogs are particularly susceptible to the novel coronavirus."
14,"{'id': 'mashable', 'name': 'Mashable'}",Tim Marcin,"Eric Trump celebrates the stock market as the U.S. coronavirus death toll hits 100,000","One hundred thousand: It's the number on everyone's mind. Well, almost everyone. 
More than 100,000 Americans have died from COVID-19, a shocking, tragic, and — according to some research — potentially avoidable number of deaths. 
Eric Trump, the president's …",https://mashable.com/article/eric-trump-dow-covid-tweet/,https://mondrian.mashable.com/2020%252F05%252F28%252F58%252F45d7014997a84490af63a8e36439a1bc.585b1.jpg%252F1200x630.jpg?signature=HrWVq144Df94axsQZLtWKW4UDuA=,2020-05-28T15:26:57Z,"One hundred thousand: It's the number on everyone's mind. Well, almost everyone. 
More than 100,000 Americans have died from COVID-19, a shocking, tragic, and according to some research potentially avoidable number of deaths. 
Eric Trump, the president's son, meanwhile, was focused on the stock market, quote-tweeting a post from the conservative Washington Examinerthat said the ""Dow Jones [has shown] some numbers we haven't seen since early March.""
""GREAT DAY for the DOW!!"" he tweeted Wednesday evening. 
Lots of folks weren't pleased with Trump's focus on the stock market on such a grim day. The replies and quote tweets to the post largely focused on the 100,000 COVID-19 deaths. 
Over 100,000 dead. Did you mean DOW or DOA?
 Dana Goldberg (@DGComedy) May 28, 2020
Nevermind that we have lost 100,000 and 38 million Americans are unemployed.
Way to have perspective!
 Chris D. Jackson (@ChrisDJackson) May 28, 2020
100,000 families are planning funerals.
Your humanity is busted.
 John Pavlovitz (@johnpavlovitz) May 28, 2020
Any other milestones today?
 Guy Endore-Kaiser (@GuyEndoreKaiser) May 27, 2020
100,000 people confirmed dead from Covid-19 today. 
But it's a ""GREAT DAY for the DOW"". 
Eric Trump, like his dad, is a sociopath. https://t.co/lOKsKCSFyR
 Mehdi Hasan (@mehdirhasan) May 28, 2020
Eric Trump's father, President Donald Trump, meanwhile, spent a good portion of his morning on Thursday focusing on social media and how it was unfair to him. He is reportedly set to sign an executive order against social media companies just one day after Twitter labeled one of his posts as ""potentially misleading."" 
This will be a Big Day for Social Media and FAIRNESS!
 Donald J. Trump (@realDonaldTrump) May 28, 2020
Eventually, Trump did acknowledge the awful death toll in a tweet.
""We have just reached a very sad milestone with the coronavirus pandemic deaths reaching 100,000,"" he wrote on Twitter on Thursday. ""To all of the families &amp; friends of those who have passed, I want to extend my heartfelt sympathy &amp; love for everything that these great people stood for &amp; represent. God be with you!"""
15,"{'id': 'cnn', 'name': 'CNN'}",,CNN reporter on Trump statement: 'That's just not true',President Donald Trump spoke to reporters as he departed the White House about recent projection models from Johns Hopkins University and IHME that show an increase in deaths from Covid-19 in the US. CNN's Jeremy Diamond reports.,https://www.cnn.com/videos/politics/2020/05/05/trump-arizona-departure-wh-coronavirus-sot-diamond-bolduan-ath-vpx.cnn,https://cdn.cnn.com/cnnnext/dam/assets/200505104215-02-trump-0505-super-tease.jpg,2020-05-05T15:41:03Z,Chat with us in Facebook Messenger. Find out what's happening in the world as it unfolds.
16,"{'id': 'cnn', 'name': 'CNN'}",,Virus bedtime story is huge online hit,A young British poet presents a hopeful view of how the pandemic will change the world for the better. CNN's Jeanne Moos reports on a Covid-19 bedtime story that went viral.,https://www.cnn.com/videos/world/2020/05/04/great-realisation-pandemic-bedtime-story-tom-roberts-moos-pkg-ebof-vpx.cnn,https://cdn.cnn.com/cnnnext/dam/assets/200504202204-great-realisation-pandemic-bedtime-story-tom-roberts-moos-pkg-ebof-vpx-00000712-super-tease.jpg,2020-05-05T00:35:52Z,Chat with us in Facebook Messenger. Find out what's happening in the world as it unfolds.
17,"{'id': 'cnn', 'name': 'CNN'}","Sara Murray and Scott Glover, CNN",Trump pointed the finger at Obama when reports of dire protective gear shortages came in. He wasn't totally wrong but he hadn't solved the problem either.,"As complaints about dire shortages of protective gear for medical workers on the frontlines of the Covid-19 crisis began to stream in, President Donald Trump was quick to point the finger of blame at his predecessor, Barack Obama.",https://www.cnn.com/2020/05/06/politics/strategic-national-stockpile-coronavirus-trump-invs/index.html,https://cdn.cnn.com/cnnnext/dam/assets/200506110754-01-strategic-national-stockpile-super-tease.jpg,2020-05-06T22:50:05Z,"(CNN)As complaints about dire shortages of protective gear for medical workers on the frontlines of the Covid-19 crisis began to stream in, President Donald Trump was quick to point the finger of blame at his predecessor, Barack Obama.
It was Obama and other administrations, he said, who left the shelves of the nation's Strategic National Stockpile bare of the items needed to combat the coronavirus. 
To an extent, the President was right. The Obama administration did use and then failed to replace items from the stockpile to fight the 2009 H1N1 ""swine flu"" pandemic. 
But Trump hadn't replaced those items either, despite repeated warnings that the country was ill-prepared for a pandemic, stockpile experts said.
The President's criticism also ignored a key point: The stockpile was never intended -- or funded -- to be a panacea for a pandemic. Rather, it serves as one piece of the overall supply chain puzzle during a disaster.
The stockpile's inadequacies quickly came to light in the coronavirus pandemic -- a devastating health crisis that experts have long predicted. Trump delayed striking deals with the private sector and invoking the Defense Production Act (DPA) to produce more medical supplies, making a bad situation worse. And states -- bidding against one another and other countries for supplies at sharp markups -- turned to the quick relief of the stockpile, only to find it understocked and the federal stewards overseeing it in disarray.
The picture was complicated even further when a whistleblower alleged this week that the system of deciding what to put in the stockpile had been corrupted by outside lobbyists and politically driven decision-making, rather than science. 
""People who somehow believed it was a bottomless pit filled with everything they can imagine were not paying attention,"" said Tara O'Toole, a physician and former Department of Homeland Security official who once chaired an advisory committee on the stockpile.
If politicians were surprised to discover that, ""then shame on them,"" she said.
Asked about why his administration hadn't replenished the bare cupboards he complained about, Trump suggested in an interview aired Tuesday that he was too busy dealing with scandalsthe President called them ""hoaxes""that have marred the first three years of his administration.
""Well, I'll be honest with you,"" Trump told ABC News Anchor David Muir. ""I (had) a lot of things going on.""
'The difference between life and death'
States quickly realized the stockpile wasn't going to be their savior.
The federal government assured Illinois hundreds of thousands of N95 respirator masks were on the way, Illinois Deputy Gov. Christian Mitchell said. But when the trucks arrived, the masks turned out to be surgical masks -- insufficient protection for the health care workers treating patients with the devastating virus.
The difference in the masks is ""the difference between life and death,"" for frontline health care workers, Mitchell said. ""What we have gotten out of the Strategic National Stockpile has not been what we were promised or what we were owed.""
Similar complaints popped up across the country. Some states questioned whether supplies were being distributed equitably. Others reported receiving supplies that had passed their expiration date, had deteriorated or were not properly maintained. 
When California received 170 ventilators from the federal stockpile that were not in working condition, it enlisted Bloom Energy, which normally produces clean energy fuel cells, to help refurbish the machines.
""The only feedback we had was, 'These ventilators are not working,'"" Bloom's chief operations officer Susan Brennan said.
The ventilators had never been used but they also hadn't been prepped and preventative maintenance had not been performed, Brennan said. Bloom's team replaced batteries, calibrated oxygen settings, tested air flows and turned the rehabbed ventilators around in about 24 hours.
There were also maintenance issues with the remaining supplies in the stockpile. The government held 10,000 ventilators in reserve in anticipation of a surge in the coronavirus, Trump said in April. But about 20% of those ventilators were not in shape to be deployed because of a lapse in the government contract to keep the machines maintained, a source familiar with the matter said. 
A spokesperson for the Department of Health and Human Services said, ""All ventilators deployed from the SNS are in operating condition and maintained based on the original manufacturer's specifications outlined in the service manual.""
The HHS inspector general announced last month it would conduct an audit of whether the stockpile was effectively managed during the coronavirus crisis.
""We've always reviewed aspects of the Department's planning and response to emergencies,"" a spokesperson for the inspector general said. ""In this case, however, the ongoing public health crisis prompted this review."" 
Greg Burel likened his job as director of the Strategic National Stockpile to managing a Home Depot for disasters. He kept track of some $8 billion worth of supplies and oversaw an annual budget in the hundreds of millions.
Despite his national security clearance ending with his retirement in January, a related non-disclosure agreement prevents him from saying much more about the secretive national stash he supervised for nearly 13-years. 
He won't say precisely how many facilities there are -- that's classified -- or what exactly is in them -- also classified.
""We keep it pretty much under wraps. The reason we do that is so a determined enemy can't figure out how to do something bad to us,"" Burel explained. ""If somebody knows what's in it, they can say, 'Well, if they can take care of the zombie apocalypse, but they can't take care of something else, well, we'll do the something else.'""
Still, bits and pieces of the stockpile's history can be gleaned from congressional testimony, government websites and obscure publications such as the Domestic Preparedness Journal, in which Burel wrote a three-part series on the SNS shortly before his retirement.
The stockpile was created in 1999 amid fears of a bioterrorism attack coinciding with the Y2K computer switch over. Dubbed the National Pharmaceutical Stockpile at the time, the idea was to establish and maintain a sufficient supply of medicine and medical equipment in strategic locations around the US to be able to quickly help state and local communities in the wake of an attack with agents such as anthrax, smallpox, plague or other pathogens.
That Y2K attack never came. But the stockpile was tapped following another disaster soon thereafter: On September 11, 2001, planes delivering stockpile supplies to New York City were the only flights allowed in American skies other than military aircraft and Air Force One.
In the wake of 9/11, the stockpile was given its current name: Strategic National Stockpile. It was used again in the early 2000s in response to a series of anthrax attacks around the US and ultimately supplied with enough medication to treat up to 12 million people.
In the years since the SNS has been used in response to a variety of disasters, from outbreaks of Zika, Ebola and botulism to flooding and 10 major hurricanes, including Katrina, Sandy and Maria.
The event most comparable to the Covid-19 crisis was in 2009, when the SNS was used to fortify the response to the H1N1 ""swine flu"" pandemic. In 2003, under the George W. Bush administration, Burel said it had begun stockpiling massive quantities of antiviral medication and supplies in anticipation of pandemic influenza. It marked the first departure from its original mission of preparing for a terrorist attack.
When H1N1 hit, the stockpile unleashed its largest deployment ever -- millions of drugs, masks and other protective gear for health workers across all 50 states.
Those supplies were never replenished, partly because Congress declined the Obama administration's repeated requests to increase funding.
Burel said the normally low-profile SNS has received more attention in the wake of the Covid-19 crisis than at any point in its history.
One problem with all that attention, he said, is that ""everybody then infers that it was supposed to be the place to get anything and everything you need for any kind of health care event. But the reality is it was never designed for that. And it was never funded for that.""
Enough supplies? 'Well, of course not' 
It wasn't a secret that the US didn't have adequate supplies on hand to fight a pandemic. Experts had been telling politicians as much for years. The warnings continued into the Trump administration before the pandemic, which transferred management of the SNS away from the Centers for Disease Control and Prevention to another arm of HHS.
Robert Kadlec, the assistant secretary for preparedness and response who is now in charge of the stockpile, prioritized preparing for a bioterrorism attack over a naturally occurring pandemic, he said in a recent interview with the Washington Post.
Still, he warned a congressional panel in December that ""supply chain issues are among the most significant challenges to preparing for an influenza pandemic as well as other infectious diseases."" 
Kadlec testified America depended on overseas production for everything from gloves to pharmaceuticals.
""In a pandemic environment, this dependence could become a matter of national security, as we witnessed during the H1N1 pandemic of 2009,"" Kadlec said.
When HHS Secretary Alex Azar appeared before lawmakers in February seeking additional funding to combat the coronavirus, senators asked what was already available in the stockpile.
Azar told them there were masks and ventilators on hand.
Asked whether there were enough, he responded, ""Well, of course not. ...This is an unprecedented potential severe health challenge globally, and will require additional measures."" 
'It's supposed to be our stockpile'
Disappointing returns from the stockpile and an overall erratic federal response had already shaken states' confidence in the administration.
When Kushner, the President's senior adviser and son-in-law, was charged with working on the supply chain, it initially inspired a sigh of relief, according to several government agency sources. 
The idea of a point person seemed a step in the right direction after officials with HHS and the Federal Emergency Management Agency spent a month sorting out their respective roles in ramping production of personal protective equipment and tests needed for the Covid-19 response.
But enthusiasm quickly faded as it became clear that Kushner's involvement was adding more confusion to the already chaotic response, one source said.
Appearing in the briefing room in early April, Kushner claimed, ""The notion of the federal stockpile was it's supposed to be our stockpile; it's not supposed to be state stockpiles that they then use.""
Kushner's assessment flew in the face of the official definition of the stockpile from its website. 
The language was quickly changed a day after Kushner's statement to skew closer to his interpretation. 
Officials across the country were gobsmacked.
For Illinois, it was another sign they were on their own to replenish critical medical supplies. It left the state in a ""Lord of the Flies"" battle for supplies against other states and countries, Mitchell said.
""If I am successful in procuring a mask, an N95 mask for a health care worker in the state of Illinois, that very often may mean that there's a health care worker in Wisconsin or Michigan or Georgia or California who now does not have an N95 mask,"" Mitchell said. ""We have been pitted against each other in a way that's literally going to cost us lives that could have been saved and that is on the White House.""
Mitchell said he's also concerned states could be left on their own -- fighting in an international bidding war -- to acquire a life-saving vaccine, once one becomes available.
""Based on what we've seen, it's not a crazy scenario,"" he said.
The HHS spokesperson said the stockpile is not responsible for distributing the vaccine but the ""SNS is working now with federal and commercial supply chain partners to ensure ancillary supplies such as needles and syringes are produced and available in adequate quantities for a nationwide vaccination campaign once a vaccine is made available.""
""When I took this over, it was an empty box,"" the President said in a March briefing. ""And I'm not just blaming President Obama. You go long before that.""
During the H1N1 influenza pandemic, the stockpile distributed 12.5 million antiviral regiments, 19.6 million pieces of PPE and 85.1 million N95 masks, according to a 2016 report from the National Academies of Sciences, Engineering, and Medicine. 
The Obama administration didn't replace those supplies, nor did the Trump administration take the initiative to do so until it found itself in the midst of a global pandemic.
The US needed 3.5 billion N95 respirator masks for a ""severe event,"" HHS' Kadlec told the Senate in March. There were only 12 million in the stockpile, Azar said in February, along with another 5 million N95s he believed were past their expiration date.
It took weeks of politicians and health care workers openly begging for supplies before Trump flipped the switch on the DPA and launched public-private partnerships aimed at easing the shortages.
Months before the administration ramped up production, at least one major mask-maker was reaching out to the federal government warning that shortages were imminent. But Kadlec and others ignored the mask-maker's repeated offers to ramp up production, according to the whistleblower complaint filed by Dr. Rick Bright, a top HHS official and one of Kadlec's deputies.
When the administration finally struck production deals, it would take even longer for American manufacturers, who have shifted so much production overseas, to build out production capacity in the US.
When Moldex-Metric, the second-largest disposable respiratory mask-maker in the US, secured a major mask-making contract with HHS, it also began pursuing ways to add equipment and production lines.
""There's only so much capacity to make these in the United States. Most of the manufacturers here have their plants, and we can run them 24/7 and hit capacity,"" James Hornstein, general counsel for Moldex-Metric, said last month. After H1N1, ""no one came to us and said we want you to ramp up your automated manufacturing lines, so you can make more when you turn on the switch."" 
The failure to keep American cupboards stocked with crucial medical supplies stretches back across administration and across party lines.
Public health and national security experts say politicians have consistently failed to treat public health issues, such as emerging infectious diseases, and the fragile supply chain surrounding them as a serious national security threat.
Pointing fingers over the stockpile ""is the politicians diverting from the fact that they were basically negligent,"" O'Toole said. 
Lucrative contracts based on political connections'
In the whistleblower complaint filed Tuesday, Bright said the stockpile's mission had been compromised by politics well before it began making headlines in connection with the coronavirus.
Bright was involved in procuring medicines and other material for the SNS and said he was pressured ""to award lucrative contracts based on political connections and cronyism.""
Bright, who was reassigned from his role as the director of the Biomedical and Advanced Research Development Authority, said that pressure included an ""outsized role"" played by a pharmaceutical industry consultant who represented a company whose CEO purportedly had ties to Kushner.
Bright's complaint details Kadlec's alleged efforts to steer contracts to companies represented by the industry consultant with whom he had ""a long standing connection."" 
In one case, Kadlec directed $40 million to SNS to fund a drug that expert advisers deemed ""inferior"" to alternatives, according to the complaint. In another case that was the subject of an inspector generation investigation, a $55 million contract was awarded -- over the objection of expert advisers -- to a company the consultant represented, Bright's complaint alleges.
Bright's allegations mirror concerns raised by Tom Frieden, who served as director of the CDC under Obama.
In interview with CNN last month, Frieden lamented what he called the ""misguided, politicized and corrupt"" transfer of the SNS away from the CDC to Kadlec's office in late 2018.
Other experts on the stockpile supported the change, but Frieden said the change ushered in a new standard for how the SNS did business.
""The basis for decisions used to be how to save the most lives"" he said. ""Now, it's how to satisfy the most lobbyists.""
Kadlec could not be reached for comment about Bright's complaint. A statement released by HHS after it was filed on Tuesday did not offer a detailed response to the document.
A stockpile '10 times' bigger
There are signs the administration is already rethinking how to prepare the stockpile for the next disaster. Congress allocated $16 billion in one of the coronavirus relief packages to bolster the stockpile with supplies like masks, respirators and pharmaceuticals. 
Trump has vowed: ""We're building up our stockpile again like crazy."" And White House trade adviser Peter Navarro said the US needs ""bigger and better insurance policies.""
""So we are going to look at stockpiles that are probably 10 times as big,"" Navarro said last week on a visit to a General Motors plant making ventilators. 
Despite the assurances, a FEMA spokesperson said, ""As of right now, there is no effort being made to replenish the stockpile. Inventory that is available is being used to fill urgent needs of the states to help mitigate PPE burn rates.""
Experts are skeptical that a stockpile of any size can adequately prepare the US unless there are other changes, including more domestic manufacturing of medical supplies and a commitment from hospitals to keep more protective equipment on hand.
""We cannot stockpile our way out of these situations no matter how big the stockpile,"" O'Toole said. ""We took our eye off the ball in allowing our entire supply chain to move to other countries."" 
Navarro said the administration was also ""going to think differently about how the stockpiles actually exist,"" which might include ensuring American manufacturers have reserve capacity they can quickly bring online in a crisis. 
As for Burel, he's watching the crisis unfold from his new perch as the president of a consulting firm. He left his post as stockpile director on January 3, 2020, a retirement date he says he had planned since shortly after he began working for the government as an intern.
Had he known further in advance that Covid-19 was coming, he said, ""I would have delayed everything.""
From the sidelines, he said he hopes that this crisis leads to a permanent increase in its funding rather than a one-time infusion. 
""If the country wants the SNS to be the savior for these kinds of things,"" Burel told CNN, ""it's gonna have to tell Congress to fund it."" 
The price tag for that, he said, would be in the billions annually.
CNN's Katelyn Polantz, Kristen Holmes and Priscilla Alvarez contributed to this report."
18,"{'id': 'cnn', 'name': 'CNN'}","Veronica Stracqualursi, CNN",Obama criticizes leadership on coronavirus response in HBCU commencement address,"Former President Barack Obama on Saturday criticized the ""folks in charge"" for their handling of coronavirus pandemic in the wake of privately critiquing the Trump administration's response to the Covid-19 crisis.",https://www.cnn.com/2020/05/16/politics/barack-obama-commencement-speech-2020-hbcu/index.html,https://cdn.cnn.com/cnnnext/dam/assets/200126175745-barack-obama-102618-file-super-tease.jpg,2020-05-16T21:08:52Z,"(CNN)Former President Barack Obama on Saturday criticized the ""folks in charge"" for their handling of coronavirus pandemic in the wake of privately critiquing the Trump administration's response to the Covid-19 crisis.
""This pandemic has fully, finally torn back the curtain on the idea that so many of the folks in charge know what they're doing. A lot of them aren't even pretending to be in charge,"" the 44th President said during a virtual commencement address for historically black colleges and universities. 
""If the world is going to get better, it's going to be up to you,"" he added.
CNN previously reported that Obama had criticized the Trump administration's response to the coronavirus crisis as ""an absolute chaotic disaster"" during a private phone call with former staffers and administration alums. Obama did not reference President Donald Trump by name on Saturday.
During his message to the HBCU graduates, Obama also spoke of how the pandemic has disproportionately affected black communities. 
""A disease like this just spotlights the underlying inequalities and extra burdens that black communities have historically had to deal with in this country. We see it in the disproportionate impact of Covid-19 on our communities,"" he said during the ""Show Me Your Walk"" virtual commencement program.
""Just as we see it when a black man goes for a jog and some folks feel like they can stop and question and shoot him if he doesn't submit to their questioning. Injustice like this isn't new,"" Obama said, referring to the killing of Ahmaud Arbery, a young black man in Georgia.
Obama, who was a former civil rights lawyer and community organizer before he ran for political office, also gave three pieces of advice for the graduating class to ""create change.""
""No generation has been better positioned to be warriors for justice and remake the world,"" Obama said.
He encouraged the HBCU graduates to organize at the grassroots level (and not just resort to online activism), to grow allies in the fight for a common cause, and remember ""you're all role models now, whether you like it or not.""
""Your participation in this democracy, your courage to stand up for what's right, your willingness to forge coalitions, these actions will speak volumes,"" he said. ""And if you're inactive, that will also speak volumes.""
CNN's Nicky Robertson contributed to this report."
19,"{'id': 'cnn', 'name': 'CNN'}",,Graduates are getting creative with at-home ceremonies,"The Covid-19 pandemic has cancelled graduation ceremonies across the country, but that hasn't stopped these graduates from building backyard stages and live-streaming from the living room. Watch more human stories of the pandemic.",https://www.cnn.com/videos/us/2020/05/16/graduates-2020-at-home-ceremonies-cancelled-covid-orig-kj.cnn,https://cdn.cnn.com/cnnnext/dam/assets/200516103644-covid-grads-thumbnail-super-tease.jpg,2020-05-16T15:06:48Z,Chat with us in Facebook Messenger. Find out what's happening in the world as it unfolds.
