,source,author,title,description,url,urlToImage,publishedAt,content
0,"{'id': 'cnn', 'name': 'CNN'}","Jen Christensen, CNN",CDC advises to test all babies born to moms with coronavirus,"All newborns delivered to women with Covid-19 infections, confirmed or suspected, should be tested, the US Centers for Disease Control and Prevention said in new guidelines released Wednesday.",https://www.cnn.com/2020/05/21/health/coronavirus-test-newborns/index.html,https://cdn.cnn.com/cnnnext/dam/assets/200318154449-newborn-babies-hosptial-stock-super-tease.jpg,2020-05-21T09:57:37Z,"(CNN)All newborns delivered to women with Covid-19 infections, confirmed or suspected, should be tested, the US Centers for Disease Control and Prevention said in new guidelines released Wednesday.
Infants may be at a higher risk for severe forms of the disease, compared to older children, according to the CDC. But the data is still pretty limited, and what scientists know about these infections is based on a handful of case reports.
The CDC said babies are most likely exposed to the virus through respiratory droplets from their mom or from other caregivers or visitors. There are some limited reports that they may be exposed to the virus right before or even during labor, but the science on that is still unclear, the federal agency said.
Since there is still limited information about how frequently these cases occur, doctors should presume such newborns have an infection. These newborns should be isolated from other healthy newborns and they should temporarily be kept separate from their mothers to reduce the risk of transmission of the virus. If the mother's test results are negative, the CDC says the temporary separation can end.
It's unclear when the optimal time to test is, but the CDC suggests they first be tested 24 hours after they are born and if the test is negative, doctors should test them again the next day. In parts of the country where available testing is limited, the CDC recommends these newborns should be prioritized. Newborns don't need a negative test to be discharged from the hospital.
If infants do become infected, some of the Covid-19 symptoms are similar to what doctors have seen with adult patients -- fever, cough, breathing problems and stomach issues like diarrhea and vomiting. Infants may also appear lethargic. The CDC says the extent to which a Covid-19 infection contributed to these symptoms is still unclear, though, since these same symptoms can also be seen commonly in infants for other reasons.
Much like with older children, the majority of infants who have tested positive for Covid-19 tend to be asymptomatic, or they have a mild form of the disease and recover without complication, according to the CDC. There have, however, been some cases where the infant had to be put on a ventilator.
If there isn't room to separate a mother with an infection from the child, the CDC suggests the mother use a face mask and practice good hand hygiene. The CDC does not recommend masks for any child under the age of 2. 
Healthcare providers should use protective clothing and masks when handling the infants."
1,"{'id': 'cnn', 'name': 'CNN'}",Chauncey Alcorn CNN Business,Tyson meat plant employee dies of Covid-19 weeks after major outbreak,"A Tyson Foods employee who worked at the company's largest pork processing plant in Waterloo, Iowa, died of Covid-19 Monday morning — less than two months after a major outbreak at the same facility.",https://www.cnn.com/2020/05/26/business/tyson-waterloo-plant-death/index.html,https://cdn.cnn.com/cnnnext/dam/assets/200526134048-01-tyson-waterloo-restricted-super-tease.jpg,2020-05-26T22:44:44Z,"New York (CNN Business)A Tyson Foods employee who worked at the company's largest pork processing plant in Waterloo, Iowa, died of Covid-19 Monday morning less than two months after a major outbreak at the same facility.
In April, the Black Hawk CountyHealth Department linked the Waterloo Tyson plant to 182 of the county's 374 Covid-19 cases before Tyson temporarily shut the place down and tested its 2,800 staff members for the deadly virus.
The plant reopened on May 7. The Tyson employee who died Monday was diagnosed with coronavirus in April, according to a friend and a family member. 
""We are deeply saddened by the loss of any Tyson team member and are keeping the family in our thoughts and prayers at this difficult time,"" a Tyson spokesperson told CNN Business via email Tuesday.
The Tyson employee who died has been identified as Jose Ayala, 44, according to his bother, Art Hernandez, and Zach Medhaug, who says he was Ayala's friend and co-worker at the Tyson plant.
Medhaug, who told CNN Business he too was diagnosed with Covid-19 in late April, has been chronicling the Tyson Waterloo plant's Covid-19 outbreak on Facebook and providing updates on Ayala's condition since March.
""I was with him in his final moments,"" Medhaug said of Ayala on Tuesday. ""You don't think you're going to go to work and see your friend and less than a week later, he's going to be on a ventilator and a couple months later, you're going to be holding his hands in his last minutes.""
Hernandez said his brother was a ""homebody"" and an avid gamer who loved ""Diablo"" and ""Call of Duty.""
""He was very down-to-earth,"" Hernandez said. ""He would help out a lot of people and never expected anything in return.""
Medhaug said he and Ayala became friends shortly after Ayala moved to Waterloo from Laredo, Texas, six years ago to work at the Tyson plant, where Medhaug has also worked for the past 11 years. His loved ones said Ayala had three siblings and a large extended family. 
""Jose is a good man,"" Medhaug wrote in a Facebook post. ""He is an amazing friend. He could always make everyone in the room smile. He would do anything for anyone.""
Medhaug said he himself suffered from minor symptoms before a doctor diagnosed him with Covid-19 on April 20, but Ayala had suffered from labored breathing, fever, exhaustion and a cough since late March. 
Ayala wasn't tested until after he was put on a medical ventilator on April 12, according to Medhaug and Hernandez.
""At that point he had moved to a high-risk status,"" Medhaug said of Ayala. ""Since they needed to move him on a ventilator, they needed to know what they were treating him for, so he was tested.""
Medhaug said he is convinced he and his friend caught the virus at work. ""There's no where else we could have got sick from,"" he said.
Tyson did not immediately respond to a request for confirmation that Medhaug and Ayala were infected on the job. 
In an earlier email, the company said the health and safety of its team members is its top priority.
""We take this responsibility very seriously, and we have put in place a host of protective steps at our facilities that meet or exceed CDC and OSHA guidance for preventing COVID-19,"" the company said."
2,"{'id': 'cnn', 'name': 'CNN'}","Katie Lobosco, CNN",Stimulus money hasn't saved these small businesses,"Wagner Opticians had been around for 50 years when Covid-19 hit. It took less than two months for the pandemic to put the family-run shop in Washington, DC, out of business.",https://www.cnn.com/2020/05/22/politics/small-business-closing-ppp/index.html,https://cdn.cnn.com/cnnnext/dam/assets/200504184027-restaurant-closure-super-tease.jpg,2020-05-22T09:09:03Z,"Washington (CNN)Wagner Opticians had been around for 50 years when Covid-19 hit. It took less than two months for the pandemic to put the family-run shop in Washington, DC, out of business. 
At first, owner Dianna Finisecy, who goes by Dee Dee, felt she should stay open, but reduce hours to limit her and her workers' exposure to customers. The shop, which shared a building with a hospital, was frequented by doctors and nurses, but business still slowed and she wasn't bringing in enough to make rent. Finisecy closed for good at the end of April, bringing some frames home with her and calling up 1-800-Junk to pick up the rest. ""It's an awful way to go,"" she said.
It wasn't until May, more than a week after Finisecy shut her doors for the last time, that she was finally approved for a forgivable relief loan from the government's Paycheck Protection Program. She used it to pay off her March and April rent as well her employees' full salaries, like she was supposed to -- and now, with the shop gone, she's worried she might wind up having to pay it back. 
""I'd hate to go out after 50 years and have that monkey on my back,"" Finisecy said. 
Slow to reach the people who needed it most
That wasn't how things were supposed to go for small business owners in the pandemic. Congress created the Paycheck Protection Program in March as part of its sweeping $2.2 trillion economic stimulus response to get money quickly into the hands of small business owners. It's doled out more than 4 million loans worth $512 billion over the past seven weeks and has saved 50 million jobs, according to the Treasury Department. 
But it was slow to reach small companieslike Wagner Opticians as big businesses, like Shake Shack and the LA Lakers, got money first. Plus, there are restrictions on how the money can be spent that are making it hard for some business owners to even use the money while they remain shut down. 
The loans are forgivable if 75% of the money is used on payroll within an eight week period -- a controversial time frame that both Republicans and Democrats have expressed support to change. It may have been reasonable in March when it was hard to imagine cities and states would have stay-at-home orders in place for so long.
Despite the bipartisan support, the Senate adjourned for a week-long recess Thursday without voting on extending the eight-week window. Meanwhile, some businesses that were among the first to get the money are entering their eighth week carrying loans and are unsure if they should risk spending the money without knowing if it will be forgiven later.
It's becoming clear that the loans won't be enough to save many small businesses as the pandemic continues for longer than most people, including the lawmakers who drew up the bill, expected.
More than 6% of small business owners surveyed by the Census Bureau said that they don't ever expect to return to normal operations and about 7% said they don't have enough cash on hand to last more than a week. 
Federal Reserve Chairman Jerome Powell warned this week that the central bank and Congress may have to do more to prevent some jobs from going away forever.
""If we let people be out of work for long periods of time, if we let businesses fail unnecessarily, waves of them, there will be longer term damage to the economy,"" Powell said in an interview with CBS. 
""The good news is we can avoid that by providing more support now,"" he added. 
Restaurant owners don't know if customers will return
Restaurants have been particularly hard hit. During the last week in March, the National Restaurant Association said 3% had already permanently closed. 
Cathy Rasco will reopen her shop, Arabica Coffee, in Portland, Maine, on June 1. But she's already decided that her second location, less than a mile away, is staying closed for good.
That location, near ferry and cruise ship terminals, was always slower in the winter. She couldn't imagine making it without a strong tourist season too. Rasco, who's been in business since 1995, moved everything out of what had been that larger of her two spaces, and is still looking for a home for her coffee roaster. 
She doesn't know if customers will come back once she reopens and is afraid to spend any of the loan money she received from the Paycheck Protection Program with so many unknowns and a lack of clarity around the rules. She plans to start by bringing back just a handful of the 26 staff she had when closures took effect. 
""I feel like I'm just gambling, and it's not the time to do that,"" Rasco said, noting that selling a low-price-point product like coffee means she needs hundreds of customers to be profitable. 
She's installing plexiglass along the bar to protect her workers and plans to allow customers in just one door and out another, encouraging one-way foot traffic. 
""I'm very aware this could be the end of Arabica, and if that's how it is, at least I know I'm giving it my best shot,"" she said. 
The loan program is a 'total failure'
Portland's LB Kitchen, named for its co-owners Lee Farrington and Bryna Gootkind, has been filling to-go orders for smoothies, salads, and sandwiches since late March. Gootkind says she doesn't know if they'll fully reopen until there's a vaccine.
On Wednesday, they announced that their second location would be closing permanently. ""LB West,"" as they called it, shared a space with a nonprofit organization and it seemed that it would be too hard to control people coming in-and-out while adhering to safety guidelines. 
They also received a loan from the Paycheck Protection Program, but at this point, don't intend on spending any of the money. 
Like many business owners, Gootkind said it didn't make any sense to bring all of her 24 workers back on payroll when her shop is still not fully open. Some workers find that, with a separate congressionally-approved $600-a-week boost to benefits, they're earning more on unemployment than they would by coming back to work -- especially if hours are reduced.
But that means LB Kitchen's loan might not be forgiven. So instead, they plan on giving it all back.
""Honestly, it's not even worth trying to figure out. It's like trying to crack a code,"" Gootkind said. ""I feel like it's a total failure."""
3,"{'id': 'cnn', 'name': 'CNN'}",,YouTube star is self-isolating on a desert island,"When the island of Socotra closed its borders in response to the Covid-19 pandemic, YouTube travel vlogger Eva zu Beck decided to stay behind. She spoke to CNN about what it was like.",https://www.cnn.com/videos/travel/2020/05/15/youtube-star-quarantining-desert-island-socotra-lon-orig-mkd.cnn,https://cdn.cnn.com/cnnnext/dam/assets/200519092323-youtube-socotra-2-super-tease.jpg,2020-05-19T08:42:26Z,Chat with us in Facebook Messenger. Find out what's happening in the world as it unfolds.
4,"{'id': 'cnn', 'name': 'CNN'}",,UK minister appears unwell during speech,"A UK politician tested negative for Covid-19 after appearing unwell while speaking in the House of Commons. The UK government is now requiring lawmakers to debate or vote on legislation in person, with social distancing rules in place.",https://www.cnn.com/videos/world/2020/06/04/uk-government-minister-covid-test-sweating-orig-mss.cnn,https://cdn.cnn.com/cnnnext/dam/assets/200604130150-uk-business-secretary-alok-sharma-super-tease.jpg,2020-06-04T19:47:35Z,Chat with us in Facebook Messenger. Find out what's happening in the world as it unfolds.
5,"{'id': 'cnn', 'name': 'CNN'}","Francesca Street, CNN",Can this super-simple device stop virus spreading on airplanes?,"It's not flashy or futuristic-looking, but it's simple, cheap and apparently effective: British aircraft interior company RAS Completions says its new personal protection shield could help protect fliers from Covid-19.",https://www.cnn.com/travel/article/airplane-shield-seat-solution/index.html,https://cdn.cnn.com/cnnnext/dam/assets/200611104739-iso-view-seat-super-tease.jpg,2020-06-11T09:58:46Z,"(CNN) It's not flashy or futuristic-looking, but it's simple, cheap and apparently effective: British aircraft interior company RAS Completions says its new personal protection shield could help protect fliers from Covid-19.
The shield, says RAS Completions, is designed to be installed between seats and doesn't involve taking the middle seat out of action.
The Personal Protection Window is currently seeking approval from the European Union Aviation Safety Agency (EASA) and the company says it'll be ready for airline customers within the next couple weeks.
The shields are designed to protect passengers from the risk of droplet transmission and are made from transparent polycarbonate.
The idea, RAS Completions Business Development Manager Roger Patron tells CNN Travel, is to produce a ""single product that fits every type of commercial aircraft.""
It's mainly designed to aid economy seating, Patron says, as that's where passengers tend to be closest together, but it could also be used in different classes of cabin.
RAS Completions adds that the shields are non-obstructive, so wouldn't prevent emergency evacuation or seat recline.
""Simplicity is the best,"" says Patron. ""We tried to make them the simplest, effective way of keeping people safe.""
""Our product is very simple to make, it will be cheap, it will do the job -- it's not about the look, although we obviously understand that we want people to feel safe within the cabin.""
The cost aspect is crucial, says Patron, airlines have suffered financial losses in the wake of the pandemic, and will be keen to come up with solutions to getting passengers back in the sky that don't break the bank.
This hasn't stopped some aviation companies suggesting solutions that involve eradicating the middle seat -- including Interspace Lite, from transportation technology company Universal Movement, which envisages a temporarily-blocked-off middle seat and reimagines that seat as a divider.
Universal Movement has partnered with airplane seat manufacturer Safran and aims to bring Interspace to market by late summer.
Meanwhile, Italian company Aviointeriors has suggested a idea of a row of three economy seats with the middle seat facing the opposite way, while French engineer Florian Barjot's concept, PlanBay, also includes a removable piece of kit that could be placed on the middle seat.
The RAS Completions' Personal Protection Window doesn't really offer complete social distancing.
Patron says he's aware that getting travelers comfortable with flying again could be a challenge. 
""I think if you had the alternative which was nothing in between you and somebody you didn't know sitting a few inches away from you, I think I, for sure, would feel more secure if I had a little non-intrusive screen which gave me comfort that the airline first of all cared -- and also gave me the opportunity to distance myself from somebody in very close proximity,"" says Patron.
Because the shields are easy to install and uninstall, Patron says it's also a solution that's adaptable for an ever-changing situation. Ideally, it'll be used alongside face masks and hand sanitizer.
Patron says RAS Completions has been in contact with airlines and some are showing interest, others are remaining cautious and seeing how the market develops.
""We see this as a medium, not long term solution,"" he says.
""It has gone through some very rigorous testing, so if the airline needs it for six months or a year then it's built for that."""
6,"{'id': 'cnn', 'name': 'CNN'}",,Kremlin spokesperson speaks out on Russia's handling of virus,"In an exclusive interview with CNN, Kremlin spokesman Dmitry Peskov, who tested positive for Covid-19 in May, said ""nothing went wrong"" in Russia's attempts to contain the virus.",https://www.cnn.com/videos/world/2020/06/09/dmitry-peskov-exclusive-russia-coronavirus-putin-tsr-pkg-vpx.cnn,https://cdn.cnn.com/cnnnext/dam/assets/200609180635-dmitry-peskov-chance-pkg-super-tease.jpg,2020-06-09T23:02:18Z,Chat with us in Facebook Messenger. Find out what's happening in the world as it unfolds.
7,"{'id': 'cnn', 'name': 'CNN'}",,Acosta to McEnany: Will Trump take responsibility if rallygoers get sick?,"White House officials are dismissing questions that the Trump administration could be responsible for exposing people to Covid-19 at the upcoming Trump rally in Tulsa, Oklahoma. CNN's Jim Acosta reports.",https://www.cnn.com/videos/us/2020/06/17/trump-tulsa-rally-coronavirus-mcenany-responsibility-acosta-tsr-pkg-vpx.cnn,https://cdn.cnn.com/cnnnext/dam/assets/200617105815-acosta-mcenany-split-06172020-super-tease.jpg,2020-06-17T23:07:53Z,Chat with us in Facebook Messenger. Find out what's happening in the world as it unfolds.
8,"{'id': 'cnn', 'name': 'CNN'}",,"Don Lemon: If you value your health, don't believe Trump","CNN's Don Lemon reacts to rhetoric used by President Donald Trump about Covid-19, arguing that the reality of the virus is catching up to members of his own party.",https://www.cnn.com/videos/politics/2020/06/25/dons-take-value-health-dont-believe-trump-republicans-coronavirus-reality-ctn-vpx.cnn,https://cdn.cnn.com/cnnnext/dam/assets/200624222904-dons-take-ctn-06242020-super-tease.jpg,2020-06-25T03:01:25Z,Chat with us in Facebook Messenger. Find out what's happening in the world as it unfolds.
9,"{'id': 'cnn', 'name': 'CNN'}","By <a href=""/profiles/meg-wagner"">Meg Wagner</a>, Melissa Macaya, Mike Hayes and <a href=""/profiles/veronica-rocha"">Veronica Rocha</a>, CNN","Fauci, Redfield testiy on Trump's coronavirus response","As some US states see a rise in Covid-19 cases, Dr. Anthony Fauci, National Institutes of Health, and Dr. Robert Redfield, US Centers for Disease Control and Prevention, testify before a House committee. Follow here for the latest.",https://www.cnn.com/politics/live-news/fauci-redfield-coronavirus-testimony-06-23-20/index.html,https://cdn.cnn.com/cnnnext/dam/assets/200612174549-dr-anthony-fauci-iso-june-12-sitroom-super-tease.jpg,2020-06-23T14:33:48Z,"Today's House hearing on the Trump administration's coronavirus response comes as at least 25 states are seeing a rise in new reported cases compared to the previous week, according to data from Johns Hopkins University, led by 8 states including Texas, Florida and Arizona.
In Texas, Gov. Greg Abbott warned that ""tougher actions"" may be imposed if the numbers there continue to spike, but he stressed that closing down the state again ""will always be the last option."" 
""Covid-19 is now spreading at an unacceptable rate in Texas, and it must be corralled,"" Abbott said Monday. Houstons Health Department said Harris County hospitals have a 177% increase in Covid-19 positive patients since May 31. 
The number of coronavirus cases in Florida reached a milestone on Monday, as the state reported 100,217 cases, according to data released by the Florida Department of Health. 
The Sunshine State has ""all the markings of the next large epicenter of coronavirus transmission,"" and risks being the ""worst it has ever been,"" according to projections from a model by scientists at Children's Hospital of Philadelphia and the University of Pennsylvania.
Arizona, where President Trump plans to travel today, continues to see its new case numbers climb. The state averaged about 2,412 new reported cases per day over the week ending June 21, up about 94% from the previous 7-day period, according to a CNN analysis of data from Johns Hopkins University.
Officials say the major thrust of new coronavirus cases in the US is in the South and West has also been attributed to more young people ignoring social distancing measures and testing positive.
Young people are more likely to have milder outcomes from coronavirus, but they can still infect others who are more at risk.
""With younger age of recent infections in at least some places such as Florida, expect a lower death rate in this wave ... until the 20-40 year olds who are infected today go on to infect others,"" Dr. Tom Frieden, former director of the US Centers for Disease Control and Prevention, said on Twitter.
Dr. Anthony Fauci, the nation's top infectious disease expert, told Axios that the recent high number of cases in young people is ""not surprising."" Like Frieden, he warned of what's to come.
""They get infected first, then they come home, and then they infect the older people. The older people get the complications, and then they go to the hospitals,"" Fauci said. ""The death rate always lags several weeks behind the infection rate."""
10,"{'id': 'cnn', 'name': 'CNN'}",,Scott Van Pelt: ESPN 'just making it up' without live sports,"Scott Van Pelt, anchor of ESPN's ""SportsCenter,"" tells CNN's Frank Pallotta how the network has had to reinvent itself now that all major sports are suspended due to Covid-19.",https://www.cnn.com/videos/business/2020/05/08/espn-scott-van-pelt-no-sports-orig.cnn-business,https://cdn.cnn.com/cnnnext/dam/assets/200508091043-scott-van-pelt-0508-super-tease.jpg,2020-05-08T20:01:44Z,Chat with us in Facebook Messenger. Find out what's happening in the world as it unfolds.
11,"{'id': 'cnn', 'name': 'CNN'}",,Secretariat wins virtual Triple Crown at Kentucky Derby,A virtual horse race featuring the past 13 Triple Crown winners was held to raise money for Covid-19 relief after the 146th Kentucky Derby was postponed due to the pandemic.,https://www.cnn.com/videos/sports/2020/05/02/kentucky-derby-virtual-triple-crown-orig-kj.cnn,https://cdn.cnn.com/cnnnext/dam/assets/200502184530-serectariat-wins-virtual-triple-crown-at-kentucky-derby-super-tease.jpg,2020-05-03T13:45:35Z,Chat with us in Facebook Messenger. Find out what's happening in the world as it unfolds.
12,"{'id': 'cnn', 'name': 'CNN'}","Eric Levenson, Ed Lavandera and Ashley Killough, CNN","Some states have combined diagnostic and antibody test results, skewing their data","Health officials in at least three states have been combining Covid-19 data on diagnostic tests and antibody tests, skewing results and potentially giving a muddied picture of the virus's spread over time.",https://www.cnn.com/2020/05/20/us/coronavirus-testing-data/index.html,https://cdn.cnn.com/cnnnext/dam/assets/200517124042-01-coronavirus-testing-texas-0512-super-tease.jpg,2020-05-20T19:15:21Z,"(CNN)Health officials in at least three states have been combining Covid-19 data on diagnostic tests and antibody tests, skewing results and potentially giving a muddied picture of the virus's spread over time.
Texas, Virginia and Vermont each said they recognized the data issue and moved to fix it in the past few days. 
Diagnostic PCR tests, which use saliva or sputum, check for current infection, while antibody tests, which rely on blood, check for past infection. Combining the two into one result could provide an inaccurate picture of where and when the virus spread and mislead policy-makers and the public.
""Public health officials need to know how many people in my state or my community currently have Covid-19. They also need to learn how many people had it in the past and potentially are immune to it,"" said CNN's senior medical correspondent Elizabeth Cohen. ""Those are two completely different things.""
Combining the two types of tests could also overstate a state's ability to test and track active infections.
""You only know how many cases you have if you do a lot of testing,"" Cohen said. ""If you put the two tests together, you fool yourself into thinking you've done more testing than you have.""
Virginia and Vermont health officials said they fixed the data issue in the past week. Chris Van Duysen, spokesman for the Texas Department of State Health Services, said in an email Monday that the state ""will be separating the numbers out this week"" and is ""working to integrate that into our online reporting.""
The issue is just one of the ways that coronavirus testing data can mislead or obscure when not used consistently and appropriately. 
For example, some countries and research institutions, including Johns Hopkins University and its widely cited coronavirus dashboard, have relied on data from a mysterious data aggregation site called Worldometer. And in the US in recent days, Georgia and Florida have faced questions about the transparency of their coronavirus data reporting.
Issues in Texas, Virginia and Vermont
The issue in Texas came after the Texas Observer reported the two testing results were being combined. Gov. Greg Abbott said Monday the state is not presently combining the numbers but did not acknowledge that it had been in the past.
""The answer is no. They are not comingling those numbers,"" Abbott said. ""Those numbers will be provided separately.""
Texas State Rep. Chris Turner, who leads the House Democratic Caucus, found Abbott's statement puzzling and reached out to the health department after Monday's press conference.
""They confirmed to my staff that in fact the testing total does include the antibody test. They said they would be breaking those out later in the week,"" Turner said. ""But for now the total number of tests reported includes both types of test.""
Turner argued that combining the numbers ""really muddies the data"" and ""indicates that our testing total is inflated.""
The Department of State Health Services did not provide CNN more specifics Tuesday on what percentage of the total tests being reported are antibody tests.
As of Wednesday morning, the department's website said the state had a total of 744,937 tests, 23,601 of those are from public labs, while 721,336 are from private labs. The state is reporting a total of 49,912 positive cases. The state's coronavirus dashboard did not yet reflect a distinction in antibody tests versus active virus tests. 
Abbott has been touting the low positivity rate in the state. It's unclear how many of those positive cases are from antibody tests or active infection tests.
Virginia similarly had been combining its antibody and diagnostic tests in its reported testing data, the Virginia Department of Health said last week. The department said separating out the results made ""minimal change in the percent positive of tests and no difference in overall trends.""
Virginia Gov. Ralph Northam, a pediatric neurologist, said he directed the Department of Health to separate out the testing results last week.
""I am a doctor, and I have said all along that I will act based on science and dataand the data must be reliable and up-to-date, so we can make informed decisions based on the facts,"" he wrote on Twitter. ""Going forward, the (Virginia Department of Health) website will break out the number of diagnostic tests.""
Vermont, too, began separating its antibody test results from its diagnostic test results on May 16, according to the Department of Health.
""As we began seeing an increase in serology tests, we realized this is impacting the number and needed to correct it,"" said Ben Truman, spokesman for Vermont's Department of Health.
CNN's Konstantin Toropin, Carma Hassan and Ethan Cohen contributed to this report."
13,"{'id': 'cnn', 'name': 'CNN'}",,Cuomo teases brother with giant test swab,"CNN's Chris Cuomo jokes with his brother, New York Gov. Andrew Cuomo, about the size of his nose. On May 17, the governor was tested for Covid-19 on live television to encourage others to get tested.",https://www.cnn.com/videos/politics/2020/05/21/chris-andrew-cuomo-swabs-test-joke-cpt-vpx.cnn,https://cdn.cnn.com/cnnnext/dam/assets/200520214011-chris-andrew-cuomo-giant-swab-super-tease.jpg,2020-05-21T01:49:11Z,Chat with us in Facebook Messenger. Find out what's happening in the world as it unfolds.
14,"{'id': 'cnn', 'name': 'CNN'}",,How Russia descended into a coronavirus hell,"Russia's Covid-19 coronavirus cases have jump after previously saying they had the virus under control. Now, they are turning to the global community for help. CNN's Matthew Chance reports.",https://www.cnn.com/videos/world/2020/05/20/russia-coronavirus-us-aid-chance-pkg-cnni-lead-vpx.cnn,https://cdn.cnn.com/cnnnext/dam/assets/200520174331-us-russia-aid-chance-pkg-super-tease.jpg,2020-05-20T22:04:20Z,Chat with us in Facebook Messenger. Find out what's happening in the world as it unfolds.
15,"{'id': 'cnn', 'name': 'CNN'}","Kristen Holmes and Veronica Stracqualursi, CNN",CDC to resume regular coronavirus briefings after being sidelined by White House,The Centers for Disease Control and Prevention will resume its regular briefings on Covid-19 following a three-month hiatus during which the nation's top health agency became less visible in an unprecedented crisis.,https://www.cnn.com/2020/05/30/politics/cdc-coronavirus-briefings-resume/index.html,https://cdn.cnn.com/cnnnext/dam/assets/200408204319-cdc-robert-redfield-0408-super-tease.jpg,2020-05-30T17:27:12Z,"(CNN)The Centers for Disease Control and Prevention will resume its regular briefings on Covid-19 following a three-month hiatus during which the nation's top health agency became less visible in an unprecedented crisis.
The decision to restart the CDC briefings comes as the death toll has reached a grim milestone of more than 103,000 and the White House has been under fire as of late for sidelining the Trump administration's health experts on its own coronavirus task force.
The CDC held a briefing Friday in which director Robert Redfield defended the agency's surveillance for the coronavirus and denied that it missed the spread of the virus across the country.
That session was the first of the resumption of the CDC's regular press briefings, a senior Health and Human Services official told CNN. 
The last of the regular briefings was March 9, shortly after a top CDC official warned that coronavirus would rapidly spread in the US, while the White House was downplaying the seriousness of it.
When the CDC conducted its regular briefings -- at times daily and then several times a week -- it included extensive question-and-answer sessions between reporters and the agency's medical experts.
The comments from Dr. Nancy Messonnier, director of the CDC's National Center for Immunization and Respiratory Diseases, sent the stock market tumbling and in turn angered President Donald Trump.
Sources had told CNN that the trust issues between the CDC and White House trace back to the CDC's botched effort to distribute testing in early February, when contamination in the lab led to long delays. The relationship further soured after Messonnier's comments at the March 9 CDC briefing.
Significant tension between the White House and CDC has increasingly built over guidelines on how to reopen the country and how the government tracks data on the virus.
In interviews with CNN, CDC officials said they've been ""muzzled"" and that their agency's efforts to mount a coordinated response to the Covid-19 pandemic were hamstrung by a White House whose decisions are driven by politics rather than science.
Earlier this month, CNN reported the Trump administration shelved CDC-drafted guidelines to reopen the US, which were strict and more detailed than the White House's own road map toward a return to normal.
Trump has aggressively pushed for states to reopen even when they don't necessarily meet the parameters set out by his task force, whose meetings have been sharply curtailed.
The doctors on the task force, including Deborah Birx and Anthony Fauci, have appeared in public less and less as the country begins to reopen, despite fears of a potential resurgence.
During an interview with STAT in April, when it was pointed out that the CDC hadn't held a briefing in a month, Redfield was asked if he feared the CDC was being sidelined at a crucial moment.
""No, I wouldn't say that at all. I think we're fully engaged in all of the decisions,"" he told the health news site, adding, ""We're at the task force meeting every single day. We're giving our public health guidance and our recommendations.""
CNN's Nick Valencia, Kevin Liptak, Jacqueline Howard, Robert Kuznia, Curt Devine contributed to this report."
16,"{'id': 'cnn', 'name': 'CNN'}",,GOP governor fought back tears while discussing masks,"Governor Doug Burgum (R-ND) fights back tears discussing masks during his daily press briefing about coronavirus, saying that those wearing masks during the Covid-19 pandemic may not be doing so for political reasons.",https://www.cnn.com/videos/politics/2020/05/23/north-dakota-governor-briefing-masks-sot-vpx.cnn,https://cdn.cnn.com/cnnnext/dam/assets/200523100517-north-dakota-governor-doug-burgum-super-tease.jpeg,2020-05-23T14:07:39Z,Chat with us in Facebook Messenger. Find out what's happening in the world as it unfolds.
17,"{'id': 'cnn', 'name': 'CNN'}","By <a href=""/profiles/fernando-alfonso-iii"">Fernando Alfonso III</a>, Melissa Macaya and Zamira Rahim, CNN","CDC forecasts 123,000 more deaths by June 20","The US coronavirus outbreak has altered daily life in almost every way. Here's the latest updates on US Covid-19 cases, deaths, reopenings, the government response, unemployment and more.",https://www.cnn.com/us/live-news/us-coronavirus-update-05-29-20/index.html,https://cdn.cnn.com/cnnnext/dam/assets/200213175739-03-coronavirus-0213-super-tease.jpg,2020-05-29T09:39:26Z,"As the US coronavirus death toll reached the grim milestone of more than 100,000 deaths this week, world health experts are concerned about new hot spots and the CDC is projecting 123,000 coronavirus deaths by June 20.
At least 1,721,750 people have been infected with coronavirus in the US and 101,617 have died, according to data from Johns Hopkins University. The US Centers for Disease Control and Prevention projects that by June 20 the death toll will reach about 123,000.
The projection is based on an ensemble forecast of more than a dozen individual forecasts from outside institutions and researchers. The projections show a possible range of 115,400 to 134,800 deaths before the end of next month.
""This week's national ensemble forecast indicates that the rate of increase in cumulative COVID-19 deaths is continuing to decline. Nevertheless, total COVID-19 deaths are likely to exceed 115,000 by June 20,"" the CDC says on its website.
Meanwhile, as Americans continue reopening their businesses and returning to public spaces after lockdowns to stop the virus's spread, the World Health Organization is still keeping an eye on hotspots in other parts of the world. 
Among them are Russia, Africa, the Americas, some countries in South Asia and a few countries in Europe, said Maria Van Kerkhove, technical lead for the WHO's coronavirus response.
Read more here."
18,"{'id': 'cnn', 'name': 'CNN'}","Madeline Holcombe, CNN","Florida, Arizona and Texas report record number of daily Covid-19 cases this week","Loosening restrictions and increasing public gatherings may make it seem as though the worst of the Covid-19 pandemic is over, but just this week Florida, Texas and Arizona set daily records for new cases.",https://www.cnn.com/2020/06/17/health/us-coronavirus-wednesday/index.html,https://cdn.cnn.com/cnnnext/dam/assets/200617015744-disney-springs-0616-restricted-super-tease.jpg,2020-06-17T07:48:37Z,"(CNN)Loosening restrictions and increasing public gatherings may make it seem as though the worst of the Covid-19 pandemic is over, but just this week Florida, Texas and Arizona set daily records for new cases.
The states are among 18 across the nation seeing increasing trends in new cases from one week to the next. More than 2 million people in the US have been infected with coronavirus and 116,962 have died, according to data from Johns Hopkins University. Health experts are warning that more infections and deaths are in store as states continue their reopening plans. 
Florida recorded almost 2,800 new coronavirus cases on Monday -- the highest number of new and confirmed cases in a single day the state has seen, according to the Florida Department of Health. Despite the increase, Gov. Ron DeSantis told reporters Tuesday that the state will not shut down. 
""We're going to go forward. We're going to continue to protect the most vulnerable,"" DeSantis said. ""We're going to urge, continue to advise, particularly our elderly population to maintain social distancing, avoid crowds.""
Arizona reached a record-high daily number of cases on Tuesday, as did Texas.
Texas Gov. Greg Abbott attributed the increase to an outbreak at an assisted living facility and delayed reporting.
But the state's hospitalization rate, a number officials monitor to ensure the healthcare system isn't overwhelmed, has been increasing as well.
Nationwide reopenings coupled with the flouting of personal safety measures has led researchers at the Institute for Health Metrics and Evaluation (IHME) at the University of Washington to increase their projections of Covid-19 deaths this summer.
""Unless we are effective at other things like wearing a mask, avoiding contact, it's going to pretty inexorably lead to the second wave,"" IHME Dr. Chris Murray told CNN's Anderson Cooper. 
 18 states are seeing upward trends in newly reported cases from one week to the next: West Virginia, California, Oregon, Nevada, Arizona, Montana, Wyoming, Texas, Oklahoma, Arkansas, Louisiana, Kansas, Alabama, Georgia, Florida, South Carolina, North Carolina and Hawaii.
 10 states are seeing steady numbers of newly reported cases: Washington, Utah, South Dakota, Mississippi, Indiana, Tennessee, Ohio, Alaska, Maine and Delaware.
 22 states are seeing a downward trend: Iowa, Idaho, Colorado, New Mexico, Nebraska, North Dakota, Minnesota, Missouri, Wisconsin, Michigan, Illinois, Kentucky, Virginia, Pennsylvania, Maryland, New Jersey, New York, Connecticut, Massachusetts, Vermont, New Hampshire and Rhode Island.
 One state, Michigan, has seen a decrease of at least 50%.
The second wave may be coming, but we aren't out of the first yet
Early on, it looked as though the finish line for the pandemic was the end of summer. And even though experts no longer see that as the case, many Americans are eager to return to a sense of normalcy.
""We may be done with the pandemic, but the pandemic is not done with us,"" Dr. Ashish Jha, director of the Harvard Global Health Institute said Tuesday. 
Murray expects a ""second wave"" to be begin late August, with the US reaching more than 201,000 coronavirus deaths by October 1. 
But rates of coronavirus cases in the US haven't yet dropped to a level low enough to call the first wave over.
As the virus spreads, it appears to be following highways, researchers from Children's Hospital of Philadelphia and the University of Pennsylvania said Tuesday.
People are leaving their homes now that more places are opening. As more people interact with others, the disease spreads, the researchers found.
Texas mayors want mandatory masks to mitigate the spread
Nine Texas mayors, including the top officials in Houston, Dallas, Austin and San Antonio, have urged the state's governor to require face masks to stop the virus from spreading in their cities.
""If mayors are given the opportunity to require face coverings, we believe our cities will be ready to help reduce the spread of this disease,"" the mayors said in a letter to Abbott. 
New research supports the case for wearing masks to reduce spread.
In a study reported Tuesday, researchers estimated between 230,000 and 450,000 cases of the virus were prevented in the states that enacted requirements for mask use between April 8 and May 15.
""The findings suggest that requiring face mask use in public might help in mitigating COVID-19 spread,"" wrote Wei Lyu and George Wehby, with the Department of Health Management and Policy at the University of Iowa's College of Public Health.
Also in hopes of mitigating spread, the nonprofit Resolve to Save Lives headed by former US Centers for Disease Control and Prevention Director Dr. Tom Frieden released a new contact tracing playbook Tuesday.
The guide will supplement CDC efforts to give local public health departments detailed guidance on how they can keep the virus from spreading further.
CNN's Dave Alsup, Jen Christensen, Shelby Lin Erdman, Pierre Meilhan, Raja Razek and Amanda Watts contributed to this report."
19,"{'id': 'cnn', 'name': 'CNN'}",,Laura Coates: This is proof that this country is in crisis,"CNN's Laura Coates slams the Trump administration and its coronavirus task force as the US sees the highest single day of new Covid-19 cases yet, with 40,173 new cases reported.",https://www.cnn.com/videos/us/2020/06/27/coates-monologue-pence-trump-coronavirus-ctn-vpx.cnn,https://cdn.cnn.com/cnnnext/dam/assets/200626222753-laura-coates-ctn-06262020-super-tease.jpg,2020-06-27T03:02:36Z,Chat with us in Facebook Messenger. Find out what's happening in the world as it unfolds.
