,source,author,title,description,url,urlToImage,publishedAt,content
0,"{'id': 'cnn', 'name': 'CNN'}",,Bob Costas: What pro sports will look like in the Covid era,"The Covid-19-abbreviated MLB and NBA seasons will finally begin in July, with no fans in the stands. A return to normalcy, or something weirder? Bob Costas says: both.",https://www.cnn.com/videos/tv/2020/06/27/costas-what-pro-sports-will-look-like-in-the-covid-era.cnn,https://cdn.cnn.com/cnnnext/dam/assets/200627102647-smr-costas-super-tease.jpg,2020-06-27T15:08:27Z,Chat with us in Facebook Messenger. Find out what's happening in the world as it unfolds.
1,"{'id': 'cnn', 'name': 'CNN'}",,Here's why this country didn't lock down,"Unlike its European neighbors, Sweden officials did not institute lockdown measures for the country to combat the Covid-19 epidemic. CNN's Phil Black takes a look at how that has affected the country's outbreak.",https://www.cnn.com/videos/world/2020/04/29/sweden-no-lockdown-update-phil-black-ebof-dnt-vpx.cnn,https://cdn.cnn.com/cnnnext/dam/assets/200424122148-04-sweden-coronavirus-0422-super-tease.jpg,2020-04-30T00:08:56Z,Chat with us in Facebook Messenger. Find out what's happening in the world as it unfolds.
2,"{'id': 'cnn', 'name': 'CNN'}",Opinion by Benjamin Corb,What happens when virus research funding gets political,The public health threat of the Covid-19 pandemic has made the American public acutely aware of the impactful work done by researchers funded by the National Institutes of Health.,https://www.cnn.com/2020/04/30/opinions/nih-daszak-coronavirus-funding-cut-opinion-corb/index.html,https://cdn.cnn.com/cnnnext/dam/assets/200430004336-donald-trump-0429-super-tease.jpg,2020-04-30T19:42:50Z,"Benjamin Corb is the public affairs director for the American Society for Biochemistry and Molecular Biology, which represents nearly 12,000 biomedical researchers in the United States and across the globe. He is also the president-elect of the Coalition for Health Funding, and serves on the board of directors of ScienceCounts. The opinions expressed in this commentary are those of the author; view more opinion articles on CNN.
 (CNN)The public health threat of the Covid-19 pandemic has made the American public acutely aware of the impactful work done by researchers funded by the National Institutes of Health.
Federally funded researchers from coast to coast and beyond are working feverishly to understand SARS-CoV-2, the virus that causes the disease. These scientists are racing to understand its makeup, its mechanism of entry into the human body, its characteristics outside the body and what existing therapies may help patients while a vaccine is being developed.
Why, then, did the NIH last week, as first reported by Politico, terminate a grant that supports leading research into how coronaviruses can be transferred from their natural host of bats to humans? 
The answer, it seems to me, is because Pete Daszak, the scientist who leads EcoHealth Alliance, the nonprofit biomedical research organization sponsoring the project, has collaborated with Shi Zhengli, a Chinese virologist at the Wuhan Institute of Virology in China. 
In confirming to CNN that the grant funding was terminated the NIH said it ""does not discuss details of the decision making process regarding specific grant awards,"" but made a point to list sub-awardees, including the Wuhan Institute of Virology. This leaves room for speculation, as the Politico piece suggests, that it may have been at the behest of -- or at least with a strong implied nudge -- from the Trump administration. 
The agency's budget is established by Congress and the institutes make their own funding decisions, as they are best positioned to understand costs and needs of the projects. But the decision to yank Daszak's funding follows a growing effort by some to place blame on China for this pandemic.
And earlier this month, President Donald Trump said that there may be funding cuts in the research after a reporter suggested that grant money had been given to the Wuhan lab. (According to Politico, Daszak has maintained that ""no fund from [the grant] have been sent to the Wuhan Institute of Virology, nor has any contract been signed."") 
Now that the President has seemingly made good on that promise, many scientists are deeply concerned. Meanwhile, NIH-funded researchers have been working hard to investigate the virus killing more Americans than the Vietnam War. 
Zhengli and Daszak, who I know of by reputation due to their impressive work, are virus hunters -- skilled experts seeking out coronaviruses and other diseases that could be transferable from bat populations to humans, the same disease vector scientists believe to be the genesis of the current outbreak. 
Combined, the researchers have collected thousands of samples and identified hundreds of new coronaviruses with the goal of preventing future pandemics. 
Daszak's credentials are impressive. He is a member of the National Academy of Medicine and in the past has advised the director of medical preparedness policy on the White House national security team.
His first five-year NIH grant on this topic began in 2014, after the usual competitive research funding process scientists across the country must navigate. Preliminary data are collected, hypotheses are generated, and proposals are written to share the research goals, methods, anticipated results.
These grants are then reviewed not by government bureaucrats but by fellow scientists, and often competitors, who are selected to serve on grant review panels because they are experts in the field. These review panelists understand the science in question and can evaluate the scientific merit behind the proposal. 
So rigorous is the process that last fiscal year, according to the NIH, more than 67,000 grant applications were received and only 22% were approved for funding. In FY2014, when Daszak was first funded, the success rate was only 20%. In 2019, Daszak submitted a proposal to extend his grant another five years, and the panelists found the research so promising that the NIH funded the grant to 2024. 
Included among the 20 scientific papers published from Daszak's initial grant is the discovery of how SARS coronaviruses enter cells -- a critical piece of information necessary for those working to develop Covid-19 therapeutics and vaccines.
According to Politico, in a letter to EcoHealth Alliance officials last Friday, Michael Lauer, the NIH deputy director for extramural research, stated that Daszak's research does not ""align with the program goals and agency priorities."" There has been no reported explanation from the NIH as to why the research no longer aligns with NIH priorities.
More than a million Americans have been diagnosed with Covid-19, and over 61,000 have died.
Yet, regardless of whether the Trump administration is responsible for the funding cuts, the President has expressed views that a well-respected scientist and expert on coronavirus research is no longer worthy of investment. How can that be possible?
It seems that Trump's desire to keep the spotlight on China's role in the pandemic has overridden scientific independence. And this mentality seems to be spreading. Last weekend, Republican Sen. Tom Cotton of Arkansas suggested Chinese students should come to America to study Shakespeare but not science, arguing that they ""go back to China... and design weapons and other devices that can be used against the American people.""
Has this growing jingoism influenced the decision to revoke Daszak's research grant? 
Politicizing peer-reviewed science is a dangerous threat to the independent American scientific enterprise and is the first step on a deeply concerning slippery slope.
If Daszak's research can be stopped by funding cuts at the whim of the President, what other research grants in the future will be pulled because of the left or right leanings of any future president? What damage would such a decision have on the world-leading productivity and reputation of the National Institutes of Health? 
Science must remain independent and nonpoliticized if it is to be trusted and productive during this pandemic crisis and beyond."
3,"{'id': 'cnn', 'name': 'CNN'}","Elizabeth Stuart, CNN",Here's how countries are getting children back to school,"Some nations are reopening classrooms that were closed by the Covid-19 pandemic. Here is how some of those schools look, which could provide clues for how we think our children will, one day, resume their education.",https://www.cnn.com/2020/05/07/world/coronavirus-education-how-schools-reopen-wellness/index.html,https://cdn.cnn.com/cnnnext/dam/assets/200507085634-vietnam-school-masks-super-tease.jpg,2020-05-07T15:44:53Z,"(CNN)Education is being reshaped around the globe in response to the coronavirus and how easily it can spread.
Most schools in the United States are closed for the rest of the academic year and plans for the fall are in flux, with the American Academy of Pediatrics and the Centers for Disease Control and Prevention making recommendations that include reduced hours, social distancing and extended dismissals.
In other countries, some schools are reopening classrooms. Here is how some of those schools look, which could provide clues for how we think our children will, one day, resume their education.
In South Korea, students won't all return at once. Third-year high school students will start back next week so they can make career and college decisions, Education Minister Yoo Eun-hae said.
Middle schools, elementary schools and kindergartens will be open by June 1, Yoo said.
Most of Vietnam's 22 million students returned to class Monday, after a monthslong closure, according to state media Vietnam News Agency (VNA). 
But online and televised classes will continue with new schedules and reduced in-person teaching, the report said.
In Austria, students will split into two cohorts to attend school every other day to allow for distancing, Education Minister Heinz Fassmann said, according to reports.
Israel is beginning a phased return over the next few weeks and setting a maximum limit of 17 students in each classroom.
The Ministry of Education told CNN that attendance was about 60% in the schools that did open earlier this week, possibly a sign that parents were nervous about sending their children back. 
Denmark, which was one of the first nations in Europe to close shops, restaurants and schools, has welcomed children back to class.
Desks are placed so students sit at least 2 meters or 6 feet apart.
Schools in Denmark are also having children eat lunch in their classrooms to avoid students gathering in larger groups. 
In Australia, the government has asked older or more vulnerable members of the school community to work from home if possible.
Germany is requiring social distancing for students in and out of classrooms, with some schools taping distance and direction markers on floors to keep people safely apart.
An elementary school in Hangzhou, China, helped children to keep their distance by making hats for them to wear in the classroom, the People's Daily reported.
Wherever children and teachers have been welcomed back to school, masks seem to be a near constant.
CNN's Isaac Yee in Hong Kong, Amir Tal and Andrew Carey in Jerusalem, Yoonjung Seo in Seoul, and Chandler Thornton in Atlanta contributed to this story."
4,"{'id': 'cnn', 'name': 'CNN'}",,How poop could help warn of the next coronavirus outbreak,German scientists hope that human excrement can help detect early traces of Covid-19. They say traces of the virus can be found in wastewater and could predict potential outbreak areas. CNN's Fred Pleitgen explains.,https://www.cnn.com/videos/world/2020/05/29/germany-excrement-sewage-coronavirus-early-detection-pleitgen-pkg-intl-hnk-vpx.cnn,https://cdn.cnn.com/cnnnext/dam/assets/200529153805-germany-excrement-sewage-coronavirus-early-detection-pleitgen-pkg-intl-hnk-vpx-00004514-super-tease.jpg,2020-05-29T09:02:00Z,Chat with us in Facebook Messenger. Find out what's happening in the world as it unfolds.
5,"{'id': 'cnn', 'name': 'CNN'}","By Tamara Hardingham-Gill, CNN",Which international destinations are reopening to tourists?,"Although most governments are still advising against ""nonessential"" international travel, a host of popular destinations are beginning to ease their Covid-19 lockdown measures and border restrictions and are moving toward welcoming tourists back.",https://www.cnn.com/travel/article/global-destinations-reopening-to-tourists/index.html,https://cdn.cnn.com/cnnnext/dam/assets/200527000843-destinations-reopening---santa-ponca-beach-in-calvia---getty-images-super-tease.jpg,2020-05-30T09:07:05Z,"Tamara Hardingham-Gill, CNNPublished 30th May 2020
(CNN) Although most governments are still advising against ""nonessential"" international travel, a host of popular destinations are beginning to ease their Covid-19 lockdown measures and border restrictions and are moving toward welcoming tourists back.
Earlier this month, the European Union unveiled an action plan to reopen its internal borders in time for summer, while countries such as Estonia, Latvia and Lithuania have formed ""travel bubbles,"" lifting restrictions for each other's citizens.
A number of Caribbean islands are preparing to open their doors to foreign visitors in June, while destinations such as Mexico and Thailand are planning to open up again region by region in the coming weeks.
If you're one of many travelers eagerly awaiting news on where you can travel to this year, here's a guide to the top destinations making plans to reopen, as well as some of those that are keeping their borders firmly closed for now. 
Cyprus is so keen to get its tourism industry back on track, officials are offering to cover the costs of any travelers who test positive for Covid-19 while on vacation in the Mediterranean island nation.
According to a letter shared with CNN, the Cypriot government will pay for lodging, as well as food, drink and medication for tourists who are taken ill with coronavirus during their visit.
The detailed plan was set out in a five-page letter issued to governments, airlines and tour operators on May 26.
Officials have also earmarked a 100-bed hospital for foreign travelers who test positive, while a 500-room ""quarantine hotel"" will be available to patients' family and ""close contacts.""
""The traveler will only need to bear the cost of their airport transfer and repatriation flight, in collaboration with their agent and/or airline,"" states the letter.
The news came shortly after Cyprus Transport Minister Yiannis Karousos announced hotels in the country will reopen on June 1, while international air travel will restart on June 9.
Once the destination reopens, visitors from only chosen countries will be allowed to enter.
Incoming flights from Greece, Malta, Bulgaria, Norway, Austria, Finland, Slovenia, Hungary, Israel, Denmark, Germany, Slovakia and Lithuania will be authorized first.
From June 20, Cyprus will also permit incoming flights from Switzerland, Poland, Romania, Croatia, Estonia and the Czech Republic. 
However, the list is to be expanded to include further countries in the coming months.
Travelers heading to Cyprus will need to provide a valid certificate proving they've tested negative for Covid-19, while they'll be subject to temperature checks on arrival as well as testing at random during the course of their trip.
The destination has already put measures in place to protect travelers and residents, such as ensuring hotel staff wear masks and gloves, regularly disinfecting sunbeds and keeping tables at restaurants, bars, cafés,and pubs at least two meters (6.5 feet) apart.
Bali has also been successful in containing its coronavirus outbreak, with less than 350 confirmed cases and, at the time of writing, a total of four deaths. 
The Indonesian island now hopes to welcome tourists back by October, provided its infection rates stay low.
Bali's economy is hugely dependent on tourism and visitor numbers have been rising in recent years, with around 6.3 million people visiting in 2019.
""The coronavirus has collapsed the Balinese economy ... it's been a steep drop since [mid-March] when social-distancing measures were put in place,"" Mangku Nyoman Kandia, a Bali tour guide, told ABC News in April. ""No tourist, no money.""
All foreign nationals, except for diplomats, permanent residents and humanitarian workers, are currently banned from Indonesia, and anyone entering the island must undergo a swab test and provide a letter stating they are free of Covid-19.
It's unclear what the entry requirements will be if restrictions are lifted later this year, or whether Bali will accept travelers from regions badly affected by the pandemic.
Thailand has long been among the top destinations for travelers, receiving close to 40 million foreign tourists last year.
However, visitors have been banned from entering the Southeast Asian country since March because of the pandemic.
While the number of cases here has been relatively low in comparison to other destinations -- Thailand has reported more than 3,000 confirmed cases and over 50 deaths -- officials aren't taking any chances when it comes to reopening the country.
""It is still dependent on the outbreak situation, but I think the earliest we may see the return of tourists could be the fourth quarter of this year,"" Yuthasak Supasorn, governor of the Tourism Authority of Thailand (TAT) told CNN Travel.
The governor went on to stress there will be limitations on who can visit the country and what regions they can go to once restrictions are relaxed.
""We are not going to open all at once,"" he added. ""We are still on high alert, we just can't let our guards down yet. 
""We have to look at the country of origin [of the travelers] to see if their situation has truly improved."" 
This effectively means Thailand is unlikely to open its borders to travelers from destinations that don't appear to have the coronavirus situation under control.
Those that are given permission to enter may be offered ""long-stay packages"" in isolated areas ""where health monitoring can be easily controlled,"" such as the remote islands of Koh Pha Ngan and Koh Samui.
However, Thailand's borders are firmly shut for the time being. 
The ban on incoming international commercial flights -- excluding repatriation flights -- was recently extended until June 30 and Phuket International Airport remains closed.
Like many other global destinations, Thailand is currently focusing on domestic tourism.
In fact, some resorts and hotels have already been given the go ahead to reopen -- Hua Hin, located about 200 kilometers (124 miles) south of Bangkok, being one of them.
Shopping malls, museums, markets and some tourist attractions have also been reopening their doors, with Bangkok's Grand Palace due to reopen on June 4.
France was the most visited country in the world before the coronavirus pandemic.
Now, like the rest of the EU, restrictions are currently in place on all nonessential travel from outside the Schengen Zone (a grouping of 26 countries which normally have open borders). 
Travelers who do enter the country, with the exception of EU citizens or arrivals from the UK, will be subject to a compulsory 14-day coronavirus quarantine until at least July 24. 
Although the government is slowly lifting lockdown measures, with car journeys of up to 100 kilometers now allowed and beaches beginning to reopen, officials have made it clear the country is in no hurry to ease border restrictions for international travelers.
""Since the start of the crisis, the closure of the borders is the rule, and the authorization to cross a border is the exception. 
""What is good for tourism is often good for France, what strikes tourism strikes France,"" he said during a news conference.
Although some businesses have been given permission to reopen, the country's hotels, bars, restaurants and cafés are to remain closed at least until June 2.
Even then, it's unlikely establishments in Paris, which has been marked as a coronavirus ""red zone"" by officials, will be allowed to open any time soon.
It was announced on May 29 that the country's most visited museum, the Louvre, will reopen July 6. 
""Tourism is facing what is probably its worst challenge in modern history,"" added Philippe. ""Because this is one of the crown jewels of the French economy, rescuing it is a national priority.""
He went on to state that residents can take holidays within France during July and August.
The country's hotels will be reliant on domestic tourism once they do reopen, as all signs suggest international travelers will not be able to enter for the foreseeable future.
""When the lockdown measures soften, French tourists are likely to want to stay close to home in the short term,"" a spokesperson for French hotel chain Accor told CNN Travel earlier this month.
""It will be the moment for them to rediscover their own country and we will be there to welcome them.""
Tourism accounts for almost 20% of Greece's gross domestic product, as well as one in five jobs, so it's perhaps no surprise the Mediterranean nation is angling to reopen to tourists as soon as it possibly can.
The European country, which managed to keep its coronavirus case numbers low by implementing a strict lockdown early on, plans to allow travelers back in on June 15.
""The tourism period begins on June 15, when seasonal hotels can reopen,"" Prime Minister Kyriakos Mitsotakis announced on May 20.
""Let us make this summer the epilogue of the [Covid-19] crisis,"" he added.
Mitsotakis went on to state that direct international flights to Greek destinations will slowly resume from July 1, and tourists will no longer be expected to take a Covid-19 test or go into quarantine on arrival.
However, Tourism Minister Haris Theoharis has indicated health officials will conduct spot tests when necessary.
""The tourism experience this summer may be slightly different from what you've had in previous years,"" Mitsotakis told CNN earlier this month.
""Maybe no bars may be open, or no tight crowds, but you can still get a fantastic experience in Greece -- provided that the global epidemic is on a downward path.""
Bars and restaurants have also been allowed to take up business again, while city hotels are scheduled to reopen on June 1, followed by seasonal hotels in July.
All international passengers had previously been required to take a Covid-19 test upon arrival or go into quarantine for 14 days.
Mitsotakis had suggested tourists would be required to undergo testing before their visit as a further precaution in the future, but it seems this is no longer the case.
Although nonessential travel to Germany is prohibited at present, the land of poets and thinkers intends to lift restrictions for EU countries from June 15, according to German Foreign Minister Heiko Maas.
Officials are also considering allowing entry to visitors from Turkey, the UK, Iceland, Liechtenstein, Norway and Switzerland, although a final decision is yet to be made.
The proposal was listed in a paper called ""Criteria for the Enabling of intra-European Tourism,"" which suggested the current travel warnings would be replaced by individual travel advice relating to each country. 
""The revitalization of tourism is important both for travelers and the German travel industry, as well as for the economic stability of the respective target countries,"" it reads.
The Austria/Germany land border is also reopening -- travel between Austria and Germany will be possible from June 15 -- and restrictions around the country are being relaxed.
While bars are still closed, restaurants began reopening on May 18, while hotels were permitted to open up again from May 29.
Mexico is aiming to welcome visitors back within weeks.
While the nation remains in lockdown, with hotels and restaurants yet to recommence business, officials are planning to reopen the country bit by bit in order to get things back on track.
""The target is domestic travelers first, followed by travelers from the US and Canada and then the rest of the world.
The border between the US and Mexico border is closed to ""nonessential"" travel until at least June 22 and most international flights in and out of Mexico's key airports are currently suspended or significantly reduced.
However, Delta Air Lines will be increasing and/or resuming various services from the US to Cancun, Mexico City Los Cabos and Puerta Vallarta in the coming weeks.
Quintana Roo, a state on the Caribbean side of Mexico that's home to the likes of Cancun, Playa del Carmen and Tulum, hopes to reopen in mid-June, according to Marisol Vanegas, the state's tourism secretary. 
""We want to revive tourism and expect to start opening sights and hotels sometime between June 10 and 15 but don't know which ones yet,"" she says. 
""It depends on what the federal government allows us to do.""
Rodrigo Esponda, managing director of the Los Cabos Tourism Board, says he hopes to be able to accept both international and domestic travelers by August and September.
However, beach destination Riviera Nayarit, situated north of Puerta Vallarta, currently has no immediate plans to bring back tourists, according to Richard Zarkin, the public relations manager for the Riviera Nayarit Convention and Visitors Bureau.
Turkey made over $34.5 billion from tourism in 2019, and the transcontinental country is eager to get back in business.
According to Tourism Minister Mehmet Nuri Ersoy, the destination plans to restart domestic tourism by the close of May and hopes to receive international visitors from mid-June.
The country has set out new guidelines for its hotels and resort facilities, such as temperature checks at entrances and at least 12 hours of room ventilation after checkout. Guests will be required to wear face masks and maintain social distancing.
""The more transparent and detailed information we give, the more we will earn the confidence of tourists,"" Tourism Minister Mehmet Ersoy told Reuters earlier this month while revealing plans to open around half of Turkey's hotels this year.
Meanwhile, restrictions on intercity travel have been lifted, while restaurants, cafes, parks and sports facilities are permitted to reopen from June 1, along with beaches and museums.
Istanbul's Grand Bazaar, one of the world's largest markets, is also preparing to reopen for the first time in two months on June 1.
Italy has been one of the destinations worst hit by the pandemic, but the hugely popular European country is keen to get its tourism industry up and running now that infection rates have slowed down.
Travelers from the EU, along with the UK and the microstates and principalities of Andorra, Monaco, San Marino and the Vatican, will be allowed to enter without having to go into quarantine starting June 3, in a move the government has described as a ""calculated risk."" 
""We have to accept it; otherwise, we will never be able to start up again.""
Visitors were previously required to undergo a two-week quarantine before being allowed entry.
All museums, including Rome's Vatican Museums, have been slowly reopening throughout May with strict social-distancing rules. Bars and restaurants were permitted to reopen with reduced numbers of diners as well as plastic shields to divide customers, on May 18.
Spain's lockdown was one of the toughest in Europe, but restrictions are gently being lifted. Beaches set to reopen in June while hotels in some parts of the country have already been permitted to resume business.
From July 1, the European destination, which welcomed a record 84 million visitors in 2019, will grant EU travelers permission to enter without having to quarantine for two weeks.
""Come July, we will allow the arrival of foreign tourists to Spain under safe conditions,"" Prime Minister Pedro Sánchez said at a recent news conference.
""We will guarantee that tourists are not at risk, and that they don't represent a risk (to Spain).""
While there's been little mention of opening borders to travelers beyond the EU, it's thought Spain is hoping to follow the lead of destinations such as Lithuania and the Czech Republic by establishing safe corridors, or a ""travel bubble,"" with nearby destinations that have managed to keep the outbreak under control.
""The issue of borders will be accompanied by the evolution of the health crisis.""
At present, it's mandatory for anyone 6 and older to wear face masks while in public, both indoors and outdoors, ""where it is not possible to maintain [an interpersonal] distance.""
It's already one of the most lavish destinations in the world, but the Maldives looks set to become even more expensive to visit once it reopens.
The island nation, made up of over 1,000 islands, closed its national borders and canceled all flights shortly after recording its first two coronavirus cases in March.
The Maldives has recorded around 1,457 confirmed cases and five deaths from Covid-19 so far.
According to Minister of Tourism Ali Waheed, the country could be in the position to receive tourists by the end of 2020.
""Within the next three months, the Maldives will become the first Covid-19 free country in the Asia region hopefully,"" during an online Maldivian parliament meeting.
""We are conducting surveys to begin safe tourism when we reach that road.""
A phased reopening has been proposed that would see private jets and super yachts allowed entry from June 1, charter flights and private jets will be charged a $50,000 landing fee.
The government has also issued a ""Safe Tourism License"" for tourist facilities that comply with government legislation and certain safety requirements, such as having a certified medic readily available and holding an ""adequate stock"" of PPE equipment.
Travelers who made the trip over will need to have a confirmed booking with a tourist facility with a ""Safe Tourism Licence,"" as well as a special $100 tourist visa available to those committed to spending a minimum of 14 days in the country.
Visitors will also need to present a valid medical certificate confirming they are Covid-19 free. 
The Maldives received more than 1.7 million visitors in 2019 and had been expected numbers to rise to two million in 2020.
St. Lucia is one of several Caribbean islands trying for a tourism comeback.
The tropical destination, which closed its orders to foreign travelers on March 23, is to begin its phased reopening on June 4, when it will lift it borders to visitors from the United States.
Those traveling to the country must present ""certified proof"" of a negative Covid-19 test taken within 48 hours of boarding their flight.
Visitors will also be subject to screening and temperature checks by port health authorities and must wear face masks and maintain social distancing during their visit. 
Officials are also bringing in new safety measures for taxis to separate drivers and passengers.
""Our new protocols have been carefully crafted and will build confidence among travelers and our citizens,"" Minister of Tourism Dominic Fedee said in a statement. 
""The government of Saint Lucia remains resolved to protect both lives and livelihoods as it jump starts its economy.""
Local businesses have also been allowed to reopen, provided they have appropriate cleaning measures and social distancing measures in place.
Details of the second phase of the island's reopening, which is to begin on August 1, will be announced in the coming weeks.
Portugal is still in the process of relaxing lockdown restrictions, allowing restaurants, museums and coffee shops to reopen at reduced capacity from mid-May.
But the European country is keen to revive its struggling tourism industry, with Foreign Minister Augusto Santos Silva recently declaring ""tourists are welcome.""
While visitors from outside the EU are banned until at least June 15, some routes in and out of Portuguese-speaking nations such as Brazil are still operating.
The land border between Portugal and Spain, which has been closed to tourists since March, is unlikely to reopen until EU travel restrictions are lifted.
""We are gradually going to start looking at easing border controls,"" Internal Affairs Minister Eduardo Cabrita said earlier this month.
Although the prospect of reopening to international tourists appears to be a little while off, officials are putting measures in place to ensure foreign travelers will feel confident to return once they're able to.
Rita Marques, the country's Secretary of State for Tourism, has launched a ""don't cancel, postpone"" scheme, allowing tourists to reschedule any pre-arranged holidays to Portugal until the close of 2021.
This is valid for all bookings made through accredited travel agencies, along with hotels or Airbnbs, for trips scheduled between March 13 and September 30, 2020.
In addition, national tourism authority Turismo de Portugal has created a free hygiene-certification stamp to distinguish ""Clean &amp; Safe"" tourism enterprises to increase visitors' confidence.
Businesses will have to comply with hygiene and cleaning requirements for the prevention and control of Covid-19 to receive the stamp, which is valid for one year.
According to Santos Silva, Portugal's airports will soon be introducing health checks for arrivals, but visitors will not be subject to a mandatory quarantine.
The Caribbean island of Aruba is planning to open its doors to travelers once again at some point between June 15 and July 1.
However, the visitor's bureau for the Caribbean island, which has reported just over 100 confirmed coronavirus cases, says this ""tentative"" date may change if Aruba opts to ""consider additional precautionary measures as needed."" 
Although there's no mention of any Covid-19 testing requirements for arrivals, tourists will be required to undergo temperature checks on arrival.
While nonessential businesses including shopping malls, cinemas, beauty salons and outdoor restaurants were allowed to reopen on May 25, the island country's 10 p.m. to 5 a.m. curfew remains in place.
This means such establishments are required to close by 10 p.m. every day.
In addition, the department of Public Health has introduced the ""Aruba Health &amp; Happiness Code,"" a mandatory cleaning and hygiene certification program for all businesses related to tourism in the country.
But the country was forced to close its winter resorts and place a ban on all foreign visitors back in March because of the crisis.
Eager to revive its tourism sector, the country's government says it plans to reopen to international travelers on July 1.
The next stage will allow for domestic travel in special ""safe"" tourism zones, while the final stage involves reopening borders and resuming some flights.
""[The] tourism sector will be first to which emergency relief measures will apply.""
While other destinations are relaxing travel restrictions and bringing in measures to lure travelers back, the UK is choosing to enact stricter regulations. 
Under the new rules, all arrivals will have to provide an address, at which they must remain for two weeks.
Those who break the rules will be subject to fines of up to $1,218.
The decision, which is to be reviewed every three weeks, has quashed any hopes of rescuing international tourism here in the coming weeks.
It's thought the move may discourage airlines from restarting flight operations swiftly, while officials have warned there's little chance of UK residents being able to go abroad this summer.
""I'm saying, right now you can't travel abroad,"" Transport Minister Grant Shapps said during a BBC television interview when asked whether UK citizens should book flights in July. 
""If you are booking it, you are clearly by very nature taking a chance of where the direction of this virus goes and therefore where the travel advice is in the future.""
At present, hotels are primed to open in early July, but as EU border restrictions are still in place, it's likely the UK will be focusing on domestic travel for now.
Luxury country house hotel Beaverbrook is one of many establishments eagerly waiting to be given the go ahead to open their doors again while implementing major changes to protect guests and staff.
""We're still awaiting further clarity from the government on when the hotel can reopen, but we have been working behind the scenes to adapt our operations to ensure extra safety for both our staff and guests when we do,"" a spokesperson from the Surrey hotel told CNN Travel earlier this month.
""All visitors and staff will be required to submit a temperature check on arrival and be asked to sanitize their hands when entering all buildings on the estate. 
CNN's Kocha Olarn, Karla Cripps, Shivani Vora and Elinda Labropoulou also contributed to this article."
6,"{'id': 'cnn', 'name': 'CNN'}","Paula Newton and Madeline Holcombe, CNN",Canada wants national sick leave plan in place for second wave of pandemic,Canadian Prime Minister Justin Trudeau says his government is trying to give all workers a minimum of 10 days paid sick leave per year as Canada starts to prepare for a second wave of the Covid-19 pandemic.,https://www.cnn.com/2020/05/26/americas/canada-coronavirus-national-sick-leave/index.html,https://cdn.cnn.com/cnnnext/dam/assets/200526005457-justin-trudeau-0501-restricted-super-tease.jpg,2020-05-26T07:08:41Z,"Ottawa, Canada (CNN)Canadian Prime Minister Justin Trudeau says his government is trying to give all workers a minimum of 10 days paid sick leave per year as Canada starts to prepare for a second wave of the Covid-19 pandemic. 
""Nobody should have to choose between taking a day off work due to illness or being able to pay their bills. Just like nobody should have to choose between staying home with Covid-19 symptoms or being able to afford rent or groceries,"" Trudeau said during a news conference in Ottawa Monday. 
As of Monday, Canada has reported more than 85,000 cases of coronavirus and 6,545 related deaths. 
For those infected, sick leave is usually a provincial jurisdiction, which complicates the national effort. 
Trudeau said putting the necessary mechanisms in place for a national paid sick leave program would be challenging, but his government and the provinces are determined to try. 
""When the Fall comes and flu season starts up we don't want people who develop a sniffle to suddenly worry that while they really shouldn't go into work but they can't afford to not go into work and therefore the risk of contributing to a wave significantly, could be a real problem,"" Trudeau said. 
Canada's top doctor repeated her assertion Monday that a second wave of the virus could be worse than the first and encouraged public health officials to build up capacity for testing, hospital beds and personal protective equipment in order to prepare. 
""I think you can never be overly prepared and we have to just keep going with some of these capacity developments and that goes for lab testing as well,"" said Dr. Theresa Tam, Canada's chief public health officer during a press conference Monday. 
In hopes of managing the spread of the virus into the country, Trudeau announced last week that the border with the United States will continue to be closed until at least June 21. Trudeau called the border, which has been closed since March 21, a clear point of ""vulnerability"" for Canada.
The prohibition of international travelers and quarantine of returning Canadians is the only thing that has allowed Canada to manage its first wave of coronavirus, Tam said."
7,"{'id': 'cnn', 'name': 'CNN'}",,Dr. Fauci says this is his 'worst nightmare',Dr. Anthony Fauci says that the Covid-19 outbreak is his 'worst nightmare' while Town Hall Ventures founder Andy Slavitt explains why Americans need to continue to be vigilant and combat the virus.,https://www.cnn.com/videos/health/2020/06/10/anthony-fauci-covid-worst-nightmare-sot-vpx-sot.cnn,https://cdn.cnn.com/cnnnext/dam/assets/200609234736-dr-anthony-fauci-restricted-super-tease.jpg,2020-06-10T04:12:43Z,Chat with us in Facebook Messenger. Find out what's happening in the world as it unfolds.
8,"{'id': 'cnn', 'name': 'CNN'}","Madeline Holcombe, CNN",Most states are not following CDC guidelines on reporting Covid-19 cases,At least 28 states are not following US Centers for Disease Control and Prevention guidelines on reporting new Covid-19 cases -- half of which saw the trend of new cases increasing in the last week.,https://www.cnn.com/2020/06/09/health/us-coronavirus-tuesday/index.html,https://cdn.cnn.com/cnnnext/dam/assets/200609021857-us-coronavirus-tuesday-0609-super-tease.jpg,2020-06-09T10:17:18Z,"(CNN)At least 28 states are not following US Centers for Disease Control and Prevention guidelines on reporting new Covid-19 cases --half of which saw the trend of new cases increasing in the last week.
Those states are not reporting probable cases, according to the daily case count listed on the CDC's website. Probable cases include those that show evidence of an infection without the confirmation of a lab test and cases where coronavirus was listed as a cause or contributing cause of death but are not confirmed with a lab test. 
Some of the states with the largest populations -- like California, Florida, New York and Texas -- are among those listed as not reporting probable cases, despite CDC guidance that they should be included in the case count. 
This comes as 26 states see an increased or steady rate of new cases. Accurate rates of new cases are among the metrics that help officials track how the disease is spreading in the US and make decisions about how to reopen and loosen restrictions put in place to mitigate its impact. 
More than 1.9 million Americans have been infected, and more than 111,000 have died in just over four months, according to data from Johns Hopkins University.
Though coronavirus reporting guidelines are voluntary, states not reporting probable cases likely undercount the number of people infected and make it difficult for officials to get the true picture of where the nation stands in the midst of a pandemic that has rocked almost every aspect of life. 
How will students go back to school?
Schools have been especially upended, with students across the country not having been on campus in months.
While many local governments have expressed that the path forward for the fall is unclear, North Carolina and California have released guidelines for reopening schools.
Though California's 1,000 school districts will make theirown decision about how and when to resume in-classroom learning, the state's Department of Education released a 62-page guidebook Monday to help them plan ahead of time.
The guide gives options for staggered schedules, ongoing distance learning, and models that combine both. It also directs educators to teach proper handwashing and limits the number of students allowed on buses to prevent the virus from breaking out in schools. 
""This guidance is only as good as what's implemented,"" State Superintendent Tony Thurmond said in a press conference. ""We expect it will be adjusted as we go.""
North Carolina Gov. Roy Cooper also released health guidance for reopening schools Monday, telling reporters that this school year will be unlike any other.
""Students and staff will be screened for illness before they enter the school. Children will be asked to stay distant from classmates. They won't be sharing pencils or textbooks and there will be a lot of cleaning,"" he said.
Openings will be dependent on health metrics, he said. But North Carolina Secretary of Health and Human Services Dr. Mandy Cohen said during a press conference Mondaythat she's concerned the state's positive tests are among the highest in the nation.
""These trends moving in the wrong direction is a signal we need to take very seriously,"" Cohen said.
California takes steps back toward normal 
While North Carolina is seeing cases rise, California -- with trends holding steady -- is beginning to reopen some recreational sites.
The state, which has been among those most affected, has 
Yosemite National Park, which has been off limits to visitors since March 20, will reopen to the public Thursday.
It will aim to admit only half of its average visitor rate, beginning by allowing 1,700 vehicle passes each day, according a statement from park spokesman Jamie Richards.
""There is no place like Yosemite, and we can't wait to welcome visitors back,"" said Acting Superintendent Cicely Muldoon. ""It's going to be a different kind of summer, and we will continue to work hand in hand with our gateway communities to protect community health and restore access to Yosemite National Park.""
As early as Friday, indoor California movie theaters may reopen, according to guidance from the California Department of Public Health (CDPH) released on Monday.
Theaters are required to limit attendees to 25% of capacity or a maximum of 100 attendees, whichever is lower.
Theaters will also need to reconfigure seats to ensure physical distancing between moviegoers, who must wear face coverings when not eating or drinking to mitigate virus spread, the guidance says. 
Concerns raise in new states
As many of the hardest hit states begin to recover from the pandemic, cases rise elsewhere.
Vermont, where new cases are increasing, had an outbreak reported Friday with at least 62 people infected near Winooski, Vermont Health Commissioner Dr. Mark Levine said. Dozens of children were among those infected, and more than 1,000 people in the state went to get tested following the outbreak, Levine said. 
Vermont State Epidemiologist Patsy Kelso said the outbreak was spread by friends and relatives, and through contact tracing it appears to be well-contained.
In Utah, state Rep. Suzanne Harrison called a recent spike of cases ""very concerning (and) approaching exponential."" The positive test rate doubled from one day to the next to 18.5%, she tweeted over the weekend.
""When you're away from home, please avoid close contact with others, and wear a mask when other social distancing measures aren't feasible,"" the Utah Department of Health tweeted.
In the last week, Texas and Arizona have seen spikes in cases, with both reporting more than 1,000 new cases in one day. 
Several universities have also reported new cases within their athletic programs -- including Arkansas State University, Auburn University and Oklahoma State University.
CNN's Jennifer Henderson, Carma Hassan, Jen Christensen, Holly Yan and Christina Maxouris contributed to this report."
9,"{'id': 'cnn', 'name': 'CNN'}",,"He's burying more bodies, but his government denies it's Covid-19","Residents of the Nigerian state, Kano, are watching as deaths increase without an official cause. The government has pledged to increase testing for Covid-19, but local officials fear valuable time has been lost in the containment battle. CNN's David McKenzie…",https://www.cnn.com/videos/world/2020/04/30/nigeria-kano-deaths-mckenzie-pkg-vpx.cnn,https://cdn.cnn.com/cnnnext/dam/assets/200430133906-kano-nigeria-pkg-vpx-super-tease.jpg,2020-04-30T18:20:05Z,Chat with us in Facebook Messenger. Find out what's happening in the world as it unfolds.
10,"{'id': 'cnn', 'name': 'CNN'}","Alicia Lee, CNN","Customer leaves $1,300 tip to support restaurant on day it reopened after Covid-19 shutdown","The lights were on and tables set at Frog & The Bull on Friday, as the restaurant in Austin, Texas, welcomed back customers to its dining area",https://www.cnn.com/2020/05/03/us/tip-austin-texas-restaurant-coronavirus-trnd/index.html,https://cdn.cnn.com/cnnnext/dam/assets/200503192343-tip-austin-texas-restaurant-coronavirus-trnd-super-tease.jpg,2020-05-04T01:18:54Z,"(CNN)The lights were on and tables set at Frog &amp; The Bull on Friday, as the restaurant in Austin, Texas, welcomed back customers to its dining area
It was already an unforgettable day for owner David Fernandez, who for weeks had looked forward to reopening after the coronavirus stay-at-home order was lifted. 
But one customer's welcome back gift made the restaurant's return even more special for Fernandez and his employees. 
A man and his family, who had visited the restaurant before, on Friday ordered a filet mignon, scallops, grilled steak and other items. The check came out to a hefty $337. But then the customer asked his server to double charge him. 
The server, 18-year-old Josh Pikoff, had never received such a request, so he brought out Fernandez to help. 
""He said charge me double for everything and I asked, 'Are you sure?' Fernandez recalled. ""He said, 'yes.'
But after the customer received his updated check with the double charge, he then added a $300 tip for Pikoff and another $1,000 ""for the house,"" according to a picture of the check. His total came out to be $2,029. 
""I was really shocked at first because I didn't understand why he was giving it to me,"" Pikoff told CNN. ""But he said that he was extremely grateful that we were open and putting ourselves at risk to serve the community."" 
""I didn't really know what to say,"" Fernandez told CNN. ""It was extremely generous and I was just so wowed by it.""
The Frog &amp; The Bull, an Iberian-inspired tapas restaurant, wasn't even five-months-old when the coronavirus pandemic led to an early closure on St. Patrick's Day. 
Like most of the restaurant industry in the US, the restaurant was hit hard due to the coronavirus crisis, and Fernandez had to lay off most of his employees. 
The skeleton staff tried to keep the restaurant going with a carryout and delivery menu. But the momentum the restaurant had gained in its first five months was lost, and Fernandez said he and his staff were ""scraping for survival, literally from payroll to payroll.""
""We literally overnight reinvented ourselves from an upscale casual dining establishment into what I told my executive chef had to be a badass food truck without wheels,"" Fernandez said.
So when Texas' stay-at-home order expired on April 30 and establishments started opening back up Friday, Fernandez was excited. 
""We were well prepared to deal with all the advisories,"" he said. ""For example, we can only seat 25% max capacity so we have a very strict seating scheme that's timed out to keep people safe."" 
The extra money from the generous customer will help the restaurant get back on track with its bills, Fernandez said. 
While he doesn't know any further details about the customer, Fernandez said he will make sure the customer is well taken care of the next time he comes around."
11,"{'id': 'cnn', 'name': 'CNN'}",,Pence will not isolate after aide tests positive for Covid-19,"Vice President Mike Pence does not plan to self-quarantine after his press secretary tested positive for coronavirus, according to the Vice President's office.",https://www.cnn.com/videos/politics/2020/05/10/mike-pence-coronavirus-quarantine-sot-vpx.cnn,https://cdn.cnn.com/cnnnext/dam/assets/200417164139-01-pence-0413-super-tease.jpg,2020-05-10T23:32:19Z,Chat with us in Facebook Messenger. Find out what's happening in the world as it unfolds.
12,"{'id': 'cnn', 'name': 'CNN'}",Opinion by Derrick Johnson,"Opinion: When it comes to Covid-19, another case of white flight","Derrick Johnson, the president and CEO of the NAACP, writes that the coronavirus pandemic and worldwide lockdowns may be new to the globe, but the racial dynamics underlying our nation's response are wearyingly familiar.",https://www.cnn.com/2020/05/11/opinions/covid-19-case-white-flight-johnson/index.html,https://cdn.cnn.com/cnnnext/dam/assets/200511182105-michigan-capitol-prostest-0430-super-tease.jpg,2020-05-12T00:04:47Z,"Derrick Johnson is the president and CEO of the NAACP, America's largest civil rights organization. Follow him on Twitter @DerrickNAACP. The views expressed in this commentary are those of the author. View more opinion on CNN.
 (CNN)For a minute there, it looked like we were all in this together. And then we weren't.
From embracing stay-at-home orders to stop the spread of Covid-19, we've come to see armed protesters storm state capitols to end the lockdown. Why has the attitude toward the pandemic crisis shifted so greatly?
Data emerged that, for the first time, specified infection and death rates by race -- and the face of the pandemic changed. It became Black. And the fragile sense of social solidarity that was keeping millions of Americans at home to protect themselves and each other began to crumble.
Throughout the 20th century -- and even today -- as Black people moved into previously segregated neighborhoods, the existing white residents moved out in large numbers. The coronavirus pandemic and worldwide lockdowns may be new to the globe, but the racial dynamics underlying our nation's response are wearyingly familiar.
I was not surprised to learn that Black people are the hardest-hit by the virus or the least-served by the institutions, systems, and leaders charged with addressing the pandemic. African Americans, who comprise 13% of the US population, make up nearly 28% of Covid-19 cases. 
We knew that people of color are overrepresented in poorly paid but suddenly essential frontline jobs, that African Americans are more likely to live in crowded housing making social distance difficult. We recognized that Black people tend to live in highly polluted neighborhoods resulting in higher rates than white people of the respiratory conditions that make patients most vulnerable to dying from Covid-19.
It wasn't a surprise to many of us that the shortage of hospitals and health care providers serving our communities, combined with the biased assumptions that lead doctors to undertreat Black people's pain and heart attacks, would result in African Americans finding it harder to get tested and treated. 
And we knew that as soon as the pandemic became racialized, many Americans would no longer be willing to make sacrifices in order to address a crisis that suddenly seemed to be not about ""us"" but about ""them."" 
Take a look at the timeline. On April 8, the the Centers for Disease Control and Prevention released a report showing that Black people were dramatically over-represented among Covid-19 patients sick enough to be hospitalized.
Five days later, on April 13, a small but furious group of protesters, virtually all white, some wearing MAGA hats, gathered outside the Ohio statehouse to demand Gov. Mike DeWine reopen the state.
It didn't stop there. From Texas to North Carolina the protesters gathered -- organized by right-wing groups and supported by Republican legislators, including the president -- many wearing Trump gear, and some displaying Confederate flags and brandishing automatic weapons. The same scene repeated on April 30 in Michigan, when armed protesters stormed the state house and tried to push their way in. 
A Fox Nation host likened the nation's stay-at-home orders to ""willful slavery"" in a since-deleted tweet. A state senator in Michigan made the connection eloquently but silently, by wearing onto the legislative floor a face mask that resembled the Confederate flag.
This racialization of public events is nothing new. From former President Richard Nixon's war on drugs, which a top aide later acknowledged was designed to criminalize Nixon's ""two enemies: the antiwar left and black people;"" to former President George H.W. Bush's use in 1988 of the infamous ""Willie Horton"" campaign ad, which became the very definition of a racist dog whistle; to the Russians swamping social media with posts about the Black Lives Matter movement in order to drive white voters to Trump in 2016, racist scare tactics have long been used to pit Americans against one another. During this pandemic, racism has already been weaponized to splinter any national unity. 
Lives and livelihoods are at stake, most acutely in Black and brown communities -- but so is our democracy. We are seeing high levels of scarcity, with extreme unemployment numbers, while the nation's chief executive uses his bully pulpit to sow division and demonize otherness. With the elections approaching, our country could sink to a level of tribalism that leads to violence. 
We could make this another instance of white flight -- from public health realities, from collective responsibility, from the recognition that the pandemic imperils people of all colors and communities. Or we could answer the call to rise together and fight the pandemic, using science and reason as our guides and democracy as our beacon.
Our nation's fractured history does not need to be our destiny. As the virus burns through our communities, upending life as we knew it, let's take this chance to reject the habits of hatred and move forward together, rebuilding our country and a future in which health and economic mobility are within reach for us all."
13,"{'id': 'cnn', 'name': 'CNN'}",,Hear how NASA switched up her landing protocol due to Covid-19,NASA astronaut Jessica Meir just returned to Earth to find a world now transformed by the coronavirus. Meir shares details about how she is transitioning into a new normal.,https://www.cnn.com/videos/us/2020/05/03/us-astronaut-orbit-pandemic-spread-vpx.cnn,https://cdn.cnn.com/cnnnext/dam/assets/200503185009-nasa-astronaut-super-tease.jpg,2020-05-03T22:52:58Z,Chat with us in Facebook Messenger. Find out what's happening in the world as it unfolds.
14,"{'id': 'cnn', 'name': 'CNN'}",,"For many here, Covid-19 means gambling between life or livelihood","On the outskirts of Sao Paulo, Brazil, residents say they can't afford to stop working, even if it means risking their lives. CNN's Shasta Darlington reports.",https://www.cnn.com/videos/world/2020/05/13/brazil-sao-paulo-covid-19-coronavirus-favela-social-distancing-darlington-pkg-intl-ldn-vpx.cnn,https://cdn.cnn.com/cnnnext/dam/assets/200513100239-brazil-sao-paulo-covid-19-coronavirus-favela-social-distancing-darlington-pkg-intl-ldn-vpx-00002914-super-tease.jpg,2020-05-13T09:04:52Z,Chat with us in Facebook Messenger. Find out what's happening in the world as it unfolds.
15,"{'id': 'cnn', 'name': 'CNN'}",Opinion by Henk Ovink,"Opinion: For many, the first line of defense against Covid-19 is out of reach","Washing your hands frequently, with plenty of water and soap, is one of the simplest and most effective measures to stop the spread of the coronavirus. Yet due to a lack of water supply and indoor plumbing, three-quarters of households in the developing world…",https://www.cnn.com/2020/05/23/opinions/for-many-the-first-line-of-defense-against-covid-19-is-out-of-reach/index.html,https://cdn.cnn.com/cnnnext/dam/assets/200409104732-02-coronavirus-imf-developing-countries-super-tease.jpg,2020-05-23T17:22:40Z,"Henk Ovink is Special Envoy for International Water Affairs, Kingdom of the Netherlands, and Sherpa to the United Nations High Level Panel on Water. The views expressed in this commentary are his own. View more opinion at CNN.
 (CNN)Washing your hands frequently, with plenty of water and soap, is one of the simplest and most effective measures to stop the spread of the coronavirus. Yet due to a lack of water supply and indoor plumbing, three-quarters of households in the developing world won't be able to follow this advice, Tim Wainwright of the nonprofit WaterAid told The Guardian, because they lack some place to wash with soap and water. How will they cope when the pandemic escalates and there is no clean water to help stop contagion?
This is not a faraway problem. The pandemic may be raging in Europe and the US, but it is spreading across Asia, Africa and Latin America, from where it may yet return to strike the Northern Hemisphere again. This pandemic is a global threat, and it will not be defeated until our most vulnerable communities are safe. One of the crucial ways of keeping them safe is to ensure they have access to safe water and sanitation; never has the sixth UN Sustainable Development Goal, which aims to ensure just this by 2030, been more vital for saving and protecting lives. 
Here is the scale of the problem: Every year, 1.5 million young children die of preventable infectious diseases such as diarrhea because of poor sanitation, according to UNICEF. One out of every three humans on our planet -- some 2.2 billion people -- lack access to safe drinking water, and six out of 10 lack access to proper sanitation, meaning toilets or safely managed sewage systems. Residents of the Kibera slum in Nairobi, Kenya, can share one pit latrine with over 100 people. In Dharavi, Asia's largest urban slum located in Mumbai, India, 80% of its seven million residents have no running water, the National Observer has noted. What hope do they have of washing their hands frequently?
Even before Covid-19 struck, the UN called water scarcity ""the scourge of the earth."" Because of climate change and the depletion of fresh water resources, two-thirds of humanity could be living in water-stressed areas (facing water shortfalls not as severe as those deemed water ""scarce"") just five years from now, according to UN projections. Two years ago, Cape Town in South Africa came perilously close to ""Day Zero"" -- the day its 3.7 million residents would run out of water. Strict water rationing has been the order of the day ever since. Water scarcity increases the burden on the poorest of the poor -- women who must walk for miles to find water and carry it back to their homes. And, of course, water scarcity makes the challenge of delivering clean water and sanitation much more complex.
 The problem, shockingly, is not confined to poor countries. More than two million Americans live without running water, indoor plumbing or wastewater treatment, according to the nonprofits Dig Deep and the US Water Alliance. A report by Food &amp; Water Watch found that, in 2016, 15 million Americans had their water shut off due to an inability to pay water bills -- one out of every 20 households across the country. The US neither provides a constitutional right to water nor recognizes the UN Human Right to Water and Sanitation.
The truth is that in every country, water infrastructure -- where it is present -- is deteriorating. Underinvestment in water networks and treatment facilities has been the norm for decades. We are a long way off being able to meet the UN's water goals for 2030.
But investing in clean water infrastructure saves lives, and we must seize this moment to ramp up investment in safe water and sanitation. Spending on water is not just the right thing to do; it's also the smart thing to do.
The World Resources Institute estimates that it would cost just over 1% of global GDP to invest in the infrastructure required to provide clean water for all countries by 2030. By contrast, diseases linked to contaminated water cost many countries up to 5% of GDP due to poor health and lost productivity.
According to the UN, every $1 invested in safe drinking water in urban areas yields more than $3 in saved medical costs and added productivity, on average. For every $1 invested in basic sanitation, society makes $2.50 back. The return is higher in rural areas, with $7 gained or saved for every $1 invested in clean drinking water.
If countries have neglected to invest in their water security up to now, it is mostly because they have not seen it as a priority, either from a health or economic point of view. Covid-19 changes that equation. The human and economic cost of a pandemic aggravated by water scarcity could be catastrophic. 
Without clean water and proper sanitation, we will not be able to combat the spread of the new coronavirus. Like Covid-19, water scarcity is a global problem that needs collective action. Never has there been a more urgent time to address the world's water crisis."
16,"{'id': 'cnn', 'name': 'CNN'}","Dr. Sanjay Gupta and Nicole Chavez, CNN",This machine became his last chance for survival while fighting Covid-19,Doctors in Arizona doubted that Dr. Karl Viddal was going to make it. The ventilator was running at its highest setting and still wasn't enough for his lungs.,https://www.cnn.com/2020/05/27/health/coronavirus-ecmo-patient/index.html,https://cdn.cnn.com/cnnnext/dam/assets/200526173339-01-ecmo-coronavirus-patients-super-tease.jpg,2020-05-27T13:10:27Z,"(CNN)Doctors in Arizona doubted that Dr. Karl Viddal was going to make it. The ventilator was running at its highest setting and still wasn't enough for his lungs. 
The 46-year-old family medicine physician was sick with Covid-19 when he was admitted to a Phoenix hospital in March and his condition quickly got worse. They sedated him, put him on a ventilator and tried placing him on his stomach -- a method known as prone positioning, which has helped some coronavirus patients -- but nothing was working. 
With nothing else to try, doctors turned to extracorporeal membrane oxygenation or ECMO, a complicated technique that's not widely available in the United States. 
The ECMO machine, often called the ""highest form of life support,"" uses a pump to circulate a patient's blood through an artificial lung. The artificial lung adds oxygen and takes out carbon dioxide before the blood is returned to the patient. ECMO helps provide enough oxygen to a patient while allowing time for the lungs or heart to rest and heal.
The process is challenging and increases the patient's risk for clotting and bleeding, but doctors in the United States and around the world are using it to treat some severe cases of Covid-19.
""I'm pretty sure (that) without ECMO, he wouldn't be with us today,"" said Dr. Ross Bremner, who treated Viddal at St. Joseph's Hospital and Medical Center. 
'He most likely would have died,' doctor says
Viddal, a father of three, considered himself an active and healthy person. He had his gall bladder removed and suffered a common cold once in a while, but he never imagined he would spend nearly two months hospitalized. 
After returning from a trip to Colombia, Viddal developed a cough. Within days, he had difficulties breathing and developed a fever. He became worried and went to the hospital after he checked his oxygen levels and they kept dropping.
""I was taking shallow breaths,"" Viddal said. ""I was hoping that I would recover and it would resolve (itself).""
Viddal says he was intubated one or two days after he was admitted in the hospital. But no one knew he had Covid-19 for some time. 
He says he tested negative for the virus three times when they used nasal swabs and finally tested positive when doctors took a sample from his lungs. Bremner, the executive director for the Norton Thoracic Institute at St. Joseph's, says the virus had moved to Viddal's lungs.
Viddal was placed on the ECMO machine for 16 days, Bremner says, and developed other complications, including blood clots, bleeding from his main airway, tension pneumothorax -- a dangerous accumulation of air -- and deep vein thrombosis. 
""It was really a tough situation,"" Bremner said. ""We know that, you know, about half of the patients who go on ECMO for Covid (19) don't survive and he certainly had many brushes with death.""
By the time Viddal was taken off the ECMO machine and the ventilator, he had lost 50 pounds and could barely move. Despite everything, he says he didn't have heart, kidney or liver damage. 
""I feel truly blessed that I was able to get onto that intervention to help save my life,"" Viddal said.
More patients are being treated with ECMO
At the time, Viddal was only the second Covid-19 patient in Arizona to be placed on ECMO therapy, according to the Dignity Health hospital system. 
Bremner said his team had mostly used the ECMO machine for organ transplants and to treat some severe cases of H1N1 influenza.
""It's not that common to use ECMO in other viral illnesses,"" Bremner said. 
The Extracorporeal Life Support Organization, an international nonprofit consortium of health care institutions that evaluates therapies to support failing organ systems, has been tracking patients with severe cases of Covid-19.
So far, at least 1,006 people who tested positive for Covid-19 or are suspected of having the virus have been placed on an ECMO machine in hospitals worldwide, ELSO says.
Of the 260 patients in North America who have been put on an ECMO machine and then removed from it, 144, or 55% survived, the organization says.
The US Food and Drug Administration issued guidance in April to help expand the availability of equipment used for ECMO therapy for coronavirus patients. 
The agency says long-term extracorporeal oxygenation ""can be an important tool for treating patients"" and the FDA ""recognizes the importance and utility of increased availability of extracorporeal oxygenation devices for patients during the COVID-19 public health emergency.""
Meanwhile, the National Institutes of Health said it has not issued guidance about the routine use of this treatment, saying ""there is no conclusive evidence that ECMO is responsible for better clinical outcomes in patients who received ECMO than in patients who did not receive ECMO.""
CNN's Michael Nedelman contributed to this report."
17,"{'id': 'cnn', 'name': 'CNN'}",,Woman tests positive for Covid-19 twice. Hear what she has to say.,CNN's Brooke Baldwin speaks to a Colorado woman who tested positive twice for coronavirus. Dr. Celine Gounder weighs in on how this may have been possible.,https://www.cnn.com/videos/health/2020/06/24/woman-tests-positive-for-covid-19-twice-nr-baldwin-intv-vpx.cnn,https://cdn.cnn.com/cnnnext/dam/assets/200624161108-colorado-woman-positive-for-coronavirus-super-tease.jpg,2020-06-24T20:43:58Z,Chat with us in Facebook Messenger. Find out what's happening in the world as it unfolds.
18,"{'id': 'cnn', 'name': 'CNN'}",,Dana Bash likens Pence's Covid-19 briefing to 'Five o'clock follies',CNN's Dana Bash compares Vice President Mike Pence's remarks at the coronavirus task force briefing to the infamous Vietnam-era 'Five o'clock follies' where the government provided a version of events that were very different from the reality people were seei…,https://www.cnn.com/videos/politics/2020/06/26/pence-coronavirus-task-force-briefing-dana-bash-vietnam-era-bts-nr-vpx.cnn,https://cdn.cnn.com/cnnnext/dam/assets/200626153822-01-mike-pence-06-26-2020-super-tease.jpg,2020-06-26T21:00:42Z,Chat with us in Facebook Messenger. Find out what's happening in the world as it unfolds.
19,"{'id': 'cnn', 'name': 'CNN'}",,CNN follows contact tracers as they try to contain Covid-19,CNN's Arwa Damon follows a group of contact tracers as they try to track down and contain exposure to coronavirus in Turkey.,https://www.cnn.com/videos/world/2020/05/03/coronavirus-contact-tracing-turkey-arwa-damon-pkg-vpx.cnn,https://cdn.cnn.com/cnnnext/dam/assets/200503125354-contact-tracers-arwa-damon-pkg-super-tease.jpg,2020-05-03T17:14:16Z,Chat with us in Facebook Messenger. Find out what's happening in the world as it unfolds.
