,source,author,title,description,url,urlToImage,publishedAt,content
0,"{'id': 'techcrunch', 'name': 'TechCrunch'}",Brian Heater,Bezos details Amazon’s COVID-19 testing plans in shareholder letter,"Jeff Bezos dropped Amazon’s annual shareholder letter today, as the world struggles through the throes of a global pandemic. Naturally, the company’s response to the on-going COVID-19 crisis took center stage in the open letter, as the virus has impacted the …",http://techcrunch.com/2020/04/16/bezos-details-amazons-covid-19-testing-plans-in-shareholder-letter/,https://techcrunch.com/wp-content/uploads/2020/03/GettyImages-1177532678.jpg?w=578,2020-04-16T12:20:14Z,"Jeff Bezos dropped Amazons annual shareholder letter today, as the world struggles through the throes of a global pandemic. Naturally, the companys response to the on-going COVID-19 crisis took center stage in the open letter, as the virus has impacted the retailer giant at nearly every level. 
Among the meatier subjects detailed therein is more information on the Amazon-built testing labs that were announced last week. The executive notes in the letter that the company is considering regular testing of all Amazonians, including those showing no symptoms. The letter explains that, obviously, regular testing would be ideal to stop the diseases spread, as many cases are non-symptomatic. 
Its not entirely clear whether such testing would be mandatory, nor is it entirely clear where mandatory testing of employees showing no symptoms would fall legally. According to the U.S. Equal Employment Opportunity Commissions recently released ADA guidelines for the COVID outbreak, During a pandemic, ADA-covered employers may ask such employees if they are experiencing symptoms of the pandemic virus. For COVID-19, these include symptoms such as fever, chills, cough, shortness of breath or sore throat.
Of course, limited availability of testing has rendered the issue somewhat moot. What Amazon is building, however, is a testing lab designed specifically to test its own employees, in order to prohibit the viruss spread both within its own ranks and to the outside world. The company, after all, is a kind of retail lifeline for many Americans currently staying at home. Employees in at least 74 warehouse/fulfillment centers have tested positive for the virus, which is capable of living on cardboard for 24 hours and plastics for multiple days. The virus could potentially be transmitted through boxes and other surfaces. 
Weve begun the work of building incremental testing capacity, Bezos writes. A team of Amazoniansfrom research scientists and program managers to procurement specialists and software engineersmoved from their normal day jobs onto a dedicated team to work on this initiative. We have begun assembling the equipment we need to build our first lab and hope to start testing small numbers of our frontline employees soon. We are not sure how far we will get in the relevant timeframe, but we think its worth trying, and we stand ready to share anything we learn.
The company has also implemented temperature checks at its building globally, designed to determine employees who might be carrying the virus. Other safeguards include routine sanitization of surfaces, the distribution of masks and mandated social distance. 
Earlier this week it came to light that the company had fired two more employees who had been vocally critical of its handling of the crisis, bringing the total up to three, including a Staten Island employee who lost his job last month. The company denied that the firings were connected to their public criticism, instead insisting, We terminated these employees for repeatedly violating internal policies."
1,"{'id': 'techcrunch', 'name': 'TechCrunch'}",Kirsten Korosec,Amazon cancels re:MARS 2020 event amid COVID-19 outbreak,"Amazon has canceled re:MARS 2020, an annual AI event that focuses on machine learning, automation, robotics and space, over concerns about the COVID-19 pandemic. The event was scheduled to be held June 16 to 19, 2020 in Las Vegas. Organizers of the event said…",http://techcrunch.com/2020/03/13/amazon-cancels-remars-2020-event-amid-covid-19-outbreak/,https://techcrunch.com/wp-content/uploads/2020/03/Screen-Shot-2020-03-13-at-5.36.09-PM.jpg?w=764,2020-03-14T00:45:48Z,"Amazon has canceled re:MARS 2020, an annual AI event that focuses on machine learning, automation, robotics and space, over concerns about the COVID-19 pandemic. The event was scheduled to be held June 16 to 19, 2020 in Las Vegas.
Organizers of the event said in a statement on its website that the event will be cancelled and guests who purchased tickets will receive a full refund. Here’s the statement:
Thank you for your interest in re:MARS 2020. Our top priority is the well-being of our employees, customers, partners, and event attendees. We have been closely monitoring the situation with COVID-19, and after much consideration, we have made the decision to cancel re:MARS 2020. All guests who have purchased tickets will receive a full refund of registration fees. Hotel rooms booked through our conference website will be canceled free of charge. Over the course of the coming weeks, we will explore other ways to engage the community.
Amazon launched re:MARS in 2019 and last year featured founder and CEO Jeff Bezos, Landing AI founder and CEO Andrew Ng, actor and producer Robert Downey, Jr., MIT Media Lab researcher Dr. Kate Darling and Boston Dynamics founder Marc Raibert, and Zoox CEO Aicha Evans, among others.
COVID-19, a disease caused by a new virus that is a member of the coronavirus family and a close cousin to the SARS and MERS viruses. COVID-19 has caused governments and companies to cancel tech, business and automotive events around the world, including the NCAA March Madness basketball tournaments, professional sports games in the NBA  and NHL, the Geneva International Motor Show, MWC in Barcelona and the SXSW festival in Austin, Texas. Disneyland and California Adventure will close through the end of the month. On Friday, President Donald Trump declared a national emergency, a designation that allows the government to free up more federal resources that states can access as they respond to outbreak.
Amazon issued guidance Thursday in response to the COVID-19 outbreak recommending that global employees who are able to work from home to do so through the end of March.
We continue to work closely with public and private medical experts to ensure we are taking the right precautions as the situation continues to evolve, an Amazon spokesperson said in an email statement. As a result, we are now recommending that all of our employees globally who are able to work from home do so through the end of March.
Earlier this week, Amazon said it would provide two weeks of extra paid time off for full and part-time employees who are diagnosed with COVID-19 or placed into quarantine. The company said it will continue to pay all hourly employees, including food service, janitorial and security staff, who support its offices around the world."
2,"{'id': 'techcrunch', 'name': 'TechCrunch'}",Megan Rose Dickey,Lime pauses scooter operations in select markets amid COVID-19,"Lime is pausing its electric scooter operations in California and Washington, as well as throughout the countries of Italy, France and Spain to help keep riders safe during the COVID-19 pandemic. “Like you, we are worried about the cities we love and call hom…",http://techcrunch.com/2020/03/17/lime-covid-19/,https://techcrunch.com/wp-content/uploads/2019/06/1-4.jpg?w=600,2020-03-17T20:22:31Z,"Lime is pausing its electric scooter operations in California and Washington, as well as throughout the countries of Italy, France and Spain to help keep riders safe during the COVID-19 pandemic.
“Like you, we are worried about the cities we love and call home, the people we serve, and our colleagues on the ground,” Lime wrote in a blog post today. “Loving cities means protecting them too. For now, we’re pausing Lime service to help people stay put and stay safe.”
The announcement came a day after San Francisco ordered residents to shelter in place, and shortly before New York City told residents to prepare for a shelter-in-place order. Lime will continue operating in other markets but says it has enhanced its cleaning and disinfecting methods.
Spin, on the other hand, is choosing not to suspend its service in San Francisco, unless the city explicitly asks it to. That’s because it’s betting the public transportation system will need support as people are taking essential trips to places like the grocery store or pharmacy.
“During this challenging time in our nation and in light of the CDCs guidance to avoid public transportation to limit exposure to COVID-19, we believe that Spin scooters can be another safe and reliable option,” Spin CEO Derrick Ko said in a statement. “To the extent that it is safe for our employees, we plan to work with the City to determine how best we can support the Citys desire and needs for continued safe operations of essential transportation, from rides to grocery stores and pharmacies to medical care and testing facilities.”
In a letter to the San Francisco Municipal Transportation Agency yesterday, Ko outlined how Spin is ready and able to work to support health care workers, sanitation workers and other workers who may benefit from its scooters. Currently, Spin is more frequently disinfecting scooters and also encouraging riders to disinfect the handlebars before and after their ride. As for Lime, it says it will keep riders in the loop regarding when it will redeploy its scooters."
3,"{'id': 'techcrunch', 'name': 'TechCrunch'}",Sarah Perez,YouTube warns of increased video removals during COVID-19 crisis,YouTube today warned its creator community that video removals may increase during the COVID-19 pandemic. The company said its systems today rely on a combination of technology followed by human review. But the current health crisis is leading to reduced in-o…,http://techcrunch.com/2020/03/16/youtube-warns-of-increased-video-removals-during-covid-19-crisis/,https://techcrunch.com/wp-content/uploads/2019/10/youtube-ios-app.jpg?w=712,2020-03-16T17:51:25Z,"YouTube today warned its creator community that video removals may increase during the COVID-19 pandemic. The company said its systems today rely on a combination of technology followed by human review. But the current health crisis is leading to reduced in-office staffing in certain sites, which means automated systems will be removing some YouTube content without human review.
Today, YouTube utilizes machine learning technology to flag potentially harmful content, which is then sent to human moderators for review. But because of the measures YouTube is taking to protect staff, it’s planning to rely more on technology than on people in the weeks ahead.
“We have teams at YouTube, as well as partner companies, that help us support and protect the YouTube communityfrom people who respond to user and creator questions, to reviewers who evaluate videos for possible policy violations,” YouTube explained in its announcement. “These teams and companies are staffed by thousands of people dedicated to helping users and creators. As the coronavirus response evolves, we are taking the steps needed to prioritize the well-being of our employees, our extended workforce, and the communities where they live, including reducing in-office staffing in certain sites.”
YouTube says allowing its technology to remove some content without human review, will allow it to work more quickly to take down potential violations and keep the ecosystem protected.
However, automated technology is not perfect. Many videos will likely be impacted by this shift away from human moderation. And videos may be removed even though their content wasn’t actually against YouTube policy. In those cases, video creators are being asked to appeal the decision, which will allow YouTube’s remaining moderators to take a look at the video in question and make a decision.
Because of these complications, YouTube informs creators they won’t be punished with strikes except in cases where YouTube has “high confidence” that the video content was in violation.
In addition, the company says it will also be more careful about which content gets promoted, including livestreams. Some unreviewed content may not be available in search, on the homepage, or in recommendations, either.
YouTube last week had said it would allow creators to monetize their videos about the novel coronavirus. Previously, those videos were a part of its advertising guidelines’ policy that prevented monetization of videos about “sensitive events” — like mass shootings, natural disasters, or, until now, health crises. YouTube’s original policy was written to protect advertisers from having their brands next to exploitative videos that were capitalizing on some sort of human tragedy for views. But YouTube CEO Susan Wojcicki said the company chose to re-open monetization on coronavirus videos because the topic was now an important part of everyday conversation — not a short-term even of a significant magnitude.
Today’s news, however, may put a damper on the creator community’s interest in making videos about the COVID-19 pandemic in the hopes of gaining more views for their channel. Creators will likely worry about their videos being suppressed by YouTube’s algorithms or even mistakenly removed. And videos may be stuck in a lengthier-than-usual appeals process given the reduced staffing.
YouTube additionally warned other areas of its business could also be affected going forward, including YouTube user and creator support and reviews, applications for the YouTube Partner Program, and even responses on social media channels.
It advised creators to watch the YouTube help center for further changes to the service.
“We recognize this may be a disruption for users and creators, but know this is the right thing to do for the people who work to keep YouTube safe and for the broader community. We appreciate everyones patience as we take these steps during this challenging time,” said YouTube."
4,"{'id': 'techcrunch', 'name': 'TechCrunch'}",Natasha Mascarenhas,Yelp cancels internship program due to COVID-19 outbreak,"Yelp has canceled its summer internship due to the safety threat from the COVID-19 outbreak. While health is the priority across the world right now, the move is another blow to the potential prospects of a graduating class entering what looks to be a prolong…",http://techcrunch.com/2020/03/18/yelp-cancels-internship-program-due-to-covid-19-outbreak/,https://techcrunch.com/wp-content/uploads/2015/07/yelp-earnings1.png?w=711,2020-03-18T15:20:38Z,"Yelp has canceled its summer internship due to the safety threat from the COVID-19 outbreak.
While health is the priority across the world right now, the move is another blow to the potential prospects of a graduating class entering what looks to be a prolonged economic downturn.
In a statement to TechCrunch, a Yelp spokesperson said:
Yelp is actively monitoring the rapidly evolving situation surrounding the spread of COVID-19. Since the health and safety of our community is a top priority, we are taking a number of precautionary measures. We have encouraged, and in some cases mandated, employees in all of our offices to work from home, cancelled or postponed events, and prohibited international business travel and limited domestic travel to business critical needs. Due to our office closures and the challenges of onboarding interns while our entire workforce is remote, we have put our summer internship program on hold.
Earlier this month, schools across the country shut down and forced students to evacuate and attend classes remotely. Shutdowns have led to a migration home, alternative housing and scrappiness among educators to help students remain on track with curriculum.
Internships are a coveted resume booster and provide experience that students can use for networking and a potential job after graduation. It’s also a way that some companies increase their pipeline into more diverse communities. If tech companies cancel internships broadly, it could have a significant effect on hiring down the road.
Many other startups and larger tech companies have not yet publicly announced any decisions on the future of their internship programs. Others have told students that they are trying out a remote option or are waiting to make a call on whether to cancel or continue. That decision — and broader hiring freezes — will depend on the status of the government’s efforts to stop the COVID-19 outbreak over the coming months.
Uber, for example, said it will continue its program for the more than 400 interns set to join the ride-hailing company’s team. It is also continuing the programs around the world for its current intern group, which is 50 people strong. The company has switched to virtual onboarding and virtual intern events. It also is working on growing its manager and mentor trainings to “include new practices for managing during these challenging times.”
Salesforce said no changes have been made yet to its internship program. I reached out to Google, Facebook, and Lyft to ask them whether they have made any changes to their internship programs as well. I will update this post if I hear back.
If you are an incoming summer intern at a tech company and your internship has been canceled, feel free to contact me at natasha.m@techcrunch.com"
5,"{'id': 'techcrunch', 'name': 'TechCrunch'}",Darrell Etherington,"Hydroxychloroquine, chloroquine and other potential COVID-19 treatments explained","During two of this week’s White House briefings, President Trump referred specifically to two potential treatments that have been identified by medical researchers and clinicians, and that have undergone various degrees of investigation and testing in the ong…",http://techcrunch.com/2020/03/20/hydroxychloroquine-chloroquine-and-other-potential-covid-19-treatments-explained/,https://techcrunch.com/wp-content/uploads/2020/03/GettyImages-1203453080.jpg?w=601,2020-03-20T19:37:48Z,"During two of this week’s White House briefings, President Trump referred specifically to two potential treatments that have been identified by medical researchers and clinicians, and that have undergone various degrees of investigation and testing in the ongoing fight against the global coronavirus pandemic. It’s important to note upfront that regardless of what you may have heard, from Trump or any other sources, no drugs or treatments have been proven as effective for either the prevention of contracting COVID-19, or for its treatment.
That said, a number of different clinical studies are currently in progress all over the world, and in the U.S., the National Institutes of Health is looking to fill a 400-volunteer study that will provide clinical results related to use of remdesivir, an antiviral drug developed by Gilead originally as a treatment for Ebola, but it’s still only in clinical trials even for treatment of that disease. This study could also add in other drug candidates as additional test therapies. Meanwhile, studies in China and France have examined the effectiveness of anti-malarial drugs including chloroquine and hydroxychloroquine including one small-scale study that suggests the positive effects of hydroxycholoroquine in reducing both the duration and symptoms of COVID-19 in combination with an antibiotic called azithromycin.
The important thing to keep in mind when considering these or any other potential treatments for the novel coronavirus, which is still relatively young, is that a lot of what we know about them so far is effectively anecdotal, and based not on the kind of scientifically rigours controlled clinical studies that are normally used in the years-long development and certification of drugs. Instead, treatments like remdesivir and chloroquine/hydroxychloroquine are being deployed in the field by healthcare practitioners based on their approved use in similar (but crucially not the same) situations, like the Ebola and SARS outbreaks.
Often, they’re being used under what’s called ‘compassionate’ grounds in the U.S. This effectively amounts to employing a drug that’s not yet certified for general use in treatment of a patient whose condition is so severe that a doctor is willing to go to desperate lengths to try to alleviate their symptoms. This has the advantage of sidestepping typical testing and approval procedures, and requiring that the results of its use are documented, which contributes to the overall body of clinical knowledge in terms of its effects and interactions with patients and with COVID-19.
It’s not a clinical study, however, and that means there are still a lot of unknowns when it comes to its use that just can’t be learned or asserted based on scattered, individual instances of compassionate care treatment.
“As the Commissioner of FDA and the President mentioned yesterday, we’re trying to strike a balance between making something with the potential of an effect available to the American people, at the same time that we do it under the auspices of a protocol that would give us information to determine if it’s truly safe and truly effective,” explained National Institute of Allergy and Infectious Diseases Director Dr. Anthony Fauci during a press conference on Friday. “But the information that you’re referring to specifically is anecdotal, it was not done in a controlled clinical trial. So you really can’t make any definitive statement about it.”
During Thursday’s White House coronavirus pandemic task force briefing, Trump made false claims that chloroquine was already approved by the FDA as a treatment for COVID-19 under an emergency authorization. FDA Director Dr. Stephen Hahn clarified that this and remdesivir were being considered and studied by the FDA, as was an approach that would use plasma extracted from patients who’d recovered from COVID-19 as a potential source of antibodies for others. Still, all of these are still quite far away from clinical deployment in any generally approved way.
Meanwhile, Fauci’s cautions should be taken for what they are: Warnings that are primarily meant to emphasize that the reasons the FDA requires clinical studies, even for drugs already tentatively approved for use in other cases, is because it has patient health and safety in mind. While chloroquine has been used for decades to treat malaria, and chronic rheumatoid arthritis, it can have dangerous side effects, including death, if taken incorrectly. Even when taken correctly, it can cause things like stomach distress, and even permanent damage to a person’s vision.
Fauci’s comments Friday explain the risks of putting too much stock in any potential treatment at this stage, even if they are showing promising results among small or even medium-sized deployments.
“You’ve got to be careful when you say fairly effective, it was never done in a clinical trial that compared it to anything,” he said in answer to a reporter’s question about chloroquine’s efficacy in treating SARS. “It was given to individuals and felt that maybe it worked […] Whenever you do a clinical trial, you do standard of care, versus standard of care plus the agent you’re evaluating. That’s the reason why we showed back in Ebola why particular interventions worked.”
A summary survey of various prospective treatments and their current status was published today In Medscape, and this includes the current state of remdesivir and chloroquine investigations, as well as a number of other drugs being studied by researchers. As has been reported here and elsewhere, there are promising signs that they could prove effective in either treatment, or treatment and even preventative use (in the case of remedesivir), but these are, as Dr. Fauci puts it, only the first step that should lead to more sophisticated clinical studies, which themselves will then need competing peer studies to eventually prove out."
6,"{'id': 'techcrunch', 'name': 'TechCrunch'}",Natasha Lomas,European Commission goes teleworking by default over COVID-19,The European Commission is switching all staff in “non-critical functions” to remote working from next Monday in response to the Covid-19 pandemic. In an email sent to staff today the Commission writes that president Ursula von der Leyen has activated a busin…,http://techcrunch.com/2020/03/12/european-commission-goes-teleworking-by-default-over-covid-19/,https://techcrunch.com/wp-content/uploads/2015/06/4592786358_947e161e05_b.jpg?w=533,2020-03-12T19:54:40Z,"The European Commission is switching all staff in “non-critical functions” to remote working from next Monday in response to the Covid-19 pandemic.
In an email sent to staff today the Commission writes that president Ursula von der Leyen has activated a business continuity plan that requires all but those in “critical functions” to telework from next Monday.
Previously the EU’s executive body had been implementing limited teleworking for high risk employees such as those returning from Italy for 14 days after their return.
It’s not clear how many Commission staff are defined as carrying out “critical” functions — but it seems likely that thousands will be working from home or remotely next week. In all, the Commission employs around 32,000 people.
Per the email, staff deemed to be carrying out a critical function will already have been informed they are expected to continue to present at work, with “modalities” and “guidelines” to explain working arrangement slated to follow “soon”.
Earlier this week the European Parliament also told staff to prep for mass remote working Monday. Initially vulnerable staff with pre-existing health conditions had been told to telework to limit their risk of being exposed to the novel coronavirus. 
The Commission had also already been instructing staff to switch to videoconferencing for missions, meetings and committees where possible.
Belgium, where the Commission is mainly based, has been reporting rising numbers of cases of Covid-19. Today its federal health authority reported 85 new cases today — bringing the total number of confirmed cases in the country to 399.
The Commission itself reported the first cases (two) of Covid-19 among staff earlier this month. 
In recent weeks a number of politicians in countries across Europe have also been confirmed as having contracted the novel coronavirus."
7,"{'id': 'techcrunch', 'name': 'TechCrunch'}",Brian Heater,E3 is the latest conference shuttered over COVID-19 concerns,"Another major tech show has fallen victim to COVID-19 concerns. Rumors around E3’s cancelation began swirling around last night, with a number of publications reporting from sources close to the show. Governing body the Entertainment Software Association made…",http://techcrunch.com/2020/03/11/e3-is-the-latest-conference-shuttered-over-covid-19-concerns/,https://techcrunch.com/wp-content/uploads/2019/05/sony-microsoft-xbox-playstation-e3.jpg?w=612,2020-03-11T15:49:07Z,"Another major tech show has fallen victim to COVID-19 concerns. Rumors around E3’s cancelation began swirling around last night, with a number of publications reporting from sources close to the show. 
Governing body the Entertainment Software Association made the news official. In a statement provided to TechCrunch, the ESA noted,
After careful consultation with our member companies regarding the health and safety of everyone in our industry our fans, our employees, our exhibitors and our longtime E3 partners we have made the difficult decision to cancel E3 2020, scheduled for June 9-11 in Los Angeles.
Following increased and overwhelming concerns about the COVID-19 virus, we felt this was the best way to proceed during such an unprecedented global situation. We are very disappointed that we are unable to hold this event for our fans and supporters.  But we know its the right decision based on the information we have today.
Our team will be reaching out directly to exhibitors and attendees with information about providing full refunds.
Held in Los Angeles during the summer, E3 continues to be one the worlds premier gaming shows. But struggles roughly a decade ago found the event transforming into a far leaner trade show, opening the doors to a number of competitors in the process. While it has managed to rebound to some degree, thanks in part to the decision to open its doors to the gaming public, E3s bottom line. Such a move could ultimately have a profound effect on the shows future, moving forward.
Even with Sonys decision to skip the show being announced back in January, 2020 was shaping up to be a big year for the event, with next generation versions of both the PlayStation and Xbox due out by years end. 
E3 is just the latest in a long line of tech shows that have closed up shop for the year, beginning with Mobile World Congress last month. Likely many will following Nintendo’s longstanding tradition of making announcements via webcast. The question for E3’s organizers, is whether those companies who move to an online approach will ultimately return in 2021.
The ESA is “exploring options” around offering elements of the event online."
8,"{'id': 'techcrunch', 'name': 'TechCrunch'}",Natasha Lomas,TripActions reportedly lays off hundreds amid COVID-19 travel freeze,"The coronavirus demand crunch has taken another bite: Palo Alto-based corporate travel-focused unicorn, TripActions, reportedly laid off hundreds of staff yesterday. Per this post on Blind — written by someone with a verified TripActions email address — the c…",http://techcrunch.com/2020/03/25/tripactions-reportedly-lays-off-hundreds-amid-covid-19-travel-freeze/,https://techcrunch.com/wp-content/uploads/2020/01/GettyImages-1124943739.jpg?w=599,2020-03-25T11:10:36Z,"The coronavirus demand crunch has taken another bite: Palo Alto-based corporate travel-focused unicorn, TripActions, reportedly laid off hundreds of staff yesterday.
Per this post on Blind — written by someone with a verified TripActions email address — the company fired 350 people. Business Insider reported the same figure yesterday. While the Wall Street Journal said the layoffs amount to between one-quarter to one-fifth of the startup’s total staff, citing a person familiar with the situation.
In an email to CrunchBase News TripActions confirmed it has axed jobs in response to the COVID-19 global health crisis — saying it has “cut back on all non-essential spend”. Although it did not confirm exactly how many employees it has fired.
“[We] made the very difficult decision to reduce our global workforce in line with the current climate,” TripActions wrote in the statement. “We look forward to when the strength of the global economy and business travel inevitably return and we can hire back our colleagues to rejoin us in our mission to make business travel effortless for our customers and users.”
This global health crisis is unlike anything weve ever seen in our lifetimes, and our hearts go out to everyone impacted around the world, including our own customers, partners, suppliers and employees,” it added. “The coronavirus has had [a] wide-reaching effect on the global economy. Every business has been impacted including TripActions. While we were fortunate to have recently raised funding and secured debt financing, we are taking appropriate steps in our business to ensure we are here for our customers and their travelers long into the future.”
Per the post on Blind, TripActions is providing one week of severance to sacked staff and medical cover until end of month. “With [the coronavirus pandemic] going on you think they would do better,” the OP wrote. The layoffs were made by Zoom call, they also said.
We’ve reached out to TripActions for comment.
Travel startups are facing an unprecedented nuclear winter as demand has fallen off a cliff globally — with little prospect of a substantial change to the freeze on most business travel in the coming months as rates of COVID-19 infections continue to grow exponentially outside China.
However TripActions is one of the highest valued and best financed of such startups — securing a $500M credit facility for a new corporate product only last month, when we noted Crunchbase had more than $480M in tracked equity funding for the company, including a $250M Series D TripActions raised in June from investors including a16z, Group 11, Lightspeed and Zeev Ventures.
Ahead of making the layoffs the company had already paused all hiring, per one former technical sourcer for the company writing on LinkedIn."
9,"{'id': 'techcrunch', 'name': 'TechCrunch'}",Brian Heater,Computex delayed until late-September over continued COVID-19 concerns,"Scheduled for early-June in Taipei, Computex has been one of the world’s largest technology trade shows for decades now. It was also among the last big hold outs as events all over the world have been canceled on postponed over the growing COVID-19 pandemic. …",http://techcrunch.com/2020/03/24/computex-delayed-until-late-september-over-continued-covid-19-concerns/,https://techcrunch.com/wp-content/uploads/2019/06/IMG_7651.jpg?w=600,2020-03-24T12:56:52Z,"Scheduled for early-June in Taipei, Computex has been one of the worlds largest technology trade shows for decades now. It was also among the last big hold outs as events all over the world have been canceled on postponed over the growing COVID-19 pandemic. 
Earlier this week, a number of manufactures sent out public flares, asking organizers to delay the event. Organizers have finally given in, announcing today via press release that 40th anniversary event will be pushed back to September 28-30. 
Per the press release,
Computex organizers, TAITRA President &amp; CEO, Mr. Walter Yeh, and TCA Secretary General, Mr. Enoch Du jointly announce, for the health and safety of exhibitors and visitors, the effectiveness of the exhibition, and maintaining the Computex brand image, Computexscheduled for June 2-6 will be rescheduled to September.
Weve reached out to the shows organizers for further comment. The news comes as Taiwan has begun to experience another flare up in COVID-19 cases. This week, government officials announced 20 additional cases, totaling 215, since the beginning to the novel coronaviruss spread.
According to officials, all new cases were brought to the country from travel abroad no doubt the some 120,000 people that attend the show each year would only exacerbate the virus’s spread."
10,"{'id': 'techcrunch', 'name': 'TechCrunch'}",Natasha Mascarenhas,Tech’s coveted internships are getting canceled due to COVID-19,"Victoria Stafford, a third-year student at UC Berkeley, was set to begin working at Yelp in June as a sales intern — the only internship she applied to. And then it was canceled because of the COVID-19 pandemic. “When I first read the cancellation email, I di…",http://techcrunch.com/2020/03/25/internships-are-getting-canceled-due-to-covid-19-heres-why-you-should-care/,https://techcrunch.com/wp-content/uploads/2020/03/internships-cancelled.jpg?w=753,2020-03-25T19:46:42Z,"Victoria Stafford, a third-year student at UC Berkeley, was set to begin working at Yelp in June as a sales intern — the only internship she applied to. And then it was canceled because of the COVID-19 pandemic.
“When I first read the cancellation email, I didnt believe it. I refreshed my inbox; I rubbed my eyes as if I were waking up from a dream. It was clear that COVID-19 was becoming a mounting concern, but it never occurred to me that my internship was in jeopardy, Stafford said.
Internship cancellations hurt more than just summer plans. The programs are often pipelines into future jobs and access to valuable work experience.
For Stafford, a business and domestic environmental major from a small town in rural Utah, there are very few business and policy-related opportunities.
“I ask that employers do everything they can to make their internship opportunities more accessible in these upcoming months, and come next year and the year after, show understanding and compassion for employment gaps, she said.
Dozens of other students from across the country flooded my inbox, sharing stories about the impact on internship cancellations on their paths toward employment.
One student turned down offers and interviews from Google, JP Morgan and Goldman Sachs to pursue a software engineering position. The offer they accepted was yanked weeks later. Another student lost their chance at a post-graduate job at their dream company because their offer was revoked. One only had an offer in their hands for three weeks before it was rescinded.
A number of companies across the country, including Google, Glassdoor, StubHub, Funding Circle, Yelp, Checkr and even the National Institutes of Health, have canceled their internship programs due to COVID-19, TechCrunch has learned. The cancellations, which will likely increase in the days and weeks to come, are unsurprising, due to the uncertainty the pandemic has caused. Still, fewer internships jeopardize the postgraduate job prospects for thousands of college students, and, beyond that, limit the talent pipeline on which tech companies so often are dependent. 
Theres even a Twitter account that tracks the status of 2020 internships.
We have been receiving numerous DMs asking for status of individual companies. If you would like to receive notifications for a particular company you are interested in, please fill this form.https://t.co/7heMiOEGDo
— Summer Internships 2020 (@hiring2020) March 25, 2020
From Denver to San Francisco
Like the concerts, conferences, universities and schools, these cancellations are because of the COVID-19 pandemic ravaging the world right now. While some companies cited health concerns, others pointed to the uncertain economic landscape. 
In a statement, job search and review platform Glassdoor said the rapid spread of COVID-19 has grown beyond a health concern into an economic one. As a result, it has decided to pause hiring and reprioritize some initiatives internally to ensure we are well positioned for both the downturn and recovery. 
A Funding Circle spokesperson confirmed that the company halted its internship program, given the travel and relocation for the upcoming intern cohort to San Francisco. In an email obtained by TechCrunch, the National Institute of Health canceled its prestigious internship — which has a 20% acceptance rate — to stop community spread of Sars-Cov-2 through social distancing.
Therefore, hosting 1000+ early career scientists who deserve close supervision and intense mentoring is not appropriate at this time, the email reads. The cancellation of the NIH SIP applies to all students, whether you were planning to volunteer or were offered a fellowship position. It also applies, even if you were planning to do computational work that could be done remotely.
In a statement to TechCrunch, NIH said its program has been reduced to maintenance-only and mission critical (including research on COVID-19) operation due to spread of the novel coronavirus.
Regrettably, as part of this effort to keep people safe and limit the spread through social/physical distancing, it has been necessary to cancel the Summer Internship Program for young trainees at NIH for 2020, but those students already selected for the program will be given priority for summer internship positions in 2021.
Checkr, based in Denver and San Francisco, put its summer internship program on hold due to the challenges of onboarding interns while everyone is remote.
Google has rescinded some internship offers for its UX design internship, per a LinkedIn post. Google denied this. 
“If you log on to a laptop, you can access an opportunity”
While a number of tech companies have put their internship programs on hold, others are piecing together experimental remote internship programs for their students. 
Quizlet is preparing for its annual internship program and is preparing a contingency plan for an internship that will be virtual if necessary. Uber has formed a dedicated team to start working on an online internship program should the situation remain unchanged. Lyft and Twitter, depending on the state of the pandemic, plan to onboard San Francisco interns virtually.
The pandemic has certainly put remote internship management services in high demand. That said, a handful of startups have been working on the sector for years. 
San Francisco-based Symba, which helps companies offer virtual internship programs, was founded in 2017. Co-founder Ahva Sadeghi said that last week more than 100 companies and 1,000 students reached out to Symba in regards to internship cancellations because of COVID-19.
The companies we reached out to in the beginning who said, This is great but not top of mind for us, are now calling us back asking us to jump on the phone today or tomorrow to get something implemented, Sadeghi said in a phone call. We thought we didn’t have product-market fit and now the conversation has completely changed.
Sadeghi noted how internships assume a certain level of privilege in applicants, prioritizing those who can afford to move to a highly populated city with little to no pay. A remote internship, even in a time of health and prosperity, is important, she said.
If you can log on to a laptop, you can access an opportunity, she said. Another program, Chicago-based Sage Corps, founded in 2013, is pushing companies to sponsor the students impacted by internship cancellations. If sponsored, students can still participate in career growth development workshops virtually from Sage Corps, at $1,250 per student. 
Thomas Brunskill, the founder of InsideSherpa, which helps companies host virtual internships, said hes seen nearly 1,000 students a day sign up for the platform, from Northern Italy, to South-East Asia, to the United States. He started the company, which went through Y Combinator last year, to give students courses and online simulations of jobs through the comfort of their own homes.
He said his customers are mainly larger companies that employ upwards of 1,000 students, like JPMorgan Chase, Deloitte, Citi, BCG and GE.
On one end, Brunskill said the interest makes sense, as larger companies have to meet significant hiring demands. Per the National Association of Colleges and Employers, 70.4% of interns get return offers from the company where they intern. 
On the other end, this concentration further showcases how smaller businesses will be impacted disproportionately from this pandemic. Many will freeze hiring altogether.
Obviously [this] matters for students, but it also matters for companies who are now going to have this blackhole of talent, Brunskill said. Nobody wins in that situation — companies end up with less work-ready students who dont really know what theyre getting into and students end up in full-time jobs that might not be aligned to their interest or skills because they never had an opportunity to test it out first.
While layoffs are devastating, and obviously well upon us in the tech world, internship cancellations offer a harsh window into how COVID-19 doesnt just impact our current workforce, but our future one as well."
11,"{'id': 'techcrunch', 'name': 'TechCrunch'}",Walter Thompson,What you need to know about COVID-19-related cyberattacks,Attack methods logically exploit changes in the global environment. Mass working over remote connection leads to mass remote login activity.,http://techcrunch.com/2020/04/14/what-you-need-to-know-about-covid-19-related-cyberattacks/,https://techcrunch.com/wp-content/uploads/2020/04/GettyImages-78767360.jpg?w=600,2020-04-14T13:42:05Z,"The COVID-19 outbreak has not only caused global disruption, it has also changed the cybersecurity threat landscape. We are observing changing patterns of behaviors from threat actors and noticing waves of coronavirus-related cyberattacks.
To be clear, this trend is not unique to the global pandemic. Hackers have typically preyed on victims shortly after disasters or high-profile events around the world. Over the course of my career, I tracked notable global disasters that have been used as lures, such as the 2004 Indian Ocean earthquake and tsunami, the mass shooting events in Las Vegas and the Zika virus outbreak. Malicious actors notoriously exploit human emotions for financial gain. Today, COVID-19 is not off-limits.
As threat actors continue adapting to exploit the coronavirus pandemic, the global workforce continues to change dramatically. With much of the world ordered to practice physical distancing, an unprecedented number of people are working remotely, many for the first time. Companies are rushing to provision laptops to employees with desktops, deploy collaborative software and implement VPN infrastructure to access internal tools. So, if you were a hacker, what would this opportunity look like for you?
Attack methods logically exploit changes in the global environment. Mass working over remote connection leads to mass remote login activity. This activity is mostly over private, insecure machines with user accounts that have not done so before therefore making remote login credentials an easy target for attackers.
Since Italy declared a state of emergency on January 31, 2020, information security professionals have recorded an escalation of cyberattacks in Italy reflecting this pattern. Breach protection company Cynet tracked a spike in phishing attacks in the last month in Italy, while non-quarantined countries withstood an unwavering number of attacks."
12,"{'id': 'techcrunch', 'name': 'TechCrunch'}",Rita Liao,Chinese startup Rokid pitches COVID-19 detection glasses in U.S.,"Thermal imaging wearables used in China to detect COVID-19 symptoms could soon be deployed in the U.S. Hangzhou based AI startup Rokid is in talks with several companies to sell its T1 glasses in America, according to Rokid’s U.S. Director Liang Guan. Rokid i…",http://techcrunch.com/2020/04/16/chinese-startup-rokid-pitches-covid-19-detection-glasses-in-u-s/,https://techcrunch.com/wp-content/uploads/2020/04/ROKID-WEARABLES-1.jpg?w=556,2020-04-16T07:05:43Z,"Thermal imaging wearables used in China to detect COVID-19 symptoms could soon be deployed in the U.S.
Hangzhou based AI startup Rokid is in talks with several companies to sell its T1 glasses in America, according to Rokid’s U.S. Director Liang Guan.
Rokid is among a wave of Chinese companies creating technology to address the coronavirus pandemic, which has dealt a blow to the countrys economy. 
Per info Guan provided, Rokid’s T1 thermal glasses use an infrared sensor to detect the temperatures of up to 200 people within two minutes from up to three meters away. The devices carry a Qualcomm CPU, 12 megapixel camera and offer augmented reality features for hands free voice controls to record live photos and videos.
The Chinese startup (with a San Francisco office) plans B2B sales of its wearable devices in the U.S. to assist businesses, hospitals and law enforcement with COVID-19 detection, according to Guan.
Rokid is also offering IoT and software solutions for facial recognition and data management, as part of its T1 packages.
Image Credits: Rokid
The company is working on deals with U.S. hospitals and local municipalities to deliver shipments of the smart glasses, but could not disclose names due to confidentiality agreements.
One commercial venture that could use the thermal imaging wearables is California based e-commerce company Weee!.
The online grocer is evaluating Rokid’s T1 glasses to monitor temperatures of its warehouse employees throughout the day, Weee! founder Larry Liu confirmed to TechCrunch via email.
On procedures to manage those who exhibit COVID-19 related symptoms, that’s something for end-users to determine, according to Rokid. “The clients can do the follow-up action, such as giving them a mask or asking to work from home,” Guan said.
The T1 glasses connect via USB and can be set up for IoT capabilities for commercial clients to sync to their own platforms. The product could capture the attention of U.S. regulators, which have become increasingly wary of Chinese tech firms’ handling of American citizen data. Rokid says it doesn’t collect info from the T1 glasses directly.
“Regarding this module…we do not take any data to the cloud. For customers, privacy is very important to them. The data measurement is stored locally,” according to Guan.
Image Credits: Rokid
Founded in 2014 by Eric Wong and Mingming Zhu, Rokid raised $100 million at the Series B level in 2018. The business focuses primarily on developing AI and AR tech for applications from manufacturing to gaming, but developed the T1 glasses in response to China’s COVID-19 outbreak.
The goal was to provide businesses and authorities a thermal imaging detection tool that is wearable, compact, mobile and more effective than the common options.
Large scanning stations, such as those used in some airports, have drawbacks in not being easily portable and handheld devices with infrared thermometers pose risks.
“You have to point them to people’s foreheads…you need to be really close, it’s not wearable and you’re not practicing social distancing to use those,” Guang said.
Rokid pivoted to create the T1 glasses shortly after COVID-19 broke out in China in late 2019. Other Chinese tech startups that have joined the virus-fighting mission include face recognition giant SenseTime which has installed thermal imaging systems at railway stations across China and its close rival Megvii, which has set up similar thermal solutions in supermarkets.
On Rokid’s motivations, “At the time we thought something like this can really help the frontline people still working,” Guang said.
The startup’s engineering team developed the T1 product in just under two months. In China, Rokid’s smart glasses have been used by national parks staff, in schools and by national authorities to screen for COVID-19 symptoms.
Temperature detectors have their limitation, however, as research has shown that more than half of China’s COVID-19 patients did not have a fever when admitted to hospital.
Source: Johns Hopkins University of Medicine Coronavirus Research Center
The growth rate of China’s coronavirus cases which peaked to 83,306 and led to 3,345 deaths has declined and parts of the country have begun to reopen from lockdown. There is still debate, however, about the veracity of data coming out of China on COVID-19. That led to a row between the White House and World Health Organization, which ultimately saw President Trump halt U.S. contributions to the global body this week.
As COVID-19 cases and related deaths continue to rise in the U.S., technological innovation will become central to the health response and finding some new normal for personal mobility and economic activity. That will certainly bring fresh facets to the common tech conundrums namely measuring efficacy and balancing benefits with personal privacy.
For its part, Rokid already has new features for its T1 thermal smart glasses in the works. The Chinese startup plans to upgrade the device to take multiple temperature readings simultaneously for up to four people at a time.
“That’s not on the market yet, but we will release this very soon as an update,” said Rokid’s U.S. Director Liang Guan ."
13,"{'id': 'techcrunch', 'name': 'TechCrunch'}",Jonathan Shieber,VidCon joins the list of events canceled by COVID-19,"If you heard the collective grieving shriek of a thousand Instagram influencers, YouTubers, and their followers, it’s because VidCon has been canceled. It’s the latest mega-event to fall prey to the social distancing measures put in place to reduce the spread…",http://techcrunch.com/2020/03/23/vidcon-joins-the-list-of-events-canceled-by-covid-19/,https://techcrunch.com/wp-content/uploads/2019/07/GettyImages-1161447217.jpg?w=600,2020-03-23T18:09:02Z,"If you heard the collective grieving shriek of a thousand Instagram influencers, YouTubers, and their followers, it’s because VidCon has been canceled.
It’s the latest mega-event to fall prey to the social distancing measures put in place to reduce the spread of COVID-19.
In a statement, the conference organizers said:
VidCon is dedicated to delivering premium entertainment experiences across the globe. Our first priority is the safety and health of our attendees, sponsors, speakers, creators, and staff. Due to the continued uncertainty surrounding COVID-19 and the precautions being taken by authorities worldwide to manage this pandemic, we have come to the difficult decision to cancel the 11th annual VidCon in Anaheim this June. All tickets and pre-ordered merch that have been purchased for the June 17 20, 2020 event will be refunded in full by April 15, 2020. This will include all fees for previously canceled tickets.
VidCon is one of the most important events for the massive entertainment industry that’s grown up around the streaming platforms. Those platforms — specifically YouTube and Instagram — raked in a bit over $35 billion in spending in 2019, or roughly half of the ad haul that television advertising pulled in for the same year.
More than just a chance for entertainers to promote themselves and their products, the event is a critical window into where social media is heading.
In its own way, the event is as important to the streaming community as upfronts are to traditional media, or newfronts are to online media.
The (entirely appropriate) response to the COVID-19 outbreak is one that’s been echoed in industries as disparate as entertainment, technology, and auto manufacturing. Most of the big auto shows have been canceled this year, along with the major developer events from Alphabet subsidiary Google and Facebook. Other events are going remote or turning to virtual only — like Apple’s big developer and product event later this year."
14,"{'id': 'techcrunch', 'name': 'TechCrunch'}",Walter Thompson,Dear Sophie: How is COVID-19 affecting immigration?,"It’s important to stay realistic — what we’re dealing with right now is a temporary situation, not a permanent one.",http://techcrunch.com/2020/03/24/1964304/,https://techcrunch.com/wp-content/uploads/2020/01/GettyImages-1096310984-1.jpg?w=600,2020-03-24T14:15:40Z,"More posts by this contributor
Dear Sophie is an advice column that answers immigration-related questions about working at technology companies.
Your questions are vital to the spread of knowledge that allows people all over the world to rise above borders and pursue their dreams, says Sophie Alcorn, a Silicon Valley immigration attorney. Whether youre in people ops, a founder or seeking a job in Silicon Valley, I would love to answer your questions in my next column.
Dear Sophie columns are accessible for Extra Crunch subscribers; use promo code ALCORN to purchase a one or two-year subscription for 50% off.
Dear Sophie: 
Theres a lot of misinformation going around the internet on immigration right now. Can you provide a clear explanation of how immigration policies are shifting in response to COVID-19?
 Overwhelmed in Palo Alto"
15,"{'id': 'techcrunch', 'name': 'TechCrunch'}",Anthony Ha,Daily Crunch: Streaming services respond to COVID-19,"Streaming services will reduce video quality in Europe, we get our hands on the new MacBook Air and Anthony Levandowski pleads guilty. Here’s your Daily Crunch for March 20, 2020. 1. Netflix will reduce streaming quality in Europe for 30 days EU Commissioner …",http://techcrunch.com/2020/03/20/daily-crunch-streaming-coronavirus/,https://techcrunch.com/wp-content/uploads/2019/11/GettyImages-1052818026.jpg?w=612,2020-03-20T17:11:18Z,"Streaming services will reduce video quality in Europe, we get our hands on the new MacBook Air and Anthony Levandowski pleads guilty. Here’s your Daily Crunch for March 20, 2020.
1. Netflix will reduce streaming quality in Europe for 30 days
EU Commissioner Thierry Breton has called for Netflix to reduce streaming quality in Europe a move to limit its overall bandwidth usage as more users turn to streaming services for in-home entertainment during the outbreak and the company has confirmed that it will comply with this request.
Other services have followed suit, with Amazon and YouTube both announcing that they will be reducing streaming quality as well.
2. Apple MacBook Air review
Brian Heater says it feels good to type again.
3. Anthony Levandowski pleads guilty to one count of trade secrets theft under plea deal
Levandowski the former Google engineer and serial entrepreneur who was at the center of a lawsuit between Uber and Waymo has pled guilty to one count of stealing trade secrets while working at Google under a plea agreement reached with the U.S. District Attorney.
4. Heres how TechCrunch is keeping our brains busy while were stuck at home
Now more than ever, diving into new skills, old interests and even totally fluffy mindless entertainment can keep our minds refreshed and our days full. From at-home workouts and soothing virtual farming simulators to Catherines honestly uncannily good drawings of our staff pets, heres whats working for us.
5. Despite canceled trade shows, gaming startups can still win an extra life
As organizers cancel events with massive attendance, like SXSW (400,000 attendees), E3 (66,000), GDC (65,000) and Mobile World Congress (100,000), mobile game developers have felt the crunch. So here are five ways to salvage a launch lost to a trade show cancellation. (Extra Crunch membership required.)
6. Slack adds 7K customers in 7 weeks amid remote-work boom, besting its preceding 2 results
Don’t worry about uptime, though: In a memo about business continuity, Slack said that the demands on our infrastructure do not change when employees shift away from working together in the same office; there is no difference in load on our systems whether people are connecting from their office, a cellular network, or their homes.
7. Announcing the Disrupt SF Digital Pass
The new Digital Pass and Digital Pass Pro (to be announced soon!) are a complement not a replacement for the existing Disrupt SF conference. But with so much uncertainty around the coronavirus pandemic, we’ve sped up our plans to offer access to Disrupt SF content and networking opportunities virtually.
The Daily Crunch is TechCrunch’s roundup of our biggest and most important stories. If you’d like to get this delivered to your inbox every day at around 9am Pacific, you can subscribe here."
16,"{'id': 'techcrunch', 'name': 'TechCrunch'}",Brian Heater,Tencent launches $100M fund to fight COVID-19,"Tencent this week announced the launch of the Global Anti-Pandemic Fund, a $100 million effort designed to help curb the devastating spread of COVID-19. The news follows the launch of $100 million funds from fellow tech giants, Netflix and Facebook. In the ca…",http://techcrunch.com/2020/03/25/tencent-launches-100m-fund-to-fight-covid-19/,https://techcrunch.com/wp-content/uploads/2016/11/gettyimages-598020184.jpg?w=600,2020-03-25T18:27:33Z,"Tencent this week announced the launch of the Global Anti-Pandemic Fund, a $100 million effort designed to help curb the devastating spread of COVID-19. The news follows the launch of $100 million funds from fellow tech giants, Netflix and Facebook. 
In the case of the Shenzhen-based corporation, initial funding will go to practical and vitally important health supply donations, including protective gear and other products for hospitals and health care first responders. 
Tencent notes that that the effort is only the latest from the company. It previously set up an Anti-Pandemic fund to support health care workers in its native China, with around $211 million allocated as part of that effort. 
COVID-19 is drastically impacting people around the world, Tencent President Marin LAu said in a press release. We are facing this challenge together and Tencent is committed to supporting the international emergency response. Based on the experience in China and feedback collected from hospitals around the world, we recognize there is an urgent need for PPEs and other medical supplies, particularly at the onset of the pandemic, when traditional supply channels cannot meet the sudden surge in need.
For now, the most pertinent donations are certainly health care supplies, as locations all over the globe experience mass shortage of vital equipment like masks and ventilators"
17,"{'id': 'techcrunch', 'name': 'TechCrunch'}",Romain Dillet,France is officially working on ‘Stop Covid’ contact-tracing app,France’s health minister Olivier Véran and digital minister Cédric O have officially announced that the French government is working on a smartphone app to slow the spread of coronavirus. The government is putting a stamp of approval on the Pan-European Priva…,http://techcrunch.com/2020/04/08/france-is-officially-working-on-stop-covid-contact-tracing-app/,https://techcrunch.com/wp-content/uploads/2020/04/GettyImages-1208478167.jpg?w=600,2020-04-08T16:24:40Z,"Frances health minister Olivier Véran and digital minister Cédric O have officially announced that the French government is working on a smartphone app to slow the spread of coronavirus. The government is putting a stamp of approval on the Pan-European Privacy-Preserving Proximity Tracing (PEPP-PT) project but remains cautious about what to expect from an app.
Using mobile apps to track the coronavirus is a sensitive issue in Europe. Dozens of nonprofit organizations have written a common statement urging governments to respect human rights.
They fear that governments could use this opportunity to enforce far-reaching surveillance measures that dont comply with the regulatory framework and that remain in place after the coronavirus crisis. The European Commission reminded governments that they should implement appropriate safeguards as EU citizens are not going to trust contact-tracing apps if they don’t treat personal information appropriately.
Thats probably why the government is preventively trying to reassure people before releasing the Stop Covid app. According to a statement, the Ministry for the Digital Sector says that it is working with the Health Ministry, the Justice Ministry and the Ministry of Higher Education, Research and Innovation to coordinate tech-based initiatives.
Led by Germanys Fraunhofer Heinrich Hertz Institute for telecoms (HHI), the PEPP-PT project that was unveiled last week is a coalition of dozens of research institutions across multiple countries. Frances INRIA is a member of the PEPP-PT and the French government is willing to collaborate with the INRIA as part of the PEPP-PT effort.
Theyre working on an open standard to develop contact-tracing apps. Those apps would rely on Bluetooth Low Energy to identify other phones running the same app. If, at some point, you are near an infected person, you would be notified.
And the French government says that there will be an app specifically designed to track people living in France. That app will leverage the PEPP-PT protocol.
People in favor of contact-tracing apps say that it would help break infection chains if you combine those apps with proactive tests and self-isolations.
In an interview with Le Monde, Cédric O and Olivier Véran detailed the effort. France isnt going to force you to install the app and Stop Covid is only going to use Bluetooth. A prototype is in the works, but its going to take three to six weeks to develop.
Even then, the French government might not even release the app. Were not sure that we can overcome all the technical difficulties because Bluetooth hasnt been designed to measure the distance between individuals. We will decide later if it would be useful to roll out such an application or not, Cédric O told Le Monde.
When it comes to privacy, Cédric O says the app will be open-source and Frances privacy watchdog the CNIL will have a say. Weve reached out to the CNIL for comment but the agency said it was too early to comment.
More importantly, details are still thin on the implementation of the PEPP-PT protocol in France. Privacy experts are debating the design of the system. Some argue that it should be as decentralized as possible. Smartphones should keep a log of your social interactions (via ephemeral Bluetooth identifiers). Your phone would regularly fetch a list of infected ephemeral Bluetooth identifiers and do the heavy lifting.
The PEPP-PT project currently supports centralized and decentralized approaches, which means that governments have to decide on an implementation. In a centralized system, a server would assign each user an anonymized identifier and collect data about your social interactions. Each user would be able to fetch the status of its identifier to check whether theyve been potentially infected or not. It creates a single point of failure and presents risks if someone is able to match anonymized identifiers with real names.
The Ministry for the Digital Sector also detailed how France is leveraging tech in general to understand the coronavirus outbreak, improve COVID-19 treatments and plan the end of the lockdown in France.
In addition to the app that is currently in the works, the French government has rolled out an official website to inform people, is encouraging telemedicine services to treat patients (such as Covidom from public hospitals in Paris), is mining aggregated data from telecom companies to understand how people move around the country and is leveraging machine learning on big data to forecast the coronavirus outbreak."
18,"{'id': 'techcrunch', 'name': 'TechCrunch'}",Josh Constine,Investors explain COVID-19’s impact on consumer startups,"Home fitness and games as gathering places are a few of the startup verticals propelled by unprecedented shifts in behavior due to shelter-in-place orders. We surveyed the top investors in consumer and social apps to learn about 2020’s startup trends, the M&A…",http://techcrunch.com/2020/04/16/investors-explain-covid-19s-impact-on-consumer-startups/,https://techcrunch.com/wp-content/uploads/2020/04/GettyImages-1214219588.jpg?w=709,2020-04-16T14:00:47Z,"Home fitness and games as gathering places are a few of the startup verticals propelled by unprecedented shifts in behavior due to shelter-in-place orders. We surveyed the top investors in consumer and social apps to learn about 2020’s startup trends, the M&amp;A climate, the threat of incumbents copying new entrants, underserved demographics and which features are poised to be unbundled from the biggest apps.
The Extra Crunch survey series assembles the best minds in different verticals, drawing on investors whove backed or worked at the companies defining their industry. For this survey, we asked how COVID-19 was affecting their investment strategies and the operations of their portfolio companies. We also dug into whether founders are more or less hopeful about being acquired, which startup ideas they wish they were being pitched and what age groups or cultures deserve new social products.
Subscribe to Extra Crunch to read the full answers to our questionnaire from funds like General Catalyst, Kleiner Perkins and Sweet Capital.
Here are the 17 leading social network VCs who participated in our survey:
<ul><li>Olivia Moore, CRV</li><li>Justine Moore, CRV</li><li>Connie Chan, Andreessen Horowitz</li><li>Alexis Ohanian, Initialized Capital</li><li>Niko Bonatsos, General Catalyst</li><li>Josh Coyne, Kleiner Perkins</li><li>Wayne Hu, Signal Fire</li><li>Alexia Bonatsos, Dream Machine</li><li>Josh Elman, Angel Investor</li><li>Aydin Senkut, Felicis Ventures</li><li>James Currier, NFX</li><li>Pippa Lamb, Sweet Capital</li><li>Christian Dorffer, Sweet Capital</li><li>Jim Scheinman, Maven Ventures</li><li>Eva Casanova, Day One Ventures</li><li>Masha Drokova, Day One Ventures</li><li>Dan Ciporin, Canaan</li></ul>How much time are you spending on social right now? Is the market underheated, overheated, or just right?
Its been a tough couple of years for new social startups but when something hits in this space, it hits big! Were always spending time looking at consumer social we have a network of 200+ college scouts at campuses around the country, so we hear about (and try) new apps pretty frequently.
It is difficult for new social startups to reach any kind of meaningful scale. The average person doesnt download any apps in a given month, and even though younger users may be more willing to try new things, they often face storage or data constraints.
We feel that the market is probably appropriately heated. Once a social startup is working, it shouldnt struggle to raise capital, but there are probably fewer investors making large pre-launch social bets because there have been so few breakout hits recently.
How has COVID-19 impacted social startups operationally?"
19,"{'id': 'techcrunch', 'name': 'TechCrunch'}",Josh Constine,Instagram founders launch COVID-19 spread tracker Rt.live,Instagram founders Kevin Systrom and Mike Krieger have teamed up to launch their first product together since leaving the Facebook mothership. Rt.live is an up-to-date tracker of how fast COVID-19 is spreading in each state. “Rt” measures the average number o…,http://techcrunch.com/2020/04/18/instagram-founders-rt-live/,https://techcrunch.com/wp-content/uploads/2020/04/Instagram-Founders-Rt.live_.jpg?w=764,2020-04-18T20:25:13Z,"Instagram founders Kevin Systrom and Mike Krieger have teamed up to launch their first product together since leaving the Facebook mothership. Rt.live is an up-to-date tracker of how fast COVID-19 is spreading in each state.
“Rt” measures the average number of people who become infected by an infectious person. The higher above the number 1, the faster COVID-19 races through a population, while a number below one shows the virus receding. For example, Rt.live displays that Georgia has the highest, most dangerous Rt score of 1.5 while New York is down to 0.54 thanks to aggressive shelter-in-place orders.
Krieger tells me that “Kevin has been writing and publishing open-source data analysis notebooks on how to calculate Rt on a daily basis. We wanted to take that work and visualize it so anyone can see how their state is doing at curbing the spread.” Krieger had meanwhile been pitching in by building SaveOurFaves, a directory of local Bay Area restaurants that are selling gift cards so patrons can keep them afloat during quarantine. Built with his wife, the Kriegers open sourced it so people can build similar sites for their communities.
Rt.live shows that as of yesterday, Texas and California are at or just under 1 and Vermont has the best score at 0.33. The charts over time reveal how Washington and Georgia were successfully fighting COVID-19, dipping beneath 1 until the virus bounced back recently. Data is sourced from the COVID Tracking Project and you can examine Rt.live’s modeling system on GitHub.
“As states decide whether and how to open back up, they’ll have to manage their infection rate carefully, and we hope dashboards like rt.live will be helpful in doing so” Krieger says. By better illustrating how even small differences in shelter-in-place policy and compliance can exponentially change the severity of the impact of the virus, it could help convince people to stay inside. This kind of tool could also be helpful for determining where it’d be safe to reactivate some businesses, and quickly catch if virality is spiking and strict social distancing needs to be reinstated.
One fascinating feature of the site is the ability to filter by region so you can see how the Western states are doing better at suppressing COVID-19 than those in the South. You can also view the states with no shelter-in-place orders to see they’re doing worse on average. The charts could help identify how different political orientations and their subsequent policies translate to infection outcomes.
It might seem out of character for the photo app moguls to be building a medical statistics site. But Systrom has long studied virality as part of his work that helped Instagram grow so fast. He began publishing his own statistical models for tracking coronavirus infections and deaths on March 19th. “We’d been talking about ways of working together and this came out of that my first job out of school was actually doing data visualizations / analysis at Meebo so a blast from the past in more ways than one” Krieger tells me. While Systrom did the data analysis, Krieger built the site, mirroring their old front-end and back-end Instagram roles.
“We built Rt.live because we believe Rt the effective infection rate is one of the best ways to understand how COVID is spreading” Kreiger explains. “It was great to work together again we were able to take it from idea to launch in just a few days because of all our history &amp; shared context.”"
