,source,author,title,description,url,urlToImage,publishedAt,content
0,"{'id': 'engadget', 'name': 'Engadget'}",Christine Fisher,Twitter ‘super-spreaders’ shared bogus COVID-19 info with 3 million users,"A new report by NewsGuard says a handful of COVID-19 misinformation “super-spreaders” have shared false and misleading claims with more than three million Twitter users. The report identified 10 accounts with more than 100,000 followers each that promoted que…",https://www.engadget.com/twitter-coronavirus-misinformation-super-spreaders-161310077.html,https://o.aolcdn.com/images/dims?resize=1200%2C630&crop=1200%2C630%2C0%2C0&quality=80&image_uri=https%3A%2F%2Fs.yimg.com%2Fos%2Fcreatr-images%2F2020-05%2F6ce30a90-907a-11ea-aae8-67e09dbaa55f&client=amp-blogside-v2&signature=a140a2c192330d50d9325032a6ed2febc359b6e1,2020-05-07T16:13:10Z,"In March, Twitter said it was stepping up its efforts to fight coronavirus misinformation. The company said it would ban tweets that perpetuate fake cures, deny expert guidance or spread information that could incite panic. It is rushing to verify more health experts, and it has pledged specifically to remove conspiracies linking 5G and coronavirus. But as social media platforms like Facebook have also discovered, fighting COVID-19 misinformation is not easy, and this new report suggests that Twitter is not doing enough to police “super-spreaders.”
Even with Twitter’s promise to ban promotion of ineffective treatment, these accounts shared false studies claiming that hydroxychloroquine treatment has a 100 percent success rate and endorsements for licorice root and Zinc as virus cures. Some said social distancing was “ineffective,” and Icke posted that the virus was a scam.
According to The Information, Twitter says it has removed more than 2,400 tweets since mid-March. Still, there seems to be a serious misinformation problem. 
Engadget has reached out to Twitter for comment."
1,"{'id': 'engadget', 'name': 'Engadget'}",Igor Bonifacic,Android TV helps you find more to watch during COVID-19,"Let's face it: thanks to the coronavirus pandemic, most of us are probably spending more time streaming shows and movies, as well as playing video games. By this point, you've likely worked through whatever content you wanted to watch before the outbreak and …",https://www.engadget.com/android-tv-new-features-covid-19-150059981.html,https://o.aolcdn.com/images/dims?resize=1200%2C630&crop=1200%2C630%2C0%2C0&quality=80&image_uri=https%3A%2F%2Fs.yimg.com%2Fos%2Fcreatr-uploaded-images%2F2020-04%2F35bd6170-84a7-11ea-8efc-a56d5e02c3de&client=amp-blogside-v2&signature=81f40dc784de8b07ce57a448fe257fb40bd21e1d,2020-04-22T15:00:59Z,"The company is also adding new collections to Android TV to highlight select groups of apps. The categories are called ""Stream shows and movies you love,"" ""Learn New Things,"" ""Play with your remote,"" and ""Play with your gamepad.""
If you don't have access to Android TV, you're not out of luck. At some point in the past, you've probably used Google Search to find recommendations for new shows and movies to watch. To help you keep track of things you want to watch, Google is adding a new Watchlist tab to Search on mobile devices that allows you to save any recommendations for future reference. You can access the functionality by typing ""what to watch"" into Google, and then tapping ""Watchlist"" to add a show or movie to your list. If you ever want to get back, type ""my watchlist"" into Search. You can also find your watchlist through the Collections section of the Google app.
In the same blog post, Google also highlighted some of its previous efforts to help entertain people while they’re forced to stay inside, including its new two-month free Stadia offer."
2,"{'id': 'engadget', 'name': 'Engadget'}",Christine Fisher,UK’s NHS won’t use Apple-Google approach to COVID-19 tracking,"Apple and Google are expected to release their contact tracing technology to developers tomorrow. But the UK’s National Health Service (NHS) says it won’t use the Apple-Google model, BBC reports. While the two tech companies are working on a “decentralized” a…",https://www.engadget.com/uk-nhs-contact-tracing-coronavirus-centralized-201253811.html,https://o.aolcdn.com/images/dims?resize=1200%2C630&crop=1200%2C630%2C0%2C0&quality=80&image_uri=https%3A%2F%2Fs.yimg.com%2Fos%2Fcreatr-images%2F2020-04%2Fec76ae40-7da8-11ea-b7e3-d048045a9753&client=amp-blogside-v2&signature=47ef1207e61a1fe12364473474fe92979dfa4e10,2020-04-27T20:12:53Z,"Another potential drawback, is that the centralized approach may eat up more power. Apple’s solution lets the contact tracing happen in the background, but the UK’s app has to be woken up every time the device detects another nearby device running the same software, BBC explains.
By choosing the centralized approach, the NHS is aligning more with Australia than some of its EU counterparts. Australia’s app, which was released over the weekend, uses a mix of Bluetooth and stored contact data on both the app and servers. Germany, on the other hand, has switched its stance and is now pursuing a decentralized architecture, as are Austria, Estonia and Switzerland.
So far, the European Commission and the EU’s data protection watchdog support both models but note that the differences aren’t entirely clear, EUobserver reports. In either case, the challenge will be getting enough widespread adoption for the apps to be effective."
3,"{'id': 'engadget', 'name': 'Engadget'}",Jon Fingas,Many Instacart shoppers still don't have their COVID-19 safety gear,"Instacart’s plans to give shoppers masks and sanitizer during the COVID-19 pandemic are proceeding slower than many employees would like, and that’s partly on purpose. In response to workers’ concerns, the company told Wired in a statement that it had capped …",https://www.engadget.com/instacart-shoppers-wait-for-covid-19-safety-gear-234528742.html,https://o.aolcdn.com/images/dims?resize=1200%2C630&crop=1200%2C630%2C0%2C0&quality=80&image_uri=https%3A%2F%2Fs.yimg.com%2Fos%2Fcreatr-images%2F2020-04%2Fcf86d0a0-828d-11ea-ba7b-647366c0df01&client=amp-blogside-v2&signature=dda186b78ab94c3eb6d48142213210d868f03a25,2020-04-19T23:45:28Z,"Instacart’s plans to give shoppers masks and sanitizer during the COVID-19 pandemic are proceeding slower than many employees would like, and that’s partly on purpose. In response to workers’ concerns, the company told Wired in a statement that it had capped orders for the safety gear (which goes through the company store) to “thousands” per day. It needed to slow the rate of fulfillment to make sure each order was coming from a real shopper. The problem, though, is that the process appears to be fraught with issues.
There’s no queue, so workers have to check every day for stock — and supplies may only be available for minutes before they run out. The company reportedly hasn’t said much about how to place orders or when, either. The lack of info has led to shoppers relying on unofficial communities to get details."
4,"{'id': 'engadget', 'name': 'Engadget'}",Steve Dent,Apple and Google will release COVID-19 contact-tracing tools next week,"Apple and Google’s COVID-19 contact tracking technology will be released to developers on April 28th, weeks before the companies initially said it would arrive. Tim Cook revealed the information to European commissioner Thierry Breton after the two met by vid…",https://www.engadget.com/tim-cook-eu-google-apple-api-130642940.html,https://o.aolcdn.com/images/dims?resize=1200%2C630&crop=1200%2C630%2C0%2C0&quality=80&image_uri=https%3A%2F%2Fs.yimg.com%2Fos%2Fcreatr-uploaded-images%2F2020-04%2F9e8a6e30-8558-11ea-a76e-a23cede3b804&client=amp-blogside-v2&signature=24394a13db6fd2b27927156de285a8d4ca0c5a8a,2020-04-23T13:06:42Z,"France is also developing its own COVID-19 tracking app, set to be ready on May 11th when the pandemic lockdown orders are to be lifted in the nation. However, the French government plans to use Bluetooth technology, in part, to do that, and is stymied by restrictions Apple has placed on how third-party apps can use Bluetooth data. Breton didn’t address that point, however, saying that “technical considerations must be settled at the member state [and not the EU] level.”
The video chat with Cook follows a similar chat Breton held with Google CEO Sundar Pichai and YouTube’s Susan Wojcicki. During that chat, he asked Google about the contact tracing app and requested that the company limited streaming data rates to reduce strain on Europe’s broadband infrastructure. Most services, including Netflix, YouTube and others have agreed do that."
5,"{'id': 'engadget', 'name': 'Engadget'}",Jon Fingas,Apple's COVID-19 screening tool can anonymously share symptoms with the CDC,Apple’s COVID-19 screening tool now helps you contribute to the public good in addition to providing personalized advice. TechCrunch notes that Apple has updated both its iOS app and website with anonymous symptom and health info sharing with the CDC. Agree a…,https://www.engadget.com/apple-covid-19-screening-tool-symptom-sharing-133040159.html,https://o.aolcdn.com/images/dims?resize=1200%2C630&crop=1200%2C630%2C0%2C0&quality=95&image_uri=https%3A%2F%2Fs.yimg.com%2Fos%2Fcreatr-uploaded-images%2F2020-06%2F98e51300-aa4b-11ea-8fdf-0095b9069008&client=amp-blogside-v2&signature=e99f87494a905ecf03852b04323703377df8dd4b,2020-06-09T13:30:40Z,"Apple’s COVID-19 screening tool now helps you contribute to the public good in addition to providing personalized advice. TechCrunchnotes that Apple has updated both its iOS app and website with anonymous symptom and health info sharing with the CDC. Agree and you’ll send your condition as well as non-identifying data like your age bracket, exposure risks and state. The CDC will aggregate the info and use it to improve screening protocols. You may want to run through the tool even if you’ve used it recently, then, if just to give health experts more data.
This isn’t linked to the COVID-19 exposure notification framework that Apple jointly developed with Google. That API is meant to alert people who may have been unwittingly exposed to an infected person."
6,"{'id': 'engadget', 'name': 'Engadget'}",Ann Smajstrla,Amazon hopes a small bonus will please staff working through COVID-19,"Amazon is paying its logistics workers a one-time $500 bonus as a “thank you” for working on the front lines during the coronavirus pandemic, according to a company blog post. The bonus comes after Amazon’s response to the pandemic prompted criticism from emp…",https://www.engadget.com/amazon-bonus-covid-19-195805157.html,https://o.aolcdn.com/images/dims?resize=1200%2C630&crop=1200%2C630%2C0%2C0&quality=95&image_uri=https%3A%2F%2Fs.yimg.com%2Fos%2Fcreatr-images%2F2020-05%2F58992670-9d39-11ea-af7c-a27195feace0&client=amp-blogside-v2&signature=9a386234bc889868ae6ceee05bae4de031968c5e,2020-06-29T19:58:05Z,"Amazon is paying its logistics workers a one-time $500 bonus as a “thank you” for working on the front lines during the coronavirus pandemic, according to a company blog post. The bonus comes after Amazon’s response to the pandemic prompted criticism from employees, along with a lawsuit from workers in Staten Island and a two-day strike at a warehouse in Germany.
The bonus will be issued to “All front-line employees and partners who were with the company throughout the month of June,” according to the blog post. Most full-time employees, including Whole Foods Market employees and Delivery Service Partner drivers, will receive a bonus of $500. The bonus varies in amount depending on an employee’s position, with some bonuses totalling as high as $3,000. The move will cost the company $500 million overall."
7,"{'id': 'engadget', 'name': 'Engadget'}",Christine Fisher,A new Broadway musical will premiere on Netflix due to COVID-19,"Due to the pandemic, movies like Tom Hanks’ Greyhound have been forced to premiere on streaming services. Now, Broadway is taking note. Diana: A New Musical will premiere on Netflix ahead of its 2021 Broadway opening.The musical about the late Princess Diana …",https://www.engadget.com/netflix-premiere-diana-broadway-musical-2021-164556763.html,https://o.aolcdn.com/images/dims?resize=1200%2C630&crop=1200%2C630%2C0%2C0&quality=95&image_uri=https%3A%2F%2Fs.yimg.com%2Fos%2Fcreatr-uploaded-images%2F2020-08%2F7dbb5170-dcb9-11ea-be77-ee82e11e474f&client=amp-blogside-v2&signature=4cac1a155ede9d4ad6209f0f8ec5ea2f452a0738,2020-08-12T16:45:56Z,"Due to the pandemic, movies like Tom Hanks’ Greyhound have been forced to premiere on streaming services. Now, Broadway is taking note. Diana: A New Musical will premiere on Netflix ahead of its 2021 Broadway opening.
The musical about the late Princess Diana was scheduled to open on March 31st, but it was put on hiatus due to the pandemic. Now, it will be filmed without an audience in the Longacre Theatre and will appear on Netflix ahead of its Broadway opening, rescheduled for May 25th, 2021."
8,"{'id': 'engadget', 'name': 'Engadget'}",Christine Fisher,US senators ask Amazon why it keeps firing COVID-19 whistleblowers,"A group of nine senators, including past presidential hopefuls Bernie Sanders, Elizabeth Warren, Kamala Harris and Cory Booker, want to know why Amazon keeps firing COVID-19 whistleblowers. The senators penned a letter to the company asking about its “policie…",https://www.engadget.com/senators-question-amazon-covid-19-whistleblower-firings-185144658.html,https://o.aolcdn.com/images/dims?resize=1200%2C630&crop=1200%2C630%2C0%2C0&quality=80&image_uri=https%3A%2F%2Fs.yimg.com%2Fos%2Fcreatr-images%2F2020-05%2F47b9e9a0-9093-11ea-affb-c3580aa7bb62&client=amp-blogside-v2&signature=fc1d32eba3a9338d08dd943299e9be87d057bc99,2020-05-07T18:51:44Z,"Earlier this week, AWS vice president Tim Bray quit over what he sees is an attempt to punish whistleblowers who express concerns about lacking COVID-19 protections. Meanwhile, the National Labor Relations Board is looking into claims of retaliation against employees who organize or participate in protests.
Amazon has responded to criticism around its coronavirus response with a pledge to provide masks and conduct temperature scans, and CEO Jeff Bezos said the company will spend $4 billion on COVID-19 related expenses, including “keeping employees safe.” But Amazon is facing pressure abroad too, and it is being questioned regarding alleged data abuse.
As The Verge notes, in the past, Amazon has justified firing outspoken employees with vague claims that they violated internal policies. But with increased pressure on several fronts and big names like Sanders and Warren behind this letter, Amazon may have to offer a more in depth explanation.
Engadget has reached out to Amazon for comment."
9,"{'id': 'engadget', 'name': 'Engadget'}",Jon Fingas,India requires all workers to use its COVID-19 tracking app,"COVID-19 contact tracing apps are frequently voluntary in those countries that have rolled them out so far, but India’s is effectively mandatory. The country’s home ministry will require that all workers, public or private, use its Aarogya Setu app starting M…",https://www.engadget.com/india-requires-workers-to-use-covid-19-app-042811484.html,https://o.aolcdn.com/images/dims?resize=1200%2C630&crop=1200%2C630%2C0%2C0&quality=80&image_uri=https%3A%2F%2Fs.yimg.com%2Fos%2Fcreatr-images%2F2020-05%2Fdca37fd0-8cc5-11ea-a3b8-e81572a2b5f7&client=amp-blogside-v2&signature=2eb06bc3da07c34f62b391316a6b142c3bcb7fc1,2020-05-03T04:28:11Z,"Like in other countries, widespread adoption of contact tracing apps could prove vital to curbing the spread of the new coronavirus. They might reduce or eliminate the need for further lockdowns while humanity waits for a vaccine. However, governments have generally shied away from requiring these apps, in part to assuage fears they might be used for mass surveillance. India clearly isn’t as worried about public perception.
Privacy activists aren’t happy, to no one’s surprise. Although the app relies on anonymous device identities and stores encrypted records of Bluetooth interactions with other devices, the Internet Freedom Foundation said the app doesn’t meet data protection standards or provide enough transparency for algorithms. Mozilla warned that it wasn’t certain how Aarogya Setu’s data would be used, and that there weren’t sufficient privacy laws to protect the public. This won’t necessarily lead to abuses of power, but there might not be much to stop those misuses if they do occur."
10,"{'id': 'engadget', 'name': 'Engadget'}",Jon Fingas,Airbnb will lay off 25 percent of its workforce due to COVID-19,"The COVID-19 pandemic has effectively gutted Airbnb’s core business, and the company is taking drastic action to stay afloat while people aren’t travelling. The company has confirmed to TechCrunch that it’s laying off 1,900 employees, or just over 25 percent …",https://www.engadget.com/airbnb-to-lay-off-25-percent-of-workforce-195225679.html,https://o.aolcdn.com/images/dims?resize=1200%2C630&crop=1200%2C630%2C0%2C0&quality=80&image_uri=https%3A%2F%2Fs.yimg.com%2Fos%2Fcreatr-images%2F2020-05%2Fb15d5100-8f06-11ea-b7b2-e33e6b641d99&client=amp-blogside-v2&signature=8d3caec11cdf01a340a0dcb529968db04df80610,2020-05-05T19:52:25Z,"Departing staff will get 14 weeks of pay, plus another week for every year they’ve worked at Airbnb, and will get a year’s worth of health insurance in the US. International workers will get health coverage through the end of 2020. Employees who’ve worked for less than a year can buy their vested share options.
Airbnb has a degree of cushioning. It scrambled to raise capital once the pandemic hit, including $2 billion in debt. All the same, it’s easy to see why the company would cut jobs to such a severe degree. While lockdowns are beginning to lift, it could be a long time until travel resumes in earnest, let alone until enough travellers are comfortable that Airbnb sees pre-pandemic booking levels. The layoffs might help Airbnb survive until that point without having to ask for more money."
11,"{'id': 'engadget', 'name': 'Engadget'}",Christine Fisher,Researchers say Oura rings can predict COVID-19 symptoms three days early,"One of the challenges to curbing the spread of COVID-19 is that asymptomatic individuals, or carriers, can spread the virus before they realize they are infected. In April, researchers from West Virginia University’s (WVU) Rockefeller Neuroscience Institute (…",https://www.engadget.com/west-virginia-university-oura-ring-covid-19-symptoms-003239603.html,https://o.aolcdn.com/images/dims?resize=1200%2C630&crop=1200%2C630%2C0%2C0&quality=95&image_uri=https%3A%2F%2Fs.yimg.com%2Fos%2Fcreatr-uploaded-images%2F2020-06%2F822879c0-a449-11ea-bff7-75c451c341e8&client=amp-blogside-v2&signature=2f29c6af9bb6db7e23016dc36440ea2ff9b4fd7d,2020-06-02T00:32:39Z,"While the platform could be better than nothing, a 90 percent accuracy rate still leaves room for asymptomatic individuals to slip through the cracks. If 1,000 people use the system, 100 people may still get inaccurate results. So while this shows promise and it could indicate the kinds of solutions we’ll have in the future, it may take some time before something like this is ready for real-world use.
“We feel this platform will be integral to protecting our healthcare workers, first responders and communities as we adjust to life in the COVID-19 era,” said Ali Rezai, RNI executive chair.
The platform is currently being tested by more than 600 healthcare professionals and first responders, and RNI is working with partners like Thomas Jefferson University and Vanderbilt University to scale the test to include more than 10,000 participants. 
The study isn’t the only attempt to use the rings to predict COVID-19 infections. Researchers from the University of California San Francisco (UCSF) are also exploring how Oura Ring might be used to detect the virus in emergency medical workers.
“We are hopeful that Oura’s technology will advance how people identify and understand our body’s most nuanced physiological signals and warning signs, as they relate to infectious diseases like COVID-19,” Oura Health CEO Harpreet Rai said in a statement."
12,"{'id': 'engadget', 'name': 'Engadget'}",Christine Fisher,Google holds off on reopening US offices due to the latest COVID-19 spike,"Google isn’t ready to bring workers back just yet. The company originally planned to call select employees back to the office beginning July 6th. Now, it says all US offices will remain closed until at least September 7th due to the recent spike in coronaviru…",https://www.engadget.com/google-covid-19-delays-offices-opening-133321539.html,https://o.aolcdn.com/images/dims?resize=1200%2C630&crop=1200%2C630%2C0%2C0&quality=95&image_uri=https%3A%2F%2Fs.yimg.com%2Fos%2Fcreatr-images%2F2020-03%2Fe75fd9a0-6330-11ea-affe-89217b80d8f4&client=amp-blogside-v2&signature=aa76af151bc1bab06e37ea23f944a8fc470b24a4,2020-07-01T13:33:21Z,"On Tuesday, California saw its highest single-day increase in cases (8,441) since the start of the pandemic. The US also saw its biggest one-day spike, with 47,000 new cases.
Google originally planned to bring necessary employees in on a “rotating basis,” with about 10 percent capacity. The company hoped to slowly increase that capacity to 30 percent by September. Google will likely take a similar, phased approach when it does eventually open, and it has promised “rigorous” safety measures.
Google employees have been working from home since early March, and the company said they will not be forced to return for the remainder of 2020. Facebook told its employees to work from home for the rest of the year, too. Amazon HQ employees are working from home until at least October, and Twitter will let employees work from home indefinitely."
13,"{'id': 'engadget', 'name': 'Engadget'}",Engadget,The Morning After: COVID-19 delays Super Nintendo World theme park indefinitely,"The week starts without any Microsoft news bombs — it was busy enough last week for the company. So, instead, my attention is was drawn to Super Nintendo World. Universal Studios’ theme park in Japan tentatively reopened to visitors on June 8th, but over the …",https://www.engadget.com/the-morning-after-nintendo-theme-park-113033164.html,https://o.aolcdn.com/images/dims?resize=1200%2C630&crop=1200%2C630%2C0%2C0&quality=95&image_uri=https%3A%2F%2Fs.yimg.com%2Fos%2Fcreatr-uploaded-images%2F2020-06%2F668df7c0-b9e9-11ea-bdff-b4cabb13bc54&client=amp-blogside-v2&signature=acb0510d9ac3161b9dca351f12371e825902bab4,2020-06-29T11:30:33Z,"The week starts without any Microsoft news bombs — it was busy enough last week for the company. 
So, instead, my attention is was drawn to Super Nintendo World. Universal Studios’ theme park in Japan tentatively reopened to visitors on June 8th, but over the weekend, we heard its highly anticipated Super Nintendo World section is delayed, indefinitely. NHK reports that the company postponed the Nintendo area’s debut after originally intending to kick things off in late July. Predictably, it’s a precaution against the chances of increasing COVID-19 infection rates. Universal Studios is only allowing park visitors from the surrounding Kansai region and has effectively cut visitor numbers in half.
I’ll put my Mario cap back into storage, ready for when I can make the trip and the park has opened.
— Mat
This year's iPhones might not include a charger in the box
It may be for cost-cutting and environmental reasons.
Analyst Ming-Chi Kuo, who’s been correct pretty often in the past, claims that 2020 iPhone models will not only skimp on the usual headphones but won’t include the power adapter either — you may get just a charging cable. There would be a more powerful 20W charger (versus the 18W for the iPhone 11 Pro) made available, but you’d have to buy it after the fact.
Kuo believes this would be a way to cut costs and offset the higher price of 5G wireless technology. There would also be an eco-friendly hook. Environmental critics have argued that including power adapters is frequently a waste when many people have chargers from previous phones or will top up using their computers. I’ll admit to having too many (pretty useless) low-watt phone chargers — so this sounds like a good idea. Continue reading.
Blackpink breaks YouTube's 24-hour viewing record
It comes over a year after BTS set the bar.
K-pop lynchpin BTS’ YouTube viewership record has been broken over a year later. Variety reports that K-pop band Blackpink managed to break the record for the most views in 24 hours, racking up 82.4 million views for its new “How You Like That” music video versus BTS’ 74.6 million for “Boy With Luv.” It might also be the fastest video to reach 100 million views — it claimed 94 million watches in just 30 hours. Continue reading.
OnePlus’ incoming affordable phone may feature dual selfie cameras
Back to fundamentals.
When OnePlus entered the smartphone scene back in 2014, the company’s phones were some of the best value phones you could buy for a while. But that changed slowly — mostly with regard to prices, which have crept up each year. And now, the $899 OnePlus 8 Pro is only $100 less than the iPhone 11 Pro and Galaxy S20.
OnePlus is apparently going back to its roots, with a new, more affordable phone series. OnePlus CEO Pete Lau said the company plans to introduce a new line initially in India and Europe before bringing it to North America. Spec-wise, rumors suggest a 32-megapixel main sensor and an 8-megapixel secondary sensor supporting a wide-angle lens. The Nord will house the cameras in a display cutout at the top-left corner of the screen. Dual front-facing cameras would be a first for OnePlus, mid-priced phone or not. Continue reading.
Sponsored Content by Stack Commerce"
14,"{'id': 'engadget', 'name': 'Engadget'}",Mariella Moon,Lime report shows micromobility travel poses the lowest risk of contracting COVID-19,"Lime has teamed up with cardiologist Dr. Mauro Montevecchi to write a white paper, which shows that using shared bikes and scooters — if you don’t have your own — is the best way to travel to avoid COVID-19. Yes, Lime will definitely benefit from people choos…",https://www.engadget.com/lime-report-micromobility-travel-avoid-covid-19-130251959.html,https://o.aolcdn.com/images/dims?resize=1200%2C630&crop=1200%2C630%2C0%2C0&quality=95&image_uri=https%3A%2F%2Fs.yimg.com%2Fos%2Fcreatr-uploaded-images%2F2020-06%2Fe208ca40-b20c-11ea-af9b-3372c9720b4e&client=amp-blogside-v2&signature=ddb61ec73a2381fa64ebdcfe7f67ee2b057a275c,2020-06-19T13:02:51Z,"“The scientific literature suggests that as an open-air mode that allows for social distancing, micromobility carries a much lower baseline risk of transmission than other shared modes,” the company writes. Lime compared shared bikes and scooters with taxi and ride-hailing services for the white paper, showing how going for the latter will put you at a higher risk of infection based on current studies.
Despite having a lower risk of infection, Lime admits that shared scooter and bike operators can further mitigate risks by cleaning their vehicles thoroughly and more frequently. It also suggests educating riders and encouraging them to use alcohol, as well as having employees use PPE when needed."
15,"{'id': 'engadget', 'name': 'Engadget'}",Ann Smajstrla,The first US COVID-19 app built on Apple and Google tracking tech is here,"The Virginia Department of Health has launched COVIDWISE, an app that uses Apple and Google’s COVID-19 contact tracing technology to track coronavirus cases and notify users when they may have been exposed. State officials had been beta testing the app, which…",https://www.engadget.com/virginia-covid-19-apple-google-exposure-notification-sytem-210500036.html,https://o.aolcdn.com/images/dims?resize=1200%2C630&crop=1200%2C630%2C0%2C0&quality=95&image_uri=https%3A%2F%2Fs.yimg.com%2Fos%2Fcreatr-images%2F2020-05%2F9aa9dde0-8bd5-11ea-90ff-ce8a135c31a9&client=amp-blogside-v2&signature=c4f427e5d8dbb32425effae86061035e4449d452,2020-08-05T21:05:00Z,"If an app user tests positive for COVID-19, a VDH official will give them a personal identification number that will be used to report the positive result to the app. Each day, phones with the app download a list of all the anonymous beacons associated with positive COVID-19 cases, and checks them against the list of beacons it has encountered in the previous two weeks. If there is a match, the user is notified and given steps to keep themselves and those around them safe.
Participation in the app is voluntary. The more that people download the app, the more effective it will be, Virginia health official Dr. Danny Avila told VPM. While the app could be helpful in letting people know whether they’ve encountered a COVID-19 case, it’s not a replacement for more rigorous forms of contact tracing that involve government officials obtaining an infected person’s information.
Virginia is the first state to use the exposure notification API. North Dakota, Alabama and South Carolina have signed on to use it, but haven’t launched public apps yet, according to 9to5 Mac."
16,"{'id': 'engadget', 'name': 'Engadget'}",Karissa Bell,Facebook will show pop-ups before you share articles about COVID-19,Facebook is taking yet another step to make it harder for bad information about the coronavirus pandemic to spread. The social network will begin surfacing a new pop-up that appears any time a user shares a link to content about COVID-19. The notification wil…,https://www.engadget.com/facebook-pop-up-warnings-coronavirus-articles-200556011.html,https://o.aolcdn.com/images/dims?resize=1200%2C630&crop=1200%2C630%2C0%2C0&quality=95&image_uri=https%3A%2F%2Fs.yimg.com%2Fos%2Fcreatr-uploaded-images%2F2020-08%2F81b52aa0-dcd5-11ea-b7e7-8e270af005c6&client=amp-blogside-v2&signature=58921caac3b1e7ac34b03e837b5ae7fbead5a889,2020-08-12T20:05:56Z,"By adding an extra layer of context, Facebook is hoping to slow the spread of outdated or less credible information (official health organizations like the WHO are exempted from the notifications.) “The notification will help people understand the recency and source of the content before they share it,” Facebook writes in an update. 
Despite its efforts to elevate content from authoritative sources, Facebook has struggled to tamp down viral misinformation about the pandemic. The company revealed Tuesday that it had removed 7 million posts about the coronavirus and added fact-checking labels to 98 million more."
17,"{'id': 'techcrunch', 'name': 'TechCrunch'}",Walter Thompson,Five success factors for behavioral health startups,We believe there’s an enormous opportunity to digitize behavioral health right now—and COVID-19 is only making it bigger.,http://techcrunch.com/2020/08/13/five-success-factors-for-behavioral-health-startups/,https://techcrunch.com/wp-content/uploads/2020/08/GettyImages-sb10064839r-001.jpg?w=488,2020-08-13T18:19:29Z,"Telehealth, or remote, tech-enabled healthcare, has existed for years in primary medical care through companies like Teladoc (NYSE: TDOC), Doctors on Demand and MDLIVE.
In recent years, the application of telehealth had rapidly expanded to address specific chronic and behavioral health issues like mental health, weight loss and nutrition, addiction, diabetes and hypertension, etc. These are real and oftentimes very severe issues faced by people all over the world, yet until now have seen little to no use of technology in providing care.
We believe behavioral health is particularly suited to benefit from the digitization trends COVID-19 has accelerated. Previously, weve written about the pandemic’s impact on online learning and education, both for K-12 students and adult learners. But behavioral health is another area impacted by the fundamental change in consumers behavior today. Below are four reasons we think the time is now for behavioral health startups — followed by five key factors we think characterize successful companies in this area.
Telehealth can significantly lower the cost of care
Traditional behavioral healthcare is cost-prohibitive for most people. In-person therapy costs $100+ per session in the U.S., and many mental health and substance-use providers dont accept insurance because they dont get paid enough by insurers.
By contrast, telehealth reduces overhead costs and scales more effectively. Leveraging technology, providers can treat more patients in less time with almost zero marginal costs. Mobile-based communications enable asynchronous care that further helps providers scale. Access to digital content gives patients on-going support without the need for a human on the other side. This is particularly useful in treating behavioral health issues where ongoing support and motivation may be necessary.
Technology unlocks supply in “shadow markets” of providers
Globally, we face an extreme shortage of behavioral health providers. For example, the United States has fewer than 30,000 licensed psychiatrists (translating to &lt;1 for every 10,000 people). Outside of big cities, the problem gets worse: ~50-60% of nonmetro counties have no psychologists or psychiatrists at all.
Even when providers are available, wait times for appointments are notoriously long. This is a huge issue when behavioral health conditions often require timely intervention.
We are seeing new platforms build large networks of certified coaches, licensed psychologists and psychiatrists, and other providers, aggregating supply in what has historically been a scarce and a highly fragmented provider population.
Behavioral/mental health issues are losing their stigma
We believe the stigma associated with mental illness and other behavioral health conditions is dissipating. More and more public figures are speaking out about their struggle with anxiety, depression, addiction and other behavioral health issues. Our zeitgeist is shifting fast, and theres an all-time high in people seeking help as the Google Trends data below demonstrates.
Image Credits: Google
Note: The anomalous dip in March/April 20 was driven by mandatory shelter-in-place due to COVID-19.
Policy and regulations are changing quickly"
18,"{'id': 'engadget', 'name': 'Engadget'}",Christine Fisher,UK will begin testing its COVID-19 tracking app this week,"The UK will begin testing its COVID-19 tracking app this week. To start, the National Health Service (NHS) will pilot the app on the Isle of Wight, along with more testing and broader contact tracing efforts, Reuters reports.Health service and council staff o…",https://www.engadget.com/uk-covid-19-contact-tracing-pilot-200130686.html,https://o.aolcdn.com/images/dims?resize=1200%2C630&crop=1200%2C630%2C0%2C0&quality=80&image_uri=https%3A%2F%2Fs.yimg.com%2Fos%2Fcreatr-images%2F2020-05%2F9e671bb0-8e40-11ea-86fd-2404da12d9d7&client=amp-blogside-v2&signature=6b62051eb0f48b0b93c613472f9d4ac99cb354a3,2020-05-04T20:01:30Z,"As previously reported, the UK will break from the Apple-Google “decentralized” approach. Instead, the NHS’s technology group NHSX chose a centralized model, in which a list of contacts made via Bluetooth signals will be stored on users’ devices as anonymous tokens. If a user has symptoms or tests positive, the contacts can be submitted to the app, which analyzes the data and sends notifications if necessary.
While critics say the centralized approach raises privacy concerns, NHSX CEO Matthew Gould told Reuters that the group “put privacy right at the heart” of the app. He explained that the app doesn’t know who users are, where they are or who they’ve been near. Britain’s Information Commissioner Elizabeth Denham pointed out that the centralized approach will allow the UK to gather more insights into the virus, something a decentralized approach might limit.
Just yesterday, France announced that it will begin testing its COVID-19 tracking app beginning May 11th, and Australia has already launched its own version. In the US, a group of senators is working on a bill that would set requirements for data collection and transparency in COVID-19 tracking apps, and Apple and Google have outlined how public health authorities around the world can use their upcoming tracking system to preserve user privacy."
19,"{'id': 'engadget', 'name': 'Engadget'}",Chris Velazco,Apple's growth stalls as it deals with COVID-19's impact,"Apple released its latest earnings this afternoon for the first time since the COVID-19 outbreak began to reshape lives and economies, and the results are unsurprisingly mixed. The company saw slumps in hardware sales almost across the board, but it reported …",https://www.engadget.com/apple-q2-2020-earnings-covid-19-211556715.html,https://o.aolcdn.com/images/dims?resize=1200%2C630&crop=1200%2C630%2C0%2C0&quality=80&image_uri=https%3A%2F%2Fs.yimg.com%2Fos%2Fcreatr-images%2F2020-04%2F3485a6d0-8b20-11ea-bfff-50549d25b0ab&client=amp-blogside-v2&signature=65040fd921156cc71db912f8254e6bf75b7b7cd8,2020-04-30T21:15:56Z,"Apple released its quarterly earnings this afternoon for the first time since the COVID-19 outbreak began to reshape lives and economies, and the results are unsurprisingly mixed. The company saw slumps in hardware sales almost across the board, but it reported a total of $58.3 billion in revenue -- just edging out its performance this time last year.
“Despite COVID-19’s unprecedented global impact, we’re proud to report that Apple grew for the quarter,” CEO Tim Cook said in a statement. 
Today’s results didn’t come out of the blue. Earlier this year, Apple confirmed to its shareholders that it would not meet its previous revenue guidance of between $63 billion and $67 billion because of a “slower return to normal conditions” than the company had anticipated. Cook noted today that, before the coronavirus had begun to reach massive proportions, Apple was expecting a highly successful quarter with revenue near the top of its guidance.
In this past quarter, Apple has continued with its work as best as possible and pushed forward with new product releases, including updated versions of the iPad Pro and MacBook Air. Those devices were released too late to have a significant impact on these results, though. Despite raking in $4.37 billion from its iPad business and $5.35 billion off Mac sales, the company still fell short of the watermark it set this time last year. Since it accounts for the majority of Apple's business, it's little surprise Apple's iPhone business took the brunt of the damage -- sales fell from $31 billion in the year-ago quarter to $28.9 billion this time. Apple didn't elaborate on the cause of this dramatic dip in its initial release, but soft sales in China and coronavirus-related production delays likely contributed to the situation. 
Despite these sales slumps, Apple did report a few successes in this quarter. The company's services business -- which has quickly become one of Apple's most crucial growth areas -- made all-time high $13.3 billion. Sales in Apple's Wearables, Home and Accessories category surged slightly, too, generating $6.3 billion for the company. 
For now at least, Apple seems to be holding everything together quite well, but there's one important thing to remember: This is the last quarter on the books that wasn't completely influenced by the worldwide COVID-19 outbreak. (Apple's Q2 started at the beginning of January 2020, before the coronavirus situation began to spiral.) As a result, the big changes we've all had to grapple with will be more fully reflected in the company's next earnings release. For instance, Apple closed all of its stores outside Greater China on March 13th, two weeks before the end of Q2. The effects of that decision will likely have a huge impact on Apple's next batch of financials, as will the new iPhone SE, which seems well-positioned to help Apple gain ground with value-minded consumers. For now, we'll have to see how things play out; Apple will certainly face questions about the future of its supply chains, production capability and new hardware development during its customary earnings call, and we’ll update this story with any notable tidbits."
