,source,author,title,description,url,urlToImage,publishedAt,content
0,"{'id': 'engadget', 'name': 'Engadget'}",Ann Smajstrla,Yelp lets businesses share how they're enforcing COVID-19 safety precautions,"As more parts of the world are “reopening,” people may be wondering how service could be different at a local store or restaurant. With this in mind, Yelp has made two major changes: the addition of a COVID-19 business updates section, and waitlist updates fo…",https://www.engadget.com/yelp-lets-businesses-share-covid-19-safety-precautions-110007171.html,https://o.aolcdn.com/images/dims?resize=1200%2C630&crop=1200%2C630%2C0%2C0&quality=95&image_uri=https%3A%2F%2Fs.yimg.com%2Fos%2Fcreatr-uploaded-images%2F2020-06%2F10988190-aaa4-11ea-bfff-99519783fa2f&client=amp-blogside-v2&signature=509dab8292166ddd74def8dde425be71a70c0cd8,2020-06-16T11:00:07Z,"As more parts of the world are “reopening,” people may be wondering how service could be different at a local store or restaurant. With this in mind, Yelp has made two major changes: the addition of a COVID-19 business updates section, and waitlist updates for restaurants. The features went live today and are meant to give consumers more information that will help them and staff stay healthy, Yelp said in an email.
Since late March, Yelp business pages have featured a COVID-19 banner in which businesses can communicate whether they’re temporarily closed, if they’ve adjusted their hours and how they’re operating. Now, the banner has been expanded to the “COVID-19 business updates section,” allowing businesses to share significantly more information. A business can post any updates to service, such as if it’s offering dine-in service, curbside pickup, or both. Businesses can also use the banner to inform customers of any safety measures they’re enacting, such as “enforcing social distancing, sanitizing between customers, mandating staff wear masks and/or gloves, providing hand sanitizer or contactless payment, and more.”"
1,"{'id': 'engadget', 'name': 'Engadget'}",Jon Fingas,Amazon workers sue over alleged failure to follow COVID-19 guidelines,Amazon is facing more scrutiny over its handling of COVID-19 at its warehouses. Workers at the internet retailer’s Staten Island warehouse have filed a lawsuit (via CNBC) accusing the company of failing to follow CDC and New York state public health guideline…,https://www.engadget.com/amazon-workers-sue-over-covid-19-guidelines-164638980.html,https://o.aolcdn.com/images/dims?resize=1200%2C630&crop=1200%2C630%2C0%2C0&quality=95&image_uri=https%3A%2F%2Fs.yimg.com%2Fos%2Fcreatr-images%2F2020-05%2F7bfe3f20-8bdb-11ea-8fd6-3579a0ddf2a9&client=amp-blogside-v2&signature=03f0b5c9ae907925ad4960a51f469d853c608b22,2020-06-07T16:46:38Z,"The lawsuit was filed with the support of groups Make the Road New York, Public Justice and Towards Justice.
We’ve asked Amazon for comment. In a statement to CNBC, it maintained that it followed all national and local health guidelines, including the CDC’s contact tracing approach. The firm reviews camera footage, checks where people were present and conducts interviews, according to a spokesperson. It also insisted that it immediately alerts all workers if there’s a positive case, and that it was up to employees to disclose if they tested positive.
Critics have already contended that Amazon’s approach isn’t enough, though, and doesn’t meet CDC guidelines despite claims to the contrary. Warehouse footage only covers 24 hours (not the 48 hours needed for CDC tracing) and likely doesn’t include high-contact areas like washrooms. It would also break CDC guidelines if it discouraged staff from revealing positive test results. As in the past, then, there appears to be a gap between what Amazon says it’s doing to protect workers and what people say is happening."
2,"{'id': 'engadget', 'name': 'Engadget'}",Christine Fisher,Sonos will lay off 12 percent of its workforce due to COVID-19,Sonos is the latest company to announce layoffs due to the COVID-19 pandemic. It plans to eliminate 12 percent of its global headcount and close its New York retail store and six satellite offices. The company outlined these plans in a filing with the Securit…,https://www.engadget.com/sonos-layoffs-covid-19-145239555.html,https://o.aolcdn.com/images/dims?resize=1200%2C630&crop=1200%2C630%2C0%2C0&quality=95&image_uri=https%3A%2F%2Fs.yimg.com%2Fos%2Fcreatr-uploaded-images%2F2020-06%2Fb267ac60-b627-11ea-831d-cd8f3c26c325&client=amp-blogside-v2&signature=23378d9fcf5af239abc5bab9543c16366d59a4bf,2020-06-24T14:52:39Z,"It isn’t clear exactly how many employees will be laid off. According to Sonos’ investor relations website, it currently has more than 1,450 full-time employees, so about 175 people may lose their jobs.
Since the pandemic began, several companies have made staff cuts. Uber announced plans to lay off as many as 6,700 employees. Lyft cut another 1,000. Airbnb shared plans to lay off 25 percent of its workforce, and Kickstarter will let up to 45 percent of its workers go. MagicLeap and GoPro also saw cuts.
In addition to the layoffs, Sonos’ board has approved a 20 percent reduction in the base salary of Sonos’ CEO through the end of this year. Other executives will see a pay cut through September 30th. All members of the board will forgo their cash retainer for the remainder of 2020. Those changes go into effect July 1st."
3,"{'id': 'engadget', 'name': 'Engadget'}",Jon Fingas,Super Nintendo World theme park opening delayed due to COVID-19,"Universal Studios’ theme park in Japan tentatively reopened to visitors on June 8th, but that doesn’t mean its upcoming Super Nintendo World section will be open on time. NHK says company has indefinitely delayed the Nintendo area’s debut after originally int…",https://www.engadget.com/universal-delays-super-nintendo-world-theme-park-214833102.html,https://o.aolcdn.com/images/dims?resize=1200%2C630&crop=1200%2C630%2C0%2C0&quality=95&image_uri=https%3A%2F%2Fs.yimg.com%2Fos%2Fcreatr-uploaded-images%2F2020-06%2Ff1068a70-b89f-11ea-9faf-28810319db9f&client=amp-blogside-v2&signature=be9f626eeb5d3aab00f39b5886dae84032886473,2020-06-27T21:48:33Z,"Universal Studios’ theme park in Japan tentatively reopened to visitors on June 8th, but that doesn’t mean its upcoming Super Nintendo World section will be open on time. NHK says company has indefinitely delayed the Nintendo area’s debut after originally intending to fling the gates open in late July. It won’t surprise you to hear as to why: Mario and crew are likely to increase the number of visitors, and that’s not what Universal wants while it’s already trying to keep attendance down due to the COVID-19 pandemic.
The company is only allowing park visitors from the surrounding Kansai region and has effectively cut visitor numbers in half."
4,"{'id': 'engadget', 'name': 'Engadget'}",Christine Fisher,‘Mafia: Definitive Edition’ is delayed until September due to COVID-19,"If you were hoping to play Mafia: Definitive Edition later this summer, you’ll have to wait just a little longer. Today, 2K Games announced that the re-make of the original 2002 game will arrive on September 25th, not August 28th as originally planned. Unsurp…",https://www.engadget.com/mafia-definitive-edition-delay-september-25th-165550506.html,https://o.aolcdn.com/images/dims?resize=1200%2C630&crop=1200%2C630%2C0%2C0&quality=95&image_uri=https%3A%2F%2Fs.yimg.com%2Fos%2Fcreatr-uploaded-images%2F2020-07%2F26d81660-c06f-11ea-bf86-dffa240e3f72&client=amp-blogside-v2&signature=769ea7f559000ba96de4bfb1d1577b12a1985a2b,2020-07-07T16:55:50Z,"As a consolation for the delay, 2K Games has released a 15-second teaser, and the company plans to release an extended look at Mafia: Definitive Edition’s gameplay on July 22nd. Fans will be able to find that on the @mafiagame Twitter account.
Like Mafia II and Mafia III, Mafia I is being completely overhauled and rebuilt from the ground up by Hangar 13. 2K Games calls it a “faithful but expanded” 4K- and HDR-ready remake that improves both visuals and gameplay, builds on the narrative and adds new features like motorcycles and collectibles.
The “Definitive Editions” of Mafia II and Mafia III arrived in May, so fans can already play those remakes. While the updated second and third games arrived before the first, that shouldn’t be too much of an issue, as the three titles each have their own unique narratives. 
“From the beginning, this has been a passion project for us. Many of our developers helped create the original Mafia, and all of us are committed to crafting an updated experience worthy of that timeless classic. We appreciate your patience and understanding as we make Mafia: Definitive Edition the very best it can be for all of our fans worldwide,” 2K Games and Hangar 13 wrote."
5,"{'id': 'engadget', 'name': 'Engadget'}",Andrew Tarantola,AI predicts a Dodgers World Series win after a COVID-shortened season,"Major League Baseball is entering uncharted waters with the start of its COVID-abridged season today. Nobody’s really sure if the 60-game season will even be able to get through the World Series without disruption by the pandemic’s spread. However, one crowd-…",https://www.engadget.com/ai-predicts-a-dodgers-world-series-win-after-a-covi-dshortened-season-130014351.html,https://o.aolcdn.com/images/dims?resize=1200%2C630&crop=1200%2C630%2C0%2C0&quality=95&image_uri=https%3A%2F%2Fs.yimg.com%2Fos%2Fcreatr-images%2F2020-07%2F45816340-cc32-11ea-b35d-1427b237118b&client=amp-blogside-v2&signature=6be07d58229f32f6a48f4cba319b8a66468d7fea,2020-07-23T13:00:14Z,"“The fundamental core of our system is a technology that captures input from groups of people by connecting them together in real time using AI algorithms modeled after swarms,” Dr. Louis Rosenberg, Unanimous’ founder and chief scientist, told Engadget. To predict the outcome of the 2020 MLB season, Unanimous recruited 40 fans from around the country. “We captured their knowledge, wisdom, insight and intuition, in real time,” Rosenberg explained, “and allowed them to converge on these forecasts.” Those forecasts were then fine tuned using historical matchups and stats. 
Unanimous’ baseball predictions last year were accurate roughly 59 percent of the time, a significant advantage over the 55 percent success rate that professional handicappers typically achieve against the Vegas bookmakers. “So far this year in other sports we've been doing we've been over 60 percent accurate,” Rosenberg noted. “So, we’re really happy with how the system is getting even more accurate.”
The wrinkle for this year, however, is that the season is only 60 games long, rather than the standard 162. “It's hard to know if that'll help us or hurt us,” Rosenberg conceded. ”Vegas will probably struggle a little bit more than usual this year because they base their forecasts so much on pure mathematical models and previous years of baseball. Whereas our technology does use historical data but it's also capturing a real time sentiment, the knowledge and wisdom and insight of people.”
As such, Unanimous AI expects the Dodgers, Yankees, Twins and Astros to all win their respective divisions by wide margins, though it will be interesting to see how the Astros manage to pull that feat off without the stadium’s crowd noise to cover up the sound of their trash cans banging. The National League East and Central divisions are much more competitive, with the Nationals and Cardinals expected to narrowly beat out their respective challengers. 
Similarly, the company believes that the Dodgers will win the National league pennant and make it to their third World Series in four years. The Yankees have a similar advantage in the American League, though Atlanta, Minnesota, Houston, Oakland and Tampa Bay all appear in position to give New York a run for its money.
Should these predictions hold true, Unanimous’ AI predicts the Dodgers and Yankees will meet up for their 12th World Series faceoff. The Yanks have a chance to win it all for the first time since 2009 while the Dodgers might finally get to take home some hardware on their seventh try. That said, Unanimous did bet on the Astros winning out last year, just before the Nats caught fire and roundly pounded Houston over the course of sixty-three soul-cleansing innings."
6,"{'id': 'wired', 'name': 'Wired'}",Andy Greenberg,High-Stakes Security Set-Ups Are Making Remote Work Impossible,"Staffers at power grids, intelligence agencies, and more often don’t have the option to work from home, even in light of Covid-19.",https://www.wired.com/story/high-stakes-security-set-ups-making-remote-work-impossible/,"https://media.wired.com/photos/5e6ae011d582c600084545f0/191:100/w_1280,c_limit/Security_cybersecurity_172932125.jpg",2020-03-13T11:00:00Z,"It's a rule of thumb in cybersecurity that the more sensitive your system, the less you want it to touch the internet. But as the US hunkers down to limit the spread of Covid-19, cybersecurity measures presents a difficult technical challenge to working remotely for employees at critical infrastructure, intelligence agencies, and anywhere else with high-security networks. In some cases, working from home isn't an option at all.
Companies with especially sensitive data or operations often limit remote connections, segment networks to limit a hacker's access if they do get in, and sometimes even disconnect their most important machines from the internet altogether. Late last week, the US government's Cybersecurity and Infrastructure Security Agency issued an advisory to critical infrastructure companies to prepare for remote work scenarios as Covid-19 spreads. That means checking that their virtual private networks are patched, implementing multi-factor authentication, and testing out remote access scenarios.
But cybersecurity consultants who actually work with those high-stakes clientsincluding electric utilities, oil and gas firms, and manufacturing companiessay that it's not always so simple. For many of their most critical customers, and even more so for intelligence agencies, remote work and security don't mix.
""Organizations are realizing that work-from-home would be very difficult to execute,"" says Joe Slowik, who previously led the computer emergency response team at the Department of Energy before joining the critical-infrastructure-focused security firm Dragos. ""This should be a fairly good wake-up call. You need to figure out a way that if individuals cannot physically access the control system environment for a service that cannot stop, like electricity, water, and wastewater or similar services, you ensure continuous operationeven in the face of an environment where you might be risking your employees' lives if they continue to commute into the office.""
""Administrators are bumping each other off as they try to work and log in.""
Jake Williams, Rendition InfoSec
For many industrial networks, the highest standard of security is an ""air gap,"" a physical disconnect between the inner sanctum of software connected to physical equipment and the less sensitive, internet-connected IT systems. But very few private-sector firms, with the exception of highly regulated nuclear power utilities, have implemented actual air gaps. Many companies have instead attempted to restrict the connections between their IT networks and their so-called OT or operational technology networksthe industrial control systems where the compromise of digital computers could have dangerous effects, such as giving hackers access to an electric utility's circuit breakers or a manufacturing floor's robots.
Those restricted connections create chokepoints for hackers, but also for remote workers. Rendition InfoSec founder and security consultant Jake Williams describes one manufacturing client that carefully separated its IT and OT systems. Only ""jump boxes,"" servers that bridge the divide between sensitive manufacturing control systems and non-sensitive IT systems, connected them. Those jump boxes run very limited software to prevent them from serving as in-roads for hackers. But they also only support one connection at a time, which means the company's IT administrators have found themselves vying for access.
""Administrators are bumping each other off as they try to work and log in,"" says Williams. ""These jump boxes that were built to facilitate secure remote access in emergency situations weren't built to support this situation where everyone is performing routine maintenance and operations remotely.""
For the most critical of critical infrastructure, however, like power plants and oil refineries, remote work isn't just leading to technical snafus. It's often impossible for many staffers, says Chris Sistrunk, a security consultant for FireEye who formerly worked as an electrical engineer for power utility Entergy. ""There's no way to fully remotely run some of those plants,"" Sistrunk says. ""You don't work from home. Essential engineers and operators will always be there 24/7.""
In those scenarios, Dragos' Slowik says, companies have to instead try to limit the biological exposure of their most critical operations teams to prevent them from being quarantinedwhich is often easier said than done, given that they're free to mingle with potentially infected people during their off-hours. ""It's a real touchy subject,"" says Slowik. ""You need them available at the office, and you can only restrict them to a certain extentbecause we're not Chinaso how does that balance out?"""
7,"{'id': 'wired', 'name': 'Wired'}",Tyler Coates,"As Pandemic Strikes, Pop Culture Migrates to Streaming Sites","As Covid-19 shuts down the cultural events that unite fans, audiences are resorting to their own screens. Welcome to a new age of being alone together.",https://www.wired.com/story/coronavirus-streaming-pop-culture/,"https://media.wired.com/photos/5e6fa570d582c600084545fb/191:100/w_1280,c_limit/Cul-starwars-EP9-023042_C.jpg",2020-03-16T21:20:01Z,"For more than a year now, much of the discourse around popular culture has focused on one thing: the streaming wars. With the launches of Apple TV+ and Disney+and amidst the continued production of huge slates of content from behemoths like Netflix and Amazonstreaming services, taken as a whole, became a massive source of cultural output. No one ever expected theyd soon become the only source of it. Now, as the coronavirus pandemic spreads and social distancing becomes essential (please everyone, stay home if you can), streaming may become, for the foreseeable future, the main site of collective cultural experience. Schools are closing; movie theaters and performing arts spaces are shutting their doors; sports are on hold. Suddenly, the large libraries of Netflix, Amazon, Hulu, Apple, Disney+, Spotify, and so on, are the nexus of humanitys artistic consumption as everyone attempts to contain the spread of Covid-19 in their communities.
The effect of this on the entertainment industry so far is two-fold. On one hand, movie multiplexes, concert halls, Broadway theaters, and other venues are rapidly closing, impacting the revenues of those industries. On the other, the coronavirus outbreak has left people home-bound, with little else to do but binge-watch (and, OK, read; reading is good). Hollywood in particular began seeing the effects of the virus months ago; quarantines and lockdowns in Asia forced people to stay in their homes and away from movie theaters. Here in the United States, studios began postponing their big tentpole releases in the last two weeks; No Time to Die was pushed to November, and Mulan, A Quiet Place Part II, and F9 soon followed suit. (The Hunt, this generations most-cursed film, opened this weekend after its controversial political premise pushed it away from theaters in September.) Some projections show that Hollywood is on track to lose some $20 billion (an estimate thats likely to increase the longer lockdowns continue), and while studios like NBCUniversal are making the move to release some of their movies digitally at the same time they hit the theaters that remain open, that still wont recoup a ton of fundseven if it does give people more options for isolation viewing.
Thats not to say, however, there arent already plenty of options on streaming. But as those of us who started social distancing days ago may have discovered, theres so much to watch that its difficult to decide what to put on. For the first time in a long time, if ever, there is no big eventno marquee movie release, no TV premiere, no athletic championship or awards showthat can unite people, aside from perhaps watching the news. And while Disney+ has added Frozen 2 to its lineup three months early (it was previously only available for rental and purchase on various services), and Star Wars: The Rise of Skywalker is also available for purchase early ahead of its March 31 home video launch, neither are the kind of offering that will steer the conversation away from anything other than Covid-19even if that talking is limited to social media. If anything, the coronavirus crisis has made streaming services more necessary than ever, while also proving how ineffective they can be at shared cultural moments.
Read all of our coronavirus coverage here.
Is it possible there will be some big surprises in the next few weeks, some entertainment bailout for the bored masses eager to be told what to watch? Maybe. (We certainly wouldnt be upset if Beyoncé were to drop a new visual album out of nowhere.) But until then, folks are stuck choosing their own entertainment. Beyond maybe the suddenly relevant Contagion, no one seems to be watching the same thing. The result only adds to everyones social isolation. Folks are all doing their best to stay connected to one anotherpeople are watching each other play videogames on Twitch, teens are creating corona-content on TikTok, and your friends are all suddenly going live on Instagrambut few of those things replicate going to a concert or seeing the new Star Wars movie on opening night."
8,"{'id': 'wired', 'name': 'Wired'}","Medea Giordano, Jeffrey Van Camp",How to Make a CDC-Approved Cloth Face Mask (and Rules to Follow),"A fabric face covering won't protect you from getting Covid-19, but might help prevent you from spreading the virus if you must leave the house.",https://www.wired.com/story/how-to-make-a-cloth-face-mask/,"https://media.wired.com/photos/5e8e154a845a6c00080f0ee9/191:100/w_1280,c_limit/Gear-Mask-Making-1207508009.jpg",2020-04-09T18:00:00Z,"The time has come to start covering your face. As we reported April 3, the US Centers for Disease Control and Prevention now recommends all citizens voluntarily wear a cloth face mask for essential trips out of the house to the grocery store, doctor, or other public places where the 6-foot social distancing rules may be difficult to maintain. In short, most places.
Wearing a cloth mask might help protect people around you, if you happen to be infected with Covid-19 but do not have symptoms yet (these are Covid-19's typical symptoms). Some individuals infected with Covid-19 never show symptoms, or do not get very sick, especially if they are young. Basically, these masks mainly help others, not youthough if used properly, a cloth mask may help you avoid touching your face and infecting yourself while out of the house.
Be sure to frequently wash masks in the washing machine with regular detergent.
Whether you are wearing a face covering or not, the CDC still recommends that you:
<ul><li>Wash your hands regularly. Use soap and water, and wash them for at least 20 seconds. Hand sanitizer is acceptable to use if you are unable to wash your hands.
</li><li>Cover your face when coughing with a tissue or the inside of your elbow.
</li><li>Avoid touching your face, because you could transmit the virus from your hands into your mouth.
</li><li>Stay at home, except for essential trips outside like trips to the grocery store or to see your doctor. This is also called sheltering in place.
</li><li>Practice social distancing by staying at least 6 feet away from other people. The White House also recommends avoiding gatherings of 10 or more people, which should be easy because you're staying at home.
</li><li>Clean and disinfect frequently-touched surfaces daily (here's our Covid-19 cleaning guide).
</li></ul>Some Mask Rules:
<ul><li>Do not buy and hoard medical masks. Health care professionals are already facing a devastating shortage in supplies, and we should not use protective masks that ill patients and health care workers may need.
</li><li>Do not put a face mask on kids under 2 years oldor anyone who has difficulty breathing or might be unable to remove the mask themselves.
</li><li>Do not remove a mask by its mouth area. Grab it by the straps. Wash your hands after touching it.
</li><li>Do not just wear a standard bandana or scarf. Follow the instructions below to create a mask that has multiple layers and more tightly covers your face.
</li></ul>The CDC released directions for several DIY masks, as well as a short instructional video outlining its no-sew mask-making advice. We've put the instructions below."
9,"{'id': 'wired', 'name': 'Wired'}",Gregory Barber,Ventilator Makers Race to Prevent a Possible Shortage,Manufacturers are producing as many as they can to care for Covid-19 patients with breathing problems. Now the federal government is asking for even more.,https://www.wired.com/story/ventilator-makers-race-to-prevent-a-possible-shortage/,"https://media.wired.com/photos/5e715ffda87ec30009860e6b/191:100/w_1280,c_limit/Science_ventilator_1206950101.jpg",2020-03-18T22:01:59Z,"Eric Gjerde, CEO of Airon Corporation, a small ventilator maker in Gainesville, Florida, has been getting far more business than hed like in recent weeks. An Italian company asked him for 2,000 machines. His distributor in California, working with state officials there, asked for 500 more. Normally, his company sells 50 in a good month, Gjerde says, and they only keep so many parts on hand. He told the Italians no, and he told the Californians hed do his best. America has to come first, he says. 
On Monday, the California distributor came back to him: Could he send another 200? Of course they want them today, and you just cant do that, Gjerde says. Making ventilators is not a trivial process. But again, he said hed do what he could.
Plus: How can I avoid catching it? Is Covid-19 more deadly than the flu? Our in-house Know-It-Alls answer your questions.
As the number of Covid-19 cases surges, state governments and hospitals are clamoring for more ventilators and facing a dearth of supplies. The machines are a critical component in treating the most severe cases of the disease, in which inflammation restricts the amount of oxygen a persons lungs can take up on their own. Ventilators vary widely in cost and size, from portable units used at home and in ambulances to much larger machines found in intensive care units, but their purpose is the same: They force oxygen into the patients lungs, usually through intubation.
Some estimates suggest demand for ventilators may quickly overwhelm US hospitals supply, which includes about 160,000 machines, plus 12,000 more in federal reserves, according to a recent tally by Johns Hopkins researchers. Not all of those machines are suited to critical care and, of course, many of them are already in use by people with other respiratory conditions.
Whether the nation will face a shortage depends on whether social distancing measures can flatten the curve, reducing the number of people who need hospitalization at the same time, says Craig Coopersmith, director of critical care at Emory University School of Medicine. Right now were OK, but there will be shortages if the pandemic becomes severe enough, he says. For a preview, doctors need only look to the hardest-hit parts of Italy and China.
Days after telling governors to fend for themselves in obtaining critical supplies like ventilators, President Donald Trump on Wednesday announced he would invoke the Defense Production Act to ramp up the manufacture of critical supplies, including ventilators. Passed in 1950 at the start of the Korean War, the act allows the federal government to step in to ensure the steady flow of goods, including military weapons but also food and health supplies.
On Tuesday, Secretary of Defense Mark Esper also announced that his agency would distribute 2,000 ventilators from their own reserve to the Department of Health and Human Services, but noted that these machines are different from ones normally used in civilian settings and would require special training from defense personnel.
Its unclear what the immediate effect of Trumps announcement will be, although it will allow federal agencies to order needed supplies from manufacturers. The question is whether new machines can be produced quickly enough. The problem I have is that people have been seeing this coming for a long time and governments and hospitals just have not stockpiled, Gjerde says. These can sit in a box and never be touched. For now, hes had to say no to international orders, despite having distributors in Taiwan and Italy beg him for more.
Retooling a complex supply chain to build more machines quickly will be difficult. Airon relies on suppliers across the Midwest to make the valves and tubing, while another supplier in Washington makes each machines casing. A few parts come from China. Gjerdes looking into whether he can get the circuit boards he needs produced locally.
More top-down coordination could potentially help, says Chris Brooks, COO of Ventec, a ventilator maker based near Seattle. The company, which typically ships 100 machines per month, has seen immediate demand for thousands of machines. Our hope is that we dont need as many ventilators as people are saying, he says.
In the United Kingdom, the British government is pushing for large manufacturers to switch from making cars and airplane engines to ventilator equipment. But Gjerde says that even the best engineering teams that are not used to making medical machinery will find it hard to reorient quickly. They dont know the nature of the beast, says Gjerde, whos received an offer of aid from an auto parts manufacturer in Canada. For certain components, it might be feasible, he says, but its just too dangerous to be thrown into the hands of people who dont know what theyre doing.
In the meantime, some have taken to creative hacks, like open-sourcing schematics for the design of ventilator parts for 3D printing. In Italy, the approach was used to quickly produce much-needed valve replacements, reportedly over the objections of a ventilator manufacturer that threatened a patent lawsuit. On Twitter, ER doctors have traded tips on how to split ventilator tubes between multiple people.
Those solutions arent ideal. Methods like splitting tubes come with concerns about the proper calibration of machines that must now feed oxygen to several users with potentially different needs, and will likely result in patients sharing pathogens. Ultimately, well have to figure out whats actually practical, Coopersmith says. Those methods could be used in a pinch in remote areas, he says, or if the situation gets bad enough that neighboring hospitals are no longer in a position to share resources. This is different from anything Ive seen in my lifetime, he says.
Read all of our coronavirus coverage here.
In the meantime, medical professionals should be preparing for difficult choices, says Govind Persad, a bioethicist at the University of Denver who studies how to allocate scarce medical resources. I think people are being very hopeful if they think were not going to see shortages, he says. An important step would be to have guidance from governments and medical associations that covers which patients to prioritize for life-saving measures like ventilator access. He points to guidance from New York State and Australia on rationing critical resources so that decisions are made more fairly. Otherwise, hospitals risk falling into a first-come, first-served stance that doesnt prioritize patients by their level of need. Once someone is on a ventilator, its incredibly hard to take them off, he says."
10,"{'id': 'wired', 'name': 'Wired'}",Angela Watercutter,George R.R. Martin Is Social Distancing in Westeros,"The author says he's been writing daily while isolating to avoid Covid-19, raising fans' hopes that he might complete *Winds of Winter*.",https://www.wired.com/story/george-r-r-martin-social-distancing-writing/,,2020-03-19T11:00:00Z,"Hello, and welcome to another edition of The Monitor, WIREDs entertainment news roundup. Once again, this week's column has a lot of updates on how the coronavirus is affecting the entertainment world. Let's get started.
During times of self-quarantine and isolation, its often hard to stay motivated. But it seems as though one person might be using the time indoors creatively: George R.R. Martin. The man behind the books on which Game of Thrones is based says hes been in a remote isolated location and Im not going into town or seeing anyone as the coronavirus has spread (thank you for practicing social distancing, George!). Truth be told, I am spending more time in Westeros than in the real world, writing every day, he wrote Tuesday on his personal blog. Things are pretty grim in the Seven Kingdoms but maybe not as grim as they may become here.
Does this mean fans may finally see Winds of Winter, the sixth book in the Song of Ice and Fire series? Maybe! Folks have been waiting for the novel for nearly a decade (the last book in the series, A Dance with Dragons, came out in 2011), but Martin has also promised the book many times before and not delivered. Meanwhile, the HBO show wrapped up last year with a less-than-stellarconclusion.
As for Martin, he says that when hes not writing hes taking care of himself in New Mexico. For those of you who may be concerned for me personally, he wrote. Yes, I am aware that I am very much in the most vulnerable population, given my age and physical condition. But I feel fine at the moment, and we are taking all sensible precautions.
Read all of our coronavirus coverage here.
As the coronavirus pandemic spreads, more and more people are starting to feel anxious and isolated. Charli XCX would like to help. This week, the pop star launched a new show on Instagram called Self-Isolation IG Livestream. The show, which will take place daily, launched Wednesday with Christine and the Queens as the first guest (Diplo is scheduled to appear on the show today). According to an announcement about the show, viewers are encouraged to be as active in each event as possible, joining the conversation or taking part at home. Through the weeks entire program of online events, Charli will be looking to connect the online world and the real world through shared experiencespreading positivity via her own platform. Were all in this together, so self-isolation doesnt have to be isolating.
In unsurprising news, Netflix is postponing its upcoming comedy festival because of the coronavirus. Netflix Is a Joke Fest, which was originally slated to run April 27 to May 3 in Los Angeles and feature performances from comedians like Dave Chappelle and Hannah Gadsby, is now on hold until an undetermined date. Weve been blown away by the excitement from fans and we will work to reschedule the Fest when we can, Netflix said in a statement on the events website. In the meantime, please everyone take care, hold onto your tickets and we look forward to seeing you all soon.
More Covid-19-related news. Sort of. Variety reports that Warner Bros. will be releasing the Suicide Squad spinoff movie Birds of Prey to video-on-demand on March 24, much earlier than expected. The move is unprecedented considering the film is still in some theaters, but with movie houses closing and people social distancing at home, VOD might be the only way WB can make the movie available to many fans. The decision comes after Universal announced earlier in the week that it would be putting Trolls World Tour, The Hunt, The Invisible Man, and Emma on digital platforms earlier than expected as well."
11,"{'id': 'wired', 'name': 'Wired'}",Matt Simon,"The Biggest Coronavirus Myths, Busted","No, drinking water won’t flush the virus out of your mouth. Here’s how to inoculate yourself against bad Covid-19 information.",https://www.wired.com/story/the-biggest-coronavirus-myths-busted/,"https://media.wired.com/photos/5e877eadd036ef00088bfbe1/191:100/w_1280,c_limit/Science_myths-1127352024.jpg",2020-04-03T18:32:19Z,"Were living in uncertain, surreal times, as the coronavirus crisis worsens in the United States. As were struggling with a vacuum of reliable information, coronavirus myths are spreading as quickly as the disease, amplified by social media. Luckily, weve got Dr. Seema Yasmin, director of the Stanford Health Communication Initiative at Stanford University. In the video above, she debunks commonand even dangerousmyths about the coronavirus and the disease it causes, Covid-19.
You cant, for instance, diagnose yourself with Covid-19 by holding your breath for 10 seconds to see if you cough. Coronavirus does affect the lungs, and indeed this is one way it kills patients. But simply holding your breath cant tell you if the virus is affecting your lungs. Of course, the only true way of knowing if you have Covid-19 is to get a test for the disease, Yasmin says.
When it comes to prevention, drinking garlic tea will only make you smell bad, not stave off the coronavirus. And if you do contract Covid-19, you cant flush it out of your mouth with hot water. And certainly dontand we cant stress this enoughtry to blast it out of your mouth with a blow dryer.
Got a coronavirus-related news tip? Send it to us at covidtips@wired.com.
I think its really easy to look back on those myths and say, I would never fall for that, says Yasmin. But in the face of so much fear and uncertainty, even the smartest people can fall for false information.
And there are ways to inoculate yourself against such myths, Yasmin says. If youre seeing sensationalized information thats trying to stoke emotion, thats a good indication it might be just an internet rumor. Always try to trace information back to the original source, something reputable like the World Health Organization or the CDC. And, of course, WIRED.
WIRED is providing free access to stories about public health and how to protect yourself during the coronavirus pandemic. Sign up for our Coronavirus Update newsletter for the latest updates, and subscribe to support our journalism."
12,"{'id': 'wired', 'name': 'Wired'}",Robert Wright,Trump Isn't Wrong About Investigating WHO,A right-wing stunt to pin the blame for Covid-19 on the World Health Organization actually contains a useful notion.,https://www.wired.com/story/trump-isnt-wrong-about-investigating-who/,"https://media.wired.com/photos/5e8fa4e25cf5b3000849ce47/191:100/w_1280,c_limit/Ideas_Art-WHO-1204797295.jpg",2020-04-10T12:00:00Z,"This week president Trump expanded his arsenal for dealing with the coronavirus pandemic. He went from a blame-China-not-me strategy to a blame-China-and-the-World-Health-Organization-not-me strategy. 
Officials at WHO, Trump said at a press conference, are very biased toward Chinajust look at how, in the early weeks of the outbreak, they said theres no big deal, theres no big problem, theres nothing. So Trump will be looking into whether to freeze US funding for WHO.
Republican Senator Rick Scott of Florida is on board. A week before Trumps press conference, he called for hearings into WHOs performance. The World Health Organization, Scott says, lied to us. It was intentional. People are dying because of it. So, as soon as Congress is back in session, there should be a hearing, along with a full investigation, to review whether American taxpayers should continue to spend millions of dollars every year to fund an organization that willfully parroted propaganda from the Chinese Communist Party.
This is a familiar right-wing move: subject international institutions to scrutiny that, if all goes according to plan, can be used to justify cutting their funding. Then, as the script typically unfolds, global governance fans like me spring to the defense of these institutions.
In this case, though, Im partly in sync with the right-wing move. I dont agree with Scott that we should do the investigation ASAP (since at the moment both we and the World Health Organization are kind of, um, busy). And Im not in favor of cutting WHO funding. Im also not nearly as sure as Scott that WHO is guilty as charged. But the organization could have performed better in the early stages of the contagion, and theres at least some reason to suspect that people at WHO knowingly and consequentially misled us.
Before I get into the consequential misleading, let me lay out a larger reason that I think fellow global governance fans should consider getting on the investigate-WHO bandwagon.
Institutions of international governance, like institutions of national governance, are prone to a particular form of corruption: theyre inclined to serve powerful interests at the expense of their mission.
For example: Back in 2002, the Organization for the Prohibition of Chemical Weaponsthe international body that monitors compliance with the Chemical Weapons Conventionwas doing something that John Bolton, then in George W. Bushs state department, found annoying. OPCWs director, Jose Bustani, was trying to get Iraq to join the Chemical Weapons Convention, which would have subjected the country to immediate OPCW inspections. As Bustani noted years later, these inspections might have made it obvious there were no weapons to destroy. This would completely nullify the decision to invade.
The Bush Administration used its clout to force Bustani out of office. He was replaced by an OPCW director less inclined to disobey America. Problem solved: Aversion of disastrous war averted.
I suspect that if Rick Scott had been a senator back then, and had been apprised of the Bush administrations intervention, he would have been less outraged than he is now by the thought of an international institution betraying its mission under pressure from a powerful nation. But if youre someone who genuinely wants global governance to flourish, it shouldnt matter which nation is exerting the pressure or what particular mission is being corrupted. You should want international institutions to function with integrity and efficiency and you should want to expose them when they fail. You should want to unearth problems at both OPCW and WHO.
Read all of our coronavirus coverage here.
Which brings us back to the question of misconduct by the World Health Organization. The basic allegation is that China tried to cover up the Covid-19 outbreak, and WHO helped it do that.
The most damning piece of evidence is a WHO tweet on Jan. 14 reporting that preliminary investigations conducted by the Chinese authorities have found no clear evidence of human-to-human transmission. This came 18 days after a group of doctors notified Wuhan health officials of a disturbing cluster of illnesses, and 14 days after both Chinas national government and WHO were officially notified. Is it really plausible that officials in Beijing or at WHO still doubted that the illness was moving from person to person?
If you wanted to make the case for plausibility, heres what you would say:
The New York Times has reported that, starting in December, local health officials in Wuhan, out of a political aversion to sharing bad news, withheld information about cases from the national reporting systemkeeping Beijing in the dark and delaying the response. And even after Beijing got involved, local officials set narrow criteria for confirming cases, leaving out information that could have provided clues that the virus was spreading among humans. In particular, hospitals were ordered to count only patients with a known connection to the source of the outbreak, the now-infamous wet market. So every patient being counted could in theory have gotten the virus directly from food sold there. Indeed, the first death, reported three days before the WHO tweet, involved a patient who had been to the market."
13,"{'id': 'wired', 'name': 'Wired'}",Sidney Fussell,Telemedicine Is a Safety Valve for a Strained Health Care System,“Virtual visits” can be an effective way to decide who needs to be tested for Covid-19. But remote doctors can't diagnose or treat illness.,https://www.wired.com/story/telemedicine-safety-valve-strained-health-care-system/,"https://media.wired.com/photos/5e696087610c6100088f8dc0/191:100/w_1280,c_limit/Biz-medicalsupplies-624592974.jpg",2020-03-14T12:00:00Z,"Weve seen about a 30 percent increase compared with December, said James Wantuck, physician and cofounder of Plushcare, a health care platform offering virtual visits and online screening. So, the volume is increasing a lot, but its a very small percentage of those people today that were actually worried are infected with [coronavirus], on the order of about 1 percent.
Patients in waiting rooms arent the only ones at risk. Hospitals across the country report mask shortages. Hospital staff and TSA workers have tested positive after coming into contact with patients.
Limiting hospital admittance to those who are at higher risk of being infected is essential if we are to flatten the curve of the viruss spread. If too many people are referred to treatment, hospitals waste valuable resources and risk workers health; not enough, and those with untreated infections spread the virus to countless others.
For now, the CDC prioritizes testing those who meet specific criteria: recent travel to level 3 affected areas like China, Iran, or South Korea; ongoing severe symptoms like fever, coughing, and shortness of breath; and patients with pre-existing conditions: diabetes, lung disease, or those taking immunosuppressants. Health officials say the lack of readily available testing means the reported number of infected in the US, more than 1,700, is deceptively low.
No one has high blood pressure if you don't have blood pressure cuffs, said Dr. Caesar Djavaherian, a San Francisco physician and co-founder of Carbon Health, another healthcare platform which also saw a recent spike in telehealth requests. As soon as you have [them], you notice that a lot of people have high blood pressure. That's what happened this week. Next week, it'll happen to a much larger extent.
Plus: How can I avoid catching it? Is Covid-19 more deadly than the flu? Our in-house Know-It-Alls answer your questions.
Generally, telehealth and virtual visit apps begin with an intake form: What are the patients symptoms? How long have they had them? Where have they traveled recently? Depending on the severity of symptoms and whether they live in an outbreak area, users may be referred to a doctor, who will counsel them on visiting a hospital, staying in and monitoring their symptoms, or other steps. Virtual visits are faster than in-person visits, but, importantly, they dont diagnose anything. None of the virtual visit or telehealth apps can conclusively tell a patient whether theyre infected with coronavirus.
We give them advice for follow up, said Dr. Peter Antall, cofounder of American Well, another healthtech platform thats seen an increase in telehealth requests, either definitive follow up, like I need you to be seen within the next 72 hours by your primary care doctor or, conditional follow up, where we say, Hey, this looks fine. Now, if you begin to develop anything like breathing difficulty, deep cough, high fever. I do need you to be seen.
Ryan, who asked not to identify his last name, turned to Reddit last weekend looking for an answer. He had fever, a bad cough, and difficulty breathing. Without a regular doctor, Ryan started calling centers in New York. Health officials made it clear to him they were only recommending the most dire cases for evaluation. Even fewer were likely to get tested for the virus.
Ive called 3 clinics and a hospital and theyve told me that I shouldnt come into the hospital because I dont have severe conditions, he wrote. Instead, officials recommended he download and use the telehealth app for New York Presbyterian Hospital, checking in with a doctor via a virtual visit. Fearing it would be as expensive as an in-person visit, he went to the ER anyway."
14,"{'id': 'wired', 'name': 'Wired'}",Eric Niiler,Modified Sleep Apnea Machines May Ease the Ventilator Crunch,"Preparing for surges of Covid-19 patients, health care workers are turning to retrofitted versions of devices that are plentiful and approved for use.",https://www.wired.com/story/modified-sleep-apnea-machines-may-ease-the-ventilator-crunch/,"https://media.wired.com/photos/5e8f84beca6a5100098746d8/191:100/w_1280,c_limit/Science_ventilator_1208660035.jpg",2020-04-10T12:00:00Z,"As hospital administrators and public health officials scramble to meet a shortage of ventilators for Covid-19 patients, teams of doctors, engineers, and DIYers are filling some gaps by modifying breathing machines that are relatively plentiful, such as those used to treat sleep apnea. This technological fix is happening at the same time as a bubbling medical debate among physicians over whether too many coronavirus patients are being placed on traditional ventilators that some argue may do more harm than good.
A team of UC Berkeley engineering students designed and built a conversion kit to retrofit several thousand sleep apnea machines that have been donated to a volunteer group in the Bay Area called Ventilators SOS. The modified devices are helpful for patients who are improving or have milder symptoms, saving ventilators for severely ill patients who are battling advanced respiratory failure.
Plus: What it means to flatten the curve, and everything else you need to know about the coronavirus.
This is a simple device, says Ajay Dharia, a pulmonary specialist at Mills Peninsula Medical Center in Burlingame, California, who is helping coordinate the volunteer effort along with medical researchers and technicians at UC Berkeley and UCSF. The type of patient for us to treat is someone with milder disease or people who have been on a ventilator for a long time and are recovering. If someone who has been on a ventilator for 14 days, which is what we are seeing now with many patients, and you can shorten it to 10 days, then someone else can use the ventilator.
Meanwhile, Massachusetts General Hospital in Boston and Emory University Medical Center in Atlanta are also modifying sleep apnea machines to prepare for an expected shortage of ICU ventilators. Emory is preparing for an April 20 projected peak of coronavirus patients, and is facing a shortage of somewhere between 500 to 1,000 ICU beds in the Atlanta area, according to Chris Martin, a pulmonary care physician at Emory University School of Medicine. While they dont need any extra ventilators right now, they are preparing by converting some sleep apnea machines. We realize that we need to adjust and adapt, Martin says. We have gone through the process to inventory and make sure they are ready and have all the supplies and connectors.
Devices that have already been approved for hospital use, such as anesthesia and sleep apnea machines, dont need extra certification to treat Covid-19 patients, according to an FDA emergency use authorization issued March 24.
There are two types of sleep apnea machines. The bi-level positive airway pressure, or BiPAP, machine pushes oxygen into the lungs of patients through a face mask or nose tube. Carbon dioxide is removed from the lungs at a lower pressure level, making it easier for patients to breathe at night. A second kind of device, the constant positive airway pressure (CPAP) machine, only has one pressure setting and is less flexible, but is also smaller, cheaper (about $500), and easier to use. In contrast, a mechanical ventilator typically used in a hospital to help patients in respiratory distress uses a flexible tube placed inside the throat to fill the lungs with air and in effect breathe for the patient. It can cost upwards of $50,000.
Read all of our coronavirus coverage here.
As the epidemic has gripped New York, several hundred coronavirus patients are crammed inside Mount Sinais intensive care units, surgical suites, and regular hospital rooms. Tesla founder Elon Musk sent several hundred BiPAP machines to the hospital in late March, and Dr. Hooman Poor, a pulmonary and critical care physician at New Yorks Mount Sinai Medical Center, was part of a team that figured out how to reconfigure them with a few off-the-shelf parts. They added a filter to the exhaust valve so virus particles expelled from the patients lungs dont endanger hospital workers and an alarm system to warn nurses when a patient might be in trouble.
Poor says they havent yet had to deploy modified sleep apnea machines turned ventilators, but just knowing they are ready is a big relief. The one situation that terrifies me is having to make a decision with two patients and one ventilator and having to decide who gets it, says Poor. Having these extra machines reduces the chance I would have to make that decision.
Hospitals in New York, Chicago, and Boston are also repurposing anesthesia gas machines that are normally only used during surgical procedures, according to Mary Dale Peterson, president of the American Society of Anesthesiologists and a pulmonary pediatric physician at Driscoll Childrens Hospital in Corpus Christi, Texas.
Peterson says that many hard-hit hospitals are doing the best they can as ventilators run short, but we shouldnt forget that medical workers need to be trained on new machines, or repurposed ones. Under normal conditions, you would want enough time for enough testing and vetting, time to train the staff on how to manage those ventilators, because on every piece of machinery you have to learn where the buttons are, Peterson says. But we are not dealing with ideal conditions. Im hoping we are getting through the crisis without having to resort to things that are totally brand new or havent been tested.
The ventilator shortage has also attracted novel designs that still must get approval from the FDA before being used on patients. A Mississippi doctor built a breathing bag from parts he bought at a local hardware store, while a team of Rice University engineering students designed an automated breathing bag that can be used by first responders or emergency room doctors that can be built with 3D printed parts for about $150."
15,"{'id': 'time', 'name': 'Time'}",Associated Press,"France Bans Gatherings, Frowns on Kissing, to Fight COVID-19","France is banning all indoor public gatherings of more than 5,000 people to slow the spread of coronavirus cases.",https://time.com/5793002/france-gatherings-kissing-covid-19-coronavirus/,https://api.time.com/wp-content/uploads/2020/02/AP20060453009490.jpg?quality=85&w=1200&h=628&crop=1,2020-02-29T16:55:56Z,"PARIS — France is banning all indoor public gatherings of more than 5,000 people to slow the spread of coronavirus cases and recommending that people no longer greet each other with kisses.
The cancellation of large gatherings in confined spaces was announced by Health Minister Olivier Veran after special government meetings Saturday that focused on responses to the epidemic.
Having previously recommended that people avoid shaking hands, the minister said they should also cut back on “la bise,” the custom in France and elsewhere in Europe of giving greetings with kisses, or air kisses, on the cheeks.
The tightened restrictions on public gatherings had an immediate impact. A major four-day trade show in Cannes for property investors was postponed from March to June.
A half-marathon that was scheduled for Sunday in Paris also was cancelled, as was a carnival in the Alpine town of Annecy, Veran announced.
He said other outdoor events and gatherings that might lead to a mixing of people from infected areas could also be canceled.
Public gatherings are being banned completely in the Oise region north of Paris that has seen a cluster of cases, and in a town in the foothills of the Alps that has also seen infections, he said.
As of Saturday, France had registered a total of 73 people infected with the coronavirus, up from 57 on Friday. Of those, 59 people remain hospitalized, two have died and 12 have recovered, the minister said.
Contact us at editors@time.com."
16,"{'id': 'the-verge', 'name': 'The Verge'}",Adi Robertson,Whistleblower Reality Winner has tested positive for COVID-19 in prison,"Former NSA contractor Reality Winner, who is imprisoned in Texas for leaking documents about Russian election interference, has reportedly been diagnosed with COVID-19 amid the coronavirus pandemic.",https://www.theverge.com/2020/7/20/21331782/reality-winner-covid-19-coronavirus-positive-diagnosis-fmc-carswell-prison,https://cdn.vox-cdn.com/thumbor/QdDFzxzpr8cNDBPRUIhqs4fWRTI=/0x0:4177x2187/fit-in/1200x630/cdn.vox-cdn.com/uploads/chorus_asset/file/20102785/693907654.jpg.jpg,2020-07-20T21:56:56Z,"She was denied release earlier in the pandemic
Photo by Sean Rayford / Getty Images
Former intelligence contractor and whistleblower Reality Winner has reportedly tested positive for COVID-19. Winners sister, Brittany Winner, tweeted her diagnosis earlier today. Winner is currently incarcerated in a federal medical prison in Fort Worth, Texas, where an outbreak has sickened hundreds of inmates and killed atleast two.
Winner is seeking compassionate release during the coronavirus pandemic, citing underlying medical conditions. An early petition for release from her imprisonment at FMC Carswell was denied in April. Shortly afterward, Carswell reported its first coronavirus death: Andrea Circle Bear, who died after giving birth on a ventilator. The Fort Worth Star-Telegramreported last week that 130 people had contracted COVID-19 at the prison; the most recent Federal Bureau of Prisons statistics show over 500 cases. An appeal is currently pending.
Email from Reality: ""Officially Covid-19 positive. I am being retaliated against harshly for articles last week and am about to take admin remedies."" ALSO, the guard CONGRATULATED her for testing positive. Help us get her out. Please RT! #CompassionateRelease4Reality
 Brittany Winner, PhD (@WinnerBrittany) July 20, 2020
Winners attorney, Joe Whitley, told Law.comsDaily Report that he hopes the court will take the outbreak into consideration. I hope the BOP is equipped to handle the geometric surge in cases, effectively at all their facilities, but I am concerned that may not be the case. According to Daily Report, Winners sister says she is currently asymptomatic, and one of her cellmates also tested positive.
Prisons have emerged as one of the most dangerous hotspots for Americas coronavirus outbreak. Attorney General William Barr has ordered prisons to prioritize releasing inmates to home confinement, but numerous reports have demonstrated confusion and delays in the process although some high-profile Trump associates, like Paul Manafort and Michael Cohen, have been released.
Winner, who previously worked for the National Security Agency, accepted a plea deal for espionage in 2018 after leaking a report on Russian election interference to The Intercept. She is currently scheduled for release in November 2021."
17,"{'id': 'engadget', 'name': 'Engadget'}",Igor Bonifacic,Mint Mobile is giving out free data for the next month amid COVID-19,"Ryan Reynolds ' wireless carrier of choice is giving out free data to help people in the US cope with the coronavirus epidemic. Until April 14th, you can get free 3GB data packages from Mint Mobile, even if you've never been a customer before. To get the data…",https://www.engadget.com/2020-03-16-mint-mobile-free-data-coronavirus.html,https://o.aolcdn.com/images/dims?resize=1200%2C630&crop=1200%2C630%2C0%2C0&quality=80&image_uri=https%3A%2F%2Fs.yimg.com%2Fuu%2Fapi%2Fres%2F1.2%2FUiRWz03enGyboDQzWXPH5w--%7EB%2Fdz05ODA7aD01MTM7YXBwaWQ9eXRhY2h5b24-%2Fhttps%3A%2F%2Fo.aolcdn.com%2Fimages%2Fdims%3Fresize%3D2000%252C2000%252Cshrink%26image_uri%3Dhttps%3A%2F%2Fs.yimg.com%2Fos%2Fcreatr-uploaded-images%2F2020-03%2F46117510-67a7-11ea-bfbb-daa79eeec5b8%26client%3Da1acac3e1b3290917d92%26signature%3Df5e54481bff13d3a11d5099c92bd85cc0738f23e&client=amp-blogside-v2&signature=c35244665e81d3e239e0d3f6461f82b64ac13634,2020-03-16T20:12:00Z,"To get the data, download the Mint Mobile app (Android and iOS), tap the ""Account"" icon on the bottom right of the interface and then press ""Buy more data"" under the payment heading. You'll then have the option to ""buy"" either a 1GB or 3GB data bucket. Pick the latter option. You'll need to pay for the data with either a credit or bank card, but then Mint Mobile will refund your purchase. You can continue to add data as you use more, though you'll need to go through 95 percent of your current allotment before adding another 3GB to your account.
""These last few days have thrown the world into an unprecedented moment of uncertainty where reliable communication is of the utmost importance,"" Mint says on its website. ""We feel it's necessary to do something that could possibly help all of us navigate this tough time a little bit better.""
Over the last week, we've seen some of the bigger carriers in the US implement similar measures. T-Mobile, for instance, is giving all current customers unlimited data for the next 60 days. As part of the FCC's Keep Americans Connected Pledge, most carriers and ISPs have also agreed to waive late fees for any individuals and small businesses who can't pay their bills because of the outbreak."
18,"{'id': 'engadget', 'name': 'Engadget'}",Christine Fisher,ER docs don smart rings to better predict COVID-19 infections,"Some 2,000 emergency medical workers in San Francisco are tracking their temperature and other vitals with Oura's smart rings in an attempt to limit the spread of COVID-19, SF Chronicle reports. Oura and researchers from the University of California San Franc…",https://www.engadget.com/2020/03/23/coronavirus-emergency-workers-oura-smart-ring/,https://o.aolcdn.com/images/dims?resize=1200%2C630&crop=1200%2C630%2C0%2C0&quality=80&image_uri=https%3A%2F%2Fo.aolcdn.com%2Fimages%2Fdims%3Fcrop%3D1800%252C1123%252C0%252C72%26quality%3D85%26format%3Djpg%26resize%3D1600%252C999%26image_uri%3Dhttps%253A%252F%252Fs.yimg.com%252Fos%252Fcreatr-uploaded-images%252F2020-03%252F4f9e4920-6d31-11ea-9f9f-35988b93494e%26client%3Da1acac3e1b3290917d92%26signature%3D87abbfb9e2070abf4f26f7b90e3f51f9eb530d86&client=amp-blogside-v2&signature=a75244278c7f370d74c3192578fe3791a87c2129,2020-03-23T19:33:00Z,"Workers at UCSF Medical Center and Zuckerberg San Francisco General Hospital are wearing the devices, and Oura has asked another 150,000 users to share their data. The rings aren't exactly comprehensive trackers, but they do record body temperature, heart rate and other vitals. In the near term, they could alert medical workers if they have a fever or impending illness, not just COVID-19. By the fall, when some expect the coronavirus to resurge, UCSF and Oura hope to have an algorithm that will detect early symptoms of the virus, so that people can more effectively self-quarantine.
One of the strategies at the epicenter of the coronavirus outbreak in Wuhan, China, was to have residents report their temperatures daily and isolate at the first sign of fever. The ring could allow users to do the same. But it would require that they hand over medical data, which opens up data privacy concerns.
There is some indication that this could work, though. Thanks to the Oura Ring, a Finnish business executive noticed that his temperature was higher than normal (about 100.4 Fahrenheit) and his heart and breathing rates were slightly increased. While he reportedly felt normal otherwise, he had just been traveling in a coronavirus hotspot, so he was tested. The results were positive for COVID-19. Without the ring, he wrote on Facebook, he would not have noticed those changes."
19,"{'id': 'engadget', 'name': 'Engadget'}",Rachel England,The COVID-19 Humble Bundle pairs great games with a great cause,"There's a new Humble Bundle on offer, and it's packed with great deals for a great cause. The special one-week COVID-19 Bundle features more than $1,000 worth of games and comics and can be yours for just $30 (£25.50) -- or more, if you're feeling charitable,…",https://www.engadget.com/2020-04-01-the-covid-19-humble-bundle-pairs-great-games-with-a-great-cause.html,https://o.aolcdn.com/images/dims?resize=1200%2C630&crop=1200%2C630%2C0%2C0&quality=80&image_uri=https%3A%2F%2Fs.yimg.com%2Fuu%2Fapi%2Fres%2F1.2%2FyjtsXLetOBW8FMojtdsmwg--%7EB%2Fdz0xNjAwO2g9OTQzO2FwcGlkPXl0YWNoeW9u%2Fhttps%3A%2F%2Fo.aolcdn.com%2Fimages%2Fdims%3Fcrop%3D1030%252C607%252C0%252C0%26quality%3D85%26format%3Djpg%26resize%3D1600%252C943%26image_uri%3Dhttps%3A%2F%2Fs.yimg.com%2Fos%2Fcreatr-uploaded-images%2F2020-04%2Fe21a0b30-73f9-11ea-b996-977dafaec97d%26client%3Da1acac3e1b3290917d92%26signature%3Ddc242baf8b4a6abb9134731a72763bed195edf48&client=amp-blogside-v2&signature=3deaead7a72ee1f0cbbeae1d722822b8735c4742,2020-04-01T11:01:00Z,"There's a lot in this bundle, including epic strategy game Into the Breach, puzzle drama The Witness, time-bending VR shooter Superhot, and graphic adventure Broken Age. Hollow Knight, Undertale, Psychonauts and Tilt Brush are great choices, too. And then there's the comics. Locke &amp; Key has just been turned into a decent Netflix series, while The Boys is now a hit Amazon show. And fans of Saga know its inclusion speaks for itself.
With Into the Breach alone on sale for $15 on Steam at the moment, the bundle represents massive savings, and it'll provide plenty of entertainment while you're stuck indoors because of the very crisis this bundle is raising money to fight. It's only available for a week though, so don't hang around."
