,source,author,title,description,url,urlToImage,publishedAt,content
0,"{'id': 'engadget', 'name': 'Engadget'}",Christine Fisher,FCC approves $200 million plan to fund COVID-19 telehealth services,"The FCC has approved $200 million in telehealth funding for healthcare providers responding to the coronavirus pandemic. With federal funding made available through the CARES Act, the COVID-19 Telehealth Program will help providers pay for the broadband conne…",https://www.engadget.com/2020-04-03-fcc-approves-coroanvirus-telehealth-funding.html,https://o.aolcdn.com/images/dims?resize=1200%2C630&crop=1200%2C630%2C0%2C0&quality=80&image_uri=https%3A%2F%2Fs.yimg.com%2Fuu%2Fapi%2Fres%2F1.2%2F.BaiNE9kWMPS0G7mSxrGIg--%7EB%2Fdz0xNjAwO2g9MTAwMDthcHBpZD15dGFjaHlvbg--%2Fhttps%3A%2F%2Fo.aolcdn.com%2Fimages%2Fdims%3Fcrop%3D5897%252C3685%252C0%252C94%26quality%3D85%26format%3Djpg%26resize%3D1600%252C1000%26image_uri%3Dhttps%3A%2F%2Fs.yimg.com%2Fos%2Fcreatr-images%2F2020-04%2F477ac750-75c4-11ea-9efb-413cebfddd78%26client%3Da1acac3e1b3290917d92%26signature%3D5c516dbd9f7631434db1787ee7c461e609496071&client=amp-blogside-v2&signature=771648b39be0f5d003218bed62e91914b15876d5,2020-04-03T16:44:00Z,"Hospitals and health centers will be able to apply for up to $1 million in funding, and applications will be accepted on an ongoing basis. Priority will be given to areas with high rates of COVID-19, as well as traditionally underfunded healthcare providers like clinics in poor neighborhoods, TechCrunch notes.
""With the adoption of the $200 million COVID-19 Telehealth Program, the FCC can now take immediate steps to provide funding so that more patients can be treated at home, freeing up valuable hospital beds for those who most need them and reducing the risk of exposure to the virus,"" FCC Chairman Ajit Pai said in a statement.
The FCC approved the funding less than a week after it was announced. But the price for that speed may be a lack of guidance. ""This is a well-intended effort, but it lacks clear performance metrics,"" wrote Commissioner Jessica Rosenworcel, who mostly spoke in favor of the program. ""Moreover, it does not focus on a specific problem in healthcare,"" she added.
The FCC also adopted rules for the Connected Care Pilot Program, a separate, three-year initiative that will provide up to $100 million to help offset the cost of providing virtual care. One goal of the pilot is to determine how the FCC's Universal Service Fund might be used to support long-term telehealth. In particular, that program will emphasize providing care to veterans and low-income Americans.
In light of the coronavirus, Medicare has expanded telehealth coverage nationwide. While Medicare previously covered telehealth in some rural areas, patients still had to go to specially-designated sites for their visits. Now, millions of older adults will be able to seek medical advice from the safety of their homes, and with this FCC funding, more healthcare providers will be equipped to provide it."
1,"{'id': 'engadget', 'name': 'Engadget'}",Jon Fingas,MIT is working on a way to track COVID-19 while protecting privacy,"Many countries and researchers are promoting the use of contact tracing apps to help limit the spread of COVID-19 and aid in the eventual recovery, but they may require slow manual tracing or a sacrifice in privacy (say, warning when a patient leaves home). M…",https://www.engadget.com/automatic-covid-19-contact-tracing-mit-192535783.html,https://o.aolcdn.com/images/dims?resize=1200%2C630&crop=1200%2C630%2C0%2C0&quality=80&image_uri=https%3A%2F%2Fs.yimg.com%2Fos%2Fcreatr-images%2F2020-04%2F34d62140-7a8c-11ea-bef3-589bcf7075d0&client=amp-blogside-v2&signature=82cb760d311a010faba679e152cec7dbc5780c1c,2020-04-09T19:25:35Z,"Many countries and researchers are promoting the use of contact tracing apps to help limit the spread of COVID-19 and aid in the eventual recovery, but they may require slow manual tracing or a sacrifice in privacy (say, warning when a patient leaves home). MIT researchers think they have a solution with few compromises. They’re developing a system, PACT (Private Automatic Contact Tracing), that promises to automatically trace contacts while keeping identities secret.
The system would send Bluetooth “chirps” of random numbers to nearby phones. If a person tests positive for COVID-19, they can upload all their received chirps from the past 14 days (about the maximum incubation time) to help others find out if they were close by. If there’s a match between numbers, the passers-by get notifications telling them of possible contact and what to do next. The very nature of the process continuously changes IDs, making it difficult or impossible to link data to a given individual. There’s no GPS, phone numbers or other information people could use to guess who you are."
2,"{'id': 'wired', 'name': 'Wired'}",Tom Simonite,"Infrared Cameras Can Spot a Fever, but May Not Slow Covid-19",Workplaces are deploying technology to screen employees who may be sick. But past experience suggests the sensors won't find many infectious people.,https://www.wired.com/story/infrared-cameras-spot-fever-not-slow-covid-19/,"https://media.wired.com/photos/5eb4687641093e9ce8daca94/191:100/w_1280,c_limit/Biz-thermaltemp-1196669922.jpg",2020-05-11T11:00:00Z,"Hildegarde Schell-Chaple, a professor of nursing in charge of screening people entering UCSFs hospitals, says the available evidence revealed the time and expense of screening with infrared thermometers or cameras was unjustified. People feel better if they see it happening, but its a false sense of security, she says. Its something we should not be doing. She says CDC documents have been inconsistent on the value of temperature screening; the agency did not respond to a request for comment.
A review of 15 years of previous studies on screening at international borders published last year found checks for fevers or other symptoms, such as a cough, were ineffective at detecting cases during SARS, swine flu, and Ebola outbreaks. ECRI, a nonprofit that studies evidence-based medicine, warned last month that infrared temperature screening is ineffective, even when combined with questionnaires.
Studies, including one presented last year by FDA researchers working on pandemic preparedness, have shown that infrared thermometers and cameras can accurately detect fevers. They use sensors that detect the infrared light, invisible to humans, produced by objects;different wavelengths correspond to different temperatures.
Infrared thermometers, sometimes called noncontact thermometers, and often shaped like ray guns, read the temperature of a single spot on a persons skin. They are usually aimed at the forehead from a distance of around 6 inches, requiring uncomfortably close contact during pandemic times. Infrared or thermal cameras, like the one in use at King Hospital, produce color-coded images of a whole scene from several feet away showing the temperature of everything in view.
Schell-Chaple, who has done research on fever and body temperature measurement, says there are questions about how reliably the technology performs in everyday health care, a concern shared by ECRI. Accuracy might be even more challenged outside of a hospital or clinic, like at a factory or church.
People feel better if they see it happening, but its a false sense of security. Its something we should not be doing.
Hildegarde Schell-Chaple, professor of nursing at UC San Francisco
UCSFs screening for staff, patients, and others entering its hospitals uses questionnaires that ask people about their health. Schell-Chaple argues that the money and time required to buy and operate infrared temperature screens might be better directed towards other practices aimed at containing coronavirus. Those include using protective equipment and establishing policies for tracing who may have been exposed to an infected patient.
Demand for remote temperature sensors, especially infrared cameras, appears to be growing fast. Companies like Amazon are being accused of lax safety by employees, media, and lawmakers. Checkpoints with shiny new equipment provide a visible, scientific-looking demonstration that safety is being taken seriously.
FLIR Systems, which manufactures its own thermal cameras and sensors used by other companies, saw spikes in sales during SARS, swine flu, and Ebola. The one prompted by the novel coronavirus is the biggest yet, says Chris Bainter, the companys director for global business development.
In its latest earnings report last week, FLIR said the pandemic had shrunk sales of infrared cameras used on boats, by hunters, and for security, but surging demand for thermal cameras drove revenue 2 percent higher than the same quarter last year. Bainter says the company has prioritized health care providers as it works through a backlog of orders.
The company also sells infrared noncontact thermometers, but it says its FDA-certified cameras, which start at $6,500, are the better option for fever screening. Bainter says the technology can check workers in 10 seconds or less, but that correctly implementing it takes some care and calibration.
Here's all the WIRED coverage in one place, from how to keep your children entertained to how this outbreak is affecting the economy. 
A thermal camera will produce an alluring image of whatever you point it at, color-coded to show the temperature of different objects. But it cant screen people accurately if they are not properly framed and in focus, Bainter says. FLIR advises that the best readings are obtained from a persons tear ducts, the inside corner of the eyes, an area well-supplied with blood and less likely than the forehead to be made warm by a hat, hood, or sunlight. FLIR cameras designed for medical use have a screening mode, in which the camera flags people significantly warmer than others that day."
3,"{'id': 'wired', 'name': 'Wired'}",Gregory Barber,Covid-19 Was Here Earlier Than Most Americans Thought. Now What?,Epidemiologists aren't surprised that virus was spreading in the US in early February. But those early days offer lessons for how to catch the next wave.,https://www.wired.com/story/covid-19-was-here-earlier-than-most-americans-thought-now-what/,"https://media.wired.com/photos/5ea746064e08ae0008803bef/191:100/w_1280,c_limit/Science_covid19_1211415985.jpg",2020-04-28T13:00:00Z,"For the past two months, the earliest known community spread of Covid-19passed between people here in the United States, rather than a traveler bringing it home from abroadwas a case identified at the UC Davis medical center on February 26. Now we have confirmation the virus was circulating here far earlier than that. Last week, health officials in Santa Clara County, California, announced that a 57-year-old woman died of Covid-19 at her home in San Jose on February 6. Two others followed her in mid-February and early March. None of those people had recently traveled abroad. Their diagnoses were all confirmed posthumously from tissue samples taken by the county coroner and sent to the Centers for Disease Control for testing.
Plus: What it means to flatten the curve, and everything else you need to know about the coronavirus.
Health officials are likely to turn up more cases like those. Theyre really like iceberg tips, said Sara Cody, the public health officer for Santa Clara County, at a press conference last week. When you have an outcome like death that means theres an iceberg of cases of unknown size.
The findings have underlined the early failures of the USs pandemic response. As federal officials, including President Donald Trump, downplayed the crisis and cast it as a foreign problem, the virus was already here, slipping through border checks and spreading undetected due to a lack of tests. They also left people wondering once again whether they might have already had the disease and hoping they are now immune. (The answer, still, is probably not.)
For scientists who have studied the early spread of Covid-19 in the US, the viruss timeline did not need to be rewritten. Theres nothing even vaguely surprising about this finding, says Arthur Reingold, an epidemiologist at the University of California, Berkeley. Its easy to be smart in hindsight, but all the evidence we have has pointed to this.
This is in line with our projections, says Kate Coronges, director of the Network Science Institute at Northeastern University. Using travel patterns and data about the viruss transmission, a team there recently estimated that tens of thousands of invisible cases were already occurring in US cities prior to March 1. As the new cases confirm, fatalities from the virus were invisible, too, going unexplained or labeled with the wrong cause of death. But even with the new information, their models still point to a likely mid-January introduction in states like California and New York.
Even if the experts expected this result, the new cases highlight some of the challenges of precisely understanding the early stages of the viruss spread in the USa process that could have lessons for containment if the virus roars back later this year after social distancing measures are relaxed. That starts with what researchers have learned about how the virus arrived here in the first place.
Much of what we know about the early spread of Covid-19 has been learned from sleuthing through the viruss genetic code. As a virus spreads, hijacking the cellular machinery of its hosts cells to replicate its RNA, it picks up mutations at a relatively predictable pace. That allows researchers to walk backwards through the viruss evolutionary history, tracing when mutations occur and where the virus splits off into new strains. Researchers have used those genetic techniques to trace the origins of the virus back to strains circulating in China, and to draw various paths that brought it to the US.
In the US, an analysis by Trevor Bedford, a computational biologist at the Fred Hutchinson Research Center, put the viruss introduction at some point in the middle of January. But the virus took multiple routes. Some strains came via travelers arriving directly from China. Other strains, especially on the East Coast, arrived by way of Europe. From there, the various strains began to bounce around the country, as Americans continued to jet about prior to the enactment of shelter-in-place rules."
4,"{'id': 'wired', 'name': 'Wired'}",Alex Davies,Covid-19 Spurs a Road Repair Boom—and Threatens a Bust,"Empty highways clear the way for speedier construction projects, but loss of fuel taxes could bring them to a halt.",https://www.wired.com/story/covid-19-spurs-road-repair-boom-threatens-bust/,"https://media.wired.com/photos/5eab541c62c4bd6878853b34/191:100/w_1280,c_limit/Transpo-caltransroadwork.jpg",2020-05-04T11:00:00Z,"Until a few weeks ago, the California Department of Transportation was girding itself for a summer disaster. Come July, it was planning to shut down a congested stretch of Highway 101 between San Francisco and Silicon Valley for nearly three weeks to tear out and rebuild an aging, cracking bridge deck that carries the freeway over San Franciscos Alemany Circle. It anticipated six-mile-long backups and hour-long delaysand thats if it could convince one-third of drivers to skip the trip or at least avoid rush hour. Then, in early March, Covid-19 hit the United States. California issued a shelter-in-place order. And while most residents stayed home, the states Department of Transportation went to work.
With traffic cut in half, the DOT, better known as Caltrans, saw a rare opportunity to tackle the project without devastating the commutes of hundreds of thousands of travelers. Last week, about 100 construction workers got to sawing apart the bridge deck, hauling away the debris, and building a fresh one in its place. Within a week, the crew had laid fresh concrete. Its now on track to finish the project in nine days, half as long as projected and three months early. Caltrans spent more than planned to acquire materials like timber on short notice, but spokesperson Bart Ney says those costs are far outweighed by avoiding a massive, expensive inconvenience for drivers.
By forcing most Americans to stick to their sofas, the novel coronavirus makes it easier to close lanes without creating congestion, creates safer conditions for road workers, and allows for jackhammering and paving day and night. Along with the bridge deck project, Caltrans is accelerating projects repaving stretches of Highway 1 in San Francisco and Highway 101 in Sonoma County, building a series of roundabouts in the city of Napa, and getting ahead of sundry maintenance projects.
Stay in the know with our Transportation newsletter. Sign up here!
Across the country, DOTs are reaping the benefits of fixing road networks without worrying about road users. Reno is speeding an extension of its bus rapid transit network, which involves closing down a chunk of its Virginia Street thoroughfare, saving six weeks of work and up to 35 percent of costs. In Wisconsin and Arizona, crews are taking the opportunity to work during the day as well as at night. Road projects in Texas, Colorado, and Virginia are suddenly ahead of schedule. At the order of Governor Ron DeSantis, the Florida DOT is expediting work on I-4 in Orlando, closing more lanes and working longer hours to finish a connection to State Route 408 up to two months early. In Hawaii, construction consultant Scott Jennings says hes getting no regulatory pushback on requests to extend work windows from 3:30 pm to 5:30 pmright into rush hour. Im as busy now, or busier now than Ive been in the last three, four years, he says.
Like most booms, this surge in road work will come with a bust. Drivers may inconvenience those fixing up roads, but they also pay for that work. The traffic lull could cause states fuel tax revenues to fall 30 to 40 percent over the next 18 months, according to the American Association of State Highway Transportation Officials. Plummeting car sales mean states collect greatly reduced registration and title fees. This is money they count on to fund the transportation projects they sponsor, the associations executive director, Jim Tymon, said in a webinar this week."
5,"{'id': 'wired', 'name': 'Wired'}",Maryn McKenna,Will Covid-19 Go Away In the Summer and Return in the Fall?,"Researchers want to know if the disease is seasonal, like colds. But while heat and humidity harm the virus in the lab, that’s not the same as real life.",https://www.wired.com/story/how-might-the-change-of-seasons-affect-covid-19/,,2020-05-04T11:00:00Z,"But why they are is a bit of a mystery. Researchers have speculated that changes in ambient temperature and humidity may make these viruses less viable by affecting their outer proteins and membrane, or by altering how quickly the virus-carrying droplets from mouth and throat evaporate. On the other hand, the change in infection rate might be due to the ways that people change their behavior with the seasons, going from being enclosed in offices and schools to opening windows and spending more time outdoors. (Getting more sunlight, which drives Vitamin D production and might enhance the immune systems defenses, might play a role, too.)
More subtly, its also possible that changes in temperature and humidity affect our bodies in ways that make them more or less vulnerable to viral infection. Cold, dry air damages the cells that line the respiratory tract, which might leave them less able to recruit defenses against viruses. Warm, moist air might be protective: It hydrates the layer of mucus that lies on top of cells and insulates them from viruses and microscopic particles.
Whatever the reason, the seasonal effect for the flu and some kinds of colds is real: They peak during the colder months in both hemispheres. Its different, though, in places that dont have cold months, or seasons. In the tropics, flu infections occur year round. That also may have an environmental explanation. Humidity keeps virus-containing droplets from losing their water content; instead of becoming lighter, which lets them float through the air on the way to someone elses nasal passages, they fall out of the air onto surfaces. And theres some evidence that flu transmission in the tropics depends less on breathing the virus in and more on transferring it from a surface to a persons eyes or nose or mouth. (In other words: Life finds a way.)
It turns out that the known human coronaviruses, the ones that are part of the mix of germs that cause common colds, have seasonality too. Last month, a team led by longtime flu researcher Arnold Monto of the University of Michigan analyzed 8 years of data from an ongoing study of respiratory infections that is normally used to assess whether the annual flu vaccine is working as intended. They found that four already-known coronavirusesnone of them the new pandemic strainwere circulating during those years, and that all four of them were what the team called sharply seasonal. They arrived in November or December, peaked in January or February, and disappeared after May. A study 10 years ago found a similar pattern in infections among kids in day care.
But those coronaviruses have been adapting to humans and interacting with our immune systems for a long time. Viruses that are new to humans seem not to follow that seasonal rule. Take, for instance, the 2009 H1N1 flu. It wasnt a seasonal strain when it debuted; it was a new-to-us virus that crossed over from pigs and began infecting humans as the regular flu season was ending. It continued to infect people throughout the summer, and then the case count rose into the fall and winter. By the following year, though, it had become another seasonal flu strain.
We have seen before that novel pathogens behave differently in their first year than after they become established and have an opportunity to circulate in the human population, says Caitlin Rivers, an epidemiologist and assistant professor at the Johns Hopkins Center for Health Security.
Making matters more complicated, the coronavirus that broke out in 2003, causing the worldwide epidemic of SARS, moved through the world in February but was completely gone by June. Some of its squelching was due to aggressive interventions, such as quarantine and social distancing. But some may have been due to rising temperatures. A study published in 2011 by researchers in Hong Kong, where the SARS outbreak was intense, found that the virus did survive better in cool, dry places. They hypothesized that might have protected some parts of Southeast Asia, but might actually have facilitated transmission in Hong Kong and Singapore, because those affluent cities have so much air conditioning.
Read all of our coronavirus coverage here.
And, to be clear, that coronavirus is not this one. The virus behind Covid-19 is perplexing in so many ways, from the people it attacks to the range of illness it causes to its wild array of symptoms. Unlike its cousin, the original SARS virus, it seems perfectly happy to spread in tropical climates. And new research, also reviewed by the National Academies committee and subsequently published as a preprint, shows it may be extremely sturdy even in conditions that would daunt other viruses."
6,"{'id': 'wired', 'name': 'Wired'}",Maryn McKenna,Polio Is Nearly Wiped Out. Covid-19 Could Halt That Progress,"The disease once paralyzed 350,000 children each year; vaccination campaigns brought it down to just a few hundred cases. Then, the pandemic struck.",https://www.wired.com/story/polio-is-nearly-wiped-out-covid-19-could-halt-that-progress/,"https://media.wired.com/photos/5ec58ec9a1675c5749a138e7/191:100/w_1280,c_limit/Science_polioresearch-736377675.jpg",2020-05-21T11:00:00Z,"One of the risks, though, is that if the virus doesnt latch on in the gut in quantities sufficient to create full immunity, it leaves these children partially vulnerable. And in rare circumstances, the vaccine virus mutates as it reproduces, reverting back to the virulence of the wild form and creating a polio paralysis that is indistinguishable from the original infection.
So children in areas where the polio virus still circulates, or where a vaccine-derived virus pops up unexpectedly, might be at risk in several different ways: They might never have been vaccinated, because religious pressure or civil unrest makes it impossible to bring kids and vaccinators together, or their vaccine protection might be incomplete.
To reach children who have never been vaccinated, as well as to keep up immunity in kids who havent fully developed it, countries where polio is still extantAfghanistan and Pakistan, and a dozen African nationsstage mass campaigns with the help of the global initiative. (Its main supporters, in addition to the WHO and Rotary, are the US Centers for Disease Control and Prevention, UNESCO, and the Bill &amp; Melinda Gates Foundation.) On those campaign days, children and parents gather so that kids can receive the vaccine drops; on one day, the gatherings can total millions of families in a country. Those are followed by mop-up days in which thousands of vaccinators comb through neighborhoods, from house to house, to track down children who were missed.
Those mass campaigns, which can occur multiple times a year in vulnerable countries, are the ones that have been suspended. Large gatherings are considered too dangerous, and sending vaccinators into neighborhoods risks them carrying an unrecognized coronavirus infection with them, or picking the virus up from one house and transferring it to another.
Those kinds of calculations posed an agonizing choice for the polio campaign, according to Dr. Steven Cochi, a senior adviser in the CDCs Global Immunization Division and its liaison to the global polio campaign. Suspending the mass campaigns takes away the ability to put a ring fence of vaccination around an outbreak, and deprives kids who have already started the vaccine regimen of an opportunity to keep their immunity up. How do you find the sweet spot between the risk of reopening society, and staying so shut down youre not able to protect children? Cochi asks.
The biggest risk is that the pause leaves vulnerable any children whose families are in remote or conflict-ridden areas, who rely on the mass gatherings for their kids earliest vaccinations because they cannot safely reach a clinic or doctor. While vaccination efforts are on hold, children will keep being bornand while newborns retain some immunity from their mothers, that doesnt last. Between 6 and 12 months of age, children lose the protective antibodies they get from their mothers, Cochi says. That erosion of population immunityagainst polio, measles, any vaccine-preventable diseaseerodes pretty quickly. The longer this goes on, the more of a cohort of susceptible people gets built up.
The math behind these decisions is tricky. In April, a modeling project at the London School of Hygiene and Tropical Medicine tried to calculate the hazards of taking children to be vaccinated, and potentially exposing them, their families, and health care workers to Covid-19, versus leaving them unvaccinated, and thus risking them catching these preventable diseases. In a paper that is still online as a preprint (not yet peer-reviewed), researchers in the Centre for Mathematical Modelling of Infectious Diseases estimated that some deaths from Covid-19 exposures would happenbut anywhere from 37 to 549 other deaths would be avoided, because children would not develop diphtheria, tetanus, pertussis, hepatitis, meningitis, or yellow fever.
Read all of our coronavirus coverage here.
Amid Covid-19s social distancing, the polio campaign and the national health care systems it partners with are struggling to keep routine vaccinations going at clinics. In Nigeria, the country that has been hit hardest by vaccine-derived polio, there is an aggressive effort to persuade clinic workers that it is safe to stay on the job."
7,"{'id': 'wired', 'name': 'Wired'}",Adam Rogers,"To Beat Covid-19, You Have to Know How A Virus Moves","As public spaces reopen, scientists are racing to understand the mysterious and turbulent way the disease spreads through air—from person to person, and place to place.",https://www.wired.com/story/to-beat-covid-19-you-have-to-know-how-a-virus-moves/,"https://media.wired.com/photos/5eceeca62bf74d0a13af1723/191:100/w_1280,c_limit/Science_Space_covid_200021509-002.jpg",2020-05-28T11:00:00Z,"Its technically challenging to actually find pathogens like bacteria or viruses floating around in the air. But Wood has a proxy metric that might at least indicate when a room is potentially riskier to be in. He measures the level of carbon dioxidefiguring that as people breathe in the available oxygen and exhale CO2, everyone else in the room then inhales it, and any airborne pathogens as well.
In technical terms, standards for heating, ventilation, and air-conditioning systems measure ventilation by calculating how often the air in a room swaps out for fresh air from outsidethats air changes per hour. But CO2 levels could potentially be an easier way to alert people if a room needs an air swap for safety. Anything above 1,000 parts per million in an enclosed space, Wood says, would be a sign that its time to open the windows or clear out.
Heres where things get complicated. These variations in small-particle behavior dont just apply to individuals or single spaces, but how the disease moves across all of them. Epidemiologists are starting to see the spread of Covid-19 not as a cloud or wave moving ineluctably around the world, but instead more like signals moving through a network. The close-quarter, asymptomatic infections that small particles make more likely might also explain the patchy, checkerboard spread of Covid-19 through households, cities, and even across the country.
People intuitively think that population density, like in a big city, would lead to more transmissionand at first glance, the massive outbreak in New York City seems to confirm that. But people mostly transmit the virus within their own networks, their own contacts. Thats who the virus jumps to. I might have basically five to 10 friends that I tend to spend more than 15 minutes in close contact with on a regular basis, wherever Im living, Metcalf says. Yet big cities might lead to more contacts outside of our social networkscasual contacts like commuting may be more frequent, and of course social networks may also be more dense.
The result, she says, could be spikier outbreaks that change with urban forms and even the weather. (Some viruses are seasonal and transmit better in cold, dry air versus heat and humidity, but a sticky August outside can mean cranked-high AC inside, which can actually spread a virus if its not filtered correctly.) This is all part of what Benjamin Dalziel, a population biologist at Oregon State University, calls spatiotemporal heterogeneity, variability in the way the disease spreads in different places at different times. That spottiness in transmission means that different kinds of public health interventions will be more or less effective depending on when and where theyre usedpersonal protective equipment and serious ventilation in some settings, rigorously enforced social distancing in others, moving businesses outdoors, continued disinfecting of surfaces, and so on.
Thats how to stop the virus from moving through the world, and its what scientists are trying to understand. Its about the focal points of transmission within a population, and understanding that some places and times are more important for propagating spread than others, Dalziel says. Physical distancing measures are blunt tools that address a fundamental prerequisite for transmission, but they are untenable over the long term. It would be really wonderful if there were one, or a few, factors like that where we could efficiently identify them, make a change, and see a widespread reduction in transmission while still being able to reopen. Wouldnt that be fantastic? he asks. But whats probably more likely is that theres a large number of factors that all contribute. There isnt going to be a magic bullet.
Meanwhile, the CDC has released recommendations on opening restaurants and schools promoting six feet of space between people, doing things outdoors, and mask-wearingeven as the president says he thinks places of worship should be able to hold indoor services. It cant be true that large groups gathering in small spaces are dangerous if youre eating but safe if youre praying. Even if thats how the world looks to some people, its clearly not the world of the virus.
WIRED is providing free access to stories about public health and how to protect yourself during the coronavirus pandemic. Sign up for our Coronavirus Update newsletter for the latest updates, and subscribe to support our journalism."
8,"{'id': 'wired', 'name': 'Wired'}","Matt Reynolds, WIRED UK",Everything You Need to Know About the Oxford Covid-19 Vaccine,Early results from the team in the UK show their approach is safe and provokes an immune response. But that doesn't mean it works.,https://www.wired.com/story/everything-you-need-to-know-about-the-oxford-covid-19-vaccine/,"https://media.wired.com/photos/5f1776baf356e0c9b8169062/191:100/w_1280,c_limit/Science_OxfordVaccine_1222705459.jpg",2020-07-22T12:00:00Z,"The coronavirus pandemic has not exactly yielded much in the way of good news. But now a trial into an experimental Covid-19 vaccine is giving us one reason to be hopeful.
This story originally appeared on WIRED UK.
Results from a team at the University of Oxford show that its vaccineco-developed with the pharmaceutical firm AstraZenecais safe in humans and provokes an immune response. While this is a long way from being a fully working vaccine, its a promising, and vital, first step towards getting one.
Heres everything you need to know about the Oxford study, and what it means for the future of Covid-19 vaccines.
The Oxford team found that its vaccine provoked an immune response and didnt produce any serious side effects. The vaccine prompted neutralising antibodiesthe kind that defends cells against attack from virusin at least nine out of ten of those who had a single dose of the vaccine. The immune response peaked 28 days after the vaccine, but remained high until day 56, which was the final day covered by this scientific paper. The study is still ongoing.
The results are from a study involving 1,077 healthy adults aged between 18 and 55. Half of the participants received the new Covid-19 vaccine, while the other halfthe control groupreceived a vaccine against a bacterial infection. Although no serious side effects were reported, around 70 percent of participants developed either a fever or a headache, although this was lower in a sub-group of participants who took a paracetamol around the same time they had the vaccination.
At this stage, the study cant tell us whether people who have the vaccine are protected against contracting Covid-19, but it does tell us that the vaccine is safe to use, and that it provokes an immune response.
Not yet, no. But this news is still significant. A less encouraging result at this early stage would have been really bad news. Now we know that this vaccine is safe to useand is able to kick the immune system into gearwe can start to explore whether it actually provides protection against those people who are exposed to the virus.
Luckily, that work is already underway. In Brazil, 5,000 people are being enrolled into a trial where they will receive the vaccination and track whether those who have been vaccinated become ill with the virus. A similar trial using the same vaccine is underway in South Africa. In the UK, 10,000 more volunteers are being recruited into the Oxford trial, but here the background rate of infection is relatively low so there is a chance that many people who are vaccinated wont come into contact with the virus anyway, and its protective abilities would never get put to the test.
The study does have some serious limitations too. Over 90 percent of the participants were white, and the average age was 35. To make sure the vaccine is safe for everyone, it will need to be tested on a much wider group of people, including older people, those with other health conditions and those from more ethnically and geographically diverse backgrounds. The authors say that people from these groups are being recruited in the ongoing trials in the UK, Brazil, and South Africa.
That sounds about right. We dont yet know whether having antibodies against Covid-19 actually gives us immunity against the disease, but there are some encouraging signs that may be the case, at least in the short term. A small study on macaque monkeys found that the animals could catch Covid-19, but couldnt be reinfected 28 days after they recovered, with another study finding that protection lasted at least five weeks."
9,"{'id': 'engadget', 'name': 'Engadget'}",Jon Fingas,"400,000 new people have joined Folding@Home's fight against COVID-19","The Folding@Home community has turned its attention toward the fight against COVID-19, and it now has massive computational power at its disposal as a result. The distributed computing project is now working with about 470 petaflops of output in its quest to …",https://www.engadget.com/2020/03/23/folding-at-home-adds-400000-in-coronavirus-fight/,https://o.aolcdn.com/images/dims?resize=1200%2C630&crop=1200%2C630%2C0%2C0&quality=80&image_uri=https%3A%2F%2Fo.aolcdn.com%2Fimages%2Fdims%3Fcrop%3D4500%252C3000%252C0%252C0%26quality%3D85%26format%3Djpg%26resize%3D1600%252C1067%26image_uri%3Dhttps%253A%252F%252Fs.yimg.com%252Fos%252Fcreatr-images%252F2020-03%252Fd2f762a0-640a-11ea-bff7-d548bcee64ac%26client%3Da1acac3e1b3290917d92%26signature%3Dacfc83bfe8e6cc0f9a77d3a85315556bd2a8b3e1&client=amp-blogside-v2&signature=685f159e3b4120c3519036140d4ceba66c5b2091,2020-03-23T16:26:00Z,"The surge in computing power is helped in part by the technology many home users have at their disposal. Users have multi-core CPUs and many-core GPUs that deliver far more power than they would have even a few years ago. Moreover, there's an abundance of cryptocurrency mining machines that are practically tailor-made for data crunching projects like this.
There are positive early signs. Summit, for instance, already found 77 drug compounds that might be helpful for fighting the coronavirus. While we wouldn't absolutely count on Folding@Home accelerating the development of a vaccine or treatment, there's a real chance that your spare computer could help make an important discovery."
10,"{'id': 'engadget', 'name': 'Engadget'}",Jon Fingas,Amazon will deliver at-home COVID-19 test kits in Seattle trial,"Amazon is playing a direct role in COVID-19 relief beyond shipping essentials to people sheltering at home. Amazon Care, the division providing healthcare to company staff, is partnering with the Gates Foundation -backed Seattle Coronavirus Assessment Network…",https://www.engadget.com/2020/03/23/amazon-care-to-deliver-covid-19-test-kits-seattle/,https://o.aolcdn.com/images/dims?resize=1200%2C630&crop=1200%2C630%2C0%2C0&quality=80&image_uri=https%3A%2F%2Fo.aolcdn.com%2Fimages%2Fdims%3Fcrop%3D5022%252C3347%252C0%252C0%26quality%3D85%26format%3Djpg%26resize%3D1600%252C1066%26image_uri%3Dhttps%253A%252F%252Fs.yimg.com%252Fos%252Fcreatr-images%252F2020-03%252Fb0d4e7b0-6d47-11ea-abfc-93ae51a1f330%26client%3Da1acac3e1b3290917d92%26signature%3D3af5b099cb5886bdaf054a0f9abdbb55ede4a319&client=amp-blogside-v2&signature=db2df2623e48bf2c165379107d32f933b73398c2,2020-03-23T22:03:00Z,"Every driver involved has been trained in handling medical material, Amazon told CNBC. The tests revolve around the familiar swabs used at drive-through testing locations. If a recipient tests positive, healthcare workers will get in touch.
Amazon Care director Kristen Helton said in a statement that the company knows fighting COVID-19 will require help from ""both the public and private sectors,"" and was ""eager to leverage"" Care's resources to back a local effort.
This isn't a full-fledged testing system, and it's not guaranteed to expand further. However, it could show how Amazon and other companies could improve access to testing at time when it's critically low. Amazon also has a vested interest in accurately diagnosing and fighting the spread of COVID-19. Washington state has been particularly hard-hit by the virus, with over 1,000 cases and 75 deaths in King County (which includes Amazon's Seattle home) as of this writing. Improved research and testing could help keep employees and the broader community safe."
11,"{'id': 'engadget', 'name': 'Engadget'}",Jon Fingas,Amazon reportedly in talks to test warehouse workers for COVID-19,"Amazon might follow up its COVID-19 safety measures with full-fledged testing for the associated virus. Reuters has obtained notes that reportedly reveal discussions with Abbott and Thermo Fisher about the prospect of testing warehouse workers, including at a…",https://www.engadget.com/2020-04-04-amazon-in-talks-for-covid-19-tests.html,https://o.aolcdn.com/images/dims?resize=1200%2C630&crop=1200%2C630%2C0%2C0&quality=80&image_uri=https%3A%2F%2Fs.yimg.com%2Fuu%2Fapi%2Fres%2F1.2%2FaWrh6jmT0Kx2x8z30_4uqQ--%7EB%2Fdz0xNjAwO2g9MTA2NzthcHBpZD15dGFjaHlvbg--%2Fhttps%3A%2F%2Fo.aolcdn.com%2Fimages%2Fdims%3Fcrop%3D6240%252C4160%252C0%252C0%26quality%3D85%26format%3Djpg%26resize%3D1600%252C1067%26image_uri%3Dhttps%3A%2F%2Fs.yimg.com%2Fos%2Fcreatr-images%2F2020-04%2F91e8d2c0-758b-11ea-bfad-5212d010e905%26client%3Da1acac3e1b3290917d92%26signature%3D90f9a0172d3cb7b8395cede9108efcdeb61037ca&client=amp-blogside-v2&signature=120050d90fde8a16f9aaa68462692feec88c247a,2020-04-04T19:20:00Z,"Whether or not Amazon gets its way is another story. While Abbott and Thermo Fisher are willing to work with Amazon, according to the notes, demand from the US government is apparently taking up all their available capacity. Amazon was nonetheless hopeful that other companies would follow in its path if testing went ahead.
Amazon has declined to comment, while Abbott and Thermo Fisher haven't addressed the report so far.
If accurate, the scoop suggests that Amazon is aware of how important it is to keep infected workers out of its warehouses, whether or not recent protests influenced its thinking. Amazon has increasingly become important during the pandemic as a way to shop for food, health supplies and other necessities without leaving home. Even one infection at a warehouse (19 warehouses have had incidents so far) could leave people without vital goods for a while if it prompts a temporary closure.
At the same time, this also hints that Amazon still has a long way to go before it has a complete defense against COVID-19. The outbreak has already been present in the US for weeks, and Amazon is only just implementing face masks and temperature checks. Even if test supplies weren't a factor, the pandemic could be at or past its peak before warehouse staff have assurances that their coworkers are healthy."
12,"{'id': 'engadget', 'name': 'Engadget'}",Christine Fisher,Snapchat's new lens helps users donate to the WHO’s COVID-19 relief fund,"Snapchat’s latest AR filter lets users donate directly to the World Health Organization’s (WHO) COVID-19 Solidarity Response Fund. With the Snapchat camera, users can scan 23 international currencies in 33 countries. The AR filter will show how donations to t…",https://www.engadget.com/snapchat-coronavirus-ar-donation-lens-200654620.html,https://o.aolcdn.com/images/dims?resize=1200%2C630&crop=1200%2C630%2C0%2C0&quality=80&image_uri=https%3A%2F%2Fs.yimg.com%2Fos%2Fcreatr-uploaded-images%2F2020-04%2F8d9cb1d0-7907-11ea-bdeb-f1dde140ae58&client=amp-blogside-v2&signature=4defeb70416a914766b5b098f3f4deaf7c26f6b8,2020-04-07T20:06:54Z,"This isn’t Snapchat’s first COVID-19 filter. In March, it added mental health tools to help ease coronavirus anxiety through the “Here For You” tool. Those include information from the Crisis Text Line, Ad Council, WHO and CDC. A couple weeks later, Snapchat added lenses that encourage social distancing, hand washing and the importance of not touching your face.
Like seemingly all communication platforms, Snapchat has seen an uptick in activity with more people staying home. It reported a 50 percent increase in its calling feature during the last two weeks of March.
Snapchat isn’t alone in supporting the WHO’s COVID-19 relief fund. A 12-hour Stream Aid Charity Marathon on Twitch last month raised 2.8 million for the Solidarity Response Fund. The game studio Ndemic Creations, behind Plague Inc., donated $250,000, and late-night hosts and musicians will come together on April 18th for a virtual benefit concert. Donations will support the WHO’s work to track and understand the virus, ensure patients get the care they need, provide frontline workers with essential supplies and accelerate efforts to develop vaccines, tests and treatments."
13,"{'id': 'engadget', 'name': 'Engadget'}",Mariella Moon,Google makes it easy to find COVID-19 testing centers in search results,"Google can now surface 2,000 COVID-19 testing centers across 43 US states when you search for COVID-19-related terms, the company told The Verge. Unfortunately, some states were left out — particularly Connecticut, Maine, Missouri, New Jersey, Oklahoma, Orego…",https://www.engadget.com/google-makes-it-easy-find-testing-centers-in-search-results-204959050.html,https://o.aolcdn.com/images/dims?resize=1200%2C630&crop=1200%2C630%2C0%2C0&quality=80&image_uri=https%3A%2F%2Fs.yimg.com%2Fos%2Fcreatr-images%2F2019-11%2F9e22da10-0725-11ea-ab7f-3144bc10fe9c&client=amp-blogside-v2&signature=b136d9d6c765621bfd53c0581eef5dbd1af39c44,2020-04-18T20:49:59Z,"Google can now surface 2,000 COVID-19 testing centers across 43 US states when you search for COVID-19-related terms, the company told The Verge. Unfortunately, some states were left out — particularly Connecticut, Maine, Missouri, New Jersey, Oklahoma, Oregon or Pennsylvania — because the tech giant will only display testing centers approved for publishing by health authorities.
When you do a search for COVID-19, you’ll now see a “Testing” tab on the left-hand side of the results screen. It’s right next to the other tabs, including Symptoms, Prevention and Treatments, which can show you different kinds of details about the coronavirus pandemic. Tapping on the tab will show you the places where you can get tested, depending on your location. We were able to access the tab outside the US, so it could very well have rolled out worldwide."
14,"{'id': 'wired', 'name': 'Wired'}",Aarian Marshall,Covid-19 Opens the Door for Gig Workers to Win Sick Pay,"Uber, Lyft, and others have agreed to pay people who've missed work because of the virus. Seattle is on the cusp of making it law in that city.",https://www.wired.com/story/covid-opens-door-gig-workers-sick-pay/,"https://media.wired.com/photos/5edae662181421e8a634534f/191:100/w_1280,c_limit/business_gig_1226499017.jpg",2020-06-07T11:00:00Z,"As Covid-19 made its grim march around the country in March, Seattle became the first American city to close down. It was the first, too, where gig workers began to report that jobs had dried up, or that they had stopped working because they were scared for their health.
Last week, the city notched another first. An emergency ordinance passed by the Seattle City Council would require app-based companies such as Uber, Lyft, DoorDash, and Instacart to pay their workers a form of sick pay, based on the number of days theyve worked for the company and the amount theyre earned. A spokesperson for Mayor Jenny Durkan said she will sign the bill.
We have done our due diligence in taking care of these companies by helping them grow, says Mia Kelly, a former Instacart shopper who is now an organizer with the workers organization Working Washington. These companies will now have to recognize us gig workers as their employees, and will have to do something about taking care of us.
The ordinance tops a stormy spring for gig workers, who have worked on the front lines of the coronavirus pandemic since local and statewide shutdowns began in March. In many cities, the workers have been categorized as essential, even as some companies struggled to get them adequate protective equipment. Most gig companies have created funds for workers who have been diagnosed with the novel coronavirus, or been put under quarantine by a public health agency. Uber CEO Dara Khosrowshahi personally lobbied the White House to include gig workers in the federal pandemic relief assistance bill, the first time such independent contractors were included in a form of unemployment insurance. But some workerstold news outlets they had difficulty getting documents to access the aid, or getting the companies to respond to their requests.
For driver advocates, sick pay has been the hot button labor issue of the pandemic. The reason is simple: Infected workers giving rides and delivering meals are a public health hazard.
The new Seattle ordinance, which is in place until at least the end of 2023, gives companies a choice: grant workers one day of paid sick leave for every 30 days theyve signed on to work for the app since October 2019, or give everyone five days and then another day for each 30 after that. The money a worker gets on her sick day is an average of what she was paid per working day, including bonuses and tips.
In a statement, an Uber spokesperson said the company has significant concerns about the Seattle City Council considering emergency measures that single out one sector without meaningful input from the public or groups that may be affected. A Lyft spokesperson said the company is concerned that Seattle drivers receiving sick pay would not be eligible for federal relief funds. DoorDash did not respond to a request for comment.
So far, Seattles model has not made it to other cities. But Kelly, the organizer, says shes fielded calls from gig workers in states like North Carolina, California, and New York.
In California, federal judges have rejected legal requests by Uber and Lyft drivers for emergency sick pay, and ordered at least two cases into arbitration. As a result of one of those proceedings, Uber said it would pay $360 to regular California drivers who self-certify that theyve either been diagnosed with Covid-19 or have exhibited symptoms.
Shannon Liss-Riordan, a lawyer representing drivers in lawsuits in California and Massachusetts, said the Uber concession was the first step in a broader fight to classify gig workers as employees. I think this crisis has opened a lot of peoples eyes to the injustice that exists with all of these workers not having the protections of employees, she says."
15,"{'id': 'wired', 'name': 'Wired'}",Adam Rogers,"Could a Janky, Jury-Rigged Air Purifier Help Fight Covid-19?","Indoor air experts think: Sure, maybe. Why the hell not? We convinced the CEO of an air filter company to give it a try.",https://www.wired.com/story/could-a-janky-jury-rigged-air-purifier-help-fight-covid-19/,"https://media.wired.com/photos/5f2b4792242109ea19ea7a10/191:100/w_1280,c_limit/Science_DIY-Air-Purifier-870165544.jpg",2020-08-06T11:00:00Z,"Thats a good question. How much air is cleaned? Portable air purifiers get described in terms of a number called the Clean Air Delivery Rate, a combination of the efficiency of the filter in pulling gunk out of the air and the speed of air pushed through the system. CADR conveys that in cubic feet per minute, and clean buildings researchers now recommend five complete change-outs of the air in a classroom every hour. So ideally youd use the cubic footage of the room and the CADR of the filter set-up to figure out how big a purifier, or how many, you need. (CADR isnt the be-all/end-all, either. Its calculations assume that a room is what researchers call a well-mixed box, which is to say, homogeneously mixed air and pollutants throughout. Thats not how things work with pathogens in the real world.)
When I talked to Rosenthal about all this, he graciously offered to go out, buy a 20-inch box fan, slam together a set-up, and use his companys extensive testing gear to see how much particle reduction he got. He actually used a four-inch-thick filter (more expensive, but more filtration, and you dont have to change them as often).
Rosenthal put his fan/filter in the Tex-Air Filters tool room, next to the companys factoryhe wanted a massive particle count. And then he used his companys enviable array of analytic technology to take some readings. Running the fan only reduced the overall number of 0.3 micron particles by about 25 percent. But remember, thats not the relevant range. Viruses are reeeeeal small, but in the air theyre riding inside biggerbut still quite teensydessicated balls of protein and salt. The ones hanging around as airborne infectious problems are anywhere from 1 to 50 microns, and in Rosenthals informal test, particles between 1 and 10 microns took a huge hit. His rig sucked about 60 percent of the 1-micron particles out of the air, and nearly 90 percent of the 10-micron ones.
Of course, that only gives you single-pass removal efficiency, not volumetric airflow through the device. Rosenthal didnt have that, but he did use his anemometernot, as you might suspect, a device for measuring sea anemones, but a windmill-like airspeed sensoron the outflow. Without the filter, the fans medium setting gave him 780 feet per minute. A one-inch thick MERV-13 filter dropped that to 320 feet per minute. But, in a counter-intuitive twist, the four-inch thick filter yielded an airspeed of 460 feet per minute. Thats because the fan generates positive pressure, a push. The positive pressure is distributed over the area of the filter. The face area of the filter is one thing; the media area of the filter is another, Rosenthal says. If you have a pleated filter, you have substantially more media area, so the pressure is distributed over the greater media area, and consequently you have greater air flow.
In other words: A thicker filter gives you more filtration and better airflow, letting you refresh the room as if more outside air was getting in to replace whatever possibly virus-laden particles are there.
Rosenthal wouldnt venture to calculate a CADR, though. This is all too informal. This is not an air purifier and I would not recommend estimating CADR. This is a high efficiency filter on a box fan, he says.
This isnt science yet. These arent peer-reviewed studies. This hasnt been tested under ideal conditions multiple times. No one has run these stats. Caveat experimenter. Still, thoughseems worth it. Right? Sure, absolutely. Its an air purifier. Its not a HEPA air purifier, but its a reasonably good air purifier, Rosenthal says. If thats the only option, Id rather see people do that than have nothing."
16,"{'id': 'engadget', 'name': 'Engadget'}",Christine Fisher,AT&T and Comcast improve internet access in response to COVID-19,"With so many people in the US working and learning from home, as offices and schools close in response to the coronavirus pandemic, internet service providers (ISPs) are beginning to react. Comcast is increasing internet speeds for low-income users, and AT&T …",https://www.engadget.com/2020/03/12/comcast-att-broadband-coronavirus/,https://o.aolcdn.com/images/dims?resize=1200%2C630&crop=1200%2C630%2C0%2C0&quality=80&image_uri=https%3A%2F%2Fo.aolcdn.com%2Fimages%2Fdims%3Fcrop%3D7107%252C4436%252C0%252C392%26quality%3D85%26format%3Djpg%26resize%3D1600%252C999%26image_uri%3Dhttps%253A%252F%252Fs.yimg.com%252Fos%252Fcreatr-images%252F2020-03%252F6a3126a0-64ac-11ea-9de1-536589c88a8a%26client%3Da1acac3e1b3290917d92%26signature%3Dd0bdb94cb85863062363f60ecb489f37b782b2f9&client=amp-blogside-v2&signature=56f12fadbc2d19ace423dbd7241b54cf0b995cd8,2020-03-12T22:21:00Z,"Comcast is focussing on its Internet Essentials program, which provides broadband to low-income Americans for $9.95 per month. Now, new, qualifying customers can sign up for 60 days at no cost, and Comcast is boosting broadband speeds for all Internet Essentials customers. Over the next few days, it will bump speeds from 15/2 Mbps to 25/3 Mbps, and it will maintain those speeds going forward.
AT&amp;T is taking a slightly different approach, removing usage caps. Until now, some customers have seen usage caps ranging from 150 GB to 1 terabyte per month, Motherboard explains. Users who surpassed those limits could be penalized $10 per additional 50 gigabytes, or more. It's unclear if those caps will come back when the pandemic settles down.
We may see more ISPs taking action to improve internet speeds, access and usage soon. Today, FCC Commissioner Jessica Rosenworcel called on the FCC to take aggressive action in response to COVID-19. We don't know yet what that will look like, but if AT&amp;T and Comcast are any indication, it could include a push to increase speeds and lift data caps.
As a result of the #coronavirus people across this country are going to be asked to move work and learning online. So NOW is a really good time for the FCC to take action to get our nation's broadband providers to lift data caps and remove overage fees. https://t.co/1qJV7whVsR
— Jessica Rosenworcel (@JRosenworcel) March 12, 2020"
17,"{'id': 'engadget', 'name': 'Engadget'}",Jon Fingas,Apple shares more details of how COVID-19 contact tracing will work,"Apple and Google shared a fair amount about their COVID-19 contact tracing plans with their joint announcement, but they still left some gaps. However, Apple has been willing to fill in a few of the blanks in a follow-up with The Verge. The company is aware o…",https://www.engadget.com/apple-covid-19-contact-tracing-details-195229189.html,https://o.aolcdn.com/images/dims?resize=1200%2C630&crop=1200%2C630%2C0%2C0&quality=80&image_uri=https%3A%2F%2Fs.yimg.com%2Fos%2Fcreatr-images%2F2020-04%2F020097d0-7cf0-11ea-bfbf-fbd33a67d3ad&client=amp-blogside-v2&signature=ec3502683120c3019d43d0ef0b19758efa3d7b18,2020-04-12T19:52:29Z,"Apple and Google shared a fair amount about their COVID-19 contact tracing plans with their joint announcement, but they still left some gaps. However, Apple has been willing to fill in a few of the blanks in a follow-up with The Verge. The company is aware of the limitations of Bluetooth and that tracing apps can factor in the duration of proximity into alerts to reduce the chances of false alarms. It may only warn you when you’ve been within proximity of a COVID-19 patient for a substantial amount of time. You may get an alert if there was an infected person on the same bus, for example, but not if someone happened to be walking by on the street.
The tech firm also provided more details of how the tracing API will work. When the feature is integrated at the operating system level, you’ll have to opt in to the API before it will start sending and receiving Bluetooth signals. And if you don’t have a supporting healthcare app right at that moment, you’ll still get the last 14 days of proximity events once you install that app."
18,"{'id': 'engadget', 'name': 'Engadget'}",Christine Fisher,Amazon may temporarily close French warehouses to assess COVID-19 risks,"Amazon may close all of its distribution centers in France following a court order issued yesterday, Reuters reports. The warehouses will reportedly remain closed until at least April 20th. During that time Amazon will assess risks related to COVID-19 and tak…",https://www.engadget.com/amazon-closes-french-warehouses-coronavirus-171410080.html,https://o.aolcdn.com/images/dims?resize=1200%2C630&crop=1200%2C630%2C0%2C0&quality=80&image_uri=https%3A%2F%2Fs.yimg.com%2Fos%2Fcreatr-images%2F2020-04%2F6a857a10-7f38-11ea-ba99-91c9e0b4c9d2&client=amp-blogside-v2&signature=47cb51427bf524e52df7698172557a83b6ada27e,2020-04-15T17:14:10Z,"In a statement provided to Engadget, a spokesperson for Amazon Europe said:
""Following the judgement of a French court on Tuesday, we have to temporarily suspend operations in our Fulfilment Centres in France. This is in spite of the huge investment we made in additional safety measures to keep our hard-working, dedicated colleagues safe, while ensuring they had continued employment at this difficult time. Our FC operations are complex and varied, and with the punitive 1M euro per incident fines imposed by the court, the risk was too high. We remain perplexed by the court’s decision, which was made in spite of the overwhelming evidence we provided about the safety measures we have implemented, and have launched an appeal.""
According to the court ruling, Amazon currently employs close to 10,000 people at six warehouses in France. It will reportedly use a state partial employment program to pay its employees while the facilities are closed. 
Amazon is facing increased pressure over employee safety during the coronavirus pandemic. To meet a surge in demand, it announced plans to hire an additional 100,000 delivery and warehouse workers and temporarily increased pay, but cases of COVID-19 have been reported among staff from at least 19 Amazon warehouses in the US. After an employee-led protest, Amazon said it would do more to protect workers, but it has also been criticized for firing employees who spoke out against its labor practices."
19,"{'id': 'engadget', 'name': 'Engadget'}",Christine Fisher,MIT uses wireless signals and AI to monitor COVID-19 patients at home,"As the coronavirus pandemic continues, hospitals are working to prevent overcrowding and keep healthcare workers safe. According to the CDC, more than 9,000 healthcare workers across the US have contracted COVID-19, and at least 27 have died. To address this,…",https://www.engadget.com/mit-csail-coronavirus-patient-monitoring-device-190037775.html,https://o.aolcdn.com/images/dims?resize=1200%2C630&crop=1200%2C630%2C0%2C0&quality=80&image_uri=https%3A%2F%2Fs.yimg.com%2Fos%2Fcreatr-uploaded-images%2F2020-04%2F99c5f2c0-7e7d-11ea-b2bb-9f260fc6afba&client=amp-blogside-v2&signature=ff8363539145a61a9da1a5b6cc62e96a1af9a0b1,2020-04-14T19:00:37Z,"The CSAIL team has already put Emerald to use at an assisted living facility, where they used it to remotely monitor a COVID-19 patient. As the patient recovered, the system detected that her breathing rate decreased from 23 to 18 breaths per minute, her sleep improved and she was walking more quickly around her apartment.
“Given how Emerald can generate important health data without any patient contact, it could minimize the risk that doctors and nurses will catch the disease from their patients,” says Dr. Ipsit Vahia, an assistant professor of psychiatry at Harvard Medical School. That could be especially helpful in places like skilled nursing and assisted living facilities, where so many patients are at a high risk for contracting COVID-19.
BREAKING: this MIT wireless device has just been used by Boston doctors to monitor COVID-19 patients from a distance, to reduce the risk of contagion.
VIDEO: https://t.co/9g1kgNJ54u
(w/@McLeanHospital)#COVID19#remotehealth#wirelesspic.twitter.com/qNvSWBYgYu
— MIT CSAIL (@MIT_CSAIL) April 14, 2020
As the number of COVID-19 cases spike, Emerald could allow less severe patients to stay at home but remain under the supervision of healthcare providers. In the future, Emerald could be used to monitor other conditions, like anxiety, insomnia and sleep apnea. And along with telehealth, it could spur the shift toward tech-driven remote care."
