,source,author,title,description,url,urlToImage,publishedAt,content
0,"{'id': 'engadget', 'name': 'Engadget'}",Jon Fingas,Australia rolls out COVID-19 tracking app with privacy concerns,"COVID-19 contact tracing apps are arriving in earnest, and it’s clear that privacy is as much of an issue as the effectiveness of the apps. Australia has launched its tracing app, COVIDSafe, despite criticisms of its approach to privacy. The voluntary softwar…",https://www.engadget.com/australia-covid-19-contact-tracing-app-183203946.html,https://o.aolcdn.com/images/dims?resize=1200%2C630&crop=1200%2C630%2C0%2C0&quality=80&image_uri=https%3A%2F%2Fs.yimg.com%2Fos%2Fcreatr-images%2F2020-04%2F7c59ec70-87e5-11ea-bbff-e28f0555b0fc&client=amp-blogside-v2&signature=e5907730fd5d09e32fd5ef047ba70c63face0193,2020-04-26T18:32:03Z,"Germany, meanwhile, is going in the opposite direction. The country has ditched its centralized approach to COVID-19 tracking, based on Pan-European Privacy-Preserving Proximity Tracing (PEPP-PT), in favor of a “decentralized architecture” that only stores contact data on devices. this more closely resembles the approach Apple and Google will take when their beta tracing tools arrive in the next few days. It’s not clear when Germany’s app will be ready.
Contact tracing apps like COVIDSafe could prove vital to ending lockdowns by making it easier to track the spread (and hopefully, decline) of the virus as public life resumes. Rather than shutting down most of society, officials could limit closures and stay-home orders to specific businesses and people. The challenge is getting enough adoption for the apps to be effective. Australia, for instance, wants at least 40 percent of the population to enlist. That’s a massive amount for any app, and privacy reassurances might be crucial for reaching that target."
1,"{'id': 'engadget', 'name': 'Engadget'}",Jon Fingas,NASA backs studies on environmental effects of COVID-19 lockdowns,"You’ve probably heard stories of skies and water clearing up while most people stay at home during the COVID-19 pandemic, but how much have things improved, really? Scientists are about to rely on NASA technology to find out. The space agency is funding four …",https://www.engadget.com/nasa-backs-covid-19-impact-studies-200021703.html,https://o.aolcdn.com/images/dims?resize=1200%2C630&crop=1200%2C630%2C0%2C0&quality=80&image_uri=https%3A%2F%2Fs.yimg.com%2Fos%2Fcreatr-images%2F2020-05%2F5e2106d0-954b-11ea-afdf-9a5d6e9997cf&client=amp-blogside-v2&signature=0841908eb4290b20fdc9e00fac690f8ba8fcfd8b,2020-05-13T20:00:21Z,"You’ve probably heard stories of skies and water clearing up while most people stay at home during the COVID-19 pandemic, but how much have things improved, really? Scientists are about to rely on NASA technology to find out. The space agency is funding four research projects that will rely on satellites and various data resources to understand how pandemic lockdowns have affected pollution worldwide.
One project will study uneven gains in air quality around the world by connecting satellite data to weather, traffic and other info. Another effort will meld satellite and meteorological data to gauge how reduced air pollution has affected the atmosphere. A third initiative will determine what if any effect lowered air pollution has had on water quality, while a fourth will use light pollution satellite data to examine socioeconomic impacts and the effectiveness of stay-at-home orders."
2,"{'id': 'engadget', 'name': 'Engadget'}",Christine Fisher,Google News will direct users to local COVID-19 info,"Since the pandemic began, Google has been working to surface relevant, reliable information. Now, with rates of the virus and state policies varying so widely across the country, Google wants to provide users with more local information. Today, it announced t…",https://www.engadget.com/google-news-covid-19-local-news-publishers-144525941.html,https://o.aolcdn.com/images/dims?resize=1200%2C630&crop=1200%2C630%2C0%2C0&quality=95&image_uri=https%3A%2F%2Fs.yimg.com%2Fos%2Fcreatr-images%2F2020-06%2F5ea25d40-ba15-11ea-bf1d-6bcdacdd3afd&client=amp-blogside-v2&signature=b22f8949f33f332320397e0a8d568030f830ed85,2020-06-29T14:45:25Z,"Google is making a few other useful changes. When people look for coronavirus info in Search, the news carousel will now include tweets from local officials and health authorities. This feature is available in more than 30 countries. 
And according to Google, more people are tuning into local radio on Google Assistant, presumably to listen for coronavirus news. While you can ask Google Assistant to play a specific station, in many cities, you can now ask Assistant to play local news about coronavirus. For instance, you might say, “Hey Google, play news about coronavirus in Boston.” Whatever Assistant-enabled device you’re using will then play a mix of stories relevant to your community. That should be useful for all news.
“The past few months have reinforced the critical role that local news plays in keeping communities informed. Google is dedicated to supporting and promoting local journalism both within and outside of our products,” Google said in a statement.
As part of its Google News Initiative, Google has taken several steps to support local reporting. Recently, it announced plans to pay publishers for “high-quality” content and to develop sustainable business models for local news publications. Google also invested $6.5 million to fight coronavirus misinformation -- that includes funding for journalists and social media influencers."
3,"{'id': 'engadget', 'name': 'Engadget'}",Rachel England,Facebook's interactive COVID-19 map displays symptoms by county,"Facebook has launched a raft of measures to help tackle the coronavirus crisis in recent weeks — its latest is a new interactive map that displays reported county-by-county COVID-19 symptoms from users across the US. The data, obtained via Facebook surveys in…",https://www.engadget.com/facebook-interactive-covid-19-map-displays-symptoms-by-county-122215329.html,https://o.aolcdn.com/images/dims?resize=1200%2C630&crop=1200%2C630%2C0%2C0&quality=80&image_uri=https%3A%2F%2Fs.yimg.com%2Fos%2Fcreatr-uploaded-images%2F2020-04%2F4a0e4190-82f8-11ea-9e3a-697b0045e5cd&client=amp-blogside-v2&signature=305a79ce65b9146b0ab88c73886183447d5fd250,2020-04-20T12:22:15Z,"Facebook has launched a raft of measures to help tackle the coronavirus crisis in recent weeks — its latest is a new interactive map that displays reported county-by-county COVID-19 symptoms from users across the US. The data, obtained via Facebook surveys in partnership with Carnegie Mellon University, will be updated throughout the outbreak. The company also says it plans to roll out symptom surveys globally in the coming days, in order to create similar symptom maps for other countries where Facebook operates.
In a post on Facebook, CEO Mark Zuckerberg said that the platform is “uniquely suited” to run these surveys because it serves a community of billions of people and can therefore carry out statistically accurate sampling. It’s hoped that the maps will help local governments and public health officials better understand where to allocate resources and, eventually, when it’s safe to start reopening different places."
4,"{'id': 'engadget', 'name': 'Engadget'}",Jon Fingas,Amazon VP quits over company firing COVID-19 whistleblowers,Amazon’s recent firings of labor critics have prompted dissent among its upper ranks. AWS vice president Tim Bray has quit the company (via The Verge) over what he sees as an attempt to punish whistleblowers worried about inadequate COVID-19 protections at wa…,https://www.engadget.com/amazon-vp-quits-over-whistleblower-firings-152305288.html,https://o.aolcdn.com/images/dims?resize=1200%2C630&crop=1200%2C630%2C0%2C0&quality=80&image_uri=https%3A%2F%2Fs.yimg.com%2Fos%2Fcreatr-images%2F2020-05%2Fc05ed800-8e15-11ea-9f7e-463776459532&client=amp-blogside-v2&signature=b848f46e693a9b63ea068db3c0cc31d6ee1a032f,2020-05-04T15:23:05Z,"We’ve asked Amazon for comment. In the past, the company has insisted that climate change activists were violating policies on external communication, and that it fired COVID-19 protesters for violating social distancing rules. Bray didn’t buy those claims, however, noting that leaders could have set conditions for participating (or at least objected) instead of simply firing people outright. “It was clear to any reasonable observer that [the workers] were turfed for whistleblowing,” he wrote.
The former executive stressed that he “escalated through the proper channels” using many of the arguments he’s making now, and that he won’t disclose what happened in those discussions.
It’s too soon to say if this will prompt other high-profile departures, let alone any changes in Amazon’s operations. However, this clearly isn’t what the internet giant would hope for. It draws more attention to labor issues at a time when the world is already looking closely — as Bray put it, Amazon is invoking the “Streisand effect.”"
5,"{'id': 'engadget', 'name': 'Engadget'}",Jon Fingas,Lincoln cancels its Rivian-based EV due to COVID-19,"The ongoing COVID-19 pandemic has led to another car cancellation: Lincoln’s Rivian-based electric SUV. After a report in Automotive News, Lincoln has confirmed to Autoblog that the EV has been scrapped due to the “current environment.” The pandemic, in other…",https://www.engadget.com/lincoln-cancels-rivian-based-ev-004105043.html,https://o.aolcdn.com/images/dims?resize=1200%2C630&crop=1200%2C630%2C0%2C0&quality=80&image_uri=https%3A%2F%2Fs.yimg.com%2Fos%2Fcreatr-uploaded-images%2F2020-04%2F78b10e20-89a5-11ea-bfde-40d4a0d3a183&client=amp-blogside-v2&signature=aed490a34bfd4a80ac3a7c42ea1850dbb8610e82,2020-04-29T00:41:05Z,"The ongoing COVID-19 pandemic has led to another car cancellation: Lincoln’s Rivian-based electric SUV. After a report in Automotive News, Lincoln has confirmed to Autoblog that the EV has been scrapped due to the “current environment.” The pandemic, in other words. The two are sticking to their overall commitment and an “alternative vehicle” based on Rivian’s platform, but that initial project is no more.
Lincoln also said it planned to make an EV “consistent with its Quiet Flight DNA,” but didn’t share more details. It wouldn’t be surprising if the brand based a vehicle on parent company Ford’s Mustang Mach-E or the electric F-150, but it’s clearly too soon to know where Lincoln is going."
6,"{'id': 'engadget', 'name': 'Engadget'}",Nicole Lee,Amazon plans to spend $4 billion on COVID-related expenses,"Fueled in part by a massive uptick in demand for groceries and other essential items, Amazon reported a big jump in sales for the first quarter in 2020. But that also equated to a sharp increase in costs, which unfortunately resulted in lower profits, and a d…",https://www.engadget.com/amazon-q1-2020-earnings-210941511.html,https://o.aolcdn.com/images/dims?resize=1200%2C630&crop=1200%2C630%2C0%2C0&quality=80&image_uri=https%3A%2F%2Fs.yimg.com%2Fos%2Fcreatr-images%2F2020-04%2F0705f330-8b26-11ea-bebb-541c2388a25c&client=amp-blogside-v2&signature=9ed32387dadffd7b5c2925d53af43dc242284e3e,2020-04-30T21:09:44Z,"And it won’t stop there. CEO Jeff Bezos said in a statement that the company will spend $4 billion of its profits in this coming Q2 on COVID-related expenses. “Under normal circumstances, in this coming Q2, we’d expect to make some $4 billion or more in operating profit,” he said. “But these aren’t normal circumstances. Instead, we expect to spend the entirety of that $4 billion, and perhaps a bit more, on COVID-related expenses getting products to customers and keeping employees safe.” Such expenses include investments in personal protective equipment, enhanced cleaning of its facilities, higher wages for its workers, and “less efficient process paths that better allow for effective social distancing.”
“The current crisis is demonstrating the adaptability and durability of Amazon’s business as never before, but it’s also the hardest time we’ve ever faced,” said Bezos. 
Amazon has faced accusations recently of poor working conditions from warehouse workers, delivery personnel and Whole Foods employees. In a statement, Amazon responded to this by outlining several ways it’s helping its employees, such as procuring 100 million face masks and requiring them to be worn by all staff. It also said it has a team dedicated to increasing testing capacity -- it’s building its first lab and has already started to test front-line employees.
The company has taken steps recently to prioritize shipments of essential items, and in doing so, is also attempting to “protect customers from bad actors.” It has removed over one million offers so far due to COVID-based price gouging. It also suspended more than 10,000 accounts for violating their fair-pricing policies. 
Amazon has also faced criticisms lately for delivery delays and supply shortages from Prime Now, Amazon Fresh and Whole Foods Market. According to the company, it has expanded Whole Foods pickup from 80 stores to more than 150, and have even adjusted store hours to focus exclusively on online grocery orders during certain times."
7,"{'id': 'engadget', 'name': 'Engadget'}",Christine Fisher,Apple and Google's COVID-19 contact tracing tech is ready,"Today, Apple and Google are releasing their COVID-19 contact tracing technology to public health agencies (PHAs) around the world. So far, 22 countries on five continents have requested the API, which will allow PHAs to develop their own contact tracing apps.…",https://www.engadget.com/apple-google-covid-19-contact-tracing-api-170057362.html,https://o.aolcdn.com/images/dims?resize=1200%2C630&crop=1200%2C630%2C0%2C0&quality=80&image_uri=https%3A%2F%2Fs.yimg.com%2Fos%2Fcreatr-images%2F2020-05%2Fea8e4530-9ab2-11ea-b33f-6b7b5538d6d7&client=amp-blogside-v2&signature=32666351c03a1a3717c3791f89ffe65e880cbe45,2020-05-20T17:01:28Z,"Apple and Google are providing the API, but PHAs will have to develop their own contact tracing apps. In an attempt to promote adoption and avoid fragmentation, use of the API will be restricted to one app per country -- though there may be some exception if a country has opted for a state or regional approach. A handful of US states, including Alabama, North Dakota and South Carolina, plan to use the API for their own apps.
While 22 countries have requested the API, that doesn’t mean they will all put it to use. The UK said it won’t use the Apple-Google model, and countries like Australia have already rolled out their own solutions. Still, Apple and Google expect more countries to request the API in the coming weeks, and the World Health Organization (WHO) said it will release a contact tracing app for countries that don’t make their own. The WHO may use the Apple-Google tech.
Technology can help health officials rapidly tell someone they may have been exposed to COVID-19. Today the Exposure Notification API we created with @Google is available to help public health agencies make their COVID-19 apps effective while protecting user privacy.
— Tim Cook (@tim_cook) May 20, 2020
On its end, Apple is adding exposure notification functionality to iOS 13.5, released today, so its devices should work with the API and iOS apps that use it. Google is rolling out a Play Services update today, so Android devices running 6.0 and above will be compatible.
As previously reported, PHAs that use the API must agree to only use the tech for COVID-19 contact tracing. Users must consent before the app uses the API and before they share a positive test result. Users can also turn exposure notifications on and off. Apps cannot request access to location data, and they are not permitted to use user data for things like targeted advertising.
The API will allow PHAs to define what constitutes an exposure event and determine transmission risk factors. For instance, a PHA may decide to send exposure notifications if you were exposed for several minutes (say, on public transit) but not if you were exposed for a few seconds (passing someone on the sidewalk). 
Despite safeguards put in place to protect user privacy -- all metadata associated with Bluetooth will be encrypted -- the API and contact tracing apps will likely raise privacy concerns. And yet, to be truly effective, they will need widespread adoption."
8,"{'id': 'engadget', 'name': 'Engadget'}",Jon Fingas,Fitbit hopes to make ventilators during the COVID-19 pandemic,"Fitbit wants to join the host of companies making ventilators during the COVID-19 pandemic. Company chief James Park told CNBC in an interview that Fitbit is shifting its production to make the potentially life-saving equipment, with plans to submit its techn…",https://www.engadget.com/fitbit-ventilators-193604869.html,https://o.aolcdn.com/images/dims?resize=1200%2C630&crop=1200%2C630%2C0%2C0&quality=80&image_uri=https%3A%2F%2Fs.yimg.com%2Fos%2Fcreatr-uploaded-images%2F2020-05%2F11e80dd0-96e1-11ea-bf7f-4efcb5a340a9&client=amp-blogside-v2&signature=91b387f9d7ecab9e2a62ddf746507fbac6379b69,2020-05-15T19:36:04Z,"Fitbit wants to join the host of companies making ventilators during the COVID-19 pandemic. Company chief James Park told CNBC in an interview that Fitbit is shifting its production to make the potentially life-saving equipment, with plans to submit its technology to the FDA in the days ahead. And yes, the activity tracker brand is aware that it’s relatively late. Park said Fitbit would adjust its production to meet demand, whether the virus is (hopefully) fading away or begins a second wave as the world reopens.
The CEO didn’t outline the capabilities of the ventilator, but he claimed it would be the “most advanced” design that’s still available at a “lower” price than the tens of thousands of dollars they normally cost. It’s more sophisticated than some of the basic, emergency-oriented ventilators companies have scrambled to make during the pandemic."
9,"{'id': 'engadget', 'name': 'Engadget'}",Marc DeAngelis,Singapore offers Bluetooth COVID-19 trackers to smartphone-less seniors,"It’s not a given that everyone has a smartphone. That’s usually all fine and good, but countries around the world are hoping to use the devices to track contact between those with COVID-19 and the rest of the public. To bring that functionality to seniors, th…",https://www.engadget.com/singapore-covid-19-bluetooth-tracker-163004157.html,https://o.aolcdn.com/images/dims?resize=1200%2C630&crop=1200%2C630%2C0%2C0&quality=95&image_uri=https%3A%2F%2Fs.yimg.com%2Fos%2Fcreatr-uploaded-images%2F2020-06%2F78086f80-ba20-11ea-a1f3-18ee768dab96&client=amp-blogside-v2&signature=8115ebd2d09ac0126a8316755ce0e823d2101363,2020-06-29T16:30:04Z,"It’s not a given that everyone has a smartphone. That’s usually all fine and good, but countries around the world are hoping to use the devices to track contact between those with COVID-19 and the rest of the public. To bring that functionality to seniors, the government in Singapore is sending Bluetooth pendants called TraceTogether tokens. They can communicate with each other -- as well as with the TraceTogether smartphone app -- to keep tabs on who has come into contact with the virus, no smartphone needed.
Priority is being given to the elderly who have little family support or have mobility problems. As more tokens are made, they’ll go out to a broader range of seniors. If a user does come into contact with someone with COVID-19, a contact tracing officer will reach out so that they know to get checked. If a healthcare provider determines that the person contracted the virus, data can be downloaded from the device for deeper insights into who the person came into contact with."
10,"{'id': 'engadget', 'name': 'Engadget'}",Daniel Cooper,Bluetooth update could turn wearables into COVID-19 trackers,"Billions of people have smartphones, but not everyone has them, and they’re not the only smart devices folks have access to. Older people, and young kids, have valid reasons for not owning one, which excludes them from the phone-based contact-tracing systems …",https://www.engadget.com/covid-bluetooth-sig-ens-wearables-plan-120555994.html,https://o.aolcdn.com/images/dims?resize=1200%2C630&crop=1200%2C630%2C0%2C0&quality=95&image_uri=https%3A%2F%2Fs.yimg.com%2Fos%2Fcreatr-uploaded-images%2F2020-08%2Ff19d5160-e20e-11ea-9ffa-788fbcb320b6&client=amp-blogside-v2&signature=fa307e69772ed219512d23065be4a1aa4fd423dc,2020-08-19T12:05:55Z,"Billions of people have smartphones, but not everyone has them, and they’re not the only smart devices folks have access to. Older people, and young kids, have valid reasons for not owning one, which excludes them from the phone-basedcontact-tracing systems currently being put in place. That could reduce the overall efficacy of preventing further spread of COVID-19, which is prompting the Bluetooth Special Interest Group into action. The SIG is the body that administers the wireless standard, and is looking to broaden how its contact-tracing application works to include wearables as well as phones.
It has announced that it’s begun looking at a way of enabling wearables to participate in exposure notification systems. The idea is to let smartwatches, fitness trackers and even Bluetooth wristbands to form part of the contact tracing network. That way, currently disconnected groups like children and people in care homes could be tracked without needing to buy them all a new phone. For instance, a kid wearing a Fitbit could go about their day, downloading the data to their parent’s phone when they get home from school."
11,"{'id': 'the-verge', 'name': 'The Verge'}",Justine Calma,Migrants aren’t to blame for COVID-19,"The Trump administration is using the COVID-19 pandemic as an excuse for hard-line immigration policies. The novel coronavirus is already widespread in the US, and it’s useless to scapegoat migrants at our borders.",https://www.theverge.com/2020/3/27/21196100/immigration-borders-covid-19-coronavirus,https://cdn.vox-cdn.com/thumbor/hvoiZSIt5mq7ejPGYqy9MDM8mhY=/0x420:3037x2010/fit-in/1200x630/cdn.vox-cdn.com/uploads/chorus_asset/file/19852960/1206512196.jpg.jpg,2020-03-27T12:15:00Z,"This is no time to crack down on immigration
Photo by Jaap Arriens/NurPhoto via Getty Images
To get myself through the pandemic, Ive been summoning everything Ive learned about surviving in a new world as an immigrant. I left the Philippines as a kid to join my parents in California. Walang tiyaga, walang nilaga, my grandma used to say. Strictly translated, it means no perseverance, no stew. That lesson on weathering hardship recently took on new meaning.
Im not just worried about the virus. Reports of hate crimes against Asian Americans are up, while President Trump continues to characterize the disease as foreign and Chinese. Some of my friends are worried about heading outside not only because of the virus, but because of the racist slurs hurled at them. 
Went to take out trash.Was talking on phone in Chinese. Man walked by on sidewalk &amp; in interest of social distancing,I said,""sorry, go ahead."" ""FUCKING CHINESE,""he yelled loud enough I could hear him over aide's voice on phone. I turned to look at him to make sure I heard right
 Jiayang Fan (@JiayangFan) March 18, 2020
Filipinos, like other immigrant groups, tend to be overrepresented in jobs on the front lines of the pandemic. The Philippines sends more nurses abroad to staff the worlds health care systems than any other country in the world. Filipinos also make up a third of all cruise ship workers and, in China, are the largest group of migrant domestic workers. The service industry that delivers food to our doorsteps relies on immigrants, too. 
immigrants are overrepresented in jobs on the front lines of the pandemic
Many of the neighborhoods where people of color and immigrants live have more air pollution, which can be deadly during outbreaks of a virus that affects the lungs. For instance, Latinos are over 51 percent more likely to live in counties with dangerous levels of smog than non-Hispanic whites. That can lead to chronic conditions such as asthma that make someone especially vulnerable to COVID-19. Pollution has also been linked to heart disease; people with serious heart conditions are also at higher risk of getting seriously sick from COVID-19.
Theres more. Some immigrants are afraid to seek care because they are worried that they will endanger their own immigration status by doing so. Under a new rule, a person who uses public benefits like Medicaid can be denied a green card. This doesnt apply to permanent residents renewing their green cards, but misinformation is already stopping people from getting care. After pushback from Democrats, US Citizenship and Immigration Services said it wouldnt penalize green card applicants for getting treatment or testing for COVID-19. ICE announced on the 18th that it wont carry out enforcement operations at or near health care facilities; advocates and doctors worried that the fear of getting swept up by ICE might keep people from getting care. But that might not matter if people are too afraid to see a doctor. 
With any disaster, some people are hit first and worst. There are parallels between the COVID-19 pandemic and environmental injustice, says Mustafa Santiago Ali, who led the EPAs efforts to address environmental racism and injustice under the Obama administration. In both crises, the people facing the greatest risk are often people of color, working class families, and the poor. More of our folks are going to die disproportionately, he says, meaning black, brown, and indigenous communities. The people calling the shots dont come from the places that are most affected so they often dont understand whats happening on the ground. They might even make decisions that make things worse.
More of our folks are going to die disproportionately
Now, the Trump administration is using the pandemic as an excuse to push hard-line immigration policies it would have pursued anyway, says Sarah Pierce, an analyst at the Migration Policy Institute. [Theyre] really taking advantage of this moment, even though its a questionable decision to pour resources into that, she says. Maybe we shouldnt be concentrating more on finding masks for doctors and nurses than we should be on kicking asylum seekers out of the country. 
Pierce thinks more people will lose their work authorization or violate their visas because US Citizenship and Immigration Services has shut down its offices and suspended in-person meetings that immigrants must attend to keep their legal status. That means more people could face deportation or detention in facilities that, like prisons, can become hotbeds for disease. While immigrant rights advocates are calling for detention centers to shut down, the Trump administration is using them to fearmonger. 
People in detention could pass the virus on to customs and border patrol officers, and even the United States population as a whole, US Secretary of Health and Human Services Alex Azar said in a March 20th briefing on the pandemic. Migrants in [detention] facilities are drawing on an American healthcare system that is already fighting the coronavirus pandemic, he added. That day, the administration announced it would begin to remove anyone crossing US borders illegally, including people seeking asylum, immediately without due process. 
Ive heard this crap my whole life: that immigrants take more than we give whether thats overburdening health care, snatching jobs, or whatever so lets send them away. Racism and xenophobia has always threatened my existence in this country. 
That us versus them flavor of fearmongering is common in epidemics
That us versus them flavor of fearmongering is common in epidemics. Italian immigrants were scapegoats for the New York City polio epidemics in 1907 and 1916. Cholera was called Asiatic cholera in the 1800s and tuberculosis called the Jewish disease in the 1900s. Thousands of people died from AIDS before the Reagan administration began taking the epidemic seriously in the mid 1980s, after making callous jokes about the disease referred to as gay plague. 
With this new virus, something was triggered that is always latently there, under the surface, which is this fear of the other and the idea that bad things come from elsewhere, York University professor Roger Keil told The Verge in February. 
The virus is already spreading in the US; its useless to scapegoat migrants at our borders when we now have more cases of COVID-19 than any other country in the world. The Latin American country with the most cases of COVID-19 is Brazil, which had 2,433 cases on the 26th just over a tenth of the number of infections in New York City alone. It seems likelier that migrants in detention centers will get sick here. And deporting people who were infected in the US back to other countries means spreading the disease further. 
Shifting blame onto others does nothing to keep Americans, including myself, safe. Its a waste of energy when every moment matters in our response to the crisis. Ive watched New York Citys local officials plead daily for ventilators and federal assistance. As someone who calls this place home, this is terrifying. My mom and many of my aunties are nurses in the US; they need more masks and medical supplies to keep people healthy. 
Division only makes dealing with disaster harder
Division only makes dealing with disaster harder, both Ali and Pierce told me. Another lesson Ive learned from my community is that the only way we beat the odds is when we show up for each other. My aunt, uncles, cousins, and grandmothers stepped in to take care of me in the Philippines until my parents were on solid footing and could send for me. Together, they got me here to where I am today. The only way to get through this crisis will be to do so together, too. My mom and aunties will take care of you when you get sick. Make sure to take care of them, too. Theyre immigrants, and well need them. 
View all 304 stories"
12,"{'id': 'engadget', 'name': 'Engadget'}",Violet Blue,"We need to talk about sex, tech and COVID-19","For the horny and lonely, sex and dating continues during the coronavirus pandemic. While Big Tech sticks its head in the sand, forcing its users to adapt, the sex industry leverages tech to show us how to play safe. When asked about coronavirus and dating sa…",https://www.engadget.com/2020/03/13/we-need-to-talk-about-sex-tech-and-covid-19/,https://o.aolcdn.com/images/dims?resize=1200%2C630&crop=1200%2C630%2C0%2C0&quality=80&image_uri=https%3A%2F%2Fo.aolcdn.com%2Fimages%2Fdims%3Fresize%3D2000%252C2000%252Cshrink%26image_uri%3Dhttps%253A%252F%252Fs.yimg.com%252Fos%252Fcreatr-uploaded-images%252F2020-03%252Fea40e7b0-652c-11ea-b7f7-89fa3f897d16%26client%3Da1acac3e1b3290917d92%26signature%3Dd770801e06906be12e0df74177aa70f7a1e912c6&client=amp-blogside-v2&signature=5dee6328f17ca293c26f076a796d707679c22a43,2020-03-13T16:00:00Z,"When asked about coronavirus and dating safety earlier this week, Bumble mumbled to press about its video chat features — evasions on par with how the company avoids talking about sexual health. Grindr is at least up-front about the topic; even still, the hookup app has no info on the erotic quandaries of quarantine.
Tinder, for its part, has acknowledged the coronavirus. But rather than actually talk about hookups and viral loads, the dating app avoided the specific reason why it would say anything in the first place. ""While we want you to continue to have fun,"" its glib pop-up stated, ""protecting yourself from the Coronavirus is more important."" This was followed by a four-point ""wash your hands"" shortlist and a link to the World Health Organization.
Grindr serves 5 million users worldwide; Bumble has 22 million. Tinder counts 50 million members globally. Since sex and dating is a contact sport, you'd think that being able to tell 77 million people specific ways not to die while using their dating apps would be of the utmost urgency. Think about it: they have a unique chance to talk about what's really going on with quarantine quandaries and tech-enabled hookups.
But ew, sex. It's like they either forgot that dating's raison d'être is intimacy — or they're shoveling a bullshit pretense that their apps have nothing to do with sex.
Dating and hookup app users have adapted to COVID-19, even if prudish tech companies haven't. There's a surge in bios now looking for quarantine amor; cuddle pals and shut-in lovers, to ""ride it out,"" if you will. It's enough to make the ""wash your hands"" pop-ups look criminally negligent. Buzzfeed reported Tinder users saying they weren't that concerned about catching coronavirus, with one male saying he has ""no intention of letting it dictate my social life.""
I'll bet those 77 million people desperately want to know how ""social distancing"" applies to hand-holding. Or how to know if (or when) it's safe to kiss someone. Tinder's ""distancing"" caution specified ""public gatherings,"" but what about private gatherings?
That's tens of millions actively wondering right now: is novel coronavirus similar to other STDs? Like, even if you wore sexy rubber catsuits and kept your bits covered in latex, can anyone bang safely right now? Is this the AIDS epidemic all over again, where the desire for sex is reviled like having a death wish? What horrible future are we in now that all dating has become... teleconferencing?
More to the point, we have to wonder if coronavirus infections will spread because Big Tech is too scared to talk plainly and non-judgmentally about COVID-19, human desire, and sexual communication.
""If dating apps wanted to follow the protocols of the adult industry,"" explained Free Speech Coalition Communication Director Mike Stabile, ""they should realize that, in a public health crisis, they are a unique portal to the population and can be an effective way to communicate information.""
When the adult industry sees a potential risk to the performer pool, we shut down PASS — the performer testing system — to alert performers and producers that there is a production hold.
The adult industry has survived and thrived precisely because we do talk about sexual health and safety constantly. Society needs to learn to talk about sexual risk in a way that's not stigmatizing or accusatory, but as medical fact.
""Not everyone reads the news or is on social media,"" Stabile added. ""We all have our part to play.""
Can't swipe it away
Like everyone else, adult performers and other sex industry workers are concerned about coronavirus transmission risks. The Free Speech Coalition posted a porn-industry-specific COVID-19 advisory last week, describing new behaviors to adopt for coronavirus safety in a sexual atmosphere. ""In some ways, this is familiar territory for us,"" explained FSC's Stabile. ""Despite the intimate nature of our business, our sets are smaller and crew are already trained in safe handling of bodily fluids.""
If only the stewards of bazillion-dollar tech apps were as innovative and efficient as the sex industries they exclude and erase at every turn. ""The adult industry is used to talking about risk-mitigation, and already have an infrastructure set up with health and testing protocols,"" Stabile said, noting that all performers are notified en masse when there's a health risk to the population, and doesn't generalize about it in a quick pop-up linking to the WHO.
Bumble's upsell to its videoconference product, by comparison, was crass and a missed opportunity to say why safer coronavirus sex matters now more than ever. FSC told Engadget that ""some performers are already shifting toward more self-produced content, cams and solos."" And this is exactly how wider sex work communities are shifting as the business of sexual intimacy meets stark COVID-19 transmission concerns for both workers and their clients.
""On Tuesday,"" wrote an anonymous sex worker, ""politician Lord Bethell spoke in the House of Lords about the risk of transmitting coronavirus through kissing and other forms of social intercourse, saying: ""Kissing is wonderful but potentially dangerous."" As an in-person sex worker, this isn't good for business.""
Former full-service sex worker and author of the Thriving in Sex Work series Lola Davina told Engadget via email, ""Any time social distancing is the solution to a problem, contact sex workers, including strippers, masseuses/masseurs, professional dominants, and full service sex workers will be hit hard.""
Evolving faster than tech companies, online workers are stepping up to coach others to find new, non-contact ways to get the job(s) done. And while the Senate GOP blocked an emergency paid sick leave bill intended to deal with the fallout of coronavirus, the Sex Worker Aid Initiative of Seattle sprang into action and launched a ""COVID19 #MutualAid fund and emergency response for affected community members.""
Dating apps could learn a lot from sex workers about what to say to their 77 million scared and horny users -- all of whom are at risk now. Writer and performer Lorelei Lee offers cleaning details revealing that a BDSM dungeon is probably one of the lowest-risk locations you could find yourself in a pandemic. New York based escort fera lorde spelled it all out in an informative Twitter thread. ""We already use (sometimes medical grade) sanitation products for laundry, surfaces, doorknobs, toys, hands – you name it. I've never worked in an incall that didn't have a plethora of sanitation products and antibacterial soap/hand sanitizer on hand and stocked up...""
How I, A Sex Worker, Am Handling COVID19 - a thread!
I wanted to address this because clients are *blowing me up* about it - so here we go!
As SWs, we are *already* vigilant about our intimate work and keeping transmission risks to a minimum. Here are some steps many of us take
— fera lorde (@feralorde) March 10, 2020
Needless to say, coronavirus safety advice to 77 million people using your app to hook up is quite different than advice for going to Trader Joe's and panic buying all the frozen Mandarin Orange Chicken. Especially when you consider that the pandemic and quarantine is now projected to have a massive sexual impact on the general population.
A pandemic in your pants
This week, San Francisco AIDS Foundation posted a very detailed information page about steps to prevent novel coronavirus — far more on social distancing than Tinder's pop-up. UCSF posted really helpful notes from its expert panel on COVID-19, explicitly stating that routes of infection occur in three ways: ""Hand to mouth / face; Aerosol transmission; and, Fecal oral route.""
The Guttmacher Institute looked at the bigger picture, detailing expected outcomes of current response and our certain sexual doom in its COVID-19 outbreak post, Potential Fallout for Sexual and Reproductive Health and Rights.
""Unlike the Zika virus outbreak,"" Guttmacher wrote, ""where sexual and mother-to-infant transmission were well-established, much less is known today about these potential transmission routes for COVID-19."" That sounds to me like something every horny app user on Earth should know right now.
Further, Guttmacher detailed:
At the health system level, we may see shortages of medications—such as contraceptives, antiretrovirals for HIV/AIDS and antibiotics to treat STIs—due to disruptions in supply chains overall.
...health authorities have recommended that people stock up ... items like oral contraceptives, the contraceptive patch and ring, condoms, spermicide and lubrication will be important items on that list. However, building that stockpile might be difficult because of supply shortages and insurance practices that often limit reimbursement to just one month of prescription drugs at a time.
So while some joke on social media about all the COVID-19 babies we'll be seeing in December, everyone else who works in sexual health is deeply, terribly worried about a certain spike in STDs and STIs. It's one thing if dating and hookup apps could let everyone know that kissing, and yes, banging, is a way you can become a vector to accidentally infect your grandma with coronavirus. But it seems equally urgent for Big Tech to tell thirsty users that most condoms are made in China, there are predicted birth control pill shortages, as well as meds to deal with sexually transmitted infections and diseases.
Also, lots of unwanted pregnancies. And there's a chance diseases like HIV could become lethal once again as the availability and access to PreP and antivirals dry up.
Plus, while Trader Joe's was getting its shelves wiped clean in San Francisco this week, I noticed that Bed Bath and Beyond was seeing its shelves of condoms diminish -- and that was Thursday.
Thirsty for the truth
As a trained sex crisis counselor (and a training speaker for sex-ed peers), the ways in which dating and hookup apps are worsening the coronavirus by being sex-phobic bystanders makes me want to scream, or fill the interior of a Bumble executive's Tesla with inferior lube, or set Home Alone style dildo traps throughout Tinder's offices. Something, anything, to make them wake the hell up. Talking about coronavirus and sex isn't going to kill business, but not talking about it certainly will kill someone.
Ultimately, sex and the pandemic is all about harm reduction. Know the risks: Specifically, how transmission occurs, and how that fits into what you'd like to do. Make the best decision for your individual situation that reduces as many risks as possible for you, your sexytime partner(s), and the people you care about.
One way you might reduce your risks is by not taking any — like worldwide sex party club Kinky Salon. This week the club notified its happy-go-pervy patrons that in-person events were on hold indefinitely. ""Let's face it,"" they wrote in a mass email, ""no amount of hand washing will work when we're all making out with each other!""
It's okay if you don't want to deal; it's perfectly okay to put your sex life on hold until this intense storm passes. Just make sure your idea of 'not dealing with it' doesn't include ignoring your risks (and how you might put others at risk) if you decide to get down.
The discussions of sex, dating, tech, and COVID-19 will continue for a long time to come. It's up to us to make sure they keep happening — especially when hookup and dating apps act like keeping users informed and alive is simply ""not their department.""
Images: James Warwick via Getty Images (Intimate flamingos)"
13,"{'id': 'engadget', 'name': 'Engadget'}",Andrew Tarantola,After Math: How COVID-19 is already clobbering 2020,"Welp, we had a good run, America. While every other developed nation on the planet scrambles to defend itself against the deadly spread of COVID-19, the US had to be dragged into fielding a response. This year everything is cancelled. Schools have been shutte…",https://www.engadget.com/2020/03/15/after-math-just-cancel-2020-already/,https://o.aolcdn.com/images/dims?resize=1200%2C630&crop=1200%2C630%2C0%2C0&quality=80&image_uri=https%3A%2F%2Fo.aolcdn.com%2Fimages%2Fdims%3Fcrop%3D5760%252C3840%252C0%252C0%26quality%3D85%26format%3Djpg%26resize%3D1600%252C1067%26image_uri%3Dhttps%253A%252F%252Fs.yimg.com%252Fos%252Fcreatr-images%252F2020-03%252Fb1203f70-656e-11ea-be7b-ac19561f1ba5%26client%3Da1acac3e1b3290917d92%26signature%3Da74d672d5b7ea04b08643d191fb5a46ebd075710&client=amp-blogside-v2&signature=7de18bb695b3cc4ff57bb1eb146d25c58ef9459c,2020-03-15T15:30:00Z,"In a stunning display of just how easily their most draconian business practices can be done away with on a whim, the nation's major telecom carriers (including the Big Four) announced last week that for the next 60 days, would not cancel service or enforce late fees for customers who cannot pay their bills due to the outbreak. It's going to be pandemonium when they try to reinforce these rules.
If you happened to watch the president's second swing at addressing the coronavirus outbreak on Friday afternoon, I'm sorry but that's time you simply won't ever get back. But on the plus side, we did get a glimpse of the Google-built testing site locator that some 1700 engineers are reportedly working on. There is however, no timetable as to when the site will be fully operational, which seems like the more important detail.
Yes, granted, the XBox One X will soon be obsolete but for roughly a third the cost of an upcoming PS5 you can land a current gen system and enough games to get you through the next few weeks of quarantine.
Even as people shut themselves away from the world, they've still gotta eat. And with cities like NYC forcibly reducing dine-in service by up to 50 percent, much of that demand will be handled by take-out and delivery services. GrubHub normally takes up to 30 percent of an order's total from the restaurant as a commission. However the company announced last week that it is temporarily suspending those charges until we get a handle on this outbreak.
Look, there's a very good chance you, and most other Americans are about to be stuck in our collective apartments for the next 2 to 6 weeks. Don't let the cabin fever get to you. Instead, tune in to this growing archive of Oprah's favorite episodes from her long-running, award-winning daytime talk show."
14,"{'id': 'engadget', 'name': 'Engadget'}",Marc DeAngelis,Raspberry Pi will power ventilators for COVID-19 patients,"As the coronavirus pandemic continues to overwhelm the healthcare industry, one of the clearest needs is a more reliable supply of ventilators. To make more of the life saving devices, manufacturers are turning to new designs that are faster and more affordab…",https://www.engadget.com/raspberry-pi-ventilators-covid-19-163729140.html,https://o.aolcdn.com/images/dims?resize=1200%2C630&crop=1200%2C630%2C0%2C0&quality=80&image_uri=https%3A%2F%2Fs.yimg.com%2Fos%2Fcreatr-images%2F2020-04%2F4d109dd0-7da2-11ea-b7fd-b5b8564361b9&client=amp-blogside-v2&signature=0c3fe125916ee24385d7a5ee01e82b865e2f96c4,2020-04-13T16:37:29Z,"As the coronavirus pandemic continues to overwhelm the healthcare industry, one of the clearest needs is a more reliable supply of ventilators. To make more of the life saving devices, manufacturers are turning to new designs that are faster and more affordable to make -- and the super affordable Raspberry Pi computer boards have become a go-to component. Tom’s Hardware reports that The Raspberry Pi Foundation is ramping up production of its Pi Zero boards to help supply manufacturers with enough units to keep up with the high demand for ventilators. While the $5 Pi Zero is the company’s least powerful computer (it features a single core, 1.0 GHz CPU and 512 GB of RAM) it still has enough juice to control the relatively simple computing tasks of a ventilator.
Another reason Raspberry Pi boards are ideal for ventilators is the company’s ability to supply them quickly. Eben Upton, CEO and Founder of Raspberry Pi told Tom’s Hardwarethat, “Raspberry Pi ‘builds to stock’ rather than ‘building to order,’ so we generally have products either on-hand or in the pipeline with short lead times.” The company made 192,000 Pi Zero and Pi Zero W boards in the first quarter of 2020, but is aiming to produce 250,000 of them in the second quarter of the year. Upton said that, as far as he is aware, this is the first time Raspberry Pi boards are being used as medical device components."
15,"{'id': 'wired', 'name': 'Wired'}",Sara Harrison,Why Has Covid-19 Hit Seniors So Hard?,"It’s not one thing, it’s everything. Older people are more likely to catch the disease, to suffer from it more severely, and to have a tougher recovery.",https://www.wired.com/story/why-has-covid-19-hit-seniors-so-hard/,"https://media.wired.com/photos/5ebc68746c0df3393bc20f3b/191:100/w_1280,c_limit/Science_elderly_1221182480.jpg",2020-05-14T11:00:00Z,"It took six weeks, several long, frustrating phone calls, and a consultation with Apple Care before Laurie Jacobs got her 89-year-old father up and running on FaceTime. Jacobs, who is a geriatrician by training and is now the chair of the Department of Medicine at Hackensack University Medical Center in New Jersey, was worried about how her parents were coping during the pandemic. They live in a long-term care community, but they felt isolated and lonely. Over the phone, Jacobs couldnt tell how her mother, who has some cognitive decline, was feeling or if she was walking comfortably. The communication at a distance is very difficult, she says. You dont always get the whole picture with an older adult on the telephone. 
Here's all the WIRED coverage in one place, from how to keep your children entertained to how this outbreak is affecting the economy. 
And, like so many other Americans in quarantine, her parents were running out of things to do. They seemed bored and somewhat depressed by the lack of stimulation, so further ways for them to interact was very important, says Jacobs.
The Covid-19 pandemic presents a doubly complicated situation for older people: Not only are they at higher risk of contracting the disease, and more likely to develop severe infections and die from it, but they are also the most likely to struggle withand suffer from the consequences of prevention strategies like social distancing. For people with dementia, Alzheimer's disease, or severely reduced mobility, social-distancing guidelines can be impractical and nearly impossible to follow, making prevention and treatment even more complicated.
Seniors, especially those above age 80, have been hard hit by the virus. Thats in part because they often have comorbidities like diabetes and hypertension, which make them more likely to be hospitalized. Doctors arent sure why those conditions make the effects of the virus worse, but both conditions are associated with greater expression of the ACE2 receptor, a protein on human cells that the coronavirus latches onto to start replicating.
Many older adults also have chronic, low-grade inflammation, a state called inflammaging, in which the body is unable to control the release of cytokines, small proteins that are supposed to help modulate the bodys immune response. This dysregulation could put seniors at great risk of cytokine storms, a condition reported in severe Covid-19 cases during which a patients immune system spins out of control and starts damaging healthy organs.
Seniors are also more vulnerable because of immunosenescence, a slow deterioration of the immune system that is a normal part of aging. When people are young, the immune system has a big reservoir of T-cells and B-cells ready to fight infections. These are called naive cells, meaning they havent encountered any bacteria, viruses, or other pathogens yet. When those naive cells encounter an infection, some of them learn to recognize that pathogen and become ready to fight it off if the body gets exposed to it again. As we age, we lose that reservoir of T-cells and B-cells, says Wayne McCormick, head of Gerontology and Geriatric Medicine at the University of Washington. Its hard for us to make new ones, although some people seem to retain that capacity better than others. That means the persons body may mount a less robust immune system response than it would have done when they were younger.
Immunosenescence also means that diseases present differently in seniors, which may make it difficult for their doctors or caretakers to recognize a Covid-19 infection. While many Covid-19 cases include fever, for example, in seniors the symptoms might also include confusion, delirium, sleepiness, or loss of appetite. That may be because the virus has reached important organs like the brain, kidneys, or digestive system. As one gets older, the virus can invade without being resisted as much, and then some really bad things begin to happen, says William Greenough, clinical chief of the ventilator rehabilitation unit at Johns Hopkins Bayview Medical Center. Particularly in older people, were seeing clogging of blood vessels in the brain and kidneys."
16,"{'id': 'wired', 'name': 'Wired'}",Maryn McKenna,Covid-19 Data in the US Is an ‘Information Catastrophe’,The order to reroute CDC hospitalization figures raised accuracy concerns. But that's just one of the problems with how the country collects health,https://www.wired.com/story/covid-19-data-in-the-us-is-an-information-catastrophe/,"https://media.wired.com/photos/5f1f4bc1993bc1efb30b16a0/191:100/w_1280,c_limit/Science_COVID_data_679379743.jpg",2020-07-30T11:00:00Z,"If you are lucky enough to work in a large health care system that has a sophisticated electronic medical record, then possibly you can push one button and have all the data flow up to NHSN, says Angela Vassallo, an epidemiologist who formerly worked at HHS and is now chief clinical adviser to the infection-prevention firm Covid Smart. But thats a rare experience. Most hospitals have an infection preventionist, usually an entire team, responsible for transferring that data by hand.
There lies the core problem. Despite big efforts back during the Obama administration to funnel all US health care data into one large-bore pipeline, what exists now resembles what youd find behind the walls of an old house: pipes going everywhere, patched at improbable angles, some of them leaky, and some of them dead ends. To take some examples from the coronavirus response: Covid-19 hospital admissions were measured by the NHSN (before HHS intervened), but cases coming to emergency departments were reported in a different database, and test results were reported first to local or state health departments, and then sent up to the CDC.
Covid-19 data in particular has been so messy that volunteer efforts have sprung up to fix it. These include the COVID Tracking Projectcompiled from multiple sources and currently the most comprehensive set of statistics, used by media organizations and apparently by the White Houseand Covid Exit Strategy, which uses data from the COVID Tracking Project and the CDC.
Last week, the American Public Health Association, the Johns Hopkins Center, and Resolve to Save Lives, a nonprofit led by former CDC director Tom Frieden, released a comprehensive report on Covid-19 data collection. Pulling no punches, they called the current situation an information catastrophe.
The US, they found, does not have national-, state-, county-, or city-level standards for Covid-19 data. Every state maintains some form of coronavirus dashboard (and some have several), but every dashboard is different; no two states present the same data categories, nor visualize them the same way. The data presented by states is inconsistent, incomplete, and inaccessible, the group found: Out of 15 key pieces of data that each state should be presentingthings such as new confirmed and probable cases, new tests performed, and percentage of tests that are positiveonly 38 percent of the indicators are reported in some way, with limitations, and 60 percent are not reported at all.
This is not the fault of the statesthere was no federal leadership, Frieden emphasized in an interview with WIRED. And this is legitimately difficult. But its not impossible. It just requires commitment.
But the problem of incomplete, messy data is older and deeper than this pandemic. Four scholars from the health-policy think tank the Commonwealth Fund called out the broader problem just last week in an essay in The New England Journal of Medicine, naming health data as one of four interlocking health care crises exposed by Covid-19. (The others were reliance on employer-provided health care, financial losses in rural and primary-care practices, and the effect of the pandemic on racial and ethinic minorities.)
There is no national public health information systemelectronic or otherwisethat enables authorities to identify regional variation in the demand for, and supply of, resources critical to managing Covid-19, they wrote. The fix they recommended: a national public health information system that would record diagnoses in real time, monitor the materials hospitals need, and link hospitals and outpatient care, state and local health departments, and laboratories and manufacturers to maintain real-time reporting on disease occurrence, preventive measures, and equipment production."
17,"{'id': 'wired', 'name': 'Wired'}",David H. Freedman,Prophet of Scientific Rigor—and a Covid Contrarian,John Ioannidis laid bare the foibles of medical science. Now medical science is returning the favor.,https://www.wired.com/story/prophet-of-scientific-rigor-and-a-covid-contrarian/,"https://media.wired.com/photos/5ea8acc41db1610008d53116/191:100/w_1280,c_limit/Freedman-on-Ioannidis.jpg",2020-05-01T14:22:21Z,"Yes, that may be partly because we managed to get enough people to stay home quickly enough; and yes, it has taken heroic sacrifice and risk on the parts of front-line healthcare workers to keep the system functioning. But Ioannidis insists theres little evidence that hospitals couldnt now handle the surges that might come from relaxing stay-at-home policies, assuming people who go out take moderate protection measures such as masks and social distancing. If were not ready to stay locked up for a year or more, he argues, were just delaying the inevitable spread of the disease without doing much to change the death rate.
On the other side, he says, are the health costs of the lockup. If we prolong these measures too long, the premature deaths from that policy could be 100-fold larger than what we see with Covid-19 itself, Ioannidis told me. The fear of leaving home to go to a hospital is alone almost certainly leading to thousands of unnecessary deaths from heart attacks, strokes and cancer.
If I did a study and the results showed that in fact there wasnt really much bias in research, would I be willing to publish it?
John Ioannidis, Stanford University
Other epidemiologists assessment of Ioannidis claim, that staying at home will likely kill far more people than Covid-19, might best be summed up the way physics giant Wolfgang Pauli is said to have dismissed the lesser work of a colleague: Its not even wrong. To be promoted to wrong, the Ioannidis position would have to be based on data and analysis that scientists could argue over. Even allowing his 0.1 percent fatality rate for the diseasewhich most epidemiologists think is way too low, but not beyond-the-realm-of-possibility lowthere is almost no data to go on for the likely cost in human life of the lockdown. We know Covid-19 is killing tens of thousands of people, and that staying at home is slowing the spread; but we know virtually nothing about the number deaths caused by staying at home. As such, what Ioannidis is promoting simply isnt science, says Loren Lipworth, a Vanderbilt University epidemiologist. Its impossible to do that risk-benefit analysis, she says. Its just relying on anecdote and common sense. In other words, Ioannidis is pitting his gut against the collective data-driven wisdom and analysis of medicine and public health.
Its not that Ioannidis isnt asking the right questions. I watch CNN and CBS News every day, and Ive only seen the issue of unnecessary deaths due to the lockdown come up a few times, in the context of chronically-ill people having trouble getting treatment. But Ive watched hundreds of stories of individuals dying horribly from Covid-19, and of anti-stay-at-home protesters excoriated by experts. Thats how most Americans see this disease: through a terrifying filter of widespread death that only fools would leave home to risk.
If Ioannidis claims even slightly alter the conversation toward a more balanced, thoughtful view of what we really gain, and what we might lose, from the lockdown, then maybe its mission accomplished. If hes even partly right that were too biased toward staying at home, and the disease isnt as deadly as we thought, the resulting shift could ultimately save tens of thousands of lives.
A week ago, Ioannidis legacy in medical science seemed unassailable. Today, not so much. I saw it on the faces of those medical students. To them Ioannidis may always be the fringe scientist who pumped up a bad study that supported a crazy right-wing conspiracy theory in the middle of a massive health crisis. 
The prevailing take now is that Ioannidis has fallen prey to the very sorts of biases and distortions that he became revered for exposing in others. If thats what happened, it will be a twist that Ioannidis himself had prophesied to me ten years ago in Greece. If I did a study and the results showed that in fact there wasnt really much bias in research, would I be willing to publish it? he said then. That would create a real psychological conflict for me. Ioannidis was acknowledging that hes invested in showing that other scientists tend to get it wrong, and that he might end up being skeptical of data suggesting they are, in fact, getting it right.
Now Ioannidis claims about Covid-19 may be pulled by the gravity of his commitment to being the one who sees where everyone else went wrong. Theres a meta-meta-science lesson in there, too, and one weve sometimes seen before: Bias is so powerful a force in scientific research that even a grandmaster of research into bias can eventually trip over it.
Photographs: Getty Images; Library of Congress
WIRED is providing free access to stories about public health and how to protect yourself during the coronavirus pandemic. Sign up for our Coronavirus Update newsletter for the latest updates, and subscribe to support our journalism."
18,"{'id': 'wired', 'name': 'Wired'}",Megan Molteni,How Argentina’s Strict Covid-19 Lockdown Saved Lives,"Being there in mid-March gave me a window into what it would have looked like had the US taken serious action from the start. It also nearly stranded me 5,000 miles from home.",https://www.wired.com/story/how-argentinas-strict-covid-19-lockdown-saved-lives/,"https://media.wired.com/photos/5e9a1da46eb7dc0008e893d7/191:100/w_1280,c_limit/Science_Argentina_1218823667.jpg",2020-04-23T15:02:01Z,"Today, the country still has fewer than 3,000 confirmed cases. Its neighbor to the north, Brazil, which was slower to lock down, recently passed a total of 38,000. And here in the US, well, were adding that many new cases every day or two. If you just look at the numbers, most of Latin America appears to have staved off the runaway explosion of infections seen in nations like Italy, Spain, and the US. It is possible that the travel restrictions and stay-at-home orders did exactly what they were supposed to do.
But these numbers, as we know by now, rarely tell the whole story. The US is currently testing about 13,000 people out of every million, according to data from The Covid Tracking Project. And while thats far fewer than the number of tests epidemiologists say well need to get an accurate read on the true shape of the outbreak here, every Latin American country is lagging even further behind. Its like walking blindly through the woods, because the official number of cases isnt real, one doctor in Mexico told Bloomberg earlier this month.
At a World Health Organization press briefing Wednesday morning, officials highlighted the importance of getting testing labs operational and training teams of contact tracers in Central and South America. What we are seeing there is an increasing trend in terms of number of cases, said Maria Van Kerkhove, the WHOs Covid-19 technical lead. The social measures and stay-at-home orders are buying some time, but its important that we use that time wisely. The trajectory of this pandemic in every country depends on how each country reacts, regardless of income. In Central and South America, she said, the increasing case numbers are worrying, but for many countries, there still exists a window of opportunity to prevent massive outbreaks.
In the US, that window closed in the weeks before Covid-19 started killing New Yorkers at a grisly pace of one every three minutes.
Langsam, the health policy researcher in Buenos Aires, chalks this up to politics more than anything else. Like the US, Argentina has a federalist system of provinces under the control of governors from various parties. But unlike whats going on in the US, here every governor agreed that buying time through a quarantine was a good idea, says Langsam. In the US, some governors, in states like California and Oregon, locked down right away, while others delayed for the sake of their states economy.
While Argentina is not yet beset by a plague of anti-quarantine protests, people are getting restless. Across the country, schools and businesses have been shuttered. Unless theyre going out to buy groceries or seek medical attention, citizens have been forced to stay inside their homes. In some places, there are reports of police detaining any people violating these orders and putting them under house arrest.
More than 12 million people have applied for a government subsidy that works out to about $100 a month, or half the minimum wage in Argentina. But in Villa 31, Argentinas largest slum, people can no longer afford to isolate themselves inside. In other parts of Latin America and the Caribbean, where an estimated 113 million people live in low-income barrios, riots have broken out between hungry residents and military police forces. Theres no chance a family of five living in a shantytown will be able to follow the quarantine, says Langsam.
Its these kinds of economic and social considerations he wishes the Argentine government had deliberated more seriously before going headlong into total lockdown. According to reports, President Fernandez and his Ministry of Health met with a committee of the nations top virologists, epidemiologists, and infectious disease doctors in early March. Those conversations influenced their decision to enact a string of escalating coronavirus-containing measures. Why couldnt we have also stood up expert committees on the economic impacts of these decisions? asks Langsam. That would have brought more balance to our response."
19,"{'id': 'wired', 'name': 'Wired'}","Victoria Turk, WIRED UK",Should We Purposely Infect Healthy Volunteers With Covid-19?,Such studies could speed up the development of a vaccine—but would mean deliberately giving people a disease that could kill them.,https://www.wired.com/story/should-we-purposely-infect-healthy-volunteers-with-covid-19/,"https://media.wired.com/photos/5ed158902294e5ecad1d303f/191:100/w_1280,c_limit/Science_needle_161657475-(1).jpg",2020-05-31T14:00:00Z,"Most researchers, however, dont believe a human challenge study could directly replace a phase three trial. Because a human challenge study is smaller, it may not gather enough data on the safety and efficacy of a vaccine to satisfy regulators. The trial may not exactly mimic natural infection, and it will only give information on the response of young, healthy volunteers, who may not be representative of the broader population. I do think that they need to be run alongside phase three, it's not either-or, Weller says.
But a human challenge study could nevertheless speed up the vaccine testing process by giving an earlier indicator of whether a vaccine is effective or not. This could inform decisions on which trials to move forward with or which vaccines to start manufacturing at scale, weeding out non-effective candidates more quickly. Human challenge studies could also make it easier to test more vaccine candidatesthere are more than 100 currently in development for Covid-19so that researchers can choose the most promising ones, possibly resulting in an eventual vaccine that is more effective.
Besides speeding a vaccine up, human challenge studies could also gather other valuable research data, for example helping to elucidate how people are infected and how they gain immunity to the virus.
And they can be particularly useful where a regular phase three trial is difficult or impossible to conduct, for example if there is not enough natural infection going around to get good results. This may be the case with Covid-19: as many places currently have lockdown measures in place to prevent people from being exposed to the virus, it could be difficult to see how well a vaccine works, as both the vaccinated and control groups in a phase three trial could simply not come into contact with the virus. Ironically, if a country is doing well at containing the coronavirus, they may find it harder to test a vaccine.
For some, the urgency of the current pandemic, and the desire to speed up the search for a vaccine, means human challenge studies make a lot of sense. But at what cost? We know that Covid-19 can cause severe symptoms and even death, and we do not have an effective treatment (beyond some evidence for the antiviral drug remdesivir). 
Advocates of Covid-19 human challenge trials say that the risk to young, healthy people is minimal, and is justified when compared to the potential benefits of a faster vaccine. There are multiple reasons why, in this case, we should proceed with human challenge trials, says Nir Eyal, director of the Center of Population-Level Bioethics at Rutgers University, New Jersey and the lead author of the paper that inspired Morrison to start 1 Day Sooner.
Younger people are much less likely to die from Covid-19 than older people, although it is hard to put an exact number on the risk; some reports suggest that the rate of death for people under 30 is around 0.03 percent. Eyal compares this to donating a kidney, and argues that the risk posed to volunteers in a human challenge study for Covid-19 is therefore below the threshold of what would be considered unethical. Clearly, this research could be considered permissible, especially in light of its tremendous public health importance, he says.
But others disagree. I would say that existing standards would say that you can't do Covid-19 challenge studies, says Charles Weijer, a professor of bioethics and research ethics at Western University, Canada and a member of the WHOs working group for guidance on human challenge studies in Covid-19.
In 2016, Weijer co-authored a paper that stated human challenge studies in infectious diseases should be limited to self-limiting or easily treatable infections. (A self-limiting infection is one that gets better by itself.) As well as the risk of death, participants of human challenge studies could be at risk of experiencing other harmful effects of Covid-19, with reported symptoms including everything from headaches and breathlessness to blood clots, lung and kidney damage. We dont know why even some young, healthy people get worse symptoms than others and, given we only discovered the Sars-Cov-2 virus less than six months ago, we dont know much about the long-term effects."
