,source,author,title,description,url,urlToImage,publishedAt,content
0,"{'id': 'mashable', 'name': 'Mashable'}",Morgan Sung,"Oh my god, just wash your hands","Please wash your damn hands. It's 2020 and yes, full grown adults still need to hear it. Health officials in Washington confirmed the first death from the new coronavirus, officially named COVID-19, on Saturday. The virus is highly contagious, and as of Satur…",https://mashable.com/article/just-wash-your-hands/,https://mondrian.mashable.com/2020%252F02%252F29%252F79%252Fc73e950feef24d61823b38a9b038b9de.24602.jpg%252F1200x630.jpg?signature=OJKtiCxi__ioiKndtXDZmP8Rwmw=,2020-02-29T23:40:21Z,"Please wash your damn hands. 
It's 2020 and yes, full grown adults still need to hear it. 
Health officials in Washington confirmed the first death from the new coronavirus, officially named COVID-19, on Saturday. The virus is highly contagious, and as of Saturday, has infected 85,641 people worldwide and is responsible for 2,933 deaths. Symptoms include fever, cough, and difficulty breathing.
As panic around the virus rises, preventative supplies like face masks and hand sanitizer are becoming increasingly difficult to buy. They're out of stock in most drugstores and big box stores like Walmart and Target. On Amazon, brands like Purell and Germ-X are only available through third party sellers at high mark-ups. Frustratedshoppers on social media warned others of the hand sanitizer shortage, crowdsourcing lists of stores that still had an inventory. 
But hand sanitizer and face masks can only do so much compared to just washing your fucking hands. 
To prevent the spread of the novel virus, the Centers for Disease Control (CDC) and the World Health Organization (WHO) recommend coughing and sneezing into your elbow or a tissue and washing your hands. The CDC, in fact, ""does not recommend that people who are well"" even bother with wearing face masks as protection from respiratory diseases like the coronavirus.
While sanitizing with alcohol-based gels like Purell and Germ-X can reduce the number of microbes on your hands, they're not as effective as decent hand washing. The CDC says that hand sanitizers containing at least 60 percent alcohol are effective to a degree, but people don't use enough for it to make most microbes inactive. Furthermore, studiesshow that hand sanitizer isn't as effective as hand washing to make germs like C-Diff and norovirus inactive. A 2008 study concluded that hand washing reduces respiratory illnesses by 21 percent. 
And besides, you should be washing your hands regularly regardless of whether or not we're facing a potentially devastating virus outbreak. It's just good practice, no matter what the state of global health is at the moment. 
Others on Twitter echoed a similar sentiment. 
just a friendly reminder you should also wash your hands when theres not a mass-hysteria virus panic
 Blonde Lady Cop (@BlondeinKevlar) February 29, 2020
I dont know who needs to hear this, but you dont have to wait for a global pandemic to wash your hands
 Sam Sanders (@samsanders) February 29, 2020
Everyone worried about COVID19 but Im terrified of touching anyones hands ever again why tf arent so many people washing their hands JUST WASH YUr DAMN HANDS EVEN WITHOUT A PANDEMIC?! POOP PARTICLE NASTY ASS HANDS ON 60% OF MEN ARE YOU KIDDING ME?!!
 Alex (@dirtbagboyfren) February 29, 2020
Despite emphasizing effective hand washing methods since childhood, Americans are still nasty. It's estimated that 95 percent of people don't wash their hands effectively, if at all, a 2013 study from Michigan State University concluded. The study found that 7 percent of women didn't wash their hands, and of those who did, 79 percent used soap. Another 15 percent of men didn't wash their hands at all, the study found, and only 50 percent of those who did used soap. 
That is disgusting. 
Hand washing shouldn't be and really isn't that hard. Singing Happy Birthday to yourself twice and gently scrubbing under warm, soapy water takes virtually no time and can prevent major disease spread. But it shouldn't take the threat of a potential pandemic to get adults to wash their hands after touching public doors or taking a dump. That should just be a societal expectation! This shouldn't be a public service announcement in the first place! 
Stop being nasty and just wash your hands."
1,"{'id': 'cnn', 'name': 'CNN'}","Leah Asmelash, CNN",Quarterback's wife blames NFL for harassment received after false positive coronavirus test,"After a false positive Covid-19 test put Matthew Stafford, quarterback for the Detroit Lions, on the NFL's Injured Reserve/Covid list, life has been terrible. And his wife blames the NFL.",https://www.cnn.com/2020/08/04/us/matthew-stafford-false-positive-covid-trnd/index.html,https://cdn.cnn.com/cnnnext/dam/assets/200804171851-matthew-stafford-false-positive-covid-trnd-super-tease.jpg,2020-08-04T23:38:17Z,"(CNN)After a false positive Covid-19 test put Matthew Stafford, quarterback for the Detroit Lions, on the NFL's Injured Reserve/Covid list, life has been terrible. And his wife blames the NFL.
That's according to an Instagram post made by Kelly Stafford, the quarterback's wife, who called the past four days following the false positive ""somewhat of a nightmare.""
""I have been losing my mind because of how my Family has been treated since my husband was put on COVID-IR,"" Kelly Stafford wrote. ""Even after we knew it was false positive, our school told us they were not allowed back, I was approached in a grocery store and told I was 'endangering others,' my kids were harassed and kicked off a playground, I was told I needed to wait in my car when trying to pick up food, and people closest to us had to get tested just so they could go back to work.""
All this, Kelly Stafford says, happened after Saturday, when the Lions placed Matthew Stafford on the league's Reserve/Covid-19 list. The team removed him from the list Tuesday.
The NFL has said being placed on the list doesn't mean the player has Covid-19, just that they may have tested positive or is quarantined after being in contact with an infected person."
2,"{'id': 'techcrunch', 'name': 'TechCrunch'}",Natasha Mascarenhas,Four views: is edtech changing how we learn?,"The COVID-19 pandemic compelled us to experiment with edtech, but it's still unclear whether attending school virtually with a laptop at the kitchen table offers the same benefits as sitting in a classroom.",http://techcrunch.com/2020/07/06/four-views-how-will-remote-learning-change-the-way-students-learn/,https://techcrunch.com/wp-content/uploads/2020/07/GettyImages-1217545010.jpg?w=617,2020-07-03T14:00:20Z,"In the future, students might dismiss stories about weather-related school closures as folklore.
The COVID-19 pandemic compelled us to experiment with edtech, but it’s still unclear whether attending school virtually with a laptop at the kitchen table offers the same benefits as being in a classroom. One recent study found that only 27% of schools asked teachers to monitor student attendance and 37% were required to do 1:1 check-ins on an ongoing basis.
Can education in a post-pandemic world become more accessible, asynchronous and persistent? Or will our digital divide deepen existing inequities in our educational system?
To consider the issue, four TechCrunch staffers looked at the future of edtech and remote learning:
<ul><li>Devin Coldewey</li><li>Natasha Mascarenhas</li><li>Alex Wilhelm</li><li>Danny Crichton</li></ul>When I was a kid, we played SimCity in computer class once we’d finished our typing lessons, five-paragraph essays and so on. I always thought I was pulling a fast one by zipping through the assignments and getting straight to building my city, but the truth is I was learning just as much with one as the other. The game fooled me into learning about city infrastructure, taxes and other civic concepts that I probably would have fallen asleep had I been reading about them.
As a preschool teacher I found myself on the other side of this phenomenon, finding ways to impart learning on my little charges without boring them and they were easily bored. It was always better to learn by doing, but kids don’t do anything unless it’s fun.
The pandemic isn’t just affecting higher education; 4th-graders and middle school kids are being thrown for a loop as well not to mention their teachers. Gaming has to be part of the solution.
Our education system has a sort of built-in fun-to-learning ratio that gets smaller as the years go on, because many of the tools we use to teach core concepts are dated and static. There are a few “edutainment” products if kids are lucky enough to have the iPads or laptops to use them on, but not enough, and they’re plainly of a lower order than the real games kids play all the time. When a kid’s hobby is playing something like Fortnite or Breath of the Wild, does an algebra worksheet dressed up like a 2002 Flash game really seem like anything more than work?
Educational games are stuck on the idea of adding fun to old methods of teaching instead of rethinking how learning can be accomplished outside of those methods. Yet the possibilities of teaching using remote presence and virtual worlds are staggering.
A simple and laudable example is Ubisoft’s educational mode, present in its last two Assassin’s Creed games set in ancient Egypt and classical Athens. For all that they came up short as AAA games, these astonishingly detailed sandboxes offer an entire college course’s worth of anthropology and history; in fact, a special non-violent mode exists just for exploring those aspects of the game.
Imagine telling a classroom full of 14-year-olds that their assignment was to play Assassin’s Creed for an hour a day, find something interesting, look it up and write a paragraph about it. Or build a functioning rocket in Kerbal Space Program. Or finish a set of puzzles in The Witness and list the hidden rules that govern them. Or work with three other kids to build a model of the school in Minecraft or Roblox .
Right now, that’s practically unthinkable (outside a few forward-thinking classrooms), partly because the culture around gaming is weird, toxic and few people take the medium seriously for educational purposes. But if remote learning is going to be part of K-12 education from now on and we’d better plan for that we need to meet kids where they are, not try to contort them into a mold cast a century ago.
It’s difficult to visualize because “real” games aren’t built for education except as a secondary consideration. But virtual worlds are becoming venues for more than competition, and embracing that from first principles, by involving educators and students to see what is needed and how those needs can be met, will be a fruitful path for the industry to pursue."
3,"{'id': 'engadget', 'name': 'Engadget'}",Billy Steele,Recommended Reading: The world of Lego interface panel design,"The UX of Lego interface panelsGeorge Cave, designbycave.co.ukWhether it’s a spaceship, a cash register or a car instrument cluster, Lego interface panels play a relatively small role in the grand scheme of most builds. They offer finer details for a vehicle’…",https://www.engadget.com/recommended-reading-the-world-of-lego-ux-panels-140004855.html,https://o.aolcdn.com/images/dims?resize=1200%2C630&crop=1200%2C630%2C0%2C0&quality=95&image_uri=https%3A%2F%2Fs.yimg.com%2Fos%2Fcreatr-uploaded-images%2F2020-08%2F6de57030-d8d8-11ea-ab7f-be52d40b158d&client=amp-blogside-v2&signature=9bf12617a7d3b5298245e189ef48f59942b23e1e,2020-08-08T13:00:04Z,"Elizabeth Culliford and Gabriella Borter, Reuters
Since the start of the global pandemic, Facebook has removed millions of posts that contained false or misleading COVID-19 claims or information. That was a tall task, but there were concrete details to rely on, with new info coming from scientists and other researchers at a rapid pace. When it comes to COVID-19 vaccine development and trials, the ability to check claims becomes a herculean task. Reuters explains why it’s so difficult.
Nathaniel Popper, Kate Conger and Kellen Browning, The New York Times
The New York Times takes a biographical look at the 17-year-old who is the alleged “mastermind” behind the massive Twitter hack that took place last month."
4,"{'id': 'techcrunch', 'name': 'TechCrunch'}",Darrell Etherington,FDA authorizes a ventilator developed by NASA’s JPL for emergency use in COVID-19 treatment,"The U.F. Food and Drug Administration (FDA) has authorized a new ventilator designed by engineers working at NASA’s Jet Propulsion Laboratory, for emergency use as outlined in the agency’s COVID-19 guidelines. The ventilator, which has an acronym because this…",http://techcrunch.com/2020/04/30/fda-authorizes-a-ventilator-developed-by-nasas-jpl-for-emergency-use-in-covid-19-treatment/,https://techcrunch.com/wp-content/uploads/2020/04/PIA23715_fig3.jpg?w=600,2020-04-30T20:46:38Z,"The U.F. Food and Drug Administration (FDA) has authorized a new ventilator designed by engineers working at NASA’s Jet Propulsion Laboratory, for emergency use as outlined in the agency’s COVID-19 guidelines. The ventilator, which has an acronym because this is NASA we’re talking about, is called ‘VITAL’ (Ventilator Intervention Technology Accessible Locally) and its design is being offered for free, licensed use for the duration of the coronavirus crisis.
The JPL-developed emergency use ventilator is an intubation ventilator, meaning that a patient has to be sedated, with a breathing tube inserted all the way down their airway to assist their breathing. It’s reserved for COVID-19 patients exhibiting the most serious symptoms, and even then is really designed for use only to free up availability of existing, fully approved ventilator hardware in the case of extreme shortages.
What makes VITAL most interesting is that it is made of “far fewer” parts than existing traditional ventilators, according to NASA, and it also can be assembled much more quickly, and maintained with less expertise and effort over time. The design provides for use for between three or four months, however, rather than years for traditional hardware, and is meant specifically for COVID-19 patient use, hence its simpler design vs. models that are made to serve in a number of different medical situations.
NASA’s JPL is seeking commercial manufacturing partners for the hardware now that it has its authorization, however, in order to get it built in large numbers for distribution to hospitals in need.
This is one of a number of different emergency ventilator hardware design and development projects that have been spun up to address hardware needs in light of increased usage due to COVID-19. With NASA JPL’s pedigree, and its ability to serve in cases of most dire need, NASA’s definitely seems like one of the better engineered options out there."
5,"{'id': 'techcrunch', 'name': 'TechCrunch'}",Matt Burns,"As COVID-19 dries up funding, only drought-resistant cannabis startups will survive","The COVID-19 crisis is creating an untold amount of uncertainty through every business sector, but for cannabis startups, it’s exacerbating a critical market that was already in decline. TechCrunch spoke to Schwazze CEO Justin Dye following his company’s rece…",http://techcrunch.com/2020/05/01/as-covid-19-dries-up-funding-only-drought-resistant-cannabis-startups-will-survive/,https://techcrunch.com/wp-content/uploads/2019/05/fullsizeoutput_d0.jpeg?w=518,2020-05-01T21:22:17Z,"The COVID-19 crisis is creating an untold amount of uncertainty through every business sector, but for cannabis startups, it’s exacerbating a critical market that was already in decline.
TechCrunch spoke to Schwazze CEO Justin Dye following his company’s recent rebrand. He joined the company when it was Colorado’s Medicine Man Technologies (MMT) in late 2019 and is revamping the organization, including changing its name to Schwazze and acquiring a handful of companies to create a healthier, vertically integrated cannabis company.
The cannabis market is experiencing a correction after a period of rapid expansion. Shops are feeling the pain, and public valuations are settling under IPO levels and this was before a pandemic swept the world. Cannabis media outlet Leafly laid off 91 employees in late March, and Eaze, an early mover in on-demand pot delivery, is experiencing major trouble after raising serious cash and recently losing a top partner in Caliva. In several states, efforts are underway to prop up the cannabis market by asking for the federal government to allow these businesses to be eligible for federal financial relief.
According to Dye, there are several things CEOs of cannabis companies of every size should work toward. His advice echoes what TechCrunch has heard in other verticals, as well: During the COVID-19 crisis, cannabis companies must hunker down and lean on strong teams to weather the storm. Once the skies start to clear, capital will be available to the survivors.
One, the cannabis market is looking for financially sustainable companies, Dye said.
“This next reset in the cannabis industry will not only be aspirational, but it’s going to be coupled with a requirement for performance in terms of executing against a plan and driving profits or driving it to create free cash flow to be reinvested in the business and product experiences.”"
6,"{'id': 'techcrunch', 'name': 'TechCrunch'}",Kirsten Korosec,"Cruise lays off 8% of workforce amid COVID-19, puts resources towards engineering","Cruise, the self-driving car subsidiary of GM that also has backing from SoftBank Vision Fund, automaker Honda and T. Rowe Price & Associates, is laying off nearly 8% of its more than 1,800-member workforce today as it tries to reduce costs during the COVID-1…",http://techcrunch.com/2020/05/14/cruise-lays-off-8-of-workforce-to-cut-costs-and-put-resources-towards-engineering/,https://techcrunch.com/wp-content/uploads/2020/01/Cruise-car-in-Hayes-Valley-San-Francisco.jpg?w=711,2020-05-14T19:11:33Z,"Cruise, the self-driving car subsidiary of GM that also has backing from SoftBank Vision Fund, automaker Honda and T. Rowe Price &amp; Associates, is laying off nearly 8% of its more than 1,800-member workforce today as it tries to reduce costs during the COVID-19 pandemic.
The layoffs will affect employees in Cruise’s product, marketing and rideshare business units, according to a memo sent by Cruise CEO Dan Ammann and viewed by TechCrunch. Bloomberg was the first to report the cuts.
Employees who are laid off will be offered severance and their healthcare benefits will be paid for by the company through the end of the year, according to the memo.
Cruise spokesman Milin Mehta confirmed the cuts.
“In this time of great change, were fortunate to have a crystal clear mission and billions in the bank. The actions we took today reflect us doubling down on our engineering work and engineering talent, Mehta, said in an emailed statement.
The layoffs are part of a broader strategy outlined in the memo to shift resources to where its needed most during the COVID-19 pandemic. Cruise is also closing its Pasadena, Calif. office, where it worked on lidar. The lidar team will be moved to the San Francisco office.
Even as layoffs occur, Cruise will continue hiring engineers, according to the memo.
The company will “continue to hire aggressively in the most critical areas within engineering, which right now means doubling down on senior leadership and senior IC roles to further support out improving core tech objective,” Ammann wrote in the memo. “From here we expect to recruit and grow across our engineering teams for the balance of the year.”"
7,"{'id': 'techcrunch', 'name': 'TechCrunch'}",Sarah Perez,"Facebook to add gift cards, jobs and donation tools to its COVID-19 Community Help hub","Facebook is expanding its Community Help hub to better serve local communities amid the COVID-19 pandemic. The hub has already seen significant usage by those requesting food, supplies and information about local resources, as well as use by volunteers and gr…",http://techcrunch.com/2020/05/04/facebook-to-add-gift-cards-jobs-and-donation-tools-to-its-covid-19-community-help-hub/,https://techcrunch.com/wp-content/uploads/2020/05/COVID-Giving-Tuesday-5UP-US.png?w=764,2020-05-04T16:17:13Z,"Facebook is expanding its Community Help hub to better serve local communities amid the COVID-19 pandemic. The hub has already seen significant usage by those requesting food, supplies and information about local resources, as well as use by volunteers and groups willing to lend a hand. Now, Facebook is adding more features to the hub to allow people to support local businesses, blood banks, nonprofits, and more.
As part of Facebook’s efforts with GivingTuesday, it will roll out these new additions on May 5th, it says.
Typically, the GivingTuesday charitable giving event is held on the Tuesday after Thanksgiving in the U.S. — after Black Friday and Cyber Monday sales wrap. But in response to the unprecedented need caused by the pandemic, GivingTuesday announced an emergency day of giving, called Giving Tuesday Now. 
This new event happens tomorrow, May 5th, and already has a number of partners and supporters, including Facebook, as well as PayPal, America’s Food Fund, Ford, Bill &amp; Melinda Gates Foundation, CDC Foundation, LinkedIn, United Way, GoFundMe, and many others.
Starting tomorrow, Facebook users will be able to go to Community Help at Facebook.com/covidsupport in order to buy gift cards to local businesses, sign up to donate to local nonprofits and fundraisers, sign up to be a donor at local blood banks, and find local job opportunities.
In some cases, Facebook already had built the technology and formed partnerships needed to launch these features. For example, Facebook began its work to connect Facebook users with blood banks back in 2017, then expanded the blood donations feature to the U.S. last June.
It also offers a fundraising platform of its own and announced last month it was working on tools that would allow businesses to offer gift cards to their customers via its platform. It’s been working on its jobs portal since 2018, too.
On Tuesday, these efforts are being centralized in the Community Help hub, which will give them increased visibility.
Facebook is not the only platform helping local businesses and nonprofits by rolling out new features.
Neighborhood social network Nextdoor also recently launched tools to allow businesses to promote their fundraisers and gift cards; Yelp just added a way for businesses to promote their virtual services; Instagram has introduced a range of tools for businesses, including those for connecting customers to Facebook’s gift cards or stickers for food ordering and more.
The revamped Community Help section will be live tomorrow, May 5, 2020."
8,"{'id': 'techcrunch', 'name': 'TechCrunch'}",Ingrid Lunden,"eBay Q1 reports sales of $2.374B, active buyers up to 174M in wake of COVID-19","After a quarter in which eBay, tussling with an activist investor, completed the sell-off of its ticketing business StubHub for $4 billion and saw appointed a new CEO after its previous one departed, while also weathering waves of surging demand and dodgy sup…",http://techcrunch.com/2020/04/29/ebay-q1-reports-sales-of-2-374b-active-buyers-up-to-174m-in-wake-of-covid-19/,https://techcrunch.com/wp-content/uploads/2019/09/GettyImages-632621434.jpg?w=600,2020-04-29T20:33:58Z,"After a quarter in which eBay, tussling with an activist investor, completed the sell-off of its ticketing business StubHub for $4 billion and saw appointed a new CEO after its previous one departed, while also weathering waves of surging demand and dodgy supply resulting from the COVID-19 pandemic, today the e-commerce company reported its Q1 earnings after the close of markets.
The company reported revenues of $2.374 billion, down 2% on a year ago, with earnings per share of $0.64 on a GAAP basis and $0.77 non-GAAP, on a continuing operations basis.
This was a mixed result. Analysts on average were expecting $2.38 billion in revenues on earnings per share of $0.72. Ebay itself was expecting sales of between $2.31 billion and $2.36 billion with an EPS range of $0.72 to $0.75. In other words, eBay missed on sales in terms of analyst average projections, beat their expectations on EPS, and beat both of its own internal targets.
At the time of writing, eBay’s stock was down 7 cents in after-hours trading.
“During these unprecedented times, I am extremely proud of how our team has come together to support one another, our buyers and sellers, our communities and the business,” said Scott Schenkel, eBay’s interim CEO, in the earnings statement. “As we look at Q1, I am pleased that we delivered on all of our commitments for the quarter, with key metrics such as Buyers, GMV and Revenue performing at or better than our expectations. Over the past several months, we have remained focused and clear-eyed about the strategic direction of the company and have driven substantial changes to position the business for sustainable and profitable long-term growth.”
“I appreciate the team’s hard work in the first quarter and their efforts to maintain focus amid so many factors affecting the business and the industry,” said Jamie Iannone, the new permanent CEO that it headhunted from Walmart, in a separate statement. “I’m thrilled to return to eBay this week as CEO and I look forward to building on the positive momentum in the business, continuing to evolve the Company’s strategy and maximizing value for our shareholders.”
As expected, the company — like other e-commerce giants — has seen a boost in buyer demand from the throngs of consumers who are currently being ordered to stay at home, but who still need to buy things, and specifically try to source items that they’re finding a challenge to find in more local stores. eBay noted that active buyers are up by 2% and now total 174 million global active buyers.
Despite that, however, gross merchandise volume (GMV, or total sales volume before any cuts are taken) was $21.3 billion, down 1% on an as-reported basis. We might assume that the decline might have been significantly steeper without the current climate, or that it has at least offset other kinds of declines.
Within that, its Marketplace generated $2.1 billion of revenue, down 1%, while Classifieds saw $248 million of revenue, down 3%. That Classifieds business is on the block as part of the company’s wider efforts to restructure. “eBay continues to explore potential value-creating alternatives for its Classifieds business, is holding active discussions with multiple parties, and anticipates having an update by the middle of the year,” the company noted. 
There is a cloud hanging over many e-commerce businesses, even those that are seeing strong demand. The reason for this is that the economy is very shaky right now, and we don’t fully know what the coming months will hold, in terms of public health, government rules on how we can move, whether we will have jobs and money to spend. And all of that is playing into how companies like eBay will perform under its new CEO and continuing pressure from its activist investors.
With all that in mind, Ebay also updated its guidance for the next quarter and reiterated figures for the full year. Q2, it expects, will have revenues of between $2.38 billion and $2.48 billion, with GAAP earnings per diluted share from continuing operations in the range of $0.50 – $0.57 and non-GAAP earnings per diluted share from continuing operations in the range of $0.73 – $0.80.
The full-year figures are unchanged at between $9.56 billion and $9.76 billion, with GAAP earnings per diluted share from continuing operations in the range of $2.20 – $2.30 and non-GAAP earnings per diluted share from continuing operations in the range of $3.00 – $3.10.
“Given the dynamic environment, we are not revising our full year revenue and EPS estimates,” the company notes. “This guidance reflects management’s expectations for operational performance and the impacts seen in both of our Marketplaces and Classifieds platforms to date, but given the uncertainty surrounding the extent and duration of the impact of the COVID-19 pandemic, it is difficult to predict what may result as shelter-in-place guidelines are eased and lifted and how global consumer demand, the effects of COVID-19 on the general economy, seller inventory and advertising spending may evolve over time.”
More to come."
9,"{'id': 'techcrunch', 'name': 'TechCrunch'}",Catherine Shu,"Samsung expects COVID-19 to hurt smartphone and TV sales, but increase demand for memory","In its first-quarter earnings report today, Samsung said it expects the COVID-19 pandemic to continue impacting its business for the rest of the year, cutting into sales for smartphones and TVs, but increasing demand for PCs, servers and memory chips as peopl…",http://techcrunch.com/2020/04/28/samsung-expects-covid-19-to-hurt-smartphone-and-tv-sales-but-increase-demand-for-memory/,https://techcrunch.com/wp-content/uploads/2019/10/GettyImages-1149449097.jpg?w=600,2020-04-29T05:48:35Z,"In its first-quarter earnings report today, Samsung said it expects the COVID-19 pandemic to continue impacting its business for the rest of the year, cutting into sales for smartphones and TVs, but increasing demand for PCs, servers and memory chips as people continue to work or study from home.
Samsungs results for the first-quarter of 2020 was in line with the guidance it released earlier this month. Operating profit was 6.45 trillion Korean won (about $5.3 billion). Revenue fell about 7.6% from the previous quarter to 55.33 trillion won, due to a seasonal drop in demand for displays and consumer electronics, and the impact of the pandemic.
The COVID-19 pandemic has caused more than 3 million confirmed cases around the world and more than 217,000 deaths, and resulted in shelter-in-place orders in countries around the world and a global recession.
Samsung said that because the pandemics impact through the second half of 2020 remains uncertain, it plans to make flexible investments and adjust its product mix to adapt. Because it expects competition among manufacturers to increase as they try to recover from a weak first half, Samsung said it will continue to launch premium products like a new foldable and Note devices, and expand 5G to more mass-market smartphones.
Samsung’s display panel business saw a decline in earnings during the first quarter due to weak seasonality and lower sales in China during COVID-19 shutdowns, and it expects demand to continue being impacted by the pandemic and postponement of major sporting events like the Summer Olympics.
On the other hand, Samsung expects to see solid performance in its memory business as remote work, online education, online shopping and streaming entertainment services continue putting more demands on cloud providers and data centers. As a result, Samsung will speed up its transition to 1Z-nm DRAM and 6th-generation V-NAND flash memory.
Samsung also said it plans to offset store and plant closures around the world through flexible supply networks, improving its online sales capabilities, and tailoring promotions and logistics for different market."
10,"{'id': 'techcrunch', 'name': 'TechCrunch'}",Natasha Mascarenhas,"8 top fintech VCs discuss COVID-19 trends, signals and opportunities","In recent years, fintech’s revolution has felt like a rising tide. Behemoths like Stripe and Square edged out banks while newbies like Brex nonchalantly raised nine-figure rounds. Today, however, the state of the financial technology industry feels more wobbl…",http://techcrunch.com/2020/04/21/8-top-fintech-vcs-discuss-covid-19-trends-signals-and-opportunities/,https://techcrunch.com/wp-content/uploads/2020/04/GettyImages-1035425002.jpg?w=600,2020-04-21T13:30:31Z,"In recent years, fintechs revolution has felt like a rising tide.
Behemoths like Stripe and Square edged out banks while newbies like Brex nonchalantly raised nine-figure rounds. Today, however, the state of the financial technology industry feels more wobbly some healthy startups in the genre are faring better than ever, while others are feeling the strain as consumers tighten their wallets and change their spending patterns.
Its clear that were going to see some fintech startups struggle in the near future, but venture capitalists claim not to think in a short-term manner. We ran our last fintech VC survey in November 2019, so we wanted to get their take on where fintech is today. We turned to eight top VCs to better understand the state of the industry, which market signals they’re tracking and where opportunities still exist within the already-crowded pool of financial services:
Next week, well publish the other findings we received from these investors, focusing on fintech’s future in a post-COVID-19 world.
What follows is a collection of themes we noted from the investors, followed by their at-length responses.
Investing pace, flight to quality, varied impacts and uncertainty
Our first theme deals with investing pace. More investors than we expected were willing to note that their investing pace into fintech companies was slowing for one reason or another. While it’s become a cliché for private investors to state that they are open for business as a market signal, that doesn’t appear to mean that investments into fintech won’t slow.
The reasons why investors are slowing their pace of deals is varied, with some noting issues on their end (difficulty to reach conviction while operating remotely, etc.), and some detailing that some fintech companies are more internally focused today than reaching out to raise new capital. Investors also noted an expectation for fundraising to take longer and lower valuations. While that’s not great for founders, it’s also not the worst news; there is still money out there to be raised, and many investors claim they are writing checks of the same size as before.
The second theme deals with an expected flight to quality, with investors stressing that startups in the space should curtail spend that isn’t core to survival (marketing spend around branding was raised, for example), focus on key business metrics (unit economics, aggregate profitability), and monitor leading business indicators more closely. This is not a surprising set of advice, per se, but it is one that matters. If founders will listen remains to be seen, but investor are clearly signaling a return to more sober business operations.
Our third theme deals with how varied the impact of COVID-19 has been on fintech companies. As TechCrunch has reported, fintech companies have seen a distributed set of results since the pandemic closed much of the U.S. economy. However, when reading through investor responses, the true scale of this divergence became clear. The new reality is not merely that some fintech companies are doing a bit better or a bit worse. Instead, it’s that some are sharply down, some are flat, and some are soaring. This is perhaps a good argument for tightening what fintech means, or perhaps dealing with the category on a more tailored basis; fintech may have become too broad a bucket to treat as a group.
And finally, our fourth theme is uncertainty. Our investor group this morning isn’t expecting the economy to snap right back. But when it will return, and in what form, are far from clear. 2020 could be a lost year, said Brendan Dickinson from Canaan. The market recovery will not be swift, said Matt Harris of Bain Capital Ventures. And Charles Birnbaum from Bessemer Venture Partners said that “economic shocks” all “play out quite differently from one another.”
With that collection of notes, let’s begin. Responses have been edited for length and clarity.
Matt Harris, Bain Capital Ventures
What portion of your fintech portfolio companies is thriving? What portion is struggling?
Recently, weve started to look at our portfolio along two dimensions. The first dimension is the vulnerability of the company in general, considering things like cash balance and level of burn, fundraising needs and durability of revenue. The second dimension is the impact of COVID-19 on that company. Fortunately, a good portion of our portfolio fell into the positive end of both dimensions, and we were quick to focus our attention on companies with either high vulnerability or high COVID-19 impact.
Businesses that relied more on transactional revenue and exhibited urgent need for capital that couldnt be solved by cost-cutting measures are the most vulnerable, while businesses centered on consumer investing and spending, or those companies serving highly affected sectors like restaurants and travel tend to be most impacted."
11,"{'id': 'techcrunch', 'name': 'TechCrunch'}",Brian Heater,"As COVID-19 misinformation grows, YouTube brings video fact-checking to the US","In a blog post today, YouTube announced that it’s finally bringing its fact-checking information panels to the U.S. First introduced in Brazil and India, the expansion comes as COVID-19-related misinformation and conspiracy has proliferated online and through…",http://techcrunch.com/2020/04/28/as-covid-19-misinformation-grows-youtube-brings-video-fact-checking-to-the-us/,https://techcrunch.com/wp-content/uploads/2019/09/youtube-ios-app.jpg?w=712,2020-04-28T16:43:29Z,"In a blog post today, YouTube announced that its finally bringing its fact-checking information panels to the U.S. First introduced in Brazil and India, the expansion comes as COVID-19-related misinformation and conspiracy has proliferated online and through certain media. 
Fact-check articles will begin appearing in relevant search results, using informations pulled from a dozen or so third-party publishers, including The Dispatch, FactCheck.org, PolitiFact and The Washington Post Fact Checker. The site is leveraging ClaimReviews article tagging system, which is also used by Google Search/New, Bing and Facebook. 
In the post, YouTube specifically cites concerns around COVID-19-related misinformation as a driving force in the features expansion, noting the difficulty in keeping up with a rapidly changing news cycle. 
Our fact check information panels provide fresh context in these situations by highlighting relevant, the company writes, third-party fact-checked articles above search results for relevant queries, so that our viewers can make their own informed decision about claims made in the news.
The move doesnt directly involve the takedown of offending videos. Instead the plan is to offer users context as they search for information on a given subject. The feature will no doubt have mixed results, depending on how committed a user is to a given theory or source. People who are already dug in on notions of COVID-19 as a hoax are not likely to be swayed by contextual information from PolitiFact or the Washington Post. That’s just the nature of the post-information hellscape in which we all currently reside. 
It echoes a similar move from Facebook earlier this month, which alerts users when theyve interacted with harmful misinformation about the virus. Twitter, too, has expanded its own guidelines around coronavirus related tweets, removing some of the offending misinformation around theories involving things like 5G.
YouTube says the new feature “will take some time for our systems to fully ramp up.” That involves both refining the system, the features efficacy and eventually rolling it out into even more markets."
12,"{'id': 'techcrunch', 'name': 'TechCrunch'}",Darrell Etherington,L.A. COVID-19 antibody study adds further support for a higher-than-suspected infection rate,"A new study conducted by the University of Southern California along with the LA County Department of Public Health indicates that the presence of antibodies for COVID-19 in between 2.5 and 5.6% of the population of LA County, suggesting that between 221,000 …",http://techcrunch.com/2020/04/20/l-a-covid-19-antibody-study-adds-further-support-for-a-higher-than-suspected-infection-rate/,https://techcrunch.com/wp-content/uploads/2020/04/kit-karzen-8-47-26-AM-_A734164.jpg?w=600,2020-04-20T20:59:12Z,"A new study conducted by the University of Southern California along with the LA County Department of Public Health indicates that the presence of antibodies for COVID-19 in between 2.5 and 5.6% of the population of LA County, suggesting that between 221,000 and 442,000 individuals had the infection up to 55 times more people than have been confirmed via testing. This is the second antibody study in a short span of time in California that suspects infections are far more widespread than previously thought, and a good justification for continued social distancing measures.
The LA County study does contain some good news, if the antibody testing proves to be accurate (we aren’t entirely sure what they show for sure at this point, especially in terms of immunity), in that the mortality rate of the infection is actually much lower than the official diagnosed case data would suggest. The infection rate found via antibody testing through the USC study is also remarkably close to the rate found in a Stanford study published last week about the number of infections in Santa Clara County, which found that between 48,000 and 81,000 people in that part of California could’ve had and recovered from the infection.
Whereas the LA study found around 2.8 to 5.6 parent had antibodies, accounting for the margin of error and extrapolating from results to the entire population, the Stanford research found between 2.5 and 4.2 percent of residents carry antibodies for the infection. Those numbers are based on the test kits’ performance, as well as the demographic makeup of the sample population tested.
Neither new research papers have yet been peer-reviewed, so it’s worth taking them with a grain of salt. But the close alignment between the numbers in both, along with early results from similar studies being conducted globally, does seem to suggest that the number of actual cases of COVID-19 far undershoots the published numbers, which typically only include confirmed diagnoses most of which represent individuals showing moderate to severe symptoms.
The higher rate of undetected infection definitely should not be taken as a sign that COVID-19 is less serious than it appeared, however; this new info only means that its transmission from people who showed no outward symptoms and never subsequently never sought any medical care or were identified for quarantine or contact tracing is probably a lot higher than anyone guessed.
That means social distancing measures are more important than ever, since it’s likely harder than ever to identify who might be a passive carrier of the virus that leads to COVID-19 without realizing it. Eventually, understanding the nature of the spread should help with refining measures to avoid the greatest potential risks of exposure, but for now, this new info just means that COVID-19 is much more effective at moving through a population without raising early warning signs than we previously understood."
13,"{'id': 'techcrunch', 'name': 'TechCrunch'}",Brian Heater,Boston Dynamics’ Spot finds a new career in telemedicine amid COVID-19 pandemic,"For two weeks, Boston Dynamics’ Spot robot has been walking the halls of local hospital Brigham and Women’s. Telemedicine wasn’t generally listed as one of the primary applications for the company’s first commercial product, but Boston Dynamics is only one in…",http://techcrunch.com/2020/04/23/boston-dynamics-spot-finds-a-new-career-in-telemedicine-amid-covid-19-pandemic/,https://techcrunch.com/wp-content/uploads/2020/04/20200410-drspot-v1-pitch.jpg?w=711,2020-04-23T13:00:22Z,"For two weeks, Boston Dynamics Spot robot has been walking the halls of local hospital Brigham and Womens. Telemedicine wasnt generally listed as one of the primary applications for the companys first commercial product, but Boston Dynamics is only one in a long list of tech companies thats found itself shifting on the fly as the COVID-19 pandemic has become an all-consuming part of life. 
The company says hospitals have been reaching out since early March, asking if there might be a way to incorporate its technology to help with remote health. 
Based on the outreach we received as well as the global shortage of critical personal protective equipment (PPE), we have spent the past several weeks trying to better understand hospital requirements to develop a mobile robotics solution with our Spot robot, the company writes. The result is a legged robot that can be deployed to support frontline staff responding to the pandemic in ad-hoc environments such as triage tents and parking lots.
Fitted with an iPad and a two-way radio, Spot is being used as a mobile teleconferencing system, allowing doctors to check in on patients without risking the spread of the highly contagious virus. Its a fairly simple task and one that a number of robotics companies have actively cracked. 
While ultimately price-prohibitive for many healthcare facilities, Spots four-legged locomotion makes it possible for the robot to visit areas inaccessible for wheeled systems. The modularity always means it has the potential to accomplish further tasks. Boston Dynamics says it’s working on outfitting the robot with a system to detect vital signs like temperature, respiratory rate, pulse rate and oxygen saturation. 
In the future, a UV light could also be mounted to the robots back to serve as a mobile disinfecting station."
14,"{'id': 'techcrunch', 'name': 'TechCrunch'}",Darrell Etherington,Latest COVID-19 projections from Columbia University show mid-May spike if social distancing is relaxed,"Columbia University’s Mailman School of Public Health has released updated projections of when we can expect U.S. case numbers of COVID-19 infections to peak and decline, based on different levels of social distancing measures. The updated projects, which tak…",http://techcrunch.com/2020/04/22/latest-covid-19-projections-from-columbia-university-show-mid-may-spike-if-social-distancing-is-relaxed/,https://techcrunch.com/wp-content/uploads/2020/04/GettyImages-1219801102.jpg?w=533,2020-04-22T18:02:07Z,"Columbia University’s Mailman School of Public Health has released updated projections of when we can expect U.S. case numbers of COVID-19 infections to peak and decline, based on different levels of social distancing measures. The updated projects, which take into account the most recent information, show that with around a 30 percent decrease in social contact we could be nearing a national peak of new cases for now by the end of April but that if you decrease social contact by just 20 percent, the picture changes drastically, with a late peak that extends into mid-May and grows the number of new daily cases to as many as 30,000.
The Columbia projections are used to advise the White House Coronavirus Task Force, the Centers for Disease Control and Prevention (CDC), New York City and many other governments across the U.S. These updated projections also note that while we may hit a peak in the coming days, that also means that hospital and ICU capacity will be at their max in the same period. Again, Columbia researchers note, too, that this info doesn’t take into account local variances in when peaks arrive, and that some areas could have different peaks at different times even with a consistent 30 percent social contact reduction.
The model developed by the Columbia research team includes transmission and fatality numbers, movement by populations across city and state lines, and information like the capacity of emergency field hospitals, all info that was not available when the original modelling was done. You can take a look at the interactive graphs and daily estimates resulting from the model yourself here via Columbia’s website.
This is one of a number of recent updated projections from public health experts, epidemiologists and medical researchers that predict the impact of a relaxation of social distancing measures now could have disastrous consequences in terms of prolonging and worsening the spread of COVID-19, and also on taxing healthcare resources (not to mention frontline workers).
MIT also projected a similar impact from the relaxation of measures currently in place, predicting an “exponential explosion” would result. Meanwhile, some states are already implementing such restriction relaxations, despite consensus from informed experts and researchers indicating it’s too early to begin such rollbacks."
15,"{'id': 'techcrunch', 'name': 'TechCrunch'}",Jonathan Shieber,ChromaCode’s tech to boost COVID-19 testing gets Bill Gates backing,"Boasting a technology that can dramatically increase the capacity of existing polymerase chain reaction (PCR) testing used to identify people infected with COVID-19 and other illnesses, ChromaCode has attracted new funding from Bill Gates-backed Adjuvant Capi…",http://techcrunch.com/2020/05/19/chromacodes-tech-to-boost-covid-19-testing-gets-bill-gates-backing/,https://techcrunch.com/wp-content/uploads/2018/04/gettyimages-713768503.jpg?w=536,2020-05-19T18:05:55Z,"Boasting a technology that can dramatically increase the capacity of existing polymerase chain reaction (PCR) testing used to identify people infected with COVID-19 and other illnesses, ChromaCode has attracted new funding from Bill Gates-backed Adjuvant Capital. 
“We want a good solution for a resource-limited environment,” says ChromaCode founder and executive chairman Alex Wilkinson, a serial entrepreneur who has worked with CalTech researchers spinning out companies since the early 2000s.
The technology was based on research conducted by California Institute of Technology graduate student Aditya Rajagopal. A former researcher at Google[x] working on novel medical imaging methods, Rajagopal is the inventor of HDPCR, the tech at the heart of ChromaCode’s product.
With the help of Wilkinson, Rajagopal spun out the technology he’d developed to form ChromaCode in 2012, according to Crunchbase, and raised its initial capital to develop a diagnostic tool that could use algorithms and new sensing technologies to increase the number of targets that can be analyzed by traditional PCR analysis.
The polymerase chain reaction tests were invented in 1985 by Kary Mullis, who was working as a chemist at the Cetus Corp., and use copies of very small amounts of DNA sequences that are amplified in a series of cycles of temperature changes. It’s one of the foundations of genetic analysis. 
While traditional PCR testing relies on differentiation of targets by color, the HDPCR technology developed by ChromaCode’s co-founder uses signal intensity to identify multiple different targets and signify them as curve signatures encoded into a single color channel. Think of the technology as using color gradients to identify multiple targets in a test instead of just one color.
“It’s like image compression,” Wilkinson said.
For COVID-19 specifically, the use of ChromaCode’s technology could expand available testing capacity threefold, the company said.
“Right now the basic test looks at three different things,” said Wilkinson. “These machines have wells and they can do 96 tests at a time. The challenge is that you would typically use three of those wells for each test. We let them do all of the test in one well, which would give you a three times multiple.”
That means instead of testing 32 individuals using existing PCR equipment, labs would be able to perform 96 tests at a time.
Even more significant is the ability for ChromaCode’s technology to identify other illnesses alongside COVID-19. “What we’re planning for is the fall when we will be taking the existing COVID test and layering in flu and other diseases,” says Wilkinson.
The ability to test for multiple pathogens has important implications for the ability to adequately test, track and trace the spread of the disease in the low and medium income countries that are now undergoing their own outbreaks. “The problem in Africa is that someone has a fever and it might be COVID or that might be Dengue fever,” said Wilkinson. Using ChromaCode’s technology, diagnosticians and physicians can tell the difference without having to use new machines.
It’s the ability to work on existing technology that sets ChromaCode apart from competitors like BioFire Diagnostics and Cepheid, according to Wilkinson and his co-founder Greg Gosch.
“The supply chain on the tests will continue to be strained so people will be looking for more efficient mechanisms,” said Gosch. 
Adjuvant Capital, the investment fund spun out from a collaboration between the Gates Foundation and JP Morgan Chase, had already identified ChromaCode as a potential investment target well before the pandemic hit, according to managing partner Jenny Yip.
The investment firm began speaking with ChromaCode in the summer of 2019, and was drawn to the company for its ability to expand testing capacity well before the COVID-19 outbreak brought the problems of adequate testing into stark relief.
“From a global health perspective, ChromaCode’s technology ability to be installed in the existing technology base is very powerful,” said Yip. Given the low resource base in some of the countries where testing is needed the most, requiring the installation of an entirely new suite of hardware and software tools is untenable — let alone developing a supply chain that can service and maintain the technology.  
The lack of adequate testing in the United States remains the biggest obstacle to safely fully re-starting the country’s economy and ensuring that any future outbreaks of the disease can be managed successfully, according to experts.
Testing is your first fundamental step in a plan to keep infected people from susceptible people, Ashish Jha, the K. T. Li Professor of Global Health at Harvard and the director of the Harvard Global Health Institute, told The Atlantic.
Theres a strong sense that the White House knows the amount of testing we need is far more than we have right now, he said. It is really stunning and disappointing."
16,"{'id': 'techcrunch', 'name': 'TechCrunch'}",Darrell Etherington,Everylwell gains first FDA authorization for a standalone at-home COVID-19 test sample collection kit,"Everlywell was one of the first startups to announce that it was working on a self-administered, at-home COVID-19 diagnostic kit, but it initially sought out to ship kits before regulators made clear that this was not in line with its guidelines. Everlywell t…",http://techcrunch.com/2020/05/16/everylwell-gains-first-fda-authorization-for-a-standalone-at-home-covid-19-test-sample-collection-kit/,https://techcrunch.com/wp-content/uploads/2020/05/GettyImages-1205043420.jpg?w=627,2020-05-16T21:49:56Z,"Everlywell was one of the first startups to announce that it was working on a self-administered, at-home COVID-19 diagnostic kit, but it initially sought out to ship kits before regulators made clear that this was not in line with its guidelines. Everlywell then became intent on working with the FDA to secure a proper Emergency Use Authorization for its kits before sending any to consumers, and that approach has paid off with the U.S. drug regulator issuing an EUA for Everywell’s tech today.
Everywell‘s COVID-19 Test Home Collection Kit is the first standalone sample collection kit to be granted a proper EUA by the FDA. Other kits have been in use through physician-prescribed and directed collection, and others still have been authorized specifically for use with one test (where provider of both kit and test are the same). This approval is unique because Everlywell is offering its sample kit independent of any specific testing lab, and can work with a variety of labs to potentially provide a broader testing footprint.
The test kits are then sent to one of two labs currently authorized under separate EUAs for COVID-19 testing, and the administration notes that this could expand to other test providers in future should they file for an EUA and provide the requisite data that goes along with the verification required for that emergency approval. The FDA cites Everlywell’s work in collecting and presenting data from studies including those supported by the Bill and Melinda Gates Foundation to show that samples collected at home using its nasal swab collection method remain stable during shipping.
That data is also now available to others looking to provide similar test kit offerings, the FDA notes, which should reduce the burden of proof on anyone looking to gain authorization for a competing product. That could potentially open up testing even further, reducing a bottleneck that many public health professionals see as one of the key drivers of a successful recovery.
The authorization of a COVID-19 at-home collection kit that can be used with multiple tests at multiple labs not only provides increased patient access to tests, but also protects others from potential exposure, said Jeffrey Shuren, M.D., J.D., director of the FDAs Center for Devices and Radiological Health in a statement provided to TechCrunch . Todays action is also another great example of public-private partnerships in which data from a privately funded study was used by industry to support an EUA request, saving precious time as we continue our fight against this pandemic."
17,"{'id': 'techcrunch', 'name': 'TechCrunch'}",Brian Heater,"Vice lays off 155, as COVID-19 continues to slam media revenue","In a memo titled “The Course Ahead,” Vice Media Group CEO Nancy Dubuc announced a large round of layoffs to staff. The number includes 155 workers — 55 of whom will lose their jobs today. The remaining 100, meanwhile, will be let go in the coming weeks. The f…",http://techcrunch.com/2020/05/15/vice-lays-off-155-as-covid-19-continues-to-slam-media-revenue/,https://techcrunch.com/wp-content/uploads/2020/05/GettyImages-1092498526.jpg?w=610,2020-05-15T15:42:38Z,"In a memo titled The Course Ahead, Vice Media Group CEO Nancy Dubuc announced a large round of layoffs to staff. The number includes 155 workers 55 of whom will lose their jobs today. The remaining 100, meanwhile, will be let go in the coming weeks. The figure comprises around 5% of the companys overall headcount. 
Dubuc cites tough decisions in the memo, noting that the company has done absolutely everything we could to protect these positions for as long as possible, and your time and contributions will forever be part of who we are and who we will become.
Vices Union confirmed the figure, noting that the 55 are coming from U.S.-based operations, while the other 100 will be pulled from the companys international operations. The Union adds that, contrary to Dubucs claims, Vice repeatedly refused to discuss workshare programs that might have be used to lower the impact on job figures. The union for Vice Media-owned Refinery29 echoed the statements in its own tweet.
LAS VEGAS, NV – JANUARY 10: A+E Networks President and CEO Nancy Dubuc participates in a keynote panel on the future of video at CES 2018 at Park Theater at Monte Carlo Resort and Casino in Las Vegas on January 10, 2018 in Las Vegas, Nevada. CES, the world’s largest annual consumer technology trade show, runs through January 12 and features about 3,900 exhibitors showing off their latest products and services to more than 170,000 attendees. (Photo by Ethan Miller/Getty Images)
Vice is hardly alone, of course. Even as more people have their eyes glued to computer screens and news reports, revenue has declined during the COVID-19 crisis. Reporting on itself, The New York Times noted its own revenue struggles, even as digital subscriptions have climbed, 
In keeping with a trend that has affected other news organizations during the pandemic, The Times attracted new readers while the money it brought in from advertising plummeted. Overall ad revenue fell more than 15 percent, to $106.1 million, in the quarter. Digital ad revenue declined 7.9 percent, while print ad revenue had a drop of 20.9 percent.
Its a familiar and frustrating refrain across the board. Even with readership up for some, companies simply arent spending on ads during the pandemic. Times likes these, the ad revenue model feels like a precarious house of cards on top of which media empires have been built. Buzzfeed, Vox and Bustle have all announced either layoffs, pay cuts or employee furloughs in recent weeks, leaving many to ponder at the future of the already precarious world of digital media.
Its true that publications suffer every time a slight gust of wind upsets the state of the economy, but the COVID-19 recession feels different in virtually every way. In addition to the 36 million Americans who have filed unemployment since the start of the crisis, the pandemic has had extraordinarily far reaching impacts on ever aspect of the economy. Not even ad giants like Facebook and Google are immune from the effects. A report from late March noted that the internet giants could see a combined loss of $44 billion in ad revenue before years end. 
Digital media has felt like a precarious industry for some time. The effects of economic recessions and feelings of distrust against media sowed by the White House have made the last few years particularly difficult. The addition of the unprecedented uncertainty of COVID-19 is adding rocket fuel to that fire. 
Weve reached out to Vice for comment."
18,"{'id': 'techcrunch', 'name': 'TechCrunch'}",Catherine Shu,How Grab adapted after COVID-19 hit its ride-hailing business,"The COVID-19 pandemic is taking a heavy toll on ride-hailing services, like Uber and Lyft. Grab, Southeast Asia’s largest ride-hailing company, has also been impacted, but the company has adapted by quickly transitioning many of its ride-hailing drivers to it…",http://techcrunch.com/2020/05/28/how-grab-adapted-after-covid-19-hit-its-ride-hailing-business/,https://techcrunch.com/wp-content/uploads/2019/03/grab1.jpg?w=750,2020-05-28T17:11:14Z,"The COVID-19 pandemic is taking a heavy toll on ride-hailing services, like Uber and Lyft. Grab, Southeast Asia’s largest ride-hailing company, has also been impacted, but the company has adapted by quickly transitioning many of its ride-hailing drivers to its on-demand delivery verticals and expanding services needed by customers during social distancing measures.
The company told TechCrunch that its ride-hailing drivers saw their incomes decrease by about a double-digit percentage in April 2020, compared to October 2019, in line with a double-digit drop in gross merchandise volume for Grabs ride-hailing business in some markets. Between March and April, more than 149,000 Grab ride-hailing drivers switched to performing on-demand deliveries. In some markets, the transition was done very quickly. For example, in Malaysia, 18,000 drivers moved to delivery in a single day. The platform also saw an influx of new driver requests, many from people who had been laid off or furloughed, as well as merchants who needed a new way to make income.
Russell Cohen, Grab’s regional head of operations, told Extra Crunch that to redeploy driver capacity to delivery verticals, the company worked with governments in its eight markets to understand how different COVID-19 responses, including stay-at-home orders, affected on-demand logistics. Anticipating shifts in consumer behavior, it also started adding new services that will continue after the pandemic.
Grab currently has about nine million “micro-entrepreneurs,” or what it calls the drivers, delivery, merchants and agents on its platform. Cohen says the company began to see an effect on ride-hailing and transportation patterns in January and February as flights out of China, and air travel in general, began to decrease. Then COVID-19 started to have a material impact on its ride-hailing business in March, with a sharp drop after countries began implementing stay-at-home orders."
19,"{'id': 'techcrunch', 'name': 'TechCrunch'}",Brian Heater,How do several local news stations air virtually identical Amazon COVID-19 segments?,"Simple: Amazon offers up the content free of charge. The company has been on the offensive in recent weeks, when it comes to how it’s handled the COVID-19 pandemic. Amazon’s offered all sorts of blog posts, public statements and made the subject a centerpiece…",http://techcrunch.com/2020/05/26/how-do-several-local-news-stations-air-virtually-identical-amazon-covid-19-segments/,https://techcrunch.com/wp-content/uploads/2020/03/GettyImages-1124819781.jpg?w=605,2020-05-26T22:23:13Z,"Simple: Amazon offers up the content free of charge. The company has been on the offensive in recent weeks, when it comes to how its handled the COVID-19 pandemic. Amazons offered all sorts of blog posts, public statements and made the subject a centerpiece of its recent shareholder letter and earnings report. 
It also went ahead and uploaded a suggested news segment to BusinessWire, complete with warehouse footage and a script for news anchors. One Oklahoma City-based broadcaster even noted on Twitter that he received the script along with a pitch directly from the company itself. 
Just got an email from Amazons PR team with a pre-edited news story and script to run in our shows. They are selling this as giving our viewers an inside look at the companys response to COVID-19. 
No.
Let us go inside a fulfillment centers with our own cameras… pic.twitter.com/7mDk2xmf4O
— Zach Rael (@KOCOZach) May 24, 2020
As a spokesperson from the company noted in a message to TechCrunch, the nature of such a PR pitch isnt out of the ordinary. Companies upload stuff to PR wires all of the time, in hopes of having their story told their way on local news outlets. Amazon suggests that sending out such a neatly wrapped package can give stations access to their fulfillment centers in a time when many arent traveling outside of the studio. 
We welcome reporters into our buildings and its misleading to suggest otherwise, the company says in a statement. This type of video was created to share an inside look into the health and safety measures weve rolled out in our buildings and was intended for reporters who for a variety of reasons werent able to come tour one of our sites themselves.
Whats notable here, however, is how many stations more or less went with the straight script on this one. At least 11 appear to have followed suit. The below video from Courier edits the stories together into a handy package: 
Millions of Americans staying at home are relying on Amazon to deliver essentials like groceries and cleaning products during the COVID-19 outbreak, the script opens. For the first time, we’re getting a glimpse inside amazon’s fulfillment centers to see just how the company is keeping its employees safe and healthy…while still delivering packages to your doorstep.
Tell me more.
Obviously gathering one’s own video is ideal, so as to avoid as much corporate influence as possible over a story — especially one with important consequences such as this. Still, it’s not unusual for local stations to rely on footage from companies for those places they’re otherwise unable to access. That seems to go double these days, when media resources can be inadequate for local stations. Keeping such a close read of material created for the sole purpose of placing a corporation in a good light, however, is more problematic when it comes to attempts at unbiased reporting.
Amazon’s handling of the pandemic among its “essential” workforce has come under fire of late. In addition to the firing of several workers who have voiced public criticism about the companys policies, lawmakers have demanded the company be more transparent about the rate of infections and deaths among employees. Amazon still has not disclosed those figures, in spite of requests from attorneys general and Senators, but has continued to insist that its rates of infection are at or below the rates of the communities where we operate."
