,source,author,title,description,url,urlToImage,publishedAt,content
0,"{'id': 'techcrunch', 'name': 'TechCrunch'}",Taylor Hatmaker,"Palantir picks up more COVID-19 contracts, this time with the VA","Palantir, the data analytics company co-founded by Peter Thiel, is already an active tech player in the scrum for federal contracts, but it’s playing a new and increasingly prominent role in providing the government with software tools to address the COVID-19…",http://techcrunch.com/2020/05/20/palantir-covid-19-va-contract/,https://techcrunch.com/wp-content/uploads/2019/05/palantir.jpg?w=750,2020-05-20T18:59:34Z,"Palantir, the data analytics company co-founded by Peter Thiel, is already an active tech player in the scrum for federal contracts, but it’s playing a new and increasingly prominent role in providing the government with software tools to address the COVID-19 crisis.
This month, the Department of Veterans Affairs awarded a new $5 million contract to Palantir through veteran-owned software reseller i3 Federal LLC, which lists Palantir as a partner. The contract, set to run through November, will provide the VA with Palantir’s Gotham software to “track and analyze COVID-19 outbreak areas and make timely decisions with insight into supply chain capacity, hospital inventory, social service utilization and lab diagnostics.”
Palantir’s Gotham tool, best known for its use by law enforcement agencies, is one of the company’s main products and collects disparate data streams onto one platform. Twitter user Jack Poulson first spotted the contract, which was later reported by FedScoop.
A smaller contract also listed this month awards Palantir $2 million to provide the National Institutes of Health within the U.S. Department of Health and Human Services (HHS) a”COVID-19 dataset aggregation proof of concept.”
Palantir moved early to provide its services to governments grappling with the threat of the coronavirus and by mid-March was already working with the CDC to model infection patterns and anticipate hospital equipment needs.
In April, HHS awarded two contracts worth nearly $25 million to the company for software for a software platform called HHS Protect Now, intended to inform public health decisions made by the White House’s Coronavirus Task Force. HHS didn’t solicit competition for those contracts, noting that the COVID-19 crisis created a situation of “unusual and compelling urgency.”"
1,"{'id': 'techcrunch', 'name': 'TechCrunch'}",Brian Heater,NYC’s push for citywide contactless transit payment is delayed by COVID-19,"Last May, New York City’s Metro Transit Authority opened out the first contactless payment systems at select subway station turnstiles. The systemwide rollout was set to be completed at all subway stops and buses this October. Like so many things in this life…",http://techcrunch.com/2020/06/03/nycs-push-for-citywide-contactless-transit-payment-is-delayed-by-covid-19/,https://techcrunch.com/wp-content/uploads/2020/06/DSCF5611-1.jpg?w=602,2020-06-03T15:39:35Z,"Last May, New York Citys Metro Transit Authority opened out the first contactless payment systems at select subway station turnstiles. The systemwide rollout was set to be completed at all subway stops and buses this October. Like so many things in this life, however, COVID-19 put a damper on those plans. 
OMNY One Metro New York has been delayed, now expected to be completed by December. The Wall Street Journal, which first reported the news, notes the unfortunate timing of a delay on a technology that could help riders touch one fewer thing on the public transit petri dish.
Until riders are able to use the technology round trip, theyre less likely to adopt it. For now, it means swapping between a phone and a familiar Metro Card. Of course, many New Yorkers have been skipping the subway alotegher for months now. The trains have largely been the realm of essential workers, and while the MTA is going out of its way to sanitize the cars each night, its simply not worth the risk for those who are able to avoid them. 
The system supports a wide range of mobile payments available through both mobile devices and smartwatches, including Apple, Google, Samsung and Fitbits offerings."
2,"{'id': 'techcrunch', 'name': 'TechCrunch'}",Darrell Etherington,Harvard biomedical engineering professor to launch nasal spray that could reduce COVID-19 transmission risk,"A new product developed by Harvard professor of the Pracice of Biomedical Engineering David A. Edwards is set to launch this fall, and claims to be able to provide a nearly 100 percent reduction in the particles present in exhaled air – thus reducing the pote…",http://techcrunch.com/2020/07/08/harvard-biomedical-engineering-professor-to-launch-nasal-spray-that-could-reduce-covid-19-transmission-risk/,https://techcrunch.com/wp-content/uploads/2020/07/fendnimbussolo.jpg?w=490,2020-07-08T15:27:10Z,"A new product developed by Harvard professor of the Pracice of Biomedical Engineering David A. Edwards is set to launch this fall, and claims to be able to provide a nearly 100 percent reduction in the particles present in exhaled air thus reducing the potential transmission of SARS-CoV-2 both into, and out of, the lungs while breathing. That could mean a significantly reduced risk of contracting COVID-19, particularly for frontline healthcare workers when used in combination with other PPE like face masks.
The product, called FEND, and produced by Edwards’ tech startup Sensory Cloud, is set to be available from September. It’s a saline mixture (essentially a “salty mist”) that contains no drugs, and is instead directed from naturally-occurring salts that are most often found in sea water. The mist, when delivered via deep nasal inhalation in misted form, has been shown in peer-reviewed research published on Tuesday by Sensory Cloud in medical journal QRB Discovery to clean upper human airways of particles that are less than a micron in size that aren’t typically filtered out by most conventional mask designs.
The study conducted by the company is based on a small-scale sample population of 10 volunteers, including five who are above 65, and five who are below that age, so it’s worth taking that into account when considering the results. Still, cross the sample group, the researchers found that it reduced transmitted particles per liter of air by around 99 percent with most of those particles blocked being ones that would’ve been too small to be filtered by conventional masks.
Sensory Cloud contends that FEND could provide “anyone at risk of SARS-CoV-2” with additional protection in terms of scrubbing the airways of both inhaled particles for those who don’t yet have the virus, and also for preventing the expulsion of viral particles for those that do. Accordingly, while the company plans to launch it to get general public through its online sales platform, it is also “committing to facilitating access” of FEND once it becomes available to “needy at-risk populations” including frontline workers around the world. Sensory Cloud is also debuting a number of clinical trials this summer, the results of which should go a long way in terms of supporting their early small-scale study results, if positive.
The startup plans to price Fend, including the mister delivery device, at $49 for a two-pack with individual refill bottles priced at $6 each afterwards, with each refill providing around 250 total uses (each use provides the cleaning benefits described above for roughly 6 hours based on the company’s research)."
3,"{'id': 'techcrunch', 'name': 'TechCrunch'}",Devin Coldewey,State-backed COVID-19 disinfo spreads faster and farther than local news outlets in 4 languages,"Questionable stories on COVID-19 from state-backed outlets in Russia, China, Turkey, and Iran are being shared more widely than reporting by major news organizations around the world, according to Oxford analysts. French German, Spanish and English news sites…",http://techcrunch.com/2020/07/01/state-backed-covid-19-disinfo-spreads-faster-and-farther-than-local-news-outlets-in-4-languages/,https://techcrunch.com/wp-content/uploads/2020/05/covid-19-hoax-sign-GettyImages-1211395410.jpg?w=600,2020-07-01T23:01:22Z,"Questionable stories on COVID-19 from state-backed outlets in Russia, China, Turkey, and Iran are being shared more widely than reporting by major news organizations around the world, according to Oxford analysts. French German, Spanish and English news sites see far less social engagement than these foreign-originated ones in their languages.
The study is part of ongoing monitoring of COVID-19 disinformation campaigns by the Computational Propaganda Project. The group found that major outlets like Le Monde, Der Spiegel, and El Pais are being outshared four or five to one in some metrics by content from Russia Today, China Radio International, and other state-backed organizations.
Earlier reports focused on English-language sharing of this type of media, which can be generally described as act-adjacent with a strong emphasis on certain narratives. The repeated finding was that although mainstream news outlets have an overall stronger presence, state-backed and junk news is way ahead in engagement per post or article. In the latest report it is shown that on average, mainstream articles collect about 25 engagements per post, while state-backed items get 125. When multiplied by millions of users and followers, that becomes an enormous discrepancy.
There is more nuance to the data than that, of course, but it gives a general idea of what’s happening: disinformation is being spread widely, whether by bots or organic reach, while ordinary news sources only reach a similar amount of people through more output and wider initial reach. It wasn’t, however, clear whether this was the case outside English-language media.
It certainly seems to be, according to data collected over three weeks from a variety of news sources. Mainstream media had a larger overall reach but state-backed media often produced far higher engagement per article. This is perhaps explained by the fact that the state-backed organizations tended to pursue and push controversies and divisive narratives. As the study puts it:
<ul><li>Russian outlets working in French and German consistently emphasized weak democratic institutions and civil disorder in Europe, but offered different kinds of conspiracy theories about the pandemic;</li><li>Chinese and Turkish outlets working in Spanish promoted their own countries global leadership in combating the pandemic, while Russian and Iranian outlets generated polarizing content targeted at Latin America and Spanish-speaking social media users in the United States.</li></ul>
That sort of clickbait spreads like wildfire on social media, of course, and few of those who thoughtlessly hit that share button will have the inclination to check whether the source is a government-backed news agency plainly attempting to sow discord.
On the other hand, it seems as if some consider turnabout fair play. For example: a Chinese state-backed news countering the flourishing U.S. conspiracy theory that the virus is a Chinese bioweapon with a counter-theory that it is a U.S. bioweapon released in and blamed on China.
“Many of these state-backed outlets blend reputable, fact-based reporting about the coronavirus with misleading or false information, which can lead to greater uncertainty among public audiences trying to make sense of the Covid-19 pandemic,” said Oxford’s Katarian Rebello in a news release.
The countries and state-backed outlets mentioned also have a major presence in Arabic language markets and the researchers are working on a follow-up study inclusive of those."
4,"{'id': 'techcrunch', 'name': 'TechCrunch'}",Darrell Etherington,Space sector investment shows signs of strength in Q2 despite COVID-19 pandemic,"The most recent quarterly report from specialist investor Space Capital shows that despite obvious impacts stemming from the current coronavirus pandemic, investment in general in space startups didn’t suffer as much as some predicted – and interest surged sp…",http://techcrunch.com/2020/07/20/space-sector-investment-shows-signs-of-strength-in-q2-despite-covid-19-pandemic/,https://techcrunch.com/wp-content/uploads/2020/04/GettyImages-155149307.jpg?w=602,2020-07-20T13:57:39Z,"The most recent quarterly report from specialist investor Space Capital shows that despite obvious impacts stemming from the current coronavirus pandemic, investment in general in space startups didn’t suffer as much as some predicted and interest surged specifically in the ‘Applications’ category they track, which monitors companies building software on the data layer enabled by in-space observation and communication assets.
Space Capital’s Q2 report did report an 85% decline quarter-over-quarter vs. Q1 in terms of infrastructure investment, which is a clear sign that investors have been wary of spending on big, expensive new companies actually building and launching space hardware. We saw the result of some of that retraction with mergers and bankruptcies, including the high-profile bankruptcy and subsequent sale of satellite constellation operator OneWb.
The good news on the software layer is that the quarter saw $5.3 billion invested in these companies, including $4.5 billion in the U.S., according to the report. And VC funding overall is actually up 4% year-over-year for H1 2020 vs. H1 2019, the firm notes though Q2 investment taken on its own is down 23% year-over-year relative to Q2 2019.
On the whole, the space sector saw $12.1 billion in equity-based investments to date in 2020, across 112 rounds, with early stage investments totalling $303 million of that, across 67 rounds. The bulk of those were either Seed or Series A investments.
It’s worth noting that the Applications layer as tracked by Space Capital includes essentially any company that relies heavily on GPS - and PNT-based navigation for their software, including large companies like Waymo that need that data to make their self-driving technology work.
GPS is unquestionably one of the largest and most successful space-based infrastructure investments that continues to bear considerable fruit, in terms of new businesses being built, and legacy industries continuing to be updated and disrupted. Many in space investment are seeking a successor to GPS not necessarily in terms of its specific function, but definitely in terms of a space-based technology that has as broad and lasting an impact.
You can read the full report from Space Capital below:"
5,"{'id': 'techcrunch', 'name': 'TechCrunch'}",Darrell Etherington,COVID-19 vaccine trials from the University of Oxford and Wuhan both show early positive results,"There are more promising signs from ongoing efforts to develop a vaccine that’s effective in preventing COVID-19: Two early trials, one from the University of Oxford, and one from a group of researchers in Wuhan funded in part by the National Key R&D Programm…",http://techcrunch.com/2020/07/20/covid-19-vaccine-trials-from-the-university-of-oxford-and-wuhan-both-show-early-positive-results/,https://techcrunch.com/wp-content/uploads/2020/03/GettyImages-1208126875.jpg?w=601,2020-07-20T15:24:46Z,"There are more promising signs from ongoing efforts to develop a vaccine that’s effective in preventing COVID-19: Two early trials, one from the University of Oxford, and one from a group of researchers in Wuhan funded in part by the National Key R&amp;D Programme of China. Both early trials showed efficacy in increasing the presence of antibody responses to SARS-CoV-2, the virus that leads to COVID-19, and also indicated that these prospective vaccines were safe to administer based on available information.
The University of Oxford study is one of the leading vaccine development efforts in the world, and among those that are furthest along in development. The results of their study covered 1,077 participants, all of whom were health adults aged between 18 and 55 with no prior confirmed history of having contracted SARS-CoV-2. That’s important because they received double randomized trials of the vaccine candidate, or an existing vaccine for meningitis as a control acting as a placebo. The results showed that across the group, 100 percent of the participants had demonstrated neutralizing antibody responses by the end of the course, which include a booster does.
Additionally, while some participants exhibited side effects, including “pain, feeling feverish, chills, muscle ache, headache and malaise,” none of these represented what the researchers consider series reactions, and these were also mitigated with use of paracetamol (standard painkillers available over the counter). Patient reactions were monitored for 28 days following the administration of the vaccine.
Oxford’s team is now ready to move on to its Phase 3 trial, which is a large-scale human trial that is effectively the last major step before it moves on to potential approval, production and distribution. That’s a time consuming process, but it does put this development on pace for a remarkably fast research and development process relative to prior vaccines.
Meanwhile the study in China covered health adults 18 or older, and included 603 participants, screened down to 508 who received either the vaccine candidate or a placebo. The participants also showed no adverse reactions, according to the researchers, and they’re also now likely to move on to a phase 3 development program.
Earlier this month, Moderna also announced promising early results from its phase 1 trial, but that was limited to just 45 participants between 18 and 55, and indicated some potentially serious side effects that will need to be watched in later, larger trials. These new results, while also early and requiring further development and research, are much more encouraging given the scale of both trials.
It is very early to make too many assumptions about what these early trials indicate, however. For instance, we still don’t really know how effective antibodies are in patients that have recovered from having COVID-19 once, so a lot more investigation is required by scientists in better understanding the efficacy of antibodies, and potentially vaccines, over the long term."
6,"{'id': 'techcrunch', 'name': 'TechCrunch'}",Sarah Perez,Google adds local COVID-19 news coverage to its Google News app in pilot test,"Google is piloting a new way to bring local news about the COVID-19 pandemic to its Google News application. In partnership with regional news publications in select cities across the U.S., the Google News app will now offer a dedicated section in select mark…",http://techcrunch.com/2020/06/29/google-adds-local-covid-19-news-coverage-to-its-google-news-app-in-pilot-test/,https://techcrunch.com/wp-content/uploads/2019/11/google-news-ios.jpg?w=750,2020-06-29T18:00:59Z,"Google is piloting a new way to bring local news about the COVID-19 pandemic to its Google News application. In partnership with regional news publications in select cities across the U.S., the Google News app will now offer a dedicated section in select markets detailing critical information like community reopening timelines, business updates, school openings, as well as information on the local healthcare infrastructure, public transportation, events, and ways to help families in need.
At launch, the new feature is available for readers in Raleigh, Baton Rouge, New Orleans, Lafayette, Columbus, Portland, Cleveland, Myrtle Beach, Albany, Sarasota, Cap Girardeau, Richmond, Memphis, Cincinnati, Boston, New York, Baltimore, Chicago, Detroit, Los Angeles, and Minneapolis.
To access the newly added local information, app users will click on the COVID-19 banner which directs them to the existing section focused on coverage of the coronavirus outbreak. They will then scroll down to find the new “Local news” section directly underneath the “Top News” section.
This new section won’t be shown if the user’s city or town isn’t yet covered. However, you can force the section to display by selecting one of the supported cities and making that your city in the Google News app.
Image Credits: Google
To deliver this local information, Google is working in partnership with 21 news organizations for the supported markets, including Raleigh’s The News &amp; Observer, NOLA.com, CBS Chicago, Oregon Live and Gothamist, among others. The news organizations must already provide this COVID-19 information in the form of short-form content. For example, this page from The News &amp; Observer offers a brief list of updates as bullet points which Google can easily re-publish to the Local News section of the Google News app.
The app will still allow users to click through to the local publication to read more.
Google tells us that all publishers will have to offer news a similar format to be included for the time being. In other words, Google isn’t automatically creating short-form summaries from news articles to fill this section.
The local COVID-19 news feature is currently in pilot testing, but Google plans to expand coverage across the U.S. and Canada in the future. It also plans to offer the feature outside of the Google News mobile app itself.
To some extent, the addition is a way for Google to offer its own version of Facebook’s “Community Help” feature, which the social network expanded in March due to the COVID-19 crisis. Facebook’s hub today offers a way for users to get information about how the coronavirus outbreak is impacting their own local region and what they can do to help. Google’s feature also arrives at a time when Flipboard has splashed back onto the scene with its new focus on local coverage, including coronavirus updates.
And of course there’s Google News app’s direct rival, the Apple News app. Apple News has also added its own take on local coverage with a “City Guides” section in its own COVID-19 special coverage area. These city guides focus on providing essential knowledge about testing, resources, jobs, and more for larger U.S. metros.
In addition to the update to the Google News app, Google says it’s recently expanded access to local news on Search and Google Assistant, as well.
Now when people search for coronavirus information on Google Search, they’ll see both a top stories carousel as well as a new dedicated local news carousel. Google also expanded its new carousel highlighting top tweets from local and health authorities in more than 30 countries.
Meanwhile, users can ask Google Assistant for local coronavirus news by saying something like “Hey Google, play news about coronavirus in Boston,” in select markets.
Google has also financially contributed to local news organizations itself in the wake of the COVID-19 crisis, having recently provided emerging funding for over 5,300 local news organizations around the world, ranging from $5,000 – $30,000. The company said it expects to spend “tens of millions” through this Journalism Emergency Relief Fund. Plus, Google recently launched a Support Local News campaign to encourage people and businesses to subscribe, donate and advertise across local news outlets in the U.S. and Canada."
7,"{'id': 'techcrunch', 'name': 'TechCrunch'}",Zack Whittaker,US charges two Chinese spies for a global hacking campaign that targeted COVID-19 research,"U.S. prosecutors have charged two Chinese nationals, said to be working for China’s state intelligence bureau, for their alleged involvement in a massive global hacking operation that targeted hundreds of companies and governments for more than a decade. The …",http://techcrunch.com/2020/07/21/us-prosecutors-charge-chinese-spies-global-hacking/,https://techcrunch.com/wp-content/uploads/2020/07/GettyImages-1201941990.jpg?w=600,2020-07-21T15:30:19Z,"U.S. prosecutors have charged two Chinese nationals, said to be working for China’s state intelligence bureau, for their alleged involvement in a massive global hacking operation that targeted hundreds of companies and governments for more than a decade.
The 11-count indictment, unsealed Tuesday, alleges Li Xiaoyu, 34, and Dong Jiazhi, 33, stole terabytes of data from high-technology companies, around the world including the United States, the prosecutors said.
More recently, the prosecutors accused the hackers of targeting the networks of over a dozen U.S. companies in Maryland, Massachusetts and California developing vaccines and treatments for COVID-19.
The indictment comes just weeks after both the FBI and Homeland Security warned that China was actively trying to steal U.S. research data related to the coronavirus pandemic.
The hackers were first discovered after they targeted a U.S. Department of Energy network in Hanford, Washington, the Justice Department said. The hackers also targeted companies in Australia, South Korea, and several European nations. The hackers used known but unpatched vulnerabilities in widely-used web server software to break into their victims’ networks. By gaining a foothold onto the network, the hackers installed password-stealing software to gain deeper access to their systems. The prosecutors said that the hackers would “frequently” return to the networks in some cases years later.
According to the indictment, the hackers stole “hundreds of millions of dollars” worth of trade secrets and intellectual property. The prosecutors also allege that the hackers stole data related to military satellite programs, military wireless networks, and high-powered microwave and laser systems from defense contractors.
The hackers are said to have targeted their victims on behalf of China’s intelligence services, but also hacked personal financial gain. Prosecutors said in one case, the hackers “sought to extort cryptocurrency” from a victim company by threatening to publish the victim’s stolen source code online.
John C. Demers, U.S. assistant attorney general for national security, said that the indictments were “concrete examples” of how China used hackers to “rob, replicate, and replace non-Chinese companies in the global marketplace.
Demers also accused China of providing a safe-haven for the hackers.
China has now taken its place, alongside Russia, Iran and North Korea, in that shameful club of nations that provide a safe haven for cyber criminals in exchange for those criminals being on call to work for the benefit of the state, here to feed the Chinese Communist partys insatiable hunger for American and other non-Chinese companies hard-earned intellectual property, including COVID-19 research,” said Demers.
If prosecuted, the hackers could each face more than 40 years in prison. But since the hackers are believed to still be in China, any extraditions to the U.S. are unlikely."
8,"{'id': 'techcrunch', 'name': 'TechCrunch'}",Kirsten Korosec,How one moonshot VC approaches investing in the COVID-19 era,"""If you only draw upon 20% of the population for that talent, you're missing out on people who are going to create these watershed things that do have a different perspective.""",http://techcrunch.com/2020/07/31/how-one-moonshot-vc-approaches-investing-in-the-covid-19-era/,https://techcrunch.com/wp-content/uploads/2020/07/Peter-Barrett.jpg?w=400,2020-07-31T21:40:29Z,"Take one glance at Playground Globals portfolio and a theme emerges: The firms investments are forward-looking, longer-term plays, a strategy that runs counter to the fast-return ethos that permeates certain Silicon Valley sectors.
The Palo Alto-based VC firm is banking on the future with investments in capital-intensive and technically complex pursuits, including robotics, autonomous driving, metallic 3D printing and infrastructure. It’s an investment strategy that isn’t for the faint of heart.
So, how does a firm that embraces futurism handle the present-day disruption of COVID-19? It looks ahead, of course.
When co-founder and CTO Peter Barrett joined TechCrunch this week for an Extra Crunch Live panel, the pandemic dominated the conversation. The executive noted that a new and common thread has emerged throughout the many discussions among Playground executives and the startups in which it has invested.
Priorities are shifting toward finding ways to be of service.
Everything feels different these days. Recent months have caused many in Silicon Valley to reconsider their investment priorities, roll up their figurative sleeves and begin the process of helping the world survive and, eventually, recover from the seemingly endless COVID-19 pandemic. Like many others, Playground finds itself at a crossroads determining how it can be of service, while examining the ways in which a crisis like this can be addressed.
One thing that underscores this pandemic is a realization that we need to be doing other things if we want to avoid being stuck inside for six months to a year, Barrett said. The biggest trend is a recognition that we need to make the investments that give us agency over our biology, and to build the tooling and infrastructure, so the parade of maladies which is behind COVID won’t have the same consequences that COVID-19 has.
The pandemic has also driven people to reflect on what they want to do with their lives, Barrett said, suggesting that this phenomenon could influence which startups emerge from this period as well as what venture capitalists choose to invest in.
If you’re an entrepreneur, I think a dating app looks less appealing than contributing in some way, Barrett said, adding that entrepreneurs are looking at areas that put us in a position where we really don’t have to be stuck inside because of a certain kilobase virus.
Playground has a number of startups that are in position to offer some support, though, as is the nature of the firms tendency toward long runways. Most, however, appear better positioned to consider how we can prepare ourselves for the inevitability of some future pandemic, rather than the one we’re currently battling. Click through to read the highlights and watch a video with our entire conversation.
Playground’s portfolio is a mixofcompaniesthatarebuildingthings onalongertimescale that havethecapitaland patienceto weatherthispandemic, Barrett said.
However, in the near term, there are categories of companies that have an opportunity to be of service and grow their business."
9,"{'id': 'techcrunch', 'name': 'TechCrunch'}",Walter Thompson,"The hype, haplessness and hope of haptics in the COVID-19 era","We owe it to ourselves now and in the future to be deliberate, realistic and hopeful about what touch and technology can do, and what they can’t.",http://techcrunch.com/2020/07/28/the-hype-haplessness-and-hope-of-haptics-in-the-covid-19-era/,https://techcrunch.com/wp-content/uploads/2020/07/GettyImages-155573159.jpg?w=600,2020-07-28T21:28:16Z,"In March, Brooklynite Jeremy Cohen achieved minor internet fame when he launched an elaborate scheme to court Tori Cignarella, a cute stranger living in a nearby building.
After spotting Cignarella across an air shaft, Cohen used drones, Venmo, texting and FaceTime to interact with his socially distanced crush. But it was on their second date when Cohen pulled out all the stops. He purchased a gigantic plastic bubble, sealed himself inside and invited his new friend to go on a touchless walk. As Cohen wrote on Instagram, just because we have to social distance doesnt mean we have to be socially distant.
Cohens quirky, DIY approach made for fun clickbait for a few days. But its also a somewhat unflattering metaphor for the kinds of touch-centric entrepreneurialism that has proliferated in the age of COVID-19. From dating to banking, education to retail, the virus has pushed everyone to rethink how touch and proximity factor into daily interactions. Businesses besieged by the uncertainty of shutdown orders, partial re-openings, remote work, disease spikes and changing consumer behavior have been forced to test-drive solutions on the fly.
Amid that confusion, a few common approaches have emerged. Some are rushing to return to normalcy, adopting quick fixes at the expense of more broad-based solutions. Others are using the pandemic as an excuse to accelerate technological shifts, even those that may be unwelcome, impractical or both. Still others are enforcing guidelines selectively or not at all, tempting consumers back, in part, through the promise of normal (read: non-distanced and non-regulated) interactions.
Enter haptics. Investment in touch technologies had been on the rise before COVID-19, with virtual reality fueling fresh interest in haptic gloves and full-body suits, and haptics for mobile devices like wearables and smartwatches infusing the field with new resources. While it is difficult to capture the health and growth of the haptics industry with a single number, one estimate puts the global haptics market at US$12.9 billion in 2020, projected to grow to US$40.9 billion by 2027.
In addition to established players like Immersion Corporation, founded in 1993 and active working on haptics applications ranging from gaming and automotive to medical, mobile and industrial, Sony, Apple, Microsoft, Disney and Facebook each have dedicated teams working on new haptics products. Scores of startups, too, are currently bringing new hardware and software solutions to market: Ultraleap (formerly Ultrahaptics), a Bristol-based company that develops midair haptics, has secured $85 million in funding; HaptX, which makes exoskeleton force feedback gloves for use in VR and remote manipulation, has raised $19 million in funding; and Neosensory, focused on routing sound through the skin with a wrist-based wearable Buzz, has received $16 million in funds. A recent industry-wide initiative intended to make it easier to embed haptics in multimedia content suggests that we could soon see growth in this area accelerate even further.
Despite these trends, the business of touch isnt heading in one clear direction. And with such variety in business responses, customers have responded with confusion, frustration, anxiety and defiance. More than disgruntlement, though, COVID-19 shines a light on a longstanding debate over whether the future will have more touch or less. Tensions around touch were already high, but rapid changes, Band-Aid solutions and short-term thinking are making the problems worse.
Whats needed now is a longer view: serious, systematic thinking about where we — as consumers, citizens, humans — want and need touch, and where we dont. To get there, we need greater investment not just in technologies that sound good, but ones that will deliver on real needs for connection and safety in the days ahead.
Plexiglass is the new mask
While the mask may be the most conspicuous symbol of the COVID-19 pandemic in much of the world, the new normal has another, clearer symbol: plexiglass.
Plexiglass leads the way as our environments are retrofitted to protect against the virus. In the U.S., demand began rising sharply in March, driven first by hospitals and essential retailers like grocery stores. Traditional sectors like automotive are using much less of the stuff, but that difference is more than made up for by the boom among restaurants, retail, office buildings, airports and schools. Plexiglass is even popping up in temples of bodily experience, surrounding dancers at strip clubs, clients at massage parlors and gymgoers in fitness centers.
Like plexiglass itself, the implications for touch are stark, if invisible. Plexiglass may communicate sterility and protection — though, truth be told, it dirties often and its easy to get around. More to the point, it puts up a literal barrier between us.
The story of plexiglass — like that of single-use plastic, ventilation systems, hand sanitizer and ultraviolet light — underscores how mundane interventions often win the day, at least initially. It is much easier for a grocery store to install an acrylic sneezeguard between cashiers and customers than it is to adopt contactless shopping or curbside pickup. At their best, interventions like plexiglass are low-cost, effective and dont require huge behavior changes on the part of customers. They are also largely reversible, should our post-pandemic lifestyles revert back to something more closely resembling our previous behaviors.
Besides their obvious environmental consequences, plasticized approaches can erode our relationship to touch and thereby to each other. In Brazil, for example, some nursing homes have installed “hug tunnels” to allow residents to embrace family members through a plastic barrier. Given that “when will I be able to hug my loved ones again?” is a common and heart-wrenching question these days, the reunions hug tunnels facilitate are, well, touching. But as a shadow of the real thing, they amplify our desperate need for real connection.
The same with circles on the floor in elevators or directional arrows down store aisles: In expecting us to be our best, most rational and most orderly selves, they work against cultural inclinations toward closeness. They indicate not so much a brave new future as a reluctant present. And without proper messaging about their importance as well as their temporariness, they are bound to fail.
Touch tech to the rescue
To feed our skin hunger, futurists are pushing haptic solutions digital technologies that can replicate and simulate physical sensations. Haptics applications range from simple notification buzzes to complex whole-body systems that combine vibration, electricity and force feedback to re-create the tactile materiality of the physical world. But although the resurgence of VR has rapidly advanced the state of the art, very few of these new devices are consumer-ready (one notable exception is CuteCircuits Hug Shirt released for sale earlier this year after 15+ years in development).
Haptics are typically packaged as part of other digital techs like smartphones, video game controllers, fitness trackers and smartwatches. Dedicated haptic devices remain rare and relatively expensive, though their imminent arrival is widely promoted in popular media and the popular technology press. Effective haptic devices, specially designed to communicate social and emotional touch such as stroking, would seem particularly useful to re-integrate touch into Zoom-heavy communication.
Even with well-resourced companies like Facebook, Microsoft and Disney buying in, these applications will not be hitting home offices or teleconferencing setups anytime soon. Though it would be easy to imagine, for example, a desktop-mounted system for facilitating remote handshakes, mass producing such devices would prove expensive, due in part to the pricey motors necessary to accurately synthesize touch. Using cheaper components compromises haptic fidelity, and at this point, what counts as an acceptable quality of haptic simulation remains ill-defined. We dont have a tried and tested compression standard for haptics the way we do with audio, for instance; as Immersion Corporations Yeshwant Muthusamy recently argued, haptics has been held back by a problematic lack of standards.
Getting haptics right remains challenging despite more than 30 years’ worth of dedicated research in the field. There is no evidence that COVID is accelerating the development of projects already in the pipeline. The fantasy of virtual touch remains seductive, but striking the golden mean between fidelity, ergonomics and cost will continue to be a challenge that can only be met through a protracted process of marketplace trial-and-error. And while haptics retains immense potential, it isnt a magic bullet for mending the psychological effects of physical distancing.
Curiously, one promising exception is in the replacement of touchscreens using a combination of hand-tracking and midair haptic holograms, which function as button replacements. This product from Bristol-based company Ultraleap uses an array of speakers to project tangible soundwaves into the air, which provide resistance when pressed on, effectively replicating the feeling of clicking a button.
Ultraleap recently announced that it would partner with the cinema advertising company CEN to equip lobby advertising displays found in movie theaters around the U.S. with touchless haptics aimed at allowing interaction with the screen without the risks of touching one. These displays, according to Ultraleap, will limit the spread of germs and provide safe and natural interaction with content.
A recent study carried out by the company found that more than 80% of respondents expressed concerns over touchscreen hygiene, prompting Ultraleap to speculate that we are reaching the end of the [public] touchscreen era. Rather than initiate a technological change, the pandemic has provided an opportunity to push ahead on the deployment of existing technology. Touchscreens are no longer sites of naturalistic, creative interaction, but are now spaces of contagion to be avoided. Ultraleaps version of the future would have us touching air instead of contaminated glass.
Touch/less
The notion that touch is in crisis has been a recurring theme in psychology, backed by scores of studies that demonstrate the negative neurophysiological consequences of not getting enough touch. Babies who receive insufficient touch show higher levels of the stress hormone cortisol, which can have all kinds of negative effects on their development. In prisons, for example, being deprived of touch through restraint or solitary confinement is a punishment tantamount to torture. As technology continues to make inroads into our lives, interactions that once required proximity or touch have become mediated instead, prompting ongoing speculation about the consequences of communicating by technology rather than by touch.
The coronavirus pandemic intensifies this crisis by demanding a sudden, collective withdrawal from physical contact. The virus lays a cruel trap: the longer were apart, the more we crave togetherness and are willing to take dangerous risks. But giving in to the desire to touch not only exposes us and those we care about to a potentially mortal danger, it also extends the amount of time before we can resume widespread touching.
The pandemic has already revealed important lessons about touch, haptics and humanity. First is that while circumstances can change quickly, true social and behavioral change takes longer. The many examples of Americans acting as though there is no pandemic going on should give pause to anyone thinking touch-free futures are just around the corner. Atop this, there is plain-old inertia and malaise, which suggests some pandemic-era interventions will stick around while others will disappear or slacken over time. Consider 9/11 — nearly two decades later, though we still cant greet our loved ones at their gate, most airports dont strictly monitor our liquids and gels.
By the same token, one can imagine unfilled hand sanitizer stations as the ultimate hangover from these times. We may begin to like the plexiglass barriers between ourselves and our fellow subway passengers, but hate them at restaurants and sporting events. We may encounter more motion-detecting sliding doors and hand-tracking options, but when they falter we may revert to revolving doors, handles and push-buttons.
A second and equally important insight is that the past and the future exist side by side. Technological development takes even longer than behavioral change, and can be bedeviled by momentary trends, expense and technological limitations. For example, there are a lot of pressures right now to transform stores and restaurants into last-mile fulfillment centers, to embrace AR and VR and to reimagine space as contact-free. In these scenarios, objects could be touched and handled in virtual showrooms using high-fidelity digital touch technologies. But some of this pressure is based on promises that haptics have yet to fulfill. For instance, being able to touch clothing through a mobile phone may be possible in theory, but would be difficult in practice and would mean other trade-offs for mobile phones functionality, size, weight and speed.
Touch/more?
But just as the coronavirus pandemic did not create making us miss touching, it also did not create all the problems with touching. Some of the touch we were used to — like the forced closeness of a crowded subway car or the cramped quarters of airline seats — is dehumanizing. Social movements like #MeToo and Black Lives Matter have drawn attention to how unwanted touch can have traumatic consequences and exacerbate power imbalances. We must think broadly about the meaning of touch and its benefits and drawbacks for varying types of people, and not rush toward a one-size-fits-all solution. Although touch may seem like a fundamentally biological sense, its meaning is continually renegotiated in response to shifting cultural conditions and new technologies. COVID-19 is the most rapid upheaval in global practices of touching that weve seen in at least a generation, and it would be surprising not to see a corresponding adoption of technologies that could allow us to gain back some of the tactility, even from a distance, that the disease has caused us to give up.
Too often, however, touch technologies prompt a “gee whiz” curiosity without being attentive to the on-the-ground needs for users in their daily lives. Businesses looking to adopt haptic tech must see through the sales pitch and far-flung fantasies to develop a long-term plan for where touch and touch-free make the most sense. And haptic designers must move from a narrow focus on solving the complex engineering problem touch presents to addressing the sorts of technologies users might comfortably incorporate into their daily communication habits.
A useful exercise going forward is to consider how would we do haptic design differently knowing wed be facing another COVID-19-style pandemic in 2030? What touch technologies could be advanced to satisfy some of the desires for human contact? How can firms be proactive, rather than reactive, about haptic solutions? As much as those working in the field of haptics may have been motivated by the noble intention of restoring touch to human communication, this mission has often lacked a sense of urgency. Now that COVID-19 has distanced us, the need for haptics to bridge that physical gap, however incompletely, becomes more obvious and demanding.
Businesses feel it too, as they attempt to restore humanity and connection to their customer interactions. Yet as ironic as it might feel, now is the time not to just stumble through this crisis — its time to prepare for the next one. Now is the time to build in resilience, flexibility and excess capacity. To do so requires asking hard questions, like: do we need VR to replicate the sensory world in high fidelity, even if its costly? Or would lower-cost and lower-fidelity devices suffice? Will people accept a technologized hug as a meaningful proxy for the real thing? Or, when touch is involved, is there simply no substitute for physical presence? Might the future have both more touch and less?
These are difficult questions, but the hardship, trauma and loss of COVID-19 proves they demand our best and most careful thinking. We owe it to ourselves now and in the future to be deliberate, realistic and hopeful about what touch and technology can do, and what they cant."
10,"{'id': 'techcrunch', 'name': 'TechCrunch'}",Taylor Hatmaker,Twitter locked the Trump campaign out of its account for sharing COVID-19 misinformation,"Twitter took action against the official Trump campaign Twitter account Wednesday, freezing @TeamTrump’s ability to tweet until it removed a video in which the president made misleading claims about the coronavirus. In the video clip, taken from a Wednesday m…",http://techcrunch.com/2020/08/05/twitter-trump-campaign-locked-account-team-trump-children-covid/,https://techcrunch.com/wp-content/uploads/2020/02/GettyImages-1202122689.jpg?w=600,2020-08-06T01:41:59Z,"Twitter took action against the official Trump campaign Twitter account Wednesday, freezing @TeamTrump’s ability to tweet until it removed a video in which the president made misleading claims about the coronavirus. In the video clip, taken from a Wednesday morning Fox News interview, President Trump makes the unfounded assertion that children are “almost immune” from COVID-19.
“If you look at children, children are almost and I would almost say definitely but almost immune from this disease,” Trump said. “They don’t have a problem. They just don’t have a problem.”
While Trump’s main account @realDonaldTrump linked out to the @TeamTrump tweet in violation, it did not directly share it. In spite of some mistaken reports that Trump’s own account is locked, at this time his account had not been subject to the same enforcement action as the Trump campaign account, which appears to have regained its ability to tweet around 6PM PT.
“The @TeamTrump Tweet you referenced is in violation of the Twitter Rules on COVID-19 misinformation,” Twitter spokesperson Aly Pavela said in a statement provided to TechCrunch. “The account owner will be required to remove the Tweet before they can Tweet again.”
Facebook also took its own unprecedented action against President Trump’s account late Wednesday, removing the post for violating its rules against harmful false claims that any group is immune to the virus.
The president’s false claims were made in service of his belief that schools should reopen their classrooms in the fall. In June, Education Secretary Betsy DeVos made similar unscientific claims, arguing that children are “stoppers of the disease.”
In reality, the relationship between children and the virus is not yet well understood. While young children seem less prone to severe cases of COVID-19, the extent to which they contract and spread the virus isn’t yet known. In a new report examining transmission rates at a Georgia youth camp, the CDC observed that “children of all ages are susceptible to SARS-CoV-2 infection and, contrary to early reports, might play an important role in transmission.”"
11,"{'id': 'techcrunch', 'name': 'TechCrunch'}",Matt Burns,Six Toronto VCs discuss COVID-19 and the post-pandemic era,"As North America’s fourth-largest city, Toronto is one of the world’s top startup ecosystems. After spawning companies like Eventbrite and Crowdmark, Ontario’s capital has attracted international talent that complements its homegrown population of entrepreneu…",http://techcrunch.com/2020/08/13/six-toronto-vcs-discuss-covid-19-and-the-post-pandemic-era/,https://techcrunch.com/wp-content/uploads/2020/08/toronto-map.jpg?w=711,2020-08-13T16:58:59Z,"As North America’s fourth-largest city, Toronto is one of the world’s top startup ecosystems.
After spawning companies like Eventbrite and Crowdmark, Ontario’s capital has attracted international talent that complements its homegrown population of entrepreneurs and technical talent.
Six investors we surveyed who work and live in the area said they believe Toronto will continue to thrive after the COVID-19 storm passes. Some of them focus exclusively on the region, while others invest elsewhere as well. As they explained, the city has a lot going for it: It’s diverse, has access to locally trained engineering and business workers, and the area has already fostered many companies that are doing very well.
Investors expect Toronto to remain a fintech hub
Fintech is one of the city’s top industries, and the investors in this survey expect this to continue. Stephanie Choo, head of investments at Portag3 Ventures, said “fintech continues to see massive tailwinds from the fallout from COVID-19 as incumbents struggle to fully digitize their offerings.”
Ameet Shah of Golden Ventures listed fintech as one of Toronto’s key industries. Eva Lau of Two Small Fish Ventures agreed, adding that “blockchain has also been doing well because many blockchain-related technologies or companies were started in Toronto.”
Other investors point to fintech business leaders in Toronto like CEOs Mike Katchen of Wealthsimple, Daniel Eberhard of Koho, Andrew DSouza and Michele Romanow of Clearbanc and Kirk Simpson of Wave Financial.
Diversity is one of Toronto’s strengths
Nearly all of the surveyed investors cited diversity as a key reason to live and work in Toronto. Probal Lala, chairman of Maple Leaf Angels, says, “Beyond having a vibrant technology ecosystem, Toronto has one of the most diverse communities in North America and is not only a great place to find the intellectual horsepower and funding to build a great global startup, but also the mosaic of social communities that makes it a great place to live and raise a family.”
Choo said the United States’ current battles over immigration could benefit Canada. “Small, nimble teams that need to move fast may still choose to co-locate in person and many will still want access to amenities that only a large, vibrant and diverse city like Toronto can offer.”
She also pointed to Toronto’s claim of being one of the most diverse cities in the world. “[This] not only makes the city interesting but also very welcoming for those who relocate from elsewhere; a strong startup and tech scene, and, lastly, a vibrant cultural and food scene, especially through the lens of cost-of-living compared to comparable major cities.”
Shopify’s executives are key players in Toronto’s ecosystem
Several VCs listed Shopify executives as local leaders, while others acknowledged the growing unicorn’s impact. Ameet Shah of Golden Ventures says, “Toronto has traditionally been strong in fintech, B2B SaaS, crypto and AI. The explosion of Shopify should also benefit companies focused on e-commerce and supply chain solutions.”
Adam McNamara and Ameet Shah, when asked about local business leaders, both listed Satish Kanwar. Kanwar is GM and VP of Product at Shopify after the company purchased Jet Cooper, a startup co-founded by Kanwar. McNamara also points to Farhan Thawar, Shopify’s VP of Engineering, as a local leader.
Who we spoke to:
<ul><li>Probal Lala, chairman, Maple Leaf Angels Capital Corporation</li><li>Stephanie Choo, head of investments, Portag3 Ventures</li><li>Adam McNamara, founding partner, Ramen VC</li><li>Ameet Shah, partner, Golden Ventures</li><li>Matt Golden, founder and managing partner, mGolden Ventures</li><li>Eva Lau, founding partner, Two Small Fish Ventures</li></ul>
Probal Lala, Maple Leaf Angels Capital Corporation
How much is local investing even a focus for you now? If you are investing remotely in general now, are you filtering for local founders?
Prior to COVID-19 hitting, a requirement for the majority of my investments was a face-to-face visit with the founding team. For the most part, this meant founders spending time in Toronto. As we primarily invest in seed and pre-seed, this usually meant local founders.
When the pandemic hit, we shifted our process to primarily Zoom meetings (including due diligence) and as a result the mix of founding teams has expanded beyond our typical catchment area (two-hour drive from the city) to a broader base. Investment cycles appear to have slowed a bit due to the remote approach but our reach to founding teams has expanded to a broader base of geographically distributed founding teams (Mostly Canadian although we have recently seen a number of international opportunities)."
12,"{'id': 'techcrunch', 'name': 'TechCrunch'}",Darrell Etherington,Uber adds retail and personal package delivery services as COVID-19 reshapes its business,"Uber is introducing two new types of services, the company announced this week, including Uber Direct and Uber Connect. Direct is a delivery platform for retail items, while Connect is a peer-to-peer package delivery service, for sending goods to family and f…",http://techcrunch.com/2020/04/20/uber-adds-retail-and-personal-package-delivery-services-as-covid-19-reshapes-its-business/,https://techcrunch.com/wp-content/uploads/2020/04/UberIM_009770_Press-Release-Photo-UBER-Logo-1080x540-1.jpg?w=764,2020-04-20T14:10:31Z,"Uber is introducing two new types of services, the company announced this week, including Uber Direct and Uber Connect. Direct is a delivery platform for retail items, while Connect is a peer-to-peer package delivery service, for sending goods to family and friends. This marks the most aggressive foray yet for Uber into courier services, after it already introduced grocery items to its Uber Eats platform as the coronavirus pandemic continues to suppress its ride-hailing business.
Uber has already also introduced new extensions of its platform for transporting personal protective equipment to front-line workers, and Eats is also delivering convenience items in some markets in addition to grocery goods. The Direct and Connect services will likewise open in select cities initially, and the service looks very different depending on where it’s in use. IN NYC, for instance, it’s delivering over-the-counter medications in partnership with Cabinet, whereas in Portugal it’s essentially supplementing the public postal service with general mail parcel delivery.
Uber Connect provides same-day, on-contact delivery from one person to another, which Uber positions as a way for people to send care packages, supplies, games and other quarantine daily staples with their friends and family. It’s launching in over 25 cities across Australia, Mexico and the U.S. to start. At heart, Connect isn’t much different from Uber’s basic rider service, but instead of transporting people door-to-door, it’s moving stuff.
Both of these are being introduced today but will evolve over time as Uber sees how usage proceeds, and what people want out of the service. Stepping up on the goods delivery front should also mean bolstering utilization rates for drivers, and continued income in the face of massive decreases in demand for general rider transportation services, even as Uber Eats sees a big usage spike as more people seek direct-to-door food delivery."
13,"{'id': 'techcrunch', 'name': 'TechCrunch'}",Darrell Etherington,Twitter says Elon Musk’s tweets advocating against expert COVID-19 guidance don’t violate its rules,Twitter has said that tweets posted early Tuesday morning by Tesla and SpaceX CEO Elon Musk that irresponsibly call for restrictions put in place to defend against the spread of COVID-19 don’t violate its guidelines around inaccurate or disputed information a…,http://techcrunch.com/2020/04/29/twitter-says-elon-musks-tweets-advocating-against-expert-covid-19-guidance-dont-violate-its-rules/,https://techcrunch.com/wp-content/uploads/2019/07/elon-musk-idk.jpg?w=600,2020-04-29T13:58:29Z,"Twitter has said that tweets posted early Tuesday morning by Tesla and SpaceX CEO Elon Musk that irresponsibly call for restrictions put in place to defend against the spread of COVID-19 don’t violate its guidelines around inaccurate or disputed information about the coronavirus that could cause harm. Musk tweeted a series of things on Tuesday, including an endorsement of a controversial Wall Street Journal op-ed with the caption “Give people their freedom back!”
A Twitter spokesperson told TechCrunch that these tweets, which also include an urging to “FREE AMERICA NOW,” are “not currently in violation of the Twitter rules. According to the company, it has said previously that it’s not enforcing punitive or corrective action on each instance of tweets about COVID-19 that don’t provide a full picture or that appear to contain info that’s disputed by other sources.
Twitter says that it has removed over 2,400 Tweets since March 18 when it implemented its new policy, and that it’s automated filtering systems have addressed in some way or another as many as 3.4 million accounts which seemed to be spamming or providing manipulative info regarding COVID-19 discussions. Thus far, however, some of the most influential sources of have not been subject to punitive or corrective action under the policy.
President Trump’s tweets calling to “liberate” states, for instance, which bear a content and formatting similarity to the new tweets by Musk, have not been removed or disputed by the social network, and Twitter provided a similar statement about those missives not currently violating its rules.
Trump and Musk represent some of the most influential Twitter users, with 78.9 million and 33.3 minion users respectively, so their voices have outweighed impact on the community and public discourse relative to spam or automated misinformation accounts. In both cases, these messages indirectly seek to encourage the curtailing or disruption of social distancing, isolation and quarantine measures, even as the U.S. surged past 1 million diagnosed cases this week, with many more likely undiagnosed and therefore unaccounted for in the total.
States are already beginning to ease restrictions, and seeing resurgences in case numbers. Some more rural states that previously seemed less impacted are seeing spikes, even as they began to partially reopen, including Iowa. Leading experts including Dr. Anthony Fauci of the U.S. federal coronavirus task force have warned against the consequences of relaxing rules too soon, and the WHO and CDC are still warning of the impact of opening up too soon as well."
14,"{'id': 'techcrunch', 'name': 'TechCrunch'}",Ingrid Lunden,"Lyft is laying off 982 employees, furloughing a further 288 due to COVID-19 pandemic","Less than 24 hours after it was reported that Uber was considering layoffs of 20% of staff, its big rival Lyft is announcing its own cuts. Today the company said it would be reducing employee count by 17%, working out to 982 employees, and furloughing an addi…",http://techcrunch.com/2020/04/29/lyft-is-laying-off-982-employees-furloughing-a-further-288-due-to-covid-19-pandemic/,https://techcrunch.com/wp-content/uploads/2020/03/GettyImages-1195517355.jpg?w=600,2020-04-29T16:10:21Z,"Less than 24 hours after it was reported that Uber was considering layoffs of 20% of staff, its big rival Lyft is announcing its own cuts.
Today the company said it would be reducing employee count by 17%, working out to 982 employees, and furloughing an additional 288, due to the effects of the COVID-19 pandemic and its impact on Lyft’s business.
It will also put in place salary reductions of 30%  for executive leadership, 20% for vice presidents and 10% for all other employees, while members of Lyft’s board of directors will forego 30% of their cash compensation for the second quarter of 2020.
Lyft said that it will take a restructuring charge of between $28 million and $36 million as a result, which will come through in its Q2 financials.
The news comes in the wake of technology sector layoffs now crossing 32,221 people since March 11. Transportation has been hit in a particularly tough way, in part because people are not moving around as much due to stay-at-home orders; and in part because of the worries of infection that people have around driving in vehicles in close quarters where others have been.
Heading into 2020 Uber and Lyft had made (adjusted) profitability promises to their investors, pledges that could be in doubt thanks to COVID-19 and its impacts on travelling. However, earlier this year Uber held a conference with analysts in which is promised that it would not run out on cash, even if ride-hailing cratered and stayed sharply depressed for the rest of the year.
Uber and Lyft shares rose in the wake of the news. Today, the day after Uber’s reported consideration of staff cuts and Lyft’s confirmed staff reductions, the company’s are up 6% and 5%, respectively. Investors appear unconcerned that removing staff will harm operations. Indeed, the change in the value firms appears more endorsement of the cuts than concern about their necessity. (TechCrunch dug into Uber’s potential cuts this morning.)
It’s earnings season, with Uber reporting May 7 and Lyft a day earlier on May 6. We’ll know a lot more soon."
15,"{'id': 'techcrunch', 'name': 'TechCrunch'}",Natasha Lomas,EU privacy body urges anonymization of location data for COVID-19 tracking,"The European Data Protection Board (EDPB) has published guidance for the use of location data and contacts tracing tools intended to mitigate the impact of the COVID-19 pandemic. Europe’s data protection framework wraps around all such digital interventions, …",http://techcrunch.com/2020/04/22/eu-privacy-body-urges-anonymization-of-location-data-for-covid-19-tracking/,https://techcrunch.com/wp-content/uploads/2017/03/gettyimages-89268140.jpg?w=600,2020-04-22T13:03:21Z,"The European Data Protection Board (EDPB) has published guidance for the use of location data and contacts tracing tools intended to mitigate the impact of the COVID-19 pandemic.
Europe’s data protection framework wraps around all such digital interventions, meaning there are legal requirements for EU countries and authorities developing tracing tools or soliciting data for a coronavirus related purpose.
“These guidelines clarify the conditions and principles for the proportionate use of location data and contact tracing tools, for two specific purposes: using location data to support the response to the pandemic by modelling the spread of the virus so as to assess the overall effectiveness of confinement measures; [and] contact tracing, which aims to notify individuals of the fact that they have been in close proximity of someone who is eventually confirmed to be a carrier of the virus, in order to break the contamination chains as early as possible,” the EDPB writes in the document.
The European Commission and the EU parliament have already weighed in with their own recommendations in this area, including a toolbox to help guide contacts tracing app developers. The Commission has also urged Member States to take a common approach to building such apps. And has been leaning on local telcos to provide ‘anonymized and aggregated’ metadata for modelling the spread of the virus across the EU.
The guideline document from the EDPB — a body made up of representatives from the EU’s national data protection agencies which helps coordinate the application of pan-EU data protection law — brings additional expert steerage for those developing digital interventions as part of a public health response to the coronavirus pandemic.
“The EDPB generally considers that data and technology used to help fight COVID-19 should be used to empower, rather than to control, stigmatise, or repress individuals,” it writes. “Furthermore, while data and technology can be important tools, they have intrinsic limitations and can merely leverage the effectiveness of other public health measures. The general principles of effectiveness, necessity, and proportionality must guide any measure adopted by Member States or EU institutions that involve processing of personal data to fight COVID-19.”
Among the body’s specific recommendations are that where location data is being considered for modelling the spread of the coronavirus or assessing the effectiveness of national lockdown measures then anonymizing the data is preferable — with the EDPB emphasizing that proper anonymization is not easy.
Given the inherent complexity it also recommends transparency around the anonymization methodology used. (tl;dr: there’s no security in obscurity, nor indeed accountability.)
“Many options for effective anonymisation exist, but with a caveat. Data cannot be anonymised on their own, meaning that only datasets as a whole may or may not be made anonymous,” it notes.
“A single data pattern tracing the location of an individual over a significant period of time cannot be fully anonymised. This assessment may still hold true if the precision of the recorded geographical coordinates is not sufficiently lowered, or if details of the track are removed and even if only the location of places where the data subject stays for substantial amounts of time are retained. This also holds for location data that is poorly aggregated.
“To achieve anonymisation, location data must be carefully processed in order to meet the reasonability test. In this sense, such a processing includes considering location datasets as a whole, as well as processing data from a reasonably large set of individuals using available robust anonymisation techniques, provided that they are adequately and effectively implemented.”
On contact tracing apps — aka digital tools that are designed to map proximity between individuals, as a proxy for infection risk — the EDPB urges that use of such apps be voluntary.
“The systematic and large scale monitoring of location and/or contacts between natural persons is a grave intrusion into their privacy,” it warns. “It can only be legitimised by relying on a voluntary adoption by the users for each of the respective purposes. This would imply, in particular, that individuals who decide not to or cannot use such applications should not suffer from any disadvantage at all.”
The importance of accountability is also front and center, with the EDPB saying the controller of such apps must be clearly defined.
“The EDPB considers that the national health authorities could be the controllers for such application; other controllers may also be envisaged. In any cases, if the deployment of contact tracing apps involves different actors their roles and responsibilities must be clearly established from the outset and be explained to the users.”
Purpose limitation is another highlighted component. Apps need to have purposes that are “specific enough to exclude further processing for purposes unrelated to the management of the COVID- 19 health crisis (e.g., commercial or law enforcement purposes)”, it says.
So, in other words, no function creep — and no EU citizen mass surveillance via a pandemic backdoor.
The EDPB also writes that “careful consideration should be given to the principle of data minimisation and data protection by design and by default” — noting specifically that contact tracing apps “do not require tracking the location of individual users”.
Instead “proximity data should be used” for the contacts tracing purpose.
“Contact tracing applications can function without direct identification of individuals,” it further emphasizes, adding that “appropriate measures should be put in place to prevent re-identification”.
The guidance aligns with the coronavirus contacts tracing model devised jointly by Apple and Google — which have said they will be offering a cross-platform API for COVID-19 contacts tracing based on ephemeral proximity IDs shared via Bluetooth.
At one point the EDPB guidance appears to be leaning towards favoring such decentralized approaches to contacts tracing apps, with the body writing that “the collected information should reside on the terminal equipment of the user and only the relevant information should be collected when absolutely necessary”.
Although later on the in guidance it discussed centralized models that involve proximity data being uploaded to a server in the cloud, writing that: “Implementations for contact tracing can follow a centralized or a decentralized approach. Both should be considered viable options, provided that adequate security measures are in place, each being accompanied by a set of advantages and disadvantages.”
In Europe there is currently a big fight between different camps over whether contacts tracing apps should use a centralized or decentralized model for storing and processing proximity data — with a contacts tracing app standardization effort known as PEPP-PT that’s backed by Germany’s Fraunhofer Institute for Telecommunications and some EU governments wanting to support centralized protocols for COVID-19 contacts tracking, while a separate coalition of European academics wants only decentralized approaches on privacy grounds, and has developed a protocol called DP-3T.
“The current health crisis should not be used as an opportunity to establish disproportionate data retention mandates,” the EDPB warns. “Storage limitation should consider the true needs and the medical relevance (this may include epidemiology-motivated considerations like the incubation period, etc.) and personal data should be kept only for the duration of the COVID-19 crisis. Afterwards, as a general rule, all personal data should be erased or anonymised.”
The body also recommends algorithms used in contacts tracing apps be audited and regularly reviewed by outside experts.
Again, a key criticism of the PEPP-PT initiative has been around lack of transparency — including its failure to publish code for external review. (Though it has said it will be publishing code.)
“In order to ensure their fairness, accountability and, more broadly, their compliance with the law, algorithms must be auditable and should be regularly reviewed by independent experts. The applications source code should be made publicly available for the widest possible scrutiny,” the EDPB writes.
Another notable piece of the guidance is for a data protection impact assessment not only to be carried out but that it be published — which marks a further push for accountability via transparency in such an unprecedented moment.
“The EDPB considers that a data protection impact assessment (DPIA) must be carried out before implementing such tool as the processing is considered likely high risk (health data anticipated large-scale adoption, systematic monitoring, use of new technological solution). The EDPB strongly recommends the publication of DPIAs,” it writes.
Typically DPAs leave it up to data controllers to decide whether to publish a DPIA or not — in this case the strong push from the central authority is that these documents are made public where COVID-19 contacts tracing apps are concerned.
Having highlighted the pros and cons of centralized vs decentralized approaches to contacts tracing, the EDPB goes on to recommend that the conceptual phase of app development “should always include thorough consideration of both concepts carefully weighing up the respective effects on data protection/privacy and the possible impacts on individuals rights”.
“Any server involved in the contact tracing system must only collect the contact history or the pseudonymous identifiers of a user diagnosed as infected as the result of a proper assessment made by health authorities and of a voluntary action of the user. Alternately, the server must keep a list of pseudonymous identifiers of infected users or their contact history only for the time to inform potentially infected users of their exposure, and should not try to identify potentially infected users.”
“Putting in place a global contact tracing methodology including both applications and manual tracing may require additional information to be processed in some cases. In this context, this additional information should remain on the user terminal and only be processed when strictly necessary and with his prior and specific consent,” it adds.
You can read the full document here."
16,"{'id': 'techcrunch', 'name': 'TechCrunch'}",Darrell Etherington,Spiro Wave emergency ventilator gains FDA authorization to address COVID-19 demand,"A new project designed to help address the growing need for ventilator hardware in order to treat the most serious cases of COVID-19 achieved an important milestone today, getting FDA Emergency Use Authorization (EUA) for its units to be used and scaled for p…",http://techcrunch.com/2020/04/20/spiro-wave-emergency-ventilator-gains-fda-authorization-to-address-covid-19-demand/,https://techcrunch.com/wp-content/uploads/2020/04/spiro-wave.jpg?w=724,2020-04-20T19:23:29Z,"A new project designed to help address the growing need for ventilator hardware in order to treat the most serious cases of COVID-19 achieved an important milestone today, getting FDA Emergency Use Authorization (EUA) for its units to be used and scaled for production. The hardware, dubbed ‘Spiro Wave,’ is an emergency automated resuscitator that can be produced for under $5,000, and that a team of engineers, doctors and researchers has already begun producing and delivering to care facilities.
The Spiro Wave essentially replicates the functionality of a manual resuscitator, a portable device is typically operated manually to provide ventilation to emergency patients in case of emergency, but it automated the process, while still working with the same types of bags that are typically used with the manual version for easier sourcing of supplies.
Spiro Wave is based on MIT’s open-source E-Vent prototype design, which was created by researchers at the institution as one way to alleviate the shortage that resulted from the COVID-19 crisis. From that design, the team behind Spiro Wave, which includes the co-founders of Newly, 10XBeta and Boyce Technologies, were able to go from design to production of their emergency ventilator in just a few weeks.
Manufacturing partner Boyce says that it can hopefully ramp production not as much as 500 per day, at its Long Island City production facility in Queens, and the first few hundred are already shipping out to facilities in NYC starting this week. The team is also now looking for international production scaling assistance with partners who are registered to produce medical devices with the FDA in order to increase supply even further.
The team behind this note that it’s not meant to replace a full-fledged ventilator, but that it will instead help alleviate the drain on those resources used in emergency care situations where a respirator would be just as effective, but where the manual version is impractical in terms of staffing and prolonged use. Like so many other measures granted EUA, this may not be an ideal replacement for fully FDA-approved equipment and therapies, but it’s an innovative, scalable solution that could mean big differences in the level of care at overburdened healthcare facilities."
17,"{'id': 'techcrunch', 'name': 'TechCrunch'}",Devin Coldewey,NY attorney general calls out Amazon’s ‘inadequate’ COVID-19 measures and ‘chilling’ labor policies,The New York attorney general’s office reportedly sent a sternly-worded letter to Amazon telling the company that the measures it has taken regarding the COVID-19 pandemic “are so inadequate that they may violate several provisions of the Occupational Safety …,http://techcrunch.com/2020/04/27/ny-attorney-general-calls-out-amazons-inadequate-covid-19-measures-and-chilling-labor-policies/,https://techcrunch.com/wp-content/uploads/2020/04/GettyImages-1177531246.jpg?w=601,2020-04-28T01:02:30Z,"The New York attorney general’s office reportedly sent a sternly-worded letter to Amazon telling the company that the measures it has taken regarding the COVID-19 pandemic “are so inadequate that they may violate several provisions of the Occupational Safety and Health Act,” and firing outspoken workers sends “a threatening message to other employees.”
The letter, not yet published but obtained by NPR (I’ve asked the NY AG for confirmation of the contents), is only informational and does not amount to legal action. But the wording is strong enough to suggest that legal action may be the next step.
While we continue to investigate, the information so far available to us raises concerns that Amazon’s health and safety measures taken in response to the COVID-19 pandemic are so inadequate that they may violate several provisions of the Occupational Safety and Health Act.
These are precisely the concerns brought up by many warehouse workers over the last two months, including Chris Smalls, who was fired in March after protesting the conditions at the facility where he worked.
In this midst of a pandemic, Chris Smalls &amp; his colleagues bravely protested the lack of precautions that @amazon employed to protect them from #COVID19. Then he was fired. 
I'm considering all legal options &amp; calling on the NLRB to investigate. 
Amazon, this is disgraceful. https://t.co/Cgu09LmwHL
— NY AG James (@NewYorkStateAG) March 31, 2020
Amazon says Smalls was not fired for riling up the workers. Yet reportedly at a meeting attended by Jeff Bezos, the company’s General Counsel suggested making him “the face of the entire union/organizing movement” before following with “our usual talking points about worker safety.”
(Amazon would not confirm or deny those comments took place when TechCrunch asked about them at the time, but did provide a quoted apology by the person who may or may not have said them.)
Two more outspoken employees were fired two weeks later for “repeatedly violating internal policies.” Naturally the usual talking points followed.
The NY AG’s letter said the office is looking into “cases of potential illegal retaliation,” and addresses this pattern as follows:
This Office has learned that many workers are fearful about speaking out about their concerns following the termination of Mr. Smalls’ employment. This is a particularly dangerous message to send during a pandemic, when chilling worker speech about health and safety practices could literally be a matter of life and death.
Amazon routinely protests that it is a paragon when it comes to labor, but is just as routinely contradicted by workers, like Smalls, who have experienced the reality of working at its warehouses.
Amazon issued its “usual talking points” to NPR as a response to the story, saying: “We encourage anyone to compare the health and safety measures Amazon has taken, and the speed of their implementation, during this crisis with other retailers.” The attorney general seems prepared to take the company up on that invitation."
18,"{'id': 'techcrunch', 'name': 'TechCrunch'}",Jonathan Shieber,LetsGetChecked raises $71 million as COVID-19 epidemic makes home-testing increasingly vital,"As the country wrestles with the COVID-19 epidemic, home health testing, checkups and diagnostics have never been more important and companies like LetsGetChecked are filling a void left in a U.S. healthcare system consumed by the outbreak. The surge in deman…",http://techcrunch.com/2020/05/05/letsgetchecked-raises-71-million-as-covid-19-epidemic-makes-home-testing-increasingly-vital/,https://techcrunch.com/wp-content/uploads/2020/05/Screen-Shot-2020-05-05-at-11.05.33-PM.png?w=715,2020-05-06T06:14:42Z,"As the country wrestles with the COVID-19 epidemic, home health testing, checkups and diagnostics have never been more important and companies like LetsGetChecked are filling a void left in a U.S. healthcare system consumed by the outbreak.
The surge in demand for the company’s services has led to an equal surge in investor interest, and LetsGetChecked is one of many home health and remote diagnostics companies to raise new capital during the pandemic.
The company’s new $71 million financing isn’t just about the services the company can provide during the COVID-19 epidemic. Now that an increasing number of Americans are accessing home health services, they’ll likely continue to use them thanks to their convenience and ease of use, according to LetsGetChecked chief executive, Peter Foley.
“People are very focused on COVID-19. [But] were seeing trends of increases in everything else,” said Foley. “This situation has definitely legitimized the space of home diagnostics. We are seeing spikes in those kinds of tests. Everything that needs monitoring were seeing spikes in.”
Most consumers are avoiding doctors, hospitals and clinics out of concern over the epidemic and that’s pushing them to use telemedicine and remote testing services, said Foley.
And the company has stepped up to address the coronavirus outbreak itself. The company, which has a manufacturing facility in Queens where it makes its own test kits has been unfazed by the supply chain issues that have hit other companies, said Foley. And LetsGetChecked has a certified lab facility where it can conduct its own tests.
LetsGetChecked at-home Coronavirus test kit.
Right now, the company is offering both a serological test (sourced from a Korean lab and awaiting approval by the FDA) and a PCR test (from ThermoFisher) for SARS-CoV-2 and is looking to expand the scope of its tests. The LetsGetChecked tests include a rapid (antibody) serology test for results within 15 minutes, followed by a PCR-based test which requires a swab sample to be collected from a patient and later processed within the LetsGetChecked high complexity CLIA lab in Monrovia, Calif., the company said. Initially the testing was for first responders and those most at risk from the disease, but the population that the company is testing is expanding as the spread of the virus slows.
“We were fortunate enough to be in a position where we could help people now,” says Foley.
LetsGetChecked isn’t the only startup at work developing and distributing home testing services for the coronavirus. Everlywell and Scanwell Health are two other startups that have been developing and selling home test kits as well.
LetsGetChecked began fundraising four months ago, and even then, in the days before COVID-19 hit American shores, the environment for raising capital had tightened, Foley said.
In the days before the disease reached epidemic proportions in the U.S. LetsGetChecked was pitching its ability to test at-home or through partner retailers for cancer screening, sexual health, fertility and pharmacogenomic testing.
Users can buy tests and collect samples at home before sending them to LetsGetChecked’s facility. The company connects its customers to board-certified physicians to discuss abnormal results and determine a course of action for treatment
The company’s initial pitch and the promise of a vast remote diagnostics market was enough to convince Illumina Ventures, which co-led the round with HLM Venture Partners. Other new investors included Deerfield, CommonFund Capital, and Angeles Investment Advisors. Previous investors Transformation Capital, Optum Vnetures, and Qiming Venture Partners USA also participated.
For Illumina Ventures, the LetsGetChecked remote testing service can serve as a channel for some of the tests under development at the firm’s other healthcare portfolio companies, according to Nick Naclerio, a founding partner at Illumina Ventures and a new director on the LetsGetChecked board.
“A lot of companies developing cutting edge new tests have challenges building a channel into the broader market,” said Naclerio. “Here is a company going after building the kind of future, patient-initiated testing channel that the world needs and is probably synergistic with some of the companies that are doing next generation testing.”
Those would be companies like Serimmune, which is developing tests to map the human immune system, or Genome Medical, which applies the latest understanding of the human genome to treatments for patients. The firm also has investments in cancer screening companies like Grail, which is aiming to provide an early detection diagnostic for cancer.
Naclerio also sees a dramatic shift in consumer behavior on the horizon in the post-COVID-19 world.
“COVID presents a tremendous need for at-home infectious disease testing or at-work infectious disease testing,” he said. “This is breaking down a lot of the barriers that have historically slowed the adoption of telehealth… It creates an opportunity for LetsGetChecked even once we get over the peak of the curve. Theres going to be a lasting impact.”"
19,"{'id': 'techcrunch', 'name': 'TechCrunch'}",Brian Heater,A worker at Amazon’s New York City fulfillment center is dead from COVID-19,"Earlier this week, Amazon informed staff members at its Staten Island fulfillment center that a worker had died from COVID-19. The news was first noted by The Verge. The employee began to exhibit symptoms in early April, before being placed on quarantine Apri…",http://techcrunch.com/2020/05/05/a-worker-at-amazons-new-york-city-fulfillment-center-is-dead-from-covid-19/,https://techcrunch.com/wp-content/uploads/2019/09/GettyImages-1161005963.jpg?w=599,2020-05-05T23:24:56Z,"Earlier this week, Amazon informed staff members at its Staten Island fulfillment center that a worker had died from COVID-19. The news was first noted by The Verge. The employee began to exhibit symptoms in early April, before being placed on quarantine April 11. He never returned to the site.
“We are deeply saddened by the loss of an associate at our site in Staten Island, NY,” a spokesperson told TechCrunch. “His family and loved ones are in our thoughts, and we are supporting his fellow colleagues.
Amazon says it doesn’t believe any of the individual cases at the Staten Island facility are directly linked. It notes that the employee was not contact-traced to any others in the warehouse.
Classified as an essential service, Amazon never shut down operations amid local stay at home orders. Last month, the Jeff Bezos-owned Washington Post reported in mid-April that workers in at least 74 of Amazons warehouse and fulfillment centers have tested positive for the virus. In late-March, an employee at the companys facility in Hawthorne, Calif. died from the virus a few days after exhibiting symptoms.
The company has been criticized for failing to provide proper protection against the spread of the virus, as workers push to get packages out to house-bound consumers. Its an accusation Amazon has flatly denied, both in statements and in Jeff Bezoss shareholder letter, which laid out safeguards and plans to build a testing facility exclusively for Amazon employees. 
The company began offering guidelines after a Staten Island worker tested positive in mid-March. It’s not clear how many workers have tested positive for or died from the virus. 
The company was one of several prominent retailers targeted in last Fridays May Day protests, while earlier this week, VP Tim Bray left the company out of protest over the firings of multiple whistleblowers. 
JFK8, the massive Staten Island facility that serves as a hub for New York City, has been a focal point for multiple Amazon protests during the pandemic."
