,source,author,title,description,url,urlToImage,publishedAt,content
0,"{'id': 'techcrunch', 'name': 'TechCrunch'}",Taylor Hatmaker,Twitter starts putting fact-checking labels on tweets about 5G and COVID-19,"Conspiracy theories claiming a connection between 5G technology and the coronavirus have been around since the pandemic’s early days and apparently they’re still going strong. So strong, in fact, that Twitter began applying a label to some tweets about COVID-…",http://techcrunch.com/2020/06/09/twitter-5g-coronavirus-labels/,https://techcrunch.com/wp-content/uploads/2019/03/GettyImages-1127629961.jpg?w=600,2020-06-09T22:01:31Z,"Conspiracy theories claiming a connection between 5G technology and the coronavirus have been around since the pandemic’s early days, and apparently they’re still going strong.
So strong, in fact, that Twitter began applying a label to some tweets about COVID-19 and 5G, encouraging users to “get the facts” about the virus. As Business Insider reported, clicking through the label leads to a page collecting sources debunking claims with links to pages like the BBC and Snopes. Earlier this year, the conspiracy was linked to a series of arson attacks on 5G towers.
Twitter’s latest wave of fact-checking labels appears to have been applied pretty broadly, even on some tweets making jokes or references to the label itself.
Expanding its fact-checking labels to apply to coronavirus 5G conspiracies is the latest instance of Twitter’s evolving platform moderation efforts. The labels stop a step short of screening or removing content altogether, instead offering up additional context and letting users reach their own conclusions. At the very least, even with its mild wording, the warning labels should help flag untrustworthy content for the platform’s most credulous users."
1,"{'id': 'techcrunch', 'name': 'TechCrunch'}",Natasha Lomas,Scandit raises $80M as COVID-19 drives demand for contactless deliveries,"Enterprise barcode scanner company Scandit has closed an $80 million Series C round, led by Silicon Valley VC firm G2VP. Atomico, GV, Kreos, NGP Capital, Salesforce Ventures and Swisscom Ventures also participated in the round — which brings its total raised …",http://techcrunch.com/2020/05/26/scandit-raises-80m-as-covid-19-drives-demand-for-contactless-deliveries/,https://techcrunch.com/wp-content/uploads/2020/05/Scandit-AR-Retail-Price-Verification.png?w=711,2020-05-26T10:10:00Z,"Enterprise barcode scanner company Scandit has closed an $80 million Series C round, led by Silicon Valley VC firm G2VP. Atomico, GV, Kreos, NGP Capital, Salesforce Ventures and Swisscom Ventures also participated in the round — which brings its total raised to date to $123M.
The Zurich-based firm offers a platform that combines computer vision and machine learning tech with barcode scanning, text recognition (OCR), object recognition and augmented reality which is designed for any camera-equipped smart device — from smartphones to drones, wearables (e.g. AR glasses for warehouse workers) and even robots.
Use-cases include mobile apps or websites for mobile shopping; self checkout; inventory management; proof of delivery; asset tracking and maintenance — including in healthcare where its tech can be used to power the scanning of patient IDs, samples, medication and supplies.
It bills its software as “unmatched” in terms of speed and accuracy, as well as the ability to scan in bad light; at any angle; and with damaged labels. Target industries include retail, healthcare, industrial/manufacturing, travel, transport &amp; logistics and more.
The latest funding injection follows a $30M Series B round back in 2018. Since then Scandit says it’s tripled recurring revenues, more than doubling the number of blue-chip enterprise customers, and doubling the size of its global team.
Global customers for its tech include the likes of 7-Eleven, Alaska Airlines, Carrefour, DPD, FedEx, Instacart, Johns Hopkins Hospital, La Poste, Levi Strauss &amp; Co, Mount Sinai Hospital and Toyota — with the company touting “tens of billions of scans” per year on 100+ million active devices at this stage of its business.
It says the new funding will go on further pressing on the gas to grow in new markets, including APAC and Latin America, as well as building out its footprint and ops in North America and Europe. Also on the slate: Funding more R&amp;D to devise new ways for enterprises to transform their core business processes using computer vision and AR.
The need for social distancing during the coronavirus pandemic has also accelerated demand for mobile computer vision on personal smart devices, according to Scandit, which says customers are looking for ways to enable more contactless interactions.
Another demand spike it’s seeing is coming from the pandemic-related boom in ‘Click &amp; Collect’ retail and “millions” of extra home deliveries — something its tech is well positioned to cater to because its scanning apps support BYOD (bring your own device), rather than requiring proprietary hardware.
COVID-19 has shone a spotlight on the need for rapid digital transformation in these uncertain times, and the need to blend the physical and digital plays a crucial role, said CEO Samuel Mueller in a statement. Our new funding makes it possible for us to help even more enterprises to quickly adapt to the new demand for contactless business, and be better positioned to succeed, whatever the new normal is.
Also commenting on the funding in a supporting statement, Ben Kortlang, general partner at G2VP, added: “Scandit’s platform puts an enterprise-grade scanning solution in the pocket of every employee and customer without requiring legacy hardware. This bridge between the physical and digital worlds will be increasingly critical as the world accelerates its shift to online purchasing and delivery, distributed supply chains and cashierless retail.”"
2,"{'id': 'techcrunch', 'name': 'TechCrunch'}",Jordan Crook,Verizon CEO Hans Vestberg shares his COVID-19 strategy and tactics,"This week, Verizon Communications CEO Hans Vestberg joined us for an episode of Extra Crunch Live. Vestberg is leading the company through the midst of one its biggest rollouts to date with the push into 5G connectivity. In our discussion, he spoke about how …",http://techcrunch.com/2020/05/27/verizon-ceo-hans-vestberg-shares-his-covid-19-strategy-and-tactics/,https://techcrunch.com/wp-content/uploads/2019/10/Hans-Vestberg-DSC02100.jpg?w=600,2020-05-27T19:49:47Z,"This week, Verizon Communications CEO Hans Vestberg joined us for an episode of Extra Crunch Live.
Vestberg is leading the company through the midst of one its biggest rollouts to date with the push into 5G connectivity. In our discussion, he spoke about how he’s managing the organization during this global crisis, his thoughts on work from home and acquisition strategy, and the ways in which 5G will change the way we work and live.
(Disclosure: Verizon Communications is TechCrunch’s parent company.)
Extra Crunch members can check out a partial transcript of the conversation (edited for length and clarity) or watch it in its entirety via YouTube video below.
Extra Crunch Live features some of the brightest minds in tech and VC, including Aileen Lee, Roelof Botha, Kirsten Green and Mark Cuban. Upcoming episodes will include Aaron Levie from Box, GGV’s Hans Tung and Jeff Richards, Eventbrite’s Julia Hartz and others. Extra Crunch members can submit questions to speakers in real time, so please sign up here if you haven’t already.
We’re a large company with 135,000 employees in 70 different countries around the globe. So, of course, we had an early warning when it started actually in Asia. We have employees in Asia, so we got the feeling that this could be really serious. It was early in the first week of February, we moved to the highest emergency or crisis level in the company. That means that we go to a certain crisis mode on how we organized and how we galvanized the company.
That’s usually put into place every time there is a big national disaster because you need to split between people taking care of the crisis and people taking care of running the business. So we were very early on with that. In the beginning of February, we started the emergency crisis operations center that was taking care of employee questions and prioritization of important things. At the same time, we continued to run the business. That was the first thing we did very early on.
Upcoming Extra Crunch Live episodes include discussions with Aaron Levie from Box, GGV’s Hans Tung and Jeff Richards, and Eventbrite’s Julia Hartz.
The other thing we did very early on is that we understood that this was something unprecedented. I mean, you have been in crisis before. I mean, I’ve been in the telecom crisis, and we’ve been in the banking crisis when everything just went boom. This is something totally different. You cannot use any of your historical experience when it comes to this pandemic, which actually impacts each and every one of us when it comes to health. So I was honest, and thought that they’re going to be a lot of questions. We decided very early on to run our noon live webcast to our employees. We are on our… I think it’s the 11th week, where at noon every day, we run the webcast for all our employees. That was two of the first things we did.
We didn’t think we were going to run for 11 weeks on the new live webcast, but we have done it because we see there’s a very good tool to communicate with all our employees."
3,"{'id': 'techcrunch', 'name': 'TechCrunch'}",Walter Thompson,Use AI responsibly to uplift historically disenfranchised people during COVID-19,"In the rush to “help now,” we cannot throw responsible AI out the window. In fact, in the age of COVID-19 is more important than ever before to understand the unintended consequences and long term effects of the AI systems we create.",http://techcrunch.com/2020/06/22/use-ai-responsibly-to-uplift-historically-disenfranchised-people-during-covid-19/,https://techcrunch.com/wp-content/uploads/2020/06/GettyImages-1211620809.jpg?w=633,2020-06-22T14:15:08Z,"More posts by this contributor
One of the most distressing aspects of the ongoing pandemic is that COVID-19 is having a disproportionate impact on communities of color and lower-income Americans due to structural factors rooted in history and long-standing societal biases.
Those most at risk during this pandemic are 24 million of the lowest-income workers; the people who have less job security and cant work from home. In fact, only 9.2% of the bottom 25% have the ability to work from home. Compare that to the 61.5% of the top 25% and the disparity is staggering. Additionally, people in these jobs typically do not have the financial security to avoid public interaction by stockpiling food and household goods, buying groceries online or avoiding public transit. They cannot self-isolate. They need to venture out far more than other groups, heightening their risk of infection.
The historically disadvantaged will also be hit the hardest by the economic impacts of the pandemic. They are overrepresented in the industries experiencing the worst downturn. The issues were atrocious prior to COVID-19, with the typical Black and Latinx households having a net worth of just $17,100 and $20,765, respectively, compared with the $171,000 held by the typical white household. An extended health and economic crisis will only exacerbate these already extreme disparities.
AI as a beacon of hope
A rare encouraging aspect of the ongoing pandemic response is the use of cutting-edge technology especially AI to address everything from supply chains to early-stage vaccine research.
The potential of human + AI exceeds the potential of humans working alone by far, but there are tremendous risks that require careful consideration. AI requires massive amounts of data, but ingrained in that data are the societal imperfections and inequities that have given rise to disproportionate health and financial impacts in the first place.
In short, we cannot use a tool until we know it works and understand the potential for unintended consequences. Some health groups hurried to repurpose existing AI models to help track patients and manage the supply of beds, ventilators and other equipment in their hospitals. Researchers have tried to develop AI models from scratch to focus on the unique effects of COVID-19, but many of those tools have struggled with bias and accuracy issues. Balancing the instinct to help now and the risks of unforeseen consequences amidst the high stakes of the COVID-19 pandemic is why the responsible use of AI is more important now than ever.
4 ways to purposefully and responsibly use AI to combat COVID-19
1. Avoid delegating to algorithms that run critical systems
Think of an AI system designed to distribute ventilators and medical equipment to hospitals with the objective of maximizing survival rates. Disadvantaged populations have higher comorbidities and thus may be less likely to receive supplies if the system is not properly designed. If these preexisting prejudices are not accounted for when designing the AI system, then well-intentioned efforts could result in directing supplies away from especially vulnerable communities.
Artificial intelligence is also being used to improve supply chains across all sectors. The Joint Artificial Intelligence Center is prototyping AI that can track data on ventilators, PPE, medical supplies and food. When the goal is to anticipate panic-buying and ensure health care professionals have access to the equipment they need, this is a responsible use of AI.
As these examples illustrate, we can quickly arrive at a problematic use case when decision-making authority is delegated to an algorithm. The best and most responsible use of AI is maximizing efficiency to ensure the necessary supplies get to those truly in need. Previous failures in AI show the need for healthy skepticism when delegating authority on potentially life-and-death decisions to an algorithm.
2. Be wary of disproportional impacts and singling out specific communities
Think of an AI system that uses mobility data to detect localized communities that are violating stay-at-home orders and route police for additional enforcement. Disadvantaged populations do not have the economic means to stockpile food and other supplies, or order delivery, forcing them to go outside.  As we mentioned earlier, being overrepresented in frontline sectors means leaving the home more frequently. In addition, individuals and families experiencing homelessness could be targeted for violating stay-at-home enforcement. In New York City, police enforcement of stay-at-home directives has disproportionately targeted Black and Latinx residents. Here is where responsible AI steps in. AI systems should be designed not to punish these populations with police enforcement, but rather help identify the root causes and route additional food and resources. This is not a panacea, but will avoid exacerbating existing challenges.
Israel has already demonstrated that this model works. In mid-March it passed an emergency law enabling the use of mobile data to pinpoint the infected as well as those they had come in contact with. Maccabi Healthcare Services are using AI to ID its most at-risk customers and prioritize them for testing. This is a fantastic example of adopting previously responsible and successful AI by adapting an existing system that was built and trained to identify people most at risk for flu, using millions of records from over 27 years.
3. Establish AI that is human-centric with privacy by design and native controls
Think of an AI system that uses mobile phone apps to track infections and trace contacts in an effort to curb new infections. Minority and economically disadvantaged populations have lower rates of smartphone ownership than other groups. AI systems should take these considerations into account to avoid design bias. This will ensure adequate protections for vulnerable populations, but also improve the overall efficacy of the system since these individuals may have high human contact in their jobs. Ensuring appropriate track and trace takes place within these populations is critically important.
In the U.S., MIT researchers are developing Private Automatic Contact Tracing (PACT), which uses Bluetooth communications for contact tracing while also preserving individual privacy. If you test positive and inform the app, everyone who has been in close proximity to you in the last 14 days gets a notification. Anonymity and privacy are the biggest keys to responsible use of AI to curb the spread of COVID-19.
In India the governments Bridge to Health app uses a phone’s Bluetooth and location data to let users know if they have been near a person with COVID-19. But, again, privacy and anonymity are the keys to responsible and ethical use of AI.
This is a place where the true power of human + AI shines through. As these apps are rolled out, it is important that they are paired with human-based track and trace to account for disadvantaged populations. AI allows automating and scaling track and trace for most of the population; humans ensure we help the most vulnerable.
4. Validate systems and base decisions on sanitized representative data
Think of an AI system that helps doctors make rapid decisions on which patients to treat and how to treat them in an overburdened health care system. One such system developed in Wuhan identified biomarkers that correlate with higher survival rates to help doctors pinpoint which patients likely need critical care and which can avoid the hospital altogether.
The University of Chicago Medical Center is working to upgrade an existing AI system called eCART. The system will be enhanced for COVID to use more than 100 variables to predict the need for intubation eight hours in advance. While eight hours may not seem like much, it provides doctors an opportunity to take action before a patients condition deteriorates.
But, the samples and data sets systems like these rely on could have the potential to produce unreliable outcomes or ones that reinforce existing biases. If the AI is trained on observations of largely white individuals as was the case with data in the International Cancer Genome Consortium how willing would you be to delegate life-and-death health care decisions for a nonwhite patient? These are issues that require careful consideration and demonstrate why it is so important to validate not only the systems themselves, but also the data on which they rely.
Questions we must ask
As companies, researchers and governments increasingly leverage AI, a parallel discussion around responsible AI is necessary to ensure benefits are maximized while harmful consequences are minimized. We need better guidelines and assessments of AI around fairness, trustworthiness, bias and ethics.
There are dozens of dimensions we should evaluate every use case against to ensure it is developed in a responsible manner. But, these four simple questions provide a great framework to start a discussion between AI system developers and policy makers who may be considering deploying an AI solution to combat COVID-19.
<ul><li>What are the consequences if the system makes a mistake? Can we redesign the system to minimize this?</li><li>Can we clearly explain how the AI system produced specific outcomes in a way that is understandable to the general public?</li><li>What are potential sources of bias data, human and design and how can they be minimized?</li><li>What steps can be taken to protect the privacy of individuals?</li></ul>When to use AI solutions and tools
Each of these questions will apply in different ways to particular use cases. A natural language processing (NLP) system sifting through tens of thousands of scientific papers that might focus the search for a COVID-19 vaccine poses no direct threat of harm to individuals and performs a task faster that an army of research assistants ever could. Case in point, in April at Harvard the Harvard T.H. Chan School of Public Health and the Human Vaccines Project announced the Human Immunomics Initiative to leverage AI models to accelerate vaccine development.
This is a global effort with scientists around the world working together to expedite drug discovery processes to defeat COVID-19 through the use of AI. From the aforementioned work in the U.S. all the way to Australia where Oracle cloud technology and vaccine technology developed by Vaxine is being leveraged by Flinders University to develop promising vaccine candidates, we can see AI being used for its most ethical purpose, saving human lives.
Another use case is the omnipresent issue facing us during this pandemic: dissemination of misinformation across the planet. Imagine trying to manually filter the posts of the 1.7 billion daily Facebook users every day and scan for misinformation about COVID-19. This is an ideal project for human + AI with humans confirming cases of misinformation flagged by AI.
This use case is relatively low risk, but its ultimate success depends on human oversight and engagement. Thats even more so the case in the high-risk use cases that are grabbing headlines amidst the COVID-19 pandemic. Human + AI is not just a safeguard against a system gone off the rails, its critical to AI delivering meaningful and impactful results as illustrated through earlier examples.
We need to classify use cases into three buckets to guide our decision making:
1. Red
<ul><li>Use case represents a decision that should not be delegated to an AI system.</li><li>Using an AI system to decide which patients receive medical treatment during a crisis. This is a case where humans should ultimately be making decisions because of their impact on life-and-death decisions. This has already been recognized by the medical community, where ethical frameworks have been developed to support these very types of decisions.</li></ul>2. Yellow
<ul><li>Use case could be deployed responsibly, but it depends upon the design and execution.</li><li>Using an AI system to monitor adherence to quarantine policies. This is a case where use cases may be acceptable depending on design and deployment of systems. For example, using the system to deploy police to neighborhoods to crackdown on individuals not adhering to quarantine policies would be problematic. But deploying police to these neighborhoods to understand why quarantine is being broken so policy makers can better address citizen needs would be legitimate provided privacy of individuals is protected.</li></ul>3. Green
<ul><li>Use case is low risk and the benefits far outweigh the risks.</li><li>Content filtering on social media platforms to ensure malicious and misleading information regarding COVID-19 is not shared widely.</li></ul>We must ask our four questions and deliberately analyze the answers we find. We can then responsibly and confidently decide which bucket to put the project into and move forward in a responsible and ethical manner.
A recent U.S. example
We recently created Lighthouse, a new dynamic navigation cockpit that helps organizations capture a holistic picture of the ongoing crisis. These lighthouses are being used to illuminate the multiple dimensions of the situation. For example, we recently partnered with an American city to develop a tool that predicted disruptions in the food supply chain. One data source was based on declines in foot traffic in and around distribution centers. Without accessing any personally identifiable information (PII) and therefore preserving individual privacy it shows which parts of the city were most likely to suffer shortages, enabling leaders to respond preemptively and prevent an even worse public health crisis.
This is an easily duplicated process that other organizations can follow to create and implement responsible AI to help the historically disenfranchised navigate and thrive during the age of COVID-19.
Moving forward
When confronting the ethical dilemmas presented by crises like COVID-19, enterprises and organizations equipped with responsible AI programs will be best positioned to offer solutions that protect the most vulnerable and historically disenfranchised groups by respecting privacy, eliminating historical bias and preserving trust. In the rush to help now, we cannot throw responsible AI out the window. In fact, in the age of COVID-19, it is more important than ever before to understand the unintended consequences and long-term effects of the AI systems we create."
4,"{'id': 'techcrunch', 'name': 'TechCrunch'}",Mike Butcher,"Exclusive: Survey finds startups drifting away from offices, post COVID-19","Early-stage startups are confident of re-opening their offices in the wake of the COVID-19 within the next 6 months. But: there will be changes. An exclusive survey compiled by Founders Forum, with TechCrunch, found 63% of those surveyed said they would only …",http://techcrunch.com/2020/06/29/exclusive-survey-finds-startups-drifting-away-from-offices-post-covid-19/,https://techcrunch.com/wp-content/uploads/2020/06/Screenshot-2020-06-29-at-11.38.42.png?w=608,2020-06-29T13:30:29Z,"Early-stage startups are confident of re-opening their offices in the wake of the COVID-19 within the next 6 months. But: there will be changes.
An exclusive survey compiled by Founders Forum, with TechCrunch, found 63% of those surveyed said they would only re-open in either 1-3 months or 3-6 months – even if the government advises that it is safe to do so before then. A minority have re-opened their offices, while 10% have closed their office permanently.
However, there will clearly be long-term impact on the model of office working, with a majority of those surveyed saying they would now move to either a flexible remote working model (some with permanent offices, some without), but only a small number plan a normal return to work. A very small number plan to go fully remote. Many cited the continuing benefits of face-to-face interaction when trying to build the team culture so crucial with early-stage companies.
Massive office closures during pandemicOf the 349 that answered the survey 84% said they had closed their office during the COVID-19 pandemic; 5% said they had not; and 8% said it was not applicable (i.e. no office to close). The majority of those answering were at Seed or Pre-seed stage, with a minority past Series A stage.
Crucially, a clear majority of respondents (66%) said the need to return to the office was not business critical, while 33% thought it was. Right now, startups are closely divided over feeling the need to return to the office, with 46% saying they did feel a need, while 53% said they did not.
The survey was launched by TechCrunch and UK non-profit Founders Forum in order to assess how startups will work in the future, in the wake of the global COVID-19 pandemics impact on office working and the shift to ‘Work From Home’ policies. Of the 349 answers, 61% were from the UK, 20% from the US, and the rest from other countries.
Founders Forums Brent Hoberman, who initiated the study, commented on the results: The results prove both that early-stage tech founders are adaptable and that entrepreneurship is one of the best-suited professions to remote work. The majority of early-stage founders havent seen productivity take a hit during this period, but it remains to be seen what happens to creative output, team culture and training over the longer term. Furthermore, there are clearly opportunities for new types of even more flexible shared social workspaces with a vast majority of those surveyed still seeing value in face-to-face interaction.
Remote working ups productivity, but impacts culture Remote working during COVID-19 appears not to have impacted output, with 55% of startups saying they had worked more than normal; 30% the same hours, and 13% fewer hours.
In answer to the question: Are you going to permanently change how and where your team works together?: 48% said they would adopt a more flexible working arrangement (e.g. remote work days); 33% will adopt a remote-first setup (e.g. rented space for key meetings/workshops); 13% plan a normal return to work; and just 4% will adopt a fully remote configuration.
In terms of plans to re-open offices, 36% planned to re-open in 1-3 months as soon as government advises that it is safe to do so; 27% in 3-6 months even if the government advises that it is safe to do so before then; 16% answered It’s already open – employees have been visiting if they feel comfortable; 10% said We have closed the office permanently; and 9% said they planned to re-open in 6-12 months even if the government advises that it is safe to do so before then.
Given a full choice in the matter, 81% of those surveyed said they would prefer a hybrid of office and remote work, with only 11% wanting to go remote full time and 8% returning to an office full time. And 83% wanted to have set days when the whole team is in the office together.
Commenting on why they thought re-opening an office – in some form – was business-critical, comments from respondents included:
 My employees are looking to return to work given wanting space from home confinement”
 “Need for top management sessions where in-person is much more productive than remote video calls”
 Missing the power of face to face problem solving and building teams”
 “Ability to support early-career employees and bring on new ones”
 “I believe either fully remote or fully in-person setups are effective. A halfway house is ineffective.
 “Too difficult to achieve the cross-pollination and high-velocity communication needed at our early stage.
 “Culture. Younger team members can’t work from home all the time (shared accommodation). Some parents need the office to focus”
 “We’re a biotech company and need to work from our labs”
 “We do order fulfillment from our warehouse.”
 “Team members ask for it as they cannot stand anymore working alone in their apartment”
Most startups are offering remote work options either to some employees (52%) or to all employees (31%). Some 16% offered no remote working at all, especially in areas like BioTech where remote working from a lab is not possible.
Office spaces still adaptingThere were mixed results when startups were asked if they had renegotiated their lease as a result of COVID-19, with 16% of those on a short lease saying they had and were successful, but 16% saying they had, but had not been able to renegotiate. Some 14% on a long lease were successful in the renegotiation, 14% said they were still in negotiation and 11% had canceled the membership of their co-working space.
Some 41% of startups or their landlords had not performed a workplace risk assessment, 25% had, while 33% still planned to.
Offices appear to be responding well, with either 40% having already introduced measures to improve the safety of workplaces or 34% planning to, while 25% had not, probably because they do not have an office or use co-working spaces.
Most people (58%) said they felt the work they perform remotely is trusted and respected equally to the work I perform in the workplace. Most (50%) said their home setup was ok, but not ideal.
WFH impacts working practicesWhen asked What remote productivity tools or processes have become your secret weapon during COVID-19? notable answers included:
 Miro, trello, zoom, Asana, Airtable, Slack, Microsoft Teams (among many others)
 Two screens.
 “Dedicated office space at home”
 “Routine. Shutting off at 5.30pm and going for a run/walk”
 Saying hello and prioritizing chit chat on video calls every time, even though we all have work to do, observing social graciousness remotely is even more important. 
 “Company instituted “Summer Fridays” urging to not work after 1pm on Fridays – less pressure to be “always-on””
 Being able to step away and recharge through engaging with the family when needed during the day.”
 “Old school phone calls”
Mental health impact Almost 80% said there had been no significant change to their mental health as a result of working remotely during COVID-19, with a slim number experiencing either a negative impact or positive."
5,"{'id': 'techcrunch', 'name': 'TechCrunch'}",Brian Heater,Apple began work on the Watch’s hand washing feature years before COVID-19,"Handwashing for the Apple Watch happily slotted alongside face masks for Memojis in the list of COVID-19-related features the company introduced at last week’s WWDC keynote. It’s a pedestrian action, something we take entirely for granted the several times a …",http://techcrunch.com/2020/06/29/apple-began-work-on-the-watchs-hand-washing-feature-years-before-covid-19/,https://techcrunch.com/wp-content/uploads/2020/06/iPhone-iOS14-Apple-Watch-watchOS7_Handwashing-Health-App.jpg?w=764,2020-06-29T13:00:48Z,"Handwashing for the Apple Watch happily slotted alongside face masks for Memojis in the list of COVID-19-related features the company introduced at last weeks WWDC keynote. Its a pedestrian action, something we take entirely for granted the several times a day we do it. Over the past five months, however, handwashing has taken on a kind of central importance to our daily lives something to focus on and obsess over. 
We all read the WHO and CDC guidelines and shared (and perhaps even created) some of the millions of song lyric memes highlighting the proper length of time required to sufficiently clean ones hands and avoid virus transmission. Weve all also become painfully aware of just how long 20 seconds can feel when youre standing in front of the bathroom sink. 
Unlike other rush initiatives undertaken by the company once the virus hit, however, the forthcoming Apple Watch handwashing app wasnt built overnight. The feature was the result of years of work, VP of Technology Kevin Lynch told TechCrunch. In typical Apple fashion, the product was a result of years of trial and error, according to the executive.
Certainly its not the first smartwatch app to tackle this one banal action. Samsung was quick to the market to introduce a Galaxy Watch app designed for users wash their hands for the allotted time. But Apples version slots alongside such health features as the Noise app, and leverages the devices built-in sensors to provide clever applications that contribute to the wearables overall health focus. 
The feature, which is built directly into the forthcoming version of watchOS, is designed to work like fitness tracking in a number of ways. For starters, if the user opts into it, its designed to automatically trigger when handwashing is detected, starting a countdown timer of 20 seconds. The accelerometer is the key piece of hardware here, waiting for the specific handwashing pattern which apparently adopts a number of different methods, depending on whos actually doing the scrubbing.
The system uses machine learning models to tackle different methods, but the system gets an additional nudge from the Watchs microphone. Along with motion, the app listens for the sound of running water. Even thats not enough, though after all, eco sinks have become increasingly popular, meaning that theres often less water sound to be listening for. The sound of squishing soap takes care of that last bit. Its got a unique enough audio signature so as to confirm that handwashing is taking place. 
The feature flashes images of soap bubbles and buzzes the watchs haptics to encourage the wearer to go the distance offering polite encouragement if they pause. Like fitness tracking, that information is recorded in Apples health app. Again, what might otherwise feel like a silly little feature is suddenly taking on a much deeper importance as suddenly we all find ourselves obsessing over germ transmission. 
The feature inadvertently joins a number of other COVID-19-related initiatives from Apple introduced over the past several months. The company has donated masks and built face shields and been a key player in contact-tracing initiatives.
Image Credits: Apple
On the Watch front specifically, it has opened remote usage for doctors looking to monitor patients ECG readings without risking exposure to the virus for either party. Apple currently makes no claims about the Watchs potential for helping to diagnose the virus, however. While we havent studied specifically how Apple Watch can track COVID, were happy to support the research the medical community is doing. We really support their initiatives by enabling our colleagues in the space, and were excited to see what they learn,” Apples VP of Health, Sumbul Ahmad Desai, tells TechCrunch. 
The company doesnt have anything specific to share on that front, at the moment, but its easy to see how researchers would be interested in leveraging such a widely used wearable in the detection and diagnoses of such a viral and deadly disease. Back in May, Fitbit announced that it was in the early stages of working with researchers on precisely that."
6,"{'id': 'techcrunch', 'name': 'TechCrunch'}",Jonathan Shieber,Medtech assessor Elektra Labs is offering free evaluations of COVID-19 biosensors to doctors,"As COVID-19 cases in the US continue to spike and doctors and researchers try to marshal any and all technological resources to help patients, understand the disease, and fight off the spread of the epidemic, one startup that monitors and evaluates medical de…",http://techcrunch.com/2020/06/29/medtech-assessor-elektra-labs-is-offering-free-evaluations-of-covid-19-biosensors-to-doctors/,https://techcrunch.com/wp-content/uploads/2019/07/internet-heartbeat.gif?w=610,2020-06-29T13:42:55Z,"As COVID-19 cases in the US continue to spike and doctors and researchers try to marshal any and all technological resources to help patients, understand the disease, and fight off the spread of the epidemic, one startup that monitors and evaluates medical device technology is offering its services for free so doctors can understand the tools at their disposal.
San Francisco-based Elektra Labs was co-founded by a former official at the Food and Drug Administration and a Harvard-trained physician working at Massachusetts General Hospital, to provide clear and accurate assessments of the security, validity, and viability of new biosensors coming to market.
The company said that it will now make its assessments of medical devices that are pitching symptom monitoring technologies for COVID-19 available for free to clinicians and researchers.
As the number of infected people in the US reaches 2.5 million and the nightmare scenario that health experts warned about becomes a reality with capacity in hospitals overwhelmed by sick patients, the healthcare industry is turning to digital services like telemedicine not because they want to, but because they must.
The ability to reliably assess patients vital signs remotely is a powerful way to improve the utility of telemedicine, said Elektra Labs co-founder Dr. Sofia Warner, who has been treating COVID-19 patients on the front line at Massachusetts General Hospital, in a statement. Having a sense of what connected sensors are validated for which measurements is important for providers to know. 
Digital monitoring and technology tools aren’t just for treating patients. The pharmaceutical industry is using the same tech to help with clinical trials to test new drugs and treatments since in-person trials have ground to a halt.
Many pharmaceutical companies running large, critical, and expensive clinical trials are quickly working to adapt their studies to maintain progress and keep patients safe amid the pandemic, said Ariel Stern, PhD, faculty at the Harvard-MIT Center for Regulatory Sciences, in a statement. These companies are racing to determine which products are not only safe and effective, but also easy for study participants to deploy at home.
Elektra Labs has developed what amounts to a nutrition label for objective measures around the validation, usability, utility, security and data governance components of connected sensor and it actually published the methodology behind its scoring framework in Nature Digital Medicine earlier this year. 
Backed by venture capital firms including Founder Collective, Boost VC, Lux Capital, Maverick Ventures, Village Global and Arkitekt Ventures, the early stage startup has already found a welcome reception among pharmaceutical companies and researchers.
Technology has moved faster than our ability to safeguard ourselves, said Elektra Labs CEO Andy Coravos. I co-founded Elektra to make it easier and safer to care for people at home, and never has this been more important than during the COVID-19 crisis. Im thrilled to donate use of the Atlas platform to those working to treat patients and innovate in healthcare throughout the pandemic.
Unlike Apple’s initiative to label apps in the app store based on the way they use and reuse personal data, Elektra Labs’ scoring and ranking information won’t be available to everyone.
Instead the data will be available only to clinicians moving to virtual care, researchers organizing decentralized clinical trials and public health officials examining tools for population health monitoring.
The idea is to enable doctors and researchers to determine which biometric monitoring tools they might use to supplement video visits or track patients in a study actually are safe and effective for patients to use at home."
7,"{'id': 'techcrunch', 'name': 'TechCrunch'}",Ingrid Lunden,"UK’s CMA clears Amazon’s 16% Deliveroo stake, says COVID-19 impact less severe than initially thought","More than a year after Amazon announced that it would be lead a $575 million investment into UK food delivery startup Deliveroo, the country’s competition regulator, the CMA, has finally announced that it has provisionally cleared the deal. The investment, wh…",http://techcrunch.com/2020/06/24/uks-cma-clears-amazons-16-deliveroo-stake-says-covid-19-impact-less-severe-than-initially-thought/,https://techcrunch.com/wp-content/uploads/2018/07/GettyImages-991304512.jpg?w=600,2020-06-24T14:45:40Z,"More than a year after Amazon announced that it would be lead a $575 million investment into UK food delivery startup Deliveroo, the country’s competition regulator, the CMA, has finally announced that it has provisionally cleared the deal. The investment, which gives Amazon a 16% stake in Deliveroo, is now being opened up to views and feedback from interested parties one more time, due by July 10, before announcing its final decision on August 6.
“This decision reflects the 16% shareholding that Amazon is acquiring at the present time,” the CMA notes. “Were Amazon to acquire a greater level of control over Deliveroo, in particular by making a full acquisition of the company, this could trigger a further investigation by the CMA.”
The deal comes about two months after the CMA initially indicated that it would be giving a nod to the investment, although — in a weird twist — in that period the reasons for approving it have changed.
Back in April, the CMA said that the impact of COVID-19 would have meant that without Amazon’s cash, Deliveroo would have gone bust. Now, however, it has changed its tune, saying that the impact was not as strong as initially thought on the startup’s business. Regardless, Stuart McIntosh, who chaired the CMA’s inquiry into the deal, noted other developments in the wider competitive landscape — remember that JustEat and Takeaway.com have now merged and will represent strong competition for Deliveroo and Uber Eats, the other big player — have meant that this deal will not have a negative effect on the food delivery market overall, including competition between Deliveroo and Amazon themselves.
“The impact of the coronavirus pandemic, while initially extremely challenging, has not been as severe for Deliveroo as was anticipated when we reached our initial provisional findings in April,” he noted. “The updated evidence no longer shows that Deliveroo would exit the market in the absence of this transaction. This has required us to re-evaluate our initial provisional findings.
“Weve carefully considered how this investment could affect competition between the two businesses in future. Looking closely at the size of the shareholding and how it will affect Amazons incentives, as well as the competition that the businesses will continue to face in food delivery and convenience groceries, weve found that the investment should not have a negative impact on customers.”
The development caps off nearly a year of investigations by the Competition and Markets Authority, spurred initially by Labour MP Tom Watson, who had asked the CMA to either impose restrictions on the deal, or to block it outright, not just because of the impact it would have on the competitive landscape, but because of the trove of data Amazon would amass as a result of the deal,.
Its called surveillance capitalism, he said at the time of Amazons approach to how it uses data from customers to build and sell products. Its a digital dystopia, and I shall be writing to the Competition and Markets Authority demanding they launch an investigation into this investment.
The CMA then spent months looking into the numbers on the deal — which would have been Amazon’s only foray itself into ready-made food delivery in the UK, after it shut down its own homegrown effort, Amazon Restaurants, back in 2018 (around the time that it first started eyeing up Deliveroo). But that investigation took on several more twists in the last few months.
The first twist came in the form of COVID-19, which brought much of the economy to a grinding halt. While many have seen e-commerce and the sub-section of food delivery as two areas that could flourish — since people were significantly homebound and restaurants were closed — it appeared that in fact business seemed to be dragging, as people opted to reduce exposure even to contactless deliveries, leading to a big decline in demand.
That led the CMA to determine that “Deliveroo would have exited the market without [the Amazon investment], because of the negative impact of the coronavirus (COVID-19) pandemic on its business. The CMA considered that the imminent exit of Deliveroo would have been worse for competition than allowing the Amazon investment to proceed.”
However, Deliveroo made cuts (including 15% of staff) and on a closer examination, “Deliveroos finances shows considerable improvement in its financial position, reflecting, in part, changes which were not foreseeable during the early stages of the pandemic,” the CMA noted. This means that no Amazon deal would not have killed the company, so then attention turned to competition between the two businesses as a result of the investment.
It said it surveyed 3,000 consumers, read submissions from third parties and examined internal documents from the two companies, and without going into detail of what kind of competition might ever exist in future between the two — especially considering that Amazon has already pulled out of food delivery in the UK — determined that a deal wouldn’t preclude it, based on Deliveroo’s interest in restaurant food delivery and Amazon’s existing business in grocery delivery, which in the UK currently includes both Amazon Fresh and a small Whole Foods footprint, but could potentially expand into more.
More to come."
8,"{'id': 'engadget', 'name': 'Engadget'}",Kris Holt,Summer Games Done Quick will be an online-only event this year,"Due to the COVID-19 pandemic, this year’s edition of Summer Games Done Quick will be an online-only affair. The week-long charity speedrunning marathon had already been pushed back until August for coronavirus-related reasons, but organizers have conceded tha…",https://www.engadget.com/summer-games-done-quick-online-only-covid-19-coronavirus-184631081.html,https://o.aolcdn.com/images/dims?resize=1200%2C630&crop=1200%2C630%2C0%2C0&quality=95&image_uri=https%3A%2F%2Fs.yimg.com%2Fos%2Fcreatr-uploaded-images%2F2020-06%2F2f71a590-a754-11ea-ae7b-1e583daf2895&client=amp-blogside-v2&signature=698857c1d6be5d33db0f7ddbbb15cf898f533b64,2020-06-05T18:46:31Z,"Due to the COVID-19 pandemic, this year’s edition of Summer Games Done Quick will be an online-only affair. The week-long charity speedrunning marathon had already been pushed back until August for coronavirus-related reasons, but organizers have conceded that it can’t go ahead as a physical event.
Although speedrunners and spectators won’t be coming together in person as planned in Bloomington, Minnesota, SGDQ will still take place from August 16th-23rd in support of Doctors Without Borders. The most recent major GDQ event took place in April, with a three-day stream in aid of COVID-19 relief efforts."
9,"{'id': 'techcrunch', 'name': 'TechCrunch'}",Natasha Lomas,"UK’s NHS COVID-19 app lacks robust legal safeguards against data misuse, warns committee","A UK parliamentary committee that focuses on human rights issues has called for primary legislation to be put in place to ensure that legal protections wrap around the national coronavirus contact tracing app. The app, called NHS COVID-19, is being fast track…",http://techcrunch.com/2020/05/07/uks-nhs-covid-19-app-lacks-robust-legal-safeguards-against-data-misuse-warns-committee/,https://techcrunch.com/wp-content/uploads/2020/01/GettyImages-953778398.jpg?w=600,2020-05-07T13:05:36Z,"A UK parliamentary committee that focuses on human rights issues has called for primary legislation to be put in place to ensure that legal protections wrap around the national coronavirus contact tracing app.
The app, called NHS COVID-19, is being fast tracked for public use — with a test ongoing this week in the Isle of Wight. It’s set to use Bluetooth Low Energy signals to log social interactions between users to try to automate some contacts tracing based on an algorithmic assessment of users’ infection risk.
The NHSX has said the app could be ready for launch within a matter of weeks but the committee says key choices related to the system architecture create huge risks for people’s rights that demand the safeguard of primary legislation.
Assurances from Ministers about privacy are not enough. The Government has given assurances about protection of privacy so they should have no objection to those assurances being enshrined in law,” said committee chair, Harriet Harman MP, in a statement.
“The contact tracing app involves unprecedented data gathering. There must be robust legal protection for individuals about what that data will be used for, who will have access to it and how it will be safeguarded from hacking.
“Parliament was able quickly to agree to give the Government sweeping powers. It is perfectly possible for parliament to do the same for legislation to protect privacy.
The NHSX, a digital arm of the country’s National Health Service, is in the process of testing the app — which it’s said could be launched nationally within a few weeks.
The government has opted for a system design that will centralize large amounts of social graph data when users experiencing COVID-19 symptoms (or who have had a formal diagnosis) choose to upload their proximity logs.
Earlier this week we reported on one of the committee hearings — when it took testimony from NHSX CEO Matthew Gould and the UK’s information commissioner, Elizabeth Denham, among other witnesses.
Warning now over a lack of parliamentary scrutiny — around what it describes as an unprecedented expansion of state surveillance — the committee report calls for primary legislation to ensure “necessary legal clarity and certainty as to how data gathered could be used, stored and disposed of”. 
The committee also wants to see an independent body set up to carry out oversight monitoring and guard against ‘mission creep’ — a concern that’s also been raised by a number of UK privacy and security experts in an open letter late last month.
“A Digital Contact Tracing Human Rights Commissioner should be responsible for oversight and they should be able to deal with complaints from the Public and report to Parliament,” the committee suggests.
Prior to publishing its report, the committee wrote to health minister Matt Hancock, raising a full spectrum of concerns — receiving a letter in response.
In this letter, dated May 4, Hancock told it: “We do not consider that legislation is necessary in order to build and deliver the contact tracing app. It is consistent with the powers of, and duties imposed on, the Secretary of State at a time of national crisis in the interests of protecting public health.”
The committee’s view is Hancock’s ‘letter of assurance’ is not enough given the huge risks attached to the state tracking citizens’ social graph data.
“The current data protection framework is contained in a number of different documents and it is nearly impossible for the public to understand what it means for their data which may be collected by the digital contact tracing system. Governments assurances around data protection and privacy standards will not carry any weight unless the Government is prepared to enshrine these assurances in legislation,” it writes in the report, calling for a bill that it says myst include include a number of “provisions and protections”.
Among the protections the committee is calling for are limits on who has access to data and for what purpose.
“Data held centrally may not be accessed or processed without specific statutory authorisation, for the purpose of combatting Covid-19 and provided adequate security protections are in place for any systems on which this data may be processed,” it urges.
It also wants legal protections against data reconstruction — by different pieces of data being combined “to reconstruct information about an individual”.
The report takes a very strong line — warning that no app should be released without “strong protections and guarantees” on “efficacy and proportionality”.
“Without clear efficacy and benefits of the app, the level of data being collected will be not be justifiable and it will therefore fall foul of data protection law and human rights protections,” says the committee.
The report also calls for regular reviews of the app — looking at efficacy; data safety; and “how privacy is being protected in the use of any such data”.
It also makes a blanket call for transparency, with the committee writing that the government and health authorities “must at all times be transparent about how the app, and data collected through it, is being used”.
A lack of transparency around the project was another of the concerns raised by the 177 academics who signed the open letter last month.
The government has committed to publishing data protection impact assessments for the app. But the ICO’s Denham still hadn’t had sight of this document as of this Monday.
Another call by the committee is for a time-limit to be attached to any data gathered by or generated via the app. “Any digital contact tracing (and data associated with it) must be permanently deleted when no longer required and in any event may not be kept beyond the duration of the public health emergency,” it writes.
We’ve reached out to the Department of Health and NHSX for comment on the human rights committee’s report.
There’s another element to this fast moving story: Yesterday the Financial Timesreported that the NHSX has inked a new contract with an IT supplier which suggests it might be looking to change the app architecture — moving away from a centralized database to a decentralized system for contacts tracing. Although NHSX has not confirmed any such switch at this point.
Some other countries have reversed course in their choice of app architecture after running into technical challenges related to Bluetooth. The need to ensure public trust in the system was also cited by Germany for switching to a decentralized model.
The human rights committee report highlights a specific app efficacy issue of relevance to the UK, which it points out is also linked to these system architecture choices, noting that: “The Republic of Ireland has elected to use a decentralised app and if a centralised app is in use in Northern Ireland, there are risks that the two systems will not be interoperable which would be most unfortunate.”"
10,"{'id': 'techcrunch', 'name': 'TechCrunch'}",Walter Thompson,6 investment trends that could emerge from the COVID-19 pandemic,"While some U.S. investors might have taken comfort from China’s rebound, we still find ourselves in the early innings of this period of uncertainty.",http://techcrunch.com/2020/04/22/6-investment-trends-that-could-emerge-from-the-covid-19-pandemic/,https://techcrunch.com/wp-content/uploads/2020/04/GettyImages-1192800461.jpg?w=594,2020-04-22T23:54:08Z,"While some U.S. investors might have taken comfort from Chinas rebound, we still find ourselves in the early innings of this period of uncertainty.
Some epidemiologists have estimated that COVID-19 cases will peak in April, but PitchBook reports that dealmaking was down -26% in March, compared to February’s weekly average. The decline is likely to continue in coming weeks many of the deals that closed last month were initiated before the pandemic, and there is a lag between when deals are made and when they are announced.
However, theres still hope. A recent report concluded that because valuations are lower and there’s less competition for deals, the best-performing vintages tend to be those that invest at the nadir of a downturn and into the early stage of recovery.” There are countless examples from the 2008 recession, including many highly valued VC-backed businesses such as WhatsApp, Venmo, Groupon, Uber, Slack and Square. Other early-stage VCs seem to have arrived at a similar conclusion.
Also, early-stage investing seems more resilient. During the last recession, angel and seed activity increased 34% as interest in the stage boomed during a period of prolonged growth.
Furthermore, there is still capital to be deployed in categories that interested investors before the pandemic, which may set the new order in a post-COVID-19 world. According to data provider Preqin Ltd., VC dry powder rose for a seventh consecutive year to roughly $276 billion in 2019, and another $21 billion were raised last quarter. And looking at the deals on the early-stage side that were made year to date, especially in March, the vertical categories that garnered the most funding were enterprise SaaS, fintech, life sciences, healthcare IT, edtech and cybersecurity.
Image Credits: PitchBook
That said, if VCs have the capital to deploy and are able to overcome the obstacle of having never met in person, here are six investment trends that could emerge when the pandemic is over."
11,"{'id': 'techcrunch', 'name': 'TechCrunch'}",Darrell Etherington,"NASA, ESA and JAXA launch virtual hackathon for COVID-19 solutions","In an impressive display of international collaboration, NASA, the European Space Agency (ESA) and the Japan Aerospace Exploration Agency (JAXA) have come together to launch a virtual hackathon running between May 30 and May 31, with the aim of using open dat…",http://techcrunch.com/2020/04/30/nasa-esa-and-jaxa-launch-virtual-hackathon-for-covid-19-solutions/,https://techcrunch.com/wp-content/uploads/2020/04/GettyImages-1176555906.jpg?w=624,2020-04-30T15:58:22Z,"In an impressive display of international collaboration, NASA, the European Space Agency (ESA) and the Japan Aerospace Exploration Agency (JAXA) have come together to launch a virtual hackathon running between May 30 and May 31, with the aim of using open data to develop innovative solutions to problems arising from the global COVID-19 pandemic.
All three space agencies obviously work together on a regular basis, but this effort, cubed the ‘Space Apps COVID-19 Challenge,’ aims to pool their resources for a 48-hour concentrated sprint to employ Earth observation data gathered by satellites, info which should provide useful in examine how the virus spreads, and what kind of impacts it’s having on the Earth, ecosystems and cites.
Each agency involved is providing access to data gathered from satellites they respectively operate, and while Space Apps has run previously as a regular challenge offered by NASA to encourage use of its data for innovative problem-solving and product development. This is the first time that all agencies are collaborating on a global virtual hackathon, however.
NASA has also used its own internal crowdsourcing platform to seek ideas for ways that the agency can address the COVID-19 crisis and issues stemming from the coronavirus and its spread. The Space Apps Challenge is open to outside participants, however, and often sees participation from student, science and engineering teams around the world."
12,"{'id': 'techcrunch', 'name': 'TechCrunch'}",Sarah Perez,"COVID-19 quarantine boosts smart speaker usage among U.S. adults, particularly younger users","The coronavirus outbreak has driven more consumers to turn to their smart speakers for news, information, music and entertainment, according to new data released today by NPR and Edison Research. Around three-quarters of U.S. adults 18 and up said their routi…",http://techcrunch.com/2020/04/30/covid-19-quarantine-boosts-smart-speaker-usage-among-u-s-adults-particularly-younger-users/,https://techcrunch.com/wp-content/uploads/2019/04/voice-assistants.png?w=711,2020-04-30T19:00:58Z,"The coronavirus outbreak has driven more consumers to turn to their smart speakers for news, information, music and entertainment, according to new data released today by NPR and Edison Research. Around three-quarters of U.S. adults 18 and up said their routines have been impacted due to COVID-19 and their media habits have changed as a result. Since the outbreak, 35% of U.S. smart speakers owners say they’re listening to more news and information through their device, and 36% say they’ve increased their consumption of music and entertainment.
These figures skew even higher when looking at the 18-34 age group.
Here, 50% report an increase in news and information consumption and 52% said they’ve increased their listening of music and other sorts of entertainment.
In addition, the report found the total time spent listening to news content via the smart speaker has increased since the same time last year. In Spring 2019, 30% said listened to 3 or more hours per week, 40% said 1 to less than 3 hours, and 30% said less than one hour.
In the quarantine-fueled Spring 2020, these numbers increased to 32% (3+ hrs.), 43% (1 to &lt;3 hrs.), and 25%(&lt;1 hr), respectively.
Smart speaker owners working from home during the COVID-19 outbreak were also more likely than smart speaker owners in general to make requests for news from their device on a weekly basis, but not as likely to ask for the weather, the time, or other updates.
In the work-from-home group, 65% said they use the device — at some point — to listen to the news while 62% of all smart speaker owners said they do.
Quarantined adults may also help to drive increased sales of smart speakers as they realize the value in spreading out the devices in the home.
A large number of smart speaker owners who have children said they’re now thinking of buying another device to entertain their kids.
Last spring, only 47% said they were thinking of buying a new device for the kids. Now, it’s 71%.
The data in the report referencing the changes after COVID-19 comes from a survey that took place from March 31 through April 1, 2020, the organizations said.
“With tens of millions of Americans no longer commuting, smart speakers are becoming even more important as a conduit for news and information,” said Edison Research SVP Tom Webster, in a release, “and this increased usage and facility with voice assistants will likely increase demand for this technology in vehicles once our commutes resume.” he said.
The report also claimed that smart speaker adoption among U.S. adults has now reached 24% of the U.S. population, or 60 million users. This is a more conservative estimate than another recent report on smart speaker adoption from Voicebot.ai, which said one-third of U.S. adults have a smart speaker, or 87.7 million.
The further report examined other smart speaker trends, unrelated to COVID-19, including the use of smart devices with a screen and voice assistants on phones."
13,"{'id': 'techcrunch', 'name': 'TechCrunch'}",Taylor Hatmaker,"Facebook launches COVID-19 data maps for the US, will take its symptom tracking efforts global","Many, many symptoms trackers have launched during the coronavirus pandemic, but few with the potential to reach even a bucketful of Facebook’s vast ocean of users. Facebook launched a symptom tracking partnership with Carnegie Mellon University’s Delphi epide…",http://techcrunch.com/2020/04/20/facebooks-covid-19-survery-cmu-delphi-google/,https://techcrunch.com/wp-content/uploads/2020/04/covid-mask-GettyImages-1209044426.jpg?w=621,2020-04-20T16:15:27Z,"Many, many symptoms trackers have launched during the coronavirus pandemic, but few with the potential to reach even a bucketful of Facebook’s vast ocean of users.
Facebook launched a symptom tracking partnership with Carnegie Mellon University’s Delphi epidemiological research center early this month, and now the company now plans to expand the project outside of the U.S. In early April, Facebook began prompting some users in the U.S. with a CMU survey asking them to self-report COVID-19 symptoms. The effort is designed to help governments and health officials to predict where the virus could hit next.
Facebook will work with researchers from the University of Maryland on the expansion as the team at CMU’s Delphi develops an API that would allow any researcher to tap into the dataset.
Facebook is also collecting survey data onto its own symptom map, which visualizes the percentage of the population with COVID-19 symptoms by county and hospital referral region. The map also displays flu activity distinct from reported COVID-19 symptoms. With testing capacity still limited in many places, this kind of survey effort seeks to provide a more anticipatory picture of the virus and where it might be spreading next.
“The real-time estimates weve derived correlate with the best available data on COVID-19 activity, which gives us confidence that we may soon be able to give health care officials forecasts of disease activity that is likely to occur in their localities several weeks into the future,” Ryan Tibshirani, co-lead on Carnegie Mellon Universitys Delphi COVID-19 Response Team, said in a statement.
The opt-in CMU survey asks Facebook users if they were experiencing coughing, fever, shortness or breath or loss of smellsymptoms that can show up in COVID-19 patients in more mild forms and that likely would be present prior to an individual seeking treatment and thus being tracked by healthcare systems.
CMU published its initial findings on Monday, which show the data collected on Facebook correlates with existing COVID-19 public health data. The research team is introducing a tool called COVIDcast, which collects aggregated data about COVID-19 activity, sorted by geographic area. Google has also joined CMU’s research effort and later this week the COVIDcast will integrate data from both Facebook and Google survey responses. So far, the project has collected nearly one million responses each week on Facebook and 600,000 through Google’s Opinion Rewards and AdMob apps.
In an op-ed in the Washington Post, Mark Zuckerberg touted his company’s efforts.
“Getting accurate county-by-county data from across the United States is challenging, and obtaining such focused data from across the whole world is even harder” Zuckerberg wrote, adding that Facebook is “uniquely” suited to aid research efforts that require surveying large subsets of the population.
After a long season of criticism, social media companies are striving for relevance in the fight against the virus. Facebook, particularly dogged by negative press and privacy scandals in recent years, was early to add UI elements promoting COVID-19 information from health experts on its platform. Still, Facebook and other social networks remain plagued by coronavirus misinformation, scammers and conspiracies, which spread quickly and have proven difficult for companies to stamp out.
Last week, a handful of U.S. anti-government protests organized on Facebook and promoted by President Trump defied the advice of state governments and public health officials, calling users to gather in publican act of defiance that could potentially spread the virus to new communities in spite of the best efforts by state governments to protect their residents."
14,"{'id': 'techcrunch', 'name': 'TechCrunch'}",Darrell Etherington,Apple awards $10 million to rapidly scale COVID-19 sample collection kit production,"Apple has awarded $10 million from its Advanced Manufacturing Fund to COPAN Diagnostics, a company focused on producing sample collection kits for testing COVID-19 to hospitals in the U.S. The money comes from the fund that Apple established to support the de…",http://techcrunch.com/2020/05/07/apple-awards-10-million-to-rapidly-scale-covid-19-sample-collection-kit-production/,https://techcrunch.com/wp-content/uploads/2020/05/Apple_advanced-manufacturing-fund-to-COPAN-Diagnostics_05062020.jpg?w=587,2020-05-07T11:40:19Z,"Apple has awarded $10 million from its Advanced Manufacturing Fund to COPAN Diagnostics, a company focused on producing sample collection kits for testing COVID-19 to hospitals in the U.S. The money comes from the fund that Apple established to support the development and growth of U.S.-based manufacturing, but is particularly notable because to date, the fund has been used to support companies tied more directly to its own supply chain.
The $10 million award also includes Apple employing its sourcing resources to find equipment and materials for COPAN Diagnostics, including new advanced equipment the iPhone-maker is helping design itself. Funds will also be used by COPAN to expand to a larger production facility in Southern California that can output more supply, growing its run rate from around several thousand currently, to over one million kits weekly by July, according to Apple. Apple notes that it will also result in the creation of around 50 new U.S. jobs.
COPAN is a pioneer in the diagnostics world, having previously invented flocked swabs in 2003, and it currently offers the world’s leading transport medium for virus-containing clinical specimens. The investment here from Apple is focused primarily on scale, taking the existing expertise of COPAN and making it into something that can operate somewhere closer to the amazing production volumes that Apple can accomplish, in order to help address the urgent need for more testing supplies to prevent that being the bottleneck to widespread COVID-19 diagnostics in the U.S.
Apple has redirected many of its resources, including monetary donations, protective equipment sourcing, and software development resources for both symptom-checking apps and the forthcoming partnership with Google on exposure notification software, to combatting the global coronavirus crisis. This deployment of the Advanced Manufacturing Fund is yet another example of how the company can address the pandemic in a variety of ways that are unique to its global position, expertise and relationships."
15,"{'id': 'techcrunch', 'name': 'TechCrunch'}",Natasha Mascarenhas,"Tech for good during COVID-19: Therapy for nurses, baby food, and an online diary","If you’re one of the 12.3 million people who watched Travis Scott perform on Fortnite this past week, you’ll agree: The sky’s the limit right now when it comes to cheering people up. One kid, per our commenters, said Scott’s performance was better than Star W…",http://techcrunch.com/2020/04/26/tech-for-good-during-covid-19-therapy-for-nurses-baby-food-and-an-online-diary/,https://techcrunch.com/wp-content/uploads/2019/02/LittleSpoon-Overhead.jpg?w=540,2020-04-26T18:30:14Z,"If youre one of the 12.3 million people who watched Travis Scott perform on Fortnite this past week, youll agree: The sky’s the limit right now when it comes to cheering people up. One kid, per our commenters, said Scotts performance was better than Star Wars.
The popular multiplayer game Fortnite, owned by Epic Games, is just one example of tech finding a creative way to continue business as usual amid this pandemic. And it got extra points for being psychedelic.
Lets get into other tech companies working hard to do good during COVID-19.
Under my umbrella
Umbrella, a startup that provides services to seniors, is now recruiting thousands of volunteers to deliver essential items to the elderly that cant leave their homes due to shelter-in-place orders. The deliveries include contact-free groceries and prescriptions.The New York-based startup connects seniors with local providers, but in response to the coronavirus outbreak it waived its annual membership fee and began a volunteer platform to connect seniors to local volunteers. The company recently landed a partnership with Venture for America to expand this volunteer effort. 
Mental health for nurses
Trusted Health, which connects nurses to jobs and career resources, partnered with The College of Nursing at The Ohio State University to create a program focused on mental health and well-being of nurses on the frontlines right now. In the last six weeks, over 400,000 nurses signed up. The program kicked off with a mental wellness hotline and a wellness partner program that includes four to eight weeks of hands-on coaching and therapy. 
Live captioning during science class
Remote education is no joke, especially when it looks like more of a scramble than a stroll. Rev.com, a voice-to-text service, is providing its transcription services for free to K-12 educators. In a statement the company said that the live-captioning can be integrated into Zoom, and could assist students who struggle with English as a second language. The service is free for the remainder of the school year. 
Coaching for first-generation and low income students
For many low-income and first-generation students, school closures threaten much more than their spring break plans. Thousands of students now have to find a new source of food, housing and employment. Some cant return to their homes because flights are either unsafe or too expensive. So Beyond 12, a nonprofit organization that focuses on college completion, is raising funds to start COVID-19 Virtual College Coaching Corps. The support program will focus on the emotional, social and academic support for students at risk for not graduating. The company says that in the past two weeks it raised $300K, and is now looking to hire 20 new coaches and reach 20,000 students. 
Isolated? Youre not alone
Astra Labs, a nonprofit software company, has created a website to help people cope with the impact of COVID-19: Isolatednotalone.com. Its a bit different from the other efforts weve seen to connect people to hotlines and CDC guidelines. Instead, this site answers the hard questions that arise from the pandemic: I just found out a loved one died from COVID-19, what can I do next? What are the options for a funeral? What happens if they die at home? What should my next steps be? 
Contact-less solution for restaurants, for free
For customers that phone in takeout orders, the ol credit card exchange and pen sign still exists when they get to the restaurant (and so do the existing germs). To skip sharing screens and pens, San Francisco-based CardFree, which was founded in 2012, is giving three months of its mobile and online ordering software to restaurants for free. The deal is for small and medium-sized businesses, and CardFree says the software cuts out the middleman of third-party delivery apps. 
Calling all science influencers of Instagram
Seed, a Venice-based startup that creates science-based probiotics, has launched a free science course taught via Instagram. The venture capital-backed company is teaching about a confusing subject that is now more important than ever: how microbes work amid COVID-19. The course is six weeks. 
Spoon-fed goodness
Little Spoon, a direct-to-consumer baby food company backed by Serena Williams, is providing free or discounted meals to parents struggling to feed their kids. The company has donated $100,000 in Little Spoon meals to Feeding America food banks, and is providing discounts to healthcare workers. Little Spoon is also partnering with employers to provide healthy and affordable kids meals to their employees children.
A forum for feelings
We all have a lot of up and down feelings these days that might not fit into 280 characters or work in our Slack groups. Now&amp;Me created a discussion forum for people to share their highs and lows with others, with the option to post anonymously. The co-founder of Now&amp;Me, Drishti Gupta, says that we believe that feeling better starts with knowing it’s okay to not be okay.
Crowd-sourced map to feed people
The pandemic has stress-tested food insecurity and the hunger crisis around the world. WhyHunger, a charity focused on the human right to nutritious food, partnered with 10x management and its software team to create an interactive map of free meal sites across the United States. Software engineers Greg Sadetsky and Colin Wren helped create the crowd-sourced and open sourced map."
16,"{'id': 'techcrunch', 'name': 'TechCrunch'}",Darrell Etherington,LabCorp’s at-home COVID-19 test kit is the first to be authorized by the FDA,"LabCorp’s at-home COVID-19 test, which is called ‘Pixel,’ has received the first Emergency Use Authorization (EUA) for such a test missed by the U.S. Food and Drug Administration (FDA). The test is an at-home collection kit, which provides sample collection m…",http://techcrunch.com/2020/04/21/labcorps-at-home-covid-19-test-kit-is-the-first-to-be-authorized-by-the-fda/,https://techcrunch.com/wp-content/uploads/2020/04/pixel-labcorp.jpg?w=620,2020-04-21T13:36:10Z,"LabCorp’s at-home COVID-19 test, which is called ‘Pixel,’ has received the first Emergency Use Authorization (EUA) for such a test missed by the U.S. Food and Drug Administration (FDA). The test is an at-home collection kit, which provides sample collection materials including a nasal swab to the user, who then uses the included shipping package to return the sample to a lab for testing.
Until now, the FDA has not authorized any at-home testing or sample collection kits for use, and in fact clarified its guidelines to specifically note that their use was not authorized under its guidelines when a number of startup companies debuted similar products for at-home collection and round-trip testing with labs already certified to run molecular RT-PCR tests to detect the presence of COVID-19.
The FDA notes that only LabCorp’s COVID-19 RT-PCR test has received this authorization, and that it still requires any such test to have an EUA before they can being offering services, whether or not the test is administered at home with the help of guidance from an authorized medical professional via telemedicine. Some labs facilitating at home serology tests using an exception in the FDA guidelines, but these are not viewed by the agency as tests that can confirm a case of COVID-19.
Opening up at-home testing (even via just sample collection, vs. full at-home test administration) is a big step in terms of a change in the way the agency has operated thus far. The FDA has recently updated its guidelines to note that it is working with at-home test providers to determine the best way to make those available to the public, since it “sees the public health value in expanding the availability of COVID-19 testing through safe and accurate tests that may include home collection.”
LabCorp is a U.S. medical diagnostics company with over 40 years of experience, including at-home testing via its Pixel line for colorectal cancer, diabetes, and cardiac lipid conditions. It seems like the FDA is favoring long-standing industry experience in terms of who it’s willing to open up authorizations for with at-home collection, which is likely due to the potential for increased error when you add unsupervised self-collection, packing and logistics into the mix.
Testing for COVID-19 in the U.S. currently relies on drive-through sites, as well as in-clinic and hospital testing. These tests have a high bar for access in terms of risk profile and symptom presentation, and their administration also exposes the healthcare professionals running them to risk of contracting the infection themselves. At-home testing could increase overall testing rates, while decreasing risk to frontline healthcare workers, providing a better picture of the true extent and depth of the COVID-19 pandemic."
17,"{'id': 'techcrunch', 'name': 'TechCrunch'}",Zack Whittaker,FBI and DHS accuse Chinese hackers of targeting U.S. COVID-19 research,"U.S. federal agencies have publicly accused top hackers working for the Chinese government of trying to steal U.S. research into the coronavirus strain, known as COVID-19. In a rare joint unclassified statement published today by the FBI and Homeland Security…",http://techcrunch.com/2020/05/13/fbi-dhs-china-coronavirus/,https://techcrunch.com/wp-content/uploads/2020/05/GettyImages-1201781443.jpg?w=600,2020-05-13T14:51:55Z,"In a rare joint public statement, the FBI and Homeland Security’s cybersecurity advisory unit CISA have accused top Chinese hackers of trying to steal U.S. research related to the coronavirus strain, known as COVID-19.
The statement, published today, said that Chinese hackers “have been observed attempting to identify and illicitly obtain valuable intellectual property and public health data related to vaccines, treatments and testing from networks an personnel associated with COVID-19-related research,” it reads.
“China’s efforts to target these sectors pose a significant threat to our nation’s response to COVID-19,” it reads.
Both the FBI and CISA said organizations should bolster their cybersecurity defenses.
The joint statement follows a similar announcement between U.S. and U.K. authorities last week, which warned that hackers are using password spraying a common attack that uses recycled or default passwords to break into systems against healthcare bodies and medical research organizations “that provide medical support services and supplies in a concerted effort to prevent incidents and enable them to focus on their response to COVID-19.”
Research firms and pharmaceutical giants have scrambled to find a vaccine for the COVID-19 strain, which experts have said is likely the only way that strict lockdown restrictions can be lifted across the world.
To date, there have been more than 4.2 million confirmed cases since it was first discovered in December.
U.S. authorities have long accused China of hacking into U.S. systems. Since 2018, Justice Department prosecutors have brought charges against several hackers, said to be working for the Chinese government, for the 2015 Anthem breach, dozens of technology giants and governmental organizations, and more recently Chinese military hackers who stole close to 150 million records from credit giant Equifax.
Beijing has repeatedly denied accusations of hacking.
But China isn’t the only government accused of using its offensive cyber prowess to steal coronavirus research. Earlier this week, Reuters reported that Iran-backed hackers targeted U.S. drugmaker Gilead, whose antiviral drug remdesivir is the only treatment that has so far shown to help patients suffering from COVID-19."
18,"{'id': 'techcrunch', 'name': 'TechCrunch'}",Darrell Etherington,Mammoth Biosciences partners with GSK to develop handheld CRISPR-based COVID-19 test,"California-based Mammoth Biosciences has signed a powerful partner for its development of a CRISPR-based test for COVID-19, which would aim to delivery accurate, fast results using a handheld, disposable testing platform. Mammoth Biosciences will be using its…",http://techcrunch.com/2020/05/20/mammoth-biosciences-partners-with-gsk-to-develop-handheld-crispr-based-covid-19-test/,https://techcrunch.com/wp-content/uploads/2020/05/GettyImages-959053706.jpg?w=726,2020-05-20T16:00:14Z,"California-based Mammoth Biosciences has signed a powerful partner for its development of a CRISPR-based test for COVID-19, which would aim to delivery accurate, fast results using a handheld, disposable testing platform. Mammoth Biosciences will be using its DETECTR platform to develop the test, which recently received validation through a peer-reviewed study published in Nature.
Already, Mammoth has its DETECTR platform under evaluation by the FDA for an Emergency Use Authorization (EUA), and partnering with GSK and its consumer healthcare division sets up Mammoth to potentially scale its development and distribution to widespread commercial and consumer availability. Mammoth and GSK aim to have a COVID-19-specific test based on DETECTR ready for FDA evaluation before the end of this year.
The goal is to make it available first to healthcare facilities in the U.S.. It can provide a lot of advantages vs. current solutions for health facility testing, since it provides results in under 20 minutes and can be conducted fully on site using a nasal swab collected from a patient. It’s also fully disposable, making it more convenient and ultimately safer for healthcare professionals to use.
After that, the partners plan to expand availability, ultimately offering the test direct to consumers for over-the-counter use. The nature of the test means it’s not much more difficult to administer than may other at-home diagnostics, which h could further reduce the risk of transmission for infected individuals and make tests much more accessible and widespread.
Note that this likely won’t happen before at least next year given the current development timeline, but given the nature of the ongoing global pandemic, it definitely seems like we’ll still be interested in expanding testing capabilities as one of our ongoing strategies of mitigating the impact of SARS-CoV-2 and COVID-19."
19,"{'id': 'techcrunch', 'name': 'TechCrunch'}",Ingrid Lunden,"Cheetah, a restaurant wholesale app that pivoted to consumers for COVID-19, nabs $36M","A lot of restaurants have shuttered in the wake of stay-at-home guidance and government orders for non-essential businesses to close down, so a startup called Cheetah that provided a wholesale delivery service for them pivoted to selling to consumers, and now…",http://techcrunch.com/2020/04/28/cheetah-a-restaurant-wholesale-app-that-pivoted-to-consumers-for-covid-19-nabs-36m/,https://techcrunch.com/wp-content/uploads/2015/08/shutterstock_156554366.jpg?w=543,2020-04-28T15:16:51Z,"A lot of restaurants have shuttered in the wake of stay-at-home guidance and government orders for non-essential businesses to close down, so a startup called Cheetah that provided a wholesale delivery service for them pivoted to selling to consumers, and now it’s raised a round of funding, both to expand its business and to help it stay the course through the novel coronavirus pandemic.
Today, the San Francisco startup is announcing that it has closed a Series B of $36 million led by Eclipse Ventures, with ICONIQ Capital, Hanaco Ventures, and Floodgate Fund also participating. The funding brings the total raised by Cheetah to $66 million, the company said. PitchBook puts its valuation at its last round at $180 million; we’ve asked for the latest figure and will update as and when we hear more.
Cheetah’s pivot comes at a key moment for the company and points to how there seem to be, generally speaking, two very different narratives underpinning the world of startups at the moment.
On one hand, some companies are seeing a huge boost to their business, when their existing business model perfectly addresses a current need. On the other, companies that are hard pressed to fit any current need are feeling the pinch.
Cheetah is an example of how a company in the latter category has used its resources and pivoted to becoming a business in the former.
Its wholesale delivery business for restaurants — which had some 300 customers before COVID-19, has largely (but not completely) dried up. So it’s now set up a new service called Cheetah For Me, where it offers bakery items to beverages, dairy, meat, poultry, seafood, fresh produce, condiments, snacks and cleaning supplies to individuals to buy, and distributes those orders via a selection of pick-up points.
At a time when people are unable to get delivery slots with Amazon or are avoiding physical grocery stores, Cheetah’s offering becomes another choice alongside Instacart and other food delivery services.
The positive feedback from the community has been overwhelming, said Na’ama Moran, CEO at Cheetah who cofounded the company with Christopher Elliott, Alon Har-Tal and Vincent Matranga, in a statement.This funding allows Cheetah to build on our strong foundation and expand essential services directly to the consumer. Now, we can provide even more people with the food and supplies they need in a safe and cost-effective way, throughout this crisis and beyond. Our purpose has always been to help independent restaurants thrive. Now we are helping communities thrive.
Currently its Cheetah For Me service is live in the Bay Area.
Cheetah is not the only startup that caters to the restaurant trade that is now opening up a new front offering direct-to-consumer sales.
Choco in New York, which helps restaurants source their supplies online to save cooks and buyers time shopping in person, also started a new service targeting consumers. In its case, it’s teaming up with its restaurant customers to resell vegetables, meat and other ingredients.
(Choco doesn’t take a cut itself and says it’s doing this to help the restaurants continue staying in business even when they cannot operate their physical venues and kitchens.)
Choco earlier this month also raised some money: $30.2 million at a $250 million valuation.
Founders have said that’s a challenge right now to raise money, not just because of business slowing down. They cannot see investors in person, and investors themselves are wary and hesitant because they don’t know what the next months will hold.
In that regard, some of the factors are emerging that are critical in sealing the deal. They include showing that the startup is resourceful and useful; and that the startup is based on a good enough idea, executed well, making it worth funding to help it stick around.
It seems that Cheetah ticked all of these boxes.
This pandemic has shed light on how technology can be used to quickly adapt core services within the food industry like delivery, fulfillment, and supply chains,” said Lior Susan, Founder and Managing Partner at Eclipse, in a statement. Cheetahs team has demonstrated agility and ingenuity on behalf of their customers, and the resiliency of building a technology-centric operation. The companys vertical integration and technology stack have enabled them to accommodate changing buyer behavior as food supply chains shifted from a focus on commercial operations to consumer homes.”
“Cheetah’s existing technology infrastructure has enabled them to quickly expand their offering to new customers,” added Sarah Kim, Head of Private Equity Funds and Co-Investments at ICONIQ Capital, in a separate statement. “Cheetah has demonstrated that it has the vision to uncover new opportunities and the ability to rapidly execute on programs that benefit multiple communities. We look forward to working with this talented team as they pave the way toward a better food supply chain.”"
