,source,author,title,description,url,urlToImage,publishedAt,content
0,"{'id': 'techcrunch', 'name': 'TechCrunch'}",Anthony Ha,7 VCs discuss how COVID-19 is changing the media startup landscape,"The world has changed dramatically since May 2019 when we last surveyed venture capitalists about the trends they were seeing in media, entertainment and gaming. Since then, COVID-19 and the resulting physical distancing measures have created plenty of demand…",http://techcrunch.com/2020/05/05/7-vcs-discuss-how-covid-19-is-changing-the-media-startup-landscape/,https://techcrunch.com/wp-content/uploads/2018/11/streaming-tv.png?w=753,2020-05-05T13:15:26Z,"The world has changed dramatically since May 2019 when we last surveyed venture capitalists about the trends they were seeing in media, entertainment and gaming.
Since then, COVID-19 and the resulting physical distancing measures have created plenty of demand for companies helping to inform and entertain us as we’re stuck at home. At the same time, there’s a dramatic reduction in ad spending, making it harder to monetize that consumer attention.
So we checked in a variety of top VCs about the new landscape, where they’re investing and what kind of advice they’re giving their portfolio companies.
Not all of them invest directly in what (paraphrasing Betaworks’ Matt Hartman) we might call media media the companies whose business models revolve around content creation and advertising but each of these investors are backing startups looking to change the way we stay connected and entertained.
Here’s who we surveyed:
<ul><li>Kevin Zhang (Partner, Upfront Ventures)</li><li>Pär-Jörgen (PJ) Pärson (General Partner, Northzone)</li><li>Vasu Kulkarn (Partner, Courtside Ventures)</li><li>MG Siegler (General Partner, GV)</li><li>Jana Messerschmidt (Partner, Lightspeed Venture Partners)</li><li>Matthew Hartman (Partner, Betaworks Ventures)</li><li>Gigi Levy-Weiss (Managing Partner, NFX)</li></ul>The consensus? You can’t count on the ad business to recover in the next few months, but there are still opportunities for startups exploring new formats and new business models. And there’s still plenty of excitement about gaming and esports.
You can read their full responses, lightly edited, below.
What (if any) media trends are still exciting you from an investing perspective?
Live and interactive formats, especially shorter form, continue to be very exciting, made even more evident in this time of shelter-in-place. What has worked in China and broader Asia has not yet translated into explosive success in the West. As interesting as celebrity live broadcasts are from their homes, the lack of real interaction and participation features hampers long-term engagement and doesn’t make up for the lack of production quality.
Modern content production technology is needed to push both production and live ops cost down while enabling more interactive and engaging formats. Game engines are one example, there’s of course the Travis Scott concert that just happened in Fortnite built on the Unreal engine, but that 15-minute, pre-rendered show took months to create, we’re only just scratching the surface of what’s possible.
One of our investments in this space is Tellie for live-action formats, another is The Wave for rendered, live formats, and we continue to look for great combinations of tech and media talent innovating on new formats.
Speaking of gaming, multiplayer games continue to grow and grow exponentially, there is a lot to unpack in popular titles from new favorite Animal Crossing to classics like World of Warcraft to indie hits like For the King. They all have social cooperation as a core part of the game loop and design. I’d love to see more teams working on cooperative play and just overall a broader diversity in multiplayer experiences beyond purely competitive ones."
1,"{'id': 'techcrunch', 'name': 'TechCrunch'}",Brian Heater,Presso shifts focus to clothing disinfecting for film studios amid COVID-19 concerns,The Presso team first piqued my interest in a trip to Hong Kong last summer. The startup promised a clever approach to dry cleaning that involved setting up robotic kiosks in hotel hallways. The product is aimed at traveling business people looking for a quic…,http://techcrunch.com/2020/05/28/presso-shifts-focus-to-clothing-disinfecting-for-film-studios-amid-covid-19-concerns/,https://techcrunch.com/wp-content/uploads/2020/05/20200107_142942.jpg?w=711,2020-05-28T16:00:36Z,"The Presso team first piqued my interest in a trip to Hong Kong last summer. The startup promised a clever approach to dry cleaning that involved setting up robotic kiosks in hotel hallways. The product is aimed at traveling business people looking for a quick clean of rumpled up clothing ahead of an important business meeting. Best of all, it cuts out pricey hotel laundry services. 
Obviously, a lot has changed in late-August, and like many others, the team has attempted to find a way to leverage its technology in the battle against the spread of COVID-19. The solution is a bit more niche than some, but Presso is still a fairly small team. The company has added a disinfecting element to its robot in line with CDC guidelines and has begun selling a limited number of units to TV and film production companies.
“My family in India actually contracted coronavirus and my mom and grandparents had to be hospitalized,” cofounder and CEO Nishant Jain told TechCrunch. “They are all safe now thankfully. If we can play even a small part in keeping clothes sanitized and people safe, we’d be honored. Even our team members have been quite active with helping out their local communities by sourcing masks and PPE for hospitals and designing ventilators.”
The move comes as California governor Gavin Newsom has announced plans to get film production back on track. Many studios are balking at such a rush to return to work, but for those who are still interested, Presso is offering up units for sets looking to remove the potential spread of the highly contagious novel coronavirus. 
Pressos latest push is fueled in part by an additional $250,000 in funding, bringing the teams total up to $511,000. The company says its seen a 200% growth in orders from one month to the next, including high profile clients like Disney/Marvel, HBO, CBS an FOX."
2,"{'id': 'techcrunch', 'name': 'TechCrunch'}",Walter Thompson,The best investment every digital brand can make during the COVID-19 pandemic,"Customers don’t just forget about the companies that treated them well — and post-crisis, they’ll be more likely to return to the vendors who gave them a good experience.",http://techcrunch.com/2020/05/29/the-best-investment-every-digital-brand-can-make-during-the-covid-19-pandemic/,https://techcrunch.com/wp-content/uploads/2019/10/GettyImages-512136509.jpg?w=534,2020-05-29T17:29:41Z,"Intuitively, stores that sell online should be making a killing during the COVID-19 pandemic. After all, everyone is stuck at home and understandably more willing to shop online instead of at a traditional retailer to avoid putting themselves and others at medical risk. But the truth is, most smaller online stores have seen better days.
The primary challenge is that smaller shops often dont have the logistics networks that companies like Amazon do. Consequently, theyre seeing substantially delayed delivery timelines, especially if they ship internationally. Customers obviously arent thrilled about that reality. And in many cases, theyre requesting refunds at a staggering rate.
I saw this play out firsthand in April. At that point, my stores were down 20% or in some cases even 30% in revenue. Needless to say, my team was freaking out. But theres one thing we did that helped us increase our revenue over 200% since the pandemic, decrease refund requests and even strengthen our existing customer relationships.
We implemented a 24-hour live chat in all of our stores. Heres why it worked for us and why every digital brand should be doing it too.
When I started my first online store in 2006, challenges that bogged my team down often meant that my teams first priority became resolving those challenges so that we could serve our customers faster. But admittedly, when these challenges came up, it became more difficult to balance communicating with our customers and resolving the issues that prevented us from fulfilling their orders quickly."
3,"{'id': 'techcrunch', 'name': 'TechCrunch'}",Kirsten Korosec,Ford to offer COVID-19 testing for symptomatic workers as part of reopening plan,Ford said Saturday it will test hourly and salaried employees with suspected COVID-19 symptoms in four metro areas where it has major operations as it prepares to reopen facilities this month. The automaker is expected to resume production and some operations…,http://techcrunch.com/2020/05/16/ford-to-offer-covid-19-testing-for-symptomatic-workers-as-part-of-reopening-plan/,https://techcrunch.com/wp-content/uploads/2020/05/ford-PPE-Example-1.jpg?w=646,2020-05-16T21:03:56Z,"Ford said Saturday it will test hourly and salaried employees with suspected COVID-19 symptoms in four metro areas where it has major operations as it prepares to reopen facilities this month.
The automaker is expected to resume production and some operations at its North America facilities May 18. Aside from factory workers, Ford is also bringing back about 12,000 employees whose jobs cannot be done remotely such as vehicle testing and design. The company’s parts distribution centers reopened in North America on May 11.
Ford said it will initially use polymerase chain reaction (PCR) testing, which identifies if someone is actively infected. PCR tests are used to detect the presence of viral RNA, not the presence of the antibodies, which are the body’s immune response.
The automaker said it has signed contracts with health systems to conduct the testing. Ford will work with Beaumont Health for testing in Southeast Michigan, the University of Louisville Health in Louisville, Liberty Hospital in the Kansas City area and the University of Chicago Medical Center and UChicago Medicine-Ingalls Memorial Hospital in the Chicago area.
Collectively, Ford employs more than 72,000 people in Southeast Michigan, Louisville, Kansas City and Chicago.
The contracts will enable Ford to test employees with suspected symptoms with a goal of getting results back within 24 hours, according to the automaker’s medical director Dr. Walter Talamonti.
Testing results will be simultaneously shared with Ford doctors to help identify other employees who might have been in close contact with an infected worker. Those employees will be required to self-quarantine for 14 days.
The company is working on expanding testing, Ford CTO Ken Washington said in a statement. Washington added that Ford is looking into voluntary antibody testing in the future for its employees.
Ford released May 1 a back-to-work playbook that describes the protocols that it will put in place once production at its factories resume. Employees will have to complete a self-certification health check daily and have their temperature scanned upon arrival to any Ford facility. Face masks will also be required. Safety glasses with side shields or face shields will be required when jobs don’t allow for social distancing."
4,"{'id': 'techcrunch', 'name': 'TechCrunch'}",Connie Loizos,COVID-19 nearly killed this office furniture startup; turning to home offices may save it,"A lot of U.S.companies have had near-death experiences in recent months. Among them is Branch, a 1.5-year-old, venture-backed New York-based startup that sells what it calls “exceptional office furniture, at half the price” — and which nearly went kaput becau…",http://techcrunch.com/2020/06/11/covid-19-nearly-killed-this-office-furniture-startup-turning-to-home-offices-may-save-it/,https://techcrunch.com/wp-content/uploads/2020/06/Erg-Chair-Grey-2020.png?w=427,2020-06-11T21:30:26Z,"A lot of U.S.companies have had near-death experiences in recent months. Among them is Branch, a 1.5-year-old, venture-backed New York-based startup that sells what it calls “exceptional office furniture, at half the price” — and which nearly went kaput because of the pandemic.
After generating roughly $800,000 in revenue in the first weeks of March, that number promptly fell to zero as people were asked to leave their offices and head home.
A small layoff at Branch followed — its 11-person team shrank to 8 people — along with some panic. Instead of throw in the towel, the startup retooled itself to sell home office furniture to the many employees who are now working from home and receiving a stipend to update their set-up.
The decision might just save the business. According to cofounder and CEO Greg Hayes, Branch is now selling directly to individuals, as well as working with Google, Shopify and other companies to outfit home offices for employees who may never work in an office five days a week again.
The startup already had some advantages over many more traditional office furniture retailers. Because it doesn’t work with middlemen, as do many high-end businesses like Herman Miller, it claims it can better compete on price. Hayes, who was previously head of portfolio strategy at the New York-based startup Breather, says Branch can “create 90% of the quality of best-in-class furniture for 30% of the price.”
From the start, the company has also promised much faster delivery than some of its rivals — think one to three weeks, instead of two or three months.
The reason, says Hayes, is process. While many incumbents have practices that can involve customizing parts and finishes specific to a transaction, made-to-order items can take a long time. That’s probably fine with companies that plan to occupy a space for five to 10 years and want things just right. Meanwhile, Branch’s pitch is to companies that prefer speed and flexibility and so don’t mind choosing from a smaller number of modular items — many components of which are the same throughout different products.
Indeed, speed and price are things that continue to appeal to companies no matter where their employees are.
You can imagine that they are proving important to people who are more newly working from home and do not have stipends, too — which is what has Hayes feeling optimistic about Branch’s prospects after its near-death experience.
“You never want to go through something like this [pandemic], but in a weird way, it has opened up a business that we wouldn’t have focused on, which is direct to consumer.”
The startup — which just this week began selling standing partitions to accommodate new office layouts —  can’t always assemble its items for its corporate and other customers as it once did uniformly. (Some are right now eschewing Branch’s “white glove service” and putting together their own desks and chairs out of an abundance of caution.)
But Branch says its manufacturing partners — two in the U.S. and three in China — are nonetheless being kept busy at the moment. In fact, Hayes says business is suddenly so brisk that the company’s most popular chair — a $279 ergonomic number —  won’t be available again until September. They can’t make it fast enough.
It’s a problem for a company that promises speedy service. But it’s one Hayes will happily take over the alternative. “Offices aren’t going away, but working from home isn’t going to be frowned upon anymore. ” Instead, he says, “A lot of white-collar employees will be working from the office just two days a week.
That Branch. can “now sell them two chairs has, strangely, been a gift to our own employees.”"
5,"{'id': 'techcrunch', 'name': 'TechCrunch'}",Darrell Etherington,FDA revokes emergency authorization for chloroquine and hydroxychloroquine in COVID-19 treatment,"The U.S. Food and Drug Administration (FDA) has revoked an emergency use authorization (EUA) that it previously issued for chloroquine and hydroxychloroquine, two anti-malarial drugs also used in the treatment of chronic rheumatoid arthritis (via Washington P…",http://techcrunch.com/2020/06/15/fda-revokes-emergency-authorization-for-chloroquine-and-hydroxychloroquine-in-covid-19-treatment/,https://techcrunch.com/wp-content/uploads/2020/04/GettyImages-1209645496.jpg?w=600,2020-06-15T16:53:44Z,"The U.S. Food and Drug Administration (FDA) has revoked an emergency use authorization (EUA) that it previously issued for chloroquine and hydroxychloroquine, two anti-malarial drugs also used in the treatment of chronic rheumatoid arthritis (via Washington Post). These are the drugs that Trump famously touted as effective in COVID-19 treatment, despite major concerns raised with the scientific validity of early medical investigations that showed they were potentially effective agains the infection beyond the ongoing global pandemic.
Subsequent studies showed conflicting results, including when one team of researchers ended elements of its clinical study into the drugs’ use early due to excess fatalities. The FDA had issued its EUA for use of chloroquine and hydroxychloroquine in late March, prompting criticism from many in the medical and pharmaceutical research community since evidence seemed very mixed in terms of its potential efficacy and risks. Then following those deaths in that subsequent clinical study, it issued a statement of precaution regarding the use of the drugs.
The FDA grants EUAs in circumstances where it deems the benefits outweigh the risks of expediting a provisional authorization for the use of therapies and devices that haven’t undergone its full, rigorous approval process for drugs and equipment. The COVID-19 pandemic has resulted in the FDA releasing many more EUAs than is typical, especially as it pertains to testing equipment used for diagnostic of the infection and SARS-CoV-19, its preceding and causal virus.
Trump irresponsibly touted the value of chloroquine and hydroxychloroquine, and later professed to be taking the medicine himself as a precaution he wrongly believed would stave off infection. The drug’s supply subsequently experienced a number of stresses due to increased demand, which had potentially dire consequences for people with a legitimate need for its consumption due to conditions for which it is approved and clinical shown to be effective, including lupus and chronic arthritis."
6,"{'id': 'techcrunch', 'name': 'TechCrunch'}",Darrell Etherington,"Cue Health’s portable, fast COVID-19 test gains FDA emergency approval","Fresh off a $100 million Series C funding round, molecular diagnostics startup Cue Health has more good news – it has received an Emergency Use Authorization (EUA) for its rapid, point-of-care COVID-19 test. The company got a $13 million grant from BARDA in M…",http://techcrunch.com/2020/06/12/cue-healths-portable-fast-covid-19-test-gains-fda-emergency-approval/,https://techcrunch.com/wp-content/uploads/2020/03/CueHealthMonitoringSystemCovid19Cartridge.png?w=545,2020-06-12T14:57:40Z,"Fresh off a $100 million Series C funding round, molecular diagnostics startup Cue Health has more good news it has received an Emergency Use Authorization (EUA) for its rapid, point-of-care COVID-19 test. The company got a $13 million grant from BARDA in March to help it scale its development and deployment of rapid diagnostics, and its COVID-19 test is obviously a key focus of that effort given the current global pandemic.
Cue’s test is portable, and uses an RNA detection method to confirm the presence of the actual virus in a patient’s system using nasal swab samples. The company says that it can provide results in as little as 25 minutes, and it’s relatively simple to administer, both factors that make it potentially very useful in efforts to scale COVID-19 testing as the pandemic and its ensuing global health crisis continues.
The Cue Health test comes as a kit that includes the sample collection wand, along with a test cartridge. The cartridge connects to an app on a smartphone and transmits the diagnostic results to that device. Under the terms of the EUA granted by the FDA, the Cue test can be administered anywhere, so long as it’s done under the supervision of a qualified healthcare professional. Cue says it’s seeking additional authorizations from the FDA to expand use of the test to include allowing it to be done in settings including workplaces, schools and even in-home use.
To start, Cue Health’s COVID-19 test will be rolling out in partnership with “leading healthcare institutions,” according to the company, and then from there the plan is to expand it to a number of additional healthcare facility settings. Ultimately, Cue’s goal is to create a range of molecular diagnostic testing solutions for not only COVID-19, but also influenza and other viruses, with the ability to flexibly deploy and conduct them in basically any setting where they’re needed."
7,"{'id': 'techcrunch', 'name': 'TechCrunch'}",Sarah Perez,"Facebook tests Forecast, an app for making predictions about world events, like COVID-19","Forecast, a new project from Facebook’s internal R&D group, NPE Team, is launching today to build a community around predictions. The iOS app will allow users to ask questions and then use in-app points to make predictions about what might happen in the futur…",http://techcrunch.com/2020/06/23/facebook-tests-forecast-an-app-for-making-predictions-about-world-events-like-covid-19/,https://techcrunch.com/wp-content/uploads/2020/06/questions_flow.png?w=746,2020-06-23T14:36:36Z,"Forecast, a new project from Facebook’s internal R&amp;D group, NPE Team, is launching today to build a community around predictions. The iOS app will allow users to ask questions and then use in-app points to make predictions about what might happen in the future. Users can also create, discuss and view these crowdsourced predictions.
At launch, only invited participants in the U.S. and Canada will be allowed to make predictions and engage in conversations, while the app is in beta testing. But these predictions and related discussions will be publicly accessible on the Forecast website and made shareable.
Before today, Facebook tested the product internally with a small set of employees. Their initial forecasts will form the initial core content in the app at launch.
Starting now, Facebook will invite members of the health, research and academic communities to make predictions about the COVID-19 pandemic and its impact on the world.
At a time when Facebook and other major tech platforms are under fire for their role in aiding the spread of misinformation, fake news, propaganda, conspiracy theories, and other non-factual content presented as truth, an app focused on making “guesses” about the future seems ill-advised — however educated those guesses may be. This is particularly concerning because much of the app’s content will focus on guesses about COVID-19.
Forecast’s predictions may help show what people are thinking, but COVID-19 isn’t a game. To understand the world, scientists form a hypothesis, which is essentially an expanded form of an educated guess. But they don’t then crowdsource voting to determine if a hypothesis is true — they test, experiment, gather supporting data, try to prove and disprove the hypothesis, and ultimately aim to publish their findings and have them peer-reviewed.
The Forecast app turns the hypothesis into the end result, in a way. The app lets users make a forecast and explain their reasoning — in other words, form a hypothesis. But instead of doing the work to test the forecast, through the application of the scientific method, Forecast will track the votes a given question receives.
E.g. “When will the first COVID-19 vaccine candidate begin phase 3 trials?” or “When will most U.S. residents be treated with a COVID-19 vaccine?”
Questions will be reviewed by the Forecast team and edited for clarity, if needed. Users will be notified if their question is published.
At some point, the question will be determined as “settled,” based on an elapsed time period or because an event has occurred. For instance, if users were guessing when a vaccine would be released, and then it’s actually released, the questions around that topics would be settled.
Forecast’s polls are given aesthetically pleasing charts and graphs which can be shared outside the app. That means users could start posting these guesses and the crowdsourced responses to sites like Facebook, where the line between fact and fiction has already blurred. That could further complicate people’s understanding of what is already a complex topic: the COVID-19 pandemic. Facebook users who see these shared “forecasts” may believe they have some basis in science and research, when instead, they are the result of a social networking app.
Of course, there is some fun in betting on world events and seeing if they turn out to be true, and there is even some value in organizing a wider community’s collective “best guesses” about a future event to gain an understanding of what people are thinking at a given time. But spreading out predictions to Facebook seems like an idea that’s fraught with potential problems.
Facebook’s goal here is only to test its own hypothesis — that a standalone, community-based predictions app that rewards a participatory audience with social credit will surface insightful voices and thoughtful discussions.
In the end, however, it seems like Facebook is looking for any angle that could prompt thought leaders to engage in meaningful discussions about subjects they know best on a Facebook platform. These sorts of discussions are difficult to have in Facebook’s comments section around a post — as comments are, more often than not, a place people go to troll, argue, threaten and otherwise derail a conversation.
Facebook says the questions in Forecast will be moderated for clarity using Forecast’s own moderation guidelines and Facebook’s Community Standards. That means questions can’t mention death, sexual or violent assault of any individual, including public figures. (This isn’t meant to be some sort of new internet Death Clock, for example.) Hate speech isn’t allowed. Questions around illegal content or those involving personal information also aren’t permitted, along with other guidelines detailed here."
8,"{'id': 'techcrunch', 'name': 'TechCrunch'}",Sarah Perez,Capsule’s video Q&A platform helps brands reach their community in the post-COVID era,"A new startup called Capsule has launched a new way for brands to create original video content with their community in the form of Q&As. But unlike a simple Instagram Stories’ Q&A session, Capsule provides a full platform for designing the Q&A session, brand…",http://techcrunch.com/2020/06/22/capsules-video-qa-platform-helps-brands-reach-their-community-in-the-post-covid-era/,https://techcrunch.com/wp-content/uploads/2020/06/capsule.jpg?w=711,2020-06-22T16:33:05Z,"A new startup called Capsule has launched a new way for brands to create original video content with their community in the form of Q&amp;As. But unlike a simple Instagram Stories’ Q&amp;A session, Capsule provides a full platform for designing the Q&amp;A session, branding the content, curating the responses from users and tracking the resulting data. But the most notable feature is Capsule’s automated editing process that adds branding, effects and music to the final product, allowing brands to skip the post-production process and more quickly publish their video.
The product comes from the same team behind the animated GIF capture tool and social network Phhhoto, which eventually lost out to Instagram’s clone, Boomerang. Following Phhhoto’s shutdown in late 2017, the team pivoted to an experiential marketing business, Hypno, that provided photo booths, plus other camera platforms and interactive experiences, for live events, retail and attractions.
The idea for the new startup directly emerged from the challenges now facing Hypno in the face of the COVID-19 pandemic.
“Capsule was born out of the need for some of our events and live experiences customers to figure out a way to activate their audiences because they couldn’t do it in real life,” explains co-founder Champ Bennett. “The Hypno business pretty much dried up in terms of its opportunities as soon as the pandemic hit,” he says.
The team refocused its efforts on the new software platform instead, and received an immediate, overwhelming response from its existing customers. It also quickly added new ones — including those outside the live events space.
In the two months following its MVP launch, Capsule has been generating revenue from its now 35,000 users, including some big-name customers like Netflix, Samsung, Chicago Bulls and a handful of colleges and universities that wanted to create solutions for virtual graduations. Consumers, meanwhile, have also used the product for virtual birthdays, weddings and baby showers.
The platform itself works something like a Squarespace for the video Q&amp;A format.
To use Capsule, the brand will first pick a template that can customize to match their current campaign by changing the logos, colors, buttons, backgrounds and URLs.
Image Credits: Capsule
They then choose their own questions and prompts designed to get their customers/users/community members talking.
To respond, users visit the Capsule URL — which can be a custom domain for an extra fee — to record and upload videos via their phone or laptop. These videos can only be a max of 60 seconds in length to keep the content short and snappy.
Brands can curate the responses they want to use in the resulting product, aka the “capsule.” They’ll also have access to the raw video footage for use elsewhere on social media, if needed.
Capsule’s best trick is that it instantly and automatically processes the video, adding music, lower-third graphics and a pre-roll and a post-roll, so the video looks professionally edited.
“It makes everybody look a little better than what they would normally look like if they were just recording right from their phone — which generally looks pretty raw and unedited,” explains Bennett. “That editing feature is the magic of that whole thing, as it makes it feel really special.”
The automated editing involves a scripting language the Capsule team created, which includes a set of instructions on how to process a given video. Capsule’s customers simply select the “type” of video they want, and Capsule does the rest.
“One might be really energetic, with flashing graphics and pumping music. And one might be a little bit more somber and may have an acoustic guitar playing behind it,” Bennett notes. “Ultimately, what will happen is when you create a Capsule, you’ll be able to pick that that feel.”
Right now, Capsule offers 10 of these “templates,” but is working to have around 50 available within the next couple of months.
Depending on the type of solution a brand needs, Capsule’s service can cost anywhere from $10 per month to as much as $20,000 per year. It currently works via the web and mobile web, but Capsule is developing an iPhone app that will allow the capture of higher-quality video.
While the original focus was to create a new engagement platform for brands that have lost the ability to host live events, the range of post-COVID use cases is continuing to grow. Netflix, for example, ran a focus group using Capsule to ask questions and get video, instead of written responses from viewers. Will Ferrell used Capsule to leave a video message for graduates. Media company OkayAfrica’s community used Capsule to talk about the impacts of the COVID-19 crisis, organized in thematic sections.
Bennett says the company is also thinking about how Capsule can be used to provide a platform for people’s voices who may not otherwise be heard.
Following its launch, it’s clear Capsule became a more flexible format than perhaps originally envisioned. But to what extent customers’ usage will change over time remains less certain. If a coronavirus vaccine is developed, for example, the need for video to stand in for live events may not be as in demand as it is now, for example. Of course, no one knows when that time will come at this point.
In addition to Bennett, Capsule’s co-founders include Russell Armand and Joseph Jorgensen, also of Phhhoto and Hypno. The company is planning to spin out Capsule from Hypno and is already receiving inbound interest from investors. Capsule has not closed a seed round at this time."
9,"{'id': 'techcrunch', 'name': 'TechCrunch'}",Natasha Lomas,"Russian cyberops are targeting COVID-19 vaccine R&D, intelligence agencies warn","Western intelligence agencies say they’ve found evidence that Russian cyber espionage is targeting efforts to develop a coronavirus vaccine in a number of countries. In an advisory report, the UK’s National Cyber Security Centre (NCSC) said the Russia-linked …",http://techcrunch.com/2020/07/17/russian-cyberops-are-targeting-covid-19-vaccine-rd-intelligence-agencies-warn/,https://techcrunch.com/wp-content/uploads/2020/03/GettyImages-1208040947.jpg?w=600,2020-07-17T10:43:34Z,"Western intelligence agencies say they’ve found evidence that Russian cyber espionage is targeting efforts to develop a coronavirus vaccine in a number of countries.
In an advisory report, the UK’s National Cyber Security Centre (NCSC) said the Russia-linked cyber espionage group commonly known as APT29 — which is also sometimes referred to as the Dukes or Cozy Bear — has targeted various organisations involved in medical R&amp;D and COVID-19 vaccine development in Canada, the US and the UK throughout 2020.
Per the report, APT29 is using custom malware known as WellMess and WellMail to target a number of organisations globally, including those involved with COVID-19 vaccine development.
WellMess and WellMail have not previously been publicly associated to APT29, it notes.
The NCSC, which is a public facing branch of the UK’s GCHQ intelligence agency, said it believes it “highly likely” that the intention of the malware attacks is to steal information and IP related to the development and testing of COVID-19 vaccines.
The findings in the report are also endorsed by Canadas Communications Security Establishment (CSE) and the US National Security Agency (NSA).
“In recent attacks targeting COVID-19 vaccine research and development, the group conducted basic vulnerability scanning against specific external IP addresses owned by the organisations. The group then deployed public exploits against the vulnerable services identified,” the advisory adds.
It concludes by assessing APT29 is “likely” to continue to target organisations involved in COVID-19 vaccine R&amp;D — as “they seek to answer additional intelligence questions relating to the pandemic”.
“It is strongly recommended that organisations use the rules and IOCs [indicators of compromise] in the [report] appendix in order to detect the activity detailed in this advisory,” it adds, flagging compromise indicators and detection and mitigation advice contained in the document.
Responding to the advisory the UK government condemned what it called Russia’s “irresponsible” cyber attacks against COVID-19 vaccine development.
“It is completely unacceptable that the Russian Intelligence Services are targeting those working to combat the coronavirus pandemic,” said foreign secretary, Dominic Raab, in a statement. “While others pursue their selfish interests with reckless behaviour, the UK and its allies are getting on with the hard work of finding a vaccine and protecting global health.”
“The UK will continue to counter those conducting such cyber attacks, and work with our allies to hold perpetrators to account,” he added.
Last month EU lawmakers named Russia and China as states behind major disinformation campaigns related to the coronavirus which they said had targeted Internet users in the region.
The European Commission is working on a pan-EU approach to tackling the spread of damaging falsehoods online.
The NCSC advisory follows hard on the heels of an assertion by Raab that Russia attempted to influence the 2019 UK election via the online amplification of leaked documents.
On the basis of extensive analysis, the government has concluded that it is almost certain that Russian actors sought to interfere in the 2019 general election through the online amplification of illicitly acquired and leaked government documents, Raab said in a statement yesterday.
The Guardian reports that UK intelligence agencies have spent months investigating how a 451-page dossier of official emails ended up with the opposition Labour party during the election campaign — providing an opportunity for then leader Jeremy Corbyn to make political capital out of details related to UK-US trade talks.
Back in 2017 former UK and Conservative prime minister, Theresa May, also warned publicly that Russia was trying to meddle in Western elections. However she failed to act on a series of recommendations from a parliamentary committee that scrutinized the democratic threats posed by online disinformation.
The timing of this latest flurry of Russian cyberops warnings from UK state sources is especially interesting in light of a much delayed report by the UK parliament’s Intelligence &amp; Security Committee (ISC) into Russia’s role in election interference.
Publication of this report was blocked last year on orders of prime minister, Boris Johnson. But, this week, an attempt by Number 10 to install Chris Grayling, a former secretary of state for transport, as chair of the ISC was thwarted after Conservative MP Julian Lewis sided with opposition MPs to vote for himself as new committee chair instead.
Publication of the long delayed Russia report is now imminent, after the committee voted unanimously for it to be released next week before parliament breaks for the summer.
Last NovemberThe Guardian newspaper reported that the dossier examines allegations Russian money has flowed into British politics in general and to the Conservative party in particular; as well as looking into claims Russia launched a major influence operation in 2016 in support of Brexit.
In 2017, under pressure from the DCMS committee, Facebook admitted Russian agents had used its platform to try to interfere in the UKs referendum on EU membership though it claimed not to have found “significant coordination” of ad buys or political misinformation targeting the Brexit vote.
Last year, former ISC chair, Dominic Grieve, called for the Russia report to be published before election day — saying it contained knowledge “germane” to voters.
Instead, Johnson blocked publication — going on to be elected with a huge Conservative majority."
10,"{'id': 'techcrunch', 'name': 'TechCrunch'}",Mike Butcher,14 VCs discuss COVID-19 and London’s future as a tech hub,"The UK has created 63 tech unicorns in the past decade (according to Dealroom), and it almost goes without saying that the vast majority of those companies were based out of London, the country’s largest tech hub. Famously, London’s DeepMind, an AI startup, w…",http://techcrunch.com/2020/07/09/14-vcs-discuss-covid-19-and-londons-future-as-a-tech-hub/,https://techcrunch.com/wp-content/uploads/2020/07/GettyImages-1220532682.jpg?w=599,2020-07-09T11:45:56Z,"The UK has created 63 tech unicorns in the past decade (according to Dealroom), and it almost goes without saying that the vast majority of those companies were based out of London, the countrys largest tech hub.
Famously, Londons DeepMind, an AI startup, was acquired by Google in 2014 for $500 million, but it has resolutely refused to move to Silicon Valley; founder Demis Hassabis says the city’s diversity of talent meant the powerhouse needed to stay put.
London has produced fintech upstarts like Revolut, Monzo and Starling and attracted early Skype team members who went on to create TransferWise. In 2019, London’s startups received $9.7 billion in venture capital funding, more than Berlin, Paris, Amsterdam and Madrid combined.
Furthermore, last year Pitchbook found that up to $4.4 billion worth of deals had involved at least one U.S.-based investor, with London receiving over $12.5 billion from American investors in the previous five years almost twice as much as Berlin (on $6.5 billion of investment from U.S. VC firms).
Brexit uncertainty may impact startups ability to recruit and sale, and the UK governments points-based system for immigration is unlikely to satisfy the industrys voracious appetite for talent. But London is a tech supertanker that other European cities are unlikely to be able to match any time soon, Brexit or no Brexit.
But in the era of COVID-19, will major hubs like London still be able to attract future tech unicorns, and will these be in the same sectors as before? Will geography be replaced by mere time zones?
We surveyed many of Londons top VCs to get their insights. Here’s who we heard from:
<ul><li>Ruth Foxe-Blader, partner, Anthemis Capital</li><li>Yana Abramova, partner, Pretiosum Capital</li><li>Leila Zegna, co-founding partner, Kindred Capital</li><li>Rob Moffat, partner, Balderton Capital</li><li>Nic Brisbourne, managing partner, Forward Partners</li><li>Sean Seton-Rogers, general partner, PROfounders Capital</li><li>Simon Murdoch, managing partner, Episode 1 Ventures</li><li>Nenad Marovac, founder and managing partner, DN Capital</li><li>Andrei Brasoveanu, partner, Accel Partners</li><li>Jan Lynn-Matern, founder and partner, Emerge Education</li><li>Rob Kniaz, founding partner, Hoxton Ventures</li><li>Harry Briggs, partner, OMERS Ventures</li><li>Hussein Kanji, partner, Hoxton Ventures</li><li>Eileen Burbidge, partner, Passion Capital</li></ul>How much is local investing even a focus for you now? If you are investing remotely in general now, are you filtering for local founders?
Neither our investment thesis, nor our geographic focus has changed: we are a global investor, focused on the US, UK and Europe. We are filtering, even more, for the best founders, as geography feels less important in lockdown.
From that, what do you expect to happen to the startup climate in London longer term, with the shift to more remote work (post COVID-19), possibly from more remote areas. Will London stay a tech hub or will the ecosystem become more dispersed across the country?
As a global financial hub with substantial infrastructure (including capital) designed to support emerging technology, London will remain a critical node in the fintech ecosystem.
Long-term, do you expect to be more or less locally focused, especially in light of COVID-19 or in other ways?
We’re anticipating a pretty substantial change to working norms, at least over the near term (6-12 months). The long-term impact is likely to level the playing field for great founders operating outside of established tech hubs. Remote assessment of companies, while challenging, has the potential to create more equitable investment practices.
From that, what do you expect to happen to the startup climate in London longer term, with the shift to more remote work (post COVID-19), possibly from more remote areas. Will London stay a tech hub or will the ecosystem become more dispersed across the country?
As a global financial hub with substantial infrastructure (including capital) designed to support emerging technology, London will remain a critical node in the fintech ecosystem.
Will there be tech hubs post-COVID-19? What is a tech hub now, by your definition?
To the extent that culture, regulation and capital play a large role in favoring certain types of economic activity, I expect existing tech hubs to remain important bastions of innovation. That said, I think we will see the rise of complementary tech hubs, as well as teams “in the middle of nowhere” emboldened to start great companies.
Are there particular industry sectors that you expect to do uniquely well or poorly, locally?
Given the proximity to the City and the heritage in financial technology innovation, the London tech ecosystem will continue to produce great fintech and insurtech companies."
11,"{'id': 'techcrunch', 'name': 'TechCrunch'}",Walter Thompson,Societal upheaval during the COVID-19 pandemic underscores need for new AI data regulations,"How should society address the scenario where the AI algorithm got it right but from an ethical standpoint, we're uncomfortable with the results?",http://techcrunch.com/2020/07/10/societal-upheaval-during-the-covid-19-pandemic-underscores-need-for-new-ai-data-regulations/,https://techcrunch.com/wp-content/uploads/2020/02/GettyImages-1169572297.jpg?w=600,2020-07-10T15:50:12Z,"As a long-time proponent of AI regulation that is designed to protect public health and safety while also promoting innovation, I believe Congress must not delay in enacting, on a bipartisan basis, Section 102(b) of The Artificial Intelligence Data Protection Act — my proposed legislation and now a House of Representatives Discussion Draft Bill. Guardrails in the form of Section 102(b)’s ethical AI legislation are necessary to maintain the dignity of the individual.
What does Section 102(b) of The AI Data Protection Act provide and why the urgent need for the federal government to enact it now?
To answer these questions, it is first necessary to understand how artificial intelligence (AI) is being used during this historic moment when our democratic society is confronting two simultaneous existential threats. Only then can the risks that AI poses to our individual dignity be recognized, and Section 102(b) be understood as one of the most important remedies to protect the liberties that Americans hold dear and that serve as the bedrock of our society.
America is now experiencing mass protests demanding an end to racism and police brutality, and watching as civil unrest unfolds in the midst of trying to quell the deadly COVID-19 pandemic. Whether we are aware of or approve of it, in both contexts — and in every other facet of our lives — AI technologies are being deployed by government and private actors to make critical decisions about us. In many instances, AI is being utilized to assist society and to get us as quickly as practical to the next normal.
But so far, policymakers have largely overlooked a critical AI-driven public health and safety concern. When it comes to AI, most of the focus has been on the issues of fairness, bias and transparency in data sets used to train algorithms. There is no question that algorithms have yielded bias; one only need to look to employee recruiting and loan underwriting for examples of unfair exclusion of women and racial minorities.
Weve also seen AI generate unintended, and sometimes unexplainable, outcomes from the data. Consider the recent example of an algorithm that was supposed to assist judges with fair sentencing of nonviolent criminals. For reasons that have yet to be explained, the algorithm assigned higher risk scores to defendants younger than 23, resulting in 12% longer sentences than their older peers who had been incarcerated more frequently, while neither reducing incarceration nor recidivism.
But the current twin crises expose another more vexing problem that has been largely overlooked how should society address the scenario where the AI algorithm got it right but from an ethical standpoint, society is uncomfortable with the results? Since AIs essential purpose is to produce accurate predictive data from which humans can make decisions, the time has arrived for lawmakers to resolve not what is possible with respect to AI, but what should be prohibited.
Governments and private corporations have a never-ending appetite for our personal data. Right now, AI algorithms are being utilized around the world, including in the United States, to accurately collect and analyze all kinds of data about all of us. We have facial recognition to surveil protestors in a crowd or to determine whether the general public is observing proper social distancing. There is cell phone data for contact tracing, as well as public social media posts to model the spread of coronavirus to specific zip codes and to predict location, size and potential violence associated with demonstrations. And lets not forget drone data that is being used to analyze mask usage and fevers, or personal health data used to predict which patients hospitalized with COVID have the greatest chance of deteriorating.
Only through the use of AI can this quantity of personal data be compiled and analyzed on such a massive scale.
This access by algorithms to create an individualized profile of our cell phone data, social behavior, health records, travel patterns and social media content — and many other personal data sets — in the name of keeping the peace and curtailing a devastating pandemic can, and will, result in various governmental actors and corporations creating frighteningly accurate predictive profiles of our most private attributes, political leanings, social circles and behaviors.
Left unregulated, society risks these AI-generated analytics being used by law enforcement, employers, landlords, doctors, insurers — and every other private, commercial and governmental enterprise that can collect or purchase it — to make predictive decisions, be they accurate or not, that impact our lives and strike a blow to the most fundamental notions of a liberal democracy. AI continues to assume an ever-expanding role in the employment context to decide who should be interviewed, hired, promoted and fired. In the criminal justice context, it is used to determine who to incarcerate and what sentence to impose. In other scenarios, AI restrict people to their homes, limit certain treatment at the hospital, deny loans and penalize those who disobey social distancing regulations.
Too often, those who eschew any type of AI regulation seek to dismiss these concerns as hypothetical and alarmist. But just a few weeks ago, Robert Williams, a Black man and Michigan resident, was wrongfully arrested because of a false face recognition match. According to news reports and an ACLU press release, Detroit police handcuffed Mr. Williams on his front lawn in front of his wife and two terrified girls, ages two and five. The police took him to a detention center about 40 minutes away, where he was locked up overnight. After an officer acknowledged during an interrogation the next afternoon that the computer must have gotten it wrong, Mr. Williams was finally released nearly 30 hours after his arrest.
While widely believed to be the first confirmed case of AI’s incorrect facial recognition leading to the arrest of an innocent citizen, it seems clear this won’t be the last. Here, AI served as the primary basis for a critical decision that impacted the individual citizen being arrested by law enforcement. But we must not only focus on the fact that the AI failed by identifying the wrong person, denying him his freedom. We must identify and proscribe those instances where AI should not be used as the basis for specified critical decisions — even when it gets it “right.”
As a democratic society, we should be no more comfortable with being arrested for a crime we contemplated but did not commit, or being denied medical treatment for a disease that will undoubtedly end in death over time, as we are with Mr. Williams’ mistaken arrest. We must establish an AI no-fly zone to preserve our individual freedoms. We must not allow certain key decisions to be left solely to the predictive output of artificially intelligent algorithms.
To be clear, this means that even in situations where every expert agrees that the data in and out is completely unbiased, transparent and accurate, there must be a statutory prohibition on utilizing it for any type of predictive or substantive decision-making. This is admittedly counter-intuitive in a world where we crave mathematical certainty, but necessary.
Section 102(b) of the Artificial Intelligence Data Protection Act properly and rationally accomplishes this in the context of both scenarios — where AI generates correct and/or incorrect outcomes. It does this in two key ways.
First, Section 102(b) specifically identifies those decisions which can never be made in whole or in part by AI. For example, it enumerates specific misuses of AI that would prohibit covered entities’ sole reliance on artificial intelligence to make certain decisions. These include recruitment, hiring and discipline of individuals, the denial or limitation of medical treatment, or medical insurance issuers making decisions regarding coverage of a medical treatment. In light of what society has recently witnessed, the prohibited areas should likely be expanded to further minimize the risk that AI will be used as a tool for racial discrimination and harassment of protected minorities.
Second, for certain other specific decisions based on AI analytics that are not outright prohibited, Section 102(b) define those instances where a human must be involved in the decision-making process.
By enacting Section 102(b) without delay, legislators can maintain the dignity of the individual by not allowing the most critical decisions that impact the individual to be left solely to the predictive output of artificially intelligent algorithms.
Mr. Newman is the chair of Baker McKenzies North America Trade Secrets Practice. The views and opinions expressed here are his own."
12,"{'id': 'techcrunch', 'name': 'TechCrunch'}",Zack Whittaker,Microsoft secretly seized domains used in COVID-19-themed email cyberattacks,A court granted Microsoft's request to take control of the domains used by the scammers.,http://techcrunch.com/2020/07/07/microsoft-domains-covid-19-attacks/,https://techcrunch.com/wp-content/uploads/2020/07/GettyImages-513711216.jpg?w=600,2020-07-07T16:00:04Z,"A court has granted a bid by Microsoft to seize and take control of malicious web domains used in a large-scale cyberattack targeting victims in 62 countries with spoofed emails in an effort to defraud unsuspecting businesses.
The technology giant announced the takedown of the business email compromise operation in a Tuesday blog post.
Tom Burt, Microsoft’s consumer security chief, said the attackers tried to gain access to victims’ email inboxes, contacts and other sensitive files in order to send emails to businesses that look like they came from a trusted source. The end goal of the attack is to steal information or redirect wire transfers.
Last year, the FBI said businesses lost more than $1.7 billion as a result of business email compromise attacks.
Microsoft said it first detected and scuppered the operation in December, but that the attackers returned, using the COVID-19 pandemic as a fresh lure to open malicious emails. In one week alone, the attackers sent malicious emails to millions of users, Microsoft said.
Last month, the company secretly sought legal action by asking a federal court to allow it to take control and “sinkhole” the attacker’s domains, effectively shutting down the operation. The court granted Microsoft’s request shortly after but under seal, preventing the attackers from learning of the imminent shutdown of their operation.
Details of the case were unsealed Monday after Microsoft secured control of the domains.
It shows a growing trend of using the U.S. courts system to shut down cyberattacks when time is of the essence, without having to involve the federal authorities, a process that’s frequently cumbersome, bureaucratic, and seldom quick.
“This unique civil case against COVID-19-themed [business email compromise] attacks has allowed us to proactively disable key domains that are part of the criminals malicious infrastructure, which is a critical step in protecting our customers,” said Burt.
Microsoft declined to say who, or if it knew, who was behind the attack but a spokesperson confirmed it was not a nation state-backed operation.
The attack worked by tricking victims into turning over access to their email accounts. Court filings seen by TechCrunch describe how the attackers used “phishing emails are designed to look like they come from an employer or other trusted source,” while designed to look like they are legitimate emails from Microsoft.
The malicious web app that steals victims’ account access tokens. (Image: Microsoft)
Once clicked, the phishing email opens a legitimate Microsoft login page. But once the victim enters their username and password, the victim is redirected to a malicious web app that was built and controlled by the attackers. If the user is tricked into approving the web app access to their accounts, the web app siphons off and sends the victim’s account access tokens to the attackers. Account access tokens are designed to keep users logged in without having to re-enter their passwords, but if stolen and abused, can grant full access to a victim’s account.
Burt said the malicious operation allowed the attackers to trick victims into giving over access to their accounts “without explicitly” requiring the victim to turn over their username and password, “as they would in a more traditional phishing campaign.”
With access to those accounts, the attackers would have full control of the accounts to send spoofed messages designed to trick companies into turning over sensitive information or carry out fraud, a common tactic for financially-driven attackers.
By taking out the attackers’ domains used in the attack, Burt said the civil case against the attackers let the company “to proactively disable key domains that are part of the criminals malicious infrastructure.”
It’s not the first time Microsoft has asked a court to grant it ownership of malicious domains. In the past two years, Microsoft took control of domains belonging to hackers backed by both Russia and Iran."
13,"{'id': 'techcrunch', 'name': 'TechCrunch'}",Jonathan Shieber,Berkeley’s Innovative Genomics Institute is rolling out a spit test for COVID-19 testing,"Scientists from the University of California, Berkeley, have begun trials of a new spit test for COVID-19 infections developed by the university’s Innovative Genomics Institute. Since the disease was first identified on U.S. shores, the Berkeley research inst…",http://techcrunch.com/2020/07/02/berkeleys-innovative-genomics-institute-is-rolling-out-a-spit-test-for-covid-19-testing/,https://techcrunch.com/wp-content/uploads/2020/07/Doudna-Lab-copy.jpg?w=757,2020-07-02T16:31:56Z,"Scientists from the University of California, Berkeley, have begun trials of a new spit test for COVID-19 infections developed by the university’s Innovative Genomics Institute.
Since the disease was first identified on U.S. shores, the Berkeley research institute led by the trailblazing CRISPR researcher Jennifer Doudna has worked tirelessly to bring innovative methods to diagnose and process viral samples and develop potential treatments for the disease to production.
The new saliva-based samples that the university is trialing would obviate the need for trained medical staff wearing personal protective equipment to conduct tests to determine whether an individual is infected.
If the study proves that the new testing method can work as well as nasal swabs, then the Berkeley campus will be able to increase testing of students, faculty and staff ahead of the beginning of the school’s fall semester in late August, according to a statement from the University.
Jennifer Doudna talks with Alex Ehrenberg, a graduate student in integrative biology who is helping organize the FAST trial of saliva tests for COVID-19. (UC Berkeley photo by Irene Yi)
At Berkeley, we hope to bring at least some of our undergraduate students back to campus safely in the fall, and one way to do that is to provide them with asymptomatic regular testing, so that we can be monitoring their health and insuring that they are not transmitting the virus, said Jennifer Doudna, who spearheaded the pop-up diagnostics lab and the saliva testing, in a statement.
Doudna thinks the tests could be conducted in as little as five or six minutes. The study is already open to faculty, staff and students who can sign up to participate in the Free Asymptomatic Saliva Testing study on the institute’s website.
As opposed to swab testing, saliva testing is a lot simpler and allows people to literally spit into a tube, Doudna said. We think it will take about five or six minutes as they pass through our testing center here, so we hope to make this very painless, easy and simple for people to come by and get tested.
Graduate students, faculty and staff who are authorized to work on campus can sign up to participate in the Free Asymptomatic Saliva Testing (FAST) study on the IGI website.
The tests rely on polymerase chain reactions which have already received Emergency Use Authorization for at-home testing from the Food and Drug Administration.
Using the CRISPR-Cas proteins, whose application for genetic engineering was pioneered by Doudna and her fellow researchers, the IGI is working on a less expensive, point-of-care home test that could give people results in minutes without the need for a laboratory analysis.
The Innovative Genomics Institute was founded by Doudna in 2014 and by Berkeley and the University of California San Francisco to advance CRISPR-based genome editing.
Earlier in June, the institute brought a new robotic handling system to accelerate testing capacity for the disease to 1,000 tests per day, according to a statement from the University. 
When the pandemic hit, we asked ourselves, What do we as scientists do to address the COVID-19 health emergency? Doudna said, in a statement. That effort has focused on testing. We set up a clinical laboratory, we are now getting asymptomatic saliva testing going for the UC Berkeley campus. We hope that if it works well here, we can help disseminate this strategy elsewhere."
14,"{'id': 'techcrunch', 'name': 'TechCrunch'}",Zack Whittaker,This startup reworked its privacy-friendly sensors to help battle COVID-19,"One little-known home and retail automation startup might seem like an unlikely candidate to help combat the ongoing pandemic. But its founder says its technology can do just that, even if it wasn’t the company’s original plan. Butlr, a spin-out of the MIT Me…",http://techcrunch.com/2020/07/23/butlr-privacy-sensors-coronavirus/,https://techcrunch.com/wp-content/uploads/2020/07/butlr.jpg?w=600,2020-07-23T22:05:35Z,"One little-known home and retail automation startup might seem like an unlikely candidate to help combat the ongoing pandemic. But its founder says its technology can do just that, even if it wasn’t the company’s original plan.
Butlr, a spin-out of the MIT Media Lab, uses a mix of wireless, battery-powered hardware and artificial intelligence to track people’s movements indoors without violating their privacy. The startup uses ceiling-mounted sensors to detect individuals’ body heat to track where a person walks and where they might go next. The use-cases are near-endless. The sensors can turn on mood-lighting or air conditioning when it detects movement, help businesses understand how shoppers navigate their stores, determine the wait-time in the queues at the checkout, and even sound the alarm if it detects a person after-hours.
By using passive infrared sensors to detect only body heat, the sensors don’t know who you are only where you are and where you’re heading. The tracking stops as soon as you leave the sensor’s range, like when you leave a store.
The technology is in high demand. Butlr says some 200,000 retail stores use its technology, not least because it’s far cheaper than the more privacy-invading and expensive alternatives, like surveillance cameras and facial recognition.
But when the pandemic hit, most of those stores closed as effectively did entire cities and nations to counter the ongoing threat from of COVID-19. But those stores would have to open again, and so Butlr got back to work.
Butlr’s privacy-friendly body heat sensors don’t know who you are only where you are. Now the company is retooling its technology to help combat coronavirus. (Image: Butlr)
Butlr’s co-founder Honghao Deng told TechCrunch that it began retooling its technology to help support stores opening again.
The company quickly rolled out new software features like maximum occupancy and queue management to help stores with sensors already installed cope with the new but ever-changing laws and guidance that businesses had to comply with.
Deng said that the sensors can make sure no more than the allowed number of people can be in a store at once, and make sure that staff are protected from customers by helping to enforce social distancing rules. Customers can also see live queue data to help them pick a less-crowded time to shop, said Deng.
All these things before a pandemic might have sounded, frankly, a little dull. Fast forward to the middle of a pandemic and you’re probably thankful for all the help and the technology you can get.
Butlr tested its new features in China at the height of the pandemic’s rise in February, and later rolled out to its global customers, including in the United States. Deng said Butlr’s technology is already helping customers at furniture store Steelcase, supermarket chain 99 Ranch Market, and the Louvre Museum in Abu Dhabi to help them reopen while minimizing the risk to others.
It’s a pivot that’s paid off. Last month Butlr raised $1.2 million in seed funding, just as the pandemic was reaching its peak in the United States.
Nobody knew a pandemic was coming, not least Deng. And as the pandemic spread, businesses have suffered. If it wasn’t for quick thinking, Butlr might’ve been another startup that succumbed to the pandemic.
Instead, the startup is probably going to help save lives and without compromising anyone’s privacy."
15,"{'id': 'techcrunch', 'name': 'TechCrunch'}",Rita Liao,Tencent and Chinese scientists use deep learning to predict fatal COVID-19 cases,"Tech firms around the world are in an overdrive to help battle the coronavirus pandemic. Research showed that 6.5% of COVID-19 patients can suddenly progress to serious illness, and among them the mortality rate can be as high as 49%. Therefore one of the key…",http://techcrunch.com/2020/07/21/tencent-coronavirus-prediction/,https://techcrunch.com/wp-content/uploads/2020/04/GettyImages-1209271729.jpg?w=600,2020-07-22T06:02:48Z,"Tech firms around the world are in an overdrive to help battle the coronavirus pandemic. Research showed that 6.5% of COVID-19 patients can suddenly progress to serious illness, and among them the mortality rate can be as high as 49%. Therefore one of the key tasks for health authorities is to identify and treat patients who may develop severe or fatal syndromes early on.
That’s what has been underway at a research team jointly established by Tencent AI Lab and a group of Chinese public health scientists headed by Zhong Nanshan, the country’s senior medical advisor on COVID-19, since its inception in February.
This week, the team unveiled a deep learning-based model that can predict the risk of coronavirus patients developing critical illness. The details were published in Nature Communications, recounting how the the lab devised the model based on a cohort of 1590 patients from 575 medical centers in China, with further validation from 1393 patients.
The joint lab made the predictor available online, allowing clinical staff around the world to calculate patients’ probability of developing critical illness within 5, 10, and 30 days using ten clinical variables. While its immediate focus is on COVID-19, the lab’s long-term mission, in its own words, is to “utilize big data and AI for the screening, prevention and control, and warning of outbreaks, respiratory diseases and thoracic diseases.”
Other Chinese tech giants have been taking up similar projects to contain the deadly virus. Using machine and deep learning, Alibaba built a tool for institutions to forecast the spread of COVID-19 with an alleged 90% accuracy rate. Baidu open-sourced an algorithm for viral structural analysis, claiming the process is 120 times faster than the traditional method.
Tencent AI Lab is the tech behemoth’s effort to stay afloat in a race to develop cutting-edge technology alongside money-making businesses such as video games and social networks. Launched in 2016, the research arm works on computer vision, speech recognition, natural language processing, and machine learning through a team of 70 research scientists and 300 engineers.
The lab competes with its local counterparts like Alibaba’s Damo Academy and Baidu Research to hunt down the world’s best AI minds. Often that means hiring a well-established scientist to attract young talents. In recent years, Baidu suffered from the departure of Andrew Ng and Lu Qi, and Tencent AI Lab, too, lost its leading figure Zhang Tong last year."
16,"{'id': 'techcrunch', 'name': 'TechCrunch'}",Taylor Hatmaker,California is investigating concerns about COVID-19 safety at Amazon centers,"According to a new court filing, multiple California state offices are actively investigating Amazon over worker safety concerns as the coronavirus continues to rage throughout the U.S. In the filing, reported by Reuters, a San Francisco Superior Court Judge …",http://techcrunch.com/2020/07/27/california-amazon-probe-attorney-general/,https://techcrunch.com/wp-content/uploads/2020/03/GettyImages-1215765218.jpg?w=600,2020-07-27T20:07:32Z,"According to a new court filing, multiple California state offices are actively investigating Amazon over worker safety concerns as the coronavirus continues to rage throughout the U.S.
In the filing, reported by Reuters, a San Francisco Superior Court Judge Ethan Schulman writes that California Attorney General Xavier Becerra, California’s Division of Occupational Safety and Health and San Francisco’s Department of Public Health have all opened investigations into the online retail giant’s workplace practices in light of the pandemic. The Attorney General’s office declined to comment when reached by TechCrunch.
While Amazon faced frequent criticism for worker well being before the pandemic, the ongoing crisis has made those concerns even more stark. With white-collar workers sent home, the virus has spread quickly through clusters of employees at factory floors and warehouses nationwide where social distancing isn’t enforced. Amazon’s own shipping centers have reported outbreaks, including one in the Pocono Mountains and another in Oregon and by May eight Amazon warehouse workers had died from the virus.
The disclosure of the three California state investigations came out of court case accusing Amazon of failing to adequately protect workers in a San Francisco Amazon Fresh Fulfillment Center. In the lawsuit, filed in March, Amazon Fresh worker Chiyomi Brent accuses the company of taking risks, including sharing the suits they wear into freezers without cleaning them after each use. Brent also filed a complaint with California’s Division of Occupational Safety and Health, which is now looking into Amazon’s distribution center practices."
17,"{'id': 'techcrunch', 'name': 'TechCrunch'}",Devin Coldewey,"R&D Roundup: Supercomputer COVID-19 insights, ionic spiderwebs, the whiteness of AI","I see far more research articles than I could possibly write up. This column collects the most interesting of those papers and advances, along with notes on why they may prove important in the world of tech and startups. This week: supercomputers take on COVI…",http://techcrunch.com/2020/08/07/rd-roundup-supercomputer-covid-19-insights-ionic-spiderwebs-the-whiteness-of-ai/,https://techcrunch.com/wp-content/uploads/2020/08/BeetleCameraWEB012.jpg?w=600,2020-08-07T19:36:25Z,"I see far more research articles than I could possibly write up. This column collects the most interesting of those papers and advances, along with notes on why they may prove important in the world of tech and startups. This week: supercomputers take on COVID-19, beetle backpacks, artificial spiderwebs, the “overwhelming whiteness” of AI and more.
First off, if (like me) you missed this amazing experiment where scientists attached tiny cameras to the backs of beetles, I don’t think I have to explain how cool it is. But you may wonder… why do it? Prolific UW researcher Shyam Gollakota and several graduate students were interested in replicating some aspects of insect vision, specifically how efficient the processing and direction of attention is.
The camera backpack has a narrow field of view and uses a simple mechanism to direct its focus rather than processing a wide-field image at all times, saving energy and better imitating how real animals see. “Vision is so important for communication and for navigation, but its extremely challenging to do it at such a small scale. As a result, prior to our work, wireless vision has not been possible for small robots or insects,” said Gollakota. You can watch the critters in action below — and don’t worry, the beetles lived long, happy lives after their backpack-wearing days.
The health and medical community is always making interesting strides in technology, but it’s often pretty niche stuff. These two items from recent weeks are a bit more high-profile.
One is a new study being conducted by UCLA in concert with Apple, which especially with its smartwatch has provided lots of excellent data to, for example, studies of arrhythmia. In this case, doctors are looking at depression and anxiety, which are considerably more difficult to quantify and detect. But by using Apple Watch, iPhone and sleep monitor measurements of activity levels, sleep patterns and so on, a large body of standardized data can be amassed."
18,"{'id': 'techcrunch', 'name': 'TechCrunch'}",Taylor Hatmaker,Facebook just took down a Trump post that claimed kids are immune to COVID-19,"Facebook took down a video President Trump posted to his account Wednesday, citing its rules against false claims about the coronavirus. The decision to remove the video signals a new direction for Facebook, which has been taking incremental steps recently to…",http://techcrunch.com/2020/08/05/facebook-trump-false-covid-claim-fox-news/,https://techcrunch.com/wp-content/uploads/2020/06/GettyImages-1222123582.jpg?w=601,2020-08-06T00:14:38Z,"Facebook took down a video President Trump posted to his account Wednesday, citing its rules against false claims about the coronavirus. The decision to remove the video signals a new direction for Facebook, which has been taking incremental steps recently to distance itself from the perception that the company deliberately turns a blind eye to the president’s potentially harmful behavior.
The video in question was a clip from a Fox News segment from Wednesday morning in which the president makes the unsubstantiated claim that children are “almost immune” to COVID-19. While much remains unknown about the novel coronavirus, children can contract COVID-19 and are believed to be able to spread it to others, even without symptoms.
“This video includes false claims that a group of people is immune from COVID-19 which is a violation of our policies around harmful COVID misinformation,” Facebook’s Liz Bourgeois said in a statement provided to TechCrunch.
Twitter also removed a link to the same video clip, which the official Trump Twitter account @TeamTrump shared earlier on Wednesday. Links to the tweet now point Twitter users to a message that the tweet violated Twitter’s rules and is no longer available."
19,"{'id': 'techcrunch', 'name': 'TechCrunch'}",Natasha Mascarenhas,"Anu Duggal on COVID-19, promoting diversity and building a fund","It has been nearly a decade since Anu Duggal, founding partner of Female Founders Fund, started raising money to invest in women-led startups. In 2020, the investor says her thesis — that there will be a generation of successful venture-backed businesses buil…",http://techcrunch.com/2020/08/21/anu-duggal-on-covid-19-promoting-diversity-and-building-a-fund/,https://techcrunch.com/wp-content/uploads/2017/05/img_1192.jpg?w=600,2020-08-21T18:46:55Z,"It has been nearly a decade since Anu Duggal, founding partner of Female Founders Fund, started raising money to invest in women-led startups. In 2020, the investor says her thesis — that there will be a generation of successful venture-backed businesses built by women — is one you cant avoid.
“Youcan’targuewiththatanymore,” she said. “There are going to be some people who take a little longer to kind of accept that this is a long-term development, and there’s some that have recognized this is the future.”
We brought Duggal on to Extra Crunch Live on Thursday to discuss how her work is changing amid unprecedented times.
She, like many investors, says she has taken on the new normal as the new normal and is invested in startups without ever meeting founders in-person. But how does the breakdown of traditional networks impact female founders?
I wouldnt say were seeing new tailwinds yet, she said, on the focus to invest in female founders. I think were still kind of in the early innings of corona. I will say, though, that theres reason to be optimistic.
Duggal talks about bright spots in this dumpster fire of a year, scout programs and the lipstick effect in the full session, which is available below. You can sign up for Extra Crunch here if you still need access.
We felt strongly about disclosing diversity data because, you know, we invest 100% in companies started by women and so we’re already at somewhat of an advantage compared to most of the industry. I think the reason we did it was to show that we’re not patting ourselves on the back. We still have more work to do. And here’s what we’re going to do, here are the action steps we’re taking."
