,source,author,title,description,url,urlToImage,publishedAt,content
0,"{'id': 'techcrunch', 'name': 'TechCrunch'}",Natasha Lomas,An EU coalition of techies is backing a “privacy-preserving” standard for COVID-19 contacts tracing,"A European coalition of techies and scientists drawn from at least eight countries, and led by Germany’s Fraunhofer Heinrich Hertz Institute for telecoms (HHI), is working on contacts-tracing proximity technology for COVID-19 that’s designed to comply with th…",http://techcrunch.com/2020/04/01/an-eu-coalition-of-techies-is-backing-a-privacy-preserving-standard-for-covid-19-contacts-tracing/,https://techcrunch.com/wp-content/uploads/2020/03/GettyImages-1210900116.jpeg?w=640,2020-04-01T21:16:26Z,"A European coalition of techies and scientists drawn from at least eight countries, and led by Germany’s Fraunhofer Heinrich Hertz Institute for telecoms (HHI), is working on contacts-tracing proximity technology for COVID-19 that’s designed to comply with the region’s strict privacy rules — officially unveiling the effort today.
China-style individual-level location-tracking of people by states via their smartphones even for a public health purpose is hard to imagine in Europe — which has a long history of legal protection for individual privacy. However the coronavirus pandemic is applying pressure to the region’s data protection model, as governments turn to data and mobile technologies to seek help with tracking the spread of the virus, supporting their public health response and mitigating wider social and economic impacts.
Scores of apps are popping up across Europe aimed at attacking coronavirus from different angles. European privacy not-for-profit, noyb, is keeping an updated list of approaches, both led by governments and private sector projects, to use personal data to combat SARS-CoV-2 — with examples so far including contacts tracing, lockdown or quarantine enforcement and COVID-19 self-assessment.
The efficacy of such apps is unclear — but the demand for tech and data to fuel such efforts is coming from all over the place.
In the UK the government has been quick to call in tech giants, including Google, Microsoft and Palantir, to help the National Health Service determine where resources need to be sent during the pandemic. While the European Commission has been leaning on regional telcos to hand over user location data to carry out coronavirus tracking — albeit in aggregated and anonymized form.
The newly unveiled Pan-European Privacy-Preserving Proximity Tracing (PEPP-PT) project is a response to the coronavirus pandemic generating a huge spike in demand for citizens’ data that’s intended to offer not just an another app — but what’s described as “a fully privacy-preserving approach” to COVID-19 contacts tracing.
The core idea is to leverage smartphone technology to help disrupt the next wave of infections by notifying individuals who have come into close contact with an infected person — via the proxy of their smartphones having been near enough to carry out a Bluetooth handshake. So far so standard. But the coalition behind the effort wants to steer developments in such a way that the EU response to COVID-19 doesn’t drift towards China-style state surveillance of citizens.
While, for the moment, strict quarantine measures remain in place across much of Europe there may be less imperative for governments to rip up the best practice rulebook to intrude on citizens’ privacy, given the majority of people are locked down at home. But the looming question is what happens when restrictions on daily life are lifted?
Contacts tracing — as a way to offer a chance for interventions that can break any new infection chains — is being touted as a key component of preventing a second wave of coronavirus infections by some, with examples such as Singapore’s TraceTogether app being eyed up by regional lawmakers.
Singapore does appear to have had some success in keeping a second wave of infections from turning into a major outbreak, via an aggressive testing and contacts-tracing regime. But what a small island city-state with a population of less than 6M can do vs a trading bloc of 27 different nations whose collective population exceeds 500M doesn’t necessarily seem immediately comparable.
Europe isn’t going to have a single coronavirus tracing app. It’s already got a patchwork. Hence the people behind PEPP-PT offering a set of “standards, technology, and services” to countries and developers to plug into to get a standardized COVID-19 contacts-tracing approach up and running across the bloc.
The other very European flavored piece here is privacy — and privacy law. “Enforcement of data protection, anonymization, GDPR [the EU’s General Data Protection Regulation] compliance, and security” are baked in, is the top-line claim.
“PEPP-PR was explicitly created to adhere to strong European privacy and data protection laws and principles,” the group writes in an online manifesto. “The idea is to make the technology available to as many countries, managers of infectious disease responses, and developers as quickly and as easily as possible.
“The technical mechanisms and standards provided by PEPP-PT fully protect privacy and leverage the possibilities and features of digital technology to maximize speed and real-time capability of any national pandemic response.”
Hans-Christian Boos, one of the project’s co-initiators — and the founder of an AI company called Arago –discussed the initiative with German newspaper Der Spiegel, telling it: “We collect no location data, no movement profiles, no contact information and no identifiable features of the end devices.”
The newspaper reports PEPP-PT’s approach means apps aligning to this standard would generate only temporary IDs — to avoid individuals being identified. Two or more smartphones running an app that uses the tech and has Bluetooth enabled when they come into proximity would exchange their respective IDs — saving them locally on the device in an encrypted form, according to the report.
Der Spiegel writes that should a user of the app subsequently be diagnosed with coronavirus their doctor would be able to ask them to transfer the contact list to a central server. The doctor would then be able to use the system to warn affected IDs they have had contact with a person who has since been diagnosed with the virus — meaning those at risk individuals could be proactively tested and/or self-isolate.
On its website PEPP-PT explains the approach thus:
Mode 1If a user is not tested or has tested negative, the anonymous proximity history remains encrypted on the users phone and cannot be viewed or transmitted by anybody. At any point in time, only the proximity history that could be relevant for virus transmission is saved, and earlier history is continuously deleted.
Mode 2If the user of phone A has been confirmed to be SARS-CoV-2 positive, the health authorities will contact user A and provide a TAN code to the user that ensures potential malware cannot inject incorrect infection information into the PEPP-PT system. The user uses this TAN code to voluntarily provide information to the national trust service that permits the notification of PEPP-PT apps recorded in the proximity history and hence potentially infected. Since this history contains anonymous identifiers, neither person can be aware of the others identity.
Providing further detail of what it envisages as “Country-dependent trust service operation”, it writes: “The anonymous IDs contain encrypted mechanisms to identify the country of each app that uses PEPP-PT. Using that information, anonymous IDs are handled in a country-specific manner.”
While on healthcare processing is suggests: “A process for how to inform and manage exposed contacts can be defined on a country by country basis.”
Among the other features of PEPP-PT’s mechanisms the group lists in its manifesto are:
<ul><li>Backend architecture and technology that can be deployed into local IT infrastructure and can handle hundreds of millions of devices and users per country instantly.</li><li>Managing the partner network of national initiatives and providing APIs for integration of PEPP-PT features and functionalities into national health processes (test, communication, ) and national system processes (health logistics, economy logistics, ) giving many local initiatives a local backbone architecture that enforces GDPR and ensures scalability.</li><li>Certification Service to test and approve local implementations to be using the PEPP-PT mechanisms as advertised and thus inheriting the privacy and security testing and approval PEPP-PT mechanisms offer.</li></ul>Having a standardized approach that could be plugged into a variety of apps would allow for contacts tracing to work across borders — i.e. even if different apps are popular in different EU countries — an important consideration for the bloc, which has 27 Member States.
However there may be questions about the robustness of the privacy protection designed into the approach — if, for example, pseudonymized data is centralized on a server that doctors can access there could be a risk of it leaking and being re-identified. And identification of individual device holders would be legally risky.
Europe’s lead data regulator, the EDPS, recently made a point of tweeting to warn an MEP (and former EC digital commissioner) against the legality of applying Singapore-style Bluetooth-powered contacts tracing in the EU — writing: “Please be cautious comparing Singapore examples with European situation. Remember Singapore has a very specific legal regime on identification of device holder.”
Dear Mr. Commissioner, please be cautious comparing Singapoore examples with European situation. Remember Singapore has a very specific legal regime on identification of device holder.
— Wojtek Wiewiorowski (@W_Wiewiorowski) March 27, 2020
A spokesman for the EDPS told us it’s in contact with data protection agencies of the Member States involved in the PEPP-PT project to collect “relevant information”.
“The general principles presented by EDPB on 20 March, and by EDPS on 24 March are still relevant in that context,” the spokesman added — referring to guidance issued by the privacy regulators last month in which they encouraged anonymization and aggregation should Member States want to use mobile location data for monitoring, containing or mitigating the spread of COVID-19. At least in the first instance.
“When it is not possible to only process anonymous data, the ePrivacy Directive enables Member States to introduce legislative measures to safeguard public security (Art. 15),” the EDPB further noted.
“If measures allowing for the processing of non-anonymised location data are introduced, a Member State is obliged to put in place adequate safeguards, such as providing individuals of electronic communication services the right to a judicial remedy.”
We reached out to the HHI with questions about the PEPP-PT project and were referred to Boos — but at the time of writing had been unable to speak to him.
“The PEPP-PT system is being created by a multi-national European team,” the HHI writes in a press release about the effort. “It is an anonymous and privacy-preserving digital contact tracing approach, which is in full compliance with GDPR and can also be used when traveling between countries through an anonymous multi-country exchange mechanism. No personal data, no location, no Mac-Id of any user is stored or transmitted. PEPP-PT is designed to be incorporated in national corona mobile phone apps as a contact tracing functionality and allows for the integration into the processes of national health services. The solution is offered to be shared openly with any country, given the commitment to achieve interoperability so that the anonymous multi-country exchange mechanism remains functional.”
“PEPP-PTs international team consists of more than 130 members working across more than seven European countries and includes scientists, technologists, and experts from well-known research institutions and companies,” it adds.
“The result of the teams work will be owned by a non-profit organization so that the technology and standards are available to all. Our priorities are the well being of world citizens today and the development of tools to limit the impact of future pandemics — all while conforming to European norms and standards.”
The PEPP-PT says its technology-focused efforts are being financed through donations. Per its website, it says it’s adopted the WHO standards for such financing — to “avoid any external influence”.
Of course for the effort to be useful it relies on EU citizens voluntarily downloading one of the aligned contacts tracing apps — and carrying their smartphone everywhere they go, with Bluetooth enabled.
Without substantial penetration of regional smartphones it’s questionable how much of an impact this initiative, or any contacts tracing technology, could have. Although if such tech were able to break even some infection chains people might argue it’s not wasted effort.
Notably, there are signs Europeans are willing to contribute to a public healthcare cause by doing their bit digitally — such as a self-reporting COVID-19 tracking app which last week racked up 750,000 downloads in the UK in 24 hours.
But, at the same time, contacts tracing apps are facing scepticism over their ability to contribute to the fight against COVID-19. Not everyone carries a smartphone, nor knows how to download an app, for instance. There’s plenty of people who would fall outside such a digital net.
Meanwhile, while there’s clearly been a big scramble across the region, at both government and grassroots level, to mobilize digital technology for a public health emergency cause there’s arguably greater imperative to direct effort and resources at scaling up coronavirus testing programs — an area where most European countries continue to lag.
Germany — where some of the key backers of the PEPP-PT are from — being the most notable exception."
1,"{'id': 'techcrunch', 'name': 'TechCrunch'}",Darrell Etherington,NASA issues agency-wide crowdsourcing call for ideas around COVID-19 response,"There’s crowdsourcing a problem, and then there’s crowdsourcing a problem within NASA, where some of the smartest, most creative and resourceful problem-solvers in the world solve real-world challenges daily as part of their job. That’s why it’s uplifting to …",http://techcrunch.com/2020/04/01/nasa-issues-agency-wide-crowdsourcing-call-for-ideas-around-covid-19-response/,https://techcrunch.com/wp-content/uploads/2020/04/GettyImages-137599130.jpg?w=618,2020-04-01T21:14:57Z,"There’s crowdsourcing a problem, and then there’s crowdsourcing a problem within NASA, where some of the smartest, most creative and resourceful problem-solvers in the world solve real-world challenges daily as part of their job. That’s why it’s uplifting to hear that NASA has issued a call to its entire workforce to come up with potential ways the agency and its resources can contribute to the ongoing effort to with the current coronavirus pandemic.
NASA is using its crowdsourcing platform NASA @ WORK, which it uses to internally source creative solutions to persistent problems, in order to collect creative ideas about new ways to address the COVID-19 crisis and the various problems it presents. Already, NASA is engaged in a few different ways, including offering supercomputing recourses for treatment research, and working on developing AI solutions that can help provide insight into key scientific investigations that are ongoing around the virus.
There is a degree of specificity in the open call NASA put to its workforce: It identified key areas where solutions are most urgently needed, working together with the White House and other government agencies involved in the response, and determined that NASA staff efforts should focus on addressing shortfalls and gaps in the availability of personal protective equipment, ventilation hardware, and ways to monitor and track the coronavirus spread and transmission. That’s not to say NASA doesn’t want to hear solutions about other COVID-19 issues, just that these are the areas where they’ve identified the most current need.
To add some productive time-pressure to this endeavor, NASA is looking for submissions from staff on all the areas above to be made via NASA @ WORK by April 15. Then there’ll be a process of assessing what’s most viable, and allocating resources to make those a reality. Any products or designs that result will be made “open source for any business or country to use,” the agency says with the caveat that this might not be strictly possible in all cases depending on the specific technologies involved."
2,"{'id': 'techcrunch', 'name': 'TechCrunch'}",Ron Miller,"AWS, IBM launch programs to encourage developers solving COVID-19 problems","As society comes to grips with the growing worldwide crisis related to the COVID-19 virus, many companies are stepping up in different ways. Today, two major tech companies — Amazon and IBM — each announced programs to encourage developers find solutions to a…",http://techcrunch.com/2020/03/20/aws-ibm-launch-programs-to-encourage-developers-solving-covid-19-problems/,https://techcrunch.com/wp-content/uploads/2020/03/GettyImages-1189873851.jpg?w=764,2020-03-20T21:35:53Z,"As society comes to grips with the growing worldwide crisis related to the COVID-19 virus, many companies are stepping up in different ways. Today, two major tech companies — Amazon and IBM — each announced programs to encourage developers find solutions to a variety of problems related to the pandemic.
For starters, AWS, Amazon’s cloud arm, announced the AWS Diagnostic Development Initiative. It has set aside $20 million, which it will distribute in the form of AWS credits and technical support. The program is designed to assist and encourage teams working on COVID-19 diagnostic issues with the goal of developing better diagnostic tooling.
“In our Amazon Web Services (AWS) business, one area where we have heard an urgent need is in the research and development of diagnostics, which consist of rapid, accurate detection and testing of COVID-19. Better diagnostics will help accelerate treatment and containment, and in time, shorten the course of this epidemic,” Teresa Carlson wrote in the company’s Day One blog today.
The program aims to help customers who are working on building diagnostics solutions to bring products to market more quickly, and also encouraging teams to work together who are working on related problems.
The company also announced, it was forming an advisory group made up of scientists and health policy experts to assist companies involved with initiative.
Meanwhile IBM is refocusing its 2020 Call for Code Global Challenge developer contest on not only solving problem related to global climate change, which was this year’s original charter, but also solving issues around the growing virus crisis by building open source tooling.
“In a very short period of time, COVID-19 has revealed the limits of the systems we take for granted. The 2020 Call for Code Global Challenge will arm you with resources […] to build open source technology solutions that address three main COVID-19 areas: crisis communication during an emergency, ways to improve remote learning, and how to inspire cooperative local communities,” the company wrote in a blog post.
All of these areas are being taxed as more people are forced to stay in-doors as we to try and contain the virus. The company hopes to incentivize developers working on these issues to help solve some of these problems.
During a time of extreme social and economic upheaval when all aspects of society are being affected, businesses, academia and governments need to work together to solve a myriad of problems related to the virus. These are just a couple examples of that."
3,"{'id': 'techcrunch', 'name': 'TechCrunch'}",Megan Rose Dickey,Instacart shopper ratings won’t affect access to orders during COVID-19 pandemic,"As a way to try to ease some of the pressure and low ratings gig workers may face from panicked customers, Instacart has made some changes to its app. The first is that shopper ratings won’t affect their access to orders during the pandemic. Instacart will al…",http://techcrunch.com/2020/03/17/instacart-covid-19/,https://techcrunch.com/wp-content/uploads/2019/06/instacart-0227-2117-final.jpg?w=764,2020-03-17T18:20:51Z,"As a way to try to ease some of the pressure and low ratings gig workers may face from panicked customers, Instacart has made some changes to its app. The first is that shopper ratings won’t affect their access to orders during the pandemic. Instacart will also forgive all ratings under five stars.
Instacart, in a blog post, said it made this change based on feedback from shoppers.
2. Every delivery app is overwhelmed with orders. If your order shows up outside your original delivery window, it's probably not your shoppers fault. We get the order, we shop the order, we deliver the order. Finding replacements and standing in long lines take extra time. 3/7
— I'm Gonna Cook That! (@GonnaCookThat) March 16, 2020
Shoppers can also cancel batches leading up until they arrive at the store. And if a customer’s entire order is out of stock, Instacart will automatically cancel the order and notify the customer, so that the shopper does not have to contact the support team.
Were continuing to see a surge in demand across our platform as consumers increasingly rely on Instacart as an essential service to get the fresh groceries and household goods they need,” an Instacart spokesperson said in a statement. “As part of this growth, weve built new product features and increased flexibility for shoppers to help them continue delivering for customers during this busy time. We have more shoppers on the platform than ever before and we have the capacity for more people to join Instacart as a flexible earnings opportunity to pick, pack, and deliver groceries. As customer demand continues, our team is working around the clock to best serve shoppers so they can continue being household heroes for families across North America.”
Lastly, Instacart now allows shoppers to use Apple Pay or Google Pay to checkout, and is working with its retail partners to introduce item caps to prevent customers from ordering more than the in-store purchase limits.
These product changes come a few days after Instacart announced it would offer up to two weeks of pay for any shopper who is diagnosed with COVID-19 or placed in quarantine by a public health authority. In California, some gig workers would rather companies like Instacart, DoorDash and Uber make them W2 employees and offer them benefits like health care, paid sick leave, disability leave and more. Last week, Gig Workers Rising called on California legislators to enforce the new AB-5 law that would ensure companies classify workers as W2 employees instead of independent contractors. It’s worth noting that Instacart is one of the companies working to combat AB5 in a proposed ballot initiative.
“…The occupational accident insurance provisions included in the measure would cover drivers the same as workers compensation insurance covers W2 employees,” a spokesperson for the Protect App-Based Drivers &amp; Services Act told TechCrunch in a statement. “It would cover medical expenses and disability payments for drivers who became ill on the job, either from Coronavirus or another illness. The flexibility, the minimum wage guarantee, the health insurance and the insurance coverage make the ballot measure more imperative now than ever.”"
4,"{'id': 'techcrunch', 'name': 'TechCrunch'}",Natasha Lomas,Uber Eats beefs up its grocery delivery offer as COVID-19 lockdowns continue,Uber Eats has beefed up grocery delivery options in three markets hard hit by the coronavirus. Uber’s food delivery division said today it’s inked a partnership with supermarket giant Carrefour in France to provide Parisians with 30 minute home delivery on a …,http://techcrunch.com/2020/04/01/uber-eats-beefs-up-its-grocery-delivery-offer-as-covid-19-lockdowns-continue/,https://techcrunch.com/wp-content/uploads/2019/04/uber-eats-icon-ios.jpg?w=711,2020-04-01T08:03:41Z,"Uber Eats has beefed up grocery delivery options in three markets hard hit by the coronavirus.
Uber’s food delivery division said today it’s inked a partnership with supermarket giant Carrefour in France to provide Parisians with 30 minute home delivery on a range of grocery products, including everyday foods, toiletries and cleaning products.
The service is starting with 15 stores in the city, with Uber Eats saying it plans to scale it out rapidly nationwide “in the coming weeks”.
In Spain it’s partnered with the Galp service station brand to offer a grocery delivery service that consists of basic foods, over the counter medicines, beverages and cleaning products in 15 cities across the following 8 provinces: Badajoz, Barcelona, Cádiz, Córdoba, Madrid, Málaga, Palma de Mallorca and Valencia.
Uber Eats said there will be an initial 25 Galp convenience stores participating. The service will not only be offered via the Uber Eats app but also by phone for those without access to a smartphone or Internet.
The third market it’s inked deals in is Brazil, where Uber said it’s partnering with a range of pharmacies, convenience stores and pet shops in Sao Paulo to offer home delivery on basic supplies.
“Over the counter medicines will be available from the Pague Menos chain of pharmacies, grocery products from Shell Select convenience stores and pet supplies from Cobasi — one of the largest pet shop chains in the country,” it said. “The new services will be available on the Uber Eats app, with plans to launch in other Brazil states and cities in the coming weeks.”
The grocery tie-ups are not Uber Eats’ first such deals. The company had already inked partnerships with a supermarket in Australia (Coles) and the Costcutter brand in the UK, where around 600 independent convenience stores are offered via its app.
Uber Eats also lets independent convenience stores in countries around the world self listed on its app. However the latest tie-ups put more branded meat on the bone of its grocery offer in Europe and LatAm — with the Carrefour tie-up in France marking its first partnership with a major supermarket in Europe.
It’s worth noting Spain’s food delivery rival, Glovo, has an existing grocery-delivery partnership with the French supermarket giant in markets including its home country — which likely explains why Uber Eats has opted for a different partner in Spain.
Asked whether it’s looking to further expand grocery deliveries in other markets hit by the public health emergency Uber Eats told us it’s exploring opportunities to partner with more supermarkets, convenience stores and other retailers around the world.
As part of its response to the threat posed by the COVID-19 pandemic, the company has switched all deliveries to contactless by default — with orders left at the door or as instructed by a user.
It also told us it’s providing drivers and delivery people with access to hand sanitiser, gloves and disinfectant wipes, as soon as they become available. And said it’s dispensing guidance to users of its apps on hygiene best practice and limiting the spread of the virus.
Uber Eats has previously said it will provide 14 days of financial support for drivers and delivery people who get diagnosed with COVID-19 or are personally placed in quarantine by a public health authority due to their risk of spreading the virus, with the amount based on their average earnings over the last six months or less.
The policy is due for review on April 6."
5,"{'id': 'techcrunch', 'name': 'TechCrunch'}",Megan Rose Dickey,Wheels pauses shared bikes service to try to limit spread of COVID-19,"In light of growing concerns around COVID-19, Wheels has decided to pause its pedal-less e-bike operations until the end of March, the company announced today. “After weighing the pros and cons, we’ve decided that the best course of action is to temporarily s…",http://techcrunch.com/2020/03/19/wheels-pauses-shared-bikes-service-to-try-to-limit-spread-of-covid-19/,https://techcrunch.com/wp-content/uploads/2019/12/o5tmK7W4.jpeg?w=600,2020-03-19T17:04:35Z,"In light of growing concerns around COVID-19, Wheels has decided to pause its pedal-less e-bike operations until the end of March, the company announced today.
“After weighing the pros and cons, weve decided that the best course of action is to temporarily stop deploying bikes until the end of March and to revisit this then,” the company said in an announcement today. “To be clear, we strongly believe that micromobility in general, and Wheels in particular, is in a unique position to help our communities get through the current challenges. This temporary pause will help position us to deliver on that, and we will be announcing some exciting news on that front in the very near future.”
Wheels is not the first micromobility startup to pause operations during this pandemic. Yesterday, Lime paused its operations in a handful of markets, citing concerns about the coronavirus. Spin, on the other hand, has decided to keep operating because it sees its vehicles as a way to help people run their essential errands during San Francisco’s shelter-in-place order.
Wheels landed on its decision after coming to terms with the fact that while many riders said they prefer Wheels over public transportation or ride-sharing, it was important to protect its field team and “do everything we can to limit the spread of the virus,” the company said. Additionally, Wheels said it was concerned some riders weren’t using the vehicles for essential purposes.
At the end of the month, Wheels plans to revisit its decision and see what the next best steps are. In the meantime, Wheels will no longer be operating in  Los Angeles, San Diego, Miami, Orlando, Tallahassee, Dallas, Austin, Atlanta, Cleveland, Salt Lake City, Scottsdale, Tempe, Stockholm, Madrid, and Basel."
6,"{'id': 'techcrunch', 'name': 'TechCrunch'}",Brian Heater,Workers sent home after Amazon warehouse employee tests positive for COVID-19,"It was, it seems, only a matter of time before something like this happened. As we noted in yesterday’s FreshDirect story, not everyone has the ability of being able to shelter in place during the spread of COVID-19. In fact, the more of us who stay put, the …",http://techcrunch.com/2020/03/19/workers-sent-home-after-amazon-warehouse-employee-tests-positive-for-covid-19/,https://techcrunch.com/wp-content/uploads/2019/07/amazon_002.jpg?w=711,2020-03-19T19:38:16Z,"It was, it seems, only a matter of time before something like this happened. As we noted in yesterdays FreshDirect story, not everyone has the ability of being able to shelter in place during the spread of COVID-19. In fact, the more of us who stay put, the more strain were going to put on workers who play a role in getting products and supplies to our door. 
Amazon today confirmed that an employee in its Queens, NY fulfillment center has tested positive for the novel coronavirus. The company texted employees at the facility about the case yesterday. The text, obtained by The Atlantic reads, Were writing to let you know that a positive case of the coronavirus (COVID-19) was found at our facility today.
It may be the first of its kind in the facility, but it almost certainly wont be the last. Even as companies encourage workers to stay home at the first sign of sickness for both their benefit and that of customers, many will no doubt come to work. And then there’s the matter of those who are largely asymptomatic. 
Weve reached out to Amazon to commitment on the incident. The company noted in the text that workers at the DBK1 facility were sent home, while the sorting facility was disinfected. Amazon has denied reports that, while dayshift workers were sent home, those on the night shift were still expected to come in. 
In spite of the companys massive footprint, Amazon has been forced to limit certain shipments, including non-essentials through its Fulfillment by Amazon program, along with the temporary pausing of shipments from Prime Pantry."
7,"{'id': 'techcrunch', 'name': 'TechCrunch'}",Connie Loizos,Longtime LP Chris Douvos shares how COVID-19 could shake up venture industry,"Chris Douvos runs a fund of funds called Ahoy Capital that manages assets on behalf of numerous nonprofit institutions, endowments and foundations throughout the U.S. Outfits that want exposure to startups — but aren’t large enough to contemplate funding them…",http://techcrunch.com/2020/03/25/longtime-lp-chris-douvos-shares-how-covid-19-could-shake-up-venture-industry/,https://techcrunch.com/wp-content/uploads/2019/06/GettyImages-175420990-e1563290811105.jpg?w=751,2020-03-25T16:26:36Z,"Chris Douvos runs a fund of funds called Ahoy Capital that manages assets on behalf of numerous nonprofit institutions, endowments and foundations throughout the U.S.
Outfits that want exposure to startups but aren’t large enough to contemplate funding them directly count on Ahoy and funds like it to invest in venture firms on their behalf.
Douvos has been at it for nearly 20 years, having joined Princeton University’s endowment in 2001 out of business school and investing on behalf of several organizations since, always focusing on venture. Given his background, we suspected he might have some thoughts about what a pullback in funding from big institutions might mean for the venture industry, so we called him up last week.
You can catch a longer version of our chat in podcast form, but you’ll find the most valuable highlights below, edited for length.
TechCrunch: You’ve talked and blogged in the distant past about passing on investing in the Accel fund that ultimately invested in Facebook. What happened?
Chris Douvos: I said no to probably one of the better funds of that decade not once but twice . . . [If you] rewind to 2004, you know, we’re there at Princeton, we’re existing investors. And Accel is coming back [for more capital commitments]. And we were really kind of rethinking our portfolio a little bit because most long-established names had stumbled [after the dot-com crash] . . . and there was a lot of tumult in the portfolio . . . and venture returns [had] just been so grim."
8,"{'id': 'techcrunch', 'name': 'TechCrunch'}",Catherine Shu,How child care startups in the U.S. are helping families cope with the COVID-19 crisis,"The COVID-19 pandemic has upended the lives of billions of people around the world. For many parents with young children in the United States, shelter in place orders implemented in different areas over the past few weeks mean they now spend each day balancin…",http://techcrunch.com/2020/03/27/how-child-care-startups-in-the-u-s-are-helping-families-cope-with-the-covid-19-crisis/,https://techcrunch.com/wp-content/uploads/2020/03/GettyImages-1203308694.jpg?w=599,2020-03-27T10:37:55Z,"The COVID-19 pandemic has upended the lives of billions of people around the world. For many parents with young children in the United States, shelter in place orders implemented in different areas over the past few weeks mean they now spend each day balancing work with taking care of their families. For child care providers, a vital but often underappreciated part of the American economy, the crisis means dealing with economic uncertainty, but also adapting to serve new roles, including providing care for essential workers.
Child care startups, including home-based daycare networks, apps for finding child care, and benefits and business management software, are working hard to help families. For example, many are using their technology to connect essential workers with carers or provide emergency child care, helping providers navigate government aid programs and, in some cases, raising their own relief funds.
TechCrunch talked to nine U.S.-based child care startups–home daycare and preschool networks Wonderschool, NeighborSchools, WeeCare and MyVillage; Winnie, Komae and Helpr, all apps for arranging child care; and enterprise software companies Kinside and Kangarootime–to see how they are dealing with the impact of COVID-19.
Child care for essential workers
Many of the child care startups TechCrunch spoke to are now focused on helping people in jobs classified as essential during shelter in place orders, including healthcare, emergency responders and grocery store workers. Several of them are adapting their platforms or services to serve those families more quickly, while balancing their urgent need for care with COVID-19 safety precautions.
For example, Winnie, a platform for finding verified child care providers throughout the United States, is collecting and updating data in real time about which providers are temporarily closed, and which ones have availability, says founder and CEO Sara Mauskopf. This week, Winnie launched a portal for parents to find emergency child care with immediate openings.
Kasey Edwards, the founder and CEO of Helpr, an app that connects parents with screened babysitters, said it is working with families of essential workers to help them afford child care. Helprs “Out-of-network” feature allows families to add their own care providers to the platform and manage backup care subsidies from their employers.
Meanwhile, Komae, an app that enables groups of families to create babysitting cooperatives and swap care with one another, is offering free care credits and working with seven healthcare organizations to coordinate child care for their workers, said founder and CEO Erin Beck.
The babysitting circles on Komae are private, “which means families from one organization can insulate their caregiving strictly among themselves, getting the care they need without risking exposure to the community at large (like our grandparents or other traditional caregivers),” Beck said. The app currently recommends that users “buddy up” with just one or two other families for their care group.
In some places, small in-home care providers have been allowed to stay open, said Chris Bennett, the co-founder and CEO of Wonderschool, a network of home-based child care and preschools in states including California, New York and Texas.
“Repeatedly, we are seeing county officials allowing small in-home childcare operators to continue to operate, thus providing support for these critical workers under shelter in place orders,” he said. “Our programs have now entered into a critical support role that larger preschools cannot support at this time.”
Jessica Chang, the co-founder and CEO of WeeCare, another network of in-home child care providers, said the company is “adjusting its support each hour and taking into account the changing protocols in each county. In certain areas such as Northern California and New York City, our providers are changing how they support their community. Instead of caring for children who attend their daycare regularly, they are now caring for children of first responders and essential workers.”
In Massachusetts, Governor Charlie Baker ordered all early child care centers closed starting on March 23. The only centers currently allowed to operate in the state are Exempt Emergency Child Care programs, intended for essential workers and opened by the Department of Early Education and Care (EEC).
As a result, Boston-based NeighborSchools, which partners with home child care providers, closed all its centers to comply with the order. Co-founder and CEO Brian Swartz said some of NeighborSchools provider partners are applying to provide emergency child care for medical professionals, first responders and vulnerable populations. The startup is currently helping providers figure out regulatory requirements and putting together guidance for using government aid. It is also communicating with the EECs leadership to offer full access to its platform.
“While we never envisioned this scenario, the tech weve built for our network is uniquely well suited to automatically match families to child care programs in real-time,” said Swartz. “In child care scheduling, we need to account for each childs date of birth, the familys care schedule and the licensed capacity of each program within age range. Our team is ready to drop everything and make this happen if the EEC asks for our help.”
On-demand services
Startups are also helping other parents find short-term or emergency child care. Some have launched online services, like digital playdates, to help families balance working from home and their family lives.
MyVillage, a network of home-based care providers in Colorado and Montana, is seeing “an influx of interest from families who are looking for temporary care and/or short-term placement due to large child care centers closing and school districts closing,” said co-founder and CEO Erica Mackey. The company is currently working on a short-term placement solution for families in select MyVillage programs who need child care.
To help parents navigate the sudden collision of their work and home lives, Komae and Helpr both started offering online services. Helpr launched online music lessons and tutoring for families on its platform, while Komae is facilitating digital playdates. This means parents use the app to schedule video calls with their childrens friends.
“I never imagined my toddler could be so entertained by her friends on a computer screen, but they amazingly go an hour showing each other their toys and silly faces,” said Beck. “That social connection, for all of us, is so essential.”
Safety and support
Child washing hands
Safety compliance is always a priority for child care providers, but it is especially critical during this time. In addition to following CDC guidelines to prevent the spread of COVID-19, many companies have also enacted safeguards of their own. Some are also implementing financial support programs to help care providers who are forced to close because of illness.
For example, Beck published a letter on Komaes site on March 12, hours before Ohio became the first state to close schools, asking families on the app to immediately stop swapping child care.
“It was one of the hardest decisions I have ever had to make as a founder, because as a parent myself, I was painfully aware of how desperate these families would be for both care and companionship,” Beck said. “But adhering to social distance was not a given then like it is now; we had the responsibility as a leader of this vast community to be firm with what needed to be done.”
Taking steps like helping parents who work with healthcare organizations find care and launching digital features has allowed Komae to maintain its community, she added. “We knew Komae had the tools to make that happen, so with social distance at our core, we adapted for insulating or digital caresharing.”
As a safety precaution, WeeCare developed a feature to monitor caregivers for fevers, using a function already in its app that allows them to take photos and videos of children throughout the day and tag activities. The technology was adapted so providers can submit a video of themselves taking their temperature with a thermometer each morning. Once the video is verified by the WeeCare team, the provider receives a badge on their listing that says “Health Status: Fever-Free,” with the date of the verified reading.
Chang says the feature “allows providers to take more proactive measures, as recommended by the CDC, to ensure the health and safety of our community.”
Several companies are also providing financial programs to help their providers who are forced to shut down and ensure they dont feel compelled to work even when sick. For example, MyVillage raised additional funding to allow the 60-plus open programs in its network to continue earning their projected income into April. Mackey says that so far, two anonymous funders have contributed.
“Many of our educators dont have the safety net needed to stop working, so we want to help them stay open so long as its safe,” says Mackey. “If parents are exposed or infected and subject to quarantine, our relief funding provides a subsidy to cover 11 of the 14 days of the childs tuition until he or she can safely return to class.”
Helpr launched a paid sick leave policy for babysitters on its platform after the first known cases of COVID-19 in the U.S. Sitters are also informed of any sickness in a home through a mandatory disclosure from the family in Helprs app when they book an appointment.
A few days after TechCrunch spoke to Wonderschool, Bennett announced that the company had been forced to lay off team members because of the crisis. Before the announcement, Bennett told TechCrunch that if a Wonderschool care program is forced to shut down because a child, parent or provider shows symptoms or tests positive for COVID-19, the company will draw on its network to help its other families find another carer in their area. For financial support, Wonderschool is monitoring state and federal relief policies for businesses.
“These crisis funds will be key in ensuring that in-home providers who have shut down temporarily are available to parents again once people return to work,” he said.
Enterprise software
For startups that build enterprise and management software related to child care, the pandemic creates a different set of challenges.
Genevieve Carbone of Kangarootime, business management software for child care providers, said that many of its customers have been relying on its messaging feature to keep families updated on rapidly changing regulations. Its software also enables “low contact,” for example by allowing information to be passed to parents digitally instead of on paper handouts, in-app check-in and check-outs, and online payments.
“Were keeping a very close eye on the impact the virus will have on businesses further down the road and how we can better support our customers once the pandemic passes,” said Carbone. “Improving billing for agencies/subsidies is something we have explored, assuming there may be an increase in families that will need government subsidies to cover their childcare.”
Kinside, whose software helps employees manage family care benefits and find daycares, has seen a 60% decline in incoming parents because of shelter at home mandates and social distancing, said co-founder and CEO Shadiah Sigala. Thousands of daycares in its network have also shut down.
Even places that are not currently under shelter in place orders have seen a drop in parents searching for immediate care because they know “its likely only a matter of time before all states invoke similar measures,” she added.
But Kinside is helping essential workers find childcare and has also recently begun working with human resources at hospitals and grocery chains on its platform to “offer white glove child care support to their employees.”
After the pandemic
Daycare and school shutdowns have forced families to change their routines under extraordinary and difficult circumstances, and the situation is highlighting the value of caregivers to the economy and the well-being of families. At the same time, it also underscores how vulnerable many providers are, with few safety nets.
Mackey says that MyVillage was created to address structural problems in child care that have existed for a long time “It was tough to make it as a child care provider before this pandemic, and now, its even harder. More than 40% of family home child care businesses nationally report that they couldnt make it two weeks without revenue from having children in care,” she said, adding that MyVillage was created to help fix “Americas deeply broken child care market, which doesnt work well for educators, who earn on average $11.50 an hour, or for working parents, who pay more than public university tuition for child care in a majority of states.”
Sigala said “the pandemic has exposed the essentiality of child care in the everyday working lives of Americans, and the overall economy. More of our jobs may be fit to support work from home. But they are certainly not fit for work from home with kids.”
After the pandemic is over, many parents may find it difficult to re-enroll their kids with the same care provider or need to find new options that are more financially manageable for them, she added. Kinside currently works with thousands of employers, as well as daycare centers that can add up to one million child care slots. The company plans to offer deep discounts or free access to Kinside to companies while they recover from the crisis.
“We predict company executives will return to running their companies with more empathy than ever,” said Sigala. “They, too just experienced the complete lack of child care infrastructure (perhaps for the first time); a problem that many of their employees face on a daily basis. We are ready to engage with heads of HR and key executives with resources and consulting gratis.”"
9,"{'id': 'techcrunch', 'name': 'TechCrunch'}",Sarah Perez,"Over 30K creators joined Patreon this month, as COVID-19 outbreak spreads","Creative professionals whose livelihoods have been impacted by the COVID-19 outbreak are flocking to membership platform Patreon in record numbers, the company claims. During the first three weeks of March, more than 30,000 new creators launched on the site —…",http://techcrunch.com/2020/03/26/over-30k-creators-joined-patreon-this-month-as-covid-19-outbreak-spreads/,https://techcrunch.com/wp-content/themes/techcrunch-2017/images/opengraph-default.png,2020-03-26T19:03:03Z,"Creative professionals whose livelihoods have been impacted by the COVID-19 outbreak are flocking to membership platform Patreon in record numbers, the company claims. During the first three weeks of March, more than 30,000 new creators launched on the site — a much larger number than usual. These creators are also acquiring patrons faster than ever and they’re expanding their earnings at a quicker pace, as a result.
Creators around the world are being affected by the COVID-19 outbreak, often indirectly. To cut down on the spread of the novel coronavirus, live shows are being canceled and conferences and other events are being postponed. Other revenue streams creators may have previously relied on may be drying up, as well.
Many of these impacted creators have joined the Patreon platform in recent days to help with lost revenue and their fans have quickly followed.
According to Patreon’s internal metrics, average new patron growth across the U.S., U.K., Canada, Germany, Australia, and Italy is up 36.2% in March compared to February.
In particular, Patreon saw a shift in patron behavior and creator additions starting on Friday, March 13th.
Since then, creators have been joining the platform at a faster rate than at any other point in the company’s history.
In addition, the proportion of creators who acquire their first patron within 10 days of launching has also increased. This is one of the strongest influxes of memberships Patreon has seen, the company said.
Today, Patreon’s platform serves over 150,000 total artists worldwide who generate income by offering exclusive content and communities to a network of over 4 million patrons across 180 countries. To date, creators have earned over $1 billion through the Patreon platform.
However, it’s not all good news. Patreon also notes it’s seeing slightly higher patron deletions as some members are choosing to exit the site due to financial hardships related to the COVID-19 crisis. But overall churn rates are stable for now, Patreon says, and the deletions are not at a rate other businesses are seeing.
Patreon isn’t the only platform seeing significant growth due to the societal impacts of COVID-19.
Fundraising sites like GoFundMe have also seen increases in recent weeks as people ask for assistance with living expenses, food and other basics, small business support, healthcare expenses and more.
More than 22K coronavirus related fundraisers have been created on our platform in the past several weekscollectively raising over $40M to support hospitals, local businesses, &amp; organizations helping on the frontlines around the world.
— GoFundMe (@gofundme) March 21, 2020
GoFundMe recently said that over 22,000 coronavirus-related fundraisers were created on its platform over the past few weeks, collectively raising over $40 million to support hospitals, businesses, and other organizations. The company said it would commit $1.5 million to support communities impacted by the pandemic, as well."
10,"{'id': 'techcrunch', 'name': 'TechCrunch'}",Darrell Etherington,Launches from Europe’s spaceport are suspended in light of COVID-19,"Despite indications just a few days ago that launches as soon as later this month were on track as planned, Arianespace announced on Monday that they made the tough call to suspend operations at the Guiana Space Center, Europe’s spaceport located in French Gu…",http://techcrunch.com/2020/03/16/launches-from-europes-spaceport-are-suspended-in-light-of-covid-19/,https://techcrunch.com/wp-content/uploads/2020/03/GettyImages-1189058860.jpg?w=600,2020-03-16T13:51:10Z,"Despite indications just a few days ago that launches as soon as later this month were on track as planned, Arianespace announced on Monday that they made the tough call to suspend operations at the Guiana Space Center, Europe’s spaceport located in French Guiana. This includes suspending any launch campaigns currently on the calendar in the immediate future, like the Vega rocket mission carrying multiple satellites set for March 24 and the Soyuz rocket Falcon Eye mission set for April 14.
Arianespace says that the “need to fully implement the measures decided by the French Government” is the primary reason behind its decision to suspend launch campaign operations. The company also says that it is taking this action in order “to protect the health of employees and the local population, while also maintaining the security needed to prepare for scheduled launches.”
In order to facilitate the shut down and make sure that things are ready to go whenever conditions allow things to resume safely, the French space agency is working with Arianespace and all the companies involved on both the launch vehicle and payload side to secure the spacecraft and cargo in ‘standby’ mode. There’s no information on when things might resume, but that’s understandable given the circumstances.
Launch activities from other international space agencies and launch providers don’t appear to be specifically impacted yet SpaceX attempted a launch on Sunday, which was aborted for technical reasons, but that could be rescheduled for as early as mid-week. Meanwhile, a Chinese Long March rocket looks to be readying for take-off today, and ULA still seems to be tracking towards a March 26 launch of a Space Force communications satellite."
11,"{'id': 'techcrunch', 'name': 'TechCrunch'}",Darrell Etherington,MIT develops privacy-preserving COVID-19 contact tracing inspired by Apple’s ‘Find My’ feature,"One of the efforts that’s been proposed to contain the spread of COVID-19 is a contact trace and track program, that would allow health officials to keep better tabs on individuals who have been infected, and alert them to potential spread. Contract tracing h…",http://techcrunch.com/2020/04/09/mit-develops-privacy-preserving-covid-19-contact-tracing-inspired-by-apples-find-my-feature/,https://techcrunch.com/wp-content/uploads/2020/04/MIT-Lincoln-Bluetooth-01_0.jpg?w=600,2020-04-09T12:48:42Z,"One of the efforts that’s been proposed to contain the spread of COVID-19 is a contact trace and track program, that would allow health officials to keep better tabs on individuals who have been infected, and alert them to potential spread. Contract tracing has already seemingly proven effective in some parts of the world that have managed to curb the coronavirus spread, but privacy advocates have big reservations about any such system’s implementation in the U.S.
There are a number of proposals of how to implement a contact tracing system that preserves privacy, including a decentralization proposal for a group of European experts. In the U.S., MIT researchers have devised a new method to would provide automated contact tracing that taps into the Bluetooth signals sent out by everyone’s mobile devices, tying contacts to random numbers that aren’t linked to an individual’s identity in any way.
The system works by having each mobile device constantly be sending out random strings of numbers that the the researchers liken to “chirps” (though not actually audible). These are sent via Bluetooth, which is key for a couple of reasons, including that most people have Bluetooth enabled on their device all the time, and that it’s a short-range radio communication protocol that ensures any reception of a “chirp” came from someone you were in relatively close contact to.
If any person tests positive for COVID-19, they can then upload a full list of the chirps that their phone has broadcast over the past 14 days (which at the outside, should represent the full time they’ve been contagious). Those go into a database of chirps associated with confirmed positive cases, which others can scan against to see if their phone has received one of those chirps during that time. A positive match with one of those indicates that an individual could be at risk, since they were at least within 40 feet or so of a person who has the virus, and it’s a good indicator that they should seek a test if available, or at least self-quarantine for the recommended two-week period.
MIT’s system sidesteps entirely many of the thorniest privacy-related issues around contact tracing, which have been discussed in detail by the ACLU and other privacy protection organizations: It doesn’t use any geolocation information at all, nor does it connect any diagnosis or other information to a particular individual. It’s still not entirely left to individual discretion, which would be a risk from the perspective of ensuring compliance, because MIT envisions a health official providing a QR code along with delivering any positive diagnosis that would trigger the upload of a person’s chirp history to the database.
The system would work through an app they install on their phone, and its design was inspired by Apple’s “Find My” system for locating lost Mac and IOS hardware, as well as keeping track of the location of devices owned by loved ones. Find My also uses chirps to broadcast locations to passing Apple hardware.
Find My inspired this system,” ays Marc Zissman, the associate head of MIT Lincoln Laboratorys Cyber Security and Information Science Division and co-principal investigator of the project in a blog post describing the research. “If my phone is lost, it can start broadcasting a Bluetooth signal thats just a random number; its like being in the middle of the ocean and waving a light. If someone walks by with Bluetooth enabled, their phone doesnt know anything about me; it will just tell Apple, Hey, I saw this light.
The system could be adapted to automate check-ins against the positive chirp database, and provide alerts to individuals who should get tested or self-isolate. Researchers worked closely with public health officials to ensure that this will suit their needs and goals as well as preserving privacy.
MIT’s team says that a critical next step to making this actually work broadly is to get Apple, Google and Microsoft on board with the plan. This requires close collaboration with mobile device platform operators to work effectively, they note. Extrapolating a step further, were iOS and Android to offer these as built-in features, that would go a long way towards encouraging widespread adoption."
12,"{'id': 'techcrunch', 'name': 'TechCrunch'}",Sarah Perez,"Walmart Grocery app sees record downloads amid COVID-19, surpasses Amazon by 20%","Record demand for online grocery shopping amid the COVID-19 pandemic has sent the apps for grocery pickup and delivery services up the charts. Walmart Grocery, as a result, has now hit an all-time high in downloads — grabbing the No. 1 ranking position across…",http://techcrunch.com/2020/04/09/walmart-grocery-app-sees-record-downloads-amid-covid-19-surpasses-amazon-by-20/,https://techcrunch.com/wp-content/uploads/2020/02/walmart-grocery.jpeg?w=613,2020-04-09T14:54:49Z,"Record demand for online grocery shopping amid the COVID-19 pandemic has sent the apps for grocery pickup and delivery services up the charts. Walmart Grocery, as a result, has now hit an all-time high in downloads — grabbing the No. 1 ranking position across all Shopping apps in the U.S. on April 5, 2020, and surpassing Amazon by 20%, according to a new analysis from app intelligence firm App Annie.
The Walmart Grocery application retained that No. 1 position for at least two days, the firm said, citing data from both the Google Play store and the Apple App Store, combined. While App Annie’s data was calculated on April 7, 2020, Walmart Grocery today is still No. 1 on Google Play as of today, April 9. It’s also now No. 2 on the App Store.
The surge of interest in Walmart Grocery may complicate Walmart’s plans to wind down the standalone app to instead merge Walmart Grocery into the retailer’s flagship mobile application and website. Earlier in March — before government lockdowns and home quarantines were widespread — Walmart announced a new strategy that would make its online grocery shopping service a part of the overall Walmart.com website and Walmart mobile app (the blue one).
The goal was to eventually wind down the separate Walmart Grocery experience entirely after customers had made the shift.
There are multiple benefits to this plan, including the ability to direct marketing dollars into only promoting one Walmart app, instead of two. It could also help drive sales across departments, as grocery shoppers may choose to buy other in-store items and Walmart shoppers may discover the grocery option while browsing the site for something else. In addition, Walmart Grocery’s millions of customers would be shifted to the main app, boosting its ranking on the app stores.
However, the COVID-19 health crisis has changed things quite a bit. As of April 5, 2020, the Walmart Grocery app saw a 460% growth in average daily downloads, in comparison with its January 2020 performance. That indicates a surge of brand-new customers to Walmart Grocery who may have never before placed an online grocery order.
Walmart Grocery isn’t the only Shopping app surging due to increased demand amid COVID-19.
An earlier report from Apptopia in March saw Walmart Grocery, Instacart and Shipt climbing the charts.
Overall, demand for retail delivery is now booming with Shopping app global downloads hitting 106 million during the week of March 29 and April 4, 2020, App Annie says — that’s up 15% from the weekly average in January 2020. Downloads in the U.S. alone were 14.4 million — up 20% from the same period. While Walmart Grocery’s jump was much larger (460%), Amazon also saw 20% growth in average daily downloads from January.
Even Walmart’s internal, employee-facing app is growing, App Annie found. The Me@Walmart app for associates using the Walmart scheduling system grew 220% on Android phones during the week of March 22 compared to 4 weeks prior. That reflects the increased demand for in-store workers during the COVID-19 pandemic.
Walmart had said in March it planned to hire 150,000 new employees in both its stores and fulfillment centers to help it meet the increased demand for e-commerce orders and deliveries. Since the March announcement, Walmart said it has hired around 5,000 new employees per day and may even surpass the original 150,000 figure. While Walmart’s intention was to hire these workers on a more temporary basis, it may find that things don’t revert to “normal” any time soon. Newcomers to online grocery may discover it’s an easier and now less riskier way to shop, and will continue to do so even when lockdowns are lifted."
13,"{'id': 'techcrunch', 'name': 'TechCrunch'}",Darrell Etherington,Creative Destruction Lab launches a new startup program dedicated to COVID-19 response,"Global academic science and tech startup accelerator program Creative Destruction Lab (CDL) is adding a dedicated stream to its existing areas of focus, which include AI, health sciences, space, quantum computing, blockchain, energy, and oceans. The new addit…",http://techcrunch.com/2020/04/06/creative-destruction-lab-launches-a-new-startup-program-dedicated-to-covid-19-response/,https://techcrunch.com/wp-content/uploads/2020/03/GettyImages-1208040947.jpg?w=600,2020-04-06T17:01:09Z,"Global academic science and tech startup accelerator program Creative Destruction Lab (CDL) is adding a dedicated stream to its existing areas of focus, which include AI, health sciences, space, quantum computing, blockchain, energy, and oceans. The new addition is a timely one: CDL Recovery, which is designed to help turn science and research work into scalable products and services to address the consequences of the COVID-19 pandemic, in terms of both its effects on public health and on the economy.
CDL’s model for helping startups move from concept to product is fairly unique, and potentially uniquely well-suited to addressing new needs that emerge as a result of how the world is changing in response to the novel coronavirus. Many of the efforts to address needs both in terms of therapeutics, and in medical hardware to help shore up shortages are originating at schools and universities around the world, and CDL’s expertise heavily favors moving deep tech and hard science from inside the research lab to the market.
The program will be aimed at helping usher innovations from innovation to product in key areas including around diagnostic testing, vaccine development, remote care and telemedicine, as well as in areas of economics support like virtual work, talent re-training, remote equipment operation, automation and food production and supply. CDL founder and University of Toronto Professor Ajay Agrawal said in a blog post about the new program that many have suggested there’s a need “to assume a wartime footing in response to COVID-19,” and that’s one of the aims of the program.
It’s definitely true that crises like the one we face currently have a way of decreasing the turn around time from research, to development and deployment. And already, CDL’s program is designed from the ground-up to try to accelerate the pace at which that happens, working with academic institutions around the world including the University of Oxford, HEC Paris, the Georgia Institute of Technology, the University of British Columbia, HEC Montreal, the University of Calgary and Dalhousie University, as well as the University of Toronto. Teams who are approved to join take part in a series of sessions that set objectives, and then measure their progress, guided by mentors including the founders and executives of world-leading companies and institutions.
The CDL Recovery program will follow the same structure as its standard streams, but will be done at twice the pace in order to expedite the results. Applications are open now, and the program is available at no cost, and without any equity taken by any of the program operators."
14,"{'id': 'techcrunch', 'name': 'TechCrunch'}",Kirsten Korosec,"The Station: Via hits $2.25B valuation, letters from readers, layoffs in a time of COVID-19","Hi, and welcome back to The Station, a weekly newsletter dedicated to all the ways people and packages travel from Point A to Point B. I’m your host Kirsten Korosec, senior transportation reporter at TechCrunch. If this is your first time, hello; I’m glad you…",http://techcrunch.com/2020/04/06/the-station-via-hits-2-25b-valuation-letters-from-readers-layoffs-in-a-time-of-covid-19/,https://techcrunch.com/wp-content/uploads/2020/04/GettyImages-1214822049.jpg?w=608,2020-04-06T17:03:16Z,"Hi, and welcome back to The Station, a weekly newsletter dedicated to all the ways people and packages travel from Point A to Point B. I’m your host Kirsten Korosec, senior transportation reporter at TechCrunch. If this is your first time, hello; I’m glad you’re with us.
I have started to publish a version of the newsletter on TechCrunch. Thats what youre reading now. For the whole newsletter, which comes out every weekend, you can subscribe to the newsletter by heading over here, and clicking The Station. Its free!
Last week, I asked readers to share how they were doing amid the COVID-19 pandemic. The response was overwhelming. It wasn’t just the number of you who reached out. It was your words devoid of pretense, the veneer exposed that struck me.
There were, of course, those who used the opportunity to make a marketing push or pitch a story. I get the impulse, but you won’t be rewarded here. I’m seeking something different. And I will share below some of what you sent me in hopes that it provides insight, solace, or dare I suggest, an esprit de corps among us.
I will repeat my appeal from last week: Maybe you’re a startup founder, a safety driver at an autonomous vehicle developer, a venture capitalist, engineer or gig economy worker. I’m interested in how you’re doing, what you’re doing to cope and how you’re getting around in your respective cities.
Please reach out and email me at kirsten.korosec@techcrunch.com to share thoughts, opinions or tips or send a direct message to @kirstenkorosec.
Micromobbin’
As we’ve seen the past few weeks, operators are stepping up to respond and adjust to the COVID-19 pandemic.
Lyft began offering its scooters for free to healthcare and other essential workers. As part of the program, up to 30-minute rides will be free for members of critical workforces through April 30 in Austin, Denver, Los Angeles, the Washington D.C. metro area, San Diego and Santa Monica.
Spin, similarly, introduced a new initiative that provides free, 30-minute rides and helmets to essential healthcare workers. Spin, which began offering this on April 1, is making this available in Baltimore, Denver, Detroit, Los Angeles, Portland, San Francisco, Tampa and Washington, D.C.
‘Micromobility winter on steroids’
That’s how RideReport CEO William Henderson described the current state of the micromobility industry in a recent interview with TechCrunch reporter Megan Rose Dickey.Ride Report creates software that enables cities to work with micromobility operators. That gives Henderson a birds-eye view on the industry, which he shared with TechCrunch.
Yep, this is an Extra Crunch article, and you need a subscription. A few of the highlights include biking as one of the few bright spots, how some companies have pivoted to providing rides to healthcare workers and insights on how the industry and cities might have reacted had the pandemic occurred two years in the future.
A novel rewards program
These times have sparked a host of new ideas. Here’s one. A Nashville-based startup called Hytch Rewards developed an app that companies and governments can use to give their employees incentives to walk, bike, ride share or use public transit. The company’s entire purpose has been to reward commuter behavior that reduces traffic congestion and lowers emissions.
Now it’s pivoting to reward people for staying at home. The office of Tennessee Congressman Jim Cooper is among the first employer to partner on Hytch’s Shelter in Place initiative, which offers a small daily reward to staff for working from home.
 Megan Rose Dickey  (with a cameo from Kirsten Korosec)
Deal of the week
This week, we’ll highlight Via’s Series E funding round that was led by Exor. The on-demand shuttle startup raised $400 million, TechCrunch learned. Exor contributed $200 million of that raise. The remaining $200 million came from new investors Macquarie Capital, Mori Building and Shell as well as existing investors 83North, Broadscale Group, Ervington Investments, Hearst Ventures,  Planven Ventures, Pitango and RiverPark Ventures.
Noam Ohana, who heads up Exor Seeds, the holding companys early-stage investment arm, will join Vias board.
Via gets the ‘deal of the week’ designation not just because its post-funding valuation is now $2.25 billion. Via’s actions during the pandemic offers a little bit of understanding on how companies are adapting and where opportunities may lie. Via has two sides of its business: a consumer-facing shuttle and a “partnerships” division that sells its software platform to cities and transit authorities that allow them to deploy their own shuttles.
As you might expect the consumer-facing shuttles has been adversely affected by COVID-19. There is some promise with the partnerships side of the business, according to CEO Daniel Ramot .
Existing partners, a list that includes transit authorities in Berlin, Germany, Ohio and Malta, have worked with Via to convert or adapt the software to meet new needs during the pandemic. A city might dedicate its shuttle service to transporting goods or essential personnel. For instance, Berlin converted its 120-shuttle fleet transport to an overnight service that provides free transit to healthcare workers traveling to and from work.
There has been a real interest in emergency services,” Ramot told me, adding he expects to see more demand for the software platform and the flexibility it provides as the pandemic unfolds.
Via isn’t the only company shifting its attention to emergency services. Moovit, an Israeli-based Mobility as a Service startup launched an Emergency Mobilization On-Demand service. The feature was developed to turn unused vehicle fleets into an on-demand solution to get essential workers to their destination. Moovit is also offering transit agencies and operators a transit data manager for free for three months. This management tool lets transit agencies communicate schedule, line changes, and service alerts to users.
Other deals:
<ul><li>Qcraft.ai raised what it described as an “eight-figure USD investment” in a seed funding round from IDG Capital, Vision+ Capital, and Tide Capital. Qraft didn’t provide the exact number; VentureBeat reported it is $24 million.</li><li>Phantom.ai, which has focused on advanced driver assistance systems, raised $22 million in a Series A round led by Celeres Investments and were joined by Ford Motor and Korean telecommunications giant KT. Two existing investors, Millennium Technology Value Partners and DSC Investment, also participated in the round.</li><li>Seegrid, a company that makes self-driving industrial vehicle for material handling, closed a $25 million growth equity investment from G2VP.</li><li>GM and Honda deepened their relationship and said they will jointly develop two new electric vehicles slated for 2024. Under the plan, the automakers will focus on their respective areas of expertise. Honda will design the exterior and interiors of the new electric vehicles; GM will contribute its new electric vehicle architecture and Ultium batteries, its OnStar safety and security services and its hands-free advanced driver assistance technology, known as Super Cruise</li><li>Enovix, which has developed a silicon-based lithium-ion battery, has raised $45 million in new funds. The company said T. J. Rodgers and York Capital participated as well as an unnamed “major new strategic investor.”</li></ul>Layoffs in a time of COVID-19
We’ve all seen the bars, restaurants, retail shops and salons in our community shuttered because of stay-at-home directives from local and state governments. We’ve started to see the results of those closures in the form of tens of thousands of jobless claims.
Startups are not immune. It is difficult to get an exact number, but Layoffs.fyi is working to track what is going on in the startup world. As of April 4, the site had calculated 126 startups had laid off more than 10,000 people since March 11.
The transportation sector has been among those hardest hit. Some of the companies that have laid off 20% or more of their staff include shared scooter company Bird, peer-to-peer car rental  startups Getaround and Turo, Cabin, freight brokerage KeepTruckin, Moovel and Zipcar.
Maybe your company is actually hiring. If so, go check out Layoffs.fyi, the site doesn’t just list layoffs. The site also includes spreadsheet that list employees who you might want to hire.
From you
I have selected a few excerpts from readers who shared with me and now you all their observations about the what is happening in their lives in this COVID-19 world. I have edited these for length and clarity.
I plan to share more with you in the weeks ahead, so please reach out.
From Canoo CPO James Cox, who also advises founders of Routable.ai, a startup that developed a real-time routing engine for high-capacity rides. Cox explained in his email to me that Routable’s CEO wrote a piece in Medium (which you can read here) about providing critical transportation during the COVID-19 pandemic.
As a result of the piece, the Boston Medical Center reached out last week. They’ve now adapted their technology to provide rides to homeless people and solve an allocation problem of which bed in which hospital in Boston to send them to.
They’ve worked directly with the frontline doctors and nurses and IT teams on it. They were previously using a whiteboard, which is obviously not going to scale to solve the problem! The trial launches Monday and is a really interesting short-term pivot that is solely focussed on doing good and adjusting to this crazy world we are now living in.
From Aryan Bhasin, a college student under lockdown in India:
There is no sense of transportation at all. Public transport is becoming interesting because even though all forms of transport are banned (one can only use a vehicle to buy essentials at grocery stores), the Indian government has been sending hoards of buses to get villagers back to their villages completely blowing apart all rules of social distancing.
Airlines, too, have been a very interesting sector to follow. Most airlines have changed their business models significantly in lieu of COVID-19 as governments organize airlifts for stranded citizens.
From Luis Orsini-Rosenberg, CEO of GetHenry, a Berlin-based micromobility startup that focuses on B2B services. GetHenry, which is part of the Techstars Smart Mobility Accelerator, operates in Austria, Germany and Spain. He shared what is happening in Austria.
All of our business partners in Austria had to close its gates. A day after the lockdown was communicated by the government, we started to reach out to hundreds of restaurants, deliveries, couriers, hospitals, pharmacies and medical services to offer them our vehicles for individual transportation or last-mile delivery cases. Last week, the first e-scooters went out to restaurant partners and medical services.
We are starting to generate some revenues again, but it will not be enough to keep the business alive long-term. We have applied for public aid funds and wage subsidies and will cut costs to an absolute minimum in the coming weeks. Going forward, we will either: wait and do nothing or solely focus on the last-mile delivery service."
15,"{'id': 'techcrunch', 'name': 'TechCrunch'}",Kirsten Korosec,American stocks rally sharply on COVID-19 optimism as earnings loom,"Stocks rallied Monday, with all major indices snapping back into positive territories as investors seized on any positive developments in the fight to mitigate the spread of COVID-19, the disease caused by coronavirus. The stock market is, of course, not the …",http://techcrunch.com/2020/04/06/american-stocks-rally-sharply-on-covid-19-optimism-as-earnings-loom/,https://techcrunch.com/wp-content/uploads/2020/04/Screen-Shot-2020-04-06-at-4.14.55-PM.png?w=698,2020-04-06T20:16:40Z,"Stocks rallied Monday, with all major indices snapping back into positive territories as investors seized on any positive developments in the fight to mitigate the spread of COVID-19, the disease caused by coronavirus.
The stock market is, of course, not the economy. And this is likely a dead cat bounce a temporary recovery after a big fall. The question is how many dead cat bounces will we see in the coming weeks?
And while the economic fallout from the COVID-19 pandemic is continuing that didn’t stop investors from grasping at data from John Hopkins University that suggests the number of new COVID-19 cases is slowing. The institution’s coronavirus map, which has become a go-to source, showed 25,200 new cases rising on March 31, then rising to 33,300 new cases by April 3. Those numbers dropped to 28,200 new cases April 4, per its data; other trackers have posted slightly different results.
Today’s rally will be tested in the days and weeks to come as COVID-19 cases continue and eventually hit a peak before plateauing. Anthony Fauci, director of the National Institute of Allergy and Infectious Diseases and a member of the White House coronavirus task force, has warned that cases, and deaths, will likely surge in the next week.
Here are the days results:
<ul><li>Dow Jones Industrial Average: up 7.59%, or 1,597.21 points, to close at 22.649.74</li><li>S&amp;P 500: rose 6.95%, or 172.86 points, to close at 2,661.51</li><li>Nasdaq composite: popped 7.33%, or 540.15 points, to close at 7,913.24</li></ul>There were other indirect COVID-19 fundamentals such as new sales guidance or analyst notes that also moved certain stocks.
E-commerce stocks, including eBay and Amazon saw positive movement. Online retailer Wayfair was perhaps the biggest mover in this category. The company’s shares opened 36% higher after reporting its gross revenue growth rate more than doubled at the end of March. Wayfair shares closed up 41.7% to $71.50.
Music streaming company Spotify saw shares decline more than 4% after Raymond James downgraded the stock from “strong buy” to “market perform,” citing that COVID-19 was causing less engagement and fewer downloads as users spend more time indoors. Spotify shares did manage to bounce back during the day and ended up closing up nearly 0.33% to $122.52.
Shares of SaaS companies rallied on the day as well, with the Bessemer cloud index rising 6.79% on the day; shares of SaaS companies, modern software firms, have enjoyed strong revenue multiples in recent years. They have tracked the broader indices down, however, and remain in bear-market territory.
Looking ahead, we’re entering earnings season during a period of intense economic uncertainty; how the stock market performs in the future will at least partially depend on how companies performed in Q1 2020, and what they project for the future. Get ready."
16,"{'id': 'techcrunch', 'name': 'TechCrunch'}",Jake Bright,Jack Dorsey creates $1B COVID-19 relief fund using Square equity,Jack Dorsey announced in a series of tweets today that he is shifting $1 billion in his Square equity to create a fund dedicated to COVID-19 relief. The Twitter and Square CEO is calling the fund Start Small and posting a tally of disbursements and recipients…,http://techcrunch.com/2020/04/07/jack-dorsey-creates-1b-covid-19-relief-fund-using-square-equity/,https://techcrunch.com/wp-content/uploads/2018/09/GettyImages-1027231364.jpg?w=600,2020-04-07T21:22:23Z,"Jack Dorsey announced in a series of tweets today that he is shifting $1 billion in his Square equity to create a fund dedicated to COVID-19 relief. The Twitter and Square CEO is calling the fund Start Small and posting a tally of disbursements and recipients in a public spreadsheet.
Dorsey said in his announcement that the new initiative will shift the focus to other causes at some point.
The first Start Small contribution listed is $100,000 to America’s Food Fund an effort led by Leonardo DiCaprio and Laurene Powell Jobs dedicated to providing meals to vulnerable populations disrupted by the COVID-19 pandemic.
Other top backers of America’s Food Fund include Oprah Winfrey ($1 million) and Apple ($5 million), according to the organization’s GoFundMe page.
That’s what we know so far from a tweet posted Tuesday afternoon by the American tech entrepreneur who co-founded and leads not one, but two publicly listed companies.
Im moving $1B of my Square equity (~28% of my wealth) to #startsmall LLC to fund global COVID-19 relief. After we disarm this pandemic, the focus will shift to girls health and education, and UBI. It will operate transparently, all flows tracked here: https://t.co/hVkUczDQmz
— jack (@jack) April 7, 2020
There’s still a lot to learn about Dorsey’s new initiative, including how it will be managed, whether it will make investments (along with donations) and how to apply for funding. TechCrunch has asked Square for additional details and will update this post when we hear back."
17,"{'id': 'techcrunch', 'name': 'TechCrunch'}",Darrell Etherington,"Apple opens access to mobility data, offering insight into how COVID-19 is changing cities","Apple is providing a dataset derived from aggregated, anonymized information taken from users of its Maps navigational app, the company announced today. The data is collected as a set of “Mobility Trends Reports,” which are updated daily and which provide a l…",http://techcrunch.com/2020/04/14/apple-opens-access-to-mobility-data-offering-insight-into-how-covid-19-is-changing-cities/,https://techcrunch.com/wp-content/uploads/2020/04/Apple_make-mobility-data-available-to-aid-covid-19_04142020.jpg?w=639,2020-04-14T16:59:49Z,"Apple is providing a dataset derived from aggregated, anonymized information taken from users of its Maps navigational app, the company announced today. The data is collected as a set of “Mobility Trends Reports,” which are updated daily and which provide a look at the change in the number of routing requests made within the Maps app, which is the default routing app on iPhones, for three modes of transportation including driving, walking and transit.
Apple is quick to note that this information isn’t tied to any individuals, since Maps does not associate any mobility data with a user’s Apple ID, nor does it maintain any history of where people have been. In fact, Apple notes that all data collected by maps, including search terms and specific routing, is only ever tied to random rotating identifying numbers that are reset on a rolling basis. This anonymized, aggregated data is collected only to provide a city, country or region-level view, representing the change over time in the number of pedestrians, drivers and transit-takers in an area based on the number of times they open the app and ask for directions.
As far as signals go for measuring the decrease in outdoor activity in a given city, this is a pretty good one considering Apple’s install base and the fact that most users probably don’t bother installing or using a third-party app like Google Maps for their daily commuting or transportation needs.
The data is available to all directly from Apple’s website, and can be downloaded in a broadly compatible CSV format. You can also use the web-based version to search a particular location and see the overall trend for that area.
For an individual, this is more or less a curiosity, but the release f this info could be very useful for municipal, state and federal policy makers looking to study the impact of COVID-19, as well as the effect of strategies put in place to mitigate its spread, including social distancing, shelter-in-place and quarantining measures.
Apple has also announced that it’s working with Google on a new system-level, anonymized contact tracing system that both companies will first release as APIs for use by developers, before making them native built-in features that are supplemented by public health agency applications and guidance. Apple seems particularly eager to do what it can to assist with the ongoing COVID-19 crisis, while still striving to ensure that these measures respect the privacy of their individual users. That’s a hard balance to strike in terms of taking effective action at a population level, but Apple’s reach is a powerful potential advantage to any tools it provides."
18,"{'id': 'techcrunch', 'name': 'TechCrunch'}",Darrell Etherington,"Scanwell begins 1,000 person study for at-home antibody test for COVID-19","At-home antibody testing for COVID-19 is the subject of ample debate among the scientific and medical community, with some seeing it as a necessary step in the process of selectively re-opening parts of the economy through verification of individuals with imm…",http://techcrunch.com/2020/04/15/scanwell-begins-1000-person-study-for-at-home-antibody-test-for-covid-19/,https://techcrunch.com/wp-content/uploads/2020/04/1f2GHo2wAz2UtZPSxUuLklw.jpeg?w=711,2020-04-15T13:49:05Z,"At-home antibody testing for COVID-19 is the subject of ample debate among the scientific and medical community, with some seeing it as a necessary step in the process of selectively re-opening parts of the economy through verification of individuals with immunity within the community, and others debating the accuracy and efficacy of currently available testing methods. Regardless of which side you’re on, it remains true that further testing is needed, and startup Scanwell has begun a sizeable study for its at-home antibody test, while it continues to work with the FDA on emergency use authorization for the diagnostic.
Scanwell is working with the state of North Carolina and Raleigh-based Wake Forest Baptist Health to distribute 1,000 of its at-home antibody test kits to a random sampling of citizens, funded in part by $100,000 from the state legislature. The sample population, chosen from the patient pool of Wake Forest Baptist Health’s system, and meant to be a statistically representative snapshot of the larger population, will get a finger-prick blood sample collection kit by mail, every month for a full year, in order to hopefully track the virus and immunity over time.
The Scanwell test can only be used for research purposes at this time, since it hasn’t yet received an emergency use authorization by the FDA. The FDA has so far specifically not authorized any at-home tests for COVID-19, including those supported by telemedicine, but it has recently updated its guidance to note that it “sees the public health value in expanding the availability of COVID-19 testing through safe and accurate tests that may include home collection,” and it says it is in the process of actively pursuing the development of tests that fit that profile in partnership with diagnostic companies.
LA-based Scanwell Health, which already provides at-home diagnostics for detecting UTIs, announced its work on securing FDA authorization for use of its at-home serological antibody test last month. The test kits can provide results in as little as 15 minutes once they’re received by diagnostic labs, but questions have been raised about the general accuracy of antibody testing overall regarding COVID-19, and there’s still some debate about the nature and duration of post-infection immunity for people who have contracted and recovered from the virus.
Better understanding immunity and who has recovered are key ingredients in any attempt to gradually relax isolation restrictions, so immunity testing is a core component that. It’s something that will be needed at scale, along with infection testing through existing molecular testing methods, and contact tracing, like the system being put in place through Apple and Google."
19,"{'id': 'techcrunch', 'name': 'TechCrunch'}",Sarah Perez,Houseparty reports 50M sign-ups in past month amid COVID-19 lockdowns,"Houseparty, the popular video chat application acquired by Fortnite maker Epic Games in 2019, has seen massive growth due to the COVID-19 pandemic. With government lockdowns keeping people from being able to visit friends and other loved ones in person, consu…",http://techcrunch.com/2020/04/15/houseparty-reports-50m-sign-ups-in-past-month-amid-covid-19-lockdowns/,https://techcrunch.com/wp-content/uploads/2020/04/Conversation-4-People.png?w=600,2020-04-15T20:45:41Z,"Houseparty, the popular video chat application acquired by Fortnite maker Epic Games in 2019, has seen massive growth due to the COVID-19 pandemic. With government lockdowns keeping people from being able to visit friends and other loved ones in person, consumer demand for video chat apps has skyrocketed. This has resulted in the video conferencing category of apps hitting record numbers in March, app store intelligence firm App Annie recently reported. Until now, however, Houseparty had remained quiet about its own metrics.
Today, that changed, as Houseparty revealed that in the past month, its app has seen 50 million sign-ups — a figure that’s around 70 times above normal.
According to data from Apptopia, Houseparty has seen record mobile downloads, as well, with installs spiking in recent weeks. During the past 30 days, Houseparty has seen 17.2 million new installs across iOS and Android, by its estimates.
But the app is also available for Mac and Chrome, which aren’t included in that figure.
The increased consumer demand has also seen the app topping the mobile app stores’ charts in a number of markets, the company said.
Houseparty became the No. 1 Social app in 82 countries, including the U.S. App Store. It was also No. 3 Social app on the U.S. Google Play store.
The app grew to become the No. 1 Overall app in 16 countries, as well. And in the U.S. App Store, it got as high as the No. 3 Overall app. On Google Play, it reached as high as No. 10.
The company said users have engaged with the app for long session times, with the average time in conversation per user remaining at over 60 minutes. During the COVID-19 pandemic, these average times were sometimes even as high as 80+ minutes.
Houseparty has typically appealed to younger users than those on other video chat apps, as it’s designed for social hangouts. For starters, the app integrates with Snapchat. And like Snapchat, it also heavily relies on gesture-based navigation that older users tend to struggle with. Plus, it offers in-app games to play, like trivia or Ellen’s popular “Heads Up,” among others.
Meanwhile, video chat rivals — like Zoom, Skype and Google Hangouts — are often used by remote workers and in a corporate setting, in addition to their emerging consumer use cases. This tends to have the apps skew a bit older and distances them from the idea of being “fun.”
That being said, with the increases in usage tied to COVID-19, Houseparty claims people of all ages and backgrounds are now joining the app.
In addition, Houseparty’s users are connected to an average of 23 friends and nearly half of users having conversations are playing games — a figure the company had not previously revealed.  (The company recently made all its games free to play, which has likely impacted usage).
While the U.S. has always been Houseparty’s largest market, App Annie last month reported on Houseparty’s growth, noting it had seen particular demand in Europe. This included countries like Italy and Spain where installs during the week of March 21 surged at 423x and 2360x the average weekly number of installs in Q4 2019. What’s remarkable about the growth is that some of the countries, like Spain, were markets where Houseparty never had wide-scale penetration before the COVID-19 crisis.
Though Houseparty tends to keep its core metrics under wraps — like total users or revenue, for example — it likely released its new numbers today for a variety of reasons.
For one, Houseparty may just want to redirect focus from an odd situation where it was recently accused of a data breach by way of social media posts from users. Through tweets, users claimed their Houseparty user data was being used to access other accounts, like Netflix and Spotify. But Houseparty denied the breach and even suggested that the social media posts were a part of a “paid commercial campaign” aimed at harming its business. It offered a $1 million reward for any evidence that proved this theory. Nothing yet has come of that and some of the posts have since disappeared.
In addition, Houseparty rival Zoom was recently been criticized for a variety of security and privacy issues, which the CEO Eric Yuan has since apologized for and promised to fix. But in the meantime, Houseparty may hope to boost its install base further, by appealing to those who are now looking for a Zoom alternative. (Although Houseparty has its own privacy issues, it’s not been as widely reported).
Finally, there’s the fact that there aren’t that many times in a company’s life where it can detail its outsized growth like this. It’s unprecedented for there to be some 158 million Americans being told to stay at home, plus millions more worldwide, which creates an ideal climate for video chat apps to thrive."
