,source,author,title,description,url,urlToImage,publishedAt,content
0,"{'id': 'techcrunch', 'name': 'TechCrunch'}",Darrell Etherington,Non-profit launches COVID-19 treatment and vaccine tracker with daily updates,"There are a lot of global efforts underway to develop vaccines and treatments for COVID-19, including repurposing of existing drugs approved for use in treating other forms of coronavirus and respiratory diseases. Many of these efforts are just entering into …",http://techcrunch.com/2020/03/23/non-profit-launches-covid-29-treatment-and-vaccine-tracker-with-daily-updates/,https://techcrunch.com/wp-content/uploads/2020/03/GettyImages-1208040947.jpg?w=600,2020-03-23T15:30:52Z,"There are a lot of global efforts underway to develop vaccines and treatments for COVID-19, including repurposing of existing drugs approved for use in treating other forms of coronavirus and respiratory diseases. Many of these efforts are just entering into the formal clinical study phase, which will be required before any treatment is certified for widespread use in patients diagnosed with the illness. Vaccines are still likely at least a year out from approvals, though some have already entered into clinical human trials at unprecedented speed owing to the unprecedented nature of the pandemic.
It’s definitely a challenge to keep up with all the existing efforts to pursue effective treatments and develop vaccines, but public health non-profit the Milken Institute has a new resource that aims to keep track of at least the efforts from leading research institutions and drug makers. Their COVID-19 treatment and vaccine tracker currently offers a list of nearly 60 treatments, as well as 43 vaccines in development.
This list details the type of treatment or vaccine being studied or developed, as well as their FDA-approved status (for other conditions none have been approved specifically for treating COVID-19 to date). They also indicate who is doing the drug development or research, and what stage the research project is at (either pre-clinical or clinical). The table lists the source of funding, if available, as well as the anticipated timetable for the phases of the project if known. It provides sourcing for each, as well, including credible media sources, journals and the World Health Organization.
This kind of tracker is a good resource for anyone looking to keep tabs on the ongoing work that people are doing to take on COVID-19, though it’s a high-level view that is probably of most interest to other ongoing projects, as well as health and research professionals who might be able to assist in the development of these solutions, or to collaborate with partners. The Milken Institute says that it’s going to be updating the tracker daily at noon eastern with any additional fresh info from reliable sources.
As mentioned, even vaccines that are already in development, like the mRNA-based immune therapy that began human trials last week in the U.S., will take many months to come to market, and they still have to demonstrate their effectiveness, too. In the meantime, people should do everything they can to isolate and remain indoors in order to help buy time for the healthcare system to develop treatments that can mitigate the impact of the disease, and eventually, ways to introduce immunity in order to block its transmission."
1,"{'id': 'techcrunch', 'name': 'TechCrunch'}",Sarah Perez,YouTube will now allow creators to monetize videos about coronavirus and COVID-19,"YouTube today announced a change in policy regarding the novel coronavirus or COVID-19. Previously, YouTube’s advertising guidelines prevented monetization of videos that included more than a passing mention of the coronavirus as part of its “sensitive events…",http://techcrunch.com/2020/03/11/youtube-will-now-allow-creators-to-monetize-videos-about-coronavirus-and-covid-19/,https://techcrunch.com/wp-content/uploads/2019/09/youtube-logo.jpg?w=601,2020-03-11T18:56:22Z,"YouTube today announced a change in policy regarding the novel coronavirus or COVID-19. Previously, YouTube’s advertising guidelines prevented monetization of videos that included more than a passing mention of the coronavirus as part of its “sensitive events” policy. The policy is meant to protect advertisers from being associated with videos about things like mass shootings, terrorist acts, armed conflicts, and global health crises — like the coronavirus. Now, YouTube is changing this policy to allow some creators to monetize videos on the topic, it says.
The creator community was unhappy with YouTube’s decision to demonetize any video featuring discussions of the coronavirus. (Though, to be fair, YouTube creators are generally unhappy when YouTube demonetizes any of their videos.)
But by not allowing creators to profit from videos about the coronavirus or COVID-19, YouTube was putting a damper on informative, newsworthy videos as well as those capitalizing on the human tragedy and people’s fears about the emerging pandemic. The ban on monetization also meant that news organizations covering the topic responsibly wouldn’t be able to generate revenue from their videos, even as coronavirus news became one of their main coverage areas.
Today, YouTube CEO Susan Wojcicki explained the company’s decision to re-open monetization on videos referencing the health crisis.
She says that the sensitive events policy was designed to apply to short-term events of a significant magnitude, like a natural disaster.
“Its becoming clear this issue is now an ongoing and important part of everyday conversation,” Wojcicki said, in reference to the coronavirus, “And we want to make sure news organizations and creators can continue producing quality videos in a sustainable way,” she added.
Not all video creators will be eligible to monetize their coronavirus videos, she notes.
Instead, YouTube says ads will be enabled on “a limited number of channels” including those belonging to news partners and creators “who accurately self-certify.” The latter is a more questionable choice, as it opens up monetization to any creator using YouTube’s self-labeling system, not just news organizations or trusted health authorities.
The Self Certification system is one where creators use an online dashboard to tell YouTube whether or not their videos comply with advertiser guidelines ahead of YouTube’s automated review of their content. Over time, YouTube will rely on creators’ input instead of its own systems if the creators have a history of accurate self-certifications. It’s an honor system, essentially, followed by an official check. 
The system doesn’t prevent creators from publishing misinformation in their videos, then labeling the video as advertiser-friendly. In addition, many creators believe that the bogus information they’re sharing is correct and true, so a self-certification system wouldn’t stop them from publishing their misleading and often dangerous advice. Already, YouTube has to work to quickly remove videos like that. This includes videos discouraging people from seeking medical treatment or making dangerous claims — like how garlic or bleach can prevent the viral disease, for example.
To fight misinformation, YouTube is also raising authoritative sources in its search results and recommendations and is showing information panels on which videos are flagged.
Despite these efforts, there continues to be a massive amount of misinformation circulating across social media, including on sites like Facebook and Twitter, in addition to YouTube. WHO Director-General Dr. Tedros Adhanom Ghebreyesus even referred to the crisis as not just an epidemic, but “an infodemic.” (WHO today has upgraded the COVID-19 viral disease a pandemic, as well.)
In light of the misinformation problem, YouTube’s decision to open up monetization on videos about the coronavirus will be a controversial choice. In doing so, it signals to the creator community that one the most-searched topics on the internet can now be leveraged for views and ad dollars. That invites exploitation."
2,"{'id': 'techcrunch', 'name': 'TechCrunch'}",Kirsten Korosec,Tesla email reveals two employees have tested positive for COVID-19,"Two Tesla employees, who had been working at home for nearly two weeks, have tested positive for COVID-19, according to an internal email sent Thursday morning by the company’s head of environmental, health, and safety department and viewed by TechCrunch. The…",http://techcrunch.com/2020/03/26/tesla-email-reveals-two-employees-have-tested-positive-for-covid-19/,https://techcrunch.com/wp-content/uploads/2020/03/GettyImages-1008732780.jpeg?w=600,2020-03-26T17:52:17Z,"Two Tesla employees, who had been working at home for nearly two weeks, have tested positive for COVID-19, according to an internal email sent Thursday morning by the company’s head of environmental, health, and safety department and viewed by TechCrunch .
The employees were not symptomatic in the office, and both are quarantined at home and recovering well, according to the email from Tesla’s EHS department head Laurie Shelby. Their co-workers, who were already working from home for nearly two weeks as well, were notified so they can quarantine, the email read. The email did not disclose the locations where the employees were working.
“In both cases, interactions with the individuals had a low likelihood of transmission based on the minimal staff onsite and social distancing measures we took earlier this month,” Shelby wrote in the email.
Tesla could not be reached for comment. Business Insider previously reported on the same internal email.
The email has heightened concern among several Tesla employees that TechCrunch has spoken to, as they weigh the risk of coming into work or using paid-time off or unpaid leave to stay at home. Tesla employs more than 48,000 people at its headquarters, factories, sales and service centers and delivery hubs throughout the U.S. While some employees are able to work from home, the company still has workers at its delivery and service centers as well as an estimated 2,500 people at its Fremont, Calif. factory.
Tesla suspended production at its Fremont factory beginning March 23, days after a shelter-in-place order went into effect in Alameda County due to the COVID-19 pandemic. Some basic operations that support Teslas charging infrastructure and what it describes as its vehicle and energy services operations have continued at the factory, which under normal circumstances employs more than 10,000 people.
The decision to suspend production at Fremont came after a multi-day public tussle between the automaker and local officials in Alameda County over what was considered an essential business.
Tesla has also suspended operations at its factory in Buffalo, N.Y., except for those parts and supplies necessary for service, infrastructure and critical supply chains, the company said in a statement. Tesla CEO Elon Musk tweeted Wednesday that he plans to reopen the Buffalo factory to produce ventilators, a critical piece of medical equipment used in severe cases of COVID-19.
The email comes just two days after reports of at least two positive COVID-19 cases at SpaceX, another company headed up Musk. The positive cases at SpaceX sent some employees into quarantine, CNBC reported. The company is making hand sanitizer in house and taking other steps to protect nervous workers, according to CNBC. TechCrunch could not reach SpaceX for comment.
COVID-19, the disease caused by coronavirus, has rippled through corporate and industrial America. Manufacturers have suspended production of vehicles, tech companies have ordered employees to work from home and city, county and state governments have issued a variety of orders to try and slow the spread of COVID-19.
For instance, California Gv. Gavin Newsom issued a stay-at-home directive that ordered all nonessential businesses to close and for residents to only leave their homes for essential needs like groceries or to visit the pharmacy. Other states where Tesla has operations such as New York are also under a stay-at-home order.
Musk’s actions during the pandemic have caused a variety of reactions among employees, critics and his millions of Twitter followers. He has appeared dismissive of COVID-19 in emails to employees and on Twitter, where he has spread a misinformation on the disease, including that children are “essentially immune,” a statement that contradicts with information provided by the Centers for Disease Control and Prevention. In one internal email sent to SpaceX employees, Musk noted that they were more likely to die in a car crash than from the disease. 
Even as Musk seemed to downplay the disease, he has also stepped up to donate medical supplies needed by hospitals and has directed employees to not come to work if they feel ill or are uncomfortable. Tesla employees have received emails from human resources head Valerie Workman that if they could not or were reluctant to come to work they could use PTO or take unpaid time off after they exhaust their PTO. The email told one employee (who spoke to TechCrunch on condition of anonymity) that they would be not be penalized for their decision or face disciplinary action for attendance based on health or impossibility to come to work.
Musk has also donated essential personal protective equipment to hospitals that are facing a shortage of these supplies and has committed to trying to help ramp up production of ventilators."
3,"{'id': 'techcrunch', 'name': 'TechCrunch'}",Catherine Shu,EPA relaxes enforcement of environmental laws during the COVID-19 outbreak,The United States Environmental Protection Agency (EPA) announced on Thursday that it is temporarily relaxing enforcement of environmental regulations and fines during the COVID-19 outbreak. The “enforcement discretion policy” applies retroactively to March 1…,http://techcrunch.com/2020/03/26/epa-relaxes-enforcement-of-environmental-laws-during-the-covid-19-outbreak/,https://techcrunch.com/wp-content/uploads/2020/03/GettyImages-157442068.jpg?w=608,2020-03-27T03:14:49Z,"The United States Environmental Protection Agency (EPA) announced on Thursday that it is temporarily relaxing enforcement of environmental regulations and fines during the COVID-19 outbreak. The “enforcement discretion policy” applies retroactively to March 13, with no end date set yet.
“EPA is committed to protecting human health and the environment, but recognizes the challenges resulting from efforts to protect workers and the public from COVID-19 may directly impact the ability of regulated facilities to meet all federal regulatory requirements,” said EPA administrator Andrew Wheeler in the agencys announcement.
The policy “addresses different categories of noncompliance differently.” For example, the EPA said it will not seek penalties for noncompliance with monitoring and reporting “that are the result of the COVID-19 pandemic,” but that it still expects public water systems to provide safe drinking water.
The new policy follows lobbying from industries including oil and gas, which told the Trump administration that relaxed regulations will allow them to more efficiently distribute fuel during the outbreak.
But critics say that the policy will not only result in more pollution, but also make it impossible to fully assess the environmental damage.
In a statement to the Hill, Cynthia Giles, who headed the EPAs Office of Enforcement during the Obama administration, said the new policy “tells companies across the country that they will not face enforcement even if they emit unlawful air and water pollution in violation of environmental laws, so long as they claim that those failures are in some way caused by the virus pandemic. And it allows them an out on monitoring too, so we may never know how bad the violating pollution was.”"
4,"{'id': 'techcrunch', 'name': 'TechCrunch'}",Darrell Etherington,"Mesa Biotech gains emergency FDA approval for rapid, point-of-care COVID-19 test","The U.S. Food and Drug Administration (FDA) is making use of its Emergency Use Authorization (EUA) powers to expand the pool of available COVID-19 testing resources in the U.S., and now you can add another rapid test that delivers results in just 30 minutes t…",http://techcrunch.com/2020/03/24/mesa-biotech-gains-emergency-fda-approval-for-rapid-point-of-care-covid-19-test/,https://techcrunch.com/wp-content/uploads/2020/03/dock-cassette1_w2_1_t800.jpg?w=533,2020-03-24T12:17:34Z,"The U.S. Food and Drug Administration (FDA) is making use of its Emergency Use Authorization (EUA) powers to expand the pool of available COVID-19 testing resources in the U.S., and now you can add another rapid test that delivers results in just 30 minutes to the list. Mesa’s test is also small enough to be able to be used right at the frontline of care, including in clinics and hospitals, with multiple tests able to be run in parallel.
Mesa’s rapid test follows one from Cepheid that was approved on Monday. Both are PCR-based molecular tests, which identify the presence of virus DNA in a sample of a patient’s mucus. Both these tests prevent an important expansion of the technologies available to those looking to combat the spread of the new coronavirus, since they can provide lab-quality results, but can do so much faster, and without requiring transportation of the samples from the point of collection to off-site testing facilities.
On-site testing not only has advantages in terms of convenience and speedy return of results, but also in limiting the potential exposure of medical personnel to the virus itself. Testing on-site means you don’t need to worry about possible exposure to the virus for more people in the chain, including logistics and delivery people, as well as lab technicians and dedicated diagnostics people.
These tests will require that facilities are equipped with Mesa’s Accula testing system, but its equipment is already in use for testing flu, as well as other less serious equipment, and it was originally designed specifically to address use on the frontlines of efforts to combat global pandemics, including SARS before this."
5,"{'id': 'techcrunch', 'name': 'TechCrunch'}",Natasha Mascarenhas,Former founders of SocialRank have launched a job board for COVID-19 layoffs,"The COVID-19 pandemic has already triggered a number of layoffs across industries, from travel companies to scooter startups. But, as a gray footnote to all tragedies, we’re starting to see innovation pop through the cracks — and hopefully help some people, a…",http://techcrunch.com/2020/03/24/former-founders-of-socialrank-have-launched-a-job-board-for-covid-19-layoffs/,https://techcrunch.com/wp-content/uploads/2018/11/facebook-depression.jpg?w=711,2020-03-24T19:23:07Z,"The COVID-19 pandemic has already triggered a number of layoffs across industries, from travel companies to scooter startups. But, as a gray footnote to all tragedies, were starting to see innovation pop through the cracks — and hopefully help some people, as well.
Back in November, Alexander Taub and Michael Schonfeld launched Upstream, a social media platform for professionals, to a small group of roughly 800 beta testers. The goal was to give folks a place to network and ask for introductions in a more digitally friendly, mobile-first platform than LinkedIn groups. The company counts Hunter Walk of Homebrew, Olivia Benjamin of Bain Capital Ventures and D’Arcy Coolican of Andreessen Horowitz as beta users. The plan was to launch publicly this summer. 
However, as companies have cut staff, the co-founders are launching Upstream to the public earlier than expected, with a specific goal to discuss layoffs from COVID-19. 
When the coronavirus hit, we were like, oh my god we’re gonna have crazy unemployment, Taub tells me. Its one thing to have a recession depression, but theres also going to be a zero demand curve because like, we cant go outside. So this is going to be bad.
As a result, Taub decided to double down on something he was already seeing happen organically on the platform: job hiring and role recommendations. 
Once a user signs up to the platform, they can join the COVID-19 group. They can then choose what they want to post: looking to hire; looking for a job; or looking to help. Being able to only originate these three types of posts, noted Taub, is part of the reason Upstream is different from a Slack group or LinkedIn.
Once a note is posted, users can directly message other users in the group to follow up on a job posting or warm intro. When I asked Taub how hes preparing for a potential uptick in usage, he said that if this blows upwe will put up a gate to limit the amount of posts that go live each minute. 
Other groups on the platform that are not yet open to the public include Jews in Tech, Business Development and Earlybirds. 
Taub said he and Schonfeld launched Upstream with a view to focus on individuals in tech. But in recent months, Taub says he’s noticed group members outside of tech have used it, including small business owners and teachers. 
There has been little innovation in support for layoffs. Most layoff solutions exist in the form of job searching groups on Facebook, communities on Slack and even a plain-old spreadsheet that includes a list of people to hire. Taub is betting that people want a dedicated place to be more vulnerable…because its a little uncomfortable asking for help on Facebook."
6,"{'id': 'techcrunch', 'name': 'TechCrunch'}",Natasha Lomas,Netflix and other streaming platforms urged to switch to SD during COVID-19 crisis,The European Commission is putting pressure on Netflix and other streaming platforms to switch to standard definition during periods of peak demand as the coronavirus crisis puts unprecedented load on Internet infrastructure. Across the European Union — a reg…,http://techcrunch.com/2020/03/19/keep-calm-and-switch-to-sd/,https://techcrunch.com/wp-content/uploads/2017/12/gettyimages-670182534.jpg?w=600,2020-03-19T15:41:45Z,"The European Commission is putting pressure on Netflix and other streaming platforms to switch to standard definition during periods of peak demand as the coronavirus crisis puts unprecedented load on Internet infrastructure.
Across the European Union — a region with around 445M citizens —  it’s likely many millions of office workers will switch to teleworking, as countries impose quarantine measures and instruct people to work from home wherever possible. The European Commission itself, which employs around 32,000 people, moved all non-critical staff to remote work at the start of this week.
Yesterday Thierry Breton, the commissioner for the EU’s internal market who is also a former CEO of France Telecom, tweeted that he’d spoke to Netflix CEO Reed Hastings to make the case for standard definition streaming by default during the COVID-19 public health crisis.
A spokesman for Breton told us the Commission is inviting streaming platforms to follow the lead of telecom providers and consider adapting the throughput of video streaming, such as by temporarily moving to SD rather than HD streaming — at least for the most critical working hours.
In Breton’s call with Netflix a number of potential measures were discussed — per the spokesman — including an automatic switch to standard definition during peaks of Internet activities on impacted geographies, which the Commission says represents a “responsible option”, that will help secure telecommunications infrastructures while “keeping offering the best service to users and consumers, with no disruption”.
Many content and application providers are already applying this sort of flexibility measure, it added.
The Commission is also asking telecoms operators that provide Internet services to take steps to prevent and mitigate the impacts of impending network congestion, by inviting them to make use of “possibilities” offered by EU net neutrality rules.
Earlier this week Vodafone reported a 50% surge in Internet traffic in some European countries as scores of people logged on from home. Covid-19 is already having a significant impact on our services and placing a greater demand on our network, the company said in a statement, adding that: We should expect this trend of data growth to continue.”
At the same time the Commission is calling for Internet users in the region to make responsible use of online recreational activities — such as by opting for settings that reduce data consumption, including using Wi-Fi (rather than mobile data) and choosing lower resolution for content whenever possible.
It wants joint action from all stakeholders to ease the pressure on infrastructure and facilitate remote working and online education at a time of region-wide public health crisis.
In a statement Breton added: Europe and the whole world are facing an unprecedented situation. Governments have taken measures to reduce social interactions to contain the spread of Covid-19, and to encourage remote working and online education. Streaming platforms, telecom operators and users, we all have a joint responsibility to take steps to ensure the smooth functioning of the Internet during the battle against the virus propagation.”
It’s not clear exactly what wiggle room the Commission envisages in EU net neutrality rules for prioritizing certain types of traffic over others during the coronavirus crisis.
We asked Breton’s spokesman for clarification on this point but he responded by emphasizing that the Commission is hoping to steer off such a scenario, telling us: “By calling for all stakeholders responsibility (platforms/telcos/users) we are proactively ensuring smooth functioning of the Internet so that the question of prioritization does not need to be asked.”
We also reached out to Netflix to ask what steps it’s taking to help manage bandwidth demand in the region. At the time of writing the company had not responded.
Breton’s spokesman said the commissioner is due to hold a follow-up call with Hastings in the coming days.
More broadly, the Commission is working on setting up a reporting mechanism to ensure regular monitoring of the Internet traffic situation in each Member State in order to be able to respond swiftly to capacity issues, liaising on this with the Body of European Regulators for Electronic Communications and with the support of national regulatory authorities.
We’ve also contacted YouTube for comment on the Commission’s call for proactive action from streaming platforms to help manage increased demand on Internet infrastructure."
7,"{'id': 'techcrunch', 'name': 'TechCrunch'}",Taylor Hatmaker,Twitter will broadly delete any COVID-19 tweets that could help the virus spread,"You don’t have to go far to find someone online downplaying the severity of a global pandemic that’s shut down entire economies and ground everyday life to a halt. Knowing that, Twitter will take extra steps to remove tweets that put people at risk of contrac…",http://techcrunch.com/2020/03/18/twitter-coronavirus-covid-19-misinformation-policy/,https://techcrunch.com/wp-content/uploads/2020/01/twitter-CES-2020-05.jpg?w=711,2020-03-19T02:11:59Z,"You don’t have to go far to find someone online downplaying the severity of a global pandemic that’s shut down entire economies and ground everyday life to a halt. Knowing that, Twitter will take extra steps to remove tweets that put people at risk of contracting the novel coronavirus as it rapidly sweeps through communities around the globe.
On Wednesday, Twitter updated its safety policy to prohibit tweets that “could place people at a higher risk of transmitting COVID-19.” The new policy bans tweets denying expert guidance on the virus, encouraging “fake or ineffective treatments, preventions and diagnostic techniques” as well as tweets that mislead users by pretending to be from health authorities or experts.
Content that increases the chance that someone contracts or transmits the virus, including:– Denial of expert guidance– Encouragement to use fake or ineffective treatments, preventions, and diagnostic techniques– Misleading content purporting to be from experts or authorities
— Twitter Safety (@TwitterSafety) March 18, 2020
Given the new guidelines Twitter has outlined, the platform is going to have its work cut out for it. Under the ruleset, a tweet that claims “social distancing is not effective” would be subject to removal. Twitter will also require users to delete tweets telling followers to do ineffective or dangerous things like drinking bleach, even if the tweet is “made in jest” because that content can prove harmful when taken out of context.
Twitter has also banned tweets that make calls to action encouraging other users to behave in a way counter to what health authorities recommend, with the example tweet of “coronavirus is a fraud and not real – go out and patronize your local bar!!” Some political figures have faced criticism for similar statements in recent days, including Rep. Devin Nunes (R-CA) who encouraged Fox Business viewers “to just go out… go to your local pub.”
The rules will also ban tweets in which people play armchair doctor and make claims like “if you have a wet cough, its not coronavirus – but a dry cough is.” Users will also not be allowed to make coronavirus claims that single out groups of people based on race or nationality, like discouraging followers to eat at Chinese restaurants. Other race-based claims like John McAfee’s tweet that “Coronavirus cannot attack black people” won’t fly either.
Twitter’s new set of coronavirus-related misinformation rules is as thorough as it will be difficult to enforce. Many, many tweets would appear to fall under the deepened policy designed to prevent health misinformation from spreading on the social network.
To meet the unique challenge posed by the pandemic, Twitter said it has put a “content severity triage system” in place so that the most potentially damaging tweets can be identified and removed, with less emphasis on users flagging the tweets themselves. The company previously announced that it would be relying more heavily on automation and machine learning to act on content that violates platform rules, which Twitter admits may lead to mistakes in some cases.
In an effort to rise to the gravity of the situation, Twitter’s policies lay out an aggressive and fluid approach that we don’t always see from social networks. We’ll be following along to see how the platform experiment goes in the coming days and if Twitter can help stem the flow of potentially lethal misinformation as the world wakes up to the global threat of COVID-19."
8,"{'id': 'techcrunch', 'name': 'TechCrunch'}",Brian Heater,A few things to consider before pitching a COVID-19 story,"In recent weeks, the novel coronavirus has permeated nearly every aspect of our lives, from the work we do, to the food we buy, to the simple things we’ve tended to take for granted, like leaving our homes and socializing. Even the stories I write that are os…",http://techcrunch.com/2020/03/20/a-few-things-to-consider-before-pitching-a-covid-19-story/,https://techcrunch.com/wp-content/uploads/2020/03/GettyImages-1208505346.jpg?w=600,2020-03-20T19:05:55Z,"In recent weeks, the novel coronavirus has permeated nearly every aspect of our lives, from the work we do, to the food we buy, to the simple things weve tended to take for granted, like leaving our homes and socializing.
Even the stories I write that are ostensibly not about the virus are always somehow about the virus. 
When we look back at this moment in time, the sheer ubiquity of the topic will, perhaps, be its defining characteristic. And while we flirt with notions of escapism, the fact of the matter is that well never fully get away from COVID-19 until it is completely eradicated.
Among the constant and mostly unwanted reminders in my own life is my work inbox. Im being pitched coronavirus-related stories dozens of times a day at this point, running the gamut from the tasteful and thoughtful to the cringe-inducing. In the early days of the outbreak, when I first began receiving these pitches, they all sort of felt as though they were being done in bad taste. 
Pitching against tragedy is not an uncommon practice in public relations. Like online content generators that juice SEO with trending buzzwords, the phenomenon is a common one amongst many PR reps. And frankly, by the time the realities of COVID-19 came to our shores, the isolated act of including references to the pandemic in a pitch no longer felt crass in the same way. COVID-19 is our reality now, and will be for a while. Perhaps it follows, then, that it will also bear mentions in the pitches that cross our inboxes. 
Im not an expert in communications or crisis management. And the extent of my work in PR was a few months fresh out of college, when I took a freelance writing gig to help keep my head above water in New York City. I hated it, and, frankly, I was probably extremely bad at it. 
While I know enough now to recognize a distasteful pitch when I see it, I was curious how people in the public relations industry navigate the question. I reached out to handful of reps Ive generally had a good experience with and asked how they best do their work when the world around them is falling apart at the seams."
9,"{'id': 'techcrunch', 'name': 'TechCrunch'}",Ingrid Lunden,Twitter prioritizes blue-check verifications to confirm experts on Covid-19 and the novel coronavirus,"At long last, here’s an actually useful purpose for Twitter’s blue-check verification mark: Twitter last night announced that it is mobilising the badge system to help surface and signal more authoritative and verified voices that can provide “credible update…",http://techcrunch.com/2020/03/21/twitter-prioritizes-blue-check-verifications-to-confirm-experts-on-covid-19-and-the-novel-coronavirus/,https://techcrunch.com/wp-content/uploads/2016/07/twitter-verified-pattern.png?w=711,2020-03-21T13:13:41Z,"At long last, here’s an actually useful purpose for Twitter’s blue-check verification mark: Twitter last night announced that it is mobilising the badge system to help surface and signal more authoritative and verified voices that can provide “credible updates” on the topic of the coronavirus, and made a general call out for people that are experts to get all of their information up to date — including associating the word addresses with their accounts — to speed up this process.
This is the latest move from Twitter in what has been an ongoing effort to clear its platform of false information and the harmful spread of it as the pandemic increasingly takes its grip on the world.
The blue check mark was always intended to help steer people to know when they looking at more authentic voices or the official accounts for high-profile people or organizations, although it’s also been a huge vanity metric for many people, and so has often had a taint of the more ridiculous side of Twitter (the one where people also obsess over like and retweet counts). So harnessing it for a truly useful purpose is a great move.
It’s also one that is linking up with other efforts online: yesterday Google launched an updated search experience that includes a carousel of Twitter accounts Tweeting information related to the pandemic. This will help Twitter and Google populate that in a more informative and dynamic way.
If you are an expert who would like to use Twitter to broadcast more effective messages to the public, please read on. And if you are an authority who is not affiliated with one of the authorities working on fighting and managing the coronavirus outbreak, hold tight as Twitter said it will also be working on how to more quickly verify you, too.
Twitter said it is working with global health authorities — these include organizations like the WHO, the CDC, state health authorities and recognized academic institutions — to identify not just these organizations’ own accounts but those of experts affiliated with them. While it has it has “already Verified hundreds of accounts,” there are many more to verify, but the process is being slowed down by people not having all of their information in order. (Essentially these are some of the usual requirements for verification, applied specifically now to coronavirus experts.)
Specifically, Twitter said that experts needed to make sure that the email address that a person has associated with their Twitter account is their work emails. Instructions on how to do that here.
Then, Twitter said that a person’s bio needs to include references and a link to the place where they are working, and ideally that the page they are linking to also includes a reference back to the Twitter account (if it’s a link to a bio page). Instructions on how to update your profile here.
And accounts that are looking for verification, it goes without saying, have to follow the official Twitter Rules (which cover things like no harassment, impersonation accounts and so on), and specifically as it relates to coronavirus and Covid-19, Twitter’s guidance for that.
Twitter had, predictably, what looked like hundreds of responses to its Tweets on this subject, both from people simply saying, “Hey, what about me? Can I get verified today for my birthday?!” and those saying they also should be verified because of their authoritative position on Covid-19. Going about how to do the latter with accuracy will be a much bigger challenge that Twitter is still working out. “Were also considering a way to take public suggestions, but first are reviewing the suggestions we have from global public health authorities and partners,” it concluded."
10,"{'id': 'techcrunch', 'name': 'TechCrunch'}",Ingrid Lunden,Self-reporting app for Covid-19 symptoms for UK research sees 650k downloads in 24 hours,"One of the big challenges (among many) with the coronavirus pandemic is that overwhelmed health services do not always know how best to deploy the limited resources that they have to meet the demand of people falling ill with Covid-19. For example, we know th…",http://techcrunch.com/2020/03/25/self-reporting-app-for-covid-19-symptoms-for-uk-research-sees-650k-downloads-in-24-hours/,https://techcrunch.com/wp-content/uploads/2020/03/GettyImages-1208505346.jpg?w=600,2020-03-25T16:12:59Z,"One of the big challenges (among many) with the coronavirus pandemic is that overwhelmed health services do not always know how best to deploy the limited resources that they have to meet the demand of people falling ill with Covid-19. For example, we know that more ventilators and beds will be needed, but where specifically are the outbreaks happening and how can those local areas be served better?
Now, an app in the UK called the C-19 Covid Symptom Tracker, developed out of an unlikely corner of medical research — looking into the progression of medical conditions by tracking twins — is asking people to self-report their symptoms in an effort to start to gather more of that detail.
And in a mark of how the public is trying to step up its efforts to get involved in the fight to contain the disease, the app has itself gone viral, with 650,000 downloads since being launched on Tuesday morning.
Developed by a startup called Zoe in partnership with researchers at Kings College Hospital in London, the plan is to bring the app next to the US, where the latter group had already been working with colleagues at Massachusetts General Hospital and Stanford on a previous project (more on that below).
To be very clear, the app itself is not a diagnostic tool — these are being developed on a more national level, linking people through to local services. Nor is it designed to give the public any clarity on where Covid-19 symptoms are cropping up. (As we reported earlier, there are a number of those being built and used already, too, providing maps and other data.)
Instead, it’s a research app designed to bring together information that could be useful to medical professionals to better plan their responses.
At first, the plan was to build an app to figure out where there were clusters of cases in order to better determine where testing kits, in short supply, might be better allocated.
“We were actively speaking to a multitude of companies that are making or have testing kits, and the originally the idea was that if we identified people who were expressing symptoms, maybe we could get a testing kit to them faster,” said Sara Gordon, a spokesperson for the company. That proved to be too difficult, she added, since the testing arena is very fragmented and so it’s not clear whether they all reliably and consistently work the same (and work well).
Then, attention turned to where the data could be useful, and providing support to the NHS, the UK’s National Health Service, in determining the shape and evolution of the virus, in order to research it better and figure out how to deploy NHS resources, was where the team landed.
The ExCel conference center in the Docklands in East London is being set up as a field hospital now, “but there are many other places that will need hospitals opened,” she said, “and this could help figure out where.”
The app has a somewhat unlikely origin. It was created by Zoe, a spinout from Kings College Hospital that is now backed by some $27 million in funding — investors include Daphni in France, Accomplice (formerly Atlas Venture) in Boston, among others — in partnership with a research group at Kings College that has been tracking twins.
“Were a healthcare startup that has been running the worlds largest nutrition study,” Gordon said, spanning some 25 years (predating the startup materialising or getting spun out) and 8,000 groups of twins, and covering not just people through Kings, but also Stanford and Mass General.
Researching food intake as well as blood and stool samples, the idea was to “understand everything about how genes determine how we metabolise food, our immune responses, and more,” using twins with nearly identical DNA to do this, and using that input to determine new insights into cardiovascular disease, diabetes, and other chronic conditions.
Last week, Zoe’s co-founder, Tim Spector, who is also Professor of Genetic Epidemiology at Kings College London and director of the Twins UK study, spoke to the Zoe team about creating an app to reach out to the 8,000 twins in the study (who had already been using Zoe to track other parts of their lifestyles) to see how many of them were expressing signs of the novel coronavirus. It could have been a useful test pool also for determining what role age plays in this, since the long-term study means many of the people involved are older.
Events overtook those plans, too:
“From the conversations we were having with Kings” — the inner-city hospital (which happens to be my local hospital) has been very much at the front lines of the coronavirus response in London and the UK — “we decided that if we’re making this available to twins, maybe we should open it up to more people,” Gordon said. “One of the main issues here in the UK and other countries has been that governments haven’t been able to get good enough data about where the virus is spreading or how bad symptoms are.”
There are some major caveats with the app, which it seems are still a work in progress.
The biggest of these is that the app itself is self-reporting. That means that you are putting a lot of trust into people to be accurate and also consistent with each other in how they are describing their symptoms. (Is my idea of a continuous, unproductive cough the same as yours? And are our coughs even a reliable enough indicator of what is going on?)
“Were relying on the public to be honest about their symptoms,” Gordon said more than once during my conversation with her. That would have been one reason too why tying the surveys to testing kits (the original idea) might have been problematic: so many people want some assurance that I’m guessing a lot would have reported just to get the kits.
The other is that it requires regular, habitual use: a person reporting one day is only really useful if that person reports for the rest of the days subsequent to that to get a picture of how and if symptoms progress. On the other hand, that could be a boost to self-reporting too: even if my version of a continuous cough is different from yours, at least I’ll now be showing how and if anything else gets added to that cough over time.
“What were trying to do is scale what we see and what scientists are classifying as severity of symptoms,” she said. “If someone has fever over a certain period, then thats logged as red. Amber is feeling ill.”
Over the next few days she said the team is hoping to separate Covid-19 symptoms apart from those associated with a common cold. “Were working to make sure that in reporting were being able to divide which are common cold or flu and which are Covid-19.”
A third issue is the data usage on the app. The privacy terms on Zoe note that the data is only there to be used by the researchers, but it also notes that it could travel outside of the EU not just for analytics but to be shared with other research partners.
“The data policy we have is the one we have had legal advice on,” Gordon said. “Its compliant with GDPR, and if if and when we pass to others, people’s names are anonymised and switched to code. We feel we have super strict data rules on our side.” She added that the compliance in the US is even more strict because any research we do there has to go through a clinical process to make sure it is protected “so there should be absolutely no concerns about data privacy.”
All the same, even with all the best intentions, there could also be a risk of your data getting misappropriated when handed off from one party to another and no longer under local jurisdictions.
One of the other co-founders, Jonathan Wolf, is the former chief product officer of Criteo (the adtech company currently being investigated by France’s data protection watchdog for how it uses personal data) is also something to consider, in particular when you see that Criteo is disingenuously described as a “machine learning company” in his bio on the Zoe site. If there is nothing to hide, why hide? (The third co-founder is George Hadjigeorgiou, who also doesn’t have any direct links to the medical industry, having been the CEO of HouseTrip and the co-founder of efood, a delivery startup.)
On a more positive note — and there is a lot to see that is positive here — Zoe itself is set up as a business, but this project specifically was built without any of that in mind.
“Building this to meet the current need was just a decision we made,” Gordon said. “The team switched from the commercial product to this for the next few weeks, and the plan is to make it open source and to hand it off to the right people eventually. We just want to get the ball rolling.”
Remember to stay two meters apart from others when you go out, and stay at home when you can. Keep well, TC readers."
11,"{'id': 'techcrunch', 'name': 'TechCrunch'}",Darrell Etherington,New York State seeks tech talent for its COVID-19 technology SWAT team,"New York State is ramping up efforts to combat the growing coronavirus pandemic, including appeals to all industries for help in the form of much-needed medical equipment for healthcare workers. It’s also specifically asking for help from the tech community, …",http://techcrunch.com/2020/03/25/new-york-state-seeks-tech-talent-for-its-covid-19-technology-swat-team/,https://techcrunch.com/wp-content/uploads/2020/03/GettyImages-1207967086.jpg?w=619,2020-03-25T15:59:05Z,"New York State is ramping up efforts to combat the growing coronavirus pandemic, including appeals to all industries for help in the form of much-needed medical equipment for healthcare workers. It’s also specifically asking for help from the tech community, through an open call for contributions from individuals and organizations to help form its “COVID-19 Technology Swat Team.”
The call, posted to New York State’s official government website, seeks “impactful solutions and skilled tech employees” to help state authorities scale and grow their technology-driven response to the spread of the coronavirus. Specifically, New York state is seeking people who have professional experience in “product management, software development / engineering, hardware deployment &amp; end-user support, data science, operations management, design, or other similar areas.”
Priority is given to any groups or teams of individuals who come from the same institution, as the effort will include assigning teams tasks with minimum 90-day “deployment” periods, and the state is obviously looking to maximize effectively by sourcing talent that already works together as a collective, thereby bypassing the process of people having to figure out how to work together.
The application form also calls out full-scale platform builds as one area of contribution, as well as freely providing access to hardware or software that can be used in tech-focused solutions. It includes options for participating either with on-site staffing, or remotely, and it’s open to both groups and individuals despite the stated preference for pre-existing groups and teams.
New York faces the most serious threat from COVID-19 in the U.S., with a total of 30,811 positive cases reported as of Wednesday morning, with 12% of those in hospitals and 3% in ICU. New York Governor Andrew Cuomo has been calling for support in the form of equipment from the White House and federal stockpiles, but has also said that that equipment has not been forthcoming in anywhere near the volumes needed to address the situation in the state.
TechCrunch’s audience definitely fits the profile for New York’s new call-to-action for technical expertise, so if you think you can contribute in some way, definitely consider registering your interest via their task force website."
12,"{'id': 'techcrunch', 'name': 'TechCrunch'}",Sarah Perez,Spotify adds fundraising features and a COVID-19 news hub to address the health crisis,"Spotify this morning announced a series of new initiatives to address the COVID-19 health crisis across its platform. The company is launching a financial relief effort for those in the creative community who have been heavily impacted by the virus, which inc…",http://techcrunch.com/2020/03/25/spotify-adds-fundraising-features-and-a-covid-19-news-hub-to-address-the-health-crisis/,https://techcrunch.com/wp-content/uploads/2020/03/S4A_BLOGSPOT_HEADER.jpg?w=764,2020-03-25T15:07:21Z,"Spotify this morning announced a series of new initiatives to address the COVID-19 health crisis across its platform. The company is launching a financial relief effort for those in the creative community who have been heavily impacted by the virus, which includes the addition of a public donations feature on its website. The company is also working to add a new feature that will allow artists to fundraise directly from their fans via their Spotify artist profile pages. Meanwhile, for listeners, Spotify is adding a COVID-19 news and information hub in its app to help keep users informed.
The new Spotify COVID-19 Music Relief Project will recommend verified organizations that are offering financial relief to those in the music community who are in need, worldwide. At launch, Spotify is partnering with MusiCares, PRS Foundation, and Help Musicians, and says it’s planning to add more partners in time.
The company says it will also match dollar-for-dollar the public donations made through the Spotify COVID-19 Music Relief page up to a total contribution of $10 million. Industry professionals in need of financial assistance will go to the partners’ sites for information to apply for relief funds.
“While streaming still gives artists a way to connect with their fans, so many other sources of revenue have been put on hold by this crisis,” notes the company on the Relief project’s page. “To play our part, were working with a growing list of organizations offering financial relief to creators around the world to find ways to support our community,” it says.
And though not yet launched, Spotify says it’s working to add a new fundraising feature for artists that will allow them to drive their fans to a fundraising destination of their own choice. This would allow artists to directly fundraise for other artists in need or another separate initiative of their own choosing. This feature will be optional for the artists to use and no changes to their profile pages will occur unless the artist wants to participate. And unlike the fundraising efforts on other sites, Spotify says it won’t take a cut of the funds.
Of course, offering personal fundraisers in a time of crisis can also be problematic, as there are a number of scammers now trying to capitalize on crisis with fake fundraisers. Artists, like anyone else, could fall for these scams and then rally their fans towards the cause — potentially redirecting money away from true relief organizations at a time when it’s critical.
This is worsened by the fact that personal fundraisers generally need vetting to ensure they in and of themselves aren’t scams or engaging in some kind of fraud. Even Facebook, operating at the scale it does, is warning users that it currently has fewer people on staff to review personal fundraisers due to the coronavirus (COVID-19) outbreak. It says fundraisers may not even be able to be reviewed at all and if they are, they’ll take longer than usual. And yet Spotify is readily the rollout of fundraisers at this time when staffing reductions are in place? That’s concerning.
In addition, Spotify is adding a new feature to connect listeners with news and information about COVID-19. Through a new in-app hub, the company is pointing users to news and podcasts from the media, including ABC News, BBC World Service, CNN, Foreign Policy, and NPR.
And, like most companies, Spotify is also offering advertising space to governments and nonprofits for health information and PSAs.
The new COVID-19 Music Relief Project and COVID-19 hub are live today. Artists fundraisers are in the works."
13,"{'id': 'techcrunch', 'name': 'TechCrunch'}",Taylor Hatmaker,People who mostly get news from social networks have some COVID-19 misconceptions,"A new survey conducted by the Pew Research Center shows a COVID-19 information divide between people who mostly get their news from social networks and those who rely on more traditional news sources. Pew surveyed 8,914 adults in the U.S. during the week of M…",http://techcrunch.com/2020/03/25/pew-coronavirus-covid-19-survey/,https://techcrunch.com/wp-content/uploads/2020/03/GettyImages-1209656874.jpg?w=711,2020-03-25T23:10:20Z,"A new survey conducted by the Pew Research Center shows a COVID-19 information divide between people who mostly get their news from social networks and those who rely on more traditional news sources.
Pew surveyed 8,914 adults in the U.S. during the week of March 10, dividing survey respondents by the main means they use to consume political and election news. In the group of users that reports getting most of their news from social media, only 37% of respondents said that they expected the COVID-19 vaccine to be available in a year or morean answer aligned with the current scientific consensus. In every other sample with the exception of the local TV group, at least 50% of those surveyed answered the question correctly. A third of social media news consumers also reported that they weren’t sure about the vaccine availability.
Among people who get most of their news from social media, 57% reported that they had seen at least some COVID-19 information that “seemed completely made up.” For people who consume most of their news via print media, that number was 37%.
Most alarmingly, people who primarily get their news via social media perceived the threat of COVID-19 to be exaggerated. Of the social media news consumers surveyed, 45% answered that the media “greatly exaggerated the risks” posed by the novel coronavirus. Radio news consumers were close behind, with 44% believing the media greatly exaggerated the threat of the virus, while only 26% print consumersthose more likely to be paying for their newsbelieved the same.
The full results were part of Pew’s Election News Pathways project, which explores how people in the U.S. consume election news."
14,"{'id': 'techcrunch', 'name': 'TechCrunch'}",Darrell Etherington,"Airbnb to provide free or subsidized housing for 100,000 COVID-19 healthcare workers","The hospitality and travel industry may be reeling, but Airbnb is still doing what it can to support the global effort to fight the spread of the coronavirus causing a worldwide pandemic. The company announced today that it will provide “free or subsidized ho…",http://techcrunch.com/2020/03/26/airbnb-to-provide-free-or-subsidized-housing-for-100000-covid-19-healthcare-workers/,https://techcrunch.com/wp-content/uploads/2017/06/gettyimages-540896710.jpg?w=600,2020-03-26T14:13:38Z,"The hospitality and travel industry may be reeling, but Airbnb is still doing what it can to support the global effort to fight the spread of the coronavirus causing a worldwide pandemic. The company announced today that it will provide “free or subsidized housing” for 100,000 people working as frontline healthcare, relief for first response professionals focused on stemming the COVID-19 crisis.
Airbnb’s effort will work by allowing Hosts on its platform to opt-in to making their space available, with any fees that Airbnb would normally charge for using its platform waived for those who participate. The program will include new protocols around cleanliness that are designed to keep spaces safe for those workers who use it, and Airbnb will be working with the Red Cross, the International Rescue Committee, the International Medical Corps and other non-profit groups to help allocated space where it’s needed most.
Already, Airbnb had been operating smaller scale programs in both Italy and France to address the crises there, with 6,000 hosts across both countries making their spaces available. This extended program was partly the result of many requests from hosts to the platform about how they could volunteer their spaces and help with the effort, and Airbnb will be making it possible for hosts to offer their spaces for free if they want though even those who still want to participate but keep a stay charge in place won’t be charged any fees by Airbnb itself.
The advanced cleaning protocols that Airbnb has put in place are developed to align with guidance from leading national health authorities, including the CDC in the U.S., and Airbnb says they will evolve as updated guidance becomes available. Some of the enhanced rules to help try to ensure safety include guidance that there should be a minimum of 72 hours between stays, as well as maintaining proper social distancing between hosts and any guests.
Airbnb also has a fund established for those who want to provide monetary support, with 100 percent of all proceeds going to nonprofits working on COVID-19 relief. These funds will help further subsidize housing costs for any responders in the case of hosts making housing available at a fee."
15,"{'id': 'techcrunch', 'name': 'TechCrunch'}",Darrell Etherington,NVIDIA makes its GPU-powered genome sequencing tool available free to those studying COVID-19,"NVIDIA is making its Parabricks tool available for free for 90 days (with the possibility of extension, depending on needs) to any researcher currently working on any effort to combat the ongoing novel coronavirus pandemic and spread of COVID-19. The tool is …",http://techcrunch.com/2020/03/19/nvidia-makes-its-gpu-powered-genome-sequencing-tool-available-free-to-those-studying-covid-19/,https://techcrunch.com/wp-content/uploads/2020/03/GettyImages-1207957894.jpg?w=600,2020-03-19T20:36:34Z,"NVIDIA is making its Parabricks tool available for free for 90 days (with the possibility of extension, depending on needs) to any researcher currently working on any effort to combat the ongoing novel coronavirus pandemic and spread of COVID-19. The tool is a GPU-accelerated genome analysis toolkit, which leveraged graphics processing power to take a process that previously took days, but that through its use can be accomplished in just a matter of hours.
Researchers will still need access to NVIDIA GPUs for running the Parabricks genetic sequencing suite, but they won’t have to pay anything for the privilege of running the software. This is a big advantage for anyone studying the new coronavirus or the patients who have contracted the illness. The GPU-maker is also providing links to different cloud-based GPU service providers to lower that barrier to entry, as well.
We’ve cut down drastically on genomic sequencing times in the past few years, but they still require a massive amount of computing hardware, and Parabricks, which was acquired by NVIDIA late last year, has developed technology that makes it possible to sequence an entire human genome in under an hour and that’s using a single server, not an entire server farm.
Speed is of the essence when it comes to every aspect of the continued effort to fight the spread of the virus, and the sever respiratory illness that it can cause. One of the biggest challenges that scientists and researchers working on building potential drug therapies and vaccines for the novel coronavirus face is lack of solid, reliable information. The more sequencing that can be done to understand, identify and verify characteristics of the genetic makeup of both the virus itself, and patients who contract it (both during and post-infection), the quicker everyone will be able to move on potential treatments and immunotherapies."
16,"{'id': 'techcrunch', 'name': 'TechCrunch'}",Frederic Lardinois,FAA temporarily closes tower at Chicago’s Midway Airport after employees test positive for COVID-19,"In another example for the farreaching effects of the coronavirus outbreak, the FAA today said that it is temporarily closing the tower at Midway Airport, the second largest airport in the Chicago area. In a statement, the FAA says that that several technicia…",http://techcrunch.com/2020/03/17/faa-temporarily-closes-tower-at-chicagos-midway-airport-after-employees-test-positive-for-covid-19/,https://techcrunch.com/wp-content/uploads/2020/03/GettyImages-532196646.jpg?w=600,2020-03-17T23:12:52Z,"In another example for the farreaching effects of the coronavirus outbreak, the FAA today said that it is temporarily closing the tower at Midway Airport, the second largest airport in the Chicago area. In a statement, the FAA says that that several technicians at the facility tested positive for COVID-19. For a while, there was a ground stop in effect for Midway and no flights could take off to land at the airport.
In its statement, FAA notes that the airport remains open and that operations will continue at a reduced rate.
“The air traffic system is a resilient system with multiple backups in place. This shift is a regular execution of a longstanding contingency plan to ensure continued operations. Each facility across the country has a similar plan that has been updated and tested in recent years,” the FAA says in a statement. How exactly the airport will operate without a working control tower is unclear, though. Smaller airports often revert to being uncontrolled fields after the tower closes at night and have procedures in place for this. That’s not typically the case for large airports like Midway, though, which are staffed 24/7.
The largest airline at Midway is Southwest Airlines, though Delta Air Lines also flies there.
In a separate statement, the National Air Traffic Controllers Association, the labor union for aviation safety professionals, asks that all who work at the tower should be tested for the disease. “NATCA is adamant that the testing must occur immediately and is hopeful there will be no additional COVID-19 infections. We are encouraged that the FAA is pursuing the rapid testing of all personnel at [Midway] Tower,” the organization writes."
17,"{'id': 'techcrunch', 'name': 'TechCrunch'}",Darrell Etherington,Pfizer and BioNTech announce joint development of a potential COVID-19 vaccine,"Pharma giant Pfizer announced on Tuesday that it’s working with BioNTech, a German company working on new kinds of immunotherapy treatments, on a potential COVID-19 vaccine. The joint effort, confirmed Tuesday via a signed letter of intent, will see both part…",http://techcrunch.com/2020/03/17/pfizer-and-biontech-announce-joint-development-of-a-potential-covid-19-vaccine/,https://techcrunch.com/wp-content/uploads/2020/03/GettyImages-1209679031.jpeg?w=711,2020-03-17T20:00:15Z,"Pharma giant Pfizer announced on Tuesday that it’s working with BioNTech, a German company working on new kinds of immunotherapy treatments, on a potential COVID-19 vaccine. The joint effort, confirmed Tuesday via a signed letter of intent, will see both partners work together on a a messenger RNA-based vaccine that will seek to prevent people from contracting the new coronavirus.
It’s worth a reminder that any vaccine is going to take, at minimum, between a year and 18 months to develop and certify for general. human use, so don’t think that this is going to result in any kind of short-term solution. But the collaboration does bring together one of the largest and most established players in the realm of pharmaceutical biotech, along with a younger company working at the forefront of mRNA-based immune therapies.
These therapies don’t use samples of the virus itself, as typical vaccines do (in either dead or weakened form, to jump-start the body’s natural defences). Instead, they rely on RNA to kickstart the production of proteins similar enough to the virus that they trigger the body’s development of antibodies effective against the actual target.
This collaboration should result in a clinical test that could kick off as early as April. Both parties aren’t starting from scratch in terms of their work on mRNA-based vaccines: they began working together on R&amp;D to create treatments for the flu starting in 2018.
While work on the collaborative effort begins immediately, across teams located in both the U.S. and German, the two partners still have to hammer out details including financial terms and commercialization of whatever results. The fact that they’re willing to begin working before the ink is dry on those details should give you some idea of the urgency felt behind the project.
This isn’t the only mRNA-based potential COVID-19 vaccine in development: Earlier this week, Moderna announced that they’d already begun human clinical trials of their own coronavirus immunotherapy, after fast-tracking its development in partnership with the National Institutes of Health."
18,"{'id': 'techcrunch', 'name': 'TechCrunch'}",Kirsten Korosec,All major indices take a hit as COVID-19 pandemic continues,"All major indices fell sharply Monday as the COVID-19 pandemic continued its spread, prompting airlines to slash capacity and state and local officials to close schools, businesses like restaurants and bars. Stocks accelerated their fall in the waning minutes…",http://techcrunch.com/2020/03/16/all-major-indices-take-a-hit-as-covid-19-pandemic-continues/,https://techcrunch.com/wp-content/uploads/2018/09/GettyImages-874979248.jpg?w=685,2020-03-16T20:40:52Z,"All major indices fell sharply Monday as the COVID-19 pandemic continued its spread, prompting airlines to slash capacity and  state and local officials to close schools, businesses like restaurants and bars.
Stocks accelerated their fall in the waning minutes before the markets closed Monday as Wall Street reacted to a White House press conference with President Donald Trump National Institutes of Allergy and Infectious Diseases head Anthony Fauci, and Deborah Birx coronavirus response coordinator for White House coronavirus task force.
The task force recommended people limit the size of gatherings to less than 10 people and that non-essential businesses close for at least the next 15 days, but hinted that this could last into July.
The Dow Jones and the S&amp;P 500 suffered their worst percentage drop since 1987. The Nasdaq fell more than 12% and the Russell 2000 index of small caps fell 14.3%
All industries were hit on Monday with double-digit percentage losses, including real estate, energy financial, technology and travel.
At the close, markets were down:
<ul><li>The Dow Jones was down 2,998.97 or 12.93%, to 20,188.52</li><li>The Nasdaq was down 970.28 points, or 12.3%, to 6,904.59</li><li>The S&amp;P 500 was down 324.95 points, or 11.98%, to 2,386.13</li></ul>The markets had a rough start in the morning. After the Federal Reserve cut its interest rates to near zero at the urging of the president, all of the indexes posted major losses and for the third time in the past two weeks, the Dow hit its emergency circuit breaker as the market opened; the S&amp;P also halted trades.
Even as equities fell, Trump tried to ease concerns noting that the government was committed to backing industries like the airlines and that the stock market would eventually rebound.
“Once this virus is gone I think that you’re going to have a stock market like nobody has ever seen before,” Trump said in a press conference prior to the market close Monday.
Wall Street did provide a boost to airlines in response to the government’s decision to support airlines. American Airlines saw shares close up 11% to $15.92.
“It’s not their fault, in fact they were having a record season,” Trump said when asked if the government should back the airlines industry. “We’re going to be backing the airlines.”"
19,"{'id': 'techcrunch', 'name': 'TechCrunch'}",Taylor Hatmaker,States strategize to protect voters as COVID-19 changes some primary plans,"This week brings another batch of Democratic primaries, this time in Arizona, Florida, Illinois and Ohio. But a lot has changed since Super Tuesday. Lately, a lot changes every hour. In a joint statement last Friday, top election officials from the four state…",http://techcrunch.com/2020/03/16/coronavirus-primary-is-voting-march-17-delayed/,https://techcrunch.com/wp-content/uploads/2020/03/michigan-primary-hand-sanitizer-coronavirus-voting.jpg?w=600,2020-03-17T01:50:55Z,"This week brings another batch of Democratic primaries, this time in Arizona, Florida, Illinois and Ohio. But a lot has changed since Super Tuesday. Lately, a lot changes every hour.
In a joint statement last Friday, top election officials from the four states with a primary scheduled on March 17 addressed concerns about COVID-19.
“Americans have participated in elections during challenging times in the past, and based on the best information we have from public health officials, we are confident that voters in our states can safely and securely cast their ballots in this election, and that otherwise healthy poll workers can and should carry out their patriotic duties on Tuesday,” they wrote.
Three days after Ohio’s top election official reassured voters that the primaries would continue as planned, the state’s situation seemed to be in flux. On Monday, Ohio Gov. Mike DeWine supported an eleventh hour lawsuit to push the state’s primary back.
“We cannot tell people to stay inside, but also tell them to go out and vote,” DeWine argued on Twitter.
On Monday evening, a state judge rejected the request. Judge Richard Frye ruled that it was too late to make changes to the Ohio primary and that there was no assurance that the risk posed by the novel coronavirus could still be present months later.
“The doctors giving briefings in the national media suggest it could be months before we get to the point where there is stability,” Frye said of the decision.
While Gov. DeWine requested that the primary be pushed back to June, an attorney for the Ohio Democratic Party requested that it be moved to April 28, the same day as Connecticut, New York and other states in the Northeast. But as of Monday night, Ohio’s primary will continue as planned.
In a Facebook post over the weekend, Ohio Secretary of State Frank LaRose, the state’s top election official, reassured voters that Ohio’s 88 county election boards have been working with the CDC and the Ohio Department of Health on safety practices to prevent the spread of the coronavirus.
“Voters should practice social distance in line, and though every effort is made to avoid it, some lines may be a bit longer, but none of this should discourage voters from participating,” LaRose said in a statement Sunday.
Ahead of its own Tuesday primary, Arizona Secretary of State Katie Hobbs issued some safety guidelines on Twitter.
In a statement, Hobbs said that the decision to continue with voting was “not made lightly” and that there might not be a safer time in the near future for voting to take place.
“My message to voters is, stay informed and make a decision that is right for you,” Hobbs said, mentioning curbside voting locations and drive-up ballot drop boxes.
On Twitter, Florida Secretary of State Laurel Lee encouraged residents to vote early and reassured residents that the state is “aware of voters’ concerns over #COVID19.” In an op-ed, Lee also noted that voters in assisted living facilities will be allowed to vote “without public exposure.”
In some states, polling locations have been relocated to mitigate the risks of the coronavirus. In any state voting Tuesday, primary voters are encouraged to double check their polling location before heading out to vote.
Your polling location may have changed within the past couple of days. If you are unsure of where your designated polling location is for tomorrows Presidential Primary Election, be sure to check with your local Supervisor of Election. https://t.co/PWPFEnIUaB
— Laurel M. Lee (@FLSecofState) March 16, 2020
The state of Louisiana was the first to postpone its primary, which was set for April 4. Now, voting will take place on June 20. Georgia pushed its primary back two months from March 24 to May 19. The state of Kentucky will delay its own voting from May 19 to June 23."
