,source,author,title,description,url,urlToImage,publishedAt,content
0,"{'id': 'techcrunch', 'name': 'TechCrunch'}",Brian Heater,Regal is closing all theaters ‘until further notice’ over COVID-19 fears,"Three days after announcing plans to reduce theater attendance by 50%, Regal Cinemas announced that it will be closing all theater locations, effective March 17. The company announced the news via social media, noting that “All theatres will remain closed unt…",http://techcrunch.com/2020/03/16/regal-is-closing-all-theaters-until-further-notice-over-covid-19-fears/,https://techcrunch.com/wp-content/uploads/2018/03/gettyimages-627763166.jpg?w=600,2020-03-16T22:24:48Z,"Three days after announcing plans to reduce theater attendance by 50%, Regal Cinemas announced that it will be closing all theater locations, effective March 17. The company announced the news via social media, noting that All theatres will remain closed until further notice.
The dramatic shift comes amid declining attendance over fears of the rapid spread of COVID-19. It also follows moves by a number of cities and states that have blocked large gatherings and all non-essential travel in order to encourage social distancing. The move was no doubt as much an attempt to protect public health as it is recognition that staying open simple isnt feasible at the moment.
Regal announces closure of all theatre locations starting Tuesday, March 17, 2020, as a precaution amid the current circumstances. All theatres will remain closed until further notice. Please check back soon. We look forward to serving you again as soon as possible.
— Regal (@RegalMovies) March 16, 2020
Regal currently operates 549 theaters, comprising 7,211 screens spread out over 42 States, American Samoa, the District of Columbia, Guam and Saipan, according to its site. The company has not announced whether it has any plans to help compensate employees, nor how it will handle users with an Unlimited Pass. 
AMC last week announced its own reduced operations. We reached out to the company to see if it had any plans for a full shutdown amid all of the recent news. Well update when we hear something back. 
Movie studios, meanwhile, are reconsidering their approach for films set for a theatrical release. Notably, NBCUniversal announced that it would be releasing films like “The Hunt,” “The Invisible Man” and “Emma” through on-demand services, in addition to theaters."
1,"{'id': 'techcrunch', 'name': 'TechCrunch'}",Natasha Lomas,Israel passes emergency law to use mobile data for COVID-19 contact tracing,Israel has passed an emergency law to use mobile phone data for tracking people infected with COVID-19 including to identify and quarantine others they have come into contact with and may have infected. The BBC reports that the emergency law was passed during…,http://techcrunch.com/2020/03/18/israel-passes-emergency-law-to-use-mobile-data-for-covid-19-contact-tracing/,https://techcrunch.com/wp-content/uploads/2020/01/GettyImages-953778398.jpg?w=600,2020-03-18T10:25:46Z,"Israel has passed an emergency law to use mobile phone data for tracking people infected with COVID-19 including to identify and quarantine others they have come into contact with and may have infected.
The BBC reports that the emergency law was passed during an overnight sitting of the cabinet, bypassing parliamentary approval.
Israel also said it will step up testing substantially as part of its respond to the pandemic crisis.
In a statement posted to Facebook, prime minister Benjamin Netanyahu wrote: “We will dramatically increase the ability to locate and quarantine those who have been infected. Today, we started using digital technology to locate people who have been in contact with those stricken by the Corona. We will inform these people that they must go into quarantine for 14 days. These are expected to be large even very large numbers and we will announce this in the coming days. Going into quarantine will not be a recommendation but a requirement and we will enforce it without compromise. This is a critical step in slowing the spread of the epidemic.”
“I have instructed the Health Ministry to significantly increase the number of tests to 3,000 a day at least,” he added. “It is very likely that we will reach a higher figure, even up to 5,000 a day. To the best of my knowledge, relative to population, this is the highest number of tests in the world, even higher than South Korea. In South Korea, there are around 15,000 tests a day for a population five or six times larger than ours.”
On Monday an Israeli parliamentary subcommittee on intelligence and secret services discussed a government request to authorize Israel’s Shin Bet security service to assist in a national campaign to stop the spread of the novel coronavirus — but declined to vote on the request, arguing more time is needed to assess it.
Civil liberties campaigners have warned the move to monitor citizens’ movements sets a dangerous precedent.
Netanyahu's announcement that he intends to bypass parliamentary oversight and implement emergency regulations that authorize the Shin Bet to locate Corona patients actualizes this danger.
— ACRI (@acri_online) March 16, 2020
According to WHO data, Israel had 200 confirmed cases of the coronavirus as of yesterday morning. Today the country’s health ministry reported cases had risen to 427.
Details of exactly how the tracking will work have not been released — but, per the BBC, the location data of people’s mobile devices will be collected from telcos by Israel’s domestic security agency and shared with health officials.
It also reports the health ministry will be involved in monitoring the location of infected people to ensure they are complying with quarantine rules — saying it can also send text messages to people who have come into contact with someone with COVID-19 to instruct them to self isolate.
In recent days Netanyahu has expressed frustration that Israel citizens have not been paying enough mind to calls to combat the spread of the virus via voluntary social distancing.
“This is not child’s play. This is not a vacation. This is a matter of life and death,” he wrote on Facebook. “There are many among you who still do not understand the magnitude of the danger. I see the crowds on the beaches, people having fun. They think this is a vacation.”
“According to the instructions that we issued yesterday, I ask you not leave your homes and stay inside as much as possible. At the moment, I say this as a recommendation. It is still not a directive but that can change,” he added.
Since the Israeli government’s intent behind the emergency mobile tracking powers is to combat the spread of COVID-19 by enabling state agencies to identify people whose movements need to be restricted to avoid them passing the virus to others, it seems likely law enforcement agencies will also be involved in enacting the measures.
That will mean citizens’ smartphones being not just a tool of mass surveillance but also a conduit for targeted containment — raising questions about the impact such intrusive measures might have on people’s willingness to carry mobile devices everywhere they go, even during a pandemic.
Yesterday the Wall Street Journal reported that the US government is considering similar location-tracking technology measures in a bid to check the spread of COVID-19 — with discussions ongoing between tech giants, startups and White House officials on measures that could be taken to monitor the disease.
Last week the UK government also held a meeting with tech companies to ask for their help in combating the coronavirus. Per Wired some tech firms offered to share data with the state to help with contact tracing — although, at the time, the government was not pursuing a strategy of mass restrictions on public movement. It has since shifted position."
2,"{'id': 'techcrunch', 'name': 'TechCrunch'}",Sarah Perez,Amazon donates $1 million to D.C. organizations helping those impacted by COVID-19 outbreak,"Amazon announced this morning it’s making a $1 million donation that will be split among four Washington D.C. region community foundations that are working to support vulnerable populations during the COVID-19 crisis. The groups, ACT for Alexandria, Arlington…",http://techcrunch.com/2020/03/18/amazon-donates-1-million-to-d-c-organizations-helping-those-impacted-by-covid-19-outbreak/,https://techcrunch.com/wp-content/uploads/2020/03/amazon-hq2-arlington.jpg?w=564,2020-03-18T14:48:10Z,"Amazon announced this morning it’s making a $1 million donation that will be split among four Washington D.C. region community foundations that are working to support vulnerable populations during the COVID-19 crisis. The groups, ACT for Alexandria, Arlington Community Foundation, Community Foundation for Northern Virginia and the Greater Washington Community Foundation, will each use a portion of the million dollars as flexible funds that will go towards food, housing and shelter, and emergency assistance.
Amazon only months ago received approval for its plans for HQ2 in Arlington County, Virginia, which is why it’s focusing its relief efforts on this area. It has also been preparing for the HQ expansion by hiring hundreds of workers, with the goal of hiring 1,000 by the end of this year and 25,000 by 2030.
The foundations receiving the donations from Amazon will focus on those who are most impacted by the coronavirus outbreak, including hourly workers, the homeless, and the elderly.
In addition, Amazon is providing cash and other support to five food banks in the D.C. area, including Capital Area Food Bank, DC Central Kitchen, Arlington Food Access Center, Marthas Table, and Central Union Mission. Martha’s Table will also use the donation to provide gift cards, diapers, wipes, baby formula, and cash directly to enrolled families. Central Union Mission will use the funds towards continuing to provide shelter, hot meals, and services to more than 170 people each night. And other groups will use the funds to support pop-up food distribution sites and pay their staff, who are typically volunteers, to ensure the operations may continue.
The donation is one of now several Amazon has made since the COVD-19 health crisis hit. It has also created a $5 million Neighborhood Small Business Relief Fund to help Seattle-area small businesses with the economic hardships they’re facing during the outbreak. And it’s contributed $1 million to a new Seattle Foundation fun for community members affected by COVID-19; it’s subsidized two months of rent on buildings Amazon owns; it announced a $25 million relief fund for its network of independent Amazon Flex drivers; it donated $50,000 worth of supplies to a temporary quarantine housing; and it’s continuing to pay hourly staff in its offices.
Amazon is one of the few businesses that’s growing amid the COVID-19 outbreak, as consumers are staying away from stores and shopping for household necessitates and groceries online. On Monday, Amazon said it would hire 100,000 more workers to help meet this surge in demand.
“The Washington, D.C. area is our new home, and we must rally together to support our neighbors during this difficult time for our region and around the world,” said Jay Carney, Amazon SVP, Global Corporate Affairs, in a statement shared today about the new D.C. area donation. “In addition to making sure our Amazon customers can get the essentials they need, we will support our community partners who are doing life-saving work. Amazon’s $1 million donation to these four community groups will provide fast, flexible support to those who need it most and encourage a wave of additional community donations during this unprecedented time.”"
3,"{'id': 'techcrunch', 'name': 'TechCrunch'}",Jonathan Shieber,New York’s Governor Cuomo requires insurers to waive cost sharing for COVID-19 tests,"In a move that other states might want to emulate, New York State Governor Andrew M. Cuomo said that the state’s Department of Financial Services is requiring health insurers in the state to waive cost sharing associated with testing for the new coronavirus, …",http://techcrunch.com/2020/03/02/new-yorks-governor-cuomo-requires-insurers-to-waive-cost-sharing-for-covid-19-tests/,https://techcrunch.com/wp-content/uploads/2016/08/gettyimages-584268466.jpg?w=600,2020-03-03T06:37:27Z,"In a move that other states might want to emulate, New York State Governor Andrew M. Cuomo said that the state’s Department of Financial Services is requiring health insurers in the state to waive cost sharing associated with testing for the new coronavirus, COVID-19.
The initiative paves the way for low-cost emergency room, urgent care, and hospital visits for patients worried that they may have contracted the virus.
The Governor also said that New Yorkers receiving Medicaid coverage will not be expected to pay a co-pay for any testing related to the novel coronavirus, COVID-19. The steps are designed to ensure that residents of the state won’t have to worry about cost as an obstacle for getting tested. Any tests that are being conducted at the State’s Wadsworth Lab are fully covered.
Cuomo’s administration also outlined other actions health insurers are either going to be required or advised to take — including informing New Yorkers of available benefits, offering telehealth medical advice and treatment, and preparing insurers to cover the costs of COVID-19 immunizations if a vaccine becomes available.
“We have the best health-care system in the world, and we are leveraging that system including our state-of-the-art Wadsworth testing lab to help contain any potential spread of the novel coronavirus in New York,” Governor Cuomo said, in a statement. “Containing this virus depends on us having the facts about who has it – and these measures will break down any barriers that could prevent New Yorkers from getting tested.”
The state’s initiative will prevent insurers from forcing cost-sharing on in-network provider office visits or urgent care visits, when the purpose is a test for the novel COVID-19 coronavirus. The initiative is also designed to ensure that New Yorkers receiving Medicaid coverage have their costs covered.
Employees who are in self-funded employer-based plans not regulated b ERISA statutes need to contact employers to see how the new regulations will effect them.
The State is also requiring insurers to devote resources to inform consumers of available benefits; provide and promote telehealth services; encourage and verify whether provider networks are adequately prepared to handle potential increases in demand for services including offering access to out-of-network services; covering the costs of immunizations if they become available; expand access to prescription drugs; and ensure proper emergency care."
4,"{'id': 'techcrunch', 'name': 'TechCrunch'}",Brian Heater,UK and Ireland added to US travel ban amid COVID-19 concerns,"In a press conference yesterday, featuring a parade of executives from companies like CVS and Target, Trump hinted at the possibility of adding the U.K. and Ireland to a growing list of countries banned from U.S. travel. During a followup presser today helmed…",http://techcrunch.com/2020/03/14/uk-and-ireland-added-to-us-travel-ban-amid-covid-19-concerns/,https://techcrunch.com/wp-content/uploads/2019/03/GettyImages-1135383514.jpeg?w=573,2020-03-14T17:19:01Z,"In a press conference yesterday, featuring a parade of executives from companies like CVS and Target, Trump hinted at the possibility of adding the U.K. and Ireland to a growing list of countries banned from U.S. travel. During a followup presser today helmed by Presidential COVID-19 point person, Mike, Pence, the additions were made official. 
The Vice President noted that the decision was made following unanimous recommendation from health officials. The President has made a decision to suspend all travel to the United Kingdom and Ireland, effective midnight Monday, EST, Pence announced, adding, Americans in the UK and Ireland can come home [] but they will be funneled through specific airports and processes.
Those are the usual caveats for the recent string of bans. In many cases, returning citizens have been subject to screenings to ensure that theyre not harboring the virus. The moves are intended to reflect the spread of the virus. 
If you look at what was formally the main feeder of this outbreak. They have 80,000 cases but only 11 new cases and seven new deaths, immunologist Anthony Fauci said, following Pence. “Things have switched over from China now and that is what has switched over the travel restrictions. You will see a curve of how the coronavirus outbreak evolved…weve seen it already with China and were starting to see it with Korea.
The U.K. and Ireland were previously spared from the 30 day European travel ban. The list previously included,
Austria, Belgium, Czech Republic, Denmark, Estonia, Finland, France, Germany, Greece, Hungary, Iceland, Italy, Latvia, Liechtenstein, Lithuania, Luxembourg, Malta, the Netherlands, Norway, Poland, Portugal, Slovakia, Slovenia, Spain, Sweden, and Switzerland."
5,"{'id': 'techcrunch', 'name': 'TechCrunch'}",Lucas Matney,Y Combinator is fast-tracking investments in startups tackling COVID-19,Y Combinator wants to bring more startups through its accelerator that can help with the COVID-19 crisis and the firm is looking to speed the pace of its application process so it can put money behind the efforts sooner. The accelerator’s most recent batch “p…,http://techcrunch.com/2020/03/25/y-combinator-is-fast-tracking-investments-in-startups-tackling-covid-19/,https://techcrunch.com/wp-content/uploads/2018/09/GettyImages-1028573760.jpg?w=600,2020-03-25T16:35:22Z,"Y Combinator wants to bring more startups through its accelerator that can help with the COVID-19 crisis and the firm is looking to speed the pace of its application process so it can put money behind the efforts sooner.
The accelerator’s most recent batch “presented” just last week in a virtual demo day that was adjusted in light of the early outbreak. Just a week later, the situation has progressed substantially and YC’s team says they are looking to bring in a new class of startups to tackle issues relating to the pandemic.
YC shared some of the new fields it was looking to invest in specifically, which include testing and diagnostics, treatments and vaccines, hospital equipment, and monitoring/data infrastructure. Startups that fit the bill will be fast-tracked, funded and tossed into a remote program immediately.
YC is looking for companies that can be helpful, but at the same time it’s looking to invest in businesses that can remain viable post-crisis, the company says on its site.
For a startup to have an impact in time to address the current crisis, it will have to move faster than most people think is possible. This means the founders need to have domain expertise in the area; they also need to have a plan for how to have a significant impact globally in a short timeline. They also need to have a path to building a sustainable business after the crisis is over.
In addition to sharing details about funding new companies, YC also shared a website detailing some of the efforts to help being undertaken by their existing portfolio companies."
6,"{'id': 'techcrunch', 'name': 'TechCrunch'}",Darrell Etherington,Alphabet’s Verily debuts a COVID-19 community testing toolkit as it scales its own testing efforts,"While the origins of its coronavirus testing program were muddled by President Trump’s misleading announcements attributing its efforts to Google and inflating its scale, Alphabet’s Verily health sciences subsidiary has established and grown its community-bas…",http://techcrunch.com/2020/03/30/alphabets-verily-debuts-a-covid-19-community-testing-toolkit-as-it-scales-its-own-testing-efforts/,https://techcrunch.com/wp-content/uploads/2020/03/GettyImages-1212788680.jpg?w=589,2020-03-30T17:22:59Z,"While the origins of its coronavirus testing program were muddled by President Trump’s misleading announcements attributing its efforts to Google and inflating its scale, Alphabet’s Verily health sciences subsidiary has established and grown its community-based California testing initiative, deploying drive-up testing sites and ramping the number of tests completed from just over 1,200 last Wednesday to over 3,700 as of Saturday.
The Verily team detailed its progress in a new blog post, and CNBC reported last week that it has brought on 1,000 new volunteers from Google and other Alphabet companies to help increase its testing efforts and bring testing sites to new areas. In total, there are four testing sites in operation across California, which took two weeks to set up.
That’s a lot accomplished in not a lot of time, and Verily now wants to pass on the benefits of its experience and lessons learned. It put together guidelines and resources for anyone else looking to set up a community-based testing initiative (assuming they have access to qualified laboratories, testing supplies and healthcare professionals) and provided them for anyone to download.
The guide includes various documents, including workflows for everyone involved in the drive-through testing process, as well as the type of personal protective equipment needed, and how to organize and deploy on-site staff. There’s even full testing signage kits ready for download and printing.
These guide materials were created by Verily’s Project Baseline team, working in partnership with California’s Department of Public Health and other state governing and regulatory bodies, and they represent input from Stanford Medicine as well. Overall, the guide is intended as a way to help Verily spread the benefit of its experience, at a pace that it just can’t match via its own efforts to scale.
The company is definitely still looking to scale its own testing sites, however, and to launch new ones. This guide could help others make the most of its experience as it does so, though they’ll require a lot of access to specialized resources to replicate, even with the benefit of information shared by a team with first-hand knowledge of the challenges that mobile COVID-19 testing entails."
7,"{'id': 'techcrunch', 'name': 'TechCrunch'}",Jonathan Shieber,Johnson & Johnson partners with BARDA to fund $1 billion in COVID-19 vaccine research,Pharmaceutical giant Johnson & Johnson is partnering with the Biomedical Advanced Research and Development Authority of the U.S. Department of Health and Human Services to fund over $1 billion in COVID-19 vaccine and antiviral treatment research and developme…,http://techcrunch.com/2020/03/30/johnson-johnson-partners-with-barda-to-fund-1-billion-in-covid-19-vaccine-research/,https://techcrunch.com/wp-content/uploads/2020/03/GettyImages-1210894009.jpeg?w=640,2020-03-31T00:10:29Z,"Pharmaceutical giant Johnson &amp; Johnson is partnering with the Biomedical Advanced Research and Development Authority of the U.S. Department of Health and Human Services to fund over $1 billion in COVID-19 vaccine and antiviral treatment research and development, the company said on Monday.
The partnership is an expansion of an existing agreement between BARDA and J&amp;J’s Janssen Pharmaceutical Companies division.
With the agreement, the company is setting a goal of providing a global supply of more than one billion doses of the vaccine, which J&amp;J expects to have in clinical trials by September 2020 at the latest. The first batches of the vaccine may be available for emergency use by early 2021, the company said.
BARDA’s partnership with J&amp;J encompasses research and development of potential antiviral treatments in addition to the work that’s being done to develop a vaccine for the disease. Those efforts include development work J&amp;J and BARDA are conducting with the Rega Institute for Medical Research in Belgium.
J&amp;J said it had also committed to expanding its global manufacturing capacity, both in the U.S. and overseas. That additional production ability will help the company bring an affordable vaccine to the public on a not-for-profit basis for emergency pandemic use, the company said.
Working with teams at Beth Israel Deaconess Medical Center, a part of the Harvard Medical School, Janssen Pharmaceuticals began its research into potential vaccine candidates back in January. Those candidates were tested at several academic institutions, the company said, which led to the identification of a lead COVID-19 vaccine candidate — and two potential back-ups.
Last week, Moderna Health, another pharmaceutical company working on a vaccine, said that it could have an experimental treatment available to healthcare workers as soon as the fall.
The Moderna vaccine uses messenger RNA, rather than doses of the COVID-19 virus itself, to inoculate against the disease. The use of mRNA means that the inoculation doesn’t expose recipients to the disease itself, so they’re not at risk of contracting the disease.
Last Monday, Moderna made the vaccine available to volunteer participants as part of the company’s Phase 1 clinical trials conducted in Washington state."
8,"{'id': 'techcrunch', 'name': 'TechCrunch'}",Matt Burns,"Detroit to be first to deploy Abbott Lab’s 5-minute COVID-19 test, mayor says","Detroit Mayor Mike Duggan said today on Wolf Blitzer’s CNN show that the city of Detroit is on track to be the first city to deploy Abbott Lab’s 5 minute Covid-19 test. The mayor said that the test would be available for first responders. The goal, he said, w…",http://techcrunch.com/2020/04/01/detroit-to-be-first-to-deploy-abbott-labs-5-minute-covid-19-test-mayor-says/,https://techcrunch.com/wp-content/uploads/2020/04/IDNOW-LEFT-960x430-1.jpg?w=764,2020-04-02T00:26:26Z,"Detroit Mayor Mike Duggan said today on Wolf Blitzers CNN show that the city of Detroit is on track to be the first city to deploy Abbott Labs’ five-minute COVID-19 test. The mayor said the test would be available for first responders. The goal, he said, was to test those first responders who are self-isolating but have yet to test positive for the virus.
The city of Detroit received the Abbott Labs tests today, April 1. They will be available for use within the next 24 hours, the mayor said.
This system from Abbott received emergency clearance for use by the U.S. Food and Drug Administration. Its a lab-in-a-box that is roughly the size of a small kitchen appliance. The small size and rapid test results mean it can be deployed and utilized more quickly than other methods.
The City of Detroit is getting hit especially hard by the novel coronavirus. According to recent numbers, the counties around Detroit contain 81% of Michigans 7,615 coronavirus cases. More than 20% of the 2,500-strong police force is quarantined with suspected instances of COVID-19.
The significant number of cases in Detroit led the mayor to go outside of traditional channels to obtain the tests first.
As The Washington Post tells it, Mayor Mike Duggan secured the cellphone number of Miles White, the chairman and outgoing CEO of Abbot Labs, and woke him up Sunday morning to beg for the test. This early morning phone call netted the city five machines and 5,000 tests.
Today the company said in a tweet that its making the system available this week in an urgent care setting in the U.S. where the company already has instrumentation. Abbott Labs says it already holds the most significant molecular point-of-care footprint in the U.S., and is widely available across doctors offices, urgent care clinics, emergency rooms and other medical facilities.
Abbott expects it will be able to produce 5 million tests in April, split between the new rapid tests and traditional lab tests that received emergency authorization from the FDA on March 18."
9,"{'id': 'techcrunch', 'name': 'TechCrunch'}",Darrell Etherington,Researchers to study if startup’s wrist-worn wearable can detect early COVID-19 respiratory issues,"It’s highly unlikely that the current coronavirus crisis will neatly and fully “solved” by any one endeavor or solution, which makes news studies like one involving startup WHOOP’s wrist-worn fitness and health tracking wearable all the more important. The st…",http://techcrunch.com/2020/04/01/researchers-to-study-if-startups-wrist-worn-wearable-can-detect-early-covid-19-respiratory-issues/,https://techcrunch.com/wp-content/uploads/2020/04/sleep3.jpg?w=561,2020-04-01T14:34:04Z,"It’s highly unlikely that the current coronavirus crisis will neatly and fully “solved” by any one endeavor or solution, which makes news studies like one involving startup WHOOP’s wrist-worn fitness and health tracking wearable all the more important. The study, conducted by the Central Queensland University Australia (CQUniversity), in partnership with the Cleveland Clinic, will employ data collected WHOOP’s hardware with hundreds of volunteers who have self-identified as having contracted COVID-19 to study changes in their respiratory behavior over time.
The data to be used for this study has been collected from WHOOP’s 3.0 hardware, which has also recently been validated by a University of Arizona external study conducted specifically to determine the accuracy of its measurement of respiratory rates during sleep, which the device uses to provide quality of sleep scores to its users. That study showed it to be among the most accurate measurement tools for respiratory rate short of invasive procedures, which is what has led researchers behind this new study to hypothesize that it could be valuable as a sort of early-warning system for detecting signs of abnormal respiratory behavior in COVID-19 patients before those symptoms are detectable by other means.
The WHOOP team says that the respiratory rate its hardware reports very rarely deviates from an established individual baseline, and that when it does so, it’s usually due to either one of two causes: environmental factors, like unusually high temperatures or significant differences in oxygen concentration, or something happening within the body, like a lower-respiratory tract infection.
COVID-19 is specifically a lower-respiratory tract infection, unlike the flue or the cold, which are upper-respiratory issues. That means there’s a strong correlation between rate changes due to lower-respiratory tract issues not accounted by environmental problems (which are relatively easy to cancel out) and instances of COVID-19. And since the WHOOP wearable is designed to look for deviations as a sign of distress, among the other sings it monitors, it could notice changes to respiratory rates relative to baselines before an individual becomes aware of any significant shortness of breath themselves.
This is a study, so at this point that’s just a hypothesis, and will need to be backed up by data. The team behind it says it should take around six weeks, and there are an “initial several hundred self-reported COVID-19 cases” already present in the app from which it will begin, with a target of enrolling at least 500 individuals with positive COVID-19 test results. There are also other investigations underway to see if wearables that monitor a user’s health and fitness can provide early warning systems for potential COVID-19 cases, including a study being conducted by UCSF using the Oura Ring.
Unlike with previous pandemics, the current coronavirus crisis comes at a time when we’re increasingly used to taking data-driven approaches to solving challenges, and when we also have a lot of self-quantifying health devices in circulation. Those could help us get a better grip on assessing the spread, as well as trends related to how it circulates and ebbs/grows within a population."
10,"{'id': 'techcrunch', 'name': 'TechCrunch'}",Taylor Hatmaker,"Palantir provides COVID-19 tracking software to CDC and NHS, pitches European health agencies","As the floor drops out from under many startups, some tech companies are finding a path forward by meeting new government needs. Among them is Palantir, a secretive government-friendly big data operation that’s able to ingest vast amounts of information to vi…",http://techcrunch.com/2020/04/01/palantir-coronavirus-cdc-nhs-gotham-foundry/,https://techcrunch.com/wp-content/uploads/2020/04/coronavirus-covid-testing-GettyImages-1206811840.jpg?w=600,2020-04-01T17:53:24Z,"As the floor drops out from under many startups, some tech companies are finding a path forward by meeting new government needs.
Among them is Palantir, a secretive government-friendly big data operation thats able to ingest vast amounts of information to visualize trends and track individualsuseful tasks as the spread of COVID-19 threatens to overwhelm healthcare systems and ravage economies.
In mid-March, The Wall Street Journal reported that Palantir was working with the CDC to model the potential spread of the virus. Forbes now reports that CDC staffers are now regularly using Palantirs web app to visualize the spread of the virus and to anticipate hospital needs. According to that report, Palantir is eschewing dealing with sensitive personally identifying information in its coronavirus efforts, instead providing analysis of anonymized hospital and healthcare data, lab results, and equipment supplies through a platform called Palantir Foundry.
In the U.K., Palantir is also providing the National Health Service (NHS) with COVID-19 data analysis through the company’s Foundry software. In a blog post that mentioned the partnership, the U.K. government that it will use Foundry which has been primarily developed in the UK to [enable] disparate data to be integrated, cleaned, and harmonised in order to develop the single source of truth that will support decision-making.
According to a new report from Bloomberg, Palantir is also pitching its analytics software to government officials in France, Germany, Switzerland and Austria. The company is apparently pitching both its Foundry software and a tool called Gotham, which is best-known for helping intelligence and law enforcement agencies track individuals, as in the case of the company’s work with ICE. Those two tools are being proposed to European health agencies as a blended solution that could help countries get a birds-eye view of the pandemic.
As interest in surveillance technologies ramps up to meet the mounting crisis, privacy advocates are already sounding the alarm. The Electronic Frontier Foundation cautioned that “governments around the world are demanding extraordinary new surveillance powers” to fight the virus and urges close scrutiny of new relationships between governments and private companies that arise out of the pandemic.
Among those relationships: Palantirs co-founder and chairman Peter Thiel is one of the Trump administrations most prominent allies in the tech world. His sometimes controversial projects and investments generally attract attention, Palantir included.
Likely aware of its reputation as the shadowy tech giant that helps to power ICEs deportation machine, Palantir is apparently acknowledging the privacy implications of its new work. In a statement provided to the Wall Street Journal, Palantirs privacy lead Courtney Bowman asserted that privacy and civil liberty must be taken as guiding concentrations in any data-driven COVID-19 response, not as afterthoughts.
While it appears to be taking on a new role with the U.S. COVID-19 response, Palantir has worked with the U.S. federal government on infectious health threats for years. In 2010, the CDC used Palantir to monitor an outbreak of cholera in Haiti.
Some of that work is very recent. In late January, Palantir signed a $3.6 million contract with the U.S. Department of Health and Human Services (HHS) to provide software for PEPFAR, a long-running international HIV relief program."
11,"{'id': 'techcrunch', 'name': 'TechCrunch'}",Darrell Etherington,Forward launches ‘Forward At Home’ primary care service to address COVID-19 healthcare crunch,"The global coronavirus pandemic has already caused a tremendous strain on healthcare resources around the world, and it’s leading to a shift in how healthcare is offered. Startup Forward, which debuted in 2016 and has since expanded its tech-focused primary c…",http://techcrunch.com/2020/04/02/forward-launches-forward-at-home-primary-care-service-to-address-covid-19-healthcare-crunch/,https://techcrunch.com/wp-content/uploads/2020/04/Forward-At-Home.jpg?w=572,2020-04-02T14:44:59Z,"The global coronavirus pandemic has already caused a tremendous strain on healthcare resources around the world, and it’s leading to a shift in how healthcare is offered. Startup Forward, which debuted in 2016 and has since expanded its tech-focused primary care medical practice to locations in major cities across the U.S., is launching a new initiative called ‘Forward At Home’ that reflects those changes and adapts its care model accordingly.
Forward’s primary differentiator is its focus on what it terms a patient’s ‘baseline,’ which is established by an in-person visit they make when they join that employs a body scanner at a doctor’s office to take a number of readings and produce an interactive chart displayed on-screen in the doctor’s exam room. Forward founder and CEO Adrian Aoun, who previously led special projects at Google before building the health tech company, said that as the company has ramped its efforts to support patients during the COVID-19 pandemic, including through in-clinic and drive-through testing, it also wanted to address the ongoing need for care for non-COVID patients.
“If people aren’t leaving their homes, and frankly, you don’t really want them to leave their homes unless you need them to, you have to figure out how to do all that remotely,” Aoun said in an interview, referring to Forward’s comprehensive biometric data gathering process. “So we’ve we’ve implemented a bunch of different things as rapidly as possible. The first is, how do we collect some biometrics so we put together a kit that has a bunch of sensors in it that we actually mail to you. This includes an EKG, a connected thermometer, connected blood pressure cuff and a pulse oximeter.”
This approach provides a whole new level of remote care, over and above what’s typically defined as “telemedicine,” which generally amounts to little more than video calls with doctors, Aoun points out. Forward’s approach includes automated vitals monitoring for alerting a doctor if a patient needs intervention, and a patient has access to all their own data in the app as well. The Forward At Home product also take their exam room smart display and brings it to their mobile devices, presenting it for shared consultation between doctor and patient during viral visits, which are available 24/7 to Forward members.
At launch, the service also includes home visits to collect urine and blood samples, as an added measure designed specifically to help patients adhere to CDC and health agency guidelines around self-isolation while also getting a detailed and thorough level of care. Aoun says that this part of the offering doesn’t make sense at scale, and will likely revert to in-clinic visits once the COVID-19 crisis passes.
The rest of the model, though spurred into deployment because of the coronavirus conditions, and the need to limit the number of people going in to medical facilities and hospital all across the country unless they absolutely need to, is here to stay, however. Aoun says that Forward’s goal has always been to address the need for tech-friendly, advanced and comprehensive primary care for everyone, but that it took an approach similar to Tesla’s by addressing the top end of the market first in order to be able to fund development of more broadly available services later on.
Meanwhile, the need to shift as much care as possible to in-home is pressing, and evidence from countries around the world is increasingly pointing to how important that is to stopping the spread.
“The big thing to flatten the curve, the whole point of it, is that the hospitals are going to be overrun,” Aoun said. “So you want to take as many cases as you can, where they don’t actually have to be in the ICU, and treat them outside of the ICU that’s your first principle. Then your second principle is, and China kind of discovered this early […] they started moving to getting people out of the hospitals, as much as possible for a second reason, which is not that the hospitals are overloaded, but that the hospitals are one of the fastest ways to spread COVID-19.”
That’s a perspective also supported by lessons shared from Italian medical professionals in their effort to deal with the COVID-19 situation there, which has essentially decimated large parts of their medical facility infrastructure.
Forward is also still continuing the other work it’s doing to address COVID-19 needs, including providing its risk assessment screening tool to all, as well as offering testing via clinics and drive-throughs to members, as well as mental health support. It’s also looking to expand its drive-through testing to new sites across the U.S. The Forward At Home initiative, meanwhile, will help ensure that clients who have other pressing health needs aren’t left behind while the effort to combat COVID-19 continues."
12,"{'id': 'techcrunch', 'name': 'TechCrunch'}",Darrell Etherington,"A second potential COVID-19 vaccine, backed by Bill and Melinda Gates, is entering human testing","A new COVID-19 vaccine candidate is entering Phase 1 clinical human testing today, after the U.S. Food and Drug Administration (FDA) accepted an application from Inovio Pharmaceuticals under the regulator’s Investigational New Drug program. Inovio plans to in…",http://techcrunch.com/2020/04/06/a-second-potential-covid-19-vaccine-backed-by-bill-and-melinda-gates-is-entering-human-testing/,https://techcrunch.com/wp-content/uploads/2018/11/GettyImages-769722425.jpg?w=533,2020-04-06T19:44:15Z,"A new COVID-19 vaccine candidate is entering Phase 1 clinical human testing today, after the U.S. Food and Drug Administration (FDA) accepted an application from Inovio Pharmaceuticals under the regulator’s Investigational New Drug program. Inovio plans to inject its first volunteer test subject with the INO-4800 DNA vaccine candidate it has developed, following promising results from preclinical studies performed on animals that did indicate increased immune response.
The Inovio DNA vaccine candidate works by injecting a specifically engineered plasmid (a small, independent genetic structure) into a patient so that their cells can produce a desired, targeted antibody to fight off a specific infection. DNA vaccines, while available and approved for a variety of animal infections in veterinary medicine, have not yet been approved for human use.
That said, Inovio’s work isn’t starting from scratch: The company previously completed a Phase 1 study for a DNA vaccine candidate for Middle East Respiratory Syndrome (MERS), where it showed promising results and a high level of antibodies produced in subjects that persisted for an extended period of time.
Inovio has been able to scale up quickly, developing and producing “thousands of doses” of INO-4800 in just a few short weeks in order to support its Phase 1 and Phase 2 trials. The company has done so in part thanks to backing from the Bill and Melinda Gates Foundation, as well as funding from other non-profits and organizations. If clinical trials are succeeding, Inovio says that it will be able to have up to one million doses of the vaccine ready by end of year, for use both in additional trials and for potential emergency use pending authorization.
This is the second vaccine to undertake Phase 1 clinical testing on human subjects: Moderna began its trial in mid-March. Inovio’s trial will be made up of 40 volunteers, all health adults selected via screening conducted at either Philadelphia’s Perelman School of Medicine at the University of Pennsylvania, and the Center for Pharmaceutical Research in Kansas City. It’ll span the next several weeks, and the company expects data around the immune responses from test subjects as well as info pertaining to the safety of the treatment for humans, to be available by late this summer.
Any broad clearance or approval for use is still likely at least a year to 18 months away, but the pace with which human trials are beginning is already still exceptional, so hopefully we won’t have to wait too much longer than that."
13,"{'id': 'techcrunch', 'name': 'TechCrunch'}",Devin Coldewey,FCC enacts $200M telehealth initiative to ease COVID-19 burden on hospitals,"The FCC has developed and approved a $200 million program to fund telehealth services and devices for medical providers, just a week or so after the funding was announced. Hospitals and other health centers will be able to apply for up to $1M to cover the cos…",http://techcrunch.com/2020/04/02/fcc-enacts-200m-telehealth-initiative-to-ease-covid-19-burden-on-hospitals/,https://techcrunch.com/wp-content/uploads/2019/01/1-fcc-seal.jpg?w=707,2020-04-02T22:31:03Z,"The FCC has developed and approved a $200 million program to fund telehealth services and devices for medical providers, just a week or so after the funding was announced. Hospitals and other health centers will be able to apply for up to $1M to cover the cost of new devices, services, and personnel.
The unprecedented $2 trillion CARES Act includes heavy spending on all kinds of things, from direct payments to out-of-work citizens to bailouts for airlines and other big businesses. Among the many, many funding items was a $200M earmark for the FCC with which it was instructed to improve and subsidize telehealth services around the country.
Telehealth comprises many services, from something as simple as making appointments online, to using internet-connected monitoring devices, to conducting an entire primary care visit via video chat. The latter is an incredibly important option for doctors and nurses who not only need to avoid direct contact with potentially sick patients if possible, but also need every spare minute they can muster.
“The toll this pandemic is taking on our healthcare system is clear. To the extent that connectivity solutions can provide immediate assistance with remote care and monitoring, we should use them. There is already evidence across the country that this works,” said Commissioner Jessica Rosenworcel in a statement accompanying the order.
Unfortunately telehealth systems are by no means simple or easy to implement, given that they must not only meet highly stringent privacy requirements like HIPAA, but also be effortless to use for people who might not use video chat for any other purpose. Setting aside space, equipment, budget, and so on for telehealth operations is difficult and time-consuming in the best of times, let alone when care centers are overwhelmed and understaffed. Even hospitals that provide some telehealth services are likely to find demand far outstripping supply right now.
The $200M FCC program is aimed at mitigating this as simply and quickly as possible. “I’m hard-pressed these days to think of any better use case for the agency’s mission of advancing connectivity than telemedicine,” said FCC Chairman Ajit Pai in a statement.
As the order, passed unanimously today, describes it:
The support provided through the COVID-19 Telehealth Program wil help eligible health care providers purchase telecommunications services, information services, and devices necessary to provide critical connected care services, whether for treatment of coronavirus or other health conditions during the coronavirus pandemic.
“Eligible” in this case means on the following list of types of organizations or combinations thereof:
<ul><li>Medical schools and teaching hospitals</li><li>Community health centers and migrant care centers</li><li>Local health agencies and departments</li><li>Community mental health centers</li><li>Not-for-profit hospitals</li><li>Rural health clinics</li><li>Skilled nursing facilities (e.g. long term care facilities)</li></ul>Any given entity may be awarded up to $1M in funding depending on its need and reach. Priority is being given to areas especially hard-hit by the virus and chronically underfunded places like clinics in poor neighborhoods that subsist on Medicare payments and the like.
There are a few restrictions as to what the funds can be used for for instance, only internet-connected monitoring devices are covered, not ordinary “offline” ones that the patient must relay the results from via other services. But the general idea is to stay flexible and let the recipients of this money decide what to do with it.
Rosenworcel tempered her hopeful remarks with some practical feedback for the order, which was by necessity somewhat rushed.
“This is a well-intended effort, but it lacks clear performance metrics,” she said. “That means it will disburse funds without a system for measuring outcomes or a plan for what comes after this pilot program reaches its end. Moreover, it does not focus on a specific problem in healthcare.”
Better, of course, that the money is available now and accounted for later, since we are presently in the throes of the crisis.
A second $100M program was also authorized, by which money taken from the FCC’s main budget takes a longer-term approach to engendering telehealth over the next two years. That program differs in some key ways (not covering connected devices, for one) and will play out in slower fashion but provide ongoing support.
The FCC has several ongoing efforts to “Keep Americans Connected,” as it puts it, from institutional programs like this one to extracting promises from broadband providers not to fine people for data overages or late payments. You can find a list of its work here."
14,"{'id': 'techcrunch', 'name': 'TechCrunch'}",Darrell Etherington,Emergent BioSolutions gets $14.5M in federal funding to expedite COVID-19 plasma therapy development,"Last week, we spoke to the Head of Emergent BioSolutions’ Therapeutics Business Unit Dr. Laura Saward about her company’s work developing plasma-based potential treatments for COVID-19. Now, the company announced that it has received $14.5 million in funding …",http://techcrunch.com/2020/04/03/emergent-biosolutions-gets-14-5m-in-federal-funding-to-expedite-covid-19-plasma-therapy-development/,https://techcrunch.com/wp-content/uploads/2020/03/GettyImages-1210900116.jpeg?w=640,2020-04-03T16:54:36Z,"Last week, we spoke to the Head of Emergent BioSolutions’ Therapeutics Business Unit Dr. Laura Saward about her company’s work developing plasma-based potential treatments for COVID-19. Now, the company announced that it has received $14.5 million in funding from the Biomedical Advanced Research and Development Authority (BARDA), which is part of the U.S. Department of Health and Human Services (HHS), to speed the development of one of its treatment candidates.
Emergent BioSolutions has been working to develop two different kinds of plasma-based treatments for use in treating patients who have already contracted the coronavirus and subsequently the COVID-19 respiratory disease that it leads to. The company is developing one treatment based on horse-derived plasma, which has benefits in terms of being able to be produced in large volumes, and human-derived plasma, which is less likely to trigger a negative immune response in patients.
In both cases, the strategy is based on the concept of using convalescent plasma as a way to develop ‘hyperimmune’ treatment products that can boost the immune response of a target patient. It’s similar to other potential uses of convalescent plasma being investigated by researchers and health organizations, but unlike a direct transfusion approach, Emergent is looking to essentially stack the deck by creating a plasma-based solution that contains many different kinds of antibodies to fight off the virus, in set amounts to produce predictably effective results.
The pharmatech company had already been working to develop both these solutions, and was working to expedite their development, validation and testing by leveraging prior experience bringing similar treatments to market. Now, however, it’s getting an additional $14.5 million form BARDA, which is earmarked specifically for accelerating the development of the human-plasma based program. The plan is to develop it using donations from patients who have already recovered from COVID-19, and already the company has begun screening and collection efforts to get that donated blood.
Next, Emergent BioSolutions’ test candidate will be included in a clinical study with the National Institute of Allergy and Infections Diseases, which the agency is preparing for the purposes of assessing potential treatments."
15,"{'id': 'techcrunch', 'name': 'TechCrunch'}",Sarah Perez,Netflix launches weekly Instagram Live series about coping during the COVID-19 pandemic,"Netflix is launching a new series on Instagram that will focus on taking care of yourself and your mental health during the COVID-19 global pandemic. The series, which will begin airing on Instagram Live tomorrow at 7 PM PT, features the stars of some of Netf…",http://techcrunch.com/2020/04/08/netflix-launches-weekly-instagram-live-series-about-coping-during-the-covid-19-pandemic/,https://techcrunch.com/wp-content/uploads/2019/09/netflix-app-icon-ios.jpg?w=712,2020-04-08T18:05:22Z,"Netflix is launching a new series on Instagram that will focus on taking care of yourself and your mental health during the COVID-19 global pandemic. The series, which will begin airing on Instagram Live tomorrow at 7 PM PT, features the stars of some of Netflix’s top Young Adult shows and movies, including “To All the Boys I’ve Loved Before,” “The Kissing Booth,” “Stranger Things,” “Cheer,” and “13 Reasons Why.”
The series will run every Thursday from now through May 14 on the @Netflix Instagram account, and will discuss the sort of challenges that young people are facing during the health crisis.
For example, it will touch on topics like “what helps if youre having trouble sleeping?,” “how do you stay connected during social distancing?,”  “how do we manage anxiety?,” and “what self-care actually means.”
Participating in the effort are stars including Noah Centineo (To All the Boys I’ve Loved Before), Joey King (The Kissing Booth), Ross Butler (13 Reasons Why), Caleb McLaughlin (Stranger Things), Lana Condor (To All the Boys Ive Loved Before), Jerry Harris (Cheer), and Alisha Boe (13 Reasons Why).
The stars will be talking with trusted mental health experts from partner organizations including National Alliance on Mental Illness (NAMI), Mental Health America, The Trevor Project, Crisis Text Line and American Foundation for Suicide Prevention.
The debut episode on Thursday, April 9 at 4:00 PM ET/7:00 PM PT will be with Noah Centineo from “To All the Boys I’ve Loved Before,” who will talk with Dr. Ken Duckworth, Chief Medical Officer at the National Alliance on Mental Illness (NAMI) on the topic of self-care.
While Netflix is no stranger to marketing on Instagram, this new live series is less about promoting Netflix’s shows and more about leveraging the existing stars’ power to do some good.
Young people have had their lives upended by the pandemic at a time when their social connections with friends can outweigh those of others, including family members. It has also disrupted major milestones that signify the end of childhood and the stepping into adulthood, like prom and graduation. In other words, the types of struggles young people face when coping with COVID-19 are different from those of adults, who are more concerned about things like job security, getting the bills paid, and their family’s health.
Netflix has released a trailer for the series today that explains the concept and introduces the stars. The company says it will share more details about upcoming episodes on Instagram throughout the month."
16,"{'id': 'techcrunch', 'name': 'TechCrunch'}",Kirsten Korosec,Stocks rally again as new COVID-19 cases show signs of slowing,"All major indices rose Wednesday, led by the Dow Jones Industrial Average, which increased 3.44% to close above 23,000 for the first time since March 13. Investors seemed heartened by comments made by National Institute of Allergy and Infectious Diseases Dire…",http://techcrunch.com/2020/04/08/stocks-rally-again-as-new-covid-19-cases-show-signs-of-slowing/,https://techcrunch.com/wp-content/uploads/2019/09/GettyImages-1134940146.jpg?w=600,2020-04-08T20:55:46Z,"All major indices rose Wednesday, led by the Dow Jones Industrial Average, which increased 3.44% to close above 23,000 for the first time since March 13.
Investors seemed heartened by comments made by National Institute of Allergy and Infectious Diseases Director Anthony Fauci, who said Wednesday that the U.S. death count from COVID-19 is lower than initially modeled thanks. He warned that the death count will continue to climb even as new cases slow.
The action Wednesday followed rallies earlier this week. Still, it should be noted that the Dow Jones Industrial Average still closed below yesterday’s high of 23,537.44, suggesting that this could be a bear market run.
Here’s the breakdown at closing:
<ul><li>Dow Jones rose 3.44%, or 779.71 points, to close at 23,433.57</li><li>S&amp;P 500 increased 3.41%, or 90.57, to close at 2,749.98</li><li>NASDAQ popped 2.58%, or 203.64 points, to close at 8,090.90</li></ul>Equities were also buoyed by oil prices and news that Democratic presidential candidate Bernie Sanders, whose policies fueled concerns about higher taxes, was dropping out of the race.
The transportation saw a bump today. Uber rose 4.66% to close at $26.94. That’s still more than 34.7% below this year’s high of $41.27 reached in February. Meanwhile, Lyft also saw shares rise 7.78% to close at $29.64. Again, it’s the same story as Uber. Lyft’s share price is still off about 45% from the year-to-date highs.
Among today’s leaders were airlines, which have been one of the harder hit industries in this COVID-19 era. United led the pack with a 12.38% bump to close at $27.51, followed by American Airlines and Delta, which rose 109.% and 4.4% respectively. Tesla had a volatile day that ended nearly where it began, with a 0.62% increase to close at $548.84.
Automakers also saw shares rise. GM shares rose 8.59% to close at $23.13, while Ford increased 6.59% to $5.03 and Fiat Chrysler Automobiles closed up 3.15% to $7.86 a share."
17,"{'id': 'techcrunch', 'name': 'TechCrunch'}",Jonathan Shieber,Price Technologies adds product availability feature for items experiencing COVID-19 shortages,"Price Technologies, the operator of the comparison shopping website Price.com and its related browser extension, is adding a feature to show product availability for a few essential items that have had supply issues caused by the COVID-19 outbreak in the U.S.…",http://techcrunch.com/2020/04/13/price-technologies-adds-product-availability-feature-for-items-experiencing-covid-19-shortages/,https://techcrunch.com/wp-content/uploads/2020/03/IMG_20200313_145649.jpg?w=711,2020-04-13T19:50:24Z,"Price Technologies, the operator of the comparison shopping website Price.com and its related browser extension, is adding a feature to show product availability for a few essential items that have had supply issues caused by the COVID-19 outbreak in the U.S.
Products like aspirin, acetaminophen, facial tissues, hand sanitizer, ibuprofen, rice, soap, soup, toilet paper and other items are going to be shown on the company’s website with their availability at online vendors.
“Weve been tracking how essential COVID-19 supplies are becoming difficult to find online,” the company wrote in a blogpost. “Therefore, we are now updating the product availability in real-time for these essential items. We are launching an early version of this feature and plan to continue to expand/refine this features functionality in the following weeks.”
Launched in 2016, Price.com is somewhat of a competitor to services like Honey, the online discount shopping service acquired by PayPal last year.
According to Crunchbase, the company’s backed by a slew of early-stage investors, including Dave McClure, (the founder of 500 Startups), Plug and Play Ventures, Social Capital and VentureSouq."
18,"{'id': 'techcrunch', 'name': 'TechCrunch'}",Mike Butcher,"COVID-hit UK startups cry out for help, as UK gov trails Europe in its response","The UK government is reportedly looking at a range of options to support the startup industry, possibly involving a co-investment model involving state-owned funds (via the British Business Bank) and private VC funds. Investors have been warning that typicall…",http://techcrunch.com/2020/04/06/covid-hit-uk-startups-cry-out-for-help-as-uk-gov-trails-europe-in-its-response/,https://techcrunch.com/wp-content/uploads/2020/04/Screenshot-2020-04-06-at-15.27.15.png?w=562,2020-04-06T14:31:55Z,"The UK government is reportedly looking at a range of options to support the startup industry, possibly involving a co-investment model involving state-owned funds (via the British Business Bank) and private VC funds. Investors have been warning that typically loss-making, early-stage startups are at risk of collapse amid the coronavirus crisis. But the moves come far later than generous packages put together by Continental European governments to support their startup sectors.
Ministers understood to be keen to support the strong UK startup and innovation sector and options allegedly being considered include convertible loans, which could either be later repaid or turned into equity stakes owned by the state. This would require matched co-investment with VCs, ensuring only existing venture-backed startups would be eligible.
The FT reports that ministers want to do this on a case-by-case basis and only after companies have first sought fresh capital from private investors.
Also being considered is additional grant funding via InnovateUK, a government body providing support to innovative businesses, and an expansion of R&amp;D tax credits.
However, the scale of any government intervention is expected to be far more modest than the governments previously announced support for small, medium and large companies and their workers, given investors are normally deep-pocketed and tech startups typically employ far fewer people than traditional industries. By contrast, the French and German governments committed 4bn and 2bn in relief for their respective tech startup sectors.
The proposals under consideration include ones put forward by a number of significant players in the UK tech industry, who jointly launched a campaign over the weekend to pressure the government into creating a support package to aid startups struggling to deal with the COVID-19 crisis.
The move comes in the wake of moves by other European countries, such as France and Germany, which have announced significant initiatives.
The Save Our Startups (SOS) campaign published an open letter to British prime minister Boris Johnson warning the country could lose a generation of startups and high growth businesses to COVID-19.
It claims more than 30,000 startups employing some 330,000 people do not qualify for existing support measures and are therefore in jeopardy if new policies are not developed to help them.
The campaign was launched by crowdfunding platform Crowdcube and industry body Coadec, and is supported by leading tech figures including Brent Hoberman, the co-founder of Lastminute.com; Alex Chesterman, the cofounder of Zoopla, LoveFilm and Cazoo; and Arnaud Massenet, cofounder of Net-a-Porter.
It is also joined by organizations including The Entrepreneurs Network, Draper Esprit, Virgin Startups, Vala Capital, Innovate Finance, UK Business Angels Association (UKBAA), EISA, Tech London Advocates, Capital Enterprise and Seedrs .
Jeff Lynn, executive chairman and co-founder of Seedrs, who was a signatory to the letter, commented: The growth of the startup ecosystem has been one of the great successes of the UK economy over the past decade. All that work is now threatened by COVID-19, and that’s why it is essential that the government step in to help at this precarious time–just as the French and German governments are doing. The Save Our Startups campaign sets out three sensible and crucial requests that will make all the difference in ensuring that our startups can continue to be European and world leaders in the decade ahead. I am very pleased that Seedrs and Coadec, both of which I co-founded and chair, are Founding Partners of the campaign, and I hope everyone in the ecosystem will sign onto it.”
The open letter said: These businesses are making a huge contribution to the economy but are often yet to make a profit because they are investing in their people, technology and bringing innovative products and services to market. They are highly unlikely to qualify for the Coronavirus Business Interruption Loan Scheme (CBILS), which was introduced to provide financial support for SMEs during this pandemic.”
The letter points out that the French and German Governments have already worked to craft support for startups.
Save Our Startups has a three-point proposal for the government, calling on it to:
 Provide an equity-based liquidity package suitable to save startups at risk. While CBILS covers a proportion of UK businesses, the majority of startups and high-growth companies will be excluded and as a result, unsupported.
 Fast track payments to startups from public funding schemes – in particular, R&amp;D tax credits and Innovate UK funding grants. Private sector liquidity has taken a major hit during the crisis with angels and micro-funds unable to provide startups and high growth businesses with bridging money.
 Change EIS, SEIS and VCTs to stimulate private equity investment into startup and high growth businesses, since many startups are losing access to debt or equity support.
However, some investors are cool on the idea, pointing out that the government could end up owning stakes in companies that would not otherwise have raised private-sector money, and that there should be a natural falling-off of weaker companies at a time of public crisis.
Investor Robin Klein of Localglobe commented on Twitter that: “The UK Govt has done an incredible job supporting the startup ecosystem” but he called the SOS campaign a “knee jerk” reaction and although he was “100% in favour of rapid BBB and other govt support” this would be through established tools.”
The UK Govt has done an incredible job supporting the startup ecosystem: EIS, BBB, InnovateUK, R&amp;D tax credits. 8 out of 10 startups won't reach Series A. Please don't 'knee jerk' react to the call to 'save our startups' by deploying much needed Tax payers ££ directly.
— Robin Klein (@robinklein) April 5, 2020
Luke Lang, cofounder of Crowdcube, which initiated the campaign with Coadec, commented: Other European countries have raced to rescue its startup and tech communities, with French and German Governments committing 6bn in funding. The UK is sluggish by comparison, and further delays are unforgivable and threaten thousands of promising startup and high-growth businesses with huge potential.
The full letter by Save Our Startups can be read here. And the list of signatories is below:
Darren Westlake cofounder and chief executive, CrowdcubeLuke Lang cofounder, CrowdcubeBrent Hoberman cofounder and chairman, Founders Factory; previously cofounder, Lastminute.comAlex Chesterman founder and chief executive, Cazoo; previously cofounder, LoveFilm and ZooplaArnaud Massenet cofounder, Net-a-PorterMike Muller cofounder, ARMAnthony Fletcher chief executive, GrazeTania Boler founder, ElvieDoug Monro cofounder and chief executive, Adzuna /&gt;
Jeff Lynn cofounder and executive chairman, SeedrsSaurav Chopra cofounder and chief executive, PerkboxDaniel Korski founder and chief executive, PUBLICDavid Dunn chair, UK Tech Cluster GroupPhilip Salter founder, The Entrepreneurs NetworkAndrew Tibbitts chief operating officer, TechHubCharlotte Crosswell chief executive, Innovate FinanceJenny Tooth OBE chief executive, UKBAAJonathan Sibilia partner, Draper EspritDom Hallas executive director, The Coalition for a Digital Economy (Coadec)John Spindler cofounder and chief executive, Capital EnterpriseMark Brownridge director general, EIS AssociationNatasha Guerra cofounder, Runway EastAndy Fishburn managing director, Virgin StartupRuss Shaw founder, Tech London AdvocatesAlex Davies founder and chief executive, Wealth ClubBruce Davies director, UK Crowdfunding AssociationAndrew Roughan managing director, PlexalJasper Smith founder, Vala CapitalGaby Hersham founder, HuckletreeCarlos Silva cofounder, SeedrsRobert Walsh managing partner, Q Ventures"
19,"{'id': 'techcrunch', 'name': 'TechCrunch'}",Natasha Mascarenhas,Clearbanc cuts staff to navigate ‘long-term economic impacts’ of COVID-19,"Clearbanc, a Toronto-based company that funds startups through equity-free investments, has laid off 17 employees to help it navigate the long-term economic impact of COVID-19, TechCrunch has learned. The cuts impact about 8% of the staff, with affecting role…",http://techcrunch.com/2020/04/13/clearbanc-cuts-number-of-staff-to-navigate-long-term-economic-impact-of-covid-19/,https://techcrunch.com/wp-content/uploads/2020/03/GettyImages-1206365585.jpg?w=454,2020-04-13T17:03:14Z,"Clearbanc, a Toronto-based company that funds startups through equity-free investments, has laid off 17 employees to help it navigate the long-term economic impact of COVID-19, TechCrunch has learned.
The cuts impact about 8% of the staff, with affecting roles ranging from office managers, recruiters, and sales. Co-founder Michele Romanow says the company will use its connections to assist those affected by the layoffs to search for other work, and offer extended benefits through the end of the financial quarter.
Clearbanc has been noisy in its journey toward being a venture capital alternative for startups. Just last week, Clearbanc announced a new financing product to help startups avoid cutting staff and stay operationally afloat: Clearbanc Runway. And last year, it pushed out its “20-minute term sheet” to sell equity-free capital with a promise of founder friendliness. The model has seen the startup disburse $1 billion to nearly 2,200 companies so far, per its accounting.
In July 2019, the fintech company raised a $250 million fund and $50 million in equity to broaden its investment goals. The co-founders say Clearbanc is continuing to see an increased demand for its capital. It hired more than 140 people last year alone.
Clearbanc is in a somewhat unique position during this downturn, since it largely funds e-commerce businesses that have seen an uptick in usage as brick-and-mortar stores becomes less of an option due to social distancing.
However, last week, co-founder Andrew D’Souza pointed to unpredictable market conditions: “theres a lot of volatility and a lot of uncertainty,” he said.
Were certainly going to be more conservative than we would have been six months ago. It probably looks like us writing smaller checks, more frequently,” he told TechCrunch last week.
Today’s layoffs, according to the company, don’t directly impact Clearbanc’s ability to cut checks. Instead, Clearbanc cuts signal that layoffs aren’t reserved for the time when the dry powder runs out. As the pandemic draws out, we’re learning that sometimes it’s a bit more pre-emptive than that.
A storm of layoffs have impacted a wide range of startups and industries across the world. While travel and hospitality companies have felt the blunt of the pandemic’s economic impact, broader cuts show that sales and recruiting teams from other industries are also vulnerable. Layoffs been so ubiquitous that platforms have risen to help those laid off find their next gig. And in a time where uncertainty rules the week to week, any effort to create a meeting grounds for those with this tough shared experience is much welcome."
