,source,author,title,description,url,urlToImage,publishedAt,content
0,"{'id': 'techcrunch', 'name': 'TechCrunch'}",Lucas Matney,Sony announces $10M fund to help indie game developers impacted by COVID-19,"Though more people are stuck at home with their PCs and gaming consoles, times are still tough for small indie game developers that are often dependent on gaming conferences to both promote their titles and source investments and publishing deals. Today, Sony…",http://techcrunch.com/2020/04/14/sony-announces-10m-fund-to-help-indie-game-developers-impacted-by-covid-19/,https://techcrunch.com/wp-content/uploads/2018/11/GettyImages-540192634-sony-playstation-e3.jpg?w=591,2020-04-14T18:30:25Z,"Though more people are stuck at home with their PCs and gaming consoles, times are still tough for small indie game developers that are often dependent on gaming conferences to both promote their titles and source investments and publishing deals.
Today, Sony announced that they had earmarked $10 million for a fund dedicated to helping out indie game developers that have seen negative impacts from the pandemic crisis. Earlier this month, Sony announced that they had formed a $100 million fund dedicated to COVID-19 relief, though that fund was more explicitly focused on healthcare workers and remote education.
Sony didn’t share much in the way of details around the fund, noting that more details would be available soon. Alongside the fund’s announcement, Sony shared that in order to encourage more PlayStation users to stay indoors, they were making both Uncharted: The Nathan Drake Collection and Journey available as free digital downloads on their digital store. The two bits of news are forming the basis for what PlayStation calls its “Play at Home Initiative.”
The titles will be available for free downloads from April 15 through May 5."
1,"{'id': 'time', 'name': 'Time'}",Laignee Barron,A Silent Epidemic? Experts Fear the Coronavirus Is Spreading Undetected in Southeast Asia,"Researchers say it is virtually impossible that Indonesia, the world’s fourth most populous nation, hasn't reported a single COVID-19 case.",https://time.com/5792180/southeast-asia-undetected-coronavirus/,https://api.time.com/wp-content/uploads/2020/02/coronavirus_southeast_asia_4.jpg?quality=85&crop=159px%2C263px%2C803px%2C420px&resize=1200%2C628&strip,2020-02-28T07:04:22Z,"As coronavirus cases continue to soar globally, in at least one region a steady façade of optimism persists. Southeast Asia’s foreign ministers have joined hands with China and declared their intention to “stay strong!”
Yet their hastily called meeting in secretive, socialist Laos last week suggests not so much resiliency as the need to shore up mutual support. Health experts are widely skeptical of the numbers reported by China’s neighbors, and believe the deadly infection is spreading undetected throughout much of Southeast Asia.
With infection clusters increasingly sprouting outside the mainland, where the virus originated, many fear these pockets—rooted out or not—are sustaining the outbreak and pushing the world toward a global pandemic.
The disease, officially COVID-19, has sickened over 83,000 and killed more than 2,850, primarily in China. But cases have spread to more than four dozen countries, and been identified as far away as Brazil and Finland.
Strangely absent from the list are Myanmar and Laos, which border China, as well as Brunei, East Timor, and Indonesia—of which the latter had daily, direct flights to the virus epicenter, Wuhan. Every other country in the region, all beneficiaries of Chinese aid, investment and tourism, has reported cases.
“The transmission dynamics of this virus are like the flu. It’s very, very difficult to stop,” says Richard Coker, a Bangkok-based professor emeritus of public health at the London School of Hygiene and Tropical Medicine.
At the beginning of the outbreak, several of these governments downplayed the severity of the threat, publicly voicing their wariness of offending the superpower upon whom their economies rely. In lieu of public health precautions or stringent defenses, they offered folk remedies—suggesting everything from consuming onions or alcohol to working less to ward off coronavirus.
“Surely the desire not to alienate China was a factor,” says Joshua Kurlantzick, senior fellow for Southeast Asia at the Council on Foreign Relations. “Overall, the region is just so heavily tied to China now.”
In Cambodia, which has increasingly gravitated into China’s orbit, Prime Minister Hun Sen insists he won’t cut air travel, beyond suspending the six weekly flights from Wuhan. He also refuses to evacuate citizens stranded in Wuhan, as other countries have done. While Beijing chided the U.S. for banning Chinese travelers, saying it “set a bad example,” Hun Sen earned plaudits when he flew to China earlier this month.
“A friend in need is a friend indeed,” he wrote on his official Facebook page.
But Hun Sen’s vehement denial of the disease’s risks has stoked fears that Cambodia, a tourism hotspot with limited health resources, will become yet another vector of transmission.
“The cost of his decision is the health of his people,” says Sophal Ear, an expert on Cambodian politics at Occidental College in California. “Cambodia has become the weakest link: a country with poor health care, poor disease surveillance, and a long rap sheet of non-reporting.”
READ MORE: The Coronavirus Outbreak Could Derail Xi Jinping’s Dreams of a Chinese Century
Earlier this month, a study by five researchers at the Harvard T.H. Chan School of Public Health concluded that it is statistically implausible that Cambodia and Thailand do not have more cases, and virtually impossible that Indonesia, the world’s fourth most populous country, has not reported a single one. Based on its direct flights from Wuhan, the archipelago should have at least five patients by now, the study found.
It’s not that these countries are getting lucky, says Marc Lipsitch, director of Harvard’s Center for Communicable Disease Dynamics, and one of the study’s authors. “They’re missing infections.”
About 2 million Chinese tourists visit Indonesia annually, mostly holidaying in Bali. According to China’s consulate there, 5,000 Chinese tourists, 200 from Wuhan, were visiting the resort island when news of the outbreak suspended flights on Feb. 5. Most werenot quarantinedor tested.
“There are definitely cases. We just haven’t found them yet,” says Dr. Shela Putri Sundawa, an Indonesian physician who hosts health podcast “Relatif Perspective.”
“I think the surveillance we’re doing now is too loose.”
Doctors in Indonesia are not testing all respiratory infections for coronavirus, relying instead on weeding out suspected patients by their links to known cases or their travel history, she says.
But cases have already turned up in several countries among those who have not been to China. Missing one potential carrier can lead to further infections that can’t be linked to travel, meaning more and more patients who might never be screened.
“You can’t find things you don’t look for,” says Lipsitch, the Harvard epidemiologist. “We estimated that even high surveillance countries were missing about half their imported cases.”
He predicts that a global coronavirus pandemic is “likely” and that 40 to 70 percent of the world’s population could be infected (though they won’t all become sick).
‘So what can we investigate?’
In Indonesia, despite mounting evidence to the contrary, security minister Mohammad Mahfud MD has told reporters “the coronavirus does not exist” in the country.
Indonesia’s health officials insist their protocols follow the World Health Organization’s guidelines with a system focusing on temperature checks at arrival gates and self-reporting. Most of Southeast Asia follows this approach, even as several studies indicate border screenings are not effective.
“I think airport scanning is more of a political measure than a practical measure. It might calm people down and demonstrate that the government is doing something, but as for public health, it’s not very useful,” says Coker, the emeritus public health professor.
These screenings must catch people in a very narrow window, between when they are well enough to travel, but sick enough to detect. Temperature scanners, fickle at the best of times, will also not find anyone whose fever may have subsided after a Tylenol on the plane. And just because someone doesn’t present clinical symptoms, doesn’t mean they aren’t sick. Asymptomatic patients still in the incubation phase have shed this coronavirus, according to doctors.
Two tourists who traveled through Indonesia before later testing positive have prompted alarm. A Chinese visitor who traveled to Bali from Wuhan was reportedly confirmed to have the virus on Feb. 4, after he left, while a man from Tokyo was hospitalized with the infection soon after returning to Japan on Feb. 19.
Indonesia’s health directorate general secretary, Achmad Yurianto, told local media he did not know the Japanese man’s name or where he visited. “So what can we investigate?”
The government also said that none of the 243 people who were evacuated from Wuhan on Feb. 2 showed signs of the virus while quarantined at a military hospital on an island northwest of Borneo.
But Dr. Putri Sundawa noted that the standard quarantine lasts 14 days, while the disease incubation period can stretch potentially as long as 24 days.
“If there were no complaints of pneumonia, they would not be checked,” she says.
READ MORE:‘It Will Be Catastrophic.’ Asia’s Tourism-Dependent Economies Are Being Hit Hard by the Coronavirus
Relying on self-reporting once cases are introduced to the country creates further problems if patients and medical workers don’t know what to look for. An Indonesian woman with viral pneumonia was reportedly discharged because she had not been to China, while a nurse who cared for her had “no idea” the case could have been a coronavirus suspect.
It’s also hard to test for coronavirus without the right lab kits, which Indonesia lacked until February 5. The country’s health minister, a former military doctor who previously stoked controversy for urging a “brainwashing” treatment on stroke victims, determined that prayer had kept the virus away. His message to the public: “don’t be anxious.”
Myanmar, like Indonesia, has not reported a single case of coronavirus as of Friday. The restive country shares a 1,400-mile, porous border with China over which goods and people continue to flow.
Until donated testing kits arrived on Feb. 20, no domestic hospitals were able to confirm coronavirus cases. Previously, samples had to be shipped to Thailand or Hong Kong with results taking up to one week.
In a country with limited political freedoms and a kneejerk reaction to negative press, the government has kept a tight lid on coronavirus. Even government spokespeople said they did not have permission to comment on what preparations were being taken for an outbreak. Rather than empower the spread of information, the Health Ministry has reportedly proposed amending legislation to punish any healthcare workers who talk to the press or public about the virus with up to six months in jail or a $70 fine.
‘Extreme risk’
“Our greatest concern is the potential for the virus to spread to countries with weaker health systems,” Tedros Adhanom Ghebreyesus, WHO director general, said earlier this month.
With the exception of small and affluent Singapore, which experts have praised for its response to coronavirus, Southeast Asian governments spend little on health per capita by international standards. Even Indonesia, with a population of nearly 270 million spread over thousands of islands, faces discrepancies in health resources and suffers an overall shortage of facilities and personnel.
While admitting they may struggle amid an outbreak, Indonesian health officials insist they will contain the virus before it becomes one. But many health experts say it’s too late, as coronavirus will ultimately evade containment.
Coker, in Bangkok, says all countries should be preparing for a pandemic and implementing mitigation measures, like closing schools, preparing hospitals and redistributing medical staff as needed. Southeast Asian countries, he says, should assume they have cases.
The U.K.’s National Health Services has already seemingly made the leap. Anyone returning from Cambodia, Myanmar and Laos with symptoms, however mild, is advised to call the NHS hotline. Global risk analysis firm Verisk Maplecroft warns of “extreme risk” in Indonesia and Cambodia based on those countries’ ability to respond to a pandemic.
Yet even amid concerns about regional preparedness and possible equipment shortages, several Southeast Asian nations have been rushing to donate goggles, face masks and respirators to China. Laos, with a GDP comparable to Mali’s and Afghanistan’s, mustered $400,000 and $100,000-worth of supplies for the world’s second-largest economy after a national fundraising campaign.
Such political genuflection may have broad consequences. How nations across the world cope with coronavirus, and what they choose to prioritize, could resonate globally. And because of cross-border travel, migration and international tourism, Southeast Asia is highly interconnected with the rest of the world.
As countries everywhere grapple with or brace for coronavirus, the possibility of undetected cases spreading throughout the region underscores how the virus can no longer be assumed to stay confined to a handful of outbreak clusters.
“The significance of not recognizing the true breadth of the outbreak is that it continues to suggest to some that the travel bans and quarantines are effective tools in limiting global spread,” says virologist Christopher Mores at George Washington University’s Milken Institute School of Public Health.
“The sooner this outbreak is appreciated for the pandemic it has become, the better for a coordinated global response.”
Write to Laignee Barron at Laignee.Barron@time.com."
2,"{'id': 'mashable', 'name': 'Mashable'}",Nikolay Nikolov,These ingenious portholes can reduce the risk of COVID-19 transmissions in hospitals,"STUCK is a design agency in Singapore, who have been working on a number of COVID-19 initiatives. One involves using geometry and elasticity to create portholes that seal quickly around the arm. They allow medical workers to interact with infected patients wi…",https://mashable.com/video/self-sealing-portholes-covid-19-stuck-design/,https://mondrian.mashable.com/2020%252F06%252F25%252F7d%252F0ca89367573e4698a9394b00911b2e52.5cf50.jpg%252F1200x630.jpg?signature=FhP0245F_-Duhp_VoLpgyODseVM=,2020-06-25T14:43:16Z,"STUCK is a design agency in Singapore, who have been working on a number of COVID-19 initiatives. One involves using geometry and elasticity to create portholes that seal quickly around the arm. They allow medical workers to interact with infected patients with minimal risk of exposure."
3,"{'id': 'engadget', 'name': 'Engadget'}",Mariella Moon,Yelp adds a GoFundMe donation button for struggling businesses,"Yelp is hoping to help struggling business stay afloat while COVID-19 restrictions are in place by teaming up with GoFundMe. Since a lot of businesses have to shut down unless they're classified as ""essential retail,"" the two companies are making it easier fo…",https://www.engadget.com/2020-03-24-yelp-gofundme-donation.html,https://o.aolcdn.com/images/dims?resize=1200%2C630&crop=1200%2C630%2C0%2C0&quality=80&image_uri=https%3A%2F%2Fs.yimg.com%2Fuu%2Fapi%2Fres%2F1.2%2FtQcv8MTV8G7MRXAjJFW7KQ--%7EB%2Fdz0xNjAwO2g9MTAzMzthcHBpZD15dGFjaHlvbg--%2Fhttps%3A%2F%2Fo.aolcdn.com%2Fimages%2Fdims%3Fcrop%3D3547%252C2289%252C0%252C44%26quality%3D85%26format%3Djpg%26resize%3D1600%252C1033%26image_uri%3Dhttps%3A%2F%2Fs.yimg.com%2Fos%2Fcreatr-images%2F2020-03%2Fa10cf1f0-6dc0-11ea-bfff-f2247db1c818%26client%3Da1acac3e1b3290917d92%26signature%3D94b74012c399d4a7494c90d72557fda127aefe2e&client=amp-blogside-v2&signature=baaa77534706337cc9865a406edb0871f8f95bb6,2020-03-24T12:00:00Z,"Since the feature has the potential to be abused, businesses need to have fewer than five locations in order to use it. The Donate icon will start showing up on Yelp pages for some of the hardest hit areas starting today, but the feature will be available to more eligible businesses nationwide over the next couple of days. Yelp and GoFundMe also pledged to match up to $1 million in donations, with more companies promising to match even more donations in the coming week.
Other tech companies taking steps to combat COVID-19 and to help people affected by the outbreak include Amazon, which teamed up with the Gates Foundation to deliver and pick up at-home COVID-19 testing kits as part of a trial. GrubHub recently waived commission fees for independent restaurants nationwide, while Facebook pledged $100 million to small businesses impacted by the pandemic."
4,"{'id': 'mashable', 'name': 'Mashable'}",Danica D'Souza,This couple used Zoom to get married during the pandemic,"Doug and Jami Adams had to postpone their wedding due to COVID-19. Rather than cancel the wedding, the two hosted a ceremony via Zoom and invited their family to watch. Read more...More about Mashable Video, Wedding, Coronavirus, Covid 19, and Zoom App",https://mashable.com/video/couple-used-zoom-to-get-married-during-pandemic/,https://mondrian.mashable.com/2020%252F04%252F23%252Fce%252Fcb909bc80c114315b73c0043fc82042b.ec2ec.png%252F1200x630.png?signature=EuI2Hv5nUvue-8fsIEKbROfwKfY=,2020-04-23T20:06:03Z,"Doug and Jami Adams had to postpone their wedding due to COVID-19. Rather than cancel the wedding, the two hosted a ceremony via Zoom and invited their family to watch."
5,"{'id': 'engadget', 'name': 'Engadget'}",Mariella Moon,DoorDash is temporarily cutting small restaurant fees in half,"DoorDash is reducing commissions for local restaurant partners by 50 percent in an effort to help businesses survive the COVID-19 crisis. The food delivery service says the program will benefit over 150,000 restaurants in the US, Canada and Australia on both …",https://www.engadget.com/doordash-cutting-restaurant-fees-in-half-130002696.html,https://o.aolcdn.com/images/dims?resize=1200%2C630&crop=1200%2C630%2C0%2C0&quality=80&image_uri=https%3A%2F%2Fs.yimg.com%2Fos%2Fcreatr-uploaded-images%2F2020-04%2Fe1d1e6d0-7b19-11ea-9eff-dbdb1c14f2d5&client=amp-blogside-v2&signature=6b81c7cae64c9232ab2be773c807686f6ee4afa5,2020-04-10T13:00:02Z,"DoorDash is reducing commissions for local restaurant partners by 50 percent in an effort to help businesses survive the COVID-19 crisis. The food delivery service says the program will benefit over 150,000 restaurants in the US, Canada and Australia on both DoorDash and Caviar, the rival delivery app it purchased from Square last year. In particular, the program is for restaurants with five or fewer locations. DoorDash will start applying the reduced commission fees on April 13th and will continue charging the reduced prices through the end of May.
In its announcement, the company wrote that the program is an “injection of up to $100 million” and is in addition to the previous COVID-19 response programs it announced in mid-March. As the company explained to The Verge, it won’t exactly be giving out money — it simply expects the value of reduced commissions to reach that amount. And, in case the value of reduced commissions go beyond $100 million before May ends, it will still continue charging eligible restaurants 50 percent off."
6,"{'id': 'engadget', 'name': 'Engadget'}",Christine Fisher,Amazon #AtHome brings free content to Fire TV and Fire Tablet devices,"To help keep users entertained while they stay home during the COVID-19 pandemic, Amazon is bringing curated content from over 100 partners to a new #AtHome section on its Fire TV and Fire Tablet devices in the US. Fire users will have access to free TV shows…",https://www.engadget.com/amazon-at-home-fire-tv-programming-141700112.html,https://o.aolcdn.com/images/dims?resize=1200%2C630&crop=1200%2C630%2C0%2C0&quality=80&image_uri=https%3A%2F%2Fs.yimg.com%2Fos%2Fcreatr-uploaded-images%2F2020-04%2Ff3ad77a0-80b1-11ea-b8ff-69b46badbd17&client=amp-blogside-v2&signature=76c5b39860e7644d14d2f9ef168622693bd48cf6,2020-04-17T14:17:00Z,"In addition to the News app on Fire TV, #AtHome will curate the latest COVID-19 updates from ABC News, CBS News, Fox News, NBC News and more. NBC News will stream a kids edition of the “Nightly News with Lester Holt” twice a week. There will be plenty of other kids programming, too, both entertaining and educational. And if you’re looking for more workout inspiration, #AtHome will feature apps from Peloton, Yoga International, Gaia and others.
Amazon plans to add more content, including more educational content, and will expand #AtHome to the UK, Germany, France, Italy, Spain, Japan, Canada and India."
7,"{'id': 'business-insider', 'name': 'Business Insider'}",Aria Bendix,Coronavirus patients with heart disease have a 10% chance of dying. Here's the mortality rate for patients with various underlying health problems.,"Coronavirus patients with underlying health problems are more likely to die from the virus, a recent Chinese CDC study found. The study found that patients with heart disease had a 10% chance of dying. In general, older patients are the most likely to suffer …",https://www.businessinsider.com/coronavirus-death-rates-preexisting-conditions-heart-disease-cancer-2020-2,https://i.insider.com/5e5979cafee23d3b393e1f02?width=1200&format=jpeg,2020-02-29T23:13:00Z,"Older patients and people with preexisting health conditions face the highest risk of dying from the new coronavirus, a recent study found. 
The study, done by the Chinese Center for Disease Control and Prevention, found that the overall chances of dying from COVID-19 — the disease caused by the virus — are 2.3%. Other estimates suggest the fatality rate could be higher: around 4.3%. The current rate, based on the ratio of reported deaths to total cases worldwide, hovers around 3.4%.
But the Chinese CDC study found that the fatality rate rate rose to 8% for patients in their 70s and 15% among those in their 80s.Out of more than 44,000 coronavirus patients studied, the majority of deaths were among those at least 60 or older.
Older patients are also more likely to have preexisting health problems. The first patient to die of the coronavirus in the US, for instance, was a man in his 50s who had been chronically ill before getting infected.
Nearly 5,300 patients in the Chinese study reported a health condition not related to the virus, such as cancer, heart disease, or diabetes. Around 7% of those cases — more than 370 patients — died. Overall, patients with preexisting conditions represented more than a third of all deaths reported in the study. The fatality rate for patients who reported no underlying health problem was less than 1%. 
Here's the mortality rate for each preexisting condition reported in the study:
Ruobing Su/Business Insider
The authors were missing the health history of more than 20,000 patients in their study, but their research is still provides one of the broadest pictures so far of how COVID-19 operates in humans.
Among coronavirus patients, the preexisting condition that raises risk most appears to be heart disease. Patients already diagnosed with heart disease had a fatality rate of more than 10%. Diabetes was the preexisting condition with the second-highest fatality rate: 7%. 
Patients with the most commonly reported preexisting condition, hypertension (high blood pressure), had a fatality rate of 6%. Coronavirus patients with cancer had a similar fatality rate. 
In total, COVID-19 has killed nearly 3,000 people and infected around 86,000. The outbreak originated in Wuhan, central China's most populous city, and has since spread to at least 58 other countries. More than 90% of cases are on the Chinese mainland. 
Read more:"
8,"{'id': 'mashable', 'name': 'Mashable'}",Emmet Smith,This is what lungs infected with COVID-19 look like,"Doctors at George Washington University Hospital are raising awareness about the serious damage COVID-19 can cause on the lungs of individuals. The hospital posted a video of a 3D model from a CT scan that shows, in yellow, the extent to which the disease has…",https://mashable.com/video/ct-scan-video-shows-covid-19-lung-damage/,https://mondrian.mashable.com/2020%252F04%252F03%252F74%252F1cfec74ac9194a9fabd9f703947112bc.ca755.jpg%252F1200x630.jpg?signature=zq5tp0IIZWPdqfQZ8USn3FSNUTg=,2020-04-03T13:03:46Z,"Doctors at George Washington University Hospital  are raising awareness about the serious damage COVID-19 can cause on the lungs of individuals.
The hospital posted a video of a 3D model from a CT scan that shows, in yellow, the extent to which the disease has damaged a patient's lung tissue."
9,"{'id': 'techcrunch', 'name': 'TechCrunch'}",Devin Coldewey,FCC shoots down petition to label Trump’s coronavirus broadcasts as hoaxes,The FCC has denied a request that it investigate and take action on a broadcast the petitioners allege has made material and deadly contributions to the spread of COVID-19: President Trump's frequent press conferences.,http://techcrunch.com/2020/04/06/fcc-shoots-down-petition-to-label-trumps-coronavirus-broadcasts-as-hoaxes/,https://techcrunch.com/wp-content/uploads/2020/03/GettyImages-1212980598.jpg?w=574,2020-04-06T21:51:16Z,"The FCC has denied a request that it investigate and take action on a broadcast the petitioners allege has made material and deadly contributions to the spread of COVID-19: President Trump’s frequent press conferences.
In a petition filed with the FCC in late March, media watchdog Free Press wrote that the briefings were so full of incorrect and misleading information that the communications regulator had a duty to at the very least investigate and report on the broadcasts:
Of particular and urgent concern is the deadly disinformation broadcast on television stations across the country in the form of context-less coverage of President Donald Trump’s press conferences and other statements…
We urge the FCC to conduct an urgent examination into the extent to which broadcasters have aired hoaxes and false or misleading information about COVID-19, and immediately issue an emergency policy statement or enforcement guidance recommending that broadcasters prominently disclose when information they air is false or scientifically suspect.
It’s a big ask that a federal agency should step in and say the president is perpetrating a hoax on the country. And while the accuracy of the information in the briefings is certainly questionable for instance the president’s repeated assurances that the pandemic “will disappear,” that there are plenty of “beautiful” tests, and that the unproven chloroquine is effective against the virus the FCC determined that it was not advisable or possible to restrict their broadcast.
A simple “no” with the requisite technical details probably would have sufficed, but the FCC opted to post on its front page a more lengthy takedown of the Free Press petition. If that seems a bit excessive, recall that Free Press has been a frequent and effective critic of the FCC, calling out a nonsensical economic analysis at the heart of the agency’s justification for rolling back net neutrality, and more recently exposing an embarrassing error that inflated broadband deployment numbers in the country by millions.
So perhaps there is something more to the decision to perform a more meticulous dismantling of Free Press’s petition. All the same, the FCC’s response provides valuable information on why the agency both can’t and shouldn’t take the actions suggested:
The Commission does notand cannot and will notact as a self-appointed, free-roving arbiter of truth in journalism. Even assuming for the sake of argument that Free Presss assertions regarding any lack of veracity were true, false speech enjoys some First Amendment protection, and section 326 of the Communications Act, reflecting First Amendment values, prohibits the Commission from interfering with freedom of the press or censoring broadcast communications.
…The Commission has historically regulated the broadcast of dangerous hoaxes. But the Commission has applied this rule narrowly in light of the substantial First Amendment concerns involved with the federal government policing the content of broadcast news.
At this moment, broadcasters face the challenge of covering a rapidly-evolving, national, and international health crisis, in which new informationmuch of it medical or technical in nature and therefore difficult to corroborate or refute in real timeis continually revealed, vetted, and verified or dismissed.
Under such circumstances, it is implausible, if not absurd, to suggest that broadcasters knowingly deceived the public by airing these press conferences or other statements by the President about COVID-19.
Instead, the FCC suggests that the broadcast of incorrect information merely presents a new opportunity for journalists to add context and correction to the record. As it concludes, with a parting shot at Free Press:
We leave to the press its time-honored and constitutionally protected role in testing the claims made by our political leadersas well as those made by national advocacy organizations.
The full text of the FCC denial (PDF) is an educational read if, like many these days, you wonder about the potential of a government entity like the FCC stepping in to control the airwaves in a time of crisis."
10,"{'id': 'techcrunch', 'name': 'TechCrunch'}",Walter Thompson,Dear Sophie: How do I extend my visa status without leaving the US?,"I'm an E-3 visa holder and I usually go back to Australia to extend my visa. Given the COVID-19 travel restrictions, how do I extend my immigration status from inside the U.S.?",http://techcrunch.com/2020/04/14/dear-sophie-how-do-i-extend-my-visa-status-without-leaving-the-us/,https://techcrunch.com/wp-content/uploads/2020/04/immigration-law1.jpg?w=753,2020-04-14T19:43:48Z,"More posts by this contributor
Here’s another edition of Dear Sophie, the advice column that answers immigration-related questions about working at technology companies.
Your questions are vital to the spread of knowledge that allows people all over the world to rise above borders and pursue their dreams, says Sophie Alcorn, a Silicon Valley immigration attorney. Whether youre in people ops, a founder or seeking a job in Silicon Valley, I would love to answer your questions in my next column.
Dear Sophie columns are accessible for Extra Crunch subscribers; use promo code ALCORN to purchase a one or two-year subscription for 50% off.
Dear Sophie: 
I’m an E-3 visa holder and I usually go back to Australia to extend my visa. 
Given the COVID-19 travel restrictions, how do I extend my immigration status from inside the U.S.?
 Aussie Programmer
Dear Aussie:
Thanks for your question. The extension process from inside the U.S. is similar for you and anyone on a working visa, such as H-1B, H-1B1 (from Chile or Singapore) or TN (from Canada or Mexico). You might be used to traveling back home, or to Canada, to renew your visa. However, theres another way to do it."
11,"{'id': 'time', 'name': 'Time'}",RICARDO ALONSO-ZALDIVAR and DARLENE SUPERVILLE / AP,U.S. States to COVID-19 Get Test Kits as White House Enacts Virus Response,Federal health officials scrambled Friday to get coronavirus testing up and running in every state.,https://time.com/5792998/states-test-kits-white-house-covid-19/,https://api.time.com/wp-content/uploads/2020/02/AP20059769679454.jpg?quality=85&w=1200&h=628&crop=1,2020-02-29T16:21:09Z,"WASHINGTON — Federal health officials scrambled Friday to get coronavirus testing up and running in every state, as the Trump administration signaled it may also invoke a 70-year-old defense law to guarantee the availability of protective gear should the virus spread.
The Centers for Disease Control and Prevention said two more Americans tested positive for the virus out of the group of quarantined passengers from the Diamond Princess cruise ship.
Health officials in California, Oregon and Washington state worried about the virus spreading through West Coast communities after confirming three patients were infected by unknown means.
The World Health Organization upgraded the risk level from the virus to “very high” as it continued to spread around the globe. Friday evening, the State Department issued an advisory telling Americans to avoid nonessential travel to Italy, which has seen nearly 900 cases. A travel advisory already is in place for China.
Two days after the White House abruptly shifted gears from President Donald Trump’s initial assurances of minimal U.S. fallout to an all-out mobilization under Vice President Mike Pence, the administration’s messaging still wasn’t completely seamless.
Trump administration political appointees and nonpartisan career government scientists both agree that the current risk to Americans is low, although that could quickly change. But some political officials are continuing to offer assurances that concerns will blow over soon, while the scientists are emphasizing preparations for circumstances as yet unknown.
“I acknowledge that this could change. I acknowledge the situation could deteriorate. I acknowledge the risks,” White House economic adviser Larry Kudlow told reporters Friday. “But, given what we know … looks to me like the market has gone too far.”
Financial markets continued to slide, with the Dow Jones average suffering its worst week since the 2008 financial crisis.
Later in the day Federal Reserve Chairman Jerome Powell signaled that the central bank would cut interest rates to support the economy if needed. On Capitol Hill, lawmakers of both parties are working on a spending bill to be unveiled early next week and expected to be two to three times more than the $2.5 billion the White House had requested for anti-virus efforts.
Health and Human Services Secretary Alex Azar called attention to the breadth of options under consideration, telling reporters the administration may invoke the 1950 Defense Production Act to ensure production of needed supplies for anti-virus effort. For example, the government says it needs 300 million masks for health care workers, but only has 30 million stockpiled.
“We will use the Defense Production Act as necessary,” said Azar. “So that is the authority that we have and we intend to use to acquire anything we need to acquire.” However, he added the government wants to avoid disruptions.
Shortly before the new California case was announced, Trump told reporters, “We’re at the same number.”
“We haven’t lost anybody yet and hopefully we can keep that intact,” he said as he left the White House for a political rally in South Carolina.
Trump said he’s still considering denying entry to people from countries affected by coronavirus. “We’re looking at that right now,” he said. “And we’re looking at a couple of countries, a few countries that have little bit disproportionately high number, and we’re going to make that decision very soon.”
For the CDC’s disease detectives, the priority now is setting up a nationwide testing infrastructure after a shaky start. Dr. Nancy Messonier, the CDC’s chief of respiratory diseases, told reporters the goal is to have every state capable of testing for the virus by the end of next week.
A three-step test kit from CDC is being replaced with a two-step process that Messonnier said should work better.
“Our goal is to have every state and local health department doing its own testing by the end of next week,” said Messonnier. That’s a considered a critical step, because it would push the front lines of surveillance closer to local communities where new cases might present themselves.
Disease detectives are still tracing the contacts of a Northern California woman who may be the first person in the U.S. to get sick without having traveled to China or having been in close contact with a returning traveler.
“We need to remember right now that the case count in the U.S. is really low,” said Messonnier. “That is a reflection of the aggressive containment efforts of the U.S. government. We hope that if there is spread, the spread will be limited and that any disease in the United States will be mild.”
The global virus outbreak has become a test of Trump’s credibility and his administration’s capacity to protect the nation. Public health experts say the president should let the scientists in government take the lead.
“The White House functions best when it follows the leadership of experts in emergency response,” said John Auerbach, president of the nonprofit Trust for America’s Health, which works with government at all levels to improve public health.
Although the president himself is famously skeptical of science, the White House is now trying to surround itself with top-flight scientific expertise. Friday, officials announced the White House and the National Academy of Sciences have established a committee of experts on infectious diseases to help on the coronavirus threat.
“We are creating a direct line to the nation’s top scientific minds on public health,” said Kelvin Droegemeier, director of the White House Office of Science and Technology Policy.
Next week, Congress is expected to expedite a bipartisan spending bill for the anti-virus campaign that could total between $6 billion and $8 billion.
The administration says it has enough funding to get through to April but that Congress should act as quickly as possible to approve additional funding. The White House wants Trump to sign the spending bill it by mid-March.
As other countries hard hit by coronavirus cancel public activities and shutter schools, HHS Secretary Azar said such measures could be part of the containment toolkit here, if needed.
Keeping kids home from school and running workplaces on a skeleton staff is part of what experts call “social distancing,” a way to keep people from passing disease to one another. As recently as 2009, a flu pandemic led to school closures in many U.S. communities.
“It can be indicated under certain circumstances that it might make sense to close a school or schools, or take other measures like that,” said Azar. In the U.S. that would be a decision made at the local level.
“What we’re all trying to do is just be very transparent … with the public to get our mental frame around that there are things that you might see,” said Azar. “That doesn’t mean you will see (them).”
___
Associated Press writers Robert Burns, Kevin Freking and Lauran Neergaard contributed.
Contact us at editors@time.com."
12,"{'id': 'time', 'name': 'Time'}",DARLENE SUPERVILLE and ZEKE MILLER / AP,President Trump Says He’s Considering Closing Southern U.S. Border as More COVID-19 Cases ‘Likely’,The U.S. is banning travel to Iran in response to the outbreak of the new coronavirus and warning against regions of Italy and South Korea.,https://time.com/5793068/trump-border-covid-19-travel-iran-south-korea-italy/,https://api.time.com/wp-content/uploads/2020/02/AP20060686602318.jpg?quality=85&w=1200&h=628&crop=1,2020-02-29T20:08:59Z,"WASHINGTON — The U.S. is banning travel to Iran in response to the outbreak of the new coronavirus and elevating travel warnings to regions of Italy and South Korea.
Vice President Mike Pence announced the new restrictions and warnings as President Donald Trump said 22 people in the U.S. have been stricken by the new coronavirus, including four deemed “very ill” and that additional cases are “likely.” Trump added that he was considering additional restrictions, including closing the U.S. border with Mexico in response to the virus’ spread.
“We’re thinking about all borders,” Trump said.
Trump provided an update on the virus from the White House press briefing room for the second time this week after the first reported U.S. death Saturday, of a woman he described as being in her late 50s and having a high medical risk. Robert Redfield, director of the Centers for Disease Control and Prevention said there was “no evidence of link to travel” in the case of the woman who died.
On Friday, health officials confirmed a second case of coronavirus in the U.S. in a person who didn’t travel internationally or have close contact with anyone who had the virus. The U.S. has a total of about 60 confirmed cases. Trump’s tally appeared to exclude cases of Americans repatriated from two cruise ships in Asia.
Trump said healthy Americans should be able to recover if they contract the new virus, as he tried to reassure Americans and global markets spooked by the virus threat.
He encouraged Americans not to alter their daily routines, saying the country is “super prepared” for a wider outbreak, adding “there’s no reason to panic at all.”
He added he wasn’t altering his routine either. “You’re talking about 22 people right now in this whole very vast country. I think we’ll be in very good shape.”
Trump spoke a day after he denounced criticism of his response to the threat as a “hoax” cooked up by his political enemies. Speaking at a rally in South Carolina he accused Democrats of “politicizing” the coronavirus threat and boasted about preventive steps he’s ordered in an attempt to keep the virus that originated in China from spreading across the United States. Those steps include barring entry by most foreign nationals who had recently visited China.
“They tried the impeachment hoax. … This is their new hoax,” Trump said of Democratic denunciations of his administration’s coronavirus response.
Trump said Saturday he was not trying to minimize the threat of the virus.
“Again, the hoax was used in respect to Democrats and what they were saying,” he said.
Some Democrats have said Trump could have acted sooner to bolster the U.S. response to the virus. Democratic and Republican lawmakers also have said his request for an additional $2.5 billion to defend against the virus isn’t enough. They’ve signaled they will provide substantially more funding.
Trump said Democrats want him to fail and argued that steps he’s taken so far have kept cases to a minimum and prevented virus deaths in the U.S.
As global markets plunged this week, Trump predicted they will come back, and encouraged the Federal Reserve to cut interest rates.
“The markets will all come back,” he said. “I think the Fed has a very important role, especially psychological. If you look at it, the Fed has a massive impact.”
Contact us at editors@time.com."
13,"{'id': 'cnn', 'name': 'CNN'}",,Florida mayor says Covid-19 is worse than hurricanes,"CNN's Dana Bash interviews Tampa, Florida Mayor Jane Castor about how to be a leader during the Covid-19 pandemic and using social media to reach residents. Watch the latest videos on Covid-19",https://www.cnn.com/videos/politics/2020/04/03/covid-19-tampa-florida-mayor-jane-castor-cs-orig.cnn,https://cdn.cnn.com/cnnnext/dam/assets/200403191125-tampa-mayor-jane-castor-3-super-tease.jpg,2020-04-04T12:03:21Z,Chat with us in Facebook Messenger. Find out what's happening in the world as it unfolds.
14,"{'id': 'mashable', 'name': 'Mashable'}",Nicole Gallucci,"COVID-19 patient's last words to nurse: 'I thought this was a hoax, but it's not'","As people across the United States continue to ignore the severity of the coronavirus pandemic, medical professionals like Jane Appleby, Chief Medical Officer at Methodist Hospital in San Antonio, Texas, are feeling compelled to speak out.
In video shared by …",https://mashable.com/article/coronavirus-patient-last-words-thought-this-was-hoax-covid-party/,https://mondrian.mashable.com/2020%252F07%252F12%252F47%252Fbad66b78e16c483ab4096a62e7314873.0712d.png%252F1200x630.png?signature=HiTfFZmXpggflFo60QnCOOcK53g=,2020-07-12T18:31:26Z,"As people across the United States continue to ignore the severity of the coronavirus pandemic, medical professionals like Jane Appleby, Chief Medical Officer at Methodist Hospital in San Antonio, Texas, are feeling compelled to speak out.
In video shared by NBC News 4 San Antonio, Appleby can be seen explaining what COVID-19 cases have been like across her city, and recalling a tragic tale of a coronavirus patient's last words to a nurse.
""I heard a heartbreaking story this week. We cared for a 30-year-old patient at Methodist Hospital who told their nurse that they attended a 'COVID party,'"" Appleby says. ""This is a party held by somebody diagnosed with the COVID virus, and the thought is that people get together to see if the virus is real and if anyone gets infected.""
""Just before the patient died, they looked at their nurse and they said, 'I think I made a mistake. I thought this was a hoax but it's not,'"" Appleby continues. ""This is just one example of a potentially avoidable death of a young member of our community, and I can't imagine the loss of the family.""
Though there's been a great deal of skepticism surrounding the idea of intentional COVID parties, if you attend a gathering with a large number of people and don't take accurate safety precautions, such as social distancing, wearing a mask, and sanitizing your hands, you're undoubtedly putting yourself at greater risk of contracting the virus.
In the video above, which is featured in the NBC News 4 San Antonio article, Appleby explains that lately, San Antonio has been seeing the coronavirus ""affect a broader age range of people, including young people in their 20s and 30s.""
""In Methodist Hospital today we have several 20-year-olds and several 30-year-olds that are critically ill,"" she says. ""Some of these younger folks come to the hospital for treatment and can be discharged home, yet others become ill very quickly and require intensive care.""
SEE ALSO: John Oliver breaks down the ways coronavirus is affecting people in prison
While Appleby notes that she doesn't want to be seen as ""an alarmist,"" she hopes that sharing these heartbreaking ""real-world examples"" will help people realize that they need to take this virus more seriously.
""We care deeply about the citizens of San Antonio, Texas, and we are here to help you. At the same time, we hope that you don't need our help,"" Appleby says. ""Please wear a mask, stay at home when you can, avoid groups of people, and sanitize your hands.""
Appleby also stresses that you should not feel as though you are in any way immune to COVID-19.
""What we've learned about this virus is it doesn't discriminate, and none of us are invincible,"" she says."
15,"{'id': 'cnn', 'name': 'CNN'}",,GOP governor contradicts Trump on Covid-19 testing,"President Donald Trump repeatedly says everyone who wants a Covid-19 test can get one, but Ohio Gov. Mike DeWine (R) says that is not true.",https://www.cnn.com/videos/politics/2020/05/11/mike-dewine-trump-coronavirus-testing-sot-tsr-vpx.cnn,https://cdn.cnn.com/cnnnext/dam/assets/200511185106-donald-trump-mike-dewine-split-may-11-2020-super-tease.jpg,2020-05-11T23:00:11Z,Chat with us in Facebook Messenger. Find out what's happening in the world as it unfolds.
16,"{'id': 'cnn', 'name': 'CNN'}",Opinion by Jennifer Lee,Why Memorial Day is crucial in Covid-19 fight,"On Tuesday, the Trump administration announced that it would wind down the White House coronavirus task force. Confirming this to CNN, a senior White House official said the task force ""will be phased down around Memorial Day.""",https://www.cnn.com/2020/05/06/opinions/coronavirus-task-force-opinion-lee/index.html,https://cdn.cnn.com/cnnnext/dam/assets/200403154706-us-coronavirus-face-mask-0331-super-tease.jpg,2020-05-06T20:49:13Z,"Jennifer Lee is a CNN Medical Analyst and clinical associate professor of emergency medicine at The George Washington University. She is the former Deputy Under Secretary for Health for the Department of Veterans Affairs and the former Medicaid Director and Deputy Secretary of Health for the Commonwealth of Virginia. Follow her @DrJenLee. Opinions expressed in this commentary are her own. View more opinion on CNN. 
 (CNN)On Tuesday, the Trump administration announced that it would wind down the White House coronavirus task force. Confirming this to CNN, a senior White House official said the task force ""will be phased down around Memorial Day.""
This came as a shock, as the University of Washington's model, which the White House seemed to trust, predicted deaths in the US to be almost twice as high as it previously estimated, with the daily toll rising to nearly 3000 by the beginning of June. 
Luckily, President Donald Trump seemed to change course on Wednesday, tweeting that ""the Task Force will continue on indefinitely with its focus on SAFETY &amp; OPENING UP OUR COUNTRY AGAIN.""
This tweet is a huge relief to those of us who appreciate the benefit of having a task force in times of crisis. Disbanding it would have been a dangerous move that would have made it even harder to contain this virus in the weeks and months to come. 
Here's why the task force is vital: 
We are battling fatigue and complacency 
Though we are far from being out of the woods, we are already battling fatigue and increasing complacency when it comes to the virus. State and local leaders are under extreme pressure to reopen their communities and some have made concessions to relax restrictions whether they meet the criteria suggested by the White House or not. 
When the White House coronavirus task force let the national social distancing guidelines expire on April 30, and provided only the less stringent state guidance for reopening, it sent an implied message that the situation has improved enough that there is no need for further federal direction and the rest is up to the states. 
Winding down the task force would have entirely reinforced this message and left state leaders with even less top cover. It would have also signaled that the virus is no longer a top priority, which could have made it harder for some state leaders to emphasize that the virus is a very real and ongoing threat.
Coordination and decision-making are crucial right now
Effective coordination and communication between federal agencies -- and between federal and state agencies -- has been an ongoing challenge throughout this crisis. 
This is not a new phenomenon. Having served in leadership positions in both federal and state government, I can attest to how difficult it is to achieve seamless cooperation among the most competent and well intended public servants even in the best of times. Often, agencies will have different ideas about how to solve a problem -- and someone at a higher level needs to make a decision quickly about how to move forward. 
That's why in the event of an emergency or crisis it often takes the formation of a task force or similar command structure to bring together disparate agencies to share information, clarify roles, and work together towards a common purpose. In the absence of this, agencies tend to quickly default to working in siloes. One of the reasons testing has been such a difficult nut to crack is because it is so dependent on collaboration and coordination between the Centers for Disease Control and Prevention, the US Food and Drug Administration, the Federal Emergency Management Agency, state and local governments, and the private sector. Dissolving the task force would have made this even harder.
Covid-19 spreads at a frightening speed
The speed of viral spread is one aspect that makes Covid-19 difficult to contain. On March 5th, there were 12 deaths due to Covid-19 in the US. Nine weeks later, there have now been over 71,000 deaths.
At every point along the way, the virus has moved faster than our ability to contain it. Speed and agility are not often strengths of government agencies. Concerns over shortages of resources, like the protective personal equipment needed by medical personnel, were not taken seriously enough by leaders who could have prioritized acquiring the necessary supplies.
As anyone who has worked in government knows, there is a chain of command. Important decisions often must be approved by agency leaders or the White House. These processes are typically slow and it is all too easy for key insights or pieces of information to get lost along the way, even unintentionally. That's why a task force structure that allows for subject matter experts to come together, share information and brief political leaders is most efficient way to inform decision making during a time of crisis. 
The crucial importance of how we observe Memorial Day
As more states loosen restrictions, we may be entering an even more dangerous phase of this pandemic, potentially setting ourselves up for serious outbreaks across the country.
Hokkaido, Japan, provides a perfect example of what can happen if lockdowns are lifted too early. According to TIME, in late February, the island had the highest number of Covid-19 cases among all prefectures in Japan. 
On February 28, the governor declared a state of emergency, closed schools and encouraged people to stay at home.
Many restaurants and businesses also closed. By mid-March, the situation had turned the corner; the health crisis largely stabilized and pressure from businesses to reopen began to grow. In response, on March 19, the governor of Hokkaido lifted the state of emergency but asked residents to continue social distancing and stay home if they felt sick.
Unfortunately, the announcement came just before a three-day weekend, when many residents ventured out to celebrate the lifting of the restrictions. As TIME reported, Dr. Kiyoshi Nagase, chairman of the Hokkaido Medical Association, believes this likely started a second wave of infections in Hokkaido. On April 14, 26 days later, the governor announced a second state of emergency and reimposed restrictions. 
The upcoming Memorial Day weekend in the US is not only a national holiday to honor those who have died in military service, but it is also the start of the summer season. Many Americans will be planning travel and recreational activities for that weekend which could lead to further spread of the virus. By then, some states will also have relaxed restrictions for weeks, enough time for an outbreak to have surfaced, assuming that testing is in place to detect one fast enough.
It is entirely possible that the continuation of the task force will lead to new national guidelines for protective measures as the summer starts. We can only hope that this is the case, otherwise we may find ourselves facing a second wave of the pandemic -- and countless more deaths to come."
17,"{'id': 'cnn', 'name': 'CNN'}","Mallika Kallingal, CNN",New York barber working illicitly tests positive for Covid-19,"A barber working at a barbershop in a New York suburb that had been operating in defiance of the state's close order has tested positive for Covid-19, according to Ulster Country health officials.",https://www.cnn.com/2020/05/15/us/new-york-coronavirus-kingston-barber-trnd/index.html,https://cdn.cnn.com/cnnnext/dam/assets/200515140152-kingston-new-york-map-tease-only-super-tease.jpg,2020-05-15T23:30:02Z,"(CNN)A barber working at a barbershop in a New York suburb that had been operating in defiance of the state's close order has tested positive for Covid-19, according to Ulster Country health officials.
Ulster County health officials are searching for anyone who may have had their haircut at the barbershop over the last three weeks, a statement from the county says. Kingston is located roughly 90 miles north of New York City.
""We are taking extraordinary measures to try and minimize the spread of this dangerous disease and learning that a barbershop has been operating illicitly for weeks with a COVID-19 positive employee is extraordinarily disheartening,"" said Dr. Carol Smith, the health commissioner for Ulster County, in a statement.
County health officials are recommending anyone who received a haircut at the shop on Broadway during the past three weeks to get tested for the coronavirus. 
""This kind of direct contact has the potential to dramatically spread this virus throughout our community and beyond,"" Smith said.
There are currently 1,563 confirmed cases of Covid-19 in Ulster County and 64 fatalities, according to the county. People who came in contact with the Kingston barbershop should contact the Ulster County Department of Health and Mental Health.
According to directives from state Gov. Andrew Cuomo, all barbershops, beauty salons, nail salons or other personal hygiene services had to remain closed.
Speaking about this particular case on Thursday, Cuomo said hairstyling is by definition an up-close and personal occupation and so it would be part of phase two of reopening. 
NYC contact tracing efforts
Meanwhile, New York City Mayor Bill de Blasio says hundreds of people have been trained to begin contact tracing and will start work in the coming days.
New York City will have 1,000 contact tracers by the end of the month, and by the beginning of June they plan to get up to 2,500 trained individuals, according to de Blasio. It would then build as needed to potentially go up to as many as 10,000 tracers.
The effort is being led by NYC Health and Hospitals. The contact tracers will investigate cases, trace and monitor contacts, and manage all case data and inquiries. This would allow the city to immediately isolate and care for those who test positive for the virus, and then rapidly track, assess, and quarantine anyone they came into contact with who they may have infected, according to a NYC Health and Hospitals press release.
The effort is ""bigger, more complex and a much greater operational challenge than anything we've seen in the history of contact tracing in this city,"" the mayor said. The Department of Health and their expertise are being brought in for ""maximum impact,"" he added.
CNN's Kelly Christ, Sheena Jones and Mark Morales contributed to this report"
18,"{'id': 'cnn', 'name': 'CNN'}",,Covid-19 patients struggle with symptoms after recovery,CNN's Dr. Sanjay Gupta discusses the potential long-term effects Covid-19 could have on the lungs based on past coronavirus outbreaks.,https://www.cnn.com/videos/health/2020/05/20/coronavirus-covid-19-long-term-impact-health-recovery-gupta-dnt-newday-vpx.cnn,https://cdn.cnn.com/cnnnext/dam/assets/200131121336-01-washington-coronavirus-patient-lungs-super-tease.jpg,2020-05-20T13:45:26Z,Chat with us in Facebook Messenger. Find out what's happening in the world as it unfolds.
19,"{'id': 'cnn', 'name': 'CNN'}",Opinion by H. Gilbert Welch and Vinay Prasad,Opinion: A surprising side effect of Covid-19,"H. Gilbert Welch and Vinay Prasad write that since the pandemic forced the medical care system to cancel elective surgeries and have fewer outpatient visits, Covid-19 provides a once in a lifetime opportunity to study if some, who are not acutely ill, do bett…",https://www.cnn.com/2020/05/27/opinions/unexpected-side-effect-less-medical-care-covid-19-welch-prasad/index.html,https://cdn.cnn.com/cnnnext/dam/assets/110926073416-doctors-look-hip-fracture-x-rays-story-top.jpg,2020-05-27T23:48:23Z,"H. Gilbert Welch is a general internist in the Center for Surgery and Public Health at Brigham and Women's Hospital and author of ""Less Medicine, More Health."" Vinay Prasad is an oncologist, associate professor of medicine at Oregon Health and Science University and author of ""Malignant: How Bad Policy and Bad Medicine Harm People With Cancer."" The opinions expressed in this commentary are those of the authors; view more opinion articles on CNN.
 (CNN)The concern was that Covid-19 would overwhelm the medical care system with patients. While that has happened in some hot spots, the broader picture is just the opposite: Covid-19 has deprived the system of patients. 
Some of these would-be patients have surely been hurt: having either shied away or been told to stay away from interventions that would have helped them live longer and/or live better. For others the delay may not matter; they will do equally well with intervention at a later date. But it is important to consider another possible outcome: some do better with less medical care. 
No one has national data yet, but the turn of events is remarkable. 
In mid-March hospitals began to cancel elective surgeries both to protect patients and to provide surge capacity, following guidance from the American College of Surgeons. This not only halted hernia repairs and joint replacements, but also surgeries for low-risk cancers -- specifically, early stage breast and prostate cancer.
Next, emergency care unexpectedly plummeted. Emergency rooms in Boston, Detroit and Minneapolis/St. Paul saw substantial drops in volume, and ER doctors are experiencing cuts to both their hours and pay. The decline in volume doesn't appear to be confined to fewer minor injuries and self-limited illnesses, it also includes fewer heart attacks and strokes.
But the impact of Covid-19 goes well beyond the hospital to include all physician/patient encounters. Despite the advent of telehealth, primary care practices are seeing fewer patients and laying off staff. The American Academy of Family Physicians estimates that about 40% of family medicine clinics are at risk of closing by the end of June -- more than doubling the number of US counties with a significant shortfall in health care providers at the end of March. 
Given fewer outpatient visits, one downstream effect is wholly expected: fewer lab tests and X-rays. This limits efforts to find disease early in asymptomatic individuals. Most notably, cancer screening has been effectively shut down.
What can we learn from this cataclysmic disruption in medical intervention? 
Previous research on the global effects of doctor strikes suggests that overall mortality either remains stable -- or, in fact, declines. Clearly, it will be important to carefully study 2020 mortality trends and disentangle Covid-related deaths from other causes of death. It will be equally important to distinguish the well-off from the poor: we may find that medical care disruption decreases mortality among the well-off, yet increases mortality among the poor.
While analysis of overall mortality is important, so, too, is looking into more granular topics. The disruption in elective surgeries should lead us to reevaluate the necessity of those surgeries and their associated risks. There are opportunities to look at still finer detail: In our hospitals (Brigham and OHSU), for example,women with early-stage breast cancer are having their surgeries delayed and are instead being started on hormonal therapy. Maybe we will learn that some women don't need surgery.
Suspending cancer screening is another important area to study. There is little doubt, for example, that the decline in mammography will lead to fewer breast cancers diagnosed. But is that a bad thing or good thing? 
One opportunity is to study what happens to US cancer statistics when screening is resumed. One of two observations are possible. Rates of breast cancer might catch up: meaning the deficit in cancers during the pandemic would be matched by a surplus of cancers in subsequent years. In other words, all the cancers that sat undetected in patients during the pandemic would be eventually found. The alternative would be that breast cancer diagnoses never catch up. 
Years ago, researchers observed this phenomenon in Norway. Women, ages 50-64, who underwent three mammograms over six years had more invasive breast cancers found compared to similar women who had a single mammogram at the end of six years. Delayed mammography led to less breast cancer diagnoses and the deficit never caught up -- despite a mammogram at the end of six years. These findings suggest that some small cancers regress on their own. Might this be happening right now during the Covid-19 pandemic?
The decline in heart attack and strokes raises equally important questions in cardiovascular disease. Some patients may have been reluctant to come to the hospital and suffered, perhaps even died, at home. However, what ""counts"" as a heart attack or stroke has expanded over the years. An alternative explanation may be that doctors are no longer diagnosing patients with very mild cardiac or neurologic abnormalities. Perhaps what is being missed are painless, minor events for which treatment is unneeded -- or even harmful. 
It's also possible that there are genuinely fewer heart attacks and strokes occurring right now. Smog is disappearing in Los Angeles and, in India, people can see the Himalayas from miles away for the first time in 30 years. Air pollution has been consistently linked to heart attacks. And ""hunkering down"" has meant slowing down for many. Has better air and lifestyle helped our hearts?
After Covid-19, if we dare imagine the day, it will be important to ask who was harmed by delayed and forgone medical care. But the severe financial strains on individuals and public budgets make it just as essential to ask who benefited from avoiding interventions with no salutatory effect. 
But we won't find the benefits unless we look for them. We need physician researchers willing to ask hard questions about services they deliver -- questions that may threaten their own professional/financial self-interests. 
Covid-19 provides a once in a lifetime opportunity to study what happens when the well-oiled machine of medical care downshifts from high to low volume in order to focus on acutely ill patients. It will be comfortable for physician researchers to study what was lost. It will be courageous for them to study what was gained."
