,source,author,title,description,url,urlToImage,publishedAt,content
0,"{'id': 'techcrunch', 'name': 'TechCrunch'}",Steve O'Hear,Zoom UX teardown: 5 fails and how to fix them,"Valued at over $60 billion and used by millions each day for work and staying in touch with friends and family, the COVID-19 pandemic has helped make Zoom one of the most popular and relevant enterprise applications. On one level, its surge to the top can be …",http://techcrunch.com/2020/08/20/zoom-ux-teardown-five-fails-and-how-to-fix-them/,https://techcrunch.com/wp-content/uploads/2020/08/Meeting5.jpg?w=590,2020-08-20T17:51:11Z,"Valued at over $60 billion and used by millions each day for work and staying in touch with friends and family, the COVID-19 pandemic has helped make Zoom one of the most popular and relevant enterprise applications.
On one level, its surge to the top can be summed up in three words: “It just works.” However, that doesn’t mean Zoom’s user experience is perfect — in fact, far from it.
With the help of Built for Mars founder and UX expert Peter Ramsey, we dive deeper into the user experience of Zoom on Mac, highlighting five UX fails and how to fix them. More broadly, we discuss how to design for “empty states,” why asking “copy to clipboard” requests are problematic and other issues.
This is an incredibly simple rule, yet youd be surprised how often software and websites leave users scratching their heads trying to figure what they’re expected to do next. Clear signposting and contextual user prompts are key.
The fail: In Zoom, as soon as you create a meeting, youre sat in an empty meeting room on your own. This sucks, because obviously you want to invite people in. Otherwise, why are you using Zoom? Another problem here is that the next action is hidden in a busy menu with other actions you probably never or rarely use.
The fix: Once youve created a meeting (not joined, but created), Zoom should prompt and signpost you how to add people. Sure, have a skip option. But it needs some way of saying Okay, do this next.”
Steve O’Hear: Not pointing to the next action seems to be quite a common fail, why do you think this is? If I had to guess, product developers become too close to a product and develop a mindset that assumes too much prior knowledge and where the obvious blurs with the nonobvious?"
1,"{'id': 'techcrunch', 'name': 'TechCrunch'}",Taylor Hatmaker,Palantir moves its HQ from Palo Alto to Denver as plans to go public percolate,"Between the IPO buzz and a raft of new federal contracts for COVID-19 work, it’s been a year of big moves for Palantir. Now, the company is making a more literal one: decamping from its Palo Alto headquarters to Denver, Colorado. The decision to relocate its …",http://techcrunch.com/2020/08/20/palantir-denver-hq-ipo-direct-listing/,https://techcrunch.com/wp-content/uploads/2020/08/palantirGettyImages-1180652365.jpg?w=600,2020-08-20T20:02:15Z,"Between the IPO buzz and a raft of new federal contracts for COVID-19 work, it’s been a year of big moves for Palantir. Now, the company is making a more literal one: decamping from its Palo Alto headquarters to Denver, Colorado.
The decision to relocate its Palo Alto headquarters, first reported by the Denver Business Journal, comes after the company filed SEC paperwork last month to take the company public. The most recent whispers say Palantir is aiming for a direct listing in late September rather than a traditional IPO.
While its chief executive’s vocal complaints about a cultural mismatch played a role in Palantir’s decision to relocate its main office away from the Bay Area, cost of living improvements and a proximity to clients in the center of the country also factored into the decision.
For a company with around 2,500 employees, Palantir maintains a surprising array of office locations, both in the U.S. and internationally. Palantir’s Palo Alto office will likely remain a hub for its developers and software engineers. The company’s New York and London offices currently house a large portion of its product development work.
Palantir CEO Alex Karp announced plans to move the company’s headquarters away from California in an Axios interview back in May.
“We haven’t picked a place yet, but it’s going to be closer to the East Coast than the West Coast,” Karp said, adding that Colorado would be his guess for where the headquarters would land.
In the same interview, Karp railed against what he called Silicon Valley’s “monoculture,” a reference to left-leaning views that generally characterize both Bay Area culture and the company’s vocal critics.
While Silicon Valley is far from monocultural by any traditional measure, Karp cites an “increasing intolerance” in the region particularly for the company’s own federal defense work. Palantir continued to seek contracts with federal law enforcement agencies, even as some tech companies dropped or declined to pursue them.
Palantir’s work supplying software for ICE’s deportation efforts is a particular nexus of controversy. “… It’s a de minimis part of our work, finding people in our country who are undocumented, but it’s a legitimate, complex issue,” Karp told CNBC in Davos earlier this year.
Google famously declined to renew a Pentagon contract known as Project Maven in 2018 after an internal backlash. Peter Thiel, the co-founder of Palantir and one of the Trump administration’s closest allies in tech, slammed Google’s decision as “very problematic.”
All Palantir employees not currently working with customers in the field are working from home with no set plan to return to the office at this time. Karp, a frequent critic of Silicon Valley’s regional myopia, currently runs the company from his home in the libertarian enclave of New Hampshire.
“I’m pretty happy outside the monoculture in New Hampshire and I like living free here,” Karp told Axios, referencing the state’s motto “Live free or die.”"
2,"{'id': 'techcrunch', 'name': 'TechCrunch'}",Darrell Etherington,Carbon Health’s Eren Bali and Color’s Othman Laraki will join us at Disrupt 2020,"The COVID-19 pandemic has left no industry untouched, but the healthcare industry is arguably the one that stands to be transformed the most by the ongoing pandemic. At TechCrunch Disrupt 2020, get the perspectives of two founders who’ve created entirely new …",http://techcrunch.com/2020/08/25/carbon-healths-eren-bali-and-colors-othman-laraki-will-join-us-at-disrupt-2020/,https://techcrunch.com/wp-content/uploads/2020/08/bali-laraki-disrupt.jpg?w=711,2020-08-25T15:05:50Z,"The COVID-19 pandemic has left no industry untouched, but the healthcare industry is arguably the one that stands to be transformed the most by the ongoing pandemic. At TechCrunch Disrupt 2020, get the perspectives of two founders who’ve created entirely new healthcare modals with their respective startups on how their companies have adapted to a world transformed by a global health crisis.
Eren Bali, co-founder CEO of Carbon Health, and Othman Laraki, founder and CEO of Color, will join us on our virtual stage during Disrupt, which runs September 14-18 this year. Bali’s Carbon Health is a startup focused on creating a new standard for primary and urgent care, using modern clinics equipped with smart technology, as well as remote healthcare devices to enable a high standard of distanced clinical practice. Laraki’s Color, meanwhile, has adapted its population genomics platform and added COVID-19 testing as a core capability, with an eye to establishing and sharing best practices for high-volume diagnostics.
We’ll talk about how healthcare has changed since the advent of the pandemic, and what it means for people looking to ensure that their primary care continues to be offered at a high level without other problems falling through the cracks. We’ll also discuss Color’s experience working with the city of San Francisco to roll out its in-person testing capabilities, including providing crucial testing resources for primary care workers. We’ll also look ahead to what kind of challenges we’re still likely to face before the pandemic is over, and how it will change how we approach community and individual care for decades to come.
Both Carbon Health and Color are at the frontlines of COVID-19 testing during an unparalleled national and global emergency, and their insight will be invaluable for getting a sense of what’s going right and what’s going wrong with testing in the U.S., and where we go from here. You won’t want to miss the perspectives that these two can offer.
Disrupt 2020 runs from September 14 through September 18 and will be 100% virtual this year. Get your front row seat to see Bali and Laraki live with a Disrupt Digital Pro Pass or a Digital Startup Alley Exhibitor Package. Were excited to see you there."
3,"{'id': 'techcrunch', 'name': 'TechCrunch'}",Megan Rose Dickey,"Hear from Lyft, Cruise, Nuro and Aurora about the road ahead for driverless vehicles","Autonomous vehicles have yet to become mainstream, but companies like Lyft, Cruise, Nuro and Aurora are still fighting the good fight. The AV space has always faced its share of regulatory and development hurdles, but this year brought a new set of hurdles wi…",http://techcrunch.com/2020/08/28/hear-from-lyft-cruise-nuro-and-aurora-about-the-road-ahead-for-driverless-vehicles/,https://techcrunch.com/wp-content/uploads/2020/08/Kelman-Froelich-Raman-Estrada.jpg?w=764,2020-08-28T17:20:42Z,"Autonomous vehicles have yet to become mainstream, but companies like Lyft, Cruise, Nuro and Aurora are still fighting the good fight. The AV space has always faced its share of regulatory and development hurdles, but this year brought a new set of hurdles with the COVID-19 pandemic.
At TechCrunch Sessions: Mobility, we’ll hear from Cruise, Lyft, Nuro and Aurora about where they’re at in their respective journeys to public deployment and how they’ve navigated the year.
Cruise Director of Government Affairs Prashanthi Raman 
Earlier this year, before the world blew up, Cruise received a permit in California to begin transporting passengers. Cruise also began focusing more on hardware earlier this year. That all came after Cruise had already scrapped its plans to launch a robotaxi service in 2019. In the throws of the COVID-19 pandemic, Cruise laid off 8% of its workforce in May in an attempt to cut costs. As part of the restructuring, Cruise said it would double down on its engineering efforts.
Meanwhile, Cruise still has its eyes set on public deployment, which is where the expertise of Raman comes in. It’s her job to help Cruise navigate the murky regulatory waters of autonomous vehicles.
Nuro Chief Legal &amp; Policy Officer David Estrada 
Nuro, an autonomous delivery startup, takes a slightly different approach to autonomous vehicles. Instead of transporting people, Nuro transports goods. In April, Nuro received a permit to begin driverless testing in California. The startup, which raised $940 million from SoftBank’s Vision Fund last year, aims to deliver groceries and other goods to customers at scale.
Estrada, who previously led legal and policy operations at Bird and government relations at Lyft, is no stranger to playing ball with regulatory agencies. It’s up to him to ensure Nuro gains the trust of the public by proving the company’s commitment to safety and the law.
Lyft Self-Driving Platform Director Jody Kelman
Lyft first began testing its autonomous vehicles in California in late 2018. The company had to pause those operations earlier this year as a result of the pandemic, but resumed testing in late June.
That same month, Lyft began using data from its ride-hailing app to build 3D maps, better understand human driving patterns and improve simulation tests for the company’s autonomous vehicle program.
As part of Lyft’s go-to-market strategy, it has partnered with a number of companies. A key partner for Lyft has been Aptiv, which as of February, provided 100,000 paid rides on the Lyft app.
“Weve got something here, Kelman said at the time to TechCrunch’s Kirsten Korosec. “This is really a blueprint for what future mobility partnerships can look like.”
Aurora Senior Manager of Government Relations Melissa Froelich
Aurora, which launched back in 2017, had been developing a full-stack solution for self-driving vehicles that prioritized robotaxis. That changed in October 2019, when Aurora began focusing more on trucks and logistics and declared trucks would be the company’s first commercial product.
Trucking comes with its own bag of worms, but folks seem to believe that AV trucking has a clearer path to profitability. In July, Aurora expanded into Texas to test commercial routes. At TC Sessions: Mobility, Froelich will discuss how Aurora is navigating the autonomous trucking space and the challenges it faces.
Get your tickets for TC Sessions: Mobility to hear from these thought-leaders from Nuro, Lyft, Cruise and Lyft, along with several other fantastic speakers from Porsche, Waymo, Lyft and more. Tickets are just $145 for a limited time, with discounts for groups, students and exhibiting startups. We hope to see you there!"
4,"{'id': 'techcrunch', 'name': 'TechCrunch'}",Jonathan Shieber,Here are four areas the $311 billion CPPIB investment fund thinks will be impacted by COVID-19,"The Canadian Pension Plan Investment Board, an asset manager controlling around $311 billion in assets for the Canada’s pensioners and retirees, has identified four key industries that are set to experience massive changes as a result of the global economic r…",http://techcrunch.com/2020/08/19/here-are-four-areas-the-311-billion-cppib-investment-fund-thinks-will-be-impacted-by-covid-19/,https://techcrunch.com/wp-content/uploads/2020/07/GettyImages-1217653935.jpg?w=600,2020-08-19T17:10:15Z,"The Canadian Pension Plan Investment Board, an asset manager controlling around $311 billion in assets for the Canada’s pensioners and retirees, has identified four key industries that are set to experience massive changes as a result of the global economic response to the COVID-19 pandemic.
The firm expects the massive changes in e-commerce, healthcare, logistics, and urban infrastructure to remain in place for an extended period of time and is urging investors to rethink their approaches to each as a result.
“It really ties into the mandate that we have in thematic investing,” said Leon Pedersen, the head of Thematic Investments at CPPIB.
There was a realization at the firm that structural changes were happening and that there was value for the fund manager in ensuring that the changes were being addressed across its broad investment portfolio. “We have a long term mandate and we have a long term investment horizon so we can afford to think long term in our investment outlook,” Pedersen said.
The Thematic Investments group within CPPIB will make mid-cap, small-cap and private investments in companies that reflect the firm’s long term theses, according to Pedersen. So not only does this survey indicate where the firm sees certain industries going, but it’s also a sign of where CPPIB might commit some investment capital.
The research, culled from international surveys with over 3,500 respondents as well as intensive conversations with the firm’s investment professionals and portfolio companies, indicates that there’s likely a new baseline in e-commerce usage that will continue to drive growth among companies that offer blended retail offerings and that offices are likely never going to return to full-time occupancy by every corporate employee.
Already CPPIB has made investments in companies like Fabric, a warehouse management and automation company.
The e-commerce wave has crested, but the tide may turn
Amid the good news for e-commerce companies is a word of warning for companies in the online grocery space. While usage surged to 31 percent of U.S. households, up from 13 percent in August, consumers gave the service poor marks and many grocers are actually losing money on online orders. The move online also favored bigger omni-channel vendors like Amazon and Walmart, the study found.
The CPPIB also found that there may be opportunities for brick and mortar vendors in the aftermath of the epidemic. As younger consumers return to shopping center they’re going to find fewer retailers available, since bankruptcies are coming in both the US and Europe. That could open the door for new brands to emerge. Meanwhile, in China, more consumers are moving offline with malls growing and customers returning to shopping centers.
Some of the biggest winners will actually be online entertainment and cashless payments — since fewer stores are accepting cash and music and video streaming represent low-risk, easier options than live events or movie theaters.
LOS ANGELES, CA – MAY 30: General views of tourists and shoppers returning to the Hollywood &amp; Highland shopping mall for the first weekend of in-store retail business being open since COVID-19 closures began in mid-March on May 30, 2020 in Los Angeles, California. (Photo by AaronP/Bauer-Griffin/GC Images)
Healthcare goes digital and privacy matters more than ever
Consumers in the West, already reluctant to hand over personal information, have become even more sensitive to government handling of their information despite the public health benefits of tracking and tracing, according to the CPPIB. In Germany and the U.S. half of consumers said they had concerns about sharing their data with government or corporations, compared with less than 20 percent of Chinese survey respondents.
However, even as people are more reluctant to share personal information with governments or corporations, they’re becoming more willing to share personal information over technology platforms. One-third of the patients who used tele-medical services in the U.S. during the pandemic did so for the first time. And roughly twenty percent of the nation had a telemedicine consultation over the course of the year, according to CPPIB data.
Technologies that improve the experience are likely to do well, because of the people who did try telemedicine, satisfaction levels in the service went down.
DENVER, CO – MARCH 12: Healthcare workers from the Colorado Department of Public Health and Environment check in with people waiting to be tested for COVID-19 at the state’s first drive-up testing center on March 12, 2020 in Denver, Colorado. The testing center is free and available to anyone who has a note from a doctor confirming they meet the criteria to be tested for the virus. (Photo by Michael Ciaglo/Getty Images)
Cities and infrastructure will change
“From mass transit to public gatherings, few areas of urban life will be left unmarked by COVID-19,” write the CPPIB report authors.
Remote work will accelerate dramatically changing the complexion of downtown environments as the breadth of amenities on offer will spread to suburban communities where residents flock.  According to CPPIB’s data roughly half of workers in China, the UK and the US worked from home during the pandemic, up from 5 percent or less in 2019. In Canada, four-in-ten Canadian were telecommuting.
To that end, the CPPIB sees opportunities for companies enabling remote work (including security, collaboration and productivity technologies) and automating business practices. On the flip side, for those workers who remain wedded to the office by necessity or natural inclination, there’s going to need to be cleaning and sanitation services and someone’s going to have to provide some COVID-19 specific tools.
With personal space at a premium, public transit and ride hailing is expected to take a hit as well, according to the CPPIB report.
New York City, NY is shown in the above Maxar satellite image. Image Credit: Maxar
Supply chains become the ties that bind in a distributed, virtual world
As more aspects of daily life become socially distanced and digital, supply chains will assume an even more central position in the economy.
“Amid rising labor costs and heightened geopolitical risk, companies today are focused on resilience,” write the CPPIB authors.
Companies are reassessing their reliance on Chinese manufacturing since political pressure is coming from more regions on Chinese suppliers thanks to the internment of the Uighur population in Xinjiang and the crackdown on Hong Kong’s democratic and open society. According to CPPIB, India, Southeast Asia, and regional players like Mexico and Poland are best positioned to benefit from this supply chain diversification. Supply chain management software providers, and robotics and automation services stand to benefit.
“Confined to their homes for months and subjected to a rapid reordering of their perceived health risks and economic prospects, consumers are emerging from a shared trauma that will change their priorities and concerns for years to come,” the CPPIB study’s authors write."
5,"{'id': 'techcrunch', 'name': 'TechCrunch'}",Brian Heater,Quell’s resistance-based workout can get you in shape by boxing virtual enemies,"Quell is positioning itself as a kind of low-cost take on Peloton (less than 1/10th the price, it notes). You might too, if you were in the London-based startup’s place. With the stationary bike-maker’s value skyrocketing amid COVID-19 lockdowns, fitness star…",http://techcrunch.com/2020/08/18/quells-resistance-based-workout-can-get-you-in-shape-by-boxing-virtual-enemies/,https://techcrunch.com/wp-content/uploads/2020/08/img22.jpg?w=533,2020-08-18T12:00:49Z,"Quell is positioning itself as a kind of low-cost take on Peloton (less than 1/10th the price, it notes). You might too, if you were in the London-based startups place. With the stationary bike-makers value skyrocketing amid COVID-19 lockdowns, fitness startups are all the rage heck, just look at Lululemons recent Mirror acquisition.
A more apt comparison, however, is probably Ring Fit Adventure. The Switch-based peripheral is closer to Quell in terms of pricing, scale and experience. The startup is taking a similar game-based approach to the fitness experience.
At launch, it plans to offer a first-person boxing-style game that pits you against a series of monsters on the PC, Mac and iOS (with Android compatibility down the road). What sets Quells approach apart, however, is the wearable resistance system. Its basically an adjustable system of resistance bands that both simulate impact and track the wearers movements through a series of on-board sensors, including a gyroscope and accelerometers.
Image Credits: Quell
Its still pretty early stages here. In fact, today marks the launch of the products Kickstarter campaign, which will be seeking a bit over $30,000 in funding, with the system going for as low as ~$182 a pop. Thats down from around $200 for the final unit and, more importantly, includes lifetime access to all of the products software updates for free. Future buyers may well be subjected to a $10 a month fee for premium content.
Like a lot about the system, the subscription model is still being hammered out. There will be a narrative story mode and quick fight mode that youll have, the company tells TechCrunch. And the subscription fee will expand the possibilities to things like local and online multiplayer, along with new expansion content over time. And there will probably be cosmetic and other upgrades to your character.
Image Credits: Quell
Down the road, the system will likely expand to further gaming experiences in order to keep it fresh. Quell is also exploring the possibility of opening things up to third-party developers to create their own content for the system.
A lot of this is still hypothetical, as Quell is still an extremely small team, with four people currently working out of one of the founders’ London flat. In fact, the team only really came together in earnest in February and went full-time two months back. In spite of those humble and recent beginnings, however, the company already has the backing of Y Combinator and $10,000 in pre-orders since launching its website last month. Its amazing how much interest in home fitness something like COVID-19 can generate.
Quell expects to start shipping the product to backers in December. Perhaps by then people will have returned to the gym. But at this rate, who knows?"
6,"{'id': 'techcrunch', 'name': 'TechCrunch'}",Catherine Shu,Twitter hides Trump tweet behind notice for potentially dissuading people from voting,"Twitter flagged one of President Donald Trump’s tweets on Monday, placing it behind a notice that warns users it violates the platform’s rules against dissuading people from voting. In the tweet, posted on Monday, Trump claimed mail drop boxes are a “voter se…",http://techcrunch.com/2020/08/23/twitter-hides-trump-tweet-behind-notice-for-potentially-dissuading-people-from-voting/,https://techcrunch.com/wp-content/uploads/2019/12/GettyImages-621183344.jpg?w=612,2020-08-24T03:04:57Z,"Twitter flagged one of President Donald Trumps tweets on Monday, placing it behind a notice that warns users it violates the platforms rules against dissuading people from voting.
In the tweet, posted on Monday, Trump claimed mail drop boxes are a “voter security disaster” and also said they are “not COVID sanitized.” Twitters notice says that the tweet violates its rules about civic and election integrity, but it “determined it may be in the publics interest for the Tweet to remain accessible.” Users can still retweet it with comment, but are nor prevented from liking, replying, or retweeting it alone.
Through its Twitter Safety account, the company gave more details, saying that the tweet had been flagged for “making misleading health claims that could potentially dissuade people from participation in voting.” It also cited a section from its Civic Integrity Policy, highlighting a line that forbids users from making “misleading claims about process procedures or techniques which could dissuade people from participating” in elections.
Per our policies, this Tweet will remain on the service given its relevance to ongoing public conversation. Engagements with the Tweet will be limited. People will be able to Retweet with Comment, but not Like, Reply, or Retweet it. pic.twitter.com/USuaRr5ING
 Twitter Safety (@TwitterSafety) August 23, 2020
Mail-in ballots, which are expected to be used more widely by states in response to the COVID-19 pandemic, have become a partisan issue leading up to the November presidential election. Despite what Trump said in his tweet, expert consensus is that mail-in ballots and absentee ballots are both secure. Furthermore, the Centers for Disease Control and Prevention states COVID-19 is spread mostly through close contact from person to person. Though it is possible that a person can get COVID-19 by touching a surface or object that has the virus on it and then touching their mouth, nose, or possibly eyes, the CDC says this is “not thought to be main way the virus spreads.”
After years of controversy over how the platform handled the presidents tweets that contained misleading, false, or incendiary statements, Twitter has recently begun taking a harder stance on Trumps account. In May, Twitter applied fact-check labels about mail-in ballots to two of Trumps tweets.
Days later, Trump signed an executive order targeting Section 230 of the Communications Decency Act, which gives internet companies legal protections that shield them from liability for user-created content while also giving them power to make moderation decisions. The executive order argued that platforms forfeit their rights to legal protection when they moderate content, as Twitter did when it applied fact-check labels to Trumps tweets.
Though it is not clear if Trumps executive order is legally enforceable, it may serve to intimidate some platforms. Twitter called the order a reactionary and politicized approach to a landmark law, and its actions on Trumps tweets today may indicate that the company does not see it as a threat.
TechCrunch has contacted the White House and Twitter for comment."
7,"{'id': 'mashable', 'name': 'Mashable'}",Amanda Yeo,Pandemic simulation game 'Plague Inc' pulled from China's App Store,"Pandemic simulator Plague Inc. became China's top paid iOS download in January, as players flocked to the game in the wake of coronavirus concerns. Now the game has been taken down from China's App Store, with the Cyberspace Administration of China citing ""il…",https://mashable.com/article/plague-inc-china-ban-coronavirus/,https://mondrian.mashable.com/2020%252F02%252F28%252F8e%252F477e3747921944e389a8733b606177bb.b6597.jpg%252F1200x630.jpg?signature=Os_RPt2MPyUgjJacaN993y4R_dM=,2020-02-28T01:25:54Z,"Pandemic simulator Plague Inc. became China's top paid iOS download in January, as players flocked to the game in the wake of coronavirus concerns. Now the game has been taken down from China's App Store, with the Cyberspace Administration of China citing ""illegal content.""
Plague Inc. developer Ndemic Creations announced the sudden removal in a Feb 27. blog post. ""We've just been informed that Plague Inc. 'includes content that is illegal in China as determined by the Cyberspace Administration of China' and has been removed from the China App Store,"" Ndemic Creations wrote. ""This situation is completely out of our control.""
Exactly what illegal content Plague Inc. contains is unclear. Though it was only removed from the App Store this week, the game had been available in China since its worldwide release eight years ago. However, Plague Inc. had recently gained significant attention due to its thematic relevance to the current coronavirus epidemic.
SEE ALSO: The coronavirus has sent a video game about wiping out humanity to #1
In Plague Inc., players take on the role of an infectious disease and attempt to wipe out all human life. Gameplay involves choosing how to evolve, becoming more deadly and spreading across the globe. 
It feels very pertinent considering recent events.
""Its not clear to us if this removal is linked to the ongoing coronavirus outbreak that China is facing,"" wrote Ndemic Creations. ""However, Plague Inc.s educational importance has been repeatedly recognised by organisations like the CDC and we are currently working with major global health organisations to determine how we can best support their efforts to contain and control COVID-19.""
Ndemic Creations is attempting to contact the Cyberspace Administration of China to find out more information and work to return Plague Inc. to the Chinese App Store.
Were really sad to announce that Plague Inc. has been removed from the China App Store. This is completely out of our control and we are working to find a way to bring the game back to our players in China. Our statement here: https://t.co/oYkHHkMbgwpic.twitter.com/5wQ93NsCKw
 Plague Inc. / Rebel Inc. (@NdemicCreations) February 27, 2020
Last month, Ndemic Creations acknowledged Plague Inc. had seen a significant spike in players due to the coronavirus. ""However, please remember that Plague Inc. is a game, not a scientific model and that the current coronavirus outbreak is a very real situation which is impacting a huge number of people."""
8,"{'id': 'the-verge', 'name': 'The Verge'}",Nicole Wetsman,Apps aren’t a reliable way to measure blood oxygen levels,"Some doctors think pulse oximeters, which measure blood oxygen levels, are useful ways for COVID-19 patients to monitor symptoms. They’re sold out at major retailers, so people may be turning to smartphone apps that claim to also measure blood oxygen. These a…",https://www.theverge.com/2020/4/23/21232488/blood-oxygen-apps-iphone-samsung-unreliable-fitbit-garmin-oximeter,https://cdn.vox-cdn.com/thumbor/bn1YDigxP57FG0bg7YY5I189NBk=/0x1237:2533x2563/fit-in/1200x630/cdn.vox-cdn.com/uploads/chorus_asset/file/19919949/917609762.jpg.jpg,2020-04-23T18:01:30Z,"Using them could be dangerous
Photo by: Jeffrey Greenberg/Universal Images Group via Getty Images
Doctors say one of the best ways to monitor patients with COVID-19 is by tracking their blood oxygen levels, which can show when they have dangerous breathing problems even if they dont feel short of breath. But along with toilet paper and digital thermometers, devices that measure those levels, called pulse oximeters, are hard to find. Theyre either sold out or taking weeks to ship from major retailers. 
With the devices out of reach, people are turning to questionable alternatives: the third most popular paid iPhone app last week claims to be able to measure blood oxygen levels through the phones camera, despite a disclaimer that says the app is not a medical device. On Reddit, some people fighting off COVID-19 say theyre using a health feature on some Samsung phone models to check their oxygen levels. Others say theyre using pulse oximetry features on smartwatches. 
That concerns doctors. Despite their accessibility, research shows pulse oximetry apps dont accurately measure blood oxygen levels, especially when theyre low. And relying on apps could be dangerous, says Walter Schrading, director of the office of wilderness medicine at the University of Alabama at Birmingham School of Medicine.
The apps are easy party tricks when youre not sick: put your finger on the camera, get a normal oxygen reading. You can see, Im a normal human being, breathing normal air, he says. But when someone actually has low oxygen levels, theyre likely to still give that normal reading. They dont work well when you actually need them to work well, which is when your oxygen levels drop, Schrading says. 
Schrading and colleagues evaluated three iPhone pulse oximetry apps in a study published in 2019, and found that they couldnt reliably identify people who did not have enough oxygen. Their findings were consistent with other studies, which also found that pulse oximetry apps were inaccurate. A recent analysis from the Centre for Evidence-Based Medicine at the University of Oxford, which reviewed the research on apps in the context of the COVID-19 pandemic, also concluded that they are unreliable.
Oxygen saturation levels obtained from such technologies should not be trusted, the authors of the analysis wrote. 
NEW rapid review by me (small clinical/ editing role) and Lionel Tarassenko, Professor of Electrical Engineering (major bioengineer role):
Q: Can smartphone apps be used to measure oxygen saturation?A: No.https://t.co/iIQqi66tUM
 Trisha Greenhalgh (@trishgreenhalgh) April 2, 2020
Apps dont work well because most use a different mechanism to test blood oxygen levels than standard, medical pulse oximetry devices. The devices send two different wavelengths of light usually red and infrared through a fingertip, where theres lots of blood close to the surface of the skin. Hemoglobin, the protein that carries oxygen in blood, absorbs more infrared light when its carrying oxygen and more red light when its not. The device calculates the difference to determine how much oxygen is circulating. 
Smartphones usually only have white light, so theyre not able to get as accurate a reading. Samsung phones have a red light function, the Centre for Evidence-Based Medicine said, but they only use one wavelength and would likely be unreliable as well.
In addition, standard pulse oximetry devices send light wavelengths through the finger and read the results from a sensor on the other side. Smartphones send and capture the light from the same spot they rely on the reflection of the wavelengths. That method tends to be less accurate and can be skewed by light from the environment. 
Some models of Fitbit and Garmin smartwatches also have pulse oximetry features. Fitbit can track oxygen level trends during sleep, and Garmin can give on-the-spot readings. Their watches do use red light, but they use the less-accurate reflective method. They also take readings from blood flow at the wrist which isnt as strong as it is at the finger. Both companies note on theirwebsites that their devices should not be used for medical purposes. 
Accurate blood oxygen readings are important when people are trying to monitor any disease, but its particularly key for COVID-19. Usually, someone with a low blood oxygen level knows it they struggle to catch their breath. If a person has a reading on a lower-quality oximeter that says they have low oxygen levels, but they dont have those symptoms, doctors can usually assume the sensor just isnt working, wrote James Hudspeth, the COVID response inpatient floor lead at Boston Medical Center, in an email to The Verge. 
People with COVID-19, though, sometimes feel fine even when their oxygen levels are plummeting. Thats why some doctors want pulse oximeters given to everyone home sick with the virus: if they can come into the hospital as soon as their oxygen levels dip but before theyre gasping for air, they might be treated more effectively. But it also means doctors would have less confidence interpreting a pulse oximeter result that doesnt match symptoms, Hudspeth said. 
If apps cant tell when oxygen levels are actually low, they could give a false sense of security to people who also feel okay. This thing could read normal, but you could not be normal, Schrading says. Its a big risk, he says. It would be dangerous to rely on them because they didnt measure what they were supposed to measure.
View all 405 stories"
9,"{'id': 'the-verge', 'name': 'The Verge'}",Jay Peters,"How to record video meetings on Zoom, Google Meet, and Skype","People are doing a lot more video conferencing now that they’re stuck at home due to the COVID-19 pandemic, and many services offer a way to record your calls so that you can listen to or watch them later. We’ve outlined how to set up recordings for your Zoom…",https://www.theverge.com/21243516/video-call-record-how-to-meeting-conference-zoom-google-skype,https://cdn.vox-cdn.com/thumbor/MDsWvUJMoQhp3zUM2Pcm98ylEHA=/0x146:2040x1214/fit-in/1200x630/cdn.vox-cdn.com/uploads/chorus_asset/file/19880368/bfarsace_200407_3962_0001.jpg,2020-05-04T18:48:29Z,"Record your calls so you can watch them later
Photo by Becca Farsace / The Verge
If you buy something from a Verge link, Vox Media may earn a commission. See our ethics statement.
People are doing a lot more video conferencing now that theyre stuck at home due to the COVID-19 pandemic. These sessions can be a great way to stay in touch with friends and family, conduct business with colleagues, and keep up with schoolwork. Sometimes, though, you may want to save a recording of the meeting so you can revisit it later. That could let you listen to a teachers lecture again, use the audio for a podcast, or even relive the announcement of a family pregnancy (which is something that actually happened to me on a recent family video call).
Many services offer ways to record video meetings, even on their free versions. Weve outlined here how to set up recordings for three well-known services: Zoom, Google Meet, and Skype. 
Zoom
Zoom lets you record calls whether youre a free user or a paid user. However, if youre a free user, youll only be able to save recordings to your computer. If you want to save recordings to the cloud, youll need to be on one of the companys paid offerings. Those plans start at $14.99 per user per month for its Pro plan and $1,800 per year for schools. 
Heres how to record a Zoom meeting:
<ul><li>If youre the host of your Zoom call, click the record button on the toolbar at the bottom of the call window to start the recording. If youre on a paid plan, you should see the option to pick between making a local recording or a cloud recording.</li><li>When the recording starts, youll be able to pause or stop the recording using buttons in the top left corner of your screen or on the Zoom toolbar.</li><li>If you opted for a local recording, the call will be converted into a .mp4 file and saved to your computer as soon as you end your meeting. In my testing, Zoom automatically opened the Finder window to the folder with both audio and video versions of the recording.</li><li>If you opted for a cloud recording, when you end your meeting, Zoom will show you a message saying that youll get an email when the recording is ready. For me, that email had a link to Zooms website with audio and video versions of the recording, as well as a password-protected link I could share with others so they could view and download the recording.</li></ul>Zooms website has support documents for cloud recordings, local recordings, and recording using Zooms iOS and Android apps if you want to learn more. The company also put together a helpful video that demonstrates how to record a call when youre using a computer.
Google Meet
For a limited time, anybody who is a G Suite customer should be able to record a call via Google Meet. Thats because Google has opened up free access to recording and other advanced Meet features until September 30th. After that date, video recording in Meet will presumably revert to only being available for customers of G Suite Enterprise, which costs $25 per user per month, and G Suite Enterprise for Education, which costs $48 per user per year (though Google is offering lower promotional pricing until July 31st under certain circumstances). If you plan to host video meetings via the free version of Google Meet thats rolling out over the coming weeks, though, you wont be able to make recordings, Google tells The Verge.
Heres how to record a Google Meet call. Note that I was not able to personally test these steps myself; the recording feature wasnt enabled for the G Suite account I use at work (or for the account of a colleague who has a personal G Suite account). If you dont see the recording option after following the steps below, it may not have rolled out to your account yet, or your companys G Suite settings may not let you make recordings. 
<ul><li>Once youre in the meeting, click the icon with the three vertical dots in the lower right hand of your screen. A menu will appear, and on the top of it, you should see a Record meeting option. Click that to start recording. The meeting organizer or anyone in the same organization as the host can record a meeting, according to Google.</li><li>To stop recording, click the three vertical dots again and click the Stop recording menu option at the top of the list.</li><li>Recordings will be saved to the meeting organizers Google Drive in a folder called Meet Recordings. The organizer will also receive an email with a link to the recording. If you arent the meeting organizer but activated a recording, youll also be emailed a link to the recording. A link to the recording will also be added to the calendar invite. </li></ul>Google has additional details about meeting recordings in this support document, and you can see a video about recording in Meet here.
Skype
Heres how to record a Skype call. 
<ul><li>Youll need to have at least one other person on your call to do a call recording. Once the other person has joined, you should see an option to Start Recording in the bottom left corner of your call window when you move your mouse. Either person can click on that to start a recording. </li><li>To stop recording, click the Stop recording button at the top of the screen or in the same bottom left corner of the window where the Start Recording button was.</li><li>When you end your call, youll be able to access the recording in the Skype app and download it to your computer. Recordings will be available for 30 days.</li></ul>You can also check out Microsofts support document about call recording in Skype if you want to learn more."
10,"{'id': 'the-verge', 'name': 'The Verge'}",Aliya Chaudhry,Google resumes Chrome’s more privacy-friendly SameSite cookie update,"In February, Chrome began rolling out its SameSite update, which requires third-party cookies to be explicitly designated in order to work, but paused it in April in order to keep websites up and running in the midst of the COVID-19 pandemic. Now, Chrome has …",https://www.theverge.com/2020/5/28/21273293/google-chrome-samesite-cookie-third-party-update,https://cdn.vox-cdn.com/thumbor/0okCjYK5badYFNoavREmuNevGhs=/0x146:2040x1214/fit-in/1200x630/cdn.vox-cdn.com/uploads/chorus_asset/file/19709828/acastro_200207_3900_chrome_0001.0.jpg,2020-05-28T18:00:00Z,"The updates were rolled back in April in light of COVID-19
Illustration by Alex Castro / The Verge
Google announced on Thursday that it will bring its SameSite cookie update back starting July 14th, alongside the launch of Chrome 84. The update will roll out gradually to Chrome 80 and later versions.
When Chrome 80 launched in February, Google started rolling out its SameSite update, which is intended to change how cookies are handled by the browser. In April, Google announced it would be rolling back that update in order to keep essential websites working during the COVID-19 pandemic. 
The update will resume starting July 14th, alongside the launch of Chrome 84
Chrome used to accept cookies by default, but with the introduction of its SameSite labeling policy, Chrome will block cookies from functioning in a third-party context, unless they carry specific labels. This is part of Chromes phased approach to privacy: this is supposed to limit which cookies collect data across sites, and in turn, limit the data those websites collect on users. 
Blocking third-party cookies can cause some websites to break, particularly during the login process, since cookies store your login information across sites and visits. Prior to Google rolling back the update, several sites had been adjusted according to the SameSite policy. However, Google said it wanted to provide stability and continuity during the COVID-19 outbreak, especially for essential services, so it decided to temporarily halt the update with the aim to resume over the summer. 
Google is taking a gradual approach to blocking third-party cookies, since Google is worried that blocking cookies could break some websites. In contrast to Safari and Firefox, which block third-party cookies by default, Chrome has decided to phase them out within two years. Following this incremental plan, earlier this month Google announced Chrome would be blocking third-party cookies in incognito mode. The Chrome team is also working on a set of alternative technologies which are intended to preserve website revenue and allow advertisers to target audiences but without breaking logins to sites or being too invasive for consumers."
11,"{'id': 'the-verge', 'name': 'The Verge'}",Justine Calma,How spending more time at home might affect your health,"The Verge spoke with author Emily Anthes about the costs and benefits that might come with new habits during the COVID-19 pandemic, like cooking and taking care of indoor plants, and what we can do to foster a healthy environment at home.",https://www.theverge.com/21325753/spending-time-at-home-health-effects-pandemic-great-indoors,https://cdn.vox-cdn.com/thumbor/v4szUS1qo1vgQN0vSNhddi1dLwQ=/0x412:5760x3428/fit-in/1200x630/cdn.vox-cdn.com/uploads/chorus_asset/file/19138512/Use_Indoors.jpg,2020-07-15T17:16:33Z,"Author Emily Anthes thinks of homes as ecosystems
In North America and Europe, people usually spend about 90 percent of their time indoors. All that time inside affects our health and happiness, but how? 
Journalist Emily Anthes, author of the new book The Great Indoorstries to answer that question. Its a fascinating read especially at a time when the ongoing pandemic has changed how we spend our time inside. With restaurant dining off the table in many regions with coronavirus-induced lockdowns, people are spending more time cooking and baking at home. Others found themselves growing herb gardens in their kitchens to avoid long lines at grocery stores. The Verge spoke with Anthes about the costs and benefits that might come with some of our new indoor habits, and what we can do to foster a healthy environment at home. 
This interview has been edited for length and clarity.
I really started thinking of our homes as ecosystems.
What got you interested in the ways that indoor spaces affect people?
The spark for the book really came from seeing a lot of studies on what scientists are starting to call the indoor microbiome. What struck me was how diverse and expansive their findings were. They were finding hundreds of thousands of species of bacteria and tens of thousands of species of fungi in homes across America. And so, I really started thinking of our homes as ecosystems.
Most of these creatures or critters or organisms that are in our homes are totally benign. In fact, a lot of them actually come from us. Theres also evidence to suggest that being exposed to a wide range and a rich assortment of microbes, especially early in life, when were kids seems to have a protective effect. It makes us less likely to develop asthma and autoimmune disease later in life. 
So how can I maintain a healthier home microbiome, while reconciling that with the fear of germs Ive developed because of COVID-19?
Thats very much a matter of debate. People are talking about things like home probiotics, and there are actually companies that already sell what they claim are probiotic sprays. And thats almost certainly premature. Partly because we still dont have a good sense of what a healthy home microbiome looks like. Its likely to be complex, not just one magic microbe you can spray around your home. 
When it comes to the coronavirus, I understand its a balance
But there are some good rules of thumb. Moisture is the enemy in general. You might have a lot of dormant fungal spores around your home and theyre typically harmless. But if they get wet, they can grow into mold, which can trigger allergies and other problems. So keep your home dry, keep it well ventilated, make sure not to use antimicrobial products. [Anthes writes in her book that, Bacteria adapt to these chemicals at lightning speed, and using them in our homes could help drive the emergence of new superbugs Moreover, coating the inside of our homes with antimicrobial compounds can wipe out the good microbes along with the bad.] 
When it comes to the coronavirus, I understand its a balance and we want to not have these pathogens in our homes. But it turns out that just soap and water does a really good job of getting rid of it. I would definitely recommend people stick to things like that rather than wipes that are advertised as being antibacterial. 
How might our built environments affect our health if were spending more time at home during the pandemic?
Indoor environments are now the main source of our exposure to air pollution.
One thing that Ive been looking into a little bit is indoor air quality. We know that increasing ventilation and making sure we have fresh air is a really important way to reduce transmission of the disease in indoor spaces. But its also important from the perspective of indoor air pollutants. Thanks to federal regulations, our outdoor air quality has gotten a lot better over recent decades. But indoor air quality remains largely unregulated. So for most of us, certainly here in the US, our indoor environments are now the main source of our exposure to air pollution. 
Spending more time at home does a couple of things. One, it potentially increases the time were spending surrounded by these pollutants. But theres also some data thats emerging to suggest that the air quality in our homes might actually be getting worse as we spend more time at home. Thats partly because two of the main causes of indoor air pollution are cooking and cleaning. Theres anecdotal evidence to say that were doing a lot more of that during the pandemic. 
So, how can we make our homes better for our well-being as we spend more time there during the pandemic? 
The list of benefits is almost endless.
A lot of people have been asking me this lately and my number one go-to recommendation is nature or plants. Theres overwhelming evidence that exposure to greenery and natural landscapes has all these benefits for us from reducing stress, anxiety, pain, boosting mood. The list of benefits is almost endless. And thats something Ive done in my own home. Ive brought a lot more house plants in. But the interesting thing about it is, if youre not really a gardener or youre worried about keeping plants alive, or maybe you dont have a lot of light, it doesnt have to be real plants. Theres evidence to suggest that even photos of nature or even nature sounds can have some of the same stress-relieving effects, and presumably fake plants as well. 
Theres a lot of evidence for the benefits of daylight, which also boosts mood. It keeps us alert during the day when were working. Exposure to lots of daylight during the day helps us sleep better at night. So, a real easy thing to do is make sure you open your curtains when you get up in the morning or raise your blinds. Those are two things that really have a lot of solid research behind them.
As an environmental reporter, Im often exploring how outdoor environments might affect health outcomes or create disparities. How might the way indoor spaces are designed lead to any disparities? 
Its something Ive been thinking about a lot in terms of the pandemic. We see places where the biggest super-spreading events or outbreaks are happening in places like prisons, meatpacking plants, dorms for migrant workers, nursing homes. These are all environments that tend to be home to vulnerable and marginalized people. And I dont think thats an accident that weve created these dense, poorly ventilated spaces that are not great for the spread of infectious disease for people that society tends to shunt aside. 
Obviously, the pandemic is devastating. And if I could snap my fingers and make it go away, I would. But its really made people more aware and conscious of their indoor environments. So I think there is an opening now to think through what kinds of spaces we want to create. Theres an opening and a chance to sort of do a better job of it. Thats something Ill be watching for in the months and years to come."
12,"{'id': 'the-verge', 'name': 'The Verge'}",Sean O'Kane,Byton suspending operations for six months due to financial trouble,"Chinese EV startup Byton, known for its electric SUV with a giant dashboard-spanning screen, is halting operations for six months after the COVID-19 pandemic has made its dire financial situation even worse. The startup had already furloughed hundreds of work…",https://www.theverge.com/2020/6/30/21308389/byton-chinese-ev-startup-operations-suspended-furloughs,https://cdn.vox-cdn.com/thumbor/rEIzv6TihOVax07SWtlIrAyJUGQ=/0x321:2500x1630/fit-in/1200x630/cdn.vox-cdn.com/uploads/chorus_asset/file/10006349/ces_2018_byton_concept_suv_3362.jpg,2020-06-30T19:23:12Z,"The futuristic Chinese EV startup is in dire straits
Chinese EV startup Byton is halting operations for at least six months due to financial problems that have been exacerbated by the COVID-19 pandemic, the company has confirmed to The Verge, following reports from The Detroit Bureau and local media. This comes after employees in China have complained they are collectively owed millions of dollars while the company struggled to complete a $500 million funding round. 
Byton already furloughed hundreds of workers at its North American headquarters in Silicon Valley in April and all but admitted that its first vehicle an all-electric SUV with a massive dashboard screen called the M-Byte would be delayed again due to the impact of the pandemic. This is all despite Byton being backed by Chinas oldest state-owned automaker, First Auto Works (FAW), and having already completed a new factory in Nanjing, China, last year. 
The COVID-19 [pandemic] has posed great challenges to BYTONs funding and business.
Like everywhere, the COVID-19 [pandemic] has posed great challenges to BYTONs funding and business operations, Byton spokesperson Dave Buchko said in a statement to The Verge. As a result, he said, the companys management and its board of directors decided to implement the six-month suspension. Most of the companys employees in China will be furloughed, with only a small group of the team will be retained to stand by for possible business needs. 
Have information about Byton? Email the author at sean.okane@theverge.com, or use SecureDrop or Signal to securely send messages and files to The Verge without revealing your identity.
Byton was founded in 2016 with backing from Chinese internet giant Tencent and Taiwanese manufacturing conglomerate Foxconn by former BMW executives Carsten Breitfeld (who led the i8 program) and Daniel Kirchert. Byton announced the concept version of the M-Byte at the 2018 Consumer Electronics Show, and shortly after, it revealed that FAW was investing in and partnering with the startup. 
The FAW deal was initially seen as a vote of confidence in what Breitfeld and Kirchert were building, especially since so many other EV startups at the time were struggling for funding and desperate to partner with big OEMs. But it eventually became a source of tension for Breitfeld, who left the startup in early 2019. Last September, as The Verge first reported, Breitfeld said that the Chinese government via FAW pushed the direction of Byton [to a place that was] not in line with what I thought we should do.
Breitfeld said at the time that Byton had used the Nanjing factory and other assets as collateral for the money that FAW invested and that he felt the state-owned automaker was going to drive it to a stage where the whole Byton thing will be shut down, they will just keep the plant and the [electric vehicle] platform. 
Byton sued co-founder Carsten Breitfeld late last year claiming he stole trade secrets
Breitfelds exit is, in fact, now part of a new legal dispute between the startup and its co-founder. In August 2019, Byton filed a previously unreported lawsuit against the Breitfeld accusing him of stealing and using the startups trade secrets at Iconiq, a separate Chinese EV startup that he worked following his split with Byton (and before he became CEO of Faraday Future). Byton claims Breitfeld announced his new position with Iconiq at the Shanghai Auto Show in April 2019, despite not resigning from Byton until the following month. 
The also startup alleges that Breitfeld wrongfully poached employees on his way out, that they were using and relying on Bytons confidential and trade-secret information to allow Iconiq to compete directly with Byton, and that many of the depictions and descriptions of lconiqs vehicles are remarkably similar to Bytons vehicles. 
Breitfeld has disputed much of this in court filings and contends that Bytons board of directors removed him as CEO in January 2019 before ultimately terminating him in April of that year. Breitfeld also alleges that Byton only filed the lawsuit to preempt any legal action he might take to receive the millions of dollars of compensation he believes he is contractually owed. That includes the remainder of his annual net salary from 2019, plus deferred compensation benefits, pension insurance, German pension, annual leave, home trip expenses, plus the value of tax advice, housing, cars, driver, school fees for his children, [and] guaranteed salary for his wife, which were all provided by Byton. Breitfeld also believes Byton should repurchase of all of his equity interest in the company."
13,"{'id': 'the-verge', 'name': 'The Verge'}",Sam Byford,"Uber offers to buy out Postmates, says NYT","Uber has made an offer to buy food delivery company Postmates, according to a report in The New York Times. Any such deal would represent further consolidation in the food delivery industry, which is dealing with a sharp increase in demand during the COVID-19…",https://www.theverge.com/2020/6/29/21307833/uber-postmates-acquisition-offer-report,https://cdn.vox-cdn.com/thumbor/P5jUJ4qXG1YfY6VYb7kRKOyV424=/0x535:5906x3627/fit-in/1200x630/cdn.vox-cdn.com/uploads/chorus_asset/file/20059632/1253132505.jpg.jpg,2020-06-30T02:15:36Z,"Photo by Horacio Villalobos#Corbis/Corbis via Getty Images

 Uber has made an offer to buy food delivery company Postmates, according to a report in The New York Times. The report doesn’t say how big the deal would be, but it could be finalized as soon as tonight; discussions are said to be ongoing.
Demand for Uber’s ride-hailing business has plummeted during the coronavirus pandemic as people stay at home, but the same circumstances have driven a huge increase in food delivery orders. Uber has been looking for ways to boost its food service, Uber Eats, after laying off more than a quarter of the company’s overall workforce.
Uber attempted to buy GrubHub earlier this year, but the deal fell apart amid reported antitrust scrutiny and GrubHub ended up going to European service Just Eat Takeaway for $7.3 billion. Postmates would likely be a smaller deal; it’s a private company and its last valuation was $2.4 billion. The company has already been in talks to sell itself to suitors including DoorDash and GrubHub, according to the Times.
The Verge has contacted Uber regarding the potential deal."
14,"{'id': 'the-verge', 'name': 'The Verge'}",Jay Peters,EVO 2020 will be an online-only event due to the pandemic,"This year’s Evolution Championship Series (EVO), a major annual fighting game tournament, will be held as an online event this summer due to the COVID-19 pandemic. It’s unclear if the online-only event will have the same previously scheduled lineup.",https://www.theverge.com/2020/5/1/21244580/evo-2020-fighting-game-tournament-online-only-covid-19-coronavirus-pandemic,https://cdn.vox-cdn.com/thumbor/0RcE4YzcQ2D-bx40aoNCSCanU94=/0x147:2048x1219/fit-in/1200x630/cdn.vox-cdn.com/uploads/chorus_asset/file/19938493/EBLrHwDUIAEXVoe.jpeg,2020-05-01T20:37:30Z,"Image: EVO

 The annual Evolution Championship Series (EVO) fighting game tournament will be held as an online event this summer due to the COVID-19 pandemic, the event’s organizers announced today. EVO had been scheduled to take place from July 31st to August 2nd at Mandalay Bay in Las Vegas. All tickets and hotel reservations will be refunded automatically. 
This year’s EVO lineup was scheduled to include Street Fighter 5: Champion Edition, Super Smash Bros. Ultimate, Dragon Ball FighterZ, an invitational tournament for the Dreamcast hit Marvel vs. Capcom 2, and more, but it’s not clear if this online-only summer event will have the same lineup. 


A message from the Evo team... pic.twitter.com/ANXUXDiNGK
— EVO (@EVO) May 1, 2020





Other major gaming events, including E3, the Game Developers Conference, and Gamescom, have shifted to online-only events this year because of the pandemic. Many major tech events, including Apple’s Worldwide Developers Conference and Microsoft’s Build developer event, are also being held online."
15,"{'id': 'the-verge', 'name': 'The Verge'}",Loren Grush,"NASA delays the launch of its next powerful space observatory, the James Webb, by seven months","NASA has once again delayed the launch of its new powerful space observatory, the James Webb Space Telescope, mostly due to disruptions stemming from the COVID-19 pandemic. Most recently slated to fly in March of 2021, the massive telescope is now scheduled t…",https://www.theverge.com/2020/7/16/21327601/nasa-james-webb-space-telescope-launch-delay-october-31-2021,https://cdn.vox-cdn.com/thumbor/htGDhSqOgsiOYNHZQyqwqNm46Wo=/0x935:8272x5266/fit-in/1200x630/cdn.vox-cdn.com/uploads/chorus_asset/file/20088261/b1679770.jpg,2020-07-16T23:07:25Z,"The COVID-19 pandemic played a substantial role
NASA has once again delayed the launch of its new powerful space observatory, the James Webb Space Telescope, mostly due to disruptions stemming from the COVID-19 pandemic. Most recently slated to fly in March of 2021, the massive telescope is now scheduled to launch on October 31st, 2021.
The Government Accountability Office, or GAO, had already predicted this delay. NASA came up with the new date after doing an extensive review to see if the March 2021 timing was actually possible. The agency attributes about three months of the delay to social distancing and other precautions that had to be put in place to keep people safe from the coronavirus. Much of the impact, of course, comes from people not being at work, right? Thomas Zurbuchen, the associate administrator of the Science Mission Directorate at NASA, said during a press conference. Not touching the hardware or from having a reduced number of people available to do shifts. 
coronavirus isnt solely to blame
However, coronavirus isnt solely to blame. Two additional months were added to the schedule thanks to technical challenges experienced by the primary contractor, Northrop Grumman, as it pieced the telescope together and conducted testing. Northrop Grumman has already dealt with numerous technical problems during the development of the spacecraft, such as washers and screws coming loose during tests as well as accidental tears in the vehicles thin sunshield, which is designed to protect the observatory from the intense heat of the Sun. NASA then added an extra two months as schedule margin, in case other unknown problems crop up between now and launch.
The James Webb Space Telescope, or JWST, has been plagued with delays throughout its entire history. The observatory, first conceived in the 1990s, was projected to cost between $1 billion and $3.5 billion, with a launch date somewhere between 2007 and 2011, according to the Government Accountability Office. Ever since then, the cost of the project has ballooned and the launch date has been repeatedly delayed. 
In 2011, Congress replanned the entire project, creating a cap of $8 billion on the telescopes development, with a launch in 2018. But in 2018, NASA delayed the project yet again, stating that $8.8 billion was needed for the development, and that the entirety of the mission would cost $9.66 billion, including the cost of operating the telescope in space. That year, NASA set the March 2021 launch date.
NASA does not expect to exceed that budget any further, even with the new delay. Based on current projections, the program expects to complete the remaining work within the new schedule, without requiring additional funds, Gregory Robinson, the program director for James Webb, said during a press call, where we use existing program funding to stay within this $8.8 billion development cost cap.
Were not expecting to go beyond October 31st.
NASA says it has already spoken with Arianespace, the company that will launch JWST, about the delay. The company claims that the rockets intended ride, the Ariane 5, will be ready to take the vehicle to space next Halloween. NASA is also standing firm by the October 31st date. Were not expecting to go beyond October 31st, Robinson said. We have high confidence in that.
The James Webb Space Telescope is destined to be the most powerful space observatory ever built when its launched, capable of peering back in time to when the Universe first came into being 13.8 billion years ago. The telescope sports a massive gold-plated mirror, measuring 21 feet, or 6.5 meters, across, that will gather light from the distant reaches of the cosmos."
16,"{'id': 'the-verge', 'name': 'The Verge'}",Megan Farokhmanesh,Game developers are struggling to stay productive during the pandemic,"As the pandemic continues to keep people inside, some jobs have shifted from office culture to working from home. Although GDC’s survey shows that developer jobs have been largely unaffected by COVID thus far — 8 percent reported job loss due to the pandemic …",https://www.theverge.com/21325659/game-developers-survey-coronavirus-gdc,https://cdn.vox-cdn.com/thumbor/UeOGJhDXGAsxMFn4sehwMnaeUOY=/0x146:2040x1214/fit-in/1200x630/cdn.vox-cdn.com/uploads/chorus_asset/file/20086007/acastro_200715_3977_GameDevsWFH_0002.jpg,2020-07-16T16:00:00Z,"The general atmosphere of anxiety is impossible to ignore completely
As the pandemic continues to keep people inside, some jobs have shifted from office culture to working from home. For developers adjusting to this new reality, many say theyre struggling to stay focused and productive under the new conditions, according to a new survey published by GDC. The results, released today, include almost 2,500 developers. 
Of those who responded to the survey, 70 percent say theyve switched to working from home. Workers cited specific problems around child care, communication, distractions, as well as general anxiety over larger troubles. The biggest overall team challenge has been managing ambient stress, wrote one respondent. Everyone has been affected by the pandemic in some way, even if not directly, and the general atmosphere of anxiety is impossible to ignore completely. 
Shortly after the beginning of quarantine for many US-based employees, developers who spoke with The Vergecited similar problems. While some, like developers at Bungie, quickly pivoted to setting up infrastructure for their employees to adjust to home, others struggled to generally focus. 
Although GDCs survey shows that developer jobs have been largely unaffected by COVID thus far 8 percent reported job loss due to the pandemic its harder to account for the impact on mental health. While 32 percent reported that they felt productivity had decreased at home, developers also report their creativity has somewhat decreased (28 percent) or greatly decreased (7 percent). However, that doesnt necessarily point to troubles with home itself. As one respondent put it, The overall situation (financial troubles at company level, additional meetings and overhead, anxiety going to the grocery store) is probably more to blame than staying at my home is.
anxiety going to the grocery store is probably more to blame than staying at my home is
Business appears to be have been meaningfully affected, surveyors say, with some seeing upticks in earnings even as others suffer significant business downturns. Thirty-seven percent of respondents reported overall business is about the same, while another 24 percent said somewhat increased. On either end of the spectrum, 7 percent said their business has greatly increased, while another 8 percent say its greatly decreased. Roughly 33 percent of developers, or 1 in 3, say theyve had a game delayed. 
The game industry, notorious for crunch, may still need to grapple with how employees find work-life balance under these new conditions. Many developers (39 percent in total) say that theyre working longer hours than pre-pandemic. Its harder to establish limits when working from home, one wrote. You feel youre at home so its okay to do 2, 3, 4+ extra hours. The company also encourages (unpaid) crunch.
As for what the future holds, more than half of developers (64 percent) say that their companies have adopted new practices and processes that will continue once lockdown ends. For some, that means more freedom to work from home. We had to make some changes on our daily tasks to compensate not being at our office working physically together, but those have proven to increase our efficiency and productivity, wrote one developer. Lately we have even talked about embracing the home office configuration even after the pandemic."
17,"{'id': 'cnn', 'name': 'CNN'}","Karen J. Foli, The Conversation",Nurses are struggling with trauma. But they were suffering long before Covid-19 hit,"Throughout the Covid-19 pandemic, nurses have been given unprecedented media attention for their daily, selfless sacrifices. Make no mistake: Covid-19 patients recover largely because of the nursing services they receive. Yet, hidden within the layers of care…",https://www.cnn.com/2020/07/09/health/psychological-trauma-nurses-coronavirus-wellness-partner/index.html,https://cdn.cnn.com/cnnnext/dam/assets/200708151318-01-psychological-trauma-nurses-coronavirus-wellness-restricted-super-tease.jpg,2020-07-09T07:11:50Z,"The views expressed in this commentary are solely those of the writers. CNN is showcasing the work of The Conversation, a collaboration between journalists and academics to provide news analysis and commentary. The content is produced solely by The Conversation.
 (The Conversation)Throughout the Covid-19 pandemic, nurses have been given unprecedented media attention for their daily, selfless sacrifices. Make no mistake: Covid-19 patients recover largely because of the nursing services they receive. Yet, hidden within the layers of care rendered by nurses are the psychological traumas they endure.
Now, as nurses are hailed as health care heroes during the pandemic, we're faced with what to do about these psychological injuries, not only for the 4 million nurses in the US the largest health care workforce in America but for the rest of us who depend on them.
For the past five years, I've examined the types of psychological trauma that nurses experience. Along with Dr. John Thompson, my co-author, I've described them in our 2019 book, prophetic as it was published six months before Covid-19 first appeared in China.
Prior to the pandemic, nurses faced ethical and personal safety dilemmas during disasters and other emergencies. They saw patients suffer, not only from illness itself, but because of health care interventions, otherwise known as medically induced trauma (think of a patient on a ventilator).
In a follow-up study after the book was published, I dug deeper, collected information from nurses, and learned of yet another type of psychological injury: insufficient resource trauma. This occurs when nurses don't have the staff, supplies, knowledge or access to other professionals to fulfill ethical or professional responsibilities. The pandemic has been a dark catalyst to seeing this urgent concern. In a survey of 32,000 nurses just completed by the American Nurses Association, 68% of nurses said they are worried about being short-staffed and 87% are very or somewhat afraid to go to work.
Demands for resources largely ignored for decades
A particularly big part of insufficient resource trauma comes from inadequate nurse staffing levels, which may lead to bad outcomes for both nurses and patients. The evidence for these outcomes, both compelling and consistent worldwide, is based on more than two decades of research. Having to forego what you know is right when there's just not enough staffing in a high-stakes environment feels like a betrayal of one's spirit. A nurse's sense of morality, of what is right and wrong, is endangered.
More recently, there has been a shortage of PPE (personal protective equipment) throughout US hospitals. But I know nurses who were told by employers to take care of Covid-19 patients regardless of whether or not adequate PPE was available. Clearly this was a danger to both nurses and patients; surely this qualifies as a traumatizing experience.
Other nurses some new, some working previously in non-acute care have been deployed to critical care units. Understanding the technology of these complex environments requires a steep learning curve. The knowledge, then, to competently care for these patients may be considered an insufficient resource.
The toll on patients and nurses
Nurses, more than anything, strive to deliver high-quality care and connect with patients during their most vulnerable times. But often there isn't the time. The inability to achieve that goal causes stress. Imagine being forced to choose between giving morning meds and sitting down with a patient newly diagnosed with cancer or spending time with the family of a patient with Covid-19. Choices like that leave nurses focused on tasks and morally injured.
In my pre-pandemic study, traumatized nurses report symptoms of PTSD (post-traumatic stress disorder): intrusive thoughts, sleep disturbances, hypervigilance, ""brain fog"" and flashbacks. They felt unsafe, isolated and dissatisfied with the profession. As nurses, they felt like failures. One former bedside nurse quit, opting instead for office work, where her ""level of trauma and stress is virtually nonexistent.""
Some traumas may be unavoidable. That happens when the nurse fully engages with the patient and co-experiences suffering. This is called secondary or vicarious trauma. That's why we need to offer trauma-informed care to both nurse and patient. Meaningful connections with others is critical, but so is psychological safety.
The pandemic has focused our attention on the mental health needs of health care providers. Nursing organizations have responded, and these efforts are to be applauded. But until we appreciate the sovereignty of nurses, who practice in a way no other health provider does, solutions to avoid trauma will be stalled. And nurses will continue to struggle.
While I haven't been at the bedside for a number of years, I still remember how it felt to report to the acute care center at the hospital, hoping no one had called in sick. When that happened, I was assigned an extra patient or two. I knew I couldn't give the care I wanted to the paraplegic young man. I knew I couldn't spend more time communicating with the older adult who had a sudden right-sided stroke. I couldn't give them the things so important to healing -- the physical care, the nursing presence and the compassion they needed and deserved.
Those experiences stay with you. It's a heck of a feeling.
Nursing care is both an art and a science; it is a distinct profession that wields enormous influence on those who need the most help. They do not merely follow instructions from other providers. It's a beautiful profession, unlike any other, founded on intellect, judgment and a caring spirit. It pushes a person to examine values such as social justice and the ethics of life, and it becomes a part of who a nurse is.
Until all of us see nursing this way and until organizations provide sufficient resources to prevent avoidable trauma, which will allow nurses to provide safe, quality care nurses will continue to suffer. More will choose to leave the profession. Particularly now, that's a loss society can't afford.
Karen J. Foli is an associate professor at the School of Nursing, Purdue University. Disclosure: Foli received funding for her research from the National Council of State Boards of Nursing: Center for Regulatory Excellence. She receives royalties from her book, ""The Influence of Psychological Trauma in Nursing.""
Republished under a Creative Commons license from The Conversation."
18,"{'id': 'cnn', 'name': 'CNN'}",,Brazil's president traveling despite complaining of 'mold' in his lungs,"Brazil's President Jair Bolsonaro said in his first Facebook live video since recovering from Covid-19 that he felt weak and might have ""mold in the lung."" His wife, Michelle Bolsonaro, has also tested positive for Covid-19, according to a statement from the …",https://www.cnn.com/videos/world/2020/07/31/brazil-jair-michelle-bolsonaro-traveling-coronavirus-infection-lungs-npw-tsr-intl-vpx.cnn,https://cdn.cnn.com/cnnnext/dam/assets/200731090728-01-jair-and-michelle-bolsonaro-0729-super-tease.jpg,2020-07-31T22:25:06Z,Chat with us in Facebook Messenger. Find out what's happening in the world as it unfolds.
19,"{'id': 'cnn', 'name': 'CNN'}",Jovan Byford,6 tips on how to engage anti-vaxxers,"With prospects of a Covid-19 vaccine looking up, attention is also turning to the problem of anti-vax ideas. According to a recent survey, one in six Britons would refuse a Covid-19 vaccine when it becomes available. Although vaccine hesitancy is a complex pr…",https://www.cnn.com/2020/08/04/health/conspiracy-theories-covid-19-response-tips-wellness-partner/index.html,https://cdn.cnn.com/cnnnext/dam/assets/200729142056-01-conspiracy-theorists-rules-of-engagement-wellness-partner-restricted-super-tease.jpg,2020-08-04T07:22:56Z,"The views expressed in this commentary are solely those of the writers. CNN is showcasing the work of The Conversation, a collaboration between journalists and academics to provide news analysis and commentary. The content is produced solely by The Conversation.
 (The Conversation)With prospects of a Covid-19 vaccine looking up, attention is also turning to the problem of anti-vax ideas. According to a recent survey, one in six Britons would refuse a Covid-19 vaccine when it becomes available. Although vaccine hesitancy is a complex problem with multiple causes, the number of conspiracy theories circulating about the coronavirus do not help.
The fight against Covid-19-related conspiracy theories will be fought on multiple fronts. It requires a broad public health campaign and for social media companies to control the spread of disinformation. But all of us can play a part in this effort. Most people will know someone who has succumbed to conspiracy theories about the current crisis.
I have been researching conspiracy theories for over two decades and have spoken to many believers. Here are the six rules I use for talking to conspiracy theorists in the effort to change their mind.
1. Acknowledge scale of the task
Talking to people who endorse conspiracy theories is inherently difficult. Simply laying out evidence or pointing out logical contradictions in the conspiracist argument is seldom enough. Conspiracy theories are, by definition, irrefutable.
Lack of evidence of a conspiracy, or positive proof against its existence, is taken by believers as evidence of the craftiness of those behind the plot, and their ability to dupe the public. So arm yourself with patience, and be prepared to fail. 
2. Recognize the emotional dimension
Conspiracy theories seduce not so much through the power of argument, but through the intensity of the passions that they stir. Underpinning conspiracy theories are feelings of resentment, indignation and disenchantment about the world. They are stories about good and evil, as much as about what is true.
This gives conspiracy theories a strong emotional dimension. Tempers can flare and conversations turn into a shouting match. It is important to prevent this from happening. Be prepared to de-escalate the situation and keep the dialogue going, without necessarily giving ground.
3. Find out what they actually believe
Before trying to persuade someone, find out the nature and content of his beliefs. When it comes to conspiracy theories, the world is not divided into ""believers"" and ""skeptics"" -- there's a lot in between.
A minority of committed believers treat conspiracy theories as the literal truth and are particularly resistant to persuasion. Many others might not see themselves as ""believers,"" but are willing to accept that conspiracy theorists might be onto something and are at least asking the right questions. Establishing the precise nature, and extent, of someone's belief, will enable you to better tailor your response.
Also, try and find out what specific conspiracy theory they endorse. Is it 5G or Bill Gates that they think is behind coronavirus? Or both? What videos or websites have they looked at? Once you find out, gather as much disconfirming evidence as you can from credible sources, including multiple independent fact-checking websites.
Background research will help you to focus the discussion on the substance of the claims. Never question someone's intelligence or moral sense, as this is the quickest way to end a conversation.
4. Establish common ground
One of the main problems with conspiracy theories is that they are not confined to tinfoil-hat-wearing kooks or political extremists. In times of crisis and uncertainty, they can contaminate the worldview of otherwise reasonable people.
Conspiracy theories make reality seem less chaotic, and tap into broader, often well-grounded concerns about the world such as the concentration of financial and political power, mass surveillance, inequality or lack of political transparency. So when talking about conspiracy theories, start by acknowledging these broader concerns and restrict your discussion to whether conspiracy theories can provide an adequate or meaningful answer.
Many people come to conspiracy theories through genuine, albeit misguided, curiosity about how to make sense of the world. They sometimes see themselves as healthy skeptics and self-taught researchers into complex issues. Avoid criticising or mocking this. Instead, present it as something that, in principle, you value and share. Your aim, after all, is not to make them less curious or skeptical, but to change what they are curious about, or skeptical of.
Conspiracy theories often sound convincing because they start with the detailed exposition of credible scientific or historical facts. The problem is that these facts and arguments lead to extraordinary conclusions.
The kernels of truth on which conspiracy theories are based are a solid starting point for a discussion. Agreement on at least some of the facts will allow you to focus on the leap of imagination that allows two and two to make five.
5. Challenge the facts, value their argument
Debunking conspiracy theories requires a two-pronged approach. The first involves challenging evidence and its origins. Address specific claims and discuss what constitutes a credible source. Offer to look at the evidence together, including on fact-checking websites.
If you are talking to a staunch believer, he probably won't even engage with you on this. But if he has not yet fallen down the rabbit hole, he might, and this may lead him to start questioning his views.
The second approach involves challenging the relevance and value of the conspiracist case more generally. You may want to point out that throughout history, conspiracy theories have come up short.
For instance, the longstanding claims by AIDS denialists that antiretroviral drugs are more harmful than HIV were not only disproven, but they contributed to hundreds of thousands of deaths in sub-Saharan Africa. More recent and similarly baseless theories about the polio vaccine causing sterility directly led to the disease resurging in Nigeria, Pakistan and Afganistan.
Covid-19-related claims are in the same genre. Setting these conspiracy theories in their historical context can demonstrate that they offer nothing new, and don't ask the right questions about the pandemic and its causes. This just might encourage the person to direct their curiosity and skepticism to more worthwhile concerns.
There is, of course, no guarantee that this advice will be effective. There are no incontestable arguments or fail-proof strategies that will always convert a conspiracy theorist to skepticism. Therefore, set realistic expectations. The aim of talking to conspiracy theorists is not to convert them, but to sow doubt about an argument, and hopefully enable them to gradually build up resistance to its seductive appeal.
Jovan Byford is a senior lecturer in psychology at The Open University. Disclosure: Byford does not work for, consult, own shares in or receive funding from any company or organization that would benefit from this article, and has disclosed no relevant affiliations beyond his academic appointment.
Republished under a Creative Commons license from The Conversation."
