,source,author,title,description,url,urlToImage,publishedAt,content
0,"{'id': 'the-verge', 'name': 'The Verge'}",Cameron Faulkner,IFA 2020 will take place in an ‘innovative new’ form instead of the normal conference due to COVID-19,"IFA announced that it cannot host the 2020 conference in Berlin due to regulations that prevent events with over 5,000 people in attendance. It is planning an ‘innovative new concept’ to replace the in-person conference.",https://www.theverge.com/2020/4/21/21230177/ifa-2020-coronavirus-berlin-germany-covid-19-pandemic,https://cdn.vox-cdn.com/thumbor/JQ27MF_6KY8eo350naj4kbRs15c=/0x659:3987x2746/fit-in/1200x630/cdn.vox-cdn.com/uploads/chorus_asset/file/12617503/ifa_vladsavov.jpg,2020-04-21T21:30:30Z,"The Berlin event usually takes place in September
Photo by Vlad Savov / The Verge
IFA announced on Twitter that its upcoming 2020 conference will be affected by the ongoing coronavirus pandemic, but its not canceling the show. The Berlin government has banned events with more than 5,000 participants from taking place until October 24th, 2020 well past the conferences usual timing in September. Instead, the conference organizers say that IFA 2020 will carry on with an innovative new concept. It didnt share more concrete language to express how it expects to do this, though its hard to imagine it means anything other than some sort of live stream.
#IFA20: Set for an innovative concept designed for unprecedented times.
IFA Berlin is set to go ahead in 2020, but with an innovative new concept, following the decision by the Berlin government to ban all events with more than 5,000 participants until 24 October 2020. 1/6 pic.twitter.com/MLDvamLXzf
 IFA Berlin (@IFA_Berlin) April 21, 2020
Hans-Joachim Kamp, the chairman on the supervisory board of the company that organizes IFA, says in one of the tweets that the regulation preventing large events like IFA from being held have helped it, and the many exhibitors who might have been planning a presence at IFA 2020, to start making plans for what will replace the in-person event.
IFA 2020 is by no means the only tech industry event affected by the novel coronavirus. Several in-person conferences have been completely canceled, including Google I/O 2020, MWC 2020, SXSW 2020, Facebook F8, and GDC 2020. Others have pledged to host virtual events, like Oculus Connect, E3 2020, Apples WWDC 2020, Microsofts Build 2020, Gamescom, and more. 
View all 397 stories"
1,"{'id': 'cnn', 'name': 'CNN'}",,They've survived war and disease. Now they face Covid-19.,"Families living within Syria's Idlib Province have faced death on multiple fronts, and now they face a new threat in Covid-19. CNN's Arwa Damon reports the war-ravaged camp is powerless to stop a ""coronavirus tsunami.""",https://www.cnn.com/videos/world/2020/03/26/idlib-population-vulnerable-coronavirus-syria-damon-pkg-vpx.cnn,https://cdn.cnn.com/cnnnext/dam/assets/200326054646-idlib-population-vulnerable-coronavirus-syria-damon-pkg-vpx-00003021-super-tease.jpg,2020-03-26T09:57:22Z,Chat with us in Facebook Messenger. Find out what's happening in the world as it unfolds.
2,"{'id': 'cnn', 'name': 'CNN'}",,3-D video shows Covid-19 attack patient's lungs,CT imaging from George Washington University Hospital shows the effects of Covid-19 on the lungs of a 59-year old man.,https://www.cnn.com/videos/us/2020/03/26/3d-video-shows-covid-19-attack-lungs.cnn,https://cdn.cnn.com/cnnnext/dam/assets/200325000535-covid-19-lung-damage-video-super-tease.jpg,2020-03-26T21:01:44Z,Chat with us in Facebook Messenger. Find out what's happening in the world as it unfolds.
3,"{'id': 'cnn', 'name': 'CNN'}",,Some world leaders ignore officials' warnings about Covid-19,"As governments around the world take drastic measures to curb the spread of the coronavirus, the leaders of Brazil, Belarus and Nicaragua are ignoring health officials' warnings. CNN's Matt Rivers has more.",https://www.cnn.com/videos/world/2020/04/11/downplaying-coronavirus-presidents-matt-rivers-pkg-vpx.cnn,https://cdn.cnn.com/cnnnext/dam/assets/200401103545-jair-bolsonaro-super-tease.jpg,2020-04-11T17:24:00Z,Chat with us in Facebook Messenger. Find out what's happening in the world as it unfolds.
4,"{'id': 'cnn', 'name': 'CNN'}",,Why Greece is coping with Covid-19 better than Italy,"Several European countries have been badly hit by the novel coronavirus pandemic, but Greece took action early on and it seems to be working. CNN's Lynda Kinkade reports.",https://www.cnn.com/videos/world/2020/04/13/greece-coronavirus-covid-19-lockdown-restrictions-lessons-kinkade-pkg-intl-ldn-vpx.cnn,https://cdn.cnn.com/cnnnext/dam/assets/200413122424-greece-coronavirus-covid-19-lockdown-restrictions-lessons-kinkade-pkg-intl-ldn-vpx-00005018-super-tease.jpg,2020-04-13T11:52:25Z,Chat with us in Facebook Messenger. Find out what's happening in the world as it unfolds.
5,"{'id': 'cnn', 'name': 'CNN'}",,See mom reunite with newborn after battle with Covid-19,"A woman who suffered from severe Covid-19 complications and gave birth while in a medically induced coma met her baby boy for the first time as she left the hospital, surrounded by cheering hospital workers. CNN's Jake Tapper has more.",https://www.cnn.com/videos/health/2020/04/15/mother-reunited-with-newborn-coronavirus-lead-sot-vpx.cnn,https://cdn.cnn.com/cnnnext/dam/assets/200415172415-yanira-soriano-mom-meets-newborn-coronavirus-coma-super-tease.jpg,2020-04-15T22:03:19Z,Chat with us in Facebook Messenger. Find out what's happening in the world as it unfolds.
6,"{'id': 'cnn', 'name': 'CNN'}",,Ex-Fox News contributor slams network's Covid-19 coverage,"Former Fox News contributor Julie Roginsky tells CNN's Brian Stelter that the network is continuing ""to put people at risk"" by downplaying the risks of the coronavirus pandemic.",https://www.cnn.com/videos/media/2020/03/22/julie-roginsky-former-fox-news-coronavirus-coverage-sot-rs-vpx.cnn,https://cdn.cnn.com/cnnnext/dam/assets/200322130409-julie-roginsky-reliable-sources-intv-03222020-1-super-tease.jpg,2020-03-22T17:12:40Z,Chat with us in Facebook Messenger. Find out what's happening in the world as it unfolds.
7,"{'id': 'cnn', 'name': 'CNN'}",,How Sesame Street is getting your kids through Covid-19,"""Sesame Street"" is reaching out to parents and children to help them navigate new routines and issues related to the coronavirus pandemic.",https://www.cnn.com/videos/entertainment/2020/03/26/sesame-street-coronavirus-content-orig-vstan-bdk.cnn,https://cdn.cnn.com/cnnnext/dam/assets/200326135644-sesame-street-coronavirus-content-2-super-tease.jpg,2020-03-26T18:31:14Z,Chat with us in Facebook Messenger. Find out what's happening in the world as it unfolds.
8,"{'id': 'cnn', 'name': 'CNN'}",,Fareed: The true death rate of Covid-19 is unclear,CNN's Fareed Zakaria looks at the effects of Covid-19 across the globe and examines the need for extensive and ongoing testing.,https://www.cnn.com/videos/politics/2020/04/12/fareed-zakaria-take-coronavirus-full-cost-estimates-vpx.cnn,https://cdn.cnn.com/cnnnext/dam/assets/200412114007-fareed-april-12-super-tease.jpg,2020-04-12T16:09:16Z,Chat with us in Facebook Messenger. Find out what's happening in the world as it unfolds.
9,"{'id': 'cnn', 'name': 'CNN'}",,What Covid-19 exit strategy could look like,In March 2020 the WHO classified Covid-19 as a pandemic. The world reacted by shutting down. Now some countries are easing restrictions. But what could a coronavirus exit strategy look like?,https://www.cnn.com/videos/world/2020/04/17/easing-coronavirus-restrictions-possible-scenarios-lon-orig-mkd.cnn,https://cdn.cnn.com/cnnnext/dam/assets/200409092842-new-york-jfk-coronavirus-travel-file-super-tease.jpg,2020-04-17T15:08:34Z,Chat with us in Facebook Messenger. Find out what's happening in the world as it unfolds.
10,"{'id': 'cnn', 'name': 'CNN'}",Jeffrey Sachs,Why America has the most confirmed Covid-19 cases,"On Thursday, we hit a grim watershed. The US overtook Italy and China as the country with the highest number of confirmed Covid-19 cases. This is a dire crisis and an extraordinary failure of President Donald Trump. Americans are suffering and dying because t…",https://www.cnn.com/2020/03/26/opinions/us-most-confirmed-cases-sachs/index.html,https://cdn.cnn.com/cnnnext/dam/assets/200326154244-nueva-york-pandemia-coronavirus-elmhurst-hospital-doctora-new-york-times-digital-sot-00002827-super-tease.jpg,2020-03-27T03:22:26Z,"Jeffrey Sachs is a professor and director of the Center for Sustainable Development at Columbia University. The opinions expressed in this commentary are those of the author; view more opinion articles on CNN.
 (CNN)On Thursday, we hit a grim watershed. The US overtook Italy and China as the country with the highest number of confirmed Covid-19 cases. This is a dire crisis and an extraordinary failure of President Donald Trump. Americans are suffering and dying because the Trump administration failed to act quickly and decisively to prevent the virus' spread. The US has now seen about 1,195 deaths and the number is rising rapidly. 
On Thursday, the US saw an increase of more than 15,000 cases in one day -- a shocking surge that can be explained by both the spread of the virus and increased testing after weeks of shortages -- pushing the total number of confirmed cases over 82,000. China, in comparison, has reported 81,285 cases. 
There is a fundamental difference between China and the US. China has broken the spread of the virus with a lockdown that first started in Wuhan on January 23 and is now being lifted in stages; only a few dozen new cases are allegedly confirmed each day, and most of these are apparently introduced from abroad. The US has not broken the epidemic. And if Trump has his way, easing guidelines to stay at home by Easter, we will fail to stop the epidemic and millions more will be infected. Even with active control, we might be facing around 81,000 deaths by July according to a new detailed analysis from the Institute for Health Metrics and Evaluation at the University of Washington in Seattle.
The transfer of the virus, which may have originated in bats, to humans was an unforeseen event. The response to that event has been determined by the policies of nations. On December 31, the Wuhan government publicly confirmed it was treating dozens of cases of a mysterious new pneumonia outbreak and on January 7, officials identified a new coronavirus as the cause. The first confirmed case in Japan was identified in mid-January, with South Korea, Taiwan, Singapore and the US following suit within days.
The East Asian countries went into action. Many had experienced the 2003 SARS outbreak and had public health teams on alert for new epidemics. More than two months later, the number of confirmed cases has skyrocketed in the US, with more than 250 cases per million people, far higher than China, which has approximately 57 cases per million; Hong Kong, 60; Taiwan, 11; Singapore, 117; Japan, 11; and Korea, 180. 
Trump bears direct responsibility for America's unpreparedness and failed response to the epidemic. Since Trump came into office, he has systematically taken apart our protective public health system. The pandemic unit at the National Security Council was dismantled in 2018 under his watch. Trump slashed the CDC's epidemic control teams in 39 countries, including China. And when the epidemic hit, Trump ignored it, downplayed it, and made repeated false claims. Even now, he spouts vulgar nonsense about restarting the economy by Easter when public health experts say the threat is going to persist for far longer.
Trump is profoundly culpable, but he is not the only reason for America's dismal situation in the face of this epidemic. Our for-profit health care system rakes in money on disease, not on health. Instead, we have a system that works for the rich, instead of a public health system for all Americans that readily anticipates and controls new pathogens through testing, contact tracing, and quarantine. 
Americans across the country are fighting to stay alive, while Trump acts as if he is more intent on saving the economy. We can still try to control the virus as the East Asian countries are doing. We need decisive action across states and cities. We are finding leadership today in our governors, mayors and our brave frontline health workers."
11,"{'id': 'cnn', 'name': 'CNN'}","Opinion by Kate Bolduan, CNN",What I'm telling my kids about Covid-19,"Kate Bolduan writes that, as parents, we could all use a little help explaining things to our children in this unprecedented moment during the coronavirus pandemic.",https://www.cnn.com/2020/03/16/opinions/telling-my-kids-about-coronavirus-bolduan/index.html,https://cdn.cnn.com/cnnnext/dam/assets/200305015621-children-adult-hand-washing-stock-super-tease.jpg,2020-03-16T20:19:53Z,"Kate Bolduan is anchor and host of CNN's ""At This Hour."" The opinions expressed in this commentary are solely her own. View more opinion articles on CNN.
 (CNN)I talk about and explain things for a living. I have also been covering the coronavirus outbreak for weeks.
But when it comes to talking about all this with my own children, I've been finding myself tongue-tied.
At first, I didn't talk about it with my daughters. I have a 5 and a 2-year old, so I just made sure to remind them they needed to wash their hands more often.
But when my eldest daughter walked out of school and declared, ""Mom, there's something called 'Corona' and everyone is getting sick,"" I knew I couldn't avoid it any longer.
I then tried telling my 5-year-old ""there is a sickness"" but she didn't need to worry too much about it. That led to her asking in full voice, walking down the sidewalk, ""Does that person have the sickness?"" Then pointing at the next person and asking again, ""How about that person? Does he have the sickness?""
It quickly set in that I needed some help, expert help on how to have this conversation. I also quickly realized I'm not alone. My producer told me her 6-year-old wanted to know if he could still give her a kiss goodnight as he was concerned that he would give her the coronavirus.
As parents, we could all use a little help in this unprecedented moment. I started with the person I always go to first when it comes to the health and well-being of my children -- our pediatrician. ""The fewer words, the better always,"" Dr. Bruce Brovender of Global Pediatrics advised. ""But always be honest."" 
If you're not, he said, ""You actually make things scarier and more traumatic because they don't know what the truth is and what [it] is not.""
Brovender's guidance motivated me to dig deeper. And after spending hours on the phone with doctors, experts and clinicians, I've found some helpful common threads of the dos and don'ts when talking to our little ones about something so big.
 Be reassuring but be honest
""The most important thing across ages is that children need to know that they're going to be OK and chances are their parents are going to be OK,"" says Tovah Klein, director of the Barnard Center for Toddler Development at Columbia University. ""The first thing is to reassure them about that.""
""It's a balance between addressing children's worry and fears, because that is real, and reassuring them because the truth is most people do get better from this.""
Dr. Sally Goza, president of the American Academy of Pediatrics, adds that comes with the balance that this can't be treated like any other day. ""It's really critical that people understand that it's not like a snow day. We need to not have play dates. We need to not have the birthday parties; we need to postpone those until we have a clearer picture of what's going on with this.""
And in explaining these abrupt changes to children, it's important to remind them ""the grown-ups are handling it,"" says clinical psychologist Rebecca Schrag Hershberg. ""We don't have to pretend we know all the answers, but we do have to project a calm confidence that there are smart people everywhere -- doctors, policymakers, teachers -- all working together to make sure we get through this.""
""Children are hearing a tremendous amount. They're hearing big words that they've never heard before, none of us have really,"" says Klein. ""Even the terms coronavirus and Covid-19, it's like what's that?
""I've been telling parents that it's really important that the parent is the filter of the information,"" Klein adds. For older children that may be addressing misinformation they hear from friends or on social media. For younger children that may just start with demystifying terms, like answering ""what is coronavirus?"" The answer Klein suggests: ""It's a really big word but it's a fancy word for what we normally call a cold or the flu and something that's been around for a long time. Now there's a new virus and that's what everyone is talking about.""
Hershberg agrees that transparency is key. ""I think transparency for kids, even little kids, is more comforting than the alternative when they notice that there's a huge elephant in the room, but they also notice no one is talking about it."" 
""Listen first and talk second. Listen for concerns, questions and misinformation while you are enjoying usual play with your children -- whether that is drawing, dolls, or throwing a ball. Then let kids know you're glad they are asking you questions and sharing what is on their mind,"" says Dr. Joshua Morganstein, chair of the American Psychiatric Association's Committee on Psychiatric Dimensions on Disasters. ""Young children need fewer words, and they'll be reassured and comforted by a calm parent.""
Hershberg adds that it's a good practice to avoid the tendency to want to fill the silence when it comes to these types of sensitive conversations with your kids. ""If they ask a question, you answer their questions in a direct, clear and brief way and then pause and see if they have any more questions. Pause and see what happens next."" 
How to say, 'I don't know'
It's OK to say ""I don't know,"" experts agree. ""In fact, it's important to do so,"" says Morganstein. ""When children find out you misled them, it will undermine their trust in you.""
But it appears there are more helpful ways to say, ""I don't know"" than just saying ""I don't know."" There is, ""I don't know. Why don't we look that up together,"" says Morganstein. This allows you to model for the child that when you don't know something, you seek out information about it. ""This can really enhance a sense of trust that a child has in you, knowing that you can count on your parents to tell you what they know, tell you want they don't know and then go find out the answer.""
""You can say, I need to think about that,"" says Hershberg, helping play out another ""I don't know"" scenario. ""Saying I don't know in a calm and puzzled voice, not in panicked and worried voice, is not uncomfortable for our kids unless we make it uncomfortable."" 
""Kids can feel really comforted when you say 'you know there are so many people asking that exact question at this exact moment. We are in a community of a whole world of people, all asking that question.'""
This is all about how to talk to our children about Covid-19. And so, I was perhaps most surprised about how many of these experts emphasized the impact of our own stress and anxiety levels on how our children are handling and processing this uncertain time.
""It's overwhelming for parents right now because this is such a fluid situation. Every day, even every half day it's a new thing going on with Covid-19,"" Goza told me. ""So, it's overwhelming for parents and it's really frightening for kids.""
But it starts with us not making matters worse for our kids. ""First, check your own stress level. If you (or other adults around them) are behaving in a highly stressed manner, your children may simply be picking up on and emulating this behavior,"" says Morganstein. 
""Don't talk to your kids about any of this stuff when you're in a moment of anxiety,"" adds Hershberg. ""If you hear something or read a tweet that makes you really anxious, it's OK to say to your child, 'before I'm going to answer that question, I'm actually feeling a little bit worried right now so I'm going to take my three deep breaths, do you want to do that with me?'""
And an important reminder, that kids of different ages will express their anxiety in these anxiety-inducing times in very different ways.
""Overall, it's important to remember that distress looks different in kids and in children at different ages. Isolation, diminished academic performance or aggression may be seen in older children. Irritability, lethargy or return to earlier age behaviors can be seen in young children. For parents who are understandably distracted and already feeling heightened stress themselves, this can be easily misinterpreted as 'misbehavior',"" says Morganstein.
When we are all feeling pretty helpless, let's be honest, it can help children through these moments by giving them some of the power back. That can be helpful when explaining why they have to wash their hands so much, why they can't play with their friends like they normally do and it can be especially helpful with questions about grandparents and the elderly.
""Empower children by saying, look we don't get very sick [from the coronavirus] but believe it or not we could still have that virus, we have to help so that not too many people get sick. That's part of our job,"" suggested Klein.
""That also explains the hand washing -- 'that keeps the germs away and the virus away.'
""That explains school closing -- 'we're trying to really keep this virus from spreading so you're not going to be with so many other people. That's why mommy or daddy has to work from home now.' All of those pieces can be put in the context of we're all working together.""
Hershberg reminds us that children often process difficult events through play, so empower them to do that. ""Cast a magic spell on the virus... Pretending to be Elsa and freezing the virus. Those are all things that will help kids feel powerful and also let them process the feelings.""
So, let them play out the feelings, whatever they are. ""It's healthy and means they feel safe talking about it,"" says Hershberg.
Giving that sense of empowerment to older children understandably requires a different approach. ""There's going to be a lot of sadness about missing sports events, proms and a lot of things, and I just think we have to give them that reassurance,"" says Goza. ""The more we do now to make this pandemic be as short as we can...then the sooner they'll be able to get out and do those things.""
""You can be the germ destroyers or germ busters,"" says Klein. ""Making it light and fun. Not making it so serious that is scares the children.""
Hershberg agrees saying, ""Your family [are] superheroes fighting the virus and every time you wash hands, you are taking a step to keep people healthy and safe,"" she suggests. ""You are emphasizing that this is an active choice and that we are all joining together to do it. And not that we're all just helpless in our houses waiting to hear what's going on.""
While no one can say for sure when this crisis will end, this expert advice gives me a great place to start when it's time for more tough conversations in the days ahead -- when the girls and I aren't playing Super Germ Busters."
12,"{'id': 'cnn', 'name': 'CNN'}",,Covid-19 tips: How to clean your home,The coronavirus can live on surfaces for several days. Here's how to clean and disinfect your home properly to stay safe.,https://www.cnn.com/videos/health/2020/03/25/coronavirus-how-to-clean-disinfect-home-orig-mg-bu-cw.cnn,https://cdn.cnn.com/cnnnext/dam/assets/200325120951-coronavirus-how-to-clean-disinfect-home-orig-mg-bu-cw-00002025-super-tease.jpg,2020-03-25T16:22:38Z,Chat with us in Facebook Messenger. Find out what's happening in the world as it unfolds.
13,"{'id': 'cnn', 'name': 'CNN'}","Manveena Suri, CNN",Modi praises the Indian public amid nationwide Covid-19 lockdown,"Indian Prime Minister Narendra Modi praised citizens for their resilience in a televised speech Friday, as the nation entered its tenth day of a three week long lockdown intended to curb the spread of the coronavirus.",https://www.cnn.com/2020/04/03/asia/coronavirus-india-modi-speech-dp-hnk-intl/index.html,https://cdn.cnn.com/cnnnext/dam/assets/200403073418-india-coronavirus-queue-rations-super-tease.jpg,2020-04-03T08:41:07Z,"New Delhi (CNN)Indian Prime Minister Narendra Modi praised citizens for their resilience in a televised speech Friday, as the nation entered its tenth day of a three week long lockdown intended to curb the spread of the coronavirus.
""The discipline and spirit of service you have displayed during this period is unprecedented,"" said Modi of the difficulties faced by many during the unprecedented country-wide restrictions.
""Today, when millions of people are inside their homes, some of us might wonder how will they fight this battle against coronavirus alone ... But please remember, none of us are alone. The strength of 1.3 billion Indians is with and every one of us,"" the Prime Minister added.
Modi asked the public to switch off all lights and stand on balconies for nine minutes on Sunday, April 5 with lit candles, diya (small oil lamps), torches or cell phone flashlights to show solidarity and the strength of the public in the fight against coronavirus.
""This is to show that we are not alone, all 1.3 billion people of India stand together,"" Modi said. 
More than 2,300 cases of Covid-19 have been reported in India, according to the country's Ministry of Health. Another 232 cases have been reported across the country since Thursday evening New Delhi time. A total of 56 people have died."
14,"{'id': 'cnn', 'name': 'CNN'}",Opinion by John Maa,Why Covid-19 might make you rethink your smoking habits,"Dr. John Maa writes that as Covid-19 has spread across the country, smokers and vapers are facing particular risks as the side effects caused by these habits are the factors which put individuals at high risk of coronavirus complications. Moreover, the act of…",https://www.cnn.com/2020/04/06/opinions/smoking-vaping-covid-19-coronavirus-maa/index.html,https://cdn.cnn.com/cnnnext/dam/assets/190618070500-cigarette-smoking-0103-super-tease.jpg,2020-04-06T12:00:54Z,"John Maa, MD, is a past president of the San Francisco Marin Medical Society. The opinions expressed in this commentary are his own. Read more opinion at CNN.
 (CNN)A college friend who is now a physician first introduced me to an electronic cigarette in 2008. He purchased his online from China with the hope of transitioning from smoking to vaping but found himself using both instead. A few years later, he shared a pleasant surprise -- he had succeeded in quitting both vaping and smoking. 
The breakthrough came one winter while he was recovering from a cold. As he reached for the e-cigarette, he realized the hazard of exposing his recovering lungs to a cloud of smoke. He gave his e-cigarette away, and never vaped or smoked again. His success story highlights the power of a second event to break the nicotine addiction. The current Covid-19 pandemic may serve as a similar warning call to smokers and vapers to stop promptly.
Over the past 10 months, three serial waves of severe acute respiratory illnesses have strained the American emergency care delivery system from 1) e-cigarette, or vaping product use associated lung injury (EVALI), 2) the influenza season, and 3) Covid-19. Around June 2019, US hospitals first noted a rise in respiratory illnesses linked to e-cigarettes. The US Centers for Disease Control and Prevention tracked this EVALI outbreak into early 2020, ultimately counting 2,807 hospitalized patients in all 50 US states, with 68 deaths as of February. Overlapping with the EVALI crisis has been the influenza season, which runs from October through May. So far, the CDC estimated there have been at least 39 million US cases of the flu, leading to 400,000 hospitalizations, and 24,000 deaths. The third stress has been the worldwide pandemic of Covid-19, totaling, at the time of writing, 337,933 cases in the US and 9,653 deaths. 
Smoking has many negative effects on respiratory health, and the possibility of a relationship between smoking (both traditional cigarettes and marijuana) or vaping with Covid-19 were raised by early observations in China. One report, looking at 1,099 laboratory confirmed cases in China, revealed that 12.4% of smokers either died, required ICU admission or needed intubation, compared to 4.7% among never smokers. Another study found that among Chinese patients diagnosed with Covid-19 pneumonia, the odds of disease progression (including death) were an order of magnitude higher among smokers compared to non-smokers. The World Health Organization has noted that cigarette smokers are likely to have more serious illness if infected with Covid-19.
The FDA has advised that cigarette smoking and vaping may leave users with underlying health conditions and increase the risk of coronavirus pneumonia and increase its severity. Further research should be undertaken to determine the extent. The US Surgeon General has reported that smoking is strongly linked to asthma, chronic obstructive pulmonary disease (COPD), pneumonia and coronary artery disease, all of which impair the immune response and the ability to fight Covid-19. 
Active research is ongoing to assess the long-term health risks of marijuana use and vaping, including pediatric chronic bronchitis. New York City Mayor Bill de Blasio highlighted a possible connection between the coronavirus and vaping after noting a healthy 22-year-old New York City man, whose only risk factor appeared to be a history of vaping, was hospitalized for Covid-19. The CDC has reported that up to 20% of patients hospitalized for Covid-19 in the US are between ages 20 and 44, and California Gov. Gavin Newsom noted that half of the Covid-19 cases in California are in younger adults aged 18 to 49. Michigan Gov. Gretchen Whitmer speculated that the popularity of vaping might explain the increased incidence of Covid-19 among youth and young adults, and the National Institute on Drug Abuse has included vapers on the list of groups who could be most impacted by Covid-19.
A related question is whether previous vaping-related lung injuries may predispose to a higher risk of contracting Covid-19. EVALI patients who survived may develop long term respiratory issues. If they were to contract Covid-19, they might also be at greater risk for respiratory failure, prolonged intubation and mortality. 
As they recover from the coronavirus, smokers and vapers should make every effort to stop to protect their lung health. Repeatedly inhaling from an e-cigarette (possibly coated with viruses or bacteria) violates the principle of minimizing contact with one's mouth and face to reduce the risk of contracting Covid-19. Sharing an e-cigarette with others only increases that risk further. While the cigarette butt is discarded after each use, e-cigarette devices are used repeatedly. Perhaps e-cigarettes should be designed to be disposable, to minimize the risk of infection transmission. Another area to study further is whether the plume of vaping aerosol generated might deposit virus particles on surfaces in the environment. 
The majority of cases from the EVALI outbreak were associated with vaping of marijuana/THC contaminated with vitamin E acetate. But the CDC did not exclude that other causes might exist, as 14% of the EVALI patients ""exclusively used nicotine-containing products.""
Perhaps some of the mysterious EVALI cases from the winter of 2019 should now be re-analyzed, to determine if the coronavirus may have played a role. Bronchoscopy biopsies and lung specimens stored in pathology labs across America could be assessed to see if coronavirus RNA is present. Similarly, reanalyzing influenza cases from the winter may reveal if the current cases of infection we are witnessing are actually a second wave.
The initial impact of Covid-19 on the e-cigarette industry was an interruption of the supply chain. About 90% of the world's e-cigarette hardware is produced in China, and many factories in Shenzhen were closed during the coronavirus outbreak there. More recently, many vape shops across America have closed, having been defined as non-essential services. This likely made it more difficult for youth to acquire vaping devices from peers or older siblings, or at school. Another unintended benefit of mandatory school closures has been the opportunity for parents to monitor, and have conversations with their children while they are at home to curb youth vaping.
Given the adverse effect on respiratory health, the current coronavirus pandemic should serve as a message to both smokers and vapers to quit promptly and take immediate action to reduce their risks of viral transmission. 
And if doing so immediately seems like too big of a task, at the very least, other measures like regularly sanitizing e-cigarettes and cannabis smoking devices should be taken.
Smokers and vapers should also be more mindful of the secondhand smoke and clouds generated, avoid generating large clouds in public from vape tricks, and follow clean indoor air laws. Social distancing could be extended to the vapor generated to maintain a 6-foot distance from others when in public spaces, or to smoke and vape only in confined spaces. Active research is ongoing but difficult to conduct while simultaneously treating a pandemic, and many questions about the risks to smokers and vapers and those around them will be answered over time. 
Ultimately, Covid-19 presents a teachable moment to break the cycle of nicotine addiction and accelerate our nation towards the dual goals of smoking and vaping cessation."
15,"{'id': 'cnn', 'name': 'CNN'}",,90-year-old survivor's defiant message after beating Covid-19,"A 90-year-old woman at the Life Care Center in Washington contracted the coronavirus and was near death, but remarkably she recovered. She tells CNN's Sara Sidner her story.",https://www.cnn.com/videos/us/2020/04/06/90-year-old-survives-coronavirus-sidner-pkg-vpx.cnn,https://cdn.cnn.com/cnnnext/dam/assets/200406125716-90-year-old-survives-coronavirus-sidner-pkg-vpx-00000518-super-tease.jpg,2020-04-06T17:04:47Z,Chat with us in Facebook Messenger. Find out what's happening in the world as it unfolds.
16,"{'id': 'cnn', 'name': 'CNN'}",,Baby animal alert! Here's what you missed while zoos were closed,Zoos all over the world are reopening after months of closure due to Covid-19. Here's an update on some of the animals you missed.,https://www.cnn.com/videos/travel/2020/08/18/zoos-reopening-coronavirus.cnn,https://cdn.cnn.com/cnnnext/dam/assets/200818101220-zoos-reopen-twin-lemur-super-tease.jpg,2020-08-21T13:43:31Z,Chat with us in Facebook Messenger. Find out what's happening in the world as it unfolds.
17,"{'id': 'cnn', 'name': 'CNN'}",,"Video of Georgia party shows huge crowd, many maskless","CNN's Natasha Chen reports that a private party near a North Georgia college drew large groups of students, without apparent Covid-19 precautions being exercised.",https://www.cnn.com/videos/us/2020/08/16/georgia-students-party-dahlonega-coronavirus-chen-tsr-vpx.cnn,https://cdn.cnn.com/cnnnext/dam/assets/200816204236-north-ga-party-screengrab-vpx-super-tease.jpg,2020-08-17T00:59:06Z,Chat with us in Facebook Messenger. Find out what's happening in the world as it unfolds.
18,"{'id': 'cnn', 'name': 'CNN'}","Leah Asmelash, CNN",Notre Dame's student newspaper runs front-page plea: 'Don't make us write obituaries',"The University of Notre Dame announced Tuesday it would move to virtual learning, a temporary, two-week shift meant to contain the spread of Covid-19.",https://www.cnn.com/2020/08/21/us/notre-dame-the-observer-front-page-trnd/index.html,https://cdn.cnn.com/cnnnext/dam/assets/200821151159-university-of-notre-dame-campus-2019-restricted-super-tease.jpg,2020-08-21T21:40:10Z,"(CNN)The University of Notre Dame announced Tuesday it would move to virtual learning, a temporary, two-week shift meant to contain the spread of Covid-19.
Later that day, editorial board members of The Observer -- the student newspaper covering Notre Dame, as well as neighboring Saint Mary's College and Holy Cross College -- held an emergency Zoom meeting. They discussed the school's announcement and the option of temporary remote learning versus going virtual for the entire semester.
An editor spoke up: ""I've been thinking about this for a while,"" the editor said. ""About what we're going to do when they make us write obituaries.""
That's how the idea was born. On Friday, The Observer's front page highlighted this plea: ""Don't make us write obituaries.""
""We wanted to make the messaging clear that we all have a role to play in keeping the tri-campus community safe,"" editor-in-chief Maria Leontaras, a senior at St. Mary's, told CNN. ""There are more people here than just young students who could possibly recover from the virus.""
In the editorial, the board asked everyone -- students, the administration and faculty -- to do everything in their power to contain the virus. 
""The University administration has largely blamed the COVID-19 outbreak on students attending off-campus parties,"" the editorial said. ""While this isn't entirely misplaced, it has been used to deflect responsibility from the very administrations that insisted they were prepared for us to return to campus.""
If more isn't done, the editorial said, the worst may be still to come.
""The blame for this does not lie with just one party. We -- as students, faculty, staff and administrators -- need to share responsibility for the outbreak on our hands,"" the editorial said.
Notre Dame announced Tuesday that if its efforts to contain the coronavirus don't work, the school will shift to remote learning for the rest of the semester. 
The school has seen more than 300 confirmed cases of the virus since the beginning of the month. In Tuesday's video announcement to students, university president Rev. John I. Jenkins called the spike ""very serious.""
""For your sake, the sake of our community, and for continuing our semester on campus, please observe health protocols,"" he said. ""Avoid behavior that puts yourself or others at risk.""
But Leontaras said she and other editors would like to see more transparency from the university, like how many students are in quarantine, for example. 
Colleges and universities across the United States are dealing with similar problems as they reopen, with some seeing hundreds of coronavirus cases in just a week or two of classes. 
The University of North Carolina at Chapel Hill canceled in-person classes after just one week, after cases ballooned. University employees have filed a class action lawsuit against the UNC System, alleging unsafe workplace conditions because of Covid-19. 
The Observer's editorial, meanwhile, ended on a sober note. Don't let us write obituaries, it said, but also: ""Don't let us write yours."""
19,"{'id': 'cnn', 'name': 'CNN'}","Jacqueline Howard, Zahra Ullah and Vasco Cotovio, CNN","Russia says coronavirus vaccine trials to move forward with 40,000 people","Russia announced on Thursday that it will begin post-registration clinical trials for its Covid-19 vaccine candidate next week -- and 40,000 people will participate.",https://www.cnn.com/2020/08/20/health/russia-coronavirus-vaccine-trials-40000-intl-bn/index.html,https://cdn.cnn.com/cnnnext/dam/assets/200813050136-06-russia-coronavirus-vaccine-super-tease.jpg,2020-08-20T14:21:41Z,"(CNN)Russia announced on Thursday that it will begin post-registration clinical trials for its Covid-19 vaccine candidate next week -- and 40,000 people will participate.
Kirill Dmitriev, CEO of the Russian Direct Investment Fund, said during a telebriefing with journalists that the trials will take place in several countries around the globe. 
""We're going to do clinical trials not just in Russia but also the United Arab Emirates, Saudi Arabia, Philippines, probably in Brazil or in India,"" Dmitriev said. He also said that a delegation from the Saudi Ministry of Health would be traveling to Moscow next week. 
Experts are skeptical about how quickly the vaccine, named Sputnik V, was registered and how few details about the research have been released. 
Dmitriev said on Thursday that Russia would try to answer Western criticism over the lack of information about its vaccine candidate by publishing a detailed science paper in a ""major publication"" in August. He declined to name the publication where the study would publish.
He also refused to give an exact number for how many people have tested the vaccine already.
So far, Russia hasn't released any scientific data on its testing and CNN is unable to verify the vaccine's claims of safety or effectiveness. 
The forthcoming clinical trials are to assess the ""epidemic efficacy"" of the vaccine, Denis Logunov, deputy director for scientific work at the Gamaleya Research Institute of Epidemiology and Microbiology, who is developing the Russian Covid-19 vaccine candidate, said on Thursday. 
Alexander Ginsburg, director of Gamaleya Research Institute of Epidemiology and Microbiology, described on Thursday how the vaccine is given in two doses and involves using uses a different adenovirus for each of the two doses. 
Dmitriev said that ""Russia is open to international cooperation"" and ""we do believe that there will be other vaccines coming up and the more vaccines we get the better."" 
There are now 30 candidate vaccines in clinical evaluation around the world, according to the World Health Organization. The WHO list classifies the Russian vaccine as being in Phase 1 trials. 
CNN's Steve Tuemmler contributed to this report."
