,source,author,title,description,url,urlToImage,publishedAt,content
0,"{'id': 'techcrunch', 'name': 'TechCrunch'}",Brian Heater,"CTA asks the US government for tariff exemptions on robotics, drones and 3D printers",The Consumer Technology Association penned an open letter alongside a number of other industry representatives asking the U.S. Trade Representative’s Office to loosen tariffs on a number of tech categories manufactured in China. The parties seek to widen curr…,http://techcrunch.com/2020/05/05/cta-asks-the-us-government-for-tariff-exemptions-on-robotics-drones-and-3d-printers/,https://techcrunch.com/wp-content/uploads/2020/03/GettyImages-931630954.jpg?w=600,2020-05-05T14:54:17Z,"The Consumer Technology Association penned an open letter alongside a number of other industry representatives asking the U.S. Trade Representatives Office to loosen tariffs on a number of tech categories manufactured in China.
The parties seek to widen current COVID-19-related exemptions beyond beyond health products like ventilator and oxygen masks. The list includes wide ranging categories that serve important peripheral functions for frontline responders. 
These tariffs are not only a barrier to the entry of necessary products, they are a tax on businesses and consumers that has become ever more harmful as many enter survival mode, according to the letter provided to Reuters. 
The letter cites robotics, 3D printers, drones, personal computers and a number of different accessories, including monitors, printers and ink, citing medical professionals need for such material. A number of tech companies have pivoted to producing supplies amid the pandemic, from car makers manufacturing ventilators to apparel companies creating masks to 3D printing startups manufacturing parts. 
Also in the letter are elevator and escalator parts (per The National Elevator Industry, naturally) and various cleaning and disinfecting supplies (via The American Chemistry Council). Other categories include masks, networking equipment, hand sanitizer and hand dryers. 
The USTR has yet to issue an official response to exemptions for products  relevant to the medical response to the coronavirus. The CTA has been a vocal critic of Trump administration tariffs for some time. Last January, the association’s president Gary Shapiro told TechCrunch, The cost of the current tariffs remains an issue, and the uncertainty of potentially more tariffs combined with export controls is a real threat to our global leadership 5G, artificial intelligence and robotics.”"
1,"{'id': 'techcrunch', 'name': 'TechCrunch'}",Kirsten Korosec,Spin restarts scooter business in four markets,"Spin, the electric scooter startup acquired by Ford in 2019 for nearly $100 million, has restarted operations in four U.S. markets as COVID-19 related closures begin to ease. The company has resumed operations in Orlando, Nashville, Columbus, Ohio and St. Lou…",http://techcrunch.com/2020/05/05/spin-restarts-scooter-business-in-four-markets/,https://techcrunch.com/wp-content/uploads/2018/02/dsc01290.jpg?w=600,2020-05-05T15:01:34Z,"Spin, the electric scooter startup acquired by Ford in 2019 for nearly $100 million, has restarted operations in four U.S. markets as COVID-19 related closures begin to ease.
The company has resumed operations in Orlando, Nashville, Columbus, Ohio and St. Louis. The ramp up of operations will depend on the city, the company said. In Columbus, Spin has deployed its entire 200-scooter fleet, the largest number allowed under the city’s permit. Spin is putting fewer scooters than permits allow in other cities. The company said it will scale up its scooter numbers based on demand.
Spin was operating in about 70 markets, a figure that includes college campuses and cities, up until the COVID-19 pandemic caused governments to issue stay-at-home orders. The company has maintained operations in some areas that have allowed it.
Spin said it has “enhanced” its safety protocols, which includes disinfecting scooters more often and requiring employees to wear gloves and face shields during their shifts.
The scooters are now disinfected every time they’re picked up for charging or enter a warehouse, the company said. Scooters with higher usage will be cleaned more frequently as much as twice a day or more, a spokesperson said when asked for more details.
At warehouses, where Spin scooters are maintained, charged and cleaned, workers are supplied with disinfectant materials to properly clean high-traffic surfaces between every shift. Employees also carry disinfectant materials with them out in the field to clean scooters on the spot.Spin said it has been working directly with cities to fill transportation gaps and deploy scooters where they are most needed.
Separately, the company said it has extended through May 31 a program that gives essential healthcare workers free 30-minute rides and helmets."
2,"{'id': 'techcrunch', 'name': 'TechCrunch'}",Anthony Ha,Creatively helps designers and other creative talent can showcase their work,"Creatively was supposed to launch this summer, according to CEO Greg Gittrich. And then COVID-19 happened. “We made the decision to fast-track the launch when the pandemic hit, because we felt like launching as a beta would really help the creative community,…",http://techcrunch.com/2020/05/05/creatively-launch/,https://techcrunch.com/wp-content/uploads/2020/05/Viewing-a-creative_s-profile.jpg?w=446,2020-05-05T22:22:27Z,"Creatively was supposed to launch this summer, according to CEO Greg Gittrich. And then COVID-19 happened.
“We made the decision to fast-track the launch when the pandemic hit, because we felt like launching as a beta would really help the creative community,” Gittrich told me.
The startup was founded by Stacey Bendet and Joe Indriolo, who also serves as chief product officer. Indriolo told me that Creatively was designed to address a problem that Bendet had as founder and CEO of designer clothing company Alice + Olivia finding the best freelance creative talent to work with.
“Finding creatives is really, really difficult,” he said. “At the same time, showcasing your work is also really difficult as a creative.”
And those problems are likely to get worse as social distancing forces more creative work and collaboration to happen remotely, and as a troubled economy means that more artists, designers, architects, filmmakers and other creative types are looking for work.
There are places where artists can post their work, but Indriolo argued that none of them allow the creative to control the presentation in the same way not unless they’re building their own website.
Image Credits: Creatively
So Creatively says it’s designed to showcase photography, film, fashion design, branding, illustration, animation, CGI, app and web design, product development, interiors and architecture and emerging technologies.
Creative talent can upload their portfolio and arrange it as they choose. They can divide the work into different albums, and even nest albums within other albums in creative ways. (Indriolo showed me an architect’s album that allowed visitors to navigate their work by drilling down into specific regions and locations.)
Artists can also annotate the images and videos to explain their work, as well as listing their past jobs and their specific skills.
Brands and other potential employers can post job listings, which then get tagged with the artist who’s hired for the job, which in turn builds the artist’s résumé and portfolio. Brands can also search the site based on the skills they’re looking for, or based on who’s done work for another company that they admire.
The platform allows users to follow each other, but Indriolo said there’s an equal emphasis creating connections based on the work you’ve done and your past collaborations.
“We believe it’s a social platform, and that creatives will connect with one another … and find opportunities in a world that’s increasingly remote and global,” Gittrich added.
To get started, Creatively is working with schools like Parsons, Pratt, the Savannah College of Art and Design and the Fashion Institute of Technology to help their new graduates find work.
The platform is free for both businesses and individual creatives; the plan is to eventually start charging businesses to post jobs."
3,"{'id': 'techcrunch', 'name': 'TechCrunch'}",Brian Heater,American Idol is shooting on iPhones amid stay at home orders,"The COVID-19 pandemic has forced a lot of otherwise traditional industries to become creative and flexible in ways that might have seemed entirely out of the realm of possibility only a few months ago. With most of the county at home, social distancing, a num…",http://techcrunch.com/2020/05/11/american-idol-is-shooting-on-iphones-amid-stay-at-home-orders/,https://techcrunch.com/wp-content/uploads/2020/05/Lionel-Richie-.jpg?w=533,2020-05-11T20:55:04Z,"The COVID-19 pandemic has forced a lot of otherwise traditional industries to become creative and flexible in ways that might have seemed entirely out of the realm of possibility only a few months ago. With most of the county at home, social distancing, a number of networks have turned to consumer technologies in order to keep creating content. 
Apples among those tech companies working with production houses, getting some iPhone-powered rigs into the hands of producers and hosts. The list includes a Parks and Recreation reunion, Conan OBrien and Jimmy Fallons late night shows and now longstanding prime time talent contest, American Idol.
The ABC shows producers are sending home studio rigs to each of the contestants and judges to shoot the final few episodes of the season. Its a three-camera setup, including three iPhone 11 Pros, a tripod and a ring light. The  production team is helping out with camera setup and editing at a safe distance, from home. 
Heres Apple, which is naturally more than happy for the opportunity to showcase how the smartphone can work in a pinch, 
We know that people are relying on their favorite shows while staying at home, and we are happy to be a part of that process with the team at American Idol. iPhone offers a unique solution to deliver broadcast quality video, in the palm of your hand, while keeping production staff and on-air talent safe and in their homes.
A number of television and movie studios have been exploring the use of smartphones in content creation. It seems unlikely that theyll be replacing studio equipment on a majority of shoots any time soon, but the on-going pandemic could represent a kind of sea change toward a more mainstream use among studios."
4,"{'id': 'techcrunch', 'name': 'TechCrunch'}",Anthony Ha,Yelp is making it easier for businesses to highlight their virtual services,"As businesses struggle to reinvent themselves in the midst of the COVID-19 pandemic, Yelp is launching new features to help highlight these changes. For one thing, it’s adding a new information category called virtual service offerings, which will allow busin…",http://techcrunch.com/2020/05/04/yelp-virtual-services/,https://techcrunch.com/wp-content/uploads/2017/04/gettyimages-487304467.jpg?w=600,2020-05-04T13:00:49Z,"As businesses struggle to reinvent themselves in the midst of the COVID-19 pandemic, Yelp is launching new features to help highlight these changes.
For one thing, it’s adding a new information category called virtual service offerings, which will allow businesses to showcase the fact that they’re providing things like virtual consultations, classes, tours and performances. Then anyone browsing Yelp can search for those categories.
The company said businesses are already starting to introduce virtual services to their profiles, particularly in the categories of home services, fitness, gyms, health and real estate. And Yelp plans to create new Collections that highlight businesses that are still open and providing these services.
In an email, Yelp’s consumer head of consumer product Akhil Kuduvalli told me:
With these new product updates, businesses of all types that are adapting and changing the way they operate will be able to better connect with their customers and potentially find new ones. Once business owners update their virtual service offerings on their Yelp for Business profiles, we will surface those updates to consumers through new call-to-action buttons, by updating the home screen and search results with links to groups of businesses offering these new virtual services, as well as surfacing them in other formats like Collections.
Image Credits: Yelp
Yelp said it will soon add the ability for restaurants to identify the fact that they offer curbside pickup as well. (Apparently restaurants are already using existing features to adapt for example, Chili’s is using the Waitlist feature to manage diners making curbside pickups.)
Yelp (which has had to make cuts of its own in response to the pandemic) has also introduced a customized banner that it said has been used by nearly 224,000 businesses to post updates to their profiles. Now the banner is available to all businesses on Yelp for free.
Lastly, the company said it’s made its Connect feature for posting updates free to eligible local businesses as part of its $25 million relief efforts, and it’s introduced new Highlights that allow businesses to put relevant offerings like gift cards and delivery during the pandemic directly into their Yelp search results.
In a blog post announcing the changes, Kuduvalli wrote:
As government leaders across the country begin to map out plans for reopening local economies, we anticipate that the needs of consumers and businesses will gradually evolve. Were dedicated to listening to our community of local businesses and users as they continue to adapt, and will continue to create new ways to help them stay connected and safe during this unprecedented time."
5,"{'id': 'techcrunch', 'name': 'TechCrunch'}",Megan Rose Dickey,Lyft now requires face masks for riders and drivers,"Lyft today announced a new health initiative that requires drivers and riders to wear face masks or coverings during rides. Additionally, Lyft says it will provide cleaning supplies and masks for drivers. Riders and drivers must all confirm they will cover th…",http://techcrunch.com/2020/05/07/lyft-now-requires-face-masks-for-riders-and-drivers/,https://techcrunch.com/wp-content/uploads/2020/04/GettyImages-1205580183.jpg?w=600,2020-05-07T19:00:01Z,"Lyft today announced a new health initiative that requires drivers and riders to wear face masks or coverings during rides. Additionally, Lyft says it will provide cleaning supplies and masks for drivers.
Riders and drivers must all confirm they will cover their faces and not ride or drive with Lyft if they have COVID-19 or any symptoms. Drivers must also agree to keep their vehicles and hands clean and keep windows open when possible. Lastly, riders must agree to not ride in the front seat.
Before riding or driving, both riders and drivers will be prompted to confirm they will follow Lyft’s new personal health requirements. If a rider or driver repeatedly violates the order, their accounts will be subject to suspension.
“We believe being part of the Lyft community comes with shared responsibility,” Lyft VP of Global Operations Angie Westbrock said on a press call today. “When you wear a mask, you’re demonstrating to someone that you care about them… This helps give both sides — riders and drivers — that extra peace of mind during this time.”
So far, Lyft has dedicated $2.5 million to purchase hundreds of bottles of hand sanitizers and masks for drivers. To get these supplies, Lyft says it will notify drivers exactly where and when they will be able to pick them up. Lyft has so far provided individual drivers with one reusable mask and says it’s exploring partitions. Similarly, Uber began requiring riders and drivers to wear face coverings during rides.
Lyft’s efforts to make its rides safer comes shortly after Lyft laid off 982 employees and furloughed another 288 due to the global health crisis. Meanwhile, Lyft and Uber are facing a new lawsuit from California Attorney General Xavier Becerra over the alleged misclassification of drivers. The suit argues Uber and Lyft are depriving workers of the right to minimum wage, overtime, access to paid sick leave, disability insurance and unemployment insurance. The lawsuit, filed in the Superior Court of San Francisco, seeks $2,500 in penalties for each violation, possibly per driver, under the California Unfair Competition Law, and another $2,500 for violations against senior citizens or people with disabilities."
6,"{'id': 'techcrunch', 'name': 'TechCrunch'}",Natasha Mascarenhas,Digging for dollar signs amid edtech’s current momentum,"Edtech was long defined by stodgy sales cycles, sluggish adoption and splashy pitches to K-12 districts with tight budgets, but the COVID-19 pandemic turned that reputation on its head in short order. Now, companies in the space are entering Q2 — traditionall…",http://techcrunch.com/2020/04/29/digging-for-dollar-signs-amid-edtechs-current-momentum/,https://techcrunch.com/wp-content/uploads/2020/04/GettyImages-1159377801.jpg?w=525,2020-04-29T18:31:11Z,"Edtech was long defined by stodgy sales cycles, sluggish adoption and splashy pitches to K-12 districts with tight budgets, but the COVID-19 pandemic turned that reputation on its head in short order.
Now, companies in the space are entering Q2 traditionally a slower time reserved for product development and extra focus on existing clients busier than ever. In this piece, well unpack some of the dollar signs indicating that edtech may be entering a new era.
A number of edtech founders who are not seeking venture capital have recently told me their inboxes are cluttered with notes from investors looking to chat.
Its a refreshing break from the usual fundraising doom-and-gloom we’ve been hearing about during this pandemic, but I want to note the nuance: Were seeing investors who have never been interested in edtech become bullish on the category as a whole. If these investors put their money where their mouths are, well start to see an uptick of venture funding sector-wide.
For EdSights, co-founded by sister duo Claudia and Carolina Recchi, doors are opening. Before COVID-19, they say they mainly attracted interest from opportunity investors and edtech investors. Now, theyre talking to a number of VCs, none solely from edtech-focused funds."
7,"{'id': 'techcrunch', 'name': 'TechCrunch'}",Jonathan Shieber,Can API vendors solve healthcare’s data woes?,A functioning healthcare system depends on caregivers having the right data at the right time to make the right decision about what course of treatment a patient needs. In the aftermath of the COVID-19 epidemic and the acceleration of the consumer adoption of…,http://techcrunch.com/2020/04/28/can-api-vendors-solve-healthcares-data-woes/,https://techcrunch.com/wp-content/uploads/2019/12/GettyImages-825454080.jpg?w=600,2020-04-29T03:13:26Z,"A functioning healthcare system depends on caregivers having the right data at the right time to make the right decision about what course of treatment a patient needs.
In the aftermath of the COVID-19 epidemic and the acceleration of the consumer adoption of telemedicine, along with the fragmentation of care to a number of different low-cost providers, access to a patient’s medical records to get an accurate picture of their health becomes even more important.
Opening access to developers also could unlock new, integrated services that could give consumers a better window into their own health and consumer product companies opportunities to develop new tools to improve health.
While hospitals, urgent care facilities and health systems have stored patient records electronically for years thanks to laws passed under the Clinton administration, those records were difficult for patients themselves to access. The way the system has been historically structured has made it nearly impossible for an individual to access their entire medical history.
It’s a huge impediment to ensuring that patients receive the best care they possibly can, and until now it’s been a boulder that companies have long tried to roll uphill, only to have it roll over them.
Now, new regulations are requiring that the developers of electronic health records can’t obstruct interoperability and access by applications. Those new rules may unlock a wave of new digital services.
At least that’s what companies like the New York-based startup Particle Health are hoping to see. The startup was founded by a former emergency medical technician and consultant, Troy Bannister, and longtime software engineer for companies like Palantir and Google, Dan Horbatt.
Particle Health is stepping into the breach with an API -based solution that borrows heavily from the work that Plaid and Stripe have done in the world of financial services. It’s a gambit that’s receiving support from investors including Menlo Ventures, Startup Health, Collaborative Fund, Story Ventures and Company Ventures, as well as angel investors from the leadership of Flatiron Health, Clover Health, Plaid, Petal and Hometeam.
Image via Getty Images / OstapenkoOlena
“My first reaction when I met Troy, and he was describing what they’re doing, was that it couldn’t be done,” said Greg Yap, a partner with Menlo Ventures, who leads the firm’s life sciences investments. “We’ve understood how much of a challenge and how much of a tax the lack of easy portability of data puts on the healthcare system, but the problem has always felt like there are so many obstacles that it is too difficult to solve.”
What convinced Yap’s firm, Menlo Ventures, and the company’s other backers, was an ability to provide both data portability and privacy in a way that put patients’ choice at the center of how data is used and accessed, the investor said.
“[A service] has to be portable for it to be useful, but it has to be private for it to be well-used,” says Yap. 
The company isn’t the first business to raise money for a data integration service. Last year, Redox, a Madison, Wis.-based developer of API services for hospitals, raised $33 million in a later-stage round of funding. Meanwhile, Innovaccer, another API developer, has raised more than $100 million from investors for its own take.
Each of these companies is solving a different problem that the information silos in the medical industry presents, according to Patterson. “Their integrations are focused one-to-one on hospitals,” he said. Application developers can use Redox’s services to gain access to medical records from a particular hospital network, he explained. Whereas using Particle Health’s technology, developers can get access to an entire network.
“They get contracts and agreements with the hospitals. We go up the food chain and get contracts with the [electronic medical records],” said Patterson.
One of the things that’s given Particle Health a greater degree of freedom to acquire and integrate with existing healthcare systems is the passage of the 21st Century Cures Act in 2016. That law required that the providers of electronic medical records like Cerner and EPIC had to remove any roadblocks that would keep patient data siloed. Another is the Trusted Exchange Framework and Common Agreement, which was just enacted in the past month.
“We don’t like betting on companies that require a change in law to become successful,” said Yap of the circumstances surrounding Particle’s ability to leapfrog well-funded competitors. But the opportunity to finance a company that could solve a core problem in digital healthcare was too compelling.
“What we’re really saying is that consumers should have access to their medical records,” he said.
Isometric Healthcare and technology concept banner. Medical exams and online consultation concept. Medicine. Vector illustration
This access can make consumer wearables more useful by potentially linking them — and the health data they collect — with clinical data used by physicians to actually make care and treatment decisions. Most devices today are not clinically recognized and don’t have any real integration into the healthcare system. Access to better data could change that on both sides.
“Digital health application might be far more effective if it can take into context information in the medical record today,” said Yap. “Thats one example where the patient will get much greater impact from the digital health applications if the digital health applications can access all of the information that the medical system collected.” 
With the investment, which values Particle Health at roughly $48 million, Bannister and his team are looking to move aggressively into more areas of digital healthcare services.
“Right now, we’re focusing on telemedicine,” said Bannister. “We’re moving into the payer space… As it stands today were really servicing the third parties that need the records. Our core belief is that patients want control of their data but they dont want the stewardship.”
The company’s reach is impressive. Bannister estimates that Particle Health can hit somewhere between 250 and 300 million of the patient records that have been generated in the U.S. “We have more or less solved the fragmentation problem. We have one API that can pull information from almost everywhere.”
So far, Particle Health has eight live contracts with telemedicine and virtual health companies using its API, which have pulled 1.4 million patient records to date.
“The way it works right now, when you give them permission to access your data its for a very specific purpose of use they can only use it for that one thing. Lets say you were using a telemedicine service. I allow this doctor to view my records for the purpose of treatment only. After that we have built a way for you to revoke access after the point,” Bannister said.
Particle Health’s peers in the world of API development also see the power in better, more open access to data. “A lot of money has been spent and a lot of blood and sweat went into putting [electronic medical records] out there,” said Innovaccer chief digital officer Mike Sutten.
The former chief technology officer of Kaiser Permanente, Sutten knows healthcare technology. “The next decade is about ‘let’s take advantage of all of this data.’ Let’s give back to physicians and give them access to all that data and think about the consumers and the patients,” Sutten said.
Innovaccer is angling to provide its own tools to centralize data for physicians and consumers. “The less friction there is in getting that data extracted, the more benefit we can provide to consumers and clinicians,” said Sutten.
Already, Particle Health is thinking about ways its API can help application developers create tools to help with the management of COVID-19 populations and potentially finding ways to ease the current lockdowns in place due to the disease’s outbreak.
“If youve had an antibody test or PCR test in the past we should have access to that data and we should be able to provide that data at scale,” said Bannister. 
“Theres probably other risk-indicating factors that could at least help triage or clear groups as well has this person been quarantined has this person been to the hospital in the past month or two things like that can help bridge the gap,” between the definitive solution of universal testing and the lack of testing capacity to make that a reality, he said. 
“Were definitely working on these public health initiatives,” Bannister said. Soon, the company’s technology — and other services like it — could be working behind the scenes in private healthcare initiatives from some of the nation’s biggest companies as software finally begins to take bigger bites out of the consumer health industry."
8,"{'id': 'techcrunch', 'name': 'TechCrunch'}",Brian Heater,Arm is offering early stage startups free access to its chip designs,"The year’s already off to a rocky start for hardware companies, and we’re only beginning to see the true impact COVID-19 will ultimately have on the market. Arm — the UK company behind the designs of chips for everyone form Apple to Qualcomm to Samsung — is h…",http://techcrunch.com/2020/04/29/arm-is-offering-early-stage-startups-free-access-to-its-chip-designs/,https://techcrunch.com/wp-content/uploads/2019/03/GettyImages-1128091493.jpeg?w=600,2020-04-29T16:58:54Z,"The years already off to a rocky start for hardware companies, and were only beginning to see the true impact COVID-19 will ultimately have on the market. Arm the U.K. company behind the designs of chips for everyone from Apple to Qualcomm to Samsung is hoping to kickstart developing by offering up access to around 75% of its chip portfolio for free to qualified startups. 
The move marks an expansion of the companys Flexible Access program. With it, Arm will open access to its IP for early-stage startups. While some of the biggest companies pay the chip designer big bucks for that information, the cost can be prohibitive for those just starting out. 
In todays challenging business landscape, enabling innovation is critical now more than ever, startups with brilliant ideas need the fastest, most trusted route to success and scale, SVP Dipti Vachani, said in a statement. Arm Flexible Access for Startups offers new silicon entrants a faster, more cost-efficient path to working prototypes, resulting in strengthened investor confidence for future funding.
Its a nice bit of access for up and coming startups. Of course, Arms not simply doing this out of the goodness of its heart. The company certainly has a vested interest in helping foster hardware startups amid what could shape up to be an unprecedented slowdown for the industry after a few years of rapid funding and growth. 
Interested parties can access the full list of available IP here. Arm believes the launch of Flexible Access for Startups could help companies accelerate time to market by up to a year."
9,"{'id': 'techcrunch', 'name': 'TechCrunch'}",Sarah Perez,"Coronavirus-related Facebook support groups reach 4.5M in U.S, as misinformation and conspiracies spread","Facebook has already come under fire for hosting groups organizing anti-quarantine protests in response to government lockdowns amid the coronavirus outbreak, and those promoting fake coronavirus cures and misinformation. Now it’s trying to figure out what to…",http://techcrunch.com/2020/04/21/coronavirus-related-facebook-groups-reach-4-5m-in-u-s-as-misinformation-and-conspiracies-spread/,https://techcrunch.com/wp-content/uploads/2019/10/facebook-app.jpg?w=640,2020-04-21T18:17:28Z,"Facebook has already come under fire for hosting groups organizing anti-quarantine protests in response to government lockdowns amid the coronavirus outbreak, and those promoting fake coronavirus cures and misinformation. Now it’s trying to figure out what to do with the growing number of COVID-19 community groups on its platform worldwide. In hopes of better educating group admins, the company today began its first-ever digital event for those running COVID-19 groups. The event, “Community Connect: Navigating COVID-19,” takes place April 21-23 depending on timezone, and focuses on best practices for COVID-19 groups.
In the English portion of the event that ran today, Facebook CEO Mark Zuckerberg, as is typical, positioned Facebook as a force for good.
“Its times like this when strong communities are needed most. With everything going on, I think the power of online communities in particular has really shined through and been clear, and you all are at the heart of this,” he said. “You are running groups that have helped to organize grocery delivery to older neighbors, groups where parents can share homeschooling tips, groups to source equipment and lifesaving information for healthcare workers, groups to support people who are now out of work or who have seen their businesses take a really big hit,” he continued.
“Even if not organizing directly around coronavirus yourself, your groups have provided an escape for people or a sounding board for people who need support and comfort during this time,” Zuckerberg added.
However, Facebook Groups have also contributed to the spread of misinformation, despite Facebook’s efforts to keep this content off its platform.
Just yesterday, for example, The WSJ reported on data from watchdog group NewsGuard which found that coronavirus misinformation and conspiracy theories remained highly available across Facebook, with some posts seeing thousands of likes and comments. The report also found that sites with millions of Facebook followers have been touting fake cures. Others spread conspiracies so bizarre they’d be laughable except for the fact they’ve led to real-world crime — as in the case of arson attacks on cell towers by those convinced a virus is spread by cell signals.
An earlier study by a different group examined over 100 pieces of debunked COVID-19 related misinformation, and found these posts were shared 1.7 million times and viewed 117 million times between Jan. 21 and April 7, VICE recently reported. When the report was published, 41% of the content was still live — indicating a failure in Facebook’s promises to remove this sort of COVID-19 misinformation.
The rapid growth Facebook Groups as a result of the coronavirus health crisis now makes it even more difficult to get a handle on this sort of content, as many groups operate privately.
In the U.S., more than 4.5 million people joined COVID-19 support groups on Facebook, the company announced today. Over 3 million have done the same in Italy and more than 2 million have in the U.K, Facebook said.
It’s true that many groups may be focused on community information and support — like those designed to help neighbors, support local businesses, or give to charitable organizations, for example. But Facebook groups can also be a private forum where misinformation is easily shared, without fact-checking.
And in a pandemic situation, misinformation and fake medical advice becomes even dangerous as people risk their own health and put others at risk, as well. These fake cures are not dubious supplements being hawked by your high school friend in an MLM — they’re useless and sometimes even dangerous fake cures — like drinking bleach or snorting cocaine.
Facebook has at least been trying to wedge in credible health information into groups.
Recently, it added a prompt for group admins to share live broadcasts about COVID-19 from credible health organizations like the WHO and official state and country health departments. And in partnership with the CDC, Facebook developed learning units based on CDC guidelines that admins are able to add to their group.
Coronavirus group members will also see an educational pop-up in the group itself, directing them to credible information from health organizations. Plus, coronavirus-related search will point to this same information.
“I can promise you that I can speak for everyone at Facebook when I say that it is our top priority to build products that can help everyone right now,” said Fidji Simo, Head of Facebook App, at today’s event. “Whether it is helping make sure you see the latest accurate information from credible health organizations, to helping to provide economic opportunity and stability to businesses who are struggling, to helping facilitate the growth of online communities at the local and global level,” Simo added.
Facebook’s real top priority, however, has been its money-making ad business, which captures a significant portion of its engineering resources, while moderation and fact-checking get outsourced. Without regulatory penalties for allowing dangerous information to spread, that will likely remain unchanged.
Facebook says it plans to host a number of digital events for group admins in the months ahead."
10,"{'id': 'techcrunch', 'name': 'TechCrunch'}",Kirsten Korosec,Ford postpones autonomous vehicle service until 2022,"Ford said Tuesday it will delay plans to launch an autonomous vehicle service to 2022, as the COVID-19 pandemic has prompted the company to rethink its go-to-market strategy. The news was shared as part of Ford’s quarterly earnings which was released after ma…",http://techcrunch.com/2020/04/28/ford-postpones-autonomous-vehicle-service-until-2022/,https://techcrunch.com/wp-content/uploads/2018/07/004-AV-MIAMI_02222018_ford_0702-Edit.jpg?w=600,2020-04-28T21:16:37Z,"Ford said Tuesday it will delay plans to launch an autonomous vehicle service to 2022, as the COVID-19 pandemic has prompted the company to rethink its go-to-market strategy.
The news was shared as part of Ford’s quarterly earnings which was released after market closed Tuesday.
Ford is a bit different from other companies that have launched autonomous vehicle pilots in the United States. The automaker has been pursuing two parallels tracks that were supposed to eventually combine ahead of a planned commercial launch in 2021. The automaker is testing and honing in on what its AV business model might look like, while separately developing autonomous vehicle technology.
Argo AI,  the Pittsburgh-based company into which Ford invested $1 billion in 2017, is developing the virtual driver system and high-definition maps designed for Fords self-driving vehicles. Ford has been testing its go-to-market strategy through pilot programs with partners like Walmart,  Dominos and Postmates, and even some local businesses.
Ford said Tuesday that it needs to study the long-term impacts that the COVID-19 pandemic will have on customer behaviors.
Here is the statement from Ford in response to questions about its autonomous vehicle plans.
Given the challenges of the current business environment, as well as the need to evaluate the long-term impact of COVID-19 on customer behaviors, Ford made the decision to shift the launch of its self-driving services to 2022. Understanding customer behavior is a critically important part of building a new mobility service built around trust and making peoples lives easier. Taking the time to research changes in customer behaviors provides Ford with an opportunity to evaluate and potentially change our go-to-market strategy to meet new consumer demands. As part of this evaluation, we also want to make sure the customer experience we are building offers people peace of mind knowing they, or their packages, are in a safe and protected environment inside our vehicles.
In a slide shared as part of the company’s quarterly earnings call, Ford reported that its investment in Argo is on track
Developing …."
11,"{'id': 'techcrunch', 'name': 'TechCrunch'}",Kirsten Korosec,EV startup Byton furloughs half of its 450-person staff in the U.S.,"China-based electric car startup Byton has furloughed about half of the 450 employees who work at its North American headquarters in Santa Clara, Calif., putting the release date of the automaker’s upcoming M-Byte vehicle into question. Byton told TechCrunch …",http://techcrunch.com/2020/04/22/ev-startup-byton-furloughs-half-of-its-450-person-staff-in-the-u-s/,https://techcrunch.com/wp-content/uploads/2020/04/byton-1-mbyte.jpg?w=764,2020-04-22T20:59:39Z,"China-based electric car startup Byton has furloughed about half of the 450 employees who work at its North American headquarters in Santa Clara, Calif., putting the release date of the automaker’s upcoming M-Byte vehicle into question.
Byton told TechCrunch the furloughs were the result of the COVID-19 pandemic. The intention is to bring these furloughed employees back, the company said without providing a timeline.
“Given the impact of the pandemic on the global economy and the auto industries we, like several companies, have had to take action to face the challenge,” a Byton spokesperson wrote in an email to TechCrunch. “The furloughs have affected all areas within Bytons U.S. operations. Employees in China have not been furloughed.”
Electrek was the first to report the furloughs.
The furloughs come as the company is preparing to bring its M-Byte electric SUV into volume production later this year. The vehicle, perhaps best known for its massive 48-inch wraparound digital dashboard, will be produced at Byton’s factory in Nanjing, China. The M-Byte will be sold in China, the U.S. and Europe.
Byton previously said sales will begin in China in the second half of 2020, followed by the U.S. The vehicle will come to the first European markets in the first half of 2021. However, the COVID-19 pandemic – and the ensuing furloughs and cuts could delay Byton’s timeline.
Byton told TechCrunch is it evaluating the impact of COVID-19 on production of the M-Byte. Byton’s China factory reopened in mid-February and is now nearly fully operational, according to the company. 
Byton has raised about $820 million from investors that include the company’s founding team, FAW Group, Nanjing Qiningfeng New Energy Industry Investment Fund and CATL.
The startup has been working to close a Series C round of fundraising for months now. The company told TechCrunch it is in the “final stage” of the round, which will include investors FAW Group and the industrial investment fund of Nanjing municipal government, Myoung Shin Co. of South Korea MS Autotech and Japanese enterprise Marubeni Corporation ."
12,"{'id': 'techcrunch', 'name': 'TechCrunch'}",Eric Peckham,5 top gaming investors explain how the pandemic is reshaping MMOs and social games,"Now that the COVID-19 pandemic has forced millions into isolation, video games are seeing a surge in usage as people seek entertainment and social interaction. When we surveyed gaming-focused VCs in October, Andreessen Horowitz partner Jonathan Lai predicted …",http://techcrunch.com/2020/04/28/top-gaming-investors-share-how-the-pandemic-is-reshaping-mmos-and-social-games/,https://techcrunch.com/wp-content/uploads/2019/06/GettyImages-647240320-e1580518154914.jpg?w=648,2020-04-28T13:30:22Z,"Now that the COVID-19 pandemic has forced millions into isolation, video games are seeing a surge in usage as people seek entertainment and social interaction.
When we surveyed gaming-focused VCs in October, Andreessen Horowitz partner Jonathan Lai predicted that next-generation games will be bigger than anything weve seen yet,” eventually reaching “Facebook scale.” This month, when we asked 17 VCs how this era would impact consumer startups, gaming was one of the top verticals they named.
We wanted to learn more about how the venture community thinks about the future of this sector, so we asked five experienced gaming investors about where they do and don’t see new opportunities within this trend:
Below are their responses, edited for space and clarity. We’ll follow up with surveys on other gaming categories in the next couple of weeks.
And if you’re interested in understanding the challenges for gaming companies aiming to become next-generation social platforms, be sure to read my eight-part series on virtual worlds."
13,"{'id': 'techcrunch', 'name': 'TechCrunch'}",Anthony Ha,Daily Crunch: AT&T CEO steps down,"AT&T is getting a new boss, the first piece of Apple and Google’s COVID-19 contact tracing program should be available soon and Snap is looking to raise more debt. Here’s your Daily Crunch for April 24, 2020. 1. Randall Stephenson to step down as AT&T chief, …",http://techcrunch.com/2020/04/24/daily-crunch-att-ceo-steps-down/,https://techcrunch.com/wp-content/uploads/2016/10/gettyimages-505858666.jpg?w=600,2020-04-24T16:10:37Z,"AT&amp;T is getting a new boss, the first piece of Apple and Google’s COVID-19 contact tracing program should be available soon and Snap is looking to raise more debt.
Here’s your Daily Crunch for April 24, 2020.
1. Randall Stephenson to step down as AT&amp;T chief, succeeded by COO John Stankey
A big changing of the guard is underway at one of the worlds biggest names in telecoms and media. The change is effective on June 1, and while Stephenson is retiring, he will stay on as executive chairman of AT&amp;T until January 2021.
Stankey has held other roles at AT&amp;T, including CEO of WarnerMedia and CEO of the AT&amp;T Entertainment Group. His promotion suggests a continuing emphasis on the media side of the business.
2. First version of Apple and Googles contact tracing API should be available to developers next week
The first version of Apple and Googles jointly developed, cross-platform contact tracing API should be available to developers as of next week, according to a conversation between Apple CEO Tim Cook and European Commissioner for internal market Thierry Breton.
3. Snap looks to load up on cash in sizable debt offering
Snaps Q1 earnings impressed investors but the company is still losing plenty of cash and its clear that the full impact of the digital ad markets downturn wont be seen until the companys Q2 earnings. The company is now looking to raise looking to raise $750 million.
4. Google ditched tipping feature for donating money to sites
Leaked images obtained by TechCrunch reveal that Google considered and designed a feature that would let people donate money to websites to help support news publishers, bloggers and musicians. But the company ultimately scrapped the idea.
5. Seven VCs look into the future of fintech
Although it looks like the COVID-19 pandemic has clipped the tails of many unicorns, this era wont last forever. Investors expect the domestic and global economy to recover, perhaps as soon as late 2020 or early 2021. (Extra Crunch membership required.)
6. House passes COVID-19 relief package to replenish PPP loan funding
The interim legislation will allocate $310 billion to replenish the SBAs Paycheck Protection Program (PPP), $75 billion for hospitals and $25 billion for COVID-19 testing. President Trump previously expressed his approval of the bill, as well as his intention to sign it and make the funds available as quickly as possible.
7. After 160,000 accounts are compromised, Nintendo shuts down NNID logins
Nintendo confirmed earlier reports of account breaches dating back over the past few weeks. The gaming giant issued an update (via Nintendo Japan) noting that around 160,000 Nintendo Accounts were impacted, with accounts being used to purchase digital items without the owners consent.
The Daily Crunch is TechCrunch’s roundup of our biggest and most important stories. If you’d like to get this delivered to your inbox every day at around 9am Pacific, you can subscribe here."
14,"{'id': 'techcrunch', 'name': 'TechCrunch'}",Brian Heater,The changing face of employment law during a global pandemic,"Prompted by Jeff Bezos’s plans to test all Amazon employees for the virus that causes COVID-19, we wondered whether employers can mandate employee testing, regardless of symptoms. The issue pits public safety against personal privacy, but limited testing avai…",http://techcrunch.com/2020/04/23/the-changing-face-of-employment-law-during-a-global-pandemic/,https://techcrunch.com/wp-content/uploads/2020/04/GettyImages-1217694014.jpg?w=654,2020-04-23T21:32:53Z,"Prompted by Jeff Bezoss plans to test all Amazon employees for the virus that causes COVID-19, we wondered whether employers can mandate employee testing, regardless of symptoms. The issue pits public safety against personal privacy, but limited testing availability has rendered the question somewhat moot.
But as the World Health Organization and U.S. Centers for Disease Control and Prevention have noted, asymptomatic COVID-19 carriers can spread the virus without realizing they’re infected. To learn more about workers’ rights in this arena, we spoke to Tricia Bozyk Sherno, counsel at Debevoise &amp; Plimpton, who focuses on employment and general commercial litigation.
The answer, for now, is not entirely straightforward, though updates from the U.S. Equal Employment Opportunity Commission could make the situation clearer going forward as more tests are made available and state governments begin pushing to reopen businesses.
Sherno offered a fair amount of insight into the EEOCs updated guidance and made some predictions about how things may look for both employers and workers going forward.
TechCrunch: Prior to the COVID-19 pandemic, what sorts of laws governed an employers ability to test employees for infectious diseases?
Tricia Bozyk Sherno: Covered employers (employers with 15 or more employees) must comply with the requirements of the Americans with Disabilities Act (ADA), which limits an employer’s ability to make disability-related inquiries or require medical examinations. (Note that certain states may also have similar statutes in place.) Generally, disability-related inquiries and medical examinations are prohibited by the ADA except in limited circumstances. A “medical examination” is a procedure or test that seeks information about an individuals physical or mental impairments or health so infectious disease testing would fall into this category."
15,"{'id': 'techcrunch', 'name': 'TechCrunch'}",Catherine Shu,"Facebook’s Messenger Kids will launch in more than 70 additional countries, roll out new features","Facebook announced the launch of Messenger Kids in more than 70 new countries and new features that will gradually roll out in different markets. As schools around the world remain closed because of the COVID-19 pandemic, the new features are designed to let …",http://techcrunch.com/2020/04/22/facebooks-messenger-kids-will-launch-in-more-than-70-additional-countries-roll-out-new-features/,https://techcrunch.com/wp-content/uploads/2020/04/MessengerKids.jpg?w=711,2020-04-22T07:57:14Z,"Facebook announced the launch of Messenger Kids in more than 70 new countries and new features that will gradually roll out in different markets. As schools around the world remain closed because of the COVID-19 pandemic, the new features are designed to let kids increase their contacts on the app under parental supervision.
The first new feature, called Supervised Friending, will launch today in the United States before other countries. Prior to Supervised Friending, kids needed to have their parents approve each of their Messenger Kids contacts. Supervised Friending lets parents turn on an option that allows their children to accept, reject, add and remove contacts. Parents are notified through Messenger and allowed to override any approvals through the Parent Dashboard.
The second new feature allows parents to approve other adults, like teachers, to add their kids to group chats. The third feature, now available in the U.S., Canada and Latin America, allows parents to make their childs profile name and photo visible to a circle of users that includes friends of their kids contacts and their parents, children of parents Facebook friends who also have Messenger Kids, and the children of people parents invite to download the app.
In its announcement, Facebook said the new features were developed with its Youth Advisors, an advisory group made up of child development, media and online safety experts. In February, the company introduced new tools and features that give parents more control over their childrens activity on Messenger Kids, including an activity log that makes it easier to see who they are chatting with and what they are sharing. But, as TechCrunchs Sarah Perez noted, Facebooks privacy policy still gives the company plenty of room to collect personal data."
16,"{'id': 'techcrunch', 'name': 'TechCrunch'}",Catherine Shu,HealthJoy launches its revamped employee benefits assistance platform,"HealthJoy, a platform that helps employees get the most use out of their benefits, launched its revamped user interface and technology stack today. The startup told TechCrunch that usage has doubled during the COVID-19 pandemic. While the new platform, called…",http://techcrunch.com/2020/04/23/healthjoy-launches-its-revamped-employee-benefits-assistance-platform/,https://techcrunch.com/wp-content/uploads/2020/04/Screen-Shot-2020-04-24-at-12.30.04-AM.png?w=673,2020-04-23T16:34:31Z,"HealthJoy, a platform that helps employees get the most use out of their benefits, launched its revamped user interface and technology stack today. The startup told TechCrunch that usage has doubled during the COVID-19 pandemic. While the new platform, called HealthJoy 2.0, has been in the works for two years, it is now helping the company handle increased demand for services, including telemedicine.
Launched in 2014, HealthJoy now has more than 500 employers on its platform. It has raised a total of $53 million so far, including a $30 million Series C announced in February.
The new interface includes features that tell users expected wait times for services like its inbox and healthcare concierge, and a new benefits wallet. Last month, HealthJoy also added features to address the pandemic, including help to get testing, online consultations and a guide to nearby in-network healthcare facilities with low wait times.
Co-founder and CEO Justin Holland told TechCrunch that the platform “initially saw a huge spike in telemedicine visits as awareness of the virus grew and people started looking for ways to avoid physically visiting a doctors office. Usage for telemedicine has stabilized in the last couple of weeks and is now only a little bit above our baseline.”
He added that HealthJoy is now encouraging more employees to use the HealthJoy Employee Assistance Program (EAP), which helps them find services like mental health counseling, financial planning, and child and elder care assistance.
“Weve seen a corresponding spike in EAP utilization as people are seeking help,” he said.
HealthJoy 2.0s improvements, which moves more processing away from local clients to the cloud and includes an updated CRM and dashboard for employers, will also make it easier for the company to implement new features in the future.
Other health benefit engagement platforms include Collective Health, League and Lumity. Holland said that HealthJoy 2.0 will help the startup better compete by “allowing for greater integration with partners, a larger collection of APIs and easier integration with third-party data.”"
17,"{'id': 'techcrunch', 'name': 'TechCrunch'}",Darrell Etherington,"Virgin Orbit’s ventilators gain FDA authorization, deliveries to hospitals will start within days","Virgin Orbit has secured an Emergency Use Authorization (EUA) from the U.S. Food and Drug Administration (FDA) for its ventilator, which the small satellite launch company designed and prototyped within the past few weeks in response to growing need for venti…",http://techcrunch.com/2020/04/23/virgin-orbits-ventilators-gain-fda-authorization-deliveries-to-hospitals-will-start-within-days/,https://techcrunch.com/wp-content/uploads/2020/04/vents1.jpg?w=764,2020-04-23T17:25:25Z,"Virgin Orbit has secured an Emergency Use Authorization (EUA) from the U.S. Food and Drug Administration (FDA) for its ventilator, which the small satellite launch company designed and prototyped within the past few weeks in response to growing need for ventilator hardware to address the most severe cases of COVID-19 infection. Virgin Orbit anticipates deliveries of the ventilator hardware to start “within the next few days” now that it has secured the agency’s authorization.
Virgin Orbit designed its ventilator, which is a take on an automated version of the manual resuscitators used most frequently in ambulances by paramedics responding to calls where a person has lost the ability to breath on their own, based on guidance form a group of experts and doctors called ‘The Bridge Ventilator Consortium.” It’s designed mostly as a stop-gap and supplement to free up use of proper ventilator hardware to treat the most severe respiratory symptoms in COVID-19 patients, but should still free up a valuable medical resources that are in short supply as the pandemic continues.
Already, Vrigin says it’s manufacturing the ventilators, and is making “over 100 per week” in terms of its ongoing production rate. The initial delivery set to go out this week will be 100 units that will be shipped to California’s Emergency Medial Services Authority, for distribution depending on need in that sate.
While it has done a lot to quickly ramp up this production line and start shipping ventilators, Virgin Orbit says that it’s been continuing to build out its own small satellite launch system. In fact, it just recently flew a key final test of its LauncherOne vehicle and the carrier aircraft that brings it to its launch altitude the last big step before it runs a full demonstration of its system, including an orbital flight, later this year."
18,"{'id': 'techcrunch', 'name': 'TechCrunch'}",Arman Tabatabai,The first Vision Fund is officially done investing (and spent $100M every day of its existence),"There is a flurry of news out of SoftBank this morning, which announced its Fiscal Year 2019 (ending March 31, 2020) financial results overnight. It’s been a bad year for the Vision Fund, with huge losses at WeWork and Uber due to corporate incompetence, intr…",http://techcrunch.com/2020/05/18/the-first-vision-fund-is-officially-done-investing-and-spent-100m-every-day-of-its-existence/,https://techcrunch.com/wp-content/uploads/2020/05/GettyImages-1205730837.jpg?w=600,2020-05-18T15:26:10Z,"There is a flurry of news out of SoftBank this morning, which announced its Fiscal Year 2019 (ending March 31, 2020) financial results overnight. Its been a bad year for the Vision Fund, with huge losses at WeWork and Uber due to corporate incompetence, intrigue, and of course, COVID-19.
But buried a bit in the footnotes of its financial statements is a note that the first Vision Fund officially closed its doors to new investments way back in September 2019 having exhausted all of its investible capital.
Per the notes, on September 12, 2019, the managing entity that owns the first Vision Fund determined that the fund had spent 85% of its capital, with the remainder reserved for follow-on investments and covering mandatory disbursements and fund management fees. That triggered the early ending of the fund, which was otherwise contractually allowed to invest until November 20, 2022.
To put that in perspective: the Vision Fund, which announced its first close on May 20, 2017, raised a total of $98.6 billion according to SoftBanks documents.
Which means that the fund spent $83.8 billion on investments and fees in just about 845 days.
Thats just shy of $100m per day.
Every day.
(Including weekends.)
The company last year unveiled its plans to launch a second, even larger Vision Fund totaling $108 billion but fundraising has been slow according to reports, and thats not likely to change given some of the other top line numbers SoftBank unveiled today about its Vision.
The Vision Fund officially lost $17.4 billion in value according to SoftBanks financials for the year ending this past March 31. The year before, SoftBank had registered a positive gain in the Vision Funds value of $12.8 billion, which means that the damage of this years performance has completely wiped out all gains the fund had made in the previous year.
But the real shock is the performance of the funds underlying portfolio companies. The Vision Fund currently has 88 active portfolio companies that have not exited. Of those, 19 investments saw a gain in combined value of $3.4 billion according to SoftBank, while 50 companies saw a decline in value aggregating to $20.7 billion in losses. 19 portfolio companies were left unchanged in value.
Its not uncommon for early-stage funds to see huge loss ratios of this sort, but it is extraordinarily rare within the context of a late-stage fund. Considering that these valuations were almost certainly assessed before COVID-19 fully unleashed its damage on the global economy, having 57% of portfolio companies drop in value in just one year is insane, particularly given that most of them were headed toward some form of exit in the short-to-medium term given their stage.
Thats not to say that there arent bright lights in the portfolio, or some realized wins. But ultimately, a portfolio is only as good as its parts, and right now, those parts dont look all that good."
19,"{'id': 'techcrunch', 'name': 'TechCrunch'}",Anthony Ha,Daily Crunch: Facebook is acquiring Giphy,"Facebook acquires a popular GIF search engine, video game sales see major growth and Sorrentino reports promising results for a COVID-19 treatment. Here’s your Daily Crunch for May 15, 2020. 1. Facebook to acquire Giphy in a deal reportedly worth $400 million…",http://techcrunch.com/2020/05/15/daily-crunch-facebook-is-acquiring-giphy/,https://techcrunch.com/wp-content/uploads/2020/05/GIPHYBrandGuide.jpg?w=711,2020-05-15T16:58:27Z,"Facebook acquires a popular GIF search engine, video game sales see major growth and Sorrentino reports promising results for a COVID-19 treatment.
Here’s your Daily Crunch for May 15, 2020.
1. Facebook to acquire Giphy in a deal reportedly worth $400 million
Facebook will acquire Giphy, the web-based animated GIF search engine and platform provider. The company confirmed the deal but isn’t disclosing the terms; Axios reports that it’s worth around $400 million.
Giphy has grown to be a central source for shareable, high-engagement content, and its animated response GIFs are available across Facebooks platforms, as well as through other social apps and services. Most notably, Giphy provides built-in search and sticker functions for Facebooks Instagram, and it will continue to operate in that capacity.
2. US video game sales have record quarter, as consumers stay at home
New numbers from NPD confirm what weve known for a while: The first quarter of 2020 was a very good one for gaming companies. The new report notes that sales hit a record $10.86 billion in the U.S. between January and March of this year, marking a 9% increase over a year prior.
3. Sorrento finds a coronavirus antibody that blocks viral infection 100% in preclinical lab experiments
Therapeutics company Sorrento has made what it says could be a breakthrough in potential treatment of SARS-CoV-2, the virus that leads to COVID-19. The company released details of its preclinical research on Friday, announcing that it has found an antibody that provides 100% inhibition of SARS-CoV-2 virus infection of healthy cells after four days incubation.
4. Indian food delivery startup Zomato cuts 13% of workforce
The 11-year-old firm did not disclose the exact number of people it was letting go, but the number is above 500. A Zomato spokesperson told TechCrunch that the startup employs about 4,000 people and the layoff impacts its workforce globally.
5. Big VCs stacked billions in Q1 while smaller firms saw their haul shrink
New data out today details how U.S.-based VCs fared in Q1 2020, giving us a window into how flush the financial class of startup land was as it headed into the COVID-19 era. The short answer is that big funds raised lots of cash, while smaller funds appear to have put in a somewhat lackluster quarter. (Extra Crunch membership required.)
6. Why did Apple buy NextVR?
At face value, this acquisition seems a little strange for Apple the company has been pushing full-throttle on mobile AR, largely eschewing public activity or interest in the VR world. But virtual reality might feel like a safer investment at the moment.
7. WeWork and SoftBank unveil the first 14 startups in their Emerge accelerator for underrepresented founders
Its an equity-free, eight-week program that includes workshops, access to mentors from SoftBank and the WeWork community and sessions with SoftBank executives. It all culminates in a showcase event for investors and SoftBank partners.
The Daily Crunch is TechCrunch’s roundup of our biggest and most important stories. If you’d like to get this delivered to your inbox every day at around 9am Pacific, you can subscribe here."
