,source,author,title,description,url,urlToImage,publishedAt,content
0,"{'id': 'techcrunch', 'name': 'TechCrunch'}",Kirsten Korosec,Uber drivers and riders will be required to wear face coverings,Uber is planning to require drivers and riders to wear face masks as it prepares to ramp its ride-hailing business back up after being hobbled by the COVID-19 pandemic. CNN was first to report that executives approved a new policy that would require drivers a…,http://techcrunch.com/2020/05/04/uber-drivers-and-riders-will-be-required-to-wear-face-coverings/,https://techcrunch.com/wp-content/uploads/2019/04/GettyImages-1127819907.jpg?w=600,2020-05-04T20:37:50Z,"Uber is planning to require drivers and riders to wear face masks as it prepares to ramp its ride-hailing business back up after being hobbled by the COVID-19 pandemic.
CNN was first to report that executives approved a new policy that would require drivers and riders to wear face masks or coverings in some markets, including the U.S.. TechCrunch confirmed Monday that Uber has developed a policy for certain markets.
Uber still faces one considerable challenge: securing enough face masks and other supplies to protect drivers. The company said multiple orders have either been delayed or canceled as from major manufacturers prioritize healthcare workers and other first responders.
It’s also not clear how Uber will enforce its policy.
“As countries reopen, Uber is focused on safety and proceeding with caution,” an Uber spokesperson said in a emailed statement. “Today, we continue to ask riders to stay home if they can, while shipping safety supplies to drivers who are providing essential trips. At the same time, our teams are preparing for the next phase of recovery, where we will all have a role to play. We’ll communicate updates directly to users when ready, but in the meantime, we continue to urge all riders and drivers to wear masks or face coverings when using Uber.”
Uber has been encouraging riders to stay home through an in-app message and through marketing such as TV spots. The app is still available and people have used it to take trips to grocery stores, to essential jobs and pharmacies. Uber has urged, but not yet required, riders and drivers to wear masks or face coverings.
As the COVID-19 pandemic swept through Europe and North America, Uber drivers have found themselves on the front lines, often times transporting healthcare and other essential workers who were potentially exposed to the disease.
Uber announced last month that it would buy and ship face masks to active drivers and delivery workers globally. However, COVID-19 has squeezed global supplies for face masks and disinfectant. Uber and other ride-share drivers have reported problems accessing the supplies.
In the first week of April, Uber said it began receiving and then shipping about 500,000 ear-loop face masks to drivers. The company initially targeted the most active drivers in COVID-19 hotspots such as New York City and Los Angeles. (In LA, Mayor Eric Garcetti signed a Worker Protection Order that requires companies to provide essential workers with personal protective equipment.) Uber said it also is prioritizing cities and states such as San Francisco, Washington D.C. and New Jersey that have asked drivers to wear face covers.
Uber said it will make these supplies available to all active drivers as more become available. Uber’s goal is to be able to offer masks nationwide regardless of local regulations.
As of this week, Uber has either shipped or preparing to ship 1.4 million ear-loop face masks in the United States. The company also started in early April to ship disinfectant to drivers in Chicago, Los Angeles, NYC, Seattle and Washington D.C."
1,"{'id': 'techcrunch', 'name': 'TechCrunch'}",Jake Bright,Goldman backed ventures Jumia and Twiga partner on produce in Kenya,"Pan-African e-commerce company Jumia and B2B agtech startup Twiga Foods are partnering to deliver produce in Kenya using adaptive measures during COVID-19. In 2019, Jumia became the first VC funded tech company in Africa to list on a major exchange, the NYSE.…",http://techcrunch.com/2020/04/28/goldman-backed-ventures-jumia-and-twiga-partner-on-produce-in-kenya/,https://techcrunch.com/wp-content/uploads/2020/04/TRA-1071.jpeg?w=596,2020-04-28T07:05:52Z,"Pan-African e-commerce company Jumia and B2B agtech startup Twiga Foods are partnering to deliver produce in Kenya using adaptive measures during COVID-19.
In 2019, Jumia became the first VC funded tech company in Africa to list on a major exchange, the NYSE. Based in Nairobi, Twiga raised a $30 million Series B round in October and announced plans to expand its food supply-chain business to West Africa.
Both companies are backed by venture capital from U.S. investment bank Goldman Sachs .
Per the partnership, Jumia will sell bundles of Twiga’s fresh produce on its e-commerce website. Jumia’s delivery fleet will pick up orders from Twiga’s sorting and distribution centers and then complete last mile, contact free delivery. The transactions will be cash only using Jumia’s JumiaPay app, according to Jumia Kenya CEO Sam Chappatte.
Image Credits: Jumia Kenya’s website
The arrangement is meant to leverage the strengths of both companies, while providing a safer and more affordable way for households to obtain foodstuffs through the coronavirus crisis, which started to hit East Africa last month.
Co-founded in Nairobi in 2014 by Peter Njonjo and Grant Brooke, Twiga Foods is focused primarily on connecting the produce of Kenya’s farmers more efficiently to pricing and marketplaces. The company serves around 3,000 outlets a day with produce through a network of 17,000 farmers and 8,000 vendors.
Twiga will benefit from Jumia’s B2C e-commerce platform and Twiga from Jumia’s B2B produce network, according to Jumia’s Kenya CEO.
On the product offerings, “We pulled together the core basics that a family would need for a week or two weeks,” Chappatte told TechCrunch on a call from Nairobi.
“It’s 28 kilograms of fruit and vegetables. It’s delivered in an hour and a half and they save 50% versus supermarkets.”
Image Credits: Jumia
The partnership comes as the coronavirus has hit Africa and actors across the continent’s tech ecosystem have begun to develop practices to maintain operations and stem the spread.
By WHO stats Tuesday there were 21,388 COVID-19 cases in Africa and 877 confirmed virus related deaths, up from 345 cases and 7 deaths on March 18. Kenya ranks 13th in coronavirus cases on the continent.
Countries such as South Africa, Kenya  and Nigeria which happen to be Africas top tech hubs have imposed social distancing and lockdown practices.
Chappatte believes the virus in Kenya is likely under-counted. Jumia is approaching what could become a worsening COVID-19 scenario in Kenya from two angles.
“One of the ways in which we’re facing up to the crisis and trying be as useful as possible to our communities is to remain an everyday service,” he said.
“The second piece is around the right to operate…engaging the government on how home delivery can be cashless, contactless and safe and therefore a useful service over this period.”
Like many tech ventures in Africa, Jumia needs to adapt to the health and economic realities of the coronavirus to continue to generate revenues. Since going public in April 2019   and being required to report quarterly financial performance the company has faced increased pressure to demonstrate profitability.
Continued losses, a short-sell assault and an employee fraud scandal in 2019 led Jumia’s share price to plummet more than 50% since its April IPO, from  $14.50 on listing to $4.43, as of Monday.
The company weathered these events and CEO Sacha Poignonnec highlighted a bright spot in the 2019 results. Jumia finally got into the black on one key indicator, reaching a gross profit of 1.0 million after deducting fulfillment expenses in Q4 of last year.
The online retailer’s next earnings call is scheduled for May 13. It could provide a unique window into the extent COVID-19 in Africa has impacted the performance of one of the continent’s most visible tech companies."
2,"{'id': 'techcrunch', 'name': 'TechCrunch'}",Ingrid Lunden,On-demand storage startup MakeSpace picks up another $45M,"Sheltering-in-place and working from home curing COVID-19 has driven many of us to reorganize and de-clutter our living environments, and today one of the startups that is capitalizing on that trend is announcing a large round of funding to continue its growt…",http://techcrunch.com/2020/05/21/on-demand-storage-startup-makespace-picks-up-another-45m/,https://techcrunch.com/wp-content/uploads/2016/02/11_transactional.jpg?w=600,2020-05-21T11:11:38Z,"Sheltering-in-place and working from home curing COVID-19 has driven many of us to reorganize and de-clutter our living environments, and today one of the startups that is capitalizing on that trend is announcing a large round of funding to continue its growth. MakeSpace, an on-demand storage company that makes it easy to order, store and retrieve your physical belongings (also providing the muscle — that is, people — to help you do it), has closed a $45 million round of equity funding led by Iron Mountain, a strategic partner (its primary focus is storage for larger businesses) that is an existing investor in the company.
The funding is notable in part because of its size, but also because of the fact that it has happened at all.
On-demand storage startups have sprung up all over the world, hopeful that their new take on an antiquated, fragmented and valuable ($38 billion annually spent on storage) market would lead to big returns in a brave, new, Uberified world. But in reality, we’ve seen a lot of ups and downs, with various startups merging, closing, transferring and trying to pivot in the process. That’s left a consolidated space with fewer, hopefully better capitalised and better organised, competitors remaining.
MakeSpace looks like it’s making a successful play to be in that group. This is a Series E for the startup — with other investors in the round including 8VC, Upfront Ventures, Maywic Select Investments, Ten Eighty, Provenio Capital, and CX Collective — and co-founder and CEO Rahul Gandhi said was at “a premium” to the valuation MakeSpace had in the last round of funding (a Series D that closed last year), without confirming either the previous or current numbers.
For some more context, PitchBook details what seems to have been a rollercoaster of valuations for the startup, which if accurate underscore some of those obvious challenges in this market. We’ll see if we can get some more clarification on that and update when and if we learn more.
MakeSpace itself has hit a number of milestones that point to its own growth. Last year, it added 20 new markets, bringing the total to 31 in North America, and doing so in a cost-effictive way. While one of the biggest costs (and stumbling blocks) for storage services to date has been grappling with building real estate businesses, MakeSpace has leaned on the infrastructure of its strategic investor Iron Mountain to bypass that challenge (and reduce those associated costs).
Gandhi said that it’s been outpacing “even our strongest forecasts,” with growth north of 30% on its targets, and he said the company has tens of thousands of customers.
And while you might assume that a lack of house moving might mean less activity for storage companies, it seems the opposite is the case: MakeSpace and others like it have been designated “essential services” and its services have been in demand for people who are looking at their living spaces — and the prospect of spending significantly more time in them doing more than just watching Netflix, eating and sleeping — with new eyes. And ditto small businesses that are moving out of premises, even temporarily, or needing to rejig their environments because of distancing rules.
What’s also notable about MakeSpace is how it organises its workforce. While many on-demand businesses today have scaled by using an army of contractors, and all the complexities that this brings into the equation with regards to employee protections and benefits, MakeSpace has hired only full-time people, using its own team and those employed by Iron Mountain.
“They can get wonderful packages and all the benefits and perks to keep employee base happy,” Gandhi said. “It makes it easier to scale up the business and in terms of the hiring capabilities to help us scale.”
He acknowledged also that while Iron Mountain is an obvious acquirer longer-term, it remains a minority investor. “It’s really key that we remain independent,” he added. “We understand the strength of what they bring to table but in order for this business to capture major market share we felt collectively it was important for it to remain that way. At some point that discussion [on a bigger stake or acquisition] may happen but for now we feel incredibly good about what they are bringing to the table.”"
3,"{'id': 'techcrunch', 'name': 'TechCrunch'}",Jake Bright,Zipline begins US medical delivery with UAV program honed in Africa,Drones are being deployed in the fight to curb COVID-19 in the U.S. Novant Health and California based UAV delivery startup Zipline have launched distribution of personal protective gear and medical equipment in North Carolina. Novant is a non-profit healthca…,http://techcrunch.com/2020/05/26/zipline-begins-us-medical-delivery-with-uav-program-honed-in-africa/,https://techcrunch.com/wp-content/uploads/2020/05/pre-flight-check-1.jpg?w=600,2020-05-27T04:58:16Z,"Drones are being deployed in the fight to curb COVID-19 in the U.S.
Novant Health and California based UAV delivery startup Zipline have launched distribution of personal protective gear and medical equipment in North Carolina.
Novant is a non-profit healthcare provider with a network in the Southeastern United States.
Through the partnership, Zipline’s drones will make 32 mile flights on two routes between Novant Health’s emergency drone fulfillment center in Kannapolis to the company’s medical center in Huntersville, North Carolina where front line healthcare workers are treating coronavirus patients.
Zipline and Novant are touting the arrangement as the first authorized long-range drone logistics delivery flight program in the U.S. The program has gained approvals by the U.S. Federal Aviation Administration and North Carolina’s Department of Transportation though the FAA offered TechCrunch nuanced guidance on how it classifies the undertaking.
This story behind the Novant, Zipline UAV collaboration has a twist: the capabilities for the U.S. operation were developed primarily in Africa. Zipline has a test facility in the San Francisco area, but spent several years configuring its drone delivery model in Rwanda and Ghana.
Co-founded in 2014 by Americans Keller Rinaudo, Keenan Wyrobek and Will Hetzler, Zipline designs its own UAVs, launch and landing systems and logistics software for distribution of critical medical supplies.
The company turned to East Africa in 2016, entering a partnership with the government of Rwanda to test and deploy its drone service in that country.  Zipline went live with UAV distribution of life saving medical supplies in Rwanda in late 2016, claiming the first national drone-delivery program at scale in the world.
Zipline co-founder Keller Rinaudo (L) with Rwandan President Paul Kagame (Middle) in 2016
The company expanded to Ghana in 2016, where in addition to delivering blood and vaccines by drone, it now distributes COVID-19 related medication and lab samples.
Based on its Africa operations, Zipline was selected by regulators to participate in medical drone delivery testing in the U.S. in 2016, in coordination with the FAA.
The company’s Africa business also led to its pandemic response partnership with Novant Health. The North Carolina based company was in discussion with Zipline on UAV delivery before the coronavirus outbreak in the U.S., but the crisis spurred both parties to speed things up, according to Hank Capps, a Senior Vice President at Novant.
That included some improvisation. For its current launch site the operation is using space donated by a local NASCAR competition team, Stewart-Haas Racing.
According to Capps, the current collaboration using drones to deliver medical supplies from that site could grow beyond the 32 mile route Zipline and Novant began flights on last Friday.
“Right now we plan to expand it geographically within our footprint, which is fairly large within North Carolina, South Florida, and Virginia,” he told TechCrunch on a call.
That, of course, will depend on regulatory approval. The FAA granted Novant Health permission to operate the current program which the FAA classifies as a distribution vs. delivery operation through a 107 waiver. This rolls up into the evolving federal code on operation of unmanned aircraft in the U.S. and allows Novant and Zipline to operate “until Oct. 31, 2020, or until all COVID-related restrictions on travel, business and mass gatherings for North Carolina are lifted, whichever occurs first,” according to the FAA. The U.S. regulatory body also stipulated that “Part 107 is a waiver, not a drone licence.”
The FAA offered cautious confirmation that the Zipline, Novant partnership is the first approved long range unmanned delivery service in the United States.
“I am not aware of any that are flying routes as far as what they are doing in North Carolina, but I try to be careful when talking about firsts,” an FAA spokesperson told TechCrunch.
Last month UPS and CVS announced a shorter range drone delivery program of prescription drugs to a retirement village in Florida.
Image Credits: Novant Health
The arrangement between Zipline and Novant is not for financial gain according to both parties but still supports Zipline’s profitability thesis advanced by co-founder Keller Rinaudo.
Healthcare logistics is a $70 billion global industry, and its still only serving a golden billion on the planet, he told me in a 2016 interview.
On a recent call, Rinaudo noted the startup is generating income on operations to serve that market, through the company doesn’t release financial data.
“At the distribution centers that have been operating for more than a year, Zipline is making money on the deliveries that we do,” he said.
Rinaudo pointed to the more favorable margins of autonomous delivery using small, electric powered UAVs versus large internal combustion vehicles.
“I think that these kinds of services are going to operate, much more profitably than traditional logistic services,” he said.
Zipline sold investors on that value proposition. The company has raised (a reported) $233 million in VC from backers including Andreeson Horowitz and Goldman Sachs. Zipline intends to expand its drone delivery business in the U.S. and anywhere in the world it finds demand, according to its CEO.
In addition to partners such as Novant Health, Zipline has caught the attention of big logistics providers, such as UPS which has supported (and studied) the startup’s Africa operations back to 2016.
The Zipline, Novant partnership on UAV delivery of medical supplies in the U.S. is a high-point for the thesis that Africa’s tech ecosystem which has become a hotbed for VC and startups can produce innovation with global application.
The presidents of Rwanda and Ghana  Paul Kagame and Nana Akufo-Addo were instrumental in supporting Zipline’s partnerships in their countries. Other nations on the continent, such as Kenya, South Africa, and Zambia, continue to advance commercial drone testing and novel approaches to regulating the sector.
Image Credits: HHP/Harold Hinson
For all the talk that COVID-19 may force an isolationist shift across countries, the Zipline, Novant Health partnership is very much a globally incubated solution applied locally in the U.S. to an international problem.
The program combines a medical drone delivery startup founded in San Francisco with a model tested in Africa to an American healthcare venture in North Carolina, with a little help from a NASCAR race team. This could reflect the unique application of tech and partnerships to come in the fight against COVID-19."
4,"{'id': 'techcrunch', 'name': 'TechCrunch'}",Brian Heater,Tokyo’s Haneda Airport adopts WHILL’s autonomous mobility devices to help practice social distancing,"Among countless other unexpected effects, COVID-19 has accelerated the adoption of all manner of new technologies, as people look for ways to reduce transmission of the virus. Yokohama, Japan-based WHILL has already seen a bit of traction for its autonomous m…",http://techcrunch.com/2020/06/08/tokyos-haneda-airport-adopts-whills-autonomous-mobility-devices-to-help-practice-social-distancing/,https://techcrunch.com/wp-content/uploads/2020/06/20191102-Haneda-sample-14-small.jpg?w=600,2020-06-08T14:33:41Z,"Among countless other unexpected effects, COVID-19 has accelerated the adoption of all manner of new technologies, as people look for ways to reduce transmission of the virus. Yokohama, Japan-based WHILL has already seen a bit of traction for its autonomous mobility device in the forms of global trials in recent years, and now that the novel coronavirus has become a serious concern, at least one airport is further embracing the tech.
The startup noted this morning that Tokyos Haneda Airport will be using the WHILL Autonomous Drive System to help passengers with reduced mobility travel between gates. The implementation is still fairly limited, serving gates three through seven at the worlds fourth busiest airport. 
WHILL cites concerns over the spread of COVID-19 as a major factor in the acceleration of the adoption, following 11 trials that have served around 400 passengers since 2019. The addition of autonomous personal mobility vehicles will go some ways toward reducing contact between staff and passengers and hopeful limit the spread of the virus in the process.
In the With Corona era, we believe services that support mobility while maintaining social distancing will accelerate to replace human labor with robots and autonomous driving technologies. CEO Sathoshi Sugie said in a release. WHILL wants to provide a safe service that connects the last mile. We look forward to rapidly developing our business in order to help restore a world where people can move around with peace of mind and enjoyment.
The system operates with a simple tap of the touchscreen, navigating to the destination gate. When the passenger has arrived safely, another tap with return it to its docking station."
5,"{'id': 'techcrunch', 'name': 'TechCrunch'}",Kirsten Korosec,The 2021 Ford Bronco gets an official debut date,"More than three years ago, Ford announced it was bringing back the Bronco after years of customer requests and speculation. The mid-size SUV that ended its 30-year production run in 1996 was supposed to debut in March. Then COVID-19 happened and well everythi…",http://techcrunch.com/2020/06/13/the-2021-ford-bronco-gets-an-official-debut-date/,https://techcrunch.com/wp-content/uploads/2020/06/FordBronco-Teste-no-Deserto.jpg?w=711,2020-06-13T22:11:37Z,"More than three years ago, Ford announced it was bringing back the Bronco after years of customer requests and speculation.
The mid-size SUV that ended its 30-year production run in 1996 was supposed to debut in March. Then COVID-19 happened and well everything got cancelled, including numerous vehicle reveals.
The reborn Ford Bronco will finally emerge to the media and public beyond what we’ve already seen thanks to lots of leaked photos on July 9. Ford announced the date in a post Saturday on Instagram.
Why has TechCrunch dared write about the Ford Bronco? Let’s ignore that it’s a Saturday and I’m trying to bring a little light into everyone’s lives for a fleeting moment or that the Ford Bronco was my childhood companion on numerous camping trips in Baja and the first vehicle I ever drove off road.
The Ford Bronco might be a classic. But it will certainly embody some new fangled tech, hence our interest. The Bronco is also part of Ford’s previously announced plans to invest $750 million and add 2,700 new direct jobs at its Wayne, Mich. factory. The Ford Bronco and an all-new Ford Ranger will be assembled at the Wayne factory, which will also house and a new modification center to support autonomous vehicles.
Expect Ford to produce a family of Bronco vehicles, including a smaller Bronco Sport and plug-in hybrid. Ford CEO Jim Hackett confirmed during the company’s 2019 shareholder meeting that a hybrid would be part of the mix.
The Bronco is going to be available in two- and four-door configurations. There should be lots of opportunity for buyers to customize their Bronco. For instance, opting for removable doors and roof. The expectation is that the Bronco will have a body-on-frame chassis and be offered with 2.3-liter turbo four and maybe even a V6. Although it’s unclear if the smaller Sport will have a different architecture.
Stay tuned."
6,"{'id': 'techcrunch', 'name': 'TechCrunch'}",Jonathan Shieber,Zoom admits to shutting down activist accounts at the request of the Chinese government,"Zoom, the wildly successful video chat service that has been a ubiquitous feature of life during the COVID-19 pandemic, said that it shut down three accounts at the request of the Chinese government for holding memorials for the victims of China’s violent sup…",http://techcrunch.com/2020/06/11/zoom-admits-to-shutting-down-activist-accounts-at-the-request-of-the-chinese-government/,https://techcrunch.com/wp-content/uploads/2020/04/decrypted-whittaker-zoom.jpg?w=713,2020-06-11T23:28:43Z,"Zoom, the wildly successful video chat service that has been a ubiquitous feature of life during the COVID-19 pandemic, said that it shut down three accounts at the request of the Chinese government for holding memorials for the victims of China’s violent suppression of peaceful protests at Tiananmen Square on June 4, 1989.
As Axios first reported, the accounts of Lee Cheuk-Yan, Wang Dan and Zhou Fengsuo were closed down by the video communication service for planning and holding vigils and events to commemorate the Tiananmen Square Massacre.
According to Zoom’s own timeline, the company was notified by the Chinese government about four large, June 4th commemoration meetings that were being publicized on social media. The Chinese government demanded that Zoom terminate the meetings and host accounts. Responding to the Chinese government’s request Zoom determined that three of the four events included participants from mainland China and were distributing information or discussing events that were illegal under Chinese law.
Zoom shut down those meetings.
The company also suspended the host accounts, which were located in Hong Kong and the U.S.
In its statement, Zoom blamed the decision on the company’s inability to block participants by country. “We could have anticipated this need,” the company acknowledged.
To correct its error, Zoom said it would be “developing technology over the next several days that will enable us to remove or block at the participant level based on geography. This will enable us to comply with requests from local authorities when they determine activity on our platform is illegal within their borders; however we will also be able to protect these conversations for participants outside of those borders where the activity is allowed.”
Zoom attributed its decision to acquiesce to the Chinese government as a consequence of operating as an international company. “We hope that one day, governments who build barriers to disconnect their people from the world and each other will recognize that they are acting against their own interests, as well as the rights of their citizens and all humanity,” the company wrote in its statement. “The reality is Zoom operates in more than 80 countries and continues to expand, which requires compliance with local laws even as Zoom seeks to promote the open exchange of ideas.”
This isn’t the first time that Zoom’s privacy and security policies or the company’s potentially too-cozy relationship with the Chinese government has been called into question. The company also came under fire for routing some of its calls through China, something the company called a mistake, when the practice was first reported in April.
The company has previously acknowledged that much of its technology development is conducted in China and security concerns from governments abound. Taiwan and India have both banned the app for government use, and the U.S. Government and German Ministry of foreign affairs are restricting use of the app for government purposes.
Despite all of the security lapses and criticism, usage of Zoom has skyrocketed. It now counts over 300 million users of its streaming video communication services.
The company’s full statement follows below:
We hope that one day, governments who build barriers to disconnect their people from the world and each other will recognize that they are acting against their own interests, as well as the rights of their citizens and all humanity. The reality is Zoom operates in more than 80 countries and continues to expand, which requires compliance with local laws even as Zoom seeks to promote the open exchange of ideas.”
Recent articles in the media about adverse actions we took toward Lee Cheuk-yan, Wang Dan, and Zhou Fengsuo have some calling into question our commitment to being a platform for an open exchange of ideas and conversations. To be clear, their accounts have been reinstated, and going forward, we will have a new process for handling similar situations. 
We will do better as we strive to make Zoom the most secure and trusted way to bring people together.
Key Facts
<ul><li>In May and early June, we were notified by the Chinese government about four large, public June 4th commemoration meetings on Zoom that were being publicized on social media, including meeting details. The Chinese government informed us that this activity is illegal in China and demanded that Zoom terminate the meetings and host accounts.</li><li>We did not provide any user information or meeting content to the Chinese government. We do not have a backdoor that allows someone to enter a meeting without being visible.</li><li>For one of the meetings, even though the Chinese authorities demanded we take action, we chose to keep the meeting undisturbed because it did not have any participants from mainland China.</li><li>For two of the four meetings, a U.S.-based Zoom team reviewed the meeting metadata (such as IP addresses) while the meeting was in progress, and confirmed a significant number of mainland China participants.</li><li>For the fourth situation, the Chinese government showed us a social media invitation for an upcoming meeting referencing a June 4th commemoration event and demanded we take action. The Chinese authorities also notified us of a prior meeting under this account that they considered to be illegal. A U.S.-based Zoom team confirmed the attendance of mainland China participants in that prior meeting.</li><li>Zoom does not currently have the ability to remove specific participants from a meeting or block participants from a certain country from joining a meeting. As such, we made the decision to end three of the four meetings and suspended or terminated the host accounts associated with the three meetings.</li></ul>How We Fell Short
We strive to limit actions taken to only those necessary to comply with local laws. Our response should not have impacted users outside of mainland China. We made two mistakes:
<ul><li>We suspended or terminated the host accounts, one in Hong Kong SAR and two in the U.S. We have reinstated these three host accounts.</li><li>We shut down the meetings instead of blocking the participants by country. We currently do not have the capability to block participants by country. We could have anticipated this need. While there would have been significant repercussions, we also could have kept the meetings running.</li></ul>Actions Were Taking
<ul><li>Going forward Zoom will not allow requests from the Chinese government to impact anyone outside of mainland China.</li><li>Zoom is developing technology over the next several days that will enable us to remove or block at the participant level based on geography. This will enable us to comply with requests from local authorities when they determine activity on our platform is illegal within their borders; however, we will also be able to protect these conversations for participants outside of those borders where the activity is allowed.</li><li>We are improving our global policy to respond to these types of requests. We will outline this policy as part of our transparency report, to be published by June 30, 2020.</li></ul>In addition to connecting people for business, education, healthcare, and other professional endeavors, during this global pandemic Zoom has become the platform people all over the world are choosing for human connection. Zoom is proud of the role we are playing globally and fully supports the open exchange of ideas and conversations that bring communities together to meet, organize, collaborate, and celebrate."
7,"{'id': 'techcrunch', 'name': 'TechCrunch'}",Connie Loizos,A new Silicon Valley venture report shocks — because of how little the pandemic has impacted dealmaking,The law firm Fenwick & West has published some new data to highlight how Covid-19 has impacted the world of venture capital in Silicon Valley. The biggest surprise? It’s how little impact the global pandemic seems to have had on dealmaking this spring. Consid…,http://techcrunch.com/2020/06/15/a-new-silicon-valley-venture-report-shocks-because-of-how-little-the-pandemic-has-impacted-dealmaking/,https://techcrunch.com/wp-content/uploads/2018/10/GettyImages-875468540.jpg?w=600,2020-06-16T03:39:27Z,"The law firm Fenwick &amp; West has published some new data to highlight how Covid-19 has impacted the world of venture capital in Silicon Valley. The biggest surprise? It’s how little impact the global pandemic seems to have had on dealmaking this spring.
Consider first that valuations in April were actually higher than in March, and that despite massive layoffs in the tech sector, so-called up-rounds only declined modestly, from 72% in March to 70% in April.
In fact, though you’d think the massive disruptions prompted by virus would accelerate things wildly, it looks more like the steady continuation of a trend that began last year, when 83% of financings saw companies receive higher valuations.
We can’t pinpoint when this started based on Fenwick’s report, but our guess is that it kicked off with WeWork’s pulled IPO last fall, which seemingly reminded investors that what goes up — and up — sometimes comes down fast, too.
What about good old-fashioned down rounds? You’d probably guess that a lot of startups — including those in the travel industry or that count the travel industry as a customer — were impacted severely when the coronavirus took hold in the U.S. But again, Fenwick’s data, at least, tells a different story. The number of deals that were marked down by investors accounted for just 12% of all deal volume in April; that’s even lower than in March, when 16% of companies experienced down rounds.
It does make sense, considering that the data is specific to April alone, especially when accounting for the many startups that have been thrown a longer lifeline by their investors in the firm of extensions to earlier rounds. Investors don’t like seeing their deals marked down by new investors, of course. The thinking, too, is just to get the companies through this rough patch, then figure out what’s what. (Relatedly, there was a sizable increase in flat rounds: 18% in April, compared to 13% in March and 9% last year.)
More astonishing was the sheer pace of investing into startups in Silicon Valley. Though there was talk about investors needing to stop and assess the health of their portfolio companies from mid-March to early April, it seems now that VCs never really stepped off the gas. According to Fenwick, the number of deals actually increased from 54 in March to 64 in April; that nearly matches the 65 deals per month that were completed last year, when the world wasn’t grappling with an epidemic.
For what it’s worth, many of these were later-stage deals. Fenwick’s data shows the percentage of Series D and E+ deals increased to 38% of all financings in April, up from 21% in March and the highest that figure has been since August 2018, when Series D/E+ deals combined for 42% of all financings.
In short, VCs were plowing more money into what they see as sure things — and into management teams they weren’t meeting for the first time over Zoom.
Either way, as one of the reports authors — longtime attorney Barry Kramer — noted in a follow-up email, averages “can obscure” the disparities in how companies are being impacted right now, with some benefiting from the stay-work-learn-at-home shift, while others, including biotech research, manufacturing and hardware being hurt by it.
“We aren’t seeing massive upheaval or panic in the industry,” however, wrote Kramer. VCs are instead “adjusting to the current situation.”"
8,"{'id': 'techcrunch', 'name': 'TechCrunch'}",Brian Heater,Computex 2020 is officially canceled,"In March, the Computex organizers delayed the trade show from June to late-September. At the time, the realities of COVID-19 were sinking in for many in the international community, while the tradeshow’s home of Taipei was dealing with a new flareup of the no…",http://techcrunch.com/2020/06/12/computex-2020-is-officially-canceled/,https://techcrunch.com/wp-content/uploads/2019/06/GettyImages-1146681839.jpg?w=600,2020-06-12T15:01:24Z,"In March, the Computex organizers delayed the trade show from June to late-September. At the time, the realities of COVID-19 were sinking in for many in the international community, while the tradeshows home of Taipei was dealing with a new flareup of the novel coronavirus. At the time, late-September also felt like a fairly safe bet for some return to normality.
Three months later, however, the timeline now feels overly optimistic. Today, the shows organizers announced that Computex 2020 wont be happening. Instead, the show has been rescheduled to June 2021. Thats a nicer way of saying that Computex will be missing a year, following in the footsteps of other large tech shows like Barcelona’s MWC, which was among the  first to be felled by the virus. 
A press release notes that Taiwan has largely been spared the virus. The countrys 443 confirmed cases and seven deaths are made all the more remarkable by its proximity to mainland China. Of course, a big part of containing the virus have involved travel lockdowns. Inviting some 43,000 people from around the world to attend an indoor event in your most populous city seems like a reasonably good recipe for spreading the highly contagious virus. 
The show will happen June 1-5 2021, putting it back in line with preview years events. There will also be some online programming in the meantime. Other shows, meanwhile, have announced plans to go on as planned. Notably, IFA will once again be held in Berlin in September, albeit with a mandated cap on attendance. Januarys CES, on the other hand, will go ahead as planned in Vegas."
9,"{'id': 'techcrunch', 'name': 'TechCrunch'}",Brian Heater,CES set for an in-person event in 2021,"CES 2020 barely made it in under the wire, before COVID-19 gripped the world. The following month, Barcelona’s MWC was ultimately shut down, as the pandemic began to move across Europe. That was the first of many dominoes to fall, as events were either taken …",http://techcrunch.com/2020/06/03/ces-set-for-an-in-person-event-in-2021/,https://techcrunch.com/wp-content/uploads/2020/01/rivian-getty-ces.jpg?w=601,2020-06-03T16:19:33Z,"CES 2020 barely made it in under the wire, before COVID-19 gripped the world. The following month, Barcelonas MWC was ultimately shut down, as the pandemic began to move across Europe. That was the first of many dominoes to fall, as events were either taken online or canceled altogether. 
Seems CES wont miss a beat, however. The CTA (CES’s governing body) announced today that it plans to go forward with the Las Vegas event in January 2021. Unlike Berlins IFA, which is purposely scaling back attendance, CES does not appear to have planned anything like an attendance cap in the works. Though organizers note that they will continue to expand online events tied to the show, as it seems many would rather not risk the in-person event. 
The CTA also detailed the standard array of safeguards for show-goers. Those are as follows, 
<ul><li> Regularly clean and sanitize spaces across the show venues and provide sanitization stations throughout;
</li><li> Better enable social distancing, including widening aisles in many exhibit areas and providing more space between seats in conference programs and other areas where attendees congregate;
</li><li> Issue best practices for attendees, such as wearing masks and avoiding shaking hands, and for exhibitors on product demonstrations;
</li><li> Limit touch points throughout the facilities including through cashless systems for purchases and transactions;
</li><li> Evaluate solutions for contactless thermal scans at key venue entry points;
</li><li> Provide enhanced on-site access to health service and medical aid.
</li></ul>Organizers say theyre working closely with the Las Vegas community on other best practices. Vegas mayor Carolyn Goodman has been particular vocal in her opposition to COVID-related shutdowns. She referred to safety measures as “total insanity in mid-April and offered to make her city a control group by opening casinos and other businesses up to domestic and international travelers. 
Many event planners, on the other hand, continue to be cautious as fears of additional COVID-19 waves spread across the globe. Given how notorious these conventions are when it comes to the spread of colds and flus in non-pandemic years, it seems safe to assume that many regular attendees will opt to sit this one out. Notably, the CTA is using the “plan” here. It’s hard enough to imagine what the world is going to look like tomorrow, let alone seven months from now."
10,"{'id': 'techcrunch', 'name': 'TechCrunch'}",Natasha Mascarenhas,"Zigazoo launches to be a ‘TikTok’ for kids, surpasses 100,000 uploads and downloads","Like many parents, Zigazoo founder Zak Ringelstein worries about his children’s screen time. His worries only grew when COVID-19 led to school shutdowns and kids came home to a world of remote learning. Now, as lockdowns extend, Ringelstein is learning to emb…",http://techcrunch.com/2020/06/02/zigazoo-launches-to-be-a-tiktok-for-kids-surpasses-100000-uploads-and-downloads/,https://techcrunch.com/wp-content/uploads/2019/04/sesame-street-50th-devicefreedinner-thumb.jpg?w=640,2020-06-02T18:09:39Z,"Like many parents, Zigazoo founder Zak Ringelstein worries about his childrens screen time. His worries only grew when COVID-19 led to school shutdowns and kids came home to a world of remote learning. Now, as lockdowns extend, Ringelstein is learning to embrace screen time as a way to sneak education and entertainment into his kids digital diet.
Ringelstein, the former founder of UClass (acquired in 2015), launched Zigazoo, which he describes as a TikTok for kids.
Zigazoo is a free app where kids can answer short video-based exercises that they can answer through video and share responses with friends. Exercises range from how to create a baking soda volcano to making fractions out of food, and targets kids from preschool to middle school.
To ensure the apps privacy, Ringelstein says that parents should be the primary users of the app. Users have to accept a friend request in order for their content to be seen, a move Ringelstein sees as key to avoiding bad actors or potential bullying.
Additionally, Zigazoo uses an API to moderate content.
Ringelsteins first users were his own kids, a test he says was very rewarding.
Ringelstein’s son participating in a Zigazoo prompt.
The testing process made him realize that kids like to create longer videos, and watch smaller videos, so Zigazoo is figuring out an attention span for viewing. Currently, average time on site per user has gone up to 19 minutes and 43 seconds per day.
Ringelstein pointed to “Sesame Street” as his inspiration. Mixing education and entertainment has proven successful for a number of businesses. Kids were drooling in front of the screen watching the characters of “Sesame Street,” spending mindless hours staring at the television set, he recalls.
The creators of Sesame Street…used the medium to educate kids and entertain them at the same time, Ringelstein said. Vox described “Sesame Street” as a bedrock for educational television, bringing loved characters to the table with former First Lady Michelle Obama or using a silly song to teach kids about recycling.
In one month, Zigazoo has had 100,000 videos uploaded to and downloaded from its site.
While Zigazoo claims to be a “TikTok” for kids, it is competing with the platform itself. Some teachers have turned to TikTok to create lessons on solar cell systems and experiments.
Others are putting together guides of kid friendly TikTok creators. And TikTok itself recently let parents set restrictions on content, DMs and screen time for their kids.
Video-based learning is a better way for students to engage actively in an educational activity, versus passively reading a paragraph from a Google doc, according to Ringelstein.
Combining education with entertainment comes with a set of risks around child safety. Last March, The New York Times wrote a story about how “kidfluencers” has grown as a concept, where parents put their kids online, touting brands, and make money off of it. The resulting ethical concerns are why Ringelstein is confident that Zigazoo is needed.
Zigazoo is a not a kid play date smack dab in the middle of an adult party like YouTube and TikTok, it is a universe tailor-made for kid safety, learning and enjoyment, he said.
Ringelstein sees Zigazoos friend versus follow feature as key to the safety of kids: Unlike TikTok, where there is a public feed and users can follow everyone, Zigazoo requires users to opt-in to being followed, similar to Facebook.
The partnerships will allow Zigazoo to post verified content using favorite and well-known characters to teach kids about the subjects they care about. And in a world where digital detoxes are no longer a reality, a smarter screen-time activity seems much needed.
Recently, Zigazoo partnered with The American Federation of Teachers for a capstone project directed at millions of K-12 students. Students are invited to submit a video using Zigazoo to encapsulate their learning experience over the past school year, which AFT says is a far better way to sum up learning than a high-stakes test.
This summer Ringelstein is launching “Zigazoo Channels” with a select group of major children’s entertainment companies, podcasts, museums, libraries, zoos, social media influencers and more."
11,"{'id': 'techcrunch', 'name': 'TechCrunch'}",Lucas Matney,Zoom’s paid usage skyrockets as remote work takes over,"Amid the COVID-19 pandemic, few companies seemed more poised to receive a usage bump than Zoom and its enterprise-grade video chat platform, but it turns out Zoom’s growth has outpaced those expectations. In the company’s quarterly earnings release, Zoom deli…",http://techcrunch.com/2020/06/02/zooms-paid-usage-skyrockets-as-remote-work-takes-over/,https://techcrunch.com/wp-content/uploads/2020/04/GettyImages-1208677866.jpg?w=600,2020-06-02T20:45:45Z,"Amid the COVID-19 pandemic, few companies seemed more poised to receive a usage bump than Zoom and its enterprise-grade video chat platform, but it turns out Zoom’s growth has outpaced those expectations.
In the company’s quarterly earnings release, Zoom delivered a beat that represented 169% year-over-year revenue growth, but they did so on the back of huge customer growth. The company detailed that they now had 265,400 customers with more than 10 users on their account, a number Zoom said represented a 354% surge. Zoom also saw a big spike in high-budget customers who had spent more than $100K on the platform in the past year, noting these customers had grown 90% since Q1 of last year.
One thing we didn’t get was an update on total daily active or monthly active users on the platform.
In April, the company garnered ire for offering up misleading figures claiming the service had 300 million daily active users. Zoom later corrected the error, noting that these were not DAUs and were merely daily active participants, a distinction which highlights that users in multiple meetings per day were likely counted multiple times inside this metric.
The company’s massive influx of enterprise users is hardly surprising as more companies have leaned on services like Zoom to ease their transition to remote work among shelter-in-place related office shutdowns.
“The COVID-19 crisis has driven higher demand for distributed, face-to-face interactions and collaboration using Zoom. Use cases have grown rapidly as people integrated Zoom into their work, learning, and personal lives, Zoom’s CEO Eric Yuan said in a statement accompanying the release."
12,"{'id': 'techcrunch', 'name': 'TechCrunch'}",Kirsten Korosec,"New York Auto Show canceled for 2020, pushed to spring 2021","Organizers of the New York International Auto Show, once hoping to hold the rescheduled event to August, have decided to scrap the entire year. The show has been officially canceled for 2020 due to the COVID-19 pandemic, organizers announced Friday. The next …",http://techcrunch.com/2020/05/22/new-york-auto-show-canceled-for-2020-pushed-to-spring-2021/,https://techcrunch.com/wp-content/uploads/2020/02/GettyImages-1137826678.jpg?w=600,2020-05-22T21:46:40Z,"Organizers of the New York International Auto Show, once hoping to hold the rescheduled event to August, have decided to scrap the entire year. The show has been officially canceled for 2020 due to the COVID-19 pandemic, organizers announced Friday.
The next show will take place April 2 to April 11, 2021. Press days will be March 31 and April 1.
The New York Auto Show, which is organized by the Greater New York Automobile Dealers Association, was scheduled to begin April 10 at the Jacob K. Javits Convention Center in New York City. The event was rescheduled for late August after COVID-19 swept into Europe and North America.
The Jacob K. Javits Convention Center, the traditional location for the show, was set up as a field hospital for COVID-19 cases. The center doesn’t have any patients. However, it is still set up as an active hospital and is in standby mode for the foreseeable future, according to organizers.
Mark Schienberg, president of the Greater New York Automobile Dealers Association, noted that “immense planning” is needed for automakers and their exhibit partners to construct a show.
“Because of the uncertainty caused by the virus, we feel it would not be prudent to continue with the 2020 Show and instead are preparing for an even greater 2021,” Schienberg said.
“As representatives of automobile retailers, we know when this crisis passes there will be enormous pent-up demand for new vehicles in this region and across the country,” he added. “We also know how important the Show is for consumers navigating the process.”"
13,"{'id': 'techcrunch', 'name': 'TechCrunch'}",Jonathan Shieber,Extra Crunch Live: Join Box CEO Aaron Levie for a live Q&A today at 3pm EDT/12pm PDT,"Aaron Levie is a luminary of the SAAS world; the chief executive of Box, a company that helped revolutionize the collaborative office environment; and the leader of a team that had worked remotely before COVID-19 made it a necessity rather than a luxury. He’s…",http://techcrunch.com/2020/05/28/extra-crunch-live-join-box-ceo-aaron-levie-for-a-live-qa-today-at-3pm-edt-12pm-pdt/,https://techcrunch.com/wp-content/uploads/2019/09/Box’s-Enterprise-Journey-with-Aaron-Levie-BoxDSC00188.jpg?w=600,2020-05-28T17:14:25Z,"Aaron Levie is a luminary of the SAAS world; the chief executive of Box, a company that helped revolutionize the collaborative office environment; and the leader of a team that had worked remotely before COVID-19 made it a necessity rather than a luxury.
He’s also going to be joining us later today on Extra Crunch Live, our virtual speaker series for Extra Crunch members.
Levie’s going to get a flurry of questions from me and the inestimable, incalculably knowledgeable maestro of all things enterprise, Ron Miller, on topics ranging from how software as a service companies are responding to the pandemic to how to build a remote office culture.
Business leaders like Levie are living through their second black swan event thats reshaping the global economy.
Levie started his company 15 years ago while still an undergrad in the proverbial dorm room and has matured from those early days into a public company executive, guiding his employees, customers and investors through the current crisis.
We’ll be discussing how (or whether) responses to the financial crisis of the last decade hold any lessons for the current economic climate.
The discussion starts at 3 p.m. EDT/12 p.m. PDT/9 p.m. GMT. You can find the full details below.
Extra Crunch members are encouraged to ask their own questions during the Zoom call, so please come prepared. If youre not already a member, sign up on the cheap right here.
You can also check out the full Extra Crunch Live schedule here.
See you soon!"
14,"{'id': 'techcrunch', 'name': 'TechCrunch'}",Jordan Crook,Boulder Care opioid treatment platform picks up traction during coronavirus,"With the regulations around telehealth changing rapidly amidst the COVID-19 pandemic, an opioid treatment platform with a digital component is finally finding a strong market foothold after facing a mountain of regulatory hurdles. Boulder Care was founded by …",http://techcrunch.com/2020/05/21/boulder-care-opioid-treatment-platform-picks-up-traction-during-coronavirus/,https://techcrunch.com/wp-content/uploads/2020/05/Screen-Shot-2020-05-20-at-8.23.11-AM.png?w=634,2020-05-21T14:00:57Z,"With the regulations around telehealth changing rapidly amidst the COVID-19 pandemic, an opioid treatment platform with a digital component is finally finding a strong market foothold after facing a mountain of regulatory hurdles.
Boulder Care was founded by Stephanie Papes, a former associate at Apple Tree Partners. She first became interested in opioid treatment after facilitating the firm’s financing round with an organization called CleanSlate Addiction Centers, which focused on in-person treatment for opioid and alcohol addiction.
There are several options when it comes to opioid addiction treatment. A common one is replacement therapy via methadone, an opioid, which relieves the symptoms of withdrawal while blocking the high that comes from use of heroine and other narcotic pain relievers. There’s also in-patient treatment, which usually comes with strict rules around the use of drugs and sometimes even legal addictive substances like nicotine, with a very low tolerance policy for relapses.
In-patient treatment is usually expensive and not often covered by insurance, and asks patients to go cold turkey. Methadone, on the other hand, requires patients to come to a clinic at least once every day. Not only does that make it difficult to live a normal life, but these clinics are often targeted by drug dealers to poach clients.
Boulder Care looks at a different approach that uses a combination of telehealth services and a prescription drug called Buprenorphine (brand name: Suboxone).
Alongside a greater risk of contracting COVID-19, and having a more severe experience of the disease than those without addiction, addicts are also at a greater risk of overdose or continued use of opioids due to social distancing and increased anxiety and stress, two huge contributing factors to addiction, according to an article published by Harvard.
Boulder Care uses telehealth to offer patients a comprehensive recovery plan, including clinician support (for medical and medication needs), a peer coach (who has lived experience with addiction and can help talk through challenges and issues) and a care advocate (who helps with administrative needs around care and insurance coverage).
“It’s not 100% abstinence only right away,” said Papes. “It’s a journey, and every incremental step and savings for the health system is good for the individual. The work that we do, just by building that trust with our participants, telling them ‘we value you, whether or not you’re using substances, and we’re not going to kick you out of the program for having an unexpected test result on your on your drug test or telling us that you use methamphetamine.’ There are a lot of policies in some of these programs that just continue to put people in harm’s way. So residential facilities will say you can’t be here for your heroin addiction if you’re smoking cigarettes, and they’ll truly discharge you from the program if you smoke. It’s not beneficial for anyone. So, we have this clinical philosophy, it’s really important, and it’s all about unconditional support.”
One of the big challenges for Boulder Care and opioid treatment organizations across the country is the regulatory limits on prescribing Buprenorphine. Buprenorphine is an opioid partial agonist, which means it produces euphoric effects and respiratory depression at low to moderate doses. However, these effects are much weaker than a full opioid agonist like heroine or methadone.
Buprenorphine also greatly weakens the effects of withdrawal, allowing patients to try and stabilize their life and achieve a healthier lifestyle.
Unlike methodone, Buprenorphine can be prescribed by a doctor for use at home, rather than making a trip to a clinic, where patients must be examined and drug tested before they can take their dose. However, there are regulatory limits on doctors around the number of people they can prescribe Buprenorphine to in a given time period, and doctors must also pay to get training and a license to prescribe the drug.
According to Papes, this means 80 percent of the country who could benefit from a Buprenorphine prescription can’t get it. In fact, a HuffPost analysis showed that even if all the doctors who are licensed to prescribe Buprenorphine did so at the maximum rate in 2012, more than half of Americans suffering from opioid addiction still couldn’t get access to the drug.
Part of the reason that prescribing Buprenorphine has such strict limitations comes down to stigma, with many believing in the long-held misconception that replacing one drug for another isn’t the answer, and that abstinence is simply a challenge of mental willpower, negating the fact that addiction is a disease.
There’s no doubt about the potential efficacy of Buprenorphine. In 1995, France allowed any doctor to prescribe Buprenorphine without special licensing or training. About 10x the number of addicted patients began receiving medication-assisted treatments, cutting overdoses by nearly 80 percent in four years, according to the Atlantic.
Another requirement around the prescription of Buprenorphine is that the patient had to have at least one in-person visit with the doctor before they could get access to the medication.
That visit could be someone coming into a clinic or facility seeking to change their own life proactively. It could also be at the emergency room when someone is brought in for an overdose.
“It’s very challenging when someone has a tiny window in which they’re feeling like they’re ready for change, and you have to coordinate with another facility in order to get them into your care,” explained Papes.
During this national health emergency, that requirement has been waived, allowing for doctors to prescribe this medication without an in-person meeting with the patient. This is a huge boost for Boulder Care, which runs its business entirely via telehealth.
Since the start of March 2020, the company has seen 130% week-over-week increase in weekly inquiries from potential patients, and new patient enrollments is up 32%. During COVID-19, any patient who is uninsured or under-insured can get services from Boulder for free.
Boulder recently partnered with Premera Blue Cross, an insurance plan in the Pacific Northwest, to provide zero cost share options for virtual substance use disorder treatment, which will give 2.3 million customers access to Boulder Care through at least June 30. Cost shares will be waived for all patients seeking medically necessary telehealth treatment.
Alongside revamping the way patients receive treatment for substance use disorders, Boulder is also looking to change the payment model. Traditionally, the healthcare system remunerates providers based on admissions (and often, readmissions) without focusing on outcomes. Meanwhile, outpatient fee-for-service reimburses for clinical visits and drug-testing, rather than peer recovery coaching, 24/7 text messaging and same-day access, a few of the things that contribute to successful outcomes outside of clinical treatment.
Boulder partners with paying entities for ‘bundled’ services, charging a flat rate per patient without focusing on the volume of procedures. The hope, according to Papes, is to “realign incentives and tie payment to accountability for meaningful outcomes.”
Boulder Care has raised more than $10 million with investment from Tusk Venture Partners, who led the Series A, among others."
15,"{'id': 'techcrunch', 'name': 'TechCrunch'}",Brian Heater,"As Bandcamp waives fees again, labels donate their portion to justice programs","There’s a decent chance buying music is the furthest thing from your mind right now, and I can’t say I blame you. Here in the States, 108,000 people are dead of COVID-19, and protests against the killing of George Floyd raged on for an eighth night. And neith…",http://techcrunch.com/2020/06/05/as-bandcamp-waives-fees-again-labels-donate-their-portion-to-justice-programs/,https://techcrunch.com/wp-content/uploads/2020/06/00000IMG_00000_BURST20200605092139713_COVER.jpg?w=533,2020-06-05T13:30:52Z,"Theres a decent chance buying music is the furthest thing from your mind right now, and I cant say I blame you. Here in the States, 108,000 people are dead of COVID-19, and protests against the killing of George Floyd raged on for an eighth night. And neither of these society-shaping events are set to stop any time soon. 
Personally, music has been a lifesaver throughout the lockdowns and some personal struggles. Without streaming services and vinyl, I dread to imagine what state my already fragile psyche might be in. For that reason, Bandcamps monthly day of waived fees has been an important opportunity to give back to musicians who have given me so much, but continue to struggle as touring the primary source of income for many has ground to a halt.
We're waiving our share of sales this Friday, June 5th, from midnight to midnight PDT. Heres a list of artists and labels with special releases, including many donating to organizations in support of racial justice and change. https://t.co/G5W0kdakHz
— bandcamp (@Bandcamp) June 3, 2020
This month, things are a big different. In addition to Bandcamp waiving its share of sales, a long list of artists are using their own cut to donate to important issues. Once again, its a long list, which can be found here.
Many are donating proceeds to the National Bail Fund Network, as police round up often peaceful protestors. Other highlighted organizations included the NAACP and Reclaim the Block. The NAACP will get another bump from the service on June 19, when Bandcamp donates its cut of sales directly to the organization. 
Throughout the pandemic, Bandcamps monthly artist days have brought in more sales than any other in the services history. Thats made even more remarkable as jobless claims have soared to 40 million. COVID-19 has had an otherwise historically debilitating impact on the music industry. In March, music sales suffered their worst week in 60 years. 
The days have been a lifeline for many artists, as has Bandcamp in general. Check out Pitchforks recent breakdown of artist revenues on the site versus other streaming services, which tend to deemphasize artist payouts, to the say the least. And if youre interested in supporting black artists, labels and producers specifically, this spreadsheet is a great place to start, with more than 1,000 names. 
Oh, and while youre at, the new Run the Jewels is fantastic and available through their site. Its technically free, but while youre there, you can kick some cash to the National Lawyer Guilds Mass Defense Fun to support the people who support arrested protesters."
16,"{'id': 'techcrunch', 'name': 'TechCrunch'}",Brian Heater,Watch an army of Spot and Pepper robots cheerlead a baseball game in an empty stadium,NPB games are known for engaging antics that extend well beyond the play on the field. But what’s to be done in the era of COVID-19 when baseball is played in front of an empty stadium? For many — including Korea’s KBO League and the upcoming shortened MLB se…,http://techcrunch.com/2020/07/07/watch-an-army-of-spot-and-pepper-robots-cheerlead-a-baseball-game-in-an-empty-stadium/,https://techcrunch.com/wp-content/uploads/2020/07/Screen-Shot-2020-07-07-at-10.24.29-AM.jpg?w=764,2020-07-07T14:33:14Z,"NPB games are known for engaging antics that extend well beyond the play on the field. But whats to be done in the era of COVID-19 when baseball is played in front of an empty stadium? For many including Koreas KBO League and the upcoming shortened MLB season cardboard cutouts are an attempt to bring something familiar to the otherwise surreal experience. 
Japan, on the other hand, is leaning into the surreality. The Fukuoka SoftBank Hawks are getting some cheerleading help from a couple of familiar robots. Softbanks own Pepper and Spot (of the Softbank-owned Boston Dynamics) formed the cheering section at a game this week, as the NPB team took on the Rakuten Eagles. The celebration is the first of many, running through the end of the month.
It is, as Softbank Notes, the first time that Spot has performed a dance at a sports event.” Boston Dynamics robot has taken on a number of jobs of late, as the company has offered the quadruped up for sale a first in its 25+ year history. Construction and security are among the key uses for the bot, though Softbank is obviously equally interested in putting on a show. Pepper, the product of Softbanks 2015 acquisition of  Aldebaran Robotics, meanwhile, has become a familiar sight in the hospitality industry.
When the shortened MLB season kicks off in States later this month, many teams will be filling stands with cardboard cutouts. The Oakland As, notably, announced a plan to charge fans to have their likeness appear on the life-size cardboard facades."
17,"{'id': 'techcrunch', 'name': 'TechCrunch'}",Natasha Mascarenhas,Logistics are key as NYC startup prepares to reopen office,"The future of offices will require “hot desks,” contact tracing and a volunteer task force run by employees to make sure their colleagues are washing their damn hands. SquareFoot CEO Jonathan Wasserstrum says he’s bullish on the future of office spaces becaus…",http://techcrunch.com/2020/07/06/logistics-are-key-as-nyc-startup-prepares-to-reopen-office/,https://techcrunch.com/wp-content/uploads/2017/01/gettyimages-567333155.jpg?w=712,2020-07-06T20:43:18Z,"The future of offices will require “hot desks,” contact tracing and a volunteer task force run by employees to make sure their colleagues are washing their damn hands.
SquareFoot CEO Jonathan Wasserstrum says he’s bullish on the future of office spaces because his startup helps growing companies find office space. Since COVID-19 hit, his firm has spent the past four months talking to tenants and landlords to figure out whats next.
But as the country reopens, Wasserstrum says offices will return. Business has already resumed in some capacity, so SquareFoot is soon heading back to its office with half of its staff and physical distancing plans in place. I spoke to Wasserstrum about what its like to return to the office amid a pandemic, from biggest hurdles to price tag.
Wasserstrum said his team is returning in shifts and has asked volunteers to be a part of the first cohort. “This is not about recruiting everyone back; its a methodical process to enable everyone to get what they need,” he told TechCrunch. “The complicating factor here that still needs to be grappled with is how each of these individuals will get to and from the office daily.”"
18,"{'id': 'techcrunch', 'name': 'TechCrunch'}",Alex Wilhelm,"As companies accelerate their digital transitions, employees detail a changed workplace","The U.S.’s COVID-19 caseload continues to set records as major states move to re-shutter their economies in hopes of stemming its spread. For many workers the situation means more time in the home office, and less time in their traditional workplace. What the…",http://techcrunch.com/2020/07/15/as-companies-accelerate-their-digital-transitions-employees-detail-a-changed-workplace/,https://techcrunch.com/wp-content/uploads/2020/05/NSussman_Techcrunch_Exchange_v3_RD.jpg?w=533,2020-07-15T15:05:22Z,"The U.S.’s COVID-19 caseload continues to set records as major states move to re-shutter their economies in hopes of stemming its spread. For many workers the situation means more time in the home office, and less time in their traditional workplace.
What the world will look like when safety eventually returns is not clear, but it’s becoming plain that the workplace will not revert to its old normal. New data details changed employee sentiment, showing that a good portion of the working world doesn’t want to get back to its pre-COVID commute, and, in many cases, is eyeing a move to a different city or state in the wake of the pandemic and its economic disruptions.
The Exchange explores startups, markets and money. You can read it every morning on Extra Crunch, and now you can receive it in your inbox. Sign up for The Exchange newsletter, which will drop every Saturday starting July 25.
The changing workplace has shifted — accelerated, you could say — demand for all sorts of products and services, from grocery delivery to software. The latter category of tools has seen quickening demand as the world moves to support newly remote workforces, helping keep them both productive and secure.
TechCrunch has covered the accelerating digital transformation — industry slang for companies moving to a more software-and-cloud world — before, noting that investors are making big bets on companies that might benefit from its ramping pace. Thanks to new data from a Twilio-led survey, we have a fresh look at that trend.
Undergirding the digital transformation is how today’s workers are adapting to remote work. If many workers don’t want to stop working from home, the gains that companies serving the digital transformation are seeing could prove permanent. New data from a Qualtrics -led survey may help us understand the new mindset of the domestic, and global worker.
At the union of the two datasets is a lens into the future of not only how many information workers, to borrow an old phrase, will labor in the future, but how they’ll feel about it. So, this morning let’s explore the world through two data-driven lenses, helped as we go with notes from interviews with Qualtrics’ CEO Ryan Smith and Twilio’s Chief Customer Officer, Glenn Weinstein."
19,"{'id': 'techcrunch', 'name': 'TechCrunch'}",Brian Heater,Mophie is selling an $80 wireless-charging UV phone sanitizer,"The best possible time to launch a UV phone sanitizer would have been about five months ago. The second best possible time, however, is right now. When the COVID-19 pandemic really started hitting the global community in earnest, there was a run on these once…",http://techcrunch.com/2020/06/25/mophie-is-selling-an-80-wireless-charging-uv-phone-sanitizer/,https://techcrunch.com/wp-content/uploads/2020/06/image001-2.jpg?w=600,2020-06-25T17:15:04Z,"The best possible time to launch a UV phone sanitizer would have been about five months ago. The second best possible time, however, is right now. When the COVID-19 pandemic really started hitting the global community in earnest, there was a run on these once fairly niche products from companies with names like PhoneSoap. 
In fact, available models started selling out all over the place, when many people began to recognize for the first time just how much of a disease vector the smartphone could truly be. All of that in mind, the category is a pretty logical next step for the many accessory brands underneath the Zagg umbrella.
Today Mophie and InvisibleShield launched their takes on the category. The products are priced at $80 and $60, respectively, with the key differentiator here being the inclusion of a 10W wireless charging pad. Though thats actually on the lid of the product. Meaning you can use it to charge the handset only once its out of the disinfecting bed.
Both sanitize phones up to 6.9 inches, using UV-C light, promising to kill up to 99.9% of bacteria. Its certainly worth noting that, like PhoneSoap, these brands are not making claims that their products can kill the novel coronavirus. The jury is still out on their efficacy on that front. In fact, COVID-19 is conspicuously absent from the press material. And even with one of these, Id still strongly recommend carrying around a pack of antibacterial wipes, if you can still find any. 
Both products are available now, through their respective sites."
