,source,author,title,description,url,urlToImage,publishedAt,content
0,"{'id': 'techcrunch', 'name': 'TechCrunch'}",Danny Crichton,"Summit raises $2.2B across two megafunds, and pulls in ex-CEO of SoulCycle as newest investor","While there has been a wealth of bad news the past few months in the venture capital world as firms take account of the changing macroeconomic conditions in the wake of COVID-19, that hasn’t stopped some top investment firms from continuing to raise huge pile…",http://techcrunch.com/2020/06/30/summit-raises-2-2b-across-two-megafunds-and-pulls-in-ex-ceo-of-soulcycle-as-newest-investor/,https://techcrunch.com/wp-content/uploads/2020/06/GettyImages-917768850.jpg?w=600,2020-06-30T16:38:38Z,"While there has been a wealth of bad news the past few months in the venture capital world as firms take account of the changing macroeconomic conditions in the wake of COVID-19, that hasnt stopped some top investment firms from continuing to raise huge piles of capital and getting bolder in their investment theses.
Case in point: Summit Partners, a venerable investor at the growth stage for startups and focused on the ecosystems in North America and Europe, has raised two new megafunds. The firm also announced that it has hired Melanie Whelan, who formerly was CEO of SoulCycle, as a new managing director. She is currently an EIR at the firm.
Summit raised a $1 billion growth equity fund focused on North American startups, and also raised a 1.1 billion ($1.24 billion) fund focused on European startups. The firm said that the funds will target growth equity-style investments with a check size of between roughy $10 million and $60 million for North American startups, and a bit larger for their European counterparts.
In recent months, the firm has invested in companies like cyber security platform RiskIQ, workflow automation startup AppWay, interaction management service Podium, consumer bedding brand Brooklinen, and cyber-skills platform Immersive Labs, according to Crunchbase.
While Summit is traditionally known for its enterprise investments, it appears the firm wants to double down on consumer with the hiring of Whelan. She will focus on high-growth consumer and technology-enabled services, according to Summit.
Whelan had a long career at SoulCycle, joining the company as COO in 2012 and then took the CEO title in 2015. There, she drove market expansion and worked to ready the somewhat cultish fitness brand for the public markets, with an IPO that was scheduled in mid-2018. That IPO ended up being pulled by the company, which faced headwinds from Peloton and other fitness upstarts, and Whelan left the CEO job near the end of 2019 (which, given the near complete shutdown of in-person fitness studios, seems incredibly fortuitously timed). She officially joined Summit as an EIR in February, right before the spread of the novel coronavirus slowed down much of the venture world.
The firm today has 100 people scattered across its myriad of offices, and has $21 billion under management."
1,"{'id': 'techcrunch', 'name': 'TechCrunch'}",Anthony Ha,Fandango adds new features to highlight health precautions and distancing in movie theaters,"As movie theaters reopen across the United States and the world, there are lingering questions about what kinds of measures those theaters will be taking to keep staff and moviegoers safe in the midst of the ongoing COVID-19 pandemic. These concerns were illu…",http://techcrunch.com/2020/06/23/fandango-adds-new-features-to-highlight-health-precautions-and-distancing-in-movie-theaters/,https://techcrunch.com/wp-content/uploads/2020/05/GettyImages-1207384675.jpg?w=602,2020-06-23T16:00:16Z,"As movie theaters reopen across the United States and the world, there are lingering questions about what kinds of measures those theaters will be taking to keep staff and moviegoers safe in the midst of the ongoing COVID-19 pandemic.
These concerns were illustrated last week, when AMC CEO Adam Aron said in an interview that the theater chain would not be requiring that patrons wear masks except in locations where they’re legally required to do so because the company “did not want to be drawn into a political controversy.” Naturally, those comments prompted a controversy of their own, leading AMC to reverse its decision.
So it makes sense for NBCUniversal-owned movie ticketing app Fandango to highlight the different safety measures that theaters are taking.
It’s useful from an informational perspective, so that moviegoers understand and prepare for the experience in theaters, and perhaps choose theaters based on how serious they seem about safety. But it’s also a savvy marketing move, as those theaters will need to convince moviegoers that it’s safe to return.
Image Credits: Fandango
The new features include what Fandango is pitching as a “one-stop shop” to view the safety measures announced by more than 100 theater chains, with information about auditorium occupancy, social distance seating, mask/protective equipment policies, enhanced cleaning measures and special concession arrangements. There will also be instructional videos, social distance seating maps and a way to search for reopened theaters by location.
Since movie theaters have been closed for the past few months, Fandango also says it will be extending expired rewards from its Fandango VIP+ loyalty programs for another 60 days.
We are working closely with our friends in exhibition to help get their ticketing back online and film fans back in seats with peace of mind, said Melissa Heller, Fandangos vice president of domestic ticketing, in a statement. In addition to our new product features, Fandangos mobile ticketing will be an added benefit, helping moviegoers and cinema employees reduce the number of contact points at the box office and throughout the theater."
2,"{'id': 'techcrunch', 'name': 'TechCrunch'}",Darrell Etherington,"NASA, ESA and JAXA team up on Earth observation dashboard for monitoring the impact of COVID-19","NASA is working with two other of its largest global space agency partners, the European Space Agency (ESA) and the Japan Aerospace Exploration Agency (JAXA) on a combined effort to collect satellite-based Earth observation data and provide it via a dashboard…",http://techcrunch.com/2020/06/25/nasa-esa-and-jaxa-team-up-on-earth-observation-dashboard-for-monitoring-the-impact-of-covid-19/,https://techcrunch.com/wp-content/uploads/2020/06/nightlights_sfbay.jpg?w=764,2020-06-25T13:17:09Z,"NASA is working with two other of its largest global space agency partners, the European Space Agency (ESA) and the Japan Aerospace Exploration Agency (JAXA) on a combined effort to collect satellite-based Earth observation data and provide it via a dashboard in order to help monitor the impacts of COVID-19. The dashboard combines data collected by Earth observation satellites operated by each of the agencies, which monitor photographic, air quality, temperature, climate and other indicators.
The COVID-19 Earth Observation Data provides views into changes globally in water quality, climate change, economic activity and also agriculture. It’s intended to provide policymakers, health authorities, city planners and others with key information that they can use to study both short- and long-term impacts of the ongoing global COVID-19 crisis, which is definitely changing the way that cities and the people within them work and live.
The agencies involved in the project formed a project for the purposes of building this in April, so it came together rather quickly for a cross-agency, international collaboration. Data so far indicates significant changes, including positive environmental ones around air and water quality due to decreased activity but also significant slowdowns in key economic activity including shipping activity in ports, the number of cars in shopping mall parking lots, and more.
While the project is specifically intended to provide data around COVID-19 and its impacts, and the current plan only includes the pandemic within its scope, on a call discussing the initiative, ESA Director of Earth Observation Programmes Josef Aschbacher said that the agencies are already considering whether to extend he dashboard beyond the scope of COVID-19 since it could be useful in addressing any number of global-scale problems that we collectively face."
3,"{'id': 'techcrunch', 'name': 'TechCrunch'}",Ingrid Lunden,"Andela, which builds engineering teams tapping African talent, goes fully-remote and opens to the wider continent","In the wake of the COVID-19 pandemic, remote working has become the name of the game for knowledge workers in the tech industry. Today, a startup that was an early mover on the opportunity of that model is announcing some news to double down on the concept. A…",http://techcrunch.com/2020/07/01/andela-which-builds-remote-engineering-teams-tapping-african-talent-goes-fully-remote-and-opens-to-the-wider-continent/,https://techcrunch.com/wp-content/uploads/2020/07/Andela-Expands-Across-Africa.jpg?w=600,2020-07-01T11:40:28Z,"In the wake of the COVID-19 pandemic, remote working has become the name of the game for knowledge workers in the tech industry. Today, a startup that was an early mover on the opportunity of that model is announcing some news to double down on the concept.
Andela, the New York startup that helps tech companies build remote engineering teams while at the same time shrinking the digital divide by tapping talent out of hubs in Africa for those teams, is today announcing a big step up in its efforts. The company is itself going fully remote, and as part of that it’s widening the pool of people that it taps to work and train by extending its reach across the whole of the African continent, while also shutting down its existing physical campuses.
Jeremy Johnson, the co-founder and CEO, said that he believes that the move will extend the talent pool that it can tap to more than 500,000 engineers from the 250,000 that it could reach through its earlier model. To date some 100,000 engineers have applied to and used Andela’s skills training tools (it works in partnership with a number of other tech companies to provide these, including Google, Microsoft and Facebook) and it has connected some 1,000 people to job opportunities.
The news comes on the heels of the company laying off 135 employees in May, with senior employees taking 10%-30% pay-cuts ahead of what the company hinted would be a big change in its business — the news that’s getting announced today. Andela has confirmed that it is not making any more cuts to its staff with today’s news. (It has around 1,200 employees globally.)
We’re seeing a huge shift right now to remote working due to the persistent existence of COVID-19 and the need to keep more social distancing in place, and a byproduct of that has been people actively moving out of expensive tech hubs now that it’s been accepted that being in them isn’t a fundamental requirement to do work.
At the same time, a lot of companies have either slowed down or frozen hiring of full-time employees but are continuing to tap people for project-based work because their businesses are no less in need of talent to operate.
Both of those trends are an endorsement of the model that Andela helped to pioneer with its remote teams concept, and they more pointedly spell opportunity for companies like it that already have networks in place to speak to those demands.
All the same, it’s a major shift for the startup, not least because it’s closing down its physical campuses.
Founded in 2014 out of Lagos, Nigeria, and backed by investors like Generation (Al Gore’s fund), the Omidyar Network, Spark Capital and Chan Zuckerberg Education and valued at $700 million as of its most recent funding round last year, Andela has for the last six years focused on building a network based around the biggest tech hubs on the continent, building physical spaces in Nigeria, Kenya, Uganda, and Rwanda, that helped source, vet and further train talent to become part of remote company teams for some 200 customers, with a large proportion of those in the US, including Cloudflare, Wellio, ViacomCBS, and Women Who Code.
As Andela started to scale that model, starting with a pilot in Ghana in 2018 and a second in Egypt last year, it saw that the more efficient route was to forego the physical hubs completely for virtual ones.
Indeed, Jeremy Johnson, the CEO who co-founded the company with Christina Sass, said that its move was not a direct response to the pandemic per se, although global events have definitely given a fillip to the concept. 
“What weve done historically is go and build campus in each location and in early days that made a ton of sense because that was helpful for training and from an infrastructure standpoint it was what we needed to do,” he said in an interview.
“But as weve transitioned to focus more on the breadth and depth of talent and diversity across the continent, we opened satellites in Egypt and Ghana where we didnt require a campus. Its actually worked really well and some ways feels like its opening opportunities for even greater growth.”
Our own interview was via Zoom, with me in London and Johnson in New Hampshire: Andela’s New York office (where he is normally based) closed for the moment.
“Our headquarters has technically been the internet, but weve had a big presence in NYC,” he said referring to its US base. He added that the expansion in Africa using the satellite/remote concept is the limit to how it apply the remote concept, with the question of what will happen in the future to even its US offices still not fully answered.
“We announced a few weeks ago we are going to be a remote-first company overall going forward,” he said. “It lets you think differently about where to live and more. I don’t know what it means longer term but for now we are all living on Zoom.”
While Andela is obviously expanding its talent pool with this move, and potentially giving a huge boost to providing more job opportunities for technology talent on the continent, the interesting next step for all of us will be to see how that connects with the other side of the marketplace — that is, the big tech companies themselves and how much they need to and are willing to invest in growing their own workforces. That is not a minor issue, considering the millions that have been laid off so far in the last few months.
Andela, Johnson said, has no plans to raise more capital at the moment with money in the bank and revenues continuing to come in. Last year, it confirmed that it was on an annual revenue run rate of $50 million, but it’s not updating that figure at the moment."
4,"{'id': 'techcrunch', 'name': 'TechCrunch'}",Darrell Etherington,Astra completes Rocket 3.1 static test fire ahead of launch attempt,"Another small rocket launcher is readying to demonstrate their ability to launch a vehicle to space, after a few setbacks exacerbated by the ongoing COVID-19 situation. Astra has just completed a second static test fire of its Rocket 3.1 orbital launch vehicl…",http://techcrunch.com/2020/07/16/astra-completes-rocket-3-1-static-test-fire-ahead-of-launch-attempt/,https://techcrunch.com/wp-content/uploads/2020/07/astra-static-fire-rocket-3-1.gif?w=764,2020-07-16T18:14:10Z,"Another small rocket launcher is readying to demonstrate their ability to launch a vehicle to space, after a few setbacks exacerbated by the ongoing COVID-19 situation. Astra has just completed a second static test fire of its Rocket 3.1 orbital launch vehicle, and that means it’s now ready for a trip to Alaska where it’ll hopefully make its first trip to orbit from a spaceport in Kodiak.
Astra originally started out as a company with the specific goal of answering the DARPA launch challenge, which asked companies to create a launch vehicle that could tech orbit within a few weeks of each other (originally from separate launch sites, but then later only from separate pads at the same spaceport). The challenge expired without Astra claiming the price, after the 3.0 version of their Rocket failed to reach orbit.
The company has developed, tested and flown three successive generations of Rocket, mostly without much in the way of public fanfare or information sharing. The startup builds its small rockets, which measure roughly 40-feet tall, in Alameda, California at their own factory. In an interview with TechCrunch ahead of their DARPA challenge attempt, Astra CEO and founder Chris Kemp explained that their approach is focused on rapid, at-scale manufacturing and potential failure margins that might be higher than the existing launch companies tolerate.
A kind of mass-market delivery system approach definitely has advantages, and Astra has focused on a launch system that’s much more portable than others for deployment almost anywhere in the world. The company is also focused on small payloads, which it can deliver responsively, so a loss of such a spacecraft wouldn’t be nearly as expensive as, say, a rocket failing and losing a large geosynchronous GPS satellite.
Rocket 3.1 sounds like a relatively minor iteration on Rocket 3.0, vs the large full point updates of prior generations. Astra says it’s currently headed to Kodiak, and that the company is now working to finalize a launch window, with a date to be confirmed for that next big test early next week."
5,"{'id': 'techcrunch', 'name': 'TechCrunch'}",Taylor Hatmaker,Lawmakers argue that big tech will grow even bigger as the pandemic drives people online,"In his opening statements, the chairman of Wednesday’s historic tech hearing argued that regulating tech’s most dominant players is vital in the midst of the ongoing pandemic that has driven even more of American life online. “Prior to the COVID-19 pandemic, …",http://techcrunch.com/2020/07/29/big-tech-cicilline-pandemic-antitrust-hearing/,https://techcrunch.com/wp-content/uploads/2020/07/cicilline-congress-GettyImages-1155993484.jpg?w=600,2020-07-29T17:36:17Z,"In his opening statements, the chairman of Wednesday’s historic tech hearing argued that regulating tech’s most dominant players is vital in the midst of the ongoing pandemic that has driven even more of American life online.
“Prior to the COVID-19 pandemic, these corporations already stood out as titans in our economy,” House Judiciary Antitrust Subcommittee Chair David Cicilline said. “In the wake of COVID-19, however, they are likely to emerge stronger and more powerful than ever before.”
The argument that tech stands to benefit from the COVID-19 crisis is a smart one and a timely attack that’s difficult to dispute. While many major companies in other industries are struggling, grappling with layoffs or filing for bankruptcy, many of tech’s largest tech companies stand to emerge from the economic storm largely unscathed if not better off.
In his own opening remarks, ranking member Jim Sensenbrenner also argued that because Americans are relying more on online companies than ever before, tech’s power must be examined in light of the pandemic.
“That responsibility comes with increased scrutiny of your dominance in the market,” Sensenbrenner said.
It’s not the first warning about tech companies amassing more power in the throes of the coronavirus crisis. A handful of members of Congress have called attention to mergers planned during the pandemic, citing concerns about adequate scrutiny for deals that could make tech’s already huge companies even larger and more dominant.
In April, Sen. Elizabeth Warren (D-MA) and Rep. Alexandria Ocasio-Cortez (D-NY) proposed the Pandemic Anti-Monopoly Act which would freeze mergers during the crisis, calling out big tech specifically. The LEAST we should do is halt big mergers during COVID to slow the consolidation of sectors, Ocasio-Cortez said.
Cicilline also previously called for a freeze on “mega-mergers” and pushed for such a ban to be included in the economic stimulus package passed by Congress.
“As hard as it is to believe, it is possible that our economy will emerge from this crisis even more concentrated and consolidated than before,” Cicilline said. “As American families shift more of their work, shopping, and communication online, these giants stand to profit.”"
6,"{'id': 'techcrunch', 'name': 'TechCrunch'}",Brian Heater,"CES cancels Las Vegas event, goes online-only","CES 2020 got in just under the wire, ahead of COVID-19 reaching true international pandemic levels. And until today, the show’s governing body, the CTA, was planning to keep its record unbroken. Today, however, CEO Gary Shapiro announced via video that the La…",http://techcrunch.com/2020/07/28/ces-cancels-las-vegas-event-goes-online-only/,https://techcrunch.com/wp-content/uploads/2018/12/GettyImages-461255563.jpeg?w=601,2020-07-28T14:12:50Z,"CES 2020 got in just under the wire, ahead of COVID-19 reaching true international pandemic levels. And until today, the shows governing body, the CTA, was planning to keep its record unbroken. Today, however, CEO Gary Shapiro announced via video that the Las Vegas event has been canceled. Instead, CES 2021 will follow the lead of the rest of the industry as an online-only event.
The news won’t come as a surprise to anyone following the industry. Even January 2021 seems like an extremely optimistic timeline, social distancing measures or no. While Berlin’s IFA still plans to go forward this year, all other big tech shows have been canceled or gone all digital for the foreseeable future.
“We concluded it is simply not possible to safely gather over 100,000 people indoors with a raging COVID-19 virus and no real hope for a tested and widely available vaccine by January,” Shapiro writes in a post on LinkedIn. “The world does not need more COVID-19 cases, and we decided we would do our part by ensuring we are not helping spread the disease.”
In addition to hosting a huge number of people in an indoor venue, the international nature of the event makes it a prime vector for the continued spread of COVID-19. Not to mention the fact that the United States continues to lead the world in cases, by far.
Anecdotally, I’ve spoken to a number of regular attendees, and there remains a general sense of discomfort around the idea of attending a show like this. And to put it more crassly, becoming a potential hotbed for the spreading of this seemingly endless pandemic would be a major black eye for the organization. Canceling the show is the right move here.
And certainly the CTA is well positioned to help foster the continued popularization of online-only events. The organization has the connections and the eyeballs of the world when it comes to serving as a platform for industry news and product launches.
“[W]e commit to producing the best possible global digital innovation event,” Shapiro writes. “We will spread the gospel of 5G, artificial intelligence, self-driving vehicles and new forms of mobility, digital and telehealth, resilience, robotics, drones, new forms of entertainment, 8K Ultra HD screens and smart TVs to the curious, entrepreneurs, investors, business and media who can access the best of CES from their homes and offices.”
Of course, pulling off a show of this size will be tricky. Here at TechCrunch, we certainly understand the steepness of the learning curve when it comes to transitioning to digital events. Perhaps most difficult of all for the organization will be maintaining the the presence of larger companies, many of whom have already eyed their own events to make announcements.
E3 2020 is certainly a bit of a cautionary tale. This year’s event was set to be a big one with the upcoming launch of two major consoles. Both Sony and Microsoft have opted to use their own events to make product announcements for the PlayStation 5 and Xbox Series X, respectively. Notably, Samsung also announced its own launch event after officially pulling out of IFA over safety concerns."
7,"{'id': 'techcrunch', 'name': 'TechCrunch'}",Kirsten Korosec,Uber shares drop 4% after it loses more money than expected in Q2,"Today after the bell, American ride-hailing giant Uber released its second quarter results. The company’s revenue fell compared to both the year-ago quarter (Q2 2019), and the sequentially-preceding period (Q1 2020). Investors had anticipated Uber’s declines …",http://techcrunch.com/2020/08/06/uber-shares-drop-4-after-it-loses-more-money-than-expected-in-q2/,https://techcrunch.com/wp-content/uploads/2017/11/gettyimages-651077484.jpg?w=599,2020-08-06T21:01:19Z,"Today after the bell, American ride-hailing giant Uber released its second quarter results.
The company’s revenue fell compared to both the year-ago quarter (Q2 2019), and the sequentially-preceding period (Q1 2020). Investors had anticipated Uber’s declines due to COVID-19, and the company had spent time earlier this year assuring the investing public that it had enough cash to get through 2020 no matter what.
In the second quarter, Uber saw gross bookings of $10.2 billion, off 35% compared to the year-ago period. This resulted in revenue of $2.24 billion, down 29% from a year-ago result of $3.17 billion. Uber’s net loss was $1.78 billion in the second quarter of 2020, down from a year-ago net loss of $5.24 billion. The company went public last year, resulting in various one-time, non-cash costs.
The company’s net loss worked out to a loss of $1.02 per share, ahead of an analyst-expected $0.86 per-share deficit. Uber missed on profitability in the quarter, but did surpass street expectations on top line, posting more revenue than the $2.18 billion figure investors expected.
Shares of Uber are off a little more than 4% in after-hours trading, following its earnings report.
A Q1 retrospective
Let’s take a look at how the financials stack up compared to the first quarter of 2020. In short: Not well.
In Q2 2020, Uber reported a Q1 per-share loss of $1.70 on revenues of $3.54 billion. The company lost $2.94 billion in the quarter counting all costs. As noted above, Uber’s per-share loss fell to $1.02, while its revenue slipped to $2.24 billion; Uber’s top line therefore dipped 36.7% compared to the first quarter.
Digging deeper, Uber generated $737 million in ride-hailing trips in the second quarter, compared to $1.66 billion in the first three-month period of this year. Gross bookings were also down more than 35% from $15.78 billion in the first quarter compared to the second.
There was some rosier news buried in this blizzard of numbers. Uber’s freight and Eats (which is now called delivery) businesses lost money, although those losses narrowed from Q1 to Q2.
Uber reported that adjusted EBITDA on its “delivery” segment narrowed to a $232 million loss in the second quarter compared to a larger $313 million loss in the first period of the year. Uber Freight adjusted EBITDA was a $49 million loss in Q2, smaller than the $64 million loss reported in Q1.
A changing business
Uber’s quarter was a period of change. Compared to the year-ago quarter, the company’s Delivery business (formerly its Uber Eats segment) saw its adjusted net revenue soar 162% compared to the year-ago quarter. At the same time, its larger Mobility segment (previously its Rides business) saw its adjusted net revenue fall 66% compared to to Q2 2019.
Uber’s ride-hailing business fell sharply as folks stayed home, while those same folks ordered lots of more food. The bookings mix-shift to food delivery did help Uber staunch ride-hailing losses, but not completely.
Ride-hailing, once a key driver of profitability at the company, only generated $50 million in adjusted EBITDA in Q2, a heavily-amended profit metric. That figure was off by $465 million compared to the year-ago period, and off $531 million compared to Q1 2020.
“Our mobility recovery is clearly dependent on the public health situation in any given area,” CEO Dara Khosrowshahi said during the Q2 earnings call. “Asia and India is in the recovery. We’ve seen gross bookings in Hong Kong and New Zealand at times exceed pre-COVID highs and European trends have also been encouraging.”
Meanwhile, the U.S. recovery is lagging. The company’s global geographic footprint remains a huge advantage, Khosrowshahi noted. He added that once cities do reopen, trips bounce back sharply.
While ride-hailing lost ground, the rising revenue footprint of Uber’s Delivery business posted slimmer losses than in the year-ago and sequentially-preceding quarter. With an adjusted EBITDA loss of $232 million in Q2 2020, the company shaved off more than $50 million in losses compared to its year-ago adjusted EBITDA loss of $286 million; in Q1 2020 Delivery posted adjusted losses of $313 million.
Naturally those declines are largely outside of Uber’s control, but they do show the sharp impact that the global pandemic and ensuing shuttering of many economies had on the 2019 IPO.
Uber closed the period with cash (cash, cash equivalents, and short-term investments) of $7.8 billion. That figure was $9.0 billion at the end of its first quarter."
8,"{'id': 'techcrunch', 'name': 'TechCrunch'}",Lucas Matney,Six leading investors assess the remote-work startup landscape,"The COVID-19 pandemic has shaken up the startup world, slowing some high-growth unicorns and promoting others onto the coveted list. In the earlier-stages of startup land, the same patterns of acceleration and braking can be found. TechCrunch wanted to dig mo…",http://techcrunch.com/2020/07/30/six-leading-investors-assess-the-remote-work-startup-landscape/,https://techcrunch.com/wp-content/uploads/2019/05/GettyImages-1084518636.jpg?w=764,2020-07-30T12:30:41Z,"The COVID-19 pandemic has shaken up the startup world, slowing some high-growth unicorns and promoting others onto the coveted list. In the earlier-stages of startup land, the same patterns of acceleration and braking can be found.
TechCrunch wanted to dig more deeply into the cohort of startups that are seeing acceleration, so we put together a list of investors who have put money to work in startups building remote-work tooling and sent them a raft of questions. We wanted to better understand if SaaS fatigue is real for the startups in question, where open-space still exists in the remote-work world and how the economics of the companies compare to other software shops.
And, yes, we did ask about valuations and intra-venture competition for the rounds that we keep hearing about. 
Not every deal from these venture capitalists fits the remote-work mold, but they and their firms and funds are involved with enough in our view to give them good perspective about whats going on in the space as the world continues to get into shape regarding remote work. This weeks news from Google makes it plain that tech companies are prepping for a long run of forced remote work, let alone the more hybrid remote-and-office future that seems to be the new conventional expectation.
A lasting COVID-driven remote-work boom is predicated on remote-work services not only meeting the moment, but iterating to support a world that just got pushed into a faster digital transformation than anyone expected. Its a busy space for good reason.
Heres who TechCrunch collected notes from this time around:
As usual, were going to riff over some key trends and themes that stood out from the groups collected answers, after which we’ll share their answers at length, edited for clarity and formatting.
Trends, themes
Picking through the answers we received, one thing that stood out was the simple fact that VCs do not believe that the remote-work services and tooling world is solved. In fact, the group was not shy of suggesting areas where theres still more work to be done.
As you might expect, the issue of security came up a few times. Processes are being digitized across workplace verticals but there’s plenty of room for improvement in bringing security and compliance standards into the remote-work age. 
“All the security [and] compliance while being remote is still largely untapped as companies are figuring out the answer,” said Techstars’ Cazalot, to pick one quote from a few.
Other items that popped up include front-of-office collaboration and personal remote process automation. Once basic communications are sorted, the sorts of tools and services that folks-at-a-distance need to work well both alone and and as a team will be varied.
It would be simple to presume that a growing library of apps and services would lead to software (SaaS) fatigue, but our VC group isnt too worried about the concept.
Then there was the talk concerning economics and fundraising. TechCrunch wanted to know if remote-work startups have better or worse economics than other startups that are delivered along similar channels (SaaS, etc.). Our summary of answers it that their economics are at least as good, with some exceptions that their performance could in fact be better than other groupings of their business-model peers.
Regardless, the wave of companies hunting up new apps and services to fuel and empower their suddenly remote workforce is driving venture interest in the companies welcoming the demand. But notable is that prices, per our collected investors, are not as wild as you might think. Bessemers Robinson said prices were not low (“growth equity investors are paying high multiples to get a shot at the category defining [remote work-focused] app companies”), but most others offered some more tempered notes.
Reading their answers, it appears that the further an investor is from the Silicon Valley startup hub, the more reasonable prices look; that was likely true before the pandemic, mind, but that the pattern is holding up during COVID-19 implies that there is available price arbitrage available in the market that persists even into this hot niche.
Thats our first read, but theres a lot more below.
Minn Kim, investor, Bloomberg Beta
Its now common knowledge that the digital transformation has been accelerated by COVID-19. What portion of your active portfolio benefits from this change in pace?
Given our firms focus on the future of work, weve observed that a little over half of our portfolio companies have benefited from the digital transformation accelerated by COVID-19. These have been in areas like digital productivity, security, developer collaboration tools, network infrastructure and online education. This is also because several of our portfolio companies were built with a remote workforce in mind, including coaching platformSounding Board and team success softwareRange.  
Will the influx of single-purpose remote-work apps and services lead to app fatigue, and thus a return of more bundled solutions?
For those of us fortunate enough to do most of our work online, the rise of single-purpose remote-work apps reflects the limitations of the tools that we relied on in our previous work stack. If there is new bundling, I believe we may see it on platforms were newly relying on heavily, such as those offering great ways to run online sprints, remote offsites, and collaborative screen sharing.  
Is there an upper limit to the number of tools that a single company may want to buy? Put another way, is SaaS fatigue real?
An upper limit for tool purchasing is more likely indication that a product is not yet hitting on the most important priority for its customer at the right time or price. SaaS fatigue is real until a solution comes along that addresses the users pain point in a clear, compelling and differentiated way. 
As companies begin to go back to the office, do you think they are going to trend back toward their old processes and ditch some of their new remote software?
For knowledge work, I believe some behaviors will naturally default back to old processes, such as in-person water cooler conversations in a shared common space. Even when companies begin to go back to the office, I imagine some people on our teams will continue to be remote, at least for awhile. With this in mind, I foresee an ongoing reliance on tools likePinpoint, for helping software engineers collaborate more efficiently, andBonusly, for ongoing encouragement and recognition to team members (in-person and remote).
Are there areas inside of the world of remote tools and services that you think are under-served, places where youd like to place a bet?
Id love to see more founders building solutions around lightweight automations (personal RPA), software for better decision-making and products that use digital nudges to make unstructured collaboration more effective, such as gesture recognition or sentiment notifications in video conversations. There are also many opportunities to build useful products that use the metadata in our online interactions to help us become more effective teammates. For example, were investors in a company calledCultivate that analyzes a teams digital conversations to help leaders improve and get notified when theyre sending too many emails during evening hours or sharing recognition unevenly across a team. 
Does the availability of ample private capital give remote-tooling startups the flexibility to put off going up-market to the mid-market and enterprise areas?
Its less about the flexibility of delaying moving up-market. Its more about the freedom to experiment, iterate and get a product closer to product-market-fit with its earliest representative customer segment. 
Do remote-tooling-focused startups have similar, better or worse economics than the average venture-backed SaaS startup?
This answer will vary depending on what youre comparing. Because many of the newer remote-tooling-focused companies offer freemium business models to encourage new users, the sustainability of a company comes down to the cost to serve each new customer. Weve seen that remote-tooling-focused startups that are laser-focused on a specific use case and narrow the pool of potential early customers are often in a better position to understand their unit economics. 
How competitive are remote-work tooling venture rounds now? Are prices out of control?
It feels like the right time to build and raise for a Zoom competitor was at the beginning of 2020. Now, were seeing competitive rounds for companies building on top of Zoom or around workflow-specific features, such as event and community management or meeting analytics. That said, prices at the pre-seed and seed stages havent changed dramatically since pre-Covid-19. 
Elliott Robinson, growth equity partner, Bessemer"
9,"{'id': 'techcrunch', 'name': 'TechCrunch'}",Catherine Shu,"Samsung’s second-quarter profit grew 23% year-over-year, thanks to strong chip demand","Samsung Electronics sounded a cautiously optimistic note in its earnings report today. The company is continuing to deal with the fallout of the COVID-19 pandemic, but its memory business was fortified by demand for DRAM chips as data centers adapted to an in…",http://techcrunch.com/2020/07/29/samsungs-second-quarter-profit-grew-23-year-over-year-thanks-to-strong-chip-demand/,https://techcrunch.com/wp-content/uploads/2020/07/GettyImages-1227833441.jpg?w=601,2020-07-30T05:35:02Z,"Samsung Electronics sounded a cautiously optimistic note in its earnings report today. The company is continuing to deal with the fallout of the COVID-19 pandemic, but its memory business was fortified by demand for DRAM chips as data centers adapted to an increase in remote work and education.
Second-quarter operating profit grew 26% from the previous quarter, and 23% year-over-year to 8.15 trillion won (about $6.84 billion), due largely to more sales of DRAM chips. Revenue fell 4% from the previous quarter, and 6% year-over-year, to 53 trillion won, while net profit rose 7% to 5.6 trillion won. Samsung said revenue was impacted by lower sales of smartphones and other devices, but some of that was offset by reduced marketing spending and other cost-cutting measures.
Samsung Electronics will launch new models of its flagship smartphones, including the Galaxy Note and a foldable device, at its online Galaxy Unpacked event on August 5, but will also focus on increasing sales of low- to mid-priced phones, which it expects to drive revenue during the rest of the year.
The company also acknowledged that it faces intense competition from other smartphone makers. In fact, on the same day that Samsung announced its second-quarter earnings, research firm Canalys released a report that said Huawei shipped more smartphones globally than any other vendor in the second-quarter, despite dealing with American government restrictions, displacing Samsung from the top position for the first time.
On the brighter side, many analysts believe that Samsung, along with TSMC, will benefit from Intels recent announcement that it will outsource more semiconductor manufacturing.
Remote services drove demand for DRAM chips
The companys semiconductor division was helped by demand for DRAM chips from data centers that need to fortify their online infrastructure to support remote workers and online education. PC demand also remained solid because of low-end laptop sales.
But sales of chips for mobile devices remained weak as consumers spent less money because of the pandemic. When they did make purchases, they tended to buy low- to mid-end mobile products, which use less powerful chips.
A one-off gain boosted display revenue
Samsung Electronics display panel business earnings improved quarter-over-quarter thanks to a one-off gain that boosted profits from mobile displays. Samsung did not give details about where the gain came form, but Bloomberg reports it was a compensatory payment of about 1.1 trillion won ($924 million) from Apple after the iPhone maker ordered fewer displays than expected.
But overall demand for displays was lower as COVID-19 hit smartphone sales. Operating losses were offset slightly by purchases of monitors by people working from home.
Samsung Electronics said mobile display demand is expected to recover this year as its biggest clients continue to launch new products, despite continuing uncertainties from the pandemic. It also expects orders for mobile and graphic chips to increase as new smartphones and game consoles are released, and anticipates a “full-fledged rebound in earnings from mobile displays” by the end of the year, due largely to sales of mid- to low-end smartphones."
10,"{'id': 'techcrunch', 'name': 'TechCrunch'}",Jonathan Shieber,"Nurx has $22.5 million in new money, a path to profitability, and new treatments for migraines on the way","As the COVID-19 epidemic spread across the US earlier this year, Nurx, like most other digital providers of healthcare and prescription services saw a huge spike in demand. Now, with $22.5 million in new financing and a surging annual run rate that could see …",http://techcrunch.com/2020/08/11/nurx-has-22-5-million-in-new-money-a-path-to-profitability-and-new-treatments-for-migraines-on-the-way/,https://techcrunch.com/wp-content/uploads/2019/08/Nurx-App-1.png?w=600,2020-08-11T13:05:26Z,"As the COVID-19 epidemic spread across the US earlier this year, Nurx, like most other digital providers of healthcare and prescription services saw a huge spike in demand.
Now, with $22.5 million in new financing and a surging annual run rate that could see the company hit $150 million in revenue, the company is emerging as the largest digital practice for women’s health.
“We saw this tremendous surge in need for our contraception and sensitive health services,” says Nurx chief executive Varsha Rao .
The growth hasn’t come without controversy. Only last year, a New York Times article pointed to corner cutting at the startup which boasts Chelsea Clinton as an investor and advisor.
Undeterred Rao said that the company has now seen tremendous acceleration in all areas of its business. It’s now providing care to over 300,000 patients on a monthly basis, boasts that $150 million run rate and new investors like Comcast Ventures, Trustbridge and Wittington Ventures — the investment arm of one of the largest pharmacy chains in Canada, Shoppers Drug Mart.
The new $22.5 million is an extension on the company’s previous $32 million round and will take the company to profitability by 2021, according to Rao.
And while birth control and contraception are still the largest areas of the company’s business, Nurx is growing its range of services, seeing adoption of its testing for sexually transmitted infections including HPV and herpes and a new treatment area for migraines.
That focus on sexual health and what the company calls sensitive health is different from trying to be a primary care provider says Rao. “Our real focus right now is on our core demographic who are women between the ages of twenty and forty and really focusing on their needs,” she says. “That’s why migraines make a lot of sense. It’s not exclusively hormone related, but it often is… One-in-four women experience migraines and they’re largely from hormonal changes… This is a condition we’re well positioned to address.”
Another way that Nurx differentiates itself from competitors like Hims and Ro, which provide women’s health and contraceptive prescriptions as well, is through its ability to take insurance. “It’s actually pretty challenging to build the system to actually offer insurance,” says Rao. “And yet, we don’t think you can be a true healthcare company if you don’t accept insurance.”"
11,"{'id': 'techcrunch', 'name': 'TechCrunch'}",Catherine Shu,"Smartwatch shipments grew during the first quarter of 2020, with Apple Watch still in first place","Despite the worldwide impact of the COVID-19 pandemic, global smartwatch shipments continued to grow during the first three months of the year, driven by online sales, says a new report by research firm Strategy Analytics. Shipments grew 20% annually to reach…",http://techcrunch.com/2020/05/07/smartwatch-shipments-grew-during-the-first-quarter-of-2020-with-apple-watch-still-in-first-place/,https://techcrunch.com/wp-content/uploads/2020/05/GettyImages-856169984.jpg?w=600,2020-05-07T07:12:26Z,"Despite the worldwide impact of the COVID-19 pandemic, global smartwatch shipments continued to grow during the first three months of the year, driven by online sales, says a new report by research firm Strategy Analytics.
Shipments grew 20% annually to reach 13.7 million units in the first quarter of 2020, up from 11.4 million units in the previous quarter. Apple Watch stayed in the top position, with 55% global market share, followed in second place by Samsung. Garmin rose to third place.
“Smartwatches are selling well through online retail channels, while many consumers have been using smartwatches to monitor their health and fitness during virus lockdown,” wrote Strategy Analytics senior analyst Steven Waltzer.
In the first quarter of 2020, 7.6 million Apple Watches shipped, a 23% increase from the 6.2 million shipped during the same period one year ago. Apple Watchs market share grew from 54% to 55%.
Samsung shipped 1.9 million smartwatches, compared to 1.7 million last year, while its market share went down from 15% to 14%. Waltzer writes that Samsungs smartwatch growth was slowed by the coronavirus lockdown in South Korea and new competition from rivals like Garmin .
Garmin took the number three position for the first time in two years, shipping 1.1 million smartwatches in the first quarter, a 38% increase from 800,000 a year ago. This grew Garmins share of the global smartwatch market from 7% to 8%, thanks to new models like the Venu with OLED color touchscreen.
Strategy Analytics expects global smartwatch shipments to slow in the second quarter of 2020 because of the pandemic, but recover during the second half of the year, as stores reopen and some consumers turn to smartwatches to help them monitor their health.
“Smartwatches continue to have excellent long-term prospects, as younger and older people will become more health-conscious in a post-virus world,” wrote analyst Woody Oh. “Smartwatches can monitor vital health signs, such as oxygen levels, and consumers may find comfort in having a virtual health assistant strapped to their wrist.”"
12,"{'id': 'techcrunch', 'name': 'TechCrunch'}",Alex Wilhelm,"As investing apps boom, Public doubles down on its social focus","Savings and investing apps are having a moment. While many startups are struggling in the wake of COVID-19 and its economic impacts, services that help regular folks save a bit more or invest their funds are seeing a demand boom. Coming into 2020 on the back …",http://techcrunch.com/2020/05/07/as-investing-apps-boom-public-doubles-down-on-its-social-focus/,https://techcrunch.com/wp-content/uploads/2019/08/GettyImages-1067894500.jpg?w=600,2020-05-07T13:46:03Z,"Savings and investing apps are having a moment. While many startups are struggling in the wake of COVID-19 and its economic impacts, services that help regular folks save a bit more or invest their funds are seeing a demand boom.
Coming into 2020 on the back of a huge fundraising year for the fintech cohort, it’s a welcome result for investors and founders alike
Public, a startup whose app allows consumers to invest for free, is enjoying the updraft. So much so that it accelerated a feature release to help capitalize on changing consumer behavior. This morning let’s explore how quickly Public has grown in recent weeks, and why it’s doubling-down on the social side of its service, something that many of its peers lack.
Public launched out of beta last September and saw rapid consumer adoption right away, according to Jannick Malling, the startup’s co-founder and co-CEO. “We’ve been growing very, very quickly since September,” Malling told TechCrunch.
But Public’s service is a different from other investing apps that you might be familiar with. Users can buy fractional shares, invest in ETFs, and invest in themes for free, as you’d expect in 2020. But it also has a social element that makes its application more than just a place to take stock of your portfolio’s performance.
Users can display their investments and stocks that they are interested in on a public page (here’s one). They can also explain their investment choices in a public feed (the company’s name is rather on-the-nose).
Those social tools became more than a neat feature when the markets began to gyrate earlier this year. According to Malling, users were coming to app to handle the market’s ups-and-downs alongside their investing peers. Public’s users “are going through [the turbulence] together,” Malling told TechCrunch, adding that he and his company believes that investing through a downturn with fellow investors is a “a much better way” than hacking it alone.
But Public wanted to provide more social tools to its users, and quickly, once the markets stopped merely going up and began to bounce up and down instead. So the startup accelerated the rollout of private and group messaging, which it launched this morning.
Public had messaging capabilities on the roadmap before COVID-19, but the changing world “made the need so much more apparent,” Malling said. “Times of great uncertainty [are] really when you do need community,” the co-CEO explained in an interview. “You need people that you can have dialogue with.”
Screenshots of Public’s new messaging tool, via the company.
Community in trying times is welcome, and public-market investors are a famously chatty bunch, so messaging might prove to be a smart call for Public. From day trading chat rooms in the 1990s to today’s WallStreetBet denizens, folks putting money to work like to talk about where they are deploying capital and why. Public is not designed for day traders, mind, but that doesn’t mean its longer-term investing users won’t want to talk amongst themselves.
And there are more Public users than ever. Like its competitors (Robinhood, Wealthfront, M1 Finance, Betterment, it’s a list) Public has seen its userbase boom in recent weeks. According to the company, it saw “new customer growth” of +80% in April when compared to March’s results, along with a doubling (+100%) of trading activity and a tripling (+200%) of time spent in its app by users.
That recent growth has been organic, according to Malling. Noting that he views Public as a social network, Malling said that his company “predominantly” grows via organic channels, including user referrals, because it is an “app that gets better with friends on it.”
Looking ahead, TechCrunch asked the company if messaging would be followed up by other, socially focused features in the future. It will, according to Malling, who told TechCrunch the new messaging feature will be prominently featured in the app itself, which he felt was “indicative that [the new feature] is the start of something, and there will be many more exciting updates that we will roll out in the coming months.”
The social aspirations of Public are serious. Malling explained TechCrunch that folks today have Slack for work, for example, and Twitch and Discord for for gaming, but that “there isn’t really that social network for investing and that is ultimately what we think we can build with Public.”"
13,"{'id': 'techcrunch', 'name': 'TechCrunch'}",Catherine Shu,Alibaba Cloud will invest $28 billion more into its infrastructure over the next three years,"Alibaba Cloud announced today that it will invest another RMB 200 billion (or about $28 billion) into its infrastructure over the next three years, prompted in part by increased demand for services like video conferencing and live streaming as businesses adap…",http://techcrunch.com/2020/04/19/alibaba-cloud-will-invest-28-billion-more-into-its-infrastructure-over-the-next-three-years/,https://techcrunch.com/wp-content/uploads/2017/02/gettyimages-492748010.jpg?w=601,2020-04-20T06:30:05Z,"Alibaba Cloud announced today that it will invest another RMB 200 billion (or about $28 billion) into its infrastructure over the next three years, prompted in part by increased demand for services like video conferencing and live streaming as businesses adapt to the COVID-19 pandemic.
The investment will focus on expanding Alibaba Clouds technology, including its operating system, servers and chips, in its data centers. The provider currently has 63 availability zones, located in Asia, Australia, the Middle East, Europe and the United States.
In press statement, Jeff Zhang, president of Alibaba Cloud Intelligence and chief technology officer of Alibaba Group, said, “By increasing our investment on cloud infrastructure and fundamental technologies, we hope to continue providing world-class, trusted computing resources to help businesses speed up the recovery process, and offer cloud-based intelligent solutions to support their digital transformation in the post-pandemic world.”
In its last quarterly earnings report, issued in February, Alibaba reported cloud revenue grew 62% to $1.5 billion. Alibaba Cloud is the top cloud provider in the Asia Pacific market, according to Gartner."
14,"{'id': 'techcrunch', 'name': 'TechCrunch'}",Sarah Perez,Soundcloud to launch live original programming on Twitch,Music streaming service Soundcloud is capitalizing on consumer demand for live entertainment amid the COVID-19 quarantine with the launch of its own slate of originally produced live programming. The company today announced its plans for a new Twitch channel …,http://techcrunch.com/2020/05/04/soundcloud-to-launch-live-original-programming-on-twitch/,https://techcrunch.com/wp-content/uploads/2020/05/soundcloud-twitch.png?w=601,2020-05-04T18:01:07Z,"Music streaming service Soundcloud is capitalizing on consumer demand for live entertainment amid the COVID-19 quarantine with the launch of its own slate of originally produced live programming. The company today announced its plans for a new Twitch channel where it will air live chat series and other panel conversations plus music sets, and shows focused on music discovery. The programming will feature artists, producers and other industry experts in an effort appeal to both music creators and fans alike.
While the company has offered other music discovery and creator resources in the past, this is the first time it’s offered live video and a way to interact with the music community in real-time, as it will by way of Twitch’s built-in chat.
The new slate of originals begins on Wednesday, May 6th, at 2 PM ET, with “Studio Sessions with Soulection,” a 90-minute music show hosted by Soulection Founder, Joe Kay. The show promises to feature “surprise guests” who will dig through Soundcloud to find the most exciting, undiscovered tracks and discuss what makes a track stand out.
On Thursday, May 7th, Soundcloud will begin airing its 3-hour weekly live chat series “Cloud Bar,” where creators, industry execs, and influencers will take on topics like how to build a career in music and look at new trends in music discovery, culture, and more.
This week’s guests include CAA music agents, Zach Iser and Caroline Yim; artist managers Byron Wilson, Matthew Burnett, and Jordan Evans, Dae Bogan of The Mechanical Licensing Collective; XXLs Editorial Director, Georgette Cline; hip-hop entrepreneur, Roger Gengo; recording artist, activist, and entrepreneur, Vic Mensa; and Founder and CEO of Biz 3 Publicity, PCC, ICF certified Personal/Professional Coach, Kathryn Frazier.
The discussion will be in three parts, beginning with the timely topic of how the music community is coping with the COVID-19 cancellations of live music, and how they’re working to bring their music to fans online. The other two parts of the conversation will focus on the changes in music discovery occurring due to the pandemic and the subject of self-care for artists.
On May 11th, Soundcloud will introduce two more shows, “Fresh Pressed” and “Fast Track.”
The former aims to give the latest scoop on the best new tracks while the latter will have rising artists creating their own beat in 60 minutes or less using software and instruments in digital music making. “Fresh Pressed” will continue to air every Monday from 2-3:30 PM ET and “Fast Track” will air every other Wednesday from 2-3:30 PM ET.
Twitch has been working to make its resources available to music artists and other creators during the COVID-19 pandemic as it sees the potential to expand beyond gaming.
On that front, the company just hired Spotifys former director of Product Management Tracy Chan as its new head of Product and Engineering for Music. The company also recently partnered with Bandsintown and Soundcloud to fast-track artists onto its Twitch Affiliates platform, so they can make money from their live streams. According to some artists, it’s been easier to make money on Twitch compared with mainstream social platforms.
Twitch is also preparing to air a two-hour “Sessions” music and conversation series on its front page on four consecutive Wednesdays, starting this week at 4 PM ET. Guests will include CAM, Skip Marley, Steve Earle, Brandy Clark and DJ Twin Shadow for the debut show. Viewers will be able to donate to the MusiCares charity’s COVID-19 relief fund during the event.
Soundcloud on Twitch begins Wednesday, May 6th, at 2:00 PM ET, but users can follow the channel and opt to turn on notifications on Twitch now.
The company says it will publish its schedule for the week here on its own site."
15,"{'id': 'techcrunch', 'name': 'TechCrunch'}",Kirsten Korosec,"Uber subsidiary Careem to slash workforce by 31%, suspends bus transport app","Careem, the Dubai-based ride-hailing and delivery company that was acquired by Uber last year, is cutting its workforce by 31% and suspending its mass transportation business due to affects from the COVID-19 pandemic. The layoffs will affect more than 530 emp…",http://techcrunch.com/2020/05/04/uber-subsidiary-careem-to-slash-workforce-by-31-suspends-bus-transport-app/,https://techcrunch.com/wp-content/uploads/2017/06/pr_1.jpg?w=567,2020-05-04T18:05:28Z,"Careem, the Dubai-based ride-hailing and delivery company that was acquired by Uber last year, is cutting its workforce by 31% and suspending its mass transportation business due to affects from the COVID-19 pandemic.
The layoffs will affect more than 530 employees. Employees who are laid off will receive at least three months severance pay, one month of equity vesting, and where relevant, extended visa and medical insurance through the end of the year, according to the company’s blog post announcing the reductions.
“We delayed this decision as long as possible so that we could exhaust all other means to secure Careem,” Mudassir Sheikha, the company’s co-founder and CEO, wrote in a blog post Monday.
Careem started in 2012 as a ride-hailing company aiming to compete with Uber rival in the Middle East. In recently years, Careem has diversified its business, expanding into credit transfers, food and package delivery and bus services. Uber bought Careem in March 2019 for $3.1 billion.
Since the COVId-19 pandemic hit, Careem has seen business fall by more than 80%, Sheikha said.
The company made the cuts to preserve the business and its vision to create a consumer-facing “super app” that offers a suite of lifestyle services, including a digital payment platform and last-mile delivery. Those reductions will also affect some previously announced products, namely its mass transportation feature called Careem BUS.
“The economics of the mass transportation business have improved but remain challenging, and at this time, we need to accelerate our investments in deliveries and the Super App,”  We believe Careem BUS is a much-needed offering in some of our core markets, and I predict that the service will reappear on the Careem Super App in the future.” 
The announcement comes just hours after Uber Eats said it will shutter its on-demand food business in several markets, including in the Czech Republic, Egypt, Honduras, Romania, Saudi Arabia, Uruguay and Ukraine. Uber Eats said it will transfer its business operations in the in the United Arab Emirates (UAE) to Careem.
Consumers and restaurants using the Uber Eats app in the UAE will be transitioned to the Careem  platform in the coming weeks, after which the Uber Eats app will no longer be available, according to a regulatory filing detailing the operational shifts."
16,"{'id': 'techcrunch', 'name': 'TechCrunch'}",Ingrid Lunden,"Twitter Q1: sales up 3% to $808M as it swigs to a loss on COVID-19, mDAUS hit record 166M","Despite traffic for many online properties being at an all-time high, advertising has fallen off a cliff because of the downturn in consumer activity outside the home and the wider economic pressures resulting from the COVID-19 pandemic. And today, Twitter re…",http://techcrunch.com/2020/04/30/twitter-q1-sales-up-3-to-808m-as-it-swigs-to-a-loss-on-covid-19-mdaus-hit-record-166m/,https://techcrunch.com/wp-content/uploads/2020/01/twitter-CES-2020-11.jpg?w=711,2020-04-30T11:11:30Z,"Despite traffic for many online properties being at an all-time high, advertising has fallen off a cliff because of the downturn in consumer activity outside the home and the wider economic pressures resulting from the COVID-19 pandemic. And today, Twitter reported quarterly earnings that bore this trend out.
The ad-based social networking and media company said that in Q1 it made $808 million in revenues, actually up 3% on a year ago, with monetizable daily active users (Twitter’s own metric for measuring its audience) grew 24% to 166 million, an all-time high, adding 14 million average mDAUs since Q4 (152 million) and 32 million since Q1 of last year (134 million). But, operating income for the quarter swung to a loss of $7 million, working out to a net margin of -1% and diluted EPS of -$0.01.
Analysts had expected, on average, to see $775.96 million in revenues on earnings per share of $0.10, so Twitter beat on sales, and missed on earnings. To note: Twitter’s analyst consensus (provided to journalists) was a little different: it noted that average EPS expectations were -$0.02 on sales of $776 million, with expectations of mDAUs at 164 million.
Times have really changed. In the same quarter a year ago, Twitter reported sales of $787 million, up 18%; net income of $191 million; and diluted EPS of $0.37.
In this difficult time, Twitters purpose is proving more vital than ever,” said CEO Jack Dorsey in a statement. “We are helping the world stay informed, and providing a unique way for people to come together to help or simply entertain and remind one another of our connections. Weve delivered our strongest ever year over year mDAU growth. Public conversation can help the world learn faster, solve common problems, and realize were all in this together. Our task now is to make sure we retain that connection over the long term with the many people new to Twitter.
The company said that the quarter played out in “two distinct periods”, January through early March, which largely performed as expected, it said, and eearly March through the end of the quarter, “when the pandemic became global.”
None of this should come as a surprise. Twitter itself announced more than a month ago that it was removing its own financial guidance because of the instability of its business due to COVID-19 — noting only that it would be lower than expected:
“While the near-term financial impact of this pandemic is rapidly evolving and difficult to measure, based on current visibility, the company expects Q1 revenue to be down slightly on a year-over-year basis,” it wrote at the time. “Twitter also expects to incur a GAAP operating loss, as reduced expenses resulting from COVID-19 disruption are unlikely to fully offset the revenue impact of the pandemic in Q1.”
It did point out one bright spot, which is that it is picking up many more users because of increased “conversation about COVID-19 as well as ongoing product improvements.” Then, it said that quarter-to-date average total mDAU was around 164 million, up 23% from 134 million in Q1 2019 and up 8% from 152 million in Q4 2019.
Generally, Twitter’s fortunes this quarter are in line with results from Alphabet/Google and Facebook, which also reported earnings this week that reflect the impact of reduced advertising revenues due to fallout from the the public health crisis.
But even without the impact of COVID-19 on Twitter’s primary business of advertising, the company had been facing a tough time leading into the quarter. Like eBay, Twitter has been the subject of activist investor activity pushing for leadership and operational changes to improve growth and profitability. (Coincidentally, the same activist investor, Elliott, has been behind both efforts.) Unlike eBay, however, Twitter has managed to keep its CEO in place — co-founder Jack Dorsey — but has had to concede board seats as part of a wider financing package and strategy to refocus the business. There may be questions on the call today to see if all of that has been put on ice given how other factors are now in play.
Breaking out some specific numbers, advertising accounted for the lion’s share of sales at $682 million, with data licensing making up much of the remainder. US revenues were $468 million, up 8% year-over-year, while international was at $339 million, down 4%.
No layoffs announced (not yet) but as with others like Spotify, Twitter is putting a hold on hiring. The company had committed to increase headcount this year by at least 20% (alongside its CEO relocating to Africa temporarily and many other optimistic plans) but this is now being slowed down — to what extent, it did not say, but it did note that 2020 total expense growth would now be “considerably less” than the 20% it had projected.
More to come."
17,"{'id': 'techcrunch', 'name': 'TechCrunch'}",Sarah Perez,Walmart is piloting a pricier 2-hour ‘Express’ grocery delivery service,"Record usage of grocery delivery services amid the COVID-19 pandemic has led to delayed orders, fewer open delivery windows, and an inability to even book a delivery time slot, on occasion. Walmart now hopes to capitalize on the increased demand for speedier …",http://techcrunch.com/2020/04/30/walmart-is-piloting-a-pricier-2-hour-express-grocery-delivery-service/,https://techcrunch.com/wp-content/uploads/2020/02/walmart-grocery.jpeg?w=613,2020-04-30T21:34:36Z,"Record usage of grocery delivery services amid the COVID-19 pandemic has led to delayed orders, fewer open delivery windows, and an inability to even book a delivery time slot, on occasion. Walmart now hopes to capitalize on the increased demand for speedier delivery with the introduction of a new service that allows consumers to pay to get to the front of the line. The retailer confirmed today it’s launching a new Walmart Grocery service called “Express” which promises orders in 2 hours or less for an upcharge of $10 on top of the usual delivery fee.
The service has been in pilot testing across 100 Walmart stores in the U.S. since mid-April.
Some Walmart customers may have recently received a push notification alerting them to the launch.
To use Express delivery, you first fill your online Walmart Grocery cart with the $30 minimum required for delivery orders or more. At checkout, you’ll see an option beneath the calendar where you pick a delivery date to select the Express service. In many cases, there may no other standard delivery time slots available for the current day or even several days out, which makes the Express service even more appealing to shoppers who need their orders sooner.
Though Walmart is officially promoting Express as a “two-hour” delivery service, in the weeks it’s been piloting the program Walmart has been able to deliver these orders within 56 minutes, on average.
In our tests, we were shown an Express fee of $18.90 to receive a delivery in “55 mins or less,” the app informed us today, April 30. There were no other fees. Without choosing the Express option, the next available time slot was not until next week, on Monday, May 4.
A price of $18.90 is close to — but is not exactly — a $10 increase over Walmart’s typical delivery fees of $7.95 or $9.95, depending on time of day. But we understand the plan is to make Express a flat $10 upcharge moving forward. (Walmart hadn’t been planning to officially announce the launch until next week, so pricing is being updated.)
Like Walmart’s other grocery deliveries, Express deliveries are handled by Walmart’s external network of delivery partners, which vary by market. The retailer won’t comment on if those additional fees are split with their partners, or how, if so.
There could be backlash against a system like this, given how it favors a wealthier customer at a time when food and other critical supplies have run short. During the pandemic, store shelves have often been bare as consumers hoarded things like toilet paper, hand sanitizer, and Lysol cleaners. Now, consumers are being warned that meat shortages are expected soon.
In addition, the pandemic has already exposed the income divide between those who can afford to shop online and low-income customers, who can only use their SNAP benefits (food stamps) in physical stores — except in a handful of states where a USDA pilot has been running. And now those with the means will be able to gain another advantage: paying to get to the limited supplies first.
Walmart says it’s doing things to mitigate these types of concerns, however.
For items where the inventory is so limited it can’t guarantee delivery, it’s removing their availability from the online grocery service. Plus, the retailer says it’s not pushing back standard delivery orders to accommodate the high-paying Express customers. Instead, the Express service is being made available on top of Walmart’s existing grocery pickup and delivery capacity.
The Express service wasn’t dreamed up because of the pandemic, Walmart says, but it did play a role in terms of the timing of the launch.
“The demand that we’ve seen during the coronavirus pandemic is making us push forward and expedite the development of some services that we may have been thinking about,” a Walmart spokesperson explained. “But demand has pushed us to innovate more quickly,” they added.
Walmart is not alone in experiencing a crush of online grocery orders due to the COVID-19 pandemic.
The company and others have seen a record number of downloadsfor their grocery apps in recent weeks. In fact, demand for online grocery as well as other e-commerce orders has been so great that Walmart hired 150,000 new workers out of a pool of over a million applicants a full six weeks ahead of schedule, and is now hiring 50,000 more.
Meanwhile, Walmart’s online grocery rivals — Shipt, Instacart and Amazon — have also been hiring hundreds of thousands of new shoppers between them. Amazon had to implement a waitlist system for new Amazon Fresh and Whole Foods Market pickup and delivery customers due to the rise in online grocery shopping. And Instacart made several adjustments to its app to help better prioritize orders and open up more delivery windows.
In Walmart’s case, its ability to launch Express isn’t solely due to its new hires, we’re told.
The company already employs a workforce of “personal shoppers” who dedicate themselves to pulling for online grocery orders. Walmart says Express is powered by these personal shoppers, only some of which may be the newly hired store associates.
Walmart intends to test Express in its pilot markets before rolling out the service further across the U.S."
18,"{'id': 'techcrunch', 'name': 'TechCrunch'}",Lucas Matney,Week in Review: Facebook hardware finds pandemic market fit,"Hey everybody, welcome back to Week in Review. The world of COVID-19 is our new reality, so I’ll continue to include links to some positive updates on research, but I’ll be shifting back the focus to covering tech’s movers and shakers of the week. If you’re r…",http://techcrunch.com/2020/04/19/week-in-review-facebook-hardware-finds-pandemic-market-fit/,https://techcrunch.com/wp-content/uploads/2019/04/Oculus-Rift-S-Lifestyle-1.jpg?w=600,2020-04-19T21:15:31Z,"Hey everybody, welcome back to Week in Review. The world of COVID-19 is our new reality, so I’ll continue to include links to some positive updates on research, but I’ll be shifting back the focus to covering tech’s movers and shakers of the week.
If youre reading this on the TechCrunch site, you can get this in your inbox here, and follow my tweets here.
The big story
One thing that’s been interesting to see over the past few weeks is how our relationship with screen time has changed. For many, screen time is now all the time and while we haven’t stopped using too many gadgets, there are some we’ve taken out of drawers and closets and added to our repertoire.
For some, it’s been cooking gadgets. While I’ve yet to open up the sous vide gadget I received over the holidays, I was very tempted by my editor’s review of the Ooni gas-fired outdoor pizza oven this week. For me, I’ve strangely seemed to spend a lot more time with the two gadgets I own that are made by Facebook. The currently sold-out Oculus Quest and Facebook Portal are the twin pillars of Facebook’s hardware strategy, but it’s been a bit interesting to see how much more that strategy seems to thrive when we’re all stuck at home.
In a lot of ways, Facebook’s hardware feels built for a quarantine.
The Quest spent a lot of time in my closet when I was out in the world pre-quarantine, but now that I’m in my house most of the day, it spends a good amount of time strapped to my face. When VR was a more hyped technology, there was a broader conversation of whether it encouraged isolation, something promoters of the tech pushed aside, noting that it enables rich shared experiences over the web. As we all host Zoom birthday parties and visit each other’s Animal Crossing islands, it’s becoming clear that with the absence of available physical connections, we can turn a lot of things into rich shared experiences.
In a lot of ways, the Quest is a reminder of what I’m missing out on. The walls of my SF apartment feel less containing when I can hop into a VR workout or jump between games. For the first time, the technology has felt transportive in the way that the ads sold it, but it’s not that the experiences have gotten better, the world has just gotten much worse.
In the same way that VR allows us to re-skin isolation, the Portal allows us to commiserate in it.
My Portal usage has spiked in the past weeks as well. Before stay-at-home orders, coordinating a call with multiple family members was a logistical nightmare and FaceTime calls made it more likely we’d get in touch with each other, but none of my siblings are wandering far from their Portals these days.
We are all still on our phones, but for those of us working from home, mobile we are not. It’s always been fascinating that a tech company which has wildly succeeded at capturing the nuances of mobile computing has been so devoted to selling hardware meant to move us around the internet while staying in place at home. Now, that we are all at home, we are all always there and the Portal really lives up to its name.
Facebook has designed gadgets explicitly built for home use, and more than that, they’re designed devices built around session-based use cases. While Amazon Echos and Google Homes have fit into a persistent IoT platform that are always there for us, Facebook’s gadgets are more high-maintenance, designed for people to fully commit to. For a company that’s focused on the universal nature of its software, its hardware has been built for almost no one’s needs, instead designed to pull people into a future Facebook imagines.
For now, I put the Quest on my face and sometime I tell the Portal to call my sisters, but will these quarantine oddities form tech habits I hold onto after this is all behind us? In these historic times, we are at home and we are craving connections, and, for the time being, the Facebook future feels good.
Trends of the week
Here are a few big news items from big companies, with green links to all the sweet, sweet added context:
<ul><li>Bezos wants to test all Amazon employees for COVID-19As Amazon bares the brunt of America’s online shopping needs, CEO Jeff Bezos wrote in a shareholder letter this week about some of the strategies the company has to ensure its workforce stays on the job. One possibility seems to be “regular testing of all Amazonians, including those showing no symptoms,” Bezos says. Read more here.</li><li>Google is building a smart debit cardJust as every startup is getting into lending or banking, every tech giant wants to have a piece of plastic (or metal) in your wallet. This week, TechCrunch broke news that Google is building a smart debit card that could rival the Apple Card. Read more about it here.</li><li>Apple launches a new iPhone SEThe iPhone SE has grown to become one of the more fascinating devices Apple sells, cramming speedy components into a form factor that’s fallen out of vogue for their customer obsessed with the latest designs. The latest SE adopt the body of the iPhone 8 with souped-up internals that rival more recent flagships on performance. Read more about the new hardware here.</li></ul>Photo by Andrew Theodorakis/Getty Images
COVID-19 Research
Here are some of the stories this week chronicling the fight against the coronavirus pandemic.
Extra Crunch
Investors and entrepreneurs are shifting their chats to Zoom, so we’re taking note and hosting live Q&amp;A discussions for our Extra Crunch subscribers with some of tech’s most visible figures. We’ll be hosting these Extra Crunch live chats over the next several weeks.
<ul><li>This upcoming week, we’ll be talking to Aileen Lee &amp; Ted Wang of Cowboy Ventures.Monday, April 20 at 10:30am PT / 1:30pm ET</li></ul>Well be chatting with Aileen Lee (former KPCB partner, founder and managing director at Cowboy.vc and coiner of the term Unicorn) and Ted Wang (Cowboy.vc partner, former partner at Fenwick &amp; West, and former outside counsel to Facebook, Twitter, Dropbox, Square and more) about how theyre advising their portfolio companies, if there are new and innovative ways for early-stage startups to secure capital beyond the traditional VC route and whether startups should hunker down or lean in during these uncertain times."
19,"{'id': 'techcrunch', 'name': 'TechCrunch'}",Lucas Matney,Y Combinator officially shifts its next accelerator class to fully remote format,"After being forced to quickly shift plans and stage a remote demo day last month following the outbreak of COVID-19 stateside, Y Combinator announced today that they will officially be fully moving their next batch to a remote format. In a post today on Y Com…",http://techcrunch.com/2020/04/20/y-combinator-officially-shifts-its-next-accelerator-class-to-fully-remote-format/,https://techcrunch.com/wp-content/uploads/2019/08/Equity_thumb_03.jpg?w=711,2020-04-20T16:48:03Z,"After being forced to quickly shift plans and stage a remote demo day last month following the outbreak of COVID-19 stateside, Y Combinator announced today that they will officially be fully moving their next batch to a remote format.
In a post today on Y Combinator’s site, YC CEO Michael Seibel announced the move, “We have decided to run the S20 batch remotely, because amid the COVID-19 crises, the safety of founders and YC staff is our top priority.”
The Summer 2020 group of founders will operate fully online with interviews, office hours, evening talks, and meetups taking place over video conferencing. This could assumedly extend to the group’s demo day as well, though that was not explicitly stated. Y Combinator had given startups in the most recent class the option to defer an onstage launch until a later Demo Day, it seems that those YC startups may not get that option for 2020.
As YC shifts online, questions are sure to only grow on whether founders are still getting a good deal from the accelerator in the midst of a crisis.
Founders joining the program give up a 7% slice of their company in exchange for $150k and, more importantly, access to YC’s network and group of advisors.
Y Combinator has already been scaling rapidly with larger class sized and this move will force the company to add a radical format change to the mix. Accelerator batches have ballooned in size in recent years, tapping out at 240 startups in this most recent class.
To account for these larger groups, YC has had to experiment with major format changes to how startups are grouped internally and how they present to investors. Losing their Demo Day last session meant founders lost easy access to in-person introductions with the large group of VCs that typically flock to the event.
Last week, TechCrunch reported that YC was changing the terms of its pro rata investment program and would be investing in startups on a case-by-case basis. Shifting their years-old policy of investing in every company’s seed and Series A rounds."
