,source,author,title,description,url,urlToImage,publishedAt,content
0,"{'id': 'techcrunch', 'name': 'TechCrunch'}",Sarah Perez,Twitch snags Spotify’s Tracy Chan as its new Head of Product & Engineering for Music,"Musicians have been quickly turning to Twitch to support themselves during the COVID-19 pandemic, as they’re no longer able to make money from live gigs and touring. Now Twitch is staffing up to turn this ad hoc use of Twitch into more of a formal product. Th…",http://techcrunch.com/2020/04/20/twitch-snags-spotifys-tracy-chan-as-its-new-head-of-product-engineering-for-music/,https://techcrunch.com/wp-content/uploads/2020/01/twitch-2019.jpg?w=600,2020-04-20T16:28:56Z,"Musicians have been quickly turning to Twitch to support themselves during the COVID-19 pandemic, as they’re no longer able to make money from live gigs and touring. Now Twitch is staffing up to turn this ad hoc use of Twitch into more of a formal product. The company today announced it hired Spotify’s Tracy Chan as its new Head of Product and Engineering for Music.
Chan worked at Spotify for four years as Director of Product Management. In this role, he was primarily focused on leading product strategy and development for Creator platforms and developing analytics tools for artists and labels, including Spotify for Artists and Spotify Analytics.
He had joined Spotify in April 2016 after the streaming music company bought his photo aggregation startup, CrowdAlbum, in order to add to its growing set of marketing tools aimed at artists. Before CrowdAlbum, Chan had also worked at YouTube as a product manager, where he had launched YouTubes’s Creator Platform and what’s now called YouTube Creator Studio.
Now at Twitch, Chan joins a growing music team headed by Twitch’s head of music, Mike Olson. Going forward, Chan will focus on evolving the Twitch experience specifically for live music and helping artists and fans better connect in real-time, Twitch says, in an announcement.
This is not Twitch’s first ex-Spotify’s to join Twitch with a focus on music. Earlier this year, Athena Koumis, formerly of XITE and Spotify, also joined as the Music Partnerships Manager, the company notes.
Though many of artists now performing on Twitch may already have followings on mainstream social platforms — like Facebook, Instagram and YouTube — some have found it’s easier to make money on Twitch, reports have said. In addition, Twitch has made several efforts amid the pandemic to help onboard more musicians to its platform. For example, Twitch and SoundCloud recently announced a partnership that allows SoundCloud creators to start earning money from Twitch streams by fast-tracking their Affiliate status.
Twitch also partnered with Bandsintown on a similar effort focused on quickly giving artists access to the Twitch Affiliate program.
Once live on Twitch, the artists can generate revenue through subscriptions, direct donations, by cheering with Bits (an online tipping feature), by running ads on their channel, and by linking to music and merchandise stores. They can also directly connect with fans via Twitch chat. Some have even taken advantage of Twitch feature’s like raids, which redirect viewers to another live channel, and another that lets a channel broadcast another’s stream when they’re not live. Though designed with the gamer audience in mind, these have also proved useful for musicians looking to collaborate with others in order to grow their Twitch followings.
Though Twitch today is still best known for game streaming, it has been steadily expanding its live music footprint. Since the coronavirus breakout, Twitch has featured live musical performances from artists including John Legend, Diplo, Willie Nelson, Paul Simon, Lady Antebellum, and dozens of others. Some of these were a part of Twitch’s 12-hour charity stream, Twitch Stream Aid, which benefitted the COVID-19 Solidarity Response Fund for WHO powered by the United Nations Foundation.
In a statement, Chan spoke of the opportunity ahead at Twitch.
“I have spent my career building Creator tools and I believe there is a massive opportunity to help artists connect with their fans through virtual performances and live streaming, which is what led me to Twitch,” said Chan. “Across the board, and especially at this moment in time, we are seeing disruption in the music industry as artists are having to find new ways to both make money and interact with fans. As Twitch looks to expand its offerings for music creators and within the music industry as a whole, I am confident that together with the team, we will be able to build the necessary tools to support artists now and as they continue to explore their new virtual stage,” he said.
Olson, meanwhile, added that Chan’s hire comes at time when Twitch is heavily investing in building more product and monetization tools for music creators.
“Tracy is joining our team at a critical moment as we continue to see growing interest from both new and established musical talent joining Twitch,” said Olson. “His experience in developing video and music Creator tools will be invaluable to our team as we pursue new ways to support artists and connect them to their fans around the world.”"
1,"{'id': 'techcrunch', 'name': 'TechCrunch'}",Natasha Mascarenhas,What the new VC show-and-tell means for signaling risk,"A month ago, we asked several venture capitalists if they planned to change the way they invest or lead rounds during COVID-19 — most said no, but they noted that valuations were coming down and founders in their portfolio companies were responding to the cri…",http://techcrunch.com/2020/05/05/what-the-new-vc-show-and-tell-means-for-signaling-risk/,https://techcrunch.com/wp-content/uploads/2019/07/GettyImages-1031154382.jpg?w=571,2020-05-05T19:32:14Z,"A month ago, we asked several venture capitalists if they planned to change the way they invest or lead rounds during COVID-19 most said no, but they noted that valuations were coming down and founders in their portfolio companies were responding to the crisis.
Northzones Paul Murphy predicted fewer FOMO rounds because investors will take more time to get to know and diligence the business… and it might also take a bit more time to close deals,” adding that he would “continue to lead rounds and back great founders. But, as other investors call their bluffs, firms are looking for tangible ways to show they are open for business.
At least that was the case with First Round Capital. On Friday, the seed-stage firm announced that when it leads a first round in a company, it will always take pro rata in the next outside-led venture round with a commitment of up to $3 million.
Pro rata is a clause in an investment agreement that gives the investor a right to participate in future financings. If investors dont invest in a companys pro rata, that might negatively signal they dont believe in the companys future. I asked Brett Berson, a partner at First Round, to offer more context about the announcement.
The question ‘is your investor taking their pro rata’ is not necessarily a checkbox answer, Berson said. And I think in a time of maximum uncertainty, what a given investor was doing 12 months ago might not be what he or she is doing today."
2,"{'id': 'techcrunch', 'name': 'TechCrunch'}",Sarah Perez,"Spotify’s catalog tops a million podcasts, consumption increased by ‘triple digits’ over last year","Spotify’s podcast business is booming despite — or perhaps, because of — the COVID-19 pandemic. The company says it has now grown its podcast catalog to over a million shows, up from the 700,000-plus podcasts it was reporting just this March. Podcaster listen…",http://techcrunch.com/2020/04/29/spotifys-catalog-tops-a-million-podcasts-consumption-increased-by-triple-digits-over-last-year/,https://techcrunch.com/wp-content/uploads/2019/09/GettyImages-1048258424.jpg?w=599,2020-04-29T15:39:54Z,"Spotify’s podcast business is booming despite — or perhaps, because of — the COVID-19 pandemic. The company says it has now grown its podcast catalog to over a million shows, up from the 700,000-plus podcasts it was reporting just this March. Podcaster listeners are also “more engaged overall” and “listen to more music,” the company noted, which may have helped boost Spotify’s overall listener and subscriber increases in the first quarter. In addition, podcast consumption was up by “triple digits” in Q1 2020 compared with the same quarter last year, Spotify said.
The streaming music service reported its monthly active user base is now at 286 million, with more users joining the ad-supported free service amid the coronavirus pandemic. It also beat on both earnings and revenue in Q1 2020, with -$0.20 earnings per share on a diluted basis and revenue of roughly $2 billion (1.848 billion.)
Podcasts have now become a key part to Spotify’s business in recent years, and were addressed several times during Spotify’s call with investors on Wednesday.
The company has now made several investments in creator tools, podcast services, and original content and media studios related to its interests in podcasts. Spotify said it plans to continue its acquisitions in the future, as well, if the current environment means “there will be more advantageous deals to be done” — which, of course, it does.
Spotify also said Q1 2020 was its biggest-ever quarter for organic podcast creation.
Podcasters stuck at home were busy creating new shows and increasing their output on existing shows, it seems. Notably, 70% of the new podcasts in the quarter were created within Spotify’s own ecosystem via the Anchor podcast creation platform, the company said.
Spotify had acquired Anchor, a service that aims to make it easier to create podcasts, for an estimated $140 million in 2019. In the months that followed, the platform has continued to innovate on features designed to ease users into becoming podcasters — like its simple “record with friends” option for remote podcasting that’s now become particularly handy amid the quarantine. Yesterday, Anchor released a new feature to turn video chats into audio podcasts, as well.
These help to populate Spotify with a longer tail of content beyond the 800,000-some shows you’ll find on mainstream platforms, like Apple Podcasts.
Spotify, to some extent, addressed concerns that its podcast business had suffered due to the coronavirus outbreak. As more users have shifted their listening from cars and commutes to the home, podcast listening had declined industry-wide over the past several weeks. (Recent reports indicate a turnaround is starting to shape up, however.)
Spotify, however, said podcast consumption grew in the quarter.
The company said podcast consumption grew by triple digits in Q1 2020 compared with the same quarter last year. While that’s not as relevant a metric as a quarter-over-quarter increase would have been, it at least indicates that overall, the podcast side of the business is still growing.
In addition, one of Spotify’s own shows — a daily news podcast in Germany — has already become the second-largest show in the country, and a top 20 show worldwide. Plus, this week Spotify was finally able to add “This American Life,” the No. 5 show in the U.S., to its lineup as an exclusive streaming deal with Pandora lapsed.
The company admitted it was still trying to figure out how to market its own shows, though. It said it would continue experimenting with decisions like which to make exclusive to its service or which to offer in windowing deals, and so on.
And while Spotify has planned to grow ad revenue by way of podcasts, it stressed that the economic downturn which had resulted in ad sales declines has had a minimal effect on this business. Only 10% of Spotify’s overall revenue today comes from ads, so it’s able to weather a drop in ad sales better than some others in the media and entertainment business.
“With so many unknowns, there are some questions we simply can’t answer at this point,” noted Spotify CEO Daniel Ek as to how the COVID-19 pandemic will continue to impact the business. “But I can say that I’m confident that we will continue to be in a position of strength when this is behind us. And that’s because of our models, our scale, and our superior user experience. And, of course, our content pipeline,” he added."
3,"{'id': 'techcrunch', 'name': 'TechCrunch'}",Brian Heater,"The next iPhone could be delayed a month, as pandemic wears on","The latest budget iPhone arrived this month to largely positive reviews. The next flagship, on the other hand, may have to wait. The COVID-19 pandemic is having all manner of knock-on effects on the global economy, and the supply chain is certainly not immune…",http://techcrunch.com/2020/04/27/the-next-iphone-could-be-delayed-a-month-as-pandemic-wears-on/,https://techcrunch.com/wp-content/uploads/2018/09/IMG_320411.jpg?w=600,2020-04-27T13:02:08Z,"The latest budget iPhone arrived this month to largely positive reviews. The next flagship, on the other hand, may have to wait. The COVID-19 pandemic is having all manner of knock-on effects on the global economy, and the supply chain is certainly not immune.
The Wall Street Journal this morning is reporting that the iPhone 12 may be among the devices impacted by unexpected issues. Apple is pushing back the production ramp-up of the new devices, per the report, owing to manufacturing issues in Asia and weakened global consumer demand.
This follows a number of similar reports of delays, with some putting the flagship smartphones launch at December, instead of the usual September/October timeframe. The current report, would likely put the phone’s release at around November — in line with that of the iPhone X. The company, unsurprisingly, hasnt commented on the matter. The company doesn’t often comment on supply issues for released products, let alone those that are months away.
Asia was the first to be hit by the pandemic, and while a number of areas have returned to some semblance of business as usual, issues still remain. Beyond that, Apple (like all manufacturers) will have to grapple with the changing face of consumer wants/needs in the face of a pandemic and widespread stay-at-home orders. For many areas, those are expected to continue at least until the summer. 
Those are compound overall slowing smartphone demand, putting manufactures in a tough spot. Prior to COVID-19, however, Apple was no doubt anticipating an uptick in demand with the expected arrival of its first 5G handset. For now, however, it seems best to expect the unexpected."
4,"{'id': 'techcrunch', 'name': 'TechCrunch'}",Anthony Ha,Netflix beats growth predictions with 15.77M net new subscribers,"With almost everyone stuck at home thanks to the COVID-19 pandemic, Netflix was widely expected to do well in the first quarter of 2020 — but it did even better than anticipated. Before the current crisis, Netflix had forecasted 7 million net new paid subscri…",http://techcrunch.com/2020/04/21/neflix-q1-earnings/,https://techcrunch.com/wp-content/uploads/2019/10/GettyImages-1163035564.jpg?w=600,2020-04-21T20:26:36Z,"With almost everyone stuck at home thanks to the COVID-19 pandemic, Netflix was widely expected to do well in the first quarter of 2020 but it did even better than anticipated.
Before the current crisis, Netflix had forecasted 7 million net new paid subscribers for its just-release earnings. With the dramatically changed landscape, growth was obviously going to beat the forecast, but Q1 came in at more than double expectations, with 15.77 million paid net additions. That brings Netflix’s total paid subscriber count to 182.86 million.
Meanwhile, the company also reported revenue of $5.77 billion and earnings per share of $1.57 roughly in line with Wall Street predictions on revenue and slightly behind EPS predictions of $1.65.
In its  investor letter, Netflix outlines three main impacts that the pandemic has had on its finances:
First, our membership growth has temporarily accelerated due to home confinement. Second, our international revenue will be less than previously forecast due to the dollar rising sharply. Third, due to the production shutdown, some cash spending on content will be delayed, improving our free cash flow, and some title releases will be delayed, typically by a quarter
For now, Netflix is treating this growth as a short-term spike, with viewing and growth declining as “progress against the virus will allow governments to lift the home confinement soon.” So it’s forecasting a mere 7.5 million global net additions in Q2.
As for whether how the pandemic might affect the service’s content plans, the company says there will only be a “modest” impact in Q2, mostly in language dubbing.
“No one knows how long it will be until we can safely restart physical production in various countries, and, once we can, what international travel will be possible, and how negotiations for various resources (e.g., talent, stages, and post-production) will play out,” it says. “The impact on us is less cash spending this year as some content projects are pushed out. We are working hard to complete the content we know our members want and were complementing this effort with additional licensed films and series.”
As of 4:35pm Eastern, Netflix shares were fluctuating between a slight gain and a slight loss in after-hours trading a sign, perhaps, that that spectacular growth is exactly what investors were expecting.
Updating"
5,"{'id': 'techcrunch', 'name': 'TechCrunch'}",Kirsten Korosec,Tesla employees who don’t return to work could lose unemployment benefits,"Furloughed Tesla employees who are called back to work could lose unemployment benefits if they choose to stay at home due to COVID-19 concerns, the company’s head of human resources Valerie Workman wrote in an email sent to workers Wednesday. The internal em…",http://techcrunch.com/2020/05/13/tesla-employees-who-dont-return-to-work-could-lose-unemployment-benefits/,https://techcrunch.com/wp-content/uploads/2020/03/GettyImages-980337816.jpg?w=600,2020-05-13T22:22:27Z,"Furloughed Tesla employees who are called back to work could lose unemployment benefits if they choose to stay at home due to COVID-19 concerns, the company’s head of human resources Valerie Workman wrote in an email sent to workers Wednesday.
The internal email, which was viewed by TechCrunch, suggested that the loss of benefits was up to the state and that Tesla wasn’t penalizing employees for choosing to stay at home. CNBC was the first to report the email.
“Once you are called back, you will no longer be on furlough so if you choose not to work, it may impact your unemployment benefits as determined by your local government agency and not by Tesla,” Workman wrote in the email. “We completely respect your decision and will support you, without any penalties from us.”
Tesla CEO Elon Musk has said in internal emails to employees that if they feel uncomfortable returning to work, then they should stay at home. However, this latest email puts workers at a crossroads — return to work and risk contracting COVID-19 or stay at home and lose their unemployment benefits.
A screenshot of a portion of the email is posted below.
The email sent Wednesday provided an update to employees as Tesla prepares to restart production at its factory in Fremont, Calif. The factory has been a flashpoint in the debate over when and how businesses reopen amid the COVID-19 pandemic.
Musk has lobbed repeated criticisms at Alameda County and its health officials for extending a stay-at-home order to the end of May. Over the weekend, Musk threatened to pull Tesla operations out of the state and sue the county. Tesla filed a lawsuit against the county Saturday seeking injunctive relief.
Even as Musk publicly decried the county going as far to tweet Monday that the factory was reopening in defiance of the stay-at-home order negotiations between government officials and Tesla continued in the background. On Tuesday evening, Alameda County said that Tesla could reopen as soon as next week if it implements additional safety recommendations.
The statement from the Alameda County Public Health Department said that after receiving Teslas COVID-19 site-specific safety plan for its Fremont plant, officials held productive discussions today with Teslas representatives about their safety and prevention plans, including some additional safety recommendations."
6,"{'id': 'techcrunch', 'name': 'TechCrunch'}",Brian Heater,Spotify will let employees work from home through the end of year,"Spotify this week joined a growing number of tech giants expanding their work from home policies as the COVID-19 pandemic continues to drag on. While not as radical as Twitter’s recent decision to let staff work from home forever, the music streaming service’…",http://techcrunch.com/2020/05/21/spotify-will-let-employees-work-from-home-through-the-end-of-year/,https://techcrunch.com/wp-content/uploads/2019/07/spotify-app-icon-iphone.jpg?w=711,2020-05-21T16:07:39Z,"Spotify this week joined a growing number of tech giants expanding their work from home policies as the COVID-19 pandemic continues to drag on. While not as radical as Twitters recent decision to let staff work from home forever, the music streaming services move does represent increased openness to the arrangement. 
First noted by Variety, the new policy allows staff to continue working from home through the end of the year. The new edict covers all employees across the globe. The streaming service is headquartered in Stockholm, with a number of regional offices, including New York, London and Tokyo. Spotify operates in 79 countries around the world.
A spokesperson for the company confirmed the move with TechCrunch,
Earlier today, we announced the extension of our work-from-home arrangement for all Spotify employees globally. We will continue to track local government guidelines city-by-city and take a phased approach of opening our offices when we deem it safe to do so. Our employees health and safety is our top priority. No employee will be required to come into the office and can choose to work from home through the end of the year.
The announcement follows similar moves from tech giants, like Facebook and Google. Many have long weighed the ups and downs of a remote workforce, but COVID-19 has caused an acceleration in that way of thinking. These past few months have been a kind of trial by fire for the model. 
Even as many regions have begun to reopen, however, the potential for additional waves of the virus have made the option that much more appealing."
7,"{'id': 'techcrunch', 'name': 'TechCrunch'}",Megan Rose Dickey,Amazon worker-activists form international organization to demand change in warehouses,Amazon workers across the world are formalizing their activism with the creation of the Amazon Workers International. Its first action is a letter to Amazon CEO Jeff Bezos and Amazon Director of UK Customer Fulfillment Stefano Perego in which the group demand…,http://techcrunch.com/2020/04/30/amazon-warehouse-worker-activists-form-international-organization-to-demand-change/,https://techcrunch.com/wp-content/uploads/2020/04/GettyImages-857119978.jpg?w=600,2020-04-30T13:00:29Z,"Amazon workers across the world are formalizing their activism with the creation of the Amazon Workers International. Its first action is a letter to Amazon CEO Jeff Bezos and Amazon Director of UK Customer Fulfillment Stefano Perego in which the group demands the company makes permanent certain steps Amazon has implemented amid the COVID-19 pandemic.
In light of the global health crisis, Amazon made some positive changes — changes that workers want to ensure stay long beyond the pandemic. Those changes include an increase of $2 per hour and an extra five minutes’ worth of break time. The company also got rid of productivity feedback, which incentivizes workers to do more, faster.
“They’re talking about taking that away,” Christian Zammarròn, an Amazon warehouse worker in Chicago, told TechCrunch. “I don’t think they should take it away. These are things we need not just during a pandemic but all the time.”
As of April 24, Amazon said it would extend the increased hourly pay through May 16.
“Weve extended the increased hourly pay through May 16,” Amazon spokesperson Lisa Levandowski told TechCrunch. “We are also extending double overtime pay in the U.S. and Canada. These extensions increase our total investment in pay during COVID-19 to nearly $700 million for our hourly employees and partners. In addition, we are providing flexibility with leave of absence options, including expanding the policy to cover COVID-19 circumstances, such as high-risk individuals or school closures. We continue to see heavy demand during this difficult time and the team is doing incredible work for our customers and the community.”
Amazon Workers International formed after about 40 Amazon warehouse workers around the world gathered in Madrid a couple of months ago. The organization represents Amazon workers from six countries: Germany, Poland, Spain, France, Slovakia and the United States.
“Each country has its own laws but from our conversations at our convenings, we just see that we all have basically the same issues, Zammarròn said. “In Europe, especially, they’ve seen the necessity for international solidarity and how that makes them stronger.”
While Zammarròn’s list of grievances with Amazon is long, what tops his list is retaliation.
“That needs to end,” he said.
Toward the end of March, warehouse workers in Chicago went on a number of safety strikes in “response to Amazon’s complete disregard for our lives with positive COVID-19 cases spreading through our warehouse,” Zammarròn, who helped organize the actions in Chicago, said. “They’ve been retaliating these past weeks trying to scare us and trying to shut us up. We’ve been fighting back.”
In March, Amazon fired worker-activist Chris Smalls, who helped organize a protest at a warehouse in Staten Island, New York. NY Attorney General Leticia James has since said she’s considering taking legal action against Amazon. Then, more recently, a group of Amazon workers at a fulfillment center in Minnesota protested the firing of a worker who stayed home for fear of giving her kids COVID-19. Shortly after the protest, Amazon reinstated the worker.
Already, Amazon warehouse workers have filed unfair labor practice charges and have more on the way, Zammarròn said. Still, he said he’s already seen Amazon change a lot of safety policies. Amazon started providing masks, taking temperatures and providing hand sanitizer and disinfectant wipes.
“And maybe the biggest thing they did was they slowed down the work,” he said. “They decreased the amount of work so that actually helps in maintaining some social distancing. And these were immediate changes after our safety strikes. Before that, they were basically operating as if everything was normal.”
But workers still want to make it known that their coworkers are continuing to get sick. In the letter, workers say Amazon lacks in the transparency department. Amazon, however, maintains that when it confirms a case of COVID-19 among workers, it communicates that to other people who work at that same site.
This letter of demands is just the first of what we’re seeing from AWI.
“Our international solidarity will definitely grow,” he said. “This is a very important aspect of what we’re doing and what any worker movement should do, which is expressing coordinated international demands and coordinated international actions.”"
8,"{'id': 'techcrunch', 'name': 'TechCrunch'}",Eric Peckham,7 VCs talk about today’s esports opportunities,"Even before the COVID-19 shutdown, venture funding rounds and total deal volume of VC funding for esports were down noticeably from the year prior. The space received a lot of attention in 2017 and 2018 as leagues formed, teams raised money and surging popula…",http://techcrunch.com/2020/04/30/where-vcs-see-opportunity-in-esports-right-now/,https://techcrunch.com/wp-content/uploads/2020/04/GettyImages-1218253347.jpg?w=764,2020-04-30T13:30:01Z,"Even before the COVID-19 shutdown, venture funding rounds and total deal volume of VC funding for esports were down noticeably from the year prior. The space received a lot of attention in 2017 and 2018 as leagues formed, teams raised money and surging popularity fostered a whole ecosystem of new companies. Last year featured some big fundraises, but esports wasnt the hot new thing in the tech world anymore.
This unexpected, compulsory work-from-home era may drive renewed interest in the space, however, as a larger market of consumers discover esports and more potential entrepreneurs identify pain points in their experience.
To track where new startups could arise this year, I asked seven VCs who pay close attention to the esports market where they see opportunities at the moment:
Their responses are below.
This is the second investor survey Ive conducted to better understand VCs views on gaming startups amid the pandemic; they complement my broader gaming survey from October 2019 and an eight-article series on virtual worlds I wrote last month. If you missed it, read the previous survey, which is based on my theory that games are the new social networks.
Which specific areas within esports are most interesting to you right now as a VC looking for deals? Which areas are the least interesting territory for new deals?
Everything around competitive gaming is of interest to us. With Twitch streaming north of two BILLION hours of game play thus far during the pandemic, this continues to be an area of great interest to us. Fantasy, real-time wagering, match-making, backend infrastructure and other areas of picks and shovels-like plays remain front burner for us relative to competitive gaming.
What challenges does the esports ecosystem now need solutions to that didnt exist (or werent a focus) 2 years ago?
As competitive gaming is still so very new with respect to the greater competitive landscape of content, teams and events, the Industry should be nimble enough to better respond to dramatic market shifts relative to its analog, linear brethren. A native digital industry, getting back “online”will be orders of magnitude more straightforward than in so many other areas."
9,"{'id': 'techcrunch', 'name': 'TechCrunch'}",Megan Rose Dickey,"Gig workers in San Francisco are mostly people of color and many are immigrants, according to survey","Gig workers have become an essential part of our society during the COVID-19 global health crisis. But even before the pandemic, gig workers had become a staple in the lives of many people who use services like Uber, Lyft, Instacart, DoorDash and Postmates. D…",http://techcrunch.com/2020/05/05/gig-workers-survey-san-francisco/,https://techcrunch.com/wp-content/uploads/2020/03/GettyImages-1073932124.jpg?w=601,2020-05-05T16:45:40Z,"Gig workers have become an essential part of our society during the COVID-19 global health crisis. But even before the pandemic, gig workers had become a staple in the lives of many people who use services like Uber, Lyft, Instacart, DoorDash and Postmates. Despite the growing presence of gig workers, little has been known about them — with the exception that many are independent contractors who receive unpredictable pay and very few benefits. Thanks to a new survey about gig workers in San Francisco, that’s starting to change.
Many gig workers, for example, are people of color, according to a study conducted by San Francisco’s Local Agency Formation Commission (LAFCO) and led by UC Santa Cruz professor Chris Benner. The study, which surveyed 643 gig workers across platforms like DoorDash, Instacart, Shipt and others, also found that many are in financially precarious situations and are struggling to make ends meet.
Here are some stats based on those surveyed:
<ul><li>78% of gig workers are people of color
<ul><li>29% Asian</li><li>23% Latinx</li><li>22% white</li><li>12% black</li><li>13% mixed race</li></ul></li><li>56% of gig workers are immigrants</li><li>21% of gig workers do not have health insurance</li><li>15% of gig workers need some sort of public assistance, like food stamps or housing vouchers</li><li>71% of gig workers work more than 30 hours a week</li><li>Before expenses, ride-hailing drivers earn $900 per week on average; food and grocery delivery workers earn an average of $500 per week</li><li>For delivery workers, tips account for 30% of their estimated earnings</li></ul>This survey comes at a time when the COVID-19 pandemic has shined a brighter spotlight on this essential workforce and the basic protections they often lack.
This is a very critical workforce for a number of reasons, Benner previously told TechCrunch. They are particularly vulnerable and susceptible, especially early on with drivers taking people to and from the airport. But now as were potentially seeing a spike in the online ordering of groceries and food delivery, these people doing the deliveries are providing essential services during this time of having to shelter in home and are potentially vulnerable. And if theyre not being careful in handling food and groceries, they could potentially be spreading [COVID-19].
Now that these results are out, the survey will help the city to shape policy as it relates to gig workers. What’s become clear is that gig workers need better economic security, unemployment benefits and access to good health care.
Some progress is being made in this area, but not quickly enough. The progress also tends to come with pushback from tech companies. As California gig worker protections bill AB5 was becoming law, for example, Uber, Instacart and Lyft put millions of dollars behind a ballot initiative that would enable them to continue classifying workers as independent contractors. And while gig workers are eligible for unemployment benefits, many are struggling to get that relief.
To better support gig workers, crucial reforms need to happen, Shahid Buttar, an activist and attorney who is running for Congress against Nancy Pelosi, told TechCrunch.
“A crucial reform that I think meets the needs of gig workers and working-class Americans, generally, is creating a national health plan — Medicare for all — establishing a right to healthcare without being continent on people needing to pay for insurance or deductibles or their co-pays on the private market,” he said. “That will not only ensure that gig worked have access to care but if you think particularly about gig workers in the time of the pandemic, especially through the lens of undiagnosed potential transmitters, they are people who need care and they need equipment. So the personal protective equipment for gig workers is important and crucial, not just for their rights and workplace safety, but for public health as well.”
Be sure to check out the executive summary here and the full results here."
10,"{'id': 'techcrunch', 'name': 'TechCrunch'}",Darrell Etherington,Sorrento finds a coronavirus antibody that blocks viral infection 100% in preclinical lab experiments,"Therapeutics company Sorrento has made what it believes cold be a breakthrough in potential treatment of SARS-CoV-2, the virus that leads to COVID-19. The company released details its preclinical research on Friday, announcing that it has found an antibody th…",http://techcrunch.com/2020/05/15/sorrento-finds-a-coronavirus-antibody-that-blocks-viral-infection-100-in-preclinical-lab-experiments/,https://techcrunch.com/wp-content/uploads/2020/05/GettyImages-1214297693.jpg?w=584,2020-05-15T13:00:34Z,"Therapeutics company Sorrento has made what it believes cold be a breakthrough in potential treatment of SARS-CoV-2, the virus that leads to COVID-19. The company released details its preclinical research on Friday, announcing that it has found an antibody that provides “100% inhibition of SARS-CoV-2 virus infection of healthy cells after four days incubation.” These results are from a preclinical study that still has to undergo peer review, and in an in vitro laboratory study (meaning not in an actual human being) but still a promising development as the company continues to work on production of an antibody “cocktail” that could provide protection against SARS-CoV-2 even in case of mutations in the virus.
Sorrento says that they believe this antibody, which is labelled STI-1499, stood out among billions of candidates it has been screening from its extensive human antibody library for its ability to completely block the interaction of the SARS-CoV-2’s spike protein with a human cell target receptor. That means it prevents the virus from attaching to the host’s healthy cell, which is what leads to incubation and infection.
The nature of the antibody’s efficacy means that Sorrento currently believes it will be the first antibody to be included in the cocktail it is developing, which will be made up of a large number of different antibodies that show efficacy in blocking the attachment of the spike protein, in order to provide multiple avenues of protection that are designed to remain effective even if the virus mutates in transmission from person to person, or within the same individual. One of the big outstanding questions that researchers are working on answering currently is just how mutagenic SARS-CoV-2 actually is, since many coronaviruses like the common cold show a tendency to mutate pretty quickly, rendering long-lasting cures and treatments difficult to develop.
Sorrento’s COVID-SHIELD is meant to address this through a potent mix of different antibodies that provide protection against different strains of the virus, but the company says it will also be pursuing development of the STI-1499 antibody on its own as a dedicated, standalone therapy. The company is already in discussion with regulators about how to expedite development of that potential treatment, and is ramping its production capacity as well with the goal of producing as many as one million doses at the same time it pursues FDA approval for its use.
It’s definitely worth cautioning that no treatment or vaccine is likely to be a ‘magic bullet’ in treating SARS-CoV-2 or COVID-19, but this is still a promising development, and one to watch as it undergoes clinical trials and the therapeutic development and regulatory process."
11,"{'id': 'techcrunch', 'name': 'TechCrunch'}",Matt Burns,Where these 6 top VCs are investing in cannabis,"The cannabis market was in the midst of a correction when the COVID-19 crisis hit and could emerge stronger than ever. After a breakthrough period of growth, cannabis startups entered 2020 with depressed values and an uncertain future. Now, with millions shel…",http://techcrunch.com/2020/05/19/where-these-6-top-vcs-are-investing-in-cannabis/,https://techcrunch.com/wp-content/uploads/2020/05/GettyImages-1218861122.jpg?w=609,2020-05-19T13:17:48Z,"The cannabis market was in the midst of a correction when the COVID-19 crisis hit and could emerge stronger than ever. 
After a breakthrough period of growth, cannabis startups entered 2020 with depressed values and an uncertain future. Now, with millions sheltering in place, many companies are seeing unprecedented demand and growth opportunities as many states classified the industry as an essential business.
TechCrunch surveyed top investors focused on the cannabis market to gather their thoughts on current trends and opportunities. The results paint a stunning picture of an industry on the verge of breaking away from a market correction. Our six respondents described numerous opportunities for startups and investors, but cautioned that this atmosphere will not last long.
<ul><li>Sean Stiefel, CEO, Navy Capital</li><li>Matt Hawkings, Founder/Managing Partner, Entourage Effect Capital</li><li>Karan Wadhera, Managing Partner, Casa Verde Capital LLC</li><li>Larry Schnurmacher, Managing Partner, Phyto Partners</li><li>Mitch Baruchowitz, Managing Partner, Merida Capital Partners</li><li>Morgan Paxhia, Managing Director, Poseidon Investment Management</li></ul>
Cannabis is an essential business
Per the investors in our survey, most see the the pandemic as a turning point for cannabis thanks to increased demand and the industry’s designation as an essential business. Sean Stiefel, CEO of Navy Capital, notes that states will look to cannabis to help resolve budget deficits and said his firm is especially excited for legalization in New York, New Jersey, Pennsylvania and Connecticut.
“Cannabis went from illegal to essential in about two weeks flat,” said Matt Hawkins of Entourage Effect Capital. “Cannabis is now listed right alongside hospitals, doctors, grocery stores, gas stations and fire departments as an essential service.”"
12,"{'id': 'techcrunch', 'name': 'TechCrunch'}",Brian Heater,Berlin’s IFA tech conference will go ahead in-person this September — with caveats,"After months of news about large-scale event cancelations, Berlin-based mega-conference IFA announced today that it will go ahead with a planned in-person event, from September 3 to 5. With the future of the COVID-19 pandemic still uncertain around the world,…",http://techcrunch.com/2020/05/19/berlins-ifa-tech-conference-will-go-ahead-in-person-this-september-with-caveats/,https://techcrunch.com/wp-content/uploads/2017/09/gettyimages-841564132.jpg?w=629,2020-05-19T13:40:56Z,"After months of news about large-scale event cancelations, Berlin-based mega-conference IFA announced today that it will go ahead with a planned in-person event, from September 3 to 5. With the future of the COVID-19 pandemic still uncertain around the world, the show will come with some major caveats. 
For starters, the show, which traditionally takes over Berlins Messe conference center, will be broken up into four distinct events. Those include: IFA NEXT meets IFA SHIFT Mobility, IFA Global Markets and IFA Business, Retail &amp; Meeting Lounges. A fourth event, the Virtual IFA Experience, will be held online, in keeping with most of the rest of the conference world. 
Each event will be limited to 1,000 attendees per day. While the organizers hope that the overall public health situation will improve between now and September, organizers write, they have decided to err on the side of caution and meet the strictest safety standards possible.
The limited scope of the show is a step in the right direction, as are the increased on-site sanitation measures, but holding such a large gathering in the late-Summer is perhaps not the side of caution relative to the difficult decisions being made by the rest of the industry at this point in time. IFA, which is relatively unique in being open to the public, will now be invite-only. That includes 800 journalist, which will comprise the lion’s share of attendees. 
Germany is currently number eight on the list of COVID-19 deaths, at just over 8,000. In spite of a recent ease on shutdown restrictions, Berlin has been hit with a wave of protesters demanding an end to a government enforced lockdown in recent weeks. According to The New York Times, more than 10,000 people have joined in protests across the country.
If it goes ahead as planned, IFA will be one of the first major tech shows to be held in-person since CES in January. Today, notably, was set to be the first day of Build, an event that Microsoft moved online, in keeping with moves of much of the rest of the industry."
13,"{'id': 'techcrunch', 'name': 'TechCrunch'}",Megan Rose Dickey,"Uber lays off another 3,000 employees","Uber is laying off another 3,000 employees, the Wall Street Journal reports. Uber is also closing 45 offices and rethinking its approach in areas like freight and autonomous vehicle technology. This comes just weeks after Uber laid off 3,700 employees in orde…",http://techcrunch.com/2020/05/18/more-uber-layoffs/,https://techcrunch.com/wp-content/uploads/2020/05/uber-mask-GettyImages-1211871217.jpg?w=600,2020-05-18T15:42:54Z,"Uber is laying off another 3,000 employees, the Wall Street Journal first reported. Uber is also closing 45 offices, and rethinking its approach in areas like freight and autonomous vehicle technology.
This comes just weeks after Uber laid off 3,700 employees in order to save about $1 billion in costs. Since the COVID-19 pandemic hit, Uber has laid off about 25% of its workforce.
Rides have been hit hard amid the coronavirus. More specifically, rides are down about 80%, according to the company.
“I knew that I had to make a hard decision, not because we are a public company, or to protect or stock price, or to please our Board or investors,” Uber CEO Dara Khosrowshahi wrote in a memo to employees today. “I had to make this decision because our very future as an essential service for the cities of the world — our being there for millions of people and businesses who rely on us — demands it. We must establish ourselves as a self-sustaining enterprise that no longer relies on new capital or investors to keep growing, expanding, and innovating.”
Meanwhile, Uber is in talks to buy GrubHub to beef up its food delivery business, UberEats, according to The WSJ and Bloomberg.
Uber first approached Grubhhub earlier this year with an offer, but the two companies are still in talks, according to the WSJ. A Bloomberg report says the deal could be finalized sometime this month. This comes a few months after reports emerged that Grubhub was looking to sell Uber, DoorDash and others.
Amid the COVID-19 pandemic, food delivery has been hot. In Q1, Uber Eats experienced major growth with gross bookings of $4.68 billion, up 52% from that same quarter one year ago. Grubhub, meanwhile, saw gross food sales increase to $1.6 billion, up from $1.5 billion in the same period last year.
“I will caution that while Eats growth is accelerating, the business today doesn’t come close to covering our expenses,” Khosrowshahi wrote in the memo today. “I have every belief that the moves we are making will get Eats to profitability, just as we did with Rids, but ut’s not going to happen overnight.”
In an attempt to organize more around its core offering, Uber is shutting down Incubator after less than one year of launch. It’s also shutting down AI Labs and looking into alternatives for Uber Works, a service Uber launched in October to match workers with shifts.
Developing…"
14,"{'id': 'techcrunch', 'name': 'TechCrunch'}",Anthony Ha,Facebook and Instagram ad new features to help you find and support local businesses,Facebook is announcing a handful of new features that will allow users to show their support for small businesses and get the latest updates as those businesses deal with the fallout — economic and otherwise — of the COVID-19 pandemic. The social network is i…,http://techcrunch.com/2020/05/11/facebook-and-instagram-ad-new-features-to-help-you-find-and-support-local-businesses/,https://techcrunch.com/wp-content/uploads/2019/04/facebook-app-messenger-app.jpg?w=750,2020-05-11T16:00:49Z,"Facebook is announcing a handful of new features that will allow users to show their support for small businesses and get the latest updates as those businesses deal with the fallout economic and otherwise of the COVID-19 pandemic.
The social network is introducing a new section called Businesses Nearby, which will allow you to see the latest posts from businesses within a certain geographic radius (you can adjust it to anything from 1 mile to 500 miles), view their current hours and pickup/delivery options and make a booking or send them a message.
In a blog post, Facebook described this as a way to allow users to “more quickly find essential products and services” while also helping businesses get “more virtual foot traffic as they move online to stay open.”
Image Credits: Facebook
And if you want to show your support for a small business, you can also use the new Support Small Business sticker on Instagram or #SupportSmallBusiness hashtag in Facebook any posts using the sticker will be added to a shared Instagram story highlighting similar posts from all the accounts you follow. Creators on Facebook will also be able to tag a post as being “in support of” a specific small business.
The company is also trying to make it easier for businesses to communicate with customers by adding a dedicated Business Inbox in the Messenger app allowing them to use Messenger to answer questions sent to their Facebook Page and by allowing businesses to tag all their COVID-19-related posts from the Page composer.
Image Credits: Facebook
In addition, Facebook said it will be posting COVID-19 related information, tools and tips for small businesses in both the Facebook and Instagram apps. Businesses can access this information through the Facebook app shortcuts or their Instagram business profile.
These changes come on top of a $100 million grant program for small businesses that Facebook announced in March, as well as other new features like the ability to share temporary service changes."
15,"{'id': 'techcrunch', 'name': 'TechCrunch'}",Kirsten Korosec,Rivian’s Amazon electric delivery van still on track as factory reopens,"Rivian, the electric vehicle company backed by Amazon, Cox Automotive and Ford, has resumed work at its factory in Normal, Ill. following a temporary shutdown due to the COVID-19 pandemic. Construction on the factory, which will eventually produce its R1T and…",http://techcrunch.com/2020/05/28/rivians-amazon-electric-delivery-van-still-on-track-as-factory-reopens/,https://techcrunch.com/wp-content/uploads/2020/05/RivianAmazon_js_05.jpg?w=600,2020-05-28T17:26:29Z,"Rivian, the electric vehicle company backed by Amazon, Cox Automotive and Ford, has resumed work at its factory in Normal, Ill. following a temporary shutdown due to the COVID-19 pandemic.
Construction on the factory, which will eventually produce its R1T and R1S electric vehicles for consumers as well as 100,000 delivery vans for Amazon, has restarted with employees returning in phases. Despite the shutdown and gradual restart, the timeline for the Amazon delivery vans is still on track, according to a statement from Amazon released Thursday.
In September, Amazon announced it had ordered 100,000 electric delivery vehicles from Rivian as part of its commitment to The Climate Pledge to become net zero carbon by 2040. Vans will begin delivering to customers in 2021, as previously planned. About 10,000 of electric vehicles will be on the road as early as 2022 and all 100,000 vehicles on the road by 2030, Amazon said in a statement Thursday.
Rivian has pushed the start of production on the R1T and R1S to 2021. The company had initially planned to start production and begin deliveries of the electric pickup truck and SUV in late 2020. That timeline has been adjusted. Rivian had always planned to deliver the R1T truck first, followed by the R1S.
The COVID-19 pandemic forced the company to adjust its timeline due to supply constraints. However, Rivian is now working on bringing the production and delivery timeline of the R1T and R1S closer together.
For now, the company is focused on work inside and outside the factory. About 335 Rivian employees were on site before COVID hit. Today, about 116 are on site with plans to gradually bring back the remaining employees. Rivian did not furlough any employees and continues to pay all workers their wages.
About 109 contractors are also back at the factory working on the interior. Another 120 to 140 contractors are working outside to expand the factory from 2.6 million to 3 million square feet.
The company has implemented new safety practices under a 4-phase plan, according to Rivian CEO RJ Scaringe. Temperature checks are carried out and workers are supplied with protective clothing and equipment.
The vehicle engineering and design teams have also developed digital methods to make sure that program timing remains on track, according to Scaringe."
16,"{'id': 'techcrunch', 'name': 'TechCrunch'}",Mike Butcher,UK Angel investors still investing during Lockdown — but startups need to be quick,"A survey of UK Angel investors regarding their investment strategy during the COVID-19 pandemic has found that over 65% of Angels investors are continuing to invest in startups during Lockdown, but with predominantly new deals. Many are completing more deals …",http://techcrunch.com/2020/05/18/uk-angel-investors-still-investing-during-lockdown-but-startups-need-to-be-quick/,https://techcrunch.com/wp-content/uploads/2020/05/Screenshot-2020-05-18-at-15.21.37.png?w=756,2020-05-18T14:22:10Z,"A survey of UK Angel investors regarding their investment strategy during the COVID-19 pandemic has found that over 65% of Angels investors are continuing to invest in startups during Lockdown, but with predominantly new deals. Many are completing more deals and increasing their cheque size by as much as 18%. However, the pandemic has reduced their total capital to invest in 2020 by just over 61%, while just under 60% think the effects of COVID-19 will negatively affect their ability to invest for the rest of 2020. Over 250 Angels completed the full survey in the last two weeks, after TechCrunch exclusively published it.
These are the findings of new UK initiative Activate our Angels (AoA). The initiative comes just as the UK governments Future Fund for startups, which has been criticized as being inadequate for the needs of Angel and Seed-stage startups, is poised to be launched some time this week.
AoA was started by Nick Thain the former CEO and co-founder of GiveMeSport, which was acquired last year and includes representatives from 7percent Ventures, Forward Partners, Portfolio Ventures, ICE, Foundrs, Punk Money, Humanity, Culture Gene, Barndance, Bindi Karia and Stakeholderz.
Activate our Angels started its campaign just under two weeks ago with the goal to give founders actionable data to help them make funding decisions, during and post-lockdown.
The survey shows that while angels are currently investing, founders will need to lock this funding down fast, as 59% of Angels surveyed says their future investing will be negatively affected the longer the lockdown goes on.
This becomes more important if a startup has raised under £250,000.
Furthermore, the survey concluded that Angels are investing 18% more per deal and have increased the frequency of deals in Lockdown by over 122% from 0.27 deals per month in 2019 to 0.6 deals per month in the last 3 months.
Angels are looking for increased runway and revenue generative businesses, and theyre seeing reduced valuations and smaller rounds.
Additionally, Angels are told the survey that they have 61% of the capital to invest in 2020 compared to 2019. This suggests that Angels are making hay while the lockdown-sun is shining said the survey.
Consequently, Angels will have significantly less money for the rest of 2020.
For start-ups that have not raised yet, the findings suggest they should do their first round as soon as possible.
For start-ups who have already raised, this impending angel capital crunch makes initiatives such as the forthcoming government-backed Future Fund as important as ever, says the survey.
If Angels are not investing in Lockdown, they are holding cash and waiting to be confident that Covid-19 is over. The best way to contact them is via an introduction/recommendation, email or linkedIn, not via Social Media, it added.
The results from the survey have been summarised below.
 66.7% of Angel investors are still investing during Lockdown
  77% of those are investing in new deals
  23% of those in existing portfolio deals
  33.3% of Angels are not investing in Lockdown
  71% of those are reviewing deals29% of those are not investing at all17.6% more is being invested per deal during Lockdown.£23,071 invested per deal in Lockdown£19,620 invested per deal in 2019Angels completed an average of 1.81 deals during Lockdown, Angels completed an average of 3.24 deals in the whole of 20191 deal every 3-4 weeks (approx.), since Lockdown on 23rd March 20201 deal approximately every 7-8 weeks (approx.), in last 1-3 months1 deal every 3-4 months (approx.) in last 4-12 months1 deal every 3-4 months (approx.) in 201958.1% of Angels believe that Covid-19 will have a negative impact on their ability to invest in 2020, 27.2% No Change and 14.7% said it would have a positive impact51.4% of Angels surveyed said they would be investing Less in 2020of those Angels said they would invest 61% less capital in 2020 compared to2019.33.3% of Angels are not investing in Lockdownof those 47.6% are only going to invest again when they are confident Covid- 19 crisis is overof those 28.6% are not planning to invest again.64.9% of Angels are changing the business sectors theyre looking at including; Healthcare, Fintech and gaming54.1% of Angels have changed their investment requirements, with longer runway, revenue generative and recurring revenue being the most important factors.46.9% of Angels had no change in investment requirements68% of Angels have seen deal terms with reduced valuations as a result of Covid-19 and 35% have seen smaller Investment rounds.When it comes to getting in contact with Angels, 72% want to be contacted via recommendations/introductions. 54% via email 32.6% LinkedIn 30.9% Angel network. Facebook and Twitter being the least effective way to contact angels with less than 3% of respondents selecting this.70% of Angels said SEIS/EIS was important, very important or critical to their investment decisions, of those 58% said they would not invest more if the SEIS allowance was increased to the £200k from the current £100k cap."
17,"{'id': 'techcrunch', 'name': 'TechCrunch'}",Ingrid Lunden,"Bolt, the European on-demand transport company, raises $109M on a $1.9B valuation","Bolt, a rival to Uber and others providing on-demand ridesharing, scooters and other transportation services across some 150 cities in Europe and Africa, is today announcing another capital raise as it weathers a difficult market climate where, because of COV…",http://techcrunch.com/2020/05/26/bolt-the-european-on-demand-transport-company-raises-109m-on-a-1-9b-valuation/,https://techcrunch.com/wp-content/uploads/2019/07/bolt.jpg?w=600,2020-05-26T09:37:47Z,"Bolt, a rival to Uber and others providing on-demand ridesharing, scooters and other transportation services across some 150 cities in Europe and Africa, is today announcing another capital raise as it weathers a difficult market climate where, because of COVID-19, many are staying in place and avoiding modes of transport that put them into contact with others.
The Estonia-based company is today announcing that it has picked up an additional 100 million ($109 million) in equity funding. Bolt also confirmed that is now valued at 1.7 billion (or nearly $1.9 billion at today’s rates).
The investment is coming from a single investor, Naya Capital Management, which was also a major backer of the company in its last round, a $67 million Series C in July 2019. Technically this would make this latest round a Series D although we are checking that detail with the company.
The funding is one more example of how investors are continuing to support their most promising, and/or most capitalised, portfolio companies as they face drastic losses of business during the COVID-19 pandemic, which can only be more complicated for a startup built on a business model that — even in the best of times — is very capital-intensive.
Before this round, in April we’d been hearing that Bolt was running out of runway and that they were in discussion also with the Estonian government — a big supporter of the country’s tech industry — to underwrite debt in the company. We have also asked Bolt if it raised any debt funding and will update this as we learn more.
Bolt — which says it has 30 million users in over 35 countries globally — has now raised over 300 million, with other investors including Nordic Ninja a new fund out of Helsinki backed by a number of Japanese LPs to invest in Northern European startups (Bolt is based out of Tallinn)  Creandum, G Squared, Invenfin (a fund out of South Africa backed by investment holding company Remgro) and Superangel, a fund out of Estonia that has been backing the startup since its earliest days, as well as Didi (and, by association, SoftBank and Uber), Daimler, Korelya Capital and Spring Capital.
Formerly known as Taxify, Bolt rebranded last year as it expanded beyond private car rides into other areas like electric scooters and food delivery — and the plan will be to use this funding to expand all three business areas in the coming months, along with newer product categories like Business Delivery in-city same-day courier services and Bolt Protect for people to continue to use its ride-hailing services by kitting out cars with plastic sheeting between driver and passenger seats.
Uber, Bolt’s publicly traded business rival, has laid bare just how painful the pandemic has been for business. The company has laid off nearly 7,000 employees in recent weeks, and while we currently have little visibility of the impact on the contractors it engages to move people, food and other items in its network, its next quarterly earnings (which will cover the full brunt of the pandemic) should more clearly spell out the drop-off in overall business.
Bolt doesn’t go into the details of that situation itself, except to acknowledge that business is not as usual.
Even though the crisis has temporarily changed how we move, the long-term trends that drive on-demand mobility such as declining personal car ownership or the shift towards greener transportation continue to grow,” said Markus Villig, CEO and co-founder, in a statement. “We are happy to be backed by investors that look past the typical Silicon Valley hype and support our long term view. I am more confident than ever that our efficiency and localisation are a fundamental advantage in the on-demand industry. These enable us to continue offering affordable transportation to millions of customers and the best earnings for our partners in the post-COVID world.
A lot of people have talked about how fundraising has become more complicated now. Not only are people not able to meet in person and get more embedded in evaluating an opportunity, but many are unable to see what the future will hold in terms of market demand and the overall economy.
That’s left a lot of the activity at the moment spread between startups that are seeing a lot of business lift precisely because of present circumstances; startups that have businesses that are continuing to enjoy a lot of trade despite present circumstances; and startups that are strong enough (or already so highly capitalised) that investors want to support them to make sure they don’t go under. More typically, startups that are securing funding are falling into more than one of the above categories, as is the case with Bolt.
We are delighted to have the opportunity to invest in Bolt at this stage in the companys growth story,” Masroor Siddiqui, managing partner, CIO and founder of Naya Capital Management, said in a statement. “Under Markus leadership, Bolt has established itself as one of the most competitive and innovative players in global mobility. We believe that Bolt is helping drive a fundamental change in how consumers interact with the transport infrastructure of their cities and look forward to the companys continued execution on its strategic vision."
18,"{'id': 'techcrunch', 'name': 'TechCrunch'}",Kirsten Korosec,"Tesla cuts prices across EV line up, ends free supercharging for Model S, Model X",Tesla slashed prices across its electric vehicle portfolio overnight as the automaker aims to boost sales in an economy beaten down by the COVID-19 pandemic. Reuters and Electrek were the first to report the changes. The base price of Model 3 standard range p…,http://techcrunch.com/2020/05/27/tesla-cuts-prices-across-ev-line-up-ends-free-supercharging-for-model-s-model-x/,https://techcrunch.com/wp-content/uploads/2019/09/Tesla-fleet-S3XY.jpg?w=764,2020-05-27T17:49:18Z,"Tesla slashed prices across its electric vehicle portfolio overnight as the automaker aims to boost sales in an economy beaten down by the COVID-19 pandemic.
Reuters and Electrek were the first to report the changes. The base price of Model 3 standard range plus is now $37,990, a $2,000 reduction. But the biggest cuts were made to Tesla’s more expensive, luxury vehicles, the Model S sedan and the Model X SUV.
The Model S long range plus now starts at $74,990, a decrease of $5,000. The more expensive Model S performance as well as the two Model X configurations also saw prices slashed by $5,000.
The price cuts come as automakers seek ways to attract buyers after months of a lockdown prompted by the COVID-19, which has dampened demand and upended the economy. The traditional big three U.S. automakers Ford, GM and Fiat Chrysler Automobiles have turned to 0% financing rates as well as deferred or longer term payment options. Other automakers including Hyundai Motor America, Kia Motors America, Nissan North America, Toyota Motor Sales U.S.A, and Volkswagen of America have also announced incentives and payment plans aimed at preventing existing owners from defaulting on loans as well as incentivizing new buyers.
Tesla has also removed mention of free unlimited supercharging for new Model S and Model X sales along with the price cuts.
The company has waffled on the free supercharging incentive before, removing it and bringing it back over the past several years.
In the early days, free unlimited supercharging was part of the package of buying a Tesla vehicle. The automaker began phasing out free unlimited access to its supercharger network when it announced that customers who buy cars after January 1, 2017 will have 400 kilowatt-hours, or about 1,000 miles, of free charging every year. Once owners surpassed that amount, they would be charged a small fee.
Tesla then narrowed the free unlimited access to superchargers through a referral program and only to buyers of performance versions of the Model S, Model X and Model 3. The free unlimited supercharger referral program is now set to end September 18.
BREAKING: All new Model S and Model X orders now come with free unlimited Supercharging 
— Tesla (@Tesla) August 3, 2019
Tesla CEO Elon Musk, who has called the perk “unsustainable” has brought back the perk several times since to drive sales. In August 2019, the company resurrected the benefit in an effort to boost sales of its more expensive electric vehicles."
19,"{'id': 'techcrunch', 'name': 'TechCrunch'}",Jonathan Shieber,Investors say emerging multiverses are the future of entertainment,"The COVID-19 pandemic is accelerating the adoption of new technologies and cultural shifts that were already well underway. According to a clutch of heavy-hitting investors, this dynamic is particularly strong in gaming and extended reality. Unlike other segm…",http://techcrunch.com/2020/05/27/investors-say-emerging-multiverses-are-the-future-of-entertainment/,https://techcrunch.com/wp-content/uploads/2020/05/fortnite-travis-scott-event.jpeg?w=533,2020-05-28T00:04:39Z,"The COVID-19 pandemic is accelerating the adoption of new technologies and cultural shifts that were already well underway. According to a clutch of heavy-hitting investors, this dynamic is particularly strong in gaming and extended reality.
Unlike other segments of the startup and tech world, where valuations have been slashed, early-stage companies focused on building new games, gaming infrastructure and virtual or extended reality entertainment are having no trouble raising money. They’ve even seen valuations rise, investors said.
“Valuations have increased pretty significantly in the gaming sector. Valuations have gone up 20 to 25% higher than I would have seen prior to this pandemic,” Phil Sanderson, a co-founder and managing director at Griffin Gaming Partners, told fellow participants on a virtual panel during the Los Angeles Games Conference earlier this month.
Driving the appetite for new investments is the entertainment industry’s bearhug of virtual events, animated features, games and social media platforms after widespread shelter-in-place orders made physical events an impossibility."
