,source,author,title,description,url,urlToImage,publishedAt,content
0,"{'id': 'techcrunch', 'name': 'TechCrunch'}",Darrell Etherington,Moderna set to start final-stage trial of its coronavirus vaccine by July,Pharmaceutical company Moderna told Bloomberg on Thursday that it’s on pace to begin the final-stage clinical trial of its vaccine for the novel coronavirus that causes COVID-19 by July. Moderna was the first company to begin human clinical trials of its vacc…,http://techcrunch.com/2020/06/11/moderna-set-to-start-final-stage-trial-of-its-coronavirus-vaccine-by-july/,https://techcrunch.com/wp-content/uploads/2020/06/GettyImages-1204808423-2.jpg?w=600,2020-06-11T15:19:30Z,"Pharmaceutical company Moderna told Bloomberg on Thursday that it’s on pace to begin the final-stage clinical trial of its vaccine for the novel coronavirus that causes COVID-19 by July. Moderna was the first company to begin human clinical trials of its vaccine candidate in the U.S., and the last stage of its study will include 30,000 people and be conducted in partnership with the U.S. National Institute of Allergy and Infectious Diseases (NIAID).
The aim of the study will be to show definitive clinical proof that Moderna’s vaccine actually does prevent people from developing COVID-19, and, secondarily, that it prevents at least severe symptoms and cases that require hospitalization from materializing. Moderna’s second-stage clinical trial kicked off last month, and the company has previously said that it could potentially begin offering experimental doses available to healthcare workers in limited capacities as early as this fall.
The pace of development of a number of leading vaccine candidates is actually moving just as quickly, if not more quickly. Johnson &amp; Johnson said early this week that it would start trials of its vaccine later in July, while AstraZeneca and its research and development partner the University of Oxford will be entering its own final-stage clinical trials as of this month.
Moderna’s vaccine candidate is an mRNA vaccine, which is a technology that essentially provides instructions to healthy cells to produce antibodies to the coronavirus, without having to actually introduce any of the active or inactive virus itself. mRNA vaccines, while used in veterinary medicines, are relatively new technology and have not yet been approved for use in human patients, but they represent a number of the early vaccine attempts, because of their advantages in terms of speed of development and the lessened theoretical health risk they pose to people, including early trial participants."
1,"{'id': 'techcrunch', 'name': 'TechCrunch'}",Brian Heater,Global PC shipments set to drop 7% in 2020,"New numbers from Canalys project a 7% drop in global PC sales, owing to financial strains. The category is one of countless impacted by the COVID-19-related shutdowns, but the group notes that the virus’s direct impact is mostly behind the industry, due to th…",http://techcrunch.com/2020/06/02/global-pc-shipments-set-to-drop-7-in-2020/,https://techcrunch.com/wp-content/uploads/2020/05/GettyImages-960937636.jpg?w=599,2020-06-02T19:05:20Z,"New numbers from Canalys project a 7% drop in global PC sales, owing to financial strains. The category is one of countless impacted by the COVID-19-related shutdowns, but the group notes that the viruss direct impact is mostly behind the industry, due to the rebounding of Chinas supply chain. 
A resulting global recession, on the other hand, is expected to continue to have a notable impact on the industry, moving forward. Simply put, people just dont have the money to spend on upgraded devices.
Here in North America, the vertical is expected to take a 6% hit, as U.S. citizens have already filed 40 million unemployment claims since the pandemics start. The firm says it doesnt expect a full recovery until 2020, when the category is expected to grow 4% from the year prior. Obviously these are projections. A lot can change in two years particularly at the rate were going.
China and the broader Asia Pacific region experienced smaller declines and are expected to recover more quickly, owing to being at the front of the first wave and due to what appears to have been effective management of the crisis. 
Its also worth noting that the PC industry wasnt as hard hit as the smartphone category. Manufacturers were able to slow the slide, owing to consumers and businesses purchasing equipment in order to upgrade home office set ups."
2,"{'id': 'techcrunch', 'name': 'TechCrunch'}",Darrell Etherington,"Rocket Lab successfully launches its 12th Electron, carrying NASA and NRO payloads","Rocket Lab has returned to active launch status from its first launchpad in New Zealand, after the global COVID-19 pandemic temporarily paused its work there. Early this morning, it flew its 12th Electron launch vehicle from its launch site on NZ’s Mahia Peni…",http://techcrunch.com/2020/06/13/rocket-lab-successfully-launches-its-12th-electron-carrying-nasa-and-nro-payloads/,https://techcrunch.com/wp-content/uploads/2020/06/EaXw_39U8AAPkYB.jpeg?w=711,2020-06-13T12:04:59Z,"Rocket Lab has returned to active launch status from its first launchpad in New Zealand, after the global COVID-19 pandemic temporarily paused its work there. Early this morning, it flew its 12th Electron launch vehicle from its launch site on NZ’s Mahia Peninsula, carrying payloads on behalf of the U.S. National Reconnaisance Office (NRO), NASA, and the University of New South Wales Canberra.
The launch occurred at 1:13 AM EDT (5:13 PM local time) and went off without a hitch. Rocket Lab later confirmed that payload deployment also went exactly to plan once the Electron reached its target orbit.
Rocket Lab has been gearing up for significant expansion of its launch capabilities, with a new launch site in the U.S. on Wallops Island in Virginia. The launch facility is now open, and its first mission had been scheduled to fly earlier this year, but that launch got pushed back in part because of delays resulting from NASA’s efforts to stem the spread of COVID-19 with facility closures and a focus on essential missions.
New Zealand is now fully out of lockdown, however the country’s fast action and relatively small, dispersed population allowed it to contain cases of COVID-19 fairly quickly, and reduce the infection rate to zero. That’s good news both for Rocket Lab’s existing operation, and for its ongoing work to establish a second launch site at its Mahia facility, which is well underway and could go into operation sometime later this year."
3,"{'id': 'techcrunch', 'name': 'TechCrunch'}",Anthony Ha,Daily Crunch: Twitter has a record week,"Twitter sees record downloads, Signal adds a new face-blurring feature and Facebook rethinks its approach to government-backed media. Here’s your Daily Crunch for June 5, 2020. 1. Twitter has a record-breaking week as users looked for news of protests and COV…",http://techcrunch.com/2020/06/05/daily-crunch-twitter-has-a-record-week/,https://techcrunch.com/wp-content/uploads/2020/01/twitter-CES-2020-06.jpg?w=628,2020-06-05T16:20:45Z,"Twitter sees record downloads, Signal adds a new face-blurring feature and Facebook rethinks its approach to government-backed media.
Here’s your Daily Crunch for June 5, 2020.
1. Twitter has a record-breaking week as users looked for news of protests and COVID-19
Civil unrest due to the nationwide George Floyd protests drove Twitter to a record number of new installs this week, according to data from two app store intelligence firms, Apptopia and Sensor Tower. While the firms exact findings differed in terms of the total number of new downloads or when records were broken, the firms agreed that Twitters app had its largest-ever week, globally.
For example, according to Sensor Tower, Twitter saw just over 1 million installs on Monday, making it the day with the most single-day installs since the firm began tracking app store data on January 1, 2014.
2. Signal now has built-in face blurring for photos
This is supposed to make it easy to protect someones identity without leaving any trace on other, less secure apps. After noting Signals support of the protests against police brutality, founder Moxie Marlinspike wrote in a blog post, Weve also been working to figure out additional ways we can support everyone in the street right now. One immediate thing seems clear: 2020 is a pretty good year to cover your face.
3. Facebook adds labels identifying state-controlled media
Facebook will soon add labels to news outlets owned or otherwise controlled by a government that doesn’t necessarily mean the information is false or unreliable, but at least it’s worth considering the source. Those outlets will also be banned from buying ads starting this summer.
4. OTTO Motors raises $29M to fill factories with autonomous delivery robots
The OTTO Motors division of Clearpath Robotics launched in 2015. It’s landed a number of contracts to bring its autonomous mobile robot platform into factories, with customers including GE, Toyota, Nestlé and Berry Global.
5. How to get the most from your corporate VC after you get the check
Scott Orn of Kruze Consulting looks at the factors that founders need to keep in mind if they want the best chance at a productive and successful relationship with their corporate VC. (Extra Crunch membership required.)
6. Google says Iranian, Chinese hackers targeted Trump, Biden campaigns
Shane Huntley, director for Googles Threat Analysis Group, tweeted that hackers backed by China and Iran recently targeted the Trump and Biden campaigns using malicious phishing emails. But, Huntley said, there are no signs of compromise, and both campaigns were alerted.
7. PhotoRoom automagically removes background from your photo
The concept is extremely simple: After selecting a photo, PhotoRoom removes the background from that photo and lets you select another background. When youre done tweaking, you can save the photo and open it in another app.
The Daily Crunch is TechCrunch’s roundup of our biggest and most important stories. If you’d like to get this delivered to your inbox every day at around 9am Pacific, you can subscribe here."
4,"{'id': 'techcrunch', 'name': 'TechCrunch'}",Natasha Mascarenhas,"4 months into lockdown, Eventbrite CEO Julia Hartz sees ‘exciting signs of recovery’","“Eventbrite is in the unique club that nobody wants to be in,” says CEO and co-founder Julia Hartz. “Which is the first affected and one of the most directly affected businesses of the COVID-19 era.” Hartz, who co-founded the company with her husband Kevin Ha…",http://techcrunch.com/2020/06/19/eventbrites-entire-business-was-dislocated-heres-where-they-are-three-months-later/,https://techcrunch.com/wp-content/uploads/2020/06/GettyImages-491591074-e1592519004223.jpg?w=595,2020-06-19T15:17:50Z,"Eventbrite is in the unique club that nobody wants to be in, says CEO and co-founder Julia Hartz. Which is the first affected and one of the most directly affected businesses of the COVID-19 era.
Hartz, who co-founded the company with her husband Kevin Hartz and Renaud Visage, joined ExtraCrunch Live recently to discuss moving forward when your core business isnt just threatened, but wiped out completely.
You never as a founder at least I never ever wondered what would happen if the whole basis of our mission was tested, she said.
The events world was one of the first industries to feel the pandemic’s impacts and will likely be among the last to be restored. For Eventbrite, which was built on a core business of in-person events and event ticketing, it meant making swift decisions to stay afloat.
External data show some bright spots. According to an operational update from Eventbrite, paid ticket volume on its platform increased 33% in May compared to April 2020. Eventbrite is down 82% in paid tickets in May 2020 compared to the same month year ago.
A massive market and industry dislocation and disruption. I mean, we’re a living example of that, she said. It’s not a victory lap. Certainly, we’re seeing some really exciting signs of recovery, but it’s still very sobering.
Hartz offered founders at all levels advice on how to work on culture during a crisis and offered tips on communication and transparency.
We also chatted about how open consumers are to paying for virtual events, how the company curates and moderates political events and how Eventbrite plans to address racial injustice beyond, in Hartzs words, episodic outrage.
We pulled out a couple of highlights for you to peruse.
How she sees events changing in the next 18 months
Structurally, events are pivoting to in-person. So it’s not just pivoting online. A good example is the Beanstalk Music Festival in Colorado, a two-day music festival that pivoted to an in-person drive-in night concert. They were wildly successful in selling tickets to this new format.
It was a testament to the strength of their community and the pent-up demand to get together and listen to great music. But what we’re seeing beyond sort of those really creative uses of new types of space and venues that are outdoors are smaller events. Classes, workshops, seminars, small meetups are starting to come back. I think that as creators start to think about how to bring their community back in person, there’s a huge element of trust that exists in this new world.
Were helping our creators establish that trust and be very upfront about what their event goers and attendees can expect in that moment as you bring yourself together in-person again.
When she knew the business would be materially impacted    and what she did next"
5,"{'id': 'techcrunch', 'name': 'TechCrunch'}",Brian Heater,"Global smartwatch shipments grew 12%, in spite of…everything","Wearables have proven to be a surprisingly resilient category amid the global COVID-19-fueled shutdown. As noted earlier this month, shipment growth slowed — but didn’t stop — in Q1, even as many potential customers have far fewer steps to track. And accordin…",http://techcrunch.com/2020/06/17/global-smartwatch-shipments-grew-12-in-spite-ofeverything/,https://techcrunch.com/wp-content/uploads/2019/09/410A6C83-72A1-4691-8B31-42CDEB0E7F98_1_105_c.jpeg?w=600,2020-06-17T13:59:56Z,"Wearables have proven to be a surprisingly resilient category amid the global COVID-19-fueled shutdown. As noted earlier this month, shipment growth slowed but didnt stop in Q1, even as many potential customers have far fewer steps to track. And according to new numbers from Canalys out today, smartwatches in particular continued to grow in spite of it all.
Overall, the category grew 12% year-over-year for Q1, up to 14.3 million. China, in particular, saw a big uptick in shipments a full 66% over Q1 2019. Cellular models from Xiaomi and Apple were big hits, owing to a nationwide push for eSIM adoption. North America continued to see an increase, as well, but made up less than a third of all shipments for the first time in the firms reporting.
Image Credits: Canalys
Apple actually saw a 13% dip in shipments for the quarter, but remained the leader in marketshare by a significant margin, at 36.3%. Analysts believe that a shift in focus toward AirPods has been part of the slow down for the company in North America and Europe. Second place Huawei is gaining fast, too. A 113% increase in shipments put the company at 14.9% of the total market up from 7.9 percent the year prior. Huawei continues to have a strong presence in China, and other local electronics giants Xiaomi and Oppo are expected to be strong drivers in the category moving forward.
Beyond that, the report doesnt go into great detail with regard to what continued driving smartwatch sales as categories like smartphones sputtered along. I suspect that while consumers have been put off by an inability to meet personal activity goals, an increased interest in vital signs and other quantifiable statistics has driven some to take a closer look at such products, as they become an increasingly viable tool for day-to-day health tracking."
6,"{'id': 'techcrunch', 'name': 'TechCrunch'}",Ron Miller,SaaS earnings rise as pandemic pushes companies more rapidly to the cloud,"As the pandemic surged and companies moved from offices to working at home, they needed tools to ensure the continuity of their business operations. SaaS companies have always been focused on allowing work from anywhere there’s access to a computer and intern…",http://techcrunch.com/2020/06/04/saas-earnings-rise-as-pandemic-pushes-companies-more-rapidly-to-the-cloud/,https://techcrunch.com/wp-content/uploads/2020/06/cloud-wfh.jpg?w=753,2020-06-04T16:42:14Z,"As the pandemic surged and companies moved from offices to working at home, they needed tools to ensure the continuity of their business operations. SaaS companies have always been focused on allowing work from anywhere there’s access to a computer and internet connection, and while the economy is reeling from COVID-19 fallout, modern software companies are thriving.
That’s because the pandemic has forced companies that might have been thinking about moving to the cloud to find tools what will get them there much faster. SaaS companies like Zoom, Box, Slack, Okta and Salesforce were there to help; cloud security companies like CrowdStrike also benefited.
While it’s too soon to say how the pandemic will affect work long term when it’s safe for all employees to return to the office, it seems that companies have learned that you can work from anywhere and still get work done, something that could change how we think about working in the future.
One thing is clear: SaaS companies that have reported recent earnings have done well, with Zoom being the most successful example. Revenue was up an eye-popping 169% year-over-year as the world shifted in a big way to online meetings, swelling its balance sheet.
There is a clear connection between the domestic economy’s rapid transition to the cloud and the earnings reports we are seeing — from infrastructure to software and services. The pandemic is forcing a big change to happen faster than we ever imagined.
Zoom and CrowdStrike are two companies expected to grow rapidly thanks to the recent acceleration of the digital transformation of work. Their earnings reports this week made those expectations concrete, with both firms beating expectations while posting impressive revenue growth and profitability results."
7,"{'id': 'techcrunch', 'name': 'TechCrunch'}",Ingrid Lunden,Extra Crunch Live: Join Jason Green of Emergence Capital for a live Q&A on July 9 at 2pmET/11amPT,"2020 may feel so far like the year of living dangerously, but for many of us it has also been the year of working remotely. Led by the stick of COVID-19 rather than the carrot of the benefits of more flexible work life, a lot of organizations, and the people …",http://techcrunch.com/2020/07/02/extra-crunch-live-join-jason-green-of-emergence-capital-for-a-live-qa-on-july-9-at-2pmet-11ampt/,https://techcrunch.com/wp-content/uploads/2020/07/Jason-Green.jpg?w=400,2020-07-02T18:18:44Z,"2020 may feel so far like the year of living dangerously, but for many of us it has also been the year of working remotely. Led by the stick of COVID-19 rather than the carrot of the benefits of more flexible work life, a lot of organizations, and the people who power them, have only relatively recently started to get to grips with this concept. But some have had their finger on the pulse of cloud computing and how that relates to enterprise productivity for years.
Come join us on Thursday, July 9, at Extra Crunch Live to hear from Jason Green of Emergence Capital, one of the leading investors (and VC firms) promoting and funding some of the biggest startups in this space.
Extra Crunch Live is open exclusively to Extra Crunch subscribers. If youre not already an Extra Crunch member, you can join here.
For the uninitiated, the EC Live format is at once direct and wide-ranging, an hour-long conversation that not only covers some of the biggest issues in tech, building startups and investing today — and boy do we have a lot of issues right now — but gets to the heart of them, in a lighter format that’s actually fun to watch — as you can see from past talks with Sequoia’s Roelof Botha and Homebrew’s Hunter Walk.  (See the whole schedule of Extra Crunch Live talks here.)
July 9 should be an especially good one because, well, Green is full of beans.
That is to say, he’s been very outspoken in the last few months, leading the (reassuring? alarming?) charge for startups to just write off the last quarter and focus on the future.
Sounds flippant? Not really. Green has years of experience to draw on — a long track record backing some of the most game-changing and successful startups of the last decade+ in the areas of cloud computing, enterprise and enterprise productivity, and specifically in how they cross over. They include Box, SalesLoft, ServiceMax, SteelBrick, SuccessFactors, Gusto (formerly ZenPayroll) and Yammer, with Emergence itself also an early backer of Zoom, Salesforce, Crunchbase and Clearbanc.
For founders, other investors and anyone involved in any aspect of deal-making, especially for enterprise startups, it’s a must-watch.
Join Jason and me next week. We’re looking forward to it.
Extra Crunch Live is open exclusively to Extra Crunch subscribers, and so if you want to watch, join here. You can find the full details of the call below the jump!
Details:"
8,"{'id': 'techcrunch', 'name': 'TechCrunch'}",Kirsten Korosec,Ford taps Disney Media Works to mark the return of the Bronco SUV,"Ford is teaming up with Disney Media Networks to mark the return of its iconic Bronco SUV through a series of short films that will be broadcast across a number of cable and digital properties including ABC, ESPN, National Geographic and Hulu. The strategy — …",http://techcrunch.com/2020/07/02/ford-taps-disney-media-works-to-mark-the-return-of-the-bronco-suv/,https://techcrunch.com/wp-content/uploads/2020/06/Screen-Shot-2020-06-19-at-1.34.13-PM.jpg?w=673,2020-07-02T17:18:28Z,"Ford is teaming up with Disney Media Networks to mark the return of its iconic Bronco SUV through a series of short films that will be broadcast across a number of cable and digital properties including ABC, ESPN, National Geographic and Hulu.
The strategy prompted by COVID-19 shutdowns is a departure for Ford, which has traditionally revealed new vehicles at auto shows or other in-person media events. More than three years ago, Ford announced it was bringing back the Bronco after years of customer requests and speculation. The mid-size SUV that ended its 30-year production run in 1996 was supposed to debut in June at the revamped North American International Auto Show in Detroit. Ford was forced to come up with a new strategy after organizers cancelled the 2020 NAIAS due to the COVID-19 pandemic.
The Bronco will be revealed in 3-minute films that will air during the first commercial break in the 8 p.m. ET hour July 13 on ABC, ESPN and National Geographic. Ford will begin taking reservations for the Bronco as the films air. The automaker plans to share additional information about the upcoming Bronco models on its YouTube, Facebook, Instagram and Twitter channels.
The short films will be available on-demand via Hulu the following day.
Ford is collaborating with Disney CreativeWorks to create the reveal stories. Jimmy Chin, director, cinematographer, photographer and professional climber best known for the Academy Award-winning documentary Free Solo, was tapped for the project.
“Ford Bronco is an icon that has captured people’s imaginations and inspired them to explore the most remote corners of America and the world since the 1960s,” said Jim Farley, Ford’s chief operating officer. “As a new era for Bronco begins, we’re proud to tap the strengths of epic adventurers like Jimmy Chin and Disney storytellers to help bring Bronco to life and inspire millions of people to get out into the wild.”
The short films will be different for each channel. On ABC, the film will star country music singer Kip Moore and air during “CMA Best of Fest,” the Country Music Association’s three-hour concert experience. Professional climber Brooke Raboutou will be featured in a film that will air on ESPN during its SportsCenter show. hin highlight a new Bronco model during the National Parks: Yosemite episode on the National Geographic channel. Chin will judge a hashtag challenge contest and appear in an Instagram Story featuring the Bronco on NatGeo’s Instagram account, Ford said."
9,"{'id': 'techcrunch', 'name': 'TechCrunch'}",Sarah Perez,"Target is rolling out fresh grocery pickup nationwide, starting with the Midwest","Target today is joining the growing number of grocery retailers offering curbside and in-store pickup services for fresh and frozen items. The retailer had paused its plans to rollout grocery pickup this spring, citing the COVID-19 pandemic as a factor. It sa…",http://techcrunch.com/2020/06/25/target-is-rolling-out-fresh-grocery-pickup-nationwide-starting-with-the-midwest/,https://techcrunch.com/wp-content/uploads/2020/06/Target-Fresh-Grocery.jpg?w=600,2020-06-25T12:24:52Z,"Target today is joining the growing number of grocery retailers offering curbside and in-store pickup services for fresh and frozen items. The retailer had paused its plans to rollout grocery pickup this spring, citing the COVID-19 pandemic as a factor. It said it didn’t have time to train employees on the new processes. Today, those plans are back in motion. The company now says it expects to have fresh and frozen grocery pickup available across 1,500 stores in the U.S. within a matter of months.
The addition isn’t being powered by Target’s grocery delivery service, Shipt, but will instead utilize store staff to pick and bag items — much as they do today for Target’s existing Order Pickup and Drive Up services.
However, consumers won’t have access to all of Target’s fresh and frozen food items at launch. The pickup services will offer 750 fresh and frozen items on top of the thousands of non-perishables already available. This includes produce, dairy, bakery, meat and frozen products.
In the same order, shoppers can also order from the more than 250,000 items available for pickup across categories like home, apparel, essentials and more.
A company spokesperson tells us the decision to limit fresh and frozen product selection to 750 items was related to how the service was used in early tests. The company found that Target shoppers largely used pickup to shop for grocery essentials in between larger trips to the store.
Both Drive Up and Order Pickup will offer the same product selection, we understand.
Target says the fresh and frozen items will be stored in temperature-controlled storage in the pickup area in the front of the store, until the customer arrives for their pickup.
The service is free to use and doesn’t require an order minimum or membership. In addition, Target RedCard holders and Target Circle members will be able to utilize their discounts on the new grocery items, as well.
Target is currently rolling out fresh and frozen grocery in the Midwest region, following its successful tests of grocery pickup in the Twin Cities and Kansas City markets. This will make the service available to 400 stores. It expects to reach 1,500 stores by the U.S holiday season.
The retailer is one of many grocers to now offer pickup services in the U.S. For Walmart, online grocery has played a large role in its growing e-commerce sales. In the fourth quarter of its fiscal 2019, ahead of the pandemic, Walmarts e-commerce sales grew by 35%. As the coronavirus outbreak drove more shoppers to buy online and pickup outside of Walmart sales, the retailer reported a 74% jump in e-commerce sales in Q1.
Target, meanwhile, reported in Q1 its same-day services were growing in popularity as well, due to the pandemic. It even saw days where its volume of order pickup was twice as high as Cyber Monday. And on the Friday before Easter, it did more volume via Shipt’s delivery service than it did in a typical week.
Also in Q1, Target’s digital sales overall grew 141% while its combination of same-day services (Shipt, Drive Up, and Order Pickup) grew 278%. Of the millions of shoppers using Drive Up, 40% were new to the service — an indication of how the pandemic has shifted consumer behavior.
But Q1 was not all good news for the retailer. It said it was spending more on labor, selling fewer high-margin items, and writing down apparel and other goods that weren’t selling due to the pandemic’s influence on shopper’s needs. The company promised that its investments in online shopping options and its workforce — last week, for example, it raised its minimum wage to $15 per hour — would pay off in the long run.
“The speed and convenience of our fulfillment options are unmatched across the country, and theyve become even more critical for our guests searching for easy and safe ways to shop during the pandemic. By adding fresh grocery to the pickup services our guests already love, were giving them even more reasons to shop at Target, said Targets chief operating officer, John Mulligan, in a statement. “During a time when even more people are looking for different ways to get the items they need, well continue to invest in making Target the easiest and safest place to shop,” he added."
10,"{'id': 'techcrunch', 'name': 'TechCrunch'}",Natasha Mascarenhas,Who really benefits from reskilling?,"Nearly 40 million Americans are unemployed, and a recent study that examined more than 66,000 tech job layoffs found that sales and customer success roles are most vulnerable amid COVID-19. In response, some quarters of Silicon Valley are abuzz about a long-s…",http://techcrunch.com/2020/06/26/reskilling-upskilling-future-of-edtech/,https://techcrunch.com/wp-content/uploads/2019/02/ai-assisted-translation.png?w=753,2020-06-26T19:39:10Z,"Nearly 40 million Americans are unemployed, and a recent study that examined more than 66,000 tech job layoffs found that sales and customer success roles are most vulnerable amid COVID-19. In response, some quarters of Silicon Valley are abuzz about a long-standing technology: reskilling, or training individuals to adopt an entirely new skillset or career for employment.
As millions look for a way to reenter the workforce, the question arises: Who really benefits from reskilling technology?
That depends on how you look at it, said Jomayra Herrera, a senior associate at Cowboy Ventures. Reskilling for a well-networked manager looks a lot different than it does for someone who doesn’t have as much leverage, and the vast majority of people fall into the latter. Not everyone has a friend at Google or Twitter to help them skip the online application and get right to the decision-makers.
Beyond the accessibility offered by live online classes, she pointed to the difference between assets and opportunities.
You can give someone access to something, but its not true access unless they have the tools and structure to really engage with it, Herrera said. In other words, how useful is content around reskilling if the company doesnt support job placement post-training.
Herrera said companies must give individuals opportunities to test skills with real work and navigate the career path. Her mother, who did not go to college and speaks English as a second language, is looking to pursue training online. Before she can proceed, however, she has to surmount hurdles like language support, resume creation, job search and other challenges.
All of a sudden, content feels like a commodity, regardless of if it has active and social learning components. Its part of the reason that MOOCs (massive open online courses) feel so stale.
Udacity, for example, was almost out of cash in 2018 and laid off more than half of its team in the past two years, according to The New York Times. Now, like other edtech companies, it is facing surges in usage."
11,"{'id': 'techcrunch', 'name': 'TechCrunch'}",Ingrid Lunden,E-scooter firms get the green light to start trials of up to one year on UK streets,"In light of COVID-19 and social distancing regulations, the UK has been working on making it easier for people to get from point A to B in cities without resorting to buses and trains or bringing more cars to congested roads, and today that strategy took an i…",http://techcrunch.com/2020/06/30/e-scooter-firms-get-the-green-light-to-start-trials-of-up-to-one-year-on-uk-streets/,https://techcrunch.com/wp-content/uploads/2020/06/Neuron-scooter.jpg?w=600,2020-06-30T16:21:47Z,"In light of COVID-19 and social distancing regulations, the UK has been working on making it easier for people to get from point A to B in cities without resorting to buses and trains or bringing more cars to congested roads, and today that strategy took an interesting leap forward.
The country’s Department for Transportation today announced that it would start allowing e-scooters, by way of e-scooter rental companies, to legally operate across the country initially in a trial phase starting no later than August. Some 50 councils and other authorities, including across London and other major cities, are working on putting together trials that could run for as long as 12 months.
The regulations come into force on July 4, the DfT said with the first trials expected to begin a week later.
“As we emerge from lockdown, we have a unique opportunity in transport to build back in a greener, more sustainable way that could lead to cleaner air and healthier communities across Great Britain,” said Transport Minister Rachel Maclean in a statement. “E-scooters may offer the potential for convenient, clean and cost-effective travel that may also help ease the burden on the transport network, provide another green alternative to get around and allow for social distancing. The trials will allow us to test whether they do these things.”
There are some restrictions in place: e-scooters will not be able to go faster than 15 miles per hour, and they will only be able to use roads and cycle lanes, not sidewalks or other areas reserved for pedestrians. Users will need a drivers license (full or provisional). The scooters themselves will not need to be registered as vehicles but will need insurance. And as with bicycles, users will be recommended — but not required — to wear helmets.
It seems that privately-owned e-scooters will not be included in the rule relaxation, but it’s not clear what steps regulators will take — if any — to avoid the cluttering that we have seen in some cities overrun with too many dock-less scooters crowding sidewalks.
The list of e-scooter hopefuls is long. From the word go, those that are looking to operate in the UK include Bird, Bolt (the ridesharing startup out of Estonia), Tier, Neuron Mobility, Lime, Voi, and Zipp Mobility.
We’re contacting the DfT with our questions and will update this post as we learn more.
Electric scooters will now join the ranks of other shared transportation options that include bikes and e-bikes, as a complement to mass transit and of course walking or using your own non-autonomotive wheels as an alternative to using cars. E-scooters have been seen both as an alternative for short distances (between 1 and 5 miles) but also as a last-mile solution in combination with 
The news today lifts restrictions that had previously been in place that classified e-scooters as motor vehicles and therefore required the e-scooters to be licensed and taxed, and for operators to have licenses to use them.
Those rules also meant that the e-scooters were illegal to use on sidewalks, with the only exception to all that being legal usage across select (and very limited) campuses on private land.
The moves comes on the heels of a consultation in March to pilot e-scooter use in three regions of the UK, along with a number of other initiatives including e-cargo carriers and using drones to transport medical supplies — the aim being to explore in quick order a number of new technologies to expand transportation options available to consumers, as well as essential businesses and the people who work in them.
The bigger trend has seen other cities also looking to relax rules to improve transportation options to people who wish to socially distance but still need to get around urban areas in ways that are quicker than walking. New York City is also expected to unveil its own roadmap for e-scooter pilots in the near future.
The news made official today had been something of a badly-kept secret, specifically among transportation startups whose businesses have been in a holding pattern waiting for the regulator to ease up on restrictions that had been in place.
Just about all of those startups have been sending out alerts to journalists for over a week now with comments on government’s widely-expected announcements.
We welcome the DfT’s announcement and are excited to be one step closer to the starting the e-scooter trials,” said Zachary Wang, CEO of Neuron Mobility, in a statement. “We are already in discussions with quite a few councils, as no two towns or cities are the same we look forward to partnering with them to safely introduce e-scooters in a way that best suits their individual needs. COVID-19 has led to a fundamental rethink of the way we travel and e-scooters have the potential to radically improve how we get around our towns and cities. We are delighted that people in the UK will soon be able to benefit from shared e-scooters, they will allow people to continue social distancing while also providing a more efficient travel option than gas-guzzling alternatives.”
Some have been gearing up for the green light for some time.
“We welcome todays announcement from the Government as it looks to get cities moving again safely and in an environmentally friendly way,” said Roger Hassan, COO of TIER Mobility, in a statement. “We already have more than 1,000 of our industry leading scooters in our UK warehouse, ready to be deployed and we will be shipping more over very soon. Everyone at TIER is looking forward to working with the Government and with local authorities to make e-scooters in the UK a huge success story.
While there had been restrictions in place before now, I should point out that they were often badly enforced: in London there have always been some private e-scooter owners zooming around alongside bikes and cars on the roads, and I’ve even stopped at red lights on my bike, with an e-scooter on one side of me, and a policeman on the other, and not a word gets exchanged, just a simple shrug of “what can you do?” So decriminalising, as it has done in other industries, will hopefully mean better oversight, alongside better choice for users."
12,"{'id': 'techcrunch', 'name': 'TechCrunch'}",Ingrid Lunden,"Microsoft to distribute $20M in grants to non-profits, offers free skills training via LinkedIn","The COVID-19 global health pandemic has had an almost immeasurable negative impact on the wider economy. Specifically in the job market, there have been millions of job losses, and in the US alone unemployment numbers like these have not been seen since the G…",http://techcrunch.com/2020/06/30/microsoft-to-distribute-20m-in-grants-to-non-profits-offers-free-skills-training-via-linkedin/,https://techcrunch.com/wp-content/uploads/2020/06/linkedin-training.jpg?w=511,2020-06-30T16:09:57Z,"The COVID-19 global health pandemic has had an almost immeasurable negative impact on the wider economy. Specifically in the job market, there have been millions of job losses, and in the US alone unemployment numbers like these have not been seen since the Great Depression. Now, tech companies are slowly stepping up to try to address the crisis, and the latest development on that front comes from Microsoft.
The company today announced a wide-ranging, global portal for free skills training for people who are out of work. And alongside that, Microsoft said it plans to disperse $20 million in grants to non-profit organizations, both which are working to help those who have lost jobs due to COVID-19 and subsequent shifts in the economy, and with a specific emphasis on those that are working with groups that are underrepresented in the tech world.
The move comes as we are seeing other tech companies try to make their own efforts to leverage their platforms to provide their own versions of relief efforts connected to COVID-19. Google has built special portals to keep people informed on local, national and global progress of COVID-19 and related news. Facebook has also built an information portal and has also created an avenue for people to offer volunteering help to those in need specifically in their community.
The money that Microsoft will be granting to non-profits is aimed at a wide swathe of organizations, not just those focused on helping groups learn new skills, but just those helping specific groups. Those that Microsoft already works with include Trust for the Americas, Fondazione Mundo Digitale in Italy, the Nasscom Foundation in India,  Tech4Dev across Africa, NPower in Canada, and the National Urban League aimed at long-term unemployed and African Americans, and Skillful.
The education and training news, meanwhile, is interesting not only because of the push that Microsoft is trying to make by leveraging the assets that it already has, but that it’s doing so in tandem with LinkedIn, the social network and professional education platform it acquired for $26.2 billion in 2016. Even though they are the same company, it’s often the case that you see less collaboration between the two than you might think would exist, but this seems to be a shift from that position.
Microsoft notes that using data from LinkedIn, it identified 10 specific tech jobs that are in particular demand right now and will continue to be in demand, offer a livable wage, and require skills that can be learned online if you don’t already have them. They are software developer, sales rep, project manager, IT admin, customer services rep, digital marketer, IT support, data analyst, financial analyst and graphic designer.
LinkedIn has designed “Learning Paths” that it offers through its online education portal for these jobs, and these will now be available to everyone free to use, globally, until the end of March 2021, in English, French, Spanish and German, with content getting updated in the tracks as needed. Alongside these, Microsoft Learn is offering supplemental technical content to these Paths, and Microsoft is also making GitHub’s Learning Lab free to practice if you’re learning software developer skills.
Alongside these, Microsoft is also giving a push to so-called “soft skills” that complement hunting for a job at the moment, including tips on looking for a job right now, learning “critical” soft skills, more on the concept and meaning of digital transformation, and a learning track focused on diversity, inclusion and allyship.
You can look at a list of all the content available and ultimately relevant jobs on LinkedIn’s purpose-built portal.
In addition to the online learning efforts, LinkedIn is also launching a separate track for those who want to either leverage LinkedIn to get spotted more easily for job opportunities, and for those who want to volunteer to help others, to offer advice and mentorship for those looking for work, or get more training to get through interviews. For those who want to signal their job seeking, they can now add an “OpenToWork” frame on their profile pictures, which links to a separate banner that runs under your profile picture which lets people see what kinds of jobs you would like to consider.
The offer to help is not unlike LinkedIn’s efforts at cultivating a mentorship program: the idea is that there are people who have the time and desire to use their skills to help others than just themselves and the companies they work for. As with the mentoring, those interested can indicate what they would like to do — making introductions, resume help or just providing advice.
LinkedIn’s interview preparations, meanwhile, are another step into working closer with Microsoft: LinkedIn’s built a set of tools that uses Microsoft’s AI platform for feedback throughout the training."
13,"{'id': 'techcrunch', 'name': 'TechCrunch'}",Frederic Lardinois,Microsoft makes Teams video meetings less tiring with its new Together mode,"Video meetings. While the move to remote work during the COVID-19 pandemic may have made them mainstream, they are not without issues and more and more people are now opting out. And for good reason. As it turns out, it’s really hard for our brains to sustain…",http://techcrunch.com/2020/07/08/microsoft-makes-teams-video-meetings-less-tiring-with-its-new-together-mode/,https://techcrunch.com/wp-content/uploads/2020/07/GettyImages-1219922940.jpg?w=600,2020-07-08T18:10:03Z,"Video meetings. While the move to remote work during the COVID-19 pandemic may have made them mainstream, they are not without issues and more and more people are now opting out. And for good reason. As it turns out, it’s really hard for our brains to sustain concentration while we’re trying to focus on 20 people in neat squares, all with different backgrounds and never quite looking at the camera. While we’ve had quite a bit of anecdotal evidence for this, Microsoft today released some of the research it did in this area, as well as new features in Teams that it hopes will make video meetings easier and less tiring.
The first of these is Together mode. The idea here is actually pretty simple. To be able to change backgrounds or add background blur, Teams already features Microsoft’s AI segmentation technology to detect and cut out a participant’s image from the background. Now, with Together Mode, it is taking everybody’s images and putting them into a shared space, starting with an auditorium. So instead of lots of little squares, all of the meeting participants now sit in this auditorium. This, Microsoft’s research shows, is actually quite a bit easier on the brain to process than standard remote collaboration tools.
“In our preliminary research — and it’s only been preliminary thus far, this has only been around for a couple of months — we’ve noticed quite a few things,” Microsoft’s Melissa Salazar explained to me ahead of today’s announcement. “First and foremost, you’ll notice the way that we’re looking at each other is obviously very different than something we’re used to, not only are we out of the grid, but we’re looking at this, ‘mirror image’ of ourselves.” This view of ourselves, Microsoft argues, is something we’re quite used to from being at the barbershop, for example, where we talk to the mirror. This also tricks our brain into mitigating some of the eye contact problems we’ve all experienced in video meetings.
“Our research has also shown that people tend to be happier, be more engaged in meetings, feel more comfortable keeping their camera on longer — even if they’re not asked to in this mode. And then — I think most importantly — be able to pick up on the behavioral social cues that are so important to human interaction,” said Salazar.
Michael Bohan, a director in Microsofts Human Factors Engineering group, noted that just removing the grid view already makes a major difference here. “When you have a grid view, everybody’s boxed off and so your brain has to treat those as individual parts — it has to parse all information. When you remove those edges, then your brain can start to see a more unified view of things.”
For now, Together Mode only features the auditorium view, which can handle up to 49 participants, but Microsoft is already working on other views, including a more intimate coffee shop mode.
The other new mode Microsoft is introducing is Dynamic view. The idea here is that Together Mode is obviously not perfect for every kind of meeting, so this view provides more control over how you see shared content and the other participants in a meeting, including the ability to see content and specific participants side-by-side.
Also new in this update are video filters, to tweak your lighting levels, for example, and soon, Teams will add live reactions, which let you share your sentiment with emojis without interrupting the meeting. Coming soon, too, are PowerPoint Live Presentations to Teams, chat bubbles so you don’t have to keep a separate chat view open, and speaker attribution and translation for live captions and transcripts. For chats in teams, Microsoft is introducing Gmail-like suggested replies.
But there is more. Teams will soon let you bring the whole company together, with meetings that can support up to 1,000 participants. And for presentations, Teams will support up to 20,000 participants.
And since Cortana still lives, she is also now coming to the Teams mobile app to help you make calls, join meetings and more.
Microsoft also today re-introduced its dedicated Team Displays which it first announced at CES.
Another new feature Microsoft CVP Jared Spataro stressed when I talked to him ahead of today’s announcement was the new Reflect messaging extension. “This allows you to have a manager check in on the wellbeing of your team,” he explained. “You can do that anonymously or publicly. We’ve already been doing some of that on my team — just trying to check in with people — and this gives you a more structured way to do that. I think it’ll be really well received based on what I’m talking about with customers because this well-being  component is becoming very important.”
Image Credits: Microsoft"
14,"{'id': 'techcrunch', 'name': 'TechCrunch'}",Brian Heater,Samsung will reveal the next Galaxy Note on August 5,"Samsung’s next big Unpacked event is scheduled for August 5. As is the trend these days, the unveiling will be online-only, following in the footsteps of big virtual events from the likes of. Microsoft and Apple. It’s Samsung’s first crack at the format. The …",http://techcrunch.com/2020/07/07/samsung-will-reveal-the-next-galaxy-note-on-august-5/,https://techcrunch.com/wp-content/uploads/2020/07/samsung-unpacked-2020.jpg?w=764,2020-07-07T23:01:36Z,"Samsungs next big Unpacked event is scheduled for August 5. As is the trend these days, the unveiling will be online-only, following in the footsteps of big virtual events from the likes of. Microsoft and Apple. Its Samsungs first crack at the format. The company just made it under the pre-COVID-19 shutdown wire back in February for the Galaxy S20 launch.
The headliner of next months event will no doubt be the next version of Samsungs popular phablet line. The Galaxy Note S20 has leaked online a fair bit already, because Samsung. The most notable occasion was the beginning of the month, when the companys Russia site briefly posted a copper colored version of the Note 20 Ultra. Fitting, the invite for the event features a copper S-Pen dripping into a big similarly-colored puddle. 
The premium version of the handset sports a folded zoom lens, much like the Galaxy S20 Ultra. Additional leaks appear to confirm some minor changes to the handsets design, including the swapping of some buttons and moving the S-Pen slot to the left of the charging port. Other details will almost certainly leak out between now and August 5, because thats just how these things go. There will likely be a slew of other devices on the docket for the event, as well. Samsung likes to pack a lot into Unpacked, after all. Accessories, audio products and wearables are all candidates. 
Notably, Samsung also announced that it will be holding its own virtual event in the early September timeframe. The company had initially planned to attend IFA, but ultimately and understandably thought better of it. The August 5 event, meanwhile, kicks off at 10AM ET/7 AM PT. It will be available via Samsung.com."
15,"{'id': 'techcrunch', 'name': 'TechCrunch'}",Manish Singh,India smartphone shipments slashed in half in Q2 2020,"Even the world’s second largest smartphone market isn’t immune to Covid-19. Smartphone shipments in India fell 48% in the second quarter compared with the same period a year ago, the most drastic drop one of the rare growing markets has seen in a decade, rese…",http://techcrunch.com/2020/07/17/india-smartphone-shipments-slashed-in-half-in-q2-2020/,https://techcrunch.com/wp-content/uploads/2020/07/GettyImages-691021212.jpg?w=600,2020-07-17T15:47:56Z,"Even the worlds second largest smartphone market isnt immune to Covid-19.
Smartphone shipments in India fell 48% in the second quarter compared with the same period a year ago, the most drastic drop one of the rare growing markets has seen in a decade, research firm Canalys reported Friday evening.
About 17.3 million smartphone units shipped in Q2 2020, down from 33 million in Q2 2019, and 33.5 million in Q1 2020, the research firm said.
You can blame coronavirus for it.
New Delhi ordered a nationwide lockdown in late March to contain the spread of the virus that saw all shops across the country — save for some of those that sell grocery items and pharmacies — temporarily cease operation. Even e-commerce giants such as Amazon and Flipkart were prohibited from selling smartphones and other items classified as non-essential by the government.
The protracted lockdown lasted until mid-May after which the Indian government deemed that other stores and e-commerce deliveries could resume their services in much of country. New Delhi’s stringent measure explains why India’s smartphone market dipped so heavily.
China, the world’s largest smartphone market, in comparison saw only an 18% drop in shipments in the quarter that ended in March — the period when the country was most impacted by the virus. In Q1, when India was largely not impacted by the virus, smartphone shipments grew by 4% in the country. (Globally, smartphone shipments shrank by 13% in Q1 — a figure that is projected to only slightly improve to a  12% decline this year.)
“It’s been a rocky road to recovery for the smartphone market in India,” said Madhumita Chaudhary, an analyst at Canalys. “While vendors witnessed a crest in sales as soon as markets opened, production facilities struggled with staffing shortages on top of new regulations around manufacturing, resulting in lower production output.”
Smartphone shipment estimates for the Indian market through Q1 2019 to Q1 2020 (Canalys)
Despite the lockdown, Xiaomi maintained its dominance in India. The Chinese smartphone vendor, which has been the top smartphone vendor in India since late 2018, shipped 5.3 million smartphone units in the quarter that ended in June this year and commanded 30.9% of the local market, Canalys estimated.
With 3.7 million units shipment and 21.3% market share in India, Vivo retained the second spot. Samsung, which once ruled the Indian smartphone market and has made major investments in the country in recent months, settled for the third spot with 16.8% share.
Nearly every smartphone vendor has launched new handsets in India in recent weeks as they look to recover from the downtime and several more new smartphone launches are planned in the next one month.
But for some of these players the virus is not the only obstacle.
Anti-China sentiment has been gaining mindshare in India in recent months ever since more than 20 Indian soldiers were killed in a military clash in the Himalayas in June. Boycott China and variations of it has been trending on Twitter in India as a number of people posted videos destroying Chinese-made smartphones, TVs and other products. Late last month, India also banned 59 apps and services developed by Chinese firms.
Xiaomi, Vivo, Oppo, which now assumes the fourth spot in India, and other Chinese smartphone vendors command nearly 80% of the smartphone market in India.
Canalys’ Chaudhary, however, believes that these smartphone firms will be able to largely avoid the backlash as “alternatives by Samsung, Nokia, or even Apple are hardly price-competitive.”
Apple, which commands only 1% of the Indian smartphone market, was the least impacted among the top 10 vendors as iPhone shipments fell just 20% year-on-year to over 250,000 in Q2 2020, Canalys said."
16,"{'id': 'techcrunch', 'name': 'TechCrunch'}",Joey Hinson,TechCrunch talks Virtual Events and Event Technology,"As you may have heard, we’re taking our entire events lineup fully virtual in 2020. This is of course in response to Covid-19. We’re working hard to make sure that, despite limitations, this year’s events will be some of the best we’ve ever produced. To make …",http://techcrunch.com/2020/07/16/techcrunch-talks-virtual-events-and-event-technology/,https://techcrunch.com/wp-content/uploads/2020/07/48844699672_f9cf52b345_k.jpg?w=600,2020-07-16T22:37:22Z,"As you may have heard, were taking our entire events lineup fully virtual in 2020. This is of course in response to Covid-19. Were working hard to make sure that, despite limitations, this years events will be some of the best weve ever produced. To make that happen, were partnering with virtual event masterminds like Bizzabo and Grip to bring our vision to life.
Now Im sure you have many questions on how it will all work. To answer your questions, well be hosting an Ask-Me-Anything series where we cover everything from what the attendee experience will look like, sponsorship opportunities, the technology stack that will be powering it all, and more. 
In this series, well interview the founders that built our event platforms as well as a few event experts that have had virtual event experience. Well ask them to share their POV on virtual events as well as how they will work for TechCrunch in the coming months.
7/24: Joey Hinson
Joey Hinson, the Director of Operations at TechCrunch will take you through the platform that we assembled for Disrupt, Mobility, and Space. In this AMA, youll have the chance to see the virtual venue, how virtual networking works, and what the end to end experience will look like at our upcoming events. If youre thinking about attending, sponsoring, or youre an event geek, this AMA is for you. 
Register now!
7/28: Bizzabo CMO Alon Alroy on the future of Virtual Events
Well interview Alon Alroy from Bizzabo, the registration platform behind TechCrunch events. We will discuss the future of virtual events and what Bizzabo has in store for the next chapter of event technology. Registered attendees will have the opportunity to ask questions via Slido. 
7/30: Grip CEO, Co-founder Tim Groot on Virtual Event networking
Tim Groot, the founder of virtual networking solution Grip will dig into how TechCrunchs virtual networking platform, Crunchmatch will be brought to life, what networking looks like when taken fully virtual, and how to integrate if youre a partner. Registered attendees will have the opportunity to ask questions via Slido."
17,"{'id': 'techcrunch', 'name': 'TechCrunch'}",Alex Wilhelm,"VCs are cutting checks remotely, but deal volume could be slowing","When COVID-19 began to shutter the United States economy, startups jumped into cost-cutting mode as expectations rose that venture capital was about to get a heck of a lot harder to raise. After all, prior downturns in the broader economy, and tech sector in …",http://techcrunch.com/2020/07/09/vcs-are-cutting-checks-remotely-but-deal-volume-could-be-slowing/,https://techcrunch.com/wp-content/uploads/2020/05/NSussman_Techcrunch_Exchange_v3_GRY.jpg?w=533,2020-07-09T14:46:26Z,"When COVID-19 began to shutter the United States economy, startups jumped into cost-cutting mode as expectations rose that venture capital was about to get a heck of a lot harder to raise. After all, prior downturns in the broader economy, and tech sector in particular, had taken a bite out of the ability for startups to attract new funds.
PitchBook research shows that, in the wake of the 2008 financial crisis, the amount of money venture capitalists invested fell, with early-stage deal and dollar volume enduring the largest cuts. Late-stage valuations during the same period came under steep pressure. The connection between a slipping economy and a rapidly deteriorating venture capital market, therefore, seems strong.
The Exchange explores startups, markets and money. You can read it every morning on Extra Crunch, and now you can receive it in your inbox. Sign up for The Exchange newsletter, which drops every Friday starting July 24.
The historically-grounded feeling from startups in Q2, as the stock market sold off and unemployment rose, was one of concern: VCs were about to cut their deal pace, and the number of dollars that they were willing to put into each deal would likely fall as well. Throw in the fact that investors would need to shake up their process and do deals remotely, was not confidence inspiring.
We don’t have full Q2 VC numbers yet, so it’s too soon to say that Q2 was worse, or better than expectations. But what we can say, thanks to a new survey from OMERS Ventures, is that VCs moved with reasonable speed to get over the technology and cultural hurdle of remote-dealmaking to keep the checks flowing. Indeed, according to OMERS Ventures’ research, 69% of the VCs it surveyed in June were willing to do fully-remote deals; for startups worried that the venture class was simply going to pack up its checkbook and take an extended vacation, it’s good news.
But the news isn’t all rosy — most VC firms from the 150 in North America and Europe that the venture group surveyed have yet to actually execute a remote deal. And, there’s some indication that overall deal volume could be slowing, perhaps due to “dwindling supply of companies formally going to market,” according to OMERS Ventures’ Damien Steel, a managing partner.
This morning let’s examine which VCs have been the most active, and the least, to find out which types of firms are still investing, and where investors are seeing more deal flow, and less.
Most VCs have decided that remote dealmaking is, at minimum, something that they need to become accustomed to. Only 4% of surveyed VCs said that they would not do remote deals, full-stop. Another 23% said that they were find with remote deals, albeit with some ability to meet entrepreneurs in person."
18,"{'id': 'techcrunch', 'name': 'TechCrunch'}",Brian Heater,"As pandemic drags on, interest in automation surges","Today, the U.S. exceeded three million COVID-19 cases and 132,000 deaths. In several states, new hotspots have rolled back plans to reopen businesses. The novel coronavirus has — and will continue — to profoundly impact the way we live and work. For the momen…",http://techcrunch.com/2020/07/09/as-pandemic-drags-on-interest-in-automation-surges/,https://techcrunch.com/wp-content/uploads/2020/07/GettyImages-1217653935.jpg?w=600,2020-07-09T15:30:12Z,"Today, the U.S. exceeded three million COVID-19 cases and 132,000 deaths. In several states, new hotspots have rolled back plans to reopen businesses. The novel coronavirus has and will continue to profoundly impact the way we live and work. 
For the moment, that includes a shift in the employment status of many Americans. More than 50 million people have filed for unemployment since mid-March. And while many states have made efforts to reopen businesses and return some sense of normality, these moves have led to a spike in cases and may prolong the pandemic and its ongoing economic impact. 
Technology has been a lifeline for many, from food delivery to the 3D printing I highlighted last week, which has worked to address a nation suffering from personal protective equipment shortages. Automation and robotics have also been a constant in conversations around techs battle against COVID-19. 
Robots dont get sick, tired or emotionally burnt out, and unlike us, they arent walking, talking disease vectors. Automation advocates like to point to the three Ds of dull, dirty and dangerous jobs that will eventually be replaced by a robotic workforce, but in the age of COVID-19, nearly any essential job qualifies. 
The robotic invasion has already begun in earnest. The service, delivery, health care and sanitation industries in particular have all opened a massive gap over the past several months that automation has been more than happy to roll right through. A recent report from The Brookings Institute notes that automation arrives in the workforce in fits and starts most notably, during times of economic downturn. 
“Robots infiltration of the workforce doesnt occur at a steady, gradual pace. Instead, automation happens in bursts, concentrated especially in bad times such as in the wake of economic shocks, when humans become relatively more expensive as firms revenues rapidly decline,” the study found. “At these moments, employers shed less-skilled workers and replace them with technology and higher-skilled workers, which increases labor productivity as a recession tapers off.”"
19,"{'id': 'techcrunch', 'name': 'TechCrunch'}",Ingrid Lunden,MariaDB raises $25M more to expand its SkySQL cloud database platform,"Cloud services continue to be a key component of how organisations remain operational even as so much else — such as physically working in enclosed offices — is forced to change because of the COVID-19 health pandemic. Today, MariaDB Corporation, the company …",http://techcrunch.com/2020/07/09/mariadb-raises-25m-more-to-expand-its-skysql-cloud-database-platform/,https://techcrunch.com/wp-content/uploads/2020/05/GettyImages-95769788.jpg?w=533,2020-07-09T13:06:38Z,"Cloud services continue to be a key component of how organisations remain operational even as so much else — such as physically working in enclosed offices — is forced to change because of the COVID-19 health pandemic. Today, MariaDB Corporation, the company behind MariaDB SkySQL and one of the startups leading the charge on open source cloud databases, is announcing $25 million in funding to continue its growth.
The money is coming in the form of an extension to the company’s Series C round, and it’s being led by SmartFin Capital, a Belgian VC, with participation also from previous investor GP Bullhound.
(Side note: extensions to existing rounds seem to have become more frequent in recent months. That’s in part because extensions can be faster to close than opening and closing completely new rounds; in part because they are typically smaller amounts; and in part because fundraising has become a lot more challenging and harder to do in recent months, with people travelling and meeting in person much less, and sometimes not at all.)
Notably, however, being an extension doesn’t mean the valuation is not changing. This latest infusion brings the total raised by MariaDB Corp. to over $125 million, “doubling our valuation,” CEO Michael Howard noted in a statement.
Howard didn’t reveal the exact figure of that valuation, but for some context, the company — founded in Helsinki, Finland and now co-headquartered in Redwood City, CA — was last valued at 300 million ($340 million at today’s rates) in 2017, in a $27 million round led by Alibaba. That would put today’s round at a 600 million ($680 million), a big leap for the the startup — and for open source — in the space of three years.
Part of the boost for MariaDB’s business is coming directly as a result of the demands we’re seeing in the enterprise sector today for database-as-a-service tools built on cloud and open source architecture, Howard noted.
Expanding MariaDB SkySQL cloud operations is our key focus,” Howard said in a statement. “There is an addressable and immediate market need with a growing number of companies who want to enable faster innovation and agility by adopting cloud technologies and shifting database management to DBaaS solutions.”
MariaDB says that DBS Bank, ServiceNow, Walgreens, Samsung and more than 75% of the Fortune 500 customers run MariaDB in both private and public clouds, speaking to the reach of the platform.
MariaDB Corp. is not disclosing its own growth numbers — we’re asking and will update as and when we learn more — but it’s likely they have been strong, judging by the valuation hike.
MariaDB continues to exceed our expectations, said Jürgen Ingels, founding partner, SmartFin Capital, in a statement. The companys innovation in cloud database technology will help support the rapid growth in IT modernization that businesses large and small are pursuing to keep up with the world around us. We feel MariaDB is well-positioned to take a large share of the growing cloud database market as companies continue to push forward into the cloud. We are proud to invest more in MariaDB to continue their exceptional growth.
Apart from the more immediate effects of the health pandemic, MariaDB Corp’s growth speaks to other trends in enterprise IT that have been in play for years.
Gartner estimates that 75% of all databases will have migrated to cloud architectures by 2022 either with all-in or hybrid deployments, “with only 5% ever considered for repatriation to on-premises.”
While MariaDB remains committed to open source — indeed there is a MariaDB Foundation that includes members like Microsoft, Booking.com, Tencent and Alibaba — MariaDB Corp has positioned itself as something of a consolidator in terms of building commercial services on top of the open source relational database. Its acquisitions have included Clustrix and MammothDB to expand its functionality, and this funding will be used to that end as well, particularly around scaling and improving the speed of SkySQL.
MariaDB has risen to be a household name in the IT industry, said Per Roman, co-founder and managing partner of GP Bullhound in a statement. We have been particularly interested in MariaDB’s focus on bringing its flexibility, security and stability to the cloud. Thats why were excited to invest in MariaDB, as we see enormous opportunities for its SkySQL product."
