,source,author,title,description,url,urlToImage,publishedAt,content
0,"{'id': 'the-verge', 'name': 'The Verge'}",Nicole Wetsman,Arresting people for coughing won’t keep communities safer,"People have been arrested for intentionally coughing in public and claiming to spread COVID-19. Criminalizing the transmission of a disease doesn’t effectively reduce the spread of disease, though, and could make it harder for public health officials to do th…",https://www.theverge.com/2020/4/7/21211992/coughing-coronavirus-arrest-hiv-public-health-safety-crime-spread,https://cdn.vox-cdn.com/thumbor/LVj2RCed52q8oYZTlhLl3U8Uu0o=/0x155:4894x2717/fit-in/1200x630/cdn.vox-cdn.com/uploads/chorus_asset/file/19881617/1209358366.jpg.jpg,2020-04-07T18:20:54Z,"Why calling someone a criminal for spreading the novel coronavirus is unlikely to slow the spread 
Photo by Matthew J. Lee/The Boston Globe via Getty Images
Over the weekend, a man in North Dakota was arrested for coughing at a local Walmart. The store, like all Walmart stores, was limiting the number of people allowed in at once. The man apparently wasnt happy to hear that, and intentionally coughed on store employees, the police chief said.
He joins agrowing listofpeople arrested in the US for intentionallycoughing in public in the past few weeks, as the accelerating outbreaks of the novel coronavirus in states around the country put people on edge, alert for the slightest sign that they could be exposed to the illness. COVID-19 is a respiratory virus and spreads through tiny droplets of saliva produced when a sick person coughs, sneezes, or breathes. 
Those people arent being arrested under coronavirus-specific laws, says Lindsay Wiley, director of the health law and policy program at American University Washington College of Law. Men in North Dakota and New Jersey, for example, were charged with terroristic threats, or threatening to cause physical harm or violence to someone. Prosecuting them for coronavirus-specific physical harmwould be much harder.
You would have to show person who did thecoughing was infectious, and was capable of transmitting the disease, Wiley says. Since testing is so limited now, its a hard case to make: the cougher would have to know they were infected for someone to prove they intentionally spread the virus. The coronavirus is also so widespread that if someone who had been coughed upon got sick, itd be hard to prove exactly where they got it from it could have been from anywhere.
Creating or jerry-rigging laws to punish people for specifically spreading COVID-19 is technically possible, and people may feel like those who dont take the virus seriously or who give it to others should be punished. But turning someone who passes on a disease into a criminal doesnt keep a community safer, Wiley says. 
Public health experts have seen that ineffectiveness play out with other viruses. There are alreadycriminal laws in dozens of states that punish people with HIV who engage in activities that may put others at risk of contracting the virus even activities that pose an extremely low risk of spreading HIV, like oral sex. Theres no evidence that criminalizing those types of activities is effective as a disease control strategy, Wiley says. The type of person who would actually, intentionally give someone else a disease isnt dissuaded by a criminal law, she says.
What it does is have a big effect on people who would never intentionally spread disease, because its a chilling effect on getting tested, she says. Its not going to help with those tiny number of people who would do that, and it might cause problems in efforts to reach people who are well-intentioned. People may be reluctant to get tested or tell people that theyre sick with a virus if theyre afraid of getting arrested, which can hinder public health efforts. Vulnerable or low-income people, who arent able to avoid the type of contact with others that could pass on the novel coronavirus because they work a service job, for example would be more likely to be affected by these laws. That would add another layer to existing inequities that are being made worse by the disease. 
In most states, legislators would have to create a new law specific to COVID-19 if they were considering treating it the same way some do HIV. Logically, creating coronavirus laws would be more difficult than HIV laws because this disease is much harder to trace than something thats sexually transmitted. 
I could see some city council member deciding [they]want to be seen as taking tough action here, Wiley says, despite the fact that theres evidence that these types of laws do more harm than good. I would hope that lawmakers wouldnt waste their time."
1,"{'id': 'the-verge', 'name': 'The Verge'}",Nicole Wetsman,How much will the novel coronavirus affect you?,"Older adults and people with chronic conditions like diabetes or hypertension are more likely to get severely ill from COVID-19. However, people who are young and healthy could pass the novel coronavirus to others, which is why social distancing is important.",https://www.theverge.com/2020/3/11/21173157/coronavirus-health-effects-age-covid-risk-diabetes-hypertension-disease-isolation,https://cdn.vox-cdn.com/thumbor/Dejt0-SIqorM1c4yAAFHott-sq0=/0x258:3600x2143/fit-in/1200x630/cdn.vox-cdn.com/uploads/chorus_asset/file/19785102/1211693318.jpg.jpg,2020-03-11T19:29:02Z,"If youre young and healthy, its more likely that youd spread the virus than get severely sick
Photo by Aaron Lavinsky / Star Tribune via Getty Images
Nearly everyone in the US will be affected in some way by the COVID-19 pandemic, the illness caused by the novel coronavirus by stress and anxiety, event closures, or the illness itself. Theres cause for concern: the disease can be deadly, and the outbreak in the US is likely to continue to get worse. 
Theres still a lot that scientists and doctors dont know about the new coronavirus and the illness it causes. With three months of data, though, it appears that around 80 percent of people who are infected have a mild or moderate illness, around 15 percent have severe disease (which requires hospitalization), and around 5 percent are critical (and go into respiratory or organ failure). Around 3 percent of people with confirmed cases of the infection in China died, according to the World Health Organization (WHO). 
Different groups of people, though, are more likely to fall into the severe or critical categories than others:
The elderly: People who are over the age of 60 are at a higher risk of developing a severe case of COVID-19, according to data collected by the WHO. The highest death rate is in people above the age of 80. Around 15 percent of people in that age group died from the disease in one set of Chinese patients. The Centers for Disease Control and Prevention (CDC) recommends that people who are older stay away from crowds and avoid nonessential travel.
Children: Children, on the other hand, dont appear to get as sick. Very few develop the disease in the first place, and if they do, only a small group develop severe or critical disease. No young children have died from the virus in China. 
Researchers are still trying to figure out why thats the case. It may be that childrens lungs are less susceptible to infection or that their immune systems are stronger. Children might carry the virus around, though, and pass it between each other and then to their parents and caregivers. Thats why kids should still wash their hands as much as adults. Its also one of the reasons why areas where the virus is spreading are closing down schools. 
People with chronic conditions: People who have underlying health conditions like high blood pressure, kidney disease, cancer, or diabetes are also more likely to get very sick or die from COVID-19. Around 9 percent of people with diabetes who contracted the virus died, for example, as did around 8 percent of people with high blood pressure. The CDC also recommends that people in this group avoid crowds, stick close to home, and stock up on medication for their condition if theyre able to. 
Everyone else: Most people who are young or healthy and who contract the virus dont get severely ill. But if you have the virus, even if you dont get that sick, you might come into contact with people who are more at risk and pass the virus to them. Thats why its so important to stay home if youre not feeling well. Minimizing the number of people each sick person infects is low-tech, but its the best way to slow the spread of a disease like COVID-19. Its the goal of policies like school closures and event cancellations and why people who might have been exposed to the illness are asked to isolate themselves. 
Not everyone can work from home, stop taking public transportation, or skip large gatherings, though. If you can do those things even though they may seem silly and even if there have not been many cases identified in your area you can help blunt the impact of the pandemic.
View all 173 stories"
2,"{'id': 'cnn', 'name': 'CNN'}",,Watch: Lawmaker who made Congress return to vote speaks,The House of Representatives approved a $2 trillion stimulus package to combat the Covid-19 pandemic.,https://www.cnn.com/videos/politics/2020/03/27/thomas-massie-coronavirus-stimulus-bill-vote-vpx.cnn,https://cdn.cnn.com/cnnnext/dam/assets/200327143205-01b-pelosi-bill-signing-0327-super-tease.jpg,2020-03-27T19:19:22Z,Chat with us in Facebook Messenger. Find out what's happening in the world as it unfolds.
3,"{'id': 'the-verge', 'name': 'The Verge'}",Chris Welch,"AT&T tells its gigantic workforce, including WarnerMedia, to work from home","AT&T is the latest large US company to instruct employees to work from home in an effort to slow down the spread of the novel coronavirus and COVID-19. The guidance includes staff at WarnerMedia and CNN, though many roles won’t be able to avoid office work.",https://www.theverge.com/2020/3/13/21178991/att-warnermedia-cnn-staff-work-from-home-coronaviru,https://cdn.vox-cdn.com/thumbor/IzojXk4f9MzzwbyRZinGMcHL7Pg=/0x146:2040x1214/fit-in/1200x630/cdn.vox-cdn.com/uploads/chorus_asset/file/10690893/acastro_180322_1777_0001.jpg,2020-03-13T20:05:07Z,"Retail employees, installers, and CNNs TV staff are still expected to show up
Illustration by Alex Castro / The Verge
AT&amp;T is the latest enormous company to instruct its employees to start working from home if they havent already. The work-from-home edict does not apply to AT&amp;Ts retail employees, equipment installers, and CNNs TV talent and production staff, according to CNN. But AT&amp;Ts massive corporate workforce (including those at WarnerMedia) are being asked to work from home for the time being as long as their role allows for it. 
We are committed to helping limit the spread of the virus and risk of exposure, WarnerMedia CEO John Stankey said in an internal memo. We can help minimize stress on the resources and infrastructures around us by doing our part to reduce population density in our commutes and daily activities, in efforts to help reduce spread of the virus. AT&amp;T has over 245,000 employees, according to CNN. 
It now joins other large companies in shifting to at-home work as health officials and cities encourage social distancing in an effort to slow the spread of the novel coronavirus and COVID-19. In support of our colleagues who need to continue working in our offices, we need to help reduce population density and risk of exposure in those locations by minimizing the on-site staff, Stankey said. 
CNN boss Jeff Zucker said its unclear how long this guidance will remain in effect in a memo to employees, but said everyone should assume that it may be long term. We encourage you to use today to make sure you are completely prepared for remote working, Zucker said.
Theres no avoiding office work for many roles at CNN, however, just as AT&amp;Ts wireless employees will still need to keep the companys stores operating smoothly. CEO Randall Stephenson said AT&amp;T is taking precautions to help workers stay safe in the days and weeks ahead if they do need to leave home. 
I realize that many of you are directly serving and interacting with our customers and that work cant be done from home, AT&amp;T CEO Randall Stephenson said in a message that went out to employees. What you do is vital to a highly connected society like ours. And it is even more critical in times like these. So, we will be taking additional safeguards and implementing new procedures and policies to help protect you from the virus.
AT&amp;T has suspended its arbitrary broadband caps (for customers subject to them) in response to the coronavirus pandemic and has also signed onto the FCCs Keep Americans Connected Pledge, vowing not to disconnect subscribers or hit them with late fees as everyone makes the necessary life changes to do their part in combating the virus."
4,"{'id': 'the-verge', 'name': 'The Verge'}",Dieter Bohn,Verily’s coronavirus screening website launches with very limited access,"Google’s sister company Verily has launched a screening website for people who want to get tested for COVID-19. However, as we have reported, Verily’s website is very limited in scope: it’s only available to people in the Bay Area of California and it more of…",https://www.theverge.com/2020/3/16/21181214/verily-coronavirus-screening-pilot-website-launches-limited-access,https://cdn.vox-cdn.com/thumbor/rGEp6_dY-OdVifLCnhB3CMbSN5M=/0x399:5568x3314/fit-in/1200x630/cdn.vox-cdn.com/uploads/chorus_asset/file/19808847/1207242626.jpg.jpg,2020-03-16T04:50:25Z,"Its not a public health utility, its a pilot program
Photo by JIM WATSON/AFP via Getty Images
Googles sister company Verily has launched a screening website for people who want to get tested for COVID-19. However, Verilys website is very limited in scope: its only available to people in the Bay Area of California and its more of a pilot program than a public health utility.
In fact, its even more limited than that: in order to qualify you must be 18 years of age or older, be able to speak English, and be a US resident. It very much looks like the program a Verily spokesperson described to us on the phone on Friday and not the expansive triage system that the Trump administration promised.
The new coronavirus is spreading through the US, and several states have made emergency declarations. The World Health Organization has declared it a pandemic. Here are the basics: 
The initial question on Verilys site asks Are you currently experiencing severe cough, shortness of breath, fever, or other concerning symptoms? If you answer yes, you are told that the program is not the right fit and to seek medical attention. Reached for comment on this issue, a Verily spokesperson said that:
This screener was developed in partnership with government health officials. The initial question is meant to ensure that anyone who is seriously ill does not come to our sites because they are not prepared to provide medical attention. We are early in this pilot and are going to be learning more that will help us refine this COVID-9 risk screening and testing.
If you answer no, youre asked to sign in with a Google account and sign an Informed Consent authorization form. It details that your data may be shared with public health officials. 
After that, you are led through a series of screener questions about your symptoms:
The actual screener asks questions about travel and work responsibilities. And it re-asks questions specifically about each symptom. Theres a few more additional questions but it took about 3 mins to read and respond. pic.twitter.com/t0M8GzIP4l
 Ryan Mac (@RMac18) March 16, 2020
In a blog post on Sunday, Verily said that it was working closely with the state of California on the pilot program. It did not make any promises about expanding the program beyond the state of California:
Ultimately, our goal is to help local authorities expand testing access in California as the need continues to increase. The program is in its early stages, and we will take the time to assess operations at pilot sites in the Bay Area before rolling out to additional sites. We are working closely with Governor Newsoms office, federal authorities and local public health authorities to ensure we have the right capabilities in place to help more people over the coming weeks.
Verilys site is located at Project Baseline, which to date has only been used to connect people up with potential clinical trials. That infrastructure for collecting and protecting health data was one of the reasons that Verilys screening site was put on Project Baseline. The site also claims that any information you provide wont be shared with your insurance company or connected to your Google account though a Google account is necessary to use the site. 
A screenshot from Verilys new site
The website launched after a weekend of confused and inaccurate statements from the White House about a website it claimed Google is building. Google had not expected to be mentioned in Fridays press conference, according to Wired. And so it initially had not planned to build such a site, Axios reported, but began to scramble after Trumps statements. Over the course of the weekend, Google itself did not correct the record but instead issued a series of tweets pointing to Verilys sites and to its own efforts to provide information on the coronavirus. 
Earlier on Sunday, President Trump held up a printout of those tweets from the Google Comms account and claimed that they substantiated his original statements on Friday. Googles tweets did not, but they also carefully avoided directly contradicting the president. Google itself has not announced a screening website for COVID-19. 
Google has instead said it will launch an informational website, according to this post from CEO Sundar Pichai:
This includes best practices on prevention, links to authoritative information from the World Health Organization (WHO) and the Centers for Disease Control (CDC), and helpful tips and tools from Google for individuals, teachers and businesses. Well be rolling out an initial version of the website late Monday, March 16, and well continue to enhance and update it with more resources on an ongoing basis.
That more comprehensive site may yet come, as Vice President Mike Pence again promised in Sundays press conference that such a site could be made, and he made a point to say that the administration was also working with other tech companies. It is not clear what that work looks like, or if those tech companies were approached before the scramble over the weekend.
Whats clear right now is that Verilys website as it currently exists is a pilot program limited in scope and availability. Whats even clearer is that the administration has not yet provided full details to US citizens on when and how they will be able to gain access to a coronavirus test, though it is clearly rushing to find a way to do so."
5,"{'id': 'the-verge', 'name': 'The Verge'}",Jay Peters,Google will add Zoom-like gallery view to Meet and will let Meet users take calls from Gmail,"Google plans to add a Zoom-like gallery view to its business- and education-focused Meet videoconferencing service and let users take calls right from Gmail. The additions come amid huge growth for Meet as families, students, and workers use the service while…",https://www.theverge.com/2020/4/16/21223778/google-meet-gallery-view-calls-gmail-javier-soltero,https://cdn.vox-cdn.com/thumbor/BLAD8BQU4bvCfUrKfizzP7q4zCE=/0x146:2040x1214/fit-in/1200x630/cdn.vox-cdn.com/uploads/chorus_asset/file/10802091/acastro_180508_1777_google_IO_0003.jpg,2020-04-16T18:19:22Z,"Youll be able to see 16 participants on one screen in the gallery view
Illustration by Alex Castro / The Verge
Google plans to add a Zoom-like gallery view to its business- and education-focused Meet videoconferencing service and let users take calls right from Gmail, Googles GM and VP of G Suite Javier Soltero told Reuters in an interview. The additions come amid huge growth for Meet as families, students, and workers use the service while at home due to the COVID-19 pandemic.
The upcoming gallery view will let users display up to 16 meeting participants in one frame, according to Reuters. That functionality is coming later this month, said Soltero. Zooms gallery view, by contrast, lets you see the thumbnails of up to 49 people in one screen, if you have a powerful enough CPU to display them all.
Meets new integration with Gmail sounds similar to starting a video call with Hangouts
Meets new integration with Gmail sounds as if it will let Meet users start or answer a call right from their Gmail window, similar to how you can start or answer calls using Hangouts, Googles consumer-focused chat and videoconferencing app, in Gmail. The feature will begin rolling out for G Suite customers today on the web and to mobile at a later date, Google tells The Verge. 
With more and more people working and learning from home, we want to make it easier for you to connect and keep things moving forward, Google said in a statement to The Verge. With Meet in Gmail, you can easily start or join a meeting in seconds. Our goal is to help you follow the flow of the day, seamlessly switching between email and video meetings whichever form of communication you need.
Google is also adding the ability for Meet to improve video quality when you have dim lighting conditions and to filter out background noise while youre on a call, according to Reuters. Those features will also be added later this month, Reuters reports.
Google said last week that Meet was adding more than 2 million users per day. Meet has added more daily users than any other Google service since January, according to Reuters. A recent peak in Meet growth added 60 percent more users than the day before, Soltero told Reuters.
Last Thursday, Google extended free access to some advanced Meet features until September 30th previously, that free access was scheduled to end on July 1st.
View all 379 stories"
6,"{'id': 'the-verge', 'name': 'The Verge'}",Thomas Ricker,"Bill Gates is now the leading target for coronavirus conspiracies, says report","Conspiracy theories linking Bill Gates with the coronavirus were mentioned 1.2 million times on TV and social media from February to April, 33 percent more often than the 2nd most popular conspiracy theory linking 5G with COVID-19, according to Zignal Labs, p…",https://www.theverge.com/2020/4/17/21224728/bill-gates-coronavirus-lies-5g-covid-19,https://cdn.vox-cdn.com/thumbor/28Azc8LK6j2EgGK5Qz5huuVtaN4=/0x118:6000x3259/fit-in/1200x630/cdn.vox-cdn.com/uploads/chorus_asset/file/19908046/1185999102.jpg.jpg,2020-04-17T09:28:09Z,"Lies about Gates outpace 5G and COVID-19 conspiracies
Bill Gates in 2019 when things were simpler.
Photo by Mike Cohen/Getty Images for The New York Times
Bill Gates is now the favorite target for coronavirus misinformation according to data compiled by the New York Times and Zignal Labs, a company that analyzes media sources. Conspiracy theories conflating Gates with the virus were mentioned 1.2 million times on TV and social media from February to April, 33 percent more often than the 2nd most popular conspiracy theory linking 5G with COVID-19, according to Zignal Labs, peaking at 18,000 mentions a day in April.
Hoaxes directed at the Microsoft co-founder turned philanthropist, are all over YouTube, Facebook, and Twitter. The New York Times found 16,000 posts on Facebook this year that were liked and commented on nearly 900,000 times. The 10 most popular Youtube videos spreading misinformation about Gates and the virus were viewed almost five millions times in March and April. The falsehoods being spread vary, but range from him creating COVID-19 in order to profit from a vaccine, or of Gates being a member of a plot to cull humanity or implementing a global surveillance system.
A Bill Gates speech from 2015, where he warns that the greatest threat to humanity is infectious disease, not nuclear war, has received 25 million new views in recent weeks. According to the New York Times, anti-vaxxers, right-wing pundits, and members of the conspiracy group QAnon claim the video is evidence of Gates dastardly plan to use a pandemic for his personal gain.
Gates has long been an outspoken critic of President Trump
Gates has longbeen an outspoken critic of President Trump. On Wednesday, he said Trumps decision to defund WHO was as dangerous as it sounds, although he didnt call out the president by name. Gates also criticized the administration in a recent op-ed, saying Theres no question the United States missed the opportunity to get ahead of the novel coronavirus.
Although Gates refused to comment on his new-found notoriety, Mark Suzman, chief executive of the Bill &amp; Melinda Gates Foundation, told the NYT that it was distressing that there are people spreading misinformation when we should all be looking for ways to collaborate and save lives."
7,"{'id': 'the-verge', 'name': 'The Verge'}",Jay Peters,Verizon CEO says 5G virus conspiracy theories are nonsense,"Verizon CEO Hans Vestberg said in an interview that conspiracy theories linking the rollout of 5G to the spread of COVID-19 are not correct. Despite no scientific evidence establishing a link between 5G and coronavirus, conspiracy theories connecting the two …",https://www.theverge.com/2020/4/16/21224097/verizon-ceo-hans-vestberg-5g-conspiracy-theories-evidence,https://cdn.vox-cdn.com/thumbor/Bi0CYQMqI4mJeeszOcHCaWa36ag=/0x146:2040x1214/fit-in/1200x630/cdn.vox-cdn.com/uploads/chorus_asset/file/19590127/acastro_200109_1777_verizon_0001.0.jpg,2020-04-16T20:53:22Z,"Theres no correlation at all between 5G and coronavirus
Illustration by Alex Castro / The Verge
Verizon CEO Hans Vestberg said that conspiracy theories linking the rollout of 5G to the spread of COVID-19 are false in an interview with CNBC today.
Theres no correlation at all between 5G and coronavirus, Vestberg said. Its just fake news. He said Verizon planned to combat the conspiracy theories with our communication, and the industrys communication, and with health organizations communication.
Theres no correlation at all between 5G and coronavirus.
Vestberg was referring to communications already issued by health organizations and information combating conspiracies about wireless devices and health that can be found at www.wirelesshealthfacts.com, a Verizon spokesperson tells The Verge. That site states that radiofrequency energy from wireless devices and networks, including radiofrequencies used by 5G, has not been shown to cause health problems, according to the international scientific community, and points to resources and quotes from wireless communications bodies and health organizations supporting that assertion. 
The site also links to a WHO website that spells out how COVID-19 is spread through respiratory droplets and that viruses cannot travel via radio waves or mobile networks.
Despite no scientific evidence establishing a link between 5G and coronavirus, conspiracy theories connecting the two have spread across social media, leading to 5G towers in the UK being set on fire and people harassing workers laying fiber optic cables. My colleague Tom Warren has put together an explainer about why these conspiracy theories dont make sense.
View all 380 stories"
8,"{'id': 'cnn', 'name': 'CNN'}",,J.Lo and Diddy reunite for dance online,Jennifer Lopez and Diddy reunited for a joint Instagram live dance during the Covid-19 pandemic.,https://www.cnn.com/videos/entertainment/2020/04/13/jennifer-lopez-diddy-instagram-live-dance-mxp-vpx.hln,https://cdn.cnn.com/cnnnext/dam/assets/200413095853-jlo-and-diddy-super-tease.jpg,2020-04-13T14:04:39Z,Chat with us in Facebook Messenger. Find out what's happening in the world as it unfolds.
9,"{'id': 'business-insider', 'name': 'Business Insider'}","feedback@businessinsider.com (Daniel Alpert), Daniel Alpert",The stock market's coronavirus-driven drop could be the start of a real sell-off,"Spencer Platt/Getty Images The stock market's sell-off was triggered by the coronavirus concerns, but the ingredients for a drop were already there. There's good reason to believe that the market is not going to bounce back anytime soon, even if the coronavir…",https://www.businessinsider.com/stock-market-sell-off-drop-coronavirus-valuations-start-2020-2,https://i.insider.com/5b87114280eb351e008b583f?width=1200&format=jpeg,2020-03-01T13:23:00Z,"Business Insider
All substantial market corrections or bear downturns begin with some form of catalyst. Just forest fires have their proximate cause in the carelessness or maliciousness of human behavior, or lightning strike, on dried woodlands – so too must the destruction of tenuous market values always have a point of ignition.
So it was with commercial real estate defaults in the late 1990s, with Japan entering recession at the peak of the dot-com bubble in 2000, and with residential mortgage delinquencies in 2008. So it has been with the global concern over the novel coronavirus designated COVID-19. Something, even an event wholly unrelated to the market bubble, is always the immediate trigger of a meltdown.
And, as I wrote in this space one month ago, well before the ongoing viral crisis took hold of investors' – much less the world's – attention. The equity markets (particularly those in the US) were just waiting for someone or something to strike a match.
This is not to minimize the magnitude of the viral threat. It is real and – moreover – is the cause of material supply chain, transportation, tourism and trade disruption that will have a substantial impact on economic activity over the next several months. There is even the possibility of its impacts lasting through the point at which a corresponding anti-viral vaccine can be synthesized, manufactured and distributed in large quantities. And I am washing my hands frequently. But, as with all modern pandemics, COVID-19 will eventually be tamed. 
Daniel Alpert
But is it reasonable to believe that equities will recover their inflated value? This is a less certain proposition. (Although the market closed well off its lows on Friday.)
On the one hand, this sell-off has exceeded the magnitude – in percentage terms – of market disruptions observed during the SARS epidemic of 2003 and the Ebola crisis of 2014 (albeit with some delay from the first expressions of US-related fears over coronavirus). But is this an expression of the degree of the present biological predicament, or is it the measure of the magnitude of the bubble that preceded it?
After all, in both 2003 and 2014 equity markets were a mere 30 months and 4.8 years, respectively, from their prior pre-recession highs, and 42% below and 23% above those prior highs, respectively.
The present crisis began with the S&amp;P 500 nearly 13.5 years from, and a whopping 109% above, its last pre-recessionary high. 
When news of COVID-19 hit the tape about a month ago, equity markets were about to hit further all-time highs in a rally that was unbelievably long in the tooth – supported (or not) by some of the most off-the-charts valuation multiples since 1929, 2000 and 2008. It stands to reason that the bigger they are (market valuations), the harder they fall – right?
As I pointed out last month, however, there is another enormous difference afoot: While interest rates have been falling for nearly 40 years, we are now in uncharted territory throughout the advanced world. That bonds do not offer returns that move anyone's longer-term investment needle (other than traders who, if long, have benefited enormously), has produced an environment that can only be deemed investment desperation for those seeking to have their money produce for them.
Daniel Alpert
10-year and shorter interest rates on US Treasuries are now well into negative real (inflation-adjusted) return territory. And while inflation is likely to fall as well, given pre-existing sluggish economic conditions made significantly worse by the pandemic, the US is clearly in the process of joining the majority of advanced nations in depriving savers and investors of positive risk-free returns when lending to their governments. 
This leads to the conundrum voiced to me so often by frustrated investors: ""what else are you going to do with your money?"" Until very recently, for many, the answer appeared to be to wager it on additional valuation expansion in equities. I say valuation expansion because we clearly have not been seeing either rapid economic, nor any broad earnings, growth for over a year that could have justified prices paid for stocks.
The question then becomes, will the even lower rates that this latest crisis has delivered (to say nothing of Fed action to lower the policy rate in order to stabilize equity markets – which will do nothing more than that for the economy at large), (a) reignite and increase the level of desperation that drove money into the equity markets, or (b) be seen by investors as a clear expression of actual, and anticipated further, economic weakness and stifle traffic to the casino that equity markets have increasingly become.
It is difficult for me to expect a complete return to the status quo ante – even as the COVID-19 crisis dissipates. The equity markets were sicker than the virus that knocked them back on their heels. The market's recovery will be far slower than that of patients infected with the disease.
Dan Alpert is an adjunct professor at Cornell Law School, a senior fellow in macroeconomics and finance at the school's Jack C. Clarke Business Law Institute, and a founding managing partner of the New York investment bank Westwood Capital LLC. He has been active in investment banking and finance since 1982."
10,"{'id': 'cnn', 'name': 'CNN'}","By <a href=""/profiles/jessie-yeung"">Jessie Yeung</a>, CNN","More than 1,000 police officers will enforce social distancing in New York this weekend","The global coronavirus pandemic has brought countries to a standstill. Here's the latest updates on worldwide Covid-19 cases, deaths, government responses, and more.",https://www.cnn.com/world/live-news/coronavirus-pandemic-05-02-20-intl/index.html,https://cdn.cnn.com/cnnnext/dam/assets/200417125229-01-coronavirus-cdc-image-super-tease.jpg,2020-05-02T01:51:46Z,"Matt Hancock, the UK's Health Secretary, proudly announced on Friday that the country had hit an ambitious coronavirus testing target that it set at the beginning of the month. 
On April 2, after weeks of criticism that the UK was lagging behind its European counterparts like Germany on testing, Hancock said he was ""setting the goal of 100,000 tests per day, by the end of this month. That is the goal and I am determined that we will get there.""
On Friday, Hancock said from that same podium that the UK had beaten the goal by more than 22,000.
Striking an upbeat tone, Hancock said: ""I knew it was an audacious goal, but we needed an audacious goal."" 
Ambiguous numbers: Critics might point out that the goal wasn't the only thing to come out of Hancock's mouth that could be called audacious. In the numbers counted, thousands of tests have been sent out to the public, but not necessarily returned. 
Jonathon Ashworth, the opposition Labour party's shadow health secretary, has already issued a statement, accusing the government of fiddling the numbers. ""Increasing testing is an important milestone. But many would have expected the 100,000 promise to have been met by actually carrying out testing, not simply because 39,000 kits had been mailed out,"" he said.
The issue of testing didn't need to become so political. 
When the UK gave in to pressure to reverse its March 12 decisions to abandon mass community testing on April 2, it didn't need to set itself a specific target or a specific deadline. Indeed, it seems very unlikely that any scientific or medical advice would have produced a round number like 100,000 or a neat date such as the end of a month. These promises were based on political choices made by the government and it is entirely reasonable that critics expected the target to be met.
It is, however, also reasonable for critics to point out that the date and the number of tests carried out is entirely arbitrary and what really matters is a coherent purpose for those tests being carried out such as rolling out a contact tracing program. 
So, while the UK government can be proud of its extraordinary expansion of testing in such a short period of time and no one can deny that more testing is a positive thing it's reasonable that critics would find any backslapping for simply keeping its own promise somewhat unedifying."
11,"{'id': 'cnn', 'name': 'CNN'}",,Man at early Covid-19 epicenter near NYC tells his story,Lawrence Garbuz has spent the last two months recovering from Covid-19.  Health officials think he may have been one of the earliest cases in New York City.,https://www.cnn.com/videos/us/2020/05/11/coronavirus-new-york-first-patient-new-rochelle-orig-dp.cnn,https://cdn.cnn.com/cnnnext/dam/assets/200511161302-nyc-first-patient-super-tease.jpg,2020-05-11T20:17:52Z,Chat with us in Facebook Messenger. Find out what's happening in the world as it unfolds.
12,"{'id': 'cnn', 'name': 'CNN'}",,DJ Jazzy Jeff describes his experience with coronavirus,"Grammy-winner DJ Jazzy Jeff says he's suffering from COVID-19, and that he believes he contracted the virus while in Idaho.",https://www.cnn.com/videos/entertainment/2020/04/26/dj-jazzy-jeff-coronavirus-experience-elam-pkg-vpx.cnn,https://cdn.cnn.com/cnnnext/dam/assets/200426165309-dj-jazzy-jeff-super-tease.jpg,2020-04-26T20:56:34Z,Chat with us in Facebook Messenger. Find out what's happening in the world as it unfolds.
13,"{'id': 'cnn', 'name': 'CNN'}",,Images emerge from Russian hospital,Startling images from a hospital in the south of Russia show how Covid-19 is overstretching its health service. CNN's Matthew Chance reports.,https://www.cnn.com/videos/world/2020/04/30/russia-coronavirus-covid-19-pandemic-health-service-hospital-vladimir-putin-chance-pkg-intl-ldn-vpx.cnn,https://cdn.cnn.com/cnnnext/dam/assets/200430070826-russia-coronavirus-covid-19-pandemic-health-service-hospital-vladimir-putin-chance-pkg-intl-ldn-vpx-00022422-super-tease.jpg,2020-04-30T11:19:13Z,Chat with us in Facebook Messenger. Find out what's happening in the world as it unfolds.
14,"{'id': 'cnn', 'name': 'CNN'}",,Tapper to Azar: This is nothing to celebrate,CNN's Jake Tapper presses Health and Human Services Secretary Alex Azar about the high death toll in the US from Covid-19.,https://www.cnn.com/videos/politics/2020/05/17/alex-azar-coronavirus-pandemic-death-toll-tapper-sot-sotu-vpx.cnn,https://cdn.cnn.com/cnnnext/dam/assets/200517100021-tapper-alex-azar-05172020-super-tease.jpg,2020-05-17T14:14:29Z,Chat with us in Facebook Messenger. Find out what's happening in the world as it unfolds.
15,"{'id': 'cnn', 'name': 'CNN'}","Oscar Holland, CNN",Ai Weiwei has turned his most iconic artworks into charity face masks,"Ai Weiwei has produced a series of face masks printed with his most iconic artworks to help counter the ""humanitarian crisis"" arising from Covid-19.",https://www.cnn.com/style/article/ai-weiwei-charity-masks/index.html,https://cdn.cnn.com/cnnnext/dam/assets/200528145627-02-ai-weiwei-mask-super-tease.jpg,2020-05-28T07:51:26Z,"arts
Ai Weiwei has produced a series of face masks printed with his most iconic artworks to help counter the ""humanitarian crisis"" arising from Covid-19.
The Chinese artist, who is currently in lockdown in the UK, is hoping to raise at least $1 million for international charities that are helping vulnerable and displaced people impacted by the pandemic.
Three designs are being made available at $50 each, including works titled ""Mask with Middle Finger"" and ""Sunflower Seeds,"" a reference to the installation that saw Ai fill London's Tate Modern with over 100 million porcelain seeds. 
Many of the other designs, which can only be bought in larger sets of four or 20, allude to state control and freedom of expression, issues the dissident artist has long addressed in his work. Among them are images of handcuffs, a surveillance camera and a crab, a reference to a Chinese slang term for censorship.
Produced in collaboration with Guggenheim Museum curator Alexandra Munroe -- and printed by hand at Ai's studio in Berlin -- the items are available starting Thursday for the next month via eBay. 
The cloth masks are not for medical use, nor are they even meant to be worn. Instead, the artworks are intended to raise money for vulnerable groups, including the migrants and refugees whose plight has featured heavily in Ai's art and activism in recent years. 
All proceeds will go to the Covid-19 responses organized by Human Rights Watch, Refugees International and Médecins Sans Frontières.
For Ai, the threat to vulnerable people's livelihoods ""requires each individual to act, both alone and collectively.""
""Our small individual acts become powerful when they are part of the social response,"" he said in a media statement. ""An individual wearing a mask makes a gesture; a society wearing masks combats a deadly virus. And a society that wears masks because of the choices of individuals, rather than because of the directive of authorities, can defy and withstand any force.
""No will is too small, and no act is too helpless,"" he added.
In a press release, Human Rights Watch's executive director Kenneth Roth described the project as ""a powerful example of art and activism coming together for good,"" while Refugees International president Eric Schwartz called it a ""noble initiative"" that ""sounds the alarm"" on the threat the pandemic poses to displaced people. UNHCR, the UN Refugee Agency, warned on Tuesday that urban refugees in Africa are among those struggling to meet basic needs due to the economic impact of Covid-19 and subsequent lockdowns.
Ai has also been outspoken about the pandemic's political implications -- especially in China, where he was frequently subjected to police harassment and detention before entering self-exile in Germany in 2015. 
He has since moved to Cambridge, UK. In an interview with CNN Style last month, he expressed concern that the country's government is using its response to the virus to strengthen what he calls its ""police state.""
""For China, everything is for political use,"" Ai said, adding: ""It doesn't matter what kind of disaster they're facing. The only thing they learn is how well they use this authoritarian power to manipulate the story.""
The artist also revealed that he is producing a documentary about the pandemic, and has been working remotely with film crews in Wuhan, where the outbreak first emerged.
Ai is not the only artist to turn his hand to mask-making in recent weeks. Takashi Murakami, who is known for his work with the likes of Pharrell Williams and Kanye West, has just released a series of face coverings featuring his signature flower motif, among other designs.
In the UK, a group of four renowned artists -- David Shrigley, Yinka Shonibare, Eddie Peake and Linder Sterling -- last week unveiled a series of limited edition masks. Money raised by their designs will go to the Contemporary Art Society's Rapid Response Fund, which offers financial support to artists and museums affected by coronavirus lockdowns.
Top image caption: The woodcut print ""Mask with Middle Finger"" is a symbol of affirmation and self-empowerment in the artist's work."
16,"{'id': 'cnn', 'name': 'CNN'}","Scottie Andrew, CNN",This is the coronavirus' staggering toll in the US,How do you calculate the cost of an American tragedy? These numbers show just how drastically the Covid-19 pandemic has blown up life in the US.,https://www.cnn.com/2020/05/27/us/us-coronavirus-toll-in-numbers-trnd/index.html,https://cdn.cnn.com/cnnnext/dam/assets/200527111957-coronavirus-toll-numbers-v02-super-tease.jpg,2020-05-27T22:43:03Z,"(CNN)How do you calculate the cost of an American tragedy?
It's difficult to comprehend just how drastically the Covid-19 pandemic has disrupted life in the US when its effects are so wide-reaching. Unemployment has soared to levels not seen in decades. The virus is ravaging African American and Latino communities. And daily life as we knew it is on indefinite pause. 
The following figures make those consequences clearer. Here, in dollars, percentages and -- most tragically -- lives, is the devastating toll the pandemic has taken on the US. 
The virus has killed more than 100,000 Americans
Coronavirus has now killed at least 100,000 people in the US since the first death was reported in February, according to Johns Hopkins University's case count. That's an average of nearly 900 deaths per day. 
Nearly 80% of all deaths occur in people over 65
Older adults are exceedingly vulnerable to severe infection from coronavirus. And according to CDC data, that risk increases with age. 
About 59% of all coronavirus deaths occur in people 75 and older, according to the CDC, which relies on less complete data than the Johns Hopkins University count. 
21% occur in people between 65 and 74, and roughly 18% occur in people ages 45 to 64. Just 3% of deaths occur in 18- to 44-year-olds. 
The US leads the world in cases and deaths 
The US death rate is 2.6 times higher than the second leading country, the United Kingdom. The UK has reported 36,875 deaths so far, according to Johns Hopkins University's global case count.
Both the US and the UK have heard mixed messages from leadership. President Donald Trump has repeatedly downplayed the virus and ceded decisions about closing and reopening to the states. 
In the UK, Prime Minister Boris Johnson's new message of ""Stay Alert, Control the Virus, Save Lives"" has confused leaders of the three other nations in the UK, who aren't sure whether the guidance applies to them or just Britain. 
Nearly as many Americans have died of Covid-19 as in the wars in Vietnam, Korea, Iraq and Afghanistan combined
More than 58,000 Americans died in Vietnam. The US coronavirus death rate is 1.7 times higher. 
Almost 37,000 Americans died in Korea. The US coronavirus death rate is nearly 3 times higher. 
4,431 Americans died in Iraq. The US coronavirus death rate is 22 times higher. 
2,445 Americans died in Afghanistan. The US coronavirus death rate is nearly 40 times higher. 
And by June more Americans will have likely died of coronavirus than in all four of those conflicts combined. 
Nursing homes account for 42% of deaths in most of the US
More than 35,100 nursing home deaths have been reported in 37 states, out of 174,381 cases in 42 states, according to data from the Kaiser Family Foundation. 
Not all states are reporting infections and deaths in nursing homes and long-term care facilities, so these numbers may be higher on a national scale. 
With their highly vulnerable residents, frequent visitors and relatively close quarters, nursing homes are hotbeds for infection. The first significant coronavirus outbreak in the US occurred at a facility in Washington state, where at least 35 people died and dozens more residents and staff were infected.
Black Americans are more than twice as likely as whites to die from the virus
Black Americans represent 13% of the population in the 40 states plus DC that have released mortality data, but they account for 25% of deaths, according to an analysis from the American Public Media (APM) Research Lab. 
At least 20,195 black Americans have died from coronavirus as of May 19, APM reported. That's roughly equivalent to 1 in 2,000 black Americans dying. 
""If they had died of Covid-19 at the same rate as white Americans, about 12,000 black Americans, 1,300 Latino Americans and 300 Asian Americans would still be alive,"" the lab said.
By comparison, white Americans, who make up 61.7% of the states that have released race mortality data, account for 49.3% of all deaths in those states. In all, white people represent 21 in 100,00 deaths. 
The Navajo Nation has the nation's highest per-capita infection rate
Data on Covid-19's impact on indigenous people is incomplete, but the numbers that do exist are bleak. 
The Navajo Nation has a population of 173,667 spread out across Arizona, New Mexico and Utah. With 4,002 cases, the Navajo territory has 2,304 cases per 100,000 people. 
That's more than densely populated New York and New Jersey, which report 1,806 and 1,668 cases per 100,000 people respectively. 
In Arizona, the indigenous mortality rate is more than 5 times higher than the rate for all other groups. In New Mexico, the indigenous mortality rate is more than 7 times higher. 
More than 41% of US deaths have occurred in New York and New Jersey
The two states have seen a combined 40,279 deaths, according to Johns Hopkins University's count. That's more than 41% of the 97,722 deaths reported as of Monday. 
New York has reported 29,350 deaths, and 11,339 people have died in New Jersey. 
The epicenter of the country's outbreak is New York City, the most populous city in the US with 8 million residents. It's also got the country's highest population density, with 27,000 people per square mile. That, coupled with a subway system that sees 5.5 million commuters daily, make it prime breeding ground for infection.
New Jersey, across the Hudson River from Manhattan, is home to hundreds of thousands of commuters who worked in the city before the pandemic hit. Plus, it has the highest population density of any state. 
Coronavirus is 2 to 3 times more contagious than the flu
A person with the flu infects an average of about 1.28 other people. But without mitigation efforts such as stay-at-home orders, a person with novel coronavirus infects an average of 2 to 3 other people. 
Researchers say the US could have prevented 84% of its deaths
If the US had locked down two weeks earlier than it did in late March and early April, 82% of its cases and 84% of its deaths could've been avoided, according to Columbia University researchers.
And if states took social distancing measures just one week earlier, more than half the number of deaths and infections would've been prevented, the researchers said.
Without a coordinated national effort, states issued stay-at-home orders on a rolling basis over two weeks. California locked down on March 20 while Florida, after pressure from lawmakers, locked down almost two weeks later. A few states, like Arkansas, never enforced a statewide stay-at-home order. 
The US still predicts up to 240,000 deaths in the first wave
Dr. Deborah Birx of the White House's coronavirus task force told Fox's Chris Wallace on Sunday that she stands by the original model, which predicted anywhere from 100,000 to 240,000 deaths. At the beginning of May, Trump said he predicted 80,000 to 90,000 deaths, which the US has already exceeded. 
A second peak may follow the first wave with an even higher death toll, the World Health Organization warned Monday.
Countries must be prepared that the virus could ""jump up at any time,"" and another peak could likely occur during flu season, said Dr. Mike Ryan, executive director of WHO's Health Emergencies Programme. 
The US needs to test 900,000 people every day to reopen, a study says
There were 378,908 new Covid-19 tests reported on Sunday, according to the Atlantic's Covid-19 Tracking Project. That's a significant uptick since March 24, when states conducted 68,454 tests. But it's still not enough to safely reopen, according to the Harvard Global Health Institute. 
In early May the institute said the US should test at least 900,000 people every day by May 15. 
Though testing access has improved considerably since the start of the pandemic, faulty tests issued by the CDC are thought to have contributed to the slow US response to the virus. Still, the responsibility to ramp up testing falls to the states, per the Trump administration's latest testing report. 
The US economy had its worst quarter since the 2008 recession
America's first-quarter GDP, the most expansive measure of the US economy, fell at a 4.8% annualized rate, the US Bureau of Economic Analysis reported in May. 
It was the first contraction of the US economy since the first quarter of 2014, and the worst drop since the fourth quarter of 2008, the height of the financial crisis.
43 states reported record unemployment in May
Nevada's unemployment rate is the worst in the country at 28.2%, significantly higher than its rate of 6.9% in March. Michigan and Hawaii had the next highest unemployment rates at 22.7% and 22.3%, respectively.
Things may get even worse. US Secretary of the Treasury Steve Mnuchin told Fox News' Chris Wallace that the US could get close to jobless rates not seen since the Great Depression, when unemployment peaked at 25%. 
Grocery prices have risen as much as 16%
Overall, the price of groceries grew 2.6% in April. That was the biggest increase from one month to the next since 1974, according to the Bureau of Labor Statistics.
Egg prices shot up 16.1% in April. Cookies cost 5.1% more in April, too. Chicken is 5.8% more expensive, and orange prices rose 5.6%. 
It's because of disruptions in the food supply chain. Restaurants shut down, more Americans started cooking at home and more people started buying groceries, though food producers couldn't speed up their deliveries at the same rate. 
Illustrations/graphics by Christopher Hickey, Alberto Mier, Jessi Esparza and Tal Yellin.
CNN's Harmeet Kaur, Shelby Lin Erdman, David Goldman, Anneken Tappe, Catherine Shoichet, Holly Yan and Luke McGee contributed to this report."
17,"{'id': 'cnn', 'name': 'CNN'}",,Mayor shares moment police detained her husband,Atlanta Mayor Keisha Lance Bottoms shares a personal story about police profiling during a CNN town hall on racial inequality and Covid-19.,https://www.cnn.com/videos/politics/2020/06/14/keisha-lance-bottoms-husband-police-mayors-racial-inequality-coronavirus-cnn-town-hall-sot-vpx.cnn,https://cdn.cnn.com/cnnnext/dam/assets/200614220725-laura-coates-mayor-keisha-lance-bottoms-split-super-tease.jpg,2020-06-15T02:09:21Z,Chat with us in Facebook Messenger. Find out what's happening in the world as it unfolds.
18,"{'id': 'cnn', 'name': 'CNN'}",,Gupta: 200K deaths by October may be underprediction,"CNN's Dr. Sanjay Gupta explains that one current model's prediction of 200,000 deaths in the US from Covid-19 by October may be an underprediction.",https://www.cnn.com/videos/us/2020/06/16/sanjay-gupta-model-coronavirus-deaths-october-newday-sot-vpx.cnn,https://cdn.cnn.com/cnnnext/dam/assets/200616091128-gupta-june-16-super-tease.jpg,2020-06-16T13:16:49Z,Chat with us in Facebook Messenger. Find out what's happening in the world as it unfolds.
19,"{'id': 'cnn', 'name': 'CNN'}","Michael Nedelman, CNN",Outbreak investigation aboard US aircraft carrier may contain clues about Covid-19 among the young and healthy,An investigation of a major coronavirus outbreak aboard the USS Theodore Roosevelt aircraft carrier may reveal clues as to how Covid-19 affects younger adults.,https://www.cnn.com/2020/06/09/health/covid-19-investigation-aircraft-carrier/index.html,https://cdn.cnn.com/cnnnext/dam/assets/200327101147-uss-theodore-roosevelt-03182020-super-tease.jpeg,2020-06-09T23:48:57Z,"(CNN)An investigation of a major coronavirus outbreak aboard the USS Theodore Roosevelt aircraft carrier may reveal clues as to how Covid-19 affects younger adults.
""This is the first major look at Covid-19 infections among healthy young adults that the CDC has released,"" said Daniel Payne, an epidemiologist with the US Centers for Disease Control and Prevention, which collaborated with the US Navy on the investigation.
More than 1,000 of the ship's nearly 4,900-member crew tested positive for Covid-19 following the outbreak. After spending weeks at a port in Guam, the ship returned to sea last month.
The majority -- nearly 60% -- of sailors in the study who had antibodies had neutralizing ones, ""a promising indicator of at least short-term immunity,"" the researchers wrote.
Most reported mild or no symptoms, and those who took preventive measures -- such as face masks and social distancing -- were less likely to become infected.
""What we saw was that most of the infections were actually mild, in addition to those that were asymptomatic,"" Payne told reporters Tuesday.
""And this is perhaps different from studies of older Americans, or maybe even those who were hospitalized already, and certainly much different from those with underlying health conditions.""
With a number of young people reporting mild, atypical, or no symptoms from the virus, ""symptom-based surveillance might not detect all infections,"" the investigators wrote.
Most tested positive for antibodies
The report, published Tuesday, included a sample of 382 service members, with a median age of 30. According to the report, three-fourths were male. 
Nearly 60% of them tested positive for antibodies, and among them, 59% had also developed neutralizing antibodies by the time their blood samples were taken. 
Neutralizing antibodies bind to the virus, potentially disabling it from attacking human cells. In a handful of participants, these antibodies were detected more than 40 days after their symptoms began.
However, because the data come from a single point in time, they note that longer studies will be needed to definitively show whether and how long these antibodies might protect against the virus.
Lower infection rate in those who took protective measures
Those who took preventive measures were also less likely to become infected. 
Sailors who wore face coverings were less likely to become infected (55.8% versus 80.8%), as were those who avoided common areas (53.8% versus 67.5%) and practiced physical distancing (54.7% versus 70.0%). 
Symptoms more closely associated with Covid-19 in this sample were loss of taste or smell, muscle pain, fever and chills. 
Two were hospitalized among the 238 in the study confirmed to have been infected with the virus.
Officials are working to ""tailor our public health practices to the unique characteristics of this adversary whose secret weapon, as you know, is the ability to be transmitted by an individual before they know they're infected,"" Rear Adm. Bruce Gillingham, the US Navy surgeon general, told reporters Tuesday.
CNN's Theresa Waldrop and Barbara Starr contributed to this report."
