,source,author,title,description,url,urlToImage,publishedAt,content
0,"{'id': 'cnn', 'name': 'CNN'}",,Anderson Cooper shakes head at Trump remark: 'That is just nonsense',"As Covid-19 cases continue to surge in the US, CNN's Anderson Cooper says President Trump's only plan to fight the pandemic is to gaslight the American people.",https://www.cnn.com/videos/politics/2020/07/11/kth-trump-cooper-shakes-head-nonsense-covid-19-saving-face-ac360-vpx.cnn,https://cdn.cnn.com/cnnnext/dam/assets/200710203702-kth-anderson-cooper-ac360-0710-super-tease.jpg,2020-07-11T01:15:39Z,Chat with us in Facebook Messenger. Find out what's happening in the world as it unfolds.
1,"{'id': 'cnn', 'name': 'CNN'}",,Cuomo: My 10-year-old knows better than what Trump just said,"CNN's Chris Cuomo analyzes President Trump's ""up-is-down strategy"" when fighting the Covid-19 pandemic, and defends Dr. Anthony Fauci from the Trump administration's attacks.",https://www.cnn.com/videos/politics/2020/07/15/cuomo-opening-monologue-trump-attacking-fauci-coronavirus-pandemic-graham-cpt-vpx.cnn,https://cdn.cnn.com/cnnnext/dam/assets/200714220144-cuomo-opening-monologue-cpt-0714-super-tease.jpg,2020-07-15T02:59:11Z,Chat with us in Facebook Messenger. Find out what's happening in the world as it unfolds.
2,"{'id': 'cnn', 'name': 'CNN'}","By <a href=""/profiles/nectar-gan"">Nectar Gan</a> and <a href=""/profiles/brett-mckeehan"">Brett McKeehan</a>, CNN","Americans are still reluctant to wear face masks because of mixed messaging early in the pandemic, Fauci says","The coronavirus pandemic has brought countries to a standstill. In many places, as countries reopen, Covid-19 cases are on the rise. Follow here for the latest.",https://www.cnn.com/world/live-news/coronavirus-pandemic-07-02-20-intl/index.html,https://cdn.cnn.com/cnnnext/dam/assets/200213175739-03-coronavirus-0213-super-tease.jpg,2020-07-02T05:04:30Z,"Havana will begin a partial reopening on Friday, Cuban Prime Minister Marrero Cruz said Wednesday night of the country's capital city.
Cuba closed its borders in March, canceling all regular commercial flights to and from the island, and went under a strict lockdown after three Italian tourists were diagnosed with coronavirus. 
But recently it began a gradual easing of restrictions as infections dropped.
The reopening in Havana will allow restaurants, bars and other businesses to reopen but with restricted capacity, the prime minister said. Havana residents will also be able to visit the beach for the first time in nearly three months.
However, international travel to and from most of Cuba will remain suspended.
Cuba's main island, where Havana is located, remains closed to international tourists. Visitors will, however, be able to travel to five offshore islands, which the Cuban government has developed for tourism. 
As of Wednesday, the country had recorded 86 deaths and 2,348 cases of coronavirus, according to Cuban health officials."
3,"{'id': 'cnn', 'name': 'CNN'}",,Cuomo's passionate plea to the government: 'Do your damn job!',"CNN's Chris Cuomo speaks directly to the federal government, telling them to do their jobs and stop hiding from the reality of the Covid-19 pandemic.",https://www.cnn.com/videos/politics/2020/07/07/closing-argument-do-your-job-federal-government-coronavirus-trump-cpt-vpx.cnn,https://cdn.cnn.com/cnnnext/dam/assets/200706221354-chris-cuomo-closing-argument-07062020-super-tease.jpg,2020-07-07T02:47:59Z,Chat with us in Facebook Messenger. Find out what's happening in the world as it unfolds.
4,"{'id': 'cnn', 'name': 'CNN'}",,"Burnett: Fauci opens his mouth with facts, Trump does not",CNN's Erin Burnett says Dr. Anthony Fauci and President Trump are on completely different pages as Covid-19 cases continue to rapidly increase in the US.,https://www.cnn.com/videos/politics/2020/07/14/burnett-monologue-trump-fauci-completely-different-pages-coronavirus-ebof-vpx.cnn,https://cdn.cnn.com/cnnnext/dam/assets/200713215132-erin-burnett-monologue-ebof-0713-super-tease.jpg,2020-07-14T02:14:43Z,Chat with us in Facebook Messenger. Find out what's happening in the world as it unfolds.
5,"{'id': 'cnn', 'name': 'CNN'}",,Opinion: Finding God in the unlikeliest of places,CNN Opinion asked five students to share the roles that religion and faith are playing in helping them navigate Covid-19 and systemic racism.,https://www.cnn.com/2020/07/01/opinions/religion-faith-coronavirus-pandemic-roundup/index.html,https://cdn.cnn.com/cnnnext/dam/assets/200626115300-gen-resilient-shemar-powell-avigayil-halpern-yasmin-errazi-justice-georgie-bella-hanesworth-super-tease.jpg,2020-07-01T11:00:43Z,"(CNN)In times of struggle, people often turn to faith to give them grounding -- and hope. America's students, battling the effects of the pandemic, endeavoring to complete their academics and searching for employment opportunities, are no exception. In the next installment of ""Generation Resilient,"" CNN Opinion asked five students to share the role that religion is playing in their lives right now. The views expressed in this commentary are their own.
College freshman Shemar Powell: Searching for God on Zoom
My freshman year at Morehouse College was supposed to be a major turning point -- both academically and personally. No longer in Baltimore, I was trying to start over in a new city and at a new school. By attending a historically Black college, I thought I would finally have a chance to thrive in an environment that encouraged and respected young Black men.
So, I was upset when coronavirus forced the college to shut down. It meant that I would be returning to Baltimore to complete my second semester online. It also meant that I would have to find a new part-time job, since I could no longer work at the restaurant in Atlanta where I had been employed. My only option was at a local Amazon warehouse, where I was put on the overnight shift. 
I took it, but then began the daunting task of balancing my schoolwork during the daytime and my Amazon work at night. So, how did I find that balance?
By returning to the basics, meaning my Christian faith. Even though the pandemic had challenged my faith in God -- how could a righteous and just God allow for so much pain and suffering -- I still believed it would be critical to weathering this extraordinarily challenging time. Fortunately, my church -- Healthy Choice Ministries -- is still active on Zoom. Bishop Aubrey A. Harley hosts virtual bible study sessions on Wednesday, religious services on Saturday and corporate prayer, when the church comes together to pray for a common goal, on Sunday. 
While it's hard to put into words just why those Zoom church sessions mean so much to me, the best I can do is give you an analogy. Imagine you are a small child with an ear infection. As you struggle against the pain, you feel the world is coming to an end. But then your mother approaches you, comforts you and takes you to the doctor where you get the treatment you need to heal. Church is my healing mother -- more so than my school or job or any other mainstay in my life right now.
I continue to battle exhaustion and depression, but I am grateful to have some sort of religious grounding as our country battles yet a second pandemic: racism. As ordinary -- and perhaps extraordinary -- people protest and question systems of government that have repeatedly let down folks like me, I recognize the role that my faith is playing in keeping me from losing all sense of hope. 
As my bishop explained, ""This isn't a new struggle. We know this, and God knows this. We must put it all in his hands, while remembering that we are his children and we must act as such."" In other words, failure is not an option -- we must continue to push forward, just as our ancestors did, and with God as our moral guide. 
As America reopens, and as its people call out for racial justice, it is imperative we all do our part to create a new vision for the country -- ideally one more equal, inclusive and kind toward all of its citizens.
Shemar Powell is a freshman at Morehouse college, where he is majoring in marketing and minoring in psychology.
First-year rabbinical student Avigayil Halpern: Judaism kept me from losing focus
As a person who observes Jewish law, one of the primary contributions my religious practice makes to my life is that it tells me what I should do -- and when I should do it. In quarantine, this has meant that my days are not a formless mass of hours, but instead punctuated by thrice-daily prayer times. I know when the week begins and ends because I observe Shabbat, marking the creation of the world by abstaining from creative labor.
But far more important than structuring my time, Judaism has kept me focused on my obligations. 
I am currently studying for my first major rabbinical exam, which I will take in August. Over the past few months, I have found it hard to focus on my studies. Staring at my study partner via Zoom does not compare to analyzing texts together in person, sitting in a room alive with the sounds of other voices studying aloud.
On top of that, the needs of the world have so often felt overwhelming: I've been unable to focus because of stress and fear, forcing me to leave material over for another day when I can rein in my anxieties. But this new reality has also pushed me to expand what my practice of Torah study, or the study of Jewish sacred texts, can encompass. 
Torah study during this pandemic is not just the moments when I sit pouring over an ancient or medieval book. Rabbi Yitzhcok Hutner, a 20th-century Jewish thinker, teaches that the commandment of Torah study includes things one would never imagine fall into that category: all of the care work that enables someone to study Torah, and all of the care work that Torah, properly understood, pushes one to do for herself and others. Just as I'm devoting my time to textual study, I'm devoting my time to care work: from phone calls with friends who are struggling to cooking food for my family and myself.
My religious obligations lie not only in offering care to my loved ones, but in the profound act of care that is committing myself -- and my community -- to pursuing justice. In this moment, where it is acutely evident that racism is a public health crisis happening alongside, and exacerbated by, a pandemic, Judaism is pushing me to redistribute money to organizations supporting Black life and, in particular, Black trans people. It is pushing me to work within my community to advocate for concrete anti-racist commitments from the Jewish organizations and leaders that are important in my own life. 
But my religion has done even more for me than helping me focus on my obligations. It has been a guide for what larger priorities I should orient myself toward in all moments of my life, and it has given me a path for how I can contribute to building a world less ravaged by the injustices that make life so unstable for so many. 
Avigayil Halpern is a first-year rabbinical student at Yeshivat Hadar in New York. Follow her on Twitter at @avigayiln. 
College sophomore Bella Hanesworth: Awakening my 'Buddha nature'
When the pandemic began, my school -- Mercy College -- quickly transitioned to virtual classes. The sudden shift in learning was anything but smooth, and I struggled to stay focused on my coursework. 
Fortunately, though, I was able to find an anchor in my Buddhist faith. As a practitioner of Nichiren Buddhism and a member of the Soka Gakkai International (SGI), I embraced the virtual platform that my Buddhist meetings were taking -- and in them, I found the strength to press on. 
This practice teaches that each person possesses the potential to overcome all obstacles. We refer to this potential as our ""Buddha nature"" -- a state of life filled with limitless courage, wisdom and compassion. By chanting the phrase ""Nam-myoho-renge-kyo,"" we help to awaken our Buddha nature. And so, I resolved to chant daily for the knowledge to navigate through this crisis. 
I didn't just rely on chanting. I turned to my fellow SGI members, who showed unwavering compassion and belief in my ability to weather the worst storm. They encouraged me to consistently reach out to my friends, family and other members. In doing so, I could strengthen them -- and perhaps even myself. In other words, we could help each other, offering kind words and support as needed. 
After my semester ended, I felt relief and immense appreciation. I had made it through the worst of the pandemic -- and my friends and family were healthy and safe. But then yet another Black man, George Floyd, was killed -- and the racist systems embedded in our society were exposed. 
The goal of SGI is to achieve ""kosen-rufu"" -- a state in which society functions based on respect for people's lives. As Buddhists, it's our mission to uproot the causes of systemic racism and transform our current reality. And still, I often feel small and powerless in the face of such large-scale and institutionalized problems.
My mentor, Soka Gakkai President Daisaku Ikeda, says, ""When the realists tell us to accept a world of suffering, a world of war and injustice, what they are really doing is displaying the stagnation and failure of their own imagination... It is the power of imagination, the power to imagine different realities, that frees us from the mistaken notion that what exists now is all that will ever exist."" 
When I pause to really consider the meaning of his words, I feel hopeful again. Buddhist philosophy gives me the tools to continuously challenge my biases, engage in constructive dialogue and fight for justice. And after months of a pandemic -- and time for intense introspection -- I feel more committed to that fight than ever before.
Bella Hanesworth is a sophomore year at Mercy College, where she is majoring in biology.
College freshman Justice Georgie: Never underestimate the power of prayer
When the pandemic struck, I was completing my second semester at Baltimore Community College -- working on getting the necessary credits to begin at Morgan State University. I had found a solid group of friends and was actively pursuing my passion of video production and digital storytelling.
But Covid-19 had other plans for me.
With my campus closing down, I moved home to my mother's one-bedroom apartment, giving up the cozy dorm room I had called my own, and began the unenjoyable task of virtual learning. The transition was not the smoothest -- and with my mother, a hairdresser, temporarily out of work -- it was a stressful beginning to a new chapter of my life.
Fortunately, I had someone who I could consistently turn to for love and guidance -- God. Raised as a Christian in an all-denomination church, I was taught that no matter where we come from, everyone can pray and praise God together. Every Sunday growing up, I went to Genesis Thru Revelations Deliverance Church. There I found the tools, and the support system, needed to control my fears and anxieties. I also found a community of fellow worshippers who encouraged me to be a better version of myself.
Now, in the midst of a pandemic and protests against racial injustice, my belief in God and my church's ingenuity have helped me channel my fears into something more productive. Though it cannot hold in-person services yet, my church hosts Sunday morning service online. My pastor frequently reminds us that prayer is one of our most powerful weapons -- and when we join in prayer with others, we form an impenetrable spiritual wall against the many threats lurking around us.
As Proverbs 3:5-6 states, ""Trust in the Lord with all your heart, and lean not on your own understanding. In all your ways acknowledge him, and he will make straight your paths."" As the virus -- and police brutality -- continue to impact my community and my country, I will continue to turn to my source of light and life -- the Holy One, blessed be his name. Only he can truly make me believe that this, too, shall pass.
Justice Georgie is a freshman at Baltimore City Community College. 
High school junior Yasmin Errazi: Islam taught me to take nothing for granted
Between going on college tours, studying for the SATs and practicing for a learner's permit, junior year of high school is already overwhelming. But throw a pandemic and a country's reckoning with its centuries of racism into the mix, and it can seem like an exercise in futility. 
Fortunately, I have been able to turn to my religion -- Islam -- to keep me calm and even optimistic about the future. This year, as Covid-19 gripped the country, I paused to celebrate Ramadan, a one-month holiday devoted to daily prayer, fasting and charity. 
Though I was juggling virtual learning and intense academic demands, fasting and praying each day from late-April to late-May gave me a surprising amount of strength and even gratitude for all that I've been given -- including a loving family and community, which came together, in a socially distanced way, to celebrate the holiday.
Every day at sunset, when my family would break fast, I was reminded of the many Americans who struggle to put food on the table -- and the many more who would experience food insecurity in light of rising unemployment. But in this struggle, I also saw an opportunity to give more zakat, or charity, which is one of the five pillars of Islam. Charity can take many forms -- not just monetary donations. During this period, I've donated my time to raising awareness around issues of poverty and social injustice. 
Though my mosque was closed at the height of the pandemic, it, too, still managed to prioritize charity. It organized a food bank to assist Muslims in the community and hired volunteers to deliver everything from fresh fruits and vegetables to baby diapers. While I wasn't able to volunteer due to looming school deadlines, I was inspired by the kindness of my community and took the spare moments I could find to immerse myself further in the teachings of Islam -- reading the Quran and praying more regularly.
One teaching that stood out to me was the Prophet Mohammed's emphasis on maintaining strong family ties. Without my family and their constant support through these challenging times, I would likely have struggled to maintain any semblance of optimism or normalcy. Learning that Islam encouraged -- if not demanded -- I invest more time in my family made me feel even more at peace during these chaotic times.
Though the pandemic appears far from over, I am grateful that I've been able to use this time to reflect on my faith, my purpose and my many blessings. And I am especially thankful I have a religion that has taught me the value of never taking anyone -- or anything -- for granted.
Yasmin Errazi is a high school junior at Justice High School in Falls Church, Virginia."
6,"{'id': 'cnn', 'name': 'CNN'}",,White House defends Trump's use of racist language,"White House press secretary Kayleigh McEnany defended President Trump's use of a racist slur when he referenced Covid-19 at a rally in Tulsa, Oklahoma, the previous Saturday.",https://www.cnn.com/videos/politics/2020/06/22/trump-kung-flu-tulsa-kayleigh-mcenany-covid-19-whpb-sot-crn-vpx.cnn,https://cdn.cnn.com/cnnnext/dam/assets/200622140846-02-white-house-briefing-0622-super-tease.jpg,2020-06-22T18:32:32Z,Chat with us in Facebook Messenger. Find out what's happening in the world as it unfolds.
7,"{'id': 'cnn', 'name': 'CNN'}",Opinion by Deborah Trueman,"Italy, let me be with my love",Deborah Trueman writes about how the European Union's Covid-19 travel restrictions on unmarried couples has impacted  her 20-year long distance relationship with her partner in Italy.,https://www.cnn.com/2020/07/21/opinions/european-union-unmarried-couples-restrictions-italy-trueman/index.html,https://cdn.cnn.com/cnnnext/dam/assets/200721184555-deborah-trueman-and-marco-super-tease.jpg,2020-07-21T23:33:43Z,"Deborah Trueman is an Emmy award winning journalist who worked as a producer at Dateline NBC, CBS News and WCBS-TV. The opinions expressed in this commentary are those of the author. Read more opinion on CNN.
 (CNN)I have been with my partner Marco for almost 20 years.
We've survived the normal things every couple faces, along with the serious challenges life throws at you. But now we are being kept apart by Covid-19.
I am in New York City. Marco is in Italy.
We haven't seen each other in six months.
On July 1st, the European Union effectively banned Americans from traveling there. 
Spouses of EU citizens are an exception and allowed in, but unmarried partners aren't.
Since we are not legally married, an ocean separates me and my partner indefinitely. 
Thousands of unmarried couples all over the world have been impacted and have joined forces to gain attention with the group ""Love is not tourism"" and the hashtags #Loveisnottourism and #Loveisessential. 
Indeed, this is certainly not about tourism. I don't want to go to Italy to see the Colosseum or go to the Vatican. I want to be with my other half. I want to be with my other half; the person with whom I've shared life changing moments.
I met Marco on sabbatical in Italy after the loss of my parents. He helped me back from the grief and nurtured me through some difficult days early in our relationship.
We've gone through my breast cancer diagnosis, radiation treatment and, then just when we were about to start our life together full time in Italy, our most difficult hurdle.
I had given up my career as a journalist in New York City in 2008 to permanently join Marco in Italy, where I planned to freelance, but then everything came to a devastating stop. 
Because of my breast cancer diagnosis, I was getting annual checkups. During one of my routine follow ups, I was diagnosed with leukemia, which was later confirmed to be linked to my volunteer work at Ground Zero. I was there days after the 9/11 attack serving food to first responders as they searched for survivors.
The diagnosis was absolutely shattering.
I put plans to move full time on hold, and together Marco and I navigated the stress and uncertainty of a life-threatening illness.
We accepted that we would have to be in a long distance relationship for a good part of 2008, and I found amazing doctors in New York City for whom I'm so grateful.
My health and survival came first.
So for the past decade I have traveled back and forth between NYC and Italy, returning to see my hematologist and receive treatment from the World Trade Center Health Program.
It's not always easy. There have been too many visits to emergency rooms in Italy, and the travel is fatiguing because of the chemotherapy medication I must take.
But through it all, Marco and I have managed to make our relationship work and grow even stronger. It's not traditional, but we have committed to a life together.
I truly believe that the beauty and wonderful people of Italy have also helped keep me going. Not to mention the spaghetti and gelato. 
So in January, after another wonderful Christmas stay in Tuscany, I returned to New York as usual for my medical visits.
And then the Coronavirus stopped the world in its tracks. My April flight back to Rome was canceled. And then my July flight as well.
And there is no sign I will be allowed back in any time soon.
Yes, I am not legally married. I never signed a piece of paper, but Marco and I have definitely been together in sickness and health.
This is my story, but it's just one story. The campaign to bring more awareness to this issue has highlighted the struggles, for example, of expectant moms separated from their partners and couples working in different countries. 
A few EU countries -- at the time of writing, not including Italy -- have now agreed to allow nonmarried partners in, so there is some hope. 
So, to my dear Italy: Please let me come back to you.
I will take a Covid-19 test. I will quarantine. I know you believe in love; You practically invented it."
8,"{'id': 'cnn', 'name': 'CNN'}",,Are these coronavirus numbers too good to be true?,"Thailand reports that it has crushed Covid-19 despite being a well-known hub for tourists, but is it too good to be true? CNN's Anna Coren reports.",https://www.cnn.com/videos/world/2020/07/31/thailand-coronavirus-transmission-anna-coren-pkg-intl-ldn-vpx.cnn,https://cdn.cnn.com/cnnnext/dam/assets/200731131025-thailand-coronavirus-transmission-anna-coren-pkg-intl-ldn-vpx-00021426-super-tease.jpg,2020-07-31T12:26:13Z,Chat with us in Facebook Messenger. Find out what's happening in the world as it unfolds.
9,"{'id': 'cnn', 'name': 'CNN'}",,Trump's coronavirus claim leaves Anderson Cooper astonished,"CNN's Anderson Cooper takes President Donald Trump to task for saying the 160,000 US coronavirus deaths ""is what it is"" and saying Covid-19 is under control.",https://www.cnn.com/videos/politics/2020/08/05/kth-trump-coronavirus-is-what-it-is-anderson-cooper-ac360-sot-vpx.cnn,https://cdn.cnn.com/cnnnext/dam/assets/200804210838-anderson-cooper-august-4-2020-01-super-tease.jpg,2020-08-05T01:21:57Z,Chat with us in Facebook Messenger. Find out what's happening in the world as it unfolds.
10,"{'id': 'cnn', 'name': 'CNN'}",,"They broke into their own gym defying Covid-19 rules, hear why","New Jersey Atilis Gym owners Frank Trumbetti and Ian Smith defend opening their gym, defying Covid-19 safety restrictions put in place by the governor.",https://www.cnn.com/videos/us/2020/08/05/gym-owners-defend-opening-amid-coronavirus-pandemic-cuomo-cpt-vpx.cnn,https://cdn.cnn.com/cnnnext/dam/assets/200804215147-new-jersey-gym-owners-super-tease.jpg,2020-08-05T03:12:33Z,Chat with us in Facebook Messenger. Find out what's happening in the world as it unfolds.
11,"{'id': 'cnn', 'name': 'CNN'}","By Hollie Silverman, CNN",Hawaii reinstates inter-island travel quarantine as Covid-19 cases surge,Hawaiian officials are tightening restrictions after a surge in Covid-19 cases and hospitalizations statewide -- with majority of the cases on the island of Oahu.,https://www.cnn.com/travel/article/hawaii-beaches-parks-closed-honolulu-mayor/index.html,https://cdn.cnn.com/cnnnext/dam/assets/200807015240-oahu-beach-honolulu-0729-restricted-super-tease.jpg,2020-08-07T07:15:11Z,"(CNN) Hawaiian officials are tightening restrictions after a surge in Covid-19 cases and hospitalizations statewide -- with majority of the cases on the island of Oahu.
About 200 new cases and two new deaths were reported Thursday, Gov. David Ige said.
""There is no question that the virus is surging,"" he said. ""This is the last thing that we wanted to do...As we reopen our community people let their guard down. It's been very disappointing.""
Ige announced that a 14-day inter-island travel quarantine will be in place starting August 11 to stop further spread to other islands.
Bruce Anderson, Director of Hawaii Department of Health, said 117 Covid patients are in the hospital statewide, with 115 of them on Oahu. 
More than 53% of the ICU beds on the island are filled, he said.
Hospitals could be overwhelmed by the end of the month if the upward trend of new cases continues as 10% of people who test positive for Covid-19 end up in the hospital, Anderson said.
""We are approaching a healthcare crisis and bold measures are needed now,"" he said.
Anderson noted the new cases on Oahu were linked to community spread on all parts of the island, across all socioeconomic groups and communities. 
In response to the dramatic increase in coronavirus cases, Honolulu Mayor Kirk Caldwell announced Thursday that all beaches and parks will be closed on Oahu.
The source of the new virus spread has been tied to ""large, uncontrolled gatherings,"" Caldwell said during a press conference. ""We need to clamp down."" 
As a result, a new executive order will be in effect at midnight on Friday through September 5 closing all county and state parks, as well as the beaches fronting them. 
What the restrictions will mean
No activities will be allowed on the beach or in the parks but people will be allowed to walk on the beach to get to the water for surfing, fishing, paddling and diving, Caldwell said.
Parking lots with ballot drop off boxes will remain open through the weekend so people can vote but they will close after that, Caldwell said. All team sports that take place at parks are suspended.
""What's open are things we can control and where we have seen compliance,"" the mayor explained.
Fitness centers will be allowed to stay open but will be banned from providing group classes.
Caldwell said indoor attractions such as bowling alleys, arcades, and mini golf will also be closed. 
In addition, the mask requirements for restaurants will be expanded to cooks in the kitchen. There will also be stronger enforcement on bars ""posing as restaurants,"" Caldwell said. 
The Honolulu Police Department has created a new Covid Enforcement Team that will respond to complaints and perform proactive patrols, Honolulu Police Chief Susan Ballard said during the press conference.
She added that 160 additional officers will be working seven days a week as part of that team. Police have been trying to warn and educate people but will now be issuing citations, Ballard said.
""At this point we're probably going to do very few warnings,"" the police chief said. ""It's going to be citations or arrests."""
12,"{'id': 'cnn', 'name': 'CNN'}","Jen Christensen, CNN","Heart attack victims may be dying because of coronavirus fears, study finds","Doctors may have been right to be concerned that people with heart problems were avoiding the ER due to Covid-19, according to a new study published Friday.",https://www.cnn.com/2020/08/07/health/heart-attack-avoid-hospital-covid-19-wellness/index.html,https://cdn.cnn.com/cnnnext/dam/assets/190918124854-ed-and-heart-attacks-super-tease.jpg,2020-08-07T18:31:26Z,"(CNN)Doctors may have been right to be concerned that people with heart problems were avoiding the ER due to Covid-19, according to a new study published Friday.
It provides evidence that people have stayed away from the emergency room even with acute heart attack symptoms. And some may have died as a result.
Researchers from the Providence Heart Institute system based in the US northwest looked at the records of more than 15,000 heart attack patients from between December 30 and May 16 of this year. 
They found ""important changes"" in heart attack hospitalization rates. Patients also fared worse during the early and later parts of the pandemic, they reported Friday in the medical journal JAMA Cardiology. 
And patients with the most serious type of heart attack appeared to be more than twice as likely to die at one point. 
There was a substantial decrease in hospitalizations early in the pandemic, with the case rates starting to fall on February 23. 
Patients hospitalized for a heart attack during the pandemic tended to be younger by about 1 to 3 years than patients before the pandemic. The authors think older patients may have had a ""greater reluctance"" to get medical help if they had symptoms. Typically, older people have gotten sicker from Covid-19.
Patients who were hospitalized for a heart attack during the pandemic spent less time at the hospital than before the pandemic. This may be because hospitals wanted to keep beds open in case they were needed for Covid-19 patients, the researchers said. The patients were all seen at hospitals within the Providence St. Joseph Health System in Alaska, California, Montana, Oregon, Texas and Washington. 
Patients were also more likely to be sent home from the hospital rather than sent to a rehabilitation center. That may have been out of a concern about the risk of being exposed to the novel coronavirus at those facilities.
Around March 29, the number of people hospitalized for a heart attack did increase, but it was at a slower rate than before the pandemic. It took five full weeks to go back to the levels hospitals were seeing pre-pandemic. The researchers think the shift may have been after doctors started encouraging patients with symptoms to follow through and get care. 
The researchers couldn't find evidence that doctors were treating patients any differently than they would when there wasn't a pandemic. Yet there was a real difference in how well some patients did. 
There was a substantial increase in deaths among patients who suffered a more serious type of heart attack called STEMI. That's when one of the arteries is blocked and blood and oxygen can't get to the heart. 
The rate of people who died from these serious heart attacks was even greater during the later part of the pandemic, the study found.
""Compared with the before COVID-19 period, however, patients with STEMI had a statistically greater risk of mortality during the later COVID-19 period,"" they wrote. One way of analyzing the deaths, called an observed to expected ratio, indicated patients were more than twice as likely to die from STEMI heart attacks during the study period.
 Time matters with a serious heart attack. A delay in care due to a patient's reluctance to seek help or because emergency medical services were behind or the emergency department was full could hurt the chances of survival. 
This study is in line with what others have found. Early research published before it was peer reviewed saw a 25% drop in the number of acute coronary syndrome cases in March of this year compared to March of 2018 and 2019. 
A letter published in May in the New England Journal of Medicine found the number of patients in the US undergoing imaging for a stroke decreased by 39% since before the pandemic. 
The researchers say more study is needed to determine exactly what contributed to the increased number of deaths.
In April, concerned about this trend, the American Heart Association put out an urgent statement asking people to call 911 if they felt heart attack symptoms like chest pain, shortness of breath, or nausea. For women it's more common to have symptoms like unexplained tiredness and nausea or vomiting. 
The AHA's Don't Die of Doubt campaign was necessary, the association's president Dr. Mitchell S.V. Elkind said, because people having a heart attack have a much better chance of surviving if they get help immediately.
""If people feel that they might be having symptoms of a heart attack or stroke, then they should call 911, even during the pandemic,"" Elkind said.
Elkind, who was not a part of the Providence study, said he would like to know more about why this has been happening. 
""Common sense would tell us that many people were afraid to come into the hospital during the pandemic, but there are some other reasons as well,"" Elkind said. 
In addition to fear, he heard patients say that they didn't want to be a bother to doctors who are so busy. Elkind is a neurologist at New York Presbyterian Hospital and professor of neurology and epidemiology at Columbia University.
Elkind said there may also have been fewer people having heart attacks.
""This is a little bit more controversial theory,"" Elkind said. But with everyone on lockdown, there were fewer cars on the road and less pollution. ""We know that air pollution is an important risk factor for heart attacks and strokes. So that could account for some of the same effect. There may have been an actual decrease in incidence of these events."""
13,"{'id': 'cnn', 'name': 'CNN'}","Madeline Holcombe, CNN","Coronavirus infections among younger populations are skyrocketing, WHO says","The Covid-19 pandemic is moving into younger populations, health experts said Thursday, with cases skyrocketing among children, teens and young adults.",https://www.cnn.com/2020/08/07/health/us-coronavirus-friday/index.html,https://cdn.cnn.com/cnnnext/dam/assets/200807033318-us-coronavirus-friday-0801-restricted-super-tease.jpg,2020-08-07T09:49:33Z,"(CNN)The Covid-19 pandemic is moving into younger populations, health experts said Thursday, with cases skyrocketing among children, teens and young adults.
Early in the outbreak, health experts stressed that older adults were most at risk for the virus that has infected more than 4.8 million people in the United States, but new data from the World Health Organization shows that most cases -- by far -- are reported in people ages 25 to 64. The proportion of cases in teens and young adults has gone up six-fold, and in very young children and babies the proportion has increased seven-fold, WHO said.
The increase might be explained by broader testing, greater detection of milder cases and shifting demographics of hotspots, but ""a rise in risky behavior after easing of public health and social measures"" is also to blame, WHO said.
In Georgia a 7-year-old child with no underlying conditions became the youngest person in the state to die of the virus.
""This is a disease everyone should take seriously. Please watch out for each other,"" Dr. Lawton Davis, the Health Director for Georgia's Coastal Health District, said.
A resurgence of large parties and social outings have been a source of widespread infections following the loosening of restrictions, and they are most often attended by younger people, Los Angeles County Department of Public Health Director Dr. Barbara Ferrer said Wednesday. They have recently become the hardest hit population in the county and continue to drive numbers up, she said.
In New Mexico, where one fifth of all cases are reported in people ages 20 to 29, the state's Human Services secretary, Dr. David Scrase, urged people not to plan big gatherings for Labor Day.
""Just do that cookout with the people you live with,"" Scrase said Thursday. ""Don't get the family together. There will be more time to do that.""
Masks could save 70,000 lives
More than 160,000 have died of coronavirus in the US so far and that number could nearly double by December, the director of a leading model said Thursday.
But consistently wearing masks could save nearly 70,000 of the 295,000 people projected to die of the virus by December 1, the University of Washington's Institute for Health Metrics and Evaluation (IHME) director Dr. Christopher Murray said on CNN's Global Town Hall.
""It's rare that you see something so simple, so inexpensive, so easy for everybody to participate in can have such an extraordinary impact in the US and also all over the world,"" Murray said.
At least 39 states as well as Washington, DC and Puerto Rico have implemented mask requirements of some kind. Kentucky Gov. Andy Beshear extended his state's mask mandate by 30 days on Thursday, saying ""It's working.""
The US Centers for Disease Control and Prevention updated mask recommendations on its website, urging people not use masks with valves or vents. While the one-way valve keeps people cooler by allowing air to escape, that also means respiratory droplets that carry the virus can escape and infect others.
Balancing rush for a vaccine and 'ethical principles'
Vaccines are being developing quickly in hopes of getting the pandemic under control, but health experts caution they will only be released to the public once they are safe.
Dr. Anthony Fauci, director of the National Institute of Allergy and Infectious Diseases, said he is looking forward to getting the vaccine when it has reached a necessary standard.
""When the vaccine becomes available after a 30,000-person-or-more placebo-controlled randomized trial, and it's shown to be safe and effective, I would get it any time within the timeframe of the people who prioritize it according to ethical principles,"" Fauci told the POLITICO Pulse Check podcast.
He said he is ""satisfied"" with the first week enrollment in Moderna's Phase 3 clinical trial for a coronavirus vaccine, which saw 1,290 people randomly assigned to get either the vaccine or a dummy shot. Moderna plans to enroll 30,000 people in its trial.
Fauci told CNN that he expects ""to get an answer"" about whether the vaccine works in November or December. 
President Donald Trump hopes to get an answer much sooner. He said Thursday he is ""optimistic"" that a vaccine could be ready by election day on November 3. 
But former Surgeon General Dr. Vivek Murthy told CNN's Wolf Blitzer Thursday that giving specific dates for when a vaccine could be available is ""very dangerous.""
""We can't sacrifice our standards because if we do, it not only hurts people, but it's going to damage people's faith in vaccine efforts,"" Murthy said.
Experts call for a national plan
Federal officials have often been at odds with local leaders and health experts, and five former directors of the CDC said it is time for national leadership against the pandemic.
""It's unbelievable that six months into the pandemic, it's not clear who's in charge, federally,"" Dr. Thomas Frieden said during a roundtable hosted by ABC News Live. ""There's no plan. There's no common data that we're looking at to see what's happening with the virus and what's happening with our response.""
The CDC being sidelined early on and contradictory messages from the Trump administration has led to partisanship, confusion and increased spread of the virus, Frieden said.
Dr. Richard Besser, who was an acting CDC chief during the H1N1 swine flu pandemic in 2009, said return to school has been complicated by the mixed messages. ""If you have politicians saying that CDC guidance is a barrier to getting children back into school, instead of the roadmap for doing it safely, then whole system breaks down,"" Besser said.
In the absence of national leadership, state officials have been taking measures against the virus into their own hands. 
Louisiana Gov. John Bel Edwards extended bar closures Thursday and announced the state will stay in Phase Two of its reopening plan, and New York City Mayor Bill de Blasio extended the city's state of emergency, which was first signed in March, for another 30 days. 
CNN's Lauren Mascarenhas, Shelby Lin Erdman, Maggie Fox, Jamiel Lynch, Elizabeth Cohen, Hollie Silverman, Jen Christensen and Elizabeth Hartfield contributed to this report."
14,"{'id': 'cnn', 'name': 'CNN'}",,School districts experience challenges with remote learning,"Students, parents and teachers are struggling as some school districts are experiencing challenges with remote learning during the Covid-19 pandemic. CNN's Brian Todd reports.",https://www.cnn.com/videos/us/2020/08/14/remote-learning-challenges-coronavirus-school-districts-todd-tsr-pkg-vpx.cnn,https://cdn.cnn.com/cnnnext/dam/assets/200814182351-remote-learning-todd-pkg-super-tease.jpg,2020-08-14T22:33:10Z,Chat with us in Facebook Messenger. Find out what's happening in the world as it unfolds.
15,"{'id': 'cnn', 'name': 'CNN'}",,Twins die in pandemics 100 years apart,"A 100-year-old man, whose twin brother died from the devastating flu pandemic a century ago, lost his battle with Covid-19 in 2020.",https://www.cnn.com/videos/us/2020/04/23/twin-pandemic-1918-flu-coronavirus-death-pkg-vpx.wcbs,https://cdn.cnn.com/cnnnext/dam/assets/200423161958-man-dies-covid-19-100-years-after-twin-super-tease.jpg,2020-04-23T23:27:37Z,Chat with us in Facebook Messenger. Find out what's happening in the world as it unfolds.
16,"{'id': 'cnn', 'name': 'CNN'}",,Fareed's Take: How to 'follow the science',"Fareed gives his take on what it means to ""follow the science"" when that knowledge is rapidly evolving due to the novel nature of Covid-19.",https://www.cnn.com/videos/tv/2020/05/03/exp-gps-0503-take.cnn,https://cdn.cnn.com/cnnnext/dam/assets/200503114209-fareed-zakaria-05032020-super-tease.jpg,2020-05-03T15:43:35Z,Chat with us in Facebook Messenger. Find out what's happening in the world as it unfolds.
17,"{'id': 'cnn', 'name': 'CNN'}",,Brooke Baldwin speaks out about her battle with virus,"CNN's Brooke Baldwin, who tested positive for the Covid-19 earlier this month, shares some of the lessons she learned coping with the coronavirus.",https://www.cnn.com/videos/media/2020/04/20/brooke-baldwin-coronavirus-lessons-learned-nr-keilar-intv-vpx.cnn,https://cdn.cnn.com/cnnnext/dam/assets/200417134353-brooke-baldwin-sofa-super-tease.jpg,2020-04-20T20:20:27Z,Chat with us in Facebook Messenger. Find out what's happening in the world as it unfolds.
18,"{'id': 'cnn', 'name': 'CNN'}",,Watch Blue Angels and Thunderbirds' epic performance,"US Navy and Airforce jets flew over NYC, PA, and NJ in honor of first responders on the frontlines of Covid-19 pandemic.",https://www.cnn.com/videos/us/2020/04/28/blue-angels-thunderbirds-flyover-coronavirus-first-responders-orig-mss.cnn,https://cdn.cnn.com/cnnnext/dam/assets/200428140234-01-blue-angels-fly-over-0428-super-tease.jpg,2020-04-28T20:04:53Z,Chat with us in Facebook Messenger. Find out what's happening in the world as it unfolds.
19,"{'id': 'cnn', 'name': 'CNN'}",,White House fight spills into public view,Dr. Peter Hotez discusses the public disagreement between White House adviser Peter Navarro and HHS Secretary Alex Azar and how this could affect the response to Covid-19.,https://www.cnn.com/videos/politics/2020/05/18/peter-navarro-alex-azar-cdc-fight-nr-vpx.cnn,https://cdn.cnn.com/cnnnext/dam/assets/200518142633-peter-navarro-alex-azar-cdc-fight-nr-vpx-00000000-super-tease.jpg,2020-05-18T18:41:33Z,Chat with us in Facebook Messenger. Find out what's happening in the world as it unfolds.
