,source,author,title,description,url,urlToImage,publishedAt,content
0,"{'id': 'cnn', 'name': 'CNN'}",,Dr. Gupta shows Elmo how to make a mask,"During the CNN Sesame Street town hall, Dr. Sanjay Gupta explains to Elmo why people are wearing masks and how to make one during the Covid-19 pandemic.",https://www.cnn.com/videos/health/2020/04/25/elmo-sesame-street-people-wearing-masks-gupta-sot-town-hall-vpx.cnn,https://cdn.cnn.com/cnnnext/dam/assets/200425093627-elmo-sesame-street-people-wearing-masks-gupta-sot-town-hall-vpx-00014311-super-tease.jpg,2020-04-25T13:52:16Z,Chat with us in Facebook Messenger. Find out what's happening in the world as it unfolds.
1,"{'id': 'cnn', 'name': 'CNN'}",Maggie Fox,"Deaths spiked as Covid-19 spread in March and April, new analysis finds","Deaths across America spiked as Covid-19 began its spread, and many were never attributed to the new coronavirus, researchers reported Monday.",https://www.cnn.com/2020/04/27/health/deaths-spike-covid-spread/index.html,https://cdn.cnn.com/cnnnext/dam/assets/200427013306-01-coronavirus-connecticut-0424-super-tease.jpg,2020-04-27T22:16:09Z,"(CNN)Deaths across America spiked as Covid-19 began its spread, and many were never attributed to the new coronavirus, researchers reported Monday.
""Notable increases"" in deaths were seen in March and early April, the team led by the Yale School of Public Health found. This was especially true in New York and New Jersey, states hard-hit by the pandemic. 
The study was first reported by the Washington Post.
Using data from the Centers for Disease Control and Prevention, the team found about 15,000 excess deaths from March 1 to April 4. During the same time, states reported 8,000 deaths from Covid-19. ""That is close to double,"" Dan Weinberger, who studies the epidemiology of infectious diseases at Yale, told CNN.
The team could not show whether the increased deaths were due to coronavirus, Weinberger said. But there are strong indications that they were. For instance, the team also looked at data on doctor visits.
""What we see is that in many states, you see an increase in influenza-like illnesses, and then a week or two later, you see an increase in deaths due to pneumonia and influenza,"" Weinberger said. ""It provides some confirmation that what we are seeing is related to coronavirus."" 
Plus, in especially hard-hit states such as New York and New Jersey, where coronavirus is known to have spread widely and infected many people, overall deaths were far in excess in what would normally have been expected in March. 
""In New York City, this discrepancy was even more stark, with three to four times as many excess all-cause deaths as pneumonia and influenza deaths,"" the team wrote.
Some states, such as New York, seemed to keep up with the Covid-19 deaths. The state reporting of deaths in the pandemic closely tracked what the Yale team found. But others did not.
""For instance, California had 101 reported deaths due to COVID-19 and 399 excess pneumonia and influenza deaths,"" the team wrote in a preprint published online in MedRxiv (pronounced Med Archive). 
The new coronavirus causes respiratory disease, and deaths would presumably be listed among the regular reports of deaths and illness from pneumonia and influenza. But doctors are increasingly reporting other, sometimes fatal, symptoms from Covid-19, including strokes, kidney failure and heart damage.
Patients already weakened by pre-existing conditions such as diabetes, cancer and heart disease may have had a death listed as being due to one of those causes, rather than coronavirus. 
Plus, it's possible that coronavirus lockdowns would have led to a lower-than-average death rate. For instance, if fewer people were driving, traffic deaths could be expected to fall, Weinberger said.
So Weinberger's team looked at both deaths from pneumonia and influenza, and deaths from all causes.
""We decided to look at all deaths from pneumonia, or all deaths overall, and see how those numbers were changing,"" Weinberger said.
The CDC tracks deaths from pneumonia and influenza by the week, and compares them to a baseline of deaths to keep tabs on the annual epidemic of seasonal flu. Separately, the National Center for Health Statistics, part of the CDC, keeps data on all reported deaths.
The Yale-led team subtracted the expected number of deaths for each week from the total number of deaths that were actually reported, and counted the extra as Covid deaths.
""Many states experienced a notable increase in the proportion of total deaths due to P&amp;I (pneumonia and influenza) starting in mid-March through March 28 compared to what would be expected based on the time of year and influenza activity,"" the team wrote in their report.
Weinberger's team found evidence that people were dying as states struggled to find out if the virus had even arrived in their regions. ""In some states, such as Florida and Georgia, the increase in deaths due to pneumonia and influenza preceded the widespread adoption of testing for the novel coronavirus by several weeks,"" they wrote. 
The researchers said their work shows it may be more accurate to estimate Covid deaths, rather than try to count each and every positive test.
""Given the lack of adequate testing and geographical variability in testing intensity, this type of monitoring provides key information on the severity of the epidemic in different geographic regions,"" they wrote.
""It also provides some indication of the degree to which viral testing is missing deaths associated with COVID-19 directly or indirectly.""
Some public health experts have said Covid-19 was almost certainly spreading in the United States in January and perhaps as early as December, long before the U.S. reported the first official death. Some state and local health officials are going back to see if people who died in January and February may have in fact been infected with coronavirus. 
Officials in California said last week that a 57-year-old woman who died February 6 had been infected with Covid-19 and was actually the first recorded death in the US from the virus. Before that announcement, the first coronavirus death in the US was thought to be that of a man in Washington on Feb. 29."
2,"{'id': 'cnn', 'name': 'CNN'}",,Video shows how quickly coronavirus can spread,An experiment in Japan conducted by broadcaster NHK and a team of medical experts shows how quickly and easily Covid-19 can spread. CNN's Anna Coren reports.,https://www.cnn.com/videos/health/2020/05/14/japan-video-coronavirus-spread-coren-pkg-intl-ldn-vpx.cnn,https://cdn.cnn.com/cnnnext/dam/assets/200514134432-japan-video-coronavirus-spread-coren-pkg-intl-ldn-vpx-00010009-super-tease.jpg,2020-05-14T12:57:35Z,Chat with us in Facebook Messenger. Find out what's happening in the world as it unfolds.
3,"{'id': 'cnn', 'name': 'CNN'}","Kristen Rogers, CNN",How to improve your respiratory health in case you get Covid-19,"Covid-19 is a respiratory illness, meaning if a person is infected, the condition of their respiratory system is one determinant of how they'll fare with the disease.",https://www.cnn.com/2020/05/06/health/how-to-improve-respiratory-health-coronavirus-wellness/index.html,https://cdn.cnn.com/cnnnext/dam/assets/200505150437-run-respiratory-health-super-tease.jpg,2020-05-06T08:43:17Z,"(CNN)Covid-19 is a respiratory illness, meaning if a person is infected, the condition of their respiratory system is one determinant of how they'll fare with the disease.
First it's important to understand how the virus attacks our lungs. When people are infected, the virus travels to the mucus membranes and then the lungs. To control the infection, the body responds with inflammation in the lungs. And this inflammation prevents the lungs from being able to oxygenate the blood and remove carbon dioxide, which leads the patient to gasp for air andsuffer more serious illness. 
But there are things you can do to improve respiratory health, just by changing a few lifestyle factors, according to Dr. Robert Eitches, an allergist and immunologist at Cedars-Sinai Medical Center in Los Angeles. Enhancing your respiratory healthdoesn't prevent you from getting infected, he said. But itdoes have benefits that may reduce the severity of the illness if you are infected, and therefore your exposure to the virus. 
Here's how you can strengthen your body's respiratory capacity so that if you do get infected with coronavirus, the chances of serious illness may be lower. 
One of the most important steps to improving your respiratory health is avoiding anything that impairs lung function, such as smoking cigarettes and vaping, Eitches said. 
Smoking and vaping cause irritation in the lung airways that leads to permanent, adverse effects on lung function by destroying lung tissue where air exchange occurs. 
""Smoke is composed of small particles; when inhaled, the particles get stuck in the lungs,"" Eitches said. ""This begins a vicious cycle of permanent lung damage."" 
Both activities can also suppress the immune system, which you need to be able to help fight infections. 
Dr. Ryan Steele, an allergist-immunologist and assistant professor at the Yale School of Medicine, cautioned against smoking marijuana, too. 
""Even though there's a lot of controversy around the benefits of the drug, anything that you are inhaling into your lungs that's a combustible product will certainly increase the stress on your lungs and the level of inflammation,"" he said. ""Even if it's for medical purposes, you want to be careful with anything that you're igniting and inhaling into your lungs at this point."" 
Two other potentially harmful behaviors are sitting by the fireplace or lit candles, Eitches said. This might be a bummer since both of those activities are relaxing. But similar to smoking or vaping, a fireplace -- especially a wood-burning fireplace -- ""emits smoke into the environment, which you would then inhale and then deposit into your chest,"" he said. 
Many candles have metal wicks, which are vaporized along with smoke and can cause similar lung damage. 
Exercise can improve respiratory capacity, or breathing ability. Alveoli are tiny, balloon-shaped air sacs arranged in clusters throughout the lungs. They're integral to the respiratory system, as they exchange oxygen and carbon dioxide to and from the bloodstream. 
When a person is sedentary, Steele said, that results in a phenomenon called ""atelectasis,"" when the lung sacs don't have enough air and collapse slightly. To improve the lung sac capacity, people have to ""breathe against resistance,"" he added. 
""You can think of it like a partially deflated balloon,"" he suggested. ""And what's the way that you keep the air inside a balloon? You tie a knot in it to increase the resistance, so the air has to work harder to get out."" 
By breathing against resistance when exercising, you're ""actually helping to expand and keep open the air sacs"" in your lungs, Steele said. 
In addition to cardio, yoga and stretching, breathing exercises such as pursed lip breathing and deep yogic nasal breathing can help and are easy to do wherever you are, Eitches suggested. Pursed lip breathing is when you take in a deep breath with your mouth, close your lips, then exhale through them as if you're blowing up a balloon. There are similar benefits from deep yogic nasal breathing as you filter the air through your nose. 
Improving your lung function means ""you would be less likely to hit a critically low lung function state, which would in turn cause you to not be able to oxygenate your blood,"" Eitches said. 
""Respirators essentially breathe for you to try to push open your airways. These exercises will teach you how to fight off the respiratory side effects [of Covid-19] on your own."" 
Additionally, Steele said, exercise decreases inflammation in the body and can reduce the occurrence of acute respiratory distress syndrome, a serious complication in some patients hospitalized with Covid-19. 
Reduce excess mucus buildup
""Mucus is naturally occurring in our bodies, and it provides a very important function to maintain good health in our respiratory tract,"" Steele said. ""It helps to capture [allergens, bacteria and viruses].""
In our respiratory tract, we have little hairs called cilia that move those threats out of our tract. We swallow the majority of mucus, Steele said, but when we have thingsthat irritate our nasal passages, we can produce too much mucus and be unable to clear it. This creates a breeding ground for bacteria and viruses, and blocks oxygen from entering and leaving the pathways of the lungs. 
We also have mucus in our lungs. People with asthma produce too much mucus, which can predispose them to blockages and inflammation in their airways, Steele said.
There may be a connection between diet and mucus buildup. ""Some people believe that inflammatory foods such as milk and wheat increase mucus production,"" Eitches said. ""Another school of thought that I have seen to work both anecdotally with my patients and with myself is eating spicy foods.""
Spicy foods that have capsaicin -- chiles, jalapenos, cayenne, hot sauce -- can thin mucus and allow it to be coughed out. 
There are a few methods for controlling excess mucus: You could try a saline nasal spray if you have allergies. People with asthma can use their inhalers to decrease inflammation, which reduces mucus. Taking a hot shower or boiling hot water to make a hot towel compress may also work, as the steam mixes with mucus to thin it out. 
""[Mucus] is something where if you have too little, it's bad because we can get infections,"" Steele said. ""If you have too much, it can block your ability to breathe and also increase infection. So you want just the right amount."" 
Minimize exposure to allergens
Spending more time indoors during the pandemic means we're increasingly exposed to indoor dust. And since it is now spring, there's pollen everywhere. 
Both can set off allergies and asthma, Eitches said, and we need a functioning nose to get clean air into our chest airways. 
""When you are allergic, you get swelling of the inner nose tissue and excess mucus production,"" he added. ""When you are unable to breathe from your nose, you switch from nasal breathing to mouth breathing. The lungs want warm, clean, humidified air from the nose -- the air it cannot get from the mouth.""
Managing dust via cleaning and an air filter, and managing pollen allergies with medication, can help avoid having to rub or blow your nose to open it up -- If your hands are unclean, you risk becoming infected with the virus. 
For dust, a high-efficiency particulate air (HEPA) filter would help to remove the majority of allergens from the air, Steele said. Air conditioning registers also need to be cleaned. When pets go outside, wipe them off before they come in the house to rid them of any pollen. 
If people practice these techniques, they may have a milder course of illness if infected with coronavirus, Eitches said. 
""These suggestions have immediate benefit, but don't expect to see dramatic results overnight,"" he added. ""Your body will be subtly improved, and your body will be able to handle coronavirus and other infections.""
Taking steps to improve respiratory health is another tool to add to one's prevention kit, as we weather the pandemic and anticipate another possible wave in the fall. 
""The stronger your baseline health, the stronger your body will be to fight off infections,"" Eitches said. ""It's like having the appropriate ammunition to fight a war."" 
CNN's Brian Fung and Jen Christensen contributed to this report."
4,"{'id': 'cnn', 'name': 'CNN'}",,Shanghai Disneyland has reopened. See how it's working,"After months of shutdown, Shanghai Disneyland is the first Disney theme park to reopen since the Covid-19 outbreak prompted closures around the world. CNN's David Culver reports.",https://www.cnn.com/videos/travel/2020/05/11/china-shanghai-disney-reopens-coronavirus-culver-pkg-intl-hnk-vpx.cnn,https://cdn.cnn.com/cnnnext/dam/assets/200511104555-shanghai-disney-reopens1-super-tease.jpg,2020-05-11T10:36:28Z,Chat with us in Facebook Messenger. Find out what's happening in the world as it unfolds.
5,"{'id': 'cnn', 'name': 'CNN'}","Madeline Holcombe, CNN",Coronavirus cases are spiking across the country and experts say Florida has the makings of the next epicenter,"Ten states saw a record number of new Covid-19 cases this week, and one of them could be the next epicenter of the pandemic.",https://www.cnn.com/2020/06/18/us/us-coronavirus-thursday/index.html,https://cdn.cnn.com/cnnnext/dam/assets/200618005326-us-coronavirus-thursday-0618-super-tease.jpg,2020-06-18T08:09:07Z,"(CNN)Ten states saw a record number of new Covid-19 cases this week, and one of them could be the next epicenter of the pandemic.
Florida has ""all the markings of the next large epicenter of coronavirus transmission,"" and risks being the ""worst it has ever been,"" according to Wednesday's projections from a model put together by a team of scientists at Children's Hospital of Philadelphia and the University of Pennsylvania.
The state joins nine others -- Alabama, Arizona, California, Nevada, North Carolina, Oklahoma, Oregon, South Carolina and Texas -- that are seeing record-high seven-day averages of new coronavirus cases per day, according to a CNN analysis of data from Johns Hopkins University. 
Twenty-one states are seeing an upward trend in new coronavirus cases and health experts continue to stress the importance of taking precautions to mitigate the virus's spread. Despite the rising number of cases, the White House has downplayed the risks, with President Donald Trump saying in an interview with Gray TV on Wednesday that the virus is ""dying out.""
At the same time that the White House narrative is at odds with the data, health experts including Dr. Deborah Birx and Dr. Anthony Fauci have been absent from many public updates. Dr. Johnathan Reiner, a professor of medicine at George Washington University, told CNN's Erin Burnett it's because ""they tell the truth.""
""And the truth is that the pandemic is still very, very active in the United States and that we're not getting back to normal and there are difficult things that the public has to do,"" Reiner said. 
According to data from Johns Hopkins University:
 21 states are seeing upward trends in newly reported cases from one week to the next: Alabama, Alaska, Arizona, Arkansas, California, Delaware, Florida, Georgia, Hawaii, Kansas, Oregon, Louisiana, Montana, Nevada, North Carolina, Oklahoma, South Carolina, Tennessee, Texas, West Virginia and Wyoming.
 Eight states are seeing steady numbers of newly reported cases: Connecticut, Indiana, Maine, Mississippi, Ohio, South Dakota, Utah and Washington.
 21 states are seeing a downward trend: Colorado, Idaho, Illinois, Iowa, Kentucky, Maryland, Massachusetts, Michigan, Minnesota, Missouri, Nebraska, New Hampshire, New Mexico, New Jersey, New York, North Dakota, Pennsylvania, Rhode Island, Vermont, Virginia and Wisconsin.
 One state, Vermont, has seen a decrease of at least 50%.
Nationwide, more than 2 million people have been infected and 117,717 people have died of the virus.
Officials downplay record cases
On Wednesday, the virus claimed 755 lives in the US, according to data from Johns Hopkins University.
State officials are navigating the outbreak and managing the rising number of infections on their own.
Los Angeles County, which accounts for almost half of California's cases, on Wednesday reported another single-day high of new cases. But officials attributed the county's increase to a lag in test reports.
Other politicians have also attributed higher case numbers to increased testing, but Dr. Ezekiel Emanuel, chair of the Department of Medical Ethics and Health Policy at the University of Pennsylvania, said surges are outpacing testing.
'When you see 50% or 150% increase in the number of cases you are seeing -- which is what we are seeing across the South -- that's not testing. That's new cases. That's community spread,"" he said.
Texas also reported a record-high number of daily Covid-19 hospitalizations on Monday, with 2,326.
Florida recorded almost 2,800 new coronavirus cases also on Monday -- its highest number of new and confirmed cases in a single day, according to the Florida Department of Health.
But Gov. Ron DeSantis said the state will not shut down.
The governor attributed the spike in cases to increased testing as well as outbreaks in prisons, agricultural communities and long-term care facilities.
Alabama and Arizona join calls for mask mandates
Some local officials are hoping to manage the spread by mandating mask usage.
A day after the city council failed to pass an ordinance, Montgomery, Alabama, Mayor Steven Reed implemented an executive order Wednesday requiring those in the city to wear face masks and coverings, according to a post from the city's official Twitter account.
Arizona physicians have called upon Gov. Doug Ducey to implement a similar executive order statewide. While the governor announced Wednesday that he would be calling upon 300 National Guard soldiers to help with contact tracing, he said he would leave mask requirement decisions to mayors.
Some local leaders are unlikely to follow what he called ""a self-defeating executive order,"" he said.
Earlier this week, nine Texas mayors, including those in Houston, Dallas, Austin and San Antonio, have
 urged Gov. Greg Abbott to give them the authority to require masks be worn in public ""where physical distancing cannot be practiced.""
The mayors and physicians have reason to believe the requirements could be effective. A study reported Tuesday found that an estimated 230,000 to 450,000 cases of the virus were prevented in states that required mask use between April 8 and May 15.
Large events yield positive coronavirus tests
Loosening precautions and restrictions means more people are gathering in larger groups, which has in some cases swiftly resulted in positive coronavirus tests.
Pinal County, Arizona, Sheriff Mark Lamb announced Wednesday that he tested positive for Covid-19 and is self-quarantining for at least 14 days. He said it is ""likely"" that he came into contact with an infected person at a campaign event he held on Saturday. 
The county Public Health Department is working to track everyone he came into contact with, he said on Facebook.
Earlier this week, a group of 16 friends in Florida, said they all became infected with coronavirus after a night out at a recently reopened bar.
Still, Oklahoma, one of the states reporting a record-setting number of new cases, is scheduled later this week to host a campaign rally for Trump. 
When questioned, Trump said he was not worried about attendees getting sick.""Actually, Oklahoma has had a very low rate relatively speaking. It is a little spike, a small spike for a specific reason,"" he said. ""We'll go there, everyone is going to be safe.""
Republican Sen. James Lankford of Oklahoma acknowledged the rise in rates to CNN's Erin Burnett Wednesday, but said the rally should not be postponed and ""we are pushing people to be attentive on this.""
CNN's Nikki Carvajal, Shelby Lin Erdman, Joe Sutton, Dave Alsup, Pierre Meilhan, Jamiel Lynch, and Holly Yan contributed to this report."
6,"{'id': 'cnn', 'name': 'CNN'}",,Dr. Fauci gets upset with GOP lawmaker's question,Dr. Anthony Fauci gave a fiery response to Rep. David McKinley (R-WV) after being asked about discouraging people from wearing masks early in the Covid-19 pandemic.,https://www.cnn.com/videos/health/2020/06/23/anthony-fauci-masks-question-vpx.cnn,https://cdn.cnn.com/cnnnext/dam/assets/200623142608-anthony-fauci-masks-question-vpx-00000000-super-tease.jpg,2020-06-23T18:35:15Z,Chat with us in Facebook Messenger. Find out what's happening in the world as it unfolds.
7,"{'id': 'cnn', 'name': 'CNN'}",,Health official is threatening patients with subpoenas. See why,CNN's Kate Bolduan talks to a New York health commissioner about the great lengths she has taken to get contact tracers to comply with Covid-19 case investigators.,https://www.cnn.com/videos/us/2020/07/02/health-official-use-subpoenas-to-contract-trace-bolduan-intv-ip-vpx.cnn,https://cdn.cnn.com/cnnnext/dam/assets/200702143024-dr-ruppert-super-tease.jpg,2020-07-02T18:47:54Z,Chat with us in Facebook Messenger. Find out what's happening in the world as it unfolds.
8,"{'id': 'cnn', 'name': 'CNN'}",,See star-studded 'Princess Bride' remake,"Streaming platform Quibi's ""Home Movie: The Princess Bride"" featured a range of famous celebrities who recorded their scenes at home in Covid-19 lockdown.",https://www.cnn.com/videos/movies/2020/06/29/princess-bride-movie-celebrity-remake.cnn,https://cdn.cnn.com/cnnnext/dam/assets/200629161205-princess-bride-remake-thumbnail-super-tease.jpg,2020-06-29T21:48:00Z,Chat with us in Facebook Messenger. Find out what's happening in the world as it unfolds.
9,"{'id': 'cnn', 'name': 'CNN'}",,Bakari Sellers: We elected a reality show president and ended up in 'Survivor',CNN's Bakari Sellers discusses the disparity between President Donald Trump's talking points and what is happening in the country amid the Covid-19 pandemic.,https://www.cnn.com/videos/politics/2020/07/15/bakari-sellers-trump-coronavirus-pandemic-reality-show-president-sot-newday-vpx.cnn,https://cdn.cnn.com/cnnnext/dam/assets/200715081849-bakari-sellers-super-tease.jpg,2020-07-15T12:26:41Z,Chat with us in Facebook Messenger. Find out what's happening in the world as it unfolds.
10,"{'id': 'cnn', 'name': 'CNN'}",,Covid-19 victim's spouse explains why he took off his PPE in final moments,"ICU Dr. Joseph Costa died after battling Covid-19. His husband, David Hart, remembers his emotional final moments as staff throughout the ICU gathered to say goodbye.",https://www.cnn.com/videos/us/2020/08/05/covid-victim-spouse-david-hart-ac360-sot-vpx.cnn,https://cdn.cnn.com/cnnnext/dam/assets/200804212406-david-hart-joseph-costa-coromnavirus-super-tease.jpg,2020-08-05T01:30:33Z,Chat with us in Facebook Messenger. Find out what's happening in the world as it unfolds.
11,"{'id': 'cnn', 'name': 'CNN'}",,10-year-old creates video journal while fighting coronavirus,"Kendall Hanson, a 10-year-old girl in Orange County, Florida, created a video journal to document her experience with Covid-19.",https://www.cnn.com/videos/health/2020/08/02/kendall-hanson-video-journal-coronavirus-ndwknd-vpx-paul-intv.cnn,https://cdn.cnn.com/cnnnext/dam/assets/200802081111-kendall-hanson-1-super-tease.jpg,2020-08-02T12:49:20Z,Chat with us in Facebook Messenger. Find out what's happening in the world as it unfolds.
12,"{'id': 'cnn', 'name': 'CNN'}",,Tapper hammers HHS assistant secretary on testing delays,Assistant secretary for Health and Human Services Admiral Brett Giroir discusses testing delays plaguing the US amid the Covid-19 pandemic.,https://www.cnn.com/videos/politics/2020/07/26/brett-giroir-coronavirus-testing-delays-sot-sotu-vpx.cnn,https://cdn.cnn.com/cnnnext/dam/assets/200726091552-adm-brett-giroir-sotu-tapper-split-super-tease.jpg,2020-07-26T15:36:10Z,Chat with us in Facebook Messenger. Find out what's happening in the world as it unfolds.
13,"{'id': 'techcrunch', 'name': 'TechCrunch'}",Jonathan Shieber,"Trying to make up for lost time, the CDC will distribute 1.1 million COVID-19 tests by this weekend","In a press conference late on Friday, Vice President Mike Pence said that the government will finally have the capacity to provide over 1 million tests for the novel coronavirus, COVID-19. Joined by representatives of the Food and Drug Administration, the Cen…",http://techcrunch.com/2020/03/06/trying-to-make-up-for-lost-time-the-cdc-will-distribute-1-1-million-covid-19-tests-this-weekend/,https://techcrunch.com/wp-content/uploads/2020/02/coronavirus-testkit-sample-5.jpg?w=600,2020-03-07T00:44:53Z,"In a press conference late on Friday, Vice President Mike Pence said that the government will finally have the capacity to provide over 1 million tests for the novel coronavirus, COVID-19.
Joined by representatives of the Food and Drug Administration, the Centers for Disease Control and Prevention, and the National Institute for Allergy and Infectious Diseases, the vice president detailed the continuing efforts from the White House to coordinate a response to the spread of the coronavirus.
The CDC will distribute test kits capable of testing over 1.1 million people by the end of the weekend, and another 1 million tests will be in quality assurance testing by next week, according to Food and Drug Administration Commissioner Dr. Stephen Hahn.
Initially the White House had hoped to have distributed the test kits by the end of the week, but was not able to ramp up to meet that demand. Now, Pence is saying that the capacity to conduct at least 2.1 million tests will be available by next week — and that a consortium of private testing companies will add still more capacity as time goes by.
Yesterday the White House announced that it had established a consortium of the nation’s largest private testing companies, which are now mobilizing to provide test kits to commercial and private institutional testing facilities around the country. Attendees at the White House meeting yesterday included LabCorp, Quest Diagnostics, Thermo Fisher Scientific, Abbott Laboratories and the Mayo Clinic, according to reporting from Reuters.
Earlier this week Lab Corp said it would begin offering immediate tests for COVID-19, while Quest Diagnostics said it would start testing next week. The two private test manufacturers will be able to charge for their tests, while the ones conducted by the CDC and state run facilities are free.
On Wednesday, the Trump Administration declared that the COVID-19 test would qualify as an essential health benefit — which means Medicaid and Medicare would cover testing costs. Under the Affordable Care Act (which the administration is trying to unwind) large-employer health plans must cover the cost of health benefits like preventive testing — but those tests don’t have to be free, according to CNBC reporting.
Until last week, only labs that were approved by the CDC could administer tests for the coronavirus, but the CDC opened new testing facilities for people potentially infected with the virus after an outcry from state and local governments.
While the government is touting the capacity for testing, the actual numbers are falling far short of official claims, according to a report in The Atlantic.
The report claims that only 1,895 people have been tested for the coronavirus in the U.S., and about 10% of the people tested have contracted the disease. Even with the new tests available to states and local governments, the capacity only allows for several thousand tests to be conducted — not the tens of thousands the White House has hoped for, according to the report.
Meanwhile, official reporting at the CDC is lagging behind other indicators, painting a far different official picture of the spread of the disease than the one that’s reflected by realities in the aggregation of local government reporting. According to the latest data from a disease tracker provided by Johns Hopkins University, there are 299 cases of the coronavirus in the U.S. The CDC is only reporting 164. 
The reason is that the government stopped reporting the total number of cases and has left that to the States. As the Atlantic reports:
 In South Korea, more than 66,650 people were tested within a week of its first case of community transmission, and it quickly became able to test 10,000 people a day. The United Kingdom, which has only 115 positive cases, has so far tested 18,083 people for the virus.
Normally, the job of gathering these types of data in the U.S. would be left to epidemiologists at the CDC. The agency regularly collects and publishes positive and negative test results for several pathogens, including multiple types of the seasonal flu. But earlier this week, the agency announced that it would stop publishing negative results for the coronavirus, an extraordinary step that essentially keeps Americans from knowing how many people have been tested overall.
The CDC has justified its lack of tracking by saying that it couldn’t accurately reflect the number of tests conducted as states take responsibility for their own testing.
States are reporting results quickly, and in the event of a discrepancy between CDC and state case counts, the state case counts should always be considered more up to date,” said Nancy Messonnier, who is responsible for overseeing CDC’s response and research into respiratory diseases.
Ultimately, the U.S. government seems to be [finally] ramping up its response to the spread of the virus here by providing health officials with the tools they need to accurately test for how widely the disease has spread in the population, while at the same time making it much harder to communicate the information the public would need to make educated choices on how to respond."
14,"{'id': 'techcrunch', 'name': 'TechCrunch'}",Darrell Etherington,Kinsa’s fever map could show just how crucial it is to stay home to stop COVID-19 spread,"Smart thermometer maker Kinsa has been working on building, accurate, predictive models of how seasonal illnesses like the flu travel in and among communities – and its fever map is finding new utility as the novel coronavirus pandemic grows globally. While K…",http://techcrunch.com/2020/03/23/kinsas-fever-map-could-show-just-how-crucial-it-is-to-stay-home-to-stop-covid-19-spread/,https://techcrunch.com/wp-content/uploads/2020/03/Screen-Shot-2020-03-23-at-5.15.26-PM.png?w=764,2020-03-23T21:16:25Z,"Smart thermometer maker Kinsa has been working on building, accurate, predictive models of how seasonal illnesses like the flu travel in and among communities and its fever map is finding new utility as the novel coronavirus pandemic grows globally. While Kinsa’s US Health Weather Map has no way of tracking spread of COVID-19 specifically, since it looks only at fevers tied to geographic data, it could provide easy-to-grasp early indicators of the positive effects of social distancing and isolation measures at the community level.
At the time that Kinsa’s health weather map was covered in the New York Times in February, the company had around a million thermometers in market in the U.S., but it had experienced a significant increase in order volume of as man as 10,000 units per day in the week prior to its publication. That means that the company’s analytics are based on a very large data set relative to the total U.S. population, which Kinsa founder and CEO Inder Singh told me allowed them to achieve an unprecedented level of accuracy and granularity in flu forecasting down to the community level, working in partnership with Oregon State University Assistant Professor Ben Dalziel.
“We showed that the core hypothesis for why I started the company is real and the core hypothesis was you need real-time, medically accurate, geolocated data that’s taken from people who’ve just fallen ill to detect outbreaks and predict the spread of illness,” Singh said. “What we did with our data is we punched it into Ben’s existing, first-principal models on infectious disease spread. And we were able to show that on September 15, we could predict the entire rest of cold and flu season with hyper-accuracy in terms of the peaks and the valleys all the way out to the rest of flu season, i.e., 20 weeks out on a hyperlocal basis.”
Prior to this, there have been efforts to track and predict flu transmission, but the “state-of-the-art” to date has been predictions at the national or multi-state level even trends in individual states, let alone within communities, was out of reach. And in terms of lead time, the best achievable was essentially three weeks out, rather than multiple months, as is possible with Kinsa and Dalziel’s model.
Even without the extraordinary circumstances presented by the global COVID-19 pandemic, what Singh, Dalziel and Kinsa have been able to accomplish is a major step forward in tech-enabled seasonal illness tracking and mitigation. But Kinsa also turned on a feature of their health weather map called ‘atypical illness levels’ a month ago, and that could prove an important leading indicator in shedding more light on the transmission of COVID-19 across the U.S. and the impact of key mitigation strategies like social distancing.
“We’re taking our real-time illness signal, and we’re subtracting out the expectation,” Singh says, explaining how the new view works. “So what you’re left with is atypical illness. In other words, a cluster of fevers that you would not expect from normal cold and flu time. So, presumably, that is COVID-19; I cannot definitively say it’s COVID-19, but what I can say is that it’s an unusual outbreak. It could be an anomalous flu, a strain that’s totally unexpected. It could be something else, but at least a portion of that is almost certainly going to be COVID-19.”
[gallery ids=""1964196,1964197""]
In the example above, Singh says that the spike in fevers coincides with reports of Miami residents and tourists ignoring guidance around recommended distancing. The steep drop-off, however, follows after more extreme measures including beach closures and other isolation tactics were adopted in the area. Singh says that they’re regularly seeing that areas where residents are ignoring social distancing best practices are seeing spikes, and that as soon as those are implemented, via lock-downs and other measures, within five days of those aggressive actions you begin to see downward dips in the curve.
Kinsa’s data has the advantage of being real-time, and continually updated by its users. That provides it a time advantage over other indicators, like the results of increased testing programs for COVID-19, in terms of providing some indication of the more immediate effects of social distancing and isolation strategies. One of the criticisms that has appeared relative to these tactics is that the numbers continue to grow for confirmed cases but experts expect those cases to grow as we expand the availability of testing and identify new cases of community transmission, even though social distancing is having a positive impact.
As Singh pointed out, Kinsa’s data is strictly about fever-range temperatures, not confirmed COVID-19 cases. But fever is a key and early symptom of COVID-19 in those who are symptomatic, and Kinsa’s existing work on predicting the prevalence of fevers related to cold and flu strongly indicate that what we’re looking at is in fact, at least to a significant degree, COVID-19 spread.
While some have balked at other discussions around using location data to track the spread of the outbreak, Singh says that they’re only interested in two things: geographic coordinates, and temperature. They don’t want any personal identification details that they can tie to either of those signals, so it truly an anonymous aggregation project.
“There is no possible way to reverse engineer a geographic signal to an individual it’s not possible to do it,” he told me. “This is the right equation to both protect people’s privacy and expose the data that society and communities need.”
For the purposes of tracking atypical illness, Kinsa isn’t currently able to get quite as granular as it is with its standard observed illness map, because it requires a higher degree of sophistication. But the company is eager to expand its dataset with additional thermometers in the market. The Kinsa hardware is already out of stock everywhere, as are most health-related devices, but Singh says they’re pressing ahead with suppliers on sourcing more despite increased component costs across the board. Singh is also eager to work with other smart thermometer makers, either by inputting their data into his model, or by making the Kinsa app compatible with any Bluetooth thermometer that uses the standard connection interface for wireless thermometer hardware.
Currently, Kinsa is working on evolving the atypical illness view to include things like a visual indicator of how fast illness levels are dropping, and how fast they should be dropping in order to effectively break the chain of transmission, as a way to further help inform the public on the impact of their own choices and actions. Despite the widespread agreement by health agencies, researchers and medical professionals, advice to stay home and separated from others definitely presents a challenge for everyone especially when the official numbers released daily are so dire. Kinsa’s tracker should provide a ray of hope, and a clear sign that each invidious contribution matters."
15,"{'id': 'techcrunch', 'name': 'TechCrunch'}",Darrell Etherington,"Non-profit aims to get COVID-19 field tests, N95 masks and more to healthcare workers without markups","A new Sydney-based non-profit volunteer organization called RapidWard launches this week, with a focus on getting critical medical supplies from producers in China to healthcare professionals, doctors, hospitals and governments worldwide who need them. The gr…",http://techcrunch.com/2020/03/24/non-profit-aims-to-get-covid-19-field-tests-n95-masks-and-more-to-healthcare-workers-without-markups/,https://techcrunch.com/wp-content/uploads/2020/03/b44f31d7-2493-4427-823d-5761b4806cf8.jpg?w=533,2020-03-24T15:41:20Z,"A new Sydney-based non-profit volunteer organization called RapidWard launches this week, with a focus on getting critical medical supplies from producers in China to healthcare professionals, doctors, hospitals and governments worldwide who need them. The group, founded by serial entrepreneur and advisor Milton Zhou, has ample supply chain experience and recognized the need for a solution that focused on establishing distribution pathways that eschew markups in order to make supplies available at-cost.
Zhou, Australian-born founder of Chinese descent who leads Australian sustainable energy company Maoneng as CEO, has been following the coronavirus pandemic and the impact its had in terms of incurring panic buying and hoarding behaviour for much-needed medical equipment. Through existing personal connections, Zhou says that he has access to a factory in China that produces a type of test kit used broadly in that nation’s efforts to combat the spread of COVID-19 (and approved by its equivalent of the FDA).
These kits can produce results in just 15 minutes, using a serological assay that looks for the presence of antibodies in a patient’s bloodstream. This differs from the PCR type of test that is currently in use in the U.S., which looks for the presence of viral DNA in patient mucus samples collected via swab. While the serological test can’t detect COVID-19 during the incubation period, it is reliable once symptoms begin to present, and could help greatly with in-situ diagnostic efforts for patients already presenting with known indicators freeing up PCR tests for broader use, including asymptomatic screening.
These kits can be provided in volumes of 70,000 per day by RapidWard’s suppliers, the company says, and will be available at the cost of production and shipping of $12 per test. Zhou said that RapidWard is also sourcing lab-free 15-minute saliva-based tests that are in use in both Korea and China, and that can be supplied at a volume of up to 20 units per day.
RapidWard’s supplies also include disposable N95 masks that meet the standards of the FDA and the National Institutes for Occupational Safety and Health, and its partners can produce them (to FDA specs) at a volume of up to 100,000 per day. As with the tests, RapidWard’s focus is on sourcing and supplying these at-cost, without any markups or profits for the organization itself.
Right now, the company is focused on working with and supplying official health organizations and governments in need, but it does have a means for individuals to sign up to register interest, since it plans on offering equipment directly to consumers should supply ever catch up to a point where it’s meeting critical health professional demand and that becomes possible.
RapidWard is encouraging any government or medical institution in need of supplies to get in touch. Even if it can’t provision directly, Zhou says they’re interested in working with these parties to sort out supply chains in China wherever they’re able."
16,"{'id': 'techcrunch', 'name': 'TechCrunch'}",Catherine Shu,"Senate, White House reach deal on $2 trillion stimulus package to lessen COVID-19’s economic impact","After five days of negotiations, Senate leaders and the Trump administration the White House said early Wednesday morning that Senate leaders and the Trump administration have reached a deal on a $2 trillion stimulus package to help relieve the economic impac…",http://techcrunch.com/2020/03/24/senate-white-house-reach-deal-on-2-trillion-stimulus-package-to-lessen-covid-19s-economic-impact/,https://techcrunch.com/wp-content/uploads/2020/03/GettyImages-586900699.jpg?w=600,2020-03-25T06:54:09Z,"After five days of negotiations, Senate leaders and the Trump administration the White House said early Wednesday morning that Senate leaders and the Trump administration have reached a deal on a $2 trillion stimulus package to help relieve the economic impact of COVID-19.
“Ladies and gentlemen, we are done. We have a deal,” White House legislative affairs director Eric Ueland told reporters around 1AM, according to the Washington Post.
Senate Majority leader Mitch McConnell and Minority Leader Chuck Schumer, who negotiated with Ueland, Secretary of the Treasury Steven Mnuchin and other officials, are expected to discuss the deal in Senate soon.
The deal still needs to be approved by the Senate and House of Representatives, but the stock market rose on Tuesday as reports came out that an agreement was imminent, with the Dow Jones Industrial Average gaining more than 2,100 points, or 11.4%.
The size of the stimulus package has grown over the past week, from the $850 billion that the Trump administration reportedly first asked for, to the current $2 trillion.
The deal includes an increase in unemployment insurance, $130 billion earmarked for hospitals, $1,200 checks to many Americans and a $367 billion loan program for small businesses, among other provisions.
According to New York Times reporter Alan Rappeport, the deal also includes a provision, secured by Schumer, that bars businesses controlled by the president, vice president, members of Congress and heads of executive departments from receiving loans or investments from Treasury programs.
Schumer secured a provision in the agreement that will prohibit businesses controlled by the President, Vice President, Members of Congress, and heads of Executive Departments from receiving loans or investments from Treasury programs, per senior Dem aide.
 Alan Rappeport (@arappeport) March 25, 2020
President Donald Trump suggested this week that he wants to lift emergency orders much more quickly than public health experts have suggested. Yesterday Trump told reporters he wants the nation to be “opened up and just raring to go by Easter,” despite warnings by public health experts that more time is needed to contain the spread of novel coronavirus.
According to data from John Hopkins University, there are currently more than 55,200 cases of COVID-19 in the U.S., with a total of 801 deaths."
17,"{'id': 'techcrunch', 'name': 'TechCrunch'}",Darrell Etherington,"UK researchers develop new low-cost, rapid COVID-19 test that could even be used at home","A new type of test developed by UK researchers from the Brunel University London, Lancaster University and the University of Surrey can provide COVID-19 detection in as little as 30 minutes, using hand-held hardware that costs as little as £100 (around $120 U…",http://techcrunch.com/2020/03/25/uk-researchers-develop-new-low-cost-rapid-covid-19-test-that-could-even-be-used-at-home/,https://techcrunch.com/wp-content/uploads/2020/03/GettyImages-1209679043.jpg?w=711,2020-03-25T14:03:12Z,"A new type of test developed by UK researchers from the Brunel University London, Lancaster University and the University of Surrey can provide COVID-19 detection in as little as 30 minutes, using hand-held hardware that costs as little as £100 (around $120 USD) with individual swab sample kits that cost around $5 per person. The test is based on existing technology that has been used in the Philippines for testing viral spread in chickens, but it’s been adapted by researchers for use with COVID-19 in humans, and the team is now working on ramping mass production.
This test would obviously need approval by local health regulatory bodies like the FDA before it goes into active use in any specific geography, but the researchers behind the project are “confident it will respond well,” and say they could even make it available for use “within a few weeks.” The hardware itself is battery-operated and connects to a smartphone application to display diagnostic results and works with nasal or throat swabs, without requiring that samples be round-tripped to a lab.
There are other tests already approved for use that use similar methods for on-site testing, including kits and machines from Cepheid and Mesa Biotech. These require expensive dedicated table-top micro-labs, however, which is installed in dedicated healthcare facilities including hospitals. This test from UK scientists has the advantage of running on inexpensive hardware, with testing capabilities for up to six people at once, which can be deployed in doctor’s offices, hospitals and even potentially workplaces and homes for truly widespread, accessible testing.
Some frontline, rapid results tests are already in use in the EU and China, but these are generally serological tests that rely on the presence of antibodies, whereas this group’s diagnostics are molecular, so it can detect the presence of viral DNA even before antibodies are present. This equipment could even potentially be used to detect the virus in asymptomatic individuals who are self-isolating at home, the group notes, which would go a long way to scoping out the portion of the population that’s not currently a priority for other testing methods, but that could provide valuable insight into the true extend of silent, community-based transmission of the coronavirus."
18,"{'id': 'techcrunch', 'name': 'TechCrunch'}",Darrell Etherington,Amazon Care to provide delivery and pick-up of at-home COVID-19 test sample kits in Seattle trial,"Amazon is going to be working with a new research initiative backed in part by the Gates Foundation that will distribute at-home coronavirus assessment kits, and then deliver the collected samples to FDA-approved test facilities. Amazon Care, the health arm f…",http://techcrunch.com/2020/03/23/amazon-care-to-provide-delivery-and-pick-up-of-at-home-covid-19-test-sample-kits-in-seattle-trial/,https://techcrunch.com/wp-content/uploads/2019/09/Screen-Shot-2019-09-24-at-4.02.46-PM.png?w=470,2020-03-23T19:38:47Z,"Amazon is going to be working with a new research initiative backed in part by the Gates Foundation that will distribute at-home coronavirus assessment kits, and then deliver the collected samples to FDA-approved test facilities. Amazon Care, the health arm formed by Amazon initially for internal employee care, will be handling the delivery of the kits, as well as transportation of collected samples to the test labs, as first reported by CNBC.
While the FDA updated its guidance just a few days ago to specifically exclude at-home testing from the Emergency Use Authorization that is in place to enable broadened private lab testing of potential COVID-19 cases, the arrangement with the Seattle Coronavirus Assessment Network (SCAN) and Amazon Care bypasses use of the traditional mail or package delivery network. The Amazon Care drivers who are doing the test kit drop-offs and deliveries are specifically trained in proper handling of sensitive medical materials, and the SCAN project is for a limited research endeavor undertaken in order to help “understand how coronavirus is spreading in the Greater Seattle area.”
Availability of kits will be limited, but will include the kind of swab testing that is being conducted at drive-through testing facilities in the U.S. Should a sample test positive for COVID-19, the person who provided the sample to SCAN will be contacted by a healthcare worker for next steps, including advice on how to seek treatment and prevent transmission.
SCAN is the result of a partnership by Seattle &amp; King County’s Public Health department, as well as a team of hospitals and health organizations that created the Seattle Flu Study, a similar project meant to study the spread of the traditional seasonal flu within the community. The research and data modeling work done for that study have been adapted to the study of COVID-19, and the flu study has been put on hold while researchers focus on the pandemic instead."
19,"{'id': 'techcrunch', 'name': 'TechCrunch'}",Darrell Etherington,Color is launching a high-capacity COVID-19 testing lab and will open-source its design and protocols,"Genomics health technology startup Color is doing its part to address the global COVID-19 pandemic, and has detailed the steps its taking to support expansion of testing efforts in a new blog post and letter from CEO Othman Laraki on Tuesday. The efforts incl…",http://techcrunch.com/2020/03/31/color-is-launching-a-high-capacity-covid-19-testing-lab-and-will-open-source-its-design-and-protocols/,https://techcrunch.com/wp-content/uploads/2020/03/1_DiI1ennSPrqiaeqtO3yaRQ.jpg?w=655,2020-03-31T16:38:44Z,"Genomics health technology startup Color is doing its part to address the global COVID-19 pandemic, and has detailed the steps it’s taking to support expansion of testing efforts in a new blog post and letter from CEO Othman Laraki on Tuesday. The efforts include development of a high-throughput lab that can process as many as 10,000 tests per day, with a turnaround time of within 24 hours for reporting results to physicians. In order to provide the most benefit possible from the effort of standing this lab up, Color will also make the design, protocols and specifics of this lab available open-source to anyone else looking to establish high-capacity lab testing.
Color’s lab is also already nearly ready to begin processing samples — it’s going live “in the coming week,” according to Laraki. The Color team worked in tandem with MIT’s Broad Institute, as well as Harvard and Weill Cornell Medicine to develop its process and testing techniques that can allow for higher bandwidth results output versus standard, in-use methods.
The focus of Color’s efforts in making this happen have been on using automation wherever possible, and seeking techniques that source parts and components, including reagents, that can come from different supply chains. That’s actually a crucial ingredient to being able to ramp efforts at scale nationally and globally, because if everyone is using the same lab processing methods, you’re going to run up against a bottleneck pretty quickly in terms of supplies. Being able to process tens of thousands of tests per day is great on paper, but it means nothing if one ingredient you need to make that happen is also required by every other testing lab in the country.
Color has also made efforts to address COVID-19 response in two other key areas: testing for front-line and essential workers, and post-test follow-up and processing. To address the need for testing for those workers who continue to operate in public-facing roles despite the risks, Color has redirected its enterprise employee base to providing, in tandem with governments and employers, onsite clinical test administration, lab transportation and results reporting with patient physicians.
For its post-test workflow, Color is working to address the challenges reported by other clinicians and health officials around how difficult it is to be consistent and effective in following up on the results of tests, as well as next steps. So the company is opening up their own platform for doing so, which they’ve re-tooled in response to their experience to date, and making that available to any other COVID-19 testing labs for free use. These resources include test result reporting, guidelines and instructions for patients, follow-up questionnaires around contact tracing and support for how to reach out to potentially exposed individuals tied to a patient who tests positive.
To date, Color says that it has been able to operate at cost, in part backed by support by philanthropic public and private donations. The company is encouraging direct outreach via its covid-response@color.com email in case anyone thinks they can contribute to or benefit from the project and the resources being made available."
