,source,author,title,description,url,urlToImage,publishedAt,content
0,"{'id': 'wired', 'name': 'Wired'}",Laurence Scott,"The New Intimacy, Brought to You by Covid-19","Don’t touch, but keep in touch! The pandemic has us living in an alternate corporeality.",https://www.wired.com/story/the-new-intimacy-brought-to-you-by-covid-19/,"https://media.wired.com/photos/5ed162862294e5ecad1d3042/191:100/w_1280,c_limit/Covid-Intimacy.jpg",2020-06-01T12:00:00Z,"More than a century ago, the British writer E. M. Forster published a parable about the solitary endgame of technological progress. In his story, The Machine Stops, the humans of the far future live underground in isolated cells, with all of life mediated through an omnipotent computerthe Machine. In this hive-like complex, Forster writes, people never touched one another. The custom had become obsolete. Contact with others is controlled through buttons in ones cell, which activate Forsters prescient vision of video calling. He describes how one inhabitants room, though it contained nothing, was in touch with all that she cared for in the world. 
We havent climbed inside Forsters Machine just yet, but Covid-19 and the necessary strategies to contain it have certainly narrowed the sensuous aspects of our lives. Touchcontagions fast lanehas become the most ominous of the five senses. Outside the precious seal of the home, every touch must be considered carefully: Do I pick up the basket in the grocery store or stagger quickly around, cradling my canned goods as though theyre a restless baby? Yet we also miss touchs consolations, all those gentle moments of physical contact. We remember the last person we hugged, unthinkingly, outside a bar or leaving a party, drawn together into unexpected intimacy.
With touch now taboo, other senses are being drafted in to compensate. Visual experiences fill in for tactile ones. Early on in the pandemic, the adult site PornHub made its premium content free for locked-down Italians. The business of porn has always been to convert touch into an audiovisual event, commodifying it in the process. This alchemical conversion is a defining feature of the culture of self-isolation.
In the ideal, computer-modeled lockdown, all touches between different households have been paused. Perhaps what we need in this moment, then, is an archive as capacious as PornHub of touching old footage from film and TVthe Love Actually airport scene, the carnival in Grease, Chandler jumping into Joeys arms. Any housebound developers with time on their sanitized hands might consider working on an aggregator for platonic affection. PornHug? ForlornHub? Thank you, Ill be here for the foreseeable future.
In the Covid era, keeping in touch is the new touching. There was an arcane time when I said the word zoom out loud about once a year, but those days arent now. When I teach a virtual class or join a virtual faculty meeting, I brace myself for the almost complete sensory deprivation of the first few Zoom seconds. Im getting to know that lull, that loud silence of the default muting, before peoples audio feeds kick in, one by one. We wave hello and goodbyeshy gestures that reveal our uncertainty about where we are in space. A wave was developed to attract attention at a distance, and yet, via the webcam, were in each others faces. So are we far apart or intensely close? The dizzying answer is: both.
For practical reasons, Zooms conference settings turn speech into a spectacle. In Active Speaker mode, the person talking floods the visual field; the screen becomes a stage for our temporary overlord. If you choose Gallery Mode, the speakers hutch is framed in glowing chartreuse. Im reminded of William Goldings Lord of the Flies, in which the group of stranded schoolchildren, literally isolated on a desert island, devise the system of the conch to determine who can speak in meetings. Only the boy holding the shell may make a declaration.
All this seeing and being seen is producing a new kind of fatigue. Its tiring to be so relentlessly spectacular. Zoom offers some solutions to this visual overload. Virtual backgrounds, which are meant to limit the power of our digital sight, create a shield against the intrusion of professional life into private spaces. Once youve loaded up your backdrop, you exist for others in a kind of non-place, somewhere thats neither your room nor their room. And to give a full retreat into public-privacy, there is the stop video option, so that a seminar becomes a conversation between stern movie credits or petrified profile pictures. They say that hearing is the last sense to go."
1,"{'id': 'wired', 'name': 'Wired'}",Laura Mallonee,Inside the Milan Hotel That Housed Covid-19 Patients,"Photographer Alberto Bernasconi donned full protective gear to capture the scene of ""guests"" isolating in the four-star hotel.",https://www.wired.com/story/inside-the-milan-hotel-that-housed-covid-19-patients/,"https://media.wired.com/photos/5f0b16b75de658deff103579/191:100/w_1280,c_limit/photo_hotel-michelangelo_1.jpg",2020-07-12T14:13:22Z,"Hotel Michelangelo is a fine place to stay. Located in central Milan, it boasts four stars and close proximity to tourist attractions. Not that those things matter much to its recent guests: Theyre forbidden to leave. 
As part of efforts to contain Covid-19, which has claimed more than 34,000 lives across Italy, Milanese authorities have converted the 17-floor hotel into a quarantine facility. It opened March 30 with enough space for 300 patientsmostly people well enough to be discharged from hospitals, but who still test positive and dont have the space to isolate at home.
It feels like a hospital, says photographer Alberto Bernasconi. The smell, the cleaning products, the nurses wearing scrubs and masks. Its completely different from the normal daily life of a hotel.
Bernasconi visited in April, donning full protective gear to capture an inside look. A flurry of medical staff filled the polished reception area, now draped in plastic like a construction zone. When guests arrived, they were sent up to their rooms via a specially-designated Covid-19 positive elevator, not to emerge for weeks.
The stay is free and typically lasts 14 to 21 days, or until patients test negative twicean eternity when youre stuck alone in a 200-square-foot room, unable to hug your loved ones. The only humans they see are the nurses who stop by to check their vitals and take swabs. Meals arrive in paper bags hung on the door handles three times a day. Fresh sheets and towels are delivered once a week. They never leave their rooms at least, theyre not supposed to. The manager told me that there was a party with three people just talking and drinking and having a good time, Bernasconi says. He was really pissed and sent everyone back to their rooms.
Bernasconi visited several patients to shoot their portraits, keeping his distance and limiting talking. The images drip with ennui and anxiety. Everyone just wants to leaveand even more, to return to life as it was before the pandemic, back when Hotel Michelangelo was just a place people crashed after a fun day of seeing the sights."
2,"{'id': 'wired', 'name': 'Wired'}",Lily Hay Newman,The Covid-19 Pandemic Reveals Ransomware's Long Game,Hackers laid the groundwork months ago for attacks. Now they're flipping the switch.,https://www.wired.com/story/covid-19-pandemic-ransomware-long-game/,"https://media.wired.com/photos/5ea7654addad8f0008fac716/191:100/w_1280,c_limit/Security_ransom_1217476186.jpg",2020-04-28T16:02:57Z,"The novel coronaviruspandemic has stretched the world's health care systems to their limits, creating a global crisis. New research from Microsoft shows that ransomware attackers are actively making that crisis worse, forcing health care and critical infrastructure organizations to pay up when they can least afford downtime. In many cases, hackers are reaping the rewards of groundwork they laid months ago, before Covid-19 fully hit.
Hackers have known for years that hospitals and other health care providers make perfect targets for ransomware attacks, since there's life or death urgency in getting back up and running quickly. During the pandemic, though, the risk has become even more dire. After a hospital in the Czech Republic was hit by a debilitating ransomware attack in March, the country's cybersecurity oversight agency warned two weeks ago that it was bracing for widespread cyberattacks against critical services in the country. Two Czech hospitals reported attempted attacks a day later, and the United States State Department threatened consequences if the antagonism continued.
The Czech incidents reflect just one corner of a worrying global trend of opportunistic ransomware activations.
""The attackers are definitely being what Ill call rational economic actors, which unfortunately also means vicious,"" says Rob Lefferts, corporate vice president of Microsoft 365 security. ""We see behavior where they will break into organizations and actually lie dormant, both because theyre doing reconnaissance, but also because they are apparently estimating what is the moment in time when that organization will be most vulnerable and most likely to pay.""
An initial attack that might give hackers access to a victim's network. But they'll then wait weeks or months for a particularly opportune moment to actually infect the system with ransomware. Microsoft has been tracking such behavior from groups using a number of prominent strains of ransomware, like Robbinhood, Maze, and REvil. While some ransomware groups had pledged not to attack hospitals during the coronavirus crisis, in practice hackers are increasingly attempting to cash in.
The Microsoft researchers often observed attackers getting their initial network access by exploiting unpatched vulnerabilities in victims' web infrastructure. They saw some hackers taking advantage of a widely publicized flaw in the Pulse Secure VPN and others exploiting flaws in remote management features like remote desktop systems. Attackers also targeted vulnerabilities and insecure configurations of Microsoft's own products. Attackers could guess passwords of organizations using Remote Desktop Protocol without multi-factor authentication, or exploit known bugs in Microsoft SharePoint and Microsoft Exchange servers that victims neglected to patch.
Attackers even took advantage of tools used in security to proactively find and plug network holes, including the attack emulation platform Cobalt Strike and malicious techniques in Microsoft's remote management framework PowerShell. This activity often looks legitimate and can sneak past scanners, allowing attackers to lie in wait and do reconnaissance undetected on the network until they choose the moment to actually strike.
While attackers wait for the right conditions to release the ransomware, they often exfiltrate data from their victims' networks. The motive of this activity isn't always clear, though, Microsoft says. It can be difficult to tell the difference between attackers who have IP theft or other intelligence gathering as their main goal and those that just collect what they can as a secondary benefit of positioning themselves for ransomware attacks.
Microsoft's Lefferts emphasizes that attack groups can't be reliably traced by the tools or type of ransomware they're using, because so many groups copy each other or use different techniques against different targets. And he says that while most of the activity simply capitalizes on known vulnerabilities, ransomware groups are generally smart about rotating their infrastructure like IP addresses to make it harder to trace them."
3,"{'id': 'wired', 'name': 'Wired'}",Megan Molteni,Why Meatpacking Plants Have Become Covid-19 Hot Spots,"Frigid temperatures, cramped conditions, and long hours put meat processing workers at higher risk for contracting the novel coronavirus.",https://www.wired.com/story/why-meatpacking-plants-have-become-covid-19-hot-spots/,"https://media.wired.com/photos/5eb32df6d58e99fafced8018/191:100/w_1280,c_limit/Science_meatplant_841526964.jpg",2020-05-07T11:00:00Z,"This isnt surprising to Ingrid Gould Ellen, who directs the Furman Center for Real Estate and Urban Policy at New York University. In a recent analysis of neighborhood demographic data, Covid-19 case reports from the department of health, and ridership data from the Metropolitan Transportation Authority, her research team discovered that in New York City the disease spread quickest through neighborhoods where people lived in overcrowded homes and couldnt telecommute to their jobs. Population density never seems to matter, says Gould Ellen. The higher-density neighborhoods were not the ones hit most by this pandemic. What does seem to be a significant issue is crowding. In other words, its not the density of housing that mattersits the number of people living together in those homes.
While theres still a lot more to learn about the specific transmission dynamics of local outbreaks, she says the same principles should apply to non-urban areas. Meat processing plants are just one example: Prisons, homeless shelters, long-term care facilities, and cruise ships all follow a similar pattern. If you stick a bunch of people in close quarters for long periods of time, the virus will inevitably spread.
Since the outbreaks began, JBS USA has begun offering a $600 bonus and $4 per hour wage increase to its workers. Those who are absent for health reasons, including testing positive for Covid-19 or being exposed to someone who has, are being paideither regular wages or short-term disabilitywhile not working, according to Richardson, the company spokesperson. No one is forced to come to work and no one is punished for being absent for health reasons, Richardson wrote. JBS USA will not operate a facility if we do not believe it is safe or if absenteeism levels result in our inability to safely operate.
As JBS USA and other big meat processors struggle to keep their plants running, the US food supply isnt going to collapse, says Jayson Lusk, a food and agricultural economist at Purdue University. But there are going to be some disruptions that consumers will feel almost immediately. In the last week, wholesale pork prices have spiked sharply, according to data from the US Department of Agriculture. Wholesale beef prices are now the highest theyve been in two decades. Grocery stores will probably dampen that some, so consumers wont be exposed to that full cost, says Lusk. But its inevitable that in the coming days well all be seeing higher meat prices in the store.
In some parts of the country its already happening. This week, nearly one-fifth of Wendys restaurants ran out of burgers, The New York Times reported. Kroger and Costco are limiting their shoppers purchase of fresh beef, poultry, and pork. In the near term, such shortages are likely to be sporadic and limited to certain geographic regions, at least for pork, says Lusk. Thats because going into the Covid-19 crisis, pork producers were ramping up production in anticipation of selling huge quantities to China, where African swine fever wiped out half the countrys hog herd in 2019. As a result, the big US pork producers have 10 days worth of meat in cold storage that they can release when and where its needed.
That wont last forever, though. With plants shut down or operating at reduced capacity, pig farmers are already having to euthanize animalsas many as 10,000 a day in Minnesota alone, according to The Star Tribune. Theres less economic pressure regarding beef cattle, because ranchers can continue feeding them on pasture at minimal additional costs. Pork production has less slack in the system. Feeding animals in finishing barns is expensive, and if they get too big, slaughterhouses wont take them because theyll overwhelm processing equipment. You start getting backlogs of piglets in nurseries, then in farrowing houses, and finishing barns, says Lusk. If you cant get market hogs out the door, something has to give. With so much uncertainty, farmers are less likely to keep young animals moving through the system and to continue breeding sows. A half year from now, there are going to be far fewer pigs in the US than this time last year."
4,"{'id': 'wired', 'name': 'Wired'}",Lily Hay Newman,Don't Be Fooled by Covid-19 Contact-Tracing Scams,Fraudsters have found yet another way to take advantage of the pandemic.,https://www.wired.com/story/covid-19-contact-tracing-scams/,"https://media.wired.com/photos/5ec72738187855e5b10ea1a4/191:100/w_1280,c_limit/Security_contacttracing_1217862982.jpg",2020-05-25T11:00:00Z,"The Covid-19 pandemic has created prime conditions for scams. From phishing attacks to unemployment fraud, attackers have put new, more exploitative twists on their classic hustles. And now the Federal Trade Commission is warning that those fraudsters have designed scams around state contact-tracing initiatives.
You've probably heard a lot about contact-tracing mobile apps, but state health departments have also been ramping up manual programs staffed by trained volunteers. The idea is to ""trace"" people who have been in contact with someone who has tested positive for Covid-19, and advise all those who may have been exposed to quarantine strictly at home and monitor for possible symptoms. For all of this to work, contact tracers need to get in touch with lots of potentially impacted people, and many states are sending text alerts to call contact-tracing hotlines. But given that scammers are already adept at blasting out misleading SMS text messages, contact-tracing communications have become a compelling communication to co-opt for fraud.
""Theres no question, contact tracing plays a vital role in helping to stop the spread of Covid-19,"" Colleen Tressler, an FTC consumer education specialist wrote in an alert on Tuesday. ""But scammers, pretending to be contact tracers and taking advantage of how the process works, are also sending text messages. Theirs are spam text messages that ask you to click a link. Dont take the bait.""
The malicious text messages can include links that either download malware onto your device with one click or take you to a phishing page that tricks you into inputting personal data or a password. One sample SMS scam provided by the FTC reads, ""Someone who came in contact with you tested positive or has shown symptoms for Covid-19 &amp; recommends you self-isolate/get tested."" It then prompts the target to learn more by tapping a URL. Such malicious texts could also direct you to call a fake hotline to continue the ruse and grab your information there.
""Because there hasn't been a lot of communication yet about what an 'official' contact-tracing notice would look like, users have few ways to ascertain whether what they received is a scam,"" says Jake Williams, a security consultant and founder of the firm Rendition Infosec. ""This is only complicated by the fact that messages might differ across regions, health departments, etc.""
The flurry of new programs and services set up in response to the pandemic can certainly be hard to keep up with. The FTC points out, though, that there are still some basic touchstones you can use to spot a scam. For example, real health department contact tracers will never ask you for your Social Security number, credit card details, or other financial information. And they won't ask you to send money anywhere or participate in any type of transaction.
""In our experience, the most successful scam pretexts do two things. First, they put a user into a state of confusion by introducing a new challenge. Second, they compel the user to act,"" Williams says. ""Covid-19 contact tracing is a great example of something that does both. The actions the victim must take, including clicking a link, downloading a document, or submitting information are plausible.""
No one would fault you for a trap during a pandemic, but there are precautions you can take to minimize your risk. Make sure you have two-factor authentication set up on as many of your online accounts as possible. That way even if a hacker gets one of your passwords they'll still have a tough time actually getting in. Make sure you're keeping up with software and operating system updates to plug as many holes as possible against malware. And look into filters and blocking services if you're really being inundated with junk calls and texts.
The pandemic and corresponding world economic crisis are stressful enough, but as official contact-tracing programs ramp up, it's unfortunately necessary to discern the real alerts from the scams."
5,"{'id': 'wired', 'name': 'Wired'}",Sara Harrison,How to Read Covid-19 Research (and Actually Understand It),Confused? Surprised? Wondering where the good parts are? Here are a few tips on reading scientific papers to help those of us following along at home.,https://www.wired.com/story/how-to-read-covid-19-research-and-actually-understand-it/,"https://media.wired.com/photos/5f050d48d916dc1ac6a5a754/191:100/w_1280,c_limit/Science_research_143071446.jpg",2020-07-08T12:00:00Z,"Sometimes scientists dont want to wait for the lengthy peer review process to conclude before they publish their research, especially during this pandemic, when their information could help other scientists. So while their article is under review at a journal, the researchers might also publish the paper on a preprint server, like bioRxiv, founded by the nonprofit research center Cold Spring Harbor Laboratory, or medRxiv, which was founded by Cold Spring Harbor Laboratory, Yale University, and the medical journal BMJ. These sites are meant to make information quickly accessible, and they also allow researchers to get feedback from members of the scientific community beyond their peer reviewers. While preprints are screened for offensive or nonscientific content, anything that might pose a health risk, and plagiarism, they arent reviewed or edited before they go up.
Experts say these papers are essentially drafts, and caution that readers should be wary about immediately drawing big conclusions from them. Part of the function of a preprint is to alert other people in the community to possibilities that they might want to investigate, says Cassandra Volpe Horii, the founding director of the Center for Teaching, Learning, and Outreach at Caltech. I would say we have to treat any preprints as an informal part of the conversation.
And during the hurry to publish during the pandemic, even articles published in well-respected journals should be approached with some skepticism. Normally with papers, you can sort of trust that theres been a fairly robust peer review process, where other scientists, experts, have weighed in, says Stuart, of Johns Hopkins. Those reviewers would build on their expertise and look at the body of evidence already available in the field to help them evaluate a new study. But with Covid-19, Stuart says, the information is new and changing rapidly. Reviewers are swamped and have to rely on their own judgement more than they typically would.
Retraction Watch, a site that follows scientific papers, lists over 20 Covid-19 papers that have been retracted from preprint servers and peer-reviewed journals since February 2020. Some, like this study on the effectiveness of surgical and cotton masks, were retracted because the data analysis in the study wasnt sound. Others, like the study that found hydroxychloroquine was linked to a higher death rate in Covid-19 patients, were retracted because the authors had relied on a private company for the data and never had access to the raw data themselves. In June, scientists urgedPNAS, a high-profile journal published by the National Academy of Sciences, to retract an article about the effectiveness of masks, claiming it relied on poor statistical analysis.
With so many scientists from different fields and specialities jumping into coronavirus research, sometimes they make mistakes because they arent experts in a particular field. Just because someone is expert in one area does not mean theyre expert in another, says Stuart. If a paper seems strange, she recommends looking up the authors in the study and making sure their expertise lines up with the topics the paper covers.
And if a paper isnt published in a journal or on a preprint server at all, but instead shows up on a personal website or as a press release without any data attached, thats probably a bad sign. I think we just need to have some cautious optimism when we see these press releases without data, says Kate Grabowski, an epidemiologist at Johns Hopkins who works on the NCRC. Press releases might offer hopeful headlines, but without a peer-reviewed study, they dont offer any substantive proof that the news is true.
If a reader wants to dive into reading primary literature, Caltechs Horii says they shouldnt approach a study like a book or a news article. Any sort of expert communication is going to have its own efficient ways of conveying information to a peer group, she says. She compares scientific studies to knitting patterns: They have their own vocabulary and set of rules that readers need to understand in order to be able to read them."
6,"{'id': 'wired', 'name': 'Wired'}",Lily Hay Newman,Schools Already Struggled With Cybersecurity. Then Came Covid-19,A lack of dedicated funding and resources made it hard to keep data secure—and that was before classes moved almost entirely online.,https://www.wired.com/story/schools-already-struggled-cybersecurity-then-came-covid-19/,"https://media.wired.com/photos/5efa5c0753f9776c9a53b61a/191:100/w_1280,c_limit/Security_remotelearning_1175849126.jpg",2020-07-01T11:00:00Z,"Another issue Henry found was in the way Polk County used Microsoft SharePoint platform, a collaboration and storage tool, to manage data. He noticed that students and teachers were lumped together in a Sharepoint ""user group"" and had all been granted the same access to files stored in the system. This meant that students could access anything on the Sharepoint, including each others' data. One file was labeled as containing student usernames and passwords and was simply an unlocked, plaintext spreadsheet of student login credentials for school accounts.
Polk County Schools did not return a request for comment on Henry's research. At the July 2019 meeting where Henry shared his findings, though, members of the school board appeared to support his work. ""I've directed him multiples times to our IT staff,"" Billy Townsend, the school board representative for Polk County's District 1, said. ""I think he's done some very useful things, from what I understand. I think we should take seriously what he's saying.""
Henry also found and reported similar vulnerabilities in the systems of two private Florida universities last year. He says that making all of these discoveries while he was still a student motivated him to pursue a career in ed-tech cybersecurity.
""When I took a look, there was so much that was vulnerablejust a stupid amount of vulnerability,"" Henry says. ""It doesnt feel good. When you participate in a capture the flag hacker competition or do a cool bug bounty, it feels good to find stuff, but you see these flaws in education systems and theres nothing to be proud of as a researcher. You changed a number or you just looked! Im not some genius. It's just very obvious that nobody else is looking.""
After some especially dramatic cyberattacks against schools in the fall, including multiple situations where districts had to cancel class because of ransomware attacks, researchers say that there started to be momentum toward making cybersecurity a priority in school systems around the country. But Doug Levin, founder of the consulting firm EdTech Strategies, which compiles data on K-12 cybersecurity incidents, says all of that ground to a halt when the Covid-19 pandemic hit.
""Suddenly everything shifted on a dime,"" Levin says, recalling how schools raced to set up infrastructure for online learning en masse. ""It went into that mode where everything is built with rubber bands and toothpicks. Get everyone working and learning remotely, distribute devices to students, connect to local printers, deal with forgotten passwords, whatever. People should be concerned about the technical decisions they were making. And even with a bit more time to plan for the fall, it's all still very fluid.""
There's no single, comprehensive source of reporting on K-12 digital security incidents in the US. Levin created the Cyber Incident Map to track as many publicly disclosed attacks as possiblecompiled from legal disclosures, news reports, and research findings. But the tracker likely undercounts actual total incidents by a significant margin since so many are kept under wraps and never go public.
In the last three months, Levin has been surprised to see a decrease in the number of public accounts of K-12 cyber attacks, though they're certainly not gone altogether. It's unclear if this actually represents a downtick in the number of incidents or whether other factors are at play. Levin also points out that there may be a new digital infection spike in the fall when students, teachers, and administrators physically go back to school and plug their devices into hardwired networks for the first time in months.
While the pandemic has fueled new exposures, it has also simply accelerated a digitization that was already in progress across K-12 educationa phenomenon seen in virtually every industry. Given the cracks that already existed in schools' digital defenses, it's more vital than ever to take precautions now."
7,"{'id': 'wired', 'name': 'Wired'}","Matt Burgess, WIRED UK",Russia's Latest Hacking Target: Covid-19 Vaccine Projects,Officials in the three countries believe a state-linked group is trying to steal intellectual property and information about potential vaccine candidates.,https://www.wired.com/story/russias-latest-hacking-target-covid-19-vaccine-projects/,"https://media.wired.com/photos/5f10ba2ca7abf1b32a154618/191:100/w_1280,c_limit/Security_WIREDUK_1212829226.jpg",2020-07-17T11:00:00Z,"The UK, US, and Canada have discovered hackers working on behalf of the Russian state launching attacks against coronavirus vaccine development projects. 
This story originally appeared on WIRED UK.
Criminals working for the hacking group Advanced Persistent Threat 29 (APT29), also known as Cozy Bear, have been caught attacking pharmaceutical businesses and academic institutions involved in vaccine development. Officials in the three countries believe these have been attempts to steal intellectual property and information about potential vaccine candidates.
The hackers used custom malware thats not been previously linked to Russia and a number of publicly known vulnerabilities in widely used software, such as VPNs. These have been accompanied with spear-phishing attempts that have looked to gather login details to internet-accessible parts of the organizations targeted.
Theyre so confident in the attacks emanating from Russia that the UKs National Cybersecurity Centre (NCSC), Canadian Communication Security Establishment, and various US security agencies, including the NSA and Department for Homeland Security, have decided to publicly call out APT29. The public shaming is the latest in an increasingly hostile approach to hacking by groups working on behalf of Russia and comes at the same time as an admission from the UK government that Russia tried to influence the 2019 general election.
APT29 is widely believed to be linked to the Russian intelligence services and has been involved in a high number of cyberattacks in recent years, including the hacking of the Democratic National Committee ahead of the 2016 US presidential election. On the US hacks, APT29 worked alongside fellow Russian hackers Fancy Bear and APT28.
We condemn these despicable attacks against those doing vital work to combat the coronavirus pandemic, Paul Chichester the NCSCs director of operations said in a statement. The NCSC also published an advisory notice detailing the efforts it had seen from APT29 in its attacks on vaccine developments. Officials have not commented on whether the attacks were successful but also have not ruled out that this is the case.
The advisory issued by the cybersecurity groups hints towards there being some success even if this is just scoping out potential elements of organizations that are vulnerable to attack. In recent attacks targeting Covid-19 vaccine research and development, the group conducted basic vulnerability scanning against specific external IP addresses owned by the organizations, the NCSC guidance states. The group then deployed public exploits against the vulnerable services identified.
The NCSC also states that APT29 has been successful in using publicly known vulnerabilities to gain initial footholds in the universities and businesses it has been attacking. The advisory lists a number of well-known vulnerabilities that APT29 looked to take advantage of. These include flaws within Citrix networking systems and VPNs. It is believed that once details of the vulnerabilities have been publicly disclosed, the state-backed actors have been quick to attempt to exploit them in an attempt to strike before security experts can implement fixes.
Upon gaining access to a system, the group likely drops further tooling and/or seeks to obtain legitimate credentials to the compromised systems in order to maintain persistent access, the NCSC says in its warning notice. The actor is likely to use anonymizing services when using the stolen credentials.
In some of the incidents seen by the NCSC and its US and Canadian counterparts, APT29 has deployed custom malware. They believe this to be the WellMess malware and a new version, called WellMail. The malware has been in use since at least 2018, the NCSC says. WellMess is a lightweight malware designed to execute arbitrary shell commands, upload and download files. The malware supports HTTP, TLS and DNS communications methods, the cybersecurity body says.
Its not the first time during the pandemic that hackers have sought to gain advantage of the ongoing health crisis. There has been an increase in attacks against businesses as employees have moved to work from home, with hospitals and other medical organizations also targeted.
The APT29 attacks against vaccine groups are continuing, the NCSC says. Its advisory concludes by saying: APT29 is likely to continue to target organizations involved in Covid-19 vaccine research and development, as they seek to answer additional intelligence questions relating to the pandemic.
This story originally appeared on WIRED UK."
8,"{'id': 'wired', 'name': 'Wired'}",Gregory Barber,Colleges Prepare to Test Thousands of Students for Covid-19,"As campuses reopen, the logistics of preventing an outbreak are posing thorny questions: Who to test? How often? And will students buy in?",https://www.wired.com/story/colleges-prepare-to-test-thousands-of-students-for-covid-19/,"https://media.wired.com/photos/5f10f385d91ebbe631df2d9c/191:100/w_1280,c_limit/Science_collegetesting_boston_1207190430.jpg",2020-07-17T11:00:00Z,"In April, just a few weeks after the spring semester pivoted unceremoniously to digital, Catherine Klapperich, a biomedical engineering professor at Boston University, was thinking about the fall. The Boston area had been inundated with Covid-19 cases, and at the time, tests remained scant. But the university had come to her with an unfathomable question: In four months time, how would they test students and staff when they returned to campus? The university didnt have its own testing lab. So Klapperich, who studies medical diagnostics, was tasked with designing one. 
We had an empty room, Klapperich says. Actually, we didnt even have an empty room. We had a room we had to empty. Her team worked to repurpose the space, in both physical and bureaucratic terms. That meant getting the right clinical licenses to perform diagnostics tests and deliver results, plus trained staff to do it. And then filling the room with a battery of robotic instruments, sequencing machines, reagents and nasal swabs. With all that, Klapperich hopes, the university will begin testing faculty, staff, and students on a regular basis next month, with capacity for roughly 5,000 tests per day.
That testing is at the center of a strategy to aggressively monitor the school for outbreaks, with isolation dorms on a remote patch of campus for anyone who gets sick, contact tracing staff, and apps to let students report symptoms and stay up-to-date on tests. Universities have become a microcosm of the pandemic strategy the government has largely failed to enact. Were all the federal government now, Klapperich says.
Since the beginning of the pandemic, public health advocates have boiled down virus containment to a few simple steps. First, get the virus under control using the blunt tools of isolation and social distancing. And then, as those measures soften: Test, trace, isolate. The process of quickly identifying exposed people, coupled with behaviors that are by now common-sense, like wearing masks, washing hands, and limiting large gatherings, would keep the viruss spread, at the very least, to a much slower creep.
We all know how thats gone. Six months into the pandemic, few places in the US have the virus under control, with the Northeast (for now) one of the major exceptions. But next month, hundreds of thousands of college students will return to campus all the same, often in places where outbreaks are actively raging, or soon could spark. Universities must keep the pandemic at bay, all while trying to maintain for students some of the benefits of being physically on campus: to socialize, to work in labs, to participate in events and activities. All the things that classes via Zoom dont permit.
We cannot keep them locked up in their dorms. Theres no point, says Amy Gorin, a behavioral psychologist at the University of Connecticut involved in reopening efforts there. So how do we approximate the normal experience without compromising on safety?
Large research universities have a leg up in offering tests. They can create pop-up labs that draw from existing resources, as schools like Boston University and UC Berkeley have done, or look to affiliated hospitals for helps. Some smaller campuses have taken a collaborative approach. A number of colleges across New England, including Wellesley, Colby, and Williams, recently signed on to send test samples to the Broad Institute, a research center affiliated with MIT and Harvard that has opened its high-throughput Covid-19 lab to other educational institutions. Others must compete for capacity at commercial labs.
But far more universities have instead opted against surveillance testing, reserving testing for students who show symptoms or have a known risk of exposure. Thats in line with current guidance from the Centers for Disease Control and Prevention, which says there is not enough evidence from testing on college campuses to determine whether it is useful or not.
""We cannot keep them locked up in their dorms. There's no point. So how do we approximate the normal experience without compromising on safety?""
Amy Gorin, behavioral psychologist, University of Connecticut
Residential college campuses may appear, in some ways, to be well-suited to handling the pandemic. Theyre filled with young people who are less likely to experience severe cases of the disease, and who wont bring their germs home each afternoon to mom and dad. But in other ways, theyre porous, says David Paltiel, a professor of public health policy at Yale University. Even in the sluggish, depopulated days of summer, a number of universities have seen outbreaks in places like frat houses and sports practices. Plus, the risks are uneven. If the virus moves fast within a population of college students, its the older professors, janitors and dining hall workers who bear the risk. We all worry about the safety of students, but the cost of a mistake is likely to be borne by the most vulnerable members of the community, he says."
9,"{'id': 'wired', 'name': 'Wired'}",Roger Pielke Jr.,The Mudfight Over ‘Wild-Ass’ Covid Numbers Is Pathological,How did epidemiological modeling get so politicized?,https://www.wired.com/story/the-mudfight-over-wild-ass-covid-numbers-is-pathological/,"https://media.wired.com/photos/5e9f87522de71e000880f2d8/191:100/w_1280,c_limit/Roger-Pielke-on-models.jpg",2020-04-22T12:00:00Z,"In practice, this has meant that the federal government and US states have variously chosen, contracted, and created models in an ad hoc and opaque manner. Rivers, who has called for the creation of a national infectious disease forecasting center in the mold of the National Weather Service, observes that Right now, theres nobody responsible for really recording and archiving who said whatwhat did modelers say, and what happened. What prediction did they make today, and how does it change tomorrow, how does it change the next day, and how does that relate to what actually happened?
Read all of our coronavirus coverage here.
Weather modeling and epidemiological modeling have some important differences. One is that weather forecasts are made many times every day, for every location in the country. This allows for the rigorous evaluation of forecast skill. Pandemic forecasts are made rarely (thank goodness), meaning that we cant know that much about their accuracy, even when we have to rely on them. Another important difference is that weather forecasts dont change the weather, while forecasts of disease outbreaks may influence how people respond and behave, and thus alter the conditions being forecasted.
For these reasons, pandemic forecasting presents a much greater challenge than does weather forecasting. This is why we really dont want to ever have to rely on pandemic forecasts. It will always be much better to stop a pandemic before it starts, which requires effective surveillance and strategies for quick intervention. That fact only makes the absence of the federal government in producing or evaluating coronavirus models more alarming.
In its place, we have a free-for-all. The plethora of pandemic models looks like a big bowl of cherries to political partisans, who can pick and choose whichever results seem most supportive of their favored policies or damaging to their opponents positions. We have seen similar dynamics in the climate debate, where scientific arguments can be just Trojan horses for views grounded in politics, economics, or culture.
Most notably, on April 1, Trump and the White House Coronavirus Task Force showed a figure indicating that successful social distancing would limit the number of US deaths to between 100,000 and 240,000. Those numbers have, in turn, been laid out by the administration as the metric of policy success in the pandemic: Any five-digit body count, no matter how high, shall thus be counted as salvation. Never mind the fact that these estimates have been widely criticized by experts as being unrealistically high in the first place, including by Trumps own advisers.
The almost complete lack of transparency from the White House is like gasoline poured on a hot fire of politicized science.
In this instance, the White Houses use of coronavirus forecasts appears to be for purposes of evading accountability for poor decisions or justifying decisions already made, in addition to whatever role they had informing policy. Unsurprisingly, the White House has not released details on its projections; and task force member Deborah Birx only referred, in presenting them, to five or six international and domestic modelers from Harvard, from Columbia, from Northeastern, from Imperial [College London]. The model from the University of Washington also has been frequently cited by the task force, but another with less aggressive projections, which would be far less favorable to evaluating the White House response, was dismissed as an outlier.
The almost complete lack of transparency from the White House is like gasoline poured on a hot fire of politicized science. As a consequence, both supporters and critics of the Trump administrations policies cite bits and pieces of research to support their arguments, but the absence of a broader scientific context for interpreting the pandemic forecasts means that everyone lacks a rigorous, authoritative basis for their views. This is convenient for political battles, but fatal to effective policy development or evaluation.
It is true that the widely cited University of Washington model has been shown to produce deeply flawed projections. Of course, we should expect that any newly developed and untested model deployed in a completely novel context will produce poor forecasts. To expect otherwise is to misunderstand the difficulty of such modeling. That is precisely why it is important to compare side-by-side forecasts from all available models. Looking at a diversity of models can help us to characterize areas of agreement and uncertainty."
10,"{'id': 'wired', 'name': 'Wired'}",Lauryn Hill,Shuttered: How Covid-19 Changed Sunday Service for Kennedi Carter,"In the Bible Belt where parishioners are under stay-at-home orders, even celebrations like Easter have become more muted affairs.",https://www.wired.com/story/shuttered-covid-19-sunday-services-kennedi-carter/,"https://media.wired.com/photos/5ea31d166d74df00088aa6bf/191:100/w_1280,c_limit/Photo_KennediCarter_img484.jpg",2020-04-24T18:05:01Z,"Ever since Durham issued its shelter-in-place order on March 26, Sunday service in the North Carolina city hasn't been the same. For photographer Kennedi Carters family, as well as many others, this meant that Easter was spent in their living room, with the couch as the pew and the television as the pulpit. 
Toward the end of sermons, the congregation would normally get so hyped, says Madison Cater, Kennedis sister. People would start shouting and getting up and running around. That energy just isn't there anymore.
The Carter family portrait has been an annual tradition for the last four years. This is the first time Kennedi photographed them using black-and-white film. I think black-and-white has an ageless quality to it and that's something I wanted to bring into the photos, she says.Photograph: Kennedi Carter
Typically, her Easter Sundays are filled with the aromatic mixture of cinnamon rolls and the chicken that was being prepared for dinner later in the evening. In the past, her mother, Felicia, would twist her hair and decorate the ends with barrettes, a hairstyle that required, at the very least, a moderate amount of hair grease. Madison would habitually rest her head on her mothers lap during the middle of the service, and later realize shed left a massive oil stain on her dress and pretend it wasnt there. She'd feel some kind of way but I always thought it was funny, she says.
This past Easter, though, was much more muted. Felicia didnt do Madisons hair. The family didnt buy new Easter clothes for the at-home occasion. And the egg baskets Felicia usually made for her god-daughters, Jaelle and Jocelyn, didnt exist. The Carters simply gathered in their downstairs living room, slowly trickling in to watch Bishop Clarence Laney, Jr. livestream his sermon from the local Monument of Faith church. Onscreen, he was joined by a handful of choir members, assisting ministers and parishioners from the worship team, all distancing from each other.
I think thatespecially below the Bible Beltwe feel church has to be under a roof and it has to take place in a specific place. But as someone who has not been routinely going, I feel like church is wherever you make it, Kennedi says.
Kennedis 7- and 10-year-old godsisters, Jaelle and Jocelyn, wear masks while keeping a safe distance from her.Photograph: Kennedi Carter"
11,"{'id': 'wired', 'name': 'Wired'}",Brian Barrett,Look Out for This Covid-19 Excel Phishing Scam,"Plus: An iOS leak, an EasyJet breach, and more of the week's top security news.",https://www.wired.com/story/covid-19-phishing-excel-ios-14-data-breaches/,"https://media.wired.com/photos/5ec84d6bff427e9399b4ccea/191:100/w_1280,c_limit/Security-Roundup-Office-527925402.jpg",2020-05-23T14:31:23Z,"The Covid-19 pandemic has provided boundless opportunities for scammers since January at least. But a group of fraudsters known as Scattered Canary has reached new depths, ripping off state unemployment systems for millions of dollars just as funds are running dangerously low.
It's not all bad news, though. For the last several months, the FBI had once again been pressuring Apple to undermine its encryption so that it could get into a mass shooter's iPhones. And just as it did in 2016, the agency ultimately relented after it was able to determine the passwords on its own. Go figure!
Facebook also did good this week, managing to add safety alerts to its Messenger app to let people know when a scammer or worse might be on the other end of the chat, all without breaking the end-to-end encryption of its Secret Conversations feature. And while researchers concocted a dangerous new amplification technique for distributed denial of service attacksone that could potentially have crippled large portions of the internetthe affected companies appear to have protected themselves against it before a bad actor got wise. And Chrome took a big step to shut down cryptojacking and other resource-draining ads.
We took a look at ShinyHunters, a hacking group that hit over a dozen companies at the beginning of May in search of dark web profit. A hardware wallet is still the safest place to stash your cryptocurrency, but new research is a healthy reminder that they're not infallible. And if you're tired of spam, consider using one of these apps that provides a burner email to duck it.
WIRED contributor Garrett Graff took a hard look at Secretary of State Mike Pompeo this weekand how deeply congressman Mike Pompeo would have disapproved of his behavior.
And there's more. Every Saturday we round up the security and privacy stories that we didnt break or report on in depth but think you should know about. Click on the headlines to read them, and stay safe out there.
Yep, it's another Covid-19 scam. Microsoft this week detailed a phishing effort that started on May 12. The campaign deploys emails that purport to be from the ""John Hopkins Center""the university's Center for Systems Science and Engineering has maintained a popular Covid-19 trackerand include an Excel attachment that presents itself as US cases of the disease. If opened, the file downloads a macro and runs NetSupport Manager RAT, a legitimate remote support tool that can be used for nefarious purposes, specifically to download malware on a targeted device. So don't open any Excel files from Johns Hopkins! And if you want to see their Covid-19 map, go ahead and bookmark it.
Apple keeps unreleased versions of iOS a closely guarded secret; even when an iPhone 4 famously leaked before it launched, the software remained a mystery. But it appears that an early version of iOS 14 has fallen into the hands of the iOS jailbreak community, according to a report this week in Motherboard. There had already been some hints that iOS 14 was out there; Apple news site 9to5Mac reported that it had seen leaked code back in March. But the apparent extent of the leak means hackers have ample time to prod the update for vulnerabilitieswhich could be trouble when iOS 14 actually launches.
European airline EasyJet revealed this week that a cyberattack had resulted in the personal information of nine million customers being stolen. Over 2,000 victims also had their credit or debit card information accessed, further exposing them to theft or fraud. EasyJet said that ""highly sophisticated"" hackers were behind the operation, and that it suspects that the target was intellectual property rather than customer data, but it's unclear what it's basing that assessment on.
And another one! Wishbone is a site that lets you make an online poll; this week a hacker put 40 million of its user records for sale on the dark web. ShinyHunters (hello, again!) has taken credit for the breach, which appears to have taken place in January. Shortly after ZDNet first reported the dark web listing, the database leaked as a free download."
12,"{'id': 'wired', 'name': 'Wired'}",Megan Molteni,Covid-19 Makes the Case for More Meatpacking Robots,"The coronavirus has hit meat processing plants hard. But not in Denmark, where automation makes for safer slaughterhouses.",https://www.wired.com/story/covid-19-makes-the-case-for-more-meatpacking-robots/,"https://media.wired.com/photos/5ec80f8dff427e9399b4ccbb/191:100/w_1280,c_limit/Science_meatpacking_DY9YW7.jpg",2020-05-25T11:00:00Z,"On Memorial Day weekends past, you might have joined in the All-American ritual of firing up the grill, cracking a cold one, and feuding with your family over which hot dog condiment is correct. (Mayonnaise, clearly.) But this holiday, you might not have as many wieners to argue about.
Here's all the WIRED coverage in one place, from how to keep your children entertained to how this outbreak is affecting the economy. 
Across the US, the coronavirus that causes Covid-19 has rampaged through cold, cramped, meat processing facilities, sickening thousands of workers and killing at least 30 of them. With dozens of plants closed or cutting back operations, meat shortages have been forcing some grocery stores to ration grilling staples like ground beef and chicken breasts. At least one sausage factory, in Milwaukee, has had to hit pause on its hot dog production line.
But on the other side of the ocean, inside Europes largest pig slaughterhouse, the only visible sign that theres a global pandemic going on is in the break room, where every other chair has been spirited away to leave conspicuous gaps between any would-be socializers. Otherwise, its business as usual. Thats because, at this meat plant, robots do most of the work.
At 5:20 am, the first pigs start arriving on straw-lined flatbed trucks. While darkness still covers the nearby seaside town of Horsens, Denmark, coveralled workers herd the animals into pens inside a hulking 90-acre facility owned by Danish Crown, the biggest meat processing company in Europe. An hour or two later, automated partitions nudge them, a few pigs at a time, out of the pens and into a gas chamber where a blast of CO2 knocks them out. Moments later, they spill onto a conveyor belt where a worker wearing a waterproof apron and elbow-length gloves cuffs one of each pigs rear feet to a moving production line, which hoists the animal overhead. Another worker inserts a knife into the pigs carotid artery, and an attached vacuum hose siphons out the blood. Thats when the robots really take over.
An infrared laser-emitting robot first measures each pig carcass. Next up, the so-called rectum loosener robot uses computer vision to identify the pigs tail, cuts a 4-inch hole around it, and extracts whatever poop is inside. Then the feces-free carcass moves into a cabinet-like robot, where a large, circular blade splits the pig from sternum to ham. Next, each one moves onto a mechanized, autonomous organ remover, tendon slasher, and finally, the spine splitter. Ten minutes. Six robots. Minimal human supervision. By midnight, when the second (human) shift calls it quits, 18,000 pigs will have passed through this gauntlet of actuated steel and knives.
Danish Crowns Horsens facility isnt just one of the largest pig slaughterhouses in the world, its also, by most accounts, the most modern. (And the most transparentin pre-pandemic times, it hosted hundreds of visitors a week. Today you can still take a virtual tour.) But heavy automation is a feature of all 18 of the companys in-country meat processing facilities. And its one reason that might explain how Denmarks slaughterhouses have so far escaped becoming Covid-19 hot spots. According to a Danish Crown spokesperson, among the companys 8,000 employees in Denmark, fewer than 10 workers have tested positive for the novel coronavirus. None of its slaughterhouses there have had to close or slow down production.
There are likely other explanations and contributing factors, toolike Denmarks early adoption of lockdown measures and its robust nationalized health care system. But scientists who study the meat industry say the rest of the world should take note. The new realities of social distancing mean rethinking the layout of all kinds of workplaces, including slaughterhouses. In the US, these facilities are characterized by cramped, loud, icy conditions that make it easier for the coronavirus to stay alive and jump from person to person. Robots could help keep workers safe and meat plants running."
13,"{'id': 'wired', 'name': 'Wired'}",Tom Simonite,Covid Drives Real Businesses to Tap Deepfake Technology,Coronavirus restrictions make it harder and more expensive to shoot videos. So some companies are turning to synthetic media instead.,https://www.wired.com/story/covid-drives-real-businesses-deepfake-technology/,"https://media.wired.com/photos/5efe224130e7532f3baa1d0a/191:100/w_1280,c_limit/deepfakes-commercial-1220400443.jpg",2020-07-07T11:00:00Z,"This month, advertising giant WPP will send unusual corporate training videos to tens of thousands of employees worldwide. A presenter will speak in the recipients language and address them by name, while explaining some basic concepts in artificial intelligence. The videos themselves will be powerful demonstrations of what AI can do: The face, and the words it speaks, will be synthesized by software.
WPP doesnt bill them as such, but its synthetic training videos might be called deepfakes, a loose term applied to images or videos generated using AI that look real. Although best known as tools of harassment, porn, or duplicity, image-generating AI is now being used by major corporations for such anodyne purposes as corporate training.
Courtesy of WPP
WPPs unreal training videos, made with technology from London startup Synthesia, arent perfect. WPP chief technology officer Stephan Pretorius says the prosody of the presenters delivery can be off, the most jarring flaw in an early cut shown to WIRED that was visually smooth. But the ability to personalize and localize video to many individuals makes for more compelling footage than the usual corporate fare, he says. The technology is getting very good very quickly, Pretorius says.
Deepfake-style production can also be cheap and quick, an advantage amplified by Covid-19 restrictions that have made conventional video shoots trickier and riskier. Pretorius says a company-wide internal education campaign might require 20 different scripts for WPPs global workforce, each costing tens of thousands of dollars to produce. With Synthesia we can have avatars that are diverse and speak your name and your agency and in your language and the whole thing can cost $100,000, he says. In this summers training campaign, the languages are limited to English, Spanish, and Mandarin. Pretorius hopes to distribute the clips, 20 modules of about 5 minutes each, to 50,000 employees this year.
Were saying let's remove the camera from the equation.
Victor Riparbelli, CEO and cofounder, Synthesia
The term deepfakes comes from the Reddit username of the person or persons who in 2017 released a series of pornographic clips modified using machine learning to include the faces of Hollywood actresses. Their code was released online, and various forms of AI video and image-generation technology are now available to any interested amateur. Deepfakes have become tools of harassment against activists, and a cause of concern among lawmakers and social media executives worried about political disinformation, although they are also used for fun, such as to insert Nicolas Cage into movies he did not appear in.
Deepfakes made for titillation, harassment, or fun typically come with obvious giveaway glitches. Startups are now crafting AI technology that can generate video and images able to pass as substitutes for conventional corporate footage or marketing photos. It comes as synthetic media, and people, are becoming more mainstream. Prominent talent agency CAA recently signed Lil Miquela, a computer-generated Instagram influencer with more than 2 million followers.
Startup Rosebud has developed AI software that can generate images of models with a range of appearances.
Courtesy of Rosebud
Rosebud AI specializes in making the kind of glossy images used in ecommerce or marketing. Last year the company released a collection of 25,000 modeling photos of people that never existed, along with tools that can swap synthetic faces into any photo. More recently, it launched a service that can put clothes photographed on mannequins onto virtual but real-looking models."
14,"{'id': 'wired', 'name': 'Wired'}",Hilda Bastian,The FDA's Approach to Covid-19 Is a Bloody Mess,It's already looking shaky and politicized on the subject of convalescent plasma. What will happen with vaccines?,https://www.wired.com/story/the-fdas-approach-to-covid-19-is-a-bloody-mess/,"https://media.wired.com/photos/5f4431f8a0688741024ac887/191:100/w_1280,c_limit/ideas-plasma-1222749026.jpg",2020-08-25T19:53:33Z,"President Trump announced a new treatment for Covid-19 on Sunday, just in time for the start of the Republican National Convention. From now on, per a new Emergency Use Authorization from the U.S. Food and Drug Administration, hospitals can more easily order transfusions of Covid-19 convalescent plasmaa blood product using donations from recovered patients, and containing disease-specific antibodies. It has been proven to reduce mortality by 35 percent, Trump claimed. Its a tremendous number. 
Then FDA Commissioner Stephen Hahn added his support. I dont want you to gloss over this number, he told the press. What that means isand if the data continue to pan out[out of] 100 people who are sick with Covid-19, 35 would have been saved because of the administration of that plasma.
Trump and Hahn were right about one thing: This would be tremendous, if only it were true. Its not.
In fact, as WIREDs Adam Rogers wrote on Sunday, nothing has been proven on this topic: there havent yet been results from any decent-sized, randomized controlled trials of convalescent plasma, so no one can say for sure whether it offers any benefits at all. But its somehow even worse than that: Trumps numberthe purported reduction in mortalityis even wrong on its own terms.
But lets not jump ahead. To understand the disturbing implications of this moment for the FDA, its helpful to retrace some recent steps. It was Hahn, the FDA Commissioner, who kicked this issue into overdrive on July 30. Thats when he called on people who have recovered from Covid-19 to donate their plasma: You can literally save lives, Hahn claimed, even though he couldnt back that up with evidence, as the government launched an $8 million PSA campaign. The accompanying press release made it clear to all that a clock was ticking: The Trump Administration is imploring Americans to dramatically increase donations of convalescent plasma by the end of August, it said.
We learned more about what had been going on behind the scenes on Aug. 1, at a seminar at the Mayo Clinic. Peter Marks, the head of the FDA section responsible for drug authorizations and approvals, filled in the backstory. From early on in the pandemic, the FDA was overwhelmed by doctors making applications to use convalescent plasma on individual patients. Instead of pulling out the stops to enable a large clinical trial to get reliable data quickly, the agency asked the Mayo Clinic to set up and coordinate an Expanded Access Program, and gather safety information. As the plasma became widely available through this program, and outbreaks shifted around the country, existing clinical trials ran into trouble: few were willing to take a chance on being randomized into the control arm of a study, when the treatment was quite accessible.
By the start of August, thoughand despite the dearth of trial dataPeter Marks was clearly convinced both that convalescent plasma was safe to use, and that what he called the totality of evidence suggested it had real benefits for patients. What made him so confident? He cited four lines of research: First, studies of the use of convalescent plasma in prior outbreaks of disease, including influenza; second, related studies using animals with Covid-19; third, the small clutch of published studies involving human Covid-19 patients; and fourth, an analysis of data from the Mayo Clinic, based on 35,000 of the patients who had participated in the Expanded Access Program. These all pointed in the same direction, he said, and added up to make a compelling case for convalescent plasma.
The Mayo study was pivotal, and ended up the source for the presidents whopper-claim on Sunday that the treatment is proven to reduce mortality by 35 percent, and the follow-up from the White House Director of Communications, claiming that this benefit might, in fact, be as high as 50 percent. (These are REAL American lives that will be saved, she tweeted.) But of course, the Mayo study couldnt prove that."
15,"{'id': 'wired', 'name': 'Wired'}",Matt Simon,California's Wildfire and Covid-19 Disasters Just Collided,"Rare thunderstorms have peppered the California landscape with conflagrations, pouring smoke into the Bay Area—all as the state struggles with the pandemic.",https://www.wired.com/story/californias-wildfire-and-covid-19-disasters-just-collided/,"https://media.wired.com/photos/5f3d7db7d054108dce8a493c/191:100/w_1280,c_limit/Science_Wildfire_1228107823.jpg",2020-08-20T14:46:15Z,"Youd be hard-pressed to dream up a nastier confluence of crises besieging California right now. Over the weekend, Tropical Storm Fausto propelled moisture from off the coast of Baja California up into the Bay Area, spawning rare summer thunderstorms. At the same time, the region has been baking under an intense heat wave that has desiccated vegetation, which all-too-easily combusted when those thunderstorms rolled through. Since Monday, almost 400 wildfires have broken out, most of them sparked by lightning. Tens of thousands of people have been evacuated across Northern California, and 350,000 acres have burned so far. Overextended fire crews have contained very little of it thus far, a still more wildfires continue to ignite across the state.
All of this is happening during a pandemic, which has killed almost 12,000 Californians, forcing people to remain sheltering in place at home. And to make matters even worse, in the middle of a heat wave, they cant open their windows because air quality is now astonishingly bad as smoke continues to pour into the Bay Area. (Witness the awfulness in real time with this map.)
Currently, there is a wildfire burning in every county in the San Francisco Bay Area, except for San Francisco, says Kristina Chu, acting communications manager at the Bay Area Air Quality Management District. So it's just insane the amount of smoke. The Air District and the Bay Area in general have experienced wildfires in the past, we recognize that. But it hasn't been at this level. And that's why there is so much smoke everywhere.
The district has extended its Spare the Air alert, which in this case directs people to not burn anything, all the way through Sunday. The agency is recommending that residents remain indoors with the windows closed, and that those with air conditioning units should only run them with recirculating air.
Read all of our coronavirus coverage here.
Temperatures inland have been regularly soaring over 100 degrees, which brings twin evils. For one: Having to stay inside with the windows closed carries heat exposure risks for the elderly. These risks include heat stroke (which can lead to loss of consciousness), and heat exhaustion (which can lead to dizziness and quick and shallow breathing). Chu says that if need be, residents should seek out cooling centersfacilities where people without AC can go to cool off. (While wearing a mask and keeping socially distant, of course.)
And theres a second evil: Heat leads to the formation of ozone, which conspires with smoke to erode local air quality. Both pollutants togetherand especially if folks are already dealing with preexisting conditionsis very dangerous, to say the very least, says Chu. Even by itself, smoke may carry some risk during a pandemic. Covid-19 is at least in part a respiratory disease, and smoke inhalation may make the body vulnerable to infection by tampering with the lungs ability to expel viruses and bacteria.
Californias firefighters are struggling to contain an extraordinary number of massive wildfires, compounded by logistical challenges brought on by the pandemic. This is a pretty major fire siege that we're in, so regardless of Covid, there are challenges, says Christine McMorrow, communications officer with the California Department of Forestry and Fire Protection, also known as CalFire. Because of Covid, we are down some of our inmate crews. Outbreaks in prisons have taken invaluable firefighters out of action; inmates also help with logistical support, like serving food in camps that house crews and other support staff. Accordingly, California officials had to call in firefighting reinforcements from out of state.
These fire camps can be absolutely massive and are usually set up in open spaces like fairgroundsthey contain thousands of first responders, government officials, plus the media milling about. In the spring months leading to fire season, CalFire had to not only scout where to set up these camps should massive wildfires break out in the summer or fall, but also had to figure out how to set them up with adequate social distancing. So essentially, what we're doing is just more, McMorrow says. More tables for eating, more tents and space for the different areas of operation within that fire camp. More hand-washing stations, more places where people can spread out."
16,"{'id': 'the-verge', 'name': 'The Verge'}",Kim Lyons,Google saw more than 18 million daily malware and phishing emails related to COVID-19 last week,"Google says it saw more than 18 million daily malware and phishing emails related to COVID-19 scams, and more than 240 million daily spam messages related to COVID-19.",https://www.theverge.com/2020/4/16/21223800/google-malware-phishing-covid-19-coronavirus-scams,https://cdn.vox-cdn.com/thumbor/-1yKnZqPPYts3MAlXkUba42Tfgc=/0x146:2040x1214/fit-in/1200x630/cdn.vox-cdn.com/uploads/chorus_asset/file/10801247/acastro_180508_1777_google_IO_0001.jpg,2020-04-16T19:15:19Z,"Existing phishing scams have been updated to exploit COVID-19 concerns
Illustration by Alex Castro / The Verge
Google says it saw more than 18 million daily malware and phishing emails related to COVID-19 scams just in the past week. Thats on top of the more than 240 million daily spam messages it sees related to the novel coronavirus, the company says. 
The phishing attacks and scams use both fear and financial incentives to create urgency to try to prompt users to respond, Google says. In other words, same email scam, different subject line. 
These scams include impersonating government organizations like the World Health Organization to try to solicit donations or trick users into downloading malware; pretending to have information about government stimulus payments; and phishing attempts aimed at workers who are working remotely. This scammer pretends to be affiliated with the recipients employer:
Google say its artificial intelligence-powered protections filter such threats, and that it blocks more than 99.9 percent of spam, phishing, and malware from reaching our users using AI and other techniques. The company also says it worked with WHO on implementing DMARC (Domain-based Message Authentication, Reporting, and Conformance) to make it more difficult for scammers to impersonate the who.int domain and prevent legitimate emails from the WHO from being caught in spam filters.
The company says in many cases the malware and phishing threats arent new but just existing malware campaigns updated to exploit fear and confusion around COVID-19. The usual cautions apply: dont click links in emails you werent expecting, report phishing emails, and make sure a URL is legitimate before providing any information, since most scammers try to closely approximate real URLs."
17,"{'id': 'wired', 'name': 'Wired'}",Garrett M. Graff,Covid-19 Is Our 9/11. Who Will Be Our Rudy Giuliani?,The scale of the Covid-19 crisis is dwarfing the leaders confronting it.,https://www.wired.com/story/covid-19-is-our-911-who-will-be-our-rudy-giuliani/,"https://media.wired.com/photos/5e836e2b845a6c00080f0ebc/191:100/w_1280,c_limit/Ideas-COVID19-Leadership-1208679312.jpg",2020-03-31T18:23:34Z,"Last Thursday, the US announced a record-setting, economy-wreaking 3.3 million jobless claims, numbers that shattered the worst periods of the 2008 financial collapse or even the Great Depression. Sometime on Sunday, somewhere in the United States, the 2,404th person died from Covid-19, surpassing the death toll of Pearl Harbor. Sometime on Monday, the 2,982nd American died, pushing the grim toll of the novel coronavirus past the total death toll of the 9/11 attacks. By the end of today, the Covid-19 American death toll will surpass that of Hurricane Maria, the 2017 storm that devastated Puerto Rico and the Caribbean.
And yet, as Americans locked at home prepare to enter their second month living this unprecedented, still-unfolding, and worsening crisisan event that in its suddenness, response, and wide-ranging effects seems to encompass multiple crises, part-Depression, part-9/11, part-grotesque natural disasterthe United States continues to experience a titanic leadership void. For months, as the coronavirus has migrated from an epidemic overseas to a full-blown global pandemic and epic economic calamity, America has waited, hungrily, for leadership and inspiration.
The Covid-19 pandemic is a clear opportunity for history-making leadership; given that the nationand the world beyondfaces a threat and a challenge unlike anything else in modern history, a crisis that is simultaneously unfolding in nearly every community, city, county, province, and state, and country on the planet, the opportunities for leadership would seem to be endless. Yet the scale of the economic and public health calamity seems to dwarf the imagination of most of our nations leaders.
Got a coronavirus-related news tip? Send it to us at covidtips@wired.com.
To understand why our leaders have collectively struggled in this crisis, one must understand what makes for successful crisis leadership: Just as detectives weed out suspects by thinking about means, motive, and opportunity, past crises have shown there are traditionally four ingredients required for transcendent leadership: opportunity, boldness, frankness, and capability. Leaders need all four to come together for greatness to be thrust upon them by future historians.
So far, weve not seen anyone assemble all of those ingredients. No single leader has emerged to embody the hope and inspiration in the model of Rudy Giuliani on 9/11, FDR of the Great Depression and World War II, Hank Paulson of the financial crisis, or, during Hurricane Katrinaafter the nation watched the fumbling by George W. Bush and FEMA director Michael Heckuva Job Brownie Brownthe swashbuckling, impossible-to-ignore Rajin Cajun Gen. Russel L. Honoré. Erik Larsons new book about Winston Churchills leadership during the Battle of Britain tops todays nations bestseller charts, even though (and perhaps because) none of us have seen a leader rally the country in the way that Churchills stoic nature and stirring words promised that his nation would never be defeated.
Quite the opposite: The challenge for the country so far in the Covid-19 spring is that one by one, most of the leaders weve traditionally turned to have fallen flatinternationally, nationally, and locally.
Frankness has been in short supply at the White House, for one. After spending weeks downplaying the threat of the emerging epidemic Donald Trump has repeatedly since failed to heed Harry Trumans The Buck Stops Here mantra for the presidency. I dont take responsibility at all, he said at one early coronavirus press conference. His Oval Office address on the crisis was a disaster, the stock market has seen huge plunges as hes spoken, and hes badly fumbled some of the most basic softballs about how to reassure a nation in extremis. His inability to muster the slightest empathy for those involvedhe mocked news that Senator Mitt Romney is in self-isolationremains perhaps the least presidential aspect of his ability to rise to the occasion.
Boldness, in both decisive action and good models of behavior, has been lacking in the national response, too. Coronavirus press conferences, which crowd the nations top leaders together and has featured no shortage of handshaking, send precisely the wrong message at a time when social distancing is the mantra for the countrynot to mention literally endangering those involved from a continuity of government perspective. FEMA director Pete Gaynor, who belatedly was put in charge of the federal governments virus response just days ago, similarly fumbled his public debut last weekend and has spent the week trying to catch up in a nearly impossible Herculean task.
Congress, as is often the case during major crises, seems incapable of stepping into a national leadership void. Its become a bickering, partisan after-thought at best and an institution filled with thoughtless, head-in-the-sand opportunists at worst; senators apparently sold their personalstocks after receiving confidential briefings on the virus impact, and Senator Rand Paul tested positive for Covid-19 on a day where he spent the morning working out in the Senate gym and lunching with colleagues.
That lack of decisiveness and inspiration has also rung true at the local level. New York Mayor Bill de Blasios response to the crisisat a moment when New York faces a historic epidemic and death tollhas had all of the moral authority and urgency of a collapsed, week-old soufflé. Beyond his hemming and hawing, he was roundly criticized for trying to squeeze in one last workout before his favorite YMCA gym closed to the public.
(And, of course, after enduring his rapid reputational descent of recent years, his butt-dials, conspiracy theories, and too many Bloody Marys, its worth nothing that todays Rudy Giuliani is clearly not the bold Rudy of yore: Earlier this month, he tweeted about what an insignificant death toll the novel coronavirus actually had yielded thus far. By last week, he was downplaying the viruss significance, and over the weekend he was suspended from Twitter for spreading misinformation about the virus.)"
18,"{'id': 'the-verge', 'name': 'The Verge'}",Nicole Wetsman,New COVID testing strategy could speed up backlogged labs,"Quest Diagnostics, which runs testing for clinics like CityMD, has FDA authorization to combine multiple patient samples into one test. The strategy could save time and resources. It can’t be used in areas where the positivity rate for tests is high.",https://www.theverge.com/2020/7/21/21331783/covid-19-pooled-testing-fda-quest-backlog-dely-coronavirus,https://cdn.vox-cdn.com/thumbor/MoKPXMg1aWQd9SpwT6jLnN2rg30=/0x530:7360x4383/fit-in/1200x630/cdn.vox-cdn.com/uploads/chorus_asset/file/20102903/1221273218.jpg.jpg,2020-07-21T15:29:10Z,"But it wont work as well in areas where the virus is widespread
A COVID-19 test administered in Montana.
Photo by William Campbell / Getty Images
Samples scraped from the back of patients noses and throats can now be bundled together and tested for the coronavirus in groups in one of the countrys biggest commercial labs. Quest Diagnostics, which handles tens of thousands of coronavirus tests each day, received authorization for the method, called pooled testing, from the Food and Drug Administration over the weekend. 
The strategy helps conserve resources by running multiple tests using the materials usually required for one. It could also help Quest avoid backlogs and move testing along more quickly. Right now, demand for testing is so high that it takes an average of seven days for Quest labs to get results to patients. 
However, the strategy cant clear all testing roadblocks, and it may not work as well in the areas where its most needed: outbreak hotspots, where testing resources are stretched the thinnest. In those environments, where a high percentage of tests turn out to be positive, pools dont end up saving materials too many are positive, which means more retesting. 
When the positivity rate is high, pooling is not very effective.
When the positivity rate is high, pooling is not very effective, because youre splitting apart way too many pools, and its just not worth your effort, says Peter Iwen, director of the Nebraska Public Health Laboratory.
Quests method will combine samples taken from four people. If the multi-sample test is negative, all four are considered negative. If its positive, each sample gets retested on its own to figure out who has the virus. The company said in a press release that it will start rolling out pooled testing at its labs in Chantilly, Virginia, and Marlborough, Massachusetts, by the end of the week, before expanding to other locations. Quest did not respond to a request for comment. 
Experts have been interested in pooled testing for months. The method is already commonly used to screen people for sexually transmitted infections, and its used to check for diseases in donated blood as well. Deborah Brix, a member of the White House coronavirus task force, told an American Society for Microbiology conference last month that the strategy could dramatically increase the number of tests done in the US each day. 
Back in March, Iwen started exploring pooled tests in the Nebraska Public Health Lab. He was running low on the chemicals needed to run each test and knew that he could conserve them by grouping samples together. He ran some experiments and found that he could do it successfully. It works great, and I can save anywhere from 60 to 70 percent of our reagents, he says. He got approval to move forward from Nebraskas governor under their state of emergency. 
We started pooling, and we were able to keep the lab operating, Iwen says.
Shortages of testing materials is just the type of roadblock a pooled testing strategy can help overcome, says Nikhil Gopalkrishnan, a postdoctoral fellow at Harvards Wyss Institute for Biologically Inspired Engineering. But supply shortages arent the only issue holding up testing. Depending on what the actual problem is, pooling can make a real impact, or it could not, he says. If it turns out that theyre short staffed, and they just dont have enough people, and the limiting factor is that someone has to unscrew all the tubes pooling is not going to help you there. 
Depending on what the actual problem is, pooling can make a real impact, or it could not.
Pooling also doesnt help once the rate of infections in a community starts ticking up. Iwen had to stop using pooled testing in the Nebraska lab a few weeks back because the percentage of tests that came back positive was too high above 10 percent. In any random group of four or five tests, there was a high chance that one would be positive. If the positive rate is that high, pooling doesnt tend to save a significant amount of chemicals or time. 
The new instructions for the Quest pooled testing say that, if 13 percent of tests done at a lab are coming back positive, the lab should drop the pool size down to three. If 25 percent of a labs tests are coming back positive, they shouldnt do pooled testing. Virginia and Massachusetts, home to the first Quest labs set to use pooled testing, positivity rate is about 6 and 2 percent, respectively. In Arizona, one of the hardest-hit states, its around 24 percent. 
Its possible to make pooled testing work in an area with a high percentage of positive tests, Iwen says. If they have information about patients (if they have symptoms, where they live, where they work), they can classify them as high or low risk. You could pool the ones that you think are considered low risk. You could do that in any place, even if their overall rate is very, very high, he says. 
That only works if labs can get good demographic information on the samples theyre testing. But often, labs get samples and have no idea where they came from, Iwen says. 
Despite the limitations, Gopalkrishnan says that the Quest authorization is a good first step toward more widespread pooled testing. Hed like to see bigger pool sizes, particularly in areas where there isnt much spread of COVID-19. Bumping pools up to tens of samples, or as high as 100, could help labs move through samples even more quickly. I think youll see more pooling authorizations come in, he says. 
Iwen thinks that implementing pooled testing properly can help testing move more quickly. This is a process that needs to be considered if were going to do the testing thats been asked of the laboratories, he says. Turnaround time is important, if it has an impact on that, its worthwhile.
View all 503 stories"
19,"{'id': 'the-verge', 'name': 'The Verge'}",Mary Beth Griggs,No one knows when the COVID-19 pandemic will end,"Even as states consider reopening and events are rescheduled, the uncomfortable truth is that we’re still a long way from the finish line. Vaccines and treatments are still early in development, and testing isn’t extensive enough to help us yet. We need to ge…",https://www.theverge.com/2020/4/29/21239689/coronavirus-pandemic-end-covid19-reopen-vaccine-treatment-testing,https://cdn.vox-cdn.com/thumbor/1b70k6QrPQMTkdr4VOCaZCogA1Y=/0x186:3000x1757/fit-in/1200x630/cdn.vox-cdn.com/uploads/chorus_asset/file/19932095/VRG_Covid_Calendar_3995.0.jpg,2020-04-29T12:30:00Z,"Illustration by Grayson Blackmon


 We’ve got to be ready for the long haul If you’ve been marking the pandemic by the pileup of cautious reopenings and rescheduled events, you might think that an end to this global disaster is in sight. Event planners for the Kentucky Derby and Bonnaroo already have new opening days on the books in September. The Olympics are scheduled to start in Tokyo on July 23rd, 2021. There’s just one problem: if anyone says that they know exactly when this pandemic will be over, they are lying. 
No one can see the future. The virus is an unknown player, and the best minds on Earth can’t do more than make educated guesses about what comes next and when. Hell, we didn’t even notice the blood clot situation until just recently. 
I know. A guess is not comforting when you’re dreading another week of monotony in the same four walls. End dates are comforting. Reopenings are comforting. Contemplating a future that looks a lot like our cozy, crowded past is way more comforting than our isolated present. But let’s not confuse comfort for truth. 
a future that looks a lot like our cozy, crowded past is way more comforting than our isolated present

When bowling alleys and tattoo parlors reopened in Georgia on Friday, the pandemic was not over. It won’t be over when the stay-at-home order in Michigan (maybe) lifts on April 30th or if the stay-at-home order in the Bay Area actually ends on May 31st. 
The dates politicians are throwing around are not finish lines. They aren’t guesses at an end date for this pandemic, either. Shelter-in-place orders are just time-outs. We have no sure-fire treatments for the virus, no vaccine, and a limited supply of health care workers. To keep as many people alive as possible, we’ve done the only thing we can do to slow the spread: we’ve hid from each other.
The virus’s effects have not been, as some proposed, a great equalizer. The less you have, the harder you’re hit. The federal government has mostly failed at leading a coherent response to the pandemic. Doctors are clashing with the FBI over PPE, then running into the ER with whatever they can scrounge up. Governors are hitting up their private-jet-owner friends to have masks flown in from China to equip their hospitals. Nurses at other facilities are resorting to wearing garbage bags in an unsuccessful bid to avoid contracting the virus on the job. 
People who are already vulnerable are getting hit the hardest. Death rates have soared in black communities already slammed by other public health crises. On the Navajo Nation, experts worry that water shortages are contributing to the virus’s continued spread. The virus has raged through cramped homeless shelters and through the communities that can’t afford to distance themselves. “It’s become very clear to me what a socioeconomic disease this is,” an ER doctor working in Elmhurst, Queens told The New Yorker. “People hear that term ‘essential workers.’ Short-order cooks, doormen, cleaners, deli workers—that is the patient population here.” In some US prisons, the vast majority of inmates are testing positive for the virus, leaving incarcerated persons in fear for their lives. One inmate, Sterling Rivers, grimly observed that “Our sentences have turned into death sentences” in an interview with The Wall Street Journal. Our failures around the coronavirus are systemic failures of public policy.
Thanks to an inconsistent and often incoherent government response in the US, we now face an uncertain timeline for both economic and health recoveries

Those failures have left the health care system struggling to cope, plunged society into a well of uncertainty, and sent the economy cratering. Thanks to an inconsistent and often incoherent government response in the US, we now face an uncertain timeline for both economic and health recoveries. Twenty-six million people have filed unemployment claims. 
And so some governors will call an end to stay-home orders in the hopes of resuscitating their economies. In Georgia, South Carolina, and parts of Tennessee, that time came on Friday. Other states, like California and New York, are taking a longer view, gradually easing some restrictions on movement while enforcing new requirements — masks on, low temps, can’t lose. 
As cases decrease, restrictions will relax. But once we let our guard down, we’ll likely see resurgences of cases, once again straining health resources — leaving us with no choice but to close ourselves off again. That’s what’s happening in parts of China now, where new outbreaks of the same disease have emerged. The open-and-shut economy will likely continue as cases ebb and flow. 
There are paths to victory, but as Ezra Klein notes at Vox, “these aren’t plans for returning to anything even approaching normal.” Victory over the virus will involve a lot of things that we don’t have yet. Scientific discoveries will help defeat the virus — but science can’t do it alone. Public policies will play a huge role, and even with firm health guidelines and speedy scientific developments, it will take longer than we want for us to truly eke out a win.
What does a win look like? It will take widespread tests of everyone who might be sick and careful quarantining of anyone who tests positive. It will take armies of contact tracers to trace down anyone who might have been exposed. These low-tech interventions are the best thing we’ve got while we give researchers the time they need to come up with other solutions.
Our brightest prospects — vaccines and treatments — are still in the minors

Scientists will labor over vaccines and treatments, but the overwhelming majority of their trials will turn up nothing useful. They’ll also keep trying to understand the virus and our bodies’ complicated response to it, in the hopes of developing legitimate antibody tests. Eventually, we may discover something that destroys the virus without wrecking our bodies. But none of that is ready today.
The end is still likely to be a long way away, as journalist Ed Yong writes in The Atlantic: “The pandemic is not a hurricane or a wildfire. It is not comparable to Pearl Harbor or 9/11. Such disasters are confined in time and space. The SARS-CoV-2 virus will linger through the year and across the world.”
Consider this a rebuilding year. It might even turn into rebuilding years, depending on our progress. Our brightest prospects — vaccines and treatments — are still in the minors. Even antibody testing isn’t ready to be called up to the big leagues, at least not yet. 
This is a long game, and focusing on the victory celebrations — like New York City Mayor Bill De Blasio’s plan to “throw the biggest, best parade to honor” health care workers — won’t get us to the end. 
If we focus on what victory looks like instead of what it takes to get us there, we’re going to keep being disappointed

If we focus on what victory looks like instead of what it takes to get us there, we’re going to keep being disappointed. We’ll feel defeated every time a drug fails in testing. We can’t let it get to us like that. The parades, the ballgames, the worship services that we’re looking forward to, those will be there once this is over. What we’ve got to ensure now is that when we get to reopening day — whenever it is — that our concert halls and stadiums and spiritual homes are filled with as many of our human siblings as we can possibly save. 
It still sucks when the goalposts move from April 15th to April 30th, then to May 15th. It feels like we’re Charlie Brown and the end to this is a football that Lucy keeps pulling away. But when it comes to the virus itself, the clock isn’t the statistic that matters. These are the ones that do: numbers of tests, numbers of new infections, and numbers of bodies in the morgues. 
When the numbers of tests go up and confirmed cases and deaths go down, then our playbook will change. But it won’t be the end of the fight — not yet. 
We won’t be able to mark this finale in our calendars

We play this through to the end — there is no other option. Victory might look like a vaccine. It might look like a robust testing regime or a new treatment. It might look like us cobbling together a sense of normalcy and still watching for repeated outbreaks. Whatever form it takes, we’ll fight our way there with masks, thermometers, and soap, buying some time along the way. We’ll adjust our playbook as the virus adapts. We’ll position ourselves farther apart. We’ll do it again, and again when the next waves of this virus come. We will be exhausted when we get there, but we will get there. But if we don’t pace ourselves for the long haul, it will be that much harder to get through.
We won’t be able to mark this finale in our calendars. All we can do is get through today, pushing our leaders to get the people on the front lines the resources and time they need to get us through this. We need politicians who will stop telling us the comforting things we want to hear and start acting to keep as many of us alive as possible."
