,source,author,title,description,url,urlToImage,publishedAt,content
0,"{'id': 'the-verge', 'name': 'The Verge'}",Nicole Wetsman,Prisons and jails are vulnerable to COVID-19 outbreaks,"The new coronavirus spreads quickly in closed spaces, so it’s likely to have a big impact on people in jails and prisons. These facilities struggle to deal with infectious disease outbreaks, and often only offer substandard health care.",https://www.theverge.com/2020/3/7/21167807/coronavirus-prison-jail-health-outbreak-covid-19-flu-soap,https://cdn.vox-cdn.com/thumbor/4BEiZ8nQJY6YgDFklRpdohkgNqc=/0x392:5472x3257/fit-in/1200x630/cdn.vox-cdn.com/uploads/chorus_asset/file/19773975/1203489496.jpg.jpg,2020-03-07T13:30:00Z,"Prison health is community health
Photo by Mauro Ujetto/NurPhoto via Getty Images
This week, a person incarcerated in King County Jail in downtown Seattle was taken to the hospital after they were suspected of having the new coronavirus. The county says there are no cases currently in the jail, but the new virus remains a huge concern for correctional facilities, particularly in outbreak hotspots like King County. With 85 confirmed cases of COVID-19, the illness caused by the virus, the county is home to the largest known hotspot of cases of the new coronavirus in the United States. 
Its only a matter of time before the novel coronavirus enters a US jail or prisons, says Tyler Winkelman, co-director of the Health, Homelessness, and Criminal Justice Lab at the Hennepin Healthcare Research Institute in Minneapolis. All prisons and jails should anticipate that the coronavirus will enter their facility, and they need to have plans for monitoring and treating anyone who has symptoms, he says.
People regularly cycle in and out of jails and prisons, people who work in them leave and return daily, and visitors regularly stream through. Viruses of all kinds have multiple entry points, and those that enter tend to spread fast. Outbreaks of the flu regularly occur in these facilities, and during the H1N1 epidemic in 2009, many jails and prisons dealt with high numbers of cases.
We know the coronavirus spreads quickly in closed spaces, like cruise ships, nursing homes and jails and prisons, Winkelman says. Many people who are incarcerated also have chronic conditions, like diabetes or HIV, which makes them vulnerable to severe forms of COVID-19. 
One way to reduce the impact of the virus on jails and prisons, Winkelman says, is to avoid holding people for low-level offenses. In Iran, officials temporarily released tens of thousands of people determined to not be a risk to the public from prisons in an effort to stop the spread of the virus. People who arent a risk to public safety shouldnt be held in a jail just because theyre not able to pay a bond, he says. We are increasing their health risk by keeping them, he says. This is a time to make sure we have as few people at risk as possible. 
In Sonoma County, California, the jail is screening people at booking for symptoms and asking them about their travel history and contact with people who may be sick. Those types of screenings are critical, Winkelman says. It is essential that correctional staff are working with officials to make sure no one ill is entering a facility.
Some jails and prisons in the US may be prepared to screen, monitor, and treat people suspected of having COVID-19. But others are far from equipped to handle it. Health care centers in correctional facilities are often substandard and understaffed, which may mean people held in them arent monitored regularly enough. Symptoms need to be addressed quickly, not once a week or twice a week, Winkelman says. Isolating people suspected of having the virus could also be a challenge in some facilities the Hennepin County jail has four isolation rooms and set up some spaces for quarantines, but other places might not have the same capabilities, he says. 
Homer Venters, former chief medical officer of the New York City jail system, wrote in The Hillthat jails and prisons need to prepare now. [They] need to have a plan in place to identify and house together people with suspected and diagnosed COVID-19 and those who are at high risk of serious illness if they become infected, he wrote. Many facilities struggled to do so during the outbreaks of H1N1, he said, because jails typically house people based on the level of security they need not their health status. 
Standard public health interventions, like flu shots, are even more important during disease outbreaks if fewer people get the flu, they can stay out of health care facilities and leave more resources available for those who really need it. We dont want there to be outbreaks of multiple illnesses at once, Winkelman says. Many jails and prisons, though, dont regularly provide flu shots. Over half of US jails did not receive H1N1 vaccines when they became available. Under 10 percent of people in Maine correctional facilities received flu shots in 2011, which contributed to outbreaks. 
People in jails and prisons also may not be able to regularly wash their hands, which may promote the spread of disease. Hand sanitizer, which contains alcohol, is usually considered contraband. 
COVID-19 outbreaks in and around jails and prisons dont just have health impacts for people within the justice system. If public health officials recommend that courts not meet during outbreaks, people might be held for longer than necessary. It might be challenging for people on probation to meet with supervisors or fulfill community supervision requirements if there are restrictions on movement in an area. It may also mean that there would be less programing and movement within a facility. Likely, at some point, visiting would be shut down, Winkelman says. That can increase isolation and anxiety during a period of incarceration.
Vulnerable communities like people held in prisons and jails are often most at risk during public health emergencies they have fewer protections from an outbreak, and may face more significant fallout from any disruptions in daily life. But protecting communities from infectious diseases means protecting everyone, including those who arent as able to protect themselves. Jail and prison health care is public health. Its community health, Winkelman says. 
View all 143 stories"
1,"{'id': 'the-verge', 'name': 'The Verge'}",Thomas Ricker,Amazon building COVID-19 test lab for workers,"Amazon is reallocating specialists to build a COVID-19 test lab for employees due to nationwide shortage. Those who test positive could be treated, those who test negative can work in confidence.",https://www.theverge.com/2020/4/10/21216076/amazon-test-lab-covid-19-coronavirus-pandemic,https://cdn.vox-cdn.com/thumbor/GmcU_e62bybFDAV9FK3Q_zod-XA=/0x410:1624x1260/fit-in/1200x630/cdn.vox-cdn.com/uploads/chorus_asset/file/19888623/90.jpeg,2020-04-10T08:09:12Z,"Company wants to regularly test Amazon workers who increasingly feel panicked 
Image: Amazon
Amazon is building a lab to test its workers for COVID-19, the disease caused by the new coronavirus. Its the latest effort by the company to protect workers who are growing increasingly panicked as the virus spreads through Amazon warehouses. 
More than 50 Amazon-owned facilities have confirmed cases in the US, according to data compiled by the Financial Times, several with multiple instances of the virus.
In a blog post announcing the effort, Amazon says that a shortage of testing capacity is making it difficult to keep people safe and to get the economy back up and running. Those who test positive could be quarantined and cared for, and everyone who tests negative could re-enter the economy with confidence, the company said. Unfortunately, today we live in a world of scarcity where COVID-19 testing is heavily rationed.
Amazon is reallocating its own specialists to build the lab, and hopes to begin testing soon. A team of Amazonians with a variety of skills from research scientists and program managers to procurement specialists and software engineers have moved from their normal day jobs onto a dedicated team to work on this initiative, said Amazon. We have begun assembling the equipment we need to build our first lab and hope to start testing small numbers of our front-line employees soon.
We are not sure how far we will get... but we think its worth trying
Amazon has remained open throughout the pandemic, making it easier for many people to safely follow shelter-at-home orders. But that has put hundreds of thousands of front-line warehouse workers and delivery drivers at risk. To meet surging demand, Amazon announced plans to increase pay and hire an additional 100,000 workers back in March. The company has also been distributing masks, conducting employee temperature checks, and spraying disinfectant on work stations.
Today's visits by our founder and CEO @JeffBezos to say thank you to Amazon fulfillment center and Whole Foods employees. We're all incredibly proud of the thousands of our colleagues working on the front lines to get critical goods to people everywhere during this crisis. pic.twitter.com/dygb345wDM
 Amazon News (@amazonnews) April 9, 2020
Yesterday, Amazon released a video showing Jeff Bezos lightheartedly touring Amazon fulfillment centers and Whole Foods stores, joking around with workers who increasingly fear for their lives.
Despite its goal to test all employees, Amazon concedes it may not be possible. We are not sure how far we will get in the relevant timeframe, but we think its worth trying, the company said."
2,"{'id': 'techcrunch', 'name': 'TechCrunch'}",Megan Rose Dickey,7 top mobility VCs discuss COVID-19 strategies and trends,"As COVID-19 swept across the globe, no sector lay untouched, but perhaps no industry was more disrupted than transportation. Airlines slashed routes, public transit use plummeted, ridership on Uber, Lyft and other ride-hailing platforms dropped and shared sco…",http://techcrunch.com/2020/05/14/7-top-mobility-vcs-discuss-covid-19-strategies-and-trends/,https://techcrunch.com/wp-content/uploads/2020/05/GettyImages-1212200583.jpg?w=600,2020-05-14T13:00:13Z,"As COVID-19 swept across the globe, no sector lay untouched, but perhaps no industry was more disrupted than transportation.
Airlines slashed routes, public transit use plummeted, ridership on Uber, Lyft and other ride-hailing platforms dropped and shared scooter companies pulled products from city streets. Meanwhile, e-bike sales bloomed and on-demand delivery, including services using autonomous robots, exploded.
Transportation companies have been forced to adapt quickly to this new reality. Uber, for example, found itself in a position where it felt both right to lay off thousands of employees as it planned to inject $170 million into micromobility startup Lime.
The upshot: Along with the pain, crises can also be a catalyst for innovation. TechCrunch spoke to seven venture capitalists about how COVID-19 affected their portfolio and investment strategy, and asked their advice for startup founders as well as where they think the next and overlooked hot opportunity will be:
How has COVID-19 impacted your investment strategy? 
Early-stage venture capital is about investing in the steady growth and potential of a business over time. Were in it for the long term, and the economy will eventually rebound. Were preserving dry powder for existing investments, but at the same time, Im reminded that some of the best venture-backed businesses were founded and funded during recessionary times (e.g. Google, Salesforce, Instagram). So were keeping our eyes open for promising young startups too.
What is your advice to startups in your portfolio right now?
COVID-19 is an existential event in all of our lives and businesses. Stay positive and be empathetic protect your employees and communicate often, maintain the financial health of your business and know you need to adapt to the change that will continue to happen."
3,"{'id': 'techcrunch', 'name': 'TechCrunch'}",Walter Thompson,COVID-19 shows we need Universal Basic Internet now,"Just as the electrification of America brought the nation out of the Great Depression, the Wi-Fi-cation of the nation can ease us out of the COVID-19 collapse.",http://techcrunch.com/2020/05/14/covid-19-shows-we-need-universal-basic-internet-now/,https://techcrunch.com/wp-content/uploads/2020/05/GettyImages-667221600.jpg?w=470,2020-05-14T15:06:54Z,"Theres a lot of chatter around what kind of stimulus is needed to save the economy and ensure financially vulnerable Americans can retain some degree of stability. Talks have included everything from long-term rent delays to a universal basic income (UBI). But if policymakers want to do more than just keep the floor from falling out and start laying the groundwork for an actual recovery, then they ought to be discussing a different UBI as well: Universal Basic Internet.
Just as the electrification of America brought the nation out of the Great Depression, the Wi-Fi-cation of the nation can ease us out of the COVID-19 collapse. Consider that in 1932, a mere 10% of rural Americans had electricity. As a result, a divide in opportunity emerged: On one hand, city-dwellers had the modern infrastructure required to enjoy a standard of living that would allow them to fully pursue the American Dream; on the other, millions of Americans were literally in the dark (or, at least, candle-lit dimness).
That’s why the electrification of American became a central plank of President Franklin D. Roosevelt’s Great Depression recovery plan. But his plan wasnt just to turn the lights on, it was to empower communities by making them the owners of their newly generated electricity. So under FDRs guidance, Congress created the Rural Electrification Administration (REA).
The REA didnt just barge into rural towns, install electricity and leave. Instead, the REA took two critical steps to make it a truly transformative agency: (1) it employed and empowered community members and (2) it taught people how to make the most of their newfound light. On step one, the REA relied on local partners to organize cooperatives that would supply the labor to build their community’s own electricity system.
By engaging community members, the REA turned users into owners and, consequently, did much more for rural America than would have been possible under federal auspices alone. On step two, the REA launched an “electric circus” that sent REA staff to educate new electricity users on how best to operate equipment, perform chores, cook and, of course, stay safe. This circus was more like a civic service program that facilitated a knowledge transfer from those who knew electrified life to those being exposed to the possibilities generated by electricity for the first time.
If the Great Depression showed rural America had been left in the dark, COVID-19 has revealed the plight of the millions of Americans left offline. Forced to shelter in place, Americans have been reintroduced to the centrality of high-speed internet to learning, working and simply living. But there’s an expansive digital divide between those with high-speed internet and those left searching for access to affordable broadband. Approximately 28% of Americans in rural areas do not have access to or cannot afford broadband the rate is 23% in urban areas.
The digital divide exists on a racial dimension as well whites are more likely than blacks or Latinx residents to report having broadband access at home.
America needs Universal Basic Internet. Achieving UBI requires a coordinated federal effort that, like the REA, (1) involves local stakeholders as a way to increase employment and civic pride and (2) creates an internet circus of trainers to increase digital literacy around the nation. This approach to closing the digital divide will go a long way in helping the nation recover from the COVID collapse.
FDR was rightfully proud of the REA. He realized that the federal government had to get involved because the private sector had failed to provide an essential service for Americans.
He noted that it is particularly important that extensions of rural electrification be planned in such a way as to provide service on an area basis. The practice has been too frequent in the past for private utility companies to undertake to serve only the more prosperous and more populous rural sections. As a result, families in less favored and in sparsely settled sections were left unserved.
Sound familiar?
The government has delegated providing access to internet to the private sector for far too long. Only the more prosperous have been able to enjoy the full benefits of high-speed internet. The disparity in access can be explained by economics: Its not cheap to ensure every American has the connectivity required to thrive. Way back in 2010, the National Broadband Plan estimated that closing the digital divide would take at least $24 billion. If the upfront costs werent daunting enough, the costs of building out a broadband network rise as the distance to reach end users increases; in other words, the least dense areas are the most expensive to serve. So it comes as no surprise that private actors have opted to instead service dense, urban areas.
Thats why the government must and can seize this crisis to close the digital divide. In the words of Rahm Emanuel, a crisis is an opportunity to do things you think you could not do before. House Democrats just released a $3 trillion stimulus plan surely, theres a couple billion to spend on a Universal Basic Internet plan.
To those worried that the spending wont generate enough of a return, the math makes clear that closing the digital divide will generate a digital dividend. There’s no easy to way to measure the impact of broadband access on the economy, but several studies indicate that this is exactly the sort of investment we should make in a time of crisis: some have estimated that doubling broadband speeds adds around 0.3% to GDP growth; others forecast that every broadband-related job generates between 2.5 and 4.0 additional jobs; and, yet another study determined that a 10 percentage point increase in broadband access could increase GDP per capita by $13,036. Simply put, theres a high ROI — return on internet — associated with increasing broadband access.
President Lincoln, who guided the nation through its most trying times, stated that “[t]he legitimate object of government is to do for the community of people whatever they need to have done, but cannot do at all, or cannot do as well for themselves in their separate and individual capacities.”
The digital divide is not a problem any American can solve alone. So, its time for the government to bring the internet circus to town after town and make sure that Universal Basic Internet becomes a reality."
4,"{'id': 'techcrunch', 'name': 'TechCrunch'}",Brian Heater,Amazon employees plan additional protests over COVID-19 working conditions,"As much of the world has ground to a temporary halt over stay at home orders, Amazon has continued churning. The retail giant is nothing if not an essential business for many in the U.S. and abroad, as everyday tasks like going to the supermarket and drugstor…",http://techcrunch.com/2020/04/21/amazon-employees-plan-additional-protests-over-covid-19-working-conditions/,https://techcrunch.com/wp-content/uploads/2020/03/GettyImages-1208650172.jpg?w=600,2020-04-21T21:46:40Z,"As much of the world has ground to a temporary halt over stay at home orders, Amazon has continued churning. The retail giant is nothing if not an essential business for many in the U.S. and abroad, as everyday tasks like going to the supermarket and drugstore have become hazardous. 
While the company has continued providing necessary supplies for many, its labor policies have entered the spotlight certainly not a first for Amazon. While the company has consistently batted away suggestions of unfair or unsafe working conditions during the COVID-19 pandemic, a group of workers this week have planned mass protests of policies. 
Workers’ rights group United for Respect says more than 300 Amazon employees from 50 facilities plan to take part in the protest. The organization writes, Amazons response to the Coronavirus outbreak has unnecessarily put the lives of Amazon employees at increased risk and exposure, citing a large number of facilities where employees have contracted the virus. 
The organization calls for additional transparency around confirmed COVID-19 cases, more sanitation and various additional benefits, including two weeks of paid sick leave and health for part-time, drivers, temporary and contracted associates.
Amazon sent a strongly worded denial to TechCrunch, calling reports of the protests overblown and reiterating its record.
Reports of employee participation in todays event organized by labor unions are grossly exaggerated,  Amazon spokesperson Lisa Levandowski said in the statement. Already today more than 250,000 people have come to work today, even more than last week to serve their communities. We couldnt be more grateful and proud for their efforts during this time. The union organizers claims are also simply false whats true is that masks, temperature checks, hand sanitizer, increased time off, increased pay, and more are standard across our network because we care deeply about the health and safety of our employees. We encourage anyone to compare the health and safety measures Amazon has taken, and the speed of their implementation, during this crisis with other retailers.
Last week, two additional employees reported firings they believed were tied to their public criticism of Amazon policy. In March, a Staten Island employee who was critical of working conditions was also fired. 
Amazon denied the connection. We support every employees right to criticize their employers working conditions, it told TechCrunch, but that does not come with blanket immunity against any and all internal policies. We terminated these employees for repeatedly violating internal policies."
5,"{'id': 'techcrunch', 'name': 'TechCrunch'}",Jake Bright,"Why COVID-19 could delay Interswitch, Africa’s next big IPO","The economic effects of COVID-19 could delay Africa’s next big IPO — that of Nigerian fintech unicorn Interswitch. If so, it wouldn’t be the first time the Lagos-based payments company’s plans for going public were postponed; the tech world has been anticipat…",http://techcrunch.com/2020/05/04/why-covid-19-could-delay-interswitch-africas-next-big-ipo/,https://techcrunch.com/wp-content/uploads/2020/04/IPO-africa-1.png?w=753,2020-05-04T18:03:10Z,"The economic effects of COVID-19 could delay Africa’s next big IPO that of Nigerian fintech unicorn Interswitch.
If so, it wouldn’t be the first time the Lagos-based payments company’s plans for going public were postponed; the tech world has been anticipating Interswitch’s stock market debut since 2016.
For the continent’s innovation ecosystem, there’s a lot riding on the digital finance company’s IPO. After e-commerce venture Jumia, it would become only the second listing of a VC-backed African tech company on a major exchange. And Interswitch’s stock market debut when it occurs could bring more investor attention and less controversy to the region’s startup scene.
TechCrunch reached out to Interswitch on the window for listing, but the company declined to comment. The tech firm’s path from startup to IPO aspirant traces back to the vision of founder Mitchell Elegbe, a Nigerian electrical engineering graduate whose entire career has pretty much been Interswitch.
Africa’s tech scene is still fairly young, but it does have a timeline with several definitive points. An early one would be the success of mobile money in East Africa, with the launch of Safaricom’s M-Pesa in 2007. Another is the notable wave of VC-backed startups and founders that launched around 2010.
Interswitch CEO Mitchell Elegbe (Photo Credits: Interswitch)
With Interswtich, Elegbe pre-dated both by a number of years, founding his fintech company back in 2002 to connect Nigeria’s largely disconnected banking system. The firm became a pioneer of the infrastructure to digitize Nigerias economy.
Interswitch created the first electronic switch whereby Nigerian financial institutions could communicate and thereby operate ATMs and point of sales operations. The company now provides much of the rails for Nigerias online banking system."
6,"{'id': 'techcrunch', 'name': 'TechCrunch'}",Walter Thompson,Strategies for surviving the COVID-19 Series B squeeze,"The next few quarters will be the most challenging time that many founders have experienced. More so than ever, survival is not a given.",http://techcrunch.com/2020/05/22/strategies-for-surviving-the-covid-19-series-b-squeeze/,https://techcrunch.com/wp-content/uploads/2020/05/GettyImages-1020480798.jpg?w=622,2020-05-22T15:24:29Z,"A generation of companies now needs to forget what it has learned. The world has changed for everyone, and nowhere is this more true than in fundraising.
Ive been investing in technology companies for over twenty years, and Ive seen how venture capitalists respond in bull and bear markets. I’ve supported companies through the downturns that followed the dot-com bubble and the global financial crisis, and witnessed how founders adapt to the new environment. This current pandemic is no different.
A growth company that only a few months ago was shopping for a $20 million, $30 million, or even $40 million Series B, with a choice of potential investors, must now acknowledge that the shelves may well have emptied.
VCs who were assessing potential new deals at the beginning of the year have had to abruptly adjust their focus: Q1 venture activity in Europe was under its 2019 average, and the figures for the coming months are likely to be much worse as the pipeline empties of deals that were already in progress.
The simple reason for this is that VCs are having to rapidly reallocate their two principal assets: time and capital. More time has to be spent stitching together deals for portfolio companies in need of fresh funding, with little support from outside money. As a result, funds will be putting more capital behind their existing companies, reducing the pool for new investments.
Added to those factors is uncertainty about pricing. VCs take their lead on valuation from the public markets, which have plummeted in tech, as elsewhere. The SEG index of listed SaaS stocks was down 26% year-to-date as of late March. With more pain likely ahead, few investors are going to commit to valuations that founders will accept until there is more certainty that the worst is behind us. A gap will open between newly cautious investors and founders unwilling to bear haircuts up to 50%, dramatic increases in dilution and even the prospect of down rounds. It will likely take quarters not weeks for that gulf to be bridged and for many deals to become possible again."
7,"{'id': 'techcrunch', 'name': 'TechCrunch'}",Brian Heater,An eighth Amazon warehouse employee has died from COVID-19,"An eighth Amazon employee has died of COVID-19. The news comes as the company is under scrutiny for failing to be more transparent about the wider number of infections among its warehouse workers. A spokesperson confirmed the reports of the death, telling Tec…",http://techcrunch.com/2020/05/22/an-eighth-amazon-warehouse-employee-has-died-from-covid-19/,https://techcrunch.com/wp-content/uploads/2020/04/GettyImages-1177531246.jpg?w=601,2020-05-22T22:05:41Z,"An eighth Amazon employee has died of COVID-19. The news comes as the company is under scrutiny for failing to be more transparent about the wider number of infections among its warehouse workers. 
A spokesperson confirmed the reports of the death, telling TechCrunch, We are saddened by the loss of an associate who had worked at our site in Randall, Ohio. Her family and loved ones are in our thoughts, and we are supporting her fellow colleagues.
According to the company, the worker in North Randall, a village outside of Cleveland, was sent home from work on April 30. She received a positive test a little over a week later, on May 8. Amazon says it notified fellow employees of the death and has provided counseling to colleagues. 
The overall number of Amazon workers who have tested positive for the virus remains a mystery. The company stands by its decision not to disclose such information. We dont think that number is super valuable, it has said previously. In a statement provided to TechCrunch, it added: 
Our rates of infection are at or below the rates of the communities where we operate. We see that in our quarantine rates as well. Quarantine rates are a critical part to understanding whats happening in the workplace it shows that our hard work around social distancing is paying off. Unlike others who hide beyond HIPAA, we alert every person at the site anytime there is a confirmed diagnosis. This alert to employees is a direct text message noting when the person with the confirmed diagnosis was last in the building.
The lack of transparency is one of a number of sources of criticism surrounding Amazons COVID-19 response. 
While the company has repeatedly maintained that it has done all it can to protect the employees in its fulfillment centers, potential exposure to the virus among warehouse workers is difficult to avoid, even with the proper PPE. Earlier this month, a letter from 13 state attorneys general demanded that Amazon disclose the number of workers who have been impacted by the virus.
We have requested but not received information on how many of the Companies workers have been infected with COVID-19, and how many have died from it, the letter reads. Please provide a state-by-state breakdown for each Company with this information.
Earlier this week, The New York Times noted one particularly hard hit warehouse in northeastern Pennsylvania, where more than 100 workers have apparently tested positive for the virus. The exact figure is unknown, as Amazon will not disclose it. Yesterday, the Milwaukee Journal Sentinel noted that at least 30 workers at the nearby Kenosha warehouse have tested positive for the virus. 
As more housebound Americans rely on Amazon for deliveries, workers have largely fallen under the essential services guidelines issued by many states. In mid-May, the company extended its $2 an hour hazard pay bonuses through the end of the month. Amazon confirmed that it will return to standard salaries, come June, stating: 
To thank employees and help meet increased demand, weve paid our team and partners nearly $800 million extra since COVID-19 started while continuing to offer full benefits from day one of employment. With demand stabilized, next month well return to our industry-leading starting wage of $15 an hour.
The company has been subject to additional scrutiny over the firing of several employees that have raised public concerns over its treatment of workers during the crisis. While Amazon has repeatedly denied the firings were retaliation, the reports were enough to warrant another letter, this time from a number of high-profile senators, including Elizabeth Warren and Bernie Sanders."
8,"{'id': 'techcrunch', 'name': 'TechCrunch'}",Zack Whittaker,Top cybersecurity VCs share how COVID-19 has changed investing,"The coronavirus pandemic is, without doubt, the greatest challenge the world has faced in a generation. But the wheels of the world keep turning, albeit slower than during normal times. But where the world has faced challenges, the cybersecurity industry rema…",http://techcrunch.com/2020/06/04/cybersecurity-vc-survey-coronavirus/,https://techcrunch.com/wp-content/uploads/2020/05/GettyImages-953553586.jpg?w=711,2020-06-04T13:15:51Z,"The coronavirus pandemic is, without doubt, the greatest challenge the world has faced in a generation. But the wheels of the world keep turning, albeit slower than during normal times.
But where the world has faced challenges, the cybersecurity industry remains largely unscathed. In fact, some cybersecurity businesses are doing better than ever because cybersecurity has emerged as one of the few constants we all need even during a pandemic.
The vast majority of the global workforce is (or has been) working from home since the start of the lockdown, and the world had to quickly adjust. Tech companies pushed their technology and services to the cloud. Businesses had to shift from not just securing their office network but also preventing threats against their highly distributed employees working from their own homes. And, hackers are retooling their attacks to be coronavirus themed, making them far more likely to succeed.
All of these things and more need security. Or, as one investor told us: “Many of these trends were already underway, but COVID-19 is an accelerant.” That’s helped cybersecurity firms weather the storm of this pandemic.
We spoke to a dozen cybersecurity VCs to hear their thoughts on how COVID-19 has changed the investment landscape:
<ul><li>Ariel Tseitlin, Scale Venture Partners</li><li>Shardul Shah, Index Ventures</li><li>Theresia Gouw and Mark Kraynak, Acrew Capital</li><li>Niloofar Razi Howe, Energy Impact Partners</li><li>Matt Bigge, Crosslink Capital</li><li>Sarah Guo, Greylock Partners</li><li>Deepak Jeevankumar, Dell Technologies Capital</li><li>Umesh Padval, Thomvest Ventures</li><li>Saam Motamedi, Greylock Partners</li><li>Alex Doll, Ten Eleven Ventures</li><li>Dharmesh Thakker, Battery Ventures</li></ul>Here’s what they told us. (Answers have been edited for clarity.)
Ariel Tseitlin, Scale Venture Partners
Security budgets haven’t been affected nearly as much as broader IT spend. We continue to see existing portfolio companies raise follow-on financings, and we continue to meet with companies for new potential investments. The big change in my criteria for new investments is that a company must be able to continue growing in the current environment. We don’t know how long this downturn will last, so I don’t buy into the promise of “as soon as the economy recovers, growth will resume.”
Shardul Shah, Index Ventures
On Microsoft’s last earnings call, chief executive Satya Nadella said: “As COVID-19 impacts every aspect of our work and life, we have seen two years worth of digital transformation in two months.” This acceleration has actually created momentum for a number of cybersecurity businesses, which is why the best companies continue to draw significant interest from investors. I serve on the board of security firm Expel, which raised $50 million in the middle of this crisis."
9,"{'id': 'techcrunch', 'name': 'TechCrunch'}",Ron Miller,Enterprise investors remain flexible as they navigate COVID-19,"One would think it’s a given that investment strategies would change in the strange times we find ourselves. With the economy staggering and so much general uncertainty, it seems caution would be the watchword of the day, especially in the enterprise. But ent…",http://techcrunch.com/2020/06/09/enterprise-vc-survey-finds-investors-trying-to-be-flexible-as-they-navigate-covid-19/,https://techcrunch.com/wp-content/uploads/2020/05/GettyImages-83779177.jpg?w=600,2020-06-09T13:02:24Z,"One would think it’s a given that investment strategies would change in the strange times we find ourselves. With the economy staggering and so much general uncertainty, it seems caution would be the watchword of the day, especially in the enterprise. But enterprise investors aren’t necessarily looking at what’s going on right now.
As startups make their way into the enterprise, they often grow from a single product to a platform offering, which means such investments tend to be a long haul that can take a decade or longer to mature and exit or IPO. The bigger the approach, the longer the sales cycle, so even though sales motion could be stalling now, it doesn’t mean VCs are just giving up on these types of investments.
Savvy investors understand that this is going to be a long game, and the current situation driven by a worldwide pandemic won’t necessarily change their approach significantly.
We asked a number of enterprise investors if they have changed their approach in light of the pandemic and its knock-on economic impacts, how the current environment has changed their relationship with existing portfolio clients and how well those clients are coping with the new reality.
<ul><li>Theresia Gouw, Acrew Capital</li><li>Diane Fraiman, Voyager Capital</li><li>Casey Aylward, Costanoa Ventures</li><li>Hope Cochran, Madrona Venture Group</li><li>Leyla Seka, Operator Collective</li><li>Max Gazor, CRV</li><li>Navin Chaddha, Mayfield</li><li>Matt Murphy, Menlo Venture Capital</li><li>Soma Somasegar, Madrona Ventures</li><li>Jon Lehr, Work-Bench</li><li>Steve Herrod, General Catalyst</li><li>Jai Das, Sapphire Ventures</li><li>Ed Sim, Boldstart Ventures</li><li>Martin Casado, Andreessen Horowitz</li><li>Vas Natarajan, Accel</li><li>Dharmesh Thakker, Battery Ventures</li></ul>[Editor’s note: Our prior enterprise survey failed to include any responses from female VCs and did not meet TechCrunch’s standards for diversity and inclusion. We regret the error.]
With the pandemic having such a huge impact on the economy, how has this changed your investment approach and the types of companies you are more likely to invest in?
We remain committed to our five core thesis areas: security &amp; infrastructure modernized, financial services rebuilt, work reimagined, data interconnected, and community activated. We break out each of our thesis areas into anywhere from 10-20 sub-sectors.
We have been continuously reprioritizing which sub-sectors will likely see business growth as well as opportunities to make a positive difference to a world grappling with COVID. There are still many unknowns and we closely watch company formation and funding to see where there might be particular concentration of entrepreneurial activity, which we take to be a positive sign that a market is robust and ready for significant investment.
Within enterprise software, we’ve unsurprisingly seen an acceleration in enterprise demand for communication and collaboration software. We’ve historically maintained a thesis that enterprise communication is an untapped, shadow set of data about workplace productivity and knowledge. With swaths of workers working remotely, capturing insights from these conversations provides a significant opportunity. This applies to industry verticals as much as it applies to functional software that sells across industries and focuses on a particular type of communication. We believe the key is that both employees and employers find these insights to be beneficial.
Lastly, we’ve also seen a growth in software and data that help enterprises navigate disruptions in supply, demand, or other aspects of their business."
10,"{'id': 'techcrunch', 'name': 'TechCrunch'}",Natasha Mascarenhas,Extension rounds help some startups play offense during COVID-19,"The venture capital world is constantly changing, and its evolution can sometimes flip pieces of conventional wisdom on their heads. For example, a recent flurry of extension rounds from Silicon Valley’s hottest startups like Stripe and Robinhood seem to sign…",http://techcrunch.com/2020/07/17/extension-rounds-help-some-startups-play-offense-during-covid-19/,https://techcrunch.com/wp-content/uploads/2019/08/hands-signing-check.png?w=753,2020-07-17T17:07:03Z,"The venture capital world is constantly changing, and its evolution can sometimes flip pieces of conventional wisdom on their heads. For example, a recent flurry of extension rounds from Silicon Valleys hottest startups like Stripeand Robinhood seem to signal that the investment type has suddenly become cool.
Extensions evolving from unloved to hot is not the first time that a type of VC deal has gained, or lost luster. In past times, for example, raising consecutive rounds from the same lead investor was often perceived as a negative signal; why couldnt the startup find a new, different lead investor? Today, in contrast, venture capitalists are using inside rounds to double-down on winning startups, a way of helping ensure returns for their own backers.
The recent phenomenon of extensions becoming vogue is a tale of the times, in which the best startups get to play offense, and startups that cant show accelerating growth are left behind. Lets explore what has changed.
TechCrunch first wrote about the new extension-round trend after seeing what felt like a wave of the deals crop up. Some were large, like MariaDBs huge $25 million add-on to its Series C, or Robinhoods biblical $320 million addition to its Series F.
But most were smaller events like Sayari adding $2.5 million to its Series B, or CALA adding $3 million to its seed round. Even more recently, Eterneva raised another $3 million on top of its seed round, and also out this week was a million pounds more for Edinburgh-based Machine Labs seed round.
One reason for the growth of extension rounds in 2020 has been runway — making sure that a startup has enough. Upstarts often raise on an 18-month cadence. But because of COVID-19 and its constituent economic disruptions, many have reduced costs in a bid to bolster how long they have until their cash stores reach zero."
11,"{'id': 'techcrunch', 'name': 'TechCrunch'}",Brian Heater,"As COVID-19 surges, 3D printing is having a moment","COVID-19 will be remembered for many things — most undoubtedly negative. There are, however, some silver linings among the horrors of the deadliest pandemic in recent memory. Among them, if the sort of human ingenuity that shines whenever the world is faced w…",http://techcrunch.com/2020/07/06/as-covid-19-surges-3d-printing-is-having-a-moment/,https://techcrunch.com/wp-content/uploads/2020/07/GettyImages-1208498831.jpg?w=600,2020-07-06T20:01:54Z,"COVID-19 will be remembered for many things most undoubtedly negative. There are, however, some silver linings among the horrors of the deadliest pandemic in recent memory. Among them, if the sort of human ingenuity that shines whenever the world is faced with a similar crisis. 
The simple truth of the matter is the world wasnt prepared for a virus of this magnitude. Its something thats played out in country after country, as the novel coronavirus has continued to devastate communities across borders. 
In spite of early warning signs, many nations the U.S. certainly included were caught off-guard, lacking the proper personal protective equipment (PPE) and other necessities required to battle the virus for a prolonged stretch. For many, taking on COVID-19 has required improvisation and resourcefulness both, thankfully, qualities found in good volumes among the maker community that helped give rise to 3D printing technology. 
If youve followed the technology even in passing over the last decade, youre no doubt aware how much time evangelists spend justifying the usefulness of 3D printing beyond the the confines of desktop hobbyists. The defensiveness is certainly understandable. Consumer 3D printing has all of the trapping of an overhyped boom and bust. The truth of the matter is that it simply wasnt ready for the mainstream moment many investors and members of the press were ready to thrust upon it. 
But even as desktop 3D printing companies begun to scale back or shutter at an alarming rate, the industry has continued to have success stories among those who have further innovated and targeted the right market. Formlabs jumps out amongst the desktop market, with Carbon presenting a success story on the industrial side of the fence. What unites both beyond innovation is a focus on real-world case uses."
12,"{'id': 'techcrunch', 'name': 'TechCrunch'}",Alex Wilhelm,COVID-19 fails to stop the march of the unicorns,"We’re digging into Q2 2020 venture capital results this week. Today we are exploring U.S.-specific results after taking a broader perspective yesterday. As with every quarter, our goal is to understand how strong, or not, the domestic and global VC markets ar…",http://techcrunch.com/2020/07/14/covid-19-fails-to-stop-the-march-of-the-unicorns/,https://techcrunch.com/wp-content/uploads/2020/05/NSussman_Techcrunch_Exchange_v3-BLU.jpg?w=533,2020-07-14T15:01:15Z,"We’re digging into Q2 2020 venture capital results this week.
Today we are exploring U.S.-specific results after taking a broader perspective yesterday. As with every quarter, our goal is to understand how strong, or not, the domestic and global VC markets are so that we can better follow the pace of startup dealmaking.
The Exchange explores startups, markets and money. You can read it every morning on Extra Crunch, and now you can receive it in your inbox. Sign up for The Exchange newsletter, which will drop every Saturday starting July 25.
TechCrunch will explore specific metros in the coming days, but today we’re sticking to numbers that detail the whole United States’s second-quarter venture outcome.
The results may surprise you. Despite the COVID-19 pandemic and huge disruptions to how companies large and small work, VCs put lots of capital to work in American startups during Q2. While total dollars put to work were down compared to Q1 2020 and the year-ago period, the declines were modest. And unicorns appeared to have a moderately good quarter to boot.
This morning we’re leaning on fresh data from the MoneyTree Report, compiled by business data company CB Insights and its partner, PwC.
Our goal is not to perish under a crushing tower of numbers, but to snag only the most important trends and squeeze them for all they can tell us. Let’s go!"
13,"{'id': 'techcrunch', 'name': 'TechCrunch'}",Walter Thompson,Latin America’s startup ecosystem is not immune to COVID-19,"The coronavirus pandemic, however, is having an outsized impact on Latin America’s startup activity compared to other regions, judging by Q1 2020 activity numbers.",http://techcrunch.com/2020/04/29/latin-americas-startup-ecosystem-is-not-immune-to-covid-19/,https://techcrunch.com/wp-content/uploads/2020/04/GettyImages-1138464559.jpg?w=600,2020-04-29T13:28:25Z,"Over the last number of years, Latin America has emerged as a significant growth market for big tech, including Uber, Airbnb, Amazon, Facebook, Coursera and others.
It has also become a growing and vibrant homegrown startup ecosystem. The region has sprouted 19-plus unicorns, several exits and even a billion-dollar, single-round financing. The coronavirus pandemic, however, is having an outsized impact on Latin Americas startup activity compared to other regions, judging by Q1 2020 activity numbers and this is just the beginning.
When including the U.S., Western Europe (WEU), U.K., China and Latin America, the global startup innovation landscape experienced a 27% drop in Q1 2020 in terms of the number of deals completed compared to the previous quarter. Giving some comfort to venture capitalists and startup founders alike is that the amount of invested capital remained essentially constant. The average deal size increased across these regions up a matching 27%. So, from a global perspective, the venture capital community did fewer but larger deals, on average, during the quarter where COVID-19 started wreaking major havoc in the economy.
Looking at each of these innovation hubs individually, we see different levels of impact from, presumably, COVID-19 between Q4 2019 and Q1 2020. Deal count for the U.S., WEU and U.K. each went down approximately 20% each. Fairly modest, all things considered. Chinas deal count, however, suffered almost a 50% drop while Latin Americas deal count went down almost 60%.
We also see a stark difference between these regions from an invested capital perspective. The U.S., WEU and U.K. each invested approximately 28% more capital in Q1 2020 as compared to Q4 2019, while Chinas and Latin Americas invested capital both went significantly down. China deployed a bit over one-third less capital and Latin America deployed a very significant two-thirds less."
14,"{'id': 'techcrunch', 'name': 'TechCrunch'}",Brian Heater,Top VCs discuss how COVID-19 is impacting robotics,"In the space of several weeks, COVID-19 has transformed countless industries and will continue to do so in ways we can only imagine. The pandemic has also spurred many to find new ways to work and keep society moving amid physical distancing, stay-at-home ord…",http://techcrunch.com/2020/05/07/top-vcs-discuss-how-covid-19-is-impacting-robotics/,https://techcrunch.com/wp-content/uploads/2020/05/GettyImages-1207699845-e1588861709381.jpg?w=600,2020-05-07T14:15:20Z,"In the space of several weeks, COVID-19 has transformed countless industries and will continue to do so in ways we can only imagine.
The pandemic has also spurred many to find new ways to work and keep society moving amid physical distancing, stay-at-home orders and mass hospitalizations. For years, robotics and automation have been a looming presence in a number of fields ranging from shipping and fulfillment to construction sites and operating rooms. But the novel coronavirus could well be the disruption that accelerates the adoption of these technologies.
These changes take time, but because COVID-19 wont be disappearing any time soon, it seems likely that this era will transform many of the robotics- and automation-curious into full-fledged converts. How different would this moment be if we were bolstered by a workforce that couldn’t transmit viruses or call in sick?
Following recent surveys exploring COVID-19s impact on media, fintech startups and esports, along with an earlier exploration of robotics investments, weve asked the category’s top VCs to discuss how the pandemic will impact their portfolio companies:
How has COVID-19 impacted automation and the robotics investing landscape?
We just closed on a fresh $1 billion and are actively making new investments in automation. COVID-19 revealed that our just-in-time manufacturing and logistics infrastructure cannot react to unexpected change. We expect the best practices of tech companies: rapidly adopting new tools and quickly iterating on their products and processes to become common in the realm of manufacturing and logistics. Engineers will be handed credit cards to try the latest tools, building on open source will be widely embraced, and making bets on products from startups will become the norm in this industry which has its roots in the industrial revolution.
COVID-19 will also encourage employers to rethink workspace layouts; keeping workers at a distance makes for a safer work environment. Automation enables that distance, and we continue to seek amazing teams aiming to empower human workers through automation. COVID-19 has created a period of uncertainty relating to demand, which will impact manufacturers’ ability to purchase automation to meet that demand. We encourage automation startups to revisit their assumptions on customer purchasing patterns, knowing that automation will become a priority in our new normal."
15,"{'id': 'techcrunch', 'name': 'TechCrunch'}",Walter Thompson,Demand for fertility services persists despite COVID-19 shutdowns,"Plenty of investments are made during a recession, and it’s no secret that smart investors will put money into recession-proof markets.",http://techcrunch.com/2020/06/24/demand-for-fertility-services-persists-despite-covid-19-shutdowns/,https://techcrunch.com/wp-content/uploads/2020/06/GettyImages-999302960.jpg?w=600,2020-06-24T20:40:14Z,"In 2019, the global fertility services industry was estimated to be worth $14.8 billion with demand driven by the significant growth in the median age of first-time mothers, according to a Research &amp; Markets report.
Gina Bartasi, founder and CEO of NYC-based fertility center Kindbody, has pointed to macroeconomic trends responsible for the industrys consistent growth, such as the increase in single mothers by choice and the fact that heterosexual couples are waiting to have children and waiting to get married, and more and more same-sex couples are having children, which is relatively new.
Regardless of the increasing demand, disasters can disrupt fertility services: On March 17, the American Society for Reproductive Medicine directed U.S.-based fertility clinics to avoid initiating new treatments, push back nonemergency surgeries and shift care to telemedicine.
Now reopened, its undeniable that COVID-19s national impact could alter the space as different types of crises have in the past. In looking back, we can find a better understanding of what the future holds.
After the terror attacks on September 11, 2001, a University of Louisville study found that there was “a prompt and significant increase in births and birthrates in the post-9/11 period” in New York City. Relatedly, when Hurricane Katrina hit New Orleans in August 2005 and created the nation’s costliest natural disaster, it was also one of five times since 1987 that frozen embryos were evacuated and protected during a natural disaster.
According to a study done by University of Wisconsin, following Katrina, displacement contributed to a 30% decline in birth cohort size. Black fertility fell, and remained 4% below expected values through 2010. By contrast, white fertility increased by 5%. The communities were so ravaged that the area’s Black population has remained substantially smaller."
16,"{'id': 'ars-technica', 'name': 'Ars Technica'}",Beth Mole,"After first coronavirus death in the US, first possible outbreak reported",Possible outbreak is in a nursing home where dozens of cases are already suspected.,https://arstechnica.com/science/2020/02/after-first-coronavirus-death-in-the-us-first-possible-outbreak-reported/,https://cdn.arstechnica.net/wp-content/uploads/2020/02/GettyImages-1209526503-760x380.jpg,2020-02-29T22:30:26Z,"Enlarge/ WASHINGTON, DC - FEBRUARY 29: U.S. President Donald Trump pauses during a news conference at the James Brady Press Briefing Room at the White House February 29, 2020 in Washington, DC. Department of Health in Washington State has reported the first death in the U.S. related to the coronavirus. 
10 with 9 posters participating
Health officials in Washington state reported three grim new features of the coronavirus situation in the US Saturday. They reported the countrys first death, the first case in a healthcare worker, and the first possible outbreak.
In a press briefing held by the Centers for Disease Control and Prevention, Dr. Jeffrey Duchin, health officer at Public Health of Seattle and King County, announced that there are three new presumptive cases of COVID-19 in the county, including the person who died. All of the cases appear to be from undetected spread of the new coronavirus in the community. The cases were identified because the state just recently gained the ability to do its own testing.
Two of the cases are linked to a long-term care facility called Life Care in Kirkland, Washington, east of Seattle. One of the cases is in a healthcare worker at the facility, a woman in her 40s who is said to be in satisfactory condition. She has no known travel outside of the US. The other is a resident of the facility, a woman in her 70s. She is in serious condition.The cases likely represent the start of an outbreak at the facility, which has approximately 108 residents and 180 staff. So far, 27 residents and 25 staff have reported some COVID-19 symptoms, Dr. Duchin said.
An outbreak of COVID-19 at a nursing home is particularly alarming since the data on the disease so far has clearly shown that the people most at risk of getting infected and having life-threatening disease are the elderly and people with underlying health conditionssuch as cardiovascular disease, lung conditions, and diabetes.
We are very concerned about an outbreak in a setting where there are many older people, Dr. Duchin said.
A team from the CDC is on its way to the facility to help manage the situation. This team is expected to arrive in Kirkland Saturday night.
The countrys first reported COVID-19 death was also in King County. The person who died was a man in his 50s with underlying health conditions. He died in a local hospital in Kirkland, but he was not a resident at Life Care and has no immediately known links to the facility. Health investigators are trying to track down how he was infected. (In an earlier press conference, President Trump had identified the person who died as a woman. That is incorrect. It was a man.)
The new informationa rapid escalation of the situation in the USfollows news of potential community spread in four separate areas of the US: two areas in California, and one in Oregon in addition to the Seattle and King County area.
This escalation raises our level of concern about the immediate threat of COVID-19 for certain communities, Dr. Nancy Messonnier, director of the CDCs National Center for Immunization and Respiratory Diseases said in the briefing. Still, the risk to the general public not in these areas is considered to be low, she said.
The new information brings the countrys tally to 69 cases and one death. That includes 47 cases in repatriated citizens (44 from the Diamond Princess and 3 from Wuhan, China, where the outbreak began)."
17,"{'id': 'techcrunch', 'name': 'TechCrunch'}",Walter Thompson,How D2C brands are holding up during the pandemic,So what's up with digital natives and how has COVID-19 played out for the segment?,http://techcrunch.com/2020/06/17/how-d2c-brands-are-holding-up-during-the-pandemic/,https://techcrunch.com/wp-content/uploads/2020/06/GettyImages-1086891678.jpg?w=600,2020-06-17T15:15:59Z,"More posts by this contributor
A lot has happened during the COVID-19 lockdowns in terms of human behavior.
E-commerce seems to have grown at the same rate in the last two months as it did in the last seven years. PipeCandy has been analyzing the segments within e-commerce that stand to gain the most with this “once in a generation” change.
Image Credits: PipeCandy
One segment that has dominated the news and the M&amp;A cycles within e-commerce is direct-to-consumer. The segment moved from being a disruptor of old-guard CPG companies to a channel strategy that every CPG company is now embracing. With lackluster IPOs of the likes of Casper, the closing of disruptor brands like Brandless and Walmart’s decision to not pursue D2C acquisitions, the era of hyper-funded digital natives is over.
So what’s up with digital natives now? How has COVID-19 played out for the segment?
Firstly, a comparison that some of you may not take very kindly. We are comparing actual retail sales from the U.S. Census Bureau with unique visitors from our sample of nearly 1,000 digital native brands. The directionality alone tells the story, even if we can’t compare the same metrics.
Image Credits: PipeCandy
What’s interesting about furniture is that people are buying storage units and shelves and tables for their home offices. Also, they are spending on mattresses. The rest of the furniture categories aren’t finding traction. That said, this observation is limited to D2C.
Now let’s see some D2C categories and their traffic growth trends over different slices of time.
Image Credits: PipeCandy
What you see above is a set of D2C category median growth rates of April 2020 compared to average growth rates in various time slices in 2019. We took April 2020 as the anchor month and compared against (1) the monthly average for every brand in the previous year and, (2) the month where they had the peak traffic.
The idea was to see not just whether these brands grew in April 2020 but also to see if they hit their peaks they hit in 2019. We have a few other cuts in our report (Q1 2019 versus Q1 2020, accounting for launch PR-linked peaks, etc.).
Fitness, pets and grocery registered healthy growth compared to 2019 averages, while the declines in furniture, apparel and kids have been minimal (when compared to the carnage we see in retail). But, when we see the data cut for peak 2019 versus April 2020, we see fitness and pets as categories have been resilient. We are still not back to the glory days of D2C in several other categories. Several categories and companies have been having a second lease of life. So what seems like a jaded performance when compared to the peak of 2019 is actually good news for several brands. They’d have been counted out but for COVID-19.
One way to truly size up the impact of COVID-19 is to look at the traffic numbers of these brands in 2019 and project the trends for 2020 assuming it would be a normal world from the vantage point of December 2019 and compare them with how things actually panned out between January and April 2020. We did consider and account for blips in numbers due to launch/PR activities in our forecasting model. The more positive the deviation is of the actual from the forecast, the better the category is doing.
I can only hypothesize that a certain virus caused the change in the trajectory.
Without, further ado, here is what we found:
Image Credits: PipeCandy
Kids, cookware and kitchen tools, apparel, fine jewelry, fashion, women’s health, mattresses, furniture and skincare actually deviated negatively from the forecast. This is not to say that these categories declined. We are actually saying that these categories didn’t keep up with the growth trends they orchestrated in 2019. That said, the devil is in the details. For instance, within furniture, there is a category of D2C brands that sell shelves and office furniture. Consumers did invest in them heavily, presumably to allow participants in the Zoom call to absorb more the titles of the books stacked in those shelves than from the calls themselves.
Wine/spirits, grocery, fitness, baby care, pets and nutraceuticals did better than anticipated. Basically, anything that helped numb the reality (alcohol), sweeten the reality (food), distract from the reality (baby care and pets), survive the reality (fitness) or hallucinate an alternative reality (nutraceuticals) did well.
A summary of our findings (free) and a detailed report on the impact of COVID-19 on direct-to-consumer brands (behind paywall) can be found on PipeCandy’s website.
I will leave you with another interesting conclusion we arrived at, through further research that is currently underway: The spotlight category in e-commerce is not direct to consumer it is the mid-market and large pure-play e-commerce companies. It is one segment where the compounded quarterly growth rate of active companies is better than the 2019 average.
We will have more to share in the coming weeks, so stay tuned!"
18,"{'id': 'engadget', 'name': 'Engadget'}",Jon Fingas,Apple Maps now shows COVID-19 testing sites across the US,"As hinted earlier, Apple has started displaying COVID-19 testing sites in Maps. People in all 50 states and Puerto Rico can use Apple’s default navigation app to quickly find a place to get checked, whether it’s a hospital, urgent care clinic, pharmacy or ded…",https://www.engadget.com/apple-maps-covid-19-testing-sites-all-us-191822069.html,https://o.aolcdn.com/images/dims?resize=1200%2C630&crop=1200%2C630%2C0%2C0&quality=80&image_uri=https%3A%2F%2Fs.yimg.com%2Fos%2Fcreatr-uploaded-images%2F2020-04%2F011c7f20-8982-11ea-938b-584a74435e62&client=amp-blogside-v2&signature=96a771eebbde311aab40eb60b2a2f4a90a30ee39,2020-04-28T19:18:22Z,"As hinted earlier, Apple has started displaying COVID-19 testing sites in Maps. People in all 50 states and Puerto Rico can use Apple’s default navigation app to quickly find a place to get checked, whether it’s a hospital, urgent care clinic, pharmacy or dedicated testing site. The facilities also fall under a new “COVID-19 Testing” search category that’s prioritized alongside other essentials like groceries and healthcare.
The listings should include details on what you’ll need to know before going in, such as any requirements for appointments or referrals."
19,"{'id': 'techcrunch', 'name': 'TechCrunch'}",Kirsten Korosec,How Lyft intends to navigate and survive COVID-19,"A glimpse at Lyft’s stock price Wednesday, which soared as much as 16.77% after first-quarter earnings were reported, suggested all was well in the ride-hailing company’s world. In this COVID 19-era, “well” is a relative term. Lyft’s net losses did dramatical…",http://techcrunch.com/2020/05/06/how-lyft-intends-to-navigate-and-survive-covid-19/,https://techcrunch.com/wp-content/uploads/2019/11/Lyft-Option-2.jpg?w=600,2020-05-07T02:11:00Z,"A glimpse at Lyft’s stock price Wednesday, which soared as much as 16.77% after first-quarter earnings were reported, suggested all was well in the ride-hailing company’s world.
In this COVID 19-era, “well” is a relative term. Lyft’s net losses did dramatically improve from the year-ago quarter (a loss of $398 million versus $1.1 billion in Q1 2019). However, Lyft was clear in its earnings call: COVID-19 had a profound impact on its customers and its business and the future was uncertain.
“It is impossible to accurately predict the duration and depth of the economic downturn we face,” Lyft CFO Brian Roberts said during an earnings call Wednesday afternoon. “Our business may be impacted for an extended period of time. So we must be prepared to adapt accordingly.”
The difficulty of predicting what will happen has hamstrung thousands of companies trying to navigate the COVID-19 pandemic. Last month, Lyft withdrew its previously provided revenue and adjusted EBITDA guidance for full year 2020 because of the vast unknowns.
“Given this fluidity, it is impossible for us to predict with any certainty our results,” Roberts said. After the requisite warnings, Roberts did eventually provide an outlook for the second quarter and it isn’t pretty. The outlook focused on adjusted EBITDA, which doesn’t give the most complete financial picture. It provides enough to understand that even with considerable cost-cutting measures, Lyft will suffer losses nearly four times wider than the first quarter.
Roberts said Lyft can manage to keep its second quarter adjusted EBITDA loss under $360 million if rides on its rideshare platform remain at April levels which were down 75% year-over-year for the remainder of the quarter. Lyft reported Wednesday an adjusted EBITDA loss of $85.2 million in the first quarter.
There are some early signs of a recovery. Ridership in the week ended May 3 was up 21% from the lows experienced in mid-April, according to Lyft. However, Lyft can’t afford to simply hope rideshare will return. It has to and already has enact a plan that will allow it to navigate the pandemic and come out as a survivor. In other words, Lyft will be judged at how well can stem the losses and find new revenue streams.
Work to cut costs has already started.
The company put together an aggressive plan to strengthen its financial position, Lyft co-founder and CEO Logan Green said during the earnings call. Lyft reduced its more than 5,000-person workforce by 17% and furloughed nearly another 300. Lyft also initiated a three-month pay reduction for all salaried employees, ranging from 10% for its most non-hourly team members, up to 30% for its senior leadership team and board members.
“Every other expense line is being scrutinized and no stone will be left unturned,” Green said.
The company expects to be able to cut its annualized fixed costs by $300 million by the end of the year. The reductions are based on its original expectations for 2020. Lyft has also ended rider coupons once ridership began to decline in mid-March and paused adding new drivers in nearly all markets.
“This reduces costs we incur associated with onboarding new drivers and helps protect utilization and earnings opportunities for existing drivers during this time of lower ride demand,” Green said.
Lyft reduced its 2020 capital expenditure plan by $250 million. And its sought out cost savings on the insurance front. (The company’s primary auto insurance policies expire at the end of September; Roberts said they’re considering the best options to reduce future volatility, as well as lower overall costs.)
The company is also shifting attention and resources to projects that executives believe will improve its unit economics. Finding those revenue streams will be tricky. Lyft has already provided a few clues of where it’s headed.
The company will continue with its Essential Deliveries pilot that launched April 15. The initiative lets government agencies, local non-profits, businesses and healthcare organizations request on-demand delivery of meals, groceries, life-sustaining medical supplies, hygiene products and home necessities.
Green said the company will evaluate any future opportunities based on how it performs. But he quickly added “that we have no interest in launching a consumer food delivery service. And so, we will not be doing that.”
Green also seemed cautiously optimistic about a new lost cost product called “Wait and Save,” that allows Lyft optimize the marketplace and be more efficient with matching drivers and riders."
