,source,author,title,description,url,urlToImage,publishedAt,content
0,"{'id': 'techcrunch', 'name': 'TechCrunch'}",Brian Heater,Magic Leap announces layoffs amid COVID-19 slowdown,"In a story that’s become all too common these past few weeks and months, Magic Leap this morning announced that it will be laying off “a number of employees” across the country. The size and scope of the move is not clear at the moment, but the moves are clea…",http://techcrunch.com/2020/04/22/magic-leap-announces-layoffs-amid-covid-19-slowdown/,https://techcrunch.com/wp-content/uploads/2020/04/magic-leap-one-b57ca9e203ff7d82143811866148b89c.jpg?w=678,2020-04-22T15:49:49Z,"In a story thats become all too common these past few weeks and months, Magic Leap this morning announced that it will be laying off a number of employees across the country. The size and scope of the move is not clear at the moment, but the moves are clearly significant as the well-funded A.R. startup struggles to adapt to the harsh reality of the current pandemic. 
The layoffs also comes as the hardware maker has increased focus on enterprise applications. Late last year, it announced the release of the Magic Leap Enterprise Suite, a $3,000 package designed to take on the more lucrative business side of augmented and mixed reality, joining the likes of Microsofts Hololens. 
The open letter attempts to strike a hopeful tone, both in terms of its IP portfolio and the role its technology might play as more organizations actively explore virtual interactions. 
The post-COVID economy will be one of resiliency and the ability for businesses to operate across vast distances and connect with their customers in ways that mimic physical interactions, founder/CEO Rony Abovitz writes, but benefit from the speed and scale of high-speed networks, will be critical. Spatial computing will very much be part of that coming economic change.
Developing…"
1,"{'id': 'techcrunch', 'name': 'TechCrunch'}",Brian Heater,"Smartphone shipments dropped 18% in China, thanks to COVID-19","More rough figures from Canalys. After reporting a 13% year-over-year drop for global smartphone shipments, the firm is back with even worse numbers for China. Shipments dropped 18% year-over-year for Q1 in the world’s largest smartphone market. And once agai…",http://techcrunch.com/2020/05/01/smartphone-shipments-dropped-18-in-china-thanks-to-covid-19/,https://techcrunch.com/wp-content/uploads/2019/11/GettyImages-1012367458.jpg?w=599,2020-05-01T13:18:16Z,"More rough figures from Canalys. After reporting a 13% year-over-year drop for global smartphone shipments, the firm is back with even worse numbers for China. Shipments dropped 18% year-over-year for Q1 in the worlds largest smartphone market. And once again, the COVID-19 pandemic was to blame. 
It tracks that China was hard hit for Q1, as it was the first to suffer from the outbreak of the novel coronavirus. The first known case dates back to mid-November, with its eventual spread having a major impact on both local buying habits and the global supply chain, much of which is headquartered in China. The 72.6 million shipments puts the number at its lowest point since 2013.
The figures could have been worse, of course. While an 18% is pretty massive for an industry that had struggled to grow well before the virus emerged, Canalys says the figures were saved from a further skid due to the smartphones current status as an essential product.
The smartphones status as an essential personal item has stopped the market falling further during the pandemic, Canalys VP Nicole says in a statement. The Q1 performance was also buoyed by Chinas well-established ecommerce channel for smartphone distribution, and the fact that most Chinese businesses were able to resume work rapidly after two weeks of nationwide travel restrictions. Unfortunately, the same conditions do not apply in any other major markets in the world.
Still, analysts are cautious about the markets ability to rebound in China, let alone the rest of the world, with a number of countries still very much in the throes of the pandemic."
2,"{'id': 'techcrunch', 'name': 'TechCrunch'}",Brian Heater,Amazon warehouse workers strike in Germany over COVID-19 conditions,"Amazon warehouse workers in Germany are striking for 48 hours this week, to protest conditions that have led to COVID-19 infections among fellow employees. Strikes began today at six warehouses and are set to continue through end of day Tuesday. The company h…",http://techcrunch.com/2020/06/29/amazon-warehouse-workers-strike-in-germany-over-covid-19-conditions/,https://techcrunch.com/wp-content/uploads/2019/09/GettyImages-1161005963.jpg?w=599,2020-06-29T14:09:37Z,"Amazon warehouse workers in Germany are striking for 48 hours this week, to protest conditions that have led to COVID-19 infections among fellow employees. Strikes began today at six warehouses and are set to continue through end of day Tuesday. 
The company has drawn international criticism for its decision not to disclose official COVID-19 infection rates among workers, but a representative for Berlin-based labor union Verdi (Vereinte Dienstleistungsgewerkschaft or German United Services Trade Union) says theyre aware of at least 30 to 40 workers in the Bad Hersfeld factory in Central Germany who have been infected with the virus. 
Other striking factories include Koblenz, Leipzig, Rheinberg and Werne. Germany represents Amazons largest non-U.S. market, and is one that has seen its fair share of worker protests. Strikes were planned for Prime Days in both 2018 and 2019. But the COVID-19 pandemic represents a new challenge for the online retail giant.
As it has done with other recent criticism, the company denied suggestions that its working conditions are unsafe and pointed to various COVID-19-related initiatives. 
The majority of our associates does not participate and we see no impact on customer orders. The fact that more than 8,000 of our over 13,000 permanent associates in Germany are with us for more than five years proves that we are a fair employer, a spokesperson said in a statement to TechCrunch. Everything the union demands is already in place: Wages at the upper end from what is paid for similar jobs, career opportunities and a safe working environment,. The facts are: By end of June, we will have invested approximately $4 billion worldwide on COVID-related initiatives getting products to customers and keeping employees safe.
Here in the States, the company has drawn criticism from media and politicians alike for its action on COVID-19, including the firing of multiple workers who have been vocally critical of its policies."
3,"{'id': 'techcrunch', 'name': 'TechCrunch'}",Brian Heater,PC shipments rebound slightly following COVID-19-fueled decline,PC shipments had a rough first quarter for all of the same reasons as everything that isn’t a Clorox wipe or N95 mask. People just weren’t ready to drop a ton of money on a new device. The impact of COVID-19 was lessened slightly by IT departments and individ…,http://techcrunch.com/2020/07/09/pc-shipments-rebound-slightly-following-covid-19-fueled-decline/,https://techcrunch.com/wp-content/uploads/2019/07/GettyImages-1145998933.jpg?w=599,2020-07-09T21:09:50Z,"PC shipments had a rough first quarter for all of the same reasons as everything that isnt a Clorox wipe or N95 mask. People just werent ready to drop a ton of money on a new device. The impact of COVID-19 was lessened slightly by IT departments and individuals adapting to the new remote working realty, but the numbers were far from ideal overall, due in no small part to issues with the supply, as the virus hit China and other parts of Asia. 
According to numbers from Gartner, Q2 has seen the beginning of a rebound. It’s not a huge bump, mind, but at 2.8% year-over-year, its a notable increase after a rough first quarter. There are a couple of reasons for the growth here. First is the aforementioned interest in upgrading home setups for work and school. Second is from retailers, which have reopened in a number of locations and have begun to refill shelves after being cut off via the supply chain.
Source: Gartner
Lenovo stayed at the number one spot, with HP following close behind. The companies saw 4.2% and 17.1% increase in shipments, respectively. Dell, Apple and Acer rounded out the top five. All told, the U.S. market is up 3.5% for the quarter, as well. Mobile computers in particular saw the biggest growth, helping to curb some of the attrition among desktops. 
Notably, Gartner believes the growth will only be temporary, so take the good news where you can get it, PC makers. [T]his uptick in mobile PC demand will not continue beyond 2020, as shipments were mainly boosted by short-term business needs due to the impact of the COVID-19 pandemic, Gartner analyst Mikako Kitagawa says in the release."
4,"{'id': 'techcrunch', 'name': 'TechCrunch'}",Anthony Ha,Daily Crunch: COVID-19 vaccine trials show promise,"Vaccine researchers have some good news, Google Maps adds end-to-end bikesharing directions and Roblox launches a new virtual event platform. Here’s your Daily Crunch for July 20, 2020. The big story: COVID-19 vaccine trials show promise Two vaccine trials — …",http://techcrunch.com/2020/07/20/daily-crunch-covid-19-vaccine-trials-show-promise/,https://techcrunch.com/wp-content/uploads/2020/03/GettyImages-1208040947.jpg?w=600,2020-07-20T22:13:55Z,"Vaccine researchers have some good news, Google Maps adds end-to-end bikesharing directions and Roblox launches a new virtual event platform. Here’s your Daily Crunch for July 20, 2020.
The big story: COVID-19 vaccine trials show promise
Two vaccine trials one conducted at the University of Oxford, and another by researchers in Wuhan both had promising results, with a vaccine leading to an increased antibody response, while also appearing to be safe for human use.
The Oxford team is now ready to move on to phase three trials these are the large-scale human trials that come before approval. However, my colleague Darrell Etherington warns against getting prematurely excited about these results:
It is very early to make too many assumptions about what these early trials indicate, however. For instance, we still dont really know how effective antibodies are in patients that have recovered from having COVID-19 once, so a lot more investigation is required by scientists in better understanding the efficacy of antibodies, and potentially vaccines, over the long term.
The tech giants
Snap turns on Minis, bite-sized third-party apps in Snapchat Unveiled last month, Snap Minis are lightweight, simplified versions of apps that live within Snaps Chat section.
Google Maps rolls out end-to-end directions for bikeshare users Google Maps has long offered cycling directions, and it could already point users to bikesharing locations. The new update makes things even simpler, combining both walking and biking directions for end-to-end navigation.
GM details 12 upcoming electric vehicles from Cadillac, GMC, Chevrolet and Buick In its latest sustainability report, General Motors said it’s on track to deliver 20 electric vehicles by 2023.
Startups, funding and venture capital
TC Early Stage is covering every aspect of operations, from legal to recruiting to finding product market fit The event starts tomorrow!
Dumpling launches to make anyone become their own Instacart The startup connects shoppers to all the resources they need to migrate off the Instacart platform and start their own personal-shopping business.
Roblox launches Party Place, a private venue for virtual birthday parties and other meetups Party Place is based on the technology Roblox uses to host its own virtual events.
Advice and analysis from Extra Crunch
Edtech is no longer optional: Investors’ deep dive into the future of the market In our latest survey, VCs look at the larger impact of rapid change on edtech.
From farm to phone: A paradigm shift in grocery Signia Ventures’ Sunny Dhillon discusses how the grocery business has changed dramatically in recent months.
Despite Tesla-led hype, private investment in EV startups appears steady In the latest edition of The Exchange, Alex Wilhelm investigates the latest data on electric vehicle investment.
(Reminder: Extra Crunch is our subscription membership program, which aims to democratize information about startups. You can sign up here.)
Everything else
So long, TechCrunch Our longtime COO Ned Desmond says goodbye.
Original Content podcast: The Old Guard is extremely dumb fun This Netflix action movie is soooo dumb, but my podcast co-host Darrell Etherington really liked it.
The Daily Crunch is TechCrunch’s roundup of our biggest and most important stories. If you’d like to get this delivered to your inbox every day at around 3pm Pacific, you can subscribe here."
5,"{'id': 'techcrunch', 'name': 'TechCrunch'}",Alex Wilhelm,"As Uber reportedly contemplates layoffs, a look back at its post-IPO financial performance","COVID-19 has changed how much people move around, hampering Uber's business.",http://techcrunch.com/2020/04/29/as-uber-reportedly-contemplates-layoffs-a-look-back-at-its-post-ipo-financial-performance/,https://techcrunch.com/wp-content/uploads/2020/02/GettyImages-1151684401.jpg?w=600,2020-04-29T13:15:27Z,"Hello and welcome back to our regular morning look at private companies, public markets and the gray space in between.
Yesterday news broke that Uber’s CTO Thuan Pham would leave the company (confirmed), and that the American technology giant is contemplating a huge staffing cut to reduce its cost structure. COVID-19 has changed how much people move around, hampering the ride-hailing company’s business.
If the cuts come to pass at the scale The Information reports is possible, they would be the steepest layoffs that we’ve heard of at Uber. And they would cap a reversal in fortune the company, which after a somewhat rocky IPO was enjoying fresh momentum in the later parts of 2019 and the start of 2020.
This morning we’re going back in time to rewind through Uber’s post-IPO financial timeline. The company reports earnings on May 7, 2020, a little over a week from today. With that event coming up, we’d best be caught up.
It’s hard to choose where to start today. We could go all the way back to Uber’s May 2019 IPO, for example. Instead, we’re going to kick off a month later (it will be clear why in a moment). Also we must be somewhat summary in the following, so not everything that happened is included. We’re only talking about the bits we need most. Let’s go:"
6,"{'id': 'techcrunch', 'name': 'TechCrunch'}",Marquise Foster,Hear how Covid-19 has disrupted the startup world,"What early-stage startup founder wouldn’t love to have a crystal ball? Especially now with a pandemic wreaking economic uncertainty across industries in every corner of the world. We don’t have mystical powers, but we do have the next best thing, and it’s ava…",http://techcrunch.com/2020/08/17/hear-how-covid-19-has-disrupted-the-startup-world/,https://techcrunch.com/wp-content/uploads/2020/08/24956676938_367bb21a6a_c.jpg?w=599,2020-08-17T22:25:06Z,"What early-stage startup founder wouldnt love to have a crystal ball? Especially now with a pandemic wreaking economic uncertainty across industries in every corner of the world.
We dont have mystical powers, but we do have the next best thing, and its available exclusively to early-stage founders exhibiting in Digital Startup Alley at Disrupt 2020. Sign up today for our interactive webinar, COVID-19s Impact on the Startup World scheduled for August 19 at 1pm PT/ 4pm ET.
What does the future of work look like? In what ways will startups need to adapt, and how can they course-correct both during and after COVID-19? These are some of the challenging topics our expert panel will address, and theyll take questions from the viewing audience, too.
Which brilliant minds will offer their perspective, tips and advice? None other than Nicola Corzine, executive director of the Nasdaq Entrepreneurship Center and Cameron Stanfill, a VC analyst at PitchBook. Jon Shieber, a TechCrunch writer who covers Venture Capital and Private Equity investments will moderate the conversation. Its an interactive webinar, folks, so dont be shy bring your questions, comments and ideas to the table.
If you havent purchased a Disrupt Digital Startup Alley Package, go grab yours now. Youll be able to attend this webinar and the next one, too (more on that in a minute). But heres the most important part youll showcase your tech, talent and products to thousands of Disrupt attendees from around the world. Boost your brand recognition, connect with potential customers, partners, investors, media and other influencers across the startup ecosystem. You never know who youll meet exhibiting in the Alley or where a chance connection might lead.
Exhibiting in Startup Alley gave our company and technology invaluable exposure to potential customers and partners that we would not have met otherwise. A company that does 15 billion in annual sales thinks our tech is a fit for their ecosystem, and were excited to continue building that relationship. Joel Neidig, founder of SIMBA Chain.
Now that youre all set with you Digital Startup Alley exhibitor pass, circle August 26 on your calendar for the final webinar we scheduled for exhibitors’ edification.
August 26 Fundraising and Hiring Best Practices
Moderated by TCs Natasha Mascarenhas, panelists Sarah Kunst (Cleo Capital) and Brett Berson (First Round Capital) discuss two essential topics for startup success. Securing funding may feel like the hardest part of growing a startup but hiring the right people aint no walk in the park either. You need to get a handle on both areas, and these folks can help you do just that.
Exhibitors, sign up for the August 19 webinar, COVID-19s Impact on the Startup World. And to the rest of the early-stage startup founders out there dont miss your chance to be an exhibitor at Disrupt 2020 buy a Disrupt Digital Startup Alley Package today.
Is your company interested in sponsoring or exhibiting at Disrupt 2020? Contact our sponsorship sales team by filling out this form."
7,"{'id': 'techcrunch', 'name': 'TechCrunch'}",Alex Wilhelm,COVID-19 is driving demand for low-code apps,"Now that the great Y Combinator rush is behind us, we’re returning to a topic many of you really seem to care about: no-code and low-code apps and their development. We’ve explored the theme a few times recently, once from a venture-capital perspective, and a…",http://techcrunch.com/2020/08/27/covid-19-is-driving-demand-for-low-code-apps/,https://techcrunch.com/wp-content/uploads/2020/05/NSussman_Techcrunch_Exchange_v3_RD.jpg?w=533,2020-08-27T13:56:48Z,"Now that thegreat Y Combinator rush is behind us, we’re returning to a topic many of you really seem to care about: no-code and low-code apps and their development.
We’ve explored the theme a few times recently, once from a venture-capital perspective, and another time building from a chat with the CEO of Claris, an Apple subsidiary and an early proponent of low-code work.
Today we’re adding notes from a call with Appian CEO Matt Calkins that took place yesterday shortly after the company released its most recent earnings report.
The Exchange explores startups, markets and money. You can read it every morning on Extra Crunch, or get The Exchange newsletter every Saturday.
Appian is built on low-code development. And, having gone public back in 2017, it is the first low-code IPO we can think of. With its Q2 results reported on August 6, we wanted to dig a bit more into what Calkins is seeing in today’s market so we can better understand what is driving demand for low, and no-code development specifically, and demand for business apps more generally in 2020.
As you can imagine, COVID-19 and the accelerating digital transformation are going to come up in our notes. But, first, let’s take a look at Appian’s quarter quickly before digging into how its low-code-focused CEO sees the world.
Appian had a pretty good Q2. The company reported $66.8 million in revenue for the three-month period, ahead of market expectations that it would report around $61 million, though collected analyst estimates varied. The low-code platform also beat on per-share profit, reporting a $0.12 per-share loss after adjustments. Analysts had expected a far worse $0.25 per-share deficit.
The period was better than expected, certainly, but it was not a quarter that showed sharp year-over-year growth. There’s a reason for that: Appian is currently shedding professional services revenue (lower-margin, human-powered stuff) for subscription incomes (higher-margin, software-powered stuff). So, as it exchanges one type of revenue for another with total subscription revenue rising a little over 12% in Q2 2020 compared to the year-ago quarter, and professional services revenue falling around 10%, the company’s growth will be slow but the resulting revenue mix improvement is material.
And most importantly, inside of its larger subscription result for the quarter ($41.4 million) were its cloud subscription revenues, worth $29.6 million for the quarter and up 30% compared to the year-ago period. Summing, the company’s least lucrative revenues are falling as its most lucrative accelerate at the fastest clip of any of its cohorts. That’s what you’d want to see if you are an Appian bull.
Shares in the technology company are up around 45% this year. And with that, we can get started."
8,"{'id': 'techcrunch', 'name': 'TechCrunch'}",Natasha Mascarenhas,"After early-COVID layoffs, Hipcamp is buying competition, hiring","When shelter-in-place was first announced in the United States, most companies in the travel space saw bookings drop. Some shuttered. Hipcamp, a San Francisco-based startup that provides private land for people who want to go glamping or camping, found itself…",http://techcrunch.com/2020/08/27/after-early-covid-layoffs-hipcamp-is-buying-competition-hiring/,https://techcrunch.com/wp-content/uploads/2016/09/traveltech.jpg?w=599,2020-08-27T14:04:07Z,"When shelter-in-place was first announced in the United States, most companies in the travel space saw bookings drop. Some shuttered. Hipcamp, a San Francisco-based startup that provides private land for people who want to go glamping or camping, found itself in a similar spot. (even though its entire sell is about getting you away from crowds).
Bookings took a precipitous drop as people sheltered-in-place, and we actually encouraged people to cancel, founder Alyssa Ravasio said in an interview. The startup conducted a round of layoffs back in April, citing economic uncertainties. One employee tells TechCrunch that 60% of the company was laid off in two weeks. Hipcamp did not comment directly on the number of layoffs.
Months later, Hipcamp is in a far better spot. When stay-at-home orders lifted, bookings spiked with people eager to get outside, which the CDC says is a safer activity than being inside a place with less ventilation. Ravasio says that Hipcamp has even brought back some employees it originally laid off. The startup is currently hiring.
Off this new momentum, Hipcamp today announced that it has acquired Australia-based landsharing startup Youcamp, marking its first expansion into an international market. With the new business, Hipcamp will acquire Youcamps existing 50,000 listings, bringing its total to 420,000 listings.
Hipcamp declined to disclose the financials of the deal at this time.
Youcamp, founded by James Woodford, was born in New South Wales in 2013. Similar to Hipcamp, Youcamp worked to draw urban-based adults to the great outdoors. For its 7 years as an independent company, Youcamp racked up listings by working directly with private landowners.
Ravasio says she made her first big international bet in Australia partly because of revenue predictability.
Expanding to the Southern Hemisphere also helps us account for natural seasonality with outdoor recreation. Between the US and Australia, its an endless summer, the founder said.
The entire team at Youcamp will join Hipcamp, adding five to Hipcamps staff, bringing its employee base to a total of 35
Along with the acquisition announcement, Hipcamp shared that it is officially launching in Canada . The startup already had a number of Canadian hosts, but it will now increase the total by partnering directly with private landowners.
The company declined to share profitability or growth statistics, but instead pointing to aggregate usage numbers as some sort of cumulative revenue parallel. To date, Hipcamp has helped people spend 2.5 million nights outside across 6,000 hosts in the United States. Australia, and Canada.
In July 2019, Hipcamp got a tranche of new capital from investors, including but not limited to Andreessen Horowitz, Benchmark, Slow Ventures, Marcy Ventures (co-founded by Shawn Carter, or Jay-Z) and Dreamers Fund (co-founded by Will Smith). The round valued the startup at $127 million.
Hipcamp, which has been dubbed by the New Yorker the Airbnb of the outdoors, is more optimistic than it was in March, as shown by this appetite for acquisition. The progress mirrors what we’re seeing out of the actual Airbnb, which has found bookings increasing year over year as people look to stay at properties for local holidays."
9,"{'id': 'wired', 'name': 'Wired'}",Sara Harrison,Some Nursing Homes Escaped Covid-19—Here's What They Did Right,"As states start to reopen, senior care facilities must balance the needs of residents against the potential for more deadly Covid-19 outbreaks.",https://www.wired.com/story/some-nursing-homes-escaped-covid-19-heres-what-they-did-right/,"https://media.wired.com/photos/5ed02984f2a15a3541db102a/191:100/w_1280,c_limit/Science_elderhands-1132272264.jpg",2020-05-29T11:00:00Z,"Chodos says these measures can help stem the spread of the virus from asymptomatic carriers. With a virus this infectious, she adds, no precaution is superfluous in any circumstance.
But those precautions are only helpful to a point, according to Unroe. These outbreaks are continuing and theyre going to continue in nursing homes, she says. There are still a lot of unanswered questions about how and why the virus has spread so quickly in some homes, but not in others. Based on early data, she says: Its about the size of the facility and the amount of spread in your community.
Nevertheless, Unroe warns that while researchers are working furiously to figure out solutions, they still dont have all the answers: It's a turbulent time and we're trying to make clinical and operational decisions with incomplete information.
As San Francisco starts to reopen, SFCJLs Cmiel is nervous. This scares me to death, she says. I actually think we need to tighten up now that the city is reopening. If community transmission of the virus starts to increase in the city, nursing home residents will be at an even greater risk. But how long can people go without seeing their loved ones, or getting exercise or intellectual stimulation? Its this constant balance, adds Cmiel, between the safety and health of our residents and the needs of the families.
Read all of our coronavirus coverage here.
A much more far-reaching approach to keep older people safe from Covid-19 would be to care for them in their homes, keeping them out of long-term residential settings. Two initiatives in California, Community-Based Adult Services and Multipurpose Senior Services Program (CBAS and MSSP, respectively), serve thousands of low-income seniorsthe majority of whom are people of color. The programs provide essential services like at-home nursing care, physical and emotional therapy, meals, and transportation that are on-par with the support received by residents in senior homes.
Out of the nearly 10,000 seniors served by MSSP, only three have died of Covid-19 so far, says Claire Ramsey, a senior staff attorney at Justice in Aging, a nonprofit that advocates for low-income seniors. This is a way safer way to provide care, she comments. Chodos notes that seniors who receive care in their homes also have lower rates of depression, and experience slower cognitive and physical decline. And home care is also usually what seniors would prefer, says Unroe: People should be cared for where they want to be cared for. Almost anyone would say that is in their homes.
Advocates say that nursing homes are necessary, but they shouldnt be the default care solution for seniors who need some assistance. There should be a continuum of care, and institutional care should really be reserved for people who need it, who cant be successful and safe in their own homes, says Ramsey.
But the economic effects of Covid-19 are forcing states to cut budgets; both California and New York have proposed cuts to programs that provide low-income seniors with at-home help that keeps them out of institutions. In the Golden State, Governor Gavin Newsoms revised budget will eliminate both CBAS and MSSP and reduce the hours of in-home care MediCal funds by 7 percent. New York state already has decided to limit eligibility to the Consumer Directed Personal Assistance Program, which pays for home nursing aides for disabled or chronically ill New Yorkers. Ramsey says that without these programs, many seniors will have no choice but to move into long-term care facilities. You are literally going to have more people die if you do this, she adds.
Another worry is that even if seniors arent forced into high-risk living situations, other cuts could jeopardize their overall health. Californias proposed budget would also cut eligibility for MediCal and eliminate optional MediCal benefits like podiatry, physical therapy, and diabetes prevention programs. Those benefits are important for keeping people healthy and alive, regardless of the threat from the novel coronavirus. One of the things were very worried about is how bad these are cumulatively for people, says Ramsey. Its really death by 1,000 cuts.
WIRED is providing free access to stories about public health and how to protect yourself during the coronavirus pandemic. Sign up for our Coronavirus Update newsletter for the latest updates, and subscribe to support our journalism."
10,"{'id': 'wired', 'name': 'Wired'}",Matt Simon,An Onslaught of Crises Has Created a Modern Paradox,"Never before have humans lived more comfortably. And yet today we're overwhelmed by crises, be it inequality or economic collapse or Covid, all exacerbating one another.",https://www.wired.com/story/covid-crisis-modern-paradox/,"https://media.wired.com/photos/5ed037f32ea7ea36d6c0806a/191:100/w_1280,c_limit/Science_crisisfatigue_covid_1221816678.jpg",2020-06-01T12:00:00Z,"If youre one of the lucky modern humans, you dont lack food or water, youve got access to primo health care, and you dont have to worry about a predator eating you. Thats a historical oddity: For the vast majority of our species timeline, peoples lives were filled with constant crises and impending death. 
Yet here we are in 2020, and even lucky modern humans cant help but think the world is coming to an end. And really, the hints are there: the climate catastrophe, plagues of locusts, the Covid-19 pandemic and the attendant economic recessiona little more than a decade after the 2008 crashall of it the subject of cable news and social media reports, day in and day out. Its enough to make a person give up caring. Why not, if we're going to hell in a handcart? Let's just enjoy tomorrow, says Matthew Flinders, founding director of the Sir Bernard Crick Centre for the Public Understanding of Politics at the University of Sheffield.
Of late Flinders has been exploring the notion of crisis fatigue, or the idea that after years of constant bad news, perhaps weve grown numb to warnings from politicians of yet more bad news. In particular, he was worried that the British public would balk at shelter-in-place orders during the Covid-19 pandemicfinally issued in late March after the UK government, led by Prime Minister Boris Johnson, initially dilly-dallied in its response.
As the crisis drags on, might that fatigue set in across societies? And now that scientists have been thrust into the spotlight during the pandemic, might the distrust spread toward their leadership as well? What happens to society when so many crises collide? WIRED asked Flinders for his thoughts on how we got to this point, and how we might chart a path forward.
This conversation has been condensed and edited for clarity.
WIRED: To begin, go over your thinking during the pandemic about the potential for crisis fatiguewhere it comes from, and how we might combat it.
Matthew Flinders: I would say that the phenomenon of crisis fatigue can exist at a number of different levels. For me, crisis fatigue is a very natural human response: The whole nature of crises is that they're new and shocking. And inevitably, as soon as you've thought about and lived with the crisis for a while, it becomes the new normal.
Originally, I started thinking about crisis fatigue specifically in relation to lockdown, because there was a big debate about how long realistically you could expect the British public to abide by very strict lockdown and social distancing rules. There was a strong perception coming from the behavioral sciences that you could only really expect the public to be in lockdown for two or three weeks. And this assumption was very critical, because it meant that the government tried to avoid going into lockdown for as long as it could in order not to use up that period too early, but almost to save it to flatten the peak.
Now, of course, what's happened is that it looks as if that strategy was not only wrong, but also the British public haven't fallen into crisis fatigue in quite the way I'd originally expectedbecause, if anything, the British public have been overwhelmingly compliant with social lockdown. The latest social surveys bizarrely show that the public is still so fearful they don't want to come out of lockdown.
Read all of our coronavirus coverage here.
I think what nobody is really understanding is that it is impossible to see this crisis as a completely separate entity to any other of the wave upon wave of crises that seemed to have crashed down upon the shores of the public for a least two decades. And what I think is interesting is that, particularly among the younger generations, the existence of some form of existential crisisbe it fiscal, environmental, democratic, medicalis the new normal. In many ways, the respite that you get now, between the next crisis crashing down on you, is increasingly small. And I wonder if that, at a deeper social psychological level, has some explanationparticularly for the UK. We went from one crisis around Brexit, which was an existential crisis about our position in the world. And just as we sort of resolved to get Brexit done, within days any sense of relief or calm was destroyed by the launch of Covid."
11,"{'id': 'wired', 'name': 'Wired'}",Matt Simon,16 Health Workers Talk About Their Battles With the Pandemic,"WIRED’s video team reached out to doctors, physician assistants, and paramedics, and asked them about their experiences treating Covid-19 patients.",https://www.wired.com/story/16-health-workers-talk-about-their-battles-with-the-pandemic/,"https://media.wired.com/photos/5ed5c2ec08380d2c263d22b6/191:100/w_1280,c_limit/Science_healthworker_1215356258.jpg",2020-06-03T16:34:23Z,"Health care workers the world over have never faced combat with anything quite like Covid-19, a disease that spreads rapidly and so far has killed more than 360,000 people worldwide. Health officials were so concerned that hospitals would be overwhelmed by patients that in March much of the world went into an unprecedented lockdown to flatten the curve, or to slow the rate of new infections to give facilities time to muster a response. Regions that acted quickly, like the San Francisco Bay Area, have so far succeededthose that stalled, like New York City, saw their hospitals flooded with patients. It got so bad in NYC that one hospital had to bring in a refrigerated semi-truck trailer to hold the dead.
Caring for so many extremely ill patients has taken an extraordinary emotional and physical toll on health workers from every nation. WIREDs video team reached out to 16 of themincluding doctors, physician assistants, paramedics and epidemiologistsand asked them about their experiences treating Covid-19 patients. Some of them saw their first coronavirus patients just days before filming began; others had already been battling the disease for weeks or months. Some had seen just a few patients, others hundreds. All, though, are dealing with a pandemic the likes of which the modern world has never seen.
Read all of our coronavirus coverage here.
Theyre having to make brutal decisions, like when to pull patients off ventilators, and where to allocate precious resources. They have to think twice about once-ordinary treatment regimens: Using aerosolized medications to treat asthma or wheezing could help spread the virus through the air. These health workers must take time away from their families, and they cant even see all of their patients. One doctor in Los Angeles, who travels to his clients homes, had to tell an 84-year-old patient he sees monthly that he could no longer enter the mans house, lest he bring the virus with him. Thats even with strict sanitization practices in place: This doctor wipes his car clean between patients; another puts all of his clothes in the wash and masks in the oven when he returns home, and then showers, a decontamination process that takes up to 45 minutes. Still others opt to shower at their workplaces.
Its taking a personal toll on them, too: Some people say they cant sleep, and even when they do, they have Covid-19 nightmares. Yet still they persist, support each other, take pride in their ability to help others in their communities, and steel themselves for what could be an even more punishing second wave of Covid-19 come winter.
For their full stories, take a look at the video above.
WIRED is providing free access to stories about public health and how to protect yourself during the coronavirus pandemic. Sign up for our Coronavirus Update newsletter for the latest updates, and subscribe to support our journalism."
12,"{'id': 'wired', 'name': 'Wired'}",Matt Simon,Why Massive Saharan Dust Plumes Are Blowing Into the US,"Every summer, an atmospheric event propels desert dust thousands of miles across the Atlantic. This year is particularly bad, and timed terribly with Covid-19.",https://www.wired.com/story/saharan-dust-plumes-are-blowing-into-the-us/,"https://media.wired.com/photos/5ef3b90fab5844e130e245c7/191:100/w_1280,c_limit/Science_dustcloud-1221952759.jpg",2020-06-25T11:00:00Z,"It doesn't help matters for any budding hurricanes that the dust in the SAL is absorbing heat from the sun as it travels across the Atlantic, creating still more atmospheric stability. Even worse for hurricanes, they need a calm environment in order to start spinning, but the SAL is barrelling in with 50-mile-per-hour winds. It tilts and it bends the tropical cyclone vortex as you go up in height, and it decouples and disrupts the storm's internal heat engine, as we call it, says Miller. What the storm wants is just a nice vertically-aligned vortex that it can transfer heat and moisture from the surface upward and out.
Forecast models can predict where the dust might land in the Americas, just like scientists would do with an approaching hurricane. Miller reckons that the plume currently working through the southern US could eventually make it to him in Colorado, albeit in a diminished form. Thats because of gravity: As the plume makes its way across the Atlantic, the larger particles fall out first, leaving the smaller particles to make landfall.
Air sampling stations throughout the US gather this particulate material for scientists to study. What we typically see is that the concentrations are highest in the southeast, more towards Florida, says Jenny Hand, senior research scientist at the Cooperative Institute for Research in the Atmosphere. And as it moves farther north, the concentrations will go down, just as it sort of settles out, diffuses, and gets moved around. But we do see those impacts up into the Ohio River Valley pretty regularly in our data.
So what does that mean for respiratory health, especially with Covid-19 being a respiratory disease? Yeah, it's not good, says Hand. Especially now.
When you inhale dust, it travels deep into your lungs, triggering an inflammatory immune response. If your lungs are healthy, maybe this will manifest as a mild cough. But for others who have chronic inflammatory lung conditions, such as asthma or emphysema, this extra burden of inflammation can tip them over into severe breathing trouble, says Dr. W. Graham Carlos of the Indiana University School of Medicine and Eskenazi Health. We know, for example, that in many parts of the world that are afflicted with sand and dust storm events, such as the Middle East, we see more asthma and asthma attacks. He advises that people with respiratory conditions stay indoors until the plume passes. If you have to go outside, he says, wear an N95 mask: That type of mask filters those fine particles, fine enough to travel in the air across the Atlantic Ocean.
Carlos adds that researchers cant yet say whether inhaling the Saharan dust might predispose people to contracting Covid-19, or make the illness worse. I would caution, though, that Covid is also an inflammatory condition in the lungs, and that's in fact why people are needing ventilators and hospitals are surging, he says. So this could add insult to injury. In other words, you might have a low-grade inflammatory condition from the dust plume, and then if you were to get Covid on top of that, it may be worse.
As the weather cools in Africa starting in mid-August, that temperature differential between the desert and the forests to the south will weaken, zapping the SAL conveyor belt. The dust clouds will stop rolling across the Atlantic. Then we can all go back to just worrying about Covid-19 and microplastics and a melting Arctic."
13,"{'id': 'wired', 'name': 'Wired'}",C. Brandon Ogbunu,The Pandemic and the Protests Are Mirror Images,"The debate over Covid-19 and the uprisings against police brutality share perilous pasts and uncertain futures. Together, they can teach us where to go next.",https://www.wired.com/story/opinion-the-pandemic-and-the-protests-are-mirror-images/,"https://media.wired.com/photos/5edfeb2bbe64fa7887c431d6/191:100/w_1280,c_limit/OpEd-Covid-and-Protests-1217487502.jpg",2020-06-10T13:00:00Z,"Regret borne from reflection and anxiety from future projection can be crippling, even when both are necessary or ultimately liberating. These notions are especially true for social upheavals, where engaging the past involves questions more taxing than the ones Marie Kondo gave to us for spring cleaning: Do these relics make us feel good? When these relics are garments of clothing, we can say no, and away they go. With society, the relics that weigh us down can feel too complex to grasp or, more often, too inconvenient for us to want to engage with.
Nearly halfway through 2020, the world remains engulfed by the most explosive pandemic in over a century. Simultaneously, and not unrelatedly, neofascist populism manifests in unfamiliar settings, threatening democracy. In the United States, the last few months have delivered several visible test casesinvolving deaths of African Americans at the hand of law enforcementthat have served as public referenda on the value of black lives, again. Covid-19 and uprisings have left our status quo in peril, and a public looking for answers.
C. Brandon Ogbunu (@big_data_kane) is an assistant professor at Brown University who specializes in computational biology and genetics.
But the overlap of the pandemic and the protests against police violence is of a certain type: not quite familial, but instead, more like mirror images. Covid-19 and the uprisings are a kind of twin, where the features are identical but opposite. This manifests in their respective relationships with the past and future.
In the case of Covid-19, much of our obsession was, and remains, with future projection. This is the essence of the debate over the relevance of predictive models of disease, where citizen-scientists (of varied background and expertise) have sparred on social media, and less often in the scientific literature. The points of contention often involve the veracity and ethics of predictions. Some of the debates are justified: Erroneous calculations can drive bad policies and cost thousands of lives. Elaine Nsoesie, a computational epidemiologist and assistant professor at the Boston University School of Public Health, says, We shouldnt be too confident about our predictions of what will happen in the future. We should acknowledge uncertainty especially in the models that we develop. Unfortunately, the politicization of Covid-19 science has made productive debates about model projections untenable, as conflicts of interest now perniciously manifest in which ideas are entertained, almost independent of the science underlying them.
Our obsession with the Covid-19-shaped future is about far more than what the curve will look like in six months. The pandemic has also forced us to reconsider how we communicate, work, and learn. For example, higher education must now rethink how to maintain research activities, deliver high-quality instruction, and provide the informal social experience that college has historically provided. And there are new, important conversations about labor that have arisen.
Photograph: Borja Sanchez-Trillo/Getty Images"
14,"{'id': 'techcrunch', 'name': 'TechCrunch'}",Brian Heater,"Consumer hardware device shipments are on track for a 14% decline in 2020, courtesy of COVID-19","New numbers from Gartner show a sizable — if not unexpected — decline in device shipments for 2020. According to the analyst firm, the category (including phones, tablets and PCs) is currently on track to decline 13.6% for the year. An already struggling smar…",http://techcrunch.com/2020/05/26/consumer-hardware-device-shipments-are-on-track-for-a-14-decline-in-2020-courtesy-of-covid-19/,https://techcrunch.com/wp-content/uploads/2019/11/GettyImages-1127929675.jpg?w=600,2020-05-26T13:20:48Z,"New numbers from Gartner show a sizable if not unexpected decline in device shipments for 2020. According to the analyst firm, the category (including phones, tablets and PCs) is currently on track to decline 13.6% for the year.
COVID-19 is, naturally, largely to blame here. The virus has permeated virtually every sector of society, and hardware is certainly not immune. Phones are projected to take the biggest hit, down 14.6% from 2019. That list includes both dumb and smartphones, the latter of which now comprises most handset purchases. Smartphones as a category are down 13.7% year over year.
The smartphone market has been on a slide for recent years. But 2020 was going to be the year smartphone makers turned things around (for a little while, at least), thanks to the arrival of 5G. Like so many other things in this world, however, COVID-19 has put a damper on those figures, with the technology only expected to represent 11% of phone shipments for the year. 
Interestingly, PC shipments werent impacted as strongly as might have been expect. The decline is still sizable at 10.5%, but a push to implement work from home models for many employees has helped lessen the slide. In particular, laptops, Chromebooks and tablets appear to be the least impacted of the bunch."
15,"{'id': 'wired', 'name': 'Wired'}",Joan Donovan,"You Purged Racists From Your Website? Great, Now Get to Work",The Covid-19 infodemic taught social media giants like YouTube and Reddit an important lesson: They can—and must—take action to control the content on their sites.,https://www.wired.com/story/you-purged-racists-from-your-website-great-now-get-to-work/,"https://media.wired.com/photos/5efb658cab5844e130e245e4/191:100/w_1280,c_limit/Opinion_coordination_1163021483.jpg",2020-07-01T11:00:00Z,"Losing access to YouTube, Twitch, and Reddit is not trivial. It means hate-mongers cannot use these mainstream forms of social media to reach new audiences and harass their targets into silence. Because many of the men who were expelled rely on their own names to draw attention and donations, it will be difficult for them to sneak back onto these platforms and develop the same prominence they had before. Already this week, other racist and sexist communities and accounts that produce borderline content have been deleting old videos and increasing moderation. Do not mistake this for a chilling effect, though; its more like an acknowledgement that hateful instigation and harassment of women, people of color, and LGBTQ users will no longer be hidden under the guise of free speech.
Though Twitter and Facebook were not a part of Mondays anti-hate measures, the purge built off weeks of smaller actions that theyd taken. On Tuesday, Facebook followed up with bans and account removals for individuals associated with the Boogaloo faction, an anti-government group that has been showing up to Black Lives Matter rallies heavily armed and dressed in Hawaiian shirts. It also comes amid two public health crises: Covid-19 and systemic racism. Covid-19 appears to have led all the tech companies to move more aggressively, and concertedly, in recent months; and it laid the groundwork for their taking more action against racist content, as the nation wakes up to the urgency and ubiquity of white supremacy.
Not so long ago, before the pandemic hit, each platform would only tend to its specific user base, keeping up with a triple bottom line by balancing profits with social and environmental impact. Now, having witnessed the terrifying results of unchecked medical misinformation, the same companies understand the importance of ensuring access to timely, local, and relevant facts. After accepting that truth with regard to medical misinformation, its impossible to ignore that unchecked racist and misogynist content is terrifying, too, when its left out there for anyone to discover at any time. Sadly, we know the violence it brings in its wake. Sadly, we know that the twin crises of racism and Covid-19 are deeply intertwined.
Without a strategy for how to curate content, tech companies will always be one step behind media manipulators, disinformers, and purveyors of hate and fear.
We have seen purges before from YouTube, Twitter, and Facebook. To maximize the benefits of this kind of action, though, we need a plan for what comes next. We cant let the gains from this great expulsion dissipate as political pressure mounts on tech companies to enforce a false neutrality about racist and misogynist content.
In April 2018, Zuckerberg addressed Congress and told them he would soon have 20,000 people working in security and content moderation. But without a strategy for how to curate content, tech companies will always be one step behind media manipulators, disinformers, and purveyors of hate and fear. Moderation is a plan to remove what is harmful; whereas curation actively finds what is helpful, contextual, and, most importantly, truthful.
Truth needs an advocate and it should come in the form of an enormous flock of librarians descending on Silicon Valley to create the internet we deserve, an information ecosystem that serves the people.The blessing and curse of social media is that it must remain open so we can reap the most benefits; but openness must be tempered with the strong and consistent curation and moderation that these librarians could provide, so that everyones voice is protected and amplified.
It is the duty of platform companies to curate content on contentious topics so that their systems do not amplify hate or make it profitable. Tech companies that refuse to adapt for the culture will become obsolete.
WIRED Opinion publishes articles by outside contributors representing a wide range of viewpoints. Read more opinions here. Submit an op-ed at opinion@wired.com."
16,"{'id': 'wired', 'name': 'Wired'}",,The US Is Paying Way Too Much for Remdesivir,"The inflated price of the anti-Covid drug may not bother hospitals, insurance companies, or even patients. But it's still not justified.",https://www.wired.com/story/the-us-is-paying-way-too-much-for-remdesivir/,"https://media.wired.com/photos/5f0f7236b62e19a8767ef20e/191:100/w_1280,c_limit/OpEd-Remdesivir-1209490986.jpg",2020-07-17T11:00:00Z,"Two weeks ago,news came out that the United States has secured the entire current global supply of remdesivir, one of the two drugs shown so far to be effective at treating Covid-19. Even for the richest nation in the world, this will be a massive expenditure: more than half a million treatment courses priced at $3,120 each for most hospitals, without any government attempt to negotiate a better price. In other words, the US healthcare system is poised to spend on the order of $1.5 billion for this medication. What justifies such a high price, especially given remdesivirs cost of production is roughly ten dollars per course?
Scholars and pharmaceutical executives defending remdesivirs price primarily anchor their arguments on three key points: (1) the drug provides substantial value, and thus is worth the price; (2) companies need to recoup the cost of research and development investment in the drug; and (3) high prices for remdesivir today incentivize future development of Covid-19 treatments. None of these arguments holds up.
Rohan Chalasani (@rohanchalasani) is a medical student at Northwestern University Feinberg School of Medicine. Walid Gellad (@walidgellad) is a physician and policy researcher at the University of Pittsburgh, where he directs the Center for Pharmaceutical Policy and Prescribing.
Remdesivir certainly has value, but the data right now supports a price lower than what its maker, Gilead Sciences, Inc., is charging. A clinical trial sponsored by the National Institutes of Health found that the drug shortens recovery times for many Covid-19 patients. However, remdesivir has not yet been proven to reduce mortalityto save lives. While the NIH trial found a numerical improvement in survival, the difference did not reach conventional thresholds of statistical significance or certainty; and a smaller study published in the Lancet also did not find an improvement in mortality. If remdesivir does not offer a mortality benefit, then the Institute for Clinical and Economic Reviewan independent drug-pricing watchdogputs the value-based price benchmark for the drug at $310 per treatment course. Thats about one-tenth its current price. Even if a mortality benefit from remdesivir were eventually confirmed, ICER pegs its value-based price at $2,500 to $2,800 per course, still 10 to 20 percent lower than what we pay right now.
But, to step back, why should we even try to price drugs based on notions of value in the first place? We dont price any other life-saving healthcare service in that way. Heart transplants, trauma surgeries, emergency appendectomies and c-sectionsnone of these life-saving interventions are priced based on their value. If they were, their prices would range anywhere from $50,000 to $150,000 per additional quality-adjusted life year they provided; and a life-saving surgery for an infant could carry a price tag in the hundreds of millions. Moreover, if remdesivir should be priced based on its value, then what about dexamethasone, a decades-old generic steroid, that was just found to reduce mortality in Covid-19 patients? That drug, often used to treat inflammation, costs less than $1.50 per 6-mg tablet today. Would it be okay if a generic drug company massively inflated the price overnight to align with its new value?
What about the cost of investmentdoes Gilead need to charge $3,120 for remdesivir to make up for all the time and money that the firm put into it? Even if it were appropriate to set a price based on a sunk costand most economists would argue that its notremdesivirs development has been buoyed by incredible amounts of government investment. The 2015 paper detailing the discovery of remdesivir was the product of a public-private partnership between scientists from Gilead, the US Army Medical Research Institute of Infectious Diseases, and the US Centers of Disease Control and Prevention; yet government employees were excluded from the molecules patent. Financially, remdesivirs development has been directly supported by at least $70 million of taxpayer moneyincluding funding for its initial discovery, studies of its effects on coronaviruses, and its Covid-19 clinical trials. Investment in remdesivir hasnt been Gileads alone, and the drugs price should accordingly reflect the contributions of taxpayer funds that offset the costs of its development and commercialization.
Read all of our coronavirus coverage here.
Finally, we arrive at remdesivirs price as an incentive for future drug development. This point of view was recently explained in a Washington Post op-ed from Northwestern University economist Craig Garthwaite, who argued that since remdesivir is not the last treatment for Covid-19 that well need, its price is a crucial signal to potential market participants. If remdesivir were too cheap, other companies might be disincentivized from pursuing the cures and vaccines we need."
17,"{'id': 'wired', 'name': 'Wired'}",Matt Simon,How a ‘Heat Dome’ Forms—and Why This One Is So Perilous,"A massive, intense heat wave is settling over the continental US. The ravages of the Covid pandemic are going to make it all the more deadly.",https://www.wired.com/story/how-a-heat-dome-forms/,"https://media.wired.com/photos/5f07ce7c344cff748529ad80/191:100/w_1280,c_limit/Science_heatdome_200183162-001.jpg",2020-07-10T11:00:00Z,"For many vulnerable Americans, that climactic hellscape isnt approachingits already here, and its colliding with the Covid-19 pandemic. Cooling centers, where folks without air-conditioning can go to chill, are shuttered. Public pools, too. And wandering malls is certainly out of the question. Skyrocketing evictions could mean more people are forced onto the street, completely exposed to the heat. Even among those who do have an air conditioner at home, people may have lost their jobs thanks to the Covid-19 economic slump and now cant afford to pay their utility bills.
Read all of our coronavirus coverage here.
Already, we knew before Covid that one in three American households was struggling to pay their energy bills, says Chandra Farley, director of the Just Energy program at the Partnership for Southern Equity, which promotes policies and institutional actions that advance racial equity. We knew folks were already keeping their homes at uncomfortable temperatures for fear of running up their bills.
The heat assault on lower-income households is twofold. For one, these residents spend a much bigger fraction of their income on energy bills than the rich do, a phenomenon known as the energy burden. And two, low-income neighborhoods are actually hotter than high-income ones all across the US, according to a 2019 joint analysis by National Public Radio and the University of Maryland's Howard Center for Investigative Journalism. That's because the suburbs are dotted with single-family homes separated by lots of greenery, which provides shade and cools the air via the evaporation of water from leaves. Urban neighborhoods tend to turn into heat islands, absorbing the suns energy during the day and slowly releasing it at night.
Low-income groups and communities of color are more likely to be located in urban heat islands, says Linda Rudolph, senior adviser at the Public Health Institute, a nonprofit that promotes health equity. These are areas that have fewer trees, less green space, more buildings, and more asphalt and concrete. Nighttime temperatures can be as much as 22 degrees higher than the surrounding area.
Residents of low-income communities have also historically had less access to health insurance and health care, even before the pandemic hit. These are also communities that have a higher underlying baseline prevalence of the illnesses that make people more susceptible to severe heat illness, says Rudolph. And those are the same illnesses that make people more susceptible to severe Covid outcomesso obesity, diabetes, respiratory illness, cardiovascular disease.
Extreme heat also worsens air pollution, which already disproportionately affects people of color, Farley notes. According to the US Department of Health and Human Services, Black children are four times more likely to be hospitalized for asthma than white children, and 10 times more likely to die from it. And Covid is at least primarily a respiratory disease. From a respiratory pandemic perspective, when we think about the existing morbidities and existing medical vulnerabilities of certain communities, we really can begin to get our hands around the disproportionate and expansive impacts of this health pandemic and the pandemic of structural racism, Farley says.
This heat dome is also setting up the perfect conditions for wildfires, which could pour smoke into cities in the western US in particulardry, hot air means super dry brush. Wildfire smoke deposits particulate matter in the lungs, leading to inflammation, even in healthy people. In one study done on mice, wildfire smoke decreased the antimicrobial activity of the cells that clear the lungs of harmful microbes. And the novel coronavirus is one seriously harmful microbe.
Put it all together and youve got a compounding threat to human health now unfolding across the US, particularly for low-income Americans: Covid-19 is wreaking economic devastation and trapping people indoors just as a weeks-long heat dome parks itself over the country. But this also might be an opportunity to better prepare these communities for life on an ever-hotter planet. The stimulus package following the 2008 economic collapse injected $5 billion into the Weatherization Assistance Program, started in 1976, which compensates homeowners to hire contractors to make improvements like better windows and insulation. By 2012, the revitalized program had weatherized a million houses."
18,"{'id': 'wired', 'name': 'Wired'}",Gregory Barber,A Mathematician’s Guide to How Contagion Spreads,"Adam Kucharski wrote The Rules of Contagion before Covid-19. He talks about misinformation, bank failures, and coming up with hypotheses during a crisis.",https://www.wired.com/story/a-mathematicians-guide-to-how-contagion-spreads/,"https://media.wired.com/photos/5f03a739ecb467cf4ea5f677/191:100/w_1280,c_limit/Science_epidemiologist_530882048.jpg",2020-07-07T11:00:00Z,"But the book was also an effort to understand emerging threats in different areas. In recent years, a big contagion focus has been on misinformation. I think financial crises as well have shaped, and probably will continue to shape, society. And then, of course, other forms of offline contagion, like violence. The aim of the book was to outline some fundamental ideas that can be useful for helping us tackle these different problemsand also show how we can learn from mistakes and things that have been overlooked in different fields. Often, if you're facing a particular form of contagion, another field might have already dealt with some of these exact situations. An example being the 2008 financial crisis, which was caused in large part by network structures that researchers on sexually transmitted diseases knew about 30 years earlier.
WIRED: You write about your summer working in finance at Canary Wharf in 2008, just when everything was tumbling down. It sounds like people had thought a lot about financial networks in terms of how you could profit from them, but not so much in terms of how they could fail. You write about how, similar to a person trying to avoid an STD, there were multiple forms of network exposure to worry about.
AK: I don't think, at that point, there was much thinking about how things were linked together. You could have banks, for example, that individually looked well diversified in their portfolios, but they may have all diversified in the same direction. So when an asset crashes, you've implicitly got a contagion effect, because all of them are exposed in the same way.
I think that's when people really began to understand the role of network effects, particularly some of these features where you had these large banks widely connected to create these hub effects, which meant that contagion spread far wider than it might have otherwise. During that period, you also saw a lot of hidden links being created, which meant there were all of these loops of contagion that no one really knew about. No one was quite sure exactly who owed what to whom. Which is one of the reasons why the system froze during that period, because people didn't know who to trust. It was, I guess, similar to a pandemic spreading through [an airline] flight network, where you've got many different routes through which cases can come. If you don't know what those links are, it's very hard to understand where the risk is.
WIRED: You left finance after that, but from what you can tell, has that perception changed? Do people have a better sense of those network structures now, having seen how they fail?
AK: There's been a lot of effort to understand this. But I think with any outbreak, understanding is the first step and doing something about it is the second. There were a lot of efforts by central banks to try to make changes that can improve resilience. So one is obviously things like capital requirements, particularly on banks that are structurally important to the network. But talking to people who work for central banks, as I wrote in the book, I think it is very clear that once you actually start changing the structure of the network, then that becomes much harder to persuade people to do.
So when you're talking, for example, within banks about ring fencing, which essentially cuts the links between the investment side and the retail side, that's something that people oppose far more strongly. So I think you can end up with a situation, unfortunately, as we often get with infectious diseases, where you can understand how contagion is happening, but actually implementing things that reduce those risky links may come in for a lot of opposition."
19,"{'id': 'wired', 'name': 'Wired'}",Adam Rogers,What Does It Mean to Say a New Drug ‘Works’?,Covid-19 is a new disease. Remdesivir is an experimental drug. How can scientists tell if it’s successful while the world shifts around them?,https://www.wired.com/story/what-does-it-mean-to-say-a-new-drug-works/,"https://media.wired.com/photos/5f1217d4d91ebbe631df2dbf/191:100/w_1280,c_limit/Science-Remdesivir-1249103643.jpg",2020-07-20T11:00:00Z,"John Beigels problem was that not enough people were dying of Covid-19. Not that he wanted them to, of course. Its just that, as bad as the pandemic has gotten, it hasnt killed as many people as it seemed like it might. And Beigel, a researcher at the National Institute of Allergy and Infectious Diseases, was designing a big study to see if an experimental antiviral drug called remdesivir would work against the disease. He and his team needed the right end pointthe thing they could count, turn into data, and analyze. 
Mortality is a great end point. Its right there in the name.
But when we were thinking of end points, we thought a mortality study would need 3,000 or 4,000 people, says Beigel, associate director for clinical research in NIAIDs Division of Microbiology and Infectious Diseases. Those high numbers would give his team enough eventswhich is to say, deathsto get a statistically significant measurement of the drug at work. And they didnt have enough time to get that many people enrolled in their US study. We thought it was important to get the study done, to get a clinically meaningful end point, without taking the time we would need to do a mortality study, he says.
This was back in February, before anybody really knew anything about Covid-19. So Beigels team tried a different tack, one familiar to scientists and regulatory agencies like the Food and Drug Administration (which issued the Emergency Use Authorization under which people are studying the drug). Participants in the study would get scores, every day, calculated on whats called an ordinal scale. Healthy and released from the hospital, you get a score of 1. Dead, you get an 8. The other numbers were for everything in betweenlike whether the person has to get admitted to the hospital or needs oxygen or has to go on a mechanical ventilator.
Then they found another problem. When we first wrote the protocol, the end point chosen was ordinal score at day 15, Beigel says. That is something weve used for influenza studies before, so we knew the FDA would be OK with it, and is something that actually matters to the subject. Thats a good end point: Its not just a statistical entity. Its long enough to show an effect in many diseases, and it has clear clinical relevance.
In March we started hearing reports that the course of the disease might be much longer, and that there were people in the hospital for three weeks, up to four weeks, Beigel says. What happens if the recovery is much later than day 15? You might actually have a significant difference, yet you wouldnt show it.
So Beigels team changed their end point: ordinal score at day 28. They hadnt seen their data yet when they made the switch. That wouldve been an ethical no-no, chasing statistical significance by juking their methods. But juking ahead of data? Kosher, but they knew itd be controversial. It raised suspicion for our study, Beigel says. If this was something that is well known, like influenza, and we switched in the middle of the study, that would be really suspicious. For Covid, we havent seen anything like this.
In a study published in late May in The New England Journal of Medicine (and previewed during a press conference at the White House), the team concluded that patients taking remdesivir recovered in a median time of 11 days, while people given a placebo took a median of 15. It was enough to get remdesivir added to the US standard of care, prontothe first drug identified as having a beneficial effect on the new disease."
