,source,author,title,description,url,urlToImage,publishedAt,content
0,"{'id': 'techcrunch', 'name': 'TechCrunch'}",Darrell Etherington,Microsoft employs experimental undersea data center in search for COVID-19 vaccine,Part of the challenge in seeking out an effective treatment for COVID-19 is simply one of scale – protein folding is key to understanding how the virus that causes COVID-19 attaches to health cells in order to infect them. Modeling said folding gets a big boo…,http://techcrunch.com/2020/06/17/microsoft-employs-experimental-undersea-data-center-in-search-for-covid-19-vaccine/,https://techcrunch.com/wp-content/uploads/2020/06/project-natick-covid-19_1920x1080.jpg?w=711,2020-06-17T14:07:15Z,"Part of the challenge in seeking out an effective treatment for COVID-19 is simply one of scale protein folding is key to understanding how the virus that causes COVID-19 attaches to health cells in order to infect them. Modeling said folding gets a big boost from distributed computing efforts like the Folding@home global program, which employs even consumer computers as processing nodes to tackle big problems. Microsoft is testing pre-packed, shipping container-sized data centres that can be spun up on demand and run deep under the ocean’s surface fo sustainable, high-efficiency and cool operation to contribute to such efforts in a big way, and it’s now using one in Scotland to model viral proteins that lead to COVID-19.
This research project isn’t new for Microsoft it’s been operating the data center at a depth of 117 feet for two years now. But the shift of its focus to COVID-19 represents a new development, and is obviously a response to the imminent need for more advances around our understanding of the SARS-CoV-19 virus and potential therapies that we could use to treat or prevent it from infecting people.
Within the tubular submerged datacenter are 864 servers, providing significant computing power. The idea of packing them into a submersible tube is intended to provide efficiencies in terms of operating temperatures. Cooling and thermal management is essential for any high-capacity processing equipment, since all that computing power generates a tremendous amount of heat. It’s why you see such elaborate cooling equipment in high-performance gaming PC builds, and it’s doubly crucial when you’re operating at the level of the data center. Deep underwater, the thermal environment provides natural cooling that allows processors to run consistently at higher speeds, without the need to pump more energy in to run fans or more elaborate liquid cooling systems.
Should this project, which Microsoft has dubbed “Natick,” work as designed, future distributed computing projects could benefit immensely from the on-demand deployment of a number of these distributed sea-floor data centers."
1,"{'id': 'techcrunch', 'name': 'TechCrunch'}",Darrell Etherington,"3M and MIT partner to develop a new, affordable rapid COVID-19 test","A heavyweight partnership between industry and academic sciences is throwing their considerable weight into an important task: Creating a new low-cost, rapid diagnostic test for COVID-19. Chemical industry leader 3M has partnered with MIT to create a diagnost…",http://techcrunch.com/2020/07/14/3m-and-mit-partner-to-develop-a-new-affordable-rapid-covid-19-test/,https://techcrunch.com/wp-content/uploads/2020/07/3Mlab.jpg?w=600,2020-07-14T11:52:58Z,"A heavyweight partnership between industry and academic sciences is throwing their considerable weight into an important task: Creating a new low-cost, rapid diagnostic test for COVID-19. Chemical industry leader 3M has partnered with MIT to create a diagnostic tool for COVID-19 that’s easy-to-use, and that can be manufactured cheaply and in large volume for mass distribution and use.
The test is currently the research phase, with a team led by MIT’s Professor Hadley Sikes of the school’s Department of Chemical Engineering. Sikes’ laboratory has a specific focus on creating and developing tech to enhance the performance of protein tests that are meant to provide rapid, accurate results.
3M is contributing its biomaterials and bioprocessing expertise, along with its experience in creating products designed to be manufactured at scale. The end goal is to create a test that detects viral antigens, a type of test first cleared for use in COVID-19 detection at the beginning of May by the FDA. These tests provide results much faster than the molecular PCR-based test but do have a higher change of fall negatives. Still, their ability to be administered at point-of-care, and return results within just minutes, could help considerably in ramping up testing efforts, especially in cases where individuals aren’t necessarily presenting symptoms but are in situations where they could pose a risk to others if carrying the virus while asymptomatic.
The new 3M and MIT projects is part of the RADx Tech program created by the National Institute of Health (NIH) specifically to fund the development of tests that can expand U.S. testing deployment. An initial $500,000 of funding was provided to MIT and 3M from the program, and it can potentially receive further funding after achieving other development milestones."
2,"{'id': 'techcrunch', 'name': 'TechCrunch'}",Darrell Etherington,NASA’s JPL open-sources an anti-face-touching wearable to help reduce the spread of COVID-19,"There are some wearables out there in the world that are making claims around COVID-19 and their ability to detect it, prevent it, certify that you don’t have it, and more. But a new wearable device from NASA’s Jet Propulsion Laboratory might actually be able…",http://techcrunch.com/2020/06/25/nasas-jpl-open-sources-an-anti-face-touching-wearable-to-help-reduce-the-spread-of-covid-19/,https://techcrunch.com/wp-content/uploads/2020/06/PULSE-image-of-desktop.jpg?w=707,2020-06-25T21:40:29Z,"There are some wearables out there in the world that are making claims around COVID-19 and their ability to detect it, prevent it, certify that you don’t have it, and more. But a new wearable device from NASA’s Jet Propulsion Laboratory might actually be able to do the most to prevent the spread of COVID-19 and it’s not really all that technically advanced or complicated.
JPL’s PULSE wearable uses 3D-printed parts and readily available, affordable electronic components to do just one thing: remind a person not to touch their face. JPL’s designers claim that its simple enough that the gadget “can easily be reproduced by anyone regardless of their level of expertise,” and to encourage more people and companies to actually do that, the lab has made available a full list of parts, 3D modelling files and full instructions for its assembly via an open source license.
The PULSE is essentially a pendant, worn between six inches and 1 foot from the head around the neck, which can detect when a person’s hand is approaching their face using gan IR-based proximity sensor. A vibration motor then shakes out an alert, and the response becomes stronger as your hand gets closer to your face.
The hardware itself is simple but that’s the point. It’s designed to run on readily available 3V coin batteries, and if you have a 3D printer to hand for the case and access to Amazon, you can probably put one together yourself at home in no time.
The goal of PULSE obviously isn’t to single-handedly eliminate COVID-19 contact transmission from contaminated hands to a person’s mouth, nose or eyes is just one vector, and it seems likely that respiratory droplets that result in airborne transmission is at least as effective at passing’s the virus around. But just like regular mask-wearing can dramatically reduce transmission risk, minimizing how often you touch your face can have a big combinatory effect with other measures taken to reduce the spread.
Other health wearables might actually be able to tell you when you have COVID-19 before you show significant symptoms or have a positive test result but work still needs to be done to understand how well that works, and how it could be used to limit exposure. JPL’s Pulse has the advantage of being effective now in terms of building positive habits that we know will limit the spread of COVID-19, as well as other viral infections."
3,"{'id': 'techcrunch', 'name': 'TechCrunch'}",Ron Miller,"Amid pandemic, returning to offices remains an open question for tech leaders","As COVID-19 infections surge in parts of the U.S., many workplaces remain empty or are operating with skeleton crews. Most agree that the decision to return to the office should involve a combination of business, government and medical officials and scientist…",http://techcrunch.com/2020/08/03/amid-pandemic-returning-to-offices-remains-an-open-question-for-tech-leaders/,https://techcrunch.com/wp-content/uploads/2020/07/GettyImages-1248900431.jpg?w=600,2020-08-03T16:27:37Z,"As COVID-19 infections surge in parts of the U.S., many workplaces remain empty or are operating with skeleton crews.
Most agree that the decision to return to the office should involve a combination of business, government and medical officials and scientists who have a deep understanding of COVID-19 and infectious disease in general. The exact timing will depend on many factors, including the government’s willingness to open up, the experts’ view of current conditions, business leadership’s tolerance for risk (or how reasonable it is to run the business remotely), where your business happens to be and the current conditions there.
That doesn’t mean every business that can open will, but if and when they get a green light, they can at least begin bringing some percentage of employees back. But what that could look like is clouded in great uncertainty around commutes, office population density and distancing, the use of elevators, how much you can reasonably deep clean, what it could mean to have a mask on for eight hours a day, and many other factors.
To get a sense of how tech companies are looking at this, we spoke to a number of executives to get their perspective. Most couldn’t see returning to the office beyond a small percentage of employees this year. But to get a more complete picture, we also spoke to a physician specializing in infectious diseases and a government official to get their perspectives on the matter.
While there are some guidelines out there to help companies, most of the executives we spoke to found that while they missed in-person interactions, they were happy to take things slow and were more worried about putting staff at risk than being in a hurry to return to normal operations.
Iman Abuzeid, CEO and co-founder at Incredible Health, a startup that helps hospitals find and hire nurses, said her company was half-remote even before COVID-19 hit, but since then, the team is now completely remote. Whenever San Francisco’s mayor gives the go-ahead, she says she will reopen the office, but the company’s 30 employees will have the option to keep working remotely.
She points out that for some employees, working at home has proven very challenging. “I do want to highlight two groups that are pretty important that need to be highlighted in this narrative. First, we have employees with very young kids, and the schools are closed so working at home forever or even for the rest of this year is not really an option, and then the second group is employees who are in smaller apartments, and they’ve got roommates and it’s not comfortable to work at home,” Abuzeid explained.
Those folks will need to go to the office whenever that’s allowed, she said. For Lindsay Grenawalt, chief people officer at Cockroach Labs, an 80-person database startup in NYC, said there has to be a highly compelling reason to bring people back to the office at this point."
4,"{'id': 'techcrunch', 'name': 'TechCrunch'}",Darrell Etherington,"Fitbit launches a COVID-19 early detection study, and you can join from the Fitbit app","Fitbit’s activity-tracking wearable devices are already being used by a number of academic institutions to determine if they might be able to contribute to the early detection of COVID-19 and the flu, and now Fitbit itself is launching its own dedicated Fitbi…",http://techcrunch.com/2020/05/21/fitbit-launches-a-covid-19-early-detection-study-and-you-can-join-from-the-fitbit-app/,https://techcrunch.com/wp-content/uploads/2020/03/Fitbit_Charge_4_Lifestyle_Phone_Inbox_Rosewood_Screen_22.jpeg?w=600,2020-05-21T19:04:10Z,"Fitbit’s activity-tracking wearable devices are already being used by a number of academic institutions to determine if they might be able to contribute to the early detection of COVID-19 and the flu, and now Fitbit itself is launching its own dedicated Fitbit COVID-19 Study, which users can sign up for from within their Fitbit mobile app.
The study will help the company figure out if it can successfully develop an algorithm to accurately detect a COVID-19 infection before the onset of systems. In order to gather the data needed to see if they can do this, Fitbit is asking users in either the U.S. or Canada who have either had or currently have a confirmed case of COVID-19, or flu-like symptoms that might be an indicator of an undiagnosed case, to answer some questions in order to contribute to its research.
The answer to these questions from participants will be paired with data gathered via their Fitbit to help identify any patterns that could potentially provide an early warning about someone falling ill. Pre-symptomatic detection could have a number of benefits, mostly obviously in ensuring that an individual is then able to self-isolate more quickly and prevent them from infecting others.
Early detection could also have advantages in terms of treatment, allowing health practitioners to intervene earlier and potentially prevent the worst of the symptoms of the infection. Depending on what treatments ultimately emerge, early detection could have a big impact on their efficacy.
Fitbit is asking those who would take part in the study to answer questions about whether or not they have or have expressed COVID-19 or flu, its symptoms, as well as other demographic and medical history info. Participation in the study is voluntary, in case you’re not comfortable sharing that info, and once in, participants can decided to withdraw whenever they want.
COVID-19 early detection could be a big help in any safe, actually practical return-to-work strategy for reopening the economy. It could also serve as a means of expanding diagnosis in combination with testing, depending on how accurate it’s found to be across these studies, and with what devices. A confirmed COVID-19 diagnosis doesn’t actually have to mean a test result; it could be a physician’s assessment based on a number of factors, including biometric data nd symptom expression. Depending on what a comprehensive mitigation strategy ends up looking like, that could play a much bigger role in assessing the scale and spread of COVID-19 in future, especially as we learn more about it."
5,"{'id': 'techcrunch', 'name': 'TechCrunch'}",Brian Heater,Smart driving assistant Automatic is shutting down,"Automatic, makers of a connected car dongle, emailed customers today to announce that the company will shut down all operations May 28. The company says it’s the casualty of the COVID-19 shutdown. “Like many other companies in the United States, the COVID-19 …",http://techcrunch.com/2020/05/01/smart-driving-assistant-automatic-is-shutting-down/,https://techcrunch.com/wp-content/uploads/2016/10/automatic-lite-and-car.jpg?w=400,2020-05-01T19:12:38Z,"Automatic, makers of a connected car dongle, emailed customers today to announce that the company will shut down all operations May 28. The company says its the casualty of the COVID-19 shutdown. 
Like many other companies in the United States, the COVID-19 pandemic has adversely impacted our business, it writes, and we have made the difficult decision to discontinue the Automatic connected car product, service, and platform.
The information, also posted to the companys site, notes that service will remain active until the end of day on May 28, at which point its services will cease. That includes crash alerts, location sharing and roadside assistance. The Log in with Automatic service and third-party apps will shut down a month later.
Founded in California in 2011, the startup was purchased by satellite radio conglomerate SiriusXM six years later. Automatics $100 dongle gained traction for its easy to use car-monitoring system. It launched an SDK for third-party app developers in May 2015, raising a $24 million round the following month. It also managed to partner with a number of key insurance providers over the years, thanks to its ability to offer additional insights into driving habits. 
The company came under fire last May after it announced that it would be ending support for the first two generations of its products. As of this May, support will end for the new products, as well. Automatic will be offering some rebates for a limited number of customers."
6,"{'id': 'techcrunch', 'name': 'TechCrunch'}",Alex Wilhelm,The pace of startup layoffs may be slowing down,"Startups hit the brakes in March as COVID-19 took a toll on the global economy. As certain industries ground to a halt, cohorts of startups made staffing cuts, including those focused on serving restaurants and travel. The waves of startup layoffs in the COVI…",http://techcrunch.com/2020/06/10/the-pace-of-startup-layoffs-may-be-slowing-down/,https://techcrunch.com/wp-content/uploads/2020/06/GettyImages-200408828-001-e1591797852307.jpg?w=568,2020-06-10T14:04:47Z,"Startups hit the brakes in March as COVID-19 took a toll on the global economy. As certain industries ground to a halt, cohorts of startups made staffing cuts, including those focused on serving restaurantsand travel.
The waves of startup layoffs in the COVID-19 era hit companies large and small, impacting even the richest, most recently-funded companies. It was a swift correction to staffing in an industry that had enjoyed a decade-long bull market and record private financing totals. Looking back, the pivot to fear appears brisk.
The market for startup talent have since improved, to a degree.
This morning, we’ll look at the pace and scale of startup layoffs, leaning on data provided to TechCrunch by Layoffs.FYI. We’ll also rope in information from a global startup survey executed by Paris’s Station F to better parse where the impacts have been starkest.
According to data from Layoffs.fyi, which tracks job cuts in the startup industry, the number of people laid off stayed aloft from March to April and into the first weeks of May. In contrast, the total number of companies cutting staff declined from early April through the end of May; fewer companies cut staff as time went along, then, but it appears that they made larger cuts.
Here’s the chart:"
7,"{'id': 'techcrunch', 'name': 'TechCrunch'}",Jonathan Shieber,"Thanks to COVID-19, everybody wants Density’s technology tracking building occupancy and use","Before the COVID-19 epidemic, Density was being used by companies like TechCrunch’s parent company, Verizon, to see how it could better use office space after the Yahoo!/Aol merger. Now, thanks to the COVID-19 epidemic everyone wants the company’s technology …",http://techcrunch.com/2020/07/28/thanks-to-covid-19-everybody-wants-densitys-technology-tracking-building-occupancy-and-use/,https://techcrunch.com/wp-content/uploads/2020/07/DensityDevice.jpg?w=716,2020-07-29T00:18:38Z,"Before the COVID-19 epidemic, Density was being used by companies like TechCrunch’s parent company, Verizon, to see how it could better use office space after the Yahoo!/Aol merger. Now, thanks to the COVID-19 epidemic everyone wants the company’s technology to track building and room occupancy and use.
It’s one reason why the company managed to raise $51 million in a new round of funding led by Kleiner Perkins with participation from previous investors like Dick Costolo’s 01 Advisors and the Los Angeles-based investment firm, Upfront Ventures.
“The primary driver [for demand] has been being able to reopen buildings safely and to do so without invading privacy,” says Density chief executive Andrew Farah.
And while the company started out as a service for data-loving tech companies, retail stores and coffee chains, it’s now become a ubiquitous technology for needed for every business with shared space, said Farah. That means fulfillment centers, grocery stores, warehouses, meat processing plants, in addition to something like TechCrunch headquarters.
What will the company do with all that money? Spend it on sales, marketing, and actually getting the tech into customers’ buildings, according to Farah.
“A lot of what we’re going to invest in is customer success, core infrastructure and growing our product and sales,” said Farah. “The first time our customers hear about us is when they get on a demo for a sales call.”
New orders for the company’s hardware and software service are pouring in, he said. And these order range from $20,000 to $50,000 pilot projects to seven-figure, thousand-unit initial deployments. “All of our customers end up tripling in size from their initial land,” he said. Density charges a one-time fee of $895 for installation of its sensors and another $800 per-sensor per-year for access to the data. 
Density works through both channel partners and direct sales, according to Farah, and the urgency of its potential customers has led to the massive uptick in funding.
“A lot of customers are trying to solve a problem that they had last week. There’s a sense of urgency from real estate and safety teams that we haven’t seen before,” said Farah.
Behind all of this is the demand from employees for safe, socially distanced public workspaces as the country continues to battle the COVID-19 epidemic that continues to ravage the U.S.
And while COVID-19 may be today’s main selling point, investors like Upfront Ventures’ Mark Suster saw the value in Density’s technology much earlier. “The investment thesis for me combines my belief in computer vision as a next-gen I/O (3) along with my thesis that The Innovators Dilemma or Deflationary Economics drive all of the largest success on the Internet (4). Todays people tracking solutions are hugely expensive and mostly used in retail environments,” Suster wrote in a blog post announcing Upfront’s initial investment in the company, back in 2016. “The costs have greatly limited adoption and we think thats about to change in a massive way.”
A 2016 animation of Density’s tracking capabilities via GIPHY
At Kleiner Perkins, the latest firm to back Density’s computer vision-based technology, the investment was a year-long process.
“I had heard through the grapevine that they were going to talk to investors,” said Ilya Fushman, a new director at the company and one of Kleiner Perkins’ partners, who had first begun speaking with Farah about a year ago.
Fushman said that Kleiner was interested in the real estate market and its commitment to Density falls in line with another recent investment in Proxy, a startup providing cardless and fobless building access controls.
“If you look for market sizing, which we do, there are few markets that are as big as real estate,” Fushman said. “It’s also a market that’s historically been under-penetrated by technology. A lot of building management is done on pen and paper when it comes to space utilization.”
Both access control and utilization have been areas that more companies need to get a handle on thanks to the COVID-19 epidemic, which made backing a company like Density a natural fit, he said."
8,"{'id': 'mashable', 'name': 'Mashable'}",Morgan Sung,The World Health Organization is using TikTok to dispel coronavirus rumors,"The World Health Organization (WHO) joined TikTok on Friday in an effort to fight misinformation about the new coronavirus, called COVID-19. ""There are several measures you can adopt to protect yourself and others from getting the new coronavirus,"" Benedetta …",https://mashable.com/article/coronavirus-world-health-organization-tiktok/,https://mondrian.mashable.com/2020%252F02%252F29%252Fb2%252F53e8b9b5ace94c898cb50f6a1af2d61d.2ea9d.jpg%252F1200x630.jpg?signature=5sbvmCWSoydgx8xxWQCRBXiN3bU=,2020-02-29T19:57:24Z,"The World Health Organization (WHO) joined TikTok on Friday in an effort to fight misinformation about the new coronavirus, called COVID-19. 
""There are several measures you can adopt to protect yourself and others from getting the new coronavirus,"" Benedetta Allegranzi, technical lead of infection prevention and control said in WHO's first video. 
She then explained precautions like frequent hand washing, coughing and sneezing into your elbow or a tissue, and avoiding close contact with anyone who has a fever and cough. 
Coronavirus symptoms include fever, cough, shortness of breath, and breathing difficulties, the WHO says. So far, it's responsible for 2,933 deaths worldwide. Health officials confirmed the first death from coronavirus in the United States on Saturday. The patient was in their 50s and ""medically high risk,"" President Trump said in a press conference. 
As The Verge reports, coronavirus misinformation thrives on TikTok, where memes about the virus abound. Users have pretended to be infected, and harmful stereotypes about people of Asian descent are on the rise. 
Joining TikTok is part of a global effort from WHO, the Centers for Disease Control, and other health organizations to inform the public about the coronavirus through social media outreach. On Instagram, WHO has been posting informational graphics and videos about ways to prevent and limit the spread of the virus. 
To avoid contracting the coronavirus, follow the same steps you'd follow for flu season: Avoid touching your face, cover your mouth and nose when you cough or sneeze, and wash your hands with soap and water."
9,"{'id': 'techcrunch', 'name': 'TechCrunch'}",Jake Bright,COVID-19 market turmoil tests NYSE’s shutdown circuit-breakers,"For the second time this week trading on the New York Stock Exchange halted for 15 minutes this morning when a market drop triggered the exchange’s internal circuit breaker, shortly after 9:30am. The control, part of the NYSE’s automatic provisions to pause t…",http://techcrunch.com/2020/03/12/covid-19-market-turmoil-tests-nyses-shutdown-circuit-breakers/,https://techcrunch.com/wp-content/uploads/2020/03/GettyImages-1064010056.jpg?w=600,2020-03-12T18:21:55Z,"For the second time this week trading on the New York Stock Exchange halted for 15 minutes this morning when a market drop triggered the exchanges internal circuit breaker, shortly after 9:30am.
The control, part of the NYSEs automatic provisions to pause trading, has been put to the test since markets first began realizing the extent of the economic damage a worsening COVID-19 outbreak could cause in the U.S.
The NYSE’s circuit-breaker system was implemented after the Black Monday stock crash of 1987, when major exchanges fell 20% in one day.
As the economic fallout from a widening COVID-19 outbreak manifests, it may challenge the digital contingency provisions of America’s largest stock exchange.
TechCrunch received some background on the circuit-breaker system from the NYSE.
“The equities and options exchanges have procedures for coordinated cross-market trading halts if a severe market price decline reaches levels that may exhaust market liquidity,” a spokesperson said.
The NYSE has three circuit-breaker thresholds that switch on based on a decline in index value: a Level 1 (for a 7% drop), Level 2 (at 13%) and Level 3 (20%), per info provided to TechCrunch by the NYSE.
A Level 1 or Level 2 decline shuts down the market for a minimum of 15 minutes; a Level 3 circuit-breaker suspends NYSE activity for the remainder of the trading-day, according to the exchange.
After President Trump announced a U.S.-Europe travel-ban Wednesday evening, the Dow fell 2100 points shortly after opening Thursday, activating the NYSE’s Level-1 control, to halt a rapid value drop in stocks.
The market-wide circuit breaker triggered this morning operated exactly as designed, giving investors additional time to absorb information and understand whats happening in the market,” an NYSE spokesperson told TechCrunch.
The Dow Jones Industrial Average and S&amp;P 500 which track the performance of major stocks on the NYSE and NASDAQ have plummeted, losing over 20% in value since the virus began to the spread in the U.S.
By mid-day Thursday, the Dow was on track for its sixth-worst decline in history.
Market volatility around COVID-19 which originated in China and has spread to Europe and the U.S. will test the NYSE’s contingency plans for a sustained market selloff.
While there’s been some chatter about America’s largest stock exchange shutting down completely which hasn’t happened since the September 11 attacks there are no plans to close at the moment.
The NYSE is carefully monitoring the spread of COVID-19 and has robust contingency plans, tested regularly, to enable continuous operation of the NYSE exchanges should any facilities be impacted, a spokesperson told TechCrunch.
In a memo obtained by Reuters, the NYSE’s Chief Operating Officer Michael Blaugrund noted the exchange had limited visitors and closed some public-facilities within its 11 Wall Street structure.
The NYSE also shared a contingency memo with TechCrunch describing business continuity plans for the stock market, and its big digital-board, to operate trading remotely if there is a personnel shutdown of the main-floor."
10,"{'id': 'techcrunch', 'name': 'TechCrunch'}",Frederic Lardinois,"Travel savings tool Service shuts down, citing COVID-19 downturn","Service, a tool that helped you get compensation when there are flight delays and find lower hotel rates after you’ve already booked, today said it would shut down its service. The company, which launched in 2015, says it faced a fundraising round that collap…",http://techcrunch.com/2020/03/16/travel-savings-tool-service-shuts-down-citing-covid-19-downturn/,https://techcrunch.com/wp-content/uploads/2020/03/GettyImages-1207339152.jpg?w=600,2020-03-16T19:17:31Z,"Service, a tool that helped you get compensation when there are flight delays and find lower hotel rates after you’ve already booked, today said it would shut down its service.
The company, which launched in 2015, says it faced a fundraising round that collapsed two weeks ago and was in the middle of an acquisition that collapsed on Friday. It cites the current economic downturn and COVID-19 as the reason for both of these events.
Service will shut down later this week, on Friday, March 20. It’ll try to refund subscribers (pending its cash position), route all pending claims directly to existing users and delete all personal information from its customers within the next 30 days.
It’s worth noting that Service founder and CEO Michael Schneider also notes that since it was founded, the company never turned a profit, even though it recovered over $4,000,000 for its customers.
“Despite partnerships with major brands such as KAYAK and Microsoft, we have never turned a profit, despite a focus on revenue growth and cost cutting through software automation,” Schneider writes. “We were in the middle of a fundraise when it collapsed two weeks ago, and then we were in the middle of an acquisition that collapsed last Friday due to everything going on with COVID-19 and the economy.”
With the current downturn in travel, we’ll likely see more travel startups collapse. Margins are notoriously low in this business and a lot of companies depend on what is essentially affiliate marketing revenue. Since the travel industry is currently in a tailspin, that source of revenue is quickly dwindling for this class of startups.
Service had raised a total of $5.1 million since it was founded. Investors include Founders Fund, which led its seed round, as well as Menlo Ventures, Maveron, Xfund, Flight Ventures and others. The company last raised a convertible note last September.
“I remain proud of what we accomplished over the last nearly five years, and Im grateful to our investors, employees, and customers for all their support. While I regret not succeeding in building a sustainable long term business, I am proud that we tried, and that we made people’s lives a bit easier around customer service,” writes Schneider."
11,"{'id': 'techcrunch', 'name': 'TechCrunch'}",Megan Rose Dickey,SF survey addresses gig workers’ concerns amid COVID-19 pandemic,"With the novel coronavirus pandemic posing an ongoing threat to people’s health, especially the health of essential workers, San Francisco is conducting a survey to learn more about the issues gig workers are facing during this time. The results of this surve…",http://techcrunch.com/2020/03/25/sf-survey-addresses-gig-workers-concerns-amid-covid-19-pandemic/,https://techcrunch.com/wp-content/uploads/2020/03/GettyImages-1154103372.jpg?w=600,2020-03-25T19:16:33Z,"With the novel coronavirus pandemic posing an ongoing threat to people’s health, especially the health of essential workers, San Francisco is conducting a survey to learn more about the issues gig workers are facing during this time. The results of this survey, which should be available within four to six weeks, will help shape local policy decisions.
The survey seeks to understand how COVID-19 has impacted the number of gig jobs available, pay, and companies’ stances on health insurance and paid sick leave. It also asks what workers feel they most urgently need, whether it’s access to protective equipment or emergency funds, as well as if workers are likely to work while sick due to their financial situation.
Conducted by the city’s Local Agency Formation Commission (LAFCO) and led by UC Santa Cruz professor Chris Benner, the study is targeting at least 500 gig workers who perform services for 12 of the most popular platforms: Uber, Lyft, DoorDash, Caviar, Uber Eats, Postmates, GrubHub, Instacart, Shipt, Saucey, Amazon Flex and Drizly.
“This is a very critical workforce for a number a reasons,” Benner told TechCrunch. “They are particularly vulnerable and susceptible, especially early on with drivers taking people to and from the airport. But now as we’re potentially seeing a spike in the online ordering of groceries and food delivery, these people doing the deliveries are providing essential services during this time of having to shelter in home and are potentially vulnerable. And if they’re not being careful in handling food and groceries, they could potentially be spreading [COVID-19].”
This survey comes after Benner was tasked with leading a broader survey about gig workers in San Francisco. That survey kicked off last September but is currently on hold as Benner and his team focus more on the COVID-19 survey. Still, they are analyzing the 700 responses from that initial survey.
“What we know from other sources and what our survey will likely confirm is it’s a large immigrant workforce,’ Benner said. “It’s a lot of people working on low wages and many hours and many people do this work full-time.”
Outside of this survey, the city has begun taking steps to advocate for this essential workforce. Yesterday, SF’s Board of Supervisors pushed for more gig worker protections, asking the SF Office of Labor Standards Enforcement, for example, to establish enforcement procedures in compliance with Assembly Bill 5. AB 5 is the new California law that outlines what types of workers can be legally classified as independent contractors.
This board of supervisor’s resolution, which Gig Workers Rising and We Drive Progress advocated for the board of supervisors to adopt, came after Gig Workers Rising urged California lawmakers to enforce AB 5. Earlier this month, Gig Workers Rising sent a letter to California Gov. Gavin Newsom and other state officials asking them to step in and protect workers during this pandemic.
In the meantime, workers interested in filling out the survey can do so here."
12,"{'id': 'techcrunch', 'name': 'TechCrunch'}",Kirsten Korosec,Zillow suspends home buying due to COVID-19,"Zillow said Monday it will temporarily stop buying homes in all 24 markets where it operates in response to public health orders related to the COVID-19 pandemic, the latest real estate startup to shift how it operates as the disease caused by coronavirus con…",http://techcrunch.com/2020/03/23/zillow-suspends-home-buying-due-to-covid-19/,https://techcrunch.com/wp-content/uploads/2020/02/GettyImages-109350668.jpg?w=600,2020-03-23T15:56:25Z,"Zillow said Monday it will temporarily stop buying homes in all 24 markets where it operates in response to public health orders related to the COVID-19 pandemic, the latest real estate startup to shift how it operates as the disease caused by coronavirus continues to spread.
Zillow said it decided to pause making offers to sellers after several counties and states, including California, Illinois, Louisiana, Ohio, New York and Nevada, implemented emergency orders requiring people to stay home and all non-essential business activities, including some real-estate related activities, to stop.
Zillow follows action from other real estate startups such as Opendoor and Redfin to temporarily pause making offers on homes.
“We plan to restore Zillow Offers full operations once health concerns pass and local health orders are lifted,” Zillow Group CEO and co-founder Rich Barton said in a statement. “In the meantime, we are working to support our customers and partners in these uncertain times when home has never been more important.”
The company started to slow its pace of buying homes last month, while accelerating sales in the quarter, Barton said. Zillow’s inventory is now 1,860 homes, a 31% decline from 2,707 homes at the end of 2019.
The company said it will continue to market and sell homes through “Zillow Offers,” and will temporarily suspend plans to open additional Zillow Offers markets. Zillow also halted open houses in all markets, beginning last week.
We have a strong balance sheet and cash position, and are taking proactive steps to reduce spending to offset the important financial support we’re giving our industry partners so we may continue to best serve our mutual customers,” added Barton."
13,"{'id': 'techcrunch', 'name': 'TechCrunch'}",Natasha Lomas,EU parliament moves to email voting during COVID-19,The European Parliament will temporarily allow electronic voting by email as MEPs are forced to work remotely during the coronavirus crisis. A spokeswoman for the parliament confirmed today that an “alternative electronic voting procedure” has been agree for …,http://techcrunch.com/2020/03/23/eu-parliament-moves-to-email-voting-during-covid-19/,https://techcrunch.com/wp-content/uploads/2020/01/GettyImages-1189431561.jpg?w=600,2020-03-23T17:38:11Z,"The European Parliament will temporarily allow electronic voting by email as MEPs are forced to work remotely during the coronavirus crisis.
A spokeswoman for the parliament confirmed today that an “alternative electronic voting procedure” has been agree for the plenary session that will take place on March 26.
“This voting procedure is temporary and valid until 31 July,” she added.
Earlier this month the parliament moved the majority of its staff to teleworking. MEPs have since switch to full remote work as confirmed cases of COVID-19 have continued to step up across Europe. Though how to handle voting remotely has generated some debate in and of itself.
“Based on public health grounds, the President decided to have a temporary derogation to enable the vote to take place by an alternative electronic voting procedure, with adequate safeguards to ensure that Members votes are individual, personal and free, in line with the provisions of the Electoral act and the Members Statute,” the EU parliament spokeswoman said today, when we asked for the latest on its process for voting during the COVID-19 pandemic.
“The current precautionary measures adopted by the European Parliament to contain the spread of COVID-19 dont affect legislative priorities. Core activities are reduced, but maintained precisely to ensure legislative, budgetary, scrutiny functions,” she added.
The spokeswoman confirmed votes will take place via email — explaining the process as follows: “Members would receive electronically, via email to their official email address, a ballot form, which would be returned, completed, from their email address to the relevant Parliaments functional mailbox.”
“The results of all votes conducted under this temporary derogation would be recorded in the minutes of the sitting concerned,” she further noted.
Last week, ahead of the parliament confirming the alternative voting process, German Pirate Party MEP, Patrick Breyer, raised concerns about the security of e-voting — arguing that what was then just a proposal for MEPs to fill and sign a voting list, scan it and send it via email to the administration risked votes being vulnerable to manipulation and hacking.
“Such a manipulation-prone procedure risks undermining public trust in the integrity of Parliament votes that can have serious consequences,” he wrote. “The procedure comes with a risk of manipulation by hackers. Usually MEPs can send emails using several devices, and their staff can access their mailbox, too. Also it is easy to come by a MEP’s signature and scan it… This procedure also comes with the risk that personally elected and highly paid MEPs could knowingly allow others to vote on their behalf.”
“eVoting via the public Internet is inherently unsafe and prone to hacking, thus risks to erode public trust in European democracy,” he added. “I am sure powerful groups such as the Russian intelligence agency have a great interest in manipulating tight votes. eVoting makes manipulation at a large scale possible.”
Breyer suggested a number of alternatives — such as parallel postal voting, to have a paper back-up of MEPs’ e-votes; presence voting in EP offices in Member States (though clearly that would require parliamentarians to risk exposing themselves and others to the virus by traveling to offices in person); and a system such as “Video Ident”, which he noted is already used in Germany, where the MEP face identify in front of a webcam in a live video stream and then show their voting sheets to the camera.
He also suggested MEPs might not notice manipulations even if voting results were published — as looks to be the case with the parliament’s agreed procedure.
It’s not clear whether the parliament is applying a further back-up step — such as requiring a paper ballot to be mailed in parallel to an email vote. The parliament spokeswoman declined to comment in any detail when we asked. “All measures have been put in place to ensure the vote runs smoothly,” she said, adding: “We never comment on security measures.”
Reached for his response, Breyer told us: “My concerns definitely stand.”
However security expert J. Alex Halderman, a professor of Computer Science and Engineering at the University of Michigan — who testified before the US Senate hearing into Russian interference in the 2016 U.S. Election — said e-voting where the results are public is relatively low risk provided MEPs check their votes have been recorded properly.
“Voting isn’t such a hard problem when it’s not a secret ballot, and I take it that how each MEP votes is normally public. As long as that’s the case, I don’t think this is a major security issue,” he told TechCrunch. “MEPs should be encouraged to check that their votes are correctly recorded in the minutes and to raise alarms if there’s any discrepancy, but that’s probably enough of a safeguard during these challenging times.”  
“All of this is in stark contrast to election for public office, which are conducted with a secret ballot and in which there’s normally no possibility for voters to verify that their votes are correctly recorded,” he added. 
In further news related to the EU parliament the European Data Protection Supervisor (EDPS) announced today that it’s closed an investigation into the former’s user of the US-based political campaign group, NationBuilder last year.
Back in November the EU’s lead data regulator revealed it had issued its first ever sanction of an EU institution by taking enforcement action over the parliament’s contract with NationBuilder for a public engagement campaign to promote voting in the spring election.
During the campaign the website collected personal data from more than 329,000 people, which was processed on behalf of the Parliament by NationBuilder. The EDPS found the parliament had contravened regulations governing how EU institutions can use personal data related to the selection and approval of sub-processors used by NationBuilder.
The contract has been described as coming to “a natural end” in July 2019, and the EDPS said today that all data collected has been transferred to the European Parliaments servers’.
No further sanctions have been implemented, though the regulator said it will continue to monitor the parliament’s activities closely.
Data protection plays a fundamental role in ensuring electoral integrity and must therefore be treated as a priority in the planning of any election campaign,” said EDPS, Wojciech Wiewiórowski, in a statement today. “With this in mind, the EDPS will continue to monitor the Parliaments activities closely, in particular those relating to the 2024 EU parliamentary elections. Nevertheless, I am confident that the improved cooperation and understanding that now exists between the EDPS and the Parliament will help the Parliament to learn from its mistakes and make more informed decisions on data protection in the future, ensuring that the interests of all those living in the EU are adequately protected when their personal data is processed.
At the time of writing the parliament had not responded to a request for comment."
14,"{'id': 'techcrunch', 'name': 'TechCrunch'}",Sarah Perez,Target pauses plans for grocery pickup amid COVID-19 outbreak,"Target is pausing its plans to offer curbside pick-up of groceries and alcoholic beverages, citing the COVID-19 outbreak as the key factor in its decision to delay the launch. Although groceries via Order Pickup and Drive Up would be valuable services at a ti…",http://techcrunch.com/2020/03/26/target-pauses-plans-for-grocery-pickup-amid-covid-19-outbreak/,https://techcrunch.com/wp-content/uploads/2019/08/Glenview-Order-Pickup-Entrance-Exterior.jpeg?w=550,2020-03-26T16:15:42Z,"Target is pausing its plans to offer curbside pick-up of groceries and alcoholic beverages, citing the COVID-19 outbreak as the key factor in its decision to delay the launch. Although groceries via Order Pickup and Drive Up would be valuable services at a time when people are being asked to distance themselves from others to prevent the spread of the novel coronavirus, Target says it won’t have time to train employees on these new processes right now.
Like many retailers and grocers, Target is impacted by the COVID-19 outbreak, which is significantly changing the way people shop. People are more likely to buy in bulk to minimize trips to the store. And many are panic-buying critical supplies, like toilet paper. Target says it’s seen a sustained surge in both traffic and sales, particularly in food and beverage and other household essentials, like cleaning supplies and baby products. Other categories, including apparel and accessories, have slowed.
The launch of any new system or process takes time to adjust to, even when there’s ample time to train. But Target staff today is working at increased levels — its March sales are 20% higher than March of last year, as a  point of comparison.
Like everywhere, Target also faces staffing concerns as people scramble to figure out childcare when schools are closed. It will have to reassess employee schedules on the fly, as staff leaves unexpectedly when they or a family member gets sick. There have also been a small number of cases where Target employees themselves have testedpositive for the virus. And as the outbreak spreads, more will likely be exposed, given their continual contact with the public.
To address these concerns, Target is cleaning its stores regularly, promoting social distancing, wiping down carts, adding signage to guide guests, cleaning checklanes after each transaction, and more. It’s also stopping in-store returns for three weeks, but will honor later returns when the ban is lifted, as a result. And it’s pausing its small-format store openings and remodels planned for this year — shifting those to 2021, given the chaos around its business today.
To assist employees, Target announced that it’s investing more than $300 million in added wages, a new paid leave program, bonus payouts and relief fund contributions.
Though Target won’t roll out curbside fresh grocery pickup now, it continues to operate the grocery delivery business Shipt. This and other grocery delivery services are booming due to the outbreak. Instacart this week said it was hiring 300,000 more full-service shoppers due to coronavirus. Walmart, CVS, Amazon, and other U.S. employers are hiring more than 800,000 new workers due to the COVID-19 impacts."
15,"{'id': 'techcrunch', 'name': 'TechCrunch'}",Anthony Ha,Daily Crunch: Clearstep’s chatbot offers in-depth COVID-19 screening,"We look at an in-depth screener app for COVID-19, U.S. stocks take another tumble and Apple extends its free trial for Final Cut Pro and Logic Pro. Here’s your Daily Crunch for March 27, 2020. Stay safe and socially distanced this weekend! 1. Clearstep’s COVI…",http://techcrunch.com/2020/03/27/daily-crunch-clearstep-covid-screener/,https://techcrunch.com/wp-content/uploads/2020/03/clearstep.jpg?w=600,2020-03-27T18:26:52Z,"We look at an in-depth screener app for COVID-19, U.S. stocks take another tumble and Apple extends its free trial for Final Cut Pro and Logic Pro. Here’s your Daily Crunch for March 27, 2020.
Stay safe and socially distanced this weekend!
1. Clearsteps COVID-19 chat-based screener goes in-depth to preserve healthcare resources
There are a growing number of symptom checker and screening tools that you can use at home if you suspect you might have contracted the new coronavirus that is causing the global COVID-19 pandemic. Most of these are relatively simple, including three or four questions that cover the top reported symptoms experienced by anyone who has confirmed to have had the disease.
In contrast, chatbot-based symptom checking software startup Clearstep has created its own COVID-19 screener, which goes more in-depth to combine symptom checking with screening for potential exposure to the virus.
2. Stocks fall sharply Friday morning as the mid-week recovery falls short
The major American stock market indices are down sharply this morning at the open, with stocks falling after a multi-day rally helped shave some losses off their calendar-year results.
3. Apple extends free trials for its pro creative apps
Apple announced today that they are temporarily extending the free trials on Final Cut Pro X and Logic Pro X from 30 days to 90 days, giving potential customers stuck at home a longer window of time to try out the software. With this announcement, Apple joins a number of other software companies extending the free trials of their products in the midst of the COVID-19 crisis.
4. Yelp pauses GoFundMe Covid-19 fundraising after opt-out outcry
A fundraising program that Yelp and GoFundMe put in place this week to help local businesses impacted by the COVID-19 pandemic has been paused after public outcry over how it was rolled out specifically, controversy over how the two provided no easy and quick way to opt out of the fundraising.
5. Smart telescope startups vie to fix astronomys satellite challenge
The stakes involved are high, with projects like Starlink (the satellite branch of SpaceX) potentially being central to the future of global internet coverage, especially as new infrastructure implements 5G and edge computing. At the same time, satellite clusters whether from Starlink or national militaries could threaten the foundations of astronomical research. (Extra Crunch membership required.)
6. Notarize to add 1,000 online notaries to address demand for remote transactions
The startup is partnering with the National Notary Association to verify notaries have been screened and have the necessary insurance or bonding. The service is available to Americans in all 50 states or abroad, but notaries must be physically located in Florida, Nevada, Texas or Virginia to join the platform.
7. Social Bluebook was hacked, exposing 217,000 influencers accounts
Social Bluebook, a Los Angeles-based company, allows advertisers to pay social media influencers for posts that promote their products and services. The company claims it has some 300,000 influencers on its books, but in October 2019, its entire backend database was stolen in a data breach.
The Daily Crunch is TechCrunch’s roundup of our biggest and most important stories. If you’d like to get this delivered to your inbox every day at around 9am Pacific, you can subscribe here."
16,"{'id': 'techcrunch', 'name': 'TechCrunch'}",Ingrid Lunden,Yelp pauses GoFundMe Covid-19 fundraising after opt-out outcry,"A fundraising program that Yelp and GoFundMe put in place this week to help local businesses impacted by the Covid-19 pandemic has been paused after public outcry over how it was rolled out — specifically, controversy over how the two provided no easy and qui…",http://techcrunch.com/2020/03/27/yelp-pauses-gofundme-covid-19-fundraising-after-opt-out-outcry/,https://techcrunch.com/wp-content/uploads/2018/04/waiter.jpg?w=599,2020-03-27T14:53:20Z,"A fundraising program that Yelp and GoFundMe put in place this week to help local businesses impacted by the Covid-19 pandemic has been paused after public outcry over how it was rolled out — specifically, controversy over how the two provided no easy and quick way to opt out of the fundraising.
Yelp’s initial announcement was a little vague about who the “participating” businesses would be, and TechCrunch mistakenly wrote about it as if business owners would have to sign up to participate.
Turns out that the fundraising campaigns appeared automatically with company profiles on Yelp. To get out of running the campaigns, Yelp and GoFundMe required more identification from business owners (for example drivers’ licenses or business ID verifications). One estimate put the number of fundraisers that had been created through the program at 144,000.
After a lot of pushback on social media (and likely directly to Yelp and GoFundMe as well), Yelp said the two companies are now working together to create a “seamless” approach where businesses have to opt-in, rather than being signed yelp automatically and to opt in to use it in the first place.
The lesson here is that while the Covid-19 pandemic has undoubtedly had a major impact on local retailers and other businesses that have been forced to close, or have lost business, due to shelter-in-place and other social distancing measures, that doesn’t necessarily mean that every business want to fundraise to offset their own specific predicaments.
And if they do, ultimately it’s their own choice about which companies they want to work with.
The original fundraising feature was launched by Yelp earlier this week as part of a bigger effort from both companies to provide assistance to businesses and individuals impacted by the coronavirus pandemic. (Yelp has also committed $25 million in waived fees for those who usually pay it for premium listing services; while GoFundMe is also working with other companies like Intuit QuickBooks to build fundraisers for its business customers.)
It was only yesterday, however, that outcry began to emerge over how that integration was actually put in place, and how hard it was to remove, both for small businesses and for those that are part of larger chains.
At a time when we are seeing a huge groundswell of good works and charity to help our communities get through what is not just a public health crisis, but a social and economic one, the resulting rollout made the effort feel more a bit opportunistic than altruistic both GoFundMe and Yelp are businesses, after all. (It’s worth noting that there have been positiveresponses as well.)
Andy McMillan, owner of the alcohol-free Portland bar Suckerpunch, was the first to attract widespread attention to the issue. In a statement, he said the core idea was good, but the implementation was not:
What if running a fundraiser, for example . invalidated criteria on their insurance to be able to make a claim who knows? What if it invalidated them being able to reach out for city level or county level or state level or federal level financial support for the business?
This could have an incredible like, real detrimental impact to small businesses a thing that a bunch of tech bros sitting in a room thought was a good idea … There’s a version of this where they could have emailed everyone and done a one-click sign-up, and that would have been actually probably appreciated by most people, but at least would have been consensual and would have been thoughtful.
We’re still waiting to hear back from GoFundMe, but Yelp’s full statement is below:
On Tuesday, Yelp announced a partnership with GoFundMe to provide a fast and easy way for people to support their favorite local businesses by donating to a GoFundMe fundraiser directly on the Yelp pages of eligible businesses. In an effort to get businesses help quickly and easily, a GoFundMe fundraiser was automatically added to the Yelp pages of an initial group of eligible businesses, with information provided on how to claim it or opt out should a business choose to do so. However, it has come to our attention that some businesses did not receive a notification with opt-out instructions, and some would have preferred to actively opt-in to the program. As such, we have paused the automatic rollout of this feature, and are working with GoFundMe to provide a seamless way for businesses to opt into the program moving forward, as we have received a great deal of interest and support for the program from both consumers and businesses alike."
17,"{'id': 'techcrunch', 'name': 'TechCrunch'}",Jake Bright,Why Congress isn’t working remotely due to COVID-19,"As COVID-19 forces much of America to work from home, the United States Congress — whose 535 members have an average age of 60 — is still operating from Capitol Hill. Why this population (deemed high-risk to the coronavirus) isn’t yet doing legislative busine…",http://techcrunch.com/2020/03/18/why-congress-isnt-working-remotely-due-to-covid-19/,https://techcrunch.com/wp-content/uploads/2020/03/GettyImages-1061456524.jpeg?w=590,2020-03-18T17:53:01Z,"As COVID-19 forces much of America to work from home, the United States Congress whose 535 members have an average age of 60 is still operating from Capitol Hill.
Why this population (deemed high-risk to the coronavirus) isn’t yet doing legislative business remotely comes down to process, tech and political will.
“The House rules and the Senate rules require voting in person. And it would require a change in those rules to do that,” California Congressman Eric Swalwell told TechCrunch on a call from his Washington, D.C., office.
Swalwell has a plan for Congress to work away from the Hill. He recently reintroduced a resolution with Arkansas Representative Rick Crawford (R-AZ) that would allow members to participate virtually in hearings and vote remotely, under special circumstances.
House Speaker Nancy Pelosi appears to have nixed that option, at least for the near-term, reportedly telling her caucus last week, “We are the captains of the ship. We are last to leave.”
A priority for Congress is finalizing emergency COVID-19 legislation to provide trillions of dollars in resources to combat the virus and stem the economic havoc it’s wreaking across the U.S.
Without a rule-change and clear plan for members to legislate and vote outside from Capitol Hill, passing that legislation requires lawmakers be present on the building’s floor.
Bill Dickinson/Getty Images
There are mixed messages on who makes the call for Congress to go to a remote-work scenario and what kind of digital contingency would kick in to perform legislative duties at a distance. 
In a subsequent scrum to her “last to leave” comments, Pelosi gave an unequivocal “no” to reporters’ questions on Congress closing due to COVID-19. But she added, the ultimate call was not hers. “That’s a health and security decision up to the Capitol physician [and] Sergeant at Arms,” the Speaker said.
TechCrunch sought input on the matter from the House Office of the Sergeant at Arms. That inquiry referred us to the Chief Administrative Office, which has not yet responded.
Even after the first congressional staffers have tested positive for COVID-19, the majority of Capitol Hill’s high-risk members continue to work on-site and in their office buildings.
Representative Swalwell’s MOBILE (Members Operating to Be Innovative and Link Everyone) resolution proposes to change that.
Hes introduced the measure every year since 2013, but believes it carries extra weight now due to the COVID-19 pandemic. Swalwell reintroduced it again on March 9.
MOBILE would “mandate the development of a secure remote voting system which members could use to vote remotely on suspension bills, generally non-controversial bills that require a two-thirds vote to pass,” according to a statement on the resolution provided by Swalwell’s office.
“It’s bi-partisan, introduced by me and Representative Rick Crawford from Arkansas and we’ve had dozens of members join us in support,” Swalwell told TechCrunch.
“I don’t mean to have this substitute us meeting in person,” the California Democrat said. But Swalwell believes there needs to be tech provisions in Congress, comparable to contingency plans in the private sector, for members to operate virtually outside of Capitol Hill.
Illinois Senator Dick Durbin echoed this on Tuesday, underscoring the need for virtual committee hearings and the ability to vote away from Congress in times of national emergency.
As millions of Americans shift from physical work spaces to platforms such as Zoom, Slack or Google Hangouts during the COVID-19 crisis, detail is lacking on the software, apps and security for Congress to operate under a measure such as MOBILE.
There’s still little in the way of tech in the voting process on Capitol Hill, where the Senate still makes decisions by recording verbal “Yeas” and “Nays” on a tally sheet.
“I’m not offering myself as the technical expert,” Swalwell said on the implementation of his suggested remote voting and convening resolution.
He explained that the House Administration Committee and House Rules Committee would be the subject matter experts to determine how the Congress would secure voting and meetings remotely.
Photo by Brendan Hoffman/Getty Images
“We have smart members on those committees and capable staffers who could give us a tech solution today…and the solution that we ultimately use down the road,” he said.
While the business of Congress still remains a present and in-person affair, the body is taking cautionary measures to protect staff. This week several members, including representative Swalwell and West Virginia Senator Joe Manchin, instructed employees to work from home.
There’s more capability for congressional staff, compared to members, to work remotely, according to Frederick Hill, a Managing Director at FTI Consulting who spent 17 years as a staffer in the U.S. Senate and House of Representatives.
“The technology is in place to support much of the work that goes on in the background at the staff level,” Hill told TechCrunch.
“They have VPN networks, shared drives for off-site work, devices and smartphones to keep them in contact and help draft legislation.” The September 11 attacks and 2001 Anthrax attacks forced a number of these contingencies for congressional staff members.
Hill explained that when it comes to the most official congressional activity, such as voting on the floor, “there really are no provisions [currently] to use technology.”
Part of that has to do with ensuring those elected to represent constituencies are genuinely present to vote.
But similar to so many previously in-person functions that have shifted to apps paired with security measures, such as multi-factor authentication, decision-making on Capitol Hill could also move to remote and digital options.
An extenuating circumstance, such as the COVID-19 pandemic, could be what finally moves America’s chief legislating body in the direction of being able to vote remotely.
“It certainly has provoked the conversation,” Swalwell said. “I think it is a needed conversation. I wish it were under different circumstances.”"
18,"{'id': 'techcrunch', 'name': 'TechCrunch'}",Alex Wilhelm,Airbnb is buying trust during the COVID-19 travel slowdown,"Demand will return to the world travel market in time -- how much, no one knows -- and Airbnb wants to be a well-liked participant in the return to form.",http://techcrunch.com/2020/04/10/airbnb-is-buying-trust-during-the-covid-19-travel-slowdown/,https://techcrunch.com/wp-content/uploads/2019/02/GettyImages-1052001922.jpg?w=600,2020-04-10T14:06:10Z,"Hello and welcome back to our regular morning look at private companies, public markets and the gray space in between.
Airbnb’s recent moves in the wake of a global travel slowdown are interesting and worth understanding in chronological order. What it details is a company spending heavily today to keep up its future health. Demand will return to the world travel market in time — how much, no one knows — and Airbnb wants to be a well-liked participant in the return to form.
Building off our last look at the company, we should understand how Airbnb intends to not only survive, but come out the other side of the pandemic with enough user trust to get back to work"
19,"{'id': 'techcrunch', 'name': 'TechCrunch'}",Ziad Reslan,"I had COVID-19, but my tech guilt is worse",Let’s channel our guilt into something good.,http://techcrunch.com/2020/04/09/i-had-covid-19-but-my-tech-guilt-is-worse/,https://techcrunch.com/wp-content/uploads/2020/04/GettyImages-1205580183.jpg?w=600,2020-04-09T19:33:12Z,"More posts by this contributor
Ive been infected with the novel coronavirus for at least three weeks.
It started with my partner coughing and feeling very tired. A couple of days later, I started showing the same symptoms.
As a medical professional, he was required to get tested and I followed suit within days. We both tested positive and have been recovering at home since.
The symptoms have been up and down over the past two weeks. After the first few days, the mild cough gave way to an unrelenting one and the feeling of being tired gave way to being completely drained at all hours. My partner completely lost his sense of smell.
A week into having COVID-19, we thought wed turned a corner, only for more symptoms to manifest. The virus had made its way to my GI tract, adding nausea and an inability to keep my head up without throwing up. Today, two weeks after the first bouts of coughing, we both feel significantly better, but continue to self-isolate as instructed.
Luckily for both of us, we have now been symptom-free for 72 hours, and the symptoms we did have were relatively mild throughout. The experience of getting tested mandated for my partner to be able to go back to working at the hospital could not have been easier. I showed up at the hospital and was greeted by a doctor and two nurses. They took a sample and advised me on how best to self-isolate for the next few weeks. The whole thing took less than 15 minutes, and it was only 24 hours later that I got the call confirming that I had tested positive.
My employer has been supportive throughout. Theyve connected me to support services, offered a number of leave options if I were to take time off to deal with the virus, constantly checked in on my prognosis and even sent a work-from-home toolkit complete with a giant monitor, keyboard and mouse. Throughout the self-isolation period, I have been able to work from home a relatively seamless transition given that my job has long enabled me to work from home when needed. If I needed further healthcare, I can count on the many telehealth options available through my insurance.
What all this cemented is how incredibly fortunate I am, unlike the millions of Americans now losing their jobs. While others have been unable to get tested, my entire testing experience was painless. I have the luxury of being able to work from home. Im quarantined with my partner and my puppy, so I havent gotten lonely. Because Im still getting my paycheck, I dont have to worry about making the next rent payment. Im able to have grocery and takeout deliveries left at my doorstep. If I were to take a turn for the worse, a major hospital is just down the street.
This epidemic has laid bare the incredible differences in privilege within our society, including within tech. Long celebrated as representing the future of work, today thousands of gig workers have lost their main source of income, with no paycheck to count on and no option to work from home. Others, from delivery to warehouse workers, have no choice but to work, even at increased risk of contracting the disease themselves. Thousands in the Bay Area who live alone now risk being completely socially isolated as we continue to be on lockdown, while others with kids and large families now worry about taking care of their children while also working full-time jobs.
Not to mention that the homeless of our cities have no way to self-isolate even if they wanted to. Crowded homeless shelters to the extent they were available are no longer an option.
This is a moment where all of us in tech have to come together to help even the scales. Thousands of tech workers are already donating their time and resources, but more can be done:
<ul><li>Now is the time to max out our employee match programs to make every dollar we give count more.</li><li>Donations are needed by Frontline Foods, an effort that started in the Bay Area to provide front-line workers with food and is now scaling globally. More generally food banks are seeing an exponential rise in the demand for their services, with Second Harvest being one to flag in the Bay Area.</li><li>If you know a co-worker with kids, offer to babysit over video for an hour or two. This can be as simple as playing a game on Houseparty together if theyre 12 or older, or helping them with a lesson their parents have found particularly hard to get through.</li><li>A lot of us are anxious about getting the virus, so you can only imagine how the elderly and those with underlying health conditions feel. Give your grandparent a call, or donate your time and resources to organizations like Meals on Wheelsto make sure theyre getting the nutrition they need to get through this.</li><li>Many local businesses may close because of the pandemic. Support them by ordering takeout and other delivery services. If you prefer to donate directly, many cities have created funds to provide relief to impacted small businesses, like the Silicon Valley Strong Fund in San Jose.</li></ul>For the foreseeable future, my only visits to the outside world will be with mask and gloves on to walk my dog around the corner. Ill have plenty of time to reflect on how lucky I am, and the privilege guilt will follow. Im guessing Im not alone. Lets channel our guilt into something good.
The views and opinions expressed in this post are those of the author and do not necessarily reflect the official policy or position of his employer."
