,source,author,title,description,url,urlToImage,publishedAt,content
0,"{'id': 'engadget', 'name': 'Engadget'}",Kris Holt,Razer is making surgical masks to help with supply shortages,"With many healthcare workers in dire need of more supplies to fight the COVID-19 pandemic, some companies are helping by making essential items. Razer, for one, is joining the effort to fight the virus by making and donating surgical masks. The company plans …",https://www.engadget.com/2020/03/19/razer-is-making-surgical-masks-to-help-with-supply-shortages/,https://o.aolcdn.com/images/dims?resize=1200%2C630&crop=1200%2C630%2C0%2C0&quality=80&image_uri=https%3A%2F%2Fo.aolcdn.com%2Fimages%2Fdims%3Fcrop%3D4782%252C3297%252C0%252C0%26quality%3D85%26format%3Djpg%26resize%3D1600%252C1103%26image_uri%3Dhttps%253A%252F%252Fs.yimg.com%252Fos%252Fcreatr-images%252F2020-03%252F1ceaeff0-69fe-11ea-9edf-d4646f429fd3%26client%3Da1acac3e1b3290917d92%26signature%3D44077a3f5afbf274ab2e87f0e19101bff6045241&client=amp-blogside-v2&signature=6c14ec994f4a47c170dbfbbba5aacdb72ca4456d,2020-03-19T16:37:00Z,"The company plans to provide healthcare authorities around the globe with as many as a million masks. CEO Min-Laing Tan said Razer's engineers and designers have been working around the clock over the last few days to convert some of its production facilities so workers can temporarily make surgical masks instead of gaming peripherals.
Health authorities in Singapore, where Razer's Southeast Asia HQ is located, will receive some of the first mask shipments. The company will liaise with governments and agencies elsewhere to figure out how to prioritize its support and donations.
""This emergency conversion of some of our lines and donation of masks is the first step of many that Razer will take,"" Tan wrote in a Facebook post. ""We are committed to contributing our extra time, resources, effort and talent toward the fight against COVID-19.""
Sharp also said earlier this month it would start making surgical masks at one of its TV factories. Meanwhile, Elon Musk has pledged that Tesla ""will make ventilators if there is a shortage,"" which seems likely amid the novel coronavirus outbreak. Federal officials are in talks with other auto manufacturers to build medical ventilators and other equipment if needed."
1,"{'id': 'engadget', 'name': 'Engadget'}",Jon Fingas,Amazon temporarily raises overtime pay for warehouse workers,"Amazon is still determined to meet demand spurred by the COVID-19 pandemic, and it's willing to offer warehouse workers incentives to keep shipments going. In a statement to Reuters, the internet giant said it was raising overtime pay for US warehouse workers…",https://www.engadget.com/2020/03/21/amazon-raises-overtime-pay-for-warehouse-workers/,https://o.aolcdn.com/images/dims?resize=1200%2C630&crop=1200%2C630%2C0%2C0&quality=80&image_uri=https%3A%2F%2Fo.aolcdn.com%2Fimages%2Fdims%3Fcrop%3D3600%252C2400%252C0%252C0%26quality%3D85%26format%3Djpg%26resize%3D1600%252C1067%26image_uri%3Dhttps%253A%252F%252Fs.yimg.com%252Fos%252Fcreatr-images%252F2020-03%252F23b0d490-6b92-11ea-9eb8-4de1f325cc24%26client%3Da1acac3e1b3290917d92%26signature%3D9601f067ed6096ade1ed305f26c3a8bf3d49a554&client=amp-blogside-v2&signature=4a01460265056bd679deebab07cd7f25b6b39f25,2020-03-21T17:30:00Z,"The temporary pay hike could ensure that more workers agree to work overtime, or at least offer a consolation if they feel they have little choice but to stay longer. It comes on top of the company's plans to hire 100,000 additional workers and raise base pay by $2 through April.
These are only fleeting increases, however, and don't address both new and longstanding concerns about working conditions at Amazon's facilities. The company has already had to deal with a coronavirus infection at a warehouse, and senators have raised alarms about the lack of standard paid sick leave and hazard pay. Amazon is promising up to two weeks of pay for anyone either diagnosed with COVID-19 or placed into quarantine, but that might not prevent an ill worker from showing up if they feel they can't afford time off."
2,"{'id': 'engadget', 'name': 'Engadget'}",Jon Fingas,Waymo goes dark except for fully driverless rides,"Waymo is joining Uber and Lyft in curtailing its ride services to limit the spread of COVID-19, with a notable exception. The Alphabet-owned company has paused both Waymo One service with human overseers in Phoenix as well as its California self-driving tests…",https://www.engadget.com/2020/03/17/waymo-pauses-services-coronavirus/,https://o.aolcdn.com/images/dims?resize=1200%2C630&crop=1200%2C630%2C0%2C0&quality=80&image_uri=https%3A%2F%2Fo.aolcdn.com%2Fimages%2Fdims%3Fcrop%3D5760%252C3840%252C0%252C0%26quality%3D85%26format%3Djpg%26resize%3D1600%252C1067%26image_uri%3Dhttps%253A%252F%252Fs.yimg.com%252Fos%252Fcreatr-images%252F2018-12%252F82c28790-f8a1-11e8-bfbe-d4853a49de94%26client%3Da1acac3e1b3290917d92%26signature%3D66c99e0df20fc5bf64d00e811424c10f7eaaee93&client=amp-blogside-v2&signature=49a3d01cb3d4707a443767f3c63e5f38d1e9cd3d,2020-03-17T19:10:00Z,"The freeze is taking effect in the context of not only widespread closures and shutdowns to contain the spread of the new coronavirus, but also hesitation within Waymo's ranks. One backup driver for Waymo One refused to pick up a passenger at Intel's Chandler, Arizona office after hearing reports of a COVID-19 case at the company.
It's not clear when Waymo's full efforts will resume. That will likely depend on the development of the pandemic and when officials deem it safe to resume close contact. However, its ability to keep truly some service active could make a case for self-driving cars in the future -- it may be the only way to greatly reduce health risks for ride hailing services."
3,"{'id': 'engadget', 'name': 'Engadget'}",Igor Bonifacic,NCAA cancels March Madness over coronavirus pandemic,"The NCAA will not crown a basketball champion this year. Just one day after it said it would restrict attendance at upcoming Division 1 men and women's basketball tournaments, the NCAA has officially cancelled those events, as well as all of its remaining win…",https://www.engadget.com/2020/03/12/ncaa-cancels-march-madness-coronavirus/,https://o.aolcdn.com/images/dims?resize=1200%2C630&crop=1200%2C630%2C0%2C0&quality=80&image_uri=https%3A%2F%2Fo.aolcdn.com%2Fimages%2Fdims%3Fresize%3D2000%252C2000%252Cshrink%26image_uri%3Dhttps%253A%252F%252Fs.yimg.com%252Fos%252Fcreatr-images%252F2020-03%252F30c364e0-64a3-11ea-a8cb-3b8871622556%26client%3Da1acac3e1b3290917d92%26signature%3Dca6f234ef154fd4a367624340c31ef2812fbde66&client=amp-blogside-v2&signature=2c7b78f99d5365a0400c8f1502cada4611bf0426,2020-03-12T21:23:00Z,"""This decision is based on the evolving COVID-19 public health threat, our ability to ensure the events do not contribute to [the] spread of the pandemic, and the impracticality of hosting such events at any time during this academic year given ongoing decisions by other entities,"" the NCAA said.
The news comes as other leagues have taken similar measures. In particular, the NBA suspended its season yesterday after Utah Jazz center Rudy Gobert tested positive for COVID-19. While the cancellation is likely to affect everyone involved, on the technology front streaming services will likely be hard hit. Even people who aren't fans of college sports or basketball tune in to March Madness to see how their brackets turn out and the tournament is an obvious focus for companies like Turner Sports. Earlier this month, Turner updated its slate of streaming apps in preparation for the competition, adding enhancements like multiview viewing. For the time being, that effort won't be rewarded."
4,"{'id': 'engadget', 'name': 'Engadget'}",Mariella Moon,Google builds an unemployment application portal for New York,The state of New York has teamed up with Google to build an online portal for unemployment applications that’s much more reliable than the Department of Labor’s old one. Local governments all over the country have to deal with what the agency calls an “unprec…,https://www.engadget.com/google-unemployment-application-portal-new-york-071642629.html,https://o.aolcdn.com/images/dims?resize=1200%2C630&crop=1200%2C630%2C0%2C0&quality=80&image_uri=https%3A%2F%2Fs.yimg.com%2Fos%2Fcreatr-images%2F2019-11%2F6a17c040-0fff-11ea-b7f1-52a203d52782&client=amp-blogside-v2&signature=b12a28c048a2348a8e321e0bb7c38fa85160edf4,2020-04-10T07:16:42Z,"Its partnership with Google, in particular, focuses on an application portal that’s powered by the tech giant’s cloud services and can handle a high volume of users. The portal was designed to work on smartphones, tablets and PCs, and applicants will be able to pick up where they left off. It’s expected to go live today, Friday morning, on the DOL’s website.
According to CNBC, Google is also backing other states’ efforts to fight COVID-19, and it’s hoping that they’ll adopt its unemployment insurance processing technology, as well. A spokesperson said in a statement:
“We continue to work with local, state, and federal agencies on a number of projects to help them better serve citizens during the COVID-19 pandemic.”"
5,"{'id': 'mashable', 'name': 'Mashable'}",Erica Bahrenburg,Ohio is closing all its bars and restaurants to slow down coronavirus,"Other places that have implemented this rule include: New York City, California, Illinois, Massachusetts, and Washington. Read more... More about Food, Mashable Video, Food Safety, Coronavirus, and Covid 19",https://mashable.com/video/ohio-bars-restaurants-coronavirus/,https://mondrian.mashable.com/2020%252F03%252F16%252F25%252F66be314b2dfd4c0a8632155b265992c6.d829c.png%252F1200x630.png?signature=_zbz2Vkkc_K7VZ9zI1NhYtWY5SM=,2020-03-16T18:16:49Z,"Other places that have implemented this rule include: New York City, California, Illinois, Massachusetts, and Washington."
6,"{'id': 'mashable', 'name': 'Mashable'}",Danica D'Souza,How people around the world are dealing with coronavirus lockdown – Mashable Originals,"With 3 billion on lockdown, we spoke with people around the world about how their lives have been upended. Read more... More about Mashable Video, Isolation, Quarantine, Coronavirus, and Covid 19",https://mashable.com/video/people-in-covid-19-lockdowns-all-around-the-world/,https://mondrian.mashable.com/2020%252F03%252F26%252F6d%252F932e98ab83714a3a84ccb1c600a74f9b.7f45d.png%252F1200x630.png?signature=qnzVI98DljnuwIKdZgbYTr_KQMo=,2020-03-26T15:16:55Z,"With 3 billion on lockdown, we spoke with people around the world about how their lives have been upended."
7,"{'id': 'mashable', 'name': 'Mashable'}",Erica Bahrenburg,Here's how to make a face mask in 45 seconds according to the CDC,"You can use a shirt, hand towel, or bandana as the cloth, with rubber bands as the ear holders. Read more... More about Mashable Video, Face Mask, Quarantine, Coronavirus, and Covid 19",https://mashable.com/video/cdc-face-mask-tutorial/,https://mondrian.mashable.com/2020%252F04%252F06%252Fe8%252F1621ea76b9d44c4b872b36cf45c5b4ac.7fbef.png%252F1200x630.png?signature=p0f2ajThL3_11nSBztGjJRoxKZ0=,2020-04-06T18:53:50Z,"You can use a shirt, hand towel, or bandana as the cloth, with rubber bands as the ear holders."
8,"{'id': 'mashable', 'name': 'Mashable'}",Erica Bahrenburg,This artist is turning windows into interactive art,"Spanish street artist Pejac began creating his own window art while in self-isolation and later decided to challenge his Instagram followers. Read more... More about Mashable Video, Arts Culture And Entertainment, Quarantine, Coronavirus, and Covid 19",https://mashable.com/video/artist-turns-windows-into-interactive-art/,https://mondrian.mashable.com/2020%252F04%252F16%252F57%252F0ba16350dd1647c78da2fd841c6d9800.8e4b9.png%252F1200x630.png?signature=inTSD0NolS-rQgPcrxRhoDQ6d_A=,2020-04-16T19:36:33Z,Spanish street artist Pejac began creating his own window art while in self-isolation and later decided to challenge his Instagram followers.
9,"{'id': 'mashable', 'name': 'Mashable'}",Erica Bahrenburg,WHO has officially declared coronavirus to be a global pandemic,"The viral outbreak has rapidly spread around the world, prompting the new designation of ""global pandemic"" by the World Health Organization. Read more... More about Mashable Video, World Health Organization, Pandemic, Coronavirus, and Covid 19",https://mashable.com/video/who-declares-global-coronavirus-pandemic/,https://mondrian.mashable.com/2020%252F03%252F11%252F66%252F67956c02b2e046a082fc987da8c66dd4.59767.png%252F1200x630.png?signature=8N4RQtNZ7-5-BCLPeeUwo4EIbNk=,2020-03-11T17:48:15Z,"The viral outbreak has rapidly spread around the world, prompting the new designation of ""global pandemic"" by the World Health Organization."
10,"{'id': 'mashable', 'name': 'Mashable'}",Erica Bahrenburg,Apple closes retail stores ‘until further notice’,"Though measures taken by companies during the outbreak are temporary, as the virus continues to grow, it is unclear how long they may last. Read more... More about Apple, Iphone, Mashable Video, Coronavirus, and Covid 19",https://mashable.com/video/apple-retail-stores-closed-cornavirus/,https://mondrian.mashable.com/2020%252F03%252F17%252F59%252F89563accd4e1411e9190e1a53e994d59.25270.png%252F1200x630.png?signature=6nPb-NymQQpCeC-7trYU6tUQFL0=,2020-03-17T18:11:00Z,"Though measures taken by companies during the outbreak are temporary, as the virus continues to grow, it is unclear how long they may last."
11,"{'id': 'mashable', 'name': 'Mashable'}",Erica Bahrenburg,Tom Hanks and Rita Wilson test positive for coronavirus,"Hanks posted a statement to Twitter that he and his wife, Rita Wilson, had tested positive for the coronavirus. Read more... More about Celebrities, Mashable Video, Tom Hanks, Coronavirus, and Covid 19",https://mashable.com/video/tom-hanks-rita-wilson-coronavirus/,https://mondrian.mashable.com/2020%252F03%252F12%252F28%252F66b02d96c52f4c488a09e20a214f6ff3.27b98.png%252F1200x630.png?signature=h9Pyzh05DDdoxjgjpBXPjnPSfdE=,2020-03-12T18:48:28Z,"Hanks posted a statement to Twitter that he and his wife, Rita Wilson, had tested positive for the  coronavirus."
12,"{'id': 'ars-technica', 'name': 'Ars Technica'}",Beth Mole,"COVID-19 is a pandemic, WHO declares","The disease and its spread are alarming—so is the level of inaction, WHO says.",https://arstechnica.com/science/2020/03/covid-19-is-a-pandemic-who-declares/,https://cdn.arstechnica.net/wp-content/uploads/2020/03/GettyImages-1206555086-760x380.jpg,2020-03-11T17:14:11Z,"Enlarge/ Geneva: WHO Director-General Tedros Adhanom Ghebreyesus announced on March 11, 2020 that the new coronavirus outbreak can now be characterized as a pandemic.
14 with 13 posters participating
COVID-19 is a pandemic, the World Health Organization declared in a press briefing Wednesday.
WHO Director-General Tedros Adhanom Ghebreyesus cited not just the leaping numbers of cases, deaths, and countries affected in making the determination but also the slow responses of many countries and governments.
We are deeply concerned both by the alarming levels of spread and severity, and by the alarming levels of inaction,"" WHO Director-General, who goes by Dr. Tedros, said.
As of Wednesday, there are over 121,000 cases and over 4,370 deaths in at least 114 countries and territories worldwide.
We expect to see the number of cases, the number of deaths, and the number of affected countries climb even higher, Dr. Tedros said. He urged countries to be prepared.
The declaration doesnt change WHOs response efforts or the recommendations already in place for countries, Dr. Tedros said. And it doesnt mean that containment is a lost cause, he emphasized. It would be a mistake to abandon the containment strategy for countries seeing few or no cases.
Rather, this should be seen as a trigger for more aggressive action and responses, Dr. Michael Ryan, executive director of WHOs Health Emergencies Program, added in the briefing. We need to focus on the job at hand, he said, referencing outbreak and emergency responses.
In the past weeks, Drs. Tedros and Ryan have bristled at reporters repeated questions about when or if a pandemic would be declared over the spread of the new coronavirus, SARS-CoV-2.
There has been so much attention on one word, Dr. Tedros said Wednesday. Its not a word to use lightly. But he gave us some other important terms to focus on: preparedness, public health, political leadership, and people. Were all in this together."
13,"{'id': 'ars-technica', 'name': 'Ars Technica'}",Timothy B. Lee,American Amazon warehouse worker gets COVID-19,"The Queens warehouse is operating again after a deep cleaning, Amazon says.",https://arstechnica.com/tech-policy/2020/03/american-amazon-warehouse-worker-gets-covid-19/,https://cdn.arstechnica.net/wp-content/uploads/2020/03/GettyImages-1136867717-760x380.jpg,2020-03-19T16:13:53Z,"9 with 9 posters participating
An Amazon worker at a warehouse in Queens, New York, has been infected by the coronavirus, Amazon acknowledged in an email to Ars Technica. ""We are supporting the individual who is now in quarantine,"" a spokesperson wrote.
This appears to be the first Amazon warehouse worker to contract the virus in the United States. Multiple workers have been diagnosed with COVID-19, the disease caused by the coronavirus, in Europe.
Amazon says that after learning about the infected worker, the company sent employees home with pay and performed a deep cleaning of the facility. The warehouse has now been re-opened.
""Were following all guidelines from local officials about the operations of our buildings,"" the spokesperson wrote. ""We have implemented proactive measures to protect employees including increased cleaning at all facilities, maintaining social distance, and adding distance between drivers and customers when making deliveries.""
The coronavirus pandemic has only increased the importance of Amazon to the American economy. As customers have grown fearful of catching the virus in brick-and-mortar stores, they've been placing more orders with Amazon. Amazon said this week that it plans to hire an extra 100,000 people to help cope with the surging demand.
However, there's a risk that more Amazon warehouse workers could catch the coronavirus.
Amazon says that it's taking a number of precautions to protect workers. The company says it is maintaining a three-foot separation between workers and has eliminated stand-up meetings during workers' shifts. The company has staggered break times and spread out the chairs in break rooms to minimize contact between employees.
Workers also have unlimited paid sick time through the end of the month, and Amazon says it's requiring workers to stay home if they feel unwell."
14,"{'id': 'abc-news', 'name': 'ABC News'}",Erin Schumaker,How Americans can prepare for coronavirus if it spreads here,"While scientists are working to contain coronavirus and come up with effective treatments, health experts say people can still prepare and guard against infection.",https://abcnews.go.com/Health/americans-prepare-coronavirus-spreads/story?id=69186419,https://s.abcnews.com/images/Health/coronavirus-travelers-03-gty-jef-200227_hpMain_16x9_992.jpg,2020-02-28T01:32:54Z,"The coronavirus, or COVID-19, has infected dozens of Americans and thousands more across the world.
While scientists are working to contain the outbreak and come up with effective treatments, health experts say people can still prepare and guard against infection. ABC News spoke with health experts to provide the latest information on how to stay safe as the disease spreads.
1. What are the symptoms?
Novel coronavirus can cause symptoms that range from mild to severe, including cough, fever and shortness of breath. Since the symptoms are similar to those of pneumonia, influenza and the common cold, only a diagnostic test can confirm whether an individual has coronavirus.
2. How is it transmitted?
The first cases of COVID-19 were believed to be linked to a live-animal market in China, but the virus has since been spreading from person to person.
Person-to-person transmission is mostly likely between people in close contact, about 6 feet. When a person infected with novel coronavirus sneezes or coughs, respiratory droplets could land on people nearby or could possibly be inhaled by those people.
While it's possible the virus could be transmitted by touching objects or surfaces contaminated with COVID-19, health experts don't currently believe that's primarily how it's transmitted.
3. I live in the United States. What should I do?
While there are no clusters of COVID-19 in the United States, the Centers for Disease Control and Prevention warned that Americans should prepare for transmission of the virus within some communities in the near future, potentially leading to a significant disruption in citizens' daily lives.
The CDC advises making a plan, telling schools and businesses to have systems in place for teleschooling and working remotely if face-to-face interactions must be restricted.
Dr. William Schaffner, medical director for the National Foundation for Infectious Diseases, suggested sitting down and outlining a plan for how your family might handle schools and businesses closing. Does an older relative take prescription medication? Now might be a good time to stockpile at least two weeks' worth.
Call schools and ask if there are plans for teleschooling. Figure out a childcare plan in the event schools close, and ask about teleworking options. Asking more questions now hopefully means asking fewer later.
For now, the CDC recommends Americans uphold proper flu season hygiene. Wash your hands often, stay home from work if you're sick and cough or sneeze into your elbow rather than your hand.
4. Should I wear a face mask?
Not unless you are the one who is sick.
The CDC doesnt currently recommend any healthy person wear a mask and doctors warn fiddling with putting on and taking off a mask could backfire by exposing your hands to your face.
""Surgical masks fit rather loosely around the face and are not constructed, nor thick enough, to prevent infection,"" Schaffner said.
While they could have a modest benefit, any protection they provide is likely more psychological than scientific. N-95 masks, which hospitals use, are expensive and aren't easy to wear, meaning they're not a practical option for everyday use. As health officials have noted, masks should be reserved for the health care workers, not the general public.
""The other thing a mask can do is give you a false sense of security, and that's not helpful,"" said Dr. Michael Merson, a visiting professor at NYU's School of Global Public Health and a professor at Duke University. Masks work better at preventing people who are coughing and sneezing from spreading respiratory droplets and infecting others, but ""those people who are sick should probably be at home anyway.""
Kristen Curley, owner of Nitro-Pac, grabs some rubber protective gloves at Nitro-Pak in Midway, Utah, Feb. 27, 2020.
Kristen Curley, owner of Nitro-Pac, grabs some rubber protective gloves at Nitro-Pak in Midway, Utah, Feb. 27, 2020.George Frey/Reuters
5. Should I be tested for the virus?
It's probably not up to you.
While the CDC is trying to roll out testing capabilities to states, we're not at that point. If you have symptoms, such as a cough or fever, but no travel history to an outbreak area, you could go to a clinic and have a rapid test done to rule out more common viruses, such as influenza, Merson advised.
If you have traveled to an area with local transmission or have been in close contact with someone who has been exposed to the virus, and develop symptoms, your health care provider can work with the local health department to determine whether you should be tested for COVID-19. Few people are expected to fall into that category.
6. Should I cancel my upcoming trip to Europe or Asia?
That depends. How risk averse are you?
The U.S. State Department provides travel advisories that include up-to-date recommendations about which countries have reported cases of COVID-19 and how widespread disease transmissions have been. The situation is fluid and rapidly evolving, so you should check back often and use that information to inform what's essentially a personal decision.
In addition to considering whether the country in question has seen a significant influx of COVID-19 cases, think about the situation on ground. Has travel within the country been disrupted? How would you feel about the potential of being quarantined upon your return to the United States? If it's a work trip, would the situation on the ground make it difficult to be productive?
The answer may be different for different people. Schaffner, for example, noted that Italy is a big country and that he would feel comfortable traveling to Rome, since the epicenter of Italy's COVID-19 outbreak has is clustered in the northern part of the country. His wife, on the other hand, would not.
""She doesn't have that risk tolerance,"" he said.
A man wearing a mask, following the coronavirus outbreak, walks in Porto Alegre, Brazil, Feb. 27, 2020.
A man wearing a mask, following the coronavirus outbreak, walks in Porto Alegre, Brazil, Feb. 27, 2020.Diego Vara/Reuters
7. Do quarantines work?
""The short answer is apparently, yes, and better than we thought,"" Schaffner said.
After China imposed strict quarantine and lockdown measures in hard-hit Hubei province, new cases of COVID-19 appeared to decline, Schaffner explained.
It's too soon to know the full effect of that quarantine, which is essentially an unprecedented public health experiment. And imposing strict quarantine measures on an entire community may not be replicable outside of China.
""Try doing that in New York,"" Schaffner added. ""Ain't gonna happen.""
8. Will the outbreak turn into a pandemic?
The World Health organization defines a pandemic as ""the worldwide spread of a new disease,"" and with clusters of COVID-19 in countries around the world, including extensive transmission in a number of them, we're certainly on the precipice of that reality.
For the United States, more transmissions in more countries raises the possibility that there will be similar local transmission of the virus here.
""A lot of us have been sitting back and watching this from a distant place,"" Schaffner noted, adding that the game has changed in recent days. He cautioned against ""running around like a chicken with its head cut off,"" and recommended thinking ahead. A large increase in cases in your community could mean school closures or other changes to your routine.
""Be prudent and be prepared to participate as much as you can in social distancing when that becomes the order of the day,"" he said. If health authorities advise against mass gatherings, for example, don't make a fuss. Widespread transmission is making threat of a pandemic more real.
""It shouldn't panic you,"" Schaffner said. ""But it should get your attention.""
Passengers walk while wearing protective masks, as a preventive measure regarding the COVID-19 virus, at Jorge Chavez International Airport, in Lima, Feb. 27, 2020.
Passengers walk while wearing protective masks, as a preventive measure regarding the COVID-19 virus, at Jorge Chavez International Airport, in Lima, Feb. 27, 2020.Ernesto Benavides/AFP via Getty Images
9. How concerned should I be -- how does COVID-19 compare to the flu?
Concerned enough to pay attention. Stay on top of CDC updates and guidance, as well as from state and local health departments. Take the time to sit down and plan for what you'll do if local transmission of the virus occurs in your city.
Even the experts aren't completely sure what's going to happen.
""It's hard,"" said Dr. Stanley Perlman, a professor of microbiology and immunology at the University of Iowa, who described receiving a text message from his son earlier in the day that asked whether he should stock up on canned goods.
""I would be included not to,"" Perlman said. ""We know from other cases that it actually tends to make things worse, because people stock up and then we don't have anything.""
COVID-19 appears to be more fatal than the flu, with COVID-19's fatality rate believed to be around 2%, while the flu's fatality rate is less than 1%. Compared to past coronaviruses, such as SARS and MERS, however, most COVID-19 cases are mild.
""For most people, it's going to mean no disease or a mild illness,"" Merson said. Unfortunately, that mildness could also explain why COVID-19 is spreading more rapidly than highly fatal diseases do. HIV, for example, ""was very fatal, but hard to transmit,"" he added.
10. Is there a vaccine or treatment for COVID-19? 
No. There are trials underway in China and elsewhere, but because the virus is new, there's no approved treatment for COVID-19 and a vaccine is likely more than a year away."
15,"{'id': 'mashable', 'name': 'Mashable'}",Anna Iovine,Trump's coronavirus advice is literally the opposite of what he's doing,"A surprise White House press conference Saturday offered plenty of coronavirus news: The U.S. travel ban will be extended to the UK and Ireland, domestic travel may be restricted, and the president has taken a coronavirus test (result currently unknown). But …",https://mashable.com/article/trump-coronavirus-press-conference-social-distancing/,https://mondrian.mashable.com/2020%252F03%252F14%252F1f%252F700fe86e26554bebb140a1e3aac11179.1e5f9.png%252F1200x630.png?signature=9ixZ9At16IYMOfHs5NZV_CxkDr4=,2020-03-14T17:12:01Z,"A surprise White House press conference Saturday offered plenty of coronavirus news: The U.S. travel ban will be extended to the UK and Ireland, domestic travel may be restricted, and the president has taken a coronavirus test (result currently unknown). But most notable is the gap between what Trump is saying and doing. 
On Saturday morning, Trump tweeted the phrase ""social distancing,"" a measure recommended by the World Health Organization recommends to prevent the spread of COVID-19. Aside from staying at home as much as possible, it involves giving yourself at least three feet of distance from others in public. 
You would assume that this tweet means Trump is advising the practice for the American people and would follow it himself. Right?
Wrong.
Hours after typing that tweet with his hopefully well-washed fingers, Trump appeared in the cramped confines of the White House press room (which is even smaller than it looks on TV), closely surrounded by members of his administration and journalists.
Cool cool cool cool cool.
Image: AFP via Getty Images
Trump was in front of the podium for around fifteen minutes, dropping several telling bits of information. One of them being that he was tested for coronavirus himself last night, which comes directly after his doctor said he did not need to be tested. 
Trump said he did not know the test results yet. But don't worry, he reassured those in the room by saying he, like everyone else who had entered, has his temperature taken. (Symptoms of the virus can include fever, but also may not be present in an infected person for many days.) 
But it isn't just the lack of social distancing; it's also the handshaking. When asked about the fact that he was still shaking hands at yesterday's press conference, Trump said it was out of a habit that politicians have.
Trump and Vice President Mike Pence revealed further developments on how the administration is handling the spread. Effective midnight Monday, the United States will suspend all travel from the UK and Ireland, adding to the list of countries currently barred from travel. Trump remarked that domestic restrictions could be next, but what that means remains to be seen.
After weeks of relative inaction, the Trump administration has spent the past few days rapidly changing course. Only time will tell what the next move is and, more importantly, whether it will actually be effective in this crisis."
16,"{'id': 'mashable', 'name': 'Mashable'}",Anna Iovine,Sex toy sales are skyrocketing because of social distancing,"Read more... {""player"":{""description"":""Love in the time of quarantine."",""image"":""https://mondrian.mashable.com/uploads%252Fvideo_uploaders%252Fdistribution_thumb%252Fimage%252F94601%252F0a63e81c-d2ce-4859-9ebd-9985201714be.png%252F930x520.png?signature=BAn-VI…",https://mashable.com/article/sex-toy-sales-coronavirus/,https://mondrian.mashable.com/2020%252F03%252F25%252F04%252Fca288c6ebc634c3fb51519ea274273f0.030c3.jpg%252F1200x630.jpg?signature=S2Gkotqe7NMJcyRZRlJtFMkUTig=,2020-03-25T20:38:01Z,"The weeks of social distancing are dragging on. We see our friends on Zoom, and treat our Hinge matches like we're in some Austenian courtship. 
After a while, though, video chats and sexts just don't cut it. Many of us turn to masturbating to not only to relieve our newfound horniness (even for a brief time), but also just to give us something to do. Even New York City knows that: In the city government's handout about having sex
 during this time, it says that, ""You are your safest sex partner.""
Given endless boredom and loneliness and New York City's blessing, we are buying sex toys. Lots of sex toys so much so that the industry is booming. 
Sex toy site Adam &amp; Eve, which claims to be the #1 adult toy superstore, has seen a sales spike of over 30% each day for the past week (over numbers from 2019), according to their spokesperson. Some top-sellers include the Satisfyer Pro 2 vibrator, Adam &amp; Eve's g-spot vibrator, and Adam &amp; Eve's rabbit vibrator.  
SEE ALSO: Coronavirus anxiety has exes sliding into the DMs
The spike may not just be from singles, either. In fact, another one of the site's top sellers right now are couple rings. We all have more time on our hands, including couples quarantining together so more the opportunity to buy a new sex toy. Adam &amp; Eve's resident sex therapist, Dr. Jenni Skyler gave Mashable three tips for couples during this time: make a short term list of goals; enlist a daily check-in; and to actually have sex.
It's not just superstores seeing a sales bump from self-isolation, either. 
From the first week of March to the second, Emojibator
 saw a 225 percent increase in overall sales (which includes wholesale, Amazon, and online stores), and a 345 percent increase in online store sales alone. They also sold out two of their signature toys, the original Eggplant Emojibator and their dual clitoral-suction vibrator The Chickie.
""The demand for our products have skyrocketed this past week, in part due to everyone stocking up on their favorite stay-at-home activities with Coronamania,"" said Emojibator co-founder and CMO Kristin Fretz in an emailed statement. Before people in the U.S. began to self-quarantine, they already felt the coronavirus impact in terms of longer shipment wait times, but they were able to restock without significant delays. 
""Exploring your pleasure is really a great way to feel alive during this strange time.""
Dame Products reported a 30 percent increase in sales since February, seeing spikes in certain major cities like New York and Los Angeles. ""So many aspects of our daily life that make us feel human are not accessible right now,"" Alexandra Fine, CEO and co-founder of Dame, told Mashable. ""Exploring your pleasure is really a great way to feel alive during this strange time. More pleasure means better sleep, less stress, and overall improved wellbeing."" 
To keep up with demand, Emojibator will debut limited-edition styles for their toys in the upcoming weeks. Fretz said, ""With the same brand of shame-free wellness our brand was built on, we have been encouraging customers to stay in for a night of self-love to help avoid the pandemic! 
SEE ALSO: The best relationship apps for couples
Fine said that starting today, Dame will donate one percent of its sales to the Food Bank of New York to aid those in need at this time. ""While our special brand of 'in-home entertainment' is proving to be quite popular at the moment,"" she said, ""we know theres much more we can do to help people weather this storm."""
17,"{'id': 'mashable', 'name': 'Mashable'}",Jack Morse,Jack Dorsey invites you to follow along via Google Docs as he spends $1 billion,"Jack Dorsey has officially thrown his hat in the rich-person-fighting-COVID-19 ring. Dorsey, the CEO of both Twitter and Square, announced on Tuesday that he will transfer a significant portion of his equity in the latter company to an LLC. The stated goal of…",https://mashable.com/article/jack-dorsey-square-1-billion-covid-relief/,https://mondrian.mashable.com/2020%252F04%252F07%252Fd3%252F31c0e7b0a2394dc7af94e0d3fa7f0da0.26c42.jpg%252F1200x630.jpg?signature=vZC0pTPaqk2jcxajRX64L1TQ4qA=,2020-04-07T21:48:49Z,"Jack Dorsey has officially thrown his hat in the rich-person-fighting-COVID-19 ring. 
Dorsey, the CEO of both Twitter and Square, announced on Tuesday that he will transfer a significant portion of his equity in the latter company to an LLC. The stated goal of that LLC, at least initially, will be responding to the havoc wrought by the coronavirus pandemic.  
""I'm moving $1B of my Square equity (~28% of my wealth) to #startsmall LLC to fund global COVID-19 relief,"" wrote the CEO. ""After we disarm this pandemic, the focus will shift to girls' health and education, and UBI."" 
Im moving $1B of my Square equity (~28% of my wealth) to #startsmall LLC to fund global COVID-19 relief. After we disarm this pandemic, the focus will shift to girls health and education, and UBI. It will operate transparently, all flows tracked here: https://t.co/hVkUczDQmz
 jack (@jack) April 7, 2020
Notably, the CEO invited everyone to follow along at home via shared Google Doc. At the time of this writing, the document suggests that $100,000 was given to America's Food Fund on April 2 though the ""link"" field, presumably where proof of the transfer will live, was blank. 
Image: screenshot / google doc
We attempted to reach Dorsey in order to determine both the timeline of the transfer and who will oversee the Start Small fund, but Square declined to comment on those questions. 
""Per the spreadsheet Jack shared in his tweets, you can see transfers and donations already,"" wrote Aaron Zamost, Square's head of communications and policy, over email. ""We'll decline to comment on other procedural details at this time."" 
The CEO did provide some additional, albeit limited, insight into the Start Small LLC, however. 
""Why is #startsmall a LLC,"" he wrote. ""This segments and dedicates my shares to these causes, and provides flexibility. Grants will be made from Start Small Foundation or the LLC directly based on the beneficiary org.""
Why is #startsmall a LLC? This segments and dedicates my shares to these causes, and provides flexibility. Grants will be made from Start Small Foundation or the LLC directly based on the beneficiary org. All transfers, sales, and grants will be made public in tracking sheet.
 jack (@jack) April 7, 2020
Notably, moving his equity to an LLC and not, say, an established 501(c)(3) non-profit allows Dorsey an added level of control over how the funds are allocated. It follows in the footsteps of Mark Zuckerberg, who in 2015 pledged to ""give"" 99 percent of his Facebook shares to an LLC of his creation over the course of his life. 
Why pull just from Square and not Twitter? Simply: I own a lot more Square. And Ill need to pace the sales over some time. The impact this money will have should benefit both companies over the long-term because its helping the people we want to serve.
 jack (@jack) April 7, 2020
""The needs are increasingly urgent, and I want to see the impact in my lifetime,"" wrote Dorsey of his decision. ""I hope this inspires others to do something similar. Life is too short, so let's do everything we can today to help people now."" 
So bookmark that Google Doc and buckle in for the cash-filled ride. Hopefully it's not a long one."
18,"{'id': 'cnn', 'name': 'CNN'}",,Rare access to hospital coping with surge of Covid-19 patients,A video from The New York Times gives a glimpse inside one of the hardest hit hospitals in the epicenter of the coronavirus outbreak in the United States.,https://www.cnn.com/videos/us/2020/03/26/coronavirus-inside-hospital-er-new-york-elmhurst-nyt-orig-mg.cnn,https://cdn.cnn.com/cnnnext/dam/assets/200326033413-elmhurst-hospital-new-york-13-deaths-super-tease.jpg,2020-03-26T20:35:05Z,Chat with us in Facebook Messenger. Find out what's happening in the world as it unfolds.
19,"{'id': 'cnn', 'name': 'CNN'}",,Doctor exposed to Covid-19 joins fight for possible treatment drug,"CNN's Senior Medical Correspondent Elizabeth Cohen speaks to Dr. Brian Garibaldi, a participant in a clinical trial testing a possible treatment drug for the novel coronavirus.",https://www.cnn.com/videos/health/2020/03/26/doctor-clinical-trial-coronavirus-drugs-cohen-dnt-lead-vpx.cnn,https://cdn.cnn.com/cnnnext/dam/assets/200326170302-doctor-coronavirus-super-tease.jpg,2020-03-26T21:16:35Z,Chat with us in Facebook Messenger. Find out what's happening in the world as it unfolds.
