,source,author,title,description,url,urlToImage,publishedAt,content
0,"{'id': 'engadget', 'name': 'Engadget'}",Igor Bonifacic,Google makes Hangouts Meet features free in the wake of coronavirus,"With no end in sight yet when it comes to the ongoing coronavirus outbreak, Google says it wants to make it easier for people to work remotely. Starting this week through to July 1st, the company's G Suite and G Suite for Education customers can use Hangouts …",https://www.engadget.com/2020/03/03/google-makes-hangouts-meet-features-free-in-the-wake-of-coronavirus/,https://o.aolcdn.com/images/dims?thumbnail=1200%2C630&quality=80&image_uri=https%3A%2F%2Fo.aolcdn.com%2Fimages%2Fdims%3Fresize%3D2000%252C2000%252Cshrink%26image_uri%3Dhttps%253A%252F%252Fs.yimg.com%252Fos%252Fcreatr-uploaded-images%252F2020-03%252F9c8e5de0-5d89-11ea-a7ab-30101f89a989%26client%3Da1acac3e1b3290917d92%26signature%3D24fdec36f2196d39ebf0a37ffdea42dd191ee09f&client=amp-blogside-v2&signature=4cdf420b5730b981590cfa37acdad4ad313cc3b1,2020-03-03T20:21:00Z,"At least part of the decision to extend the functionality of Hangouts Meet comes out of recent usage stats Google has seen in places where there's a good reason for people to stay home. In Hong Kong and Vietnam, the company says it's noticed ""hundreds of thousands"" of students use its Hangouts Meet and Classroom apps to keep up with their classes while schools are closed. The move should also help the company keep up with competitors like Zoom, which have seen the usage of their apps jump due to the crisis.
We want to help businesses and schools impacted by COVID-19 stay connected: starting this week, we'll roll out free access to our advanced Hangouts Meet video-conferencing capabilities through July 1, 2020 to all G Suite customers globally. https://t.co/OWWF7s5jjR
— Sundar Pichai (@sundarpichai) March 3, 2020
""As more employees, educators, and students work remotely in response to the spread of COVID-19, we want to do our part to help them stay connected and productive,"" Google said. ""We're committed to supporting our users and customers during this challenging time, and are continuing to scale our infrastructure to support greater Hangouts Meet demand, ensuring streamlined, reliable access to the service throughout this period.""
Since the disease started spreading, COVID-19 has had numerous effects on the tech industry, with conferences being one of the more visible casualties. Earlier this week, for instance, Google announced it will hold its upcoming Cloud Next conference virtually, instead of asking people to attend the event in person."
1,"{'id': 'cnn', 'name': 'CNN'}","Gina Yu, CNN","How smoking, vaping and drug use might increase risks from Covid-19","Earlier this month, the US Centers for Disease Control and Prevention updated its Covid-19 recommendations to specifically target older adults and people with serious underlying medical conditions. They labeled this group as ""higher risk.""",https://www.cnn.com/2020/03/20/health/coronavirus-vaping-drugs/index.html,https://cdn.cnn.com/cnnnext/dam/assets/200318031150-02-coronavirus-testing-united-states-0316-super-tease.jpg,2020-03-20T11:31:46Z,"(CNN)Earlier this month, the US Centers for Disease Control and Prevention updated its Covid-19 recommendations to specifically target older adults and people with serious underlying medical conditions. They labeled this group as ""higher risk."" 
However, another group of people could be particularly vulnerable to Covid-19 and hasn't received as much attention: people who smoke, vape or have substance use disorders. 
""[T]he research community should be alert to the possibility that [Covid-19] could hit some populations with substance use disorders particularly hard,"" Dr. Nora Volkow, director of the National Institute on Drug Abuse wrote in a blog post published last week. 
Because Covid-19 attacks the lungs, those who smoke tobacco or marijuana or who vape may be especially threatened, Volkow said. 
""When someone's lungs are exposed to flu or other infections the adverse effects of smoking or vaping are much more serious than among people who do not smoke or vape,"" Stanton Glantz, professor of medicine and director of the Center for Tobacco Research Control &amp; Education at University of California, San Francisco, wrote in a blog post updated Tuesday.
""Vaping affects your lungs at every level. It affects the immune function in your nasal cavity by affecting cilia which push foreign things out...[T]he ability of your upper airways to clear viruses is compromised,"" Glantz said in a phone interview.
The CDC reported on Wednesday that young adults under age 44 make up a big part of Covid-19 hospitalizations in the US, and Glantz questions whether the vaping epidemic might have contributed to this.
""Some of my pulmonary [colleagues] have noted people under 30 [with Covid-19] ending up in hospitals and a couple were vapors,"" Glantz said. However, he said, there hasn't been enough research or evidence to support whether there's a link.
People who smoke are generally at an increased risk of serious complications, such as acute respiratory distress syndrome, when they have a severe infection.
The odds of a Covid-19 case becoming more severe -- and at the most extreme, leading to death -- were 14 times higher among people who had a history of smoking compared to those who did not smoke, Glantz said, citing a study from China published in the peer-reviewed Chinese Medical Journal in February. The study also found those with a history of smoking had a 14% higher risk of developing pneumonia. 
Concerns about other drugs
Besides smoking and e-cigarettes, Volkow wrote that people who abuse opioids and methamphetamine may be at risk for serious complications of Covid-19 because of the effects these drugs have on respiratory and pulmonary health.
Opioids slow breathing and have already been shown to increase mortality in people with respiratory diseases, according to Volkow. ""[T]hus diminished lung capacity from COVID-19 could similarly endanger this population,"" she said.
Methamphetamine has been shown to produce significant pulmonary damage since it binds heavily to pulmonary tissue, Volkow explained in a phone interview. This will likely increase the risk of negative outcomes if used during a Covid-19 infection. 
People with substance use disorders also rely on treatment that traditionally involves human interaction, such as therapy sessions or methadone clinics, which will be challenging in the setting of wide-spread social distancing, according to Dr. Allison Lin, assistant professor in psychiatry and the addiction center at the University of Michigan.
Lin said it's important for everyone to quit smoking due to its unknown -- but potentially serious -- effects on Covid-19 patients. This is particularly important for people with substance use disorders since they are more likely to smoke, she said.
For everyone infected with Covid-19, one thing people can do now to reduce the risk of serious illness is quitting smoking, according to Glantz. 
""At a time when people are looking to reduce risk, it's very sensible to stop insulting your lungs,"" he said.
CNN's Faith Karimi contributed to this report"
2,"{'id': 'cnn', 'name': 'CNN'}",,'I got a little cocky:' Chris Cuomo on his fight against Covid,CNN's Chris Cuomo speaks with Dr. Sanjay Gupta about the guidelines for when people may end their isolation after they have tested positive for coronavirus.,https://www.cnn.com/videos/media/2020/04/15/cuomo-symptoms-update-gupta-sot-cpt-vpx.cnn,https://cdn.cnn.com/cnnnext/dam/assets/200414212023-cuomo-sanjay-split-super-tease.jpg,2020-04-15T02:31:18Z,Chat with us in Facebook Messenger. Find out what's happening in the world as it unfolds.
3,"{'id': 'cnn', 'name': 'CNN'}",,W. Kamau Bell: People can't trust the federal government on Covid-19,W. Kamau Bell and Pastor Mike McBride team up to raise money for humanitarian efforts in the black community as an alarming rate of Black Americans die from coronavirus.,https://www.cnn.com/videos/us/2020/04/08/black-americans-coronavirus-w-kamau-bell-sot-newday-vpx.cnn,https://cdn.cnn.com/cnnnext/dam/assets/200408100610-w-kamau-bell-sot-super-tease.jpg,2020-04-08T14:24:14Z,Chat with us in Facebook Messenger. Find out what's happening in the world as it unfolds.
4,"{'id': 'cnn', 'name': 'CNN'}",Opinion by Luma Mufleh,Opinion: How to smooth the transition to learning at home during the Covid-19 lockdown,"While the shutdown of routine daily life, including the closure of schools due to the Covid-19 outbreak, is like nothing most of us have ever experienced, I can't help feeling a little bit of déjà vu, writes Luma Mufleh.",https://www.cnn.com/2020/04/04/opinions/homeschooling-education-fun-coronvirus-mufleh/index.html,https://cdn.cnn.com/cnnnext/dam/assets/200316032045-03-homeschooling-coronavirus-super-tease.jpg,2020-04-05T01:42:55Z,"Luma Mufleh is the founder of Fugees Family, a non-profit that works with child refugees and their families. In 2017, she was distinguished as CNN Hero of the Year. The opinions expressed in this commentary belong to the author. View more opinion articles on CNN.
 (CNN)While the shutdown of routine daily life, including the closure of schools due to the Covid-19 outbreak, is like nothing most of us have ever experienced, I can't help feeling a little bit of déjà vu. 
When I was 15 and living in what was then my home in Aman, Jordan, my school closed for three months during the 1990-1991 Persian Gulf War. I was terrified. Even though we were living through a war Jordan had sided with Iraq it was hard for me to imagine that it would come to this; school closures, not being able to see friends and constant worry about what would happen next. 
Today, I lead schools for refugee children in grades six to 12 near Atlanta, Georgia, and in Columbus, Ohio. And, as you can imagine, this isn't the first time my students have faced disruptions in their education. So, while I know this is tough for families I'm a mom to three young children myself parents should take comfort in knowing that kids are resilient, and we will get through this. 
I do think there are steps we can take, though, to ensure we do so as smoothly as possible.
Prioritize mental and physical health
First, I think it's important to remember that families' mental and physical health needs to be our top priority. Kids can't learn if they're hungry or sick. I know from working with my students at Fugees Academy schools that we can help kids catch up academically. But overcoming trauma and families will face trauma in the current environment will take more time.
We need to make sure those who are food insecure or facing urgent health care needs are getting access to meals and services. Communities that have activated their bus routes to deliver meals to those in need are setting a great example. And we need to ensure everyone is taking the time to exercise, get outdoors safely and connect by calling, texting and using social media tools. 
For example, the teachers at Fugees Academy schools are having morning check-ins using the Zoom videoconference service with 10 to 15 students at a time. Each day, they pose a question to their students to try to spark a conversation that will help them process their feelings. One of the questions we ask is, ""What are you afraid of?"" This lets us know if there are families in crisis that we need to try to help.
Time to bridge the digital divide
It's vital to be honest about the fact that connecting this way means ensuring all students have access to the internet and computer devices, which is not the reality for many kids. A Pew Research Center analysis of 2015 US Census Bureau data showed that 15% of households with school-age children do not have a high-speed internet connection at home. The center's analysis also found that 12% of teens in the country do not have a computer at home, adding to the burden of what has come to be known as the ""homework gap.""
At our tuition-free independent schools, we've made computers available to our students. Thankfully, internet providers in our communities are giving free service to those in need at this time. That should happen broadly, and any government relief efforts around the current crisis ought to tackle bridging the digital divide.
Build routine and support teachers
It's not by chance we're having our teachers check in with students at 10 a.m. every day. Kids need routine and structure, and we've generally asked them to make 10 a.m. to 2 p.m. traditional learning time with breaks for lunch and exercise. 
Schools and school systems need to support teachers, who are being asked to do something entirely new. We first took a week for teacher training and then put class structures in place using tools like Zoom, ClassDojo and Google Classroom. We're being creative about using a private Facebook group to run soccer practices remotely. We can't debate who gets the corner kick, but we can run sprint drills and practice pushups and burpees together. We're also using the group for yoga classes and dance parties!
 Greater accountability and flexibility
While we're trying to make this version of school fun for our students, we're letting them know we're holding them accountable. I know some school systems are saying the semester will be graded on a pass/fail basis, but we want to motivate kids to try hard and have decided to give grades but be flexible on how we assess student work.
We're taking care to assign homework that's manageable. Without access to a teacher in person, it probably doesn't make sense to assign problem sets that are going to have kids getting stuck or spinning their wheels. 
As I mentioned, I'm a mom to three kids, ages 1, 4 and 5 a lot younger than the students who attend Fugees Academy schools. My wife, Emily, and I are only asking our pre-K and kindergarten daughters to do about an hour's worth of academic work each day. But that doesn't mean we're not sneaking in learning when we plant a garden and space out the plants or bake a cake and measure the ingredients. 
And while this is a great time to try activities you might not ordinarily have time to do, it's important to stick with routines and traditions. That's why we still have Friday family movie nights, focusing on funny and uplifting films. Olaf, from ""Frozen,"" had us all giggling last week. Humor is such a help.
Perspective is critical, too. We'll get through this. I know firsthand that it can be hard to keep perspective at times like this. But I'm hopeful we'll come out of it for the better having kept a close eye on the most vulnerable among us, a clear-eyed view of the need for greater equity in our education system, a deep appreciation for our schools and teachers and great love for our family and friends."
5,"{'id': 'cnn', 'name': 'CNN'}",,Mom on daughter: She died in my arms from Covid-19,"Zenobia Shepherd remembers her 27-year-old daughter, Leilani, who kept working her job at a grocery store because she wanted to help people, but ultimately died after contracting Covid-19.",https://www.cnn.com/videos/us/2020/04/08/zenobia-shepherd-intv-leilani-grocery-store-covid-19-died-in-arms-sot-newday-vpx.cnn,https://cdn.cnn.com/cnnnext/dam/assets/200408083802-leilani-super-tease.jpg,2020-04-08T12:41:29Z,Chat with us in Facebook Messenger. Find out what's happening in the world as it unfolds.
6,"{'id': 'cnn', 'name': 'CNN'}","Michael Nedelman, CNN","Study: Covid-19 cases in Santa Clara, California, may be 85 times higher than reported","Far more people may have been infected with Covid-19 than have been confirmed by health officials in Santa Clara County, California, according to a study released Friday in preprint.",https://www.cnn.com/2020/04/17/health/santa-clara-coronavirus-infections-study/index.html,https://cdn.cnn.com/cnnnext/dam/assets/200417163356-01-santa-clara-coronavirus-infections-study-super-tease.jpeg,2020-04-17T23:43:11Z,"(CNN)Far more people may have been infected with Covid-19 than have been confirmed by health officials in Santa Clara County, California, according to a study released Friday in preprint.
The study used an antibody blood test to estimate how many people had been infected with Covid-19 in the past. Other tests, like those performed with nasal swabs or saliva, test for the virus' genetic material, which does not persist long after recovery, as antibodies do.
""We found that there are many, many unidentified cases of people having Covid infection that were never identified with it with a virus test,"" said Dr. Jay Bhattacharya, a professor of medicine at Stanford University and one of the paper's authors. ""It's consistent with findings from around the world that this disease, this epidemic is further along than we thought.""
The study estimated that 2.49% to 4.16% of people in Santa Clara Country had been infected with Covid-19 by April 1. This represents between 48,000 and 81,000 people, which is 50 to 85 times what county officials recorded by that date: 956 confirmed cases.
A preprint study is a draft version of a study released to the public that hasn't been peer-reviewed for publication in a journal. CNN has reached out to the Santa Clara County Public Health Department for comment.
Similar efforts to estimate local antibody prevalence have launched in places like Miami-Dade County, Florida; San Miguel County, Colorado; and Los Angeles, California. The National Institutes of Health has a similar effort underway as well.
Bhattacharya said information from these studies will not only give researchers a better idea on antibody prevalence, but they will also vastly improve projections and disease modeling. Experts have said it's clear there have been more people infected than we've tested for, but it's unclear how much higher that number could be.
""All of the projection models have this as an input: how many people have been infected today,"" Bhattacharya said.
""It just helps us plan better,"" he added. ""Before, we were making policy in the dark.""
The research may also give a more realistic sense of how deadly the virus really is.
""If I get the infection, how likely is it I'm going to die? That number depends on knowing how many people have had the infection -- not just actively have it now, but have had it and recovered from it,"" Bhattacharya said. 
If 50 times more people have had the infection, the death rate could drop by that same factor, putting it ""somewhere between 'little worse than the flu' to 'twice as bad as the flu' in terms of case fatality rate,"" Bhattacharya said. 
But he cautioned that the flu and coronavirus are still quite different. For one, we don't yet have a vaccine for Covid-19.
Doctors suspect, though, and are still trying to prove beyond a doubt, that antibodies to Covid-19 mean one is immune down the line.
The study in Santa Clara County recruited participants largely using Facebook ads targeted by zip code to sample various parts of the community. The study tested 3,330 adults and children.
""They had about five different tents set up and you just kind of drove through and they pricked your finger, took a blood sample and took down your information,"" one of those participants, Tony Huston, told CNN Chief Medical Correspondent Dr. Sanjay Gupta on his podcast, ""Coronavirus: Fact vs. Fiction.""
""I think it's human nature to want to know if you've had it or if you have the antibodies,"" Huston said."
7,"{'id': 'cnn', 'name': 'CNN'}",,Why the Covid-19 death rate in Germany is so low,"While Germany has some of the highest confirmed Covid-19 cases in the world, the death rate remains fairly low. CNN's Fred Pleitgen reports on Germany's response to the outbreak.",https://www.cnn.com/videos/world/2020/03/26/germany-coronavirus-covid-19-low-death-rate-pleitgen-pkg-intl-hnk-vpx.cnn,https://cdn.cnn.com/cnnnext/dam/assets/200320110722-coronavirus-test-center-germany-0314-super-tease.jpg,2020-03-26T06:58:21Z,Chat with us in Facebook Messenger. Find out what's happening in the world as it unfolds.
8,"{'id': 'cnn', 'name': 'CNN'}","Sandra Gonzalez, CNN","Adam Schlesinger, Fountains of Wayne singer, dead at 52 from Covid-19","Adam Schlesinger, the co-founder of pop-rock band Fountains of Wayne and an Oscar-nominated songwriter, has died from complications related to coronavirus. He was 52.",https://www.cnn.com/2020/04/01/entertainment/adam-schlesinger-dead/index.html,https://cdn.cnn.com/cnnnext/dam/assets/200401163346-adam-schlesinger-super-tease.jpg,2020-04-02T00:03:23Z,"(CNN)Adam Schlesinger, the co-founder of pop-rock band Fountains of Wayne and an Oscar-nominated songwriter, has died from complications related to coronavirus. He was 52. 
""As many of you are aware, Adam had been hospitalized with Covid-19 and although he had been making some small improvements over the last few days, Adam's condition was critical and he was ultimately unable to recover from Covid-19 complications,"" read a statement from the band's attorney, provided to CNN. ""He was truly a prolific talent and even more so, a loving and devoted father, son and friend."" 
It added: ""We are terribly sorry to convey this loss."" 
Schlesinger's band, which was co-founded with Chris Collingwood, was best known for its 2003 hit ""Stacy's Mom,"" a humorous track about a young boy who has a crush on his friend's mother. The song was nominated for a Grammy Award. 
But Schlesinger had success before that as a songwriter. He co-wrote the title track to the 1996 Tom Hanks film ""That Thing You Do,"" and received Oscar and Golden Globe nominations for his work. 
After success with Fountains of Wayne, Schlesinger continued to branch out, earning Tony nominations for his work on the musical ""Cry-Baby"" and numerous Emmy nominations for other work, which included collaborations with Stephen Colbert and ""Sesame Street."" 
He won an Emmy last year for a song he co-wrote for CW's ""Crazy Ex-Girlfriend,"" a show for which he wrote more than 100 songs and earned several nominations over the years. 
Schlesinger was hospitalized this week. 
A statement from his family, released by Collingwood via Twitter, confirmed Schlesinger was diagnosed with Covid-19. Schlesinger was put on a ventilator and sedated ""to facilitate his recovery."" 
""He is receiving excellent care, his condition is improving and we are cautiously optimistic,"" the statement said. ""His family appreciates all of the love and support."" 
News of his illness prompted an outpouring of well wishes from the music industry and beyond, as did word of his passing. 
""I am grasping for the right words. My dear friend Adam Schlesinger has passed away from Covid-19,"" wrote Dashboard Confessional singer Chris Carrabba on Twitter. ""I knew him best as a mentor, and a friend."" 
He added: ""We must take this seriously. People are sick and dying. It is hard to stay locked indoors but lives will be saved. Take care of each other. Rest In Peace, my dear friend.""
Schlesinger was writing the lyrics and music for a new theater production with comedian Sarah Silverman at the time of his death, the attorney's statement added. 
Schlesinger was survived by his two daughters, Sadie and Claire, his life partner Alexis Morley, his parents Barbara and Stephen Schlesinger and his sister Lauren, according to the statement."
9,"{'id': 'cnn', 'name': 'CNN'}",,Expert warns this city could be the next Covid-19 hotbed,"The infection control specialist who sounded the alarm about failures on the Diamond Princess cruise ship warns Tokyo could become ""the next New York"" if the Japanese capital does not make drastic changes to its coronavirus strategy. CNN's Will Ripley reports.",https://www.cnn.com/videos/world/2020/04/03/tokyo-japan-coronavirus-covid-19-pandemic-hotbed-shinzo-abe-ripley-pkg-intl-ldn-vpx.cnn,https://cdn.cnn.com/cnnnext/dam/assets/200403102147-tokyo-japan-coronavirus-covid-19-pandemic-hotbed-shinzo-abe-ripley-pkg-intl-ldn-vpx-00003723-super-tease.jpg,2020-04-03T09:28:12Z,Chat with us in Facebook Messenger. Find out what's happening in the world as it unfolds.
10,"{'id': 'cnn', 'name': 'CNN'}","Amanda Jackson, CNN",Here's how hospitals are celebrating when a Covid-19 patient is released,"For over two weeks, a woman in Texas laid in a hospital bed fighting for her life after testing positive for the coronavirus.",https://www.cnn.com/2020/04/12/health/covid-19-patient-released-celebration-trnd-wellness/index.html,https://cdn.cnn.com/cnnnext/dam/assets/200409231313-hospitals-celebrating-super-tease.jpg,2020-04-12T12:01:03Z,"(CNN)For over two weeks, a woman in Texas laid in a hospital bed fighting for her life after testing positive for the coronavirus. 
She spent 10 days on a ventilator to help her breathe. But she fought the virus and was released from the Austin hospital after 16 days. 
To celebrate her recovery, staff at St. David's South Austin Medical Center lined the halls and cheered for her as she was being discharged.
Scenes like this are occurring at hospitals across the nation symbolizing hope in such a dark time.
At Mount Sinai Hospital in New York, the song ""Here Comes the Sun"" by The Beatles plays over the speaker system every time a Covid-19 patient is discharged, according to a hospital official.
""Little darling, the smile's returning to their faces,"" the lyrics for the song read. ""Little darling, it seems like years since it's been here.""
New York is one of the major epicenters for the American coronavirus outbreak with more than 181,000 confirmed cases and at least 8,650 deaths.
Another New York hospital, this one in Hudson Valley, is also using music to bring a little joy to medical staff and patients who are battling the pandemic. Orange County Executive Steve Neuhaus told a local radio show that the song ""Don't Stop Believin'"" by Journey plays when a Covid-19 patient is released.
Other hospitals, just like in Austin, are lining the hallways and sending off their released patients with claps and cheers. In Arkansas, a veteran, who staff named their ""first miracle patient,"" waved to staff as he was greeted with signs of encouragement and applause as he was being escorted to his family waiting outside of the hospital.
The Intensive Care Staff at Yale New Haven Hospital Saint Raphael Campus in Connecticut cheered, clapped and held signs of encouragement for a patient that was being transferred out of the ICU and to a regular room.
Moments like these are being shared on social media and giving hope to others as the cases across the US top 530,000.
CNN's Arman Azad contributed to this report."
11,"{'id': 'cnn', 'name': 'CNN'}",,Chris Cuomo: I've lost 13 pounds in 3 days from Covid-19,CNN's Anderson Cooper and Dr. Sanjay Gupta speak to Chris Cuomo about his coronavirus symptoms and how he's been coping at home with the illness.,https://www.cnn.com/videos/media/2020/04/03/chris-cuomo-coronavirus-symptoms-cooper-gupta-intv-vpx.cnn,https://cdn.cnn.com/cnnnext/dam/assets/200402220834-cooper-gupta-cuomo-super-tease.jpg,2020-04-03T02:12:21Z,Chat with us in Facebook Messenger. Find out what's happening in the world as it unfolds.
12,"{'id': 'cnn', 'name': 'CNN'}","Ivana Kottasová, CNN",US model predicts higher Covid-19 death toll in UK. But British scientists are skeptical,"British scientists have pushed back against an influential new coronavirus model that predicts the UK will be the worst-hit European country, with a death toll from Covid-19 possibly much higher than previously thought.",https://www.cnn.com/2020/04/08/health/uk-death-toll-coronavirus-estimate-gbr-intl/index.html,https://cdn.cnn.com/cnnnext/dam/assets/200408113506-coronavirus-uk-0406-super-tease.jpg,2020-04-08T18:28:25Z,"London (CNN)British scientists have pushed back against an influential new coronavirus model that predicts the UK will be the worst-hit European country, with a death toll from Covid-19 possibly much higher than previously thought. 
The grim forecast came from the Institute for Health Metrics and Evaluation (IHME) at the University of Washington's School of Medicine in Seattle on Tuesday. It predicted 66,314 people would die of Covid-19 in the UK by early August. 
The British government's plan for tackling the epidemic has been largely informed by a study from the Imperial College London, which said that a lockdown and social distancing measures would -- hopefully -- limit the number of deaths to between 20,000 and 30,000.
But several high-profile scientists in the UK have already voiced their concerns over the IHME model. 
Professor Sylvia Richardson, of Cambridge University and the co-chair of the Royal Statistical Society Task Force on Covid-19, told the Science Media Centre theprojections are based on ""very strong assumptions about the way the epidemic will progress.""
She said the model was ""based mostly on using the experience in other countries to fit a smooth curve to the counts of deaths reported so far in the UK, rather than any modeling of the epidemic itself."" 
""Methods like this are well known for being extremely sensitive, and are likely to change dramatically as new information comes in,"" Richardson added.
Like most other countries, the UK has been racing to increase its healthcare capacity ahead of the predicted peak of the epidemic. A new field hospital in east London with a capacity of up to 5,000 beds, the NHS Nightingale, accepted its first patients on Wednesday. 
However, the IHME model suggests this might not be enough. It said the shortage of intensive care (ICU) beds would peak at 23,745 on April 17.
The IHME said the peak demand in the UK is expected to total 102,794 hospital beds, which compares to the 17,765 currently available. It added that 24,544 ICU beds will be needed, compared to the 799 beds it estimates will be available.
Professor David Spiegelhalter, who chairs the Winton Centre for Risk and Evidence Communication at University of Cambridge, told the Science Media Centre he was ""very skeptical"" of the projections. 
""[They] are based on assuming a rather simple mathematical model for the whole course of the epidemic,"" he said. ""I suspect they will change a lot as new data arrives -- we shall see.""
Epidemiological modeling is a tricky discipline, because it relies in part on assumptions. The models often need updating as more data comes in.
""The outputs of any model should not really be treated as a prediction of what is going to happen,"" said Dr. Simon Gubbins, head of the Transmission Biology Group at The Pirbright Institute in England. ""Rather they represent plausible scenarios, based on knowledge at the time they were generated and assumptions made in the model ... that can be used to help inform decisions of policy makers,"" he told the Science Media Centre.
The authors of the IHME forecast admit their model is highly uncertain, giving the range of possible deaths in the UK as between55,022 and 79,995.
This was the first time the IHME team published models for several European countries, including the UK. On Wednesday, the institute updated its US forecast, predicting 60,415 deaths in the country, significantly fewer than the 82,000 it predicted on Tuesday.
The researchers based their findings on models of the peak in death rates and hospital usage in Wuhan, the Chinese city which was the original epicenter of the outbreak, as well as data from seven European locations that have peaked, including the Spanish capital of Madrid and the Lombardy region in Italy.
They also factored in data from local and national governments, the World Health Organization and information on each country's social distancing policies.
CNN's Vasco Cotovio in London contributed to this report."
13,"{'id': 'cnn', 'name': 'CNN'}",,Avlon: Trump's mixed messages on Covid-19 can lead to 'whiplash',"CNN's John Avlon says the Trump administration is sending mixed messages on China's coronavirus response, praising the Chinese government one day, and slamming them the next.",https://www.cnn.com/videos/politics/2020/04/17/john-avlon-trump-china-mixed-messages-coronavirus-reality-check-newday-vpx.cnn,https://cdn.cnn.com/cnnnext/dam/assets/200416121934-01-trump-0415-super-tease.jpg,2020-04-17T13:02:49Z,Chat with us in Facebook Messenger. Find out what's happening in the world as it unfolds.
14,"{'id': 'abc-news', 'name': 'ABC News'}",Libby Cathey,"As stock market dives, White House officials defend Trump's response to CoVID-19","As the stock market continues on track for the sharpest weekly decline since 2008, President Donald Trump said ""like a miracle"" the new coronavirus ""will disappear.""",https://abcnews.go.com/Politics/stock-market-dives-white-house-defends-trumps-response/story?id=69281750,https://s.abcnews.com/images/US/trump-black-history-2-sh-rc-200228_hpMain_16x9_992.jpg,2020-02-28T17:01:24Z,"As the stock market on Friday continued to nosedive over CoVID-19 fears, the White House defended President Donald Trump's response to the new coronavirus as he and his supporters continued to downplay the threat and accuse Democrats and the news media of hyping the risk to weaken him politically.
Acting White House Chief of Staff Mick Mulvaney has a conversation with Stephen Moore, Distinguished Visiting Fellow for Project for Economic Growth at The Heritage Foundation, on stage at the Conservative Political Action Conference 2020 (CPAC) on Feb. 28, 2020, in National Harbor, MD.
Acting White House Chief of Staff Mick Mulvaney has a conversation with Stephen Moore, Distinguished Visiting Fellow for Project for Economic Growth at The Heritage Foundation, on stage at the Conservative Political Action Conference 2020 (CPAC) on Feb. 28, 2020, in National Harbor, MD.Samuel Corum/Getty Images
Acting White House Chief of Staff Mick Mulvaney, speaking at the Conservative Political Action Conference (CPAC) Friday morning, said it's likely U.S. schools might have to ""shut down"" and public transportation"" could likely be affected -- but only in an offhand comment about the virus not being ""a death sentence.""
Recounting how he had gotten a note from a reporter asking what hes going to do to calm the markets, he said he might tell people to turn off their televisions.
It is real? It absolutely is real, Mulvaney said while adding that 20 million Americans get the flu each year. This is not Ebola, OK? Its not SARS, its not MERS, he said, referring to Middle East Respiratory Syndrome, pointing to their high fatality rates.
Its not a death sentence, he said. Its much easier to get than Ebolabut this is something we know how to deal with.
Are you going to see some schools shut down? Probably. May you see impacts on public transportation? Sure. But we do this. We know how to handle this,"" he added.
Mulvaney said the administration visited the Capitol earlier this year, for briefings with health experts for the House and Senate, but few members showed up as Trump's Senate impeachment trial was underway.
We took extraordinary steps four of five weeks ago. Why didnt you hear about it? What was going on four or five weeks ago? Impeachment! Mulvaney said. And thats all the press wanted to talk about.
He also mentioned the travel restrictions against China Trump ordered over a month ago, in order to prevent the further outbreak, complaining that some Democrats complained the move was racist.
The press was covering their hoax of the day because they thought it might bring down the president, he said. The reason youre seeing so much attention to it today is that they think this is going to bring down the president.
Donald Trump Jr., the president's son, also speaking at CPAC and echoing comments made on Fox News, contended Democrats will take anything that they can use to try to hurt Trump.
Anything he does in a positive sensethey will not give him credit for, he said. The playbook is old at this point, but for them to try to take a pandemic and seemingly hope that it comes here, and kills millions of people so that they could end Donald Trump's streak of winning is a new level of sickness.
He also addressed the falling markets.
There's no question that the threat of coronavirus can destabilize the market, but the fact that the Democrats are seemingly hoping for this to happen, just like you've seen them over the last year, pray for a disaster to happen in the economy, meaning people lose their jobs, their mortgages, their livelihoods, so that they can own Trump somehow, is absolutely insane, he said.
Watching 50 percent of our U.S. government pray for that to collapse, pray for the destruction of those families and those jobs is truly a new low for Democrats that have been exceeding lows in an unprecedented fashion over the last few years, he said.
On Fox News, host Sean Hannity opened his program Thursday night saying, ""I can report the sky is absolutely falling. We're all doomed. The end is near. The apocalypse is imminent and you're going to die, all of you, in the next 48 hours and it's all President Trump's fault -- or at least that's what the media mob and the Democratic extreme radical Socialist Party would like you to think.""
President Trump Thursday evening said of the novel coronavirus, ""like a miracle, it will disappear"" but that ""nobody really knows.""
""It's like a miracle -- it will disappear,"" Trump said in an unscheduled gathering in the Cabinet room with members of the African American community. ""And from our shores, you know, it could get worse before it gets better. Could maybe go away. We'll see what happens. Nobody really knows.""
After introductions around the table, the president launched into a staunch defense of his administrations handling of coronavirus, while slamming the media and Democrats for bringing politics into the response.
I know politics, and you know, politics is fine, Trump said. But when it comes time to talk about pandemics or whatever you may want to call it, you got to get away from politics.
President Donald Trump talks with, left to right, Lynette 'Diamond' Hardaway, Rochelle 'Silk' Richardson, Terrence Williams and Angela Stanton-King during a news conference and meeting with African American supporters in the Cabinet Room at the White House on Feb. 27, 2020, in Washington.
President Donald Trump talks with, left to right, Lynette 'Diamond' Hardaway, Rochelle 'Silk' Richardson, Terrence Williams and Angela Stanton-King during a news conference and meeting with African American supporters in the Cabinet Room at the White House on Feb. 27, 2020, in Washington.Chip Somodevilla/Getty Images
He also gave his administration high marks, saying the response so far has been incredible.
If we're doing a great job, we should congratulate these professionals that are the best in the world. And you know what, if we were doing a bad job, we should also be criticized, but we have done an incredible job,"" he added.
Trump did not mention the stock market, which plunged for the fifth day in a row Friday, falling more than 800 points after the opening bell, but he said earlier in the week it ""will recover.""
African-American supporters, including Terrence Williams, Angela Stanton and Diamond and Silk, pray with President Donald Trump in the Cabinet Room of the White House, in Washington on Feb. 27, 2020.
African-American supporters, including Terrence Williams, Angela Stanton and Diamond and Silk, pray with President Donald Trump in the Cabinet Room of the White House, in Washington on Feb. 27, 2020.Leah Millis/Reuters
Shortly after, at another White House Black History month event, Health and Human Services Secretary Alex Azar touted Trump's decision to close U.S. borders to travelers from China and other nations, saying ""it has kept America safe"" and ""bought us time.""
""The president really deserves incredible credit because he got on this within days and weeks of learning from China about this and took action that people attacked him for,"" Azar said. ""People attacked him for these actions on controlling our borders and quarantining people that has kept America safe. It has bought us time, so thank you, Mr. President.""
Vice President Mike Pence, who held a photo op with Azar Thursday to publicly show he was taking the lead in the administration effort, was headed to Florida Friday to deliver remarks to make a political speech at the Club for Growths annual conference in West Palm Beach and later speak at a GOP fundraiser for House Republicans in Sarasota, Florida.
While there are no confirmed cases in Florida so far, the vice president scheduled a meeting in between the political events with Republican Gov. Ron DeSantis.
House members on Friday morning assembled on Capitol Hill for a closed briefing on the novel coronavirus from Dr. Anthony Fauci, the director of the National Institute of Allergy and Infectious Diseases at the National Institutes of Health (NIAID), and other administration officials and federal health professionals.
Sources told ABC News on Thursday that all statements to the public, including those from officials with the Centers for Disease Control to Health and Human Services, must first be cleared through the vice president's office.
Critics say that has the potential for the White House to censor information.
But lawmakers in the House briefing said Dr. Fauci told them he had not been put under a gag order.
Testifying before the House Foreign Affairs Committee Friday morning, Secretary of State Mike Pompeo was pressed by House Democrats for both the admin's response to the novel coronavirus outbreak -- though the original reason for the hearing was to address the killing of Iranian Gen. Qassem Soleimani more than two months ago.
Asked about the administration's proposed cuts to the global health budget, Pompeo said with a smile, ""We'll have plenty of money.""
Democrats jumped in to say the administration's lost credibility and sent mixed messages on the COVID-19 oubtreak, at first prompting Pompeo to push back that the hearing was supposed to be about Iran.
Rep. David Cicilline, a Rhode Island Democrat, accused the administration of a ""blatant disregard for facts,"" saying it's left the American people unsure of whom to trust. Rep. Ted Deutch, D-Fla., condemned what he called a ""pattern"" of ""misinformation""-- pointing to Trump's statements on vaccines and warm weather.
""This impacts everyone in America -- and it's more important than politics Mr. Secretary. The administration must do better,"" he said.
Several Republicans pushed back against the Democrats in the room, with Rep. Lee Zeldin, R-N.Y., calling their behavior an ""embarrassment"" and the hearing a ""joke."" Rep. Chris Smith, R-N.J. said they were ""out of hand"" and he was ""deeply angry"" at them.
On the COVID-19 outbreak, Pompeo said the U.S. has reached out to Iran and through its partners to offer U.S. assistance.
ABC News' Liz Alesse, Megan Hughes, Conor Finnegan and John Parkinson contributed to this report."
15,"{'id': 'engadget', 'name': 'Engadget'}",Chris Ip,Google and Apple detail privacy measures ahead of coronavirus tracking tests,"Apple and Google have detailed the latest privacy protections for their ambitious COVID-19 tracking collaboration via a series of technical documents on their cryptography, API and Bluetooth specifications.Namely, Bluetooth metadata — sometimes containing sma…",https://www.engadget.com/google-apple-coronavirus-bluetooth-privacy-161522455.html,https://o.aolcdn.com/images/dims?resize=1200%2C630&crop=1200%2C630%2C0%2C0&quality=80&image_uri=https%3A%2F%2Fs.yimg.com%2Fos%2Fcreatr-uploaded-images%2F2020-04%2Fcc83a9a0-8639-11ea-bdbf-5a4f339aa527&client=amp-blogside-v2&signature=4f1ad621d68a77b47fea5801136fff06e3e0117b,2020-04-24T16:15:22Z,"Convincing the public of the project’s privacy is crucial as this form of contact tracing essentially requires the majority of a population to opt in to having their every person-to-person encounter logged via smartphone. When up and running, the system will allow Android and iOS users to be notified if they’ve been exposed to someone with COVID-19 — if that other person has also opted into being tracked by Bluetooth. Perhaps the need to win the public’s trust is also part of the thinking behind the companies’ new shift to calling their system “exposure notification” instead of “contact tracing.”
The rollout of this system will come in phases.Google and Apple are targeting a pre-release for public-health app developers as soon as next week. This wouldn’t mean the functionality is available to users yet. But it would mean that developers can start to test the seed version of the OS update supporting their new APIs. Apple and Google noted new functions in the API would allow developers to decide for themselves how physically close two phones would have to be to register an interaction, as well as for how long.
Public health authorities, such as the UK’s National Health Service, are ultimately going to create the apps that users will download and opt into, not Apple and Google. A full launch of the API is still slated for mid-May, which will allow for broader testing and the ultimate launch of health authority apps. The next phase will be adding interfaces directly into Android and iOS to allow users to activate and disable beaconing on a system-wide level. This, the companies say, will take months.
These are all still the early stages of developinga mammoth infrastructure to help countries trace the spread of COVID-19, paving the way to a reopening of society.
Matt Brian contributed to this report."
16,"{'id': 'engadget', 'name': 'Engadget'}",Christine Fisher,"Instacart is hiring another 250,000 grocery shoppers","Despite worker protests and claims that COVID-19 safety gear isn’t available yet, Instacart is still seeing a surge in customer demand. With order volume up 500 percent year-over-year and the average customer basket size increasing by 35 percent, Instacart an…",https://www.engadget.com/instacart-hires-250000-shoppers-adds-safeguards-170056608.html,https://o.aolcdn.com/images/dims?resize=1200%2C630&crop=1200%2C630%2C0%2C0&quality=80&image_uri=https%3A%2F%2Fs.yimg.com%2Fos%2Fcreatr-images%2F2020-04%2Fb0a7f900-8569-11ea-b477-69d85613385f&client=amp-blogside-v2&signature=ef49165de2dc817223eeb48d3cb4f4003a740ad6,2020-04-23T17:00:56Z,"Instacart promises it’s doing more to support its workforce. To log into the app, workers will have to take a daily wellness check. If they confirm symptoms of COVID-19, including fever, cough or difficulty breathing, they’ll be logged off for the day and told to contact their physician. Independent contractors (known as “full-service” shoppers) and part-time employees (in-store shoppers, shift leads and site managers) who are diagnosed with COVID-19 or forced to quarantine will still receive up to 14 days of financial assistance.
Chances are these measures won’t appease workers who went on strike a few weeks ago. Instacart tried to avoid the demonstration by making a few concessions, but shoppers said those didn’t go far enough. They pointed out that there’s still no sick pay for workers who stay home due to health conditions that put them at a high risk and that the company failed to address demands for hazard pay.
Shoppers also criticized Instacart for not providing hand sanitizer fast enough. Just a few days ago, many shoppers said they still hadn’t received the promised safety gear.
In its announcement today, Instacart promised in-store shoppers, shift leads and site managers will continue to receive bonuses ranging from $25 to $200 -- but that appears to leave out full-service shoppers. Instacart is also making it possible to request “health and safety” kits with masks and hand sanitizer from the Instacart Shopper app.
Instacart will continue offering a contactless delivery option. The company has also expanded its Costco pharmacy deliveries nationwide. It’s working on a “first available shopper” option to expedite deliveries, and it now lets customers order up to two weeks ahead, instead of one.
Of course, Instacart isn’t alone in its struggle to provide worker protections and meet a growing demand for grocery delivery. Nearly all online grocery delivery services are facing unprecedented stress and having their vulnerabilities exposed."
17,"{'id': 'cnn', 'name': 'CNN'}",,Meet retail workers on the frontlines of this pandemic,Working from home isn't an option for many retail workers across the country who risk exposure to Covid-19. CNN asked them to share their stories with us. Here's what they told us.,https://www.cnn.com/videos/business/2020/03/25/retail-workers-coronavirus-impact-stories-orig.cnn-business,https://cdn.cnn.com/cnnnext/dam/assets/200319101420-08-grocery-store-shortages-coronavirus-super-tease.jpg,2020-03-26T03:10:17Z,Chat with us in Facebook Messenger. Find out what's happening in the world as it unfolds.
18,"{'id': 'cnn', 'name': 'CNN'}",,Councilman chews out city leaders over coronavirus response,Lake Worth Beach city commissioner Omari Hardy had some choice words for the mayor and city manager after dozens of residents had their power shut off while staying indoors during the Covid-19 coronavirus pandemic.,https://www.cnn.com/videos/us/2020/03/24/florida-city-commissioner-mayor-confrontation-covid19-response-eg-orig.cnn,https://cdn.cnn.com/cnnnext/dam/assets/200323203629-florida-official-mayor-confrontation-1-super-tease.jpg,2020-03-24T00:53:35Z,Chat with us in Facebook Messenger. Find out what's happening in the world as it unfolds.
19,"{'id': 'cnn', 'name': 'CNN'}",,Overview: What $2 trillion stimulus bill will cover,CNN's Julia Chatterley discusses what the $2 trillion stimulus bill the White House and Senate struck a historic deal over to help the economy during the Covid-19 pandemic.,https://www.cnn.com/videos/politics/2020/03/25/stimulus-bill-individuals-businesses-overview-chatterley-lklv-newday-vpx.cnn,https://cdn.cnn.com/cnnnext/dam/assets/200323105230-capitol-hill-coronavirus-relief-bill-0320-super-tease.jpg,2020-03-25T11:37:34Z,Chat with us in Facebook Messenger. Find out what's happening in the world as it unfolds.
