,source,author,title,description,url,urlToImage,publishedAt,content
0,"{'id': 'reuters', 'name': 'Reuters'}",Reuters Editorial,Ireland announces second death from COVID-19,"A second patient has died of the COVID-19 virus in Ireland and the total number of confirmed cases in the country has increased to 129 from 90, the country's Chief Medical Officer Tony Holohan told journalists on Saturday.",https://www.reuters.com/article/us-health-coronavirus-ireland-toll-idUSKBN2110ZK,https://s4.reutersmedia.net/resources_v2/images/rcom-default.png,2020-03-14T18:19:52Z,"DUBLIN (Reuters) - A second patient has died of the COVID-19 virus in Ireland and the total number of confirmed cases in the country has increased to 129 from 90, the country’s Chief Medical Officer Tony Holohan told journalists on Saturday. 
Reporting by Conor Humphries; Editing by Catherine Evans"
1,"{'id': 'engadget', 'name': 'Engadget'}",Igor Bonifacic,Musicians on Spotify can add fundraising links to their profiles,"Spotify is introducing a new feature to help musicians make it through the coronavirus pandemic. The next time you visit an artist’s profile page, you may see a link that will let you donate money to help them out. You’ll find these “Fundraising Picks” next t…",https://www.engadget.com/spotify-artist-fundraising-pick-170108598.html,https://o.aolcdn.com/images/dims?resize=1200%2C630&crop=1200%2C630%2C0%2C0&quality=80&image_uri=https%3A%2F%2Fs.yimg.com%2Fos%2Fcreatr-uploaded-images%2F2020-04%2Ff6297a60-84b2-11ea-b833-6297ab6c5e60&client=amp-blogside-v2&signature=084ad1876d85a7636184e9623308235351db48be,2020-04-22T17:01:08Z,"At the moment, it seems you'll only see the fundraising links on Spotify's mobile app; when I went to find them on desktop, they weren't there. In addition to raising money for themselves and their crews, musicians can also collect donations for organizations such as MusiCares and Help Musicians. Spotify has published a breakdown of best practices to help people get started. 
""Given the urgency and impact of the COVID-19 crisis, we're working as quickly as we can to develop this new product and get it out to as many artists as possible,"" the company said. ""However, we've never built a fundraising feature like this before. We consider this a first version that will evolve as we learn how to make it as helpful as possible for the music community.""
The feature addition follows the announcement of Spotify’s COVID-19 Music Relief project, which will see the company match donations dollar-for-dollar (up to a maximum of $10 million) to a group of verified organizations that are offering financial relief to artists and industry professional. How much the company’s latest feature will help musicians will depend on how much money people can afford to donate. The coronavirus pandemic has hurt the earning potential of a whole host of different people, not just creatives. Still, as with any situation, some help is better than no help at all."
2,"{'id': 'engadget', 'name': 'Engadget'}",Steve Dent,Apple is rejecting coronavirus apps to limit virus misinformation,"Apple and Google are taking measures to prevent the spread of coronavirus misinformation from apps, according to a report from CNBC. Apple, for one, is rejecting all coronavirus-related mobile apps that aren't from the government or official health organizati…",https://www.engadget.com/2020/03/06/apple-cracks-down-coronavirus-apps-misinformation/,https://o.aolcdn.com/images/dims?resize=1200%2C630&crop=1200%2C630%2C0%2C0&quality=80&image_uri=https%3A%2F%2Fo.aolcdn.com%2Fimages%2Fdims%3Fcrop%3D4384%252C2715%252C0%252C0%26quality%3D85%26format%3Djpg%26resize%3D1600%252C991%26image_uri%3Dhttps%253A%252F%252Fs.yimg.com%252Fos%252Fcreatr-images%252F2020-03%252F9c116c80-5f88-11ea-9bf7-0bbb8eec55f0%26client%3Da1acac3e1b3290917d92%26signature%3D998a5722efb120ee69801c650afa1cedc766061b&client=amp-blogside-v2&signature=1443d4d051df00358ee201575fc69f378f959d1b,2020-03-06T09:45:00Z,"Apple is manually evaluating apps, looking at both who the developers are and where they got their data from. As such, some independent developers that use World Health Organization (WHO) data are being rejected because they're not recognized health institutions. One developer told CNBC that Apple rejected its coronavirus-related app, saying that ""apps with information about current medical information need to be submitted by a recognized institution.""
Spent all day yesterday building a coronavirus app just to get this rejection pic.twitter.com/HSJxp0JERS
— Zachary Shakked (@zacharyshakked) March 4, 2020
Because of all that, search results on the App Store show few apps related to the virus. The top result is a Brazilian government app about the outbreak, along with a wallpaper app, a Plague Inc-like game, an app from the Canadian Broadcasting Corporation and a COVID-19 information app published by a medical developer.
A search on Google Play, by contrast, shows ""no results found for 'coronavirus',"" with the same message on a search for COVID-19. Google has yet to comment (we've reached out), but does have policies against apps that ""lack reasonable sensitivity towards or capitalize on a natural disaster, atrocity, conflict, death, or other tragic events"" or ""profit from a tragic event with no discernible benefit to the victims.""
Google did publish a website called ""Coronavirus: Stay informed,"" with a list including apps from the Red Cross, Center for Disease Control (CDC) news organizations and Twitter(!). However, that page doesn't come up in a Play Store search for coronavirus.
Google doesn't seem to be completely banning independent apps with coronavirus info, CNBC notes. A top Android app called Corona 100m that maps COVID-19 (the diseased caused by the coronavirus) in South Korea is still available, for example.
Technology companies have been fairly proactive about fighting coronavirus misinformation. Facebook and Google are removing false coronavirus content (including bogus cures), and Facebooks is running free WHO ads to counter inaccuracies. Twitter has also banned coronavirus misinformation and Pinterest created a custom search experience to ensure users get reliable information. However, scams, cures and gouging still abound. Amazon in particular is trying to stay on top of product listings that claim to provide coronavirus cures, or are massively overcharging for hand sanitizer, face masks and other health-related items."
3,"{'id': 'mashable', 'name': 'Mashable'}",Emmet Smith,"This device looks like a WiFi router, but it actually helps doctors monitor coronavirus patients remotely","Emerald, a wireless device that infers people's vital signs by wireless analyzing their surrounding environment, can help doctors treat COVID-19 patients from a safe distance. 
Developed by MIT professor Dina Katabi and her team at CSAIL, the device already i…",https://mashable.com/video/emerald-mit-remote-monitor-coronavirus/,https://mondrian.mashable.com/2020%252F04%252F28%252F08%252F3a8a10ade0e849a2afe29b2bf86fd86c.f9358.jpg%252F1200x630.jpg?signature=t3yW2WC-6y0vKzhm-9buWHcrQzI=,2020-04-28T15:31:40Z,"Emerald, a wireless device that infers people's vital signs by wireless analyzing their surrounding environment, can help doctors treat COVID-19 patients from a safe distance. 
Developed by MIT professor Dina Katabi and her team at CSAIL, the device already in use in several hospital and assistive-care facilities in the Boston area."
4,"{'id': 'business-insider', 'name': 'Business Insider'}",Sinéad Baker,"A dog got put in coronavirus quarantine after testing a 'weak positive,' despite there being no evidence pets can get infected","A pet dog was quarantined in Hong Kong after testing positive for a low level of the coronavirus, even though it shows no symptoms. Hong Kong health officials and the World Health Organization both say there is no evidence that pets like cats and dogs can be …",https://www.businessinsider.com/coronavirus-dog-isolated-test-no-sign-animals-can-be-infected-2020-2,https://i.insider.com/5e58e3d6fee23d13f32441e3?width=1200&format=jpeg,2020-02-28T11:07:33Z,"A pet dog has been quarantined in Hong Kong after testing positive for a low level of the coronavirus, even though officials say that there is no evidence that pets can get infected or can spread the virus to humans.
The dog was quarantined in an animal center after getting a ""weak positive"" result in a test for the disease COVID-19.
However, the dog has not shown any symptoms of the virus, a spokesman for Hong Kong's Agriculture, Fisheries and Conservation Department (AFCD) said on Friday.
The spokesman said the dog belongs to a patient infected with the virus.
A low level of the virus was found in the dog's nasal and oral cavities, and officials will now run more tests to see if the dog is actually sick.
The other possibility is that the test results are the result of ""environmental contamination of the dog's mouth and nose.""
A woman wears a mask while carrying a dog in the street on January 22, 2020 in Wuhan, Hubei province, China.
Getty Images
The dog will be tested multiple times and ""will only be returned when the test result is negative.""
Dr Chuang Shuk-kwan, the head of the communicable disease branch of Hong Kong's Centre for Health Protection, said that health authorities would review the entire list of confirmed infected patients in the city and determine if any had pets that would needed to be tested, Hong Kong's South China Morning Post reported. 
But both Hong Kong officials and global health experts say that there is no evidence to suggest pets can get infected or can spread the virus to humans.
The spokesman said on Friday: ""At present, the AFCD does not have evidence that pet animals can be infected with COVID-19 virus or can be a source of infection to people.""
The World Health Organization also said: ""At present, there is no evidence that companion animals/pets such as dogs or cats can be infected with the new coronavirus.""
A woman pushes a stroller with two dogs wearing masks along a street in Shanghai on February 19, 2020.
NOEL CELIS/AFP via Getty Images
The AFCD said that the dog in question is the only dog quarantined at a facility in a Hong Kong port, and that ""staff of the department will step up cleansing and disinfection of the animal keeping facility.""
The statement said that pet owners should ""maintain a good habit of hygiene, and wash their hands thoroughly with soap or alcohol sanitizer after contacting pets. Pet owners shall wear masks while going out.""
""If there are any changes in the health condition of the pets, advice from veterinarians should be sought as soon as possible.""
Some regions have started taking action against the animals despite health officials stating that there is not evidence that cats and dogs can infect humans.
Reuters reported that authorities in Moscow, Russia, have rounded up stray animals and exterminated rats in a bid to stop the virus from spreading. Animal rights groups have criticized the move.
Health workers in protective gear walk as they evacuate residents from a public housing building outside Hong Mei House, at Cheung Hong Estate in Hong Kong.
Tyrone Siu/Reuters
In the Chinese city of Wuhan, where the virus originated, some people have been putting masks on their dogs.
The city of around 11 million people has been under lockdown for more than a month. Thousands of pets there have been abandoned because their owners are quarantined or unable to return to the city.
Some volunteer groups are breaking into apartments to feed pets at their owners' requests, but they say they are overwhelmed by the number of pets in the city.
Wild animals have also been killed by the disinfectant used to fight the coronavirus."
5,"{'id': 'business-insider', 'name': 'Business Insider'}",Gina Heeb,The Trump administration considers using 1950s-era law to ramp up production of masks and protective gear as coronavirus spreads,"The US could invoke a 1950s-era law that would allow the government to ramp up the production of gear to combat the spread of the coronavirus. The White House is exploring the potential use of the Defense Production Act to do so, a senior administration offic…",https://markets.businessinsider.com/news/stocks/trump-considers-law-ramp-up-mask-production-coronavirus-production-act-2020-2-1028950971,https://images.markets.businessinsider.com/image/5e596b66fee23d1b2e2431c4-2400/ap20058768850032.jpg,2020-02-28T19:48:08Z,"AP Photo/Andrew Harnik)
<ul><li>The US could invoke a 1950s-era law that would allow the government to ramp up the production of gear to combat the spread of the coronavirus. </li><li>The White House is exploring the potential use of the Defense Production Act to do so, a senior administration official and a congressional aide familiar with the matter said Friday.  </li><li>""A lot of things are under discussion,"" the administration official told Business Insider, speaking on the condition of anonymity to discuss internal deliberations. </li><li>Visit the Business Insider homepage for more stories.</li></ul>
The US could invoke a 1950s-era law that would allow the government to ramp up the production of gear to combat the spread of the coronavirus, a senior administration official and a congressional aide familiar with the matter said Friday.  
The Trump administration is exploring the potential use of the Defense Production Act to increase the domestic availability of protective masks and clothing, according to the officials, but no final decision has been made. 
""A lot of things are under discussion,"" the administration official told Business Insider, speaking on the condition of anonymity to discuss internal deliberations. 
The proposal to invoke the law, which was first reported by Reuters, gives the president the broad authority over industrial output in the name of national security. 
It comes days after the Centers for Disease Control warned the respiratory illness COVID-19 would almost certainly hit communities in the US. The novel coronavirus has spread outside of its epicenter in China to more than four dozen countries, raising concerns among governments and health officials about the potential for a pandemic. 
The White House referred questions on the proposal to the office of Vice President Mike Pence, who was tapped on Wednesday to lead the government response to the coronavirus outbreak. A spokesperson at the Department of Health and Human Services said it would ""not comment on internal deliberations."" The Department of Homeland Security declined to comment.
The Defense Production Act, which was passed in response to the Korean War, authorizes the president to take actions to ""force private industry to give priority to defense and homeland security contracts and to allocate the resources needed,"" according to the Congressional Research Service. 
It could be implemented through company contract requirements and various financial measures including loans and purchase commitments. The rapid spread of COVID-19 has prompted nations to roll out restrictions on travel and commerce, raising concerns about disruptions to supply chains and broader business operations. 
Honeywell International, one of the largest producers of face masks, said it has experienced a surge in demand for protective gear in recent weeks and that it was open to coordination with the US government. 
""We are increasing production at multiple facilities globally to address the growing demand,"" a spokesperson said in a statement to Business Insider. ""We are ready and willing to partner with the US government to support national response efforts."" 
Congressional appropriators plan to soon unveil an emergency funding to address the coronavirus outbreak. The White House initially requested a $2.5 billion package that diverted some money from other federal accounts, but Trump has since signaled he was open to the $8 billion Democrats said was necessary. 
HHS Secretary Alex Azar told Congress on Tuesday the nation may need 300 million N95 masks, used by health workers with direct exposure to airborne infections. The government currently has about 30 million of the respirators in an emergency stockpile, he said."
6,"{'id': 'ars-technica', 'name': 'Ars Technica'}",Dan Goodin,Many supposedly grass-roots reopen sites are tied to one pro-gun lobbyist,"Sites protesting the COVID-19 lockdown are an astroturf campaign, researchers say.",https://arstechnica.com/information-technology/2020/04/many-supposedly-grass-roots-reopen-sites-are-tied-to-one-pro-gun-lobbyist/,https://cdn.arstechnica.net/wp-content/uploads/2020/04/reopen-pa-760x380.jpg,2020-04-24T10:00:19Z,"1 with 1 posters participating
Over the past month, seemingly spontaneous protest sites have popped up throughout the country that advocate for an end to lockdowns various states have mandated in an attempt to curb the spread of the coronavirus. Now, security researchers have tied much of this seemingly grass-roots activity to a single person.
Aaron Dorr is a well-known activist and lobbyist who has long been known for his advocacy of firearms ownership. Over a five-hour span on April 8, he registered six domainsreopenohio.com, reopenpa.com, reopenmn.com, reopeniowa.com, reopenwyoming.com, and reopenmissouri.comand nine days later purchased reopentxnow.com.
He and his brothers then used a variety of state-specific Facebook groups, which according the the Des Moines Register have a total of more than 200,000 followers, to drive massive amounts of traffic to the newly registered addresses. In turn, the domains redirected visitors to a host of state-specific gun advocacy sites, such as Iowa Gun Owners. Each gun ownership site used a different organization name and prominently displayed banners decrying the lockdowns in their respective states.
The various groups seemed loosely affiliated and seem to be run by different people in each state, but tie back to a Mr. Aaron Dorr, researchers with Internet analysis tool provider DomainTools wrote in an analysis published on Friday. As we looked further we would find that this is more of a small groups astroturfing effort.
At least 13 of the firearms coalition sites are maintained with website tools provided by One Click Politics, which describes itself as a nonpartisan online advocacy site. The tools allow a single person to create and manage content, run email campaigns, and raise money on multiple sites. All of the sites also use the WordPress content management system that are set up in a similar manner and often carry almost identical language. Although the sites domain registrants were obscured through a proxy service, it appeared all of the sites were run by the same person or entity.
Then the DomainTools researchers found something else. The site at iowagunowners.org, a domain that was registered in 2007, listed a contact phone number that was included in an Iowa state lobbyist report completed by Dorr. The researchers also discovered that historical HTTPS certificates for all of the sites referenced Dorrs personal site, as well as gun coalitions in other states.
Another similarity among the gun ownership sites: they all use a donate button provided by Anedot, a donation site for churches, charities and non-profit organizations. Almost all of the configurations for the buttons are identical.
We can say that these initial domains and the campaign behind them are definitely a small group-run astroturfing effort and that the Dorrs plan to continue operating these nation-wide campaigns, the DomainTools report said.
Friday's report came four days after KrebsOnSecurity also linked several of the sites to Dorr. Reporter Brian Krebs said that at least two of the gun ownership sites included the same Google Analytics tracker in their source code. The same tracker was present on reopentexasnow.com, reopenwi.com, reopeniowa.com and several anti-gun control sites registered to the Dorr brothers.
Dorr declined to answer questions for this post or to provide a statement. A text message he sent me contained a link the the previously mentioned Des Moines Register article. The article quotes Dorr saying: This virus has claimed the lives of (0.002%) of the states population, while sending over 160,000 Iowans into horrific financial devastation. Our members asked for a vehicle with which to make their voices heard, and we are happy to give them that voice."""
7,"{'id': 'engadget', 'name': 'Engadget'}",Jon Fingas,Dyson won't build ventilators for the UK after all,"Dyson’s plan to make ventilators for the UK during the COVID-19 pandemic is over almost as quickly as it began. The company has halted its efforts after the country told it the CoVent breathing devices are “not required,” according to a statement from founder…",https://www.engadget.com/dyson-halts-work-on-ventilators-170318440.html,https://o.aolcdn.com/images/dims?resize=1200%2C630&crop=1200%2C630%2C0%2C0&quality=80&image_uri=https%3A%2F%2Fs.yimg.com%2Fos%2Fcreatr-uploaded-images%2F2020-04%2Fd8a0f000-8646-11ea-ae27-0dd38cc5f64e&client=amp-blogside-v2&signature=ee8571fed88cde072c1d4a7ee117a24e86c00bf1,2020-04-24T17:03:18Z,"The pause comes after some reported drama surrounding Dyson’s late March announcement. Telegraphsources said that Dyson’s announcement had sparked “fury” in the Prime Minister’s office as it preempted plans to outline a strategy to boost the National Health Service’s capacity. Effectively, Dyson may have been “point-scoring” for publicity’s sake, promising a giant order even though it needed regulatory approval to move forward.
As Dyson said, this doesn’t mean CoVent is gone. Countries hit harder by COVID-19, such as the US, might still need it. And a lack of demand is clearly a good thing at a time when many are still worried that hospitals could be overwhelmed by coronavirus patients. However, the decision to put manufacturing on hold may hurt Dyson’s reputation. This comes just months after company scrapped its electric car project in the fall — it’s not having much success outside of core categories like vacuum cleaners and hair dryers."
8,"{'id': 'ars-technica', 'name': 'Ars Technica'}",Jonathan M. Gitlin,"Fox News hosts have measurable effect on COVID cases, study finds",Comparing Fox News hosts' shows effect of disinformation on COVID-19 deaths.,https://arstechnica.com/science/2020/04/fox-news-hosts-have-measurable-effect-on-covid-cases-study-finds/,https://cdn.arstechnica.net/wp-content/uploads/2020/04/hannity-this-is-fine-760x380.jpg,2020-04-22T18:29:57Z,"13 with 13 posters participating
One of the more frustrating aspects of the coronavirus pandemic has been the amount of disinformation swirling about. Much of this is politically motivated, perhaps unsurprising with the attention given to President Donald Trump's rambling, error-strewn press conferences. It may seem like commonsense that actively misleading the public during a national emergency has consequences, but now Fox News' two most-watched hosts have unwittingly performed a rather elegant experiment on their viewers that allows us to quantify that effect. The results are stark: greater exposure to Sean Hannity versus Tucker Carlson shows a measurable increase in the number of COVID-19 cases and deaths throughout March and early April.
Hannity and Carlson are Fox News' two biggest stars, each commanding around 4 million viewers for their respective evening shows (Hannity and Tucker Carlson Tonight). While often it can be hard to see daylight between their ideological pronouncements on-air, in early 2020, the two had markedly different lines on the coronavirus outbreak. Carlson began regularly covering the virus in January. During February, he did so with a growing sense of alarm that the United States could experience a heavy death tollthe same month that saw much inaction on the part of the federal government.By contrast, Hannity gave the virus almost no attention in February. And when he began to discuss the virus at the same frequency as Carlson during the first two weeks of March, it was to minimize the threat compared to the number of annual deaths attributable to car crashes, shootings, or seasonal influenza. Additionally, Hannity also accused the Democratic Party of exaggerating the threat as a way of attacking the president. However, by mid-March, Hannity changed his tune once President Trump declared COVID-19 a national emergency.
The study comes from a group of researchers led by the University of Chicago's Leonardo Bursztyn and uses survey data gathered in April from 1,045 regular viewers of Fox News (aged 55 and over) to examine the timing of behavioral changes in response to the viruswhen people began to cancel travel, isolate, increase the frequency of hand-washing, and so on.
The results are striking. Survey participants who preferred watching Carlson began changing their behavior on average three days earlier than other Fox News viewers. Meanwhile, participants who preferred Hannity acted much laterfive days after other Fox News viewers, and eight days after Carlson viewers.
Next, the authors examined the data at a more granular level to determine whether there were local differences in the rate of COVID-19 infections or deaths in areas that watched more Hannity versus Carlson. They found that:
[C]ontrolling for a rich set of county-level demographics (including the local market share of Fox News), greater local viewership of Hannity relative to Tucker Carlson Tonight is associated with a greater number of COVID-19 cases starting in early March and a greater number of deaths resulting from COVID-19 starting in mid-March. In a set of permutation tests across socio-economic, demographic, political, and health-related covariates, as well as across geographical fixed effects to account for unobservable factors, we show that the established relationship is highly robust. Indeed, the estimated effects of exposure become stronger as we control for more factors.
The study then goes on to tease out whether there could be another reason for this correlation. For instance, could local sunset times affect the data? (Or, as the paper explains, ""if people like to turn on their TVs to watch something when Hannity happens to be on instead of Tucker Carlson Tonight, the likelihood that viewers are shifted to watch Hannity is disproportionately large in areas where Fox News is popular in general."") But the effect remains. As viewership of Hannity increases compared to Carlson, there's a significant increase in COVID-19 cases in mid-March, which begins to decline later in the month as the two hosts' messages on coronavirus converge.
By this point, it's a safe assumption that some of you are screaming at your screens that the authors are idiots, because correlation isn't causation. But the study is well-controlled for other variablesfor example, how rural an area is, how far it is from Seattle, or differential rates of health insurancethat could affect the local spread of COVID-19. For example, geography or rates of health insurance or educational attainment at the county level could explain these results. On top of that, the study builds on previous (recent) work that has shown that there are partisan differences in how people respond to emergenciesareas that saw more votes for Trump have lower hurricane-evacuation rates, for example, as well as GPS data that shows less social distancing in areas that watch greater amounts of Fox News.
Whether Fox News planned to conduct this experiment or not, it does elegantly show that dis- or misinformation during a public health emergency costs lives."
9,"{'id': 'ars-technica', 'name': 'Ars Technica'}",Jonathan M. Gitlin,COVID-19 means truckers need facemask-aware driver monitoring systems,Driver distraction and drowsiness doesn't stop because of a pandemic.,https://arstechnica.com/cars/2020/04/covid-19-means-truckers-need-facemask-aware-driver-monitoring-systems/,https://cdn.arstechnica.net/wp-content/uploads/2020/04/Driver-Sense-with-mask-1-760x380.png,2020-04-21T14:48:01Z,"Enlarge/ A member of UK rave outfit Altern-8, or a driver not wearing his seatbelt? 
2 with 2 posters participating
After much political to-ing and fro-ing, it seems everyone is now on the same page: people should wear face masks in public while the coronavirus pandemic rages. A mask might not stop you from getting sick, but it may well prevent you from infecting other people. But what happens if you need to wear a face mask while operating a machine that depends upon seeing your face? I am of course referring to fleet drivers who drive vehicles with vision-based driver monitoring systems (DMSes), and the answer is ""you need to update your DMS to work with face masks."" Which is exactly what Israeli company Eyesight Technologies has done.
A lot of the focus on DMSes has been for passenger vehicles in relation to partly automated driver aids like GM's Super Cruise (which uses gaze-tracking to ensure the driver is looking at the road ahead as a condition for operation) or Tesla's Autopilot (which has been repeatedly criticized by federal safety agencies for failing to do the same).
But a DMS isn't just a good idea for a hands-free driving aid; people can and do get distracted in plain-old regular cars, too. Which is why automakers like Subaru and Mazda equip their vehicles with camera-based DMSes here in the US and abroad.Convincing individual drivers that a safety option is worth ticking when buying a new car is one thing, but like telematics that monitor a vehicle's health and its driver's behavior, it's a different story when we're talking about fleets of commercial vehicles. And it's this application that Eyesight's system is aimed at. It sells an aftermarket system called FleetSense that watches a number of facial features like a driver's mouth, eyes, eyelids, and head pose to detect when that driver isn't paying attention to the road or is falling asleep. But the algorithm doesn't like it when it can't recognize all those facial featureslike when someone is wearing a mask, for instance.
With the prospect of China restarting its economy in the coming months, the company has reworked its software so that a driver wearing a mask won't defeat the DMS, and it's beginning the process of rolling the updated software out to its clients, including one at the center of the pandemic. And maybe here in the US, too:
""Exsun is a telematics service provider in Wuhan, China supporting hundreds of thousands of trucks,"" Eyesight VP of product Tal Krzypow told me by email. ""They are a customer of Eyesight Technologies and will be rolling out Fleet Sense, our aftermarket driver monitoring system for fleets, in the coming months. We expect their drivers to continue wearing masks as the city gets back to work. We are working with similar telematic/ fleet service providers in the US. Unfortunately, we cannot mention them by name as they have not yet announced the news."""
10,"{'id': 'ars-technica', 'name': 'Ars Technica'}",Jon Brodkin,Trump admin. threatens to sue states that don’t lift pandemic orders,AG Barr says state orders for containing COVID-19 may violate Constitution.,https://arstechnica.com/tech-policy/2020/04/trump-admin-threatens-to-sue-states-that-dont-lift-pandemic-orders/,https://cdn.arstechnica.net/wp-content/uploads/2020/04/getty-barr-trump-760x380.jpg,2020-04-28T19:22:29Z,"Enlarge/ Attorney General William Barr speaks as US President Donald Trump listens during a Coronavirus Task Force news conference on Monday, March 23, 2020.
19 with 17 posters participating
The Trump administration is threatening to sue states and municipalities whose pandemic orders infringe on people's rights or cause ""undue interference with the national economy.""
""I am directing each of our United States Attorneys to also be on the lookout for state and local directives that could be violating the constitutional rights and civil liberties of individual citizens,"" US Attorney General William Barr wrote yesterday in a memo to all 94 US attorneys' offices. The Barr memo said that ""even in times of emergency, when reasonable and temporary restrictions are placed on rights, the First Amendment and federal statutory law prohibit discrimination against religious institutions and religious believers."" The memo is available at The Washington Post website.
Barr's memo is not just aimed at protecting members of religious groups. He continued:
The legal restrictions on state and local authority are not limited to discrimination against religious institutions and religious believers. For example, the Constitution also forbids, in certain circumstances, discrimination against disfavored speech and undue interference with the national economy. If a state or local ordinance crosses the line from an appropriate exercise of authority to stop the spread of COVID-19 into an overbearing infringement of constitutional and statutory protections, the Department of Justice may have an obligation to address that overreach in federal court.
Barr wrote that he is ""therefore directing the Assistant Attorney General for Civil Rights, Eric Dreiband, and Matthew Schneider, the US Attorney for the Eastern District of Michigan, to oversee and coordinate our efforts to monitor state and local policies and, if necessary, take action to correct them."" While Barr said US officials ""do not want to unduly interfere with the important efforts of state and local officials to protect the public,"" he noted that ""the Constitution is not suspended in times of crisis.""
Disturbingly close to house arrest
The memo did not detail what kinds of restrictions would cause the United States to sue states or cities, and it did not say whether the US will challenge any measures that are already in place. But Barr wrote that local restrictions, while ""necessary in order to stop the spread of a deadly disease,"" have ""imposed tremendous burdens on the daily lives of all Americans.""
Barr previously criticized local policies in interviews, saying that ""the idea that you have to stay in your house is disturbingly close to house arrest,"" according to a Fox News article last week. ""We're looking carefully at a number of these rules that are being put into place,"" Barr said. ""And if we think one goes too far, we initially try to jawbone the governors into rolling them back or adjusting them. And if they're not and people bring lawsuits, we file [a] statement of interest and side with the plaintiffs.""
The Justice Department has so far ""intervened in only a single lawsuit over coronavirus restrictions, appearing to back a Greenville, Miss., church which had sued over the city's efforts to shut down drive-in religious services,"" The Washington Post wrote. The Justice Department ""did not unequivocally support Temple Baptist Church in its legal statement of interest, though it said the circumstances the church described 'suggest that the city singled out churches for distinctive treatment,' which would be unconstitutional.""
Trump threatened states
President Trump on April 13 claimed he has ""total"" authority to override governors and force states to reopen their economies even while the coronavirus pandemic continues. ""When somebody is the president of the United States, the authority is total, and that's the way it's got to be. It's total, and the governors know that,"" Trump said at a press conference.
That isn't how it works, as states and local governments have police powers to protect the health and safety of residents with measures such as isolation and quarantines. But Trump's claim and related developments showed that at least some states aren't likely to succumb to federal pressure to reopen their economies. New York Gov. Andrew Cuomo said he would not follow a presidential order requiring him to lift pandemic orders. Shortly before Trump's claim, coalitions of governors on the East and West Coasts announced pacts to follow science, not politics, in their decisions on when to reopen economies.
Trump backed down just one day later, saying ""I'm not going to put pressure on any governor to open."" However, Barr's letter signals that the Trump administration is not done pressuring states to lift pandemic orders."
11,"{'id': 'ars-technica', 'name': 'Ars Technica'}",Timothy B. Lee,New York AG’s office questions Amazon over “inadequate” COVID-19 safety,"“Many workers are fearful about speaking out” on COVID safety, officials wrote.",https://arstechnica.com/tech-policy/2020/04/new-york-ags-office-questions-amazon-over-inadequate-covid-19-safety/,https://cdn.arstechnica.net/wp-content/uploads/2020/04/GettyImages-1215765250-760x380.jpg,2020-04-28T15:56:44Z,"Enlarge/ Amazon employees protest over conditions at the company's Staten Island distribution facility on March 30, 2020.
3 with 3 posters participating
New York Attorney General Letitia James hasn't been impressed with Amazon's response to the coronavirus crisis.
""While we continue to investigate, the information so far available to us raises concerns that Amazon's health and safety measures taken in response to the COVID-19 pandemic are so inadequate that they may violate several provisions of the Occupational Safety and Health Act,"" James' staff wrote in an April 22 letter first obtained by National Public Radio.
The crisis has produced surging demand for Amazon's delivery services. But as Amazon has hired an extra 175,000 people to help fill orders, it has also faced criticism about its safety practices. Last month, a number of workers (Amazon counted 15, organizers claimed 60) protested outside a massive Amazon fulfillment center on Staten Island. Amazon has also seen sporadic online protests in recent weeks.
The Staten Island protesters wanted their facility shut down for a deep cleaning. Amazon workers have also called for universal paid sick leave and stronger efforts to keep workers separated during work hours.
But Amazon says that it is doing everything it can to protect its workers from the coronavirus.
""We made over 150 process updatesfrom enhanced cleaning and social distancing measures to new efforts like disinfectant spraying,"" a spokeswoman told Ars by email. ""We distributed personal protective gear, such as masks for our employees, and implemented disinfectant spraying and temperature checks across our operations worldwide.""
In their letter, New York officials also questioned Amazon's decision to fire Chris Smalls, one of the organizers of the Staten Island protest. Smalls accused Amazon of retaliating against him for his organizing efforts. Amazon insists that Smalls was fired for defying a stay-at-home order after he came into contact with an infected co-worker.
James' office writes that their findings so far ""raise serious concern that Amazon may have discharged [Smalls] in order to silence his complaints and send a threatening message to other employees that they should also keep quiet about any health and safety concerns.""
""This Office has learned that many workers are fearful about speaking out about their concerns following the termination of Mr. Smalls' employment,"" the letter added. ""This is a particularly dangerous message to send during a pandemic, when chilling worker speech about health and safety practices could literally be a matter of life and death.""
But Amazon says it has done nothing wrong.
""We did not terminate Mr. Smalls employment for organizing a 15-person protest,"" Amazon said by email. ""We terminated his employment for putting the health and safety of others at risk and violations of his terms of his employment. Mr. Smalls received multiple warnings for violating social distancing guidelines.""
Amazon says Smalls was instructed to stay home for 14 days after he came into contact with a coworker who had COVID-19 and that Smalls came to work anyway to help lead the protest.
Whatever the reasons for Smalls' termination, a leaked internal memo suggests that Amazon may have had a deliberate strategy to make him the face of worker organizing at Amazon.
Hes not smart, or articulate, and to the extent the press wants to focus on us versus him, we will be in a much stronger PR position than simply explaining for the umpteenth time how were trying to protect workers, Amazon's general counsel wrote."
12,"{'id': 'ars-technica', 'name': 'Ars Technica'}",Kate Cox,"After prolonged service outage, Petnet shuts down, citing coronavirus",The COVID-19 crisis may just be the last nail in the coffin for the company.,https://arstechnica.com/information-technology/2020/04/after-prolonged-service-outage-petnet-shuts-down-citing-coronavirus/,https://cdn.arstechnica.net/wp-content/uploads/2020/02/feedme-760x380.jpg,2020-04-27T19:10:08Z,"Enlarge/ You're just going to have to feed this baleful furry friend the old-fashioned way. Before his sad eyes scour your soul. 
4 with 4 posters participating
Cloud-connected, ""smart"" automated pet-feeder system Petnet has had a rough spring. The service not only went offline in February, but all its customer service vanished, too, leaving users in the dark until the company apologized and pushed a patch more than a week later. The service briefly returned for some users, but fell off again in March. Now, after weeks of silence, the company is blaming COVID-19 for driving it offline for goodeven though its problems started weeks or months before the novel coronavirus became a significant concern.
Several Petnet customers began reaching out to Ars during the second and third weeks of April to report that, once again, not only were their feeders not working, but also they couldn't reach anyone at Petnet about it. Everyone's feeders didn't go offline at the same time but seemed to fail in slow sequence over the period between March 26 and April 13.
The company emailed its customers on March 26 blaming the novel coronavirus for outages and delays. The message, titled, ""Petnet: Impact of COVID-19,"" read:
Dear Petnet Customers,
The purpose of this outreach is to let you know how the COVID-19 crisis is impacting Petnet operations and your SmartFeeder usage. We work with a wide range of vendors, from other start up companies to well known establishments, to help provide convenience through a series of connected services.
One of our third party vendors has notified us that due to COVID-19 their operations are experiencing an adverse effect. We will monitor this situation closely and provide you with any updates as they arise.
Our service center is experiencing higher than normal ticket volumes, so our response time may take longer than usual. Thank you for your patience and for your understanding during this challenging time.
Best Regards,
The Petnet Team
The message to customers listed the same email (support@petnet.io) and Twitter (@petnetiosupport) handles the company has always used, but every reader who wrote to Ars said they were unable to receive support through either. The company tweeted on April 13 that it was experiencing ""a service disruption"" affecting both its first- and second-generation smart feeders. On April 14, Petnet posted another Tweet saying, ""We are still experiencing SmartFeeder connection downtime due to an ongoing service disruption that is currently being investigated."" As of April 27, that remains the company's last tweet.
Users looking for support received messages directing them to a third-party site called Tier One Success. Tier One bills itself as ""simplified customer support to help meet your Smart Home needs,"" but it appears to have almost no online presence outside of the link sent to Petnet device owners. Its only external communication is a Twitter account with 16 followers. The last time any message was posted to that account, in July 2019, Tier One indicated that it exclusively supported Petnet products and had not yet expanded to customer support for any other smart home device. 
Tier One at one time did post an open job listing on another site which described the firm as an ""in-house customer success team"" for Petnet. A LinkedIn bio for the person listed as the founder of Tier One, Joshua Bullock, is, to put it mildly, bare-bones and uninformative.
All complaints, however, whether addressed to Petnet directly or made through the Tier One support form, seemed to disappear into the ether. By April 16, all of the new customer reviews on Petnet's Amazon product listing were surmising the company had gone out of business, as were many tweets to @petnetiosupport and many reader emails to us.
Messages sent to email addresses posted by the company bounced back, as they had during the February outage as well. Ars was able to track down a working email address for a Petnet employee on April 23 and sent a message asking if the company was still operational.
Though the message was sent to a personal email address, the reply read, ""Thank you for reaching out to us about the issue. We are terribly sorry for the inconvenience our customers are experiencing right now"" and directed us to contact Petnet CEO Carlos Herrera, providing a phone number.
A few hours later, Petnet users began receiving an email explaining that the company was, more or less, going out of business. Several forwarded their copies to Ars.
""Last week on April 14, 2020, we briefed all of our customers regarding one of our third-party connected vendor's inability to fully resource their company and stay functionally online,"" the message reads. ""As of this writing, this situation remains unresolved but we are confident it will be overcome soon.""
But due to the exceptional circumstances the COVID-19 pandemic has created, Petnet went on, many of its vendorslargely startups like itselfwere ""severely and negatively affected in their day to day operations."" In short: the funding dried up. Due to a lack of funds, Petnet said, it ""re-prioritized and reorganized [its] resources,"" including:
<ul><li>We have furloughed 100% of our remaining staff.</li><li>We have ceased all future product development including bug fixes.</li><li>We have turned off all non-infrastructure related expenses.</li><li>We have terminated our office lease and are working remotely.</li><li>We have applied for all available CARES stimulus funding.</li></ul>
As Ars readers noticed back in February, however, the company's office space has been available to lease for quite some time, possibly as far back as October 2019.
Ars left a voicemail message at the number given to us for Herrera; we'll update the story if we hear back. In the meantime, it seems like a good bet that anyone who actually wants their automatic pet feeder to work should probably be shopping for a new product."
13,"{'id': 'mashable', 'name': 'Mashable'}",Alex Perry,Airbnb introduces 24-hour buffer between rentals,"On the off chance you stay in an Airbnb soon, it should at least be cleaner than usual.
The popular app outlined some new coronavirus-related policies in a Monday press release. Starting in May, Airbnb will strongly encourage hosts to sanitize rooms after vis…",https://mashable.com/article/airbnb-cleaning-guidelines-coronavirus/,https://mondrian.mashable.com/2020%252F04%252F27%252Fe8%252F4638a68663ce4fa6a7557515f52458a7.c263a.jpg%252F1200x630.jpg?signature=NGTHvHIofFvHBhJTppk2MEH31YE=,2020-04-27T16:24:24Z,"On the off chance you stay in an Airbnb soon, it should at least be cleaner than usual.
The popular app outlined some new coronavirus-related policies in a Monday press release. Starting in May, Airbnb will strongly encourage hosts to sanitize rooms after visitors leave using new, comprehensive cleaning guidelines. In addition to that, hosts will have to leave at least 24 hours between one visitor leaving and another one coming in.
These new cleaning guidelines, geared toward Covid-19 prevention, recommend masks, gloves, and specific disinfectants. Hosts can enroll in the cleaning protocol program and get certified, which will show up on their Airbnb profiles. In other words, you'll know if a host has adopted the new cleaning standards.
SEE ALSO: Who to follow on Twitter for legit, trustworthy coronavirus info
According to Airbnb's press release, hosts can choose not to commit to these guidelines. But they'll need a 72-hour buffer between guests. 
Airbnb hosts had to cancel and refund bookings once the coronavirus pandemic started, hemorrhaging money in the process. The company set up a fund to offer some relief to those hosts, and these new policies could potentially bring some of that lost business back.
One could argue strenuous cleaning standards should have existed before the pandemic. But once people feel comfortable traveling again, they can at least get the peace of mind that comes from a sanitized bedroom."
14,"{'id': 'mashable', 'name': 'Mashable'}",Brenda Stolyar,"Magic Leap confirms massive layoffs, but it's still making a new AR headset","We can now add Magic Leap to the long list of companies laying off employees during this very trying time.
Rony Abovitz, Magic Leap's Chief Executive Officer, confirmed the news following an earlier Bloomberg report that stated the augmented reality startup w…",https://mashable.com/article/magic-leap-lays-off-employees-due-to-covid-19/,https://mondrian.mashable.com/2020%252F04%252F22%252Fbc%252F1aeea9bf0fb3427c9ff03fab3a81e18f.7b140.jpg%252F1200x630.jpg?signature=O9IXwV_rIvmr1rtcejq7wYJvwLo=,2020-04-22T17:40:34Z,"We can now add Magic Leap to the long list of companies laying off employees during this very trying time.
Rony Abovitz, Magic Leap's Chief Executive Officer, confirmed the news following an earlier Bloomberg report that stated the augmented reality startup was ""cutting half its workforce.""
According to sources close to the matter, that's about 1,000 employees. 
Abovitz took to Magic Leap's site to express the news in a blog post, citing COVID-19 as the reason for a company-wide restructuring. 
""To better prepare Magic Leap for the future, we have taken a close look at our business and are making targeted changes to how we operate and manage costs. This has made it necessary for us to make the incredibly difficult decision to lay off a number of employees across Magic Leap,"" he said in the statement. 
This doesn't come as much of a surprise considering that, back in December, it was reported the company's sales numbers were way worse than expected. 
According to The Information, the company only sold 6,000 headsets out of its target goal of 100,000. 
Sure, Magic Leap came back and said the report was inaccurate, but the company didn't provide any metrics to prove the numbers were wrong either.
At least this time around, the startup is being a bit more transparent when it comes to its current status and the future of the company.
So, what is next for Magic Leap after all this? 
For starters, the company has decided to concentrate strictly on the enterprise side of things rather than consumer. And, they're also going to continue to work on a ... second-generation Magic Leap.
Clearly, not even a pandemic can stop them from trying to get this thing right. 
""Adapting our company to these new market realities and our increased focus on enterprise means we must align our efforts to focus on the areas of our business that advance our technology, ensure delivery of Magic Leap 2, and expand product-market fit and revenue generation,"" Abovitz expressed later in the blog post.
Given the reactions to the first Magic Leap, let's hope that ""increased focus"" also includes a design revamp for its next AR headset. Because everyone's right, it's ugly."
15,"{'id': 'mashable', 'name': 'Mashable'}",Anna Iovine,Here's the best fabric combination for homemade face masks,"Many Americans are now advised to wear masks while outside to prevent the spread of COVID-19, according to the CDC — and this may be the case for quite some time. But highly protective yet scarce N95 and surgical masks need to be reserved for healthcare worke…",https://mashable.com/article/cotton-natural-silk-chiffon-best-for-homemade-face-masks-coronavirus/,https://mondrian.mashable.com/2020%252F04%252F25%252F77%252Fe83c677784d44340bf71462c5731d291.6b20a.jpg%252F1200x630.jpg?signature=wNXH2hxxDeFQLi4iF4RmwWPOHxU=,2020-04-25T17:23:24Z,"Many Americans are now advised to wear masks while outside to prevent the spread of COVID-19, according to the CDC and this may be the case for quite some time. But highly protective yet scarce N95 and surgical masks need to be reserved for healthcare workers, so those who aren't on the frontlines should instead resort to buying or making masks with other fabrics. 
Researchers now suggest that a combination of cotton with natural silk or chiffon (yes, the material many nighties are made out of) could effectively filter out airborne particles. Since the coronavirus can be spread through respiratory droplets say when an infected person coughs or sneezes University of Chicago professor Supratik Guha and his fellow researchers set out to determine which readily available materials best filter out the droplets. 
SEE ALSO: Coronavirus sparks black market filled with fake and stolen N95 face masks
In an article published by the American Chemical Society, the researchers explained how they came to their conclusion. After producing particles in an aerosol mixing chamber, they used fans to blow the particles at different fabrics at the same rate a human would at rest. They then measured the size of the particles before and after passing through the fabrics. 
As it turns out, one layer of tightly-woven cotton combined with two layers of polyester-spandex chiffon filtered out around 80 to 99 percent of particles, making it the most effective. The researchers also got similar results substituting the chiffon with natural silk or flannel, as well as using a cotton quilt with cotton-polyester batting.
These results are comparable to the effectiveness of N95 mask material, but Guha and his team also emphasized the need for masks to fit correctly. Just a one-percent gap can reduce the mask's efficiency by half, or more. 
If you need help making your own mask at home, you can learn how to do that right here."
16,"{'id': 'mashable', 'name': 'Mashable'}",Amanda Yeo,Jimmy Fallon's 'Tonight Show: Home Edition' stars his adorable dog and a COVID-19 St Paddy's song,"The coronavirus has shut down production on U.S. late night shows indefinitely as numerous workplaces implement social distancing policies. Even so the Tonight Show lurches on, with host Jimmy Fallon delivering jokes emailed in by his writers from his own hom…",https://mashable.com/video/jimmy-fallon-coronavirus-st-patricks-day-home-edition/,https://mondrian.mashable.com/2020%252F03%252F18%252Fd7%252F3b3662781e3a400695c406d98c83cafb.68c85.png%252F1200x630.png?signature=awuJ6gD33-bimEOe0Cwxq8aDhkQ=,2020-03-18T02:50:34Z,"The coronavirus has shut down production on U.S. late night shows indefinitely as numerous workplaces implement social distancing policies. Even so the Tonight Show lurches on, with host Jimmy Fallon delivering jokes emailed in by his writers from his own home.
The first Home Edition of the Tonight Show was a family affair, with Fallon's wife (film producer Nancy Juvonen) behind the camera, his six-year-old Winnie providing graphics, and special guests Franny Fallon and Gary the Golden Retriever making special appearances.
The guests didn't stick around for long though, having more important matters to attend to than watching Fallon celebrate St. Patrick's Day with a Guinness, some soda bread, and a COVID-19-themed drinking song.
""So kiss me I'm Irish, but stay six feet away / 'Cause no-one wants to get a virus on St. Paddy's Day,"" sang Fallon.
Fallon also gave a shout out to Feeding America, saying the show would be highlighting a different charity every night ""for as long as we're gonna do this."""
17,"{'id': 'mashable', 'name': 'Mashable'}",Rebecca Ruiz,"'Did I already have coronavirus?': People wonder if they previously had COVID-19, but the answer isn't easy","In the age of the coronavirus, when nothing is certain and we must plot our every move with the utmost caution, some people are wondering if they need not worry quite as much. What if, they ask, I already had COVID-19 weeks ago but didn't realize or couldn't …",https://mashable.com/article/did-i-have-coronavirus/,https://mondrian.mashable.com/2020%252F04%252F08%252Fb2%252Fe5d010538c0648c8af5c5cfa05ee04df.5c51f.jpg%252F1200x630.jpg?signature=pekbOJCTJyxGlLqPRpH_qlUfUX4=,2020-04-08T17:31:02Z,"In the age of the coronavirus, when nothing is certain and we must plot our every move with the utmost caution, some people are wondering if they need not worry quite as much. What if, they ask, I already had COVID-19 weeks ago but didn't realize or couldn't confirm it? 
The search terms ""did I have coronavirus"" spiked in Google Trends early last month, when it became clear the United States was on the cusp of major outbreaks. People also Googled ""did I have coronavirus in January"" and ""did I have coronavirus in February."" 
Soccer star Carli Lloyd wondered as much on Twitter in late March, detailing symptoms similar to those caused by COVID-19, including a fever, cough, and shortness of breath. 
""Beginning to think my husband and I had the Coronavirus back in mid February,"" she wrote. ""A sickness we have never felt before."" 
Her replies were full of people wondering about the same scenario in their lives. 
It's a simultaneously compelling, legitimate thing to ask and a kind of fantasy that we might indulge in because the alternative constantly worrying about contracting a highly infectious fatal disease is exhausting. The anxiety of extreme social distancing and panic buying might be more tolerable if people knew they'd already survived asymptomatic, mild, or moderate cases of COVID-19.  
SEE ALSO: Wearing a coronavirus face mask isn't about you
Unfortunately, the answer to this question is elusive, which means, as far as we know, the risk of contracting COVID-19 remains high. This is particularly true because people who are asymptomatic can infect others, undermining a key assumption about how viruses are transmitted. 
There are now more than 370,000 known cases and 12,000 fatalities in the U.S., and public health authorities stress that the only way to stem infections and prevent more deaths is to continue practicing social distancing, hand washing, and other preventive measures. 
In order to know how many people in the U.S. have been infected with COVID-19, we'd need widespread availability of highly accurate tests that detect the presence of antibodies against the disease. We also need more scientific information about how long immunity to the disease lasts once someone acquires it. Immunity to common colds, which are caused by coronaviruses, is temporary. Even if someone accurately suspected they'd come down with COVID-19 earlier this year, it doesn't necessarily mean they'd continue to be immune to the virus in the coming months or years. 
Then there's the question of whether the timeline makes sense. Prior to the known outbreaks, could people have developed mild or moderate cases of COVID-19 without a simultaneous uptick in severe cases that would've required hospitalization? 
Nicholas Reich, an associate professor of biostatistics at the University of Massachusetts in Amherst whose lab focuses on understanding and modeling infectious disease, has been looking for evidence of this happening, and so far sees little data to support that possibility. 
For the last two months, @cmyeaton and I have been leading a weekly analysis of publicly available influenza-like illness (ILI) data and flu test results from the @CDCFlu and state health departments. https://t.co/KrqgiKoyxE1/
 Nicholas G. Reich (@reichlab) March 27, 2020
He and his lab members noticed influenza-like illnesses increase in December and January and thought perhaps coronavirus had been silently circulating for months. They decided to look at the rate of influenza-like illnesses alongside the rate of negative flu tests as a potential signal of community spread of COVID-19; if illnesses rose but more flu tests came back negative, it could suggest another pathogen playing an unexpected role. By late February, the lab's analysis showed trends that were consistent with historical norms. 
Since then, when the lab looked at patterns in March, they saw deviations from the historical norms but it was difficult to draw strong conclusions from that data. 
More people went to the doctor with respiratory illnesses and also tested negative for the flu, but Reich said that could be the result of people changing their behavior as media coverage of coronavirus ramped up. In other words, more people sought medical attention for various symptoms because of alarming headlines about COVID-19 but may not have had the disease. The researchers couldn't rule out COVID-19 spreading earlier than thought, but the data also suggested that if the coronavirus had been present, it would've been relatively limited. 
Reich believes it's plausible that someone in the vicinity of a hot spot like Seattle or New York could've developed COVID-19 in mid-February, as the disease began to spread throughout communities. 
""Outbreaks like this take time to build up steam and really start to burn,"" he said. 
Still, given the severity of COVID-19, Reich believes it's unlikely that coronavirus was widespread prior to late February and early March. That would've been accompanied by what we're seeing now, and saw in Italy: a fraction of patients streaming into emergency rooms with respiratory distress. 
""Outbreaks like this take time to build up steam and really start to burn.""
""Based on everything thats been coming out, Ive been increasingly feeling as though it wouldve been really hard to miss a large outbreak,"" said Reich. ""Data points like [what's happening in Italy] make it clearer to me just how this is really different from seasonal flu."" 
Reich also points to genomic analyses of the coronavirus conducted by Trevor Bedford
, a computational biologist at the Fred Hutchinson Cancer Research Center in Seattle, which suggest
 that the first known
 COVID-19 case in the U.S. occurred in mid-January, in Washington state. That research  looked at minor mutations in the virus' genome to analyze when it might have emerged in the U.S.  If that analysis is accurate, it would make it far less likely that the disease caused mysterious respiratory illnesses in late 2019 or early 2020. 
Ruth Collins, an associate professor of molecular medicine at Cornell University, said it's very likely that a different, nasty virus could've been circulating this winter. Since the symptoms caused by coronaviruses overlap significantly, it would make sense that some people experienced an awful illness that wasn't actually caused by COVID-19 but still produced similar symptoms like coughing, fever, and aches and pains. 
Collins said that wondering about whether an illness experienced prior to the coronavirus outbreak was in fact COVID-19 is a form of highly relatable wishful thinking. 
""It's part of human psychology,"" she said. ""We always want to think were better than we are, that we got lucky, that we escaped it somehow."" 
It doesn't help, either, that tests to diagnose COVID-19 have been difficult to get. 
In the absence of diagnostic testing, we need widespread individual and epidemiological testing to determine who contracted COVID-19 and developed antibodies to the disease. That requires highly accurate serology tests, or blood-based tests, that detect the presence of antibodies against COVID-19. Such testing is being rolled out by the Centers for Disease Control and Prevention, but the government agency is focusing on areas that became hot spots. Antibody tests are not widely available, and though there are efforts to make them accessible to the public, it's not clear when they will be.  
Collins also said that antibody tests, like any other test, can be unreliable, producing both false negatives and false positives. Tests, for example, might not pick up antibodies present in small amounts because immunity declined, even if the person was infected. 
What we need is more conclusive medical and scientific research on how COVID-19 is transmitted, particularly through asymptomatic people, and a more precise tally of how many people have been infected. Individual access to accurate antibody tests will be important to answering the lingering question about potential infection, but it's still unclear how long immunity lasts.  
In the meantime, suspicion of a COVID-19 infection without confirmation is no reason to relax social distancing or hygiene practices. 
""This thing is not going to go away fast,"" said Collins. ""Weve got to know more about how the disease spreads. The idea of testing will give some level of confidence, but it wont be enough until we know more about how the disease is transmitted."""
18,"{'id': 'engadget', 'name': 'Engadget'}",Jon Fingas,'PUBG Mobile' tournament moves online to avoid coronavirus,"One of the biggest mobile gaming tournaments is changing format to deal with the ongoing coronavirus outbreak. Tencent and PUBG Corporation are turning the PUBG Mobile Pro League South Asia tourney into an online event due to ""unforeseen circumstances"" with t…",https://www.engadget.com/2020/03/10/pubg-mobile-pro-league-event-to-play-online/,https://o.aolcdn.com/images/dims?resize=1200%2C630&crop=1200%2C630%2C0%2C0&quality=80&image_uri=https%3A%2F%2Fo.aolcdn.com%2Fimages%2Fdims%3Fcrop%3D1600%252C900%252C0%252C0%26quality%3D85%26format%3Djpg%26resize%3D1600%252C900%26image_uri%3Dhttps%253A%252F%252Fs.yimg.com%252Fos%252Fcreatr-uploaded-images%252F2020-03%252Fe9007070-6313-11ea-bffb-f2467cf9f814%26client%3Da1acac3e1b3290917d92%26signature%3Dbc1b5aa8367ace1d18beed6c6da374dc25aed53e&client=amp-blogside-v2&signature=95fc6adfcd025343ca619a1af854e126c4df82a4,2020-03-11T00:24:00Z,"This definitely isn't the first esports event to be affected by COVID-19. Blizzard cancelled Overwatch matches to reduce the risk of the virus spreading. It is one of the more prominent examples, though, and shows that some forms of pro-level competitive gaming can persist even when a health crisis makes it risky to gather a real-world audience."
19,"{'id': 'cnn', 'name': 'CNN'}",,Father opens up on why ER doctor who had coronavirus died by suicide,"The father of Dr. Lorna Breen, a New York City emergency room doctor who recovered from Covid-19, continued to treat coronavirus patients, then died by suicide, remembers his daughter as someone who put her life on the line to help others. The National Suicid…",https://www.cnn.com/videos/us/2020/04/28/doctor-who-treated-coronavirus-patients-dies-by-suicide-vpx.cnn,https://cdn.cnn.com/cnnnext/dam/assets/200428222743-dr-lorna-breen-03-super-tease.jpg,2020-04-28T18:51:44Z,Chat with us in Facebook Messenger. Find out what's happening in the world as it unfolds.
