,source,author,title,description,url,urlToImage,publishedAt,content
0,"{'id': 'cnn', 'name': 'CNN'}",,Tom Hanks befriends bullied 8-year-old named Corona,"Tom Hanks sent a letter and a gift to an 8-year-old Australian boy named Corona DeVries, who says he has been bullied because of his name. DeVries mailed Hanks a letter when he heard he was diagnosed with Covid-19.",https://www.cnn.com/videos/world/2020/04/24/tom-hanks-corona-bullied-typewriter-pkg-vpx.nine-news,https://cdn.cnn.com/cnnnext/dam/assets/200424083447-tom-hanks-corona-bullied-typewriter-pkg-vpx-00002426-super-tease.jpg,2020-04-24T12:55:55Z,Chat with us in Facebook Messenger. Find out what's happening in the world as it unfolds.
1,"{'id': 'cnn', 'name': 'CNN'}",,Anderson Cooper presses Las Vegas mayor on reopening,"Las Vegas Mayor Carolyn Goodman (I) says she wants to reopen the city's casinos, restaurants and entertainment venues for business so people can get back to work. CNN's Anderson Cooper asks her if that's safe given the data about the Covid-19 pandemic.",https://www.cnn.com/videos/politics/2020/04/22/las-vegas-mayor-carolyn-goodman-reopen-coronavirus-entire-interview-anderson-cooper-sot-nr-vpx.cnn,https://cdn.cnn.com/cnnnext/dam/assets/200422161029-carol-goodman-anderson-cooper-split-april-22-2020-01-super-tease.jpg,2020-04-22T22:38:40Z,Chat with us in Facebook Messenger. Find out what's happening in the world as it unfolds.
2,"{'id': 'cnn', 'name': 'CNN'}","Alisha Ebrahimji, CNN",The ICU nurse who silently stood in protest at a rally to reopen Arizona,"On her day off from working at a Covid-19 unit in an Arizona hospital, ICU nurse Lauren Leander threw on clean scrubs and headed to an anti-lockdown protest at the state Capitol. She was determined to be a voice for her patients through silence.",https://www.cnn.com/2020/04/23/us/az-nurse-coronavirus-rally-trnd/index.html,https://cdn.cnn.com/cnnnext/dam/assets/200423090944-0420-arizona-coronavirus-protest-restricted-super-tease.jpg,2020-04-23T21:24:17Z,"(CNN)On her day off from working at a Covid-19 unit in an Arizona hospital, ICU nurse Lauren Leander threw on a pair of clean scrubs and headed to an anti-lockdown protest at the state Capitol. 
She was determined to be a voice for her patients through silence.
Leander, a Banner Health nurse of five years, joined an intimate group of healthcare workers on Monday to counter protest at the Capitol, where people gathered to urge the governor to reopen the state.
Standing up straight, her arms crossed and face mask on, Leander stood on the Capitol steps, with a handful of healthcare workers lined up by her side. She said she only spoke if someone encroached on her personal space, despite people raising their voices at her.
""It was heated, people were very fired up about what they had to say,"" she said. ""A lot of the top comments we got were about us being fake nurses, there was a huge majority of them that still believe this virus is fake, that it's a hoax and not real at all. They were convinced that we're fake nurses and that's why we weren't talking."" 
Arizona Gov. Doug Ducey has put a stay-at-home order in place until April 30. Because of this, several different groups of rallied at the Capitol to say the economy has suffered enough and the order needs to be lifted, according to CNN affiliate KNXV.
Leander told CNN she volunteered to work in the hospital's Covid-19 unit full time and has been seeing patients from all over the state for the last month.
""I just hope people see that nurses are not the enemy and we'll take care of them one way or the other,"" Leander said. ""I don't care if you believe in this virus or not or truly what your opinion is of it, if these people show up in my ICU we will take care of them one way or another.""
After seeing photos and video Sunday of people at a rally in Denver, Colorado, demanding the state reopen and ease restrictions designed to slow the spread of coronavirus, Leander said she was inspired and wanted to stand up in support of her fellow healthcare workers. 
After seeing a Facebook post about Monday's rally, Leander said she texted a few of her colleagues and headed there.
Leander and the few other nurses, from other hospitals, stood in silence at the ""Patriots' Day Rally"" at the Capitol where nearly 1,000 people gathered, according to KNXV. 
""This isn't about politics, choosing sides, this virus does not discriminate at all,"" she said. ""It's taking lives from one end of the spectrum to another. I know it's wishful thinking but I just would love if we just had that common ground with fighting this virus.""
Leander said right now the public needs to be listening to the experts who are studying this virus. Even as nurses, they're relying on science to guide them. 
""Our main message was that we wanted healthcare workers' voices to be heard louder than misinformation and fear,"" Leander said. ""There will be a calm and controlled manner to reopen our economy and our state...you don't open the flood gates and release everyone at once."" 
Experiencing heartbreaking moments at work
Photos from the rally in Denver caught the attention of many on social media, including former Arizona state Sen. Dr. Kelli Ward, who challenged Sen. John McCain in the Republican primary in 2016.
Ward tweeted Tuesday morning, questioning the authenticity of the healthcare workers who attended and calling the movement propaganda.
""EVEN IF these 'spontaneously' appearing ppl at protests against govt overreach (sporting the same outfits, postures, &amp; facial expressions) ARE involved in healthcare - when they appeared at rallies, they were actors playing parts #Propaganda #FakeOutrage,"" Ward tweeted.
CNN has reached out to Ward for comment.
After hearing about Ward's tweet, Leander said if given the opportunity she would walk her through the ICU at her hospital to the bedside of some of her coronavirus patients to see firsthand the impacts of the virus. 
""I wish she could be in my shoes for a day, I'd have her put on a pair of scrubs and walk with me,"" Leander said. 
Leander has not seen any of her family members since she's been working in the Covid-19 unit. And although that lost time has been tough, what she's been experiencing in the hospital is tougher. 
""A human being having to pass away via FaceTime because their family is not allowed in the hospital during this crisis, it's the most heartbreaking thing you will ever see,"" she said.
A few days ago, Leander said she had a patient grab her hand and say, ""Please tell me I'm not going to die here.""
While Leander knows better days are ahead, she said it doesn't take away from the reality that there are people impacted and suffering right now."
3,"{'id': 'cnn', 'name': 'CNN'}",,In photos: Love during lockdown,"The novel coronavirus has ended lives and upended lives, with new cases of Covid-19 being reported in places around the world each day. Among the considerations people have had to face during the pandemic is whether or not to get married, and, if so, how and …",https://www.cnn.com/2020/04/21/world/gallery/love-during-lockdown/index.html,https://cdn.cnn.com/cnnnext/dam/assets/200421104900-01-weddings-coronavirus-unf-super-tease.jpg,2020-04-22T01:41:14Z,"A couple kisses after their wedding ceremony, which included only witnesses, in Vilnius, Lithuania, on April 3.
The novel coronavirus has ended lives and upended lives, with new cases of Covid-19 being reported in places around the world each day. Among the considerations people have had to face during the pandemic is whether or not to get married, and, if so, how and where to do so.
For many couples who do decide to get married whether they've had to cancel their original ceremony plans and make new ones, or are only now feeling the time is right or necessary for marriage following the advice of health care professionals and scientists appears to be very much on their minds.
Wearing protective face masks and social distancing have become commonplace not just in daily life during routine grocery store runs or solo walks outdoors, but during more rare, special occasions like weddings."
4,"{'id': 'cnn', 'name': 'CNN'}",,Parent records talk between kids discussing coronavirus,"A CNN producer heard her daughter speaking with a friend, talking about coronavirus, and decided to film it. Child psychiatrist Dr. Wanjiku F.M. Njoroge explains how to talk to your children when tough questions on race and Covid-19 come up.",https://www.cnn.com/videos/health/2020/04/25/producer-daughter-video-chat-coronavirus-covid-19-sesame-street-town-hall-sot-vpx.cnn,https://cdn.cnn.com/cnnnext/dam/assets/200425103300-producer-daughter-video-chat-coronavirus-covid-19-sesame-street-town-hall-sot-vpx-00004505-super-tease.jpg,2020-04-25T14:48:32Z,Chat with us in Facebook Messenger. Find out what's happening in the world as it unfolds.
5,"{'id': 'the-verge', 'name': 'The Verge'}",Kim Lyons,Apple puts restrictions on coronavirus-themed apps in its App Store,"Apple is closely evaluating apps with coronavirus focus. It says only “recognized entities such as government organizations, health-focused NGOs, companies deeply credentialed in health issues, and medical or educational institutions,” should submit such apps…",https://www.theverge.com/2020/3/14/21179993/apple-restrictions-coronavirus-app-store,https://cdn.vox-cdn.com/thumbor/OrCEcxQRSQP5T2C0miJ8ruYHs0E=/0x146:2040x1214/fit-in/1200x630/cdn.vox-cdn.com/uploads/chorus_asset/file/11477049/acastro_180604_1777_apple_wwdc_0002.jpg,2020-03-14T21:37:00Z,"The company says coronavirus-themed games will not be allowed
Illustration by Alex Castro / The Verge
In an effort to ensure the credibility of health and safety information in its App Store, Apple is tightening requirements for all coronavirus-focused apps, TechCrunch reports. The company posted a note on its developer blog Saturday that outlines the review process for apps related to the virus. 
Were evaluating apps critically to ensure data sources are reputable and that developers presenting these apps are from recognized entities such as government organizations, health-focused NGOs, companies deeply credentialed in health issues, and medical or educational institutions, the post states. Only developers from one of these recognized entities should submit an app related to COVID-19.
Apple also is banning entertainment apps and games that are COVID-19 or coronavirus-themed, the post states.
Developers should choose the time-sensitive event option when submitting a permissible COVID-19 related app to the App Store to expedite the process, since many are focused on alleviating crisis situations. Membership fees for non-profit organizations and government agencies developing apps related to the pandemic will be waived, according to the post.
View all 214 stories"
6,"{'id': 'cnn', 'name': 'CNN'}","Devan Cole, CNN",Who is Dr. Rick Bright?: Official ousted after Covid-19 treatment clash has long history of working on vaccine preparedness,The Trump administration official who oversaw the production and purchase of vaccines before being abruptly dismissed Tuesday after clashing with the administration on coronavirus treatments is an international expert on vaccines with a lengthy work history i…,https://www.cnn.com/2020/04/22/politics/who-is-rick-bright/index.html,https://cdn.cnn.com/cnnnext/dam/assets/200422170459-rick-bright-file-2018-restricted-super-tease.jpg,2020-04-22T22:25:07Z,"Washington (CNN)The Trump administration official who oversaw the production and purchase of vaccines before being abruptly dismissed Tuesday after clashing with the administration on coronavirus treatments is an international expert on vaccines with a lengthy work history in the field. 
Dr. Rick Bright had led the Biomedical Advanced Research and Development Authority, which has been central to the response to the coronavirus outbreak, since 2016. But his departure Tuesday, he believes, stems in part from his resistance to efforts to widen the availability of a coronavirus treatment pushed by President Donald Trump. Bright will now lead a public-private partnership on vaccine development and treatment, a spokesperson for the Department of Health and Human Services told CNN. 
As BARDA's director, Bright oversaw ""the advanced development and procurement of medical countermeasures against an array of threats to national security and the public's health, including chemical, biological, radiological, nuclear threats and pandemic influenza, and emerging infectious diseases,"" according to an archived webpage of his official biography. 
Bright said in a statement issued Wednesday that he believes his transfer was owed to his ""insistence that the government invest the billions of dollars allocated by Congress to address the Covid-19 pandemic into safe and scientifically vetted solutions, and not in drugs, vaccines and other technologies that lack scientific merit."" He also announced he will file a whistleblower complaint with the Department of Health and Human Services' inspector general.
While testifying before Congress in 2018 on BARDA's fight against the flu, Bright had touted the effectiveness of his former agency, saying, ""No one can rival BARDA's success in expanding capacity and pushing new products to the marketplace."" 
Prior to serving as director of the agency, Bright, who had been with BARDA since 2010, served as the director of its Influenza and Emerging Infectious Diseases Division, ""where he was responsible for preparing the nation for influenza pandemics,"" according to the World Health Organization. 
But Bright, who holds a Ph.D. in immunology and virology from Emory University, has shared his expertise beyond the US, serving as an adviser to the World Health Organization, according to its website, which said he has also advised the US Department of Defense.
The doctor began his career with the US Centers for Disease Control and Prevention, according to his biography, where he focused on influenza viruses and antiviral drugs, among other things.
Bright has also held a number of stints in the private sector where he worked on vaccine developments, according to the WHO, and is the recipient of the prestigious Charles C. Shepard Science Award for Scientific Excellence."
7,"{'id': 'ars-technica', 'name': 'Ars Technica'}",Timothy B. Lee,Feds decline to release list of 147 nursing homes stricken by coronavirus,Elderly people are at higher risk from COVID-19.,https://arstechnica.com/tech-policy/2020/03/feds-decline-to-release-list-of-147-nursing-homes-stricken-by-coronavirus/,https://cdn.arstechnica.net/wp-content/uploads/2020/03/MarySmyth_GettyImages_OldWomanNursingHome-CROPPED-760x380.jpg,2020-03-25T21:17:11Z,"11 with 9 posters participating
Two federal agencies, the Centers for Disease Control (CDC) and the Centers for Medicare and Medicaid Services (CMS), have a list of 147 nursing homes where at least one resident has contracted COVID-19. But The Washington Post reports that the agencies are refusing to release this list to the public.
""According to CDC data shared with CMS, 147 nursing homes across 27 states have at least one resident with COVID-19,"" the CMS wrote in the sixth paragraph of a Monday press release about increased nursing home inspections. But when the Post asked the CMS for the list, the agency referred the paper to the CDC. A CDC spokesman told the Post that he was ""not sure"" the list would be ""released at this time.""
""It's terriblepeople have a right to know where this is happening,"" nursing professor Charlene Harrington told the paper. ""These nursing homes should be made public so that people have the option to take people out.""
Nursing homes are a particular concern during the COVID-19 pandemic because elderly people are at much higher risk of dying from the coronavirus. It's difficult to quarantine residents in nursing homes because most have staff that care for patients and then return home.
Some nursing homes have publicly announced when residents or staff contract COVID-19. A public announcement allows anyone who lives, works, or visits the facility to take added precautions. It's not clear how many of the 147 facilities on the CDC list have been disclosed publicly.
The Post notes that Florida officials have also come under pressure to release a list of 19 Florida nursing homes with COVID-19 outbreaks. Florida officials have declined to provide the list, citing privacy laws."
8,"{'id': 'ars-technica', 'name': 'Ars Technica'}",Jonathan M. Gitlin,"SpaceX and Tesla could build ventilators, Musk tells Twitter fan","However, the billionaire downplayed the seriousness of COVID-19.",https://arstechnica.com/science/2020/03/spacex-and-tesla-could-build-ventilators-musk-tells-twitter-fan/,https://cdn.arstechnica.net/wp-content/uploads/2020/03/GettyImages-1206289700-760x380.jpg,2020-03-19T14:41:26Z,"Enlarge/ Elon Musk, founder of SpaceX and chief executive officer of Tesla, says that his companies could help fill the gap in the event of a ventilator shortage.
13 with 12 posters participating
As with previous pandemics that attack the lungs, one of the biggest worries about COVID-19 is that we simply won't have enough ventilators to treat critically ill patients. It's a valid concern, based on reports from Italy. The US government has confirmed that the nation has a stockpile of more than 10,000 ventilators, but President Trump also recently told Twitter that it should be the states' responsibility to buy these vital life-saving devices.
Over the past few days, there have been growing calls to mobilize advanced manufacturing industries to meet this need, and on Wednesday night, Elon Musk replied to a fan on twitter that his companies ""will make ventilators if there is a shortage.""
We will make ventilators if there is a shortage
 Elon Musk (@elonmusk) March 19, 2020
However, the rocket and electric car billionaire also used the social media platform to downplay the seriousness of the situation, despite increasingly scary predictions from public health experts that appear to have woken the US government from its complacency.
Over in the UK, where there are fewer than 6,000 ventilators available to its National Health Service, Prime Minister Boris Johnson has already called for industrial mobilization. Companies including Rolls-Royce (the jet engine maker, not the car company), Airbus, and Jaguar Land Rover have been asked if they can help address the pending shortage, and blueprints have been sent to more than 60 firms, according to The Guardian.
Meanwhile in Italy, supply chain issues and the lack of a critical part has seen at least one hospital turn to 3D printing to keep the machines running. Since no good deed goes unpunished, the original manufacturer of the vital valvewhich it could not supplyhas threatened to sue the printer."
9,"{'id': 'engadget', 'name': 'Engadget'}",Jon Fingas,Eurosport follows ESPN in airing an esports racing championship,"A pan-European TV network is joining ESPN in broadcasting virtual races while motorsport is shut down due to COVID-19. Eurosport has signed a deal to broadcast Torque Esports’ The Race All-Star Series on cable, satellite, IPTV and streaming (both live and on-…",https://www.engadget.com/eurosport-broadcasts-esports-racing-championship-173048614.html,https://o.aolcdn.com/images/dims?resize=1200%2C630&crop=1200%2C630%2C0%2C0&quality=80&image_uri=https%3A%2F%2Fs.yimg.com%2Fos%2Fcreatr-uploaded-images%2F2020-04%2F571e3a70-8578-11ea-a6cd-7dcb3b569bfb&client=amp-blogside-v2&signature=8e6e471cd223aa7da7fb577df80b76fabc002ae8,2020-04-23T17:30:48Z,"A pan-European TV network is joining ESPN in broadcasting virtual races while motorsport is shut down due to COVID-19. Eurosport has signed a deal to broadcast Torque Esports’ The Race All-Star Series on cable, satellite, IPTV and streaming (both live and on-demand). As the name implies, the rFactor 2-based championship pits conventional and virtual pro racers against each other online, including in a Legends Trophy event with famous drivers like Jenson Button and Jacques Villeneuve.
The final round of the first series takes place on April 26th at 6PM CET (12PM Eastern), but the second series is already set to begin on May 1st."
10,"{'id': 'engadget', 'name': 'Engadget'}",Christine Fisher,Shopify’s new app helps you buy from local businesses,"With widespread shutdowns due to the COVID-19 pandemic, online shopping has become more important than ever. Shopify, which until now has mostly helped online retailers sell their products, wants to make it easier for consumers to browse and buy goods, especi…",https://www.engadget.com/shopify-shop-online-shopping-app-141437595.html,https://o.aolcdn.com/images/dims?resize=1200%2C630&crop=1200%2C630%2C0%2C0&quality=80&image_uri=https%3A%2F%2Fs.yimg.com%2Fos%2Fcreatr-uploaded-images%2F2020-04%2F31a2cdc0-8955-11ea-af1f-62528f302b04&client=amp-blogside-v2&signature=b4bdd5ef083a1deece34b965a06e4ab51153200e,2020-04-28T14:14:37Z,"With widespread shutdowns due to the COVID-19 pandemic, online shopping has become more important than ever. Shopify, which until now has mostly helped online retailers sell their products, wants to make it easier for consumers to browse and buy goods, especially from local businesses. Today, it’s unveiling its new consumer app, Shop.
With location filters, Shop will help users find local businesses to buy from -- at least the Shopify-powered ones. It will also suggest recommendations from users’ favorite brands. Shoppers can checkout with one-click payment, and they can track all of their online orders."
11,"{'id': 'ars-technica', 'name': 'Ars Technica'}",Beth Mole,"FDA, FTC slam 7 companies selling bogus COVID-19 cures","No, essential oils and silver solutions won’t ward off COVID-19.",https://arstechnica.com/science/2020/03/fda-ftc-slam-7-companies-selling-bogus-covid-19-cures/,https://cdn.arstechnica.net/wp-content/uploads/2020/03/GettyImages-585273070-760x380.jpg,2020-03-11T16:05:24Z,"Enlarge/ CALGARY - DECEMBER 23: LITTLE BIG MAN, theatrical movie originally released December 23, 1970. The film was directed by Arthur Penn. Pictured, Martin Balsam (as Mr. Allardyce T. Meriweather), a traveling swindler and snake oil salesman. 
26 with 24 posters participating
As the new coronavirus sweeps the US, federal regulators this week began cracking down on companies fraudulently claiming that their products prevent or treat COVID-19.
The US Food and Drug Administration (FDA) and the Federal Trade Commission (FTC) sent joint warning letters to seven companies making false claims.
There already is a high level of anxiety over the potential spread of coronavirus, FTC Chairperson Joe Simons said in a statement. What we dont need in this situation are companies preying on consumers by promoting products with fraudulent prevention and treatment claims.
These warning letters are just the first step, he said. Were prepared to take enforcement actions against companies that continue to market this type of scam.
Collectively, the companies have suggested that colloidal silver, essential oils, herbal tinctures, and teas can prevent or treat COVID-19. As the FDA and FTC point out, they have used a potpourri of terms and pseudoscientific explanations to make their fraudulent claims.
Herbal Amy Inc., for instance, wrote on its website, Corona virus treatment. Stephen Buhner [a self-proclaimed herbal medicine expert] has analyzed how corona viruses infect tissues, what tissues they infect, and the herbs that are useful to interrupt that process, as well as the herbs useful to shut down the cytokine cascade they create.
Herbal Amy sells the three-tincture Buhner Coronavirus Kit for $155 on its website. It is currently said to be sold out on the site.
A company called Xephyr, LLC dba N-Ergetics wrote on its website that its colloidal silver product can treat Coronavirus 2019-NCoVat [sic]... This Chinese Wuhan Flu Pneumonia has a non-traditional remedy that has successfully killed coronaviruses from the flu virus to pandemic diseases, in vitro, for over 100 years.
As the FDA notes, there are currently no vaccines or drugs approved to treat or prevent COVID-19.
Although there are investigational COVID-19 vaccines and treatments under development, these investigational products are in the early stages of product development and have not yet been fully tested for safety or effectiveness, the agency says."
12,"{'id': 'ars-technica', 'name': 'Ars Technica'}",Timothy B. Lee,Three New Hampshire plaintiffs sue to block coronavirus measures,New Hampshire has 44 confirmed cases of COVID-19.,https://arstechnica.com/tech-policy/2020/03/three-new-hampshire-plaintiffs-sue-to-block-coronavirus-measures/,https://cdn.arstechnica.net/wp-content/uploads/2020/03/GettyImages-1131399101-760x380.jpg,2020-03-20T15:55:07Z,"Enlarge/ New Hampshire Governor Chris Sununu.
22 with 19 posters participating
Three New Hampshire residents have sued Gov. Chris Sununu arguing that a ban on gatherings larger than 50 people in the state violates their constitutional rights.
The New Hampshire Union Leader reports that one of the plaintiffs, Eric Couture, attends services three times a week at a Baptist church in Nashua.
""Anyone can choose not to exercise their God-given unalienable rights, Couture said. We can choose not to assemble if that is our desire. What cannot occur is one man in a position of power deciding to strip us of our rights in the name of safety and without due process.
Another plaintiff, former Republican State Representative David W. Binford, said the order would prevent him from attending meetings of the Grafton County Republican Committee.
The AP reports that a judge on Wednesday denied the plaintiffs' request for an immediate injunction against the governor's order. A hearing is scheduled for Friday at the Merrimack County Superior Court.
""A spokesman for Sununu said Thursday that the emergency order is consistent with actions taken across the country and is clearly within the governors authority,"" the AP reports.
New Hampshire has 44 confirmed COVID-19 cases, according to a tally kept by Johns Hopkins University. Nationally, there are more than 14,000 confirmed casesup from about 100 at the start of the month.
New Hampshire's response to the coronavirus, of course, is not unusual. Across the country, cities, counties, and states have issued orders banning large gatherings, shutting down schools and restaurants, and in some cases ordering people to stay in their homes aside from a few essential activities."
13,"{'id': 'engadget', 'name': 'Engadget'}",Steve Dent,SNL's Brad Pitt cold open was shot with RED's prototype 6K camera,"Given the janky, improvised look of many TV shows during the COVID-19 lockdown, you may have noticed that SNL’s cold open last week, featuring Brad Pitt as Dr. Anthony Fauci, looked quite professional. As it turns out, that’s because it wasn’t shot on a smart…",https://www.engadget.com/snl-brad-pitt-anthony-fauci-red-komodo-6k-123147689.html,https://o.aolcdn.com/images/dims?resize=1200%2C630&crop=1200%2C630%2C0%2C0&quality=80&image_uri=https%3A%2F%2Fs.yimg.com%2Fos%2Fcreatr-uploaded-images%2F2020-04%2F7941d580-892e-11ea-aff9-276430fd016c&client=amp-blogside-v2&signature=344c5d9ddb411dcfb5626e258ffd952e7e7e4ee7,2020-04-28T13:25:47Z,"Given the janky, improvised look of many TV shows during the COVID-19 lockdown, you may have noticed that SNL’s cold open last week, featuring Brad Pitt as Dr. Anthony Fauci, looked quite professional. As it turns out, that’s because it wasn’t shot on a smartphone or laptop webcam, but with a prototype version of RED’s upcoming 6K Komodo camera.
Furthermore, it was shot by the president of RED himself, Jarred Land. In an Instagram post, Land said that he shot with Pitt as a “one man band,” using “cheese ball TV lighting on a janky green screen,” and having to reach around the lens to do his own slates."
14,"{'id': 'engadget', 'name': 'Engadget'}",Kris Holt,Fandango is buying Vudu's video service from Walmart,"Fandango has agreed to buy Vudu from Walmart for an undisclosed sum. Although Fandango has its own streaming platform, FandangoNow, it's not planning to shut down Vudu and roll it into that service. The Vudu app will remain available, and you'll still have ac…",https://www.engadget.com/fandango-vudu-deal-walmart-streaming-192652676.html,https://o.aolcdn.com/images/dims?resize=1200%2C630&crop=1200%2C630%2C0%2C0&quality=80&image_uri=https%3A%2F%2Fs.yimg.com%2Fos%2Fcreatr-uploaded-images%2F2020-04%2Faedf4420-833e-11ea-9aa5-f12a2e7b319b&client=amp-blogside-v2&signature=20295b6ed35c9c57973e6fff1f9e59b4567f6eab,2020-04-20T19:26:52Z,"Fandango isn't exactly selling many movie tickets right now, as almost all theaters (save for some drive-ins) are closed to prevent the spread of COVID-19. Streaming, on the other hand, is booming, so adding Vudu to the portfolio might help Fandango's bottom line in the long run. Comcast, which is the majority owner of Fandango, is in the midst of launching another streaming service: NBCUniversal's Peacock.
Rumors have been floating around for several months that Walmart was seeking a buyer for Vudu. NBCUniversal emerged as a potential suitor back in February."
15,"{'id': 'engadget', 'name': 'Engadget'}",Jon Fingas,Samsung brings six fitness apps to its smart TVs,"Many gym goers are still scrambling to find home workouts during the COVID-19 pandemic, and Samsung thinks it can help. It’s making six fitness and wellness apps available on its smart TVs in a “variety of regions” worldwide starting today. Barre3, Calm, Eche…",https://www.engadget.com/samsung-brings-fitness-apps-to-smart-tvs-130031285.html,https://o.aolcdn.com/images/dims?resize=1200%2C630&crop=1200%2C630%2C0%2C0&quality=80&image_uri=https%3A%2F%2Fs.yimg.com%2Fos%2Fcreatr-images%2F2020-04%2Fdb283690-8366-11ea-be4f-05e7422ae03a&client=amp-blogside-v2&signature=08199496490934e439476ac1844f4d9a8887ad35,2020-04-21T13:00:31Z,"Many gym goers are still scrambling to find home workouts during the COVID-19 pandemic, and Samsung thinks it can help. It’s making six fitness and wellness apps available on its smart TVs in a “variety of regions” worldwide starting today. Barre3, Calm, Echelon, Fitplan, Jillian Michaels Fitness App and Obé Fitness should help you stay in shape, in many cases with free classes and other perks. Jillian Michaels users will get an exclusive 28-day workout plan, for instance.
Whether or not you’ll have access largely depends on how recently you bought your TV. Most apps will require at least a 2018 Samsung TV (Fitplan needs at least a 2019 model), and people with 2020 sets may have to wait until Samsung Health integrates them in the summer. This won’t help much if you have an older set, unfortunately. If you do have a recent Samsung TV, though, this could make living room workouts and meditations much easier."
16,"{'id': 'engadget', 'name': 'Engadget'}",Mariella Moon,UCSF app want to use your biometric data to track the spread of coronavirus,"A new UC San Francisco initiative will give you a way to help advance our understanding of the coronavirus pandemic, even if you're not a scientist or a medical professional. The COVID-19 Citizen Science project welcomes contributions from anyone over 18, so …",https://www.engadget.com/2020-03-31-ucsf-app-citizen-science-covid-19.html,https://o.aolcdn.com/images/dims?resize=1200%2C630&crop=1200%2C630%2C0%2C0&quality=80&image_uri=https%3A%2F%2Fs.yimg.com%2Fuu%2Fapi%2Fres%2F1.2%2FyU.LBoRvqeo_ItJODYijKg--%7EB%2Fdz0xNjAwO2g9OTU4O2FwcGlkPXl0YWNoeW9u%2Fhttps%3A%2F%2Fo.aolcdn.com%2Fimages%2Fdims%3Fcrop%3D5067%252C3033%252C0%252C0%26quality%3D85%26format%3Djpg%26resize%3D1600%252C958%26image_uri%3Dhttps%3A%2F%2Fs.yimg.com%2Fos%2Fcreatr-images%2F2019-11%2F3c487630-00d4-11ea-bf61-bf69b45378bc%26client%3Da1acac3e1b3290917d92%26signature%3D76e8d68cb8ce52514249f23fb5478082aee7f118&client=amp-blogside-v2&signature=842ee95dde3f793bf4c54c518cfd1b57d395d472,2020-03-31T07:10:00Z,"To participate and download the app, you'll have to sign up for the project through UCSF's Eureka Research platform using your phone number. Upon installing the app, it will ask you to complete a 10-to-15 minute initial survey about your health and daily habits. After that, you'll get follow-up questions via push notifications and text messages every week over the next six months.
The app will give you the option to provide it with your near-constant location information -- the good news is that it's opt in, so just make sure not to activate it if you're concerned about privacy. Also, you'll soon be able share (if you want to) health data such as blood pressure, weight, exercise and sleep from Fitbit and other similar devices with the app.
Take note that if you consent to sharing your information, it will be included in a de-identified platform-wide data warehouse that is publicly available through a Data Use Agreement. And as previous studies (PDF) and health agencies warn (PDF), there remains a possibility that anonymized data can be still linked back to its source.
The spread of COVID-19 has been varied across regions, the physicians and scientists behind the project explained. We still don't have a full understanding of the factors that determine how the disease affects individuals and populations. The team is hoping that the project can provide researchers with the data they need to be able to figure out how the virus is spreading and to predict and reduce the number of infections."
17,"{'id': 'engadget', 'name': 'Engadget'}",Billy Steele,Recommended Reading: Zoom's security struggles,"'Every day is a crisis': Zoom boosts its security as scrutiny grows Cyrus Farivar and Jo Ling Kent, NBC News As many of us are working and attending school from home, Zoom has become a popular vehicle for video meetings and classroom sessions. During the last…",https://www.engadget.com/recommended-reading-zoom-security-struggles-140050098.html,https://o.aolcdn.com/images/dims?resize=1200%2C630&crop=1200%2C630%2C0%2C0&quality=80&image_uri=https%3A%2F%2Fs.yimg.com%2Fos%2Fcreatr-images%2F2020-04%2Fa75661f0-7b39-11ea-bfdf-e0734b890454&client=amp-blogside-v2&signature=379d4b4f4043868fb3daf2777f924b535bd1569e,2020-04-11T14:00:50Z,"James Trew, Playboy
A 23-year-old woman tells the story of how her Instagram posts were used to create a sex doll based on her appearance. When a follower alerted her to a forum about the matter, it began an insane series of events. In an era where deepfakes are commonplace, it seems the new fakes are “real” objects.
Andy Greenberg, Wired
There’s been a lot of talk about using smartphone apps to track the spread of COVID-19. However, each new proposal is almost immediately met with a list of privacy concerns. Wired has the details on three separate projects and how each one has the goal of helping the public without sacrificing privacy.
Sarah Frier, Bloomberg Businessweek
In an excerpt from her book No Filter, Frier chronicles how Facebook CEO Mark Zuckerberg drove away Instagram founder and CEO Kevin Systrom after the social network company acquired the photo-sharing app."
18,"{'id': 'engadget', 'name': 'Engadget'}",Christine Fisher,Microsoft makes its advanced account protection free for healthcare workers,"As if fighting the coronavirus pandemic weren’t challenging enough, cybercriminals are making things more difficult for healthcare providers and humanitarian groups. Attacks have already delayed COVID-19 testing and limited access to related healthcare guidan…",https://www.engadget.com/microsoft-accountguard-healthcare-covid19-142119866.html,https://o.aolcdn.com/images/dims?resize=1200%2C630&crop=1200%2C630%2C0%2C0&quality=80&image_uri=https%3A%2F%2Fs.yimg.com%2Fos%2Fcreatr-uploaded-images%2F2020-04%2F0bdf3cb0-7e59-11ea-b9fd-ed6240138315&client=amp-blogside-v2&signature=a54203e8f5357af5cfe0b2235031469e53dc818a,2020-04-14T14:21:19Z,"In addition to hospitals and clinics, care facilities, labs, clinicians and pharmaceutical, life sciences and medical device companies, can all sign up for the extended AccountGuard coverage. Through a pilot program, human rights organizations like Amnesty International, CyberPeace and Freedom House have already enrolled in the program. Healthcare organizations can sign up here, and human rights and humanitarian groups can sign up here.
Microsoft warns that most of the attacks on healthcare organizations during the coronavirus pandemic have been executed through email. Attacker often disguise malicious content as a message from an authority or medical equipment provider in order to obtain a person’s credentials or spread malware. Microsoft has also shared a guide to avoiding phishing attacks.
AccountGuard already protects nearly 100,000 email accounts, and it has made 1,450 threat notifications to its existing customers. It’s also working to secure voting machines with its related ElectionGuard tech."
19,"{'id': 'mashable', 'name': 'Mashable'}",Danica D'Souza,Where to buy a thermometer amid coronavirus shortages,"Thermometers are especially hard to find right now. With the outbreak of the coronavirus, nationwide retailers have sold out of them completely. However, here's where you can still find some. Read more... More about Health, Mashable Video, Thermometer, Corona…",https://mashable.com/video/buying-thermometer-amid-coronavirus-shortages/,https://mondrian.mashable.com/2020%252F03%252F31%252Fc6%252F641ca00d6ed444f6ba9d3488e35658e0.c3f0f.png%252F1200x630.png?signature=UsgV4Zy0V-nw4hUfiO8paEEK1QM=,2020-03-31T15:09:58Z,"Thermometers are especially hard to find right now. With the outbreak of the coronavirus, nationwide retailers have sold out of them completely. However, here's where you can still find some."
