,source,author,title,description,url,urlToImage,publishedAt,content
0,"{'id': 'cnn', 'name': 'CNN'}",Opinion by Amy Plasencia,Brooklyn doctor: What we need to feel safe,"Dr. Amy Plasencia, one of the many medical residents fighting Covid-19 in New York City, says she and other residents, interns and fellows who are on the front lines deserve better protections and a bill of rights to help keep them safe.",https://www.cnn.com/2020/04/03/opinions/doctors-fighting-covid-19-need-bill-of-rights-plasencia/index.html,https://cdn.cnn.com/cnnnext/dam/assets/200403104254-amy-plasencia-ppe-super-tease.jpeg,2020-04-03T20:27:34Z,"Dr. Amy Plasencia is the chief medical resident at Brookdale University Medical Center and executive vice president of the Committee of Interns and Residents, affiliated with the Service Employees International Union. The views expressed here are hers. Read more opinion on CNN.
 (CNN)Not long ago, my colleagues and I swore the Hippocratic Oath, which requires new physicians to uphold the highest ethical standards.
Now during what is likely the most significant health crisis in American history in the Covid-19 pandemic, the Service Employees International Union's Committee of Interns and Residents (CIR), which represents more than 17,000 interns, residents, and fellows across the United States, is demanding a bill of rights for resident physicians.
It would guarantee better working conditions, a living wage, and sick and family leave. We are also demanding no more than 80 working hours per week. If you think you read incorrectly, you did not. Many of us are currently working well beyond reasonable hours, and under grueling conditions. 
With America now leading the world in the highest number of confirmed Covid-19 cases, we are facing the most critical medical challenge in a century. But the cohort of medical professionals who are the heartbeat of the US health care system hospital interns, residents and fellows included is under a massive assault as they fight the disease. In the absence of a vaccine, the best protection the nation has is the protection of frontline medical professionals. That's why we urgently need a resident physicians bill of rights. 
Interns are doctors who have recently completed medical school, are in their first year of post-medical school training and cannot practice medicine unsupervised. Residents can practice as general practitioners and receive further training to learn specialized skills. Resident physicians face numerous challenges in their work and are often exploited; they earn low wages, work extraordinarily long shifts and often experience burnout. 
The Committee of Interns and Residents is calling on the health care industry, especially hospitals, the Accreditation Council for Graduate Medical Education (ACGME), specialty boards and elected officials, to acknowledge the rights of these young physicians. A bill of rights whose principles are enforced by US law can hold medical institutions accountable. Graduate medical education is currently self-governed by ACGME and individual institutions and needs external oversight to accomplish any real reform. The ACGME should institute the bill of rights, and there should be external enforcement by the US government.
A bill of rights would make our wellness a priority. Right now, many of us face inadequate staffing and support, stagnant wages, bureaucratic dysfunction and unequal or declining access to our own care. Even as we work hours above and beyond most full-time workers, we are not considered full-time employees, and are denied the opportunity to unionize and negotiate a better way forward. 
Too often the rights of these men and women who sacrifice their own well-being to care for others are denied. Hospitals are facing severe shortages in personal protective equipment, ventilators, and ICU beds, and more and more health care workers are becoming infected. US schools are joining European countries graduating or considering graduating final-year medical students to join the ranks of the coronavirus fight. 
In turn, it's time for society to ensure the highest quality protection for health care employees. The efficiency and success of care begins with acknowledging the needs of those performing life-saving medicine. We are at patients' bedsides in the ICU. We perform intubations and connect people to IVs. We read test results and write admission notes and discharge summaries.
First-year medical residents work up to 28-hour shifts, literally not sleeping. They are on the floors for 24 hours, and then the remaining four hours are spent on education, patient safety/quality improvement, and reporting patient status to the following team. In my experience and that of our members, these shifts occur every fourth night. There is an 80-hour cap on resident work weeks, but national studies demonstrate that residents underreport their working hours 60% of the time on average, largely to complete administrative tasks. 
Many resident physicians face huge financial burdens and must pay off student loans. The average medical student graduates with $200,000 of debt. Moreover, the number of patients admitted at teaching hospitals rose 46% from 1990 to 2010, even though the number of residency spots increased only 13%. The pressures of the job take an enormous toll on physicians' physical and emotional well-being.
According to surveys and academic literature, doctors are twice as likely to commit suicide than those in other professions. One in 10 fourth-year medical students and first-year resident physicians report having suicidal thoughts, according to SEIU's collection of data from members and medical journals. More than a quarter report having fallen asleep at the wheel after being on call, according to the same data collection. 
The unprecedented nature of this crisis the need for sophisticated protective measures and a shortage of supplies and medicines means increased vulnerability for already fatigued staff. That puts patients at greater risk than ever. 
We must move rapidly to revitalize frontline workers, bolster their mental preparedness, and teach essential new critical skills. It's time to fortify these rights for the future, as fundamental principles of equity. Establishing these rights will result in a more robust health care system prepared to conquer Covid-19 and the generation of health challenges it will bring."
1,"{'id': 'cnn', 'name': 'CNN'}",Opinion by Samantha Vinograd,Opinion: Trump's negative coronavirus test doesn't put him in the clear,Donald Trump's coronavirus test came back negative after his exposure to an infected Brazilian official. But that doesn't guarantee a clean Covid-19 bill of health going forward. Because of the President's ongoing contact with countless numbers of people -- i…,https://www.cnn.com/2020/03/15/opinions/coronavirus-trump-testing-vinograd/index.html,https://cdn.cnn.com/cnnnext/dam/assets/200314165357-trump-se-hace-la-prueba-del-coronavirus-sot-00000000-super-tease.jpg,2020-03-15T22:52:40Z,"Samantha Vinograd is a CNN national security analyst. She is a senior adviser at the University of Delaware's Biden Institute, which is not affiliated with the Biden campaign. Vinograd served on President Barack Obama's National Security Council from 2009 to 2013 and at the Treasury Department under President George W. Bush. Follow her @sam_vinograd. The views expressed in this commentary are her own. View more opinion articles on CNN.
 (CNN)Donald Trump's coronavirus test came back negative after his exposure to an infected Brazilian official. But that doesn't guarantee a clean Covid-19 bill of health going forward. Because of the President's ongoing contact with countless numbers of people -- including White House staff -- he should be regularly screened and tested as appropriate. 
Hopefully, he will now start following US Centers for Disease Control and Prevention guidelines to avoid turning the White House into a hot spot for infection. 
The White House indeed showed some signs of added caution this weekend.
On Sunday, a doctor took the temperatures of the coronavirus task force members before they met and on Saturday journalists had to be checked for fever minutes before entering the briefing room for Trump's press conference. It's unclear if this new screening process will be applied consistently to White House staff, but in a time of crisis it is prudent to try to mitigate risk.
Overall, it's clear that Trump has taken unnecessary risks both with his own health and those around him by his refusal to get expeditiously tested after a confirmed exposure. Doctors have warned that people can be infected without running a fever. 
A President's health is paramount -- it is critical to his ability to fully perform his responsibilities. Given the close quarters at the White House, it is imperative that the President protects himself and safeguards the health of those around him, whether it be staff, members of the American public or high-level foreign officials. POTUS as virus spreader is a situation everyone should want to avoid.
Even absent a pandemic, a president should be regularly monitored and screened for infection. I know from personal experience that the President is usually accompanied by a physician when he travels. During a health crisis like Covid-19, the President should be extra cautious about protecting himself from exposure and getting regularly screened and tested in line with existing guidelines.
Any president should lead by example -- especially during a crisis.
Instead, this time around, we have a President flouting the guidance the CDC is giving to millions of Americans. At 73, he's part of a high-risk group. Yet he resisted getting tested immediately despite being in close contact with people with the virus. His physician claimed he did not need to get checked (although the White House now says that he did) or self-quarantine because he wasn't showing symptoms -- despite the CDC and other officials saying that some patients are asymptomatic.
And, with millions of people watching during a press conference on coronavirus, on Friday he personally engaged in the very behavior the CDC is warning against, like shaking hands and standing very close to people.
He may have tweeted on Saturday about ""social distancing"" but he's doing just the opposite. At all times, and especially during a complex crisis, presidential actions speak louder than words (or tweets).
 It's fortunate for all who had contact with him that he reportedly tested negative, but trying to imagine what would happen if Americans followed the President's lead is terrifying.
 If anyone wants misinformation during this national emergency, they need go no further than Twitter feed or the statements he makes at press conferences. Every day, he is sharing inaccurate information and lying about his own administration's strategy, as well as the actions of his perceived rivals, including his predecessor President Barack Obama
Whether it's talking about websites and tests that aren't widely available, or getting key details about a travel ban wrong, Trump poses health hazard to the American people. By failing to communicate clear and accurate information, he's confusing people about where and how to get potentially lifesaving testing.
A president should reassure the public during a crisis, not cause panic.
Nor is he showing any accountability. On Friday, he said he has no responsibility when it comes to our lack of preparedness -- even though this is happening on his watch. Plus, when pressed about why he closed the White House National Security Council directorate for global health and security -- charged with preventing and preparing for the next pandemic -- he threw his team under the bus, saying he personally didn't shut the office and pointing the finger at the people, rather than acknowledging any knowledge about why the office was shut down.
Back in February, he said the office was no longer needed. The office was shut down pursuant to guidance from then national security adviser John Bolton -- and typically presidents are briefed about NSC reorganizations. 
Trump broadcasting his lack of knowledge about key staff decisions isn't helpful and it doesn't address the fact that since the directorate was shut down in 2018 he hasn't pushed to increase personnel despite public warnings about pandemics -- including from the intelligence community -- over the last few years. Trump's scapegoating members of his own team just doesn't cut it -- he was grossly negligent when it came to getting ready for a new virus.
Presidents are entrusted to keep their citizens safe. When millions of Americans vote in November, they should consider whether they want to reelect a man who so willfully could put their health at risk."
2,"{'id': 'business-insider', 'name': 'Business Insider'}",Gina Heeb,Wall Street is certain the Fed will slash interest rates next month. But a key official says that will only happen if the coronavirus becomes a pandemic.,St. Louis Federal Reserve President James Bullard said Friday that interest rates would be cut only if the coronavirus worsened. The comments were the latest sign the central bank would maintain a wait-and-see approach to the outbreak. But Wall Street expecta…,https://markets.businessinsider.com/news/stocks/wall-street-certain-rate-cuts-coming-fed-says-possible-pandemic-2020-2-1028950309,https://images.markets.businessinsider.com/image/5d28a9d2a17d6c743f1720f2-2400/2019-06-19t185226z2000987639rc1fbae46d00rtrmadp3usa-fed.jpg,2020-02-28T15:35:35Z,"REUTERS/Lucas Jackson
<ul><li>St. Louis Federal Reserve President James Bullard said Friday that interest rates would be cut only if the coronavirus worsened.</li><li>The comments were the latest sign the central bank would maintain a wait-and-see approach to the outbreak.</li><li>But Wall Street expectations for rate cuts have risen dramatically in recent days. </li><li>Visit the Business Insider homepage for more stories.</li></ul>
St. Louis Federal Reserve President James Bullard said Friday that interest rates would be cut only if the coronavirus worsened, the latest sign the central bank would maintain a wait-and-see approach to the outbreak.
""Further policy rate cuts are a possibility if a global pandemic actually develops with health effects approaching the scale of ordinary influenza, but this is not the baseline case at this time,"" Bullard said in remarks prepared for a presentation in Arkansas. 
Other policymakers have said they would closely monitor the respiratory illness COVID-19 but emphasized it was too soon to determine whether the central bank would need to step in. Stocks suffered their worst week since the 2008 financial crisis after the government warned on Tuesday that it would almost certainly spread through communities in the US. 
The World Health Organization has warned that the illness, which rapidly spread to more than four dozen countries over a period of days, has the potential to be labeled a pandemic. With stringent restrictions on travel and commerce and growing concerns about the outbreak, economists have lowered growth forecasts sharply for the year. 
Wall Street expectations for rate cuts have risen dramatically in recent days. Markets are currently pricing in a 100% chance that the central bank will lower its benchmark interest rate in March, according to the closely watched CME FedWatch tool."
3,"{'id': 'business-insider', 'name': 'Business Insider'}",John Haltiwanger,40% of Americans don't think the US government is prepared to handle coronavirus,"40% of Americans said they do not feel the US government is sufficiently prepared to handle coronavirus cases, according to a new Insider poll. Only 7% said the feel the US government is ""extremely prepared."" Public health experts have said that President Don…",https://www.businessinsider.com/40-percent-americans-dont-think-us-government-prepared-for-coronavirus-2020-2,https://i.insider.com/5e594df7fee23d030d69ec68?width=1200&format=jpeg,2020-02-28T17:49:42Z,"Roughly four-in-10 Americans do not feel that the US government is prepared to handle the COVID-19, the disease caused by the novel coronavirus, according to a new Insider poll. 
Poll participants were asked: Do you feel the US government is sufficiently prepared to handle coronavirus cases?
Only 7% said they felt the government is ""extremely prepared,"" while 12% said ""very prepared.""
Comparatively, 24% said ""not so prepared"" and 16% said ""not prepared at all.""
Here's a full breakdown of how Americans responded to the question of how prepared they feel the US government is for coronavirus:
<ul><li>7% said ""extremely prepared""</li><li>12% said ""very prepared""</li><li>33% said ""somewhat prepared""</li><li>24% said ""not so prepared""</li><li>16% said ""not at all prepared""</li><li>7% said ""I don't know""</li></ul>This polling seems to bolster warnings from public health experts that President Donald Trump's history of lying about public health crises could strongly undermine his credibility as the US braces for coronavirus. 
The Trump administration has faced bipartisan criticism as it's sought to downplay the potential impact of coronavirus in the US, even as the Centers for Disease Control and Prevention have warned that the spread is inevitable and Americans should prepare for ""severe"" disruptions. 
Trump has tapped Vice President Mike Pence to handle the government's approach to the crisis, but this has not raised confidence levels among congressional Democrats and experts who point to Pence's record of ignoring science during his time as governor of Indiana. 
SurveyMonkey Audience polls from a national sample balanced by census data of age and gender. Respondents are incentivized to complete surveys through charitable contributions. Generally speaking, digital polling tends to skew toward people with access to the internet. SurveyMonkey Audience doesn't try to weigh its sample based on race or income. A total of 1,051 respondents were collected February 27, 2020, a margin of error plus or minus 3.09 percentage points with a 95% confidence level."
4,"{'id': 'engadget', 'name': 'Engadget'}",Jon Fingas,Fox Sports will air a 'Madden NFL 20' tournament on March 29th,"Fox Sports' NASCAR esports race was a success, and it's betting that it can repeat that achievement with football. FS1 is planning to air its first ever Fox Esports Madden NFL Invitational on March 29th at 7PM Eastern. The two-hour event will pit players (rem…",https://www.engadget.com/2020-03-28-fox-sports-will-air-a-madden-nfl-tournament-on-march-29th.html,https://o.aolcdn.com/images/dims?resize=1200%2C630&crop=1200%2C630%2C0%2C0&quality=80&image_uri=https%3A%2F%2Fs.yimg.com%2Fuu%2Fapi%2Fres%2F1.2%2Fw1400HvbpAWH1DihEN2_cg--%7EB%2Fdz0xNjAwO2g9MTA2NzthcHBpZD15dGFjaHlvbg--%2Fhttps%3A%2F%2Fo.aolcdn.com%2Fimages%2Fdims%3Fcrop%3D4000%252C2667%252C0%252C0%26quality%3D85%26format%3Djpg%26resize%3D1600%252C1067%26image_uri%3Dhttps%3A%2F%2Fs.yimg.com%2Fos%2Fcreatr-images%2F2020-03%2F134cd2d0-7122-11ea-b52e-6021831306d0%26client%3Da1acac3e1b3290917d92%26signature%3D62bbb59d682336f1a846888ef815ed3e07f63c44&client=amp-blogside-v2&signature=124ba35f59c7a80a258799a39e5d7b7ce7c65147,2020-03-28T20:03:00Z,"The event will also encourage donations to the CDC Foundation's efforts to fight the COVID-19 pandemic.
As with the NASCAR event, this is prompted in part by desperation. The absence of conventional sports has left Fox without much of its live programming. While the situation isn't as dire as it is for stock car racing (the NFL season isn't due to start for months), this gives Fox something to reel in viewers who'd otherwise have to wait a while to see live sports. If the Madden tourney is successful, it could lead to more virtual sports during the downtime and might expose many more people to esports."
5,"{'id': 'engadget', 'name': 'Engadget'}",Steve Dent,The next ‘Fortnite’ season has been delayed until June 4th,"Epic Games will extend the current Fortnite season by an extra month, marking the second season in a row to be delayed. The third season of Chapter 2 will now launch on June 4th rather than May 1st as originally planned, Epic announced. Epic launched Chapter …",https://www.engadget.com/fortnite-season-3-delayed-extended-content-103007719.html,https://o.aolcdn.com/images/dims?resize=1200%2C630&crop=1200%2C630%2C0%2C0&quality=80&image_uri=https%3A%2F%2Fs.yimg.com%2Fos%2Fcreatr-uploaded-images%2F2020-04%2F13b7cde0-7efd-11ea-bbef-2a5c5100b3da&client=amp-blogside-v2&signature=2fcb6ba94112f9a1a65b2b9eb3bb792bcad8281f,2020-04-15T10:30:07Z,"The company didn’t spell out the reason for the delay, though it might be because Fortnite’s North Carolina employees have been working from home due to COVID-19. Epic has also cancelled all of its pro Fortnite tournaments. 
To make up for the delay, however, the Fortnite team said it had “multiple game updates on the way that will deliver fresh gameplay, new challenges, bonus XP and a couple more surprises!” There’s no word on when those will arrive, but the team said it would provide updates on its social media channels."
6,"{'id': 'engadget', 'name': 'Engadget'}",Jon Fingas,Apple says its retail stores are closed 'until further notice',"Apple may have been optimistic when it said that its stores would be closed until March 27th. The iPhone maker has posted a message on its site telling visitors that its retail locations are ""closed until further notice"" as it contends with the coronavirus pa…",https://www.engadget.com/2020/03/17/apple-says-retail-stores-closed-until-further-notice/,https://o.aolcdn.com/images/dims?resize=1200%2C630&crop=1200%2C630%2C0%2C0&quality=80&image_uri=https%3A%2F%2Fo.aolcdn.com%2Fimages%2Fdims%3Fcrop%3D5893%252C3929%252C0%252C0%26quality%3D85%26format%3Djpg%26resize%3D1600%252C1067%26image_uri%3Dhttps%253A%252F%252Fs.yimg.com%252Fos%252Fcreatr-images%252F2020-03%252F9a69bc90-6873-11ea-b5f7-2a2e239a51e6%26client%3Da1acac3e1b3290917d92%26signature%3D051f5ed18a52e863df0df57e77c34aab2cd38f40&client=amp-blogside-v2&signature=c0f4c2ca3e378aa4f24df5ba156b0296230137ec,2020-03-17T17:48:00Z,"A longer shutdown would make sense in light of the evolving COVID-19 situation. Many governments have been locking down some or all of their infrastructure to prevent the spread of the virus, and there's a possibility that many enforcement measures both public and private could last for several weeks or more. AMC, for instance, said it would shutter its movie theaters for six to 12 weeks. Apple may not want to promise a return to normalcy until it's sure its stores can stay open."
7,"{'id': 'abc-news', 'name': 'ABC News'}",William Mansell,High school student latest coronavirus community spread victim,A high school student in Washington is the latest person in the U.S. confirmed to have the coronavirus.,https://abcnews.go.com/US/high-school-student-washington-latest-coronavirus-community-spread/story?id=69301655,https://s.abcnews.com/images/US/1204040043-022920_hpMain_20200229-024812_16x9_992.jpg,2020-02-29T11:45:01Z,"A high school student in the state of Washington is the latest U.S. resident to preliminary test positive for the coronavirus and is part of a growing group of victims that were diagnosed with COVID-19 due to community spread.
Health officials in Snohomish County, Washington, said the student became ill Monday with a fever, body aches and a headache. He was seen at two different clinics in the county, however, as the student felt better, they attempted to return to Jackson High School on Friday.
Coronavirus test results for the student, officials said, then came back ""presumptive positive,"" and the student returned home before attending class.
""The individual is currently in home isolation and is doing well,"" Dr. Chris Spitters, interim health officer for the Snohomish Health District, said at a press conference Friday.
Spitters said the student did not travel to areas associated with coronavirus outbreaks, nor did they have known contact with someone diagnosed with the virus. This means the student is the fourth known U.S. case of community spread, which means a person who is diagnosed with a virus without having known contact with an area or person associated with the virus.
A support operations tent is seen at a earmarked quarantine site for healthy people potentially exposed to novel coronavirus, behind Washington State Public Health Laboratories in Shoreline, north of Seattle, Washington, U.S. February 28, 2020.
A support operations tent is seen at a earmarked quarantine site for healthy people potentially exposed to novel coronavirus, behind Washington State Public Health Laboratories in Shoreline, north of Seattle, Washington, U.S. February 28, 2020.David Ryder/Reuters
The school district, health officials said, has notified students and staff that may have had close contact with the infected student. Most of them will be quarantined at home for 14 days and the school will be sanitized over the weekend and be closed on Monday.
The student was the second person in the state diagnosed with COVID-19 Friday. A woman in her 50s returned from traveling in Daegu, South Korea, on Sunday, Feb. 23. She returned to work on Tuesday, where she had symptoms by the end of the day, according to Dr. Jeff Duchin, health officer for Public Health Seattle &amp; King County.
A majority of the more than 2,300 positive coronavirus cases in South Korea have been linked to a secretive religious sect in the city of Daegu.
Duchin said the woman's COVID-19 test results came back preliminary positive on Thursday.
""Given the extent of global spread, we expect to identify more individuals with COVID-19 in Washington,"" Washington state Health Officer Dr. Kathy Lofy said in a statement Friday.
The coronavirus, which the World Health Organization has declared a global health emergency, has led to 2,924 deaths, among more than 85,000 cases globally.
Oregon school employee on Friday was diagnosed with a case of coronavirus with an unknown origin. That person joined two others in California who were previously diagnosed with COVID-19 through community spread this week.
In the U.S., there are 66 patients diagnosed with the novel coronavirus, most of which are from those repatriated from the quarantined Diamond Princess cruise ship that docked off the coast of Japan. The Centers for Disease Control and Prevention lists 62 confirmed cases; four ""unconfirmed"" patients tested positive in their states and those results need to be confirmed by the CDC before being included in its numbers.
In California, the city of Costa Mesa won a battle against the federal government Friday night when it withdrew its request to transfer infected coronavirus patients from the Diamond Princess to a quarantine facility in the town.
""This is a victory for the citizens of Costa Mesa and Orange County,"" Costa Mesa Mayor Katrina Foley said in a statement Friday night. ""But the government has not promised not to place future infected persons there, so the battle is not over.""
Without much warning, and no input, last week, the city said it learned people with COVID-19 would be transferred to a soon to be designated quarantine facility. It quickly filed suit to halt the transfers.
""We continue to be troubled by the lack of information from the agencies we all need to trust to keep us safe,"" Foley said. ""While the risk of infection is low, this is an international public health emergency and we need answers.""
ABC News' Timmy Truong, Morgan Winsor and Erin Schumaker contributed to this report."
8,"{'id': 'engadget', 'name': 'Engadget'}",Jon Fingas,Amazon keeps French warehouses closed in standoff over health protections,Amazon is extending its warehouse closures in France as it grapples with COVID-19 safety measures. The internet retailer is now set to keep its six facilities closed until at least April 22nd while it engages in a legal standoff with unions over health precau…,https://www.engadget.com/amazon-extends-france-warehouse-closures-171128457.html,https://o.aolcdn.com/images/dims?resize=1200%2C630&crop=1200%2C630%2C0%2C0&quality=80&image_uri=https%3A%2F%2Fs.yimg.com%2Fos%2Fcreatr-images%2F2020-03%2Fc9270650-6e6d-11ea-9fff-91f280fa2779&client=amp-blogside-v2&signature=c3c955bdffcb1f7ba841bd474fc59a327362d1a5,2020-04-19T17:11:28Z,"Amazon is extending its warehouse closures in France as it grapples with COVID-19 safety measures. The internet retailer is now set to keep its six facilities closed until at least April 22nd while it engages in a legal standoff with unions over health precautions. It had previously said the closures would last until at least April 20th, but was “waiting with interest” on an appeal (due April 21st) challenging a court case alleging inadequate protections against the new coronavirus.
The company closed the warehouses soon after a French court ordered it to only fulfill essential orders. Amazon said it took the drastic step as it didn’t believe the order was clear and wanted to avoid fines."
9,"{'id': 'engadget', 'name': 'Engadget'}",Jon Fingas,Streaming-only movies will be eligible for awards at the 2021 Oscars,"The Academy of Motion Picture Arts and Sciences is easing up on its opposition to streaming movies, however temporarily. Its board of governors has approved a rule change that will make digital-only movies eligible to win Oscars, but just for the current awar…",https://www.engadget.com/streaming-only-movies-can-win-oscars-215555845.html,https://o.aolcdn.com/images/dims?resize=1200%2C630&crop=1200%2C630%2C0%2C0&quality=80&image_uri=https%3A%2F%2Fs.yimg.com%2Fos%2Fcreatr-images%2F2020-02%2F78752e80-49e7-11ea-b595-9316a54f81bc&client=amp-blogside-v2&signature=95438986fd7291b70d7094dae671b4918370ff55,2020-04-28T21:55:55Z,"The Academy of Motion Picture Arts and Sciences is easing up on its opposition to streaming movies, however temporarily. Its board of governors has approved a rule change that will make digital-only movies eligible to win Oscars, but just for the current awards year. There’s no mystery as to why. With the COVID-19 pandemic forcing theaters in Los Angeles (and much of the world) to close, the Academy can’t insist that movies show on big screens for a week before they qualify.
Don’t expect this to change minds, however. Academy leaders Dawn Hudson and David Rubin maintained that there was “no greater way” to experience movies than at a theater, and that this was meant to support “members and colleagues during this time of uncertainty.” When it’s safe to resume theater screenings, the Academy will allow movies that exhibit in cities beyond LA, including Atlanta, Chicago, Miami, New York City and the San Francisco Bay Area."
10,"{'id': 'engadget', 'name': 'Engadget'}",Richard Lawler,Nintendo is reportedly ramping up Switch production to meet demand,"The Nintendo Switch is harder to find than ever right now, as social distancing efforts to fight the spread of COVID-19 have driven up demand for the game system while also impeding production. Nintendo first acknowledged the issues in February when it postpo…",https://www.engadget.com/nintendo-switch-shortage-animal-crossing-031402884.html,https://o.aolcdn.com/images/dims?resize=1200%2C630&crop=1200%2C630%2C0%2C0&quality=80&image_uri=https%3A%2F%2Fs.yimg.com%2Fos%2Fcreatr-images%2F2020-04%2F4ab50ed0-837a-11ea-bbf5-c35ab9b53a42&client=amp-blogside-v2&signature=81ecc442e107d876fcae2339af69a7839553fd6d,2020-04-21T03:14:02Z,"The Nintendo Switch is harder to find than ever right now, as social distancing efforts to fight the spread of COVID-19 have driven up demand for the game system while also impeding production. Nintendo first acknowledged the issues in February when it postponed deliveries for the Animal Crossing-themed Switch system in Japan, however just last week it said those consoles will ship at the end of this month.
However, Eurogamer points out an article in the Nikkei Asian Review paper citing suppliers who said that they’ve received orders covering the April - June period that are as much as 50 percent higher than expected. According to their sources, the company plans to raise Switch production for the year to about 10 percent more than the 20 million or so consoles it made in 2019."
11,"{'id': 'engadget', 'name': 'Engadget'}",Steve Dent,Now is the time to grab a cheap Google-powered smart display,"Google-powered smart displays can be handy during the COVID-19 lockdown for not only music and information chores, but letting you communicate with loved ones. As it happens, a couple of the models are on sale today, including Google’s Nest Hub Smart Assistan…",https://www.engadget.com/google-smart-display-nest-hub-lenovo-smart-clock-123538389.html,https://o.aolcdn.com/images/dims?resize=1200%2C630&crop=1200%2C630%2C0%2C0&quality=80&image_uri=https%3A%2F%2Fs.yimg.com%2Fos%2Fcreatr-uploaded-images%2F2020-04%2F86a6b330-82fd-11ea-af37-0b2292d53ebf&client=amp-blogside-v2&signature=5352d5f5945fabeebbb721c6f1dd99c48e361f15,2020-04-20T12:35:38Z,"Google-powered smart displays can be handy during the COVID-19 lockdown for not only music and information chores, but letting you communicate with loved ones. As it happens, a couple of the models are on sale today, including Google’s Nest Hub Smart Assistant and Lenovo’s Smart Clock.
The 7-inch Nest Hub was our editors pick for 2020 and is available on HSN for the deal we saw in January at two for the price of one. That means you could keep one and send the other to a friend or family member so that you can stay in touch using Google’s Duo — but only via audio, since it has no camera. It offers numerous other features, though, letting you play YouTube videos, get step-by-step cooking instructions, control your smart home and check your Nest cameras."
12,"{'id': 'engadget', 'name': 'Engadget'}",Jon Fingas,Australia will make Facebook and Google pay for news content,"Internet giants are about to face more government oversight in Australia. The country has ordered its Competition and Consumer Commission (ACCC) to create a mandatory code of conduct that would ask Facebook, Google and others to pay news outlets when they use…",https://www.engadget.com/australia-mandary-code-facebook-google-222054528.html,https://o.aolcdn.com/images/dims?resize=1200%2C630&crop=1200%2C630%2C0%2C0&quality=80&image_uri=https%3A%2F%2Fs.yimg.com%2Fos%2Fcreatr-images%2F2020-04%2Fd7407e80-8289-11ea-9f64-89b7807299f1&client=amp-blogside-v2&signature=016e46bdd06b78c3b0096219fe8b90beea5f65f8,2020-04-19T22:20:54Z,"Internet giants are about to face more government oversight in Australia. The country has ordered its Competition and Consumer Commission (ACCC) to create a mandatory code of conduct that would ask Facebook, Google and others to pay news outlets when they use its content. The code would also dictate data sharing, news ranking and revenue sharing. There will be penalties if companies don’t follow through, as well as a binding resolution process for any disputes.
Officials had been negotiating a voluntary code, but the COVID-19 pandemic and the sudden hit to ad revenue prompted the shift to a mandatory system. The ACCC also said that it was “unlikely” tech companies would come to a voluntary agreement on payments. Government treasurer Josh Frydenberg, meanwhile, argued that it was “only fair” that news outlets got paid fo the work they were creating."
13,"{'id': 'abc-news', 'name': 'ABC News'}",Julia Jacobo,"Global death toll of coronavirus reaches nearly 3,000","The global death toll of coronavirus has reached nearly 3,000 people as countries around the world continue to report their findings to the World Health Organization.",https://abcnews.go.com/US/global-death-toll-coronavirus-reaches-3000-confirmed-cases/story?id=69319279,https://s.abcnews.com/images/International/coronavirus-1-gty-er-200301_hpMain_16x9_992.jpg,2020-03-01T15:08:53Z,"The global death toll of coronavirus has reached nearly 3,000 people as countries around the world continue to report their findings to the World Health Organization.
At least 70 cases and one death have been detected in the U.S., according to the Centers for Disease Control and Prevention.
Here is how the situation is unfolding on Saturday (all times eastern).
10:12 a.m. 1st presumptive case of coronavirus detected in Rhode Island
The Rhode Island Department of Health has announced the first presumptive positive case of coronavirus in the state.
The patient is in his or her 40s and had traveled to Italy in mid-February and had limited travel within the state -- and not returned to work -- since arriving back in the U.S., according to the health agency.
All infection protocols are being followed at the hospital where the patient is being treated.
""The Rhode Island Department of Health has been preparing for weeks to ensure that we have a structure in place to, to the best of our ability, limit or prevent the spread of COVID-19 in Rhode Island. We fully anticipated having a first case of COVID-19,"" said Nicole Alexander-Scott, director of the Rhode Island Department of Health, in a statement. ""We are not seeing widespread community transmission in Rhode Island, and the general level of risk for Rhode Islanders is still low. However, everyone in Rhode Island has a role to play in helping us prevent the spread of viruses, just like the flu. It is very important that people wash their hands regularly, cover their coughs and sneezes, and stay home if they are sick.""
9:19 a.m. U.S. Surgeon General releases information to ""stop the spread of rumors""
The U.S. Surgeon General has released a thread of information on Twitter to prevent the spread of misinformation on the coronavirus.
The first issue the agency tackled was the apparent racism against Asian Americans that has been spreading as a result of the virus.
""Diseases can make anyone sick regardless of their race or ethnicity,"" the tweet read. ""People of Asian descent, including Chinese Americans, are not more likely to get COVID19 than any other American.""
The Surgeon General also said that while the disease is serious, immediate health risk to the general public is ""considered low"" and reminded people to know the signs and symptoms of the virus as well as the steps to take to keep you and those around you safe.
Earlier
One death has been recorded in the U.S. after a man in his 50s succumbed to the virus in Washington State, officials announced on Saturday.
Washington state is also looking into a number of illnesses at a long-term care facility, health officials said.
There have been 87,138 confirmed cases of COVID-19 in at least 60 countries and 2,980 deaths, according to the latest figures released by WHO.
On Sunday, Iran's Health Ministry raised the number of people who died from the virus to 54 after the tally of infected jumped overnight to 978, The Associated Press reported.
Symptoms of the coronavirus are similar to pneumonia, and can range from mild symptoms, like a slight cough, to more severe symptoms, including fever and difficulty breathing, according to the CDC.
The first cases of COVID-19 were believed to be linked to a live-animal market in China, but the virus has since been spreading from person to person -- likely within close contact of at least 6 feet.
The CDC doesnt currently recommend any healthy person wear a face mask, as fiddling with the mask could risk more exposure of hands to the face.
ABC News' Alexandra Faul and Erin Schumaker contributed to this report."
14,"{'id': 'nhl-news', 'name': 'NHL News'}",Ottawa Senators,A second Sens player tests positive for COVID-19 - Ottawa Senators,A second Sens player tests positive for COVID-19 Ottawa Senators Second Senators player tests positive for COVID-19 TSN Senators announce 2nd player dealing with coronavirus CBC.ca Second Ottawa Senators player tests positive for COVID-19 CTV News COVID-19: A…,https://www.nhl.com/senators/news/a-second-sens-player-tests-positive-for-covid-19/c-316244340,https://nhl.bamcontent.com/images/photos/316244980/1024x576/cut.jpg,2020-03-21T17:10:04Z,"A second Ottawa Senators player has tested positive for COVID-19. The player was part of the recent away trip that included games in San Jose, Anaheim and Los Angeles.The total number of people that travelled with the club is 52, including players, staff, media, guests and flight crew. Of those on the trip, 44 have shown no symptoms, eight people have been tested, and two positive results were received. We are awaiting the results from tests that took place on Wednesday, Thursday and Friday.
Everyone who took part in the Ottawa Senators trip to California was instructed to self-quarantine on Friday, March 13th and remain so.
The Ottawa Senators' medical team is actively monitoring players and staff and following all appropriate and professional guidelines to help ensure the health and safety of our employees and the greater community.  
To be fully transparent with our fans and stakeholders, we will continue to provide periodic updates as appropriate, while maintaining the privacy of the individuals impacted.
_______________________
Please find FAQsStatus of scheduled event"
15,"{'id': 'ars-technica', 'name': 'Ars Technica'}",Nathan Mattise,The only little movie screen in the capital of Texas,COVID-19 cancelled SXSW and left filmmakers out to dry—until a small drive-in stepped in.,https://arstechnica.com/gaming/2020/03/the-only-little-movie-screen-in-the-capital-of-texas/,https://cdn.arstechnica.net/wp-content/uploads/2020/03/IMG_20200317_194737-760x380.jpg,2020-03-22T13:00:13Z,"0 with 0 posters participating
<ul><li>
 It may not look like much, but here is a small slice of cinematic and social normalcy in these crazy times: the Blue Starlite Mini Urban Drive-in. 
</li><li>
 The poster for an unusual event: some genuine big film-festival premieres at your neighborhood drive-in. 
</li></ul>
AUSTIN, TexasFor a brief period of time on Tuesday evening, the debates in one particular part of East Austin could be blissfully trivial again: sit inside or outside? Want Milk Duds or Buncha Crunch?
And which one was bestthe one about the pregnancy or the one involving waffles?
The rapidly evolving situation surrounding COVID-19, aka the coronavirus, has impacted seemingly everyone and everything by this point in time. But among those impacted by this virus, the film fraternity in Central Texas stood as one of the first US communities hit hard in the public spotlight. On March 6, Austin Mayor Steve Adler walked to the podium and declared the state of emergency that effectively canceled South by Southwest for the first time in the festival's 34-year history. And within days, health officials rapidly shrank recommended gathering sizes from 2,500 to 250 to 50 to no more than 10. Fans, filmmakers, and everyone in the broader industry both here and afar suddenly not only lost one of their annual linchpins for business and pleasure, they lost virtually all cinematic experiences.
So the day after Adler's proclamation, Josh Frank floated his idea on Facebook. Any filmmakers want to still air their stuff at my drive-in? Twenty-plus emails and 10 days later, the Blue Starlite Mini Urban Drive-In opened up its screen this week for the first of four evenings of ""SXSocial Distance: A Night of Short Films.""
""Originally I was going to put the Facebook post up and, if no filmmakers reached out, I was going to let it go,"" Frank, the founder and owner of the Blue Starlite, tells Ars. ""But Tim [Norfolk, one of only a handful of drive-in employees] was so enthusiastic about the idea, it made me more enthusiasticI guess this kind of matters, it's not a throwaway idea.
""So I kind of expected this to happen, but the feature [films] didn't write back. Features aren't going to do a throwaway event because festivals want to say it's the world premiere or the US premiere. But I started getting emails back from the shorts, which makes sense. Those are the guys that are the most fucked. They have the hardest time getting any attention, and this festival and the newsworthiness of that premiere would've been huge to them. So they realized it could be salvaged: they could still show their movies in Austin and also do something newsworthy. Maybe they didn't get to show at SXSW, but a drive-in offered its screens.""
A brief visual history of the Blue Starlite in Austin
After founding the space in 2010, Frank and the Blue Starlite team entered this year ready to celebrate their 10th anniversary in the fall. With two adult passes and a BYO-everything car costing just north of $20, it's always been among the more affordable places to catch a film. But now, out of roughly 5,800 movie theaters in the United States (approximately 320 of which are drive-ins), this venue remains one of only places in the country to catch a movie outside of your home, period.
""I never thought I'd say this, but we're literally the only movie theater operating in Austin, Texas, and the surrounding areas. I never expected that to be the truth,"" Frank says. ""In a lot of people's minds, it kind of revalidated what a drive-in could be for society.""
If you've ever been to a drive-in, however, the Blue Starlite likely represents something different. Yes, you still tune your FM dials and can find some concessions in a trailer off to the side. But it's almost as if someone had ample amounts of central Texas ranchland and invited their larger network over to enjoy a backyard projector. Frank rents land tucked away between a newly built neighborhood and a Moose Lodge and fits in as many screens as he can (the central Austin location currently has three, so there's a variety of showings every night). Any visions of a few hundred cars packed in on top of each other decidedly isn't Blue Starlite's style. Instead, normal capacity for the biggest screen only sits around 30 cars, and even that has been scaled back for now.
""The idea was always to have a drive-in on a human scalethe drive-in as old needed to be big, but the drive-in as new needed to be small so it could fit into the city,"" Frank explains. ""And it turns out the idea of small, with what we're going through right now, it's exactly what's needed. Not just an outdoor movie. Not just a movie in a car. When you have a drive-in that's only 20-30 cars, everyone that comes in gets to feel it's their special night. But with what's going on, small also means people can feel a little more safe, a little comfortable.""
Listing image by Nathan Mattise"
16,"{'id': 'engadget', 'name': 'Engadget'}",Engadget,The Morning After: Google's giving away two free months of Stadia Pro,"While Zoom frantically tries to reassure users that its teleconferencing app can be safe and secure, Google is again reshuffling the deck chairs of its messaging strategy. The good news, for now, is that it has not launched a new service (yet), instead, as co…",https://www.engadget.com/the-morning-after-template-112551076.html,https://o.aolcdn.com/images/dims?resize=1200%2C630&crop=1200%2C630%2C0%2C0&quality=80&image_uri=https%3A%2F%2Fs.yimg.com%2Fos%2Fcreatr-uploaded-images%2F2020-04%2F845a31d0-7a4f-11ea-8dff-e183ad0b786d&client=amp-blogside-v2&signature=cad5a825ebdd8f53ada226db5847b5cacbbff495,2020-04-09T11:25:51Z,"Disney+ already has 50 million paying subscribers
That’s a lot of people waiting for ‘The Mandalorian’ season two.
Disney’s streaming service has only been around for five months and despite a lack of hit original content, it’s already amassed an impressive number of paying subscribers. On Wednesday afternoon, the company announced it’s up to 50 million, 21 million more than the last numbers it reported, two months ago. That’s also well ahead of the pace it pitched to investors, which projected between 60 to 90 million customers in 2024.
How’d it get there so fast? The relatively low price helps, along with bundle deals in the US and the addition of eight million subscribers in India, where it’s offered along with the existing Hotstar service.Continue reading.
Foxconn's contentious Wisconsin plant will be used to make ventilators
The Taiwanese company has partnered with healthcare company Medtronic.
Foxconn’s dubious Wisconsin factory — the subject of billions of dollars of tax subsidy scrutiny — will produce ventilators to aid in COVID-19 treatment in the US. The company, best known for assembling Apple’s iPhones at factories in China, has entered into a partnership with healthcare firm Medtronic for the project, which will see ventilators produced “as soon as possible,” according to a statement provided to Reuters.
The factory was first announced back in 2017 and has been the focus of controversy ever since. While its arrival promised new job opportunities for the state and was initially earmarked for use as an LCD factory, plans have repeatedly changed. Those ample job opportunities never materialized. Meanwhile, the plant has picked up more than $4.5 billion in government incentives.Continue reading.
Huawei made a credit card
Anything Apple can do…
Huawei boss, Richard Yu, unveiled the Huawei Card during the company's Chinese P40 launch event yesterday, and to the shock of none, it borrows a lot of the Apple Card's best features. Yes, it's both a physical and virtual card, and there are some benefits to signing up. After spending a certain amount of money, users can get lounge access at train stations and airports.
There's no first-year annual fee, and the company will waive the second-year fee for those who spend a certain amount through Huawei Pay.Continue reading.
But wait, there’s more...
Microsoft set to push Windows 10X and Surface Neo releases back until 2021
What Twitter's weird 'data-sharing' notification really means
LG teases curved edges and 'Raindrop' camera for its next phone
Amazon extends return window amid coronavirus pandemic
One lab's quest to test for COVID-19
Netflix’s ‘Space Force’ spoof starring Steve Carell arrives on May 29th
How the COVID-19 shutdown is making weather prediction more difficult
HBO will cut off streaming to older Apple TV models soon
Instacart hopes to expedite deliveries with 'first available shopper' option
Ableton Live is on sale for $69 until May 20th"
17,"{'id': 'engadget', 'name': 'Engadget'}",Omar L. Gallaga,The virusbuster boom,"A young woman named Keylan Brown suits up in the parking lot of a Chick-fil-A as she prepares to enter a COVID-19 hot zone. She puts on a blue plastic gown that flaps in the cool Texas breeze, then a hospital-style cap, white booties that go over her shoes, t…",https://www.engadget.com/covid-19-cleanup-austin-chick-fil-a-143000644.html,https://o.aolcdn.com/images/dims?resize=1200%2C630&crop=1200%2C630%2C0%2C0&quality=80&image_uri=https%3A%2F%2Fs.yimg.com%2Fos%2Fcreatr-uploaded-images%2F2020-04%2F10a72650-7a7a-11ea-b6ca-5febd2ab5525&client=amp-blogside-v2&signature=21739311cd15118bb550627860c3f4dde6829119,2020-04-10T14:30:00Z,"The week before, Shane Walker, GAMA’s chief operating officer, was glancing through his emails and found one from Barde about Enviro-Master’s services. He’d considered the service before, but as Walker had been following news about the coronavirus and tracking what other retailers such as H-E-B and Wal-Mart were doing, he made a call and consulted his board of directors. By the end of the week, he and Barde had a deal; Enviro-Master would be cleaning GAMA’s headquarters and 550 partner stores.
Walker has lots of good reasons to be scared about the spread of COVID-19.
His wife, a school administrator, has diabetes, putting her at high risk for COVID-19. “When I go home, I don’t give my wife a kiss and a hug today,” he says, “I have a spot in my closet where my clothes go in the wash. I jump in the shower before I touch anything in the house.”
His parents, Winter Texans originally from Illinois, also have immunity issues. “I’m like, we have to change what we do. But for how long? Who knows? Who knows?”
“I have a spot in my closet where my clothes go in the wash. I jump in the shower before I touch anything in the house.”
Walker describes watching a press conference in which the mayor of Austin said making decisions amid the coronavirus crisis was a process of doing things that won’t screw us up the most. “As soon as I heard, that I turned to my wife and said that’s my frustration. I hate operating that way. Everything is so reactive.”
By bringing in the spray team, Walker says he’s able to feel more comfortable moving around the warehouse, leaning on boxes, touching things, even accepting a gift (that he planned to pay for) from his workers: a shopping cart full of toilet paper.
“When employees see that you’re taking steps to keep them safe, it’s making them think twice about wanting to just bail on their job,” Walker said.
Hernandez and Lindsey, who are both in their mid-20s, have adjusted their schedules to the flood of new business. Their early-morning-to-afternoon shifts now sometimes include weekend appointments and middle-of-the-night work. As they work, they say, they’re running through a mental checklist and determining what touch points need the most attention. Doorknobs, light switches, ice machine covers, vending machine buttons, ladders, lottery-ticket stations, vehicle dashboards; these are all high-touch areas that get a good spraying.
The hourly rate they make is $12.60, but it’s not unusual to make more than $1,000 per paycheck every two weeks working for the company with commissions, they said. By comparison, the average industry wage in the commercial janitorial industry last year was just over $16,000.
Both say they’ve been fielding questions from family and friends about the work they do. “My older sister, my mother and wife, they all have been kind of worried about me,” Lindsey said. “But I’m pretty committed. I’ve been building my immune system and following the safety protocol. There’s no pressure for me to quit, they just want me to be safe.”
Hernandez has a fiancée who is a nurse at a community medical center. They are both trying to stay healthy and frequently compare notes on what’s happening with COVID-19. “If we get sick, who’s going to go out there and provide the service for all these places?”
One of the perks of working for the company is that employees can use the sprayers at home and in their vehicles and can use the company’s chemicals to wash their clothes. “We spray everything, the bathrooms, the closets,” Hernandez said. “It’s always better to be safe than sorry.”"
18,"{'id': 'business-insider', 'name': 'Business Insider'}",Holly Secon and Dana Varinsky,"The US' newest coronavirus patient had no known exposure to anyone sick and hadn't gone to China, which suggests containment might be impossible","A confirmed coronavirus patient in California had no travel history in China and no known exposure to anyone infected. It's the first potential case of ""community spread"" in the US. One health official said this requires a transition ""from trying to contain t…",https://www.businessinsider.com/coronavirus-community-spread-us-health-systems-tested-2020-2,https://i.insider.com/5e585f25fee23d595b69f1d5?width=1200&format=jpeg,2020-02-28T04:49:30Z,"A patient in Solano County, California, has gotten the COVID-19 coronavirus without traveling to China or having any known contact with someone sick, the Centers for Disease Control and Prevention confirmed on Wednesday.
""This person appears to be a community-acquired case of coronavirus, which would be the first here in the United States,"" Bela Matyas, the Solano County health officer, said in a press conference on Thursday. He added, however, that he doesn't think this is the only such case. 
""There are probably cases of coronavirus from community acquisition in multiple parts of the country right now,"" Matyas said.
That means the virus is likely spreading undetected in the US, according to Amesh Adalja, an infectious-disease expert at the Johns Hopkins Center for Health Security.
Adalja offered a simple definition of community spread:
""'Community spread' reflects the fact that the virus is out there in the community spreading from person to person, meaning that it's not just spreading from people who had contact with someone from China or a travel history, but that it's something established in the community,"" he said.
That reality, Matyas said, means health officials have to transition ""from trying to contain the disease to more of a mitigation approach.""
A delay in detection 
The California patient is now in serious condition, according to CNN.
She initially went to the NorthBay VacaValley Hospital on February 15. The 50-bed hospital is in Solano County, which is also home to the Travis Air Force Base, where some Americans evacuated from China and from the quarantined Diamond Princess cruise ship have been quarantined.
A surgeon at the base, who requested that he be kept anonymous, told Business Insider that it's likely the new case has some connection to the the base, given the proximity.
But Matyas said no such link has been found and added that workers on the base were ""scary meticulous"" about safety.
""This individual has no connection whatsoever to that federal mission and to any of the personnel that have been involved in that evacuation process,"" he said. 
Ambulances outside the Travis Air Force Base in California.
Hector Amezcua/AP Photo
The patient was not tested for COVID-19 at VacaValley during her four days there. After her symptoms worsened, she was transferred to the University of California, Davis Medical Center in Sacramento on February 19. But she wasn't tested there either until four days later.
""Since the patient did not fit the existing CDC criteria for COVID-19, a test was not immediately administered. UC Davis Health does not control the testing process,"" the center said in a statement.
Until now, the CDC has made decisions about whether to test people for the coronavirus based on whether they have recently traveled to places with outbreaks. 
But this case, Adalja said, shows that ""when we have protocols set up to really identify patients only based on travel history, those are going to fall short of identifying all cases.""
Matyas said testing criteria are indeed changing now, and the CDC praised the doctors who diagnosed the woman in a statement on Thursday.
""This case was detected through the US public health system — picked up by astute clinicians,"" the CDC said.
Dozens of healthcare workers were exposed
Tien Nguyen wears a mask as she shops at the 168 Market in Alhambra, California, on January 31, 2020. 
AP Photo/Damian Dovarganes
Health officials are working to trace and isolate anyone the patient had contact with — her family has been quarantined, and hospital staff are being evaluated and tested.
Aimee Brewer, president of NorthBay Healthcare, said any medical workers who had direct contact with the patient at VacaValley have been tested for the virus and are now on paid leave at home. So far, there have been no more positive tests, she said.
""As far as the headcount is concerned, at this time I can say it's a moving target,"" Steve Huddleston, vice president of public affairs at NorthBay Healthcare, said in a press conference Thursday. ""We have identified dozens of employees on our health team, but it still remains less than 100.""
According to CNN, a University of California, Davis student is also under investigation, and the student's two roommates are being isolated at their home off campus as well.
The CDC said in a statement on Thursday that ""unprecedented, aggressive efforts have been taken to contain the spread and mitigate the impact of this virus.""
A question of when, not if
A day before this case of community spread was reported, CDC officials suggested it was imminent.
""It's not so much a question of if this will happen anymore, but rather more a question of exactly when this will happen and how many people in this country will have severe illness,"" Dr. Nancy Messonnier, the head of the National Center for Immunization and Respiratory Diseases at the CDC, said during a media briefing.
But thus far, the US lags behind other countries in testing — as of Wednesday, only 445 Americans had been tested for the virus.
An illustration, created by the CDC depicts the novel coronavirus
Reuters
""At first, CDC was the only place where testing could be performed,"" Richard Martinello, an associate professor of infectious disease at the Yale School of Medicine, previously told Business Insider. ""For a country of our size, when you only have a single site doing that, it limits the resources available for testing.""
The CDC sent test kits nationwide earlier this month, but those were also found to be flawed, so only about a dozen labs can currently run the tests, according to The Washington Post.
'The cat's out of the bag in terms of it having spread'
Solano County and the nearby San Francisco and Santa Clara counties have all declared emergencies.
Matyas said the declaration frees up resources to ""allow us to investigate this incident more effectively and more efficiently.""
But he added that containment is ""only possible when you're dealing with a disease condition where you know everyone who's sick, and they get sick before they spread, and you can contain them — and that's a rare reality.""
Manuel Silvestri/Reuters
Now, he said, efforts must focus on mitigation because ""we know the cat's out of the bag in terms of it having spread, and what we're trying to do is slow the spread as much as possible.""
California Gov. Gavin Newsom announced Thursday that 33 people in the state have tested positive for the virus — including citizens repatriated to military bases — and 8,400 people are being monitored. He stressed that the risk to the public is still low, but added that the state needs access to more resources. 
""We have just a few hundred testing kit,s and that's surveillance testing as well as diagnostic testing. That's simply inadequate to do justice to the kind of testing that is required to address this issue head on,"" Newsom said."
19,"{'id': 'business-insider', 'name': 'Business Insider'}",Aylin Woodward,Several young doctors in China have died of the coronavirus. Medical workers are far more vulnerable to infection than the general population.,"More than 3,300 of the 78,800 coronavirus cases in mainland China are among healthcare workers. At least eight medical workers have died, including one doctor who was 29 and another who was 34. Older people have the highest risk of dying from the virus. But d…",https://www.businessinsider.com/why-coronavirus-killed-young-chinese-doctors-2020-2,https://i.insider.com/5e596c89fee23d2b773020f6?width=1200&format=jpeg,2020-02-29T13:03:00Z,"Peng Yinhua, a 29-year-old Chinese doctor, planned to marry his fiancée on February 1. But as the coronavirus outbreak grew, Peng postponed his wedding to help treat patients in Wuhan. He died of the disease on February 21.
Peng was one of at least eight healthcare workers who have died of the virus. Another young doctor, Li Wenliang, died February 7, leaving behind a son and pregnant wife. Li, who was 34, had been censored after sounding the alarm about the coronavirus to fellow medical-school alumni. 
As of Tuesday, more than 3,300 healthcare workers in China had been infected with the coronavirus, the LA Times reported. About 90% of those cases are in the Hubei province, where the outbreak began two months ago.
The deaths of doctors in their 20s and 30s naturally sparks concern about the coronavirus' risk to younger people, but according to China's National Health Commission, about 80% of people who have died from COVID-19 were over the age of 60.
Rather, the doctors' deaths highlight an unfortunate reality of any new and evolving outbreak: Healthcare workers on the front lines face a higher risk of contracting the disease. 
Fan Zhongjie, a respiratory doctor in charge of about 30 critical COVID-19 patients in a Wuhan hospital, writes encouraging words for a patient on February 25, 2020.
Feature China/Barcroft Media via Getty Images
Why healthcare workers are especially at risk 
Healthcare workers are particularly vulnerable to COVID-19 for a handful of reasons. First, the coronavirus is highly contagious, and medical staff members are exposed to more viral particles than the general public because they interact with so many sick people.
Research published earlier this month found that of 138 patients studied at one Wuhan hospital, 29% were healthcare workers. One coronavirus patient was initially sent to the wrong because they displayed atypical symptoms, so went on to infect at least 10 medical workers.
Second, healthcare workers in China have dealt with a shortage of supplies like masks, suits, and protective gear. That makes staff even more susceptible to the virus while treating patients.
Third, China's medical staff is overworked. At the end of January, the Washington Post reported that hospital staff in Wuhan were wearing adult diapers because they didn't have time to use the bathroom in between treating coronavirus patients. 
China has less than two physicians for every 10,000 residents, according to the WHO. 
When medical staff get sick, these problems compound.
""Just a very rough estimate, 100 nurses and doctors can look after 100 ordinary beds and 16 ICU beds,"" a Chinese hospital doctor — who was kept anonymous due to fears about losing his job — told the South China Morning Post earlier this month. ""If they are sick, not only do they occupy 100 beds, but the staff taking care of 100 beds are gone. That means a hospital loses the capacity of 200 beds. That is why the authorities have to keep sending medics over to Wuhan, not only because there are not enough beds, but because of a lack of health doctors and nurses to take care of the sick beds.""
Healthcare workers were disproportionately affected in other outbreaks, too
A medical worker in a protective suit inspects a CT scan at the Wuhan Red Cross Hospital in China's Hubei province.
China Daily/Reuters
In past epidemics, healthcare workers were also disproportionately impacted by the illnesses they were treating.
The Ebola virus killed more than 11,000 people in west Africa between 2013 and 2016. According to the World Health Organization (WHO), healthcare workers were between 21 and 32 times more likely to be infected with Ebola than people in the general adult population. The risk of acquiring Ebola was 100 times higher for healthcare workers in Sierra Leone than the general population, a 2014 study revealed.
Around 20% of people who got SARS during that outbreak in 2002 and 2003 were medical workers. One highly contagious patient — a ""super-spreader"" — infected 50 healthcare workers.
Older people face the highest risk
The coronavirus has killed almost 2,900 people and infected more than 83,000 since December. The vast majority of cases and deaths, about 95%, have been in China, though ases have been reported in at least 56 other countries. (Read Business Insider's latest updates here.)
So far, research suggests older people with pre-existing health conditions are most likely to die.
Shayanne Gal/Business Insider
About 80% of people who died in China were older than 60, and 75% had other medical issues, according to a recent report from China's National Health Commission. A study of 17 patients who died from coronavirus complications reported that their median age was around 75. Many had health problems like high blood pressure and Parkinson's disease.
Other studies have estimated the average ages of infected patients to be between 47 and 55. The largest coronavirus study to date, which examined 72,000 cases in China, revealed that more than 75% of infected patients were between 30 and 69.
Hospital staff wash the emergency entrance of Wuhan Medical Treatment Center, where some infected with the new coronavirus are being treated, in Wuhan, China, January 22, 2020.
AP Photo/Dake Kang
Tragedy on the front lines of the coronavirus epidemic
Chinese authorities announced on February 23 that medical workers across the country will get salary bumps.
""For those working at the frontline in Hubei province, the temporary subsidies and one-time paycheck for extra work should be doubled and tripled, respectively,"" a statement from China's State Council said.
Council members also confirmed that healthcare workers' living expenses would be taken care of and doctors would get days off.
Medical staff rally before taking over a large temporary hospital built two days ago in an exhibition center in Wuhan in central China's Hubei province February 5, 2020.
Feature China/Barcroft Media via Getty Images
Those changes, however, came after the eight healthcare workers died.
Li died a month after he sent out the warning message describing patients in Wuhan with a worrisome pneumonia-like illness. Wuhan police had forced him sign a letter saying he was ""making false comments.""
Pro-democracy activist Leung Kwok-hung, wearing a mask, attends a vigil for Chinese doctor Li Wenliang, in Hong Kong on February 7, 2020.
Kin Cheung/AP
Neurosurgeon Liu Zhiming, a 51-year-old director at the Wuchang hospital in Wuhan, died of the coronavirus on February 18.
Peng, who worked in respiratory and critical care at the First People's Hospital in Wuhan, had planned to marry his pregnant fiancée during the Lunar New Year holiday, according to China's Xinhua news agency. 
Peng's wedding invitations, found in his office drawer, were never sent.
Aria Bendix and Holly Secon contributed reporting to this story. 
Read more about the novel coronavirus:
What to know about the deadly coronavirus outbreak
The coronavirus has pandemic 'potential' as it spreads in South Korea, Italy, and Iran, according to WHO
At least 5 people in China have disappeared, gotten arrested, or been silenced after speaking out about the coronavirus — here's what we know about them"
