,source,author,title,description,url,urlToImage,publishedAt,content
0,"{'id': 'engadget', 'name': 'Engadget'}",Christine Fisher,Facebook warns users who 'interacted' with COVID-19 misinformation,"As part of Facebook’s ongoing fight against COVID-19 misinformation, it is going to begin alerting users if they have liked, reacted to or commented on misinformation that has since been removed. The alerts will appear in News Feed, and they’ll include links …",https://www.engadget.com/facebook-coronavirus-misinformation-alerts-140705196.html,https://o.aolcdn.com/images/dims?resize=1200%2C630&crop=1200%2C630%2C0%2C0&quality=80&image_uri=https%3A%2F%2Fs.yimg.com%2Fos%2Fcreatr-uploaded-images%2F2020-04%2Ffdf52370-7fe9-11ea-aeff-98c93dfc4649&client=amp-blogside-v2&signature=3daf2cc88b3c15dc9a2ac7b0a9fc5b63044e1307,2020-04-16T14:07:05Z,"Last year, Facebook announced a three-part plan for tackling “problematic” content: remove, reduce, inform. Facebook has already taken steps to remove and reduce COVID-19 misinformation, and these efforts fulfill the “inform” part of the plan. Facebook will also expand its “Get the Facts” COVID-19 information center to Facebook News in the US.
According to a blog post, Facebook says that in March, it displayed warnings on about 40 million posts related to COVID-19, based on approximately 4,000 articles flagged by its fact-checking partners. Allegedly, when users saw those warning labels, 95 percent of the time, they did not view the content."
1,"{'id': 'mashable', 'name': 'Mashable'}",Morgan Sung,Man released from coronavirus quarantine can't stop coughing during Fox News interview,A man who was freshly out of quarantine for the coronavirus has raised eyebrows after he began coughing during a Fox News segment. Frank Wucinski and his three-year-old daughter Annabelle appeared on America's Newsroom on Friday morning to discuss the family'…,https://mashable.com/article/coronavirus-man-coughs-on-daughter-fox/,https://mondrian.mashable.com/2020%252F02%252F28%252Fc1%252F193e5f1f016340488bf97f8c34336010.d3018.png%252F1200x630.png?signature=91qB6agi8P1SBnmYFmalDc7YB0M=,2020-02-28T19:56:48Z,"A man who was freshly out of quarantine for the coronavirus has raised eyebrows after he began coughing during a Fox News segment. 
Frank Wucinski and his three-year-old daughter Annabelle appeared on America's Newsroom on Friday morning to discuss the family's experience in quarantine in San Diego.  
""Physically we're great,"" he said in the segment. 
Fox News just interviewed a Pennsylvania man who went through the coronavirus quarantine process but he couldn't stop coughing during the interview pic.twitter.com/kzoIYQM8x6
 Aaron Rupar (@atrupar) February 28, 2020
His father-in-law had died from the virus, which is officially named COVID-19, in China. The family was flown back to California during the height of the outbreak, and they were promptly placed in isolation because of their contact with Wucinski's father-in-law. When Annabelle coughed in front of medical staff, the Center for Disease Control suggested the family stay in isolation for longer. 
""Fortunately from what I understand,"" Wucinski said, before coughing into his hand, ""It is contagious but the death rate is pretty low."" 
He coughed again before saying, ""Yeah, I understand the fear."" 
SEE ALSO: Worried about coronavirus? Stop touching your face.
He assured the Fox hosts that he had been tested twice, and the results for COVID-19 came back negative both times. He paused to drink from his daughter's water bottle, which she puts back in her mouth after he took a swig. 
""The cough, probably just nerves,"" Wucinski said. 
Coronavirus symptoms include fever, cough, shortness of breath, and breathing difficulties, according to the World Health Organization. It's closely related to severe acute respiratory syndrome (SARS) and is so far responsible for 2,861 deaths worldwide. There have been 59 reported cases in the United States. 
To prevent the spread of coronavirus, the CDC recommends avoiding touching your face, covering your coughs and sneezes with a tissue, and frequent hand washing. 
Which is why Twitter users are so concerned about Wucinski and his daughter. 
Omg he coughs on his hand and immediately touches his kids hand which will inevitably end up in her mouth seriously how do adults not know how to cough into their elbow
 Kia (@Kia_thecar) February 28, 2020
WHY IS HE SHARING HIS WATER WITH HIS DAUGHTER WHAT THE ACTUAL FUCK
 The Volatile Mermaid (@OhNoSheTwitnt) February 28, 2020
Welp. This is how the movie begins. If any of us are left to make it.
 Billy Corben (@BillyCorben) February 28, 2020
And because you really can't be too safe, here, again, are the CDC's recommendations to prevent the coronavirus' spread. 
Please refrain from coughing on children or anyone else, for that matter."
2,"{'id': 'the-verge', 'name': 'The Verge'}",Kim Lyons,Google saw more than 18 million daily malware and phishing emails related to COVID-19 last week,"Google says it saw more than 18 million daily malware and phishing emails related to COVID-19 scams, and more than 240 million daily spam messages related to COVID-19.",https://www.theverge.com/2020/4/16/21223800/google-malware-phishing-covid-19-coronavirus-scams,https://cdn.vox-cdn.com/thumbor/-1yKnZqPPYts3MAlXkUba42Tfgc=/0x146:2040x1214/fit-in/1200x630/cdn.vox-cdn.com/uploads/chorus_asset/file/10801247/acastro_180508_1777_google_IO_0001.jpg,2020-04-16T19:15:19Z,"Existing phishing scams have been updated to exploit COVID-19 concerns
Illustration by Alex Castro / The Verge
Google says it saw more than 18 million daily malware and phishing emails related to COVID-19 scams just in the past week. Thats on top of the more than 240 million daily spam messages it sees related to the novel coronavirus, the company says. 
The phishing attacks and scams use both fear and financial incentives to create urgency to try to prompt users to respond, Google says. In other words, same email scam, different subject line. 
These scams include impersonating government organizations like the World Health Organization to try to solicit donations or trick users into downloading malware; pretending to have information about government stimulus payments; and phishing attempts aimed at workers who are working remotely. This scammer pretends to be affiliated with the recipients employer:
Google say its artificial intelligence-powered protections filter such threats, and that it blocks more than 99.9 percent of spam, phishing, and malware from reaching our users using AI and other techniques. The company also says it worked with WHO on implementing DMARC (Domain-based Message Authentication, Reporting, and Conformance) to make it more difficult for scammers to impersonate the who.int domain and prevent legitimate emails from the WHO from being caught in spam filters.
The company says in many cases the malware and phishing threats arent new but just existing malware campaigns updated to exploit fear and confusion around COVID-19. The usual cautions apply: dont click links in emails you werent expecting, report phishing emails, and make sure a URL is legitimate before providing any information, since most scammers try to closely approximate real URLs."
3,"{'id': 'the-verge', 'name': 'The Verge'}",Nicole Wetsman,Prisons and jails are vulnerable to COVID-19 outbreaks,"The new coronavirus spreads quickly in closed spaces, so it’s likely to have a big impact on people in jails and prisons. These facilities struggle to deal with infectious disease outbreaks, and often only offer substandard health care.",https://www.theverge.com/2020/3/7/21167807/coronavirus-prison-jail-health-outbreak-covid-19-flu-soap,https://cdn.vox-cdn.com/thumbor/4BEiZ8nQJY6YgDFklRpdohkgNqc=/0x392:5472x3257/fit-in/1200x630/cdn.vox-cdn.com/uploads/chorus_asset/file/19773975/1203489496.jpg.jpg,2020-03-07T13:30:00Z,"Prison health is community health
Photo by Mauro Ujetto/NurPhoto via Getty Images
This week, a person incarcerated in King County Jail in downtown Seattle was taken to the hospital after they were suspected of having the new coronavirus. The county says there are no cases currently in the jail, but the new virus remains a huge concern for correctional facilities, particularly in outbreak hotspots like King County. With 85 confirmed cases of COVID-19, the illness caused by the virus, the county is home to the largest known hotspot of cases of the new coronavirus in the United States. 
Its only a matter of time before the novel coronavirus enters a US jail or prisons, says Tyler Winkelman, co-director of the Health, Homelessness, and Criminal Justice Lab at the Hennepin Healthcare Research Institute in Minneapolis. All prisons and jails should anticipate that the coronavirus will enter their facility, and they need to have plans for monitoring and treating anyone who has symptoms, he says.
People regularly cycle in and out of jails and prisons, people who work in them leave and return daily, and visitors regularly stream through. Viruses of all kinds have multiple entry points, and those that enter tend to spread fast. Outbreaks of the flu regularly occur in these facilities, and during the H1N1 epidemic in 2009, many jails and prisons dealt with high numbers of cases.
We know the coronavirus spreads quickly in closed spaces, like cruise ships, nursing homes and jails and prisons, Winkelman says. Many people who are incarcerated also have chronic conditions, like diabetes or HIV, which makes them vulnerable to severe forms of COVID-19. 
One way to reduce the impact of the virus on jails and prisons, Winkelman says, is to avoid holding people for low-level offenses. In Iran, officials temporarily released tens of thousands of people determined to not be a risk to the public from prisons in an effort to stop the spread of the virus. People who arent a risk to public safety shouldnt be held in a jail just because theyre not able to pay a bond, he says. We are increasing their health risk by keeping them, he says. This is a time to make sure we have as few people at risk as possible. 
In Sonoma County, California, the jail is screening people at booking for symptoms and asking them about their travel history and contact with people who may be sick. Those types of screenings are critical, Winkelman says. It is essential that correctional staff are working with officials to make sure no one ill is entering a facility.
Some jails and prisons in the US may be prepared to screen, monitor, and treat people suspected of having COVID-19. But others are far from equipped to handle it. Health care centers in correctional facilities are often substandard and understaffed, which may mean people held in them arent monitored regularly enough. Symptoms need to be addressed quickly, not once a week or twice a week, Winkelman says. Isolating people suspected of having the virus could also be a challenge in some facilities the Hennepin County jail has four isolation rooms and set up some spaces for quarantines, but other places might not have the same capabilities, he says. 
Homer Venters, former chief medical officer of the New York City jail system, wrote in The Hillthat jails and prisons need to prepare now. [They] need to have a plan in place to identify and house together people with suspected and diagnosed COVID-19 and those who are at high risk of serious illness if they become infected, he wrote. Many facilities struggled to do so during the outbreaks of H1N1, he said, because jails typically house people based on the level of security they need not their health status. 
Standard public health interventions, like flu shots, are even more important during disease outbreaks if fewer people get the flu, they can stay out of health care facilities and leave more resources available for those who really need it. We dont want there to be outbreaks of multiple illnesses at once, Winkelman says. Many jails and prisons, though, dont regularly provide flu shots. Over half of US jails did not receive H1N1 vaccines when they became available. Under 10 percent of people in Maine correctional facilities received flu shots in 2011, which contributed to outbreaks. 
People in jails and prisons also may not be able to regularly wash their hands, which may promote the spread of disease. Hand sanitizer, which contains alcohol, is usually considered contraband. 
COVID-19 outbreaks in and around jails and prisons dont just have health impacts for people within the justice system. If public health officials recommend that courts not meet during outbreaks, people might be held for longer than necessary. It might be challenging for people on probation to meet with supervisors or fulfill community supervision requirements if there are restrictions on movement in an area. It may also mean that there would be less programing and movement within a facility. Likely, at some point, visiting would be shut down, Winkelman says. That can increase isolation and anxiety during a period of incarceration.
Vulnerable communities like people held in prisons and jails are often most at risk during public health emergencies they have fewer protections from an outbreak, and may face more significant fallout from any disruptions in daily life. But protecting communities from infectious diseases means protecting everyone, including those who arent as able to protect themselves. Jail and prison health care is public health. Its community health, Winkelman says. 
View all 143 stories"
4,"{'id': 'the-verge', 'name': 'The Verge'}",Thomas Ricker,Amazon building COVID-19 test lab for workers,"Amazon is reallocating specialists to build a COVID-19 test lab for employees due to nationwide shortage. Those who test positive could be treated, those who test negative can work in confidence.",https://www.theverge.com/2020/4/10/21216076/amazon-test-lab-covid-19-coronavirus-pandemic,https://cdn.vox-cdn.com/thumbor/GmcU_e62bybFDAV9FK3Q_zod-XA=/0x410:1624x1260/fit-in/1200x630/cdn.vox-cdn.com/uploads/chorus_asset/file/19888623/90.jpeg,2020-04-10T08:09:12Z,"Company wants to regularly test Amazon workers who increasingly feel panicked 
Image: Amazon
Amazon is building a lab to test its workers for COVID-19, the disease caused by the new coronavirus. Its the latest effort by the company to protect workers who are growing increasingly panicked as the virus spreads through Amazon warehouses. 
More than 50 Amazon-owned facilities have confirmed cases in the US, according to data compiled by the Financial Times, several with multiple instances of the virus.
In a blog post announcing the effort, Amazon says that a shortage of testing capacity is making it difficult to keep people safe and to get the economy back up and running. Those who test positive could be quarantined and cared for, and everyone who tests negative could re-enter the economy with confidence, the company said. Unfortunately, today we live in a world of scarcity where COVID-19 testing is heavily rationed.
Amazon is reallocating its own specialists to build the lab, and hopes to begin testing soon. A team of Amazonians with a variety of skills from research scientists and program managers to procurement specialists and software engineers have moved from their normal day jobs onto a dedicated team to work on this initiative, said Amazon. We have begun assembling the equipment we need to build our first lab and hope to start testing small numbers of our front-line employees soon.
We are not sure how far we will get... but we think its worth trying
Amazon has remained open throughout the pandemic, making it easier for many people to safely follow shelter-at-home orders. But that has put hundreds of thousands of front-line warehouse workers and delivery drivers at risk. To meet surging demand, Amazon announced plans to increase pay and hire an additional 100,000 workers back in March. The company has also been distributing masks, conducting employee temperature checks, and spraying disinfectant on work stations.
Today's visits by our founder and CEO @JeffBezos to say thank you to Amazon fulfillment center and Whole Foods employees. We're all incredibly proud of the thousands of our colleagues working on the front lines to get critical goods to people everywhere during this crisis. pic.twitter.com/dygb345wDM
 Amazon News (@amazonnews) April 9, 2020
Yesterday, Amazon released a video showing Jeff Bezos lightheartedly touring Amazon fulfillment centers and Whole Foods stores, joking around with workers who increasingly fear for their lives.
Despite its goal to test all employees, Amazon concedes it may not be possible. We are not sure how far we will get in the relevant timeframe, but we think its worth trying, the company said."
5,"{'id': 'ars-technica', 'name': 'Ars Technica'}",Beth Mole,"After first coronavirus death in the US, first possible outbreak reported",Possible outbreak is in a nursing home where dozens of cases are already suspected.,https://arstechnica.com/science/2020/02/after-first-coronavirus-death-in-the-us-first-possible-outbreak-reported/,https://cdn.arstechnica.net/wp-content/uploads/2020/02/GettyImages-1209526503-760x380.jpg,2020-02-29T22:30:26Z,"Enlarge/ WASHINGTON, DC - FEBRUARY 29: U.S. President Donald Trump pauses during a news conference at the James Brady Press Briefing Room at the White House February 29, 2020 in Washington, DC. Department of Health in Washington State has reported the first death in the U.S. related to the coronavirus. 
10 with 9 posters participating
Health officials in Washington state reported three grim new features of the coronavirus situation in the US Saturday. They reported the countrys first death, the first case in a healthcare worker, and the first possible outbreak.
In a press briefing held by the Centers for Disease Control and Prevention, Dr. Jeffrey Duchin, health officer at Public Health of Seattle and King County, announced that there are three new presumptive cases of COVID-19 in the county, including the person who died. All of the cases appear to be from undetected spread of the new coronavirus in the community. The cases were identified because the state just recently gained the ability to do its own testing.
Two of the cases are linked to a long-term care facility called Life Care in Kirkland, Washington, east of Seattle. One of the cases is in a healthcare worker at the facility, a woman in her 40s who is said to be in satisfactory condition. She has no known travel outside of the US. The other is a resident of the facility, a woman in her 70s. She is in serious condition.The cases likely represent the start of an outbreak at the facility, which has approximately 108 residents and 180 staff. So far, 27 residents and 25 staff have reported some COVID-19 symptoms, Dr. Duchin said.
An outbreak of COVID-19 at a nursing home is particularly alarming since the data on the disease so far has clearly shown that the people most at risk of getting infected and having life-threatening disease are the elderly and people with underlying health conditionssuch as cardiovascular disease, lung conditions, and diabetes.
We are very concerned about an outbreak in a setting where there are many older people, Dr. Duchin said.
A team from the CDC is on its way to the facility to help manage the situation. This team is expected to arrive in Kirkland Saturday night.
The countrys first reported COVID-19 death was also in King County. The person who died was a man in his 50s with underlying health conditions. He died in a local hospital in Kirkland, but he was not a resident at Life Care and has no immediately known links to the facility. Health investigators are trying to track down how he was infected. (In an earlier press conference, President Trump had identified the person who died as a woman. That is incorrect. It was a man.)
The new informationa rapid escalation of the situation in the USfollows news of potential community spread in four separate areas of the US: two areas in California, and one in Oregon in addition to the Seattle and King County area.
This escalation raises our level of concern about the immediate threat of COVID-19 for certain communities, Dr. Nancy Messonnier, director of the CDCs National Center for Immunization and Respiratory Diseases said in the briefing. Still, the risk to the general public not in these areas is considered to be low, she said.
The new information brings the countrys tally to 69 cases and one death. That includes 47 cases in repatriated citizens (44 from the Diamond Princess and 3 from Wuhan, China, where the outbreak began)."
6,"{'id': 'engadget', 'name': 'Engadget'}",Jon Fingas,Apple Maps now shows COVID-19 testing sites across the US,"As hinted earlier, Apple has started displaying COVID-19 testing sites in Maps. People in all 50 states and Puerto Rico can use Apple’s default navigation app to quickly find a place to get checked, whether it’s a hospital, urgent care clinic, pharmacy or ded…",https://www.engadget.com/apple-maps-covid-19-testing-sites-all-us-191822069.html,https://o.aolcdn.com/images/dims?resize=1200%2C630&crop=1200%2C630%2C0%2C0&quality=80&image_uri=https%3A%2F%2Fs.yimg.com%2Fos%2Fcreatr-uploaded-images%2F2020-04%2F011c7f20-8982-11ea-938b-584a74435e62&client=amp-blogside-v2&signature=96a771eebbde311aab40eb60b2a2f4a90a30ee39,2020-04-28T19:18:22Z,"As hinted earlier, Apple has started displaying COVID-19 testing sites in Maps. People in all 50 states and Puerto Rico can use Apple’s default navigation app to quickly find a place to get checked, whether it’s a hospital, urgent care clinic, pharmacy or dedicated testing site. The facilities also fall under a new “COVID-19 Testing” search category that’s prioritized alongside other essentials like groceries and healthcare.
The listings should include details on what you’ll need to know before going in, such as any requirements for appointments or referrals."
7,"{'id': 'mashable', 'name': 'Mashable'}",Morgan Sung,The World Health Organization is using TikTok to dispel coronavirus rumors,"The World Health Organization (WHO) joined TikTok on Friday in an effort to fight misinformation about the new coronavirus, called COVID-19. ""There are several measures you can adopt to protect yourself and others from getting the new coronavirus,"" Benedetta …",https://mashable.com/article/coronavirus-world-health-organization-tiktok/,https://mondrian.mashable.com/2020%252F02%252F29%252Fb2%252F53e8b9b5ace94c898cb50f6a1af2d61d.2ea9d.jpg%252F1200x630.jpg?signature=5sbvmCWSoydgx8xxWQCRBXiN3bU=,2020-02-29T19:57:24Z,"The World Health Organization (WHO) joined TikTok on Friday in an effort to fight misinformation about the new coronavirus, called COVID-19. 
""There are several measures you can adopt to protect yourself and others from getting the new coronavirus,"" Benedetta Allegranzi, technical lead of infection prevention and control said in WHO's first video. 
She then explained precautions like frequent hand washing, coughing and sneezing into your elbow or a tissue, and avoiding close contact with anyone who has a fever and cough. 
Coronavirus symptoms include fever, cough, shortness of breath, and breathing difficulties, the WHO says. So far, it's responsible for 2,933 deaths worldwide. Health officials confirmed the first death from coronavirus in the United States on Saturday. The patient was in their 50s and ""medically high risk,"" President Trump said in a press conference. 
As The Verge reports, coronavirus misinformation thrives on TikTok, where memes about the virus abound. Users have pretended to be infected, and harmful stereotypes about people of Asian descent are on the rise. 
Joining TikTok is part of a global effort from WHO, the Centers for Disease Control, and other health organizations to inform the public about the coronavirus through social media outreach. On Instagram, WHO has been posting informational graphics and videos about ways to prevent and limit the spread of the virus. 
To avoid contracting the coronavirus, follow the same steps you'd follow for flu season: Avoid touching your face, cover your mouth and nose when you cough or sneeze, and wash your hands with soap and water."
8,"{'id': 'engadget', 'name': 'Engadget'}",Igor Bonifacic,Android TV helps you find more to watch during COVID-19,"Let's face it: thanks to the coronavirus pandemic, most of us are probably spending more time streaming shows and movies, as well as playing video games. By this point, you've likely worked through whatever content you wanted to watch before the outbreak and …",https://www.engadget.com/android-tv-new-features-covid-19-150059981.html,https://o.aolcdn.com/images/dims?resize=1200%2C630&crop=1200%2C630%2C0%2C0&quality=80&image_uri=https%3A%2F%2Fs.yimg.com%2Fos%2Fcreatr-uploaded-images%2F2020-04%2F35bd6170-84a7-11ea-8efc-a56d5e02c3de&client=amp-blogside-v2&signature=81f40dc784de8b07ce57a448fe257fb40bd21e1d,2020-04-22T15:00:59Z,"The company is also adding new collections to Android TV to highlight select groups of apps. The categories are called ""Stream shows and movies you love,"" ""Learn New Things,"" ""Play with your remote,"" and ""Play with your gamepad.""
If you don't have access to Android TV, you're not out of luck. At some point in the past, you've probably used Google Search to find recommendations for new shows and movies to watch. To help you keep track of things you want to watch, Google is adding a new Watchlist tab to Search on mobile devices that allows you to save any recommendations for future reference. You can access the functionality by typing ""what to watch"" into Google, and then tapping ""Watchlist"" to add a show or movie to your list. If you ever want to get back, type ""my watchlist"" into Search. You can also find your watchlist through the Collections section of the Google app.
In the same blog post, Google also highlighted some of its previous efforts to help entertain people while they’re forced to stay inside, including its new two-month free Stadia offer."
9,"{'id': 'engadget', 'name': 'Engadget'}",Christine Fisher,UK’s NHS won’t use Apple-Google approach to COVID-19 tracking,"Apple and Google are expected to release their contact tracing technology to developers tomorrow. But the UK’s National Health Service (NHS) says it won’t use the Apple-Google model, BBC reports. While the two tech companies are working on a “decentralized” a…",https://www.engadget.com/uk-nhs-contact-tracing-coronavirus-centralized-201253811.html,https://o.aolcdn.com/images/dims?resize=1200%2C630&crop=1200%2C630%2C0%2C0&quality=80&image_uri=https%3A%2F%2Fs.yimg.com%2Fos%2Fcreatr-images%2F2020-04%2Fec76ae40-7da8-11ea-b7e3-d048045a9753&client=amp-blogside-v2&signature=47ef1207e61a1fe12364473474fe92979dfa4e10,2020-04-27T20:12:53Z,"Another potential drawback, is that the centralized approach may eat up more power. Apple’s solution lets the contact tracing happen in the background, but the UK’s app has to be woken up every time the device detects another nearby device running the same software, BBC explains.
By choosing the centralized approach, the NHS is aligning more with Australia than some of its EU counterparts. Australia’s app, which was released over the weekend, uses a mix of Bluetooth and stored contact data on both the app and servers. Germany, on the other hand, has switched its stance and is now pursuing a decentralized architecture, as are Austria, Estonia and Switzerland.
So far, the European Commission and the EU’s data protection watchdog support both models but note that the differences aren’t entirely clear, EUobserver reports. In either case, the challenge will be getting enough widespread adoption for the apps to be effective."
10,"{'id': 'engadget', 'name': 'Engadget'}",Jon Fingas,Many Instacart shoppers still don't have their COVID-19 safety gear,"Instacart’s plans to give shoppers masks and sanitizer during the COVID-19 pandemic are proceeding slower than many employees would like, and that’s partly on purpose. In response to workers’ concerns, the company told Wired in a statement that it had capped …",https://www.engadget.com/instacart-shoppers-wait-for-covid-19-safety-gear-234528742.html,https://o.aolcdn.com/images/dims?resize=1200%2C630&crop=1200%2C630%2C0%2C0&quality=80&image_uri=https%3A%2F%2Fs.yimg.com%2Fos%2Fcreatr-images%2F2020-04%2Fcf86d0a0-828d-11ea-ba7b-647366c0df01&client=amp-blogside-v2&signature=dda186b78ab94c3eb6d48142213210d868f03a25,2020-04-19T23:45:28Z,"Instacart’s plans to give shoppers masks and sanitizer during the COVID-19 pandemic are proceeding slower than many employees would like, and that’s partly on purpose. In response to workers’ concerns, the company told Wired in a statement that it had capped orders for the safety gear (which goes through the company store) to “thousands” per day. It needed to slow the rate of fulfillment to make sure each order was coming from a real shopper. The problem, though, is that the process appears to be fraught with issues.
There’s no queue, so workers have to check every day for stock — and supplies may only be available for minutes before they run out. The company reportedly hasn’t said much about how to place orders or when, either. The lack of info has led to shoppers relying on unofficial communities to get details."
11,"{'id': 'engadget', 'name': 'Engadget'}",Steve Dent,Apple and Google will release COVID-19 contact-tracing tools next week,"Apple and Google’s COVID-19 contact tracking technology will be released to developers on April 28th, weeks before the companies initially said it would arrive. Tim Cook revealed the information to European commissioner Thierry Breton after the two met by vid…",https://www.engadget.com/tim-cook-eu-google-apple-api-130642940.html,https://o.aolcdn.com/images/dims?resize=1200%2C630&crop=1200%2C630%2C0%2C0&quality=80&image_uri=https%3A%2F%2Fs.yimg.com%2Fos%2Fcreatr-uploaded-images%2F2020-04%2F9e8a6e30-8558-11ea-a76e-a23cede3b804&client=amp-blogside-v2&signature=24394a13db6fd2b27927156de285a8d4ca0c5a8a,2020-04-23T13:06:42Z,"France is also developing its own COVID-19 tracking app, set to be ready on May 11th when the pandemic lockdown orders are to be lifted in the nation. However, the French government plans to use Bluetooth technology, in part, to do that, and is stymied by restrictions Apple has placed on how third-party apps can use Bluetooth data. Breton didn’t address that point, however, saying that “technical considerations must be settled at the member state [and not the EU] level.”
The video chat with Cook follows a similar chat Breton held with Google CEO Sundar Pichai and YouTube’s Susan Wojcicki. During that chat, he asked Google about the contact tracing app and requested that the company limited streaming data rates to reduce strain on Europe’s broadband infrastructure. Most services, including Netflix, YouTube and others have agreed do that."
12,"{'id': 'time', 'name': 'Time'}",Associated Press,"France Bans Gatherings, Frowns on Kissing, to Fight COVID-19","France is banning all indoor public gatherings of more than 5,000 people to slow the spread of coronavirus cases.",https://time.com/5793002/france-gatherings-kissing-covid-19-coronavirus/,https://api.time.com/wp-content/uploads/2020/02/AP20060453009490.jpg?quality=85&w=1200&h=628&crop=1,2020-02-29T16:55:56Z,"PARIS — France is banning all indoor public gatherings of more than 5,000 people to slow the spread of coronavirus cases and recommending that people no longer greet each other with kisses.
The cancellation of large gatherings in confined spaces was announced by Health Minister Olivier Veran after special government meetings Saturday that focused on responses to the epidemic.
Having previously recommended that people avoid shaking hands, the minister said they should also cut back on “la bise,” the custom in France and elsewhere in Europe of giving greetings with kisses, or air kisses, on the cheeks.
The tightened restrictions on public gatherings had an immediate impact. A major four-day trade show in Cannes for property investors was postponed from March to June.
A half-marathon that was scheduled for Sunday in Paris also was cancelled, as was a carnival in the Alpine town of Annecy, Veran announced.
He said other outdoor events and gatherings that might lead to a mixing of people from infected areas could also be canceled.
Public gatherings are being banned completely in the Oise region north of Paris that has seen a cluster of cases, and in a town in the foothills of the Alps that has also seen infections, he said.
As of Saturday, France had registered a total of 73 people infected with the coronavirus, up from 57 on Friday. Of those, 59 people remain hospitalized, two have died and 12 have recovered, the minister said.
Contact us at editors@time.com."
13,"{'id': 'engadget', 'name': 'Engadget'}",Igor Bonifacic,Mint Mobile is giving out free data for the next month amid COVID-19,"Ryan Reynolds ' wireless carrier of choice is giving out free data to help people in the US cope with the coronavirus epidemic. Until April 14th, you can get free 3GB data packages from Mint Mobile, even if you've never been a customer before. To get the data…",https://www.engadget.com/2020-03-16-mint-mobile-free-data-coronavirus.html,https://o.aolcdn.com/images/dims?resize=1200%2C630&crop=1200%2C630%2C0%2C0&quality=80&image_uri=https%3A%2F%2Fs.yimg.com%2Fuu%2Fapi%2Fres%2F1.2%2FUiRWz03enGyboDQzWXPH5w--%7EB%2Fdz05ODA7aD01MTM7YXBwaWQ9eXRhY2h5b24-%2Fhttps%3A%2F%2Fo.aolcdn.com%2Fimages%2Fdims%3Fresize%3D2000%252C2000%252Cshrink%26image_uri%3Dhttps%3A%2F%2Fs.yimg.com%2Fos%2Fcreatr-uploaded-images%2F2020-03%2F46117510-67a7-11ea-bfbb-daa79eeec5b8%26client%3Da1acac3e1b3290917d92%26signature%3Df5e54481bff13d3a11d5099c92bd85cc0738f23e&client=amp-blogside-v2&signature=c35244665e81d3e239e0d3f6461f82b64ac13634,2020-03-16T20:12:00Z,"To get the data, download the Mint Mobile app (Android and iOS), tap the ""Account"" icon on the bottom right of the interface and then press ""Buy more data"" under the payment heading. You'll then have the option to ""buy"" either a 1GB or 3GB data bucket. Pick the latter option. You'll need to pay for the data with either a credit or bank card, but then Mint Mobile will refund your purchase. You can continue to add data as you use more, though you'll need to go through 95 percent of your current allotment before adding another 3GB to your account.
""These last few days have thrown the world into an unprecedented moment of uncertainty where reliable communication is of the utmost importance,"" Mint says on its website. ""We feel it's necessary to do something that could possibly help all of us navigate this tough time a little bit better.""
Over the last week, we've seen some of the bigger carriers in the US implement similar measures. T-Mobile, for instance, is giving all current customers unlimited data for the next 60 days. As part of the FCC's Keep Americans Connected Pledge, most carriers and ISPs have also agreed to waive late fees for any individuals and small businesses who can't pay their bills because of the outbreak."
14,"{'id': 'engadget', 'name': 'Engadget'}",Christine Fisher,ER docs don smart rings to better predict COVID-19 infections,"Some 2,000 emergency medical workers in San Francisco are tracking their temperature and other vitals with Oura's smart rings in an attempt to limit the spread of COVID-19, SF Chronicle reports. Oura and researchers from the University of California San Franc…",https://www.engadget.com/2020/03/23/coronavirus-emergency-workers-oura-smart-ring/,https://o.aolcdn.com/images/dims?resize=1200%2C630&crop=1200%2C630%2C0%2C0&quality=80&image_uri=https%3A%2F%2Fo.aolcdn.com%2Fimages%2Fdims%3Fcrop%3D1800%252C1123%252C0%252C72%26quality%3D85%26format%3Djpg%26resize%3D1600%252C999%26image_uri%3Dhttps%253A%252F%252Fs.yimg.com%252Fos%252Fcreatr-uploaded-images%252F2020-03%252F4f9e4920-6d31-11ea-9f9f-35988b93494e%26client%3Da1acac3e1b3290917d92%26signature%3D87abbfb9e2070abf4f26f7b90e3f51f9eb530d86&client=amp-blogside-v2&signature=a75244278c7f370d74c3192578fe3791a87c2129,2020-03-23T19:33:00Z,"Workers at UCSF Medical Center and Zuckerberg San Francisco General Hospital are wearing the devices, and Oura has asked another 150,000 users to share their data. The rings aren't exactly comprehensive trackers, but they do record body temperature, heart rate and other vitals. In the near term, they could alert medical workers if they have a fever or impending illness, not just COVID-19. By the fall, when some expect the coronavirus to resurge, UCSF and Oura hope to have an algorithm that will detect early symptoms of the virus, so that people can more effectively self-quarantine.
One of the strategies at the epicenter of the coronavirus outbreak in Wuhan, China, was to have residents report their temperatures daily and isolate at the first sign of fever. The ring could allow users to do the same. But it would require that they hand over medical data, which opens up data privacy concerns.
There is some indication that this could work, though. Thanks to the Oura Ring, a Finnish business executive noticed that his temperature was higher than normal (about 100.4 Fahrenheit) and his heart and breathing rates were slightly increased. While he reportedly felt normal otherwise, he had just been traveling in a coronavirus hotspot, so he was tested. The results were positive for COVID-19. Without the ring, he wrote on Facebook, he would not have noticed those changes."
15,"{'id': 'engadget', 'name': 'Engadget'}",Rachel England,The COVID-19 Humble Bundle pairs great games with a great cause,"There's a new Humble Bundle on offer, and it's packed with great deals for a great cause. The special one-week COVID-19 Bundle features more than $1,000 worth of games and comics and can be yours for just $30 (£25.50) -- or more, if you're feeling charitable,…",https://www.engadget.com/2020-04-01-the-covid-19-humble-bundle-pairs-great-games-with-a-great-cause.html,https://o.aolcdn.com/images/dims?resize=1200%2C630&crop=1200%2C630%2C0%2C0&quality=80&image_uri=https%3A%2F%2Fs.yimg.com%2Fuu%2Fapi%2Fres%2F1.2%2FyjtsXLetOBW8FMojtdsmwg--%7EB%2Fdz0xNjAwO2g9OTQzO2FwcGlkPXl0YWNoeW9u%2Fhttps%3A%2F%2Fo.aolcdn.com%2Fimages%2Fdims%3Fcrop%3D1030%252C607%252C0%252C0%26quality%3D85%26format%3Djpg%26resize%3D1600%252C943%26image_uri%3Dhttps%3A%2F%2Fs.yimg.com%2Fos%2Fcreatr-uploaded-images%2F2020-04%2Fe21a0b30-73f9-11ea-b996-977dafaec97d%26client%3Da1acac3e1b3290917d92%26signature%3Ddc242baf8b4a6abb9134731a72763bed195edf48&client=amp-blogside-v2&signature=3deaead7a72ee1f0cbbeae1d722822b8735c4742,2020-04-01T11:01:00Z,"There's a lot in this bundle, including epic strategy game Into the Breach, puzzle drama The Witness, time-bending VR shooter Superhot, and graphic adventure Broken Age. Hollow Knight, Undertale, Psychonauts and Tilt Brush are great choices, too. And then there's the comics. Locke &amp; Key has just been turned into a decent Netflix series, while The Boys is now a hit Amazon show. And fans of Saga know its inclusion speaks for itself.
With Into the Breach alone on sale for $15 on Steam at the moment, the bundle represents massive savings, and it'll provide plenty of entertainment while you're stuck indoors because of the very crisis this bundle is raising money to fight. It's only available for a week though, so don't hang around."
16,"{'id': 'engadget', 'name': 'Engadget'}",Christine Fisher,FCC approves $200 million plan to fund COVID-19 telehealth services,"The FCC has approved $200 million in telehealth funding for healthcare providers responding to the coronavirus pandemic. With federal funding made available through the CARES Act, the COVID-19 Telehealth Program will help providers pay for the broadband conne…",https://www.engadget.com/2020-04-03-fcc-approves-coroanvirus-telehealth-funding.html,https://o.aolcdn.com/images/dims?resize=1200%2C630&crop=1200%2C630%2C0%2C0&quality=80&image_uri=https%3A%2F%2Fs.yimg.com%2Fuu%2Fapi%2Fres%2F1.2%2F.BaiNE9kWMPS0G7mSxrGIg--%7EB%2Fdz0xNjAwO2g9MTAwMDthcHBpZD15dGFjaHlvbg--%2Fhttps%3A%2F%2Fo.aolcdn.com%2Fimages%2Fdims%3Fcrop%3D5897%252C3685%252C0%252C94%26quality%3D85%26format%3Djpg%26resize%3D1600%252C1000%26image_uri%3Dhttps%3A%2F%2Fs.yimg.com%2Fos%2Fcreatr-images%2F2020-04%2F477ac750-75c4-11ea-9efb-413cebfddd78%26client%3Da1acac3e1b3290917d92%26signature%3D5c516dbd9f7631434db1787ee7c461e609496071&client=amp-blogside-v2&signature=771648b39be0f5d003218bed62e91914b15876d5,2020-04-03T16:44:00Z,"Hospitals and health centers will be able to apply for up to $1 million in funding, and applications will be accepted on an ongoing basis. Priority will be given to areas with high rates of COVID-19, as well as traditionally underfunded healthcare providers like clinics in poor neighborhoods, TechCrunch notes.
""With the adoption of the $200 million COVID-19 Telehealth Program, the FCC can now take immediate steps to provide funding so that more patients can be treated at home, freeing up valuable hospital beds for those who most need them and reducing the risk of exposure to the virus,"" FCC Chairman Ajit Pai said in a statement.
The FCC approved the funding less than a week after it was announced. But the price for that speed may be a lack of guidance. ""This is a well-intended effort, but it lacks clear performance metrics,"" wrote Commissioner Jessica Rosenworcel, who mostly spoke in favor of the program. ""Moreover, it does not focus on a specific problem in healthcare,"" she added.
The FCC also adopted rules for the Connected Care Pilot Program, a separate, three-year initiative that will provide up to $100 million to help offset the cost of providing virtual care. One goal of the pilot is to determine how the FCC's Universal Service Fund might be used to support long-term telehealth. In particular, that program will emphasize providing care to veterans and low-income Americans.
In light of the coronavirus, Medicare has expanded telehealth coverage nationwide. While Medicare previously covered telehealth in some rural areas, patients still had to go to specially-designated sites for their visits. Now, millions of older adults will be able to seek medical advice from the safety of their homes, and with this FCC funding, more healthcare providers will be equipped to provide it."
17,"{'id': 'engadget', 'name': 'Engadget'}",Jon Fingas,MIT is working on a way to track COVID-19 while protecting privacy,"Many countries and researchers are promoting the use of contact tracing apps to help limit the spread of COVID-19 and aid in the eventual recovery, but they may require slow manual tracing or a sacrifice in privacy (say, warning when a patient leaves home). M…",https://www.engadget.com/automatic-covid-19-contact-tracing-mit-192535783.html,https://o.aolcdn.com/images/dims?resize=1200%2C630&crop=1200%2C630%2C0%2C0&quality=80&image_uri=https%3A%2F%2Fs.yimg.com%2Fos%2Fcreatr-images%2F2020-04%2F34d62140-7a8c-11ea-bef3-589bcf7075d0&client=amp-blogside-v2&signature=82cb760d311a010faba679e152cec7dbc5780c1c,2020-04-09T19:25:35Z,"Many countries and researchers are promoting the use of contact tracing apps to help limit the spread of COVID-19 and aid in the eventual recovery, but they may require slow manual tracing or a sacrifice in privacy (say, warning when a patient leaves home). MIT researchers think they have a solution with few compromises. They’re developing a system, PACT (Private Automatic Contact Tracing), that promises to automatically trace contacts while keeping identities secret.
The system would send Bluetooth “chirps” of random numbers to nearby phones. If a person tests positive for COVID-19, they can upload all their received chirps from the past 14 days (about the maximum incubation time) to help others find out if they were close by. If there’s a match between numbers, the passers-by get notifications telling them of possible contact and what to do next. The very nature of the process continuously changes IDs, making it difficult or impossible to link data to a given individual. There’s no GPS, phone numbers or other information people could use to guess who you are."
18,"{'id': 'engadget', 'name': 'Engadget'}",Jon Fingas,"400,000 new people have joined Folding@Home's fight against COVID-19","The Folding@Home community has turned its attention toward the fight against COVID-19, and it now has massive computational power at its disposal as a result. The distributed computing project is now working with about 470 petaflops of output in its quest to …",https://www.engadget.com/2020/03/23/folding-at-home-adds-400000-in-coronavirus-fight/,https://o.aolcdn.com/images/dims?resize=1200%2C630&crop=1200%2C630%2C0%2C0&quality=80&image_uri=https%3A%2F%2Fo.aolcdn.com%2Fimages%2Fdims%3Fcrop%3D4500%252C3000%252C0%252C0%26quality%3D85%26format%3Djpg%26resize%3D1600%252C1067%26image_uri%3Dhttps%253A%252F%252Fs.yimg.com%252Fos%252Fcreatr-images%252F2020-03%252Fd2f762a0-640a-11ea-bff7-d548bcee64ac%26client%3Da1acac3e1b3290917d92%26signature%3Dacfc83bfe8e6cc0f9a77d3a85315556bd2a8b3e1&client=amp-blogside-v2&signature=685f159e3b4120c3519036140d4ceba66c5b2091,2020-03-23T16:26:00Z,"The surge in computing power is helped in part by the technology many home users have at their disposal. Users have multi-core CPUs and many-core GPUs that deliver far more power than they would have even a few years ago. Moreover, there's an abundance of cryptocurrency mining machines that are practically tailor-made for data crunching projects like this.
There are positive early signs. Summit, for instance, already found 77 drug compounds that might be helpful for fighting the coronavirus. While we wouldn't absolutely count on Folding@Home accelerating the development of a vaccine or treatment, there's a real chance that your spare computer could help make an important discovery."
19,"{'id': 'engadget', 'name': 'Engadget'}",Jon Fingas,Amazon will deliver at-home COVID-19 test kits in Seattle trial,"Amazon is playing a direct role in COVID-19 relief beyond shipping essentials to people sheltering at home. Amazon Care, the division providing healthcare to company staff, is partnering with the Gates Foundation -backed Seattle Coronavirus Assessment Network…",https://www.engadget.com/2020/03/23/amazon-care-to-deliver-covid-19-test-kits-seattle/,https://o.aolcdn.com/images/dims?resize=1200%2C630&crop=1200%2C630%2C0%2C0&quality=80&image_uri=https%3A%2F%2Fo.aolcdn.com%2Fimages%2Fdims%3Fcrop%3D5022%252C3347%252C0%252C0%26quality%3D85%26format%3Djpg%26resize%3D1600%252C1066%26image_uri%3Dhttps%253A%252F%252Fs.yimg.com%252Fos%252Fcreatr-images%252F2020-03%252Fb0d4e7b0-6d47-11ea-abfc-93ae51a1f330%26client%3Da1acac3e1b3290917d92%26signature%3D3af5b099cb5886bdaf054a0f9abdbb55ede4a319&client=amp-blogside-v2&signature=db2df2623e48bf2c165379107d32f933b73398c2,2020-03-23T22:03:00Z,"Every driver involved has been trained in handling medical material, Amazon told CNBC. The tests revolve around the familiar swabs used at drive-through testing locations. If a recipient tests positive, healthcare workers will get in touch.
Amazon Care director Kristen Helton said in a statement that the company knows fighting COVID-19 will require help from ""both the public and private sectors,"" and was ""eager to leverage"" Care's resources to back a local effort.
This isn't a full-fledged testing system, and it's not guaranteed to expand further. However, it could show how Amazon and other companies could improve access to testing at time when it's critically low. Amazon also has a vested interest in accurately diagnosing and fighting the spread of COVID-19. Washington state has been particularly hard-hit by the virus, with over 1,000 cases and 75 deaths in King County (which includes Amazon's Seattle home) as of this writing. Improved research and testing could help keep employees and the broader community safe."
