,source,author,title,description,url,urlToImage,publishedAt,content
0,"{'id': 'the-verge', 'name': 'The Verge'}",Kim Lyons,Facebook just killed its ‘pseudoscience’ category for ad targeting,"Facebook has removed the “pseudoscience” category from the list of options advertisers can use to target people, following an investigation by The Markup. The social media platform’s ad portal showed more than 78 million people were interested in the pseudosc…",https://www.theverge.com/2020/4/23/21232547/facebook-pseudoscience-ad-targeting-coronavirus,https://cdn.vox-cdn.com/thumbor/O3t-YbUpkAz9E1kFH_L2s4mUUUY=/0x146:2040x1214/fit-in/1200x630/cdn.vox-cdn.com/uploads/chorus_asset/file/12742467/acastro_180828_1777_facebook_0001.jpg,2020-04-23T15:46:44Z,"For years, advertisers were able to target people interested in pseudoscience
Illustration by Alex Castro / The Verge
Facebook has removed pseudoscience from the list of categories advertisers can use to target people, following an investigation from The Markup. While no longer available as of Wednesday, the social media platforms ad portal showed more than 78 million Facebook users were interested in pseudoscience, The Markup reports.
Weve removed this targeting option to prevent potential abuse in ads, a Facebook spokesperson confirmed in an email to The Verge.
Its curious why Facebook had such a category available, even as the company works to combat misinformation about the novel coronavirus pandemic on its platforms. CEO Mark Zuckerberg said in a blog post on April 16th that Facebook had added warning labels on 40 million posts related to COVID-19.
Coronavirus misinformation and hoaxes have been rampant on social media, including everything from lies about Bill Gates to false claims that 5G towers caused the virus. And overhyped cures and treatments have been a particular area of concern. 
Zuckerberg said last week that the company was adding a Get The Facts section with articles written by independent fact-checking partners debunking misinformation about the coronavirus and would connect people who had previously engaged with harmful misinformation about COVID-19 to accurate information. 
Among the new initiatives Facebook announced was a box that will appear for people who liked, reacted to, or commented on a post that Facebook later removed for misinformation, with a link to the World Health Organizations website. 
The new initiatives to battle coronavirus misinformation followed a report by human rights group Avaaz, which found 100 pieces of misinformation regarding the virus on Facebook were shared more than 1.7 million times and viewed about 117 million times. Avaaz urged Facebook to inform anyone who has viewed coronavirus misinformation on its platforms and tell them exactly what was incorrect. 
View all 404 stories"
1,"{'id': 'the-verge', 'name': 'The Verge'}",Ashley Carman,European Union closes all external borders for 30 days,"German Chancellor Angela Merkel has announced that the European Union is closing all external borders. People in the EU will be able to travel, although certain restrictions will be in place.",https://www.theverge.com/2020/3/17/21184043/european-union-eu-travel-ban-coronavirus-covid-19-restrictions-merkel,https://cdn.vox-cdn.com/thumbor/Txue8lVbJ1dluSBZNEVJpKyZ0gQ=/0x346:4830x2875/fit-in/1200x630/cdn.vox-cdn.com/uploads/chorus_asset/file/19814097/1212779686.jpg.jpg,2020-03-17T19:53:56Z,"People can still travel within the EU
Photo by Maja Hitij - Pool/Getty Images
The European Union is locking down its borders with all other nations. German Chancellor Angela Merkel announced today that all external borders for countries within the group will close for 30 days for nonessential travel. People within the EUs 27 member nations can still travel between those countries, although there will be some restrictions, and Europeans stranded abroad will be repatriated.
The EU includes countries particularly hard hit by COVID-19, the disease caused by the novel coronavirus, including Spain, Italy, France, and Germany. The decision follows Canadian Prime Minister Justin Trudeau announcing yesterday that hed be closing his countrys border to everyone but Canadians and US citizens. Last week, US President Donald Trump banned travel from all European countries into the nation. Trump initially exempted the UK and Ireland, but he expanded the ban a few days later. Many other countries have restricted travel from abroad and even limited their own citizens movement at home. (The New York Timeshas created a comprehensive list of those decisions.) 
The COVID-19 pandemic has pushed governments to not only encourage local social distancing, but also to limit the number of people entering their countries in an effort to stop the virus from spreading further. Europe closing its borders is one of the biggest expressions of that strategy yet."
2,"{'id': 'the-verge', 'name': 'The Verge'}",Sean O'Kane,"Ford will make ventilators for GE, joining General Motors","The automaker will manufacture 1,500 ventilators in April for GE Healthcare, and 12,000 by the end of May. It joins General Motors in announcing plans to manufacture the desperately needed ventilators. Companies like Tesla and Virgin Orbit are also working on…",https://www.theverge.com/2020/3/30/21200216/ford-ge-ventilators-coronavirus-covid-19-manufacturing,https://cdn.vox-cdn.com/thumbor/hfUurcil_MkLSWXZcHxO55d7y5E=/0x331:4620x2750/fit-in/1200x630/cdn.vox-cdn.com/uploads/chorus_asset/file/19859533/1208147572.jpg.jpg,2020-03-30T20:30:12Z,"The automaker will manufacture 1,500 in April and 12,000 by the end of May
Photo by Rich Graessle/Icon Sportswire via Getty Images
Ford is the latest automaker to announce that it will start making desperately needed ventilators that are crucial for treating the worst symptoms of COVID-19. The automaker announced Monday that it will manufacture ventilators for General Electrics health care division, which has licensed a simplified design that does not need electricity from a Florida ventilator company called Airon. Ford has already been working with GE to increase Airons production and is helping make masks and protective hoods for health care workers.
Ford will pay 500 United Auto Workers-represented volunteer employees to build the ventilators at one of the automakers components factories in Ypsilanti, Michigan, which is currently shut down due to the novel coronavirus pandemic. The company will build the ventilators around the clock starting the week of April 20th. Ford says it expects to be able to build 1,500 of them by the end of April, 12,000 by the end of May, and 50,000 by July, eventually reaching a rate of 30,000 per month. 
Ford joins fellow Detroit automaker General Motors in helping make ventilators, which are expected to be in short supply as the number of COVID-19 cases continues to rise in the US and around the world. GM announced on Friday that it will start manufacturing more complicated ventilators in April on behalf of Ventec Life Systems, hours before President Trump announced he was invoking the Korean War-era Defense Production Act to force the automaker to help with the shortage. GM plans to eventually make 10,000 powered ventilators per month, but will start with hundreds in April, according to Ventec.
Tesla is also examining how to help manufacture ventilators and has even bought some from China to send to hospitals in the meantime. Earlier on Monday, the rocket-launching arm of Richard Bransons space company announced it has also developed a device that could help patients who are having trouble breathing due to COVID-19.
In response to the need for ventilators, as well as the economic impact of the pandemic, a number of workers in GEs aviation division decided to stop work on Monday to protest cuts the company has made. The union workers called on the company to let them make ventilators instead. GE Healthcare is already a large manufacturer of ventilators.
When asked why GE Healthcare is tapping Ford to make these ventilators, Tom Westrick, the divisions vice president and chief quality officer, said: Our decision to select Ford was based specifically on speed, and our ability to increase capacity as fast as we could. 
Developing...
View all 330 stories"
3,"{'id': 'reuters', 'name': 'Reuters'}",Reuters Editorial,UK PM Johnson thanks Britons for abiding by lockdown on return to work,British Prime Minister Boris Johnson thanked Britons for abiding by the lockdown as he returned to work on Monday after recovering from a serious COVID-19 infection.,https://www.reuters.com/article/us-health-coronavirus-britain-johnson-idUSKCN2290U5,https://s1.reutersmedia.net/resources/r/?m=02&d=20200427&t=2&i=1516557295&w=1200&r=LYNXNPEG3Q0FA,2020-04-27T08:23:25Z,"LONDON (Reuters) - British Prime Minister Boris Johnson thanked Britons for abiding by the lockdown as he returned to work on Monday after recovering from a serious COVID-19 infection. 
“Everyday I know that this virus brings new sadness and mourning to households across the land and it is still true that this is the biggest single challenge this country has faced since the war,” Johnson said outside his Downing Street office 
Reporting by Guy Faulconbridge; writing by Michael Holden; Editing by William Schomberg"
4,"{'id': 'nhl-news', 'name': 'NHL News'}",Ottawa Senators,Senators player tests positive for COVID-19 - Ottawa Senators,"Senators player tests positive for COVID-19 Ottawa Senators Ottawa Senators player is first NHLer to test positive for COVID-19 Sportsnet.ca Ottawa Senators player tests positive for COVID-19, first player in NHL infected with virus CityNews Vancouver Ottawa …",https://www.nhl.com/senators/news/senators-player-tests-positive-for-covid-19/c-316208628,https://nhl.bamcontent.com/images/photos/316209010/1024x576/cut.jpg,2020-03-18T03:45:14Z,"OTTAWA (March 17, 2020) - An Ottawa Senators player has tested positive for the COVID-19 virus. The player has had mild symptoms and is in isolation.The Ottawa Senators are in the process of notifying anyone who has had known close contact with the athlete and are working with our team doctors and public health officials. As a result of this positive case, all members of the Ottawa Senators are requested to remain isolated, to monitor their health and seek advice from our team medical staff.
The health of our players, fans, and community remains our highest priority. We will continue to do everything we can to help ensure our players, staff, fans and the greater community remain safe and healthy during this time of uncertainty due to the spread of the coronavirus.
_______________________
Please find FAQsStatus of scheduled event"
5,"{'id': 'engadget', 'name': 'Engadget'}",Christine Fisher,"Uber Eats waives delivery fees for over 100,000 independent restaurants","In response to the coronavirus pandemic and its impact on the restaurant industry, Uber Eats is waiving delivery fees for over 100,000 independent restaurants across the US and Canada. It's the latest move by gig-economy businesses like Uber, Lyft and Grubhub…",https://www.engadget.com/2020-03-16-uber-eats-waives-delivery-fees-independent-restaurants.html,https://o.aolcdn.com/images/dims?resize=1200%2C630&crop=1200%2C630%2C0%2C0&quality=80&image_uri=https%3A%2F%2Fs.yimg.com%2Fuu%2Fapi%2Fres%2F1.2%2FYD2zif8DEapiHM7epOxN6w--%7EB%2Fdz0xNjAwO2g9OTk5O2FwcGlkPXl0YWNoeW9u%2Fhttps%3A%2F%2Fo.aolcdn.com%2Fimages%2Fdims%3Fcrop%3D3641%252C2274%252C221%252C300%26quality%3D85%26format%3Djpg%26resize%3D1600%252C1000%26image_uri%3Dhttps%3A%2F%2Fs.yimg.com%2Fos%2Fcreatr-images%2F2020-03%2F61eefcb0-67c2-11ea-bfff-d6ece2299d14%26client%3Da1acac3e1b3290917d92%26signature%3Dafaed61b7ad2752cfa2b2925f0bd654e8ebcd776&client=amp-blogside-v2&signature=57f0a30250ccd185e136319c46795824ed38a44c,2020-03-16T20:34:00Z,"Uber Eats is also launching daily marketing campaigns to promote delivery from local restaurants, especially those that are new to the app. It will allow restaurants of all sizes to opt into daily payments on all Uber Eats orders, rather than weekly billing, and it has committed 300,000 free meals on Uber Eats to first responders and healthcare workers in the US and Canada.
Uber Eats, along with other delivery services like Instacart, Grubhub, Postmates and Seamless, have been encouraging customers to select no-contact delivery. Both Grubhub and Seamless have temporarily suspended commission fees for independent restaurants, as well.
Earlier today, Uber announced that it will offer two weeks of pay to drivers and delivery people who test positive for COVID-19 and those who are forced to quarantine. The company also says that it's providing them with sanitization products to help limit the spread of the virus."
6,"{'id': 'engadget', 'name': 'Engadget'}",Jon Fingas,Amazon Prime Video finally introduces viewer profiles,"It might have taken years, but Amazon Prime Video is finally ready to offer something you might take for granted on Netflix and other services: multiple profiles for a single account. NDTV and XDA have noticed that you can now add five additional profiles to …",https://www.engadget.com/2020/03/23/amazon-prime-video-profiles/,https://o.aolcdn.com/images/dims?resize=1200%2C630&crop=1200%2C630%2C0%2C0&quality=80&image_uri=https%3A%2F%2Fo.aolcdn.com%2Fimages%2Fdims%3Fcrop%3D3798%252C2532%252C0%252C0%26quality%3D85%26format%3Djpg%26resize%3D1600%252C1067%26image_uri%3Dhttps%253A%252F%252Fs.yimg.com%252Fos%252Fcreatr-images%252F2020-03%252Ff441a880-6d01-11ea-a7df-cfb7588a38ea%26client%3Da1acac3e1b3290917d92%26signature%3D775844bfe82af55150df1b5b6c1b0e52f107dca6&client=amp-blogside-v2&signature=0f91c74b0b7e2b7345d3f7a0fde1536d8050e048,2020-03-23T13:21:00Z,"We've asked Amazon to be more specific about where profiles are available, although they're already available in full across Android, iOS, 10th-generation or newer Fire tablets, current-gen Apple TV boxes and Chromecast. People in India also have full access on Fire TV devices. You can also use profiles on a basic level (no profile management) with screen-equipped Alexa devices, the Fire TV home screen experience and older Apple TV devices, not to mention most other living room hardware.
The timing couldn't be more appropriate. With people being urged to stay at home to reduce the spread of COVID-19, Prime Video usage is bound to go up -- and that includes driving viewership by family members who might not have used the service much before. Profiles, plus a Cinema hub highlighting movies that were supposed to be in theaters, could encourage more people to give Prime Video a try."
7,"{'id': 'engadget', 'name': 'Engadget'}",Mariella Moon,Google Search now delivers NHS advice in the UK,"Starting this week, the first thing you'll see when you look up health conditions on Google in the UK is results straight from the NHS website. The tech giant is putting trusted information from the National Health Service (NHS) front and center in Search, pl…",https://www.engadget.com/2020/03/11/google-search-nhs-knowledge-panels/,https://o.aolcdn.com/images/dims?resize=1200%2C630&crop=1200%2C630%2C0%2C0&quality=80&image_uri=https%3A%2F%2Fo.aolcdn.com%2Fimages%2Fdims%3Fcrop%3D1000%252C700%252C0%252C0%26quality%3D85%26format%3Djpg%26resize%3D1600%252C1120%26image_uri%3Dhttps%253A%252F%252Fs.yimg.com%252Fos%252Fcreatr-uploaded-images%252F2020-03%252F7d1f4b90-6383-11ea-93f7-5e679d668291%26client%3Da1acac3e1b3290917d92%26signature%3Dcac3a4c7687895a4bda6f868a545c8d0eb3cec07&client=amp-blogside-v2&signature=4c26f0f5a7fc7c8303d0ffb1f11b18d2e9f27dc3,2020-03-11T12:01:00Z,"You can search for a condition like back pain or chickenpox, for instance, and read a short description for it, a list of symptoms and a list of possible treatments without having to click through to visit a website. Google says the Knowledge Panels will be available for over 250 conditions to start with, so the feature will presumably expand to cover even more.
The company uses Knowledge Panels to highlight results from reputable sources for various topics, like celebrities. Searching for a musician's name will bring up Knowledge Panels with information about them and their work, as well as links to where you can hear their music and their videos. More recently, it started displaying Knowledge Panels for COVID-19 when you search for coronavirus, which contain details about the condition from the World Health Organization."
8,"{'id': 'engadget', 'name': 'Engadget'}",Igor Bonifacic,DoorDash now delivers from convenience stores,"With the coronavirus pandemic pushing more and more Americans to self-isolate and stay inside, DoorDash is starting to deliver items from convenience stores. Starting today, the company is partnering with both national and regional chains across the US -- inc…",https://www.engadget.com/2020-04-01-doordash-convenience-store-delivery.html,https://o.aolcdn.com/images/dims?resize=1200%2C630&crop=1200%2C630%2C0%2C0&quality=80&image_uri=https%3A%2F%2Fs.yimg.com%2Fuu%2Fapi%2Fres%2F1.2%2FGZ_jT9wiVNZOJ2YFBerN6w--%7EB%2Fdz0yMDAwO2g9MTMzMzthcHBpZD15dGFjaHlvbg--%2Fhttps%3A%2F%2Fo.aolcdn.com%2Fimages%2Fdims%3Fresize%3D2000%252C2000%252Cshrink%26image_uri%3Dhttps%3A%2F%2Fs.yimg.com%2Fos%2Fcreatr-images%2F2020-02%2F3d875790-59a4-11ea-bbed-a9188bfd7662%26client%3Da1acac3e1b3290917d92%26signature%3D2526bc380382bb432685e226ed40a4bdebade2da&client=amp-blogside-v2&signature=9f7f5cd930d09ba444b523f0c6b24003f904a53d,2020-04-01T18:35:00Z,"You can order from a store by tapping the ""Convenience"" category tab at the top of the app. If you want to keep both yourself and your delivery person safe, there's a no-contact drop-off option. In some instances, there's also a pickup option, though that depends on availability.
DoorDash says it started piloting this functionality at the start of the year. However, it decided to accelerate the launch as the severity of the current situation became apparent. As of Wednesday, there were almost 190,000 confirmed COVID-19 cases in the US, according to TheNew York Times.
DoorDash isn't the only company shuttling essential items. On Tuesday, Walgreens announced an expanded partnership with Postmates to deliver from more than 7,000 stores across the US. More broadly, the coronavirus pandemic has forced DoorDash to change how it operates. Partway through last month, the company said it would temporarily waive commission fees for new restaurants."
9,"{'id': 'engadget', 'name': 'Engadget'}",Jon Fingas,Safari flaw let intruders hijack cameras on iPhones and Macs,"If you're working on a Mac at home or reconnecting with friends on an iPhone, you'll want to be sure you have the latest security updates. Security researcher Ryan Pickren has detailed recently patched Safari vulnerabilities that allowed intruders to hijack t…",https://www.engadget.com/2020-04-05-safari-camera-hijack-flaw.html,https://o.aolcdn.com/images/dims?resize=1200%2C630&crop=1200%2C630%2C0%2C0&quality=80&image_uri=https%3A%2F%2Fs.yimg.com%2Fuu%2Fapi%2Fres%2F1.2%2FzfLJtPg2EnQO_kTdlQyeQw--%7EB%2Fdz0xNjAwO2g9MTAxODthcHBpZD15dGFjaHlvbg--%2Fhttps%3A%2F%2Fo.aolcdn.com%2Fimages%2Fdims%3Fcrop%3D1600%252C1018%252C0%252C0%26quality%3D85%26format%3Djpg%26resize%3D1600%252C1018%26image_uri%3Dhttps%3A%2F%2Fs.yimg.com%2Fos%2Fcreatr-uploaded-images%2F2020-04%2F2f72ed20-7788-11ea-9ee5-60b43b0f4140%26client%3Da1acac3e1b3290917d92%26signature%3Dc2a74353ed84d5aca6602eaad0306ef5810ff45a&client=amp-blogside-v2&signature=c202fa4d94b2407bb86fb872b65828a2fca5c2ad,2020-04-06T00:45:00Z,"If successful, the perpetrator could quietly capture audio and video and eavesdrop on victims. That could be a particularly serious issue when many are relying on webcams for remote meetings and classes during the COVID-19 pandemic.
Apple fixed the issues relatively quickly after their initial disclosure in December, with patches following in January and March. Pickren noted to Wired that some of the patches touched on ""really, really old"" bugs in WebKit, though, and they were coming to the forefront because of how hackers might use them in the modern era. In other words, iOS and Mac users may have dodged attacks simply because crooks and creeps weren't looking for these kinds of exploits until relatively recently."
10,"{'id': 'engadget', 'name': 'Engadget'}",Kris Holt,"'Journey' and Uncharted remasters will be free on PS4, no PS Plus required","Sony has announced a Play At Home initiative, through which it's giving away free games while folks are sheltering indoors and helping out indie developers who’ve been impacted by the COVID-19 outbreak. Starting tomorrow at 11pm ET/8pm PT, you'll be able to c…",https://www.engadget.com/sony-ps4-free-games-covid-19-coronavirus-171235974.html,https://o.aolcdn.com/images/dims?resize=1200%2C630&crop=1200%2C630%2C0%2C0&quality=80&image_uri=https%3A%2F%2Fs.yimg.com%2Fos%2Fcreatr-uploaded-images%2F2020-04%2F6f199a80-7e6f-11ea-ab7f-6e6b09821e9d&client=amp-blogside-v2&signature=f5f50b0e4f96a8cda4b8d87121609d0cd5289687,2020-04-14T17:12:35Z,"Sony has announced a Play At Home initiative, through which it's giving away free games while folks are sheltering indoors and helping out indie developers who’ve been impacted by the COVID-19 outbreak. Starting tomorrow at 11pm ET/8pm PT, you'll be able to claim Uncharted: The Nathan Drake Collection and Journeyat no cost, even if you aren't a PS Plus subscriber. The former is a collection of Uncharted: Drake’s Fortune, Uncharted 2: Among Thieves and Uncharted 3: Drake’s Deception remastered for PS4.
The offerings are a little different in Germany and China, where gamers can snag Knack 2 and Journey gratis. If you claim the games by May 5th at 8pm PT, they'll be yours for good. But actually getting them on your console might take a little longer than you'd normally expect, since Sony has temporarily capped download speeds in the US and Europe."
11,"{'id': 'engadget', 'name': 'Engadget'}",Mariella Moon,Amazon is slashing commission rates for its affiliate program,"Amazon’s affiliate program members are getting less money starting on April 21st. According to CNBC, the e-commerce giant has notified Amazon Associates — affiliates that link to products on its website in exchange for a percentage of the sales — that it’s sl…",https://www.engadget.com/amazon-slashing-commission-rates-affiliate-program-002256794.html,https://o.aolcdn.com/images/dims?resize=1200%2C630&crop=1200%2C630%2C0%2C0&quality=80&image_uri=https%3A%2F%2Fs.yimg.com%2Fos%2Fcreatr-images%2F2020-04%2F606496d0-7ea5-11ea-b497-cc9317cbf3cf&client=amp-blogside-v2&signature=4fcf03250ab2dcc59c0ee7b791bd4d5ef1abb71f,2020-04-15T00:22:56Z,"Amazon’s affiliate program members are getting less money starting on April 21st. According to CNBC, the e-commerce giant has notified Amazon Associates — affiliates that link to products on its website in exchange for a percentage of the sales — that it’s slashing commission rates across various categories. The changes are quite significant in some cases: The furniture and home improvement category’s affiliate cut fell from 8 percent to 3 percent, for instance, while grocery items’ commission rate is now down to 1 percent from 5 percent.
As you can tell, it could have a huge impact on websites, including media outlets, that rely heavily on Amazon’s affiliate program to make money. The company spokesperson CNBC talked to wouldn’t say whether the changes were made in response to COVID-19. But as the publication notes, there have been quite a few changes to Amazon’s operations due to the pandemic."
12,"{'id': 'engadget', 'name': 'Engadget'}",Engadget,Facebook's latest app experiment is a 'private space' for couples,"If you have a special someone but don’t live with them, you’re probably feeling a bit stranded during the COVID-19 pandemic. However, Facebook might have a way to help you stay connected beyond the usual phone calls and video chats. Its experiment-oriented NP…",https://www.engadget.com/facebook-tuned-couples-messaging-app-183655320.html,https://o.aolcdn.com/images/dims?resize=1200%2C630&crop=1200%2C630%2C0%2C0&quality=80&image_uri=https%3A%2F%2Fs.yimg.com%2Fos%2Fcreatr-uploaded-images%2F2020-04%2F9447a540-78f7-11ea-977c-b1e7dec81a1e&client=amp-blogside-v2&signature=17a99d55d174a4631116aa0c832627349b189200,2020-04-07T18:36:55Z,"If you have a special someone but don’t live with them, you’re probably feeling a bit stranded during the COVID-19 pandemic. However, Facebook might have a way to help you stay connected beyond the usual phone calls and video chats. Its experiment-oriented NPE Team has released Tuned, an iPhone “private space” (sorry, Android lovebirds) meant solely for couples. It revolves around a scrapbook-like feed where you can share notes, photos, cards and voice clips. You can also send Spotify songs that remind you of your sweetie, or even share your mood if you need a pick-me-up.
You add your partner through their phone number. You won’t have to worry about people intruding on your space, then, although Tuned adheres to Facebook policies that allow using data for ad targeting."
13,"{'id': 'engadget', 'name': 'Engadget'}",Jon Fingas,Maingear is building ventilators using gaming PC cases,"Numerous tech and automotive companies have stepped up to make ventilators during the COVID-19 pandemic, and that now includes gaming PC builders. Maingear has developed a ventilator, the LIV, that uses an old version of its F131 PC case as the chassis. Based…",https://www.engadget.com/maingear-liv-ventilator-012805219.html,https://o.aolcdn.com/images/dims?resize=1200%2C630&crop=1200%2C630%2C0%2C0&quality=80&image_uri=https%3A%2F%2Fs.yimg.com%2Fos%2Fcreatr-uploaded-images%2F2020-04%2F02f02500-79dc-11ea-9f4e-1c26910f10f1&client=amp-blogside-v2&signature=7f39a5d39b567707571345410b94d430d3d90e98,2020-04-09T01:28:05Z,"Numerous tech and automotive companies have stepped up to make ventilators during the COVID-19 pandemic, and that now includes gaming PC builders. Maingear has developed a ventilator, the LIV, that uses an old version of its F131 PC case as the chassis. Based on a platform already in use in Italy and Switzerland, it’s designed to be easy to use with automatic operation, presets and a touchscreen interface. Healthcare workers can start delivering oxygen in as little as 1.5 seconds.
The off-the-shelf components help keep the costs down. Maingear claims the LIV can be produced at a quarter of the price of conventional ventilators. That still makes it relatively expensive (a ventilator typically costs tens of thousands of dollars), but the savings could make all the difference for hospitals already struggling to cope with high patient loads."
14,"{'id': 'engadget', 'name': 'Engadget'}",Mariella Moon,Tesla reports best ever first quarter production and delivery numbers,"Tesla has announced a record-breaking quarter for the company when it comes to vehicle production and delivery. The automaker manufactured 102,672 and delivered 88,400 vehicles in the first quarter of 2020 ending on March 31st. Tesla called these results its …",https://www.engadget.com/2020-04-03-tesla-first-quarter-production-delivery.html,https://o.aolcdn.com/images/dims?resize=1200%2C630&crop=1200%2C630%2C0%2C0&quality=80&image_uri=https%3A%2F%2Fs.yimg.com%2Fuu%2Fapi%2Fres%2F1.2%2Fg84L_mjv7WZE65JYMYd63w--%7EB%2Fdz0xNjAwO2g9OTU3O2FwcGlkPXl0YWNoeW9u%2Fhttps%3A%2F%2Fo.aolcdn.com%2Fimages%2Fdims%3Fcrop%3D1600%252C957%252C0%252C0%26quality%3D85%26format%3Djpg%26resize%3D1600%252C957%26image_uri%3Dhttps%3A%2F%2Fs.yimg.com%2Fos%2Fcreatr-uploaded-images%2F2020-04%2F8f1fd0e0-754d-11ea-bfff-a82ef32cba40%26client%3Da1acac3e1b3290917d92%26signature%3D1817dd1d0194f3708356314f46813bdcf28c8459&client=amp-blogside-v2&signature=a6863579a2992ea52f0754d7e12541ac7b0cd408,2020-04-03T05:33:00Z,"The automaker didn't break the numbers down per model, but it said it produced 15,390 and delivered 12,200 Model S and X vehicles for the period. The bulk of its numbers came from Model 3 and Y vehicles, though: it manufactured 87,282 and delivered 76,200 units of the two models. It's worth noting that Model Y production only started in January and deliveries only began in March.
It's a great start after a breakthrough year for the company, which grew its shipments by 50 percent in 2019 and produced its millionth car in March. According to CNBC, analysts believe Tesla's numbers could be higher if not for COVID-19-related issues that slowed down production in its Fremont, California and Shanghai plants."
15,"{'id': 'engadget', 'name': 'Engadget'}",Jon Fingas,Streaming on Roku devices jumped nearly 50 percent,"It won’t surprise you to hear that streaming video demand is surging as people stay home during the COVID-19 pandemic, but now there are more tangible figures for that demand. Roku expects the total number of streaming hours in the first quarter of 2020 to ha…",https://www.engadget.com/roku-streaming-jump-covid-19-231207866.html,https://o.aolcdn.com/images/dims?resize=1200%2C630&crop=1200%2C630%2C0%2C0&quality=80&image_uri=https%3A%2F%2Fs.yimg.com%2Fos%2Fcreatr-uploaded-images%2F2020-04%2Fb42916d0-7dd1-11ea-97ff-440936a3fa41&client=amp-blogside-v2&signature=c1132e6ad2805965cbc0dc44aa1e0f4722d8a0d6,2020-04-13T23:12:07Z,"It won’t surprise you to hear that streaming video demand is surging as people stay home during the COVID-19 pandemic, but now there are more tangible figures for that demand. Roku expects the total number of streaming hours in the first quarter of 2020 to have jumped 49 percent, to 13.2 billion. It added nearly 3 million subscribers in the process. The company hinted at even larger numbers to come, too, as the spike only began late in the quarter (that is, March) when lockdowns spread around the world.
This doesn’t mean Roku is profiting from the wave of demand. The company estimated that it could post a $60 million loss in the quarter, pulled its outlook for 2020 and drew down $70 million in credit to deal with “current financial market conditions.” More people were watching, then, but that didn’t necessarily translate to a rush in player sales or ad revenue."
16,"{'id': 'engadget', 'name': 'Engadget'}",Christine Fisher,Netflix puts free documentaries on YouTube for students and teachers,"To help teachers and students learning from home during the COVID-19 pandemic, Netflix is making a handful of documentaries available for free on its Netflix US YouTube channel. At the moment, there are 10 documentary films and series available, including 13t…",https://www.engadget.com/netflix-streaming-documentaries-teachers-students-155354626.html,https://o.aolcdn.com/images/dims?resize=1200%2C630&crop=1200%2C630%2C0%2C0&quality=80&image_uri=https%3A%2F%2Fs.yimg.com%2Fos%2Fcreatr-uploaded-images%2F2020-04%2Ff91ce230-80bf-11ea-bfff-6a313baff79f&client=amp-blogside-v2&signature=8d7ca489d6fc929427a7f1888f87cff1b0a98e34,2020-04-17T15:53:54Z,"To help teachers and students learning from home during the COVID-19 pandemic, Netflix is making a handful of documentaries available for free on its Netflix US YouTube channel. At the moment, there are 10 documentary films and series available, including 13th, Babies, Chasing Coral, Knock Down the Houseand Our Planet. Each comes with educational resources, like discussion questions, ways to take action and more info. Netflix says it plans to add Q&amp;As with some of the project creators soon.
For years, Netflix has allowed teachers to screen documentaries in their classrooms. Now that classrooms are virtual, it makes sense to share some of that content online. Even with that precedent, Netflix doesn’t make content available for free very often, so this is a bit unusual. Of course, you don’t have to be a student or teacher to view these through the Netflix YouTube channel."
17,"{'id': 'engadget', 'name': 'Engadget'}",Christine Fisher,Bandsintown will help artists promote livestreams,"As musicians cancel concerts due to the coronavirus, bands like the Dropkick Murphys are turning to livestreams as a way to connect with fans and potentially recoup some of the money they're losing. Today, the concert-discovery app Bandsintown announced a new…",https://www.engadget.com/2020/03/20/bandsintown-live-stream-notifications-twitch/,https://o.aolcdn.com/images/dims?resize=1200%2C630&crop=1200%2C630%2C0%2C0&quality=80&image_uri=https%3A%2F%2Fo.aolcdn.com%2Fimages%2Fdims%3Fcrop%3D4134%252C2580%252C0%252C83%26quality%3D85%26format%3Djpg%26resize%3D1600%252C999%26image_uri%3Dhttps%253A%252F%252Fs.yimg.com%252Fos%252Fcreatr-images%252F2020-03%252F54b29d90-6add-11ea-b75b-e7dd9bdb8911%26client%3Da1acac3e1b3290917d92%26signature%3D8f723062f6c672ce18f77ba0db1fc2e5ac3e65f9&client=amp-blogside-v2&signature=80ad1a44192b2bacb0328fcaf5d1e6d77e5fcc99,2020-03-20T23:21:00Z,"The Watch Live feature will be available for free on the Bandsintown For Artists platform next week. The push notifications will appear in the Bandsintown app, and other platforms that use its event listings, like Facebook and Instagram Stories.
The new Bandsintown Live Twitch channel will raise money for the MusiCares COVID-19 Relief Fund, which will provide financial relief to artists and music industry professionals impacted by the pandemic. Bandsintown Live hosted its first performance today, with DJ and producer Black Coffee, and next week, it will host a multi-day Live Music Marathon.
""Artists and fans are already missing the tribal experience that live shows create. We all must do whatever we can to keep that feeling alive as well as help artists in these difficult times,"" said Fabrice Sergent, managing partner of Bandsintown. ""WATCH LIVE and a new Bandsintown Live music channel on Twitch are the first of many new initiatives from Bandsintown."""
18,"{'id': 'engadget', 'name': 'Engadget'}",Karissa Bell,Instagram cracks down on coronavirus AR effects,"Instagram is taking new steps to combat the spread of coronavirus-related misinformation. The company has removed augmented reality effects that claim to ""diagnose"" or ""treat"" coronavirus, and will begin hiding other coronavirus-themed augmented reality effec…",https://www.engadget.com/2020-03-13-instagram-cracks-down-on-coronavirus-ar-effects.html,https://o.aolcdn.com/images/dims?resize=1200%2C630&crop=1200%2C630%2C0%2C0&quality=80&image_uri=https%3A%2F%2Fs.yimg.com%2Fuu%2Fapi%2Fres%2F1.2%2F_EonUtttOaEH3SFMLAOEkQ--%7EB%2Fdz0xMjAwO2g9NjQ0O2FwcGlkPXl0YWNoeW9u%2Fhttps%3A%2F%2Fo.aolcdn.com%2Fimages%2Fdims%3Fresize%3D2000%252C2000%252Cshrink%26image_uri%3Dhttps%3A%2F%2Fs.yimg.com%2Fos%2Fcreatr-uploaded-images%2F2020-03%2Fbd35ef10-6557-11ea-bbde-275e96802e41%26client%3Da1acac3e1b3290917d92%26signature%3D7db166f1a72a277380146579e2f1942274c80672&client=amp-blogside-v2&signature=6b97dd0ee97ee25117d51d88a9dc87920e2347ee,2020-03-13T18:33:00Z,"As the coronavirus epidemic has spread around the world, a number of coronavirus-themed AR filters have sprung up on Instagram. The user-generated effects depict face masks and animated virus particles, as well as ""What are you"" style filters that ""quiz"" users on whether or not they have coronavirus, or what brand of toilet paper they should ""panic buy.""
Additionally, Instagram will place messages linking to information from the World health Organization at the top of users' feeds in countries where there have been confirmed cases COVID-19. These notices will be appearing over the next couple weeks, according to the company.
The updates are the latest way that Instagram has sought to prevent misinformation about the coronavirus from spreading. The app has previously cracked down on hashtags used to spread false information and has promoted the WHO and other official health organizations in search results."
19,"{'id': 'engadget', 'name': 'Engadget'}",Marc DeAngelis,"Chinese digital spying is becoming more aggressive, researchers say","FireEye, a US cybersecurity firm, says that it has seen a concerning spike in activity from what appears to be a Chinese hacking group called APT41. The attacks are being deployed against companies in the US, Canada, the UK and several other counties, which i…",https://www.engadget.com/2020-03-25-cybersecurity-firm-warns-chinese-spying.html,https://o.aolcdn.com/images/dims?resize=1200%2C630&crop=1200%2C630%2C0%2C0&quality=80&image_uri=https%3A%2F%2Fs.yimg.com%2Fuu%2Fapi%2Fres%2F1.2%2Fko043JxVqQfvSWkjEgLrnA--%7EB%2Fdz0yMDAwO2g9MTMzNTthcHBpZD15dGFjaHlvbg--%2Fhttps%3A%2F%2Fo.aolcdn.com%2Fimages%2Fdims%3Fresize%3D2000%252C2000%252Cshrink%26image_uri%3Dhttps%3A%2F%2Fs.yimg.com%2Fos%2Fcreatr-images%2F2019-10%2Fee523090-e8b1-11e9-8dbf-236fa1954f02%26client%3Da1acac3e1b3290917d92%26signature%3Dee4158ce9ced1b5251290ff58061f19ed9ea8dc2&client=amp-blogside-v2&signature=4645b19b823dfccabe69929ddc20e08f93679c38,2020-03-25T17:27:00Z,"FireEye, a US cybersecurity firm, says that it has seen a concerning spike in activity from what appears to be a Chinese hacking group called APT41. The attacks are being deployed against companies in the US, Canada, the UK and several other counties, which is atypical of Chinese hackers' typical strategy of focusing on a few particular targets. According to FireEye's report, the group is exploiting software flaws in applications and hardware developed by Cisco, Citrix and others to gain access to target companies' networks and download files via FTP, among other strategies. According to the firm, the attacks began on January 20th, dipped during the Chinese New Year celebrations and COVID-19 quarantine measures and are now back at full scale, affecting 75 of FireEye's customers."
