,source,author,title,description,url,urlToImage,publishedAt,content
0,"{'id': 'engadget', 'name': 'Engadget'}",Igor Bonifacic,Lyft will deliver food and medical supplies during the coronavirus crisis,"With the coronavirus outbreak in the US worsening, Lyft says it plans to expand its operations to include the delivery of food and medical supplies. The move comes as demand for the company's ride-hailing services falls off due to the pandemic. ""This work hel…",https://www.engadget.com/2020/03/22/lyft-will-deliver-food-medical-supplies-coronavirus/,https://o.aolcdn.com/images/dims?resize=1200%2C630&crop=1200%2C630%2C0%2C0&quality=80&image_uri=https%3A%2F%2Fo.aolcdn.com%2Fimages%2Fdims%3Fresize%3D2000%252C2000%252Cshrink%26image_uri%3Dhttps%253A%252F%252Fs.yimg.com%252Fos%252Fcreatr-images%252F2019-03%252Fd5ae8ea0-411b-11e9-adbd-114ddeda0ec8%26client%3Da1acac3e1b3290917d92%26signature%3D718acf50fa524059ad4ae9bda75e8e9c9ec5a003&client=amp-blogside-v2&signature=f4947f369706d2eb947059dd17dcb45e704dda22,2020-03-22T13:08:00Z,"At the moment, the initiative includes three parts. To start, the company's drivers will deliver medical supplies and test kits to the elderly, people with chronic diseases and other vulnerable individuals. They will also transport food to seniors, as well as students who depend on their school for lunch. Lyft says it plans to pilot the food project first in the San Francisco Bay Area, before making it available throughout California and the rest of the country. In both instances, the company's drivers will deliver items without coming into contact with the people who they're delivering supplies to.
Lastly, the company has partnered with eight Medicaid agencies to provide non-emergency transportation to people who need help getting to their medical appointments. It says it's working with states across the country to expand access.
In addition to the above efforts, Reuters reports co-founders John Zimmer and Logan Green will through to the end of June donate their salaries to help the company's drivers. They say they will also find them other temporary work opportunities.
At the start of the month, both Uber and Lyft said they would provide employees with 14 days of paid sick leave to drivers who were either infected by the coronavirus or quarantined by a public health agency. According to a tracker from The New York Times, COVID-19, the respiratory disease caused by the coronavirus, has killed 266 people in the US. There are currently more than 21,000 confirmed cases across the country."
1,"{'id': 'engadget', 'name': 'Engadget'}",Karissa Bell,Facebook adds coronavirus ‘information center’ to News Feed,"Facebook is taking new steps to encourage its billions of users to take social distancing seriously amid the coronavirus pandemic. The social network will start placing a coronavirus ""information center"" at the top of users' News Feeds, Mark Zuckerberg announ…",https://www.engadget.com/2020/03/18/facebook-coronavirus-information-center-news-feed/,https://o.aolcdn.com/images/dims?resize=1200%2C630&crop=1200%2C630%2C0%2C0&quality=80&image_uri=https%3A%2F%2Fo.aolcdn.com%2Fimages%2Fdims%3Fresize%3D2000%252C2000%252Cshrink%26image_uri%3Dhttps%253A%252F%252Fs.yimg.com%252Fos%252Fcreatr-uploaded-images%252F2020-03%252F5da7f220-694c-11ea-ba8a-624ce2f414d9%26client%3Da1acac3e1b3290917d92%26signature%3Dca72a7f32c775dab370e7ca7e9058eea609ad1c6&client=amp-blogside-v2&signature=59e34cea1b9ddbd85d6fecb887f30395b71100e2,2020-03-18T19:37:00Z,"Like similar efforts the company has undertaken on Instagram, the messages will provide users with accurate and up-to-date news about coronavirus in an effort to reduce misinformation. But in addition to sources like the CDC and World Health Organization, Zuckerberg said it will also include Facebook posts from local officials and celebrities encouraging users to cooperate with social distancing efforts. 
""We're designing it to be very adaptive so that on a day-to-day basis the messages ... vary from location to location,"" Zuckerberg said during a call with reporters announcing the update. He noted that while many people are aware of the threat posed by coronavirus, ""a lot of what needs to happen is people need to be convinced"" to take social distancing seriously.
The information center will also offer statistics tracking confirmed COVID-19 diagnoses, and include information on school closures, according to screenshots of the feature. Another section, titled ""Why You Should Stay Home,"" links to articles about the importance of social distancing amid the pandemic.
The information center is the latest, and perhaps most aggressive, step Facebook has taken in the wake of the pandemic. The social network also created a news hub aimed at WhatsApp users, given free advertising to the WHO and other organizations, and taken ramped up fact checking to beat back coronavirus hoaxes."
2,"{'id': 'engadget', 'name': 'Engadget'}",Daniel Cooper,SETI@Home ends its crowdsourced search for alien life after 21 years,"The Search for Extra-Terrestrial Intelligence is a series of projects that scrub the background noise of the universe to look for alien life. One of the most famous ventures under the name was SETI@Home, in which members of the public were encouraged to donat…",https://www.engadget.com/2020/03/04/seti-home-stops-for-now/,https://o.aolcdn.com/images/dims?thumbnail=1200%2C630&quality=80&image_uri=https%3A%2F%2Fo.aolcdn.com%2Fimages%2Fdims%3Fcrop%3D5380%252C3587%252C0%252C0%26quality%3D85%26format%3Djpg%26resize%3D1600%252C1067%26image_uri%3Dhttps%253A%252F%252Fs.yimg.com%252Fos%252Fcreatr-images%252F2020-03%252F20f9eae0-5dfd-11ea-aeff-acda20201d3c%26client%3Da1acac3e1b3290917d92%26signature%3De6a29926e0a1922badd46e2f41f1246c9b66a3a2&client=amp-blogside-v2&signature=bf9b45f6cdc61debea5a9acbcc2186895da07800,2020-03-04T10:55:00Z,"SETI@Home was born at UC Berkeley and released to the world on May 17th, 1999, using the university's distributed computing platform, BOINC. Whenever people left their machine on, but weren't using it, the program would take over and crunch data sent from UC Berkeley. In that way, the system created a giant, internet-connected supercomputer to grind through all of the information.
Thanks to the many volunteers who have helped crunch data for SETI@home in the last two decades. On March 31, the project will stop sending out new work to users, but this is not the end of public engagement in SETI research. pic.twitter.com/P0t0v8w7n4
— UC Berkeley SETI (@BerkeleySETI) March 3, 2020
In a statement, project leaders say that the reason for the ""hibernation"" is that they're ""at the point of diminishing returns."" Fundamentally, so much information has already been processed that it's now time to sift through it and look for any sort of conclusion. ""We need to focus on completing the back-end analysis of the results we already have,"" they continue, and then publishing a ""scientific journal paper.""
While SETI@Home is closing, UC Berkeley's other astrophysics projects that use BOINC will still harness your computing time, if you're offering. Or, if you're looking for another good cause to support, you could always support Folding@Home, which is still in operation. That platform offers distributed computing for disease research, drug design and other medical research, which recently began tackling COVID-19."
3,"{'id': 'engadget', 'name': 'Engadget'}",Rachel England,Foxconn's contentious Wisconsin plant will be used to make ventilators,"Foxconn’s dubious Wisconsin factory — the subject of billions of dollars of tax subsidy scrutiny — will be used to produce ventilators to aid in treatment for COVID-19 around the US. The company, best known for assembling Apple’s iPhones at factories in China…",https://www.engadget.com/foxconn-wisconsin-plant-ventilators-coronavirus-132525498.html,https://o.aolcdn.com/images/dims?resize=1200%2C630&crop=1200%2C630%2C0%2C0&quality=80&image_uri=https%3A%2F%2Fs.yimg.com%2Fos%2Fcreatr-images%2F2020-04%2F7e6075c0-798a-11ea-af5f-f4062429809a&client=amp-blogside-v2&signature=c06de0641cda768cdf385f355dd8b9527d547eea,2020-04-08T13:25:25Z,"Foxconn’s dubious Wisconsin factory — the subject of billions of dollars of tax subsidy scrutiny — will be used to produce ventilators to aid in treatment for COVID-19 around the US. The company, best known for assembling Apple’s iPhones at factories in China, has entered into a partnership with healthcare firm Medtronic for the project, which will see ventilators produced “as soon as possible,” according to a statement provided to Reuters.
The factory — dubbed the “eighth wonder of the world” by President Trump — was first announced back in 2017 and has been the focus of controversy ever since. While its arrival promised new job opportunities for the state, many homes would subsequently be bulldozed to make space for the plant. It was initially earmarked for use as an LCD factory, but plans have repeatedly changed and the ample job opportunities never materialized. For the few that did, pay and working conditions was were way below those originally touted by Foxconn. Meanwhile, the plant was in receipt of more than $4.5 billion in government incentives. The whole endeavour has certainly fallen short of its promises."
4,"{'id': 'business-insider', 'name': 'Business Insider'}",Sarah Al-Arshani,Los Angeles mayor says COVID-19 is now the leading cause of death in the country,"<ul>
<li>Los Angeles Mayor Eric Garcetti said COVID-19 is now the leading cause of death in the United States.</li>
<li>""The virus has killed more than 1,800 Americans almost every day since April 7. That's ahead of heart disease. That's ahead of cancer,"" Gar…",https://www.businessinsider.com/la-mayor-says-covid-19-now-leading-cause-death-us-2020-4,https://i.insider.com/5e9e4cf1e61f342e67607d35?width=1200&format=jpeg,2020-04-21T07:11:35Z,"Los Angeles Mayor Eric Garcetti said on Monday that COVID-19 is now the leading cause of death in the United States.
""This weekend, we learned that un America COVID-19 is the leading cause of death in the United States. The virus has killed more than 1,800 Americans almost every day since April 7. That's ahead of heart disease. That's ahead of cancer,"" Garcetti said during a news briefing. 
According to Live Science, the biggest killers in the US were heart disease which killed 1,774 people a day in 2018 and cancer which killed 1,641 people a day in 2018. The new coronavirus killed more than 1,940 on April 8. 
Loading
Something is loading.
On April 16, The Washington Post reported that between April 6 and April 12, COVID-19 was the second leading cause of death right behind heart disease and accounted for 12,392 deaths. In around four weeks, COVID-19 deaths went from 337 deaths between March 16 to March 22, to over 12,000 deaths between April 6 and April 12, to now being the leading cause of death in America. 
However, The Post also added that different areas of the country were dealing with different realities in terms of COVID-19 deaths. In New York state coronavirus deaths were exponentially larger than deaths from other causes. More than 5,200 people died from COVID-19 in New York state April 6 and April 12, compared to the 870 from heart disease, the second leading cause of death. Similar trends were noticed in Louisiana and Washington, DC. 
However, those weren't the trends in states like California or Washington. During that same week, while there were 332 coronavirus deaths in California, 1,178  people died from heart disease and another 1,127 people died from cancer. 
The numbers of cancer and heart disease deaths are based on the ""normal number of deaths"" during the time period, based on numbers from the Center for Disease Control and Prevention. 
The US currently has close to 800,000 coronavirus cases with over more than 42,900 deaths."
5,"{'id': 'engadget', 'name': 'Engadget'}",Marc DeAngelis,Konami’s TurboGrafx-16 mini has been delayed due to coronavirus,"The TurboGrafx-16 is the latest system from the late '80s and early '90s to get a mini console revival and join the likes of the Nintendo NES Classic Edition and Sega Genesis Mini. Fans will have to wait, though, as production has been delayed indefinitely fo…",https://www.engadget.com/2020/03/06/turbografx-16-mini-delayed-coronavirus/,https://o.aolcdn.com/images/dims?resize=1200%2C630&crop=1200%2C630%2C0%2C0&quality=80&image_uri=https%3A%2F%2Fo.aolcdn.com%2Fimages%2Fdims%3Fresize%3D2000%252C2000%252Cshrink%26image_uri%3Dhttps%253A%252F%252Fs.yimg.com%252Fos%252Fcreatr-uploaded-images%252F2020-03%252Fae2f9090-5fba-11ea-afbf-55fb7ddb354c%26client%3Da1acac3e1b3290917d92%26signature%3D553e59b96f107cc95677eb83c4ca9a427ff8b9be&client=amp-blogside-v2&signature=4bf0e595df9d0e65ec0d2b997d96384362d370b3,2020-03-06T15:14:00Z,"Konami said in a statement on Twitter that ""the manufacturing and shipping facilities in China have encountered an unavoidable suspension due to the current coronavirus (COVID-19) outbreak. As a result, the delivery of all PC Engine Core Grafx mini products, which was originally scheduled for March 19th, 2020, will be delayed until further notice."" This news isn't shocking -- some factories in China have already shut down due to coronavirus fears and infections.
The TurboGrafx-16 mini and PC Engine Core Grafx mini seem like they could be promising products. The North American and European versions of the system include some fantastic games like Ys Book I &amp; II, and the Japanese version has a few PC Engine grails like Castlevania: Rondo of Blood and Ginga Fukei Densetsu Sapphire. However, it all comes down to how well the emulator handles these games.
With the mini consoles delayed and no signs of the coronavirus epidemic slowing down, gamers are probably wondering if the production of PS5 and Xbox Series X will be able to stay on track for their intended releases this fall. The new systems likely aren't scheduled to enter the production phase until late summer, but if the outbreak doesn't abate by then, Sony and Microsoft could be forced to delay the consoles."
6,"{'id': 'engadget', 'name': 'Engadget'}",Christine Fisher,Tinder delays the international debut of its ‘apocalyptic adventure’ show,"Due to the coronavirus pandemic, Tinder has decided not to launch its Swipe Night show internationally this week. Last fall, when the show debuted in the US, Tinder described it as a ""first-person, apocalyptic adventure."" That hits a little close to home now,…",https://www.engadget.com/2020/03/12/tinder-swipe-night-international-release/,https://o.aolcdn.com/images/dims?resize=1200%2C630&crop=1200%2C630%2C0%2C0&quality=80&image_uri=https%3A%2F%2Fo.aolcdn.com%2Fimages%2Fdims%3Fcrop%3D899%252C563%252C53%252C0%26quality%3D85%26format%3Djpg%26resize%3D1600%252C1002%26image_uri%3Dhttps%253A%252F%252Fs.yimg.com%252Fos%252Fcreatr-uploaded-images%252F2020-03%252F2e53f2b0-647b-11ea-bbeb-d09fca65f404%26client%3Da1acac3e1b3290917d92%26signature%3D4f02c071d9aef74e5d625633bd8cf34680123771&client=amp-blogside-v2&signature=0c53b2bd5f221b079ee6f4f821f4af2c0949389e,2020-03-12T16:15:00Z,"""Given the series' apocalyptic theme, and because we are sensitive to the current events our members are experiencing, we felt it would be difficult to launch it in the right spirit,"" the company said in a statement.
The show, Tinder's first, follows a group of friends navigating the end of the world. Viewers take on a first-person role and have to make tough decisions, which get added to their profile, so matches can see how they'd handle a disaster. The six-episode first season was released weekly in the US, and according to TechCrunch, it has been viewed by millions, prompting plans for an international release and a second season.
Several shows and movies have been impacted by the coronavirus outbreak, but in most cases, those decisions were made to limit the potential spread via human contact. Tinder's decision is based on the content of its show. It's likely Swipe Night will launch internationally at some point, when it's less offensive to make light of apocalyptic scenarios.
Tinder has also sent guidelines to its users, urging them to take precautions against COVID-19 if they meet matches IRL. If you're not supposed to touch your own face, this probably isn't a great time to touch a stranger's face."
7,"{'id': 'engadget', 'name': 'Engadget'}",Christine Fisher,Kenyan government finally approves Loon’s internet-delivery balloons,"Alphabet's internet-delivery balloon service, Loon, has finally received approval from the Kenyan government. To help improve communication during the coronavirus pandemic, Kenyan President Uhuru Kenyatta fast-tracked the regulatory approval Loon and its part…",https://www.engadget.com/2020/03/23/alphabet-loon-balloons-approved-kenya/,https://o.aolcdn.com/images/dims?resize=1200%2C630&crop=1200%2C630%2C0%2C0&quality=80&image_uri=https%3A%2F%2Fo.aolcdn.com%2Fimages%2Fdims%3Fcrop%3D4000%252C2496%252C0%252C113%26quality%3D85%26format%3Djpg%26resize%3D1600%252C999%26image_uri%3Dhttps%253A%252F%252Fs.yimg.com%252Fos%252Fcreatr-uploaded-images%252F2020-03%252Ffb7da370-6d14-11ea-8fff-4fe86101981b%26client%3Da1acac3e1b3290917d92%26signature%3D864287281ee5a4c447567d1744f5b246e9e6d00a&client=amp-blogside-v2&signature=3f30b9e1393d9a81d2967775ffae042ad695f883,2020-03-23T15:16:00Z,"Once up and running, Loon's internet-delivery balloons will allow Kenyans to buy 4G service from Telkom Kenya. The project has been in the works since 2018, when Loon signed a contract with the operator. Last summer, the partners received approval for commercial testing in the country.
Loon is now dispatching its existing airborne balloons and preparing new ones to launch from sites in the US. Those balloons will travel to Kenya via stratospheric winds 20 kilometers above Earth, a process that takes a number of weeks. Once the balloons arrive in Kenya, Loon will conduct the final stages of network integration testing with Telkom Kenya.
""Given the global situation with COVID-19, we're working as fast as we can to deploy the Loon service in Kenya to help in the short-term, and establish sustainable operations that will continue to serve Kenyans for the long-term,"" Loon CEO Alastair Westgarth wrote in a blog post.
While Loon is attempting to help those in need during the coronavirus pandemic, like all companies, it has been impacted too. It has reduced operational capacity at its launch sites and is adjusting to necessary travel restrictions. Thanks to the groundwork already laid in Kenya, though, Westgarth says, ""we're confident that we can address these challenges and begin providing meaningful service to Kenyas in the near future."""
8,"{'id': 'engadget', 'name': 'Engadget'}",Christine Fisher,Facebook pledges $100 million to small businesses impacted by coronavirus,"Until now, Facebook's response to the coronavirus outbreak has focused on fighting the spread of misinformation -- by offering free WHO ads and banning ads that promote false 'cures.' Now, Facebook is going one step further. It plans to invest $100 million in…",https://www.engadget.com/2020/03/17/facebook-invests-100-million-small-businesses/,https://o.aolcdn.com/images/dims?resize=1200%2C630&crop=1200%2C630%2C0%2C0&quality=80&image_uri=https%3A%2F%2Fo.aolcdn.com%2Fimages%2Fdims%3Fcrop%3D7689%252C4809%252C859%252C0%26quality%3D85%26format%3Djpg%26resize%3D1600%252C1001%26image_uri%3Dhttps%253A%252F%252Fs.yimg.com%252Fos%252Fcreatr-images%252F2020-03%252F9ec4ace0-6860-11ea-bbff-9dbbe74dfe16%26client%3Da1acac3e1b3290917d92%26signature%3Dd97b4aaa33b718fbce2b41f02905408641d15902&client=amp-blogside-v2&signature=add868a056b707dffb9606a987c4c14dfb7d10c9,2020-03-17T15:25:00Z,"The financial assistance will come in the form of cash grants and ad credits. It's meant to help businesses stay afloat as more customers stay home, and Facebook intends for the aid to be used to pay workers who can't come to work, help with rent costs, enable businesses to connect with more customers and contribute to overhead costs.
Facebook will begin taking applications in the coming weeks. In the meantime, interested businesses can sign up to receive more information, and Facebook has made its Business Hub available to all. There, businesses can find ideas and advice for managing during the downturn that the coronavirus pandemic has led to.
""Small businesses are the heartbeat of our communities, and many of the people who run these businesses are heavily affected by the crisis -- especially as more and more people sensibly stay home,"" Facebook Chief Operating Officer Sheryl Sandberg wrote in a statement. ""The longer the crisis goes on, the greater the risk to small businesses and to the livelihoods of their owners and employees.""
Sandberg says Facebook was inspired by other people around the world ""rising to the enormous challenge in front of us."" Food delivery services like Uber Eats, Grubhub and Seamless are waiving or suspending some fees for independent restaurants, and gig-economy companies are looking for ways to support workers diagnosed with COVID-19 or quarantined. Donations like these by Facebook will likely become more common. Hopefully, they'll make a meaningful impact."
9,"{'id': 'engadget', 'name': 'Engadget'}",Jon Fingas,Samsung Galaxy Watch Active 2 drops to $199 at Microsoft's store,"You can still get workouts in during the COVID-19 pandemic, and a smartwatch could be particularly helpful if you’re determined to track your progress during those workouts. Accordingly, Microsoft is making that wearable tech more affordable. It’s currently s…",https://www.engadget.com/samsung-galaxy-watch-active-2-microsoft-sale-151315042.html,https://o.aolcdn.com/images/dims?resize=1200%2C630&crop=1200%2C630%2C0%2C0&quality=80&image_uri=https%3A%2F%2Fs.yimg.com%2Fos%2Fcreatr-uploaded-images%2F2020-04%2F3c8a6a30-7812-11ea-b74f-277a1a277ef6&client=amp-blogside-v2&signature=0f05d57bdc3451c50e338d551bed9ed71aa041f2,2020-04-06T15:13:15Z,"You can still get workouts in during the COVID-19 pandemic, and a smartwatch could be particularly helpful if you’re determined to track your progress during those workouts. Accordingly, Microsoft is making that wearable tech more affordable. It’s currently selling Samsung’s 40mm non-cellular Galaxy Watch Active 2 for $199, or a full $80 off the official price. That’s better than typical sales hovering around $220 to $250. The deal isn’t quite as sweet for the 44mm model (it’s $269, or $30 off), but the 40mm discount could easily be tempting if you don’t mind a smaller watch or just want affordable yet capable wristwear.
The Active 2 doesn’t have spectacular battery life with one day of typical use, but that’s arguably more than enough for a run outside or an at-home exercise routine. And at this price, the battery is easier to forgive considering other advantages. Samsung’s watch has solid activity tracking features, a reasonable selection of third-party apps like Spotify and an interface that’s surprisingly powerful given some tight confines. And remember, this watch works with both Android and iOS. While the Active 2 unsurprisingly favors Android phones, this could be a viable companion to an iPhone if you don’t care for the Apple Watch’s design or features."
10,"{'id': 'the-verge', 'name': 'The Verge'}",Elizabeth Lopatto,New coronavirus deaths in Washington show why widespread testing matters,"Three new deaths caused by the new coronavirus were reported in King County, Washington where an outbreak is occurring among patients at a nursing facility. There are now nine cases linked to Life Care Center, a facility in Kirkland. And a genetic analysis sh…",https://www.theverge.com/2020/3/2/21161824/coronavirus-death-life-care-washington-testing-surveillance,https://cdn.vox-cdn.com/thumbor/-hI_VKZC4rLk0zSzixB2NCWDvAs=/0x230:3200x1905/fit-in/1200x630/cdn.vox-cdn.com/uploads/chorus_asset/file/19761789/1204231483.jpg.jpg,2020-03-02T21:28:27Z,"We still have no idea how widely the virus is circulating
Photo by David Ryder/Getty Images
Three new deaths caused by the new coronavirus were reported in King County, Washington where an outbreak is occurring among patients at a nursing facility. There are now 14 cases in King County, including five deaths two of which were previously reported. A sixth patient, whose case originated in Snohomish County, also died.
The deaths were in a man in his 70s, a woman in her 70s, and a woman in her 80s. Two of the three were patients at Life Care Center, a nursing facility in Kirkland, Washington. Another new case, a woman in her 80s who has been hospitalized, was also linked to Life Care. That brings the number of cases that are linked to Life Care to nine.
Long-term care facilities provide an ideal environment for acquisition and spread of infection
The Life Care cluster of illnesses appears to be the first in the US and is alarming to health experts because the novel coronavirus, which causes the disease COVID-19, is particularly deadly for older people. Unfortunately, long-term care facilities provide an ideal environment for acquisition and spread of infection, according to a study from 2003. The residents are already vulnerable, either because of age or underlying health conditions or both and theyre in close proximity, making it easier to transmit the illness.
Of the 108 residents and 180 staff at Life Care, 27 residents and 25 staff members have symptoms of the virus, Washington health officials said on Saturday. In addition, 25 firefighters as well as two police officers were exposed to the virus, though they havent shown any symptoms yet, The Washington Post reported. In response to the outbreak, family visits as well as those from volunteers and vendors, have been halted,Kaiser Health News reported. King County will buy a motel in order to place COVID-19 patients in isolation.
The virus may have been circulating in Washington for six weeks, according to a genetic analysis. Researchers compared two samples of the virus, one from a person who traveled to Snohomish County from China in January, and one from a recently diagnosed high school student with no obvious cause. The genetic sequences were nearly identical, according to Trevor Bedford, a computational biologist at Fred Hutchinson Cancer Research Center in Seattle. Although the work is early, Bedford believes there isnt another good explanation for the similarity because of an unusual variant on one of the genes.
But most people had no idea the virus was circulating because the US Centers for Disease Control and Prevention wasnt actively testing for the novel coronavirus in people with no known exposures to the illness either from travel to an affected area or close contact with an existing case until last week. That means detection of the novel coronavirus in the community lagged dangerously behind the viruss actual circulation.
positive tests are essentially snapshots of where the virus was several days ago
Under the best of circumstances, testing would lag anyway because most people dont show symptoms of COVID-19 for a few days. So positive tests are essentially snapshots of where the virus was several days ago. But by keeping the test criteria narrow, the CDC lost valuable time to prevent outbreaks like the one at Life Care. Now health officials are scrambling to catch up.
On February 26th, the first possible case of community-spread COVID-19 in the country was announced in California. The patient, from Solano County, had already been placed on a ventilator when she arrived at the University of California Davis Medical Center on February 19th, where the team immediately requested testing for the coronavirus, according to the Davis Enterprise. The CDC didnt test the patient until Feb. 23rd. The CDC claims it has not said no to any requests for testing. 
Information has also been throttled by Vice President Mike Pence, who now controls all federal communication about the virus. Any federal expert who wishes to speak about the illness must now get Pences sign-off, The Washington Post reported. Anthony Fauci, the director of the National Institute of Allergy and Infectious Diseases, has pushed back on that reporting, claiming he is not being muzzled. As of this week, the CDC has dropped the number of people its tested from its website, just as the number of tests is set to rise. 
Amid all this confusion, one health expert told ProPublica that efforts to corral the illness are weeks behind. To determine how widely the virus is circulating in areas like Washington and California, health officials could test a random sample of hundreds of people and find out how many of them test positive. (This is called surveillance testing.) Until widespread testing is the norm, well still be behind the illness with tragic consequences. At least in the case of Life Care, the delay on tracking and containing the disease seems to have been deadly.
View all 104 stories"
11,"{'id': 'engadget', 'name': 'Engadget'}",Daniel Cooper,The next iPhone could have a depth-sensing camera on the back,"The latest thing to emerge from the wheels at the rumor mill is the suggestion that the next iPhone will get a rear-facing 3D camera. According to Fast Company's sources, Apple will cram TrueDepth, the same sensors used for in the forward-facing array for Fac…",https://www.engadget.com/2020/03/12/iphone-3d-depth-camera-rear-facing/,https://o.aolcdn.com/images/dims?resize=1200%2C630&crop=1200%2C630%2C0%2C0&quality=80&image_uri=https%3A%2F%2Fo.aolcdn.com%2Fimages%2Fdims%3Fresize%3D2000%252C2000%252Cshrink%26image_uri%3Dhttps%253A%252F%252Fs.yimg.com%252Fos%252Fcreatr-uploaded-images%252F2020-03%252F6872bd20-6451-11ea-bdf7-61149d859835%26client%3Da1acac3e1b3290917d92%26signature%3D4769b40a9ceab091f1662318c9abbc17093b00ca&client=amp-blogside-v2&signature=1f6f88c56c085cd1388b20749a9b78e45e9cba19,2020-03-12T14:14:00Z,"There are two obvious benefits to a rear-facing depth-sensing lens, which is already available on some other flagship phones. Firstly, it'll make portrait and zoom photography a little better, since the cameras will be able to tell how far an object (or person) is away from the lens. Secondly, it's likely to bolster Apple's stated push for augmented reality, since you'll have accurate depth information to project images.
It's worth saying that there's a couple of caveats here: Firstly, we don't know how much the current situation with Covid-19 will impact Apple's product roadmap. Second, Fast Company itself says that this feature has been kicked around by Apple before, and has previously been cut. Although it's likely that, with just six months before any planned iPhone launch, that Apple has already locked in this year's new features.
This wouldn't be the first time that Mark Sullivan has come good with a rumor about the iPhone (and one related to Lumentum). In the run-up to the iPhone X's launch, he wrote about a laser sensor that would be used to recognize the user's face in place of fingerprint recognition. So none of this is outside the realm of possibility."
12,"{'id': 'engadget', 'name': 'Engadget'}",Marc DeAngelis,SoundCloud has a new way to help users directly support musicians,"Musicians who rely on concert ticket sales are hurting -- shows across the world have been cancelled, leaving bands with little recourse. Thankfully, platforms like Bandcamp and SoundCloud have been softening the blow. The latter is allowing musicians to add …",https://www.engadget.com/soundcloud-direct-support-button-172323763.html,https://o.aolcdn.com/images/dims?resize=1200%2C630&crop=1200%2C630%2C0%2C0&quality=80&image_uri=https%3A%2F%2Fs.yimg.com%2Fos%2Fcreatr-images%2F2020-02%2Ffd283b30-4dd0-11ea-9fd7-2a3b824d7d19&client=amp-blogside-v2&signature=8d2f9db318ba590e1e8cad6e0325d362dfce942d,2020-04-03T17:23:23Z,"Musicians who rely on concert ticket sales are hurting -- shows across the world have been cancelled, leaving bands with little recourse. Thankfully, platforms like Bandcamp and SoundCloud have been softening the blow. The latter is allowing musicians to add a button to their profile pages that links to services like PayPal, Bandcamp and Patreon, so that fans can support them directly. SoundCloud recommends that musicians use their bios to be informative and let fans know what exactly they’re supporting, from groceries, to rent to music production costs. The feature will be available indefinitely so that those affected by the coronavirus pandemic have an easier time staying afloat.
The button displays prominently in blue above the user’s bio, so fans are unlikely to miss it. Above the button, some text makes it clear that this initiative is meant to support those facing hardships during the coronavirus pandemic: “The COVID-19 virus has impacted the creative community around the world. Show support for your favorite creators.” This strategy could be effective because fans don’t have to buy music to support their favorite bands. In other words, even if they already own their favorite bands’ music, they can still send their support. Hopefully musicians can leverage this feature to make it through these trying times."
13,"{'id': 'engadget', 'name': 'Engadget'}",Mariella Moon,'Artemis Fowl' will debut on Disney+,"Disney has adjusted the theatrical release dates for its biggest upcoming movies this year due to the coronavirus outbreak, except for Artemis Fowl. Instead of pushing back its opening date from May 29th to a later one, the entertainment giant won't be showin…",https://www.engadget.com/2020-04-04-artemis-fowl-will-debut-on-disney.html,https://o.aolcdn.com/images/dims?resize=1200%2C630&crop=1200%2C630%2C0%2C0&quality=80&image_uri=https%3A%2F%2Fs.yimg.com%2Fuu%2Fapi%2Fres%2F1.2%2Frmc3gj9Lo5FDh5_wL0xMLA--%7EB%2Fdz0xNjAwO2g9OTk0O2FwcGlkPXl0YWNoeW9u%2Fhttps%3A%2F%2Fo.aolcdn.com%2Fimages%2Fdims%3Fcrop%3D1202%252C747%252C0%252C0%26quality%3D85%26format%3Djpg%26resize%3D1600%252C994%26image_uri%3Dhttps%3A%2F%2Fs.yimg.com%2Fos%2Fcreatr-uploaded-images%2F2020-04%2F141b9d10-761b-11ea-a5f7-a0ab4518a518%26client%3Da1acac3e1b3290917d92%26signature%3D250df5062666e6a6e9b02973c6b2995785e9d3cc&client=amp-blogside-v2&signature=231358a332999c2b89cf65743772ebfeb41e04d4,2020-04-04T08:19:00Z,"Artemis Fowl, based on the first book of the Artemis Fowl series by author Eoin Colfer, was originally supposed to be out in theaters in August 2019. Its release got pushed back to 2020 even before COVID-19 became a global issue.
Disney didn't explain why it'll no longer get a theatrical run, but as Variety says, it could give more people an incentive to try out its streaming service. If Disney's going to experiment with putting a high-budget flick on the platform, now is the perfect time to do so when streaming services are getting even more popular. Fans may have to wait a bit longer to be able to watch it, though, because it's going to be part of the platform's summer lineup.
Disney+ content and marketing president Ricky Strauss said in a statement:
""With audiences largely unable to attend theatres in the current environment, we are thrilled to offer the premiere of 'Artemis Fowl' on Disney Plus. Director Kenneth Branagh and his spectacular cast take viewers right into the vibrant, fantasy world of the beloved book, which fans have been waiting to see brought to life onscreen for years. It's great family entertainment that is the perfect addition to Disney Plus's summer lineup.""
Aside from announcing Artemis Fowl's Disney+ debut, the company has also revealed its other movies' new theatrical release dates. Mulan is now scheduled for July 24th, while Black Widow will take over Eternals' November 6th showing date."
14,"{'id': 'the-verge', 'name': 'The Verge'}",Jay Peters,"New county guidance asks tech giants to avoid travel, postpone big events","Companies based in Santa Clara County, California should avoid travel and postpone or cancel mass gatherings, the county recommended. The recommendations come after six new cases of the novel coronavirus have been identified, bringing the total number of peop…",https://www.theverge.com/2020/3/5/21167054/santa-clara-county-coronavirus-amazon-apple-google-facebook-microsoft,https://cdn.vox-cdn.com/thumbor/HZkfvFeDJGp02SFtfsrLUsLEm_8=/0x360:5000x2978/fit-in/1200x630/cdn.vox-cdn.com/uploads/chorus_asset/file/19771529/apple_park_photo_1_building_trees.jpg,2020-03-06T01:32:48Z,"Apple, Google, and others may be affected by Santa Clara Countys new guidance
Companies based in Santa Clara County, California which includes Cupertino, Mountain View, Palo Alto, and San Jose should avoid travel and postpone or cancel mass gatherings, the county recommended on Thursday. The recommendations come after six new cases of the novel coronavirus have been identified, bringing the total number of people confirmed to have the disease to 20.
The countys guidance affects several major Silicon Valley employers. Apple, for instance, is headquartered in Cupertino; Google in Mountain View; Tesla, in Palo Alto; Netflix, in Los Gatos; LinkedIn, in Sunnyvale; Adobe, in San Jose; and Intel and Nvidia, in Santa Clara. Other companies with offices in the area might be affected as well, such as Amazon, Facebook, and Microsoft. 
The recommendation comes after six new cases of the coronavirus were identified
Other guidance from the county includes minimizing the number of people working within arms length of one another, urging people to stay home if theyre sick, and spacing out start and end times of the workday for employees. People at higher risk for serious illness those who are over 50 or have another underlying health condition should stay home.
The county recommendations are an attempt to slow the spread of the new coronavirus by limiting in-person contact. Many of the tech companies based in the area the valley in Silicon Valley referred originally to the Santa Clara Valley have already made their own attempts to curb the diseases spread. 
Here are the policies The Verge is aware of that are in place by Santa Clara County-based companies:
<ul><li>Adobe has canceled the in-person part of its Adobe Summit conference. </li><li>In late February, Amazon asked employees to defer all non-essential travel. It also recommended Seattle-based employees work from home until the end of March after a Seattle-based Amazon employee has tested positive this week for COVID-19, the disease caused by the novel coronavirus.</li><li>Apple has restricted travel to Apple has restricted employee travel to China, Italy, and Korea, according to a company email seen by Bloomberg. The company is also encouraging virtual meetings. Apple has not announced dates for an expected late March event, which would have presumably been hosted on its Cupertino campus, or the Worldwide Developers Conference, which has taken place in San Jose in recent years. The company also pulled out of the SXSW conference.</li><li>Facebook has restricted employee travel to China, Italy, and South Korea, the company tells The Verge. Otherwise, if someone has an international trip planned for business reasons, they should use their discretion to decide whether to travel, the company said in an email. There are no restrictions on US domestic travel. Facebook has already canceled the in-person portion of its F8 developer conference, fully canceled a global marketing conference, and pulled out of SXSW. It has also asked its Seattle-based employees to work from home until March 31st after a contractor based in one of the companys Seattle-based offices tested positive for COVID-19. And in a company Q&amp;A, Facebook CEO Mark Zuckerberg reportedly recommended that Bay Area employees who are able should work from home. Facebook has temporarily banned social visitors to its offices.</li><li>Google has banned all international travel, according to NPR. That follows a late February ban on travel to Italy, Iran, Japan, and South Korea, and a late January ban on travel to China. Google has already canceled the in-person portions of its Google I/O and Cloud Next conferences. The company is asking employees in Washington state who can work remotely to do so, reports GeekWire, and employees have been asked not to bring visitors to its Washington-based offices. All job interviews globally will be virtual for the foreseeable future. The company has also confirmed that an employee in Zurich, Switzerland has COVID-19. </li><li>Intel withdrew from Mobile World Congress, which was set to be held in February before it was canceled.</li><li>LinkedIn has halted non-essential business travel and requested that San Francisco Bay-area employees work from home through the end of March. It pulled out SXSW this week and has made all job interviews virtual for the time being. </li><li>Microsoft is letting employees based in the Bay Area and Seattle work from home until March 25th. The company is recommending that employees postpone travel to the Bay Area and Seattle and has asked that all non-essential travel to regions with COVID-19 outbreaks be canceled. Microsoft also canceled its upcoming MVP Summit.</li><li>Netflix has pulled out of SXSW.</li><li>Nvidia canceled the in-person part of its GPU Technology Conference, which was originally set to take place in San Jose. </li></ul>
View all 131 stories"
15,"{'id': 'the-verge', 'name': 'The Verge'}",Russell Brandom,"After walkouts, Amazon pledges temperature checks and masks in all warehouses","After a string of warehouse walkouts over coronavirus protections, Amazon has pledged temperature checks and masks for all workers at fulfillment centers and Whole Foods stores.",https://www.theverge.com/2020/4/2/21204254/amazon-warehouse-walkout-coronavirus-protections-masks-temperature,https://cdn.vox-cdn.com/thumbor/psIAww1L4_zdWBg2tPuncNN7DQg=/0x215:3000x1786/fit-in/1200x630/cdn.vox-cdn.com/uploads/chorus_asset/file/19218417/acastro_190920_1777_amazon_0001.0.png,2020-04-02T14:12:42Z,"Whole Foods workers will also receive the protections
Illustration by Alex Castro / The Verge
Amazon has pledged new health protections for its workers in fulfillment centers in the US and Europe, as first reported by Reuters. Under the new system, workers will receive a no-contact temperature check on arrival, and anyone who tests over 100.4 degrees Fahrenheit (38 degrees Celsius) will be sent home. Workers will also receive surgical masks for use while on the premises. The protections are planned to be in place by next week.
The Verge can confirm that warehouse workers from at least two sites have been informed of the new protections, some as early as Tuesday.
Amazon also plans to monitor on-site video feeds using software algorithms to ensure workers are appropriately distanced in the workplace, addressing previous concerns about overcrowding.
The new coronavirus is spreading through the US, and several states have made emergency declarations. The World Health Organization has declared it a pandemic. Here are the basics: 
Amazons fulfillment teams have grown increasingly concerned about the lack of health protections at warehouse sites, which many believe is putting them at risk amid an unprecedented surge in demand. At one Detroit warehouse, management failed to notify employees when a co-worker tested positive for COVID-19 and was slow to respond when a second employee also tested positive. 
Amazon has seen a series of escalating labor actions in response to those failures. Workers in Staten Island and Chicago have staged walkouts to demand better health protections, and workers in Detroit were preparing for a similar action on Monday. Amazon did not respond when asked if the new measures were a response to those labor actions.
The new protections will also extend to the Whole Foods grocery chain, which Amazon acquired in 2017. Whole Foods workers had staged a walkout on Monday over similar concerns, also facing unprecedented supply chain disruption and grocery demand.
The new measures do not entirely protect workers from contracting COVID-19 at work, given the prevalence of asymptomatic transmission and the global shortage of more comprehensive protective equipment, like N95 masks. But in the absence of widely available testing, these new policies represent a significant improvement over previous conditions.
Josh Dzieza contributed additional reporting."
16,"{'id': 'abc-news', 'name': 'ABC News'}",Morgan Winsor,FDA reports 1st drug shortage due to coronavirus outbreak,"The FDA announced it's been alerted to the first manufacturing shortage of an unnamed drug, due to a viral outbreak that began in China and has now reached American soil.",https://abcnews.go.com/International/fda-reports-1st-drug-shortage-due-coronavirus-outbreak/story?id=69276490,https://s.abcnews.com/images/US/nyc-pharmacy-face-masks-reuters-200228_hpMain_20200228-044245_16x9_992.jpg,2020-02-28T10:35:34Z,"The U.S. Food and Drug Administration announced it's been alerted to the first manufacturing shortage of an unnamed drug, due to a viral coronavirus outbreak that began in China and has now reached American soil.
FDA Commissioner Stephen Hahn said the agency has been ""closely monitoring"" the medical product supply chain ""with the expectation"" that the outbreak of the novel coronavirus would ""likely"" have an impact.
""A manufacturer has alerted us to a shortage of a human drug that was recently added to the drug shortages list,"" Hahn said in a statement Thursday night. ""The manufacturer just notified us that this shortage is related to a site affected by coronavirus. The shortage is due to an issue with manufacturing of an active pharmaceutical ingredient used in the drug.""
""It is important to note that there are other alternatives that can be used by patients,"" he added. ""We are working with the manufacturer as well as other manufacturers to mitigate the shortage. We will do everything possible to mitigate the shortage.""
Hahn said the issue continues to be ""an evolving and very dynamic"" one.
The newly identified virus, known officially as COVID-19, emerged in the Chinese city of Wuhan back in December and has since spread overseas to at least 46 other nations, with South Korea, Italy and Iran seeing recent surges in case numbers. The World Health Organization, which has declared the outbreak a global health emergency and said the virus has ""pandemic potential,"" recorded more than 82,000 confirmed infections globally by Thursday. More than 95% of those cases were in China.
At least 2,804 people have died from confirmed cases of the virus, all but 57 in China, according to the latest data from the WHO.
So far in the United States, 60 people have been diagnosed with the disease. The majority of the cases are Americans who were on board the Diamond Princess cruise ship that was placed under quarantine in Japanese waters as hundreds of passengers became infected with the new coronavirus.
The newest case is being investigated by the U.S. Centers for Disease Control and Prevention as possibly the first instance of ""community spread"" on American soil.
The patient, who is a resident of California's Solano County, had no known exposure to the virus through travel or close contact with a known infected individual, according to the California Department of Public Health. The individual was transferred to UC Davis Medical Center in Sacramento on Wednesday, the hospital confirmed.
It's the first COVID-19 case of unknown origin in the U.S., indicating there could be ""community spread,"" which means the virus is circulating among the local community and infecting people, including some who are not sure how or where they became infected, according to the CDC.
The CDC said it would continue to investigate the source of the infection. It's ""possible"" that the individual ""may have been exposed to a returned traveler who was infected,"" an agency official said in a statement Wednesday.
COVID-19 causes symptoms similar to pneumonia, ranging from the mild, such as a slight cough, to the more severe, including fever and difficulty breathing, according to the CDC. There is no vaccine yet for the virus.
The FDA said Thursday that it is ""not aware of any reports at this time of human illnesses that suggest COVID-19 can be transmitted by food or food packaging.""
Meanwhile, a whistleblower within the U.S. Department of Health and Human Services has filed a complaint alleging that more than a dozen workers were sent to receive the first Americans repatriated from Wuhan, China, without proper training or protective gear for coronavirus infection control. The complaint, filed to the U.S. Office of Special Counsel, was first reported by The Washington Post on Thursday.
ABC News has not reviewed the complaint, and lawyers representing the whistleblower have refused to provide it. However, Ari Wilkenfeld, one of the whistleblower's attorneys, told ABC News that the article by The Washington Post accurately describes the allegations laid out in the complaint. ""We are hopeful that Congress and the OSC will investigate this case in a timely and comprehensive manner,"" Wilkenfeld told ABC News in a statement. ""This matter concerns HHS's response to the coronavirus, and its failure to protect its employees and potentially the public. The retaliatory efforts to intimidate and silence our client must be opposed.""
Moreover, a spokesperson for the U.S. Office of Special Counsel confirmed to ABC News that they have received the whistleblower's complaint as described in The Washington Post, and that the case has been assigned.
When asked for comment, U.S. Department of Health and Human Services spokesperson Caitlin Oakley told ABC News: ""We take all whistleblower complaints very seriously and are providing the complainant all appropriate protections under the Whistleblower Protection Act. We are evaluating the complaint and have nothing further to add at this time.""
ABC News' Katherine Faulders, Alexander Mallin, Erin Schumaker and Sophie Tatum contributed to this report."
17,"{'id': 'the-verge', 'name': 'The Verge'}",Jay Peters,DoorDash will cut commissions by 50 percent for local restaurants through the end of May,"DoorDash will be reducing commission fees by 50 percent for all of its local restaurant partners, the company has announced. The program will benefit more than 150,000 local restaurants in Australia, Canada, and the US.",https://www.theverge.com/2020/4/9/21215646/doordash-caviar-commissions-50-percent-local-restaurants-covid-19,https://cdn.vox-cdn.com/thumbor/FVo70FmBu79seTIuNsVSEvKHqEg=/0x146:2040x1214/fit-in/1200x630/cdn.vox-cdn.com/uploads/chorus_asset/file/18334814/acastro_190724_1777_doordash_0001.0.jpg,2020-04-09T23:20:33Z,"The program starts Monday and will benefit restaurants in Australia, Canada, and the US
Illustration by Alex Castro / The Verge
DoorDash will be reducing commission fees by 50 percent for orders placed on DoorDash and DoorDash-owned Caviar for all of its local restaurant partners, the company announced on Thursday. The commission relief program will begin on Monday, April 13th and run through the end of May.
The program will benefit more than 150,000 local restaurants in Australia, Canada, and the US, DoorDash says. DoorDash defines a local restaurant as one with five or fewer locations.
The program will benefit more than 150,000 restaurants
DoorDash CEO Tony Xu said this is an injection of up to $100 million, but it appears the company isnt actually giving anyone money directly, as that dollar amount seemingly represents the accumulated total of reduced commissions.
Heres an example to help demonstrate what that means. If a local restaurant previously paid a $2.50 commission to DoorDash on an order, it would now pay $1.25 because of the reduced commission rate announced today. The $1.25 that the restaurant didnt pay because of the reduced commission rate would count toward that $100 million figure. However, even if the total value of reduced commissions exceeds $100 million before the end of May, the reduced commissions program would continue, DoorDash confirmed to The Verge.
Local businesses are the fabric of our communities. To further help them, were reducing commissions for local restaurant partners by 50% through the end of May. This injection of up to $100m is on top of our prior initiatives. Read more here: https://t.co/CdIQRinse8
 Tony Xu (@t_xu) April 9, 2020
This isnt the first program DoorDash has launched to ease the financial burden on its restaurant partners during the COVID-19 pandemic. The company announced on March 17th that DoorDash and Caviar partners wouldnt have to pay commission fees on pickup orders. The company also said that independent restaurants in Australia, Canada, Puerto Rico, and the US could sign up for DoorDash and Caviar for free and pay no commissions for 30 days.
DoorDash is also working to provide assistance to its delivery couriers by offering up to two weeks of sick pay if they are diagnosed with COVID-19 or if they have to quarantine themselves at the direction of public health officials, the company told The Vergeon March 10th. DoorDash has also given out hand sanitizer, gloves, and wipes to its couriers and said on April 3rd that it had ordered more than two million consumer-grade face masks to distribute to couriers."
18,"{'id': 'abc-news', 'name': 'ABC News'}",Kelly Cannon,Election officials scrambling to address coronavirus concerns ahead of Super Tuesday,"Concerns have sprouted for election officials, as a potential coronavirus outbreak in the United States could influence how votes are cast on Super Tuesday and beyond.",https://abcnews.go.com/Politics/election-officials-scrambling-address-coronavirus-concerns-ahead-super/story?id=69255531,https://s.abcnews.com/images/Politics/sc-primary-line-gty-ps-200227_hpMain_16x9_992.jpg,2020-03-01T09:33:45Z,"With fears of the novel coronavirus spreading gripping Americans following the first death in the U.S. and just days before Super Tuesday -- when voters in 14 states and one territory head to the polls -- election officials in some areas are scrambling to assure voters and make sure disruptions are minimized.
The Super Tuesday primaries -- where nearly a third of delegates are up for grabs -- are run at the state and local level, and currently, a uniform national response to voter disruptions does not exist.
When asked about contingency plans, the communications director for the National Association of Secretaries of State said she'd ""defer to states,"" as each may administer its own ""specific plans"" for emergency preparedness.
""Whether that's a hurricane, power outage, et cetera,"" Maria Benson told ABC News in a statement.
In California, one of the most populous states with the highest number of delegates at stake on Tuesday, new cases of COVID-19 have election officials working hard to address the scale of the problem and how it may impact voters going to the polls.
While there were ""no indications of any disruptions to Californias March 3, 2020 presidential primary,"" the California Secretary of States office told ABC News it will continue to monitor any public health alerts that could impact election administration.
The state has more than 30 positive COVID-19 cases with over 8,400 individuals being monitored for possible contact with the virus after the first suspected instance of community transmission occurred in Solano County, according to officials from the Centers for Disease Control and Prevention and California government and public health officials.
On Wednesday, the CDC confirmed the diagnosis of a woman from Northern California who was the first American to contract the disease without traveling internationally or being in close contact with anyone who was infected.
Since then, other cases of ""community spread"" in the U.S. have been confirmed in California, Oregon and Washington -- where public health officials in the state announced the first known death of a U.S. patient from the virus on Saturday.
Officials in Solano County, California are now taking precautionary measures and providing expanded options for voters, including offering an additional location for them to drop off ballots in advance of Super Tuesday.
""We have a bunch of curbside locations where [voters] dont even have to get out of their car and were going to expand that on Monday and Tuesday,"" said John Gardner, the assistant registrar of voters for Solano County.
Greeters, who are also sworn-in officials, will be on site to take ballots directly from voters vehicles and deposit them into a portable, sealed ballot box that will be within the persons sight from their vehicle.
Gardner told ABC News every polling place and every poll worker will receive disinfectant wipes and spray, hand sanitizer and gloves as additional precautions. In the past, only sanitary wipes were provided to clean the voting equipment itself.
""Were definitely trying to give voters another couple of options to still get their vote out but not have to interact, if they didnt want to, with the public,"" Gardner said.
In Yolo County, California where a patient is being treated at the UC Davis Medical Center after testing positive for COVID-19, election officials are teaming up with the Department of Health and Human Services to increase messaging efforts related to the threat of coronavirus before and during the upcoming primaries.
ABC News received a flyer from the Yolo County Elections office -- one that will be posted at every polling location -- that provides voters with details on what the coronavirus is and how its spread, and gives advice for how to potentially avoid catching the virus.
The Trump administration also raised the stakes in its efforts to mitigate the spread of COVID-19 within the country after the first U.S. death from the virus.
The president held a press conference at the White House Saturday where he announced new travel restrictions pertaining to Iran and authorized the State Department to raise travel advisories to the highest level for the most heavily impacted regions in Italy and South Korea.
Outside of California, representatives from other Super Tuesday states told ABC News they havent seen new changes being implemented to their primary efforts.
""Its pretty much business as usual,"" said Steve Hurlbert, the communications director for the Colorado Secretary of State, when asked about potential election contingency plans relating to the novel coronavirus.
""Most of our ballots are mail-in-ballots,"" Hurlbert told ABC News. ""So, most people who arent feeling well can just vote their ballot and then drop it in a 24-hour drop box and never have to interact with another human being.""
Alabama Secretary of State John H. Merrill too said no new changes were being made ahead of the states primary, but told ABC News accommodations would be made if circumstances were to change.
Merrill said its important for people to follow the lead of state health officials when it comes to anything involving the coronavirus or other crisis-level health concerns.
""People dont need to be out on their own, as if they are a lone ranger in this fight,"" Merrill told ABC News on Wednesday. ""It needs to be a coordinated effort and we will continue to follow the lead of the governor and our state health officer, as well as the Alabama Department of Public Health in regard to this issue.""
As the primary season barrels towards the general election in November, safety remains the top priority for officials in the event the Democratic convention takes place amid a more widespread outbreak of the disease.
""Our number one concern is to ensure all eligible voters are able to make their voices heard without jeopardizing anyones health and safety,"" Maya Hixson, the deputy director of battleground state communications for the Democratic National Committee, told ABC News on Thursday.
""We will continue to closely monitor as the situation develops,"" she said.
ABC News' Rick Klein, Dick Sheffield, Gabrielle Sarann, Matthew Fuhrman and Christine Theodorou contributed to this report."
19,"{'id': 'mashable', 'name': 'Mashable'}",Rachel Thompson,These are the emoji most often used in connection with coronavirus,"There's no denying the fact we're living through a worrying moment in history. Many of us are understandably feeling pretty anxious about the new coronavirus (COVID-19), as the world battles a global health challenge with little idea of what lies ahead. When …",https://mashable.com/article/coronavirus-emoji/,https://mondrian.mashable.com/2020%252F03%252F11%252Fce%252F64b02ddd365a483e9080b818aba8b706.2eb2d.jpg%252F1200x630.jpg?signature=PhY029MOvqWrFca32zHziA52FZk=,2020-03-11T16:12:49Z,"There's no denying the fact we're living through a worrying moment in history. 
Many of us are understandably feeling pretty anxious about the new coronavirus (COVID-19), as the world battles a global health challenge with little idea of what lies ahead. 
When words fail us, emoji often do the job just as well. Emojipedia a website dedicated to keeping you up to date on all the latest emoji news and updates analysed a set of 12 health-related emoji to see which one was most commonly associated with discussions of coronavirus. 
The two most popular emoji used in discussions were (known as ""Face with Medical Mask"") and (known as the Microbe). 
Keith Broni a behavioural scientist who's just been appointed Deputy Emoji Officer at Emojipedia told Mashable that he and his colleague Jeremy Burge (Chief Emoji Officer) spotted a pattern among Emojipedia users, and were curious to see if it was also playing out across Twitter. They decided to conduct a data analysis to investigate further. 
""Specifically, Jeremy had noted that the Microbe emoji and the Face With Medical Mask emoji were experiencing a significant increase in page views following the widespread coverage of the spread of the COVID-19 coronavirus,"" Broni said. ""We found a significant proportion of tweets featuring the Microbe and the Face With Medical Mask were indeed related to the coronavirus 42 percent and 36 percent respectively.""
 Microbe and Face With Medical Mask have both seen a considerable rise alongside the global spread of COVID-19, according to Emojipedia page view data. 
Face with Head-Bandage is used as a control in this data set, and shows no similar increase. pic.twitter.com/kn4tfh5ywI
 Emojipedia (@Emojipedia) March 11, 2020
Broni noticed that all the other medical emojis only explicitly referenced COVID-19 in five percent or less of the tweets they selected, which indicated that the microbe and medical-mask-face emoji are ""by far and away the two emojis being most commonly used in reference to the disease.""
SEE ALSO: Inside the red zone: Photos show dramatic impact of Italy's coronavirus lockdown
So what other emoji, outside of the health-related set, are being used in discussions around coronavirus?
""In terms of what people are attempting to express with emojis when discussing COVID-19, there is definitely a significant sense of concern mixed in with the usual irreverence of the internet,"" said Broni. 
""The latter can be see by the fact that the Crying Laughing Face was the #1 emoji in our 'COVID-19' tweet sample, reflecting people expressing amusement or perhaps awkward laughter in reaction to the spread of the disease (like with all major news stories, there've been quite a few Coronavirus memes doing the rounds).""
Finally, there is also some evidence to suggest people are using emoji as a means of warning others.
""The relative increase of lesser used 'warning' emojis such as the Red Circle, Police Car Light and Warning indicates that people are attempting to alert or warn one another regarding the spread of coronavirus and quite likely circulate the behaviours we all need to adopt to slow down its spread,"" Broni said. 
COVID-19 has now infected over 115,000 people worldwide. 4,200 people have been killed."
