,source,author,title,description,url,urlToImage,publishedAt,content
0,"{'id': 'mashable', 'name': 'Mashable'}",Anna Iovine,Should we stop dating amid the coronavirus? Experts weigh in.,"As cases of COVID-19 continue to spread, people are taking precautions like social distancing more seriously than ever. Social distancing, as defined by the World Health Organization (WHO), is the practice of maintaining at least three feet of distance betwee…",https://mashable.com/article/social-distancing-dating-coronavirus/,https://mondrian.mashable.com/2020%252F03%252F09%252Fbb%252F93af68531b72489896c1e346fed9df62.e49c3.jpg%252F1200x630.jpg?signature=B9HgAOurdLmZJVzIpm_Jw-4EfSY=,2020-03-09T19:51:31Z,"As cases of COVID-19 continue to spread, people are taking precautions like social distancing more seriously than ever.  
Social distancing, as defined by the World Health Organization (WHO), is the practice of maintaining at least three feet of distance between you and anyone who is coughing or sneezing. It's just one measure being suggested to protect against the spread of the highly contagious new coronavirus. 
Many people even health officials have started using handshake alternatives. And France has even told citizens to stop participating in ""bise,"" the very French practice of kissing each other on the cheek. 
Given that handshakes and kisses are being curtailed and working remotely is being encouraged, single people may wonder if they should ""social distance"" themselves from dates and simply stay home. 
Tinder got ahead of the curve, creating a pop-up with health safety reminders and linked to information from WHO: 
Image: tinder
While pop-ups haven't shown up (yet) on other dating apps, a spokesperson from Bumble pointed out its voice call and video chat feature, should people not want to meet up in person. 
Dr. Natasha Fuksina, Diplomate of American Board of Internal Medicine, also suggested Skype or FaceTime if it's a first date and you have some reservations. ""It will lessen some of the fears and help build trust and a relationship going forward,"" she told Mashable. 
Dr. Taylor Graber, an anesthesiology resident at the San Diego with University of California San Diego, said that dating does not need to stop because of COVID-19. ""I do not believe we need to shut down dating amid the coronavirus. In young, healthy adults, there is a very low risk of contracting serious consequences of the illness,"" he said in an email to Mashable. 
SEE ALSO: Kids quarantined in Wuhan found a brilliant way to get out of schoolwork
Common sense, however, still applies. If you have viral symptoms such as fever, cough, cold, and runny nose, that's when you should definitely avoid dating and kissing others, according to Graber. Fuksina agreed, citing the CDC and WHO guidelines.
And if you're already in an established relationship? The same rules apply. Fuksina also noted that it's important to be mindful of your partner's concerns. Graber emphasized that honestly is necessary; if you do not feel well, postpone your date will understand, especially now. 
So, if you are not sick and want to continue to date, go for it. Just don't bail and use the coronavirus as an excuse; we all know you could've just FaceTimed instead."
1,"{'id': 'mashable', 'name': 'Mashable'}",Morgan Sung,Joking about weight during social distancing isn't helpful for eating disorder recovery,"Making fun of social distancing weight gain isn't cute, especially to those recovering from disordered eating. As the COVID-19 pandemic continues, more people worldwide are confined to their homes in an effort to limit the spread of the novel coronavirus. The…",https://mashable.com/article/social-distancing-jokes-eating-disorder-recovery/,https://mondrian.mashable.com/2020%252F03%252F19%252Fd2%252F0c8379a2bf5548bbbb2c73d8841746b9.d9968.jpg%252F1200x630.jpg?signature=J1IVRJR1Kbq07spg3gpie8iriGA=,2020-03-19T18:25:20Z,"Making fun of social distancing weight gain isn't cute, especially to those recovering from disordered eating. 
As the COVID-19 pandemic continues, more people worldwide are confined to their homes in an effort to limit the spread of the novel coronavirus. The practice of social distancing avoiding crowded places, maintaining at least six feet of space between individuals, and staying home is an effective, but boring method of containing the virus. Naturally, those who are home are turning to snacking to fill their days.
It's a stressful time for everyone, but especially for those who have a complicated relationship with food. 
My disordered eating began in high school, and in the decade since, I've learned to develop a healthy mindset when it comes to food. Being physically active and eating when I felt hungry taught me that eating regularly would keep me strong. 
When my gym closed last week to contribute to ""flattening the curve"" and limit the risk of overwhelming our healthcare system, I briefly panicked over the climbing skills I'd lose. I worried that the strength I gained over the last year would be undone with just a few weeks of being stuck in my small Los Angeles apartment. I worried that without regular hiking and climbing, my mental health would slip. Most of all, I worried that I'd be bored. 
But I didn't worry about my weight until I saw other Twitter users joking about gaining the ""quarantine 15."" 
SEE ALSO: 'Quarantine with Me' is the perfect coronavirus ballad
""Social distancing has an element of isolation,"" Ashley Lytwyn said in a phone call to Mashable. She's a registered dietitian nutritionist (RDN) and the Executive Director of Breathe Life Healing Center, an eating disorder treatment clinic in West Hollywood. ""It's this fear provoking time, and then putting pressure on people [by] saying, 'Oh my god, you're going to gain so much weight because you're in isolation,' or that you're going to eat all your quarantine snacks in one night...that can be scary for people that have dealt with eating disorders."" 
I'm privileged in that I have a therapist who I can see once a week via video calls, the financial stability to be able to stock up on food, and a job that keeps me occupied while I'm stuck at home. I also have a supportive roommate who reminds me that I need to eat regularly, even though I'm not as physically active as I usually am. Worrying over body image was a fleeting thought, but for others, it can be all-encompassing. For many struggling with disordered eating, seeing jokes about weight gain, binging on snacks, or restricting eating to avoid body changes is incredibly triggering. 
Other Twitter users noted how upsetting it is to see jokes body-shaming weight gain during an already stressful time. 
please stop making jokes about gaining the covid 15. people with eating disorders exist and were struggling during this time. dont be an asshole.
 Elly Belle (@literElly) March 18, 2020
I can't believe I have to say this in 2020 but PLEASE stop joking about/talking about gaining weight during quarantine on social media, you're triggering people who are already in isolation AND it's really lame!!!! FaceTime a friend or something!!! pic.twitter.com/QCXvFf0GvQ
 Tyler McCall (@eiffeltyler) March 18, 2020
I am seeing lots of carb-shaming in peoples posts about COVID grocery stockpiling and dear lord, can we just agree that if there was ever a time to eat pasta, it has arrived?
 Virginia Sole-Smith (@v_solesmith) March 15, 2020
Lytwyn noted that eating disorders often stem from a need to control something, and that those who have a history or are currently struggling with them may relapse because the world feels so out of control right now. Learning to get comfortable with eating regularly also involves consistent access to food and working with RDNs to establish a healthy meal plan. Panic-buying and stocking up on groceries can threaten that. 
""Going to a grocery store and seeing empty shelves [and] no longer having access to food, it's almost like scarcity, which can also trigger eating disorder behaviors,"" Lytwyn said.
Seeing content about the need to stay fit to avoid gaining weight during quarantine or social distancing can also be triggering for eating disorder recovery. While staying active is important right now, so is treating your body with compassion. 
""You exercise program and routine is going to look not like it typically does, and we have to be flexible with that,"" Lytwyn said. 
Being inside doesn't mean that you have to be sedentary; there are plenty of ways to stay active while being cooped up in the house. But you don't need to feel pressured to stay a certain size. Again, we're living through an unprecedented pandemic, and that's terrifying. If there's any time to treat yourself with kindness, it's now. 
If you do want to exercise at home, Lytwyn suggests following fitness instructors who use body positive language think phrases like ""strength building"" instead of ""calorie burning."" There's nothing wrong with wanting to maintaining a workout routine, as long as you're doing it with a healthy mindset. 
Fitness instructors like yoga teacher Irene Pappas, trainer Kaisa Keranen, and dancer Jessie Diaz-Herrera all teach online fitness classes that focus on moving, not losing weight. They show it's possible to stay active without needing to feel guilty for not looking a certain way or being a certain shape. 
And when it comes to social media, feel free to joke about your changed eating habits. Just do it with sensitivity! You can still post about how much you're enjoying your snacking. Just keep the weight-related comments to yourself. 
""The reality is, this pandemic is affecting so many different people in so many different ways,"" Lytwyn concluded. ""Now is not the time to be insensitively joking about the circumstances that we're in."" 
If you feel like youd like to talk to someone about your eating behavior, call the National Eating Disorder Associations helpline at 800-931-2237. You can also text NEDA to 741-741 to be connected with a trained volunteer at theCrisis Text Line
 or visit the nonprofits website
 for more information."
2,"{'id': 'mashable', 'name': 'Mashable'}",Rachel Thompson,"Prince Charles, recovered from coronavirus, shares message of hope",Prince Charles has recovered after testing positive for the new coronavirus (COVID-19). He's since come out of self-isolation after the government-advised seven day period. The Prince of Wales shared a video message expressing gratitude and support to those o…,https://mashable.com/article/prince-charles-coronavirus-message/,https://mondrian.mashable.com/2020%252F04%252F01%252Fbd%252Fce327da110e447c792a568111cc71d7a.75c30.jpg%252F1200x630.jpg?signature=UbqDYpA_9wmlv4pHOQLzhKf7Brg=,2020-04-01T15:12:17Z,"Prince Charles has recovered after testing positive for the new coronavirus (COVID-19). 
He's since come out of self-isolation after the government-advised seven day period. 
The Prince of Wales shared a video message expressing gratitude and support to those on the frontline of the virus. 
""Having recently gone through the process of contracting this coronavirus, luckily with relatively mild symptoms, I now find myself on the other side of the illness, but still in no less a state of social distance and general isolation,"" the Prince said. 
SEE ALSO: Prince Charles tests positive for coronavirus
""As we are all learning, this is a strange, frustrating, and often distressing experience, when the presence of family and friends is no longer possible and the normal structures of life are suddenly removed.""
""My wife and I are thinking particularly of all those who have lost their loved ones in such very difficult and abnormal circumstances and those having to endure sickness, isolation, and loneliness,"" he added.  
Prince Charles noted that he is the patron of Age UK, and his wife is patron of Silver Line two charities supporting the UK's elderly community. 
""Our hearts go out to all those older people throughout this country who are now experiencing great difficulty,"" he said. ""However, we also know that in every community up and down this land where people of all ages are being affected by this virus, there are truly wonderful neighbours, individuals, and groups of volunteers who are providing ceaseless care and attention to those most at risk.""
He called the UK's community-spirited efforts a ""network of selfless assistance."" 
Prince Charles then paid tribute to NHS staff on the frontline of the national effort to stop the spread of the virus. 
""At a time when doctors, nurses and all the vital ancillary staff that form the backbone of our remarkable NHS are increasingly under such enormous strain and risk as they battle to heroically save lives in intensive care centres and to contain as much as possible the spread of this virus, our thoughts and prayers are very much with those marvellous people,"" he said.
He then addressed the nation as a whole and delivered a message of hope in these challenging times. 
""As a nation, we are faced by a profoundly challenging situation, which we are only too aware threatens the livelihoods, businesses, and welfare of millions of our fellow citizens,"" the Prince concluded. 
""None of us can say when this will end, but end it will. Until it does, let us try and live with hope, and with faith in ourselves and each other, look forward to better times to come."""
3,"{'id': 'mashable', 'name': 'Mashable'}",Anna Iovine,"Pornhub parody Scrubhub features videos about washing your dirty, dirty hands","From the minds behind Amazon Dating and Pornhub comes Scrubhub, a safe-for-work parody site that advocates for handwashing: Scrubhub. Scrubhub has a collection of satirical handwashing videos featuring both everyday people and Pornhub models like Asa Akira, a…",https://mashable.com/article/pornhub-scrubhub-hand-washing-parody/,https://mondrian.mashable.com/2020%252F04%252F15%252F20%252F613973490a4540a69264c8b6189ea86b.5abca.png%252F1200x630.png?signature=1uPBABGRgiB5SdZMMVmr2vnnvPc=,2020-04-15T14:00:00Z,"From the minds behind Amazon Dating and Pornhub comes Scrubhub, a safe-for-work parody site that advocates for handwashing: Scrubhub. 
Scrubhub has a collection of satirical handwashing videos featuring both everyday people and Pornhub models like Asa Akira, and will also feature lives twice daily at 12 p.m. and 6 p.m. PST with musicians, comedians, and the like. The site's purpose is to emphasize the importance of hand-washing with lightness and humor. While it comes months after the CDC enforced these measures, it's never a bad reminder to just wash your damn hands.
Screenshot of Scrubhub
Image: pornhub
""We wanted to take something as mundane as washing your hands and make it entertaining in the only way we know how (by taking a joke way too far),"" said Ani Acopian and Suzy Shinn, who partnered with Pornhub to make Scrubhub a reality, in a press release. Previously, Acopian and Shinn created the parody site Amazon Dating.
SEE ALSO: Pornhub Premium is now free for everyone, so please stay home
""Over the past few weeks, the one thing that has been repeated by literally everyone politicians, scientists, celebrities and athletes has been the importance of washing your hands thoroughly with soap and water to protect against this virus,"" said Corey Price, Vice President of Pornhub, in a press release. ""We thought this presented a unique opportunity for Pornhub to bring some joy to something that has become so mundane and repetitive.""
Scrubhub will be accepting donations to two charities started in the wake of the coronavirus: Invisible Hands, a volunteer organization bringing food and essential supplies to at-risk communities in New York and New Jersey, and Frontline Foods, which provides healthy meals to clinicians in Los Angeles by partnering with local restaurants, who themselves are negatively impacted by the pandemic. Pornhub will make an initial donation to these charities.
Still from a Scrubhub video
Image: pornhub
""Scrubhub started as a fun idea that, thanks to Pornhubs platform, weve turned into a destination for creativity and connection for the greater good,"" said Acopian and Shinn. ""Were proud to be partnering with our friends at Invisible Hands and Frontline Foods to make a difference and raise money for those affected by COVID-19."""
4,"{'id': 'mashable', 'name': 'Mashable'}",Sam Haysom,Chris Evans slams Trump's reaction to coronavirus spread,"As the coronavirus continues to spread, more and more world leaders are announcing various measures aimed at delaying the disease. And more and more criticism is being levelled at Donald Trump. The president's repeated reassurances, coupled with his avoidance…",https://mashable.com/article/chris-evans-slams-trump-coronavirus-response/,https://mondrian.mashable.com/2020%252F03%252F16%252F96%252F7419937d3846429b936d07876dd29c32.6e046.jpg%252F1200x630.jpg?signature=O_PoFxsjyaeMMIBZ51TQjKndnf0=,2020-03-16T13:17:47Z,"As the coronavirus continues to spread, more and more world leaders are announcing various measures aimed at delaying the disease.
And more and more criticism is being levelled at Donald Trump. The president's repeated reassurances, coupled with his avoidance of any responsibility (despite his administration getting rid of the U.S.' pandemic response team two years back) have not gone unnoticed.
On Sunday, following a press conference in which the president hurriedly handed off to Mike Pence before leaving the stage, Captain America himself (a.k.a. actor Chris Evans) joined the chorus of frustrated voices.
The president just ran off stage after his rambling press conference without answering a single question. America wants answers. America wants leadership. America doesnt want a president who runs off stage during a crisis and lets Mike Pence do all the talking.
 Chris Evans (@ChrisEvans) March 15, 2020
At the time of writing, that tweet has been shared over 21,000 times.
This isn't the first time Evans has slammed Trump on Twitter the Marvel star has previously criticised the president over his relationship with Putin, and his comments on climate change.
COVID-19, the disease caused by the new coronavirus, has infected 164,837 people globally. 6,470 people have died."
5,"{'id': 'mashable', 'name': 'Mashable'}",Chloe Bryan,Watch some very cute kittens take a trip to the aquarium,"The ""animals exploring an aquarium"" genre continues to delight. This time a group of kittens from the Atlanta Humane Society paid a visit to the Georgia Aquarium, which is closed temporarily due to COVID-19. The cats spent time in both the tropical fish and j…",https://mashable.com/video/kittens-visit-georgia-aquarium/,https://mondrian.mashable.com/2020%252F04%252F07%252Fa4%252Fd1581b599a1e4e38927260d41561d810.ad7e9.png%252F1200x630.png?signature=OCrY7EB_YX8DXkHFf8OPJTYiSJ8=,2020-04-07T14:55:43Z,"The ""animals exploring an aquarium"" genre continues to delight. This time a group of kittens from the Atlanta Humane Society paid a visit to the Georgia Aquarium, which is closed temporarily due to COVID-19.
The cats spent time in both the tropical fish and jellyfish exhibits, where they did a fair amount of chasing and pawing, but also a fair amount of ignoring. Luckily, they're kittens, so they're cute when they do anything.
They did seem to be particularly interested in the jellyfish. Same!"
6,"{'id': 'mashable', 'name': 'Mashable'}",Morgan Sung,The trolley problem is the perfect meme for our government's pandemic response,"The trolley problem demonstrates just how dire the coronavirus pandemic is becoming — with a touch of surrealist humor, of course. In the moral paradox, a trolley's brakes stop working, and as it gathers speed it risks killing a group of people on the tracks …",https://mashable.com/article/trolley-problem-coronavirus-meme/,https://mondrian.mashable.com/2020%252F03%252F24%252F7f%252Ff3a877ac1bd8426389a026a6b4eae007.1013c.jpg%252F1200x630.jpg?signature=Vgn67fQVjIUrLqUcA5D3kVNMkSA=,2020-03-24T21:12:33Z,"The trolley problem demonstrates just how dire the coronavirus pandemic is becoming with a touch of surrealist humor, of course. 
In the moral paradox, a trolley's brakes stop working, and as it gathers speed it risks killing a group of people on the tracks and the trolley passengers. You happen to be standing next to a lever that would divert the trolley onto another path, where a single person is standing. You can't save both, so you have to decide between letting the trolley take its course and kill multiple people, or be responsible for killing one person to save the others. 
The United States is facing a parallel, but much less morally conflicting issue. The disease COVID-19 caused by the novel coronavirus continues to spread, despite multiple states mandating ""shelter in place"" and ""safer at home"" policies. Closing non-essential businesses is more effective for social distancing and flattening the curve, but millions are out of jobs and unable to pay their bills. 
The stock market plummeted last week, and as Americans call on the federal government to pass relief packages for individuals in need, the Trump administration want to bail out the cruse and airline industry. Congress, meanwhile, is working on a $2 trillion stimulus package to float the country through the economic fallout. 
SEE ALSO: Coronavirus has somehow given us Shakespeare plague memes
Trump, meanwhile, is pushing businesses to reopen. During a town hall on Tuesday, he said he wants ""packed churches"" on Easter Sunday in less than three weeks, effectively undoing nationwide social distancing efforts to curb the spread of the coronavirus. 
I would love to have that. Its such an important day for other reasons, but Id love to make it an important day for this,"" Trump said. ""I would love to have the country opened up, and rarin to go by Easter.
Twitter users are pointing out just how ridiculous the capitalist dilemma is right now it's barely a trolley problem at all. Why put so much weight on economic development when there are literal human lives at risk?
In our version of the Trolley Problem, we'd get what Michael the Demon from ""The Good Place"" suggested would be the optimal way to handle the Trolley Problem: dangle a long sharp pole out the window to pick off the [economy] while smooshing the five original guys. 6/ pic.twitter.com/LBkprfCpdf
 Ken Tremendous (@KenTremendous) March 24, 2020
In the TheGood Place, Eleanor and Chidi experienced just how much of a moral strain it was to choose between the two tracks. In this scenario we're facing now, it seems like a no-brainer. And if you're able to, don't forget to stay home."
7,"{'id': 'mashable', 'name': 'Mashable'}",Alison Foreman,The 10 best thriller movies now streaming on Netflix,"Read more... {""player"":{""description"":""Staying connected while staying home."",""image"":""https://mondrian.mashable.com/uploads%252Fvideo_uploaders%252Fdistribution_thumb%252Fimage%252F94582%252Feca3402d-aa85-4062-8882-bdf3c878b4c1.png%252F930x520.png?signature=…",https://mashable.com/article/best-thriller-movies-netflix/,https://mondrian.mashable.com/2020%252F03%252F27%252F81%252F4fb3bbf251db4de5a3967aeec725e60f.38e5f.png%252F1200x630.png?signature=LpAE59Rn9rX9pOVauyEt1y_RtkM=,2020-03-27T01:32:01Z,"Looking for some stress to go with your stress?
With people everywhere continuing to socially distance themselves, there's no better time to test the limits of your entertainment consumption. For the adventurous among us, that means cranking the tension up to its maximum with the best of the best in heart-wrenching thrillers. (No, not horror movies that's a different list.) 
Ranked from least to most intense, here are the top 10 best thrillers now streaming on Netflix.
Starring Tom Hardy and only Tom Hardy, Locke takes place exclusively in our protagonist Ivan's car. Taking phone calls from his wife, children, co-workers, and the mother of his unborn child from a one-night stand, Ivan barrels down the road managing emotional wreckage from every corner of his rapidly deteriorating world. Plenty of thrillers (including those on this list) have had higher stakes, but few are as totally engrossing as this.
How to watch: Locke is now streaming on Netflix.
Based on Patricia Highsmith's novel of the same name, The Talented Mr. Ripley follows a young forger and impersonator (Matt Damon) who becomes intent on stealing the life of a wealthy heir (Jude Law.) A twisted web of lies, deceit, and desperation, this is the kind of movie that'll make you nauseatingly nervous. Think Catch Me If You Can, but more personal and without the fun costume changes. Performances by Gwyneth Paltrow, Cate Blanchett, and Philip Seymour Hoffman. 
How to watch: The Talented Mr. Ripley is now streaming on Netflix.
In this Ryan Gosling staple, a stuntman-turned-getaway driver becomes entangled in a criminal plot that puts the woman he loves (Carey Mulligan) and her husband (Oscar Isaac) at risk. Supporting performances by Bryan Cranston, Christina Hendricks, and Albert Brooks make this an excellent watch for lovers of good acting, great driving, and excellent silk jackets.
How to watch: Drive is now streaming on Netflix.
The directorial debut of Annihilation's Alex Garland, Ex Machina is a sci-fi mystery that dodges viewer expectations with remarkable skill. Domhnall Gleeson plays a computer programmer hired by a famous CEO (Oscar Isaac) to evaluate his latest creation: an artificially intelligent robot with strikingly human features (Alicia Vikander). 
How to watch: Ex Machina is now streaming on Netflix.
Featuring performances from a stellar cast including Sean Penn, Tim Robbins, Kevin Bacon, Laurence Fishburn, Marcia Gay Harden, and Emmy Rossum Mystic River combines tragic narrative development with a painful, Boston-set murder mystery. Director Clint Eastwood delivers a uniquely dark film that drags you into the psyche of its broken characters with each frame.
How to watch: Mystic River is now streaming on Netflix.
When members of a touring band, played by Anton Yelchin, Alia Shawkat, Callum Turner, and Joe Cole, become involuntary witnesses to a young woman's murder, they are held captive by the group of neo-Nazis responsible. A tense tale of survival complete with brutal gore and action, Green Room  offers extremely stressful insight into being at the wrong place at the wrong time. Imogen Poots plays the friend of the murdered woman, and Patrick Stewart plays the main antagonist. 
How to watch: Green Room is now streaming on Netflix.
In this haunting Netflix original, Madeline Brewer portrays Alice, an ambitious webcam model working hard to nurture her flourishing career. But when a mysterious doppelgänger takes her place online and begins broadcasting without her, Alice begins to fear for her safety. Immensely intense and fabulously feminist, Cam is the perfect watch when you want something closer to horror. 
How to watch: Cam is now streaming on Netflix.
For fans of Green Room, check out Jeremy Saulnier's even better Blue Ruin. This heart-stopping meditation on revenge and grief follows a young man (Macon Blair) rocked by his parents' deaths and a burning desire to avenge them. Refreshingly unexpected, yet strikingly simple, this is slowly escalating terror at its finest.
How to watch: Blue Ruin is now streaming on Netflix.
From the geniuses behind Uncut Gems, Good Time is a panic-inducing nightmare that refuses to let up for any moment of its 101-minute runtime. Robert Pattinson stars as Connie, a criminal willing to do anything to get his vulnerable brother (co-director Benny Safdie) bailed out of a New York City jail. Heart-breaking and jaw-dropping, this character study will devastate you.
SEE ALSO: 12 heist movies to make you feel like youre up to something while social distancing
How to watch: Good Time is now streaming on Netflix.
How can you tell when overly friendly is becoming dangerously friendly? In The Gift, Jason Bateman portrays Simon, a new homeowner who runs into a former acquaintance (Joel Edgerton) while out shopping with his wife (Rebecca Hall). Soon, a warm welcome turns into unexpected visits, cryptic messages, and a series of escalating threats. Ripe with sensational twists, The Gift is, well, a gift.
How to watch: The Gift is now streaming on Netflix."
8,"{'id': 'mashable', 'name': 'Mashable'}",Mark Kaufman,Those ‘optimistic’ coronavirus numbers expect you to keep hardcore social distancing,"Read more... {""player"":{""description"":""Let's all just hunker down until it's over. "",""image"":""https://mondrian.mashable.com/uploads%252Fvideo_uploaders%252Fdistribution_thumb%252Fimage%252F94553%252F10344e26-aed9-47bc-8d11-65a0f391b55f.png%252F930x520.png?sig…",https://mashable.com/article/coronavirus-projection-models-deaths/,https://mondrian.mashable.com/2020%252F04%252F09%252Fdf%252Fad4bb6d8e3ed4eda943eb3b7119f067c.b1cc7.jpg%252F1200x630.jpg?signature=TCxKG0oPDU2e2AKimL9UZPm3xYs=,2020-04-09T18:31:57Z,"Buckle up.
You may have heard that fewer Americans may get sick and die from COVID-19 than previously estimated. According to leading projections namely from the Institute for Health Metrics and Evaluation (IHME) at the University of Washington which has been referenced by the White House death estimates are now significantly lower than last week. As of April 9, the group now estimates 60,415 deaths by August, a stark drop from the 93,531 deaths projected a week ago. (This is just the first wave of deaths, and doesnt include a likely second wave of infections come fall).
This is, by all means, ""good news."" But, critically, the IHME assumes that current unprecedented social distancing efforts closed restaurants, schools, and beaches along with canceled professional sports, concerts, and pretty much everything else will remain in effect through the end of May, which could bring this grim wave of infections to a close by early June. Even then, life probably wont promptly return to normal. Well need mass-testing and a willingness to social distance when the virus inevitably pops up again.
Fewer projected deaths, then, doesnt mean we're out of the dark, pathogenic woods. Just the opposite. Because the U.S. government failed to start rigorous testing when the virus hit led by a president who said We have it totally under control in January and later proclaimed at a big campaign rally that the virus would just miraculously go away the microbial parasite couldnt be contained. Its everywhere. So an optimistic hope for fewer deaths, infections, and hospitalizations requires U.S. society to continue to commit to extreme social distancing.
""The more optimistic models for the impacts of COVID-19 on the healthcare system like the IHME model from the University of Washington assume a very high level of compliance with the various social distancing mandates that have been implemented by the governors as part of their emergency declarations,"" said Jennifer Horney, the director of the Epidemiology program in the College of Health Sciences at the University of Delaware.
Take it from Christopher Murray, the director of IHME. ""If social distancing measures are relaxed or not implemented, the US will see greater death tolls, the death peak will be later, the burden on hospitals will be much greater, and the economic costs will continue to grow,"" Murray said in a statement on Sunday.
The social distancing message for Americans, then, remains unchanged.
""Stick to it,"" said Henry Raymond, an associate professor in the Department of Biostatistics and Epidemiology at the Rutgers School of Public Health. ""I don't like to use military metaphors, but we don't want to declare victory too soon.""
""Social distancing is one of the only tools we have,"" emphasized Brian Labus, a professor in the University of Nevada, Las Vegas School of Public Health. ""It's not like we have treatments. It's not like we have a vaccine."" (A vaccine is at best a year to 18 months away.)
Our projections for total US #COVID19 deaths dropped from 81,766 to 60,415. Why? Weve incorporated new data that indicates that deaths are going down. This drop may also signal that social distancing is working in the US. https://t.co/MxupsvDhPG
 IHME_UW (@IHME_UW) April 9, 2020
This is a make-or-break week in our battle against this virus: the time to cut back even on essential errands, to skip shopping if you have enough and just stay home.
We cant get complacent.
We cant let up in this fight.
 MayorOfLA (@MayorOfLA) April 8, 2020
The future projections, or models, of deaths and sickness from coronavirus are invaluable. They don't give perfect numbers they're not supposed to. But they give us a map of where we're headed. ""Were trying to get an idea of what we're up against,"" said Labus. ""Models give us a ballpark idea of where things are going.""
These models, of course, take a lot into account besides social distancing, and updated numbers about deaths and infections are very valuable to researchers. (IHME now tunes its U.S. projections based on how seven other places have successfully flattened their curve by using robust social distancing, like areas in Spain and Italy). IHME relies on incoming death rate numbers to project how many will die, and estimates how many people on average one infected person will infect, among other data.
Infectious disease models are challenging to make, especially for the insidious coronavirus, which often takes days to make someone sick. It might be a week before they have symptoms, another week before they get tested, and at least another week before this information gets to epidemic modelers. We're trying to get next week's weather by sitting in a closed room and looking at the weather three weeks ago,"" said Labus.
But social distancing is clearly a big driver of where countries are headed on the coronavirus highway. Research from the Imperial College of London found that 11 European countries with strong social distancing policies averted nearly 60,000 deaths in March in over just three weeks. In the U.S., the White House estimated on March 31 (with modeling from the likes of Harvard University, Columbia University, Northeastern University) that there would be between 1.5 and 2.2 million American deaths without social distancing measures but with social distancing and handwashing, they projected the much lower range of 100,000 to 240,000 deaths during the first infection wave of 2020.
""Stick to it.""
Social distancing measures are likely already having a big impact in the U.S. The number of hospitalizations is slowing in beleaguered New York City. This is not an act of God were looking at, New York Governor Andrew Cuomo said Tuesday. Its an act of what society actually does. New Jersey is seeing a spike in deaths (from people who became infected weeks ago), but its growth in new hospitalizations has stalled. 
This suggests indirectly that social distancing is helping, said Rutgers Raymond, noting that theres no direct way to confirm social distancing is flattening the curve. But its quite likely, because many people are holed-up at home. They simply cant pass the virus which can spread just by talking at bars, work, and on the train.
The latest optimistic models, however, will miss certain social distancing lapses that may result in the spread of disease. Of note, Wisconsin held in-person primary elections amid the pandemic on Tuesday, after the Supreme Court allowed the election to proceed. Voters in Milwaukee waited in profoundly long lines while Wisconsin State Assembly Speaker Robin Vos donning a protective gown, mask, and gloves told voters it's ""incredibly safe"" to be out voting. What model could have predicted that? 
That was a huge 12-hour break of social distancing, said Amanda Simanek, an epidemiologist at the University of Wisconsin-Milwaukee. We potentially derailed much of the social distancing we had been doing.
Wow (in a good way): In New York state, coronavirus hospitalizations have only gone up by 200 in the past 24 hours, Gov. Andrew Cuomo just announced. That's the smallest increase since March 18 pic.twitter.com/mziNVPnwue
 Brian M. Rosenthal (@brianmrosenthal) April 9, 2020
In its Wisconsin modeling, the IHME assumes the states stay-at-home orders and closure of non-essential businesses were occurring and will continue. 
Anywhere in the U.S., easing up on social distancing too early before the daily number of cases continually falls, before we can provide extensive testing, and before we develop the ability to rapidly test and isolate infected people will mean a rise in infections. Without these rigorous virus control efforts, the nations top infectious disease experts know the virus will reemerge and be difficult to contain when social distancing stops.  
The take-home message remains that when we begin to ease social distancing measures we will see an uptick in cases, said the University of Delawares Horney."
9,"{'id': 'mashable', 'name': 'Mashable'}",Anna Iovine,It may be easier to get coronavirus than we thought,"First, the obligatory caveat: There's still so much we don't know about the novel coronavirus and COVID-19, the disease that results from the virus. New genetic developments are coming everyday — so fast that even the CDC can't keep up. During the latest coro…",https://mashable.com/article/coronavirus-covid-19-transmission-spread/,https://mondrian.mashable.com/2020%252F03%252F14%252Fdd%252F0c514bcc9bfb4a959667de7acf97ef87.23aa9.jpg%252F1200x630.jpg?signature=azz8RRHCmEtT_QVrv1XDMqjpdr8=,2020-03-14T20:58:42Z,"First, the obligatory caveat: There's still so much we don't know about the novel coronavirus and COVID-19, the disease that results from the virus. New genetic developments are coming everyday so fast that even the CDC can't keep up.  
During the latest coronavirus press conference Saturday, Dr. Deborah Birx shared new findings about the virus that may contradict what the CDC currently says about transmission. Birx, the highly experienced coronavirus response coordinator at the White House, said that there may be a group of people who are asymptomatic yet spreading the virus. 
Birx's task force of experts does not believe that people under 20 are immune from coronavirus, so they may have it and not show symptoms. ""Are they a group that are potentially asymptomatic and spreading the virus?"" Birx asked. ""Because of that unknown, we don't want to say that the risk is low when we don't know how low the numbers are for people who are asymptomatic."" 
SEE ALSO: Inside the red zone: Photos show dramatic impact of Italy's coronavirus lockdown
While the administration has been focused on those who are most at risk immunocompromised and the elderly there is another side of the pandemic, according to Birx: transmission. 
It is currently unknown how many people are asymptomatic and passing the virus along. That means that while the chance of serious illness is low, those who have it may not know it, andmay be spreading it far and wide as a result. 
This appears to be new information, given that the CDC says on their website that people who show symptoms are thought to be the most contagious. The website currently reads, ""Some spread might be possible before people show symptoms; there have been reports of this occurring with this new coronavirus, but this is not thought to be the main way the virus spreads."" 
The bottom line is this: Asymptomatic spread of coronavirus may be responsible for more cases than previously thought. More concrete information on Birx's report may yet roll out. Regardless, this is why it is so important for everyone, literally everyone, to practice the proper precautions, even if they do not show symptoms. 
""That's why we're asking every American to take personal responsibility to prevent that spread,"" Birx said. So wash your hands, don't touch your face, and social distance yourself already. Don't forget, we may be able to find out after the fact whether or not you spread it."
10,"{'id': 'mashable', 'name': 'Mashable'}",Mark Kaufman,Disease experts weigh in on crowded White House coronavirus briefings,"Read more... {""player"":{""description"":""How many people could die?"",""image"":""https://mondrian.mashable.com/uploads%252Fvideo_uploaders%252Fdistribution_thumb%252Fimage%252F94606%252Ff30392cf-1504-4727-8a5f-6bc21036fd13.png%252F930x520.png?signature=IooPtWK8gBj…",https://mashable.com/article/coronavirus-white-house-press-briefings/,https://mondrian.mashable.com/2020%252F04%252F03%252F72%252Fee9948490f8a45998b3974a60ce0bf62.5b0bb.jpg%252F1200x630.jpg?signature=J_yAU2rF4QI3pnrFQ3qKmCvR0c4=,2020-04-03T18:50:29Z,"On April Fools' Day in the White House, inside the infamously cramped James S. Brady Press Briefing Room, reporters sat spaced three seats apart at the day's coronavirus press briefing. Meanwhile, General Mark A. Milley (Chairman of the Joint Chiefs of Staff and the highest-ranking officer in the United States military), the U.S. Attorney General, the Secretary of Defense, President Donald Trump, and others crowded behind the lectern to provide Americans an update on the rapidly spreading coronavirus. 
These Coronavirus Task Force briefings, often indoors, have been occurring regularly for nearly a month, after starting in late February. An average of 8.5 million Americans tune in on TV, and the briefings are live-streamed on YouTube. Political, military, and public health leaders crowd into small areas, during a time when the CDC urges Americans to stay six feet from each other to avoid catching, or transmitting, the microbe.
Infectious disease experts say this public, televised crowding is a negligent show of public health behavior amid the pandemic, and gives irresponsible social distancing guidance to Americans. With a vaccine still about a year away at earliest, and testing still lagging far behind other nations, social distancing is a primary weapon in curbing the relentless spread of the coronavirus, which results in the respiratory disease COVID-19. 
""This is at a minimum sending the wrong and discordant messaging to the public,"" said Jason Farley, a nurse practitioner for the Division of Infectious Diseases AIDS Service at the Johns Hopkins School of Medicine. ""It is only a matter of time before one of them becomes ill with coronavirus given this behavior.""
""These people are supposed to be setting a good example and theyre not setting a good example for the nation,"" said epidemic expert Suzanne Willard, the associate dean of Global Health at Rutgers School of Nursing.
Other than living on surfaces, the coronavirus travels in respiratory drops that can spread when someone nearby sneezes, coughs or just talks. There's mounting evidence showing the virus can spread effectively in the air.
""It is possible for viruses to be released into the air from just talking and breathing,"" said Linsey Marr, an expert in airborne disease transmission at Virginia Tech. ""It wouldn't be a lot, but the chance of those viruses landing on someone else or being inhaled by someone else is higher if people are closer together.""
Screenshot of April 1, 2020 White House coronavirus press briefing.
Image: Youtube / white House
Screenshot of Vice President Mike Pence at a White House coronavirus press briefing.
Image: Youtube / White House
White House staff and journalists entering the premises are now given temperature checks, to identify fever, before entering. But up to one in four people may carry the virus without ever showing any symptoms, and it takes an average of five days for an infected person to start showing any symptoms at all. Infected people may be attending these briefings.
Around the world, national leaders like UK Prime Minister Boris Johnson, Iran's Deputy Health Minister, the UK Health Secretary, and the Prince of Monaco have tested positive.
At a minimum, the coronavirus task force should underscore, through their actions, that social distancing to curb the spread of disease is critical for everyone.
""You should lead by example,"" said Sharona Hoffman, a professor of both bioethics and law at Case Western Reserve University.
""It would be good if they took better precautions, wore masks, and went on stage one at a time,"" Hoffman said.
The White House Coronavirus Task Force is expected on Friday to recommend Americans now wear face masks in public. 
""You should lead by example.""
If multiple leaders insist on being onstage at once, they should give each other ample space.
""I think our leaders should model social distancing by standing at least six feet apart during press briefings,"" said Virginia Tech's Marr.
Farley, of Johns Hopkins School of Medicine, recommends going even further. 
""[The briefings] should be moved online with the President and his advisors NOT in the room,"" said Farley, advocating for ending these close-quartered, daily press room interactions. He noted that while reporters in chairs are appropriately spaced six feet apart, on the White House stage these rules go out the window. 
The virus doesn't discriminate. Even Anthony Fauci, the venerated director of the National Institute of Allergy and Infectious Diseases who has become the nation's de facto coronavirus leader and calming truth-speaker, could be exposed. 
""If Tony Fauci gets sick, that would be catastrophic,"" said Hoffman.
UPDATE: April 3, 2020, 3:07 p.m. EDT When reached for comment, a White House representative did not respond to the inquiry but forwarded Mashable to a non-functioning comment line."
11,"{'id': 'mashable', 'name': 'Mashable'}",Anna Iovine,QuarantineChat is here to help us survive social distancing,"""Are there stoops outside your window?"" A stranger in Los Angeles asked me this over the phone as I peered out of my bedroom window in Brooklyn. We connected through QuarantineChat, which facilitates calls for people who are currently self-isolating. Now that…",https://mashable.com/article/quarantine-chat-social-distancing-coronavirus/,https://mondrian.mashable.com/2020%252F03%252F23%252F7e%252F50c476c3a812469fbe9086a5f64eb95c.2d309.png%252F1200x630.png?signature=MMNLCxNAZTEyNoUxlMpdD3XkL80=,2020-03-23T15:01:15Z,"""Are there stoops outside your window?""
A stranger in Los Angeles asked me this over the phone as I peered out of my bedroom window in Brooklyn. We connected through QuarantineChat
, which facilitates calls for people who are currently self-isolating. 
Now that the coronavirus has reached pandemic level, many countries have instituted lockdowns
; those in the United States are heavily encouraged to stay indoors and flatten the curve
. With self-isolation causing people to be apart from their loved ones, coupled with the anxiety of the whole situation, it's easy for loneliness to seep into everyday life. 
Some are getting creative to combat loneliness, however. Enter QuarantineChat, which was created by artists Danielle Baskin
 and Max Hawkins
. QuarantineChat is a feature in their app Dialup
, which calls people at set (or random, in the case of QuarantineChat) times to chat one-on-one. 
I've had several ""quarantine chats"" so far, including the one with the stranger from Los Angeles. Here's how it works: I downloaded the Dialup app and opted in for QuarantineChat. Every day, they call me and facilitate pairing me with someone else. With every call comes the same prompt: to look outside our window and describe what's there. I told her I was in Brooklyn, and outside was not the norm of cars driving by and folks chatting outside their homes, but instead occasional single walkers. 
SEE ALSO: The movies we're watching on repeat while social distancing
She asked about stoops because stoop culture, the act of shooting the shit on one's stoop, doesn't really exist in LA. I told her that yes, there are stoops and usually people sitting on them, but not in the past week. The call reminded me of conversations I have when I'm on vacation, chatting with folks about our hometowns.
Dialup itself launched in 2019 as a way for Baskin and Hawkins to have check-ins with their self-employed friends. Now, the app connects friends as well as communities, companies, and conferences through random calls. Beyond QuarantineChat, Dialup has many themed options for calls everything from talking about your breakfast, memories, and the full moon. There are even calls where people can read poems or tarot cards to each other. 
Some of Dialup's non-quarantine offerings.
Image: screenshot by the author
As self-quarantine and isolation took hold, Baskin and Hawkins thought their app would be of use to people. ""In the last week of February, we heard so many stories about people in quarantine and self-isolation,"" they wrote in an emailed statement to Mashable. ""We thought our app would be great to combat feelings of disconnection."" 
Due to isolation, people aren't having the same daily small talk, say with their barista. ""We hope our project brings magic and serendipity to a new reality where hundreds of thousands of people might be stuck inside for the next month,"" Baskin and Hawkins said. 
My quarantine chats have all been pleasant and with pleasant people. Considering that this is a stressful time for us all and that we're all on the internet to begin with it was a welcome reprieve and a nice surprise that it has not devolved into ChatRoulette territory. 
Rather, my calls have been with people interested in my life and how I'm taking this whole situation, and in turn I hear their stories. Their careers ranged from helping the homeless to marketing to design. I even followed one on Twitter. These connections serve as a nice reminder that even though I'm physically alone, everyone including strangers across the continent are going through the same thing. 
Push notifications that remind users about calls.
Image: screenshot by the author
Baskin and Hawkins told me they've received heartwarming anecdotes from people using QuarantineChat and Dialup from all over the world. People from places such as Madrid, Berlin, and Tennessee are sharing experiences with each other. ""It's been beautiful to get these glimpses into lives from the first-person perspective,"" they said.
SEE ALSO: Don't despair about being single while social distancing. Here's why.
How long social distancing will last is still up in the air, but people are already making efforts to connect be it over FaceTime
, on dating apps
, or services like QuarantineChat. There may be days I don't pick up the phone (you can simply not pick up or even opt out if it's not for you), but having the option of meeting someone new in a time where I can't meet anyone is a luxury. 
""While some people have told us it's great for their mental health, we sometimes get messages about niche commonalities they had with their match,"" Baskin and Hawkins said. ""People often describe it with the word 'magical.'""
After I told the Los Angeles stranger the view outside my window, she described hers: beautiful, with palm trees dotting the street."
12,"{'id': 'mashable', 'name': 'Mashable'}",Amanda Yeo,Too-real video captures the awkwardness of all your glitchy FaceTime calls,"As more countries go into lockdown due to the coronavirus, people are substituting video calls for face-to-face human interaction in an attempt to maintain both social distancing and their sanity. Unfortunately, video calling is a laggy, pixellated mess even …",https://mashable.com/article/eva-victor-alyssa-limperis-coronavirus-video-call-quarantine/,https://mondrian.mashable.com/2020%252F03%252F23%252F02%252F1afcbfd9f0424018bdc0e87a35c5c1eb.90e3e.jpg%252F1200x630.jpg?signature=oB6jYin7idmRIR5FqwT_oVtBtTc=,2020-03-23T06:06:21Z,"As more countries go into lockdown due to the coronavirus, people are substituting video calls for face-to-face human interaction in an attempt to maintain both social distancing and their sanity. Unfortunately, video calling is a laggy, pixellated mess even at the best of times and these are definitely not the best of times, what with everyone stuck bingeing Netflix indefinitely.
Dealing with the problems of these dystopian times, comedians Eva Victor and Alyssa Limperis have released a short clip demonstrating the irritating struggles of chatting on a video call, complete with cut-off sentences and misheard words. 
If two people yell into their phones but neither understand each other, did they have a conversation?
SEE ALSO: Here's how to watch Netflix with friends while social distancing
It can feel a bit ridiculous shouting greetings to a stuttering image of a friend on your phone. Still, it's better than nothing, and much more responsible than meeting up in person right now."
13,"{'id': 'mashable', 'name': 'Mashable'}",Tim Marcin,Watch a (fake) coronavirus stimulus check saga unfold in just one minute,"For nearly the entire video it's unclear where, exactly, YouTuber Rick Darge is going with his project titled simply: ""Stimulus Package."" The title is obviously a reference to the federal coronavirus stimulus checks, which have begun to dole out up to $1,200 …",https://mashable.com/video/stimulus-package-video/,https://mondrian.mashable.com/2020%252F04%252F15%252F78%252F6c6772571fb54035af53b1bd9fa6171f.e1a84.jpg%252F1200x630.jpg?signature=nF5gHmPwdqhNxaXY-Bs5w3ZHabI=,2020-04-15T16:32:38Z,"For nearly the entire video it's unclear where, exactly, YouTuber Rick Darge is going with his project titled simply: ""Stimulus Package."" 
The title is obviously a reference to the federal coronavirus stimulus checks, which have begun to dole out up to $1,200 to Americans across the country. 
The video is exactly a minute long, but it really takes a journey in those 60 seconds. Darge goes from playing fetch with a small pup to engaged in obsessive disinfection (relatable) to ... well, there are tears.
We won't spoil what happens, but it's worth a minute of your life."
14,"{'id': 'mashable', 'name': 'Mashable'}",Natasha Piñon,"Greta Thunberg warns she likely has coronavirus, asks young people to take it seriously","Greta Thunberg announced via an Instagram post on Tuesday that she and her father had shown symptoms associated with the novel coronavirus, writing that it was ""extremely likely"" she contracted the virus. Thunberg, who famously travels without planes to engag…",https://mashable.com/article/greta-thunberg-coronavirus/,https://mondrian.mashable.com/2020%252F03%252F24%252F53%252F39cac67137a740c1b9152df6d94c1804.d7164.jpg%252F1200x630.jpg?signature=aKg4bF6jq0pRL7gFt_GQsfiO9jw=,2020-03-24T21:20:26Z,"Greta Thunberg announced via an Instagram post on Tuesday that she and her father had shown symptoms associated with the novel coronavirus, writing that it was ""extremely likely"" she contracted the virus. 
Thunberg, who famously travels without planes to engage in her climate activism, quarantined herself for the last two weeks after returning from a trip around Central Europe, according to her post. She began feeling symptoms ""around ten days ago."" Her father, who also experienced similar symptoms, found his symptoms to be much more acute.  
In Sweden, where Thunberg lives, testing for COVID-19, the official term for the disease caused by the coronavirus, is prioritized for hospitalized patients and those who work in healthcare or elderly care, according to the Public Health Agency of Sweden. The Public Health Agency of Sweden says that anyone ill with flu or cold symptoms should stay at home, and that this group will not be prioritized for testing. Consequently, Thunberg was not tested. 
 View this post on Instagram
The last two weeks Ive stayed inside. When I returned from my trip around Central Europe I isolated myself (in a borrowed apartment away from my mother and sister) since the number of cases of COVID-19 (in Germany for instance) were similar to Italy in the beginning. Around ten days ago I started feeling some symptoms, exactly the same time as my father - who traveled with me from Brussels. I was feeling tired, had shivers, a sore throat and coughed. My dad experienced the same symptoms, but much more intense and with a fever. In Sweden you can not test yourself for COVID-19 unless youre in need of emergent medical treatment. Everyone feeling ill are told to stay at home and isolate themselves. I have therefore not been tested for COVID-19, but its extremely likely that Ive had it, given the combined symptoms and circumstances. Now Ive basically recovered, but - AND THIS IS THE BOTTOM LINE: I almost didnt feel ill. My last cold was much worse than this! Had it not been for someone else having the virus simultainously I might not even have suspected anything. Then I would just have thought I was feeling unusually tired with a bit of a cough. And this it what makes it so much more dangerous. Many (especially young people) might not notice any symptoms at all, or very mild symptoms. Then they dont know they have the virus and can pass it on to people in risk groups. We who dont belong to a risk group have an enormous responsibility, our actions can be the difference between life and death for many others. Please keep that in mind, follow the advice from experts and your local authorities and #StayAtHome to slow the spread of the virus. And remember to always take care of each other and help those in need. #COVID #flattenthecurve
A post shared by Greta Thunberg (@gretathunberg) on Mar 24, 2020 at 8:22am PDT
She writes that she has ""basically recovered,"" and that while experiencing her symptoms she ""almost didn't feel ill"" which is exactly what Thunberg wants her followers to understand. 
Without her dad experiencing similar symptoms, Thunberg says that she ""might not have suspected anything."" 
She continues: ""And this it what makes it so much more dangerous. Many (especially young people) might not notice any symptoms at all, or very mild symptoms. Then they dont know they have the virus and can pass it on to people in risk groups."" 
In the U.S., some young people, like those who packed Florida beaches for spring break, have shown flagrant disregard for the World Health Organization's recommendations. Although young people are less at risk, no one is invulnerable when it comes to COVID-19. 
SEE ALSO: Watch Greta Thunberg's journey across the Atlantic on YouTube
""We who dont belong to a risk group have an enormous responsibility, our actions can be the difference between life and death for many others. Please keep that in mind, follow the advice from experts and your local authorities and #StayAtHome to slow the spread of the virus. And remember to always take care of each other and help those in need."" 
This isn't the first time that Thunberg asked for young people to unite behind the science (in the context of COVID-19). Prior to her personal announcement, Thunberg also called for climate strikes to move online, stressing that young people practice social distancing for ""the best interest of our common society."""
15,"{'id': 'mashable', 'name': 'Mashable'}",Anna Iovine,Coronavirus anxiety has exes sliding into the DMs,"""Will you suck my dick late tonight"" This is a text Caitlin, a woman living in Seattle, received from an ex-hookup last week. Caitlin, who requested to use a different name in this article for privacy reasons, declined because she felt sick; even though she r…",https://mashable.com/article/coronavirus-social-distancing-ex-contact/,https://mondrian.mashable.com/2020%252F03%252F21%252F0f%252F702b0f0961ca4ff28eedc99358b792f0.69e70.jpg%252F1200x630.jpg?signature=Q_ut2wM_v7hEn_vkW5VmH0i_H_o=,2020-03-21T14:00:00Z,"""Will you suck my dick late tonight""
This is a text Caitlin, a woman living in Seattle, received from an ex-hookup last week. Caitlin, who requested to use a different name in this article for privacy reasons, declined because she felt sick; even though she resides in the state with the first US case of coronavirus
, she could not be tested for coronavirus.
When Caitlin said she wasn't feeling well and couldn't receive a test, the ex-hookup replied, ""I'll wear a plastic bag.""
This is a crude example, but it's just one of many texts from exes that've popped up amid the coronavirus. COVID-19, the disease that results from the virus, has ground life to a halt across the world. The lockdowns that pervade countries in Asia and Europe are now coming for the United States, with San Francisco instating shelter-in-place
 for the next few weeks and other cities considering following its lead. 
SEE ALSO: The best dating apps for finding love while social distancing
With every aspect of this crisis how many people will be impacted, how much time it will take to return to normalcy, how normalcy will even look afterwards up in the air, anxieties are seemingly at an all-time high. Coupled with isolation as people are urged or forced to stay home and flatten the curve
, we've got a recipe for a cooped-up, bored, and stressed out population.
Which is to say: everyone is horny, and beyond furiously (or mindfully!) masturbating there's no quick fix. This unique time we're living in has led to a phenomenon of exes of all stripes coming out of the woodwork.
This unique time we're living in has led to a phenomenon of exes of all stripes coming out of the woodwork.
Not only is Caitlin one of many people this happened to, but she's also not the only Seattleite that reached out to me. Jules, a 28-year-old in Seattle who requested using her first-name because she ""doesn't want him [her ex] googling her,"" had two exes reach out to her. One, from high school, sent her a handwritten letter and a follow-up text.
Jules was sick the first week of March, so she was quarantined longer than most and wonders if that's why she's more open to these conversations. ""He even used nice stationary so I bought stationary to write back,"" Jules told me, ""now that I've finished all of Love is Blind and 90 Day Fiancé I'm invested in this saga."" 
But it's not just boredom that's causing exes to resurrect themselves. ""It makes a lot of sense to me, because isolation is real,"" said Rachel DeAlto, Match's chief dating expert, ""and loneliness is real.""
Millennials and Generation Z report more loneliness
 than previous generations to begin with, and now we're all stuck in our homes. We want someone to talk to, someone who could relate. ""We find ourselves falling back into old patterns for comfort and communication,"" DeAlto said in an interview with Mashable. 
When something of this magnitude happens, we have the desire to cling to what we know. Exes may be taking this opportunity to experience or at least, attempt to experience the same positive emotions they had when they were in the past relationship. ""This person made me feel good at some point,"" said DeAlto, describing the mindset people may be in, ""and this connection felt good and I'm searching for things that feel good right now when I'm anxious about so much else.""
What's more is that the stakes are low. There is no pressure to actually make an effort to see someone, because we're all required to stay home. 
SEE ALSO: Disease experts weigh in on the crowded partying on Florida beaches
Isolation has apparently been enough to bring up thoughts of long-ago exes. Melissa A Vitale, a 27-year-old publicist living in Brooklyn, said an ex she had not spoken to for six years reached out. 
The ex was apparently just sending a friendly check-in, but Vitale was not buying it. ""He was obviously baiting me to ask about him but I refused so it didn't go on,"" Vitale told Mashable. ""It was not a good breakup so I had no intention of diving into that simply because he has more time on his hands without work.""
And, unsurprisingly, more recent exes are not afraid to enter the fray either. Abbigail, a woman who lives in Chicago, had an ex from 2019 reach out. 
Image: courtesy of abbigail
They'd dated from April to September of last year, and while they were in contact in January, Abbigail cut it off again. The ex texted her in the past week, having seen a former workplace of hers was going through layoffs. They had agreed to meet several days later, but neither followed up (and by then, the pressure to stay in had already bubbled up online). ""Just gonna let it die,"" Abbigail told me. 
Not everyone had their ex contact them. Some people, like 28-year-old Lisa, did the reaching out themselves. Her friends were talking about what shows they were binging now that everyone is inside. One mentioned 'The Jinx,' which Lisa watched with her ex. She reached out, and then they made small talk about current events. 
SEE ALSO: How to fight loneliness during coronavirus social distancing
""We still reconnect from time to time,"" said the Montreal resident, who requested first-name only for privacy reasons. ""Mostly Instagram DMs but for some reason a text seemed appropriate now.""
Further, people from past casual relationships or even just a few dates are reaching out. ""Not an ex,"" 28-year-old Brendan told me, ""but a guy I went on three dates with and then he ghosted me for 6 months started texting me again last week."" 
The guy in question is a teacher, and their conversations petered out when the school year kicked in last September. Coincidentally, the teacher texted Brendan the same time as schools were closing nationwide due to the coronavirus
.
""He texted me right before schools were closed,"" Brendan said. ""Part of me feels like a clown for talking to him again after he ghosted me. But our dates were great and Ive never had a hard time talking with him.""
coronavirus texting exes
Image: courtesy of brendan
While the teacher is stuck at home, Brendan was still going in his office and working 60 hours a week when we spoke.
DeAlto believes the urge to reconnect, on either side, is indicative of these uncertain times. ""People who aren't anxious are anxious right now,"" she said. When so much is unknown, there is a pull to what you do know to the past, when everything seemed ""normal,"" and to the person that you had good times with. That desire to reach out (or answer) is an emotional response to whatever trigger is in front of us, according to DeAlto. We all seem to have the same trigger at the moment: the coronavirus, and everything to do with it. 
SEE ALSO: Don't despair about being single while social distancing. Here's why.
But letting nostalgia and the desire for normalcy take over can be detrimental if it results in reconnecting with toxic people. If that is the case, DeAlto suggests having a plan in place for what to do when that desire hits. You can FaceTime a friend, take a walk around the block, do a puzzle something to take your mind off this toxic ex. 
While we aren't yet certain when, there will eventually be an end to social distancing and the coronavirus. The anxiety may seem overbearing in this moment, but the choices you make may not be in your best interest in a post-COVID-19 world. Think twice before responding to your ex or before texting them first. 
Brendan has been keeping up correspondence with the teacher for a week now. ""Feels like we picked up where we left off,"" he said. ""Weve talked that we will probably see each other once the COVID-19 stuff passes."""
16,"{'id': 'mashable', 'name': 'Mashable'}",Alex Perry,How to use Twitter during the coronavirus pandemic without falling into a black hole of anxiety,"I don't know if you've noticed, but Twitter is a stressful place these days. You can get the news faster than ever before by relentlessly refreshing your Twitter timeline, which can be a blessing and a curse during the coronavirus pandemic. We all probably kn…",https://mashable.com/article/how-to-use-twitter-less/,https://mondrian.mashable.com/2020%252F04%252F10%252F7a%252F7f8a4f73be8f459e84c102643705a345.89db9.png%252F1200x630.png?signature=ToIwDi2gWYhcsUY5OaA8lx_PJ7o=,2020-04-10T15:43:18Z,"I don't know if you've noticed, but Twitter is a stressful place these days.
You can get the news faster than ever before by relentlessly refreshing your Twitter timeline, which can be a blessing and a curse during the coronavirus pandemic. 
We all probably know someone who is stressing themselves out right now by anxiously scrolling Twitter all day. If you find yourself doing this, please know that there are ways to stop. Whether it's asking friends for help or using a time management app, it's totally possible to cut down on your Twitter time.
Why do we do this to ourselves?
The last time I went out with friends was in early March, right before it became clear that was no longer a safe thing to do. A lull in the conversation led to one of us looking at Twitter only to see the breaking news that Tom Hanks and Rita Wilson had tested positive for Covid-19. Suddenly, everyone pulled out their phones to see it for themselves, only to see just a few minutes later that the NBA had postponed play indefinitely because of Rudy Gobert's positive diagnosis. 
Those news items pale in comparison to what's happened since, but the way they dominated Twitter made them feel cataclysmic. Despite this, we couldn't stop refreshing our timelines. Dr. Anna Lembke is an associate professor of psychiatry and behavioral sciences at Stanford who specializes in addiction. She broke down why some of us feel the need to do this even when we know it's not great for our mental health. 
These are stressful times and Twitter makes it more stressful sometimes.
Image: Marcos Calvo / Getty Images / iStockphoto
SEE ALSO: 7 ways to help quell coronavirus-related anxiety
Whats kind of happened is that we all in our day to day lives ... struggle with free-floating anxiety, and we manage that in a variety of different ways,"" Lembke said. ""A lot of our usual coping strategies are no longer available to us.""
In other words, those of us who used things like sports or pop culture to get through each day can't do that anymore. Obsessively tracking baseball statistics turned into obsessively tracking the coronavirus case counter. 
""Somehow they're in this compulsive vortex""
There is nothing wrong with being informed. But on Twitter, a lot of information ends up being redundant since many people spread the same tweets at once. Since we don't know what else to do, we might keep doing it no matter how bad it makes us feel.
That phenomenon does happen where it just becomes kind of like a bottomless pit where people just keep going with it even when its not new information, it's not useful information, it causes them to be anxious, and yet somehow theyre in this compulsive vortex,"" Lembke said.
Abstain if you can, when you can
The obvious solution to Twitter stress is to just not look at it. That's easier said than done, though, as it's a valuable source of socialization, news, and even income for many of its users. If you can't just delete Twitter from your life, what can you do to mitigate the anxiety that comes from looking at it?
Lembke recommended a kind of measured abstinence from Twitter. Don't cut it out wholesale. Maybe take 24 hours off to see how you feel, and if that works for you, identify a day each week to do a ""digital detox,"" as Lembke called it. If a full day is too much, maybe give yourself a ""no Twitter after 8 p.m."" rule on weeknights or something to that effect.
You might find that you can still stay adequately informed about the pandemic by just honing in on a few trusted news sources instead of succumbing to Twitter's information overload. If Twitter is one of the primary ways you interact with your friends, it might help to make this measured abstinence a group effort.
Just like the way that sheltering in place is a lot easier to do because you know the whole rest of the globe is doing it at the same time, its much easier to stay off of Twitter if people in your circle are doing it at the same time,"" Lembke said.
Temporarily ditch the group DM for a Zoom call, or something like Zoom that's more secure. Finding a way to have something resembling face-to-face interactions with your Twitter pals is imperative right now. 
There are tech solutions, too
Give yourself some time away from the phone.
Image: alex perry / mashable
Real quick, we have to acknowledge that Twitter allows you to mute words and phrases from appearing on your timeline. If you want to avoid coronavirus news altogether, that's one way to do it. If you still want to follow the news on Twitter but can't make yourself take breaks, you can actually make your phone do it for you. 
Anyone who has an iPhone has probably noticed those Screen Time notifications that implicitly shame you on Sunday mornings for how much they've used their phones. Well, if you go into your iPhone's settings, Screen Time has its own little section (in same area as Notifications and Do Not Disturb) where you can set a period of downtime each day. During that period, you can only make phone calls and use apps that you approve of beforehand. 
Screen Time also allows you to set time limits for specific apps. Maybe you only want to give yourself two hours of Twitter a day, for example. Android users aren't left out of this, by the way, as Screen Time is on the Google Play Store.
Android folks can also take advantage of Off the Grid, which is a more aggressive version of the same idea. You give it a time when you want to be away from your phone and it'll not only lock you out, but auto-reply to anyone who tries to message you. Try to access your phone during off-limits hours and you'll have to either pay a $1 fee or watch an ad. 
That might be a bit much, but just know that there are ways to force yourself to stop looking at Twitter. Next time you feel that pang of anxiety in your stomach while scrolling through the infernal timeline, think about taking some steps to stop it from happening again."
17,"{'id': 'reuters', 'name': 'Reuters'}",Reuters Editorial,Ireland confirms four new COVID-19 cases to bring total to six,"Ireland's health ministry on Wednesday said it had confirmed four new cases of COVID-19, two males and two females who recently visited northern Italy, bringing the total number of cases in the country to six.",https://www.reuters.com/article/us-healthcare-coronavirus-ireland-idUSKBN20R333,https://s4.reutersmedia.net/resources_v2/images/rcom-default.png,2020-03-04T20:45:09Z,"DUBLIN (Reuters) - Ireland’s health ministry on Wednesday said it had confirmed four new cases of COVID-19, two males and two females who recently visited northern Italy, bringing the total number of cases in the country to six. 
Reporting by Conor Humphries; Editing by Chris Reese"
18,"{'id': 'reuters', 'name': 'Reuters'}",Michael Holden,PM Johnson recovering from COVID-19 as Britons told to shun outdoors,Prime Minister Boris Johnson was resting in hospital on Friday as he recovered from COVID-19 while Britons were told to avoid the temptation of spring sunshine during the Easter break with the coronavirus outbreak approaching a peak.,https://www.reuters.com/article/us-health-coronavirus-britain-idUSKCN21S0S1,https://s1.reutersmedia.net/resources/r/?m=02&d=20200410&t=2&i=1514659327&w=1200&r=LYNXNPEG390E0,2020-04-10T08:30:16Z,"LONDON (Reuters) - Prime Minister Boris Johnson was resting in hospital on Friday as he recovered from COVID-19 while Britons were told to avoid the temptation of spring sunshine during the Easter break with the coronavirus outbreak approaching a peak. 
The flamboyant 55-year-old leader’s visible decline shook the nation, but he came out of three nights of intensive care at St Thomas’ Hospital after going in with a high temperature and cough. 
“He must rest up,” his father Stanley Johnson told BBC radio, thanking Britons for their outpouring of support and telling them to heed the lesson. “If it can hit the prime minister for heaven’s sake, well it does come close to home.” 
Johnson was the first world leader to be hospitalised with the coronavirus, forcing him to hand control to foreign minister Dominic Raab just as Britain’s situation worsened drastically. 
The death toll is 7,978 - the fifth highest in the world. 
“You cannot walk away from this and go straight back to Downing Street and pick up the reins without a period of readjustment,” Stanley Johnson added. 
The prime minister’s Downing Street office said he was in the “early phase” of recovery and it was unclear how long he would be in hospital. But his improvement cheered Britain and beyond, U.S. President Donald Trump hailing the “great news.” 
Johnson’s pregnant fiancee Carrie Symonds, who has had coronavirus symptoms, tweeted a rainbow picture - in support of healthcare workers - along with hands clapping emojis. 
LENGTHY LOCKDOWN 
The government is considering when it can end a lockdown, though Raab has said it was too early to make a decision because Britain had not yet reached the peak of the outbreak. 
The government says it will have a better idea by next week of knowing if the lockdown has succeeded in bringing down coronavirus infections and hospital admissions. 
“We’ve started already to see plateauing,” said epidemiologist Neil Ferguson, a professor at Imperial College in London who has helped shape the official response. 
It will take several more days to see the pace of deaths drop, and more weeks to draw definitive conclusions that could allow restrictions to be lifted, he added to BBC radio. 
Britain is enduring its third week of stringent restrictions, during which police have assumed new powers to fine people straying too far or too long from home unless on essential work or seeking food and medicines. 
With sunshine bathing the often rain-soaked nation at the start of a four-day Easter holiday from Friday, authorities were on the lookout for those tempted out to see family and friends. 
“The best way we can protect our loved ones is by staying away this Easter,” a government spokeswoman said. [nL5N2BX75I] 
Scotland’s chief medical officer has already resigned after flouting her own advice to stay at home, and another official was under pressure on Friday after newspapers said he travelled to a second home outside London and visited his parents. 
“For clarity - my parents asked me to deliver some essentials - including medicines,” housing minister Robert Jenrick tweeted in defence, adding that he had left London to return to his family home. 
Reporting by Michael Holden; Editing by Andrew Cawthorne"
19,"{'id': 'reuters', 'name': 'Reuters'}",Reuters Editorial,"United Kingdom hospital COVID-19 death toll rises by 778 to 12,107","The COVID-19 death toll in hospitals across the United Kingdom rose to 12,107 as of 1600 GMT on April 13, up by 778 on the day before, the health ministry said.",https://www.reuters.com/article/us-health-coronavirus-britain-toll-idUSKCN21W1UN,https://s2.reutersmedia.net/resources/r/?m=02&d=20200414&t=2&i=1515027073&w=1200&r=LYNXNPEG3D1BI,2020-04-14T13:41:13Z,"LONDON (Reuters) - The COVID-19 death toll in hospitals across the United Kingdom rose to 12,107 as of 1600 GMT on April 13, up by 778 on the day before, the health ministry said. 
“302,599 people have been tested of which 93,873 tested positive,” the health ministry said. 
Reporting by Kate Holton and Guy Faulconbridge"
