,source,author,title,description,url,urlToImage,publishedAt,content
0,"{'id': 'reuters', 'name': 'Reuters'}",Reuters Editorial,UK chief adviser expects COVID deaths curve to plateau for two or three weeks,"Britain should expect the number of daily deaths from coronavirus to continue to rise this week, followed by a plateau for a period of two to three weeks, the government's chief scientific adviser said on Monday.",https://www.reuters.com/article/us-health-coronavirus-britain-vallance-idUSKCN21V1PR,https://s3.reutersmedia.net/resources/r/?m=02&d=20200413&t=2&i=1514918369&w=1200&r=LYNXNPEG3C19P,2020-04-13T17:14:26Z,"LONDON (Reuters) - Britain should expect the number of daily deaths from coronavirus to continue to rise this week, followed by a plateau for a period of two to three weeks, the government’s chief scientific adviser said on Monday. 
“You’d expect that (the plateau) to go on for two or three weeks but I can’t be absolutely sure on the time of that,” said Patrick Vallance at a daily government news conference. 
After the plateau, the number of daily deaths should begin to decrease, he added. 
Reporting by Estelle Shirbon and Sarah Young; Editing by Alison Williams"
1,"{'id': 'reuters', 'name': 'Reuters'}",Andrew Hay,Seattle-area nursing home unable to test 65 workers with COVID-19 symptoms,The Seattle-area nursing home at the epicenter of the U.S. coronavirus outbreak said on Monday it had no kits to test 65 employees showing symptoms of the virus that has killed at least 13 patients at the long-term care center.,https://www.reuters.com/article/us-health-coronavirus-usa-nursinghome-idUSKBN20X01R,https://s2.reutersmedia.net/resources/r/?m=02&d=20200310&t=2&i=1501024088&w=1200&r=LYNXMPEG2901E,2020-03-10T00:42:17Z,"(Reuters) - The Seattle-area nursing home at the epicenter of the U.S. coronavirus outbreak said on Monday it had no kits to test 65 employees showing symptoms of the virus that has killed at least 13 patients at the long-term care center. 
The staffers, representing more than a third of the Life Care Center’s 180 employees, are out sick with symptoms resembling the coronavirus and a federal strike team of nurses and doctors is helping care for 53 patients remaining in the center. 
With the Kirkland, Washington, home accounting for over half of all coronavirus deaths in the United States, and all its patients tested, it was unclear why it had not been given kits for staff even as the University of Washington offered to process tests. 
“We would like more kits to test employees,” Life Care Center spokesman Tim Killian told reporters, adding he did not know why they had not been forthcoming. “We’ve been asking the various government agencies that have been supplying us with test kits.” 
Twenty-six of the nursing home’s 120 patients have died since Feb. 19, with 13 of 15 autopsies carried out so far showing that the coronavirus was the cause. Twenty-one of the center’s residents, including those now in hospitals, have tested positive for the virus. 
The outbreak has shown how quickly the coronavirus spreads through elderly residents with weak immune systems and underlying health conditions living in close quarters. 
“We’ve had patients who, within an hour’s time, show no symptoms to going to acute symptoms and being transferred to the hospital,” Killian told a news conference on Sunday. “And we’ve had patients die relatively quickly under those circumstances.” 
Two other nursing homes in the greater Seattle area have reported that at least two residents and one staff member have the virus. 
The University of Washington School of Medicine said on Monday it could test all Life Care staff. The lab’s current testing is running at about 500 specimens a day, but it has capacity for over 1,000 tests a day. 
“We’re happy to perform testing if they can get samples and send them through the University of Washington Department of Laboratory Medicine,” said Alex Greninger, assistant director of UW Medicine Clinical Virology Laboratories. 
He did not know why Life Care had not received kits, but said a general reason why testing was not higher was a shortage of people to pick up specimens and bring them to his university lab. 
Reporting by Andrew Hay in New Mexico and Deborah Bloom in Seattle; Editing by Peter Cooney"
2,"{'id': 'reuters', 'name': 'Reuters'}",Jonathan Allen,New York hospital sends some 'borderline' COVID-19 patients home with oxygen monitors,Some coronavirus patients who would have been admitted into the emergency department at a New York hospital are being sent home with an oxygen-monitoring device as the city's medical system struggles to reserve resources for only the sickest people.,https://www.reuters.com/article/us-health-coronavirus-usa-home-idUSKCN21Q3F0,https://s3.reutersmedia.net/resources/r/?m=02&d=20200408&t=2&i=1514196210&w=1200&r=LYNXNPEG370QL,2020-04-08T22:35:02Z,"NEW YORK (Reuters) - Some coronavirus patients who would have been admitted into the emergency department at a New York hospital are being sent home with an oxygen-monitoring device as the city’s medical system struggles to reserve resources for only the sickest people. 
The new program at NewYork-Presbyterian Hospital is an example of how doctors are adapting and loosening normal protocols to ease the strain on emergency rooms and intensive care units in New York state, the epicenter of the coronavirus pandemic in the United States. 
Since last week, more than 200 people with confirmed or suspected COVID-19, the respiratory illness caused by the virus, have been sent home with a pulse oximeter to track their oxygen levels. A doctor or nurse practitioner follows up with them via video conference. 
“Some of these patients might have been on the borderline of admission,” Dr. Rahul Sharma, who is overseeing the program as the chief of emergency medicine at Presbyterian’s Weill Cornell Medical Center, said in an interview. 
An oximeter is a small electronic device that clips onto a fingertip to indirectly measure the oxygen saturation of a patient’s blood. In severe COVID-19 cases, the virus can block up the lungs, hindering their ability to pass oxygen from the air into the bloodstream. While most who contract the virus recover, it has killed at least 4,900 people in the city, according to a Reuters tally. 
Click tmsnrt.rs/2w7hX9T for a GRAPHIC tracking the coronavirus in the United States. 
Some of the NewYork-Presbyterian patients are also being sent home with a 30lb (14 kg) portable oxygen concentrating machine which sends oxygen-rich air through a nasal cannula, a two-pronged tube inserted into the nostrils. 
The patient is asked to log their oximeter readings to share with a doctor or nurse practitioner at 12-hour and 24-hour consultations. The patient may be re-admitted to the hospital if they take a turn for the worse. 
No patient in the program is known to have died at home as of Wednesday, but about 15 percent were asked to return to hospital to be admitted for inpatient care, a hospital spokeswoman said. 
At least two other hospital systems outside of New York unveiled similar new programs using oximeters in late March. Doctors at other hospitals said Presbyterian’s approach could have benefits for patients with a disease about which they still have much to learn. 
“There’s no guarantees in either direction, there are risks to hospitalization and there are risks with sending people home,” Dr. Laura Burke, an assistant professor of emergency medicine at Harvard Medical School, said in an interview. 
Doctors have noticed there can be a worrisome lag in symptoms among some COVID-19 patients, with oxygen saturation dropping for some time before a patient is aware of breathing problems. 
For patients that turn up at an emergency department with other COVID-19 symptoms, giving a pulse oximeter to use at home could be one way to “err on the side of safety,” Burke said. 
Reporting by Jonathan Allen, editing by Ross Colvin and Grant McCool"
3,"{'id': 'reuters', 'name': 'Reuters'}",Guy Faulconbridge,PM Johnson 'improving' in intensive care as UK ponders COVID-19 lockdown,British Prime Minister Boris Johnson spent a third night in intensive care with COVID-19 complications but is improving and able to sit up as his government prepares to discuss how to review its most stringent shut down in the peacetime history.,https://www.reuters.com/article/us-health-coronavirus-britain-idUSKCN21R0QZ,https://s3.reutersmedia.net/resources/r/?m=02&d=20200409&t=2&i=1514346877&w=1200&r=LYNXNPEG380FJ,2020-04-09T06:55:29Z,"LONDON (Reuters) - British Prime Minister Boris Johnson was getting better on Thursday in intensive care where he is battling COVID-19 as his government extended its overdraft facility and reviewed the most stringent shut down in peacetime history. 
Johnson, 55, was admitted to St Thomas’ hospital on Sunday evening with a persistent high temperature and cough and was rushed to intensive care on Monday. He has received oxygen support but has not been put on a ventilator. 
“Things are getting better for him,” his culture minister Oliver Dowden said on Thursday. “He’s stable, improving, sat up and engaged with medical staff.” 
U.S. President Donald Trump said Johnson appeared to be doing “better” after what he described as a “tough bout”. 
With a prime minister in intensive care, the British government was facing two major issues: how to finance a vast increase in state spending to support the shuttered economy and the timing of lifting lockdown measures. 
As the world’s fifth largest economy faces potentially the worst economic hit since World War Two amid soaring spending, the government said it had expanded its overdraft facility with the Bank of England. 
The Bank of England has agreed temporarily to finance government borrowing in response to COVID-19 if funds cannot immediately be raised from debt markets, reviving a measure last used to any significant degree during the 2008 financial crisis. 
The government and BoE said any borrowing from the Ways and Means facility - effectively the government’s overdraft with the BoE - would be repaid by the end of the year. 
DEATH TOLL RISING 
The United Kingdom is entering what scientists say is the deadliest phase of the outbreak, with deaths expected to continue to rise over the Easter weekend. 
The government’s emergency response meeting, known as COBR, will on Thursday discuss how it should deal with a review on lockdown measures. 
Johnson’s designated deputy, Foreign Secretary Dominic Raab, will chair the meeting, but no final decision will be made at the meeting. London’s mayor and the Welsh government have both said the lockdown would stay in place. 
The number of coronavirus infections and hospital admissions in Britain is beginning to show signs of flattening, said Stephen Powis, medical director of the National Health Service, indicating the shutdown measures were working. 
“We are starting to see a plateauing - the first signs of a plateauing of infections and hospitalisations,” Powis told reporters. 
“We are beginning to see the benefits I believe ,but the really critical thing is that we have to continue following instructions - we have to continue following social distancing, because if we don’t the virus will start to spread again.” 
Total UK hospital deaths from COVID-19 rose by a daily record of 938 to 7,097 as of 1600 GMT on April 7, health officials said on Wednesday. 
Additional reporting by David Milliken; Editing by Michael Holden"
4,"{'id': 'reuters', 'name': 'Reuters'}",Reuters Editorial,Revised Chinese COVID figures bid to 'leave no case undocumented': WHO,"A sharp upward revision in China's coronavirus death toll on Friday was ""an attempt to leave no case undocumented"", World Health Organization (WHO) epidemiologist Maria van Kerkhove told a briefing.",https://www.reuters.com/article/us-health-coronavirus-china-who-idUSKBN21Z2ZI,https://s4.reutersmedia.net/resources/r/?m=02&d=20200417&t=2&i=1515526795&w=1200&r=LYNXMPEG3G218,2020-04-17T18:14:40Z,"GENEVA (Reuters) - A sharp upward revision in China’s coronavirus death toll on Friday was “an attempt to leave no case undocumented”, World Health Organization (WHO) epidemiologist Maria van Kerkhove told a briefing. 
Kerkhove said the Chinese authorities had gone back over data from funeral services, care homes, fever clinics, hospitals and detention centers, as well as the number of patients who had died at home, in the city of Wuhan, source of the coronavirus outbreak. 
U.S. President Donald Trump has suggested that China has understated its toll of coronavirus deaths, and has condemned the WHO for the support it has given to China’s approach. 
Reporting by Stephanie Nebehay; Writing by Kevin Liffey; Editing by Chizu Nomiyama"
5,"{'id': 'reuters', 'name': 'Reuters'}",Reuters Editorial,UK plans to ban mass gatherings next week to curb Covid-19: Sky News,"British government is planning to introduce emergency laws next week to ban mass gatherings in an attempt to curb the coronavirus outbreak, Sky News reported https://news.sky.com/story/coronavirus-mass-gatherings-to-be-banned-under-government-plans-to-combat-…",https://www.reuters.com/article/us-health-coronavirus-britain-legislatio-idUSKBN2103HG,https://s4.reutersmedia.net/resources_v2/images/rcom-default.png,2020-03-13T23:15:25Z,"(Reuters) - British government is planning to introduce emergency laws next week to ban mass gatherings in an attempt to curb the coronavirus outbreak, Sky News reported here late Friday, citing a Whitehall source. 
“We have drafted emergency legislation to give the government the powers it needs to deal with coronavirus, including powers to stop mass gatherings and compensate organisations,” Sky News quoted the source as saying. 
Reporting by Roshan Abraham in Bengaluru; Editing by Arun Koyyur"
6,"{'id': 'reuters', 'name': 'Reuters'}",Reuters Editorial,"UK PM Johnson able to do short walks, thanks medical staff for COVID-19 care","British Prime Minister Boris Johnson has been able walk short distances as part of the care he is receiving to aid his recovery, his office said on Friday.",https://www.reuters.com/article/us-health-coronavirus-britain-johnson-he-idUSKCN21S1PO,https://s4.reutersmedia.net/resources_v2/images/rcom-default.png,2020-04-10T16:12:06Z,"LONDON (Reuters) - British Prime Minister Boris Johnson has been able walk short distances as part of the care he is receiving to aid his recovery, his office said on Friday. 
Johnson came out of intensive care on Thursday after three nights and is recovering on a hospital ward. 
“The prime minister has been able to do short walks, between periods of rest, as part of the care he is receiving,” a Downing Street spokesman said. 
“He has spoken to his doctors and thanks the whole clinical team for the incredible care he has received.” 
(This story corrects days in first and second paragraphs to Friday and Thursday respectively, not Saturday and Friday) 
Reporting by Michael Holden; Editing by Hugh Lawson"
7,"{'id': 'reuters', 'name': 'Reuters'}",Reuters Editorial,"Boeing supplier furloughs 2,300 employees on closure of Boeing facilities amid COVID-19","U.S. aero parts maker Triumph Group Inc said it was furloughing about 2,300 employees across its U.S. and European plants for two to four weeks to cut capacity linked to Boeing commercial aircraft programs amid the coronavirus outbreak.",https://www.reuters.com/article/us-health-coronavirus-triumph-group-boei-idUSKCN21T01Q,https://s1.reutersmedia.net/resources/r/?m=02&d=20200411&t=2&i=1514727682&w=1200&r=LYNXNPEG3A010,2020-04-11T01:52:14Z,"(Reuters) - U.S. aero parts maker Triumph Group Inc (TGI.N) said it was furloughing about 2,300 employees across its U.S. and European plants for two to four weeks to cut capacity linked to Boeing (BA.N) commercial aircraft programs amid the coronavirus outbreak. 
The company will give one week of pay and will cover the employee share of medical premiums during the furlough period, it said in a statement on Friday. 
Triumph Group also said it will cut about 200 full-time positions due to fall in demand, adding that the reductions will be completed by May 1. 
This week, Boeing suspended production of its 787 airplane at its facilities in South Carolina and indefinitely extended a halt in its production operations at its Washington state facilities. 
Triumph Group, a Boeing supplier, cited the closures as the reasons for its steps to furlough employees. 
Boeing, the largest U.S. planemaker, itself asked last month for at least $60 billion in U.S. government loan guarantees for itself and other American aerospace manufacturers to help the embattled industry withstand a coronavirus-related cash drain. 
The outbreak has further compounded an already existing crisis over the year-old grounding of Boeing’s previously fast-selling 737 MAX jet after two fatal crashes. 
Reporting by Kanishka Singh in Bengaluru; Editing by Daniel Wallis"
8,"{'id': 'reuters', 'name': 'Reuters'}",Chris Kirkham,"Warehouse workers risk COVID-19 to ship Gucci shades, face cream, sofas","As U.S. authorities ordered shutdowns of non-essential businesses to fight coronavirus, retailer Nordstrom Inc closed hundreds of stores and gave in-store workers three weeks’ pay, calling their safety its top priority.",https://www.reuters.com/article/us-health-coronavirus-retail-workforce-i-idUSKCN21T0P9,https://s3.reutersmedia.net/resources/r/?m=02&d=20200411&t=2&i=1514761967&w=1200&r=LYNXNPEG3A0F7,2020-04-11T17:04:34Z,"(Reuters) - As U.S. authorities ordered shutdowns of non-essential businesses to fight coronavirus, retailer Nordstrom Inc closed hundreds of stores and gave in-store workers three weeks’ pay, calling their safety its top priority. 
That benefit did not extend to Meagan Christensen, 34, an Iowa warehouse worker who packs online orders of Birkenstock sandals, swimsuits and $60 face cream. The facility recently closed for cleaning after a co-worker contracted COVID-19, but it reopened 36 hours later. 
With Americans stuck at home, warehouse workers scramble to fill surging online orders. Some, such as Amazon.com Inc and Walmart Inc employees, often ship groceries and other essentials. Others risk their health for furniture or fashion retailers such as IKEA, Wayfair Inc or Macy’s Inc. 
Government stay-home orders have carve-outs for warehouses or e-commerce operations, allowing a wide array of retailers to piggyback on exemptions intended primarily to ensure the flow of necessities. The loophole means a large segment of retail workers - who often have scant benefits or sick time - must choose between their health and their paycheck. Some retailers, including Wayfair, Kohl’s and Macy’s, have given workers letters from executives to show police if they are stopped while commuting.  
“A lot of people are scared” at Nordstrom, said Christensen, who says she earns less than $40,000 per year and is enrolled in the company’s health insurance plan. “We’re selling designer-line apparel and cosmetics. None of this is make-it-or-break-it for the current situation.” 
Nordstrom said its online operations are keeping its business afloat - and ensuring workers’ livelihoods for the long term. 
“What’s the opposite scenario? Everything gets shut down completely, and we can’t afford to pay your benefits?” said Gigi Ganatra Duff, a Nordstrom corporate affairs vice president. “And we can’t afford to hire you back when it’s over?” 
As in-store sales evaporate, retailers are chasing a captive audience - stuck inside, bored, tempted to shop online. Macy’s ads, echoing others, tout “our lowest prices of the season right now!” 
Those orders are filled by warehouses employing hundreds of people. Stephanie Morris, 57, works for IKEA in New Jersey, shipping sofas and shelves. She says she checks her temperature before each shift. “People don’t understand that, when you order something, there’s got to be someone there to pull that merchandise,” she said. 
Reuters interviewed three dozen warehouse and fulfillment workers and reviewed COVID-19 wage-and-benefit policies at nine retailers - Amazon, Walmart, Target Corp, Nordstrom, Wayfair, O’Reilly Automotive Inc, IKEA, Macy’s and Kohl’s. Five of them - Amazon, Walmart, Nordstrom, Kohl’s and Target - extended temporary $2-per-hour raises to workers, some of whom make less than $15 an hour. Wayfair offered $4 raises. 
The firms said they prioritize safety by cleaning, encouraging social distancing and providing protective gear. Kohl’s, Walmart and IKEA said their workers’ temperatures are checked before shifts, although several IKEA workers said that’s not happening at their warehouses. 
IKEA and Wayfair called their products essential to people who suddenly need home-office furniture or other household items. Consumers depend on “companies like Wayfair to keep them supplied with the items they need for their homes during these challenging times,” Wayfair said, adding that the government has recognized its crucial role. 
A recent report from the Brookings Institution think tank estimated that between 49 million and 62 million U.S. workers 34% to 43% of the total workforce - are employed in industries deemed to be essential under what the organization called a “sweeping” federal definition. Those industries, Brookings found, tend to employ lower-wage workers who often have less health insurance than most Americans. 
Labor relations and public policy experts said the crisis poses dilemmas for employers and workers trying to balance safety with financial survival. For consumers, the ability to shop online makes “this extraordinary period more comfortable,” said Erica Groshen, a Cornell University labor relations professor. 
Online sales amount to an understandable “survival strategy” for a sector that is important to consumers, investors and the economy, said Thomas Kochan, a management professor at the Massachusetts Institute of Technology. But staying open also creates an obligation to give workers more say in benefits and protections. 
“The companies may view these workers as essential,” he said, “but they’re not treating them as essential.” 
Workers themselves are often torn about continuing to work. One of Christensen’s Nordstrom co-workers, Makenzie McMullen, 28, called the warehouse environment a “ticking time bomb,” and yet said she was “very conflicted” about whether to stay home. 
“I do love my job,” she said. “I wouldn’t have been there the last three years if I didn’t.” 
‘EVERY SALE COUNTS RIGHT NOW!’ 
Luxury retailer Neiman Marcus Group has asked, but not required, workers to report to shuttered stores to package online orders for sweaters, handbags and other items. 
“Every sale counts right now!” wrote a Neiman manager at Pennsylvania’s King of Prussia Mall, in an email to employees. The pandemic has put Neiman in especially dire straits: It is straining to make payments on about $4 billion in debt as it prepares for a possible bankruptcy. Neiman did not comment on whether it has extended additional benefits, but said its precautions include cleaning and temperature checks. 
Some retailers offer more generous pandemic-related benefits than others. Macy’s gave e-commerce employees two weeks of extra paid leave to use anytime. Nordstrom said it would pay infected workers’ medical bills and salaries until they recover. 
Other companies, such as Amazon, Walmart, Target, O’Reilly, Wayfair and IKEA, offered warehouse workers one or two weeks of additional leave if they test positive or get quarantined by a medical professional. IKEA’s policy also applies to workers showing COVID-19 or flu symptoms, those with family members showing symptoms, and workers with underlying health conditions that heighten the threat of the virus, the company said. 
Another worker at IKEA’s New Jersey warehouse, Tiwaan Bradley, 46, has diabetes and lupus, putting him at high risk. When he learned that a co-worker’s wife had tested positive, he stayed home and depleted his sick pay. He said he didn’t learn he might qualify for two weeks of extra sick time until this week, when a manager told him as he was taking up other workplace issues with the company in his role as a union shop steward. 
The extra two weeks of paid leave will help, he said, but likely won’t last him through the pandemic. He said he’s balancing the need for income with protecting his health. 
“In order for me to take care of my family,” Bradley said, “I have to be alive.” 
Nordstrom offered warehouse workers five additional paid days. Kohl’s isn’t offering additional sick leave, workers said; it did not respond to questions on its policy for employees who contract COVID-19. 
Some Kohl’s and Nordstrom in-store workers have the option to return to stores to help with online orders. Other retail employees have been furloughed - allowing them to keep their health benefits and apply for government unemployment insurance, an option some warehouse workers say they wish they had. 
Rae Jones, 29, works at an O’Reilly Auto Parts warehouse in Alabama. She has an autoimmune disease that has already consumed what little sick leave she had, so she continues to work. The company offered no additional virus-related sick leave unless she tests positive for COVID-19. It has not regularly provided sanitizer, she said, so she started giving workers her own homemade concoction of Everclear grain alcohol and aloe vera. 
“I need the paycheck,” Jones said. “But I’m scared.” 
Twice in the last few days, Jones said, dozens of O’Reilly employees walked out in protest over a lack of personal protective equipment. O’Reilly Auto Parts did not comment on the walk-outs or worker complaints, but said it has disinfected warehouses and provided cleaning supplies. 
Cyndi Murray, a Walmart employee in Maryland, said workers must submit a positive coronavirus test and a doctor’s note to a third-party online system to apply for extra paid leave. Decisions take two to seven days, she said, leaving workers in limbo. 
Walmart spokesman Kory Lundberg said the system takes at least two days but did not address concerns about delays. He said employees who test positive, run a high fever or are quarantined can qualify for two paid weeks off. 
FIRING A PROTEST ORGANIZER 
Amazon has taken heat from some workers over safety. Staffers at its Staten Island, New York, facility protested in late March, demanding the facility’s closure for deep cleaning after workers tested positive. Similar protests followed elsewhere. Amazon said it fired the employee who organized the Staten Island protest because he didn’t quarantine himself after contact with an infected worker. 
A Minnesota Amazon warehouse does not provide enough masks, sanitizer or gloves, said worker Sahro Sharif. Managers instruct workers to wash their hands and clean work stations, Sharif said, but keeps them too busy to do so. 
Stephanie Haynes, an Amazon employee in Joliet, Illinois, said the company did not shut down her warehouse after a worker tested positive. Instead, Amazon checked surveillance cameras to determine who had worked within six feet of the infected staffer and asked those employees to self-quarantine. Others were asked back to work, even if they were convinced they had been exposed, she said. 
“It’s very scary,” said Haynes, 42. “Amazon decides if you’ve had close contact with an infected person.” 
Amazon spokeswoman Kristen Kish said the company distributes masks, sanitizer and wipes, but did not address complaints of shortages. Amazon is taking “extreme measures” to ensure safety, she said. She did not answer questions about company protocols for shutting warehouses after confirmed infections. 
In late March, Wayfair workers at a New Jersey warehouse were told an employee had tested positive. The building closed for cleaning and reopened 24 hours later. A second employee tested positive on Sunday. 
Wayfair said 13 workers have tested positive, and in each case it cleaned facilities and identified those in close contact with infected staffers. The company said it paid all employees during closures and paid workers in quarantine. 
SELLING KNICK-KNACKS, GUCCI SUNGLASSES 
Akeel Sudlow, 28, works at the warehouse as an IT support engineer. When he requested to work from home, citing ill health and school closures, his manager said he could go unpaid, according to communication seen by Reuters. 
“Unless I’m sick and dying, there’s no support for me,” said Sudlow, who has stayed home without pay for a month. 
The company said it has allowed workers to work from home if they can effectively do their jobs there. 
Anthony Costa, who works for Macy’s in Connecticut, decided to use up his leave time to avoid the warehouse after seeing crowded conditions and limited sanitation supplies.  
File Photo: IKEA warehouse employee Stephanie Morris, who continues to work during the coronavirus disease (COVID-19) outbreak, poses at her home in Burlington Township, New Jersey, U.S. April 6, 2020. REUTERS/Jessica Kourkounis
“To have a thousand-dollar pair of shoes is something that in my opinion is not essential,” said Costa, who loads merchandise and drives it a short distance between two warehouses. “You could wait until this is over to order some Gucci sunglasses.” 
Workers at IKEA have questioned why they risk their health to ship decorative plastic trees, knick-knacks and couches. Ahnisohn Harmon, 42, who works at a New Jersey warehouse, described a tense environment, with heightened awareness of every cough and workers constantly diagnosing one another. The company encourages social distancing, he said, but employees are often lifting items weighing 50 pounds or more - requiring a partner. 
“We’re going to be in each other’s face,” he said, “breathing each other’s air.” 
Reporting by Chris Kirkham, Reade Levinson and Nandita Bose; Additional reporting by Jessica DiNapoli, Mike Spector and Melissa Fares; Editing by Brian Thevenot"
9,"{'id': 'business-insider', 'name': 'Business Insider'}","feedback@businessinsider.com (Val Brickates Kennedy), Val Brickates Kennedy","3 surprising traits of how COVID-19 affects patients, according to experts","Photo by Ronny Hartmann / AFP via Getty COVID-19 is a cunning disease that has taken many medical experts by surprise. The COVID-19 virus acts differently than other viral pathogens, capable of jumping from one person to the next before a patient shows sympto…",https://www.businessinsider.com/3-surprising-traits-of-covid-19-according-to-experts-2020-3,https://i.insider.com/5e838e0a2d41c166f341ca32?width=1200&format=jpeg,2020-03-31T18:41:58Z,"COVID-19 is a respiratory illness first identified in humans in late 2019. Because it's so new, researchers are still learning about the virus's behavior as it rapidly spreads across the globe. 
In addition to its ease of transmission, the following three aspects of the disease have caught the attention of medical experts.
Patients can spread the virus for days before they show symptoms
The incubation period for COVID-19 can run from just two days to nearly two weeks.
""The problem with this virus is that it is able to be transmitted before symptoms manifest,"" said Dr. David Hamer, an infectious disease specialist at Boston Medical Center and a professor of global health at Boston University's School of Medicine and School of Public Health. ""Most viral pathogens aren't transmitted until symptoms are present."" 
Asymptomatic patients also make screening more difficult. Airport screenings for fever, for example, won't catch patients who aren't showing symptoms but are still contagious.
Medical experts also believe that there are a large number of people out there who have either had the bug and didn't know it, or have it now and are showing few or no symptoms.
Because of this, medical experts have been pushing social distancing as the most effective way to control the spread of the disease.
Patients lose their sense of smell
One odd aspect of the illness is that some patients lose their sense of smell while they're sick. While it's still unclear what percentage of patients experience this, the phenomenon may help identify asymptomatic or mildly ill patients.
Other respiratory infections, like the common cold, can also cause a loss of smell and taste, but it's a bit different for patients with COVID-19.
""Whenever you get a cold and have a stuffy nose, you can lose your sense of smell and have trouble tasting because of that,"" said Dr. Daniel Kuritzkes, an infectious disease specialist at Brigham &amp; Women's Hospital in Boston. ""What seems to be unique with COVID-19 is that the sense of smell is lost without much in the way of nasal congestion. We are now considering this a symptom of COVID-19 infection.""
Patients who seem to be recovering can suddenly crash
Doctors say another unusual aspect of COVID-19 is how patients who appear to be doing well can deteriorate within a few hours to the point where they're in respiratory distress.
""We've had a fair number of people progress to severe disease that had a period of improvement followed by a sharp decline,"" said Kuritzkes. He added this could be due to an immune response kicking in that negatively impacts the lungs.
Because of this, experts recommend that people who have been diagnosed with or suspect they have COVID-19 carefully monitor their symptoms.
""Worrisome symptoms would be persistent fever, severe cough and increasing difficulty breathing, initially with such activities as walking or climbing stairs but if severe, even at rest,"" said Hamer. He added patients should contact their physician if they notice such changes.
Dr. Gabriela Andujar Vazquez, an infectious disease physician at Tufts Medical Center in Boston, said patients should also watch for chest pain, and advised anyone experiencing chest pain or breathing difficulty to head to the emergency room.
""People need to really monitor themselves for the first week. After the first week, you'll either get better or worse,"" said Adnujar Vazquez.
Loading
Something is loading."
10,"{'id': 'business-insider', 'name': 'Business Insider'}","feedback@businessinsider.com (Helena Wasserman), Helena Wasserman","South Africa's lockdown is so strict, dog-walking, outdoor exercise, alcohol sales, and fast food delivery are all banned","Johnathan Petit / Flickr South Africa has been under strict lockdown since March 27, despite a small number of COVID-19 deaths. South Africans are not allowed outdoors for exercise, and the sale of alcohol, cigarettes, and clothing has been banned. With some …",https://www.businessinsider.com/restrictions-social-distancing-quarantine-government-coronavirus-covid-19-politician-2020-4,https://i.insider.com/5e971ec7d5873a5078534947?width=1200&format=jpeg,2020-04-15T18:50:43Z,"Before anyone had died of the novel coronavirus, South Africa had imposed one of the strictest lockdowns in the world.
The nationwide lockdown, which has been in effect since March 27, came as authorities moved fast amid concerns about the high percentage of the population with compromised immune systems, making them most vulnerable to COVID-19.
South Africa has among the highest prevalence of HIV and tuberculosis in the world, according to UN AIDS and TB Facts. 
So far, only 13 people have died from COVID-19 in the country of almost 60 million people — due in part to the stringent lockdown. 
Streets are deserted as movement outside of residences is restricted to grocery shopping and doctor visits.
Outdoor exercise and dog-walking have been forbidden. The sale of alcohol, cigarettes, clothing, homeware, and all other goods deemed non-essential is illegal. South Africa has even banned fast-food deliveries. 
Read more:Haunting drone footage shows how lockdown has turned one of South Africa's capital cities into an eerie ghost town
Many South Africans are now confined to their own homes and many have been stripped of their incomes.
South Africa's Communications Minister Stella Ndabeni-Abrahams, for instance, caused massive outrage after an Instagram photo of her having lunch at the home of a friend, a former official and colleague, circulated on social media, according to News 24.
Less than a day after the photo first surfaced, South Africa President Cyril Ramaphosa put the minister on two months' leave, one of which will be unpaid.
A nationwide lockdown was imposed before anyone had died of the novel coronavirus.
YouTube / News24
While the Ndabeni-Abrahams's former colleague said ""executing critical and essential services required for the effective functioning of our country during the nationwide lockdown,"" President Ramaphosa said he was ""unmoved"" by excuses for the outing. Her friend had earlier claimed she was picking up a donation of masks, gloves and hand sanitizer, according to the News 24 report.
Ramaphosa said the law must be allowed to take its course in determining whether she breached lockdown regulations.
He also demanded a public apology, which Ndabeni-Abrahams delivered shortly thereafter, asking South Africans to ""find it in your hearts to forgive me.""
However she's not the first public figure to have flouted new coronavirus-related rules.
According to the BBC, Scotland's chief medical officer, Caroline Calderwood, resigned after she visited her country home during lockdown — twice.
—Police Scotland (@policescotland) April 5, 2020
She was found to have flouted her own advice on coronavirus by traveling to her second home.
New Zealand's health minister, David Clark, was also demoted after being photographed going biking and taking his family to the beach.
While South Africa is rolling out mobile coronavirus test stations, testing has not been widespread so far.
There are concerns that, with the arrival of colder autumn temperatures in the Southern Hemisphere, it may be too early to lift restrictions. 
Read more:A Spanish policeman on call 24/7 to contain the coronavirus pandemic says he's 'still having to convince people it's not a joke'
The stringent measures have also brought unexpected benefits.  
Emergency rooms are unusually quiet while travel restrictions and a ban on alcohol sales have seen fewer car accidents and a sharp decline in crime.
In the first week of lockdown, only 94 murders were recorded in the country — from 326 in the same week in 2019. The number of rapes was down 86%. 
Still, the enormous damage to an economy which was already grappling with sky-high unemployment and a recession — even before the pandemic — may persuade Ramaphosa to ease restrictions."
11,"{'id': 'business-insider', 'name': 'Business Insider'}","feedback@businessinsider.com (Melanie Haiken), Melanie Haiken",COVID-19 is a 'one-two-three-punch' disease: Doctors describe how the coronavirus severely damages the lungs,"Reuters Most people who get sick with COVID-19 experience mild symptoms and will fully recover. However, certain patients are more prone to severe lung damage from the novel coronavirus. Doctors break down how the coronavirus can severely damage the lungs and…",https://www.businessinsider.com/how-the-coronavirus-damages-the-lungs-2020-3,https://i.insider.com/5e81ee892d41c115b35ee0a5?width=1200&format=jpeg,2020-03-30T13:09:37Z,"Last week, George Washington Hospital released a video that used Virtual Reality (VR) technology to show the lung damage suffered by a 59-year-old patient with severe COVID-19 symptoms. The video shows ""rapid and progressive damage to the lungs,"" said Dr. Keith Mortman, Chief of Thoracic Surgery at George Washington Hospital on the hospital's podcast.
While it's hard to predict who will get severe symptoms of COVID-19, ""some people, especially those who already had underlying lung issues, may end up with some kind of long-term damage,"" Mortman told Business Insider.
To understand how COVID-19 can severely damage the lungs, it helps to understand the way SARS CoV-2 enters the body, said Dr. Osita Onugha, MD, Chief of Thoracic Surgery at John Wayne Cancer Institute at Providence Saint John's Health Center in Santa Monica. ""The virus has a way of attaching to a specific receptor on lung cells called the ACE2 receptor,"" he said.  ""It's like the ACE2 receptors are the lock, and coronavirus SARS CoV-2 has a key that allows it into the lung tissue.""
As the virus takes hold in the lung cells, the body tries to fight it off. ""We're starting to think of the disease as a one-two-three punch,"" Mortman said. ""The first inciting event is the virus, and the second step is the way the body deals with the virus in the lungs, which is to create an inflammatory process to contain the virus, flooding the lungs with inflammatory cells.""
That combination of infection and inflammation is what causes the breathlessness that patients experience as the disease worsens. ""The shortness of breath can cause oxygen levels to drop, which can lead to the need for a ventilator and it can progress from there,"" Mortman said.
The third punch, which can happen in the most severe cases, is the release of cytokines in the bloodstream, which can damage vital organs. ""Most of these patients are really dying of systemic organ failure — the first effect is the strain on the heart, then the kidneys can start to fail, then the liver can fail,"" Mortman said. 
The reason that ventilators are proving so critical in COVID-19 treatment is that they assist with lung function, preventing the drop in oxygen levels that can damage vital organs. That said, being intubated and on a ventilator takes a significant toll on long-term health.
""If you're younger and healthier, you're likely to survive COVID-19, but you still may end up on a ventilator for some period of time, and when that happens, your muscles begin to atrophy,"" said Onugha. Just a few days on a ventilator can mean up to 6 months of recovery before you're back to where you were, he added.
Lung conditions like chronic bronchitis and COPD (chronic obstructive pulmonary disease) raise the risk of severe symptoms because the lungs are already weakened, said Mortman.
But inflammation also raises the risk of those with less severe conditions, such as asthma, according to the Centers for Disease Control (CDC). 
And while there's little data as of yet, allergies to dust, pollen, and other airborne particles can increase sensitivity, also providing possible pathways to inflammation, said Onugha. ""Anyone with asthma or allergies should try to keep their condition under control with medication.""
Smoking is another risk factor. The American Lung Association (ALA) on Friday released a warning to people who smoke and vape that they have an increased risk for developing more severe COVID-19 symptoms and should consider quitting. Other conditions, like asthma and allergies, may also exacerbate symptoms in patients with COVID-19. According to the ALA, both smoking and vaping have been linked to lung inflammation and lowered immune function.
""There is data to show that e-cigarettes and vaping cause very similar changes in lung cells to regular cigarettes,"" said Mortman.
Smoking marijuana should be included in the risk factors as well, according to the National Institute on Drug Abuse. Onugha echoed this and explained like this: ""If you think about the COVID-19 pandemic as a marathon, you're injuring the muscles you need in that race when you vape or smoke anything. If you already have inflammation present when the coronavirus goes into your lungs, you've started with a tank half empty.""
Loading
Something is loading."
12,"{'id': 'business-insider', 'name': 'Business Insider'}","feedback@businessinsider.com (Connor Perrett), Connor Perrett",One in 10 Americans know someone who died from the coronavirus,"AP Photo/John Minchillo One in 10 Americans surveyed said they knew someone who has died from COVID-19, the disease caused by the novel coronavirus. More than half of Americans surveyed said they didn't know anyone who had been diagnosed with COVID-19. Nearly…",https://www.businessinsider.com/1-in-10-americans-know-someone-who-died-from-covd19-2020-4,https://i.insider.com/5e94c2e28427e906aa425d47?width=1200&format=jpeg,2020-04-13T20:57:53Z,"One in 10 Americans said they knew someone who has died from COVID-19, the disease caused by the novel coronavirus, according to a new Insider poll.
Slightly more — 12% — of 1,107 Americans polled said they knew someone who had been hospitalized as a result of the novel coronavirus. Just 3% of those surveyed said someone ""very close"" to them had been hospitalized due to the virus.
While 29% of people surveyed said they knew someone who had been diagnosed with COVID-19, 56% said they didn't know anyone who had been diagnosed. More than 560,000 people have been diagnosed with the virus in the US, and at least 22,900 people have died, according to data from Johns Hopkins University.
The US has faced the most severe COVID-19 outbreak globally, with New York being the hardest-hit. Gov. Andrew Cuomo said on Monday that social distancing measures, mandated by his stay-at-home order, were helping to flatten the curve of the number of COVID-19 hospitalizations and the number of people on ventilators.
In the state, 671 people died from the virus on Easter Sunday, bringing the death toll in New York to 10,056, which Cuomo called ""terrible news — as terrible as it gets."" The state of New York announced 758 people had died from the virus the day prior.
""I believe the worst is over if we continue to be smart, and I believe we can start on the path to normalcy,"" he said at a press conference on Monday. ""Do not reverse the progress we have made in our zeal to reopen. That's our challenge going forward.""
Drone video has captured workers digging giant trenches for mass graves at Hart Island, which houses a New York City public cemetery, as city morgues run out of room and the ""deathcare"" system is overwhelmed.
President Donald Trump has repeatedly expressed a desire to reopen the US economy as soon as possible. In a tweet Monday, Trump said it was his decision — and not that of state governors — of when to do so, which is incorrect.
Governors on both coasts announced coalitions on Monday that will regionally coordinate ways to reopen the economy and expand who counts as essential workers once the coronavirus outbreak becomes manageable.
SurveyMonkey Audience polls from a national sample balanced by census data of age and gender. Respondents are incentivized to complete surveys through charitable contributions. Generally speaking, digital polling tends to skew toward people with access to the internet. SurveyMonkey Audience doesn't try to weigh its sample based on race or income. A total of 1,107 respondents were collected on April 10-11 with a margin of error plus or minus 3 percentage points and a 95% confidence level.
Loading
Something is loading."
13,"{'id': 'business-insider', 'name': 'Business Insider'}","awoodward@businessinsider.com (Aylin Woodward), Aylin Woodward","How coronavirus symptoms compare to those of flu, allergies, and the common cold","REUTERS/Henry Nicholls The flu, common cold, allergies, and COVID-19 — the disease associated with the new coronavirus — have similar symptoms. Overlapping symptoms include sore throat, fatigue, and a dry cough. That can make it challenging for doctors to dia…",https://www.businessinsider.com/coronavirus-symptoms-compared-to-flu-common-cold-and-allergies-2020-3,https://i.insider.com/5e6a58fee4f9fe5dad7d0932?width=1200&format=jpeg,2020-03-12T19:16:00Z,"The symptoms of COVID-19 — the disease caused by the new coronavirus — overlap with those associated with commons colds, allergies, and the flu. That can make it tricky to diagnose without a test.
Even President Donald Trump to ask pharmaceutical executives earlier in the outbreak if the flu vaccine could be used to stop the coronavirus. (The answer is no, but it's still good to get a flu shot to lower the chances that you get the flu and take up crucial healthcare resources.)
The coronavirus primarily affects patients' lungs. It commonly causes a fever, dry coughing, and shortness of breath. Here are all the symptoms associated with COVID-19 and how they compare to symptoms of common colds, allergies, and the flu.
Shayanne Gal/Business Insider
COVID-19 can be most easily distinguished from from colds, allergies, and the flu based on a trifecta of symptoms: fever, dry cough, and shortness of breath. That last symptom is not associated with colds or flu, though it is with allergies. 
If you're sneezing and have a runny nose, it's unlikely that you have COVID-19. The flu is also more likely to come with aches and pains than COVID-19. 
A man coughs into his elbow.
Jojo Photos/Shutterstock
Diarrhea is a rare symptom of the coronavirus, but gastrointestinal symptoms like nausea and diarrhea could be early clues of infection, according to a growing body of preliminary research. It also is a symptom mostly unique to COVID-19, with the exception of some children with flu.
Still, the overlaps between COVID-19 and other common conditions are in part why widespread testing is necessary. Some countries, like China and South Korea, have tested hundreds of thousands of people. But according to the COVID Tracking Project — a test-tracking resource from two journalists at the Atlantic and the founder of a medical data startup — only about 8,000 tests have been run in the US. They note, however, that those figures may be incomplete due to different state policies on reporting negative tests.
Read More:
The new coronavirus lives on surfaces for 3 hours to 3 days, new research says. Here's how to disinfect them properly.
The coronavirus' average incubation period is 5 days, a study shows — but in 1% of cases, it may last longer than the standard 2-week quarantine
What to know about the coronavirus outbreak in 9 charts and maps
One chart shows 11 countries' current coronavirus death rates, based on the known number of cases and deaths"
14,"{'id': 'engadget', 'name': 'Engadget'}",Kris Holt,Overwatch League tries to galvanize interest with a May Madness tournament,"The Overwatch League will switch to a tournament format for May with prize money and season playoff seeding implications at stake. The seven Asia-based teams (the Chinese and Korean teams, along with the all-Korean London Spitfire and New York Excelsior squad…",https://www.engadget.com/overwatch-league-tournament-format-151645121.html,https://o.aolcdn.com/images/dims?resize=1200%2C630&crop=1200%2C630%2C0%2C0&quality=80&image_uri=https%3A%2F%2Fs.yimg.com%2Fos%2Fcreatr-images%2F2020-04%2F1538e910-8894-11ea-b9ff-f592ebb5a088&client=amp-blogside-v2&signature=d043e7c8a8d2b9bfe6fcff18d48d4564a16ea329,2020-04-27T15:16:45Z,"So far in 2020, teams have been playing for their season records. Games over the first three weekends of May will still count towards overall win-loss records. Actual tournament matches won’t, but the top four squads in each region will earn bonus wins towards playoff qualification.
The league is also suspending hero pools for the tournament weekend, so players will have access to all 32 characters. Matches will stick to the standard first-to-three-maps format, save for the finals, which will be first to four.
With the move to a homestand format this year, in which teams were to play all matches at live events in their home cities, the Overwatch League ditched the format of previous years, which had three sets of mid-season playoffs with prize money and stage titles on the line. But after just a few weeks of homestands, the COVID-19 outbreak prompted the league to switch to online-only play for the rest of the season and drop plans for a $1.05 million mid-season tournament.
The May tournament might revive interest among lapsed viewers, as it brings back week-to-week stakes. Viewership this season hasn’t quite been hitting the heights of 2018 and 2019 after the Overwatch League moved from Twitch to YouTube. Concurrent viewers for a match on Sunday were around 22,000 at one point. Viewership was usually at least in the high five figures in 2018 and 2019.
""Our plan tentatively is to try to do more of this as we look at June and July,” Overwatch League vice president Jon Spector said during a league broadcast on Sunday. “I think we could land on a pretty similar structure, then we start to head into the end-of-season playoffs and finals. We do want to do more of this, but we will also be monitoring feedback and making sure it's as awesome and fun as we think it is before we set a plan further out."""
15,"{'id': 'reuters', 'name': 'Reuters'}",Martyn Herman,UAE coronavirus scare confines Danish champion Morkov to Berlin hotel,"Danish rider Michael Morkov faces an anxious wait alone in a Berlin hotel room to learn if he can compete in the world track championships, after being caught up in fallout from a coronavirus scare in the Gulf.",https://www.reuters.com/article/us-china-health-cycling-idUSKCN20M28T,https://s2.reutersmedia.net/resources/r/?m=02&d=20200228&t=2&i=1496539683&w=1200&r=LYNXNPEG1R1G4,2020-02-28T15:08:57Z,"BERLIN (Reuters) - Danish rider Michael Morkov faces an anxious wait alone in a Berlin hotel room to learn if he can compete in the world track championships, after being caught up in fallout from a coronavirus scare in the Gulf. 
National champion Morkov, 34, left the UAE Tour on Wednesday and arrived in Berlin on Thursday to begin training for Sunday’s madison event in the Berlin velodrome. 
But the Tour was canceled on Thursday after two staff members of one of the participating teams were suspected of contracting the coronavirus. 
The entire UAE peloton, including four-time Tour de France winner Chris Froome, plus staff and officials, were in lockdown in their Abu Dhabi hotel - and Morkov meanwhile was also confined to his hotel room in Berlin where he will undergo tests. 
Denmark team spokesman Morten Anderson said Morkov was training alone in his room on rollers. 
“He is in good spirits and doing fine, but he’s tired of this situation that he has to be in the hotel,” Anderson told reporters. 
“It’s voluntary and we’ve told him not to leave. He would like to go to the track to train but now we are waiting for the UCI and German medical authorities to tell us his status. 
“Hopefully we’ll get the answer in a couple of hours.” 
Anderson confirmed that Morkov was in the velodrome celebrating with the Danish team pursuit champions on Thursday. 
The situation regarding the cancellation of the UAE Tour remained confused on Friday. The previous night, Froome and other riders took to Twitter to say they were confined to their hotel rooms, organizers said two Italian staff members of a team had been tested positive for novel coronavirus, known as COVID-19. 
But cycling’s governing body the UCI said on Friday that the cases were only suspected ones. 
“The UCI confirms that the two final stages of the UAE Tour (23-29 February), which were to be raced Friday and Saturday, were canceled late yesterday,” the UCI said in a statement. 
“...While waiting for the results of tests and their communication, (authorities)... took the decision to interrupt this event in the interests of the health of riders and their staff, and to avoid the virus spreading.” 
Riders who were in the UAE Tour also face an anxious wait to find out the results of their tests. 
“Depending on the results obtained, these individuals will either be able to leave the country or, if contamination is confirmed, will be placed in quarantine,” the UCI said. 
It was “doing everything within its power to ensure the health of riders and people concerned.” 
The rapid rise in coronavirus raised fears of a pandemic on Friday, with six countries reporting their first cases, and the World Health Organization warning it could spread worldwide. 
Reporting by Martyn Herman; editing by John Stonestreet"
16,"{'id': 'mashable', 'name': 'Mashable'}",Rachel Thompson,Everything you need to know about contact lenses during the coronavirus pandemic,"Unlearning the habit of constantly touching your face is something we're all trying to get to grips with during the new coronavirus pandemic (COVID-19). But, if you wear contact lenses, touching your eyes isn't just a habit, it's necessary. Many of us contact…",https://mashable.com/article/contact-lenses-coronavirus/,https://mondrian.mashable.com/2020%252F04%252F14%252F10%252Fff25a16f83b04be08c0a7ee754911f59.add02.jpg%252F1200x630.jpg?signature=IX369RcFaNRtxkKDHUT6eAY4sko=,2020-04-14T16:09:40Z,"Unlearning the habit of constantly touching your face is something we're all trying to get to grips with during the new coronavirus pandemic (COVID-19). 
But, if you wear contact lenses, touching your eyes isn't just a habit, it's necessary. Many of us contact lens and glasses wearers have some burning questions about keeping ourselves safe during the pandemic. But there's also quite a lot of myths and misinformation out there on this topic. 
So, what should you do? A new peer-reviewed report by five prominent ocular scientists answers some of the most pressing concerns and questions you might have about eye care. Those experts include Lyndon Jones and Karen Walsh from the University of Waterloo in Canada, Mark Willcox from the School of Optometry and Vision Science, UNSW, Sydney, and Jason Nichols from the University of Alabama, U.S., and Philip Morgan from the University of Manchester, UK.
The paper, published in Contact Lens &amp; Anterior Eye, aims to reassure contact lens wearers with facts and advice during the COVID-19 pandemic. Should you stop wearing contact lenses completely? If you become unwell, can you carry on wearing contacts? Do your glasses offer you any protection? Here's what the experts recommend.
Wearing contacts does not make you more vulnerable
Good news for contact lens wearers, you can carry on wearing your lenses as usual. According to the paper, there is ""no evidence that contact lens wearers are more likely to contract COVID-19 than spectacle wearers.""
The report does caveat that the lack of evidence could be due to the newness of COVID-19. ""It could be argued that COVID-19 is so new that such data would not yet exist. However, the lack of evidence from previous outbreaks of coronavirus disease, including SARS, suggests that the risk of developing COVID-19 from contact lens wear is low,"" it reads.
SEE ALSO: Worried about coronavirus? Stop touching your face.
The U.S. Centers for Disease Control and Prevention (CDC) echoes this statement on its website, stating that lens wearers should ""continue to practice safe contact lens wear and care hygiene habits.""
If you are sick, stop using contacts
If you do develop COVID-19 symptoms, the paper recommends you stop wearing contact lenses. 
""If a patient were to develop COVID-19 any contact lenses that were being worn at that time should be immediately disposed of as should any remaining disinfecting solutions and contact lens cases that the patient possess, the patient must revert to spectacle lens wear and when fully recovered should recommence wear with a new pair of lenses,"" reads the study. 
Spectacles are not PPE 
If you were thinking your glasses might be doubling up as personal protective equipment (PPE), think again. According to the report, regular eyeglasses or spectacles do not protect you against COVID-19.
Maintain good hygiene habits
The paper also recommends thorough hand-washing and drying, as well as taking good care of your contact lenses, and maintaining good lens case hygiene. 
UK optician Specsavers has a list of useful hygiene tips for inserting lenses during the pandemic. ""We already advise that you replace your case every month and wed suggest you continue to do this. Remember, each morning you should empty your case of the old solution; rinse your case with fresh solution and then air-dry it upside down on a clean tissue,"" writes Specsavers' clinical services director, Giles Edmonds, in the post. 
SEE ALSO: 7 ways to help quell coronavirus-related anxiety
The post also notes that using hand sanitiser before inserting your lenses could result in some discomfort. ""If you pass alcohol from your hands to your eyes via your lenses, you could end up with discomfort as it could affect your eyes,"" Edmonds writes. ""My advice would be to stick with the soap and water option making sure your hands are thoroughly clean.""
In line with guidance from the World Health Organization (WHO) and the CDC, keep unwashed hands away from your face and avoid touching your nose, mouth, eyes with unclean hands."
17,"{'id': 'reuters', 'name': 'Reuters'}",Waruna Karunatilake,Sri Lanka to impose national curfew as South Asia accelerates coronavirus battle,"Mosques in Sri Lanka were shut indefinitely from Friday, and the island is set to impose a countrywide curfew over the weekend, as South Asian countries step up efforts to check the spread of COVID-19 cases.",https://www.reuters.com/article/us-helath-coronavirus-southasia-idUSKBN217117,https://s3.reutersmedia.net/resources/r/?m=02&d=20200320&t=2&i=1505784040&w=1200&r=LYNXMPEG2J0N5,2020-03-20T09:26:27Z,"COLOMBO/LUCKNOW (Reuters) - Mosques in Sri Lanka were shut indefinitely from Friday, and the island is set to impose a countrywide curfew over the weekend, as South Asian countries step up efforts to check the spread of COVID-19 cases. 
The densely populated region of some 1.9 billion people has been less badly affected than other parts of the world, but new coronavirus cases in Pakistan, India and Sri Lanka are all accelerating, with the total across South Asia now exceeding 750. Seven people have died. 
Authorities worry that these countries could be especially at risk, should the virus begin to spread locally, due to poor health facilities and infrastructure in much of the region. The virus has already infected more than 245,000 people worldwide, and led to over 10,000 deaths. 
A police curfew is set to be imposed nationwide in Sri Lanka from 6 p.m. local time on Friday until 6 a.m. on Monday, as authorities on the island moved to slow the spread of the virus, which has infected 65 people there. 
The religious body that oversees mosques in the nation directed all of them to shut indefinitely. About 10% of the country’s 22 million people are Muslims. 
Meanwhile, mosques elsewhere in the region screened people for high temperatures using thermometers and urged their faithful to practice greater social distancing during Friday prayers. 
MODI’S APPEAL 
In an address to his nation late on Thursday, Indian Prime Minister Narendra Modi appealed to citizens to stay home and avoid panic-buying, as India outlined plans to halt all international flights in an effort to stem the number of cases in India, which passed 200 on Friday. 
Following Modi’s appeal, a senior district official in the town of Ayodhya in India’s northern state of Uttar Pradesh, said he expected the state government to call off the Ram Navami Mela, a major Hindu religious gathering in the temple town. 
“We’re expecting an official order in a couple of days and it will be in line with what our prime minister said yesterday in his address,” said the senior official. 
The annual Ram Navami fair in Ayodhya brings millions of Hindus to the holy city. This year authorities were expecting a surge in numbers, as the foundation-laying ceremony of the grand Ram Temple, was also expected to take place. 
Sharad Sharma, the spokesman for the Vishwa Hindu Parishad, a Hindu nationalist organisation, said it had asked its cadre not to hold any procession on Ram Navami. 
“We’re also requesting people ... pray and celebrate Ram Navami in their homes, in community temples and  not to gather in large numbers at any place. We will follow the appeal of our prime minister,” he said. 
Writing by Euan Rocha; Editing by Pravin Char"
18,"{'id': 'reuters', 'name': 'Reuters'}",Reuters Editorial,UK government functioning efficiently without PM Johnson: health minister,"The British government is functioning efficiently in the absence of Prime Minister Boris Johnson who is recovering in hospital from COVID-19, health minister Matt Hancock said on Friday.",https://www.reuters.com/article/us-health-coronavirus-britain-hancock-idUSKCN21S1V9,https://s1.reutersmedia.net/resources/r/?m=02&d=20200410&t=2&i=1514702071&w=1200&r=LYNXNPEG39160,2020-04-10T17:38:23Z,"LONDON (Reuters) - The British government is functioning efficiently in the absence of Prime Minister Boris Johnson who is recovering in hospital from COVID-19, health minister Matt Hancock said on Friday. 
Hancock said Johnson’s appointed stand-in, foreign minister Dominic Raab, was doing an “excellent job”, adding that the government did not have the information yet to make a decision on whether to lift a lockdown imposed to curb the spread of the coronavirus. 
Reporting by Michael Holden, editing by Andy Bruce"
19,"{'id': 'reuters', 'name': 'Reuters'}",Reuters Editorial,U.S. says it is tracking ship that may have shared crew with coronavirus-hit cruise liner,"The United States is tracking a cruise ship that may have shared crew members with a ship carrying people who tested positive for COVID-19, Vice President Mike Pence said on Saturday.",https://www.reuters.com/article/us-health-coronavirus-pence-idUSKBN20U0Z2,https://s3.reutersmedia.net/resources/r/?m=02&d=20200307&t=2&i=1500147342&w=1200&r=LYNXMPEG260RN,2020-03-07T22:17:50Z,"WASHINGTON (Reuters) - The United States is tracking a cruise ship that may have shared crew members with a ship carrying people who tested positive for COVID-19, Vice President Mike Pence said on Saturday. 
“We are tracking at this point a ship that may have shared crew with the Diamond Princess or the Grand Princess and we’ve taken decisive action to hold until we do a full medical assessment of the crew on that ship,” Pence said after a meeting with cruise line industry officials. 
He did not identify the ship being tracked. 
Reporting by Diane Bartz; Editing by Daniel Wallis"
