,source,author,title,description,url,urlToImage,publishedAt,content
0,"{'id': 'reuters', 'name': 'Reuters'}",Reuters Editorial,Australia steps up lockdown to combat coronavirus spread,"Australia's prime minister canceled plans to go to a rugby game on Saturday after a senior minister was diagnosed with COVID-19, while the nation's treasurer called a second crisis meeting over the rapidly growing economic threat from the coronavirus.",https://www.reuters.com/article/us-health-coronavirus-australia-idUSKBN211020,https://s4.reutersmedia.net/resources_v2/images/rcom-default.png,2020-03-14T01:24:47Z,"MELBOURNE (Reuters) - Australia’s prime minister canceled plans to go to a rugby game on Saturday after a senior minister was diagnosed with COVID-19, while the nation’s treasurer called a second crisis meeting over the rapidly growing economic threat from the coronavirus. 
Treasurer Josh Frydenberg was set to hold a phone hook-up with Reserve Bank of Australia officials and financial regulators on Saturday, his spokeswoman said, without elaborating on what would be discussed. 
It will be the second crisis meeting involving the central bank, the country’s prudential regulator and markets watchdog and follows the government’s A$17.6 billion ($10.9 billion) stimulus plan this week to prevent the coronavirus outbreak triggering a recession. 
Australia has 197 confirmed cases of COVID-19, including three deaths. 
Prime Minister Scott Morrison on Friday called for an end from Monday to all non-essential gatherings of more than 500 people, including sporting and cultural events, and urged people to reconsider overseas trips. 
While the request did not apply to businesses and public transport, some companies have asked staff to work from home. 
In the biggest such move, Australia’s top telecommunications company, Telstra Corp Ltd (TLS.AX), on Friday ordered around 20,000 staff, 70% of its workforce, to work from home starting on Monday until at least the end of March, a spokesman said. 
Ahead of the ban on big gatherings, the Australian Formula One Grand Prix, scheduled for this weekend, was canceled. A concert by UK pop start Robbie Williams that was to take place at the race track on Saturday was also called off, organizers World Tour said. 
“Gutted I’m not able to perform tomorrow in Melbourne,” Williams said on Friday on Twitter. 
Morrison had planned to attend a rugby game on Saturday but decided late on Friday not to go after Home Affairs Minister Peter Dutton was diagnosed with COVID-19. They had attended a cabinet meeting together on Tuesday. 
The prime minister said he had received medical advice that only people who had been in contact with Dutton over the previous 24 hours needed to self-isolate. 
Australia’s Chief Medical Officer Brendan Murphy said on Saturday that it was “extremely unlikely” anyone who was at Tuesday’s cabinet meeting would have contracted the infection from Dutton. 
However, U.S. President Donald Trump’s daughter Ivanka and U.S. Attorney General William Barr, who met Dutton in Washington on March 6, decided to work from home on Friday. 
New Zealand minister Tracey Martin, who also attended the meeting in Washington, is self-isolating while awaiting results from a coronavirus test, New Zealand media reported on Saturday. 
Reporting by Sonali Paul; Editing by Daniel Wallis"
1,"{'id': 'reuters', 'name': 'Reuters'}",Reuters Editorial,ECB urges measures worth 1.5 trillion euros this year to tackle virus crisis: sources,"The European Central Bank told euro zone finance ministers that the bloc may need fiscal measures worth up to 1.5 trillion euros ($1.6 trillion) this year to tackle the economic crisis caused by the COVID-19 epidemic, officials told Reuters.",https://www.reuters.com/article/us-health-coronavirus-eurozone-idUSKBN21Q0UB,https://s1.reutersmedia.net/resources/r/?m=02&d=20200408&t=2&i=1513935481&w=1200&r=LYNXMPEG370PA,2020-04-08T08:55:34Z,"BRUSSELS (Reuters) - The European Central Bank told euro zone finance ministers that the bloc may need fiscal measures worth up to 1.5 trillion euros ($1.6 trillion) this year to tackle the economic crisis caused by the COVID-19 epidemic, officials told Reuters. 
An ECB spokesman declined to comment. 
In a videoconference meeting, the EU Commission estimated that the bloc’s economy could shrink by 10% this year, officials said. But ministers remained divided on how to boost the economy and failed to agree on a common text. 
In the conference, which ended on Wednesday without a deal after 16 hours of talks, Germany, the Netherlands and other northern European countries were ready to support EU measures worth 500 billion euros, officials who participated in the meeting said. 
The EU support would back up national measures, but the overall fiscal effort may not be enough to meet total financing needs, the officials said. 
In the meeting France, Italy and Spain said the European effort to tackle the crisis should be well above 1 trillion euros this year, officials said, in line with the ECB estimate of financing needs of 1 to 1.5 trillion. 
While the participants narrowed the gap in views during their lengthy talks, a deal could not be reached mostly due to resistance from the Netherlands and Italy, officials said. 
Italy wanted a more ambitious agreement with clearer references to future common debt issuance, while the Netherlands pushed for conditions to any EU credit line to countries in need. 
Reporting by Francesco Guarascio; Editing by Giles Elgood and Hugh Lawson"
2,"{'id': 'reuters', 'name': 'Reuters'}",Andy Bruce,"UK PM Johnson leaves intensive care, remains under observation","Prime Minister Boris Johnson left intensive care on Thursday evening as he continues to recover from COVID-19, but he remains under close observation in hospital, his office said on Thursday.",https://www.reuters.com/article/us-health-coronavirus-britain-johnson-idUSKCN21R34I,https://s3.reutersmedia.net/resources/r/?m=02&d=20200409&t=2&i=1514594804&w=1200&r=LYNXNPEG38256,2020-04-09T19:49:15Z,"LONDON (Reuters) - Prime Minister Boris Johnson left intensive care on Thursday evening as he continues to recover from COVID-19, but he remains under close observation in hospital, his office said on Thursday. 
Johnson, 55, was admitted to St Thomas’ Hospital on Sunday evening with a persistent high temperature and cough, and was rushed to intensive care on Monday where he spent three nights receiving treatment. 
“The prime minister has been moved this evening from intensive care back to the ward, where he will receive close monitoring during the early phase of his recovery,” a spokesman from his office said in an emailed statement. 
“He is in extremely good spirits.” 
Johnson was the first world leader to be hospitalised with the coronavirus, forcing him to hand control of the world’s fifth-largest economy to foreign minister Dominic Raab just as Britain’s outbreak approaches its most deadly peak. 
Raab tweeted that the improvement in Johnson’s condition was “the news we all wanted to hear”. U.S. President Donald Trump described it as “great news”. 
Johnson's ongoing recovery prompted a small rise in the value of sterling against the dollar GBP=. 
However, the government statement did not give any details on when Johnson may be able to resume leadership, and Raab - speaking before the latest announcement - had stressed the importance of allowing the prime minister to focus on recovery. 
No further updates on Johnson’s health were expected on Thursday. 
Raab is deputising for Johnson during the most stringent shutdown in Britain’s peacetime history. 
Earlier he told a news conference it was too early to end the lockdown because Britain had not reached the peak of the outbreak yet. 
The UK death toll in hospitals from coronavirus now stands at 7,978, a rise of 881 on the day but a smaller increase than the 938 seen in Wednesday’s data. 
GOVERNMENT SPENDING 
With Johnson absent and the death toll still mounting, the British government is wrestling with two major issues - how to finance a vast increase in state spending to support the shuttered economy, and when to start easing lockdown measures. 
With the economy facing potentially the worst hit since World War Two, the government said it had expanded its overdraft facility with the Bank of England. 
The central bank has agreed temporarily to finance government borrowing in response to COVID-19 if funds cannot immediately be raised from debt markets, reviving a measure last widely used during the 2008 financial crisis. 
The BoE said it was a short-term measure and both it and government said any borrowing from the Ways and Means facility - effectively the government’s overdraft with the Bank - would be repaid by the end of the year. 
The government has made pledges costing tens of billions of pounds to support businesses and workers hit by the virus. On Thursday, the government said an additional 1.2 million claims for welfare payments had been filed since March 16. 
Raab said the peak of the virus outbreak had yet to be reached and that the government would not be able to say more about the duration of the lockdown until late next week, once experts have had chance to analyse data on how well it is working. It was introduced last month. 
“The measures will have to stay in place until we’ve got the evidence that clearly shows we’ve moved beyond the peak,” he said. 
While Johnson’s condition was improving, the likely length of his recovery remained unknown, with some political commentators saying there was a power vacuum in his absence. 
Raab said on Thursday he had the power to make “necessary decisions” in the prime minister’s absence and that government will continue to follow the strategy set out by Johnson. He said cabinet could take decisions collectively. 
The United Kingdom is entering what scientists say is the deadliest phase of the outbreak, with deaths expected to continue to rise over the Easter weekend. 
But in a sign the shutdown measures were working, health officials have said the number of coronavirus infections and hospital admissions had begun to show signs of flattening. 
Police said they would be taking tougher action to do just that before the four-day Easter holiday weekend because many people were continuing to ignore the ban on social gatherings. 
Additional reporting by Kate Holton; Writing by Michael Holden and Guy Faulconbridge; Editing by Angus MacSwan and Stephen Addison"
3,"{'id': 'reuters', 'name': 'Reuters'}",Kate Kelland,"Gates ups pandemic funds to $250 million, says Trump WHO move makes 'no sense'","Pulling funding from the World Health Organization (WHO) is a dangerous and nonsensical move when the world is facing the health crisis brought by the COVID-19 disease pandemic, Melinda Gates said on Wednesday.",https://www.reuters.com/article/us-health-coronavirus-gates-idUSKCN21X3FK,https://s1.reutersmedia.net/resources/r/?m=02&d=20200415&t=2&i=1515249582&w=1200&r=LYNXNPEG3E2G0,2020-04-15T22:43:36Z,"LONDON (Reuters) - Pulling funding from the World Health Organization (WHO) is a dangerous and nonsensical move when the world is facing the health crisis brought by the COVID-19 disease pandemic, Melinda Gates said on Wednesday. 
Announcing an extra $150 million of funding from The Bill &amp; Melinda Gates Foundation to help speed the development of treatments, vaccines and public health measures to tackle the new coronavirus outbreak, Melinda Gates said the WHO was “exactly the organization that can deal with this pandemic”. 
“De-funding the WHO makes absolutely no sense during a pandemic. We need a global coordinated response,” Gates, who co-chairs the foundation with the billionaire Microsoft co-founder Bill Gates, said in a telephone interview. 
“When you’re in a crisis like this, it’s all hands on deck.” 
President Donald Trump announced on Tuesday a halt in U.S. funding to the WHO, saying it had “failed in its basic duty” in allowing the pandemic to take hold. 
The Gates Foundation is the second largest donor to the WHO behind the United States. Melinda Gates said earlier that cutting WHO funding in a health crisis was “as dangerous as it sounds”. 
The WHO’s Director General Tedros Adhanom Ghebreyesus said on Wednesday he regretted Trump’s decision. He said the organization was still assessing the impact and would “try to fill any gaps with partners”. 
The philanthropic Gates Foundation’s new $150 million commitment brings its COVID-19 funding for the international response to date to $250 million, but Gates said any gap left in the WHO’s funding would be very hard for others to fill. 
Alongside support for new diagnostics, drugs and vaccines, the Gates money is primarily aimed at helping poorer countries and vulnerable populations handle the oncoming and spreading pandemic and the poverty it will cause. 
“We really as a global community need to address what is now just beginning in African and South Asian countries. We see a huge need, and that’s why we have more than doubled our commitment,” she said. 
Praising what she described as “heroic work” by local leaders and healthcare workers in poorer countries seeking to protect vulnerable communities and slow the spread of COVID-19, Melinda Gates said the world’s response to the pandemic “will not be effective unless it is also equitable”. 
“Whenever a health crisis hits like this, it’s the people on the margins that it hits the very most,” she said. “They’re the ones we need to help to ensure things like cash transfer payments are made and they have access to primary healthcare.” 
There are currently no effective vaccines, drugs or other immune system treatments approved to treat COVID-19, the disease caused by the new coronavirus. 
The $150 million of extra funding adds to an initial $100 million from the Gates Foundation designed to kick-start scientific and public health projects. 
Gates said the Foundation is backing eight projects seeking potential solutions for COVID-19 vaccine development and has co-funded enhanced virus detection capacity in Africa as well as contributing to the response in China. 
Reporting by Kate Kelland, editing by Mark Potter"
4,"{'id': 'reuters', 'name': 'Reuters'}",Reuters Editorial,Schools ordered to close in three Seattle-area counties,Washington state Governor Jay Inslee on Thursday ordered schools to close in three Seattle-area counties to slow the spread of the COVID-19 virus in a state battling the nation's deadliest outbreak.,https://www.reuters.com/article/us-health-coronavirus-usa-washington-idUSKBN20Z3OL,https://s4.reutersmedia.net/resources_v2/images/rcom-default.png,2020-03-12T21:47:24Z,"(Reuters) - Washington state Governor Jay Inslee on Thursday ordered schools to close in three Seattle-area counties to slow the spread of the COVID-19 virus in a state battling the nation’s deadliest outbreak. 
The closure affects King, Pierce and Snohomish counties and all schools in the state may be ordered to close on Friday, Inslee told a news conference. 
Asked by a reporter about President Donald Trump’s comments that he was considering travel restrictions to Washington, Inslee said he had not been consulted by the Trump administration about such a move and hoped it would not happen. 
Reporting by Andrew Hay; Editing by Dan Grebler"
5,"{'id': 'reuters', 'name': 'Reuters'}",Reuters Editorial,Key EU states agree coronavirus economic rescue -text of draft deal,"European Union countries on Thursday evening agreed the emergency credit lines from the euro zone's bailout fund ""will be available until COVID-19 crisis is over"", a draft of their deal read.",https://www.reuters.com/article/us-health-coronavirus-eu-economy-text-idUSKCN21R3E0,https://s4.reutersmedia.net/resources_v2/images/rcom-default.png,2020-04-09T20:57:21Z,"BRUSSELS (Reuters) - European Union countries on Thursday evening agreed the emergency credit lines from the euro zone’s bailout fund “will be available until COVID-19 crisis is over”, a draft of their deal read. 
Afterwards, euro countries should remain committed to strengthening economic and financial fundamentals, said the text, which no longer meant accessing the special credit lines would require meeting certain macroeconomic criteria. 
The deal on EU coronavirus economic rescue - agreed by the bloc’s finance ministers - also deferred to national leaders whether “innovative financial instruments” should be used to finance recovery. 
That phrase “innovative financial instruments” is used by advocates of debt mutualisation to move away from the divisive notion of “coronabonds” while putting down in writing effectively the same idea. 
Reporting by Gabriela Baczynska; Editing by Chris Reese"
6,"{'id': 'reuters', 'name': 'Reuters'}",Gabriella Borter,"Empty churches, food drive mark start of Easter weekend in coronavirus-hit U.S.","Political leaders and health experts urged Americans celebrating Good Friday and the Easter weekend under threat of the coronavirus to avoid church gatherings and observe the holidays at home as the U.S. death toll from COVID-19 surpassed 18,600.",https://www.reuters.com/article/us-health-coronavirus-usa-easter-idUSKCN21T0W3,https://s4.reutersmedia.net/resources/r/?m=02&d=20200411&t=2&i=1514777042&w=1200&r=LYNXNPEG3A0IY,2020-04-11T22:42:52Z,"NEW YORK (Reuters) - Political leaders and health experts urged Americans celebrating Good Friday and the Easter weekend under threat of the coronavirus to avoid church gatherings and observe the holidays at home as the U.S. death toll from COVID-19 surpassed 18,600. 
Dr. Anthony Fauci, the government’s top infectious disease expert, and other health officials pointed to declining rates of coronavirus hospitalizations and admissions to intensive care units - particularly in hard-hit New York state - as signs that social distancing measures are paying off. 
“Now is no time to back off,” Fauci told CNN on Friday. “The virus will decide” when the country can begin to reopen from state-at-home orders imposed in recent weeks across 42 states, he added. 
Those measures have taken a staggering toll on American commerce, with some economists forecasting job losses of up to 20 million by month’s end, raising questions about how long business closures and travel restrictions can be sustained. 
The Trump administration renewed talk of quickly reopening the economy after an influential university research model this week lowered its U.S. mortality forecasts to 60,000 deaths by Aug. 4, from at least 100,000, assuming that social-distancing measures remain in place. 
The New York Times cited separate forecasts from the U.S. departments of Homeland Security and Health and Human Services projecting the death toll could reach 200,000 if stay-at-home orders are lifted after 30 days. 
The United States by far accounts for most of the world’s confirmed cases of COVID-19, the highly contagious lung ailment caused by the novel coronavirus, with at least 500,000 known infections and more than 18,600 deaths. Only Italy has recorded more fatalities. 
Prisons and jails, along with nursing homes and other institutions with large populations confined in close quarters, have proven especially vulnerable to outbreaks, with hundreds of infections and several deaths reported among inmates in Illinois, New York and Louisiana. 
On Friday, officials said 68 residents and two staff members at a San Francisco homeless shelter had tested positive, marking one of the largest known clusters of coronavirus infections yet in such a facility anywhere in the country. 
The outbreak there seemed at odds with promising data presented by California Governor Gavin Newsom showing that social distancing has worked so far to flatten the arc of infections in his state. 
New York state, the U.S. epicenter of the pandemic with some 7,800 deaths to date, likewise has seen glimmers of hope this week. 
After three days of record daily deaths, New York state’s COVID-19 toll from April 9 stood at 777, down from 799 deaths a day earlier, Governor Andrew Cuomo reported on Friday. But New York’s ICU admissions declined “for the first time since we started this journey,” he said. 
In Michigan, more than 200 people died from COVID-19 in the last day. “We are not out of the woods yet,” Governor Gretchen Whitmer said. 
GOOD FRIDAY AT A DISTANCE 
At his daily White House briefing, President Donald Trump said he was receiving fewer calls from governors urgently seeking equipment and help. 
Meanwhile, with more than 90% of the country under stay-at-home orders, the holiest weekend on the Christian calendar began with services livestreamed or broadcast to congregants watching from home. Many churches sat empty on Good Friday, when they would typically be overflowing with worshipers. 
“We gather normally at Easter to worship. We gather for children’s Easter egg hunts, for family meals, with friends. We can’t do any of that this year,” said New Jersey Governor Phil Murphy lamented to reporters. 
“I’m really missing the community aspect of being with everyone,” said Rebecca Swindle, a 26-year-old mother of two in central Florida whose church began holding virtual services five weeks ago to help curb coronavirus transmission. 
Swindle said she planned to watch a livestream of Good Friday evening prayers - normally “a huge gathering of worshiping God” - and to promote her church’s online Easter service on her Facebook profile. 
One megachurch in South Carolina turned to the model of once-popular drive-in movies, presenting services filmed live and shown on a big screen with the audio broadcast over the radio to worshipers in their cars. 
A handful of holdout U.S. churches planned to go ahead with in-person Easter Sunday services, saying their rights to worship outweighed public health warnings. 
“Satan and a virus will not stop us,” said the Reverend Tony Spell, pastor of the evangelical Life Tabernacle Church near Baton Rouge, Louisiana. He expects more than 2,000 to gather at his megachurch on Sunday. 
FOOD DRIVE DRAWS THOUSANDS 
Friday also ended another week of missed paychecks for millions of Americans, with restaurants, businesses, entertainment venues and schools shuttered across the nation. 
In Los Angeles, some 5,000 families waited at the Forum arena to pick up food in a Good Friday donation drive. 
“This is slated to be our biggest distribution to date,” said Michael Flood, head of the LA Regional Food Bank. “It’s continuing to demonstrate just how many families and individuals the current economic conditions have hit.” 
At the other end of the food supply chain, a beef production plant in Greeley, Colorado, owned by meatpacking company JBS USA said it would spend more than $1 million for coronavirus testing kits to screen its workers after 36 employees became infected. 
Two employees have died of COVID-19, according to the union representing workers at the plant. The company said it was shutting down over the holiday weekend to “further enhance previously announced deep cleaning efforts at the facility.” 
 New York plans to open coronavirus testing sites in five minority neighborhoods to improve testing in a population that has been hit disproportionately hard. Several U.S. states have reported COVID-19 deaths among blacks and Hispanics far higher than their portion of the population. 
African Americans comprise 70% of Louisiana’s coronavirus deaths but only a third of its population, said Governor John Bel Edwards, whose state has reported 755 deaths. 
Reporting by Doina Chiacu in Washington, Gabriella Borter, Liz Hampton, Barbara Goldberg and Nick Brown in New York; Rich McKay in Atlanta; Michael Martina in Detroit and Keith Coffman in Denver; Writing by Bill Berkrot and Steve Gorman; Editing by Rosalba O'Brien, Alistair Bell and Daniel Wallis"
7,"{'id': 'reuters', 'name': 'Reuters'}",Paul Sandle,UK's Johnson fights worsening coronavirus symptoms in intensive care,"British Prime Minister Boris Johnson was being treated for worsening coronavirus symptoms in an intensive care unit on Tuesday, with his foreign minister deputizing for him as the nation tackles the COVID-19 crisis.",https://www.reuters.com/article/us-health-coronavirus-britain-idUSKBN21P041,https://s3.reutersmedia.net/resources/r/?m=02&d=20200407&t=2&i=1513354493&w=1200&r=LYNXMPEG3601Q,2020-04-07T01:25:14Z,"LONDON (Reuters) - British Prime Minister Boris Johnson was being treated for worsening coronavirus symptoms in an intensive care unit on Tuesday, with his foreign minister deputizing for him as the nation tackles the COVID-19 crisis. 
Johnson, 55, was admitted to St Thomas’ Hospital in central London late on Sunday after suffering persistent coronavirus symptoms, including a high temperature, for more than 10 days. 
His condition rapidly deteriorated over the next 24 hours, and he was moved to an intensive care unit - where the most serious cases are treated. Although he had received oxygen, his office said he was still conscious. 
Downing Street said the move to intensive care was “a precaution should he require ventilation to aid his recovery”. 
Britain has no formal succession plan should a prime minister become incapacitated. 
“The PM has asked Foreign Secretary Dominic Raab, who is the First Secretary of State, to deputise for him where necessary,” Downing Street said. 
Just hours earlier, Johnson’s office said he was in good spirits and Raab had told a news conference that the prime minister was still running the government. 
The pound edged lower against the dollar and the euro in Asia on Tuesday, trading at $1.2234 following a 0.3% decline on Monday. 
BUSINESS WILL CONTINUE 
“The government’s business will continue,” a somber Raab, 46, told reporters, saying Johnson was in the safe hands of a brilliant medical team. 
“The focus of the government will continue to be on making sure that the prime minister’s direction, all the plans for making sure that we can defeat coronavirus and can pull the country through this challenge, will be taken forward.” 
Britain has some important decisions to make in its fight against the coronavirus outbreak. The official death toll in the United Kingdom currently stands at 5,373, and last week the health minister said the deadliest peak for deaths was projected to be Easter Sunday, April 12. 
The country is in a state of virtual lockdown, a situation due to be reviewed early next week, and some ministers have suggested it might need to be extended because some people were flouting the strict rules. 
There have also been calls for ministers to detail what the exit plans were from the shutdown, which has hammered the world’s fifth-biggest economy after the government ordered restaurants, bars, and nearly all shops to close and told people to stay at home to curb the spread of the virus. 
“EXTREMELY SICK” 
Johnson tested positive for the virus on March 26, the first leader of a major power to announce that he had tested positive for COVID-19. 
After 10 days of isolation in an apartment at Downing Street, he was still fighting the virus on Sunday evening with a high temperature and persistent cough, prompting his admission to hospital. He was last seen in a video message posted on Twitter on Friday when he looked weary. 
“There is no doubt this turn of events means Boris Johnson is extremely sick,” said Derek Hill, a professor of medical imaging at University College London (UCL). 
Buckingham Palace said Queen Elizabeth had been kept informed by Downing Street and U.S. President Donald Trump said all Americans were praying for his recovery. 
“He’s been really something very special - strong, resolute, doesn’t quit, doesn’t give up,” Trump told a news briefing, adding he had asked two pharmaceutical firms developing potential COVID-19 therapies to get in touch with the British government to offer their services. 
“We’ve contacted all of Boris’ doctors and we’ll see what is going to take place,” he said. “But they are ready to go.” 
Johnson, who is not a smoker, said recently that he wanted to lose weight. He plays tennis and while mayor of London used to cycle around the capital. 
The face of the 2016 Brexit campaign, he won a resounding election victory in December before leading the United Kingdom out of the European Union on Jan. 31. 
He faced criticism for initially approving a much more modest response to the new coronavirus outbreak than other European leaders, saying on March 3 that he had been shaking hands with coronavirus patients. 
He changed tack when scientific projections showed a quarter of a million people could die in the United Kingdom and in the last few weeks the virus has penetrated the British government. 
Johnson and his health minister tested positive last month and chief medical adviser Chris Whitty self-isolated. Johnson’s pregnant 32-year-old fiancée, Carrie Symonds, also had symptoms but said on Saturday she was feeling better. 
Reporting by Paul Sandle and Costas Pitas; writing by Michael Holden; editing by Richard Pullin"
8,"{'id': 'reuters', 'name': 'Reuters'}",Sharon Bernstein,UPDATE 3-California COVID-19 hospitalizations double in four days -governor - Reuters,"UPDATE 3-California COVID-19 hospitalizations double in four days -governor Reuters California governor discusses coronavirus cases in his state ABC News California restaurants say 30,000 to close permanently without state aid The Mercury News California COVI…",https://www.reuters.com/article/health-coronavirus-usa-california-idUSL1N2BN1LY,https://s4.reutersmedia.net/resources_v2/images/rcom-default.png,2020-03-30T19:38:00Z,"(Adds Facebook donation to support health corps) 
By Sharon Bernstein 
SACRAMENTO, Calif., March 30 (Reuters) - California Governor Gavin Newsom said on Monday that the number of COVID-19 hospitalizations in the state had nearly doubled over the past four days and the number of ICU patients tripled during that time. 
By Monday, 1,421 California patients had been hospitalized with COVID-19, the disease caused by the novel coronavirus, up from 746 four days ago, Newsom said. The number of patients requiring intensive care beds rose to 597 from 200, he said. Altogether, 5,763 people have tested positive for the disease in the state, he said. 
The rapid increase in the need for hospital and ICU care led Newsom to set up a website to connect retired doctors and nurses, as well as medical and nursing students, to hospitals and clinics that need them. The state will help retirees activate their licenses and students obtain licensing. 
“If you’re a nursing school student, a medical school student, we need you,” Newsom said. “If you’ve just retired in the last couple of years, we need you.” 
The state is hoping its initiative, dubbed California Health Corps, will bring on board enough staff to handle an additional 50,000 hospital beds, Newsom said. 
In a livestreamed video with Facebook Chief Executive Mark Zuckerberg and his wife Priscilla Chan, Newsom thanked the couple for a previously unannounced $25 million donation in support of the health corps. 
A Facebook spokeswoman said the donation was coming from the company and would help cover costs like temporary housing near health care sites, child care costs and licensing fees. 
An executive order signed on Monday also temporarily allows physician assistants and nurse practitioners to perform some duties normally performed by physicians and registered nurses, and waives other state rules during the crisis. 
Medical professionals who sign up under the program will be paid with state and federal funds and provided malpractice insurance. (Reporting by Sharon Bernstein; additional reporting by Katie Paul Editing by Sandra Maler, Dan Grebler and Sonya Hepinstall)"
9,"{'id': 'business-insider', 'name': 'Business Insider'}",Hiatt Woods,How location data can help track and stop the spread of COVID-19,"<ul>
<li>Contact tracing has become a major tactic around the world in tracking and containing the spread of the COVID-19 coronavirus.</li>
<li>While effective in other countries, the United States has yet to deploy contact tracing at scale. </li>
<li>Locatio…",https://www.businessinsider.com/how-contact-tracing-works-to-stop-coronavirus-spread-2020-4,https://i.insider.com/5ea1ee0cd553f8055e2e999b?width=1200&format=jpeg,2020-04-23T21:02:00Z,"Following is a transcription of the video: 
Narrator: As COVID-19 continues to spread around the globe, one tactic in particular, called contact tracing, has been highly effective in countries like Taiwan, Singapore, and Iceland. But there is a trade-off. Contact tracing asks us all to share data with the government and corporations, information that some people prefer to keep private. So the question becomes: How much privacy would you be willing to trade to save lives?
The specifics of contact tracing vary by country, but the basics remain the same. Step one: identify and isolate confirmed cases of COVID-19. Step two: trace their movement and contact with others backwards, finding people who may be at risk without knowing it. Step three: quarantine and track the movements of confirmed cases going forward.
Syra Madad: It's a very lengthy process that requires many different steps, but at the end what you're trying to achieve is to break that chain of transmission, so that way you don't have new outbreaks, if you will, or new cases of the disease itself.
Narrator: Rather than spending time treating new cases, contact tracing allows officials to stop the spread of the virus in the first place. That's how countries that have implemented contact tracing have been able to flatten the curve. This requires a lot of manpower. It also requires a monumental amount of data, which is where the issue of privacy comes into play.
To make contact tracing truly effective, it is important to have verifiable records of people's whereabouts and contact with others. Some countries have developed apps that trace your cellphone's GPS signal, thus keeping a log of every place you've been. To many, that might sound like the start of a dystopian horror movie: the government tracking your every move and knowing everyone you speak with. On the other hand, the COVID-19 pandemic seems straight out of a horror film itself, and the results of contact tracing speak for themselves.
Take Singapore for example. The number of confirmed cases in the country is around 4,500 as of April 16, despite being relatively near China, the country where experts believe the virus originated. Singapore was aggressive in adopting contact tracing. The country utilized the national health service, police detectives, and a contact-tracing app to track the spread of the virus. Their contact-tracing program was so effective that about 40% of people in the first wave of confirmed COVID-19 cases in the country discovered that they had been exposed to the virus when they received a phone call from Singapore's Ministry of Health. The call informed them of when, where, and how they came into contact with the virus and told them to be tested and isolated.
Meanwhile, in the United States, government authorities have not yet aggressively pursued contact tracing as a tactic to help prevent the spread of COVID-19, despite the fact that there are now more confirmed cases in the US than any other country in the world. We saw this play out in New York City, where the first confirmed case of the novel coronavirus was diagnosed on March 1. Just a week prior, the woman who tested positive had returned to New York from Doha, Qatar, landing at John F. Kennedy International Airport. Public officials promised to track down every person who had been aboard her flight to identify other potential cases. But according to The New York Times, that never happened.
Loading
Something is loading.
A lack of available tests and the uniquely dense population of New York City also contributed to the rapid spread of the virus in the city and the state, where more than 240,000 cases have now been reported. And while New York did engage in contact tracing to an extent, it was nowhere near as vigorous as in countries where the practice has been highly effective.
Madad: China, for example, implemented a huge workforce, and they were able to do tens of thousands of contact tracing every single day. We do not have that infrastructure here in the United States yet. Another thing to note is that they were just doing in a very small area of China. We would need to do it throughout the United States because we are having hot spots throughout the United States.
Narrator: In New York City, where the population is over 8.3 million, 50 disease detectives were deployed to trace the spread of the virus in the early days of the outbreak. That's only one disease detective for every 166,000 people. Wuhan, China, where the crisis is thought to have originated, has a slightly higher population. There, more than 9,000 disease detectives were deployed to trace known cases. This disparity is not unique to New York, however. In the United States, only about 3,600 disease detectives have been trained by the Epidemic Intelligence Service program since 1951. That's for a population of over 329 million people.
While manual contact tracing is important, data helps. Singapore has released an app that not only tracks users' location, but also uses Bluetooth to record proximity to others who are using the app. And though manual contact tracing may not be as robust in the United States, data collection certainly is. Citizens' movements are on full display via Silicon Valley companies big and small. Lesser-known entities like Cuebiq and Unacast have already been providing tracking data to the public. And while Unacast collects its data via an opt-in app, Cuebiq says only that it relies on ""Cuebiq's first party data"" to create its interactive map. So, with the technology and data for contact tracing readily available, the question remains, why was the US so slow to adopt contact tracing on a wider scale?
The answer may be our own rights to privacy and how dearly we hold them. Americans' attitudes about their private data being shared are well documented. Wiretapping phones of American citizens was a hot-button political issue in the not-so-distant past. And, more recently, large corporations mining us for data has come to the forefront of the national consciousness. Those attitudes may shift as the COVID-19 crisis continues.
Madad: So, in order for us to get to a post-coronavirus-disease era where we're able to lift some of these social-distancing restrictions and, you know, for all intents and purposes, resume whatever our normal lives would look like, we need to make sure we're able to implement rigorous contact tracing to be able to isolate those individuals and quarantine individuals that may have the disease itself.
Narrator: While a recent poll showed that a majority of Americans agree that measures like closing schools and businesses are necessary to combat the coronavirus, they also share a desire to return the day-to-day operations of the country to as close to normal as possible as soon and as safely as possible. At the same time, health experts predict a second wave of the virus to hit sometime in 2020 or 2021. So offering up our location information might be the best way to get through this.
Madad: Safeguarding privacy is something that is going to be a huge roadblock. But, at the same time, I think that we're living in a very technology-savvy society where we should be able to, with some degree, you know, work around that. I think we can have this even as a voluntary basis. Being able to consent, in a way, in letting them know this is obviously what's great not just for them, but for the greater community if we wanna resume our normal life, whatever that's, again, gonna look like, you know, this is something that needs to be done.
Narrator: The tech world has already started to publicly collect this data. Facebook's Data for Good program has created data maps that show distributions of people reporting COVID symptoms, density of at-risk populations, areas that are socially connected to current hot spots, and more. Apple and Google have announced plans for a joint venture to create an opt-in contact-tracing app that would be compatible with both Apple and Android phones. But with this push for more government access to location-tracking data also comes another push for more user protection. As of now, there are no comprehensive federal laws around data privacy in the United States. It's happened only on a state level.
In 2018, the California Consumer Privacy Act was enacted, giving California users the legal right to know what data is collected, the right to delete personal information held by businesses, and the right to opt out of the sale of personal information. Other states are following California's lead. Nevada passed similar legislation, and New York, Texas, and Washington have also proposed legislation similar to California's privacy act. In other states, legal rights to data privacy are not nearly as clear or strong. So in the case of the US, what we do know is that large amounts of data, including location tracking, are already being collected. The questions become what we as a nation will do with that data to confront the COVID-19 crisis, whether the public is willing to release it, and how we will protect that data going forward."
10,"{'id': 'engadget', 'name': 'Engadget'}",Jon Fingas,PlayStation Plus one-year membership drops to $40 at Newegg,"There's a good chance you have more time on your hands for gaming given lockdowns for the COVID-19 pandemic, and we have some good news if you're a PlayStation owner. Newegg is offering email subscribers a $20 discount on a one-year membership for PlayStation…",https://www.engadget.com/2020-03-31-playstation-plus-one-year-membership-newegg-deal.html,https://o.aolcdn.com/images/dims?resize=1200%2C630&crop=1200%2C630%2C0%2C0&quality=80&image_uri=https%3A%2F%2Fs.yimg.com%2Fuu%2Fapi%2Fres%2F1.2%2Fo29PfDYzZQF_sFdNhLQvpg--%7EB%2Fdz0xNjAwO2g9OTM3O2FwcGlkPXl0YWNoeW9u%2Fhttps%3A%2F%2Fo.aolcdn.com%2Fimages%2Fdims%3Fcrop%3D1600%252C937%252C0%252C0%26quality%3D85%26format%3Djpg%26resize%3D1600%252C937%26image_uri%3Dhttps%3A%2F%2Fs.yimg.com%2Fos%2Fcreatr-uploaded-images%2F2020-03%2F55f0ccc0-734a-11ea-afdf-6b6579706f84%26client%3Da1acac3e1b3290917d92%26signature%3D744c2bf029e56ae4c8ab32e3f7053bda511e1ef8&client=amp-blogside-v2&signature=83919b46970dd057857217bffb7e6663d047eeed,2020-03-31T15:15:00Z,"This is virtually mandatory if you play most multiplayer titles, of course, but it could also be helpful for filling out your PS4 game collection if you're willing to stay subscribed. Sony typically offers PS Plus members at least a couple of free games each month on top of equally free add-ons (typically cosmetic items like character skins) and discounts for other titles.
Not every game offered through PS Plus is spectacular (there are plenty of releases that wouldn't get much traction otherwise), but Sony has made a point of frequently slipping real gems into the mix. This January saw the company give away Uncharted: The Nathan Drake Collection, for instance, while the March freebies include the remastered classic Shadow of the Colossus. And remember, the PS5 should play virtually all of these games. You likely won't have to give them up if and when you upgrade to the new console."
11,"{'id': 'engadget', 'name': 'Engadget'}",Jon Fingas,ESPN will broadcast and stream 'League of Legends' spring playoffs,"ESPN’s 12-hour esports marathon was just the start of its return to live competitive gaming. The broadcaster and Riot Games have reached a deal that will stream the League of Legends Championship Series Spring Split Playoffs live on ESPN2 or the ESPN app, sta…",https://www.engadget.com/espn-league-of-legends-lcs-playoffs-broadcasts-191644257.html,https://o.aolcdn.com/images/dims?resize=1200%2C630&crop=1200%2C630%2C0%2C0&quality=80&image_uri=https%3A%2F%2Fs.yimg.com%2Fos%2Fcreatr-images%2F2020-04%2Ffb46b050-79ca-11ea-95b1-775ada258131&client=amp-blogside-v2&signature=6ab4df244890bd446b3b7a949d2cf41a594b1db7,2020-04-08T19:16:44Z,"ESPN’s 12-hour esports marathon was just the start of its return to live competitive gaming. The broadcaster and Riot Games have reached a deal that will stream the League of Legends Championship Series Spring Split Playoffs live on ESPN2 or the ESPN app, starting with a match between 100 Thieves and TSM today (April 8th) available online at 4PM Eastern. You’ll also have on-demand access to events immediately after they’ve finished.
You can expect follow-up matches at the same time on April 11th, April 12th and April 18th. The final match for the North American championship is due on April 19th, although there isn’t a set time for it at this stage."
12,"{'id': 'engadget', 'name': 'Engadget'}",Kris Holt,Instacart is expanding Costco pharmacy deliveries nationwide,"Instacart is expanding Costco pharmacy deliveries to almost 200 locations in Arizona, California, Delaware, Florida, Illinois, New York, Washington and Washington DC. It plans to bring the service, which it started testing in November in California and Washin…",https://www.engadget.com/instacart-costco-pharmacy-delivery-nationwide-205103480.html,https://o.aolcdn.com/images/dims?resize=1200%2C630&crop=1200%2C630%2C0%2C0&quality=80&image_uri=https%3A%2F%2Fs.yimg.com%2Fos%2Fcreatr-uploaded-images%2F2020-04%2F60b06a90-801e-11ea-befd-50b40d1ae1e5&client=amp-blogside-v2&signature=25678c60fc7890564f08bb76f47c469a4108619a,2020-04-16T20:51:03Z,"Instacart is expanding Costco pharmacy deliveries to almost 200 locations in Arizona, California, Delaware, Florida, Illinois, New York, Washington and Washington DC. It plans to bring the service, which it started testing in November in California and Washington, to other parts of the country in the coming months. 
You can receive a text notification from a Costco pharmacy when your prescription's ready, which will include a link to schedule a delivery. After confirming your prescription, you'll be able to add household goods and groceries to your order -- that could be a handy way to save on the delivery fee if your medication costs less than $35."
13,"{'id': 'cnn', 'name': 'CNN'}",Opinion by Simona Siri,I watched as US largely ignored Italy's suffering,"When on March 13 my husband, Dan, came down with Covid-19 symptoms — high fever, dry cough, chills — my first reaction was rage, and then panic. Rage because I had spent the previous two weeks telling him to wash his hands and stay home, close the office, don…",https://www.cnn.com/2020/04/03/opinions/simona-siri-us-attention-italy-coronavirus/index.html,https://cdn.cnn.com/cnnnext/dam/assets/200321145819-01-coronavirus-0321-italy-super-tease.jpg,2020-04-03T15:22:47Z,"Simona Siri is an Italian journalist and writer based in New York City. She writes regularly for Vanity Fair Italy and the Italian newspaper La Stampa. Follow her on Twitter @simonasiri. The views expressed in this commentary are her own. View more opinion at CNN.
 (CNN)When on March 13 my husband, Dan, came down with Covid-19 symptoms high fever, dry cough, chills my first reaction was rage, and then panic. Rage because I had spent the previous two weeks telling him to wash his hands and stay home, close the office, don't take the subway. Panic because I am Italian. I have been in New York only for seven years. My family and friends are in Milan, the center of the outbreak in Italy. I knew what was coming. It was going to be horrible. I tried to warn him. Why did he not listen to me?
Like Cassandra, the mythological Greek figure cursed with the ability to correctly predict the future without ever being believed, I felt I was reliving that same tragedy. Italy confirmed its first two coronavirus cases on January 30, halting flights to and from China and declaring a state of emergency the following day. On February 23, celebrations for the Venice carnival were ended early, and soccer matches were canceled.
As this was unfolding, I relayed the events to my husband. He was concerned but still didn't seem to grasp the magnitude of the situation. In the meantime, I was listening to stories about Italian life in lockdown put in place nationwide on March 9 and reading in Italian newspapers about the toll on health care workers hit by the virus while they were caring for infected patients. ""It is like being at war"" is the description that almost every doctor gave to the press. ""You have no idea,"" a friend told me over Skype. ""The silence in Milano is unreal, shattered only by the never-ending sound of the ambulances. It's like living in a horror movie.""
My husband was far from being the only skeptical one. On March 8, I had a heated text exchange with a highly educated and informed friend. She was planning to go to a play that night because she was ""counting on the sick people to stay home."" I tried to convince her that the only thing to do was to stay in. She didn't. As the number of deaths in Italy was rising toward 200 a day on March 12, I told her, my husband, my American friends, anyone who would listen about the morgues in Italy so crowded that in Bergamo, a small town near Milan, army tanks had to come to take the coffins away.
I felt isolated and alone. My American friends and I were not only speaking two different languages but living on different planets. I disconnected from everyone around me. No one seemed to get it. At least when I was speaking with my friends back home, they knew. We could share the same pain. For the first time I even considered moving back. At least I would have felt understood.
As I write this, the US has 86,043 coronavirus cases with 1,304 deaths. New York, now the US epicenter of the outbreak, has at least 30,811 confirmed cases, nearly 23,000 in New York City alone. The statewide death toll is nearing 400. I read about the passing of a Mount Sinai nurse, the shortage of protective gear for healthcare workers. I see the picture of the three nurses using black garbage bags as gowns. 
All I feel is a strange déjà vu. I saw the same pictures three weeks ago in Italian newspapers. I read similar stories of healthcare workers forced to work shifts of 16 hours. Singalongs from the balcony, people clapping to salute and thank the health care workers -- even these forms of stress release and spirit uplifting, I already saw them.
Listening to President Trump saying that ""nobody expected"" this pandemic is especially infuriating for me. Ask my Italian friends, Mr. President. I can provide names and numbers. Ask people who couldn't even say goodbye to their loved ones because in Italy there are no more funerals, no more burials, no holding hands at the very last breath. 
After two weeks of uninterrupted fever which never, thank God, developed into respiratory problems, my husband is out of the woods. It has been the most difficult time in our marriage. We often clash due to different cultural backgrounds, but this time was different. I put on his shoulders all the flaws in the way the American government was handling the coronavirus emergency. ""Why don't you get it?"" I yelled at him one night. ""Why don't you learn from my country?"" I screamed at him, but I wanted to scream at America. 
After we both calmed down, I explained to my husband really for the first time why this was so especially painful for me. As I did so, I learned something about myself: I have grown to love my adopted country as much as my native one. Watching one fail to learn from the mistakes of the other has been heartbreaking. Experiencing this crisis as it begins to overtake my adopted country, I feel something common to so many immigrants: a heart continuously split in two."
14,"{'id': 'engadget', 'name': 'Engadget'}",Mariella Moon,"Netflix pauses production on 'Stranger Things,' other shows due to coronavirus","TV and media giants, including streaming services, are feeling the effects of the global coronavirus pandemic. According to The Hollywood Reporter and Deadline, Netflix has put a pause on all scripted TV and film production for two weeks in the US and Canada …",https://www.engadget.com/2020/03/13/netflix-pauses-production-tv-film/,https://o.aolcdn.com/images/dims?resize=1200%2C630&crop=1200%2C630%2C0%2C0&quality=80&image_uri=https%3A%2F%2Fo.aolcdn.com%2Fimages%2Fdims%3Fcrop%3D1457%252C888%252C211%252C0%26quality%3D85%26format%3Djpg%26resize%3D1600%252C975%26image_uri%3Dhttps%253A%252F%252Fs.yimg.com%252Fos%252Fcreatr-uploaded-images%252F2020-03%252F4feb4000-6583-11ea-bfdd-633fe1d52ba5%26client%3Da1acac3e1b3290917d92%26signature%3D674de922ec57b9005882577faaefee7812f306fe&client=amp-blogside-v2&signature=70d151be25d04d60d5fb4a50bf5c2d38d5e278f0,2020-03-14T00:38:00Z,"The affected shows include viewer favorite Stranger Things, which had to shut down its fourth season's production, as well as supernatural detective series Lucifer and Groundhog Day-esque comedy drama Russian Doll. Shows being filmed outside the US and Canada like The Witcher, however, are reportedly being assessed on a case by case basis. 
Netflix isn't the only streaming outfit that's had to put things on hold. Apple has also suspended production on a bunch of shows for its TV+ platform, including Stephen King's Lisey's Story, Jennifer Aniston-starrer The Morning Show and thriller series Servant. Meanwhile, Disney had to shut down 16 pilots across its networks -- for Disney+, in particular, the move affects MCU's Captain America spinoff The Falcon and the Winter Soldier."
15,"{'id': 'engadget', 'name': 'Engadget'}",Jon Fingas,'Apex Legends' tournaments get a new online-only schedule,"Respawn and EA's dreams of establishing Apex Legends as an esports staple aren't going according to plan. The Apex Legends Global Series team is moving its events online ""for the time being"" due to the COVID-19 pandemic, and that means both more remote events…",https://www.engadget.com/2020-03-31-apex-legends-tournaments-move-online.html,https://o.aolcdn.com/images/dims?resize=1200%2C630&crop=1200%2C630%2C0%2C0&quality=80&image_uri=https%3A%2F%2Fs.yimg.com%2Fuu%2Fapi%2Fres%2F1.2%2FXZLjM17kLl2wCGRcQPnGfQ--%7EB%2Fdz0xNjAwO2g9MTA2NzthcHBpZD15dGFjaHlvbg--%2Fhttps%3A%2F%2Fo.aolcdn.com%2Fimages%2Fdims%3Fcrop%3D5472%252C3648%252C0%252C0%26quality%3D85%26format%3Djpg%26resize%3D1600%252C1067%26image_uri%3Dhttps%3A%2F%2Fs.yimg.com%2Fos%2Fcreatr-images%2F2020-03%2F02ad7e60-7394-11ea-9d9d-20cc6e2c09a8%26client%3Da1acac3e1b3290917d92%26signature%3D9eb05a882f1400bd66765a687fa40262b9668c05&client=amp-blogside-v2&signature=53df87f0045032eb24ecf08fb683f3e00ee8184a,2020-04-01T03:53:00Z,"Accordingly, the PGL Bucharest Premier Event #2 slated for May 30th has been postponed to an unspecified date.
The shift is clearly necessary in light of the outbreak, but couldn't come at a worse time for the Apex scene. The Washington Postnoted that server problems, badly managed practices (even the Tournament Mode had problems) and a lack of advertising had already led to dissatisfaction among pro teams. The move online, along with fresh competition from esports-friendly games like Call of Duty: Warzone and Valorant, might give Apex pros even fewer reasons to play. Respawn and EA may need to work particularly hard to keep the ALGS active even after the pandemic is over."
16,"{'id': 'engadget', 'name': 'Engadget'}",Kris Holt,Amazon suspends Prime Pantry to handle its backlog of orders,"If you're looking to order food online while you're holed up at home amid the COVID-19 outbreak, you won't be able to do so through Amazon's Prime Pantry for now. The company has paused new orders through the service, which offers household and non-perishable…",https://www.engadget.com/2020/03/19/amazon-suspends-prime-pantry-to-handle-its-backlog-of-orders/,https://o.aolcdn.com/images/dims?resize=1200%2C630&crop=1200%2C630%2C0%2C0&quality=80&image_uri=https%3A%2F%2Fo.aolcdn.com%2Fimages%2Fdims%3Fcrop%3D769%252C400%252C0%252C0%26quality%3D85%26format%3Djpg%26resize%3D1600%252C832%26image_uri%3Dhttps%253A%252F%252Fs.yimg.com%252Fos%252Fcreatr-uploaded-images%252F2020-03%252F1a50d360-6a1a-11ea-9b72-780b279296e2%26client%3Da1acac3e1b3290917d92%26signature%3D3638ef50da97090897983671760c4691a047cb75&client=amp-blogside-v2&signature=9d70f55f3a675a5b66ec7251b4df3fbd265b3391,2020-03-19T19:54:00Z,"The Prime Pantry website has a notice that reads ""Pantry is temporarily closed. We are busy restocking."" It's not accepting new orders because of high order volumes. For now, you can't add items that are listed as ""Ships &amp; Sold from Pantry"" to your cart. However, Amazon said people who are waiting on recent Prime Pantry orders will receive them.
It's not clear when Amazon will reopen the service, but it's ""working with our partners to get these items back in stock as quickly as possible."" Prime Pantry is a bit of a niche option, as you can still order food from Amazon via Amazon Fresh, Prime Now, Whole Foods and the grocery and household category, all of which have a broad range of items. But, as CNBC reports, Amazon is also warning Prime Now shoppers that there's limited delivery availability in some areas.
The company said last week it would temporarily hire 100,000 people to stay on top of a coronavirus-related surge in demand. But it's still straining to keep up, and many Prime deliveries have been delayed."
17,"{'id': 'engadget', 'name': 'Engadget'}",Jon Fingas,Instacart hopes to expedite deliveries with 'first available shopper' option,"Instacart has realized that its scheduled grocery deliveries are ill-suited to a pandemic era when demand is surging and you’re frequently thankful if you can get a delivery at all, let alone in a timely fashion. The service has introduced a “Fast & Flexible”…",https://www.engadget.com/instacart-fast-and-flexible-delivery-option-152218034.html,https://o.aolcdn.com/images/dims?resize=1200%2C630&crop=1200%2C630%2C0%2C0&quality=80&image_uri=https%3A%2F%2Fs.yimg.com%2Fos%2Fcreatr-uploaded-images%2F2020-04%2F4a7c9120-799f-11ea-b3fd-440059fdf761&client=amp-blogside-v2&signature=be2d6cb71578318a390bed57b40a0aeadeef0edf,2020-04-08T15:22:18Z,"Instacart has realized that its scheduled grocery deliveries are ill-suited to a pandemic era when demand is surging and you’re frequently thankful if you can get a delivery at all, let alone in a timely fashion. The service has introduced a “Fast &amp; Flexible” option that has the first available shopper deliver your order, whenever that may be (you’re virtually guaranteed to be at home, after all). You’ll receive an expected delivery range instead of a set schedule, and will get a notification when your order has been picked up.
The company is also extending its Order Ahead feature to allow scheduled deliveries up to two weeks ahead, not just one. It’s available in some “high demand” areas at present, and should be available across North America in the weeks ahead. If you have predictable orders and are desperate to avoid visiting the grocery store for as long as possible, this might prove vital."
18,"{'id': 'engadget', 'name': 'Engadget'}",Mariella Moon,Zoom will enable waiting rooms by default to keep trolls out,"Zoom will make a couple of important security changes in an effort to prevent trolls from crashing shared video calls on the app. To be exact, it will require passwords to enter calls and will switch on waiting rooms by default starting on April 5th. The plat…",https://www.engadget.com/2020-04-04-zoom-waiting-rooms-default.html,https://o.aolcdn.com/images/dims?resize=1200%2C630&crop=1200%2C630%2C0%2C0&quality=80&image_uri=https%3A%2F%2Fs.yimg.com%2Fuu%2Fapi%2Fres%2F1.2%2FnvhveZdhLU0oEAh4mVraFQ--%7EB%2Fdz0xNjAwO2g9OTk5O2FwcGlkPXl0YWNoeW9u%2Fhttps%3A%2F%2Fo.aolcdn.com%2Fimages%2Fdims%3Fcrop%3D5000%252C3122%252C0%252C210%26quality%3D85%26format%3Djpg%26resize%3D1600%252C999%26image_uri%3Dhttps%3A%2F%2Fs.yimg.com%2Fos%2Fcreatr-images%2F2020-04%2Fe20c1ac0-7665-11ea-bf35-3ce3a94f2b51%26client%3Da1acac3e1b3290917d92%26signature%3D61e6e4af0ce45df14ad3ded6932db7ab3dec0b63&client=amp-blogside-v2&signature=e9d8f19948ff586da746b4c9a6ebf4d6a7f5f6be,2020-04-04T15:28:00Z,"Company CEO Eric S. Yuan recently promised to dedicate all of Zoom's engineering resources to fixing its ""biggest trust, safety, and privacy issues."" The platform notified users about the changes in an email, telling them that the new security measures need to be enforced to protect their privacy.
Zoom will automatically include passwords in invites for scheduled meetings going forward. Those who had previously scheduled meetings for after April 5th are encouraged to resend their invites, so attendees won't have to ask for them. Also, now that waiting rooms are on by default, hosts will have to approve attendees before they can participate in a call. It could make hosting meetings a bit more difficult for those heading up large calls, but it's probably small price to pay to prevent unwanted guests from barging in."
19,"{'id': 'engadget', 'name': 'Engadget'}",Christine Fisher,"Postmates now delivers essentials from Walgreens, Duane Reade and 7-Eleven","Late last month, Walgreen expanded its partnership with Postmates to deliver over-the-counter medications, household essentials and other convenience products in the US. Today, Postmates is taking that one step further. It’s adding two new categories to the a…",https://www.engadget.com/postmates-convenience-delivery-walgreens-7eleven-160022987.html,https://o.aolcdn.com/images/dims?resize=1200%2C630&crop=1200%2C630%2C0%2C0&quality=80&image_uri=https%3A%2F%2Fs.yimg.com%2Fos%2Fcreatr-images%2F2020-04%2Ff19729b0-7e5f-11ea-a77f-aedd9d6c2d43&client=amp-blogside-v2&signature=72f38994957c2db07baf233e7e4089dd55efa564,2020-04-14T16:00:22Z,"Late last month, Walgreen expanded its partnership with Postmates to deliver over-the-counter medications, household essentials and other convenience products in the US. Today, Postmates is taking that one step further. It’s adding two new categories to the app, Essentials and Convenience, through which you can order items from Walgreens (or Duane Reade) and 7-Eleven, respectively.
The service is available today in all cities that have Walgreens/Duane Reade and 7-Eleven stores, and the app will automatically order from whichever store is closest to you. In addition to the app, you can order online. This should make it easier to shop for things like toothpaste, contact solution -- even toilet paper -- without leaving your house."
