,source,author,title,description,url,urlToImage,publishedAt,content
0,"{'id': 'engadget', 'name': 'Engadget'}",Jon Fingas,NASCAR is replacing canceled races with esports featuring pro drivers,"Sports leagues and broadcasters are scrambling to fill the void now that many live competitions are cancelled due to the COVID-19 pandemic, and for NASCAR and Fox Sports that means venturing into relatively uncharted territory. They've announced an inaugural …",https://www.engadget.com/2020/03/19/nascar-esports-racing-series-fox/,https://o.aolcdn.com/images/dims?resize=1200%2C630&crop=1200%2C630%2C0%2C0&quality=80&image_uri=https%3A%2F%2Fo.aolcdn.com%2Fimages%2Fdims%3Fcrop%3D3996%252C2664%252C0%252C0%26quality%3D85%26format%3Djpg%26resize%3D1600%252C1067%26image_uri%3Dhttps%253A%252F%252Fs.yimg.com%252Fos%252Fcreatr-images%252F2020-03%252F0f7ccc80-6a26-11ea-b7eb-201b9ab1731e%26client%3Da1acac3e1b3290917d92%26signature%3Daf7b2ee581a16b5999a2015628cfa010d8e4e885&client=amp-blogside-v2&signature=c4f65492a55429ed7d96bfc6fbb7897eef63bef2,2020-03-19T22:18:00Z,"Familiar Fox broadcasters like Jeff Gordon will commentate on the 90-minute race programs. And before you're wondering: no, this isn't another giant opportunity for the novel coronavirus to spread. Fox said it was ""following CDC guidelines"" to make sure the production is safe.
The first event takes place on March 22nd at 1:30PM Eastern on FS1 and the Fox Sports app.
There's no doubt that the virtual series was born out of desperation. It might, however, serve as a crash course on esports for millions of people. Many in the general public are only vaguely familiar with competitive gaming at best. A smooth race could do much to inform people about virtual motorsports, even if only a fraction of viewers keep watching once conventional NASCAR returns."
1,"{'id': 'engadget', 'name': 'Engadget'}",Jon Fingas,Google explains how it's tackling the coronavirus outbreak,"Google's efforts to inform people about the coronavirus outbreak extend well beyond a search alert. The company has outlined all the ways it's addressing COVID-19, including a bid to stamp out misinformation. On top of the SOS Alert (with news and tips) in we…",https://www.engadget.com/2020/03/06/google-coronavirus-information/,https://o.aolcdn.com/images/dims?resize=1200%2C630&crop=1200%2C630%2C0%2C0&quality=80&image_uri=https%3A%2F%2Fo.aolcdn.com%2Fimages%2Fdims%3Fcrop%3D1600%252C800%252C0%252C0%26quality%3D85%26format%3Djpg%26resize%3D1600%252C800%26image_uri%3Dhttps%253A%252F%252Fs.yimg.com%252Fos%252Fcreatr-uploaded-images%252F2020-03%252F454a3670-5ff1-11ea-bcbf-bebb3775eb52%26client%3Da1acac3e1b3290917d92%26signature%3D8c2c69a480746a81170dabf362c51f81caea5441&client=amp-blogside-v2&signature=8f17e691841b35af6d5f4f4551a473712ecbefa6,2020-03-06T22:47:00Z,"What you don't see will also matter. Google said it was ""working around the clock"" to stamp out conspiracy theories and other misinformation, including malware and phishing scams exploiting fear of the coronavirus outbreak. It's blocking all ads trying to exploit the outbreak while helping the WHO and governments run useful ads. YouTube is pulling videos that push bogus prevention claims instead of telling people to seek medical help. The Play Store already has policies barring both exploitative apps and those with ""misleading or potentially harmful"" health info.
Even the DeepMind team is getting involved. It use the latest version of its AlphaFold AI system to produce structure predictions for proteins linked to SARS-CoV-2 in a bid to help understand the virus and develop treatments. The predictions haven't been verified through experiments, but Google is betting that the faster release could make a meaningful impact."
2,"{'id': 'engadget', 'name': 'Engadget'}",Jon Fingas,GameStop closes California stores despite earlier defiance,"GameStop's insistence on staying open during the COVID-19 pandemic might not have accomplished much in at least one state. Kotaku understands that GameStop is closing its stores in California ""until further notice"" while it waits for more information from Cal…",https://www.engadget.com/2020/03/20/gamestop-closes-california-stores/,https://o.aolcdn.com/images/dims?resize=1200%2C630&crop=1200%2C630%2C0%2C0&quality=80&image_uri=https%3A%2F%2Fo.aolcdn.com%2Fimages%2Fdims%3Fcrop%3D6291%252C4194%252C0%252C0%26quality%3D85%26format%3Djpg%26resize%3D1600%252C1067%26image_uri%3Dhttps%253A%252F%252Fs.yimg.com%252Fos%252Fcreatr-images%252F2020-03%252F1f920d80-6ae2-11ea-b79f-e8a3843bb21a%26client%3Da1acac3e1b3290917d92%26signature%3Dbea6920b3f528b4458b8102ce1c2f958c0a4334a&client=amp-blogside-v2&signature=a1cafe224cc373d0b8fb8c5921bcbb84963a9910,2020-03-20T20:19:00Z,"We've asked GameStop for comment.
The retailer had maintained that it was an ""essential business"" as it improved the quality of life for people working from home. It reportedly went so far as to instruct stores on how to respond if police attempted to enforce closures. The company has effectively been setting up a confrontation with the law, not to mention employees who may refuse to put their health at risk just to sell consoles and games.
It's not certain just why GameStop would insist on remaining open when companies selling more vital products have remained open. However, it's well-known that GameStop is already in deep financial trouble. Mandatory closures could exacerbate those problems and leave the store chain with poorer chances of recovery."
3,"{'id': 'engadget', 'name': 'Engadget'}",Jon Fingas,Amazon stops taking orders for some non-essentials in France and Italy,"Amazon is taking dramatic steps to prioritize orders in areas hard-hit by the COVID-19 pandemic. The online retailer told Reuters in a statement that it would temporarily stop taking orders for ""some non-essential products"" in France and Italy to help Amazon …",https://www.engadget.com/2020/03/22/amazon-stops-taking-orders-for-some-non-essentials-in-france-and/,https://o.aolcdn.com/images/dims?resize=1200%2C630&crop=1200%2C630%2C0%2C0&quality=80&image_uri=https%3A%2F%2Fo.aolcdn.com%2Fimages%2Fdims%3Fcrop%3D6000%252C4000%252C0%252C0%26quality%3D85%26format%3Djpg%26resize%3D1600%252C1067%26image_uri%3Dhttps%253A%252F%252Fs.yimg.com%252Fos%252Fcreatr-images%252F2020-03%252F4e1264f0-6c60-11ea-975f-de3c76b1884b%26client%3Da1acac3e1b3290917d92%26signature%3D6b617f2517639bf79fe9f74b93d700f43dc15f47&client=amp-blogside-v2&signature=4e2f907953a9705f3ee2dc5d3adde5febff6508f,2020-03-22T21:47:00Z,"The move reflected a spike in demand from people staying at home, according to Amazon. It also reflected a need to respect anti-coronavirus safety precautions, the company said. The restrictions only affect sales fulfilled through Amazon. You can still buy non-essentials through Amazon in France and Italy if they're fulfilled through third parties.
This is an escalation for Amazon, which just days earlier restricted supply deliveries to its US and European warehouses. Now, the company is outright limiting customers' options. Not that it necessarily had much choice. Coronavirus infection rates have been disproportionately high in France and Italy, prompting effective lockdowns. If Amazon and other online retailers can't cope with the volume of orders, daily life in affected countries could suffer."
4,"{'id': 'engadget', 'name': 'Engadget'}",Christine Fisher,Dropkick Murphys will livestream a St. Patrick’s Day show with no audience,"The Dropkick Murphys have been playing St. Patrick's Day shows for 24 years. This year the show, like most things, will be a little different. In an attempt to slow the spread of COVID-19, the band is canceling its regular concert but will livestream a free p…",https://www.engadget.com/2020-03-16-dropkick-murphys-live-stream-concert-coronavirus.html,https://o.aolcdn.com/images/dims?resize=1200%2C630&crop=1200%2C630%2C0%2C0&quality=80&image_uri=https%3A%2F%2Fs.yimg.com%2Fuu%2Fapi%2Fres%2F1.2%2FNYKdxLpwUwxrS2SP0YiHzA--%7EB%2Fdz0xNjAwO2g9MTAwMDthcHBpZD15dGFjaHlvbg--%2Fhttps%3A%2F%2Fo.aolcdn.com%2Fimages%2Fdims%3Fcrop%3D3239%252C2025%252C0%252C78%26quality%3D85%26format%3Djpg%26resize%3D1600%252C1000%26image_uri%3Dhttps%3A%2F%2Fs.yimg.com%2Fos%2Fcreatr-images%2F2020-03%2F831086d0-67a3-11ea-99ff-fbaaf44a3544%26client%3Da1acac3e1b3290917d92%26signature%3D08a32dbd6bb9b41047e8058567b76aa0b2d11247&client=amp-blogside-v2&signature=3fdf6732c89ac27ac9e24f57fd8dc67d22c5ce4f,2020-03-16T17:21:00Z,"Musicians streaming concerts isn't really anything new. YouTube has been streaming Coachella performances for years, and Apple and Amazon have livestreamed concerts and festivals. But those usually have in-person audiences too.
Despite all we've heard about sports games potentially happening without spectators, this is one of the first, if not the first, major ""no attendees"" concert due to the coronavirus outbreak. It may encourage other musicians, whose tours have effectively come to a halt, to get creative with reaching their audiences.
In the meantime, you can catch the Dropkick Murphys show on YouTube, Instagram and Facebook tomorrow. They'll start things off in Boston at 7pm ET. As the band wrote on its website, ""the show must go on!!!"""
5,"{'id': 'engadget', 'name': 'Engadget'}",Christine Fisher,Uber built a tool to help its drivers find work at other companies,"Uber recognizes that its drivers are facing major work shortages, as fewer people travel via rideshare during the pandemic. The company is already offering 14 days of financial assistance to drivers diagnosed with COVID-19, and it fought for its gig workforce…",https://www.engadget.com/uber-work-hub-us-job-opportunities-141426312.html,https://o.aolcdn.com/images/dims?resize=1200%2C630&crop=1200%2C630%2C0%2C0&quality=80&image_uri=https%3A%2F%2Fs.yimg.com%2Fos%2Fcreatr-images%2F2020-04%2Ff8582430-780f-11ea-bff2-cde8f90939ba&client=amp-blogside-v2&signature=f0dcd4f20a596be2bd1e5c5eb677d4ceeb57e146,2020-04-06T14:14:26Z,"In select cities -- Chicago, Dallas and Miami, for now -- Uber Works will connect drivers with shift work like food production, warehouse and customer service. Uber Freight is providing priority eligibility screening for drivers with a Class A Commercial Driver’s License, and Uber is encouraging drivers in the US to accept UberEats requests if the service is available where they live. While Work Hub is only available in the US, Uber says it is partnering with the online retailer Ocado to help UK drivers find work too.
According to Reuters, drivers say their income has dropped by as much as 80 percent, and many have stopped driving over fears of getting sick. Work Hub should help some Uber drivers, but there’s a good chance that for most, it won’t be enough."
6,"{'id': 'engadget', 'name': 'Engadget'}",Jon Fingas,Jaybird's Run XT true wireless earbuds are on sale for $50 at Best Buy,"It's generally still safe to go running outside even in the midst of the COVID-19 pandemic, and thankfully there are good deals to be had if you need a soundtrack for those excursions. Best Buy has a one-day sale going for Jaybird's Run XT true wireless earbu…",https://www.engadget.com/2020-03-30-jaybird-run-xt-best-buy-deal.html,https://o.aolcdn.com/images/dims?resize=1200%2C630&crop=1200%2C630%2C0%2C0&quality=80&image_uri=https%3A%2F%2Fs.yimg.com%2Fuu%2Fapi%2Fres%2F1.2%2F8at1VQ3SAW3ugiFze82MZQ--%7EB%2Fdz0xNjAwO2g9MTA1OTthcHBpZD15dGFjaHlvbg--%2Fhttps%3A%2F%2Fo.aolcdn.com%2Fimages%2Fdims%3Fcrop%3D1600%252C1059%252C0%252C0%26quality%3D85%26format%3Djpg%26resize%3D1600%252C1059%26image_uri%3Dhttps%3A%2F%2Fs.yimg.com%2Fos%2Fcreatr-uploaded-images%2F2020-03%2Fb8e7e110-7291-11ea-bbed-2467d196934f%26client%3Da1acac3e1b3290917d92%26signature%3D2afd6bfe22416ca1c0ffe652b0e1c60f1b89d8cd&client=amp-blogside-v2&signature=037db7510fc61291b343b8a61424d23bda64cb7c,2020-03-30T15:17:00Z,"The Run XT is a subtle refinement of the original Jaybird Run, but that's a good thing. The buds take the familiar, workout-friendly design and add IPX7 sweat and water resistance that should help them withstand a lengthy run or weight routine. The modest four hours of playback and the additional eight hours in the battery case are nothing special, but that's more than enough to handle a few days of exercise routines before you need to plug in. They're not as simple to set up as AirPods or Galaxy Buds, but you might not mind so much at this price."
7,"{'id': 'engadget', 'name': 'Engadget'}",Jon Fingas,Steam limits game auto-updates to manage peak demand,"Console makers aren't the only ones managing game service bandwidth to keep traffic flowing during the COVID-19 outbreak. Valve is scaling back game auto-updates in Steam to ""spread out"" the load and prevent its servers from buckling under the strain. As of t…",https://www.engadget.com/2020-03-30-steam-limits-game-auto-updates.html,https://o.aolcdn.com/images/dims?resize=1200%2C630&crop=1200%2C630%2C0%2C0&quality=80&image_uri=https%3A%2F%2Fs.yimg.com%2Fuu%2Fapi%2Fres%2F1.2%2FCQsYRJmrIcvGBX3fc.Qe3g--%7EB%2Fdz0xNjAwO2g9MTA2MzthcHBpZD15dGFjaHlvbg--%2Fhttps%3A%2F%2Fo.aolcdn.com%2Fimages%2Fdims%3Fcrop%3D1600%252C1063%252C0%252C0%26quality%3D85%26format%3Djpg%26resize%3D1600%252C1063%26image_uri%3Dhttps%3A%2F%2Fs.yimg.com%2Fos%2Fcreatr-uploaded-images%2F2020-03%2Fb0d90fb0-72d4-11ea-b53e-b3cc7575b3a4%26client%3Da1acac3e1b3290917d92%26signature%3D8a958104d8f2ec96cb2fced16f0211e1687facbc&client=amp-blogside-v2&signature=89454b7a77b8ccd7c7951f826f03b39b7429e87f,2020-03-30T22:52:00Z,"Like Microsoft, Sony and others, Valve is grappling with a surge in game service use now that the pandemic has many people staying at home. This move might irk you if there are games that you play at sparse but regular intervals (say, once-a-week strategy game sessions), but it could be helpful if it keeps downloads speedy and prevents other Steam services from buckling at peak periods."
8,"{'id': 'engadget', 'name': 'Engadget'}",Jon Fingas,ESPN2 will air 12 hours of esports coverage on April 5th,"TV networks are already trying to fill the void in sports coverage left by the COVID-19 pandemic, but ESPN is going all-out. The broadcaster's ESPN2 channel is airing a 12-hour ESPN Esports Day on April 5th starting at 12PM Eastern, and there will be some hig…",https://www.engadget.com/2020-04-04-espn2-12-hours-of-esports.html,https://o.aolcdn.com/images/dims?resize=1200%2C630&crop=1200%2C630%2C0%2C0&quality=80&image_uri=https%3A%2F%2Fs.yimg.com%2Fuu%2Fapi%2Fres%2F1.2%2F3pj8rgxeFxJbvAXEpEKklw--%7EB%2Fdz0xNjAwO2g9OTAwO2FwcGlkPXl0YWNoeW9u%2Fhttps%3A%2F%2Fo.aolcdn.com%2Fimages%2Fdims%3Fcrop%3D1600%252C900%252C0%252C0%26quality%3D85%26format%3Djpg%26resize%3D1600%252C900%26image_uri%3Dhttps%3A%2F%2Fs.yimg.com%2Fos%2Fcreatr-uploaded-images%2F2020-04%2F810f4150-7685-11ea-bddd-9deac7397795%26client%3Da1acac3e1b3290917d92%26signature%3D395ad02abafcc64f595247c96b70afc8063d67f9&client=amp-blogside-v2&signature=e56171e66fb06e91d1b32fc3f7f960fec0c670dc,2020-04-04T16:46:00Z,"You can also expect to see the next phase of the NBA 2K Players Tournament at 6PM, when players like Devin Booker and Andre Drummond hitting the virtual basketball court. After that, much of the programming involves recaps. The first three hours of the marathon are recaps of Madden NFL 20 competitions like the Classic, Club Championship and Challenge, while Apex Legendsfans can revisit the EXP Pro-Am at 10PM.
Whether or not you see more like this may depend on viewership, but it's easy to see ESPN doing this again. Without conventional sports to show during the pandemic, much of the network's very reason for being has gone away. Events like Esports Day give ESPN something to offer until it's safe enough to resume in-person competition."
9,"{'id': 'the-verge', 'name': 'The Verge'}",Adi Robertson,Researchers want social media companies to preserve coronavirus misinformation data,"The Committee to Protect Journalists, Access Now, the EFF, and other organizations have asked social media companies to preserve misinformation takedown data during the coronavirus pandemic for future research and transparency purposes.",https://www.theverge.com/2020/4/22/21231061/cpj-access-now-researchers-letter-social-media-platform-coronavirus-preserve-misinformation-data,https://cdn.vox-cdn.com/thumbor/JWyFOz4J50OiF8OyksnvSytzDMs=/0x146:2040x1214/fit-in/1200x630/cdn.vox-cdn.com/uploads/chorus_asset/file/11560007/akrales_180614_1777_0121.jpg,2020-04-22T16:47:02Z,"The data provides an unprecedented opportunity
Photo by Amelia Holowaty Krales / The Verge
A group of scholars and nonprofit organizations have asked web platforms to keep track of the content theyre removing during the coronavirus pandemic so they can make it available to researchers studying how online information affects public health. The signatories including Access Now, the Committee to Protect Journalists, and EU DisinfoLab sent an open letter to social media and content sharing services, urging them to preserve data even as they remove misinformation.
The importance of accurate information during this pandemic is clear. But knowledge about the novel coronavirus is rapidly evolving, reads the letter. That creates an unprecedented opportunity to study how online information can affect health outcomes and to evaluate the consequences of specific moderation practices like using heavy automation. Such studies rely on information that your companies control including information you are automatically blocking and removing from your services. It is essential that platforms preserve this data.
It is essential that platforms preserve this data.
The letter urges companies to preserve content that is removed from the service, including accounts, posts, and videos. It also encourages them to keep records of the removal process itself, like whether a takedown was automated or received human oversight, whether users tried to appeal the takedown, and whether content was reported but left online. Some of that information could be included in public transparency reports, and other pieces could be released specifically to researchers. It will be crucial to develop safeguards to address the privacy issues raised by new or longer data retention and by the sharing of information with third parties, says the letter. But the need for immediate preservation is urgent.
The novel coronavirus has spurred companies like Twitter, Facebook, and YouTube to remove what they deem harmful misinformation, including stories that promote fake cures or suggest that health measures like social distancing dont work. Facebook has removed some calls for protests that violate state shelter-in-place rules, although that appears to be a very small proportion of the events. Twitter has deleted posts from Brazils and Venezuelas presidents on unproven treatments for COVID-19.
And researchers are looking at the links between peoples media diets and their behavior during the pandemic. A recent study examined the difference between viewers of Fox News hosts Sean Hannity and Tucker Carlson, who took starkly different stances on the coronavirus the former downplayed its importance, while the latter sounded an early alarm. Combining survey data from Fox News audiences with information about infection and death rates, researchers found that areas with a higher Hannity viewership had roughly 30 percent more cases in mid-March and 21 percent more COVID-19 deaths in late March. 
Social media has also created important channels for information and misinformation, so research into what users are seeing and what sites are removing could provide a valuable window into how people engaged with the pandemic. It could also help track any campaigns to deliberately sow confusion or panic and help platforms understand how to promote good information during a time of uncertainty."
10,"{'id': 'cnn', 'name': 'CNN'}","By <a href=""/profiles/julia-hollingsworth"">Julia Hollingsworth</a>, <a href=""/profiles/ben-westcott"">Ben Westcott</a> and Adam Renton, CNN","Coronavirus cases top 721,000 globally","The novel coronavirus pandemic continues to impact countries worldwide, particularly in Europe and the US. Follow here for live updates.",https://www.cnn.com/world/live-news/coronavirus-outbreak-03-30-20-intl-hnk/index.html,https://cdn.cnn.com/cnnnext/dam/assets/200213175729-01-coronavirus-0213-super-tease.jpg,2020-03-30T01:37:50Z,"Mainland China reported 31 new novel coronavirus cases as of the end of day Sunday, bringing the national total to 81,470, according to the National Health Commission. 
All but one of the new cases are from inbound travelers. 
One case was transmitted domestically in the country's north-central Gansu province. The country's current active cases of Covid-19 now stands at 2,396.
In addition, China reported four new Covid-19 deaths. All four were in Wuhan -- ground zero of the pandemic -- taking the countrys death toll to 3,304.
Of the 81,470 cases in the country, a total of 75,770 patients have recovered and been discharged from hospital."
11,"{'id': 'business-insider', 'name': 'Business Insider'}",Aaron Holmes,"Facebook, Google, and Apple are using data from millions of users to map COVID-19 and people's movements. Here are all the coronavirus maps and dashboards made by tech giants you can explore today.","<ul>
<li>Apple, Google, and Facebook are collecting data on people's movement from smartphone apps and using it to show where people have reduced their mobility or reported coronavirus symptoms.</li>
<li>The three tech giants have had access to this data for …",https://www.businessinsider.com/explore-coronavirus-maps-made-from-facebook-google-apple-user-data-2020-4,https://i.insider.com/5e9ef9c66985256420603346?width=1200&format=jpeg,2020-04-21T14:40:11Z,"Tech giants are joining the fight against coronavirus — and in the process, they're giving us a look under the hood at some of the user data they've been tracking all along.
Facebook, Google, and Apple have all released maps and dashboards in recent weeks powered by information from millions of users that show how COVID-19 is spreading. Each visualization reflects the unique type of data that each tech company is poised to collect from users.
Google and Apple both released tools that show people's mobility in specific areas and how much it's decreased amid government-mandated shutdowns. In both cases, the companies gleaned this data from people using Apple Maps and Google Maps, as well as location data from iPhone and Android users, respectively.
Facebook published a map showing how many people are reporting COVID-19 symptoms in each county in the US, gathering data by surveying millions of Facebook users. This week, the company also released a mobility dashboard that aggregates information on people's movements from a conglomerate of private companies, as well as public resources like satellite imagery and census data.
In all cases, the tech giants insist that the data is anonymized and can't be traced back to individuals. Privacy is also a central focus of forthcoming contact-tracing tech from Apple and Google that would use Bluetooth to alert people who come in contact with COVID-19 without tracking their location.
Here are all of the COVID-19 maps, charts, and dashboards from major tech companies made from aggregated user data."
12,"{'id': 'mashable', 'name': 'Mashable'}",Sam Haysom,Slack has seen a massive surge in users during coronavirus pandemic,"The coronavirus pandemic has had a huge impact on the working lives of people across the world. Some have taken pay cuts, some have lost their jobs, and many livelihoods are still at risk. But as more and more people work from home under government recommenda…",https://mashable.com/article/slack-surge-coronavirus/,https://mondrian.mashable.com/2020%252F03%252F26%252Fad%252F761f60f000654fcd9666bfb800cfbc8b.cdb24.jpg%252F1200x630.jpg?signature=iI8xcQoNFMC2FoDLkNX8bO6Ch-4=,2020-03-26T12:12:19Z,"The coronavirus pandemic has had a huge impact on the working lives of people across the world. Some have taken pay cuts, some have lost their jobs, and many livelihoods are still at risk.
But as more and more people work from home under government recommendation, there are also companies that have seen the opposite happen.
Slack is one of them.
On Wednesday night, the CEO of the instant messaging platform, Stewart Butterfield, took to Twitter to describe how recent weeks have affected the company.
My day job (also: night job) is CEO of Slack, a publicly traded company with investors to whom I am a fiduciary, 110k+ paying customers of all sizes, and thousands of employees I care about very, very much. The last few weeks have been Heres what it's been like. [Thread]
 Stewart Butterfield (@stewart) March 26, 2020
The thread Butterfield posted is a long one, chronicling how the situation unfolded from early March and, interestingly, how the number of Slack users sky-rocketed.
SEE ALSO: The most important thing to know about social distancing
On Tuesday. March 10, Slack hit 10 million simultaneously connected users. After that, it quickly passed the 10.5 million and 11 million milestones.
Butterfield also shared three charts, from March 12, 16, and 23, chronicling the number of ""newly created teams on Slack which we believe to be for workplaces."" 
You can see the massive spike in the second week of March, as more and more companies began encouraging staff to work from home.
And now we saw evidence of a huge increase in demand. This was March 12, so the ultimate impact wasnt yet clear. But we could see it in, e.g., this chart of newly created work teams. (The first chart from March 12. For context, same chart but four days and 11 days later.) pic.twitter.com/FZozm9ITs8
 Stewart Butterfield (@stewart) March 26, 2020
He also went on to compare Slack's growth in recent weeks with its growth in the second half of 2019, saying that the company added 5,000 customers in Q3 and Q4 combined, but had added 9,000 in Q1 this year alone.
Butterfield ended the thread with an offer for workers ""on the frontlines fighting COVID-19"" to use the service for free.
And if youre on the frontlines fighting COVID-19, we will do anything we can. Use it for free, ask us for advice. Email covid@slack.com. We are profoundly grateful for all you are doing. 
 Stewart Butterfield (@stewart) March 26, 2020
COVID-19, the disease caused by coronavirus, has infected over 416,000 people worldwide. Over 18,500 people have died."
13,"{'id': 'time', 'name': 'Time'}",Associated Press,Turkey Records Decrease in COVID-19 Deaths,"Turkey’s health ministry has announced 99 new deaths from COVID-19, the lowest in nearly two weeks. The total death toll has risen to 2,805.",https://time.com/5827676/turkey-coronavirus/,https://api.time.com/wp-content/uploads/2020/04/turkey-coronavirus.jpg?quality=85&w=1024&h=628&crop=1,2020-04-26T19:03:28Z,"(ISTANBUL) — Turkey’s health ministry has announced 99 new deaths from COVID-19, the lowest in nearly two weeks. The total death toll has risen to 2,805.
Health Minister Fahrettin Koca shared daily figures Sunday, showing 2,357 new confirmed cases, bringing the number of confirmed infections to 110,130.
“Today is the day with the lowest number of new cases in the past 20 days,” he tweeted.
The number of administered tests was also down to about 30,000 Saturday, which the minister attributed to a decreased need because of lower contact opportunities.
According to the data, 3,558 people were released from hospitals in the past 24 hours, making the number of recovered patients 29,140. Koca said the downward trend continued in patients needing intensive care.
Turkey ranks seventh in the world for the number of confirmed infections, according to Johns Hopkins University, but experts believe the actual toll of the pandemic is higher than the tally.
Nearly 890,000 people have been tested in Turkey so far.
Contact us at editors@time.com."
14,"{'id': 'business-insider', 'name': 'Business Insider'}","mmcfalljohnsen@businessinsider.com (Morgan McFall-Johnsen), Morgan McFall-Johnsen","More than 370,000 people have recovered from COVID-19. Here's what we know about coronavirus survivors.","U.S. Navy/Chief Mass Communication Specialist Barry Riley/Handout via Reuters More than 372,000 people worldwide have recovered from the coronavirus. Recovered COVID-19 patients may have a residual cough or fatigue for weeks after major symptoms disappear. Th…",https://www.businessinsider.com/covid-19-recovery-survivors-immunity-2020-4,https://i.insider.com/5e8f560cc023204e827d8733?width=1200&format=jpeg,2020-04-11T11:26:00Z,"Most people who get the coronavirus recover. More than 372,000 such cases have been documented worldwide.
""Eventually, if all goes well, your immune system will completely destroy all of the virus in your system,"" Tom Duszynski, director of epidemiology education at Indiana University–Purdue University Indianapolis, wrote in The Conversation. ""A person who was infected with and survived a virus with no long-term health effects or disabilities has 'recovered.'""
Still, many uncertainties remain: It's not yet clear how many people have recovered, how the illness will affect them in the long run, or how long they'll be immune.
Here's everything we know about the people who have recovered from COVID-19.
Recovery by the numbers
NYU Langone Health workers join in a round of applause for medical staff and essential workers on the front lines of the coronavirus pandemic on April 6, 2020 in New York City.
Noam Galai/Getty Images
Although more than 372,000 people who had the coronavirus had recovered worldwide, according to a Johns Hopkins University database, the true number is probably far higher than that.
While Johns Hopkins tracks case counts and death tolls reported by each county and region across the globe, data on recoveries is less precise. Many counties, states, territories, and regions don't report how many of their residents have recovered.
""Recovered cases outside China are country-level estimates based on local media reports and may be substantially lower than the true number,"" Douglas Donovan, a spokesman for the university, told CNN.
Plus, due to limited testing availability in some countries, including the US, the most severe cases are prioritized for official diagnoses. People who have mild symptoms, or none at all, are less likely to get tested — if they even seek testing in the first place. That means that many mild infections are not included in the count of total cases or recoveries.
That can skew experts' understanding of the disease and how they predict its trajectory.
""Knowing the real number of infected people in the population would be very useful to have better models of when disease will peak and decline, and also when we can begin to return people to work,"" Dr. Bala Hota, a professor of infectious diseases and Associate Chief Medical Officer at Chicago's Rush University Medical Center, told CNN.
What recovery is like
A medical staff member is seen next to a patient suffering from the coronavirus in the intensive-care unit at the Circolo hospital in Varese, Italy, April 9, 2020.
Flavio Lo Scalzo/Reuters
Hota told CNN that many patients still have a mild cough and feel tired even once they're considered recovered and are no longer contagious. It can take a long time to fully get back to normal.
""It takes anything up to six weeks to recover from this disease,"" Dr. Mike Ryan, executive director of the World Health Organization's Health Emergencies Program, said in a March press briefing. ""People who suffer very severe illness can take months to recover from the illness.""
The process is different for patients who were put on a ventilator. 
""What we're seeing in patients who end up on ventilators is that they often stay on them for several weeks,"" Dr. J. Randall Curtis, a professor at the University of Washington Harborview Medical Center, told US News &amp; World Report. ""And then, coming off the ventilator, they're often going to be in the ICU for several days, and then back [in a regular hospital unit] for a few days to a week or so to regain their strength.""
Lasting effects
In a CT scan of a COVID-19 patient's lungs, white patches of ""ground glass opacity"" indicate fluid filling the lungs.
Junqiang Lei, Junfeng Li, Xun Li, and Xiaolong Qi
Dr. Shu-Yuan Xiao, a pathology professor at the University of Chicago School of Medicine, told ABC News that most people with mild cases of COVID-19 should recover ""with no lasting effect."" The future is murkier for patients who develop severe illness, though.
Hong Kong's Hospital Authority reported in March that within a group of 12 recovered patients, ""two to three"" showed decreased lung capacity in follow-up visits with doctors. Those few patients gasped for air when they walked, according to the South China Morning Post. Scans of nine patients' lungs revealed signs of organ damage.
But because the coronavirus was first identified in December, there hasn't been much time to research recovered patients and publish the findings.
""This is a little bit of an understudied group,"" Hota said.
Experts do have a sense of the effects that severe pneumonia can have on the body, though. If a patient develops acute respiratory distress syndrome (ARDS), that can scar their lung tissue.
""It's the same general thing that you have with any type of phenomena that's severe enough to land you in the ICU,"" Dr. Amesh Adalja, an infectious-disease expert at the Johns Hopkins Center for Health Security, told ABC News.
Adalja and Xiao both said that some severely ill patients may never recover full lung function.
Antibodies and immunity
A Stanford medical student handles a blood sample.
Ray Chavez/MediaNews Group/The Mercury News/Getty Images
People who have been infected develop antibodies that can probably fight off the coronavirus if they encounter it again. This makes them immune, but it's unclear how long the protection lasts.
Dr. Anthony Fauci, director of the National Institute of Allergy and Infectious Diseases, said in an interview on The Daily Show that he was ""willing to bet anything that people who recover are really protected against re-infection.""
He also said earlier this week that because the virus doesn't seem to be mutating much, people who recover will likely be immune should the US see a second wave of spread in the fall.
""If we get infected in February and March and recover, next September, October, that person who's infected — I believe — is going to be protected,"" Fauci said.
That's why identifying people who've recovered is imperative in the fight against the outbreak — those people could return to work safely.
A handful of companies are developing blood tests that can detect COVID-19 antibodies to identify people with immunity.
""Ultimately, this might help us figure out who can get the country back to normal,"" Florian Krammer, a professor in vaccinology at Mount Sinai's Icahn School of Medicine, told Reuters. ""People who are immune could be the first people to go back to normal life and start everything up again.""
However, some reports have stoked fears that immunity doesn't last as long we'd hope. The Korean CDC said Monday that a group of 51 people who had recovered from the coronavirus later tested positive, according to the government-funded Yonhap News Agency. China has reported similar incidents. But the KCDC's director-general, Jeong Eun-kyeong, said it's more likely that the virus reactivated in the 51 patients, rather than that they got reinfected.
When you can leave self-quarantine
Farah Al-Awadi, a 28-year-old Iraqi woman who left quarantine after her recovery from COVID-19, wears a protective mask while her father kisses her at her home in Najaf, Iraq, April 1, 2020.
Alaa-Marjani/Reuters
If you're sick and wondering how to know when you've recovered, the CDC's guidelines depend on whether or not you were tested.
If you weren't tested and probably won't be, you should stay isolated until you meet three criteria: You've have had no fever for at least 72 hours (without fever-reducing medication), your other symptoms (such as shortness of breath or coughing) have improved, and at least seven days have passed since the onset of symptoms.
If you have gotten or will receive a diagnostic test, you need to test negative twice, 24 hours apart, before leaving isolation. Those tests must be done after you no longer have a fever (without fever-reducing medicine) and after other symptoms have improved.
Once you have met these criteria, you can leave your home for essential outings, in accordance with your city, county, and state rules. You should still minimize contact with others, though, as well as disinfect all surfaces, clothes, and objects you've touched.
Crystal Cox/Business Insider
Scientists still aren't sure when a person with the virus stops being contagious to others, but a team of German researchers found that coronavirus patients ""shed"" high amounts of virus early on in their infection. (The research is not peer-reviewed yet, however.) In mild cases, the amount of the virus the gets shed decreased significantly after day five.
Patients with mild cases were not infectious eight days after they first started experiencing symptoms. The serious cases were not infectious after day 10 or 11.
Holly Secon contributed reporting.
Loading
Something is loading."
15,"{'id': 'the-next-web', 'name': 'The Next Web'}",Ben Dickson,How to track COVID-19 without invading privacy,The past few months have taught us an important lesson: We’re bad at handling highly contagious diseases. The Earth’s growing population and the ease with which we can travel long distances have contributed to the fast spread of the novel coronavirus to more …,https://thenextweb.com/syndication/2020/04/25/how-to-track-covid-19-without-invading-privacy/,https://img-cdn.tnwcdn.com/image/tnw?filter_last=1&fit=1280%2C640&url=https%3A%2F%2Fcdn0.tnwcdn.com%2Fwp-content%2Fblogs.dir%2F1%2Ffiles%2F2020%2F04%2F1-31.jpg&signature=18b7836524b52c8a7935a09f34f22ddd,2020-04-25T09:00:56Z,"The past few months have taught us an important lesson: Were bad at handling highly contagious diseases. The Earths growing population and the ease with which we can travel long distances have contributed to the fast spread of the novel coronavirus to more than 200 countries.
For the moment, the main question is, how do we stop the spread of the virus? For states, the choice is between health and the economy. They must either shut down their economies and impose nationwide quarantines to prevent the spread of COVID-19, or continue business as usual and risk infecting millions of people with the virus. Most governments have chosen the former.
But even though our lives will never return to its former state, humanity will eventually overcome the coronavirus. The aftermath, however, the tragic deaths, the economic recession, and the shock of everything else were experiencing today will face our governments with a new question: How do we stop the next pandemic? The options will then shift to choosing between health and privacy.
We already have the tools that can help to fight the spread of diseases such as COVID-19. Mobile phones, internet of things (IoT) devices, wearables, security cameras powered by artificial intelligence algorithms, and other advanced technologies of the past decade can enable us to precisely track every persons location, vital signs, and health status. They can help track collocations, find out who else might have been infected by a patient, warn citizens about infections in their proximity, prioritize testing and care, manage local quarantines, and more.
Read: [Coronavirus didnt kill our privacy it just exposed the corpse]
With the help of technology, governments will be able to control the spread of infectious diseases without the need to shut down their entire economies and sending everyone home. Already, several countries have passed laws that are loosening privacy rules to allow government agencies and tech companies to cooperate in the fight against COVID-19.
But the power of technology goes beyond that, and it can serve evil purposes as well. States such as China are already using state-of-the-art technology to openly establish a surveillance regime with the help of large tech companies. Western governments have so far been reluctant to follow suit (even though tech giants have not), and the voices of privacy advocates have been loud enough to hold digital Big Brother in check to some degree.
As the coronavirus pandemic unfolds, privacy advocates are raising the alarm and warning against solutions that breach citizens privacy. But with health taking a front-row seat, the digital surveillance regime is becoming justified and the privacy argument sounds less convincing.
To help address this problem, a group of computer scientists at Boston University has proposed a solution that can help track contagious diseases without the need for dystopian privacy-invading tools.
The default privacy-invading option
The default and easiest way to solve the problem of tracking infectious diseases is to use the traditional server-client structure that underlies most internet services and applications. An application installed on the users mobile app regularly records the persons location and transmits the information to a data center that stores it.
The location data can be consolidated with other information such as body temperature, blood pressure, and other vital signs obtained from wearable medical devices. When a person contracts COVID-19 or another infectious disease, the server application queries its database for all users who might have come in contact with or been in the vicinity of the infected person. The server can then notify those people, instruct them to self-quarantine, and prioritize them for testing. This kind of contact tracing is vital to stopping the spread of viruses.
There are many other benefits to such a system, lets call it the health-tracker app. For instance, its data can be fed to machine learning algorithms to develop predictive models of the spread of the virus based on movement patterns. It can also warn users to avoid areas frequented by infected persons. Some companies have already developed AI-powered solutions that have predicted the spread of COVID-19 with remarkable accuracy.
Many large tech companies are already doing location trackingsometimes without you knowing about itfor commercial purposes. But you can opt-out, avoid installing their tracking applications, use privacy-friendly alternatives, and use virtual private networks (VPN) or other tools that can hide your location. Not giving your location might deprive you of some of the convenient features of those apps or require you to pay for their services. Its a conscious choice you make between privacy and convenience.
But when installing the health-tracker app becomes law, you will be left to choose between preserving your privacy at the cost of breaking the law or abiding by the law at the cost of your privacy. Just as traffic police can stop you and ask to see your drivers license, the health police might stop you and verify that your health-tracker app is active and is registering your location. Breaking the law can earn you a fine or maybe get you some jail time for compromising public health.
The privacy-friendly alternative
Image source: NIAID
In a paper titled, Anonymous Collocation Discovery: Harnessing Privacy to Tame the Coronavirus, a group of computer scientists at Boston University proposes that we dont need to invade peoples privacy to protect them against infectious diseases. The paper provides the blueprint for an extremely simple scheme for providing fine-grained and timely alerts to users who have been in the close vicinity of an infected individual.
The purpose of this work is to demonstrate that it is possible to promptly and reliably notify individuals of past or present collocation with an infected person or surfacewith only minimal compromise of individual privacy and without maintaining any database of infected individuals or their locations, the researchers write.
The privacy-friendly health tracker is composed of a mobile application and a server. The mobile app generates a unique anonymous random token at regular intervals, say every minute. Instead of sending tokens to a server, however, the application stores it on-device and at the same time broadcasts it through the devices Bluetooth Low Energy (BLE) component. Devices that are within range and have the privacy-friendly health tracker installed to receive and store the tokens. These tokens comprise the devices collocation database.
The tokens contain no device, location, or personally identifiable information, so storing them on other devices has very minimal privacy risks. The tokens are also very small in size, so the application should be able to register dozens of millions without causing storage constraints for the device.
When a person tests positive for COVID-19 or some other infectious disease, a medical authority confirms the infection, and the app sends all the tokens it has generated to the application server. Again, with no device, location, or personal information being embedded in the tokens, the server will not be holding any sensitive information. Furthermore, theres no information to indicate whether two tokens come from the same user. This unlinkability promise ensures that the service cannot form a location trace of a participants movement patterns, thereby obviating the concern that a location trace may be connected to a specific person, the researchers write.
The application periodically polls the server for the list of infected tokens and compares them against its collocation database. In case of a match, the user will be warned of a possible collocation with an infected person. Due to the privacy-oriented nature of the application, they will not know of the time or the location or the person with whom they have come in contact. The user can then take the necessary measures, such as consulting with medical experts for the next steps.
The authors of the paper acknowledge that this is not a perfect solution. They write, We emphasize that being in close proximity with an infected person or surface is not a definitive indicator of transmission of disease: two people may be in close proximity without transmitting the virus, or the virus may transfer through aerosols between two parties whose collocation is separated by time. As such, the proposed ideas are intended to complement (not substitute!) effective prevention techniques such as social/physical distancing.
When combined with sufficient testing capacity and existing best practices from healthcare professionals, we hope that this may significantly reduce the infection rate, the researchers recommend.
What I especially like about the solution offered by the Boston University researchers is its simple and minimalist structure. I could imagine this application implemented on a wearable device, say a digital wristband with a few gigabytes of storage and a BLE component sold at a very low price. The device would not even need an internet connection, and the transmission of the data of infected patients could be performed by a separate application installed at hospitals and testing stations. This could even improve its security, preventing bad actors from flooding servers with bad data.
Last week, Apple and Google declared work on a COVID-19 tracker mobile application that is strikingly similar to the one proposed by the BU researchers. But I would still prefer to see this implemented on its own barebones device that has no extra components and minimizes the attack and abuse surface.
The effectiveness of these kinds of solutions depends on their mass adoption rate. While it remains to be seen how far the privacy-friendly health tracker will succeed, the work of Boston Universitys researchers provides a glimmer of hope that we dont need to live in a world where health will come at the cost of privacy.
This story is republished from TechTalks, the blog that explores how technology is solving problems and creating new ones. Like them on Facebook here and follow them down here:
Corona coverage
Read our daily coverage on how the tech industry is responding to the coronavirus and subscribe to our weekly newsletter Coronavirus in Context.
For tips and tricks on working remotely, check out our Growth Quarters articles here or follow us on Twitter."
16,"{'id': 'business-insider', 'name': 'Business Insider'}","feedback@businessinsider.com (Don Reisinger), Don Reisinger",Why some cases of COVID-19 are more severe than others,"Flavio Lo Scalzo/Reuters Based on the data we have so far, the consensus among experts is that people who are older, immunocompromised, or have significant underlying conditions are more likely to experience severe COVID-19 symptoms. A growing body of researc…",https://www.businessinsider.com/why-some-cases-of-covid-19-are-more-severe-2020-4,https://i.insider.com/5e90adfd0b3c9b51ea7e1f07?width=1200&format=jpeg,2020-04-10T17:52:48Z,"One of the big mysteries surrounding the current pandemic is why some people who test positive for the novel coronavirus exhibit mild symptoms — or none at all — while others have more severe outcomes.
A February report from the Chinese Center for Disease Control and Prevention based on 72,000 cases found that 81% of COVID-19 patients had moderate symptoms, 14% had a more severe reaction that required hospitalization, and 5% percent were considered critical enough to warrant ICU intervention. Other studies in Europe and the US have presented a similar profile.
Based on the data we have so far, the consensus among medical experts is that people who are older, immunocompromised, or have significant underlying conditions are more likely to experience severe symptoms and poorer outcomes. But COVID-19 has also killed hundreds, possibly thousands, of young people with no apparent underlying health conditions.
Far more data is needed to capably determine what puts someone at higher risk for life-threatening complications from COVID-19.
""This is one of the key areas being studied."" Abraar Karan, a professor of internal medicine at Harvard Medical School, told Business Insider. ""Aside from age and comorbidities, we don't know.""
Heart and lung health may be a factor
French SMUR rescue team wearing protective suits carry a patient at Strasbourg University hospital as France faces an aggressive progression of the coronavirus disease (COVID-19), March 16, 2020.
Christian Hartmann/Reuters
A growing body of research suggests that heart and lung function play a role in symptom severity. The study from China, for example, indicated COVID-19's fatality rate jumped from about 1% to 6% in those with lung disease or heart problems.
Another report, from Italy's National Institute of Health, found that of 355 COVID-19 patients who died, 30% had narrowed arteries and 7% had irregular heartbeats.
Immunologist Philip Murphy at the National Institute of Allergy and Infectious Diseases has theorized that variations in the gene carrying ACE2, an enzyme that attaches to the surface of lung and heart cells, may impact how easily the virus can enter those organs.
""If a person has a healthy set of lungs, then getting a serious infection might be survivable,"" Rishi Desai, chief medical officer for the medical-education site Osmosis, told Business Insider. ""A similar infection in someone who has very limited lung or heart function can overwhelm and kill them.""
Men are experiencing worse outcomes
Gender is also emerging as a predictor of coronavirus outcomes: In most countries, COVID-19 diagnoses are split fairly evenly between the genders, but fatality rates are much higher for men. In China, for example, 4.7% of men who contracted COVID-19 died, compared to just 2.8% for women. In hard-hit Italy, the disease was fatal for nearly 15% of men, but only 8.2% of women.
In Italy, the COVID-19 mortality rate among men is nearly twice as it is among women.
Emanuele Cremaschi/Getty Images
Unfortunately, in the US, the CDC's main COVID-19 tools, COVID-Net and its weekly activity tracker, don't provide gender information. States have also been lax in providing such data. But in every country where COVID-19 fatalities are tracked by sex, women have been more likely to survive.
That's not entirely surprising: The X chromosome houses the genes responsible for programming our immune system. So women, who have two X chromosomes, typically have a stronger immune response than men, who only have one.
In March, researchers from China's Huazhong University of Science and Technology found that women with severe cases of COVID-9 had more coronavirus antibodies than equally afflicted men, likely making them more able to fight off the virus.
The role of lifestyle in surviving COVID-19
It's also possible that men are more likely to succumb to COVID-19 because of their habits. The World Health Organization estimates, for example, that 34% of men over the age of 15 smoke cigarettes worldwide, compared to only 6% of women.
""Unhealthy lifestyle habits can absolutely increase your chances of experiencing more severe symptoms,"" Ramzi Yacoub, chief pharmacy officer at SingleCare, told Business Insider. ""Since COVID-19 directly impacts your lungs, people who smoke are at a higher risk, due to how harmful smoking is to your lungs and heart.""
Smokers are at a higher risk for serious complications from COVID-19.
Thomson Reuters
Alcohol consumption can contribute to liver disease, a risk factor for developing severe coronavirus outcomes, according to the CDC. The typical American male drinks four gallons of alcohol a year, compared to two for women.
America's obesity epidemic may also impact outcomes, University of Minnesota infectious disease expert Dr. Michael Osterholm said.
""We know that about 45% of the US population over the age of 50 is obese,"" Osterholm said in a March radio interview with WCCO. ""I worry that we are going to see a major increase in case fatality rates here in this country, compared to what's been seen in some other countries in the world, just because of that somewhat unique risk factor to us in the US.""
COVID-19 is disproportionately killing black Americans 
Although they account for 18% of the US population, African Americans represent a third of all US COVID-19 hospitalizations, according to new CDC data. White people represent 59% of the US population, but only 45% of hospitalizations.
In an analysis of 14 states, the CDC found that African Americans are also dying from the virus at alarmingly disproportionate rates. In hard-hit New York City, African Americans have been twice as likely to die from COVID-19 than whites, while in Chicago, 72% of recorded virus-related deaths were among African Americans, though they comprise just 32% of the population.
Data suggest the risk of a severe coronavirus outcome is increased by high blood pressure, diabetes, and asthma— all conditions more prevalent among black Americans. According to the US Department of Health and Human Services, nearly a third of African American adults have high blood pressure, compared to 24% of white adults.
In New York City, COVID-19 has killed twice as many blacks as whites.
Robin Gentry / EyeEm via Getty
But African Americans are also less likely to have health insurance than whites, making them more reticent to take on the cost of health services, according to a National Institutes of Health study. The NIH also found that African Americans have less access to quality healthcare, creating a higher likelihood of severe outcomes, regardless of the illness.
""The severity of this disease in the African American community is a crisis within a crisis,"" Wisconsin Gov. Tony Evers said, according to the AP.
Anthony Fauci, director of the National Institute of Allergy and Infectious Diseases, acknowledged in a White House briefing on Tuesday that people of color may have more comorbidities than white counterparts. But he added there is a duty to investigate the role of stigma and discrimination.
""When you're in the middle of a crisis, like we are now with the coronavirus, it really does, ultimately, shine a very bright light on some of the real weaknesses and foibles in our society,"" Fauci said. ""So when all this is over — and as we said, it will end, we will get over coronavirus — but there will still be health disparities, which we really do need to address in the African American community.""
Loading
Something is loading."
17,"{'id': 'business-insider', 'name': 'Business Insider'}","feedback@businessinsider.com (Laura Grace Tarpley), Laura Grace Tarpley",22 private student loan lenders that may help you with payments during the COVID-19 outbreak,"Justin Lewis/Getty Images If you've been financially impacted by COVID-19, your private student loan lender may help by offering forbearance, allowing payment modifications, or waiving late fees. We've listed 22 lenders that are helping borrowers with private…",https://www.businessinsider.com/private-student-loan-lenders-help-with-payments-2020-4,https://i.insider.com/5e87580815ea4b33212de673?width=1200&format=jpeg,2020-04-05T14:30:00Z,"Personal Finance Insider writes about products, strategies, and tips to help you make smart decisions with your money. We may receive a small commission from our partners, but our reporting and recommendations are always independent and objective.
Borrowers around America are probably stoked their federal student loan payments have been paused until September 30. What are you supposed to do if you have private student loans, though?
The CARES Act's rules for federal loans don't apply to private loans, and each private student loan lender has its own policies regarding payment assistance during this time. 
Find out how your lender can help. If your lender isn't on this list, reach out to ask whether it's offering help for people affected by the coronavirus.
Access Group
Access Group is handling payment assistance on a case-by-case basis. You can contact Firstmark (Access Group's servicer) to discuss forbearance options.
Learn more about Acces Group's response to COVID-19 here.
Advantage Education Loan
If you've been financially impacted by the coronavirus, Advantage Education Loan will offer disaster forbearance for up to 90 days. Call 1 (800) 693-8220 to set up forbearance.
Learn more about Advantage Education Loan's response to COVID-19 here.
Citizens Bank
You can apply for payment assistance through Citizens Bank for up to 90 days. You will not pay late fees, and the bank will not report late or missed payments to credit bureau agencies.
Learn more about Citizens Bank's response to COVID-19 here.
College Ave
You may qualify for disaster forbearance through College Ave for up to three consecutive months, but interest will continue to accrue. If you're already enrolled in auto pay, you will keep receiving the auto pay interest rate discount even while payments are paused.
To enroll in disaster forbearance, send an email to servicing@collegeave.zendesk.com. College Ave is aiming to respond to these emails within five business days.
Learn more about College Ave's response to COVID-19 here.
CommonBond
You can apply for natural disaster forbearance through CommonBond. Your student loan forbearance will last as long as the coronavirus is declared a national emergency. Interest will keep accruing, but CommonBond will waive late fees.
Learn more about CommonBond's response to COVID-19 here.
Discover
Discover is offering payment assistance for private student loans, but the company has not published details. Call 1 (800) STUDENT to speak with a representative.
Learn more about Discover's response to COVID-19 here.
Earnest
You can apply for disaster forbearance through Earnest for up to three months, but interest will continue to accrue. You can expect to hear back within 10 business days after you submit your request.
Learn more about Earnest's response to COVID-19 here.
Education Loan Finance
Education Loan Finance is offering student loan payment assistance on a case-by-case basis. You can call 1 (844) 601-ELFI or email answers@ELFI.com to discuss your situation.
Learn more about Education Loan Finance's response to COVID-19 here.
First Tech Federal Credit Union
First Tech is providing payment assistance on a case-by-case basis. You can submit a loan modification request online and check ""other"" when selecting which type of loan you're referring to.
Learn more about Education Loan Finance's response to COVID-19 here.
iHelp
iHelp is providing national emergency forbearance if you have not already defaulted on your student loans. Contact your iHelp representative to discuss your financial situation.
Learn more about iHelp's response to COVID-19 here.
Laurel Road
You may qualify for a payment extension or forbearance through Laurel Road. You can call MOHELA (Laurel Road's servicer) at 1 (877) 292-6845 to discuss payment options.
Learn more about Laurel Road's response to COVID-19 here.
LendKey
Lendkey is handling payment assistance on a case-by-case basis. Contact the team by emailing care@lendkey.com.
Learn more about LendKey's response to COVID-19 here.
MEFA
MEFA is offering payment assistance but does not provide details on its website. You can call MEFA's servicer, AES, at 1 (800) 233-0557 to discuss your financial situation.
Learn more about MEFA's response to COVID-19 here.
Navient
If you have private student loans through Navient, you can request disaster forbearance for up to three months. Remember that interest will continue to accrue during the forbearance period.
You may apply for Navient's Rate Reduction Program, which decreases your interest rate and monthly payment. Or you can ask Navient about its Interest Only Program or Extended Repayment Program.
Learn more about Navient's response to COVID-19 here.
Navy Federal Credit Union
Navy Federal Credit Union is offering forbearance for up to three months, although interest will continue to accrue. Discuss your situation with a representative by calling  1 (877) 304-9302.
Learn more about Navy Federal Credit Union's response to COVID-19 here.
PNC
You may be able to postpone or modify your payments through PNC. You can visit the American Education Services page to sign up.
Learn more about PNC's response to COVID-19 here.
Prodigy Finance
You can apply for forbearance for up to three months through Prodigy Finance, but interest will continue to accrue. If you were on time or ahead of schedule with your payments before applying for forbearance due to the coronavirus, Prodigy will keep reporting your payments as on time to credit bureaus.
You can contact Prodigy about forbearance by sending an email to payments@prodigyfinance.com.
Learn more about Prodigy's response to COVID-19 here.
RISLA
RISLA hasn't published details about payment assistance, but you can contact a representative at 1 (888) 758-7562 to discuss your options.
Learn more about RISLA's response to COVID-19 here.
Sallie Mae
Sallie Mae is offering payment assistance for those affected by the coronavirus. You can speak to an agent about your options via online chat.
Learn more about RISLA's response to COVID-19 here.
SoFi
SoFi encourages you to apply for deferral if you can't make your next payment. If you continue to face financial hardship, the company will work with you to continue assistance. Remember that interest will continue to accrue and the term of your loan will lengthen.
Learn more about SoFi's response to COVID-19 here.
Truist (previously SunTrust)
You may be able to pause student loan payments for up to 90 days through Truist. If you previously took out a loan through SunTrust, you can request payment assistance here.
Learn more about Truist's response to COVID-19 here.
Wells Fargo
Wells Fargo is offering payment assistance on a case-by-case basis. Contact Wells Fargo to discuss your financial situation.
Learn more about Wells Fargo's response to COVID-19 here.
Loading
Something is loading."
18,"{'id': 'business-insider', 'name': 'Business Insider'}",Reuters,A day fighting COVID-19: Maryland hospital staff share their hardest moments from grueling shifts,Rosem Morton/Reuters Nurses and doctors across the country have been working grueling shifts treating coronavirus patients for weeks as the outbreak delivers more heartbreaking scenes between sick patients and their loved ones. After finishing what for many w…,https://www.businessinsider.com/covid-19-us-hospital-staff-share-hardest-moments-on-shift-2020-4,https://i.insider.com/5e9718d773d0c8567069b9f5?width=1200&format=jpeg,2020-04-15T14:43:05Z,"BALTIMORE, Md. (Reuters) - The shifts are long and the scenes are heartbreaking inside a Maryland hospital where nurses and doctors have been treating coronavirus patients for weeks, unable to let family inside to visit loved ones on their death beds.
One of the hardest moments of a recent workday for registered nurse Julia Trainor was intubating a patient and then calling the patient's husband so he could talk to his wife. He was not allowed in the hospital.
""I had to put him on the phone and hold the phone to her ear as he told her that he loved her so much, and then I had to wipe away her tears,"" says Trainor, who works in a surgical intensive care unit. ""I'm used to seeing very sick patients and I'm used to patients dying, but nothing quite like this.""
The highly infectious COVID-19 disease caused by the novel coronavirus has infected more than 580,000 people across the United States and killed nearly 24,000.
In Maryland, where residents have been ordered to stay at home since March 30 to stem the spread of the disease, around 9,000 have tested positive for the virus and more than 260 have died.
After finishing what for many was a more than 12-hour shift, some nurses and doctors at one hospital shared with Reuters the hardest moments of their days. The hospital asked that it not be named.
The medical workers agreed that one of the toughest parts of the job — more than the exhausting schedule or adjusting to working in a new unit — was witnessing the toll on patients and families.
Because of the hospital's no-visitor policy, which was implemented to prevent further spread of the virus, the medical staff must care for the patients' physical needs and offer as much emotional support as they can muster in the absence of the patients' families.
""The hardest moment during the shift was just seeing COVID patients die helpless and without their family members beside them,"" says Ernest Capadngan, a nurse in the hospital's biocontainment unit.
Communicating with the families has weighed heavily on the hospital staff. Staff cannot bend the no-visit rules, even when a family calls in desperation.
""I had a patient fall out of bed today and I had to call his wife and tell her and she couldn't come to see him, even though she pleaded and begged to come see him,"" says Tracey Wilson, a nurse practitioner.
""One of the hardest moments was having to see a family member of a COVID patient say goodbye over an iPad,"" says Tiffany Fare, a nurse in the biocontainment unit. ""You can't see your loved one and then they're gone.""
There are very few opportunities to rest during a shift, although colleagues look out for one another and try to cover for each other when someone needs a break.
Cheryll Mack, a registered nurse in the emergency room, says she tries to get outside for 15 minutes during the day to breathe.
""It has given me relief, just fresh air,"" Mack says.
Each shift concludes with a similar decontamination drill. Nurses and doctors must remove their personal protective equipment and shower immediately before coming in contact with their family at home.
""I take a very long, very hot shower. And then I usually sit on the couch and... read a book or watch some mindless reality show in order to destress,"" says Martine Bell, a nurse practitioner.
Laura Bontempo, an emergency medicine physician, says she removes her work clothing and gear in a decontamination tent she has set up outside her home, and then wraps herself in a towel and runs inside to shower.
Then she puts the scrubs in the washing machine by themselves to not contaminate any other items.
Meghan Sheehan, 27, a nurse practitioner, says she drives home each night without turning on the radio and uses the quiet time to reflect on her shift and her patients. When she gets home, she tries hard not to dwell on the day.
""I go home, I shower immediately and try to have dinner with family, and try to not talk about it,"" she said. ""Nighttime is definitely the hardest because you're constantly thinking about what the next day will bring.""
(Writing by Gabriella Borter in New York, Editing by Rosalba O'Brien)
Loading
Something is loading."
19,"{'id': 'business-insider', 'name': 'Business Insider'}","cwood@businessinsider.com (Charlie Wood), Charlie Wood",Trump said Apple and Google's COVID-19 tracing tech posed 'big constitutional problems',"Reuters President Trump claims Google and Apple's technology for detecting COVID-19 poses ""big constitutional problems"" for ""a lot of people."" The US president made the remark during a White House press briefing on Monday, adding that the issue would be discu…",https://www.businessinsider.com/trump-apple-google-covid-19-tracing-tech-constitutional-problems-2020-4,https://i.insider.com/5e8c2a4215ea4b13f33ef973?width=1200&format=jpeg,2020-04-14T09:28:15Z,"President Trump said Google and Apple's technology for detecting COVID-19 poses ""big constitutional problems"" for ""a lot of people.""
The US president made the remark during a White House press briefing on Monday, adding that the issue would be discussed over the next four weeks.
On Friday, Google and Apple announced a partnership that will see them create a Bluetooth-driven contact-tracing system for detecting the spread of coronavirus, which will gradually be rolled out in the coming months.
The basic idea is to alert people if they have come into contact with someone infected with the virus.
Discussing this tech, and how it might be used, Trump said: ""We have more of a constitutional problem than a mechanical problem, but we will be making a determination on that. That's something we're gonna be discussing with a lot of people over the next four weeks. That would be a very accurate way of doing it, but a lot of people have a problem with it.""
It's not clear what specific constitutional problems Trump thinks the tech poses, but the firms say it will require explicit user consent and does not collect personally identifiable information.
People who test positive for COVID-19 will not be identified to other users, Google, or Apple.
The partnership would enable iOS and Android devices to communicate using apps from public-health authorities. with the firms initially aiming to release a set of APIs in May that would enable interoperability between Android and iOS.
Then, over the coming months, the firms hope to build a broader, more robust platform for tracking the spread through Bluetooth technology that users can opt in to.
Loading
Something is loading."
