,source,author,title,description,url,urlToImage,publishedAt,content
0,"{'id': 'mashable', 'name': 'Mashable'}",Sasha Lekach,Very good robot dog helps healthcare workers talk to coronavirus patients,"Robot cars were already helping transport medicine. Now, robot dogs are helping protect healthcare workers from the coronavirus.
Spot, a four-legged robot from robotics company Boston Dynamics, is being put to use at Brigham and Women’s Hospital in Massachuse…",https://mashable.com/article/boston-dynamics-telemedicine-robot-dog/,https://mondrian.mashable.com/2020%252F04%252F23%252F73%252Fb16bfd056d074f708b58478e854c49f5.c79fd.jpg%252F1200x630.jpg?signature=WSBqshOZI0WCI_PcKAUbwyTAoSQ=,2020-04-23T15:14:43Z,"Robot cars were already helping transport medicine. Now, robot dogs are helping protect healthcare workers from the coronavirus.
Spot, a four-legged robot from robotics company Boston Dynamics, is being put to use at Brigham and Womens Hospital in Massachusetts during the coronavirus pandemic. In a paper released Thursday, Boston Dynamics explained how the quadruped bot was quickly transformed into a medical worker in a matter of weeks. 
With an iPad and two-way radio on the robot, healthcare workers video conference with patients and remotely control Spot as the robot dog walks through rooms with infected or potentially infected patients. 
SEE ALSO: Self-driving cars are now helping people affected by COVID-19
After the hospital reached out to Boston Dynamics six weeks ago, Spot has been reprogrammed to help with initial patient assessments. These are real patients with coronavirus symptoms that usually require up to five healthcare professionals to assess them. 
Boston Dynamics is opening up its software and hardware to help more medical workers avoid exposure with telemedicine. It wants robotics teams to develop new ways to remotely measure body temperature, respiratory rate, pulse rate, and oxygen saturation. 
Only a month ago, Spot was helping factory workers. Now the robotic dog is helping essential medical workers interact with people with COVID-19."
1,"{'id': 'mashable', 'name': 'Mashable'}",Mark Kaufman,Stop comparing coronavirus to other deadly viruses,"The new coronavirus has some stark differences from other relatively recent, grim outbreaks of disease. 
Take, for example, the SARS outbreak in 2003 (also a coronavirus), the H1N1 flu in 2009, or even the ongoing HIV epidemic. They don't compare for a number…",https://mashable.com/article/coronavirus-versus-sars-flu-hiv/,https://mondrian.mashable.com/2020%252F04%252F21%252F32%252F8f64f02654284236b769d880485445cb.ccde1.jpg%252F1200x630.jpg?signature=etC7iwH2RWiIQZJNXb9MkRst4WY=,2020-04-21T16:32:45Z,"The new coronavirus has some stark differences from other relatively recent, grim outbreaks of disease. 
Take, for example, the SARS outbreak in 2003 (also a coronavirus), the H1N1 flu in 2009, or even the ongoing HIV epidemic. They don't compare for a number of reasons.
This coronavirus is novel, which means infectious disease experts necessarily have much more to learn about the recently-emerged microbe, particularly how to develop treatments to combat or quell the resulting disease, COVID-19. Still, dubious comparisons have been made to earlier virus outbreaks that either were successfully contained or already have treatments, suggesting that the new coronavirus might be similarly managed. Meanwhile, flag-waving protesters at crowded, conservative demonstrations claim the new pathogen isn't too serious as they rail against the large-scale shutdowns intended to curb the spread of this still-developing outbreak.
""The danger of these comparisons is its apples and oranges,"" said Dr. Vince Silenzio, an M.D. and professor at the Rutgers School of Public Health. ""It's so different.""
Of note, there are no approved antiviral medications to treat the new coronavirus. In contrast, there are proven drugs to combat influenza and effective medications to keep people infected with HIV healthy. And unlike coronavirus, SARS which did not spread widely in U.S. communities and killed a total of 774 people globally in 2003 was contained. This coronavirus, meanwhile, swept through the nation while the federal government led by a president who in January said ""We have it totally under control"" failed to test and isolate infected Americans. (For reference, so far there have been over 1,000 reported American COVID-19 deaths each dayfor 19 straight days in April.)
Now, the virus is everywhere, and it may take years to put a lid on this pathogen. ""This one has spread to a lot of people and spread quickly,"" said Silenzio. The microbe is hospitalizing severely sick young and old people alike, though people over 65 are the most vulnerable. 
Unlike SARS or Ebola, which sicken people relatively quickly, many folks infected with this coronavirus are healthy carriers, meaning they can unwittingly spread the microbe (even by talking) while they feel fine. Some asymptomatic people are coronavirus ""super-spreaders.""
And critically, there's no vaccine for this new virus, and there probably won't be one for at best a year to 18 months.
What is known about this coronavirus is that it's already killed over 42,000 Americans (as of April 21), and it's on track to, optimistically, kill tens of thousands more. It's pernicious.
""It is very dangerous at the peak of this pandemic to treat this virus as pedestrian, especially by making false equivalence arguments to previous experiences with pandemic viruses,"" said Mark Cameron, an immunologist at Case Western Reserve University who helped contain the outbreak of SARS.
Compared to well-researched pathogens like SARS, HIV or the 2009 H1N1 'swine' influenza, scientists are ""deeply concerned"" about the ""mounting unknowns"" of COVID-19, emphasized Cameron. That's because COVID-19 is already having a devastating impact on our most vulnerable citizens and overtaxed health care systems, he said. 
It's unknown why the virus makes some people perilously sick, but perhaps one in four people have no symptoms at all. It's uncertain how many people in the U.S, have been infected, and it's unknown if people can really be reinfected or how long people remain immune.
""We are standing on the shore and were looking out at the water ahead of us,"" said Silenzio. ""We can see the horizon, but we don't know whats over the horizon.""
Although coronavirus is not nearly contained and some weighty questions about it loom large, society does have a potent public health weapon to limit its spread a weapon CDC director Robert Redfield has called ""powerful.
"" It's social distancing. And it's almost certainly having a big influence on driving down infections and deaths. You can't infect people if you're not exposed to them.
Some might call current, unprecedented social distancing measures too severe, or as U.S. Attorney General William Barr labeled them, ""draconian."" But they're one of the few public health weapons in our arsenal. 
""Social distancing is one of the only tools we have,"" Brian Labus, a professor in the University of Nevada, Las Vegas School of Public Health told Mashable earlier this month. ""It's not like we have treatments. It's not like we have a vaccine.""  
""We don't know whats over the horizon.""
""Its too early to debate whether the dramatic measures we are taking are too severe in ultimately containing COVID-19 as it peaks,"" compared with how we've dealt with previous, better-understood outbreaks, said Cameron. ""Whats at risk is a disastrous wholesale run of COVID-19 through our population without treatments and vaccines to adequately deal with it.""
The ship has long sailed on keeping this outbreak under control. It's different than SARS and many past influenzas, which we have contained and treated. Virologists, immunologists, and public health experts now have a historic task ahead in finding ways to manage this novel coronavirus pandemic and, inevitably, future ones."
2,"{'id': 'engadget', 'name': 'Engadget'}",Christine Fisher,WhatsApp and WHO create a chatbot to share reliable coronavirus info,"In an attempt to help users find accurate coronavirus information, WhatsApp and the World Health Organization (WHO) have launched a chatbot that will answer questions about the pandemic. When users text ""hi"" to the new WHO Health Alert (+41 79 893 1892), the …",https://www.engadget.com/2020/03/20/whatsapp-who-coronavirus-chatbot/,https://o.aolcdn.com/images/dims?resize=1200%2C630&crop=1200%2C630%2C0%2C0&quality=80&image_uri=https%3A%2F%2Fo.aolcdn.com%2Fimages%2Fdims%3Fcrop%3D5000%252C3120%252C0%252C10%26quality%3D85%26format%3Djpg%26resize%3D1600%252C999%26image_uri%3Dhttps%253A%252F%252Fs.yimg.com%252Fos%252Fcreatr-images%252F2020-03%252F02176190-6ad0-11ea-9b6f-7881a66c09b2%26client%3Da1acac3e1b3290917d92%26signature%3De33ca39661bdbc59b4ebef5a49a45b7982fe5bb3&client=amp-blogside-v2&signature=bf7e67227bc13a9de43aed039100944cab449c0e,2020-03-20T19:51:00Z,"Yesterday, WhatsApp unveiled a coronavirus fact-checking hub in partnership with the WHO, UNICEF and the United Nations Development Programme. That's intended to share the latest news and advice related to COVID-19. The chatbot will go one step further and let users ask questions directly. WhatsApp also donated $1 million to support fact-checking organizations.
To receive updates on #COVID19 from WHO add this number— +41 79 893 18 92 to your contacts and send a @WhatsApp message. You'll automatically be registered to receive updates and also have an option to ask for more information as shown below. pic.twitter.com/WXaGd88AGf
— WHO Uganda (@WHOUganda) March 20, 2020
According to The Guardian, the UK's NHS may also be developing a WhatsApp chatbot to share reliable coronavirus information. NHS already helps people in the UK find reliable health info via Google, and it has partnered with Amazon on an Alexa-based chatbot, so it could be well-positioned to add a WhatsApp bot.
While WhatsApp started as a messaging service, it has grown into a social network, and it's now used by over two billion people worldwide. It also poses a unique challenge in the fight against misinformation. Unlike other social networks and search engines, its messages are encrypted and untraced. As The Guardian points out, that makes it especially difficult for WhatsApp to crack down on false claims.
Last year, WhatsApp reduced its message forwarding limit to just five people or groups in an attempt to curb misinformation, and in 2018, it banned over 400,000 accounts during Brazil's election by cracking down on ""automated and bulk messaging activity."" WhatsApp has also made it easier to prevent contacts from dragging you into annoying group chats. Chatbots from reliable sources like the WHO could be another way to combat misinformation.
WhatsApp will likely play an important role in the coronavirus pandemic. Hopefully, it is a positive one."
3,"{'id': 'mashable', 'name': 'Mashable'}",Amanda Yeo,'Incapable of absorbing reality': Seth Meyers blasts Trump's desire to end coronavirus lockdown early,"""Some people were still holding out hope that when shit got serious Trump would get serious, when in reality it was clear he would just be shit,"" Late Night host Seth Meyers quipped on Thursday. President Donald Trump has been pushing to quickly reopen the co…",https://mashable.com/video/seth-meyers-donald-trump-kellyanne-conway-coronavirus/,https://mondrian.mashable.com/2020%252F04%252F17%252F69%252F1c114506508b44468ebcba832c6123b9.fe0b5.jpg%252F1200x630.jpg?signature=NMdh9k-LIXuRDZGuT6rpkEvSQ1E=,2020-04-17T06:33:09Z,"""Some people were still holding out hope that when shit got serious Trump would get serious, when in reality it was clear he would just be shit,"" Late Night host Seth Meyers quipped on Thursday. 
President Donald Trump has been pushing to quickly reopen the country despite the coronavirus continuing to pose a threat, stating that ""when somebody's the president of the United States, the authority is total."" It's a very ""when the president does it it's not illegal"" sort of line. It's also very wrong, as state governments already have individual authority to decide when and how they will reopen an authority Trump erroneously claimed he would give them.
""He's like a boss who thinks he's being generous by telling his employees, 'Hey, when your shift ends tonight feel free to, you know, go home to your families or whatever,'"" said Meyers. ""'I give you the permission to do that.'"" 
Of course, despite Trump's self-proclaimed total authority, he famously didn't accept any responsibility for failures in the federal government's response to the coronavirus. Apparently for Trump, with great power comes no responsibility. He's like a terrible Spider-Man.
Meyers also took a shot at Counselor to the President Kellyanne Conway, who accused the World Health Organisation of ineptitude because ""this is COVID-19, not COVID-1."" Trump announced earlier this week that the U.S. would be pulling funding from the organisation.
""Oh my god, you absurd lady Beavis,"" said an exasperated Meyers. ""COVID-19 is named after the year it was discovered: 2019. There weren't 18 COVIDs before this one. You're confusing it with the Fast and Furious movies."""
4,"{'id': 'business-insider', 'name': 'Business Insider'}",Andrew Dunn,"Here are the 15 leading coronavirus treatments already being tested in COVID-19 patients, and the major trials now underway to see if they work","Researchers are trying a wide range of existing drugs against the novel coronavirus, hoping to find a treatment that fights the virus or alleviates patients' symptoms. These repurposed drugs are the only near-term hope for a coronavirus treatment. Dozens of t…",https://www.businessinsider.com/list-coronavirus-treatments-tested-in-clinical-trials-2020-4,https://i.insider.com/5e9087c229d6d94a3a43a737?width=1200&format=jpeg,2020-04-10T16:50:00Z,"Repurposed drugs are the most promising options for finding a treatment quickly for COVID-19, the disease caused by the novel coronavirus.
Dozens of clinical trials are enrolling patients and testing drugs originally designed for other ailments, such as Ebola, HIV, malaria, and arthritis. Results will trickle in over the coming weeks and months.
These potential treatments have already been tested in humans for other diseases, and some are already approved to treat other conditions. That means we already know how safe they are for people to take, and what side effects to expect. Therefore, researchers can skip some of the early steps of drug development, and instead move them quickly into human trials testing their efficacy in COVID-19. 
While repurposed drugs can be tested now, they aren't expected to be anything close to a panacea for the virus. The gold standard for halting infectious diseases remains vaccines, which can protect healthy people from getting infected in the first place.
Vaccine research typically takes years. Even under the urgency of this pandemic, US health officials have said it will take at least a year to know if any vaccine is safe and effective.
Other biotech and pharma companies are scrambling to craft new therapeutics. These will be tailored specifically to fighting this novel coronavirus. Even under the most aggressive timetables for clinical testing, those won't be widely available to patients until at least the fall. 
That leaves repurposed drugs as the near-term hope. Here are the top candidates and how they are being tested against COVID-19. These treatments have already been tested in people and are now in late-stage trials to find out whether they work against the coronavirus."
5,"{'id': 'mashable', 'name': 'Mashable'}",Rachel Kraus,"With the world stuck at home, Snapchat user numbers and time in Discover soars","Snap has not been exempt from the havoc COVID-19 has wreaked on the economy. However, the company's first quarter earnings report on Tuesday proved that it might weather the storm just fine.
Snap reported that in the first quarter of 2020, its Daily Active Us…",https://mashable.com/article/snap-q1-2020-earnings-coronavirus/,https://mondrian.mashable.com/2020%252F04%252F21%252F89%252F205067f83008403f9712c63dbb2a3532.67f58.jpg%252F1200x630.jpg?signature=aNEG2_cVm1G5ThK4TEDR_KXopfs=,2020-04-21T23:05:09Z,"Snap has not been exempt from the havoc COVID-19 has wreaked on the economy. However, the company's first quarter earnings report on Tuesday proved that it might weather the storm just fine.
Snap reported that in the first quarter of 2020, its Daily Active Users (DAUs) reached 229 million, a 20% increase compared to Q1 of 2019. The way people are using the platform has also grown: time spent on Discover has increased 35% in the last year, and people created more than 4 billion snaps each day on average (in 2018, that number was 3 billion).
While Snapchat attributes those numbers, as well as positive statistics about revenue and cash flow to investments in product development, distribution partnerships, and more, Snapchat also said that it has seen increased use numbers in the timeframe and areas most affected by coronavirus. It reported that ""communication with friends increased by over 30% in the last week of March compared to the last week of January, with more than a 50% increase in some of the geographies that were most impacted.""
As Mashable has previously reported, Snapchat has been actively rolling out resources, content, and even pretty dang cute stickers to help its community stay informed about coronavirus. 
We are grateful for the opportunity to serve our community and partners during this difficult time, Evan Spiegel, Snap's CEO, said in the company's statement. Snapchat is helping people stay close to their friends and family while they are separated physically, and I am proud of our team for overcoming the many challenges of working from home during this time while we continue to grow our business and support those who are impacted by COVID-19.
Over the past year, Snapchat has been rebuilding positivity around the business (and its finances) since its controversial redesign and competition from Instagram tanked users, and its stock price, in the years after its 2016 IPO. It has seen tempered but steady growth worldwide. This quarter, it even exceeded the market's expectations. Predictions that Snap's emphasis on curated information (over Facebook and Twitter-style free-for-alls), advertiser appeal, and just the fact that it's regularly churning out content during a time when people want to watch things more than ever, may be coming true.
Still, Q1 earnings might not reflect the full toll coronavirus has taken on Snap and the economy as a whole. The earnings slideshow concludes: ""Given uncertainties related to the ongoing COVID-19 pandemic and the rapidly shifting macro conditions, we are not providing our expectations for revenue or Adjusted EBITDA for the second quarter of 2020.""
Gulp."
6,"{'id': 'business-insider', 'name': 'Business Insider'}",Don Reisinger,"How to mitigate mild symptoms of COVID-19 at home, according to doctors","Most people who are sick with COVID-19 have mild symptoms and are advised to stay home and take the time to recover. Doctors recommend Tylenol to manage any fever, fluids to stay hydrated, lots of rest, and above-all-else self-isolation. Also, track your symp…",https://www.businessinsider.com/what-to-do-if-you-have-mild-symptoms-of-covid-19-according-to-doctors-2020-3,https://i.insider.com/5dc5ccf4695b58255b4c3ae3?width=1200&format=jpeg,2020-03-29T17:23:19Z,"You're feeling ill. And now, the test has come back positive: You have COVID-19. 
It's an increasingly common occurrence worldwide. As of right now, there are no drugs that have been clinically proven to lessen the severity or speed up recovery time of COVID-19.
However, most people who are sick from the novel coronavirus have mild COVID-19 symptoms and can recover at home. 
""Self-management at home for mild symptoms would be similar to other colds or the flu: rest, stay well hydrated, isolate away from other family members,"" said Abraar Karan, a physician at Harvard Medical School. This last bit of advice, self-isolation, is more important with COVID-19 than the flu or cold. 
He said patients can also use over-the-counter medications like Tylenol to manage the fever that often accompanies COVID-19. As for NSAIDs, like Ibuprofen, Advil, and Motrin, ""there had been some debate about if NSAIDs worsen COVID-19 presentation,"" he said. ""We don't know.""
While those sick at home with COVID-19 should sleep alone, be the only person in the home to use a bathroom, if possible, and not leave the house, said Rishi Desai, chief medical officer at Osmosis, a doctor battling COVID-19's spread. Also ""take fluids with a bit of sugar and salt (rather than just pure water). It actually helps your body absorb the water."" 
Regardless of how their case of COVID-19 progresses, patients should keep a close eye on any symptoms that become more severe.
""If symptoms come to include shortness of breath, severe weakness, or even worse, signs of low oxygen like blueness around the lips, then seeking care in an emergency department is very important,"" said Michael Gross, chief medical officer at Huntington Hospital. 
In addition to staying quarantined and disinfecting surfaces daily, those sick with COVID-19 should also tell anyone they've come into contact with that they've contracted the novel coronavirus.
""Think hard about anyone you've been around when you've had symptoms as well as in the two weeks before you developed symptoms and let them know that you have COVID-19,"" Desai said. ""Those folks should be aware that they may have gotten exposed to you so that they can self-monitor their symptoms as well. This is called contact tracing. And given how stretched the public health department is right now, it's up to each of us to do our part to help out in that way.""
For more information on what to do if you're sick with COVID-19, check the CDC's guidelines. 
Loading
Something is loading."
7,"{'id': 'business-insider', 'name': 'Business Insider'}",Don Reisinger,Signs you might have the coronavirus if you have very few symptoms,"Minor symptoms of COVID-19 include loss of smell and taste, stomach aches, body aches, and nausea. The COVID-19 virus may progress through the body differently depending on the strength of a person's immune system, which may explain why there's such a wide va…",https://www.businessinsider.com/signs-you-might-have-coronavirus-if-you-have-few-symptoms-2020-3,https://i.insider.com/5e7d4f3f0c2a625bed21cc93?width=1200&format=jpeg,2020-03-27T01:01:31Z,"Coronavirus has a variety of common symptoms, including a dry cough, fever, and, especially in moderate to severe cases, shortness of breath. But doctors who have treated COVID-19 patients have seen a slew of other symptoms that haven't typically been associated with other coronavirus infections.
""Additional symptoms people experience include loss of smell and taste, stomach aches, body aches, and nausea,"" said Dr. Edo Paz, the vice president of medical at telemedicine company K Health. 
Gastrointestinal problems, including nausea, diarrhea, and even vomiting, are somewhat prevalent in COVID-19 patients. Dr. David Hirschwerk, an infectious disease specialist at Northwell Health, New York's largest healthcare provider, said that from what he's seen ""10 percent of patients have gastrointestinal symptoms.""
What physicians don't understand, however, is why there is such a broad range of symptoms — and outcomes — of COVID-19. ""The medical community doesn't know yet why the coronavirus affects people differently, and some more intensely than others,"" Paz said.
But Dr. Rishi Desai, Chief Medical Officer at Osmosis, believes the symptoms and outcomes may directly correlate to how coronavirus moves through each infected person's body. 
""Each person has a unique immune system, and as a result, some people will react very aggressively to COVID-19, and others won't,"" Desai said. ""Symptoms generally correspond to where the virus is located in the body.""
How the COVID-19 virus moves through the human body
Desai said the virus first hits the nose and back of the throat, causing common cold-like symptoms, including congestion, runny nose, and sore threat. That's also when patients will lose their senses of smell and taste. 
Next, Desai said, the virus moves to the lungs, possibly causing shortness of breath, coughing, and chest pain. It could then move to the bloodstream, where fever, nights sweats, malaise, and fatigue could result.
""That means that some folks may only get symptoms localized to one region whereas others may get a mixture of symptoms across all of the regions,"" Desai said. Just as concerning, many COVID-19 symptoms can be associated with other ailments, making the illness harder to pin down. 
Symptoms not associated with COVID-19
According to Desai, there are some symptoms that so far haven't been tied to COVID-19.
""COVID-19 doesn't cause focal symptoms affecting the limbs (e.g. left leg pain), doesn't cause focal skin lesions or rashes (e.g. a boil), and doesn't cause chronic symptoms meaning ones that last for months and months,"" Desai said.
Unfortunately, no one can predict how coronavirus will affect them. And that makes prevention all the more important. But experts don't have a silver bullet to guarantee protection. At this point, people just need to practice good hygiene and social distancing.
""Wash your hands frequently using soap and water,"" said Paz. ""And don't touch your face if possible!""
Loading
Something is loading."
8,"{'id': 'time', 'name': 'Time'}",Scott McFetridge / AP,How COVID-19 Is Impacting Lottery Jackpots,"The Powerball game announced Wednesday that it would cut minimum jackpots in half, from $40 million to $20 million, after the next winner.",https://time.com/5810812/lottery-coronavirus/,https://api.time.com/wp-content/uploads/2020/03/coronavirus-lottery.jpg?quality=85&w=1200&h=628&crop=1,2020-03-26T16:47:38Z,"(DES MOINES, Iowa) — Hoping to escape all the coronavirus-caused economic uncertainty by winning a giant lottery jackpot?
Think again. Those jackpots are going to shrink as the pandemic tamps down lottery sales.
The group that oversees the Powerball game announced Wednesday night that it would cut minimum jackpots in half, from $40 million to $20 million, after there is a winner of the current big prize. The jackpot also could grow more slowly, with minimum increases of $2 million instead of the normal $10 million after each twice-weekly drawing.
“Powerball players in many U.S. lottery jurisdictions are under shelter-in-place orders or recommendations from their governors or mayors, which have affected normal consumer behaviors,” said Gregory Mineo, the director of the Maine lottery and chairman of the Powerball Product Group. “Just like other enterprises around the world that are making adjustments, we are making proactive changes to continue to offer the world’s premier lottery product.”
Read more:President Trump Is Already Considering Defying Health Experts to Boost the Economy
The other national lottery game in the United States, Mega Millions, is considering a similar move.
“The Mega Millions Consortium has begun internal discussions about potential changes to address the slowdown in sales during the current health crisis,” said Gordon Medenica, who heads the Maryland lottery and is director of the national game.
Medenica notes, however, that Mega Millions has a minimum increase of $5 million after each drawing so is in better position to weather the decreased sales.
For most people, the coronavirus causes mild or moderate symptoms, such as fever and cough that clear up in two to three weeks. For some, especially older adults and people with existing health problems, it can cause more severe illness, including pneumonia, or death.
The move by Powerball won’t affect the current $160 million jackpot, which will continue to rise by at least $10 million until there is a winner. Another thing that won’t change is the odds of winning a jackpot, and they’re puny for both games. For Powerball, the odds are one in 292.2 million, and for Mega Millions they’re one in 302.6 million.
Powerball and Mega Millions are played in 45 states plus Washington, D.C., and the U.S. Virgin Islands. Powerball also is offered in Puerto Rico.
Contact us at editors@time.com."
9,"{'id': 'cnn', 'name': 'CNN'}","Harmeet Kaur, CNN",The conspiracy linking 5G to coronavirus just will not die,"As the spread of the coronavirus is proving difficult to contain, so too is the misinformation surrounding it.",https://www.cnn.com/2020/04/08/tech/5g-coronavirus-conspiracy-theory-trnd/index.html,https://cdn.cnn.com/cnnnext/dam/assets/200408134809-5g-network-coronavirus-0325-super-tease.jpg,2020-04-08T19:08:48Z,"(CNN)As the spread of the coronavirus is proving difficult to contain, so too is the misinformation surrounding it. 
One of the most recent, baseless conspiracy theories surrounding the virus is that 5G networks -- the next generation of wireless technology that's steadily being rolled out around the world -- are fueling the global coronavirus pandemic.
Unfounded claims about a supposed link between 5G and Covid-19 began circulating on the fringes of the internet, where New Agers and QAnon followers perpetuated the hoax that global elites were using 5G to spread the virus. Unsophisticated algorithms amplified those voices and ushered unsubstantiated theories into the mainstream. 
Officials in the United Kingdom have expressed concerns that recent attacks on cell phone towers were motivated by false conspiracy theories. Meanwhile, actor Woody Harrelson and singer M.I.A. are among celebrities and influencers spreading such claims to their millions of followers. 
There's no evidence to support the theory that 5G networks cause Covid-19 or contribute to its spread. But still, it refuses to die. 
Here's what to know about 5G networks, how these false theories came about and why they don't hold up.
There are several theories linking 5G and Covid-19. One simply suggests that 5G networks cause Covid-19, or symptoms of the infection. Another more insidious one is that 5G networks emit radiation that weakens the immune system, making people more susceptible to infection.
To break it down, it helps to understand what exactly 5G is.
5G is a next-generation wireless network that is expected to enable a wave of technologies that will change the way that people live and work -- the potential applications include self-driving cars, remote surgeries and automated factories, though it will be a while before we see those kinds of changes.
The big differences between 4G and 5G are faster speeds, higher bandwidth and lower lag time in communications between devices and servers.
5G signals run over new radio frequencies, which requires updating radios and other equipment on cell towers. Carriers building superfast 5G networks have to install tons of small cell sites to light poles, walls or towers, often in close proximity to each other. So far, the networks have mostly been deployed city by city. 
Why people are linking 5G and Covid-19
5G networks began rolling out in cities and countries in 2018, but were more widely adopted in 2019 -- the same year that Wuhan, China, saw the world's first coronavirus outbreak. 
Conspiracy theorists were quick to link the two, ignoring the ever-relevant adage: Correlation does not imply causation. 
People on the internet shared two maps of the United States suggesting areas that had been hit hardest by Covid-19 were also places where 5G networks had been installed. 
Another thing those areas have in common? They're metropolitan areas: large population centers that are more vulnerable to the spread of the coronavirus and are more likely to adopt 5G networks earlier.
There are other reasons those suggestions don't hold up. Although Iran has not rolled out 5G, it's one of the countries hardest hit by the pandemic. 
Upgrades to wireless infrastructure have been falsely linked to diseases before, and the same has happened this time around with the coronavirus.
Many of the 5G/Covid-19 conspiracy theories are linked to groups that have long claimed that wireless airwaves cause cancer, though there is no credible evidence to support this. 
Research shows that radiofrequency (RF) waves given off by cell phones do not have enough energy to damage DNA directly or heat body tissues -- their energy levels are lower even than technologies such as microwave ovens and televisions. What's more, 5G signals are actually worse at penetrating objects than 4G signals, which is why 5G networks require many more, smaller cell sites built close together.
What's being done to limit the spread
Social media and internet platforms have started taking steps to limit the spread of coronavirus misinformation, though some have been slow to act.
YouTube videos that drew connections between 5G networks and the coronavirus have racked up hundreds of thousands of views. But the company initially said such videos were not in direct violation of its policies before moving to ban them Tuesday.
Twitter said it was increasing its use of machine learning and automation to help take down false information. A quick search for ""5G coronavirus"" Wednesday mostly showed tweets from people casting doubt on conspiracy theories and links from news organizations in the ""Top"" results, despite turning up several false theories days earlier.
""We will continue to take action on accounts that violate our rules, including content in relation to unverifiable claims which incite social unrest, widespread panic or large-scale disorder,"" a spokesperson for the company said. ""If people see anything suspicious on our service, please report it to us.""
Similarly, a Facebook search for ""5G coronavirus"" yielded mostly reliable information from news organizations, hospitals and health organizations, though false theories can still be found through the platform.
A spokesperson for Facebook said the company is taking ""aggressive"" measures to combat misinformation surrounding the virus, and is ""starting to remove false claims which link Covid-19 to 5G technology"" and which encourage attacks on cellular towers.
CNN's Brian Fung, Clare Duffy and Hadas Gold contributed to this report."
10,"{'id': 'the-next-web', 'name': 'The Next Web'}",The Conversation,The science behind why your pet can’t spread COVID-19,"A Pomeranian dog in Hong Kong grabbed the international media’s attention this week after scientists found traces of coronavirus in the canine. Following confirmation that the dog’s owner was positive for the virus causing COVID-19, the dog was taken from Hon…",https://thenextweb.com/?p=1278879,https://img-cdn.tnwcdn.com/image/tnw?filter_last=1&fit=1280%2C640&url=https%3A%2F%2Fcdn0.tnwcdn.com%2Fwp-content%2Fblogs.dir%2F1%2Ffiles%2F2020%2F03%2FCopy-of-...-14.png&signature=cb66bf7903c7482eef5eed138ce7e53a,2020-03-17T10:44:18Z,"A Pomeranian dog in Hong Kong grabbed the international medias attention this week after scientists found traces of coronavirus in the canine. Following confirmation that the dogs owner was positive for the virus causing COVID-19, the dog was taken from Hong Kong Island to a nearby animal quarantine facility. Subsequent tests performed on swabs collected from the dogs nose and throat unexpectedly revealed coronavirus.
These results have raised many questions and concerns. Can our dogs really catch the virus? Should we be worried about our pets getting sick? Could dogs spread coronavirus between people?
A positive test for coronavirus in this dog simply means that a small piece of viral genome was detected in a sample. PCR (a test used to detect genetic material) is a highly sensitive method of testing but is unable to tell whether coronavirus was replicating in the dog or whether the dog had simply licked contaminated surfaces in the home.
It is unknown exactly how long the virus causing COVID-19 disease, called SARS-CoV-2, can survive in the environment. A study of other coronaviruses suggests they can remain infectious for several days if the temperature and humidity are right. Given that we dont even know if the virus detected was infectious or not, we have no idea whether virus replication occurred in this particular dog.
We know that SARS-CoV-2 is transmitted by droplets, so its possible that dogs could act as dirty tissues, or fomites, that walk the virus around if adequate hygiene is not maintained.
Who you calling a fomite? Galina Kovalenko/Shutterstock
Whereas SARS-CoV-2 has the limelight at present, there are actually many different types of coronaviruses, and coronaviruses infecting dogs is nothing new. The first coronavirus to be reported in dogs was back in 1974. More recently in 2003, a novel canine coronavirus causing respiratory disease was identified in dogs in an animal shelter in the UK. This virus has since been reported worldwide.
Although canine coronaviruses are distinct from SARS-CoV-2, dogs are clearly susceptible to this family of viruses. Despite this, there are no previous instances of human coronaviruses infecting dogs or vice versa. For a virus to jump species, there are several hurdles they must overcome.
The major barrier that stops a virus infecting a new type of animal is the host-cell surface. To infect canine cells, SARS-CoV-2 must be able to bind (attach) to canine receptors. Thanks to rapid research, we now know that SARS-CoV-2 uses the proteins ACE2 and TMPRSS2 to gain entry into cells. Dogs have both these proteins, but they are not identical to the human versions, so the virus may not be able to use them as efficiently.
If we assume that the virus can bind, enter and replicate within canine cells (this is still a big if), then it is reasonable for dog owners to be worried about whether their dogs will become sick following infection. It is reassuring that the Pomeranian at the centre of this media attention has not shown any signs of illness. Though this is a single case study, there is no reason to believe that the human virus should cause disease in dogs at this stage.
To pass on coronavirus, the virus must replicate in dogs at high enough levels to be released from the body. Reports state that only low levels of the virus could be detected in the Pomeranian. How much virus does it take to infect a person? Again, we dont yet know.
We do know for a number of different viruses that, although human-to-dog transmission is theoretically possible, human-to-human spread is much more efficient. We and others have shown that dogs can be susceptible to human norovirus, a major cause of vomiting and diarrhea worldwide. Yet despite millions of cases of this virus each year, only a single definitive instance of human-to-dog transmission has been reported. Full genome sequencing was instrumental in that particular case, and will also be required to conclusively prove a role for dogs in the current SARS-CoV-2 outbreak.
Even in the worst-case scenario of coronavirus being able to replicate in dogs at reasonable levels, it is safe to assume that you are much more likely to be infected by your neighbor than your dog. However, it is essential to practice good hygiene around any pets. This will prevent them from inadvertently carrying viruses on their coats and spreading it from person to person. Please cough into your elbow, not on to your dog.
This article is republished from The Conversation by Sarah L Caddy, Clinical Research Fellow in Viral Immunology and Veterinary Surgeon, University of Cambridge under a Creative Commons license. Read the original article.
Corona coverage
Read our coverage on how the tech industry is responding to the coronavirus here.
For tips and tricks on working remotely, check out our Growth Quarters articles here or follow us on Twitter."
11,"{'id': 'the-next-web', 'name': 'The Next Web'}",Ivan Mehta,Apple launches a COVID-19 information tool for the US,"Apple has launched a new screening tool for the US in partnership with CDC (The Centers for Disease Control and Prevention). The tool, available both as a website and an iOS app, acts as an information center for people across the country. The tool also allow…",https://thenextweb.com/?p=1281708,https://img-cdn.tnwcdn.com/image/tnw?filter_last=1&fit=1280%2C640&url=https%3A%2F%2Fcdn0.tnwcdn.com%2Fwp-content%2Fblogs.dir%2F1%2Ffiles%2F2020%2F03%2FApple-COVID-19.jpg&signature=24535dd4d42c6d00af0dacd39b97591b,2020-03-27T16:31:50Z,"Apple has launched a new screening tool for the US in partnership with CDC (The Centers for Disease Control and Prevention). The tool, available both as a website and an iOS app, acts as an information center for people across the country.
The tool also allows you to answer a bunch of questions to determine if you need to quarantine, take a screening test, or contact a medical professional.
If you go on Apples website, and answer its questions, it gives you only two options as a result: Call 911 or dont call 911. Which doesnt seem very helpful when there are better tools to help you out with detailed questionnaires.
Apples COVID-19 screening
Earlier this week, the company rolled out Siri support for coronavirus related questions. Now, users in the US can ask the assistant How do I know if I have coronavirus? to get guidelines provided by CDC, and curated app suggestions on the App store; not sure how an app list can help some looking for a medical assistant at that time. 
Last week, Google also rolled out a dedicated website for US citizens to get accurate information on coronavirus pandemic. Notably, both
You can visit Apples COVID-19 website to learn more.
Corona coverage
Read our daily coverage on how the tech industry is responding to the coronavirus and subscribe to our weekly newsletter Coronavirus in Context.
For tips and tricks on working remotely, check out our Growth Quarters articles here or follow us on Twitter."
12,"{'id': 'the-next-web', 'name': 'The Next Web'}",Conrad Egusa,An entrepreneur’s guide to startups battling COVID-19,"Around the world, communities, organizations, and governments, are waging the fight against the COVID-19 outbreak, hoping to turn the tide and help the public cope in the interim. Solidarity and mutually shared responsibility have proved critical in the very …",https://thenextweb.com/podium/2020/03/31/an-entrepreneurs-guide-to-startups-battling-covid-19/,https://img-cdn.tnwcdn.com/image/podium?filter_last=1&fit=1280%2C640&url=https%3A%2F%2Fcdn0.tnwcdn.com%2Fwp-content%2Fblogs.dir%2F1%2Ffiles%2F2020%2F03%2Fdimitri-karastelev-0hO1QgI1H8g-unsplash.jpg&signature=6b8108ff24c94c3773e81c03dd9dff1c,2020-03-31T16:32:45Z,
13,"{'id': 'the-verge', 'name': 'The Verge'}",Taylor Lyles,GameStop will temporarily close all storefronts to customers,"GameStop is temporarily closing all its US-based retail locations and moving to “delivery only” starting March 22nd the company announced. Just a few days ago, GameStop was defending its decision to keep its stores open, as an “essential” business.",https://www.theverge.com/2020/3/21/21189663/gamestop-will-temporarily-close-all-storefronts-to-customers,https://cdn.vox-cdn.com/thumbor/tZZKbua8KrM3jMT51zWEfQ7BeEI=/0x70:1000x594/fit-in/1200x630/cdn.vox-cdn.com/assets/1300889/gamestop-photo.jpg,2020-03-22T00:12:04Z,"GameStop is temporarily closing all its US-based retail locations and moving to “delivery only” starting on March 22nd, the company announced today. It’s an abrupt reversal for the company, which just a few days ago was defending its decision to keep its stores open, as an “essential” business, and was instructing staff to ignore coronavirus-related lockdowns. GameStop CEO George Sherman said in a letter to customers that it will “will temporarily stop customer access to storefronts” and would be processing orders on a “digital-only” basis. Customers can use the GameStop app or QR codes at its stores, though future purchases will be given to customers via curbside pickup at its retail stores or through e-commerce deliveries. In a letter obtained by Kotaku Sherman said that GameStop will provide 80 hours of extra paid time off for eligible employees, while employees not eligible for the additional PTO will receive two extra weeks of pay. The news comes only a day after the company announced that it would close all its California retail stores following an executive order issued by Governor Gavin Newsom amid the COVID-19 pandemic."
14,"{'id': 'the-verge', 'name': 'The Verge'}",Taylor Lyles,Emerald City Comic Con postponed due to coronavirus outbreak,"Seattle’s annual comic book convention, Emerald City Comic Con, has been postponed amid growing concern of the coronavirus outbreak. The event will be held sometime this summer, though a firm date has yet to be announced.",https://www.theverge.com/2020/3/6/21168264/emerald-city-comic-con-2020-postponed-cornavirus-seattle-washington,https://cdn.vox-cdn.com/thumbor/DC2OJ7weSPVTYa0iPE8oV5YPnPs=/0x19:928x505/fit-in/1200x630/cdn.vox-cdn.com/uploads/chorus_asset/file/19773608/emerald_city_comic_con_logo.jpg,2020-03-06T20:59:37Z,"Seattles annual comic book convention will now be held this summer
Photo: Emerald City Comic Con
Seattles annual comic book convention, Emerald City Comic Con, has been postponed amid growing concern surrounding the coronavirus outbreak. The event, which has run since 2003, was set to take place from March 12th15th at the Washington State Convention Center. It will now be hosted sometime this summer, making it one of the many major cultural events to be canceled or delayed as a result of the COVID-19 virus. 
We did everything that we could to run the event as planned, but ultimately, we are following the guidance of the local public health officials indicating that conventions should now be postponed, Emerald City Comic Con organizers said in a statement. Earlier this week, the events organizers said fans attending this year would receive a refund on their tickets, however, the organizers mentioned that a refund may take up to 30 days due to the volume being processed. 
In the weeks leading up to Emerald City, numerous vendors, including Dark Horse Comics and Del Rey Books, withdrew their attendance. The state of Washington has been significantly impacted by the virus, with 70 people currently diagnosed, including an individual employed at Amazon. Tech companies, including Amazon, Google, Facebook, and Microsoft, have requested that their Seattle-based employees work from home to help prevent the spread of the virus.
View all 138 stories"
15,"{'id': 'the-verge', 'name': 'The Verge'}",Kim Lyons,OneWeb files for Chapter 11 bankruptcy protection,"Space exploration firm OneWeb has filed for Chapter 11 bankruptcy protection, leaving uncertainty about the 74 satellites it has in orbit and its plans to provide high-speed internet from space.",https://www.theverge.com/2020/3/28/21189404/oneweb-chapter-11-bankruptcy-space,https://cdn.vox-cdn.com/thumbor/M7fEcJ336rGbxXO1CciL8ptyUgc=/0x75:1027x613/fit-in/1200x630/cdn.vox-cdn.com/uploads/chorus_asset/file/8739333/oneweb.jpg,2020-03-28T13:38:16Z,"The space exploration firm was unable to secure financing
Image: OneWeb
Space exploration firm OneWeb has filed for Chapter 11 bankruptcy protection, GeekWire reports, leaving uncertainty about the 74 satellites it has in orbit and its plans to provide high-speed internet from space.
In a news release, OneWeb said it plans to use the bankruptcy proceedings to pursue a sale of the company. While the company was close to obtaining financing, the process did not progress because of the financial impact and market turbulence related to the spread of COVID-19, according to the news release, which also mentioned that the company was forced to reduce our workforce. It did not indicate how many people may have been laid off. 
Last Saturday, OneWeb successfully launched 34 satellites on a Soyuz rocket from Kazakhstan. The company has a license from the Federal Communications Commission to launch an initial constellation of 648 low-flying satellites, to provide high-speed internet around the world to homes, boats, and planes all located above the 60th parallel north latitude. Its plans included providing fiber-like internet coverage to the Arctic sometime this year.
Six of its satellites launched in 2019, followed by another 34 last month."
16,"{'id': 'business-insider', 'name': 'Business Insider'}",Antonio Villas-Boas,"Google has a new alert for users of Google Maps and Search, urging them to call their doctor when they search for medical-related locations.","Google has started showing alerts on Search and Maps when people search for medical-related locations such as hospitals. The alerts contain the CDC's advice that people who have, or think they have, COVID-19 to call their healthcare providers before going out…",https://www.businessinsider.com/google-cdc-coronavirus-alert-urges-people-to-call-doctor-first-2020-3,https://i.insider.com/5e74e3e4c4854078aa7c6129?width=1200&format=jpeg,2020-03-20T16:09:22Z,"Google is showing people alerts on Google Maps and Search that tells them to call their doctor when they search for medical-related locations. 
Google's alert is based on information from the Center for Disease Control and Prevention (CDC). Tapping or clicking on the alert takes you to the CDC's main COVID-19 site.
Business Insider has asked Google why it started showing the alert, but the company has not yet responded. 
At the time of writing, the US has reported 212 coronavirus deaths, and more than 14,400 cases across all 50 states. There are reports that US healthcare system is set to reach its limits, which may be the reason for the alert.  
The CDC says that ""people who are mildly ill with the COVID-19 virus are able to recover at home,"" and that people shouldn't leave their homes unless it's to get medical care. The CDC also says to call a healthcare provider before going anywhere.
Oddly, Google's alert doesn't appear in other related searches. A search for ""cough"" or ""fever"" — two of the main symptoms of the COVID-19 virus — does not prompt Google's alert, for example."
17,"{'id': 'business-insider', 'name': 'Business Insider'}",Carmen Reinicke,Abbott surges 11% after FDA approval of 5-minute coronavirus test (ABT),Abbott Laboratories announced Friday that the US Food and Drug Administration granted emergency use of its ID NOW COVID-19 test. Shares surged as much as 11% in premarket trading Monday. The test gives positive results in as little as five minutes and negativ…,https://www.businessinsider.com/abbott-stock-price-spikes-fda-approval-5-minute-coronavirus-test-2020-3,https://images.markets.businessinsider.com/image/5e7f6f902d41c16bb2440484-2400/idnow-inaction3-macro-300dpi-1200x628.jpg,2020-03-30T13:03:30Z,"Courtesy of Abbott Laboratories
Shares of Abbott Laboratories jumped as much as 11% in premarket trading Monday after the US Food and Drug Administration on Friday granted Emergency Use Authorization of a COVID-19 test that delivers results in minutes.
Abbott's test, called the ID NOW COVID-19, is also used to test other viruses including Influenza A&amp;B, Strep A, and respiratory syncytial virus (RSV) testing. The test yields positive results in five minutes and negative results in 13 minutes, according to a press release. 
The company also announced that it will ramp up production of the testing unit and expects to deliver 50,000 COVID-19 tests per day to healthcare professionals. Tests will be available starting April 1, an Abbott spokesperson told Business Insider's Paulina Cachero.
New ways to rapidly test for COVID-19 come as the US grapples with the coronavirus outbreak, which has now infected more than 735,500 people around the world and killed nearly 35,000.
""Testing remains a crucial step in controlling the novel COVID-19 pandemic,"" the company said in a press release. ""Continuing to supply healthcare providers with new technologies to help curb the spread of infection is a top priority for public health officials and healthcare providers.""
Abbott Laboratories has shed roughly 14% year-to-date through Friday's close.
Markets Insider"
18,"{'id': 'business-insider', 'name': 'Business Insider'}",Rosie Perper,An entire Ukrainian town had to be sealed off after dozens of people including priests were infected with COVID-19 at a famous monastery,"<ul>
<li>An entire Ukrainian town had to be sealed off after dozens of people, including priests, were infected with COVID-19 at a famous monastery.</li>
<li>The town of Pochayiv in western Ukraine is known for the Pochayiv Lavra, one of the largest Orthodox …",https://www.businessinsider.com/ukrainian-town-pochayiv-sealed-off-due-to-coronavirus-spread-monastery-2020-4,https://i.insider.com/5ea0ff02d553f82bdb1b1913?width=1200&format=jpeg,2020-04-23T06:13:30Z,"Ukrainian authorities have sealed off the entire town of Pochayiv in the Ternopil Oblast province of Ukraine after dozens of people, including priests at an Orthodox monastery, contracted COVID-19.
The town is known for the Pochayiv Lavra, one of the largest Orthodox monasteries in Eastern Europe. The town has a population of about 8,000 people, and thousands of Orthodox Christian pilgrims visit the 500-year-old holy site each year during the Easter Holy Week. Orthodox Easter was on April 19.
According to the Kyiv Post, the town was shut down on April 21 after more than 90 people contracted COVID-19 at the monastery. Ukrainian officials said numerous people in the town failed to comply with social distancing measures in place during Easter services. 
Several priests who visited Pochayiv Lavra tested positive for the disease, according to the BBC. Four priests who live in the town also tested positive for coronavirus.
According to Ukrainian news agency Ukranews, a monk at the monastery died from COVID-19 on April 14.
Loading
Something is loading.
The BBC said that police blocked routes in and out of Pochayiv on Tuesday and have since closed the monastery. 
Another Orthodox monastery in Ukraine, the Kyiv Pechersk Lavra, was shut down earlier this month after several worshippers tested positive for COVID-19. 
Ukrainian law enforcement officers stand guard at the entrance of Kyiv Pechersk Lavra monastery, where multiple cases of the coronavirus disease COVID-19 confirmed on April 16, 2020 in Kyiv, Ukraine.
Maxym Marusenko/NurPhoto via Getty Images
As of Wednesday evening, Ukraine has recorded 6,592 coronavirus cases and 174 deaths. The country's lockdown measures have been extended to May 11.
Places of worship around the world have closed their doors during the pandemic to prevent the spread of disease.
New York's first major outbreak in New Rochelle is believed to have spread through an attorney who attended services at a local synagogue, where a number of worshippers later tested positive. 
The Shincheonji Church of Jesus in South Korea was linked to several major clusters of disease in the country after a number of its parishioners tested positive."
19,"{'id': 'the-verge', 'name': 'The Verge'}",Kim Lyons,Italy may consider lockdown of Lombardy region in response to coronavirus outbreak,"Italy has had more than 200 deaths in the coronavirus outbreak, and may impose a quarantine on some 10 million people in its Lombardy region to try to contain the spread.",https://www.theverge.com/2020/3/7/21169637/italy-lockdown-lombardy-coronavirus-outbreak,https://cdn.vox-cdn.com/thumbor/USUh03LlEzDtB4dZClJubBkTB4k=/0x322:4500x2678/fit-in/1200x630/cdn.vox-cdn.com/uploads/chorus_asset/file/19775752/1205319427.jpg.jpg,2020-03-07T22:19:36Z,"The country has been one of the hardest hit by the virus
A woman wearing a respiratory mask exits the Palace of Justice in Milan.
Photo by PIERO CRUCIATTI/AFP via Getty Images
Italys government is considering a lockdown of the northern Lombardy region and 11 neighboring provinces to stem the spread of the new coronavirus in the area, the Wall Street Journal reports. Some 10 million people live in the region, which includes Milan. The WSJ says a draft decree of the plan by the Italian Prime Ministers office, requires people living in Lombardy and 11 surrounding provinces to absolutely avoid any movement into and out of the areas. 
Anyone violating the lockdown could be subject to a fine or jail time, and police and possibly the countrys army could be brought in to enforce the terms. If the quarantine is approved, it would go into effect on Sunday, and last until April 3rd, according to the New York Times. The draft decree instructs people to avoid moving within the quarantined areas other than for work obligations and emergencies. 
Italy has been hard-hit by the coronavirus outbreak, with 5,883 cases as of Saturday. The WSJ reports 233 people have died in Italy from COVID-19, the disease caused by the virus. The country has already restricted public events, and ordered schools closed, but the decree would be the largest lockdown in Italy so far. 
View all 147 stories"
