,source,author,title,description,url,urlToImage,publishedAt,content
0,"{'id': 'mashable', 'name': 'Mashable'}",Veronika Kero,This augmented reality Earth model makes a great remote learning tool,"TL;DR: Go around the world from the comfort of your own home with this augmented reality Earth model from AstroReality for $189.99, a 20% savings as of April 22.

Have you ever wanted to explore Earth? Well, now you can. 
AstroReality EARTH is an interactive,…",https://mashable.com/shopping/april-22-astroreality-earth-sale/,https://mondrian.mashable.com/2020%252F04%252F22%252F8c%252F622d649d43b44fcfa288a03be33b2f7c.1faeb.jpg%252F1200x630.jpg?signature=5ae1gZfKa3L7w73zshhNko-W8G4=,2020-04-22T09:00:00Z,"TL;DR: Go around the world from the comfort of your own home with this augmented reality Earth model from AstroReality for $189.99, a 20% savings as of April 22.
Have you ever wanted to explore Earth? Well, now you can. 
AstroReality EARTH is an interactive, 3D-printed globe designed for out-of-this-world exploration. With the app, you simply point your camera at your model of Earth, and then unlock a whole bunch of cool info.
EARTH accurately portrays changes to our planet over time, from global warming and glacial recession to the effects and extinction of its animals and wildlife. It even shows the world-wide impact of COVID-19. 
For anyone with kids at home from school right now (okay that's basically everyone with kids, yes?), this makes a great supplement to at-home STEM education and can (hopefully) keep them occupied at least for a little while.
They'll be able to travel around the world by taking a look at the major cities, watch how humans have populated and connected over time, meet animals across various continents, and observe geography, climate, and weather. They can also deep dive into the role of oceans, and skyrocket into the clouds, gases, and storms that support life on Earth. 
The AstroReality EARTH has also been updated with data visualization to help you understand the COVID-19 pandemic's spread and impact across the world. Considering the amount of content featured in this augmented reality model, it is no surprise that the AstroReality EARTH is already 500% overfunded on Kickstarter. 
Let's be honest, videos speak louder than words, so check it out in action:
You can start exploring the incredible planet you live on for just $189.99 that's 20% off with this special deal."
1,"{'id': 'mashable', 'name': 'Mashable'}",Stan Schroeder,IFA Berlin pivots to an 'innovative new concept' due to coronavirus pandemic,"The COVID-19 pandemic has effectively and thoroughly silenced the business of tech conferences, with most major events, including this year's Mobile World Congress, Apple's WWDC or Google's I/O, being either canceled or reformatted into online-only events. 
I…",https://mashable.com/article/ifa-berlin-2020-new-concept/,https://mondrian.mashable.com/2020%252F04%252F22%252F9c%252Fbe7007eca7d749bfba3c374ea45357ff.e8a99.jpg%252F1200x630.jpg?signature=yRH3hhqJ0JY8k6BGGnnxqxs4TtM=,2020-04-22T08:41:48Z,"The COVID-19 pandemic has effectively and thoroughly silenced the business of tech conferences, with most major events, including this year's Mobile World Congress, Apple's WWDC or Google's I/O, being either canceled or reformatted into online-only events. 
IFA Berlin, one of Europe's largest tech conferences, has suffered the same fate, but it's not completely canceled; instead, it will go forward in a somewhat mysterious ""innovative new concept.""
In a note sent to press, the show's organizers admitted that, due to the pandemic, IFA will ""not be able to go ahead as usual."" 
""Planning is well advanced for a concept that will allow IFA to deliver on its core functions for our industry as a global showcase for technology innovation and an important meeting place for brands, manufacturers, retailers and media,"" the note said. 
#IFA20: Set for an innovative concept designed for unprecedented times.
IFA Berlin is set to go ahead in 2020, but with an innovative new concept, following the decision by the Berlin government to ban all events with more than 5,000 participants until 24 October 2020. 1/6 pic.twitter.com/MLDvamLXzf
 IFA Berlin (@IFA_Berlin) April 21, 2020
The details are slim at present, but the organizers said they will present the details for the updated IFA 2020 concept ""in the near future.""
SEE ALSO: FDA approves first at-home COVID-19 test kit
This year's IFA is scheduled to happen on Sept. 4. Given the fact that the city of Berlin has banned all events with more than 5,000 participants until Oct. 24, it's hard to imagine this new concept being similar to the usual business of IFA, which consists of thousands of companies showing off new gadgets in Berlin's massive Messe venue. Instead, we'll likely see a slew of online-only announcements. Whether IFA's organizers will be able to turn that into a coherent show remains to be seen."
2,"{'id': 'mashable', 'name': 'Mashable'}",Mark Kaufman,Astronaut-turned-doctor more worried about dying in a hospital than on a rocket,"Dr. Bill Fisher blasted off Earth in 1985 aboard a NASA space shuttle, speeding 18,000 mph through the atmosphere. But Dr. Fisher, now a 74-year-old emergency room physician, tweeted Wednesday: ""I am genuinely more concerned about going to work tomorrow morni…",https://mashable.com/article/coronavirus-doctor-nasa/,https://mondrian.mashable.com/2020%252F04%252F02%252F24%252F5e15fa239d9f4da7a647e00c3c23f895.63442.jpg%252F1200x630.jpg?signature=4HuKyUPAlZvW51gQJ2CC8QWP2Q4=,2020-04-02T19:03:46Z,"Dr. Bill Fisher blasted off Earth in 1985 aboard a NASA space shuttle, speeding 18,000 mph through the atmosphere.
But Dr. Fisher, now a 74-year-old emergency room physician, tweeted Wednesday: ""I am genuinely more concerned about going to work tomorrow morning than I was the day I launched on the space shuttle.""
That's because the coronavirus (which causes the respiratory disease COVID-19) is easily spread, can be excruciating, and is most deadly in people over 60. (Though the pathogen can seriously sicken young people, too). 
Seven crewmembers tragically died when the space shuttle Challenger broke apart after launching in 1986. In 2003, seven more shuttle astronauts perished when the Columbia disintegrated upon returning to Earth. In total, Dr. Fisher wrote that he had a 1.5 percent chance of dying on a space shuttle, which flew 135 missions over 30 years.
Any way you cut it, someone in Dr. Fisher's age group has a much higher probability of dying from a coronavirus infection, which is currently the deadliest infectious disease in the world, overtaking tuberculosis.
Im a full-time ER doc getting ready to work a 24 hour shift in the emergency department. I am genuinely more concerned about going to work tomorrow morning than I was the day I launched on the space shuttle. 1.5% shuttle mortality vs 9-12% if I get COVID-19.
 Dr. Bill Fisher (@DrBillFisher) April 1, 2020
Space shuttle launch.
Image: nasa
Getting infected at all is often serious. About one in five infected people need to be hospitalized, according to the World Health Organization.
Overall, COVID-19 is certainly deadlier than the flu. Each year, the flu kills around 0.1 percent of those infected. Meanwhile, a new study released on March 30 in the journal The Lancet Infectious Diseases found that the overall fatality rate from COVID-19 is 0.66 percent making it over six times more lethal than the flu. Importantly, we're still in the relatively early stages of the pandemic, so this number will almost certainly change and grow increasingly certain as more data comes in. Previously, Anthony Fauci, the well-regarded director of the National Institute of Allergy and Infectious Diseases, estimated that overall COVID-19 is 10times more lethal than the flu.
But as Dr. Fisher noted, he's in an older age group. 
A recent CDC report found the coronavirus fatality rate is between 3 percent to 11 percent in Americans aged 65 to 84. Three percent is 30 times more deadly than the flu. (Flu deaths in the U.S. are dominated by the elderly, with 70 to 85 percent of deaths occurring in people 65 and older).
""Its not a trivial number.""
""The death rate for people ages 70-79 in Italy has been 12.8%,"" Dr. Fisher tweeted, explaining the mortality numbers cited in his first tweet. ""In China it was listed at 8%. Currently in the US we are somewhere between 4-5%. Of course, nobody really knows. Whatever it is, Its not a trivial number.""
The pronounced mortality numbers for older people (Americans aged 2054 years have a mortality of less than 1 percent) is a critical reason why infectious disease experts implore younger folks to social distance. If they don't, they endanger the lives of older people, like Dr. Fisher.
SEE ALSO: National parks' prized safety system fails during the coronavirus pandemic
""In order for social distancing to work, everyone has got to do it,"" Dr. Timothy Murphy, an infectious disease researcher at the University of Buffalo, told Mashable. ""Its not going to work unless everyone buys into it."" 
But doctors like Fisher are inherently put in high-risk environments, as they're surrounded by COVID-19 infections. 
""Some of your comments question the wisdom of what I am doing,"" Dr. Fisher tweeted in response to questions about why he was risking his life. ""I have been practicing emergency medicine for 45 years. I like it, its interesting, and I have lots of experience. To abandon ship during the greatest public health crisis of our lifetimes is inconceivable to me.""
""Our medical professionals are heroes putting their lives on the line to keep our country going,"" former president Barack Obama tweeted in March."
3,"{'id': 'mashable', 'name': 'Mashable'}",Nicole Gallucci,John Krasinski celebrates healthcare heroes with the help of David Ortiz and the Red Sox,"John Krasinski dropped the third episode of Some Good News on Sunday night and boy was it a doozy. After The Office star's regularly scheduled intro — full of cute kid videos, precious pet content, and creative quarantine updates from bored Americans around t…",https://mashable.com/video/some-good-news-john-krasinski-red-sox-david-ortiz/,https://mondrian.mashable.com/2020%252F04%252F13%252Fcf%252F9198421f27eb4729992d7574765ed403.d5f67.png%252F1200x630.png?signature=Zid3SugJI2s2-rwQ_r0mfbeZuEU=,2020-04-13T13:21:03Z,"John Krasinski dropped the third episode of Some Good News on Sunday night and boy was it a doozy.
After The Office star's regularly scheduled intro full of cute kid videos, precious pet content, and creative quarantine updates from bored Americans around the country he delivered the sports report with the help of two special guests: sportscaster Joe Buck and Boston Red Sox legend David Ortiz.
Krasinski's a huge baseball fan and wanted to honor the season in style, so he decided to celebrate the healthcare heroes working the COVID unit at his hometown hospital, Beth Israel Deaconess Medical Center, by giving them the surprise of a lifetime. 
After David Ortiz told the COVID team that the Red Sox would be hooking them up with tickets for life, Some Good News sent the healthcare professionals on a bus to an empty Fenway Park, where they threw what Krasinski deemed the first pitch of the 2020 Major League Baseball season.
The tearjerker of an episode includes everything from an Emily Blunt appearance and Krasinski's beloved Boston accent, to an important AT&amp;T-related announcement. You don't want to miss it."
4,"{'id': 'business-insider', 'name': 'Business Insider'}",Mitch Prothero,"People with COVID-19 who won't self-isolate should be killed, says president of Chechnya","The threat by the Chechnya leader is credible because of Ramzan Kadyrov's long history of allegedly murdering people who displease him. Coronavirus victims have already been forced to confess on Chechen TV. Kadyrov's security forces have previously jailed, be…",https://www.businessinsider.com/people-with-covid-19-killed-ramzan-kadyrov-2020-3,https://i.insider.com/5e7b9147ba85ee0b126dcd14?width=1200&format=jpeg,2020-03-25T17:24:11Z,"People who fail to self-quarantine after testing positive for COVID-19 should be killed, said Ramzan Kadyrov, the president of Chechnya said during an interview with local state-run media on March 23.
The threat — reported by a Chechen television journalist after a private meeting with the close political ally of Russian Vladimir Putin — was immediately taken as credible in Russian media circles because of Kadyrov's long history of crushing political dissent, and allegedly murdering people who displease him since he took near-total control of the region in 2005. Chechnya is a semi-autonomous republic within Russia's sphere of control.
""The person who creates himself and created this problem, if you ask me, should be killed. Not only he gets sick, [but also infects] his family, his sisters, brothers, neighbors,"" Kadyrov told a television reporter from the Kavkazsky Uzel media outlet. 
Russia has reporting a bafflingly low number of cases, which has left many critics openly speculating about under-reporting or a cover-up. Chechnya, however, has taken aggressive measures to contain the deadly, fast-spreading virus despite only recording three cases so far.
The three cases -- which apparently came from people who had visited Mecca on a religious pilgrimage -- immediately roiled Russia's only Muslim majority province as wild rumors spread on social media and shoppers began to horde supplies. 
Forced confessions on TV
Kadyrov immediately took steps to stop the rumors from circulating, in part by using the time-honored Russian tradition of arresting people and forcing them to confess and apologize on television. Human rights groups fear the confessions were coerced. 
The government also imposed price and market controls to stop hoarding and threatened both shoppers and business with fines and arrests for failure to comply. 
But it was the passing reference to murdering infected people who refuse to self-isolate that has raised the most attention. Kadyrov's previous policies have included rounding up, beating, and jailing LGBT rights activists on vague concerns over HIV transmission. These policies -- that led to at least one murder of an activist were broadly denounced by the international community as having nothing to do with health but rather seen as an anti-gay pogrom in the socially conservative region.
Kadyrov has attempted to assassinate dissidents in Europe
Kadyrov made the statement after reports that one of the infected pilgrims refused to be isolated. The unnamed individual's current fate is unknown. 
Kadyrov has been accused of being responsible for more than half a dozen high profile political murders and even more attempted assassinations of dissidents to his iron rule.
Most recently, those attacks include the mysterious stabbing death of a Chechen dissident earlier this year in France and a brutal attack by a hammer-wielding assailant on another dissident in Poland a few weeks later. The attacker in Poland was detained after being disarmed by his intended victim. The suspect in the France attack escaped but French police told Business Insider that he was believed to be linked to the Chechen security services. 
Loading
Something is loading."
5,"{'id': 'business-insider', 'name': 'Business Insider'}",Justin Gmoser,How to stay safe at work during the COVID-19 outbreak,"As the novel coronavirus continues to spread, more and more cities are escalating their tactics to keep the virus at bay. Cities have asked people to socially distance and, in some cases, to shelter in place. But some are not lucky enough to work from home. D…",https://www.businessinsider.com/how-to-stay-safe-covid-19-outbreak-2020-3,https://i.insider.com/5e73f05ac4854061c7084094?width=1200&format=jpeg,2020-03-20T14:30:00Z,"Following is a transcript of the video.
Narrator: As the novel coronavirus continues to spread, more and more cities are escalating their tactics to keep the virus at bay, asking people to socially distance, and, in some cases, to shelter in place. But some are not so lucky to have the ability to work from home. Dr. Eric Cioe-Pena, an emergency physician and the director of global health for Northwell Health, gave us some tips for staying safe at work.
Eric Cioe-Pena: The No. 1 thing to do is wash your hands. Either 20 seconds with soap and water or with a hand sanitizer that's greater than 60% alcohol, because the main mode of transmission is gonna be touching surfaces that someone has coughed or sneezed on and then touching your face. So, that's your first line of defense, is handwashing.
So, comparing hand sanitizer to soap and water, if you have the ability to use soap and water, that's your best bet. So, hand sanitizer is a quick way to disinfect your hands in between soap-and-water washes, but soap and water really does have a greater efficacy in washing away droplets, washing away viral particles, and removing any soil or contaminants on your hands where virus could be hidden underneath. Hand sanitizer essentially is a superficial clean, so if you've got no dirt and no grime on your hands and you use hand sanitizer, it is effective at killing most things that are on your hands, but anytime you have any type of dirt or anything else where something could be hiding underneath that layer of dirt, hand sanitizer isn't gonna get it, but water and soap will. I also recommend, at the beginning of the day, wiping down areas that you're gonna touch often in your work area. So, keyboards, phones, mouse I would disinfect with any household or business disinfectant would work.
One of the other ways to catch the virus is to be in close contact with other people. Being next to another human being for greater than two minutes within six feet who is sick and showing symptoms definitely is a risk. The idea right now is you wanna practice some social distancing between people so that if someone is sick, we're not within six feet of them as much as possible. The other thing is avoiding gatherings of, you know, greater than five people that aren't absolutely essential to business is probably a good temporary measure at this point.
Narrator: But social distancing is not always feasible, especially when your work involves person-to-person contact.
Cioe-Pena: So, the service industry is a tough area. They're especially tough because they also don't have any sick time off, and if they don't work they're not making money, so that's something that society, in general, we have to take a look at, because they really do have kind of a financial imperative to work even while sick. So, the worst thing someone in the service industry could do is work while sick. But the things that they can do to protect themselves: disinfect their hands, make sure that every time they're touching someone else's credit card, touching a check, touching something that another human being has touched in the course of their job, that before they do anything like, certainly, eat or touch their face, that they're disinfecting with soap and water or hand sanitizer.
The handshake is a tough thing 'cause it's really ingrained in our culture, right. I mean, you know, even now when I'm meeting people, part of me is, like, resisting the urge to extend my hand out and shake people's hands. So I think having something that's a gesture, the elbow is certainly, I think, the safer thing than the fist bump, just having that momentary contact with an area that's not gonna go anywhere near your face. You know, even just kind of a slight nod or a bow oftentimes will get kind of the job done.
We need to keep calm. We have to kind of take this with the appropriate level of seriousness, protect the people that are at risk of having worse outcomes, but the rest of us need to just kind of take the anxiety down one notch, realize that we're gonna get through this, it's gonna be here, it's gonna pass through our communities, and so we really just need to kind of do things that are smart, but try to avoid panic."
6,"{'id': 'business-insider', 'name': 'Business Insider'}",Shaena Montanari,Why states like New York and Washington are limiting COVID-19 testing,"Hard-hid states like Washington, New York, and California are restricting COVID-19 testing to top priority groups who need it most. The lack of personal protective equipment and testing supplies continues to hamper efforts to diagnosis those who are sick and …",https://www.businessinsider.com/why-states-like-new-york-are-limiting-covid-19-tests-2020-3,https://i.insider.com/5e7d1de114f18f10e0383f38?width=1200&format=jpeg,2020-03-26T21:34:22Z,"Want a COVID-19 test? At this point, it depends what a physician says. Log on to Washington State's health department website and navigate to its information on coronavirus testing and you'll see this:
""People do not always need to be tested for clinical care purposes since there is currently no medication to treat COVID-19.""
Washington, New York, and California are some states that are cracking down on who gets tested for COVID-19. Even those who are sick with mild symptoms are advised to stay home and call their healthcare provider. 
The reasoning for limited testing comes down to the same reason the US isn't faring well in its fight against the novel coronavirus: A lack of resources. 
Specifically, a lack of diagnostic testing materials, like nasal swabs, and a lack of protective equipment for medical professionals. As a result, medical facilities are overrun with cases, which has triggered this need for more limited testing. 
""We don't have enough tests to test everyone and we have to prioritize them for where it matters for care,"" Dr. Emmy Betz, a professor of emergency medicine at the University of Colorado School of Medicine told Business Insider. Betz is advocating on social media to get doctors more personal protective equipment to treat patients.
Who should get tested
Every state is a bit different, Betz said. While there are national, state, and local guidelines, there are no ""hard and fast"" rules about who gets a test and who doesn't, which adds to a lot of confusion. 
According to CDC guidelines, those who warrant top priority testing are as follows:
<ul><li>Priority 1: Symptomatic health care workers are a top priority because they could easily spread the virus to others on the job.</li><li>Priority 2: First responders with symptoms are the next priority. </li></ul>Betz said at this point, everyone in the country needs to assume there is community spread. She adds that coming to a hospital to get tested when they are faring okay at home could cause more harm than good. Limited amounts of personal protective equipment means items like masks are not getting changed as often as they should between patients — so coming to the hospital could get you sick even if you weren't already.
Since the severity of COVID-19 cases largely varies across states and cities, the state and local health authorities can adapt the CDC's advice depending on the situation. For more information on whether you should get tested, check your local health department website. 
Limited testing hampers the country's fight against coronavirus
The current limited testing situation in the United States goes against what the World Health Organization advises to stem the flow of this pandemic. WHO director-general Tedros Adhanom Ghebreyesus said on March 16 that testing is the key: ""You cannot fight a fire blindfolded. And we cannot stop this pandemic if we don't know who is infected.""
Moreover, experts say that widespread testing could be our ticket to getting out of lockdown mode — understanding who is sick, who is not, and who has recovered will make it easier to isolate those who need to quarantine versus those who can return to work. But the CDC is not reporting state-by-state testing capacity, which makes it difficult to know the extent of the testing shortfall.  
And this issue of a shortage in testing supplies continues to hamper efforts to contain the pandemic. ""In an ideal world, we would have already had the ability to do widespread community testing, but at this point, we don't have that,"" Betz said.
As more tests become available, another issue is arising — not enough results. 
California got a shipment of 150,000 test kits from Hong Kong and have expanded the number of labs able to run tests. It has added commercial and university labs to the mix — but now the state has a backlog of over 48,000 tests waiting for results.
For now, Betz explained, we need to stay put. ""Two or three weeks ago, if we could have tested every single person, we could have potentially gotten the situation more under control. This did not happen, so this is why the guidance is for everyone to stay home."" 
Loading
Something is loading."
7,"{'id': 'business-insider', 'name': 'Business Insider'}",Jake Lahut,This West Virginia Democrat turned his campaign for governor into a COVID response team,"Stephen Smith, a rookie campaigner running in West Virginia's Democratic gubernatorial primary, has turned his field operation into a ""coronavirus crisis response team."" Smith, 40, already broke US Sen. Joe Manchin's record for individual contributions to a W…",https://www.businessinsider.com/wv-gov-candidate-looks-beyond-flipping-state-blue-amid-coronavirus-2020-4,https://i.insider.com/5e96103129d6d915db10d1f5?width=1200&format=jpeg,2020-04-14T21:57:30Z,"With no doors to knock on or hands to shake, Stephen Smith is taking his West Virginia gubernatorial campaign in a different direction.
The 40-year-old Democrat already broke US Sen. Joe Manchin's 2005 record for most individual donations in a Mountain State run for Charleston's corner office, and that was back in October.
Now, Smith is channeling that grassroots energy by flipping his field operation into a ""coronavirus crisis response team.""
He still has a primary race to compete in, with voting day moved to June 9, but Smith told Insider that making his campaign's resources available for those struggling from the coronavirus is the current priority.
""It's kind of incredible and radical and beautiful that, I think, we caught on to what was going on fairly early, and decided to act boldly and quickly,"" Smith said in a phone interview Monday. ""And what that looked like was a comprehensive coronavirus resource web page that was up on our campaign website before the state of West Virginia had its own website.""
His campaign has 305 ""neighborhood captains"" across the state who aim to contact around 100 neighbors per week to check in on what they need: food, masks, transportation, help with unemployment insurance, and even assistance with getting registered to vote absentee.
Five days after Smith's campaign launched its coronavirus site, West Virginia Gov. Jim Justice told constituents to ""go to Bob Evans and eat"" as he downplayed the severity of the pandemic.
Justice's office did not immediately return a request for comment. 
Smith grew up in the capital city of Charleston before moving to Texas for his high school years, going on to graduate from Harvard University. He then moved to Chicago for his early career before heading back to the Mountain State to raise his family. 
While he may not have the region's accent or boast the flare of fellow WV Democrat Richard Ojeda 's swole campaign videos, Smith is running on an anti-establishment platform, refusing PAC money or corporate donations. 
""Right now — and I think this is increasingly true across the country — West Virginia isn't a red or a blue state,"" Smith told Insider. ""We're a state that's fed up with the establishment of both parties.""
While there has been little polling on the race, Smith has outraised his two closest competitors by far, according to the latest filings, and has been the subject of national coverage in The New Yorker, Yahoo! News and The Intercept.
He's also backed by more than 90 down ballot candidates taking part in West Virginia Can't Wait, a pro-labor reform group that has candidates take a pledge to reject corporate money, refuse to cross picket lines, and pledge to never avoid debating opponents. 
""2018 was a perfect example of this,"" Smith said. ""There were three congressional seats up for election, obviously, and there were viable challengers in every race and there were zero debates — zero general election debates — not one in three races did the two people get in the same place and answer questions. 
""Unbelievable, right?""
Smith had already pledged to donate at 10 percent of his campaign fundraising total to local non-profits and charities, but he said the coronavirus outreach will far exceed that. 
""What matters most is — people have heard every string of words that a politician can say — it's more about what we do.""
Loading
Something is loading."
8,"{'id': 'business-insider', 'name': 'Business Insider'}",Shona Ghosh,The UK is about to greenlight bailout funds for startups suffering during the COVID-19 crunch,The UK government is expected to announce a rescue fund for startups struggling to survive a drastic reduction in business. UK Chancellor Rishi Sunak will discuss the terms of an expected government-backed fund with startup investors and representatives on Fr…,https://www.businessinsider.com/uk-treasury-350-million-startup-runway-fund-2020-4,https://i.insider.com/5e959c2473d0c84acc27b974?width=1200&format=jpeg,2020-04-17T12:38:00Z,"The UK government is expected to announce a bailout package for startups struggling to survive the drastic reduction in business triggered by the pandemic.
Business Insider first reported on the possible rescue fund in March, when investors warned that thousands of startups could collapse thanks to the economic slowdown.
UK Chancellor Rishi Sunak will speak to startup investors and industry representatives on Friday at 3.30pm, and is expected to agree to additional government cash that will be invested into startups struggling during the pandemic.
Industry sources said exact details were not yet clear, such as how much the government would commit to a fund, the terms, and when the fund would launch. 
If Sunak agrees to a startup rescue package, it's possible the announcement will be made on Friday afternoon or early next week.
Those involved in the discussions said a final package could involve a co-investment fund, with the government handing an expected £300 million ($350 million) to the state-owned British Business Bank (BBB).
The BBB would then take applications from startups applying for ""runway"" funding to see them past the crisis, with likely commitments of up to £500,000 per deal. Startups would then need to match the government capital with private capital from individual or venture capital investors.
The investment would be made as a convertible note, which would convert into shares at a valuation discount of 25% at the startup's subsequent funding round.
This would effectively see the government taking stakes in a number of the UK's fast-growing early-stage startups.
However, sources said it was unlikely that governments would continue to hold its equity through later funding rounds. Instead, they said, it was likely that late-stage investors would be given the option to buy the government out.
It's thought that the package under discussion on Friday will only apply to earlier-stage startups, rather than growth-stage ""unicorns"" such as the likes of food takeaway firm Deliveroo or security startup Darktrace.
Separately, 12 fast-growing tech firms wrote to the government earlier in April asking for financial help and warning that the tech sector was ""at risk"" during the COVID-19 pandemic. Those discussions are still ongoing.
Instead, this scheme will apply to the approximately 1500 early-stage startups that have raised from smaller venture capitalists and angel investors, and can't easily gain access to more cash to keep their doors open during a downturn."
9,"{'id': 'business-insider', 'name': 'Business Insider'}",Allana Akhtar,The government is failing our most important front-line defense against COVID-19: Nurses,"Nurses detailed a lack of coordination between governments and hospitals over protocols that could help stem the outbreak, with mask shortages a notable example. Nurses were already working at full capacity before the outbreak, and many are facing a choice be…",https://www.businessinsider.com/nurses-are-understaffed-and-frustrated-as-they-battle-coronavirus-2020-3,https://i.insider.com/5e6fd805c48540593c19fc14?width=1200&format=jpeg,2020-03-16T19:49:00Z,"Maeleigh Soper, a registered travel nurse in Seattle, has been rationing masks and hand sanitizers for the past week.
She said her hospital, which went through a month's worth of masks and hand sanitizers in three days, suspects that patients and families have been stealing medical supplies amid the novel coronavirus outbreak.
The novel coronavirus, which spread from China in late December, has since infected at least 169,000 people in every continent besides Antarctica.
US localities and businesses have taken steps to lessen the disease's spread, so that the healthcare system won't be overwhelmed by new patients. But Business Insider talked to nine nurses in hospitals nationwide, who said equipment shortages are putting their health and that of their patients at risk, as the novel coronavirus continues to spread.
Hospitals cannot limit the number of patients a nurse can legally care for at once in every state except for California, and nurses that care for more than six patients in a day get burned out and cannot provide adequate patient care, according to research from Linda Aikens. Nurses reported grappling with equipment shortages, understaffing, and a lack of coordination on protocols between health systems and the government. 
""I think the real message we need to tell people is that this is the calm before the storm,"" Marcia Santini, a registered nurse at an emergency room in California, told Business Insider. ""We need to keep our healthcare workers healthy, and if they get sick, that would collapse the healthcare system.""
Nurses are facing mask shortages — and they have called on the government and hospital systems for more resources
Santini said her hospital was crowded and nearly filled to occupancy — before the coronavirus outbreak. 
Like Soper, Santini said her hospital has had a shortage of proper medical supplies like gowns and masks. On March 10, the National Nurses United union called on the White House and hospital systems to ensure that nurses have enough protective equipment. A union survey found only 30% of nurses report having enough equipment to deal with the virus outbreak.
Soper works in her hospital's oncology department, where patients receiving bone marrow transplants have severely comprised immune systems. Soper said her biggest fear is passing on the virus, potentially deadly to patients with comorbidities, to her patients. 
""We need to be protected because once you start the domino effect,"" Santini said, referring to one healthcare worker getting sick and spreading the disease to other staffers, ""then you're going to have a staffing crisis.""
AP Photo/Ted S. Warren
Nurses described feeling frustrated at the lack of coordination from hospitals and the government over proper protocol
Monica, a registered nurse who works in a rural hospital in Washington state, identified four patients last week who she thought should have been tested for COVID-19. (Business Insider confirmed Monica's identity before publishing this article).
But due to confusion from the state's Department of Health and hospital providers, none received a test. 
The first man to die from coronavirus in the US lived in a long-term care facility in Washington state. Healthcare workers and other residents in the nursing home were also exposed to the virus.
Monica's hospital, which has already faced staffing shortages, asked her to work extra shifts on top of her six continuous night shifts. Coupled with a lack of proper protective gear, Monica told Business Insider she was frustrated by the lack of coordination between federal and state governments and hospital systems on figuring out coronavirus protocols. 
Marie Spaner, a hospital nurse in the Los Angeles area, told Business Insider that she also felt frustrated at her hospital's lack of planning. Her hospital has not changed cleaning or sanitation protocols since the outbreak, nor has it limited visitors.
""It's frustrating and frightening. If we can't have things implemented properly in the hospital then it's a danger for us [nurses] and to the patients,"" Spaner told Business Insider. ""We're just grossly unprepared.""
Reuters
For nurses themselves, getting sick means losing pay
Many nurses told Business Insider that if they take time off work, they won't get paid.
Carmen Martinez, who works as a nurse in the registry department in a California hospital, said her hospital recently stopped screening patients with fevers below 104 — even if they present other coronavirus symptoms.
Without screening patients for coronavirus when their temperature is below 104 — coupled with the shortages of protective equipment — Martinez said she was worried most about getting sick and needing to take time off work. Two weeks without work means Martinez won't be able to pay her bills.
""I don't think America knows how much how much is at stake for us,"" Martinez told Business Insider. ""We're putting our lives at risk right now. I think everybody needs to remember that we're in the front lines were at risk, but there has to be provision made for us."""
10,"{'id': 'business-insider', 'name': 'Business Insider'}",Isobel Asher Hamilton,Amazon is reportedly in talks to help deliver COVID-19 tests in the UK,"The UK government has reportedly approached private delivery companies including Amazon to help deliver COVID-19 tests to health and social care workers, The Financial Times reports. The UK government has been under considerable pressure to ramp up its testin…",https://www.businessinsider.com/amazon-in-talks-to-help-deliver-covid-19-tests-uk-2020-3,https://i.insider.com/5c77faad26289830374bab0f?width=1200&format=jpeg,2020-03-23T13:53:00Z,"The UK government is in talks with delivery companies including Amazon to help deliver COVID-19 tests to healthcare and social care workers, the Financial Times reports.
Two anonymous public health officials told the FT that private companies with huge logisitcs networks were being approached and that while initially the project would just be delivering tests to key workers on the frontline fighting the virus, the plan is eventually to roll it out to the general public as well.
One of the officials said that one proposal would make two kinds of test orderable on Amazon's website: The regular test to detect the virus and another to detect whether someone has antibodies against the disease, meaning they already had it and developed an immunity. Amazon's contracted deliverypeople would then take the tests to a private diagnostic company.
An Amazon spokesperson declined to comment on the report when contacted by Business Insider.
Considerable pressure has been put on the UK government to increase its rate of testing for healthcare staff, and a petition calling to test frontline NHS employees as a priority has accrued over 1 million signatures.
Amazon has made enormous changes to its delivery and supply structures in reaction to the novel coronavirus outbreak. The company is having to balance a huge spike in demand for household and medical supplies against the health of its own employees.
The company announced last week that it was on a mass hiring spree, looking for 100,000 new warehouse workers in the US alone. CEO Jeff Bezos put out a personal call on Saturday for restaurant staff who have been laid off to sign on with Amazon, which is now offering an extra $2 per hour to staff."
11,"{'id': 'business-insider', 'name': 'Business Insider'}",Mark Matousek,Leaked email reveals 2 Tesla employees have tested positive for COVID-19 (TSLA),"Two Tesla employees have tested positive for COVID-19, according to an internal email sent on Thursday. The employees have been working from home for about two weeks and didn't show symptoms while in the office, the electric-car maker said. Tesla has not prev…",https://www.businessinsider.com/leaked-email-reveals-two-tesla-employees-tested-positive-covid-19-2020-3,https://i.insider.com/5e7cbbfc2d41c14d1201fd9b?width=1200&format=jpeg,2020-03-26T14:30:38Z,"Two Tesla employees have tested positive for COVID-19, the disease caused by the novel coronavirus, Laurie Shelby, the head of Tesla's environmental and safety department, said in an email to employees on Thursday. Business Insider viewed a photo of the email.
The employees have been working from home for almost two weeks and did not show symptoms while working at their office, Shelby said. The email did not specify which facility the employees worked at or their roles.
Thursday's email marks the first time Tesla has said one of its employees has tested positive for COVID-19. Tesla did not immediately respond to a request for comment.
This is a developing story. Check back for updates.
Are you a current or former Tesla employee? Do you have an opinion about what it's like to work there? Contact this reporter at mmatousek@businessinsider.com. You can also reach out on Signal at 646-768-4712 or email this reporter's encrypted address at mmatousek@protonmail.com.
Loading
Something is loading."
12,"{'id': 'business-insider', 'name': 'Business Insider'}","Áine Cain, Mark Matousek and Ruobing Su",All the cruise ships that have had confirmed cases of COVID-19 onboard,"Thousands of cruise ship passengers and crew members have fallen ill with COVID-19 since the global coronavirus pandemic began. Major cruise industry players like Carnival, Royal Caribbean, and Norwegian have all seen cases within their fleets. Are you a crui…",https://www.businessinsider.com/cruise-ships-with-confirmed-covid-19-cases-during-coronavirus-pandemic-2020-4,https://i.insider.com/5e90900bdcd88c524f641617?width=1200&format=jpeg,2020-04-12T16:39:28Z,"The worldwide coronavirus pandemic hit the cruise ship industry like a rogue wave.
Cruise ships like the Diamond Princess, the Grand Princess, the Ruby Princess, the Oasis of the Seas, and the Zaandam became the focus of international headlines after crew members and passengers fell ill with COVID-19.
Those widely-publicized outbreaks have helped to upend the entire seafaring business, with shares plummeting for industry giants like Carnival. And government officials in the United States have taken action by extending a no-sail order for cruises for at least another three months.
It is likely that the number of COVID-19 cases linked to cruise ship crew members and passengers will only go up in the weeks to come, as thousands of crew members are still stranded on stricken ships. 
Here's a look at the cruise ships at the center of the coronavirus crisis on the high seas: 
Ruobing Su/Business Insider
Loading
Something is loading."
13,"{'id': 'business-insider', 'name': 'Business Insider'}",Antonio Villas-Boas,Australians have been advised not to wear face masks if they aren't infected by COVID-19,Australia's deputy chief medical officer Paul Kelly told Australians that they shouldn't wear face masks. That's partially due to the short supply of face masks in the health care system. Kelly pointed out that it's also because face masks aren't very effecti…,https://www.businessinsider.com/australians-told-not-to-wear-face-masks-amid-supply-contraints-2020-4,https://i.insider.com/5e834fe30c2a6202727c74b6?width=1200&format=jpeg,2020-04-04T15:37:02Z,"Australia's deputy chief medical officer Paul Kelly told Australians that it's not a good idea to wear face masks during the coronavirus pandemic in a press conference on Friday, citing constraints on face mask supplies for the Australian healthcare system.
Kelly also pointed to their poor effectiveness in protecting someone from the virus as another reason why most Australians shouldn't wear face masks when they're going about their daily business. 
Face masks ""can be useful to stop the spread from a person with the disease to other people, if the mask is used correctly,"" Kelly said. But for people who aren't infected with coronavirus, masks are said to provide little protection. 
So far in Australia, Kelly reported that 5,544 individuals have contracted the novel coronavirus, and a total of 30 have died due to complications caused by the virus. ""Daily increases are definitely less than they were a week or so ago,"" Kelly said, ""that really talks to the effectiveness of some of the ways we have tried to deal with the virus in the last few weeks."" 
In Australia, Kelly said that the country has made some gains from supplies from overseas and in its efforts to produce its own masks.
Meanwhile, in light of a face mask shortage for the healthcare system in the US, the CDC recommended that all Americans wear cloth masks or face coverings when they go outside to prevent coronavirus spread. The recommendation to wear cloth or fabric face masks was announced by President Donald Trump on Friday and came as emerging evidence suggests people can transmit the coronavirus to others before they even know they've been infected. 
Loading
Something is loading."
14,"{'id': 'business-insider', 'name': 'Business Insider'}",Andrew Dunn,See the 15 leading coronavirus treatments already being tested in COVID-19 patients,"Researchers are trying a wide range of existing drugs against the novel coronavirus, hoping to find a treatment that fights the virus or alleviates patients' symptoms. These repurposed drugs are the only near-term hope for a coronavirus treatment. Dozens of t…",https://www.businessinsider.com/coronavirus-treatments-being-tested-in-clinical-trials-2020-4,https://i.insider.com/5e91c06dd5873a3b31024ae3?width=1200&format=jpeg,2020-04-11T13:14:00Z,"Repurposed drugs are the most promising options for finding a treatment quickly for COVID-19, the disease caused by the novel coronavirus.
Dozens of clinical trials are enrolling patients and testing drugs originally designed for other ailments, such as Ebola, HIV, malaria, and arthritis. Results will trickle in over the coming weeks and months.
Never miss out on healthcare news. Subscribe to Dispensed, Business Insider's weekly newsletter on pharma, biotech, and healthcare.
These potential treatments have already been tested in humans for other diseases, and some are approved to treat other conditions. That means we know how safe they are for people to take and what side effects to expect. Therefore, researchers can skip some of the early steps of drug development, and instead move them quickly into human trials testing their efficacy in COVID-19. 
While repurposed drugs can be tested now, they aren't expected to be anything close to a panacea for the virus. The gold standard for halting infectious diseases remains vaccines, which can protect healthy people from getting infected in the first place.
Vaccine research typically takes years. Even under the urgency of this pandemic, US health officials have said it will take at least a year to know if any vaccine is safe and effective.
Read more: There are more than 40 potential coronavirus vaccines in the works. Here are the top efforts to watch, including the 8 vaccines set to be tested in people this year.
Other biotech and pharma companies are scrambling to craft new therapeutics. These will be tailored specifically to fighting this novel coronavirus. Even under the most aggressive timetables for clinical testing, those won't be widely available to patients until at least the fall. 
That leaves repurposed drugs as the near-term hope. Business Insider has compiled a list of the top candidates and how they are being tested against COVID-19. These treatments have already been tested in people and are now in late-stage trials to find out whether they work against the coronavirus. 
Loading
Something is loading."
15,"{'id': 'business-insider', 'name': 'Business Insider'}",Grace Panetta,Cruise ship bookings for 2021 are already on the rise despite multiple COVID-19 outbreaks,"Despite multiple outbreaks of COVID-19 on cruise ships in 2020, bookings for cruises are already on the rise of 2021, according to multiple reports. In the past 45 days — as multiple cruise ships had serious COVID-19 outbreaks onboard — the cruise booking sit…",https://www.businessinsider.com/cruise-ship-bookings-are-increasing-for-2021-despite-coronavirus-2020-4,https://i.insider.com/5e931a8692e8ba0fc27f5d93?width=1200&format=jpeg,2020-04-12T15:15:00Z,"Bookings for cruises are already on the rise of 2021, according to multiple indicators, despite multiple outbreaks of COVID-19 on cruise ships in 2020. 
In the past 45 days as multiple cruise ships had serious COVID-19 outbreaks onboard and, in many cases, were stranded for days before finding a place willing to let them dock and offload passengers, CruiseCompete.com saw a 40% increase in its 2021 cruise bookings compared to 2019, the company told the Los Angeles Times.
The site's president said that based on the available data, the demand for booking post-pandemic cruises is still strong, an encouraging sign for cruise lines currently taking a huge financial hit and seeing their market value plummet. 
The Times also noted that a recent analysis from Swiss bank UBS found that in the past 30 days, the number of cruise bookings for 2021 are up by 9% compared to the same period in 2020, including a substantial number of people booking brand new cruises as opposed to simply re-booking canceled cruises. 
Indeed, UBS reported that 76% of the people who had a canceled cruise in 2020 have chosen to accept credit towards a future cruise in 2021 as opposed to 24% who accepted a refund. 
The LA Times also cited a poll of 4,600 cruise customers conducted by review site CruiseCritic.com in which 75% of respondents said they planned to continue to book cruises at the same rate as before after the coronavirus outbreak is over, compared to 24% who said they planned to book cruises less often. 
A Harris Poll released March 31 also found that while demand for cruises is still expected to bounce back at a slower rate than for other methods of travel, such as hotel and airline bookings, only 22% of respondents said it would take ""a year or longer"" before they'd get on a cruise again. 
The two biggest outbreaks took place on the Diamond Princess and Ruby Princess cruise ships, both run by Carnival Cruise Corporation. After the outbreaks, Carnival saw its stock price plummet by 80%. 
Most recently, the Holland America ships MS Zaandam and MS Rotterdam docked in Fort Lauderdale, Florida after an outbreak onboard the Zaandam sickened dozens of passengers and resulted in four deaths. 
Ruobing Su/Business Insider
In the wake of numerous coronavirus outbreaks onboard, the CDC has banned Carnival, Norwegian Cruises, and Royal Caribbean cruise lines from sailing in US waters until at least July. Those three companies alone represent $60 billion of the cruise line market. 
And because the vast majority of the cruise lines are not incorporated or based in the US  in order to avoid corporate taxes, the industry as a whole was largely excluded from the $2 trillion economic stimulus package President Donald Trump signed into law in March. 
Now that cruise lines have had to cancel voyages or sail empty ships, employees at lines including Holland America, Princess Cruises, and Australia-based P&amp;O Cruises are facing pay cuts and layoffs, Business Insider's Mark Matousek reported on Friday.
""Cruise lines, as evidenced by the stocks, are in a world of hurt right now without a clear light at the end of the tunnel,"" SunTrust Robinson Humphrey analyst Patrick Scholes recently told Business Insider's Meghan Morris, adding that the ""multi-million dollar question"" for these cruise lines' survival is when they can start operations again. 
While cruise lines have taken a severe financial hit and will face serious challenges to get back on track after the crisis, the loyalty of their customer base and the rise in bookings even in the midst of a pandemic that spread on cruise ships show a sliver of hope for an embattled industry. 
Loading
Something is loading."
16,"{'id': 'business-insider', 'name': 'Business Insider'}",Aylin Woodward and Andy Kiersz,"A disproportionate number of black Americans are being hospitalized with COVID-19, new CDC data shows","Black Americans with COVID-19 are being hospitalized and dying at disproportionately high rates, new data shows. Anthony Fauci spoke about these ""unacceptable"" racial disparities during a White House coronavirus briefing on Tuesday, citing the prevalence of ""…",https://www.businessinsider.com/black-americans-disproportionately-hospitalized-with-coronavirus-2020-4,https://i.insider.com/5e8e35690b3c9b6c046145a9?width=1200&format=jpeg,2020-04-09T19:23:00Z,"In a White House briefing on Tuesday, Anthony Fauci described the disproportionate impact the coronavirus outbreak is having on black Americans, saying the crisis is ""shining a bright light on how unacceptable that is.""
The outbreak is highlighting ""some of the real weaknesses and foibles in our society,"" he added.
New research from the Centers for Disease Control and Prevention puts that disparity in stark relief, showing the extent to which black Americans account for more hospitalizations than they should based on their share of the US population.
The report notes that 33% of the US's COVID-19 hospitalizations are black patients, though black people make up 18% of the overall US population.
Andy Kiersz/Insider
Fauci, the director of the National Institute of Allergy and Infectious Diseases, said the reason for this disparity most likely has to do with the prevalence of ""underlying medical conditions — the diabetes, the hypertension, the obesity, the asthma."" 
These preexisting health issues put patients at higher risk of developing severe cases.
In some areas, black Americans are dying at higher rates 
The CDC report analyzed 1,482 hospitalizations across 99 counties in 14 states during the month of March. The agency had race and ethnicity data in 580 of those cases; not all states are collecting and releasing that information.
States and cities that are tracking the racial breakdown of coronavirus patients, however, are seeing black Americans die from COVID-19 in alarmingly disproportionate numbers.
A New Yorker wearing a face mask.
Crystal Cox/Business Insider
In Michigan, black people make up 14% of the state population but represent 40% of the coronavirus deaths, according to state health officials.
Illinois's numbers are similar: of the state's 462 deaths, 262 of them were black patients, about 43% of the total fatalities. The state has about 1.8 million black residents, or about 14% of the population.
In North Carolina, where the population is 21% black, 38% of the state's COVID-19 deaths were black patients. 
About 28% of coronavirus fatalities in New York City, meanwhile, were black patients, and 34% were Hispanic, according to the New York State Department of Health.
A man wears a face mask and surgical gloves to prevent coronavirus spread on a New York City subway train, March 11, 2020.
Tayfun Coskun/Anadolu Agency via Getty Images
So far, 12 people in St. Louis, Missouri, have died from COVID-19, all of whom were black, the St. Louis Post-Dispatch reported on Wednesday. 
ProPublica reported on April 3 that 81% of the deaths in Milwaukee County were black patients, despite the fact that only 26% of the county's population is black. 
Underlying conditions increase the risk of severe COVID-19 infections
The CDC report collected data about underlying health problems among 180 of the 1,482 hospitalized Americans in March. Of that subset, 89.3% had at least one underlying condition.
Andy Kiersz/Insider
The most commonly reported conditions were hypertension and obesity, followed by chronic lung disease (including asthma and chronic obstructive pulmonary disease), diabetes, and heart disease.
According to the US Department of Health and Human Services, 32% of black Americas older than 18 had hypertension (high blood pressure), compared to 24% of whites in 2018. Non-Hispanic black Americans were 1.3 times more likely to be obese than non-Hispanic white people.
Black Americans were 20% more likely to die from heart disease than whites in 2017. In 2014, black people in the US were more than twice as likely to die due to asthma than white people, and four times more likely to be be admitted to the hospital for the condition. 
The new CDC data also reinforced other known trends about which age demographics are most at risk: Fatality rates for older people are far higher than for younger ones. People older than 65 had the highest rate of hospitalization per capita, the report showed — about 13.8 hospitalizations per 100,000 Americans.
Loading
Something is loading."
17,"{'id': 'business-insider', 'name': 'Business Insider'}",Ashley Collman,The US is investigating the theory that COVID-19 was accidentally released from a Chinese lab,"The US is exploring the possibility that COVID-19 was accidentally released from a Chinese lab, intelligence sources told Yahoo News, Fox News, and CNN. President Trump and Secretary of State Mike Pompeo made statements recently confirming that the government…",https://www.businessinsider.com/us-investigating-chinese-lab-covid-19-theory-2020-4,https://i.insider.com/5e982bb9b3b092495466a074?width=1200&format=jpeg,2020-04-16T10:50:13Z,"The US government is exploring the possibility that COVID-19 was accidentally released from a Chinese lab, sources told Yahoo News, Fox News, and CNN.
The outbreak started in Wuhan, China, home to some of the country's top research laboratories. One of them — the Wuhan Institute of Virology — has done research on coronaviruses that originate in bats, as is the case with COVID-19.
The Chinese government denied that the lab was to blame early on, instead saying that the virus came from a wet market in the city. But there were holes in that theory. The market didn't sell bats and the first patient — as well as multiple people in the first cluster of cases — didn't have any connection to the market, as Yahoo News pointed out.
The sources who spoke out say the government is exploring the idea that a Wuhan lab accidentally released the virus into the public, perhaps through a worker who became unknowingly infected, and not intentionally. 
 China has blamed the outbreak on a wet market in Wuhan, pictured above on January 21, 2020.
Dake Kang/AP
Yahoo News reporter Jenna McLaughlin spoke to nine current and former intelligence and national security officials familiar with the ongoing investigations for her report.
She writes that one of the things that raised suspicions in the US intelligence community is the fact that China was so quick to peg the virus' source as the wet market. ""I find it very funny that China very quickly blamed the market,"" a retired intelligence official told Yahoo.
Sources told Fox that Chinese officials blamed the wet market to deflect attention from the laboratory and ""100 percent"" suppressed and changed data. ""Samples were destroyed, contaminated areas scrubbed, some early reports erased, and academic articles stifled,"" the report states.
The sources who spoke to CNN confirmed the initial reporting from Yahoo and Fox that the intelligence community is looking into the lab theory, but said it was only one of multiple possibilities that they are considering and that it's far from confirmed.
A previous story in The Washington Post appears to lend credibility to the lab theory. This week, the Post obtained US diplomatic cables from 2018, saying that lack of safety protocols at the Wuhan Institute of Virology could prompt an outbreak. Two diplomats who made multiple visits to the lab said they were concerned that sloppy safety standards for handling contagious viruses ""represented a risk for a new SARS-like pandemic."" (Samples of SARS were twice leaked accidentally from Chinese labs, according to Genome Biology, an academic journal.)
In recent weeks, the number of COVID-19 cases and deaths in the US has grown to eclipse those of China. With that has come criticism for President Donald Trump's handling of the crisis.
Trump has responded by pinning the blame on China, continually calling COVID-19 the ""Chinese virus"" and accusing the Chinese regime of lying about the scope of the outbreak there. 
 President Donald Trump speaks about the coronavirus in the Rose Garden of the White House on Wednesday, April 15, 2020.
Associated Press
Trump and Secretary of State Mike Pompeo have both talked publicly about the potential lab theory in recent days.
At a press briefing on Wednesday, the president was asked about the recent reports and he said that the US is ""doing a very thorough examination of this horrible situation that happened."" However, he didn't discuss what he had been told in briefs about the possibility of the virus coming from a lab.
Following the press conference, Pompeo went into more detail about the theory on Fox News.
""What we do know is we know that this virus originated in Wuhan, China,"" Pompeo said. ""We know there is the Wuhan Institute of Virology just a handful of miles away from where the wet market was. There is still lots to learn. The United States government is working diligently to figure it out.""
Loading
Something is loading."
18,"{'id': 'mashable', 'name': 'Mashable'}",Shannon Connellan,Twitter makes working from home mandatory due to coronavirus pandemic,"Twitter has made working from home mandatory for all its workers around the globe following the spread of the new coronavirus. The social media giant announced the policy in a blog post on Thursday, following the World Health Organisation's characterization o…",https://mashable.com/article/coronavirus-twitter-working-from-home/,https://mondrian.mashable.com/2020%252F03%252F12%252F28%252F36e26fa7740b49488adae072b12410ea.4a26b.png%252F1200x630.png?signature=ZW5PlwUkecmQmwH4XlcVTVs0nT0=,2020-03-12T12:13:55Z,"Twitter has made working from home mandatory for all its workers around the globe following the spread of the new coronavirus. 
The social media giant announced the policy in a blog post on Thursday, following the World Health Organisation's characterization of COVID-19, the disease caused by the coronavirus, as a pandemic.
""Our top priority remains the health and safety of our Tweeps, and we also have a responsibility to support our communities, those who are vulnerable, and the healthcare providers who are on the front lines of this pandemic,"" read Twitter's statement.
""We understand this is an unprecedented step, but these are unprecedented times.""
Today we informed all Twitter employees globally they must work from home to support worldwide efforts to stop the spread of #COVID19. This moves beyond our earlier guidance of strongly encouraging work from home. https://t.co/xQ6Xa4BHg0
 Twitter Comms (@TwitterComms) March 12, 2020
The company described the move as moving beyond its initial recommendation of ""strongly encouraging"" employees to work from home following the coronavirus outbreak. Twitter currently has over 35 offices worldwide, and according to Statista, employs around 4,900 people.
According to Twitter's blog post, the company said it will continue to pay labor costs for standard working hours for contractors and hourly workers who are not able to perform their duties from home Twitter is not the only tech company to announce a policy like this. 
SEE ALSO: Here's what's happening to tech workers who can't work remotely as coronavirus spreads
The company also noted that it would be ""stepping in to ease additional expenses"" for parents who may need to pay for additional daycare if facilities close due to COVID-19. Twitter also said it would be giving reimbursement to employees toward setting up their home offices, which could include desks, chairs, and ergonomic chair cushions. Plus the company will bring back its in-house #FlockTalk employee support program which is ""activated when Tweeps want to come together during difficult times to share whats going on with them, find community, and be heard by our leaders.""
Twitter's move comes a day after Google asked tens of thousands of its workers in the U.S. and Canada to work from home for at least a month. Google also recommended that employees in Europe work from home.
According to the World Health Organisation, the global count of confirmed COVID-19 cases is currently at 124,518, with 4,607 deaths."
19,"{'id': 'business-insider', 'name': 'Business Insider'}",Mary Meisenzahl,Thailand has 'ninja robots' monitoring COVID-19 patients — take a look,"The coronavirus outbreak that originated in China has killed more than 15,000 people worldwide and infected more than 349,000, according to recent totals. Thailand has more than 700 confirmed cases, but only one death from COVID-19. Hospitals in Thailand have…",https://www.businessinsider.com/thailand-ninja-robots-protect-medical-staff-and-monitor-coronavirus-2020-3,https://i.insider.com/5e791a1c2d654f545125ee65?width=1200&format=jpeg,2020-03-23T21:30:37Z,"As the novel coronavirus continues to spread worldwide, healthcare workers are facing a shortage of supplies and personnel. 
As of Monday, COVID-19, the disease caused by the coronavirus, has infected more than 349,000 people worldwide, and has killed more than 15,000. More than 700 people in Thailand are infected, thought the country has only recorded one death from COVID-19.
Some hospitals in Thailand are using ""ninja robots"" to help in the fight against coronavirus. The wheeled-robots can take the temperature of patients and handle other interactions, reducing the risk of exposure to medical workers who don't need to be present. The team creating the robots is working on ways to make the bots even more useful, so that they can deliver food, clean and handle other jobs. 
Take a look here:"
