,source,author,title,description,url,urlToImage,publishedAt,content
0,"{'id': 'business-insider', 'name': 'Business Insider'}",Isobel Asher Hamilton,SpaceX reportedly quarantines a dozen employees after 2 workers test positive for COVID-19,"SpaceX has sent over a dozen employees home after an employee and a medic tested positive for the coronavirus, according to a company email seen by the Telegraph. SpaceX claimed the risk of the employee having spread the virus is ""very low"" as they were only …",https://www.businessinsider.com/report-spacex-quarantine-12-employees-2-workers-tested-positive-covid-19-2020-3,https://i.insider.com/5e7b45b9671de01129532e12?width=1200&format=jpeg,2020-03-25T12:38:21Z,"SpaceX has confirmed two cases of COVID-19 among its staff and sent at least a dozen home, The Telegraph reports.
According to a staff email sent on Monday and seen by The Telegraph, an employee and a medic at SpaceX's Hawthorne, California premises have the virus.
The employee had tested positive after returning from traveling abroad, and SpaceX claimed in its email that the risk of them having spread the virus to other employees was ""very low"" and ""no greater than going to the grocery store"" because the person had only been on-site for one day, last Monday.
The company asked anyone who'd come into contact with that employee that day to go home and self-isolate for 14 days, and added it was doing a ""video review"" of the employee's movements to see if anyone else might have come into contact with them.
The medic had ""close contact"" with 12 employees, all of whom have been sent home, the email said. SpaceX was not immediately available for comment on the report when contacted by Business Insider.
SpaceX has come under scrutiny for remaining open during California's ""shelter in place"" order, which bans non-essential businesses from staying open. 
CEO Elon Musk has also sent out mixed messages about the virus.
He has repeatedly claimed the coronavirus crisis has been overblown, saying towards the beginning of the global outbreak that the ""coronavirus panic is dumb.""
More recently Musk has started donating medical masks and ventilators to help fight the virus, and has promised that Tesla and SpaceX will manufacture ventilators, although he couched this by downplaying the severity of the outbreak, doubting whether hospitals will experience ventilator shortages.
Loading
Something is loading."
1,"{'id': 'business-insider', 'name': 'Business Insider'}",Sarah Al-Arshani,Hospitals are setting up 'COVID cabanas' to prep for influx of potential coronavirus patients,"Some hospitals are setting up tents — or ""COVID Cabanas"" — to help with the anticipated influx of new coronavirus cases, Reuters reported. Some hospitals have set up tents outside to screen people for the highly infectious respiratory disease. One expert esti…",https://www.businessinsider.com/coronavirus-hospitals-turn-covid-cabanas-prep-for-influx-of-patients-2020-3,https://i.insider.com/5e6b0ff784159f2b2e7fa812?width=1200&format=jpeg,2020-03-13T06:08:34Z,"Several hospitals are setting up ""COVID Cabanas,"" or tents outside, to deal with the influx of new coronavirus cases, Reuters reported. 
Cedars-Sinai Medical Center in Los Angeles has already begun seeing patients in tents set up in their parking garage as of Thursday, according to Reuters. 
Scripps Health, which has several clinics in San Diego County, began setting up tests outside their location for screenings. Chief Executive Chris Van Gorder told Reuters he expects ""By Friday we will have what we are euphemistically calling COVID cabanas at two of our clinics.""
While Scripps has 1,400 beds including 99 negative pressure isolation rooms for infections disease, if the outbreak grows they may not be able to meet the demand, Reuters reported. 
""Contingency plans could include caring for patients in anesthesia recovery units or other areas within the hospital,"" Jeff Smith, Cedars-Sinai Medical Center chief operating officer told Reuters. 
Business Insider previously reported on a leaked presentation from the American Hospital Association that showed one expert estimated as much as 96 million COVID-19 cases and 4.8 million hospitalizations. 
Hospitals across the country are preparing on how to deal with the outbreak, but an expert told Reuters that the US is still short on ICU beds for those who are likely to need hospitalization. 
The US currently has 95,000 ICU beds, according to Reuters. Dr. Irwin Redlener, director of Columbia University's national center for disaster preparedness, told Reuters that if a ""full-blown outbreak"" were to occur, the US would be short 75,000 to 100,000 ICU beds."
2,"{'id': 'business-insider', 'name': 'Business Insider'}",Ashley Collman,Gov. Andrew Cuomo's brother CNN anchor Chris Cuomo has been diagnosed with COVID-19,"CNN anchor Chris Cuomo has been diagnosed with COVID-19. Cuomo is also the brother of New York Gov. Andrew Cuomo, who has been lauded for his leadership during the pandemic. Visit Business Insider's homepage for more stories. CNN anchor Chris Cuomo, brother o…",https://www.businessinsider.com/cnn-anchor-chris-cuomo-diagnosed-with-covid-19-2020-3,https://i.insider.com/5e8368b92d654f116478b8d9?width=1200&format=jpeg,2020-03-31T16:02:11Z,"CNN anchor Chris Cuomo, brother of New York Gov. Andrew Cuomo, has been diagnosed with COVID-19. 
In a statement posted to Twitter, Cuomo said that he had been in contact in recent days with people who later tested positive. 
""I had fever, chills, and shortness of breath. I just hope I didn't give it to the kids and Cristina. That would make me feel even worse than this illness!"" he said. 
 Chris Cuomo interviews Andrew Cuomo about a New York train derailment
CNN
He plans to continue shooting his show, ""Cuomo Prime Time,"" from his basement, where he is quarantining himself. 
He joked that his move to the basement has actually left his family quite ""pleased"" and noted that ""even the dogs won't come downstairs"" now. 
Cuomo's older brother, Gov. Andrew Cuomo, has been lauded for his leadership during the coronavirus crisis, which has left more than 900 dead in New York City alone. 
Cuomo's invited the governor on his show multiple times to discuss the outbreak. Their brotherly banter, including an argument over who was their mother's favorite, have made for more lighthearted headlines during the outbreak. 
At an afternoon press confernence, Gov. Cuomo addressed his brother's recent diganosis, joking that he's ""young, in good shape"" but ""not as strong as he thinks."" 
""He's an essential worker, a member of the press, you go out there, the chance you get infected is very high.
""I spoke to him this morning He's just worried about his daughter and his kids. You see Chris, he has a show on at night, but you just see one dimension, you see a person in his job, and in his job he's combative and argumentative and pushing people, but that's his job that's not who he really is. He's a really sweet and beautiful guy, and he's my best friend,"" the governor said. 
Loading
Something is loading."
3,"{'id': 'mashable', 'name': 'Mashable'}",Anna Iovine,Pornhub Premium is now free for everyone to encourage you to stay home,"Adult content site Pornhub knows we're all social distancing, so they've decided to hook everyone up with free Pornhub Premium to make our isolation just a little bit easier. Starting March 24, users can sign up at the site's special ""stay home"" landing page …",https://mashable.com/article/free-pornhub-premium-coronavirus-social-distancing/,https://mondrian.mashable.com/2020%252F03%252F24%252F55%252F693dbeb299c3406488805f2595b8ba8a.01b86.jpg%252F1200x630.jpg?signature=6YTzTG2bKFiJ2Cn-CdW3LuS2D74=,2020-03-24T21:05:12Z,"Adult content site Pornhub knows we're all social distancing, so they've decided to hook everyone up with free Pornhub Premium to make our isolation just a little bit easier.
Starting March 24, users can sign up at the site's special ""stay home"" landing page to enjoy premium for the next month. 
""With nearly one billion people in lockdown across the world because of the coronavirus pandemic, its important that we lend a hand and provide them with an enjoyable way to pass the time,"" said said Corey Price, Vice President of Pornhub in a press release. ""We hope by expanding our offer of free Pornhub Premium worldwide, people have an extra incentive to stay home and flatten the curve."" 
Besides doling out free porn, the site is also helping out performers who have been hurt by the economic impacts of the coronavirus pandemic. For the month of April, Pornhub will offer them 100 percent of their video sales after a processing fee of 15 percent. Their total payout on both Pornhub and the clip site Modelhub will be 85 percent. 
SEE ALSO: Free Speech Coalition calls for porn productions to shut down amid coronavirus
Additionally, Pornhub is donating $25,000 to the Sex Workers Outreach Project, contributing directly to relief funds for those impacted by COVID-19.
Pornhub is also helping out those outside the sex work industry. They are donating 15,000 surgical masks for first responders of Local 2507, which represents EMTs and paramedic members of the FDNY; 15,000 surgical masks to the Uniformed Firefighters Association Local 94 of New York City; 20,000 surgical masks to Mount Sinai South Nassau in New York; and 50,000 to various European organizations to purchase additional masks. 
""We very much appreciate the offer from Pornhub to donate 20,000 surgical masks to help protect our healthcare workers and patients at Mount Sinai South Nassau during the COVID-19 crisis,"" said Joe Calderone, Senior Vice President, Corporate Communications &amp; Development at Mount Sinai, in a press release. ""These masks are mission critical in the fight against the COVID pandemic.""
All the more reason to stay inside and flatten the curve."
4,"{'id': 'mashable', 'name': 'Mashable'}",Stan Schroeder,"Tesla to cut salaries, furlough staff amid coronavirus pandemic","Tesla has announced pay cuts and furloughs for some of its employees amid the coronavirus pandemic, which forced the company to shut down some of its factories. This is according to an email to employees, seen by Electrek, singed by Tesla's HR chief Valerie C…",https://mashable.com/article/tesla-pay-cuts-furloughs-coronavirus/,https://mondrian.mashable.com/2020%252F04%252F08%252F23%252F10fdb2f9d6a5470484ce864696b2f7e8.a48d6.jpg%252F1200x630.jpg?signature=QqCdLcuTRdNyvpypHPz0IBFsz2M=,2020-04-08T08:01:24Z,"Tesla has announced pay cuts and furloughs for some of its employees amid the coronavirus pandemic, which forced the company to shut down some of its factories. 
This is according to an email to employees, seen by Electrek, singed by Tesla's HR chief Valerie Capers Workman. The email explains that all employees who can work from home, or those who are assigned critical roles, will take a pay cut ranging from 10-30 percent. Those employees who cannot work from home, or those who aren't considered essential, will be put on a leave on absence. 
The email also says that there will be ""comparable"" reductions for non-U.S. employees, which will be communicated locally. 
The measures are temporary, and the email says the company expects the furlough to end  on May 4. The reductions in pay, however, will be in place ""until the end of Q2.""
The email also says that furloughed employees will retain their healthcare benefits, and that for the ""vast majority"" of furloughed employees, unemployment benefits will be ""roughly equivalent"" to normal take home pay. 
Tesla had a little under 50,000 employees at the end of 2019. 
SEE ALSO: Tesla buys oversupplied Chinese ventilators, sends them to Los Angeles
In March, Tesla was ordered to shut down its manufacturing facility in Fremont, California, due to Alameda County's shelter-in-place order. The order is set to end on May 4, though with the daily number of new COVID-19 (the disease caused by coronavirus) cases in California still being high, the order may be extended. Tesla's factory in Buffalo, New York, is shut down for vehicle production as well. 
Tesla has utilized some of its capacities to help fight the outbreak. In March, the company bought 1,255 ventilators, needed to treat critical COVID-19 patients, from China and delivered them to Los Angeles. The company is also repurposing its Buffalo factory to produce ventilators. 
Tesla CEO Elon Musk, however, has repeatedly downplayed the severity of the coronavirus outbreak; on one occasion, he said the panic surrounding the virus is more dangerous than the virus itself; on another, he tweeted ""the coronavirus panic is dumb."" 
COVID-19 has so far killed more than 72,200 and infected more than 1.2 million people. In the U.S., there have been more than 399,000 confirmed cases and 12,910 deaths."
5,"{'id': 'abc-news', 'name': 'ABC News'}",ABC News,WATCH: Biden projected winner of South Carolina primary,"Joe Biden’s first primary win of 2020 would come from the most diverse state to vote so far, and it could signal what to expect on Super Tuesday.",https://abcnews.go.com/Politics/video/biden-projected-winner-south-carolina-primary-69311663,https://s.abcnews.com/images/Politics/200229_spev_biden_hpMain_16x9_992.jpg,2020-03-01T01:27:41Z,"<li>Now Playing: Voters go to the polls in South Carolina as candidates make their last-minute push
</li><li>Now Playing: Inside SC's forgotten county: 'Black voters need to be heard
</li><li>Now Playing: Tom Steyer ends his campaign for president
</li><li>Now Playing: What South Carolina primary results could indicate about Super Tuesday
</li><li>Now Playing: Key Democratic primary playing out in South Carolina
</li><li>Now Playing: Bernie Sanders speaks after projected 2nd-place finish in South Carolina primary
</li><li>Now Playing: Elizabeth Warren speaks after South Carolina primary
</li><li>Now Playing: Bernie Sanders looks ahead to Super Tuesday
</li><li>Now Playing: Inside Joe Bidens South Carolina campaign headquarters
</li><li>Now Playing: Biden projected winner of South Carolina primary
</li><li>Now Playing: Bipartisan concern grows over federal response to coronavirus outbreak
</li><li>Now Playing: Will coronavirus affect the 2020 presidential race?
</li><li>Now Playing: Democrats eye pivotal primary before Super Tuesday
</li><li>Now Playing: Officials examining coronavirus case in Northern California
</li><li>Now Playing: Is the Trump administration prepared for a potential outbreak?
</li><li>Now Playing: Battle over US response to COVID-19
</li><li>Now Playing: Final day of campaigning before South Carolina primary
</li><li>Now Playing: Black churches are a campaign stop. What do they get in return?
</li><li>Now Playing: Democratic candidates vie for final votes ahead of South Carolina
</li>"
6,"{'id': 'mashable', 'name': 'Mashable'}",Proma Khosla,Striking street art around the world reflects coronavirus impact,"As the coronavirus drastically alters our day-to-day, at least for the time being, many have observed that life on Earth will never be the same. The impact of the virus and social distancing measures is apparent worldwide, and street artists are reflecting th…",https://mashable.com/article/coronavirus-street-art-murals/,https://mondrian.mashable.com/2020%252F04%252F05%252F87%252F828a13e7c20a424cabbd74ce9ff12d1a.14c71.jpg%252F1200x630.jpg?signature=AUcQwPdN86shEVDh9vTjcAb6awo=,2020-04-05T17:36:58Z,"As the coronavirus drastically alters our day-to-day, at least for the time being, many have observed that life on Earth will never be the same. The impact of the virus and social distancing measures is apparent worldwide, and street artists are reflecting this new reality with their work.
From Hong Kong to Europe to Africa, street art about COVID-19 acts as public service announcements, solemn observations, and the occasional but crucial levity. Here's a glimpse of 12 pieces of coronavirus street art from around the world.
A wall on Bank Street in Glasgow as painted by the Rebel Bear. One assumes the subjects are quarantining together; if not, they clearly are violating social distancing measures.
Image: andrew milligan / PA Images via Getty
The paintings of the RBS Crew collective, consisting of painters and graffiti artists, on the walls of Cheikh Anta Diop University in Dakar, Senegal, include hygiene steps to help prevent the spread of coronavirus.
Image: alaattin dogru / Anadolu Agency via Getty
Sand Artist Rana Ramlawi  works on her sand sculptures depicting the earth with a message reading ""Stay Home"" at her home in Gaza City.
Image: majdi fathi / NurPhoto via Getty Images
Graffiti depicting the badge of the fictional super heros Superman and Superwoman, and the logo of Britain's National Health Service (NHS) above street art of a nurse, are pictured on a wall in Pontefract, northern England.
Image: oli scarff / AFP via Getty Images
A street art depicting the Virgin Mary wearing a mask and holding the Covid-19 coronavirus is seen on a wall in Madrid during lockdown on April 3, 2020. More than 900 people died in Spain over the past 24 hours for the second day running, government figures showed, although the rate of new infections and deaths continued to slow.
Image: gabriel bouys / AFP via Getty Images
A man cycles past a mural by graffiti artist Eme Freethinker depicting a likeness of Gollum/Smeagol of the ""Lord of the Rings"" worshipping a toilet paper roll with a speech bubble reading ""My darling"" in Berlin.
Image: jon macdougall / AFP via Getty Images
The Crucians bronze figures of the Julius-Otto monument in front of the Kreuzkirche in Dresden symbolically wear face masks.
Image: robert michael / dpa/picture alliance via Getty
16-year-old youth artist S.F. paints a mural about the COVID-19 crisis on the roof of his building in Athens, Greece.
Image: aris messinis / AFP via Getty Images
Graffiti of a woman wearing a protective face mask next to an image of the coronavirus is seen on March 30 in Berlin.
Image: adam berry / Getty Images
The street art work #Catanianonsiferma (Catania does not stop)  looks out at passersby in Catania, Italy. Italy has been one of the nations hit hardest by coronavirus.
Image: fabrizio villa / Getty Images
A person wearing protective gear to prevent coronavirus walks past street art depicting the same thing in Soho district, Hong Kong.
Image: miguel candela poblacion / Anadolu Agency via Getty
Palestinian artists draw a mural during awareness campaign about the coronavirus COVID-19 in Gaza City.
Image: majdi fathi / NurPhoto via Getty Images"
7,"{'id': 'time', 'name': 'Time'}",Jasmine Aguilera,CBS Suspends Production of Travel Competition Show The Amazing Race as Coronavirus Spreads,"CBS announced that it is suspending all production of the ""The Amazing Race"" season 33 as coronavirus continues to spread around the world.",https://time.com/5792793/cbs-amazing-race-coronavirus/,https://api.time.com/wp-content/uploads/2020/02/amazing-race-coronavirus.jpg?quality=85&w=1200&h=628&crop=1,2020-02-28T23:44:25Z,"CBS and producers of The Amazing Race announced Friday that they are suspending production of the long-running reality TV show’s 33rd season as coronaviruscontinues to spread around the world.
All the show’s staff and contestants are returning home, a CBS spokesperson tells TIME in an emailed statement.
“At this time, no racers or anyone on the production team traveling with them have contracted the virus, or shown symptoms, and we are not aware of anyone being exposed to it,” the spokesperson said. “Out of an abundance of caution, everyone involved in the show will continue to be monitored when they return home. The health and well-being of the racers and the production team are our top priorities.”
On The Amazing Race, contestants compete for $1 million through a series of physical and mental challenges, taking place in cities and locations around the world. Each episode usually sees the contestants traveling from one city — or country, or continent — to the next; each season’s “race” as a whole circumnavigates the globe.
Contestants on The Amazing Race 33 had so far only visited England and Scotland before production was suspended, CBS says. In the U.K., 20 people have tested positive for coronavirus — officially known as COVID-19 — as of Friday evening. No cases have been declared in Scotland.
The network and show producers have not yet determined a start date to resume filming. The teams — which are believed to include a pair of contestants from the CBS show Love Island, in a reality casting “crossover” — had completed three episodes before suspending production. CBS did not provide any information as to whether the season’s planned “route” would have led to countries grappling with more serious coronavirus outbreaks.
Several events throughout the world have been canceled amid coronavirus fear — from fashion weeks to tech conferences to religious pilgrimages. On Thursday, the K-Pop major boyband BTS announced the cancelation of planned concerts in South Korea where more than 2,000 people have been diagnosed with the virus and 13 people have died; speculation that the outbreak will impact this summer’s Olympics in Japan continues to swirl. Officials in Switzerland have altogether banned large events of 1,000 or more people.
Globally, at least 84,000 people have contracted the virus and nearly 3,000 have died.
Write to Jasmine Aguilera at jasmine.aguilera@time.com."
8,"{'id': 'mashable', 'name': 'Mashable'}",Amanda Yeo,'Do your job': Stephen Colbert's radical fix for Trump's sinking coronavirus approval ratings,"""Disapproval of Trump is spreading faster than, than... something. Whatever spreads really quickly if you're dumb enough to ignore it,"" quipped Late Show host Stephen Colbert on Wednesday.
The majority of Americans are deeply dissatisfied with President Donal…",https://mashable.com/video/stephen-colbert-donald-trump-coronavirus-response-lockdown-lift/,https://mondrian.mashable.com/2020%252F04%252F23%252Fd7%252F78dc9c17d54f4f9d8f4e64fe396fed7f.a8414.png%252F1200x630.png?signature=YpDmZoxO9H2GZMogw0K2NQZtVTs=,2020-04-23T06:01:37Z,"""Disapproval of Trump is spreading faster than, than... something. Whatever spreads really quickly if you're dumb enough to ignore it,"" quipped Late Show host Stephen Colbert on Wednesday.
The majority of Americans are deeply dissatisfied with President Donald Trump's handling of the coronavirus pandemic, considering it to have been far too slow. The U.S. currently has the largest number of infections in the world, with over 776,000 confirmed cases and 37,000 deaths.
Trump has been attempting to distract the public with various scapegoats, implementing a new ban on immigration despite the fact nobody can travel right now anyway. However, as Colbert points out, the president's usual messaging tactics aren't quite working. The only way he can fix this is if he actually fixes it.
""You can't have Bill Barr redact the virus, or call Ukraine to get dirt on Hunter Virus, or get Mitch McConnell to have 51 Republicans vote that there is no virus,"" said Colbert. ""You can't even pay the virus $130,000 to stay quiet, which is too bad because this virus is definitely spanking your ass."""
9,"{'id': 'mashable', 'name': 'Mashable'}",Siobhan Neela-Stock,Amazon tech workers called out sick to protest working conditions,"Amazon tech workers are taking a sick day on Friday to protest the tech company's treatment of their fellow employees during the current coronavirus pandemic. 
In March and April, the Seattle-based technology company fired two tech workers and three warehouse…",https://mashable.com/article/amazon-tech-workers-take-sick-day-protest/,https://mondrian.mashable.com/2020%252F04%252F24%252Fb4%252F4c5324f6af554024ad061cb612b74dac.faca0.jpg%252F1200x630.jpg?signature=3zbsE3FMONNV13ZXYAdJ26WkRck=,2020-04-24T21:11:53Z,"Amazon tech workers are taking a sick day on Friday to protest the tech company's treatment of their fellow employees during the current coronavirus pandemic. 
In March and April, the Seattle-based technology company fired two tech workers and three warehouse workers who had criticized Amazon over unsafe warehouse conditions during the current coronavirus pandemic. Amazon Employees for Climate Justice (AEJC), which started in Dec. 2018 to push for the development of a company-wide climate change plan, organized Friday's protest. Amazon also deleted an invitation to an AECJ livestream event in which warehouse workers were going to tell tech employees about their working conditions, which the group says is another impetus for Friday's protest. 
Friday's event, called Amazon Sick Out, also includes a daylong livestream, where the two fired warehouse workers spoke Friday morning. Climate justice activists and environmentalists such as Bill McKibben, Naomi Klein, youth and indigenous climate activists, and others also spoke. 
AECJ wants three things of Amazon:
<ol><li>Rehire the employees it fired who spoke out against warehouse conditions, and ensure such firings don't happen again
</li><li>Strengthen efforts to reduce the spread of COVID-19 and make permanent temporary workplace improvements such as a living wage and paid sick leave 
</li><li>Commit to climate justice, investing first in communities of color who are impacted disproportionately by Amazon's pollution 
</li></ol>The reality is that Amazons distribution center model is not compatible with proper social distancing, a worker at an Amazon distribution center in Poland said in a press release emailed to Mashable. We are going to work knowing were taking a huge risk. There are 7,000 people where I work and theres no way for us to stay two meters apart.""
On March 31, the first Amazon warehouse worker died of coronavirus, per Business Insider. Though, it's not known if the employee caught the virus from an Amazon warehouse, according to the Hill. As of April 14, more than 70 Amazon facilities have had at least one employee test positive for COVID-19.
This isn't the first time Amazon workers have protested for safety conditions during the pandemic. Employees of Whole Foods (which Amazon owns)  organized a nationwide ""sick-out"" for Tuesday, March 31. They are planning another protest on May 1, according to the Guardian. 
An Amazon tech worker, who asked to remain anonymous because he was afraid he'd be fired for speaking out about poor conditions, called out sick on Friday to support warehouse workers.
""I don't want them to think of Seattle as this faceless corporate headquarters, I want them to know that there are tech workers here who have their backs and who want to push with them to get Amazon to treat them with the same dignity and respect for their health that they do with us,"" he said. ""Amazon makes it really difficult for us to connect with warehouse workers. I think this retaliation shows what would happen if tech workers start paying attention to their co-workers, without whom we would not have jobs.""
Amazon explains that only a handful of its more than 800,000 employees did not show up to work on Friday. ""Health and safety is our top priority and our focus remains on protecting associates in our operations network with extensive measures including distributing face masks, disinfectant wipes, hand sanitizer, implementing temperature checks, operating with strict social distancing protocols, and recognizing their contributions with additional pay and leading benefits,"" an Amazon spokesperson said in an email.
SEE ALSO: Amazon scans warehouse workers for fevers using thermal cameras
But Maren Costa, one of the two fired tech workers, feels Amazon should do more. As she explains in the press release, Amazon thinks they can just fire any worker who speaks up for safety, but we want them to know that this is not OK."
10,"{'id': 'mashable', 'name': 'Mashable'}",Shannon Connellan,This is what a socially-distanced protest looks like,"In this time of social distancing, standing in a large crowd of protesters seems unthinkable, like a distant memory.
But more than 2,000 people did exactly that on Sunday in Tel Aviv, Israel, standing six feet apart (two metres) in Rabin Square to protest act…",https://mashable.com/article/israel-protest-coronavirus-social-distancing/,https://mondrian.mashable.com/2020%252F04%252F20%252F68%252Fab02d0a98e4d46e58b29b861e83c47b2.32c0f.jpg%252F1200x630.jpg?signature=jquVf7Igi9rUHQVkwrMsHEiBrz8=,2020-04-20T13:43:27Z,"In this time of social distancing, standing in a large crowd of protesters seems unthinkable, like a distant memory.
But more than 2,000 people did exactly that on Sunday in Tel Aviv, Israel, standing six feet apart (two metres) in Rabin Square to protest actions taken by the government of Prime Minister Benjamin Netanyahu during the coronavirus pandemic.
As reported by Israeli newspaper Haaretz, the ""Black Flag"" demonstrations were staged in response to the government's policies to quell the spread of COVID-19. These include civilian phone tracking, which protesters say is anti-democratic.
According to U.S. news site Axios, police marked places on the ground in Rabin Square so protesters knew where to stand at a safe distance to avoid the potential spread of the virus, and protesters were provided with masks by organisers.
Photos of the event are truly remarkable, a strange and undeniable sign of the times we're in. 
Protesters, keeping two metres from each other in order to prevent the spread of the novel coronavirus, gather to protest against Prime Minister Benjamin Netanyahu at Rabin Square in Tel Aviv, Israel on April 19, 2020.
Image: Daniel Bar On / Anadolu Agency via Getty Images
Police marked places on the ground for protesters to stand on.
Image: JACK GUEZ / AFP via Getty Images
Protesters were provided with masks by organisers.
Image: Nir Keidar / Anadolu Agency via Getty Images
The top-down view is quite something.
Image: JACK GUEZ / AFP via Getty Images
Strange times.
Image: Nir Keidar / Anadolu Agency via Getty Images"
11,"{'id': 'mashable', 'name': 'Mashable'}",Anna Iovine,What it's like to be polyamorous during the coronavirus quarantine,"""If you’re stuck in quarantine with one of your poly partners, and you won’t be able to see any of your other partners for the foreseeable future, what do you do?""
This is a question posed on the #PolyProblems
 Tumblr page, one of several in a post titled ""P…",https://mashable.com/article/polyamory-during-quarantine-coronavirus/,https://mondrian.mashable.com/2020%252F04%252F19%252Ff1%252F8b1ed37899c94644a7cd9d6182ad08c5.0778b.jpg%252F1200x630.jpg?signature=GiDpQ4zg0ekC2O_37TTv86374Dk=,2020-04-19T10:00:00Z,"""If youre stuck in quarantine with one of your poly partners, and you wont be able to see any of your other partners for the foreseeable future, what do you do?""
This is a question posed on the #PolyProblems
 Tumblr page, one of several in a post titled ""Pandemic Poly Problems."" The post, dated March 30, muses about what a polyamorous person should do if they are staying at home with one partner but want to foster their other relationships. Can you have phone sex with one partner while another is in the room? What if the partners don't know each other well? 
For polyamorous people who have multiple partners whether with them or not social distancing adds another ripple into the fabric of these relationships. 
Different struggles for different dynamics
There are four types of dynamics going on right now according to relationship coach Effy Blue: People staying at home with partners but separated from other partners; people separated from all their partners, primary or otherwise; those polycules who decided to come together under one roof for social distancing; and solo polyamorous
 people living alone. 
Blue's coaching specializes in non-monogamy and polyamory. She's also the creator of Curious Fox, a community organization that aims to challenge the status quo in terms of love, sex, and relationships. ""Everyone's having their own challenges,"" said Blue. Among her clients and the broader community, Blue has noticed a kind of mourning (which is not unique
 to those who are polyamorous).
She guessed that solo polyamorous people are struggling the most, especially if they have partners who are with their families or other partners themselves. ""There's an exacerbated sense of loneliness,"" Blue said. 
""There's an exacerbated sense of loneliness.""
Ashley Ray, a comedian in Los Angeles, is solo polyamorous, and has been since 2013. ""Even, for me, given that background, I've really been struggling,"" she said. ""If you're like me, you're going insane and you're just trying to video chat everyone you can.""
Not only is Ray living alone, but she's speaking to partners who are far from alone. ""I did have one partner who very much wanted to detail the fun crazy quarantined sex he and his partner are having,"" she said, ""and I was just like, 'Come on, you gotta shut up.'""
""I am literally in a place where I can talk to my partners all I want but I can't go see them,"" Ray continued, ""and it's even more unclear for people who are solo poly, really when can I see my partners again?"" 
That doesn't mean, however, that people who are coupled at home aren't having their own unique troubles. For those who are staying at home with one partner (their immediate partner, as Blue referenced) and away from other partners (their auxiliary partners), there's the balance of maintaining those relationships while adhering to the needs of the person you're living with. People focusing all their attention on their auxiliary partners because they can't be with them, for example, could cause tension with their immediate partner. 
Image: vicky leta / mashable
Ray said she's dealing with this from the other side of establishing boundaries with partners who are with their respective partners. She used an example of how designated days to see a partner don't work under these circumstances. ""In a quarantine, you know we're not just gonna see each other on Thursday,"" she said, ""We can literally FaceTime each other every single day if we want to and text all the time.""
But that increased time spent with Ray can impact that person's other partners, so she's had to reconsider boundaries and take others' needs into consideration. 
Steve Dean, online dating consultant at Dateworking.com
, a dating coaching and consulting business, told Mashable that he's staying at home with one partner and communicating with others virtually. He and his in-person partner lived in separate apartments before New York's stay-at-home statutes were put in place, but he relocated so they could be together. 
In some cases, Dean said, social distancing has brought him closer with other partners, even those who even in normal circumstances live in different countries. ""I'm still staying in touch and in some ways in closer touch with my other partners,"" he said. ""If anything, now that I have fewer things going on, every night I have more time that I can set aside for intentional heart-to-hearts and virtual chats with partners who are abroad."" 
SEE ALSO: Don't despair about being single while social distancing. Here's why.
Whereas for Ray, the emotional labor of being polyamorous during the pandemic had to do with considering other people's boundaries, Dean's has to do with shifting displays of affection. Our current moment has led to uncharted emotional territory, according to Dean, as he and his partners had had to rely on words of affirmation over other love languages like touch. 
He's also noticed higher-quality nudes. ""Now that you're cooped up at home, you can have time to set up some good lighting and think of various ways of portraying yourself in that light,"" said Dean. 
Polycules
 living in one home, too, can have their own issues. They may be dealing with dynamics they never had to before and different distributions of labor. Since they cannot go to someone else's house, they all have to learn how to run a household together, according to Blue. 
""There's a lot of work to be done there,"" said Blue, though she noted she's mostly seen positive impacts from a polycule being in one place. If relationship issues had previously gone unavoided, they're bubbling up to the surface now. ""People feel like they have time to talk about things without feeling like it has to be solved then and there,"" she said, ""Because there's a sense that we're all going to be here for awhile."" 
How to cope with social distanced-polyamory
Blue had tips for polyamorous people in these varying situations. Beyond connecting with the polyamorous community, friends, and family, solo polyamorous people could also use weighted blankets or self-massage if they're missing the physicality of being with others. 
One consideration Blue gave in terms of talking to partners is adding cadence, or variety, to both their days and conversations. Since people are having monotonous days, partners both near and far may be having monotonous conversations all about the coronavirus, current events, and the like over and over. ""The human brain likes variety,"" said Blue, ""Especially poly folk like variety that's why they tend to choose [the lifestyle] they've chosen.""
If partners are together, Blue recommended setting aside time to be present with them. This includes activities like a game or ""sexy time"" which doesn't have to be just sex, but learning about each others' preferences. ""Can you gamify your experience a little bit? Bring some joy and humor into it,"" Blue said.
Image: vicky leta / mashable
""If you're in quarantine with a partner, sex is a great hobby,"" she added.  
In normal circumstances, Curious Fox provides year-round programming anything from panels to workshops to socials but they have since moved their programming online. They've adapted to a space they call their ""virtual curiosity salon,"" bringing expert speakers to discuss various topics in the realm of relationships. Similar to dating event company Here/Now
, Curious Fox also hosts virtual socials where participants can get to know each other.  
Dean, who himself was a guest for one of Curious Fox's virtual salons, also mentioned the boom in video calls. He called the live video chatting app Houseparty
 a godsend. 
Ray also has been figuring out different ways to connect with partners, say exchanging emails or starting a meme group as opposed to having a movie night or date day. ""It's been finding new ways to interact, which is kind of fun,"" she said, ""and I guess a new way to do polyamory for me.""
Post-COVID polyamory
As with any other relationship, people may wonder how their polycule or the overarching polyamorous community will change in a post-coronavirus world. In terms of the community, Blue herself would like to continue virtual Curious Fox events as she's able to get speakers who are not in the New York area.
""This current situation is going to cause a leap in adopting technology,"" Blue predicted. ""People who otherwise wouldn't even dream of sitting in Zoom meetings are now sitting in Zoom meetings."" Virtual mixers that are a necessity now may become a luxury in the future, an alternative to a Netflix night. 
SEE ALSO: Sex toy sales are skyrocketing because of social distancing
Beyond larger shifts, individual relationships may change too. How it plays out will vary from person to person, but Blue believes that longtime, established polyamorous relationships will fare just fine. She compared them to lava lamps: frequently morphing and changing within an established framework. 
She also predicted more monogamous couples will open up their relationships post-social distancing. ""I can also imagine relationships opening up because having spent so much concentrated time together,"" she said, ""I can see people that are coming out of that going, 'I love you and I just need other things.'""
Blue went on to say that people who may be single may be sick of it once this social distancing period is over. ""I definitely think that the gleam of the single life especially in urban areas, New Yorkers love to be single is definitely fading fast,"" she said. 
""The nature of how we relate to one another has entirely changed even just in the past month.""
While Blue predicted that this will cause singles to couple up, Ray is firm that she will stay solo polyamorous. While she misses her partners, she still enjoys being on her own. ""I'm solo poly because I really value my autonomy and independence,"" she said. 
In addition to relationship dynamics, the ways that partners communicate and connect may also change when social distancing is over. Ray said that the pandemic has forced important conversations to happen a lot sooner than they would previously, such as what polyamory means to them or what rules or boundaries a potential partner may have.
""The nature of how we relate to one another has entirely changed even just in the past month,"" Dean said. ""Holding space for one another has skyrocketed in terms of how much we prioritize it."" People have been showing up and listening more intently, according to Dean; it's pretty easy for one to see you're not paying attention during a Zoom call.
For Ray, this experience proves that polyamory is about the love of drama, intense discussions, and emotional intimacy. ""A lot of people think polyamory is just about the sex,"" Ray said. ""And it can't be about the sex now right now."""
12,"{'id': 'cnn', 'name': 'CNN'}","Sandee LaMotte, CNN",Coronavirus symptoms: 10 key indicators and what to do,We are learning more about coronavirus symptoms every day. Here are 10 of the most common symptoms and what to do to keep you and your family safe.,https://www.cnn.com/2020/04/07/health/10-key-coronavirus-symptoms-wellness/index.html,https://cdn.cnn.com/cnnnext/dam/assets/200327144652-02-cnn-gfx-coronavirus-super-tease.jpg,2020-04-07T08:03:29Z,"(CNN)Scientists are learning more each day about the mysterious novel coronavirus and the symptoms of Covid-19, the disease it causes. 
Fever, cough and shortness of breath are found in the vast majority of all Covid-19 cases. But there are additional signals of the virus, some that are very much like cold or flu, and some that are more unusual.
Any or all symptoms can appear anywhere from two to 14 days after exposure to the virus, according to the US Centers for Disease Control and Prevention.
Here are 10 signs that you or a loved one may have Covid-19 -- and what to do to protect yourself and your family.
Shortness of breath is not usually an early symptom of Covid-19, but it is the most serious. It can occur on its own, without a cough. If your chest becomes tight or you begin to feel as if you cannot breathe deeply enough to fill your lungs with air, that's a sign to act quickly, experts say. 
""If there's any shortness of breath immediately call your health care provider, a local urgent care or the emergency department,"" said American Medical Association president Dr. Patrice Harris.
""If the shortness of breath is severe enough, you should call 911,"" Harris added.
The CDC lists other emergency warning signs for Covid-19 as a ""persistent pain or pressure in the chest,"" and ""bluish lips or face,"" which can indicate a lack of oxygen.
Get medical attention immediately, the CDC says.
Fever is a key sign of Covid-19. Because some people can have a core body temperature lower or higher than the typical 98.6 degrees Fahrenheit (37 degrees Celsius), experts say not to fixate on a number.
CNN anchor Chris Cuomo, who is battling the virus from his home in New York, is one of those people. 
""I run a little cool. My normal temperature is 97.6, not 98.6. So, even when I'm at 99 that would not be a big deal for most people. But, for me, I'm already warm,"" Cuomo told CNN Chief Medical Correspondent Dr. Sanjay Gupta in a CNN Town Hall.
Most children and adults, however, will not be considered feverish until their temperature reaches 100 degrees Fahrenheit (37.7 degrees Celsius).
""There are many misconceptions about fever,"" said Dr. John Williams, chief of the division of pediatric infectious diseases at the University of Pittsburgh Medical Center Children's Hospital of Pittsburgh.
""We all actually go up and down quite a bit during the day as much as half of a degree or a degree,"" Williams said, adding that for most people ""99.0 degrees or 99.5 degrees Fahrenheit is not a fever."" 
Don't rely on a temperature taken in the morning, said infectious disease expert Dr. William Schaffner, a professor of preventative medicine and infectious disease at Vanderbilt University School of Medicine in Nashville. Instead, take your temperature in the late afternoon and early evening.
""Our temperature is not the same during the day. If you take it at eight o'clock in the morning, it may be normal,"" Schaffner explained.
""One of the most common presentations of fever is that your temperature goes up in the late afternoon and early evening. It's a common way that viruses produce fever.""
Coughing is another common symptom, but it's not just any cough.
""It's not a tickle in your throat. You're not just clearing your throat. It's not just irritated,"" Schaffner explained.
The cough is bothersome, a dry cough that you feel deep in your chest.
""It's coming from your breastbone or sternum, and you can tell that your bronchial tubes are inflamed or irritated,"" Schaffner added.
A report put out by the World Health Organization in February found over 33% of 55,924 people with laboratory confirmed cases of Covid-19 had coughed up sputum, a thick mucus sometimes called phlegm, from their lungs. 
""The beast comes out at night,"" said Cuomo, referencing the chills, body aches and high fever that visited him on April 1. 
'It was like somebody was beating me like a pinata. And I was shivering so much that ... I chipped my tooth. They call them the rigors,"" he said from his basement, where he is quarantined from the rest of his family.
""I was hallucinating. My dad was talking to me. I was seeing people from college, people I haven't seen in forever, it was freaky,"" Cuomo said. 
Not everyone will have such a severe reaction, experts say. Some may have no chills or body aches at all. Others may experience milder flu-like chills, fatigue and achy joints and muscles, which can make it difficult to know if it's flu or coronavirus that's to blame.
One possible sign that you might have Covid-19 is if your symptoms don't improve after a week or so but actually worsen.
Speaking of worsening signs, the CDC says a sudden confusion or an inability to wake up and be alert may be a serious sign that emergency care may be needed. If you or a loved one has those symptoms, especially with other critical signs like bluish lips, trouble breathing or chest pain, the CDC says to seek help immediately.
At first science didn't think diarrhea or other typical gastric issues that often come with the flu applied to the noval coronavirus, also known as SARS-CoV-2. As more research on survivors becomes available, that opinion has changed. 
""In a study out of China where they looked at some of the earliest patients, some 200 patients, they found that digestive or stomach GI (gastrointestinal) symptoms were actually there in about half the patients,"" Gupta said on CNN's New Day news program.
Overall, ""I think we're getting a little bit more insight into the types of symptoms that patients might have,"" Gupta said.
The study described a unique subset of milder cases in which the initial symptoms were digestive issues such as diarrhea, often without fever. Those patients experienced delays in testing and diagnosis than patients with respiratory issues, and they took longer to clear the virus from their systems.
Research from China, South Korea and other parts of the world indicate that about 1% to 3% of people with Covid-19 also had conjunctivitis, commonly known as pink eye. 
Conjunctivitis, a highly contagious condition when caused by a virus, is an inflammation of the thin, transparent layer of tissue, called conjunctiva, that covers the white part of the eye and the inside of the eyelid.
But SARS-CoV-2 is just one of many viruses that can cause conjunctivitis, so it came as no real surprise to scientists that this newly discovered virus would do the same.
Still, a pink or red eye could be one more sign that you should call your doctor if you also have other telltale symptoms of Covid-19, such as fever, cough or shortness of breath.
8. Loss of smell and taste
In mild to moderate cases of coronavirus, a loss of smell and taste is emerging as one of the most unusual early signs of Covid-19.
""What's called anosmia, which basically means loss of smell, seems to be a symptom that a number of patients developed,"" CNN Chief Medical Correspondent Dr. Sanjay Gupta told CNN anchor Alisyn Camerota on New Day.
""It may be linked to loss of taste, linked to loss of appetite, we're not sure -- but it's clearly something to look out for,"" Gupta said. ""Sometimes these early symptoms aren't the classic ones.""
""Anosmia, in particular, has been seen in patients ultimately testing positive for the coronavirus with no other symptoms,""according to the American Academy of Otolaryngology-Head and Neck Surgery.
A recent analysis of milder cases in South Korea found the major presenting symptom in 30% of patients was a loss of smell. In Germany, more than two in three confirmed cases had anosmia.
It has long been known in medical literature that a sudden loss of smell may be associated with respiratory infections caused by other types of coronaviruses, so it wasn't a surprise that the novel coronavirus would have this effect, according to ENT UK (PDF), a professional organization representing ear, nose and throat surgeons in the United Kingdom.
Is there anything you can do at home to test to see if you're suffering a loss of smell? The answer is yes, by using the ""jellybean test"" to tell if odors flow from the back of your mouth up through your nasal pharynx and into your nasal cavity. if you can pick out distinct flavors such as oranges and lemons, your sense of smell is functioning fine.
For some people, extreme fatigue can be an early sign of the novel coronavirus. The WHO report found nearly 40% of the nearly 6,000 people with laboratory confirmed cases experienced fatigue.
Just a few days into his quarantine, Cuomo was already exhausted by the fevers and body aches the disease brings. 
""I'm so lethargic that I can stare outside, and, like, an hour-and-a-half goes by,"" Cuomo told Gupta on Anderson Cooper 360. ""I think I took a 10-minute nap, and it was three and a half hours.""
Fatigue may continue long after the virus is gone. Anecdotal reports from people who have recovered from Covid-19 say exhaustion and lack of energy continue well past the standard recovery period of a few weeks.
10. Headache, sore throat, congestion
The WHO report also found nearly 14% of the almost 6,000 cases of Covid-19 in China had symptoms of headache and sore throat, while almost 5% had nasal congestion. 
Certainly not the most common signs of the disease, but obviously similar to colds and flu. In fact, many symptoms of Covid-19 can resemble the flu, including headaches and the previously mentioned digestive issues, body aches and fatigue. Still other symptoms can resemble a cold or allergies, such as a sore throat and congestion.
Most likely, experts say, you simply have a cold or the flu -- after all, they can cause fever and cough too. 
""At this moment, the current guidance -- and this may change -- is that if you have symptoms that are similar to the cold and the flu and these are mild symptoms to moderate symptoms, stay at home and try to manage them"" with rest, hydration and the use of fever-reducing medications, said the AMA's Harris.
That advice does not apply if you are over age 60, since immune systems weaken as we age or if you are pregnant. Anyone with concerns about coronavirus should call their healthcare provider, according to the CDC.
It's unclear whether pregnant women have a greater chance of getting severely ill from coronavirus, but the CDC has said that women experience changes in their bodies during pregnancy that may increase their risk of some infections.
In general, Covid-19 infections are riskier if you have underlying health conditions such as diabetes, chronic lung disease or asthma, heart failure or heart disease, sickle cell anemia, cancer (or are undergoing chemotherapy), kidney disease with dialysis, a body mass index (BMI) over 40 (extremely obese) or an autoimmune disorder.
""Older patients and individuals who have underlying medical conditions or are immunocompromised should contact their physician early in the course of even mild illness,"" the CDC advises.
To be clear, you are at higher risk -- even if you are young -- if you have underlying health issues.
""People under 60 with underlying illnesses, with diabetes, heart disease, immunocompromised or have any kind of lung disease previously, those people are more vulnerable despite their younger age,"" Schaffner said.
A history of travel to an area where the novel coronavirus is widespread (and those parts of the world, including the US, are going up each day) is obviously another key factor in deciding if your symptoms may be Covid-19 or not.
If you have no symptoms, please don't ask for testing or add to backlog of calls at testing centers, clinics, hospitals and the like, experts say.
""We do not test people with no symptoms because it's a resource issue,"" Schaffner said about the assessment center at Vanderbilt. ""However, we are emphasizing that people who have this small cluster of important symptoms -- fever and anything related to the lower respiratory tract such as cough and difficulty breathing -- reach out to be evaluated.""
If you do have those three signs, where should you go?
""If you have insurance and you're looking for a provider or someone to call or connect with, there's always a number on the back of your insurance card; or if you go online, there is information for patients,"" Harris said.
""If you don't have insurance, you can start with the state health department or the local community health centers, those are officially known as federally qualified health centers,"" Harris advised, adding that some states have a 1-800 hotline number to call.
""If there is a testing and assessment center near you, you can go there directly,"" Schaffer said. ""It's always good to notify them that you're coming. Otherwise, you need to call your healthcare provider and they will direct you what to do.""
CNN's Jacqueline Howard contributed to this report."
13,"{'id': 'mashable', 'name': 'Mashable'}",Amanda Yeo,"Do not inject yourself with bleach to cure coronavirus, holy crap","I can’t believe I have to say this, but here we go: do not inject yourself with bleachYou could die.

On Thursday, the President of the United States, one of the most politically powerful men in the world, seriously suggested the coronavirus could be killed …",https://mashable.com/article/inject-bleach-donald-trump-coronavirus-drink-disinfectant-ultraviolet-light/,https://mondrian.mashable.com/2020%252F04%252F24%252F92%252Fc2f5fc6f929841bfa145b37bf205712f.37491.jpg%252F1200x630.jpg?signature=RknezZro0p23uLaB4IUEhVQwKvQ=,2020-04-24T07:15:22Z,"I cant believe I have to say this, but here we go: do not inject yourself with bleach. You could die.
On Thursday, the President of the United States, one of the most politically powerful men in the world, seriously suggested the coronavirus could be killed by introducing disinfectant or a very powerful light into a persons body. 
""I see the disinfectant where it knocks [the coronavirus] out in a minute, one minute,"" said Trump during the White Houses daily coronavirus briefing. ""And is there a way we can do something like that by injection inside, or almost a cleaning? Because you see it gets in the lungs, and it does a tremendous number on the lungs. So itd be interesting to check that.""
Here is Dr. Birx's reaction when President Trump asks his science advisor to study using UV light on the human body and injecting disinfectant to fight the coronavirus. pic.twitter.com/MVno5X7JMA
 Daniel Lewis (@Daniel_Lewis3) April 24, 2020
It should go without saying that this idea is dangerously, mind-bogglingly wrong, but apparently these truths are no longer self-evident in 2020. So I will reiterate in the strongest of terms: do not, under any circumstances, inject, drink, or otherwise introduce bleach or any other disinfectant into your body. The corrosive substance will burn your insides, may permanently damage your organs, and could even kill you.
 It will also be incredibly painful the entire time you are dying.
The whole endeavour is like trying to get rid of a spider on your jacket by setting yourself on fire. 
Trumps comments have been roundly denounced by medical experts
 as well as thousands of people online. Fortunately, it seems many were already aware that chugging a jug of Clorox is an astronomically terrible idea. Twitter users instantly reacted to the presidents highly uneducated and unqualified medical advice with widespread derision.
Not in my wildest, darkest imagination could I have ever imagined, in fact or fiction, a president suggesting injecting disinfectants, household cleaning products, as a pandemic curative.
 roxane gay (@rgay) April 24, 2020
i will never get over injecting bleach. it is the wildest thing i have ever heard from a public official. it is two steps away from some jim jones shit.
 b-boy bouiebaisse (@jbouie) April 24, 2020
I hate to amplify @realDonaldTrumps ideas but my father is an ICU doctor treating COVID-19 patients and he has actual reason to believe that if a small amount of disinfectant is administered internally to a patient in a closely monitored hospital setting they will die.
 Bess Kalb (@bessbell) April 24, 2020
boomers: lol millennials are so dumb they tried to eat tide podsalso boomers: so help me god if u dont let me inject this bleach into my eyeball right now i will literally burn this place to the ground
 (@NapVeg) April 24, 2020
The only thing we have to fear is fear itself. - FDR
Drink bleach. - Trump
 Alex Cole (@acnewsitics) April 24, 2020
Look, its funny to say that Trump told people to drink bleach, but its not accurate. He simply said that scientists should inject people with bleach
 pixelatedboat aka mr tweets (@pixelatedboat) April 24, 2020
Imagine fucking up at work so badly that you pitch ""inject everyone with bleach.""
 Stay-at-Home Panicked Pixie Dream Girl (@paintedbird) April 24, 2020
Though Trump's suggestion of injecting bleach has gotten the most attention, his idea of using ultraviolet light is also extremely hazardous. There has been some research into the effect of ultraviolet light on the coronavirus when it is in the air or on surfaces, but using it to cure an infected person is a completely different, not at all analogous matter.
Depending on how powerful the light is and how long you're exposed to it, such treatment could burn you, cause cancer, or do absolutely nothing. It will not, however, cure you of COVID-19.
You really have to be on your toes. I missed the stuff about the bleach treatment because I was busy asking people if Id heard the president correctly about the heat treatment.
 Daniel Dale (@ddale8) April 24, 2020
Since Donald Trumps advocacy of UV light as a potential treatment for the Corona virus, the Paradise Beach tanning salon in Brexit-on-Sea is planning to re-open as an essential service"".
 Mrs Nigel Farage (@MrsNigel) April 24, 2020
Terrific news! Heat kills coronavirus! Ultraviolent light kills coronavirus! So MY idea is to use MY new Space Force to round up coronavirus patients and send them to the sun for 2 or 3 days! That will KILL the virus! Thank you @FoxNews for already STRONGLY supporting MY idea!
 Donald J. Trump          (@realDonaldTrFan) April 23, 2020
Though the dangers of ingesting bleach may be obvious to many, Trump's careless speculation about potential coronavirus cures has previously had tragic consequences. In March an Arizona man died after drinking aquarium cleaner chloroquine phosphate, prompted by Trump's false claims that related compound hydroxychloroquine was a cure.
Please. For your own sake. Don't take medical advice from Donald Trump."
14,"{'id': 'mashable', 'name': 'Mashable'}",Tim Marcin,People are loving Blue Ivy's hand-washing PSA,"Blue Ivy Carter — you know, the famous daughter of Beyoncé and Jay-Z — wants you to take hand washing seriously during the coronavirus crisis. The 8 year old posted, via grandma Tina's Instagram, a handy little science trick that doubled as an adorable PSA vi…",https://mashable.com/article/blue-ivy-psa-hand-washing/,https://mondrian.mashable.com/2020%252F04%252F19%252F3c%252F61f3597b992f4cd294200a7a3bfed818.103f7.jpg%252F1200x630.jpg?signature=hSW8yqu53q0aG8oacXJrQyrHvmw=,2020-04-19T16:28:35Z,"Blue Ivy Carter you know, the famous daughter of Beyoncé and Jay-Z wants you to take hand washing seriously during the coronavirus crisis. The 8 year old posted, via grandma Tina's Instagram, a handy little science trick that doubled as an adorable PSA video for washing your hands.
In the video, Carter recreates a handy little experiment you might've seen floating online before, where a fingertip dipped in soap pushes away pepper in water. It's meant to be a visual for how soap removes viruses and germs from your hands.  
""I have this little DIY experiment that you can do at home, too,"" Blue Ivy narrates in the video. ""This is why it's important to wash your hands.""
People responded online by stanning the budding scientist and soon enough her name was trending across the U.S. on Twitter. Basically everyone's response was: Move over, Einstein, and get out of my face, Bill Nye. The world of science now belongs to Blue Ivy. 
Beyoncé herself made a PSA of her own on Saturday. She made a surprise cameo on the ""One World: Together At Home"" concert. While Beyoncé didn't perform, she did thank healthcare workers, people in the food industry, delivery workers and others on the front lines of the coronavirus crisis. Beyoncé also made sure to point out that people of color are suffering disproportionately during the pandemic. 
""Black Americans disproportionately belong to these essential parts of the workforce that do not have the luxury of working from home,"" Beyoncé noted. ""And African American communities at large have been severely affected in this crisis. Those with pre-existing conditions are at an even higher risk. This virus is killing black people at an alarmingly high rate here in America."""
15,"{'id': 'mashable', 'name': 'Mashable'}",Nicole Gallucci,53 fun holidays to celebrate if you need something to look forward to this summer,"The practice of social distancing is necessary to help ""flatten the curve"" and slow the spread of COVID-19, but that doesn't mean it's been easy.
Staying home every day and physically isolating yourself from loved ones can get lonely, and even sad at times. T…",https://mashable.com/article/fun-national-holidays-to-celebrate-quarantine/,https://mondrian.mashable.com/2020%252F04%252F27%252Fb9%252F2ed4a0d7a0a641d1990c1d11f1eb5a68.77453.png%252F1200x630.png?signature=aJwplfps3bcYZDZGLbWXOlC5By8=,2020-04-27T14:46:49Z,"The practice of social distancing is necessary to help ""flatten the curve"" and slow the spread of COVID-19, but that doesn't mean it's been easy.
Staying home every day and physically isolating yourself from loved ones can get lonely, and even sad at times. Though the president has recently talked about reopening the country, each state's governors will ultimately decide when it's safe for residents to be out and about again.
While we wait for life to return to something resembling normal, we thought we'd help you try to make quarantine life as fun as possible. We scoured onlineresources and compiled a list of 53 fun, lesser-known holidays that you can celebrate over the next four months.
Some holidays are food and beverage related, others are more heartfelt and reflective, a few celebrate animals, and several will make for perfect for Instagram throwback posts. But each of these holidays, no matter how small or silly, will give you something to look forward to this summer.
From Star Wars Day to National French Fry Day, here are 53 national and international holidays you never knew you needed.
Holidays in May
Some people think of May as the month full of rain, but there are quite a few significant and lesser known holidays worth looking forward to. Cinco de Mayo is coming up on May 5, Mother's Day is on May 10 this year, and Memorial Day on May 25. For those looking for reasons to celebrate in between, we've got you covered.
May 1 - Global Love Day
May 4 - Star Wars Day
May 5 - National Teacher Appreciation Day and National Hoagie Day
May 6 - National Nurses Day
May 7 - World Password Day
May 8 - National Have a Coke Day
May 9 - National Moscato Day
May 10 - National Clean Your Room Day
May 13 - International Hummus DayandNational Apple Pie Day
May 16 - National Mimosa Day
May 25 - National Wine Day
May 26 - National Paper Airplane Day
Holidays in June
June is a pretty poppin' month for celebrations, too. It's Pride Month and Father's Day falls on June 21 this year. But it's also the month for giving some extra love to things like cheese, running, and cats.
June 1 - National Olive Day
June 3 - Global Running DayandNational Egg Day
June 4 - National Cheese Day and National Hug Your Cat Day
June 5 - National Donut Dayand World Environment Day
June 8 - National Best Friends Day and World Oceans Day
June 11 - National Corn on the Cob Day
June 14 - World Blood Donor Day
June 21 - International Yoga Dayand National Selfie Day
June 30 - World Social Media Day
 and National OOTD Day
Holidays in July
Independence Day of course takes place on July 4 every year, but July is also jam-packed with food-centric holidays and days dedicated to reflecting on simplicity and friendship. Check out some of the month's most noteworthy causes for celebration.
July 1 - International Joke Day
July 3 - National Eat Your Beans Day
July 8 - National Video Game Day
July 10 - National Kitten Day
July 11 - National Cheer Up The Lonely Day
July 12 - National Simplicity Day
July 13 - National French Fry Day
July 17 - World Emoji Day
July 19 - National Ice Cream Day
July 24 - National Cousins Day
July 30 - International Day of Friendship
July 31 - Harry Potter's Birthday
Holidays in August
August is a hot one, literally and in terms of silly holidays. You can spend the month celebrating everything from beer and CBD to books and vinyl records. It'll to be a blast, trust us.
Aug. 2 - National Coloring Book Day
Aug. 4 - National Chocolate Chip Cookie Day
Aug. 7 - International Beer Day
Aug. 8 - National CBD Day
Aug. 9 - National Book Lovers Day
Aug. 10 - National Lazy Day
Aug. 12 - National Vinyl Record Day
Aug. 13 - International Left Handers Day
Aug. 15 - National Relaxation Day
Aug. 16 - National Tell A Joke Day
Aug. 17 - National Nonprofit Day
Aug. 26 - National Dog Day
Though the timelines for returning to our good old ""go outside, have fun, and live your life"" days are unclear, this list will hopefully keep you mildly entertained throughout the summer.
If extreme social distancing practices are still taking place in September, we promise to return with another list of fun fall holidays."
16,"{'id': 'mashable', 'name': 'Mashable'}",Stan Schroeder,"Panic-fueling coronavirus texts may have been the work of Chinese agents, report claims","In March, text messages about the U.S. going into nationwide lockdown caused a wave of panic, prompting the National Security Council to publicly declare them as fake. 
Now, a new report by the New York Times claims Chinese operatives may have helped prolifer…",https://mashable.com/article/coronavirus-texts-chinese-agents-report/,https://mondrian.mashable.com/2020%252F04%252F22%252F4b%252F0db53d5266484d3eb01d54650182a431.55b40.jpg%252F1200x630.jpg?signature=cZnYnzSFJ3RUKZtWsP0pXSh6R2w=,2020-04-22T14:03:44Z,"In March, text messages about the U.S. going into nationwide lockdown caused a wave of panic, prompting the National Security Council to publicly declare them as fake. 
Now, a new report by the New York Times claims Chinese operatives may have helped proliferate those messages, using new, ""alarming"" techniques. 
Citing six unnamed American officials working in six different agencies, the report claims that Chinese agents helped push the messages across platforms. What makes this particularly troublesome is the fact that these messages showed up on people's phones as texts, which is a disinformation tactic that some of the New York Times' sources haven't encountered before. 
In one example, a text message urged people to ""stock up"" with a ""two week supply of everything,"" claiming that the President will order a two week nation-wide quarantine ""within 48 to 72 hours."" The message urged the recipients to forward the info to their contacts. 
The fake info was also spread through Facebook and encrypted messaging apps such as WhatsApp, with the latter being especially problematic as it made it harder for law enforcement to track. 
It's unclear where and how the messages originated. Some of the officials said the Chinese agents likely did not create the messages, but rather amplified existing messages. After a critical mass mass was reached, the messages continued to spread on their own. This tactic is similar to the Russian disinformation campaign during the 2016 presidential election. 
The Chinese Foreign Ministry told the New York Times that the allegations are ""complete nonsense"" and ""not worth refuting.""
SEE ALSO: Self-driving vans are delivering food and disinfecting streets in China
The goal behind such a disinformation campaign, according to the New York Times' report, is creating political division within the American public, and is a part of an ongoing information war between China and the United States. 
The report claims that other rival powers besides China may have been involved in the dissemination of the messages, but offers no further details. On Tuesday, Politico cited an unpublished State Department report that warned of a disinformation ""onslaught"" launched against the U.S. by China, Iran and Russia."
17,"{'id': 'mashable', 'name': 'Mashable'}",Amanda Yeo,Coronavirus PSA meets the Ghanaian pallbearer meme in very 2020 horror sketch,"Do not challenge the death. Stay at home.
A viral video from Malaysia is using the Ghanaian pallbearer meme to deliver an important coronavirus public health announcement — as well as a hilarious horror film.
Created by ad agency 75insanity, ""How To Summon Th…",https://mashable.com/video/ghanaian-pallbearer-meme-malaysian-coronavirus-social-distancing-ad/,https://mondrian.mashable.com/2020%252F04%252F24%252Fcf%252F82a7f2f135d34f2fae3b5317368df802.f1a01.png%252F1200x630.png?signature=Wj2DDg-ALLjcVzmZuNrC6CoXlzI=,2020-04-24T03:55:15Z,"Do not challenge the death. Stay at home.
A viral video from Malaysia is using the Ghanaian pallbearer meme to deliver an important coronavirus public health announcement as well as a hilarious horror film.
Created by ad agency 75insanity, ""How To Summon The Death"" follows an unfortunate man (played by in-house actor HauYen Tan) who is relentlessly dogged by the ominous EDM strains of Tony Igy's ""Astronomia."" The song is a reference to the popular video meme of Ghanaian pallbearers dancing while carrying a casket, which is frequently used to imply imminent death.
Though the funky funeral footage originally came from 2017 AP
 and BBC
 stories, the lively pallbearers only rose to meme status this year. It's a very on-brand meme considering the year 2020 has been.
A 75insanity spokesperson told Mashable they filmed the creative sketch during lockdown, with the entire production completed within one week. ""We have no brand placement in this video as we were just making it for our own channel content as well as for hygiene awareness for the public,"" she said.
It's safe to say the message has been spread. ""How To Summon The Death"" has now been shared thousands of times on Twitter, where it has racked up over three million views."
18,"{'id': 'mashable', 'name': 'Mashable'}",Caitlin Welsh,'He's like Angry Tinkerbell:' Stephen Colbert explains Trump's backing of social distancing protests,"It’s *checks notes* eleventween days into lockdown, and we’re all starting to get, as Stephen Colbert puts it, “a little kooky in the ol’ squirrel cage.” For me, that’s manifesting as a desire to read a lot of murder mysteries. For Colbert, it’s work-drinking…",https://mashable.com/video/stephen-colbert-social-distancing-protests-trump/,https://mondrian.mashable.com/2020%252F04%252F21%252Ffc%252F121b829e326a4c299c23ca3ba46e0717.9f4aa.png%252F1200x630.png?signature=rkJrP4O3n4YwBm-FMEOLjotNE5E=,2020-04-21T06:14:11Z,"Its *checks notes* eleventween days into lockdown, and were all starting to get, as Stephen Colbert puts it, a little kooky in the ol squirrel cage. For me, thats manifesting as a desire to read a lot of murder mysteries. For Colbert, its work-drinking and interrogating his teenage son about whether Toni Morrisons Beloved is funny. For a lot of folks in certain states, its glomming onto illogical, heavily astroturfed
 protests against social distancing measures. 
Colbert pointed out one protester in Washington state carrying a sign reading Give me liberty or give me COVID-19. 
Buddy, youre in a large crowd, youre not wearing a mask, youre not six feet away from people you might not need to choose.
I get that this is the land of liberty, Colbert went on, but these protesters arent just putting themselves at risk. The whole reason we are socially distancing in the first place is to prevent the spread of the virus, especially to our older relatives. I mean, theres a reason the Boston Tea Partiers didnt throw Nanna in the harbor.
Colbert also called out Trumps endorsement of both social distancing measures and the protests, with his now-infamous LIBERATE tweets. 
To be clear, Trump is now encouraging people to protest his own recommendations thats how much he needs to hear a chanting mob. Hes like Angry Tinkerbell. Quick, kids! Scream LOCK HER UP or Ill die."
19,"{'id': 'mashable', 'name': 'Mashable'}",Sasha Lekach,Why I refuse to sign up for Zoom,"I was invited to an event with my synagogue this weekend, which meant booting up the Zoom video conferencing app to join my fellow congregants for some virtual singing and celebrating. But I managed to attend the event without signing into Zoom, a feat I'm tr…",https://mashable.com/article/zoom-sign-in-personal-data/,https://mondrian.mashable.com/2020%252F04%252F27%252F90%252Fd86e24632f404dceb75eb6eb1e4b3a4e.b8055.jpg%252F1200x630.jpg?signature=SS5wt_A-rzK-Qsf331-Xd1ZA9Yk=,2020-04-27T21:48:15Z,"I was invited to an event with my synagogue this weekend, which meant booting up the Zoom video conferencing app to join my fellow congregants for some virtual singing and celebrating. But I managed to attend the event without signing into Zoom, a feat I'm trying to keep up as the coronavirus pandemic rages on. 
I downloaded Zoom both on my computer and phone in 2018, way before COVID-19 existed. It's been a common video chat app for many companies and businesses for years since it was first released in 2013. There were 10 million Zoom users at the end of 2019 before the concept of social distancing was commonplace and 300 million users eventually jumped onto the Zoom train.
On my phone, Zoom gives three options on the opening screen: ""Join a Meeting,"" ""Sign Up,"" or ""Sign In."" On desktop, it's similar: ""Join a Meeting,"" ""Host a Meeting,"" ""Sign In,"" or (highlighted in a bright orange box), ""Sign Up, It's Free."" I've only ever joined a meeting, which is fine by me. There isn't much allure for a free sign-up since the service works exactly the same without doing so. 
The company would like you signed up and locked in with your personal information and access to your usage data and more. Digging through Zoom's terms, you can pinpoint the type of personal data it asks from customers (with the disclaimer that it's not limited to the posted list). 
In its privacy policy, the list of data Zoom collects from you includes information about your devices, internet connection, phone number if you're calling in, your location based on the nearest city and data center, how you use Zoom, and metadata about your usage. For example, Zoom will notice if you switch from using the mobile app to the desktop version. 
But I have maintained my Zoom anonymity by either clicking links sent over from other Zoom meeting hosts or joining a meeting with a meeting ID number and password. For my synagogue's weekend Zoom event, I had saved the invite on my calendar along with the nine-digit ID number and password. I and copy-and-pasted those in as prompted and entered the meeting without issue. No one knows you're Zooming without official credentials.
My Zoom app experience.
Image: zoom / screenshot 
Even if Zoom has taken over during social distancing (it's the most popular video chat app right now based on downloads and users), I'm determined to continue using the service without creating an account. I might be perceived as a mooch, taking advantage of others sacrificing their personal information to set up accounts and inviting me to their hosted meetings. But it's worth it to me.
An even more extreme stance: Don't download the app. Most Zoom meetings have call-in numbers that you can dial into from your phone to join through your phone's audio. This method won't let you see someone's screen if they're presenting or anyone's funky Zoom backgrounds, but if you just need to hear a virtual press conference or give a quick hello at a social gathering this is the ultimate move.
SEE ALSO: Double-check those Zoom meeting invites. Hackers are faking them to steal your info.
I had already downloaded the app long ago, but I should be able to keep this up unless I need to host a meeting. Then I'll have to fork over my personal information and lose my streak."
