,source,author,title,description,url,urlToImage,publishedAt,content
0,"{'id': 'mashable', 'name': 'Mashable'}",Amanda Yeo,Jimmy Kimmel savages Las Vegas mayor's plan to treat citizens as coronavirus lab rats,"In a world where monetary interests are routinely prioritised over human ones, it was only a matter of time before politicians tried to re-open businesses in the middle of a deadly pandemic. Among them is Las Vegas mayor Carolyn Goodman, who made headlines by…",https://mashable.com/video/jimmy-kimmel-las-vegas-mayor-carolyn-goodman-reopen-casinos/,https://mondrian.mashable.com/2020%252F04%252F23%252Fa9%252F8e4a8e53ee894bc9a37ded4133e0741e.5c839.png%252F1200x630.png?signature=l3rrslSLy7BhtBaOjzNedJ7LkHE=,2020-04-23T07:41:29Z,"In a world where monetary interests are routinely prioritised over human ones, it was only a matter of time before politicians tried to re-open businesses in the middle of a deadly pandemic. Among them is Las Vegas mayor Carolyn Goodman, who made headlines by pushing to immediately reopen casinos despite the ongoing coronavirus crisis.
""Mayor Goodman has a lot of thoughts, and the one thing those thoughts have in common is that none of them make any sense,"" said late show host Jimmy Kimmel on Wednesday.
Speaking to Anderson Cooper in a frankly baffling CNN interview, Goodman stood strong in her dangerous resolve to completely ignore expert medical advice. The mayor even went so far as to offer up Las Vegas' citizens as a ""control group,"" as though her 644,000 constituents were nothing more than lab rats. 
Fortunately the offer was nixed, though Goodman offered some incredibly flawed framing of the matter when questioned.
""She isn't offering Las Vegans as a control group. She offered them as a control group and they told her she can't,"" said Kimmel, succinctly summarising Goodman's stance. ""It's totally different.""
Really, there's no need for a control group. The American experiment has clearly already failed."
1,"{'id': 'mashable', 'name': 'Mashable'}",Amanda Yeo,Australia's new coronavirus tracking app was downloaded a million times in just 5 hours,"The Australian government's new coronavirus contact tracing app was downloaded one million times within five hours of launch, meaning approximately one out of every 25 Australians is using it. It's a notable uptake considering some Australians had expressed c…",https://mashable.com/article/covidsafe-australia-government-coronavirus-tracking-app-privacy-security/,https://mondrian.mashable.com/2020%252F04%252F27%252F59%252F320fdd6a023d457395f792e5fe0f9347.49eba.jpg%252F1200x630.jpg?signature=oN6ez4otigAP9MxKDpzW_ZsSS8U=,2020-04-27T03:55:59Z,"The Australian government's new coronavirus contact tracing app was downloaded one million times within five hours of launch, meaning approximately one out of every 25 Australians is using it. It's a notable uptake considering some Australians had expressed concerns about privacy issues.
Released on Sunday, COVIDSafe uses Bluetooth to connect with other phones within 1.5 metres (4.9 feet) which also have the app installed. If they are in contact for over 15 minutes, the app records data such as the date, time, contact distance and duration, and the other user's encrypted identification code. This information is stored on the user's phone for 21 days, after which it is automatically deleted.
Therefore, if someone using COVIDSafe is diagnosed with COVID-19, health officials can use the patient's app data to quickly notify people they've been in contact with. The hope is that this will help contain outbreaks and slow the spread of the coronavirus.
Australian states and territories are currently in various levels of shutdown to slow the spread of COVID-19, having reported over 6,703 confirmed cases and 81 deaths. Fortunately, the country's efforts to flatten the curve appear to be having some success. Only 117 new cases were reported last week, compared to 297 cases the week before.
As at 10:30 PM 1 million Australians have now downloaded and registered for the #CovidSafeapp - please join us and help protect ourselves, our families, each other but above all else our nurses and doctors
 Greg Hunt (@GregHuntMP) April 26, 2020
COVIDSafe sounds like a helpful app overall, but many Australians are naturally and justifiably suspicious about the entire concept of a government tracking app. 
In response, the Australian government has assured the public that the app does not gather location data, and only requires users to supply their name, age range, phone number, and postcode. Users also have the option to use a pseudonym rather than their legal name. Data is kept on users' phones, and will only be uploaded to a server if they give consent.
""In terms of privacy, no person can access whats on their phone, no other person can access whats on your phone,"" said Australian Minister for Health Greg Hunt on Sunday.
 
""Its up to you whether you then release the information on your app, in which case its encoded, and encrypted, and sent to the national data store which is a server here in Australia.""
Further, uploaded data must legally be kept on Australian servers, and will be destroyed after the coronavirus pandemic passes.
""[The data] cannot leave the country, it cannot be accessed by anybody other than a state public health official, it cannot be used for any purpose other than the provision of data for the purposes of finding people with whom you have been in close contact, and it is punishable by jail if there is a breach of that,"" said Hunt.
SEE ALSO: Google and Apple team up to support coronavirus contact tracing
Australian developers have already gotten to work decompiling the app and have found it to be as secure as advertised, though they continue to dig into it. 
""From what I can see, everything in the #covidsafe app is above board, very transparent and follows industry standard,"" tweeted Australian mobile developer Matthew Robbins. 
Hunt stated in a Monday interview with the Australian Broadcasting Corporation that the app's source code will be released within two weeks, again emphasising the importance of security and privacy. 
Aside from the app itself, some Australians have also raised concerns regarding COVIDSafe's servers. Though operating out of the Australian capital of Canberra, the servers are run by American corporation Amazon. This has given rise to fears U.S. law may apply to these servers, which could give U.S. law enforcement access to the data.
However, Australian Prime Minister Scott Morrison and Government Services Minister Stuart Robert have both dismissed these concerns.
""This is exactly the same way the Australian Government already uses [Amazon Web Services] for many other agencies, including the work of our intelligence agencies, including [Australian Signals Directorate], and ensures Australian data stays in Australia,"" said a spokesman for Robert.
SEE ALSO: Bing made the best coronavirus tracker. Seriously.
Australia isn't the first country to use phone tracking to help manage the coronavirus. The COVIDSafe app drew on Singapore's TraceTogether app, which has been downloaded by approximately one in five people in the country since its March launch. 
As the world continues to grapple with the pandemic, countries around the world are increasingly turning to technology for solutions. Google and Apple even announced a joint effort to assist governments in tracking people exposed to infected individuals.
This rapid and widespread adoption makes it all the more important for people to scrutinise potential privacy issues. Fortunately, Australia's COVIDSafe app initially appears as innocuous as a government tracking app can be."
2,"{'id': 'the-wall-street-journal', 'name': 'The Wall Street Journal'}","Liza Lin, Chong Koh Ping","Singapore Built a Coronavirus App, but It Hasn’t Worked So Far - The Wall Street Journal","<ol><li>Singapore Built a Coronavirus App, but It Hasn’t Worked So Far  The Wall Street Journal
</li><li>COVID-19 Podcast Ep. 8: Contact Tracing  universitytoronto
</li><li>Almost 2 billion users will miss out on Google and Apple’s contact tracing system  T…",https://www.wsj.com/articles/singapore-built-a-coronavirus-app-but-it-hasnt-worked-so-far-11587547805,https://images.wsj.net/im-178766/social,2020-04-22T10:19:47Z,"SINGAPOREAs governments around the world race to roll out contact-tracing phone apps to fight the coronavirus pandemic, an early experiment in Singapore faces a big hurdle: getting people to sign up.
The government-developed app, called TraceTogether, is designed to help authorities identify people with whom a coronavirus patient has been in close contact. Those people, if found quickly, could be isolated before they pass the virus on to others, breaking the chain of transmission.
..."
3,"{'id': 'business-insider', 'name': 'Business Insider'}",Kelly McLaughlin,Sweden has nearly 10 times the number of COVID-19-related deaths than its Nordic neighbors. Here's where they went wrong.,"<ul>
<li>Sweden, which has yet to order any lockdown amid the novel coronavirus pandemic, has seen 14,777 COVID-19 cases so far, and 1,580 deaths from the virus.</li>
<li>The virus has been more nearly ten times more deadly in Sweden than other Nordic countri…",https://www.businessinsider.com/how-sweden-and-norway-handled-coronavirus-differently-2020-4,https://i.insider.com/5e9ddbb092e8ba7b37222049?width=1200&format=jpeg,2020-04-20T21:04:42Z,"Sweden's controversial coronavirus strategy has led to nearly ten times the number of deaths of other Nordic countries, and it serves as counter-argument to US citizens who are calling for the country to re-open.  
Sweden has yet to order any lockdowns amid the novel coronavirus pandemic, according to AFP. The country has left schools, restaurants, and gyms open, and while the government banned gatherings over 50 people and urged residents to self-isolate, life appears to be mostly unchanged.
Sweden's lack of strict lockdowns is in contrast to the rest of Europe, and it has yet to see a downturn in COVID-19 cases. The country, which has a population of 10.23 million, has seen 14,777 cases so far, and 1,580 deaths from the virus.
Sweden's Nordic neighbors, Norway and Finland, approached the virus differently, and it could be why they're facing just a fraction of COVID-19-related deaths
Norway went into lockdown in mid-March, closing schools, restaurants, cultural events, gyms, and tourist attractions. It also banned outside travelers. Finland, which has been stockpiling medical supplies since the Cold War, restricted border traffic, banned gatherings of 10 or more people, and closed schools as part of its coronavirus guidelines.
Norway, which has only 5.368 million people, has seen 7,127 cases, and just 181 deaths. Finland, with a population of  5.5 million, has seen 3,868 COVID-19 cases and 94 deaths.
Anders Tegnell, the state epidemiologist who created Sweden's relaxed coronavirus response plan, told local media that the country's fatality rates show the spread of the virus is starting to ""plateau,"" according to Bloomberg.
Charts released by Pantheon Macroeconomics, however, contradict Tegnell. Sweden's COVID-19 cases appear to still be rising, and Norway's appear to already be on a downslide. 
This side-by-side of Sweden v Norway shows that Sweden may have made a mistake in taking a relaxed approach to lockdown.
Ian Shepherdson / Pantheon Macroeconomics
Bo Lundback, professor of epidemiology at the University of Gothenburg, told Agence Frances-Press that a change needs to happen.
""The authorities and the government stupidly did not believe that the epidemic would reach Sweden at all,"" he said.
About 2,300 academics signed an open letter last month calling for Sweden to reconsider its approach to the virus, according to Fox News.
Cecilia Soderberg-Naucler, a professor at the Karolinska Institute who signed the letter, told Fox News: ""We must establish control over the situation, we cannot head into a situation where we get complete chaos. No one has tried this route, so why should we test it first in Sweden, without informed consent?""
Swedes, so far, have been refraining from travel, according to Bloomberg, and Foreign Minister Ann Linde said in an interview with Radio Sweden that its rules ""affect the whole society,"" according to Bloomberg.
People enjoy themselves at an outdoor restaurant, amid the coronavirus disease (COVID-19) outbreak, in Stockholm, Sweden, on April 20, 2020.
Anders Wiklund/TT News Agency/via REUTERS
While Sweden has had more COVID-19 deaths than Finland and Norway, HSBC Global Research economist James Pomeroy told Bloomberg that Sweden's COVID-19 strategy might help its economy bounce back more quickly than it will in other countries because businesses were able to remain open. 
""While Sweden's unwillingness to lock down the country could ultimately prove to be ill-judged, for now, if the infection curve flattens out soon, the economy could be better placed to rebound,"" he said.
Loading
Something is loading."
4,"{'id': 'business-insider', 'name': 'Business Insider'}",Shona Ghosh,France has banned online sales of nicotine substitutes after a study showed smokers are less likely to be admitted for COVID-19,"<ul>
<li>France has banned online sales of nicotine substitutes, and limited sales in pharmacies.</li>
<li>The idea is to prevent a run on nicotine replacements, after a widely reported study from a Paris hospital found smokers were less likely to be admitted…",https://www.businessinsider.com/coronavirus-france-halts-online-sales-nicotine-substitutes-smoker-study-2020-4,https://i.insider.com/5ea3fe48a2fd914fde5664a3?width=1200&format=jpeg,2020-04-25T09:32:50Z,"France on Friday banned online sales of nicotine replacements — such as nicotine gum and patches — after a widely reported Paris study found smokers were less likely to admitted to hospital for COVID-19.
In a draft legal text published earlier this week, the government warned there could be a run on nicotine replacements thanks to the study. Pharmacies dispensing treatments for tobacco addiction must limit the amount they issue to an individual patient to a single month's supply.
The text states: ""Because of media coverage around the possible protective action of nicotine against Covid-19, there is a strong risk that the dispensing in pharmacies and internet sales of nicotine replacements will experience a surge in the coming days.""
The government said the ban would stop people from rushing out and potentially over-consuming nicotine substitutes, as well as ensure a steady supply for patients genuinely being treated for smoking addiction.
The decree comes after a Paris hospital study found that the infection rate for smokers among COVID-19 patients was lower than non-smokers. The study factored in around 480 patients at the Pitié-Salpêtrière hospital. French researchers now plan to hand out nicotine patches to COVID-19 patients and frontline health workers to explore the theory further.
According to Jean-Pierre Changeux from France's Pasteur Institut, a co-author of the study, the theory is that nicotine may adhere to cell receptors, thus blocking the virus from entering people's cells.
Still, the researchers warned of the dangers of nicotine in their study, and that smoking remains extremely dangerous for your health.
And overall, the research on smoking and nicotine's impacts on COVID-19 patients is nascent. Scientific American notes there's a considerable body of research to show that smoking reduces lung function and increases flu risk. And a study in the New England Journal of Medicine suggested Chinese smokers who contracted COVID-19 were more likely to get severe infections. An overview of the current studies on the link between COVID-19 and smoking suggested that COVID-19 patients who smoked were more likely to be admitted to intensive care.
Loading
Something is loading."
5,"{'id': 'business-insider', 'name': 'Business Insider'}",Connor Perrett,At least 4 of the dozens of US coronavirus cases are not linked to overseas travel but are likely the result of 'community spread',"Four people in the US are suspected to have the coronavirus as a result of ""community spread"" meaning they contracted the virus despite not traveling outside the US. A high school student in Washington State and a woman in Oregan are the latest ""presume posit…",https://www.businessinsider.com/four-us-coronavirus-cases-linked-to-community-spread-not-travel-2020-2,https://i.insider.com/5e5a83befee23d21344e3e74?width=1200&format=jpeg,2020-02-29T16:20:32Z,"At least four of the 67 reported cases of the COVID-19 coronavirus are not linked to travel outside the United States after a woman in Oregan and a high school student in Washington state are presumed to have tested possible for the virus, health officials told CNN. 
A person — described by CNN as an ""older woman"" — reportedly contracted the virus without having recently traveled overseas or knowingly coming in contact with any person who had contracted the coronavirus. The other California case isa woman from Solano County currently hospitalized at the UC Davis Medical Center in Sacramento, the report said.
""This new case indicates that there is evidence of community transmission, but the extent is still not clear,"" Sara Cody, director of the Santa Clara County public health department, said, according to CNN. 
Health officials said the Santa Clara woman had not traveled to Solano County, raising more questions about how the woman contracted the virus, believed to have originated last year at a market in Wuhan, China, a city in the country's Hubei province.
The Washington state case involves a boy at Jackson High School in Snohomish County. The school will be closed on Monday as it undergoes deep cleaning following the student's diagnosis.
As Daily Mail reported, while the latest case marks only the fourth known instance of ""community spread"" in the US, it is the third instance within the past 24 hours. 
Officials for the Centers for Disease Control said it hoped to have every state nationwide testing for the virus by the end of next week as the US ramps up its plan to combat the virus, CNN said, which has so far been primarily in China but has begun to spread across Asian and to parts of Europe. 
As Business Insider previously reported, there the CDC has confirmed dozens of cases in states across the country in Arizona, California, Illinois, Massachusetts, Washington, and Wisconsin. 
""Community spread means spread of an illness for which the source of infection is unknown,"" a CDC press releasefrom Wednesday said.
In other words, a case can be described as a ""community spread"" when an infected person has had no history of traveling to China where the virus broke out, meaning the virus was likely contracted from another person in the individual's same community. 
A majority of Americans who have tested positive for the virus — 44 — were among those repatriated after facing a 14-day quarantine on the Diamond Princess after an outbreak occurred on the cruise ship.
Read more: 
France has banned any public event in a 'confined space' with over 5,000 people to stop spread of coronavirus
Companies around the world are telling their employees to work from home amid the coronavirus outbreak
Several young doctors in China have died of the coronavirus. Medical workers are far more vulnerable to infection than the general population.
How to lessen the chances of getting sick when traveling on planes in the age of coronavirus, according to experts"
6,"{'id': 'usa-today', 'name': 'USA Today'}","USA TODAY, Ken Alltucker, USA TODAY",'Not gone as smoothly as we would have liked': CDC fixes coronavirus testing kit glitch,A CDC addresses a glitch in coronavirus testing kits and will significantly expand testing as heath agencies prepare for more U.S. cases.,https://www.usatoday.com/story/news/health/2020/02/29/cdc-fixed-glitch-allow-state-locals-test-coronavirus/4906318002/,"https://www.gannett-cdn.com/presto/2020/02/26/USAT/edc57de8-279b-48ba-8907-fd394ec11658-Coronavirus.png?crop=1593,897,x6,y0&width=1593&height=897&format=pjpg&auto=webp",2020-02-29T13:38:58Z,"The U.S. Centers for Disease Control and Prevention has expanded criteria for coronavirus testing and fixed a testing glitch to allow every state and local health departments to begin testing next week.
A CDC official said the new approach addresses a testing kit issue and will significantly expand testing as health agencies prepare for more U.S. cases, including possible spread of the virus not just limited to travelers returning from endemic regions.
Nancy Messonnier, director of the CDC's National Center for Immunization and Respiratory Diseases, said the agency has taken steps to address problems with test kits mailed to state and local labs.
""This has not gone as smoothly as we would have liked,"" Messonnier said. 
More:Coronavirus, explained: Everything to know about COVID-19, the deadly virus alarming the world
The CDC initially developed and mailed testing kits with three components, or reagents, to detect the new virus, COVID-19. Some states had trouble validating one of three components in the kits. The CDC reviewed the glitch and concluded using two components are ""appropriately sensitive and specific"" to accurately detect coronavirus, Messonnier said.
The CDC will begin making kits with two components and share those kits with states, local health departments and other qualified labs. Public health labs that still have the three-component tests on hand can begin using the two-component testing method to produce accurate results.
""Our goal is to have every state and local health department online, doing their own testing by the end of next week,"" Messonnier said Friday.
On Thursday, the CDC also expanded testing criteria of ""patients under investigation"" to reflect the wider spread of the virus around the globe. People with a fever, cough or shortness of breath who traveled to five nations where the virus is spreading rapidly China, Iran, Italy, Japan or South Korea are recommended for testing.
Two weeks ago, the CDC announced it would begin testing people with flu-like symptoms in Chicago, Los Angeles, New York, San Francisco and Seattle to detect possible spread of coronavirus. That testing should begin next week with plans to expand surveillance to all 50 states, Messonnier said.
Earlier this week, CDC warned of ""severe"" disruptions to everyday life with more coronavirus cases in U.S. communities, not just among travelers returning from affected regions. Possible disruptions could be school closings, canceled or postponed public gatherings and businesses forced to have employees work remotely. 
Earlier this week, California Gov. Gavin Newsom expressed frustration about the CDC's testing criteria and the limited number of test kits available. He said the number of testing kits was ""simply inadequate"" to adequately identify new cases.
His comments came after the CDC and California health officials announced the nation's first possible case of ""community spread,"" or an unknown source of infection.
The woman was transferred to University of California, Davis Medical Center from another Northern California hospital on Feb. 19 but was not tested for the virus until four days later. Dr. David Lubarsky, CEO of the medical center, wrote in a memo that hospital staff asked public health officials whether the patient should be tested when she arrived at the hospital.
""Since the patient did not fit the existing CDC criteria for COVID-19, a test was not immediately administered,"" Lubarsky wrote.
Messonnier defended the CDC's handling of the case, noting the agency did not learn about the patient's circumstances until Feb. 23 and immediately ordered testing. The CDC received the patient's specimens on Feb. 25 and confirmed the next day she had the virus. 
Messonnier said the CDC has dispatched a team to jointly investigate the case with the California Department of Public Health to trace all of the woman's contacts.
""People who were exposed to this person during their infection are at some level or risk, depending on their exposure,"" Messonnier said, citing family members and health care workers who had close, sustained contact as likely candidates for monitoring.
A second case was confirmed Friday by officials in San Jose, California."
7,"{'id': 'business-insider', 'name': 'Business Insider'}",Paulina Cachero,WHO investigates reports of recovered coronavirus patients testing positive again,"On Friday, South Korea reported that 91 coronavirus patients being considered for discharge tested positive for the virus again. The director of the Korea Centers for Disease Control and Prevention said the virus may have been ""reactivated"" rather than the pa…",https://www.businessinsider.com/who-investigates-reports-recovered-coronavirus-patients-testing-positive-again-2020-4,https://i.insider.com/5e917c8129d6d933f5655d13?width=1200&format=jpeg,2020-04-11T17:05:29Z,"The World Health Organization (WHO) announced Saturday that it is investigating reports that coronavirus patients who initially tested negative tested positive for the virus days later. 
""We are aware of these reports of individuals who have tested negative for COVID-19 using PCR (polymerase chain reaction) testing and then after some days testing positive again,"" a WHO spokesperson told Reuters.
On Friday, South Korea reported that 91 coronavirus patients they believed to have recovered from the disease tested positive for the virus again.
Guidelines from WHO on clinical management recommended that a clinically recovered COVID-19 patient should test negative for the virus twice, with tests conducted at least 24 hours apart, before being discharged from the hospital.  
 The COVID-19 patients in South Korea were being considered for discharge after testing negative for the disease — however, tests administered later showed positive results.
South Korean health officials said they would be launching epidemiological investigations to determine what was behind the trend.
Jeong Eun-kyeong, the director of the Korea Centers for Disease Control and Prevention, said in a news briefing that the virus may have ""reactivated"" in the patients, as opposed to the patients being re-infected again, Bloomberg reported. 
""While we are putting more weight on reactivation as the possible cause, we are conducting a comprehensive study on this,"" Jeong said Monday. ""There have been many cases when a patient during treatment will test negative one day and positive another.""
The number of patients who were believed to have been cleared of the coronavirus but later tested positive jumped from 51 on Monday to 91 on Friday. Shortly after, WHO announced it would also be looking into the recent COVID-19 trend in South Korea as well. 
""We are closely liaising with our clinical experts and working hard to get more information on those individual cases. It is important to make sure that when samples are collected for testing on suspected patients, procedures are followed properly,"" a spokesperson for WHO told Reuters in a statement.
According to WHO, current studies show that patients with mild COVID-19 experience a period of about two weeks between the onset of symptoms and clinical recovery. But it remains unclear why these patients are testing positive after they were believed to have recovered from COVID-19.
""As COVID-19 is a new disease, we need more epidemiological data to draw any conclusions,"" the statement added. 
More than 390,000 people worldwide have recovered from the coronavirus, according to data collected by John Hopkins. 
Infectious disease experts, including Dr. Anthony Fauci, director of the National Institute of Allergy and Infectious Disease, believe that ""people who recover [from COVID-19] are really protected against re-infection.""
People who have been infected develop antibodies that can ""probably fight off the coronavirus if they encounter it again,"" making them temporarily immune to the coronavirus, according to Business Insider's Morgan McFall-Johnsen. However, it's unclear how long the protection lasts, she added. 
Recently, Dr. Anthony Fauci said people who recover from the coronavirus will likely be immune should a second wave of infection spread in the early fall. But preliminary studies about coronavirus immunity show that not all recovered patients develop the antibodies needed to protect ourselves from the virus. 
Loading
Something is loading."
8,"{'id': 'business-insider', 'name': 'Business Insider'}",Connor Perrett,"Brazil's coronavirus cases are likely 12 times higher than what the government has reported, study finds","The Brazilian government has underreported the number of COVID-19 cases as much as 12 times, a study by the Brazilian Center for Health Operations and Intelligence found. There has been a struggle between the country's president, who wants to see a return to …",https://www.businessinsider.com/brazils-coronavirus-cases-likely-12-times-higher-than-reported-2020-4,https://i.insider.com/5e95e163dcd88c70f65b933b?width=1200&format=jpeg,2020-04-14T17:25:44Z,"Cases of COVID-19, the disease caused by the novel coronavirus, in Brazil are likely 12 times higher than the totals reported by government officials, a study released on Monday found. 
The study was conducted by the Center for Health Operations and Intelligence, which is comprised of a group of Brazilian universities and institutes, according to Reuters. According to the study, just 8% of cases of the novel coronavirus in the country are being reported by the government.
The Center for Health Operations and Intelligence had so far had an accurate record of predicting the virus in Brazil, Reuters said.
The number was determined when researchers compared the ratio of the nation's reported COVID-19 cases that have resulted in deaths through April 10 with the expected death rate from the World Health Organization, the report said.
There are at least 23,955 cases of COVID-19 and 1,361 resulting deaths, according to official data from Brazil's health ministry and analyzed by Johns Hopkins University. If the number of cases is 12 times higher, there would be more than 280,000 cases in the nation.
The study found the government was testing and reporting only the most serious cases of COVID-19. The organization pointed to issues with testing in the country as part of the reason for the described underreporting, according to the report. 
Luiz Henrique Mandetta, Brazil's minister of health, has acknowledged the country has had issues distributing tests, which he attributed to the size of the country. He agreed that testing in the country needed to improve, Reuters said. 
According to the study, the number of hospitalizations for severe respiratory symptoms has been more than three times higher than typical for this time of year. Just 12% of those hospitalizations have been linked to COVID-19.
As of April 9, Brazil had around 127,000 suspected — not confirmed – COVID-19 cases and had administered less than 63,000 tests, according to official figures. More than 93,000 tests were still being processed for results as of Monday, according to the report.
According to Reuters, there have been divisions between President Jair Bolsonaro, who has downplayed risks of COVID-19, and the health minister and state and local leaders, who have called for stricter measures to limit the spread of the virus.
Brazil's president had in March said — without evidence — that Brazilians may have a natural immunity to the coronavirus.
Loading
Something is loading."
9,"{'id': 'engadget', 'name': 'Engadget'}",Engadget,The Morning After: Razer's Pikachu earbuds have the perfect case,"Just like everyone else, I’m practicing social distancing and cutting out nonessential trips. The only problem is that I still need groceries. Lately, the choices include lining up for limited access to the store or navigating website queues that make getting…",https://www.engadget.com/the-morning-after-pikachu-earbuds-112544299.html,https://o.aolcdn.com/images/dims?resize=1200%2C630&crop=1200%2C630%2C0%2C0&quality=80&image_uri=https%3A%2F%2Fs.yimg.com%2Fos%2Fcreatr-uploaded-images%2F2020-04%2F12945860-7e40-11ea-bdff-b12be5defc15&client=amp-blogside-v2&signature=acadd08321f9ccbaa7a75ddb39f041253a01a6d4,2020-04-14T11:26:13Z,"Just like everyone else, I’m practicing social distancing and cutting out nonessential trips. The only problem is that I still need groceries. Lately, the choices include lining up for limited access to the store or navigating website queues that make getting a loaf of bread harder than snagging a new release on SNKRS.
While Amazon deals with worker safety issues and accusations that it’s retaliating against whistleblowers, the company’s plan to streamline the process at Whole Foods will give delivery customers a “virtual place in line.” Will that be enough to make the experience smoother and safer for everyone involved? We’ll find out soon.
-- Richard
The importance of Apple and Google’s rare collaboration on contact tracing
Privacy meets pandemic.
At the end of last week, Google and Apple announced they would collaborate on Bluetooth technology intended to help alert people if they may have been exposed to COVID-19. But what does that mean, what are the privacy implications and how is the platform supposed to work? Chris Ip dives into the technology and checks in with some experts to get the answers.Continue reading.
Razer's Pikachu wireless earbuds are stored in a Poké Ball
You'll have to go to China to catch 'em.
Yes, you’re seeing correctly. The wireless charging case for these earbuds is a faithfully reproduced Poké Ball from the anime. The front button lights up to indicate charge level.Continue reading.
How to get the most out of Netflix, Hulu and other streaming services
Watch more without blowing up your budget.
Gone are the days when one or two streaming services were your only options. Now, there are dozens of services that let you watch acclaimed new shows, classic movies and much more. It's hard to keep track of them all, and it's even harder to watch all of the content you want, now everything lives on its own platform. Engadget has tips and tricks for getting the most out of the streaming services you're currently paying for and advice on how to test out new ones.Continue reading.
Sponsored Content by StackCommerce"
10,"{'id': 'reuters', 'name': 'Reuters'}",Steve Gorman,Coronavirus test kits flown to cruise ship idled off San Francisco,"Coronavirus test kits were delivered at sea on Thursday to an ocean liner barred from returning to port in San Francisco after at least 35 people developed flu-like symptoms aboard the vessel, which has been linked to two other confirmed cases of COVID-19.",https://www.reuters.com/article/us-health-coronavirus-usa-cruiseship-idUSKBN20S30E,https://s3.reutersmedia.net/resources/r/?m=02&d=20200305&t=2&i=1499294253&w=1200&r=LYNXMPEG2420O,2020-03-05T22:59:55Z,"(Reuters) - Coronavirus test kits were delivered at sea on Thursday to an ocean liner barred from returning to port in San Francisco after at least 35 people developed flu-like symptoms aboard the vessel, which has been linked to two other confirmed cases of COVID-19. 
The diagnostic sampling kits were flown by helicopter to the cruise ship Grand Princess, which California Governor Gavin Newsom has said would be kept offshore until passengers and crew who have fallen ill can be tested for possible coronavirus infection. 
The delivery operation was organized by the U.S. Coast Guard, according to Scott Pauley, a spokesman for the Centers for Disease Control and Prevention (CDC), which is also helping coordinate the effort. 
He said a helicopter carried a batch of test kits to the ship, and a photograph taken from the ship by a passenger and sent to Reuters showed a military chopper descending near the vessel. 
The Grand Princess had been due to return to San Francisco on Wednesday night from a 15-day voyage to and from Hawaii, with 2,383 passengers and 1,100 crew, Mary Ellen Caroll, executive director of the city’s Department of Emergency Management, told a news conference on Thursday. 
But Newsom acted to keep the vessel from port after learning some people on board - 35 according to Carroll - had symptoms consistent with COVID-19, a respiratory illness that has infected more than 95,000 people worldwide, most of them in China, where the virus originated. 
Two passengers who traveled on the same ship on a voyage last month between San Francisco and Mexico later fell ill and tested positive for the coronavirus. Health officials say they probably contracted the illness aboard the vessel. 
One, an elderly man from Placer County near Sacramento with underlying health conditions, died this week, the first documented coronavirus fatality in California. The other, from the Bay area, was described by Newsom as gravely sick. 
The Princess cruise line, a unit of Carnival Corp, the world’s largest cruise operator, said fewer than 100 passengers and crew from the Hawaii voyage have been identified for testing, including those who were ill. 
Tests will also be given to dozens of “holdover” passengers from the Mexico trip who stayed on the ship for the voyage to Hawaii, and “guests currently under care for respiratory illness,” the cruise line said in a statement. 
Pauley said the company was believed to be following CDC guidance to quarantine symptomatic individuals until test results are returned, a process that Carroll said was expected to take about 24 hours. 
Newsom said state health authorities, working with the CDC and local health authorities were trying to contact some 2,500 passengers who were on the earlier cruise to Mexico. 
It was not immediately clear what would occur should anyone now aboard the ship test positive. 
“Once we have results from the tests, the CDC and the state will determine the most appropriate location for the ship to berth, and the location needs to provide for the safety of the surrounding community as well as the passengers and crew,” Carroll told reporters. 
She said the ship might be directed to an arrival point other than San Francisco. 
The governor on Wednesday declared a statewide emergency in response to the coronavirus outbreak. 
California health authorities have confirmed 59 cases, second only to Washington state, where authorities have documented 70. 
The predicament of the Grand Princess was reminiscent of the Diamond Princess cruise liner that was quarantined off Japan in February and was for a time the largest concentration of coronavirus cases outside China. 
Some U.S. passengers from that ship were ultimately repatriated to military bases in California for extended quarantines. 
Reporting and writing by Steve Gorman in Los Angeles; Additional reporting by Cath Turner in Los Angeles and Jane Lee in San Francisco; Editing by Bill Tarrant and Daniel Wallis"
11,"{'id': 'reuters', 'name': 'Reuters'}",Reuters Editorial,"Italy reports 525 new coronavirus deaths, slowest rise in over two weeks","The death toll from the COVID-19 epidemic in Italy rose by 525 to 15,887, the lowest daily death toll in more than two weeks, while the number of patients in intensive care fell for the second day running, the Civil Protection department said on Sunday.",https://www.reuters.com/article/us-health-coronavirus-italy-tally-idUSKBN21N0PI,https://s1.reutersmedia.net/resources/r/?m=02&d=20200405&t=2&i=1512773515&w=1200&r=LYNXMPEG340G1,2020-04-05T16:33:38Z,"MILAN (Reuters) - The death toll from the COVID-19 epidemic in Italy rose by 525 to 15,887, the lowest daily death toll in more than two weeks, while the number of patients in intensive care fell for the second day running, the Civil Protection department said on Sunday. 
The total number of confirmed cases rose to 128,948 from 124,632 reported on Saturday, a lower increase than the day before which added to signs the epidemic has reached a plateau nearly a month after the government imposed a countrywide lockdown on March 9. 
Of those originally infected nationwide, 21,815 were declared recovered on Sunday, compared with 20,996 a day earlier. 
There were 3,977 people in intensive care, a fall of 17 from 3,994 on Friday, when officials reported the first drop in intensive care numbers since the outbreak of the epidemic in northern Italy on Feb. 21. 
Reporting by Giulio Piovaccari and James Mackenzie"
12,"{'id': 'reuters', 'name': 'Reuters'}",Katherine Eban,Exclusive: Bayer's chloroquine donation to U.S. raises concern about FDA standards in pandemic,"On March 21, two days after President Donald Trump first touted chloroquine drugs as a “gamechanger” in the fight against COVID-19, administration officials privately described what they felt was a “win” in the president’s efforts to build an emergency stockp…",https://www.reuters.com/article/us-health-coronavirus-bayer-chloroquine-idUSKBN21Y2LO,https://s3.reutersmedia.net/resources/r/?m=02&d=20200416&t=2&i=1515362708&w=1200&r=LYNXMPEG3F1VO,2020-04-16T16:20:00Z,"(Reuters) - On March 21, two days after President Donald Trump first touted chloroquine drugs as a “gamechanger” in the fight against COVID-19, administration officials privately described what they felt was a “win” in the president’s efforts to build an emergency stockpile of the drugs: a hefty donation of pills from Bayer AG. BayGn.DE 
In an exchange of enthusiastic emails among federal health officials reviewed by Reuters, Keagan Lenihan, chief of staff of the U.S. Food and Drug Administration (FDA), cautioned that “3-4 days” of testing would be needed. 
“Potentially serious issues with product so let’s be careful when we take that win,” she wrote. 
Bayer has since donated three million tablets of the drug, called Resochin, to the U.S. national stockpile for treatment of COVID-19, the disease caused by the coronavirus. After a brief period of testing, its use in the United States was approved on an emergency basis. 
But three U.S. government sources familiar with the matter told Reuters that there is reason to be concerned about the quality of Resochin and its makers, located in India and Pakistan. 
Although some rules can be waived in an emergency, the FDA dropped its quality-control standards too far as it scoured the world for scarce supplies of chloroquine drugs, according to the sources, who spoke on condition of anonymity. 
The plants that make Resochin ingredients and finished doses in India and Pakistan have never been registered with, or inspected by, the FDA, according to the three government sources, as well as FDA documents compiled in the private online database FDAzilla.com. Some chloroquine drugs were already approved by the FDA before the pandemic as antimalarial medications, a process that required plant inspections. Resochin was not approved. 
Pakistani regulators, who inspected Bayer’s Resochin plant in Karachi in 2015, found a “gross failure” in manufacturing processes there, according to documents from the Drugs Regulatory Authority of Pakistan, reviewed by Reuters. And though the FDA has never screened the Indore, India, plant that supplies ingredients for Resochin, the U.S. agency has inspected other Indian plants run by the same Indian supplier and found serious deficiencies, including falsification of records, inspection documents spanning 2014 through 2019 show. 
Responding to questions from Reuters about Resochin, FDA spokesman Michael Felberbaum said that the agency “sampled and tested the donated drugs to evaluate acceptability for importation” and they met appropriate standards. 
Asked about Lenihan’s March 21 email, the FDA spokesman said the agency “does not comment on alleged, leaked emails.” 
In a statement to Reuters, Bayer said that the FDA had tested Resochin “and found it to be of appropriate quality for release to the (stockpile) for emergency use. We are proud to make this donation to the U.S. government in the fight against COVID-19.” 
Resochin is part of a class of medications containing one of two active ingredients - chloroquine or hydroxychloroquine - that the Trump administration has praised as a potentially lifesaving treatment. But the effectiveness of chloroquine drugs against coronavirus has not been proven. Though in use for years in the United States as a treatment for malaria and autoimmune conditions such as lupus, the medicines can have serious side effects, including heart arrhythmias. 
The three U.S. sources who spoke with Reuters, as well as an independent expert, said spot-testing is not always sufficient to ensure a drug’s safety and effectiveness, and plant inspections normally done by the FDA are crucial to ensuring overall quality. 
“If you’re talking about millions of doses, you can’t test every product,” said Stephen Payne, who for years chaired a practice group specializing in the FDA and health care at a global law firm. “You have no idea what you don’t know.” 
A PHOTO OPPORTUNITY 
Trump first endorsed chloroquine drugs to treat COVID-19 from the White House podium on March 19, citing “very, very encouraging early results” and downplaying any risks. “If things don’t go as planned, it’s not going to kill anyone,” he said. 
The statements came as the administration was being hammered for its slow response to the growing coronavirus crisis, which to date has infected more than 637,000 people in the United States, killing almost 31,000. His comments set high public expectations for the drugs, which are now being snapped up all over the globe. 
In emails two days later, federal health officials greeted the Bayer donation of chloroquine phosphate, or Resochin, with eagerness. 
Cicely Waters, director of external affairs for the U.S. Department of Health and Human Services (HHS), saw a media opportunity. A shipment of two million tablets was due to arrive at John F. Kennedy International Airport in New York City. 
“I would like to get photos of the product coming off of the FedEx plane so we can be prepared to support the story with visuals if this turns out the way we hope,” wrote Waters. 
Lenihan of the FDA told the group of health officials that “if it is the product we think it is and it is not toxic we will release it to ASPR” - the Assistant Secretary for Preparedness and Response, a division within HHS. 
Reached by email, Lenihan referred Reuters back to the FDA press office. Waters did not respond to an email seeking comment. 
One of the participants in the March 21 email discussion appeared to raise the issue of which agency should get credit for the deal. Joseph Hamel, ASPR’s manager of strategic innovation and emerging technology, asked in an email to the group: “How do you want to handle? FDA win? ASPR win? Happy either way, please let us know.” 
Hamel did not return an email seeking comment. 
Asked about the email exchanges, an HHS spokesman echoed the FDA’s statement, saying the agency would not comment on “alleged, leaked emails.” 
‘GROSS FAILURE’ 
The pills and ingredients welcomed by the administration had origins that should have raised red flags and prompted greater scrutiny, said the three sources who spoke to Reuters. 
In 2015, Bayer’s plant in Pakistan, Bayer Pakistan Private Ltd, was cited by that country’s regulators for making Resochin that was lower in potency than labeled, according to inspection documents reviewed by Reuters. 
A whistleblower complaint led to the discovery of more than 21 million Resochin tablets that were too weak, more than 12% under the specified weight of 400 milligrams, according to the Pakistani regulatory records. 
Officials blamed the problem on a “gross failure” of manufacturing operations, citing improperly calibrated machines, poorly trained workers and insufficient staffing. Weak medications can fail to treat the illness for which they’re prescribed and harm patients. 
The investigation was ultimately resolved with Bayer’s agreement to destroy the 21 million doses. 
Regarding the 2015 incident, the company told Reuters: “All batches produced with lower content due to an error in production were never released, the corresponding batches destroyed.” 
According to FDA records reviewed by Reuters, the active ingredients for the drug are made at a plant in Indore, India, run by Ipca Laboratories Ltd, an Indian drug manufacturer and ingredient supplier that exports its products globally. 
In 2016, the FDA issued a warning letter to Ipca regarding three of its plants in India that make chloroquine ingredients and finished pills for companies other than Bayer. The plants did not include the one making the active ingredient for Bayer’s Resochin. Nonetheless, the U.S. government sources said, Ipca’s troubled history calls into question its general practices. 
The FDA found the company was deleting, manipulating and fabricating laboratory data, according to the agency’s records. The company vowed at the time to “resolve these issues at the earliest.” 
In 2017, the agency restricted drugs and ingredients from those three plants from entering the U.S. market, a regulatory sanction called an import alert. Then in August 2019, the FDA accused one of the Ipca plants of a “cascade of failure” for not properly maintaining its quality data, agency records show. 
Ipca did not respond to questions from Reuters about its track record with the FDA. 
On March 20, a day after Trump praised the antimalarial drug from the podium, the FDA lifted its import alert for Ipca’s chloroquine ingredients and completed tablets from the three restricted plants, according to a March 21 statement filed by Ipca with the Indian stock exchange. 
The company pledged in the statement to adhere to stringent manufacturing standards, “and thus help mankind in the best possible way in these testing times.” 
Katherine Eban reported from New York; Editing by Elyse Tanouye and Julie Marquis"
13,"{'id': 'reuters', 'name': 'Reuters'}",Reuters Editorial,"'This is very real': from their window, New York couple sees refrigerated trucks remove bodies","A New York couple has seen the cityscape outside their Brooklyn apartment change dramatically in recent weeks, as refrigerated trucks line up in the lot below to receive the remains of COVID-19 victims as they exit the Wyckoff Heights Medical Center.",https://www.reuters.com/article/us-health-coronavirus-usa-new-york-coupl-idUSKCN21Q37U,https://s4.reutersmedia.net/resources_v2/images/rcom-default.png,2020-04-08T20:51:36Z,"(Reuters) - A New York couple has seen the cityscape outside their Brooklyn apartment change dramatically in recent weeks, as refrigerated trucks line up in the lot below to receive the remains of COVID-19 victims as they exit the Wyckoff Heights Medical Center. 
Alix Monteleone, a 28-year-old account supervisor, who lives in a trendy part of Bushwick with her 33-year old fiance, Marc Kozlow, described what the two have witnessed peering out their window. 
“We have a bird’s eye view,” Monteleone said, during a recent interview conducted by Reuters via Skype. 
“We’re seeing so much chaos manifest outside of our home that we can’t imagine how bad it is inside. You know, we stopped counting how many bodies came out,” she said. “This is very serious. This is very real.” 
As the COVID-19 pandemic caused by the novel coronavirus has now claimed more lives than did the attacks of September 11, the city has been forced to take over new spaces to absorb the loss. 
Emergency field hospitals have been set up in Central Park and other locales. And refrigerated trucks have fanned out across the city to process the pileup of corpses. 
As of Wednesday, New York state has had nearly 150,000 reported coronavirus cases and over 6,000 deaths, according to a Reuters tally. 
In her interview with Reuters, Monteleone recounted how she and her fiance discovered their front-row seat to the pandemic. 
When Kozlow was walking their dog last week, he called to tell her that he overheard two doctors saying the trucks would be coming in. Shortly after, Monteleone said she “turned around on the couch and peered out the window and saw it.” 
“This is what they were saying online was going to be mobilized throughout the city.” 
The following morning the couple awoke to workers setting up a platform and a ramp to serve two refrigerated trucks. 
It wasn’t long after that the couple saw “a pretty serious string of bodies.” 
Monteleone commended the head of Wyckoff Heights Medical Center, Ramon Rodriguez, for checking in on the neighbors. 
She said the couple were staying put - for now. 
“Everybody in my personal and professional life has urged us to leave. They don’t think this is a good place to be,” she said. 
Reporting by Dan Fastenberg; Writing by Diane Craft; Editing by Rosalba O'Brien"
14,"{'id': 'reuters', 'name': 'Reuters'}",Reuters Editorial,"In Johnson's absence, UK foreign minister to lead applause for health workers","Foreign Secretary Dominic Raab will lead the British government's show of appreciation for the nation's health workers on Thursday, standing in for his boss, Prime Minister Boris Johnson, whose shock admission to intensive care with COVID-19 has underscored t…",https://www.reuters.com/article/us-health-coronavirus-britain-applause-idUSKCN21R2WX,https://s2.reutersmedia.net/resources/r/?m=02&d=20200409&t=2&i=1514544339&w=1200&r=LYNXNPEG381WI,2020-04-09T17:17:36Z,"LONDON (Reuters) - Foreign Secretary Dominic Raab will lead the British government’s show of appreciation for the nation’s health workers on Thursday, standing in for his boss, Prime Minister Boris Johnson, whose shock admission to intensive care with COVID-19 has underscored the seriousness of the viral outbreak. 
In what has become a weekly event, organised largely on social media, people across Britain stand on their doorsteps at 8 p.m. to give a round of applause for the National Health Service in a public display of support. 
Last week, Johnson joined in with the applause from the steps of Downing Street, despite being in self-isolation after having tested positive for coronavirus on the day of the first time the event happened, March 27. 
But within a few days he went to hospital because his symptoms persisted, and was transferred into intensive care on Monday, a move which brought home to many the severity of COVID-19. 
“Thank you to all of those who are looking after us in our time of need,” Raab said at the government’s daily news conference on Thursday. 
“For the doctors and nurses who have died of coronavirus whilst caring for others, we will never forget their sacrifice, we will never forget their devotion to helping others,” he added. 
Support for the NHS is widespread in Britain, with football clubs announcing financial aid packages and donations of equipment, for example, and landmarks across the country turning blue last week, the colour of the NHS logo. 
But the government has been criticised for failing to provide sufficient protective gear to frontline health workers. 
Raab acknowledged there had been challenges with the distribution of gear but said the army was helping deliver it. 
Reporting by Elizabeth Howcroft; editing by Stephen Addison"
15,"{'id': 'reuters', 'name': 'Reuters'}",Geert De Clercq,French coronavirus cases jump above China's after including nursing home tally,"The number of people who have died from the COVID-19 illness in France jumped by 61% to 6,507 over two days after data from nursing homes were included, and confirmed cases jumped by 44% to 82,165, the health ministry reported on Friday, making France the fif…",https://www.reuters.com/article/us-health-coronavirus-france-toll-idUSKBN21L3BG,https://s2.reutersmedia.net/resources/r/?m=02&d=20200403&t=2&i=1512119504&w=1200&r=LYNXMPEG322CB,2020-04-03T22:21:03Z,"PARIS (Reuters) - The number of people who have died from the COVID-19 illness in France jumped by 61% to 6,507 over two days after data from nursing homes were included, and confirmed cases jumped by 44% to 82,165, the health ministry reported on Friday, making France the fifth country to report more cases than China. 
The number of confirmed coronavirus cases in hospitals rose by 5,233, or 9%, to 64,338 on Friday, health ministry director Jerome Salomon said at a daily briefing. 
Salomon also reported a total of 17,827 confirmed or suspected cases in nursing homes, compared to 14,638 on Thursday, when the nursing home data were first reported. 
By including the nursing home data, France now has a total of 82,165 confirmed or suspected cases. It joined the United States, Spain, Italy and Germany as nations that have now surpassed cases reported by China, where the pandemic originated, according to a Reuters tally. 
Excluding the nursing home data, the number of people dying from COVID-19 in French hospitals also set a new daily record of 588, an increase of 13% to 5,091, health ministry data showed. 
The ministry did not provide a breakdown for deaths per day in nursing homes, but said a provisional cumulative death tally since the start of the epidemic rose to 1,416 on Friday, an increase of 532 over the 884 first reported on Thursday. 
Following criticism about French COVID-19 statistics not reflecting the dozens of people dying in senior citizens’ residences or their own homes, the health ministry on Thursday provided the first data on deaths in nursing homes. 
Elderly people living in close quarters in nursing homes are particularly vulnerable to the highly contagious virus. 
The provisional nursing home tally while still incomplete accounts for more than a fifth of all French COVID-19 deaths. 
One glimmer of hope came from another key metric. The number of patients in intensive care units (ICU) rose by 263 to 6,662, an increase of just 4%, as the growth in patients requiring ICU beds has come down from double-digit numbers in recent days. 
But Salomon said it was too soon to call the peak of the epidemic. 
“The number of people in ICU is not going down, even if the increase is slowing down, but we still need more beds and more teams to handle an ever-growing number of people,” he said. 
Reporting by Geert De Clercq; Additional reporting by Marc Angrand; Editing by Chizu Nomiyama and Bill Berkrot"
16,"{'id': 'cnn', 'name': 'CNN'}",,This is what an antibody test could mean for the Covid-19 pandemic - CNN,This is what an antibody test could mean for the Covid-19 pandemic CNN Dr. Anthony Fauci Says Antibody Tests Just Days Away TIME Dr. Fauci on criticism of coronavirus modeling Fox News I don't think we should shake hands ever again after coronavirus pandemic …,https://www.cnn.com/videos/health/2020/04/10/antibody-tests-fauci-week-or-so-gupta-dnt-lead-vpx.cnn,https://cdn.cnn.com/cnnnext/dam/assets/200410171137-antibody-test-gupta-dnt-super-tease.jpg,2020-04-10T21:34:34Z,Chat with us in Facebook Messenger. Find out what's happening in the world as it unfolds.
17,"{'id': 'the-next-web', 'name': 'The Next Web'}",The Conversation,Scientists say there’s no evidence that Ibuprofen worsens COVID-19 symptoms,There’s been some confusion recently on whether we should or shouldn’t take ibuprofen to treat symptoms of COVID-19 – especially after the World Health Organization (WHO) changed its stance. After initially recommending people avoid taking ibuprofen to treat …,https://thenextweb.com/?p=1280137,https://img-cdn.tnwcdn.com/image/tnw?filter_last=1&fit=1280%2C640&url=https%3A%2F%2Fcdn0.tnwcdn.com%2Fwp-content%2Fblogs.dir%2F1%2Ffiles%2F2020%2F03%2FCopy-of-Copy-of-Copy-of-Copy-of-Copy-of-Copy-of-...-8.png&signature=2683c1b6483cb8777e5a8450048ac1e1,2020-03-23T10:54:58Z,"Theres been some confusion recently on whether we should or shouldnt take ibuprofen to treat symptoms of COVID-19 especially after the World Health Organization (WHO) changed its stance. After initially recommending people avoid taking ibuprofen to treat symptoms of the new coronavirus disease, as of March 19 the WHO now does not recommend avoiding ibuprofen to treat COVID-19 symptoms.
The confusion began after Frances Minister of Solidarity and Health Oliver Véranannounced on Twitter that taking anti-inflammatory drugs (such as ibuprofen or cortisone) could be a factor in worsening a COVID-19 infection. He recommended that paracetamol should be taken instead to treat the associated fever.
At the moment, the NHS only recommends taking paracetamol for COVID-19 symptoms, even though it admits there is no strong evidence showing ibuprofen worsens symptoms. The BMJ also states that ibuprofen should be avoided when managing COVID-19 symptoms.
Ibuprofen is a non-steroidal anti-inflammatory drug (NSAID). NSAIDs, including ibuprofen, normally have three main uses: they help with inflammation, pain, and fever. People might also take them for inflammatory conditions such as arthritis and for pain. However, paracetamol can also help treat pain and fever.
Fever is a higher than normal body temperature, and is one of the signs of COVID-19, along with a persistent cough and shortness of breath. The body develops a fever as a defence mechanism, where the immune system produces a chain of molecules that tell the brain to make and keep more heat inside to fight the infection.
While getting fever during an infection is part of the bodys defence mechanism, a serious rise in body temperature can be fatal and should be treated. Having fever is also uncomfortable because it often comes with shivering, headaches, nausea and stomach upsets. Taking an anti-inflammatory like ibuprofen or paracetamol will bring down a high temperature by lowering some of the fever molecules. However, doctors who compared the two in 2013 suggested taking paracetamol over ibuprofen for normal chest infections because they found a small number of peoples illness got worse with ibuprofen.
Some of the reasons that theres a concern taking ibuprofen will make COVID-19 symptoms worse comes from previous studies that have shown people with other serious chest infections (such as pneumonia) experienced worse symptoms and prolonged illness after taking an NSAID, including ibuprofen.
But its difficult to say if taking ibuprofen in these instances directly causes worse symptoms and prolonged illness, or if its because taking ibuprofen or other anti-inflammatories help manage pain, which may hide how serious the illness is and could stop people from asking for help earlier delaying treatment. Or, it might be to do with ibuprofens anti-inflammatory effects. One theory is that anti-inflammatory medicines can interfere with some of the bodys immune response, although this is not proven for ibuprofen.
However, two French studies warn doctors and pharmacists not to give NSAIDs when they see signs of chest infections, and that NSAIDs shouldnt be given when children are infected with viruses. Theres no agreement on why ibuprofen could make chest infections worse, but both studies reported worse outcomes in patients who had taken a NSAID to treat their condition.
A recent letter to The Lancet suggested that ibuprofens harm in COVID-19 is to do with its effect on an enzyme in the body called angiotensin-converting enzyme 2 (ACE2) though this has yet to be proven. This caused additional worries for patients taking angiotensin converting enzyme (ACE) inhibitors or angiotensin receptor blockers (ARBs) for existing heart conditions. Severalleadingorganizations have rightly warned patients not to stop taking their regular medicines in light of unconfirmed theories.
Because novel coronavirus is a new type of virus, there is currently no evidence proving that taking ibuprofen will be harmful or make COVID-19 symptoms worse. Research in this area is developing fast, but with so much misinformation about COVID-19 and ibuprofen use, the cautious approach is to avoid ibuprofen with COVID-19 if at all possible especially for those with pre-existing health conditions. Anyone who thinks they might have COVID-19 can consider using paracetamol instead of ibuprofen for managing their fever, unless theyre told otherwise by their doctor or pharmacist.
In the meantime, the UKs Committee of Human Medicines and the National Institute for Health and Care Excellence (NICE) have been asked to review all the evidence to understand ibuprofens impact on COVID-19 symptoms. Naturally, people already prescribed an anti-inflammatory drug for a health condition should ask their doctors opinion and not just stop their medication.
Paracetamol can also treat fever, as well as aches and pains. Maderla/ Shutterstock
Its worth noting, however, that ibuprofen and NSAIDs can trigger stomach ulcers and indigestion and might not be suitable for some people with heart disease, kidney and liver problems, and asthma, as well as people over 65, and those who drink more alcohol. These drugs should not be used in people with very high blood pressure, and women trying to get pregnant or already pregnant.
Paracetamol, which can also treat pain and fever, may be preferred. Though it takes up to an hour to work, its safe to use for women who are pregnant or breastfeeding, and can be taken with or without food. Some people need to take extra care with paracetamol and should speak with their doctor or pharmacist first, for example if they have liver or kidney problems.
The usual dose of paracetamol for adults is one or two 500 milligram tablets up to four times in 24 hours, with at least four hours in between doses. Most people use a syrup to give paracetamol to children. How much to give depends on your childs age, but again paracetamol should only be given up to four times in 24 hours, with at least four hours between doses.
Pharmacies have been running short of paracetamol and some shops have been rationing sales. For those exhibiting symptoms, a box of 32 tablets should last for at least four days. At this time of crisis, its important people make sure theyre not stockpiling medicines unnecessarily and depriving others who are equally in need of paracetamol and other vital drugs.
This article is republished from The Conversation by Parastou Donyai, Professor and Director of Pharmacy Practice, University of Reading under a Creative Commons license. Read the original article.
Corona coverage
Read our daily coverage on how the tech industry is responding to the coronavirus and subscribe to our weekly newsletter Coronavirus in Context.
For tips and tricks on working remotely, check out our Growth Quarters articles here or follow us on Twitter."
18,"{'id': 'the-next-web', 'name': 'The Next Web'}",Peter Keijzer,10 tips to help your business communicate throughout the coronavirus crisis,"Businesses and nongovernmental organizations around the world are quickly working to develop communication management plans to respond to the coronavirus, also known as COVID-19, which is spreading around the world. Here are 10 things to keep in mind when ass…",https://thenextweb.com/growth-quarters/2020/03/12/10-tips-to-help-your-business-communicate-throughout-the-coronavirus-crisis/,https://img-cdn.tnwcdn.com/image/growth-quarters?filter_last=1&fit=1280%2C640&url=https%3A%2F%2Fcdn0.tnwcdn.com%2Fwp-content%2Fblogs.dir%2F1%2Ffiles%2F2020%2F03%2Fcommunication.png&signature=97bf634cbe9bea7255f4196c7008be44,2020-03-12T10:01:25Z,"Here are 10 things to keep in mind when assembling your organizations COVID-19 plans:
Form a COVID-19 task force and command room
Establish a team from different functions to assess your organizations coronavirus needs and risks. The team should include representatives from your key functions, including supply chain, human resources, communications, operations, sales, legal, health, safety and environment (HSE), and more.
Determine the task forces command and decision-making structure. For key decisions, who is the ultimate authority and who needs to be informed? See the U.S. Centers for Disease Control (U.S. CDC): Interim Guidance for Businesses and Employers to Plan and Respond to Coronavirus Disease.
<ul><li>Only specific, appointed people from your organizations COVID-19 task force should be communicating about the companys situation with employees and external audiences (media, investors, customers, suppliers, local government, etc.).</li><li>Its important to agree internally about what will be communicated before any announcements are made to assure that messaging will be consistent across different audiences. Develop message development protocols that will enable prompt drafting and approval of statements so that communications can be completed in a timely way and not bogged down by endless edits. Consider when legal approval of statements may be necessary. Spokespeople should only answer questions they know the answers to. Its a bad practice to give a best guess answer. Instead, questioners should be told, Well look into this and get back to you as soon as possible.</li><li>Be prepared to provide timely updates as necessary and inform stakeholders where they can go for additional information or questions.</li><li>Regarding corporate travel, see the World Health Organizations (WHO) written travel guidelines for COVID-19.</li><li>Do a SWOT (Strengths, Weaknesses, Opportunities, Threat) analysis. What protocols for cleanliness does your organization have or need? Is your custodial staff increasing its cleaning and disinfection of touch surfaces (restrooms, door knobs, kitchen and dining areas)? Do they have the correct personal protective equipment? They should avoid cleaning methods that might aerosolize pathogens (pressure washing, steam cleaning). What emergencies should you plan for?</li></ul>
Monitor communications updates from your industrys leading associations, as well as public health organizations
Develop a protocol system for monitoring daily, hourly and emergency information.
<ul><li>Keep in mind that disinformation travels as fast or faster than accurate information. Fake news about COVID-19 is being spread rapidly around the world, including by some government officials with no background in public health. Your organization should seek advice from scientific and medical officials with experience in epidemiology, such as those in the WHO, the U.S. CDC, or similar national government health organizations in other countries (see list below). The WHO is publishing daily bulletins on the status of the virus, has developed instructions for dealing with the virus, and has produced a document on COVID-19 myths. The organizations Q&amp;A on COVID-19 is also very helpful.</li><li>Monitor travel advisories through your national health authority. The list of countries placed under travel advisories continues to grow. If employees or their immediate family members travel to a country under a travel advisory or have been in contact with someone who has, you should instruct them to stay home and self-quarantine for two weeks.</li></ul>
Develop contingency plans for each of your audiences and organizational functions
Should an outbreak occur near your offices, what should happen first, second, and third? Who is authorized to make prompt decisions? Who should be informed? By what communications methods? What messages should they hear? What are the protocols for providing updates?
Create a communications plan
Review your audiences needs. Who are the key stakeholders with need for information from your organization? What information do they need, who needs it first and for what purpose?
Consider focusing your efforts around empowerment, practice, and compliance. Its vital that people understand the importance of complying with practices such as handwashing and good hygiene to keep themselves and others safe, but you can communicate this importance in an accessible, friendly manner.
Develop messaging and communications strategies for each audience, and assign a communications lead. What communications tools will you need? How will you communicate with each audience should your organization need to work differently (text, email, website, etc.)? Have you tested your emergency communications system and tools? What should your tone be always (e.g. calm, reasoned) and never (e.g. panicked)?
Develop an HR action plan
Explore what the rules will be if your employees need to work from home. Will pay continue as normal? What about non-salaried employees? What does your government require? Review telecommuting policies and accountability. Beware of bias, discrimination and exclusion at your organization, and always be protective of employee personal privacy and confidentiality as required by law. Follow up on reports of discrimination and respond to concerns.
Communicate with your employees
Prepare statements/intranet news for employees and regularly pass on information to them.
Reference the aforementioned U.S. CDC section aimed at employers with guidelines on preparing your company for an outbreak of the virus. Educate employees about the virus, including: How it is spread and what they can do to protect themselves and others around them. Refer to the WHO document The Rational Use of Personal Protective Equipment for Coronavirus Disease 2019 (COVID-19). This document explains why face masks are not appropriate for the general public except for healthcare workers and people who are ill. It also provides information on what preventative measures do work.
Communicate on a regular basis with employees to let them know of any ongoing developments and what the company is doing to handle COVID-19. Truthful communication will build trust, while lack of information or disinformation will result in mistrust. If an employee tests positive for the virus, tell the employees they have been in contact with that they have been exposed to the virus at work. (However, respecting sick employees privacy is important, so dont reveal their names.)
Do you communicate current status via live ticker on the intranet? The U.S. CDC has four risk categories for individuals. It may be helpful to share these with employees. Some employees may be reassured to learn that they are not at risk. Sick employees at work should be isolated from other employees and sent home immediately. Tell employees that if they have symptoms of respiratory illness, they should not come to work and should stay home until they have had no fever for 24 hours.
These are the lifeblood of your organizations business and mission. Maintaining their trust and confidence during a potential coronavirus-related disruption is critical. 
Identify the concerns of your customers (clients, patients, students, hotel guests, etc.). Develop messaging that assures customers your organization has done all it can to ensure consistent delivery of products and services they need and expect. If there are delays in processes, timing, substitutions, etc., make sure your customers are informed.
Let your customers know what steps your business has taken to protect them from exposure to the virus. Provide resources for additional online information, and let customers know how they can get answers to their questions. Consider an FAQ document with business questions your customers will ask and/or setting up a hotline as appropriate. Stay in regular touch with your customers with updated information, including after things return to normal.
Prepare for media inquiries
Prepare statements for the press and website news. Keep in mind this may not be the best time to release company news. Journalists care about how the COVID-19 outbreak affects the global economy, and what each countrys prevention efforts are. Media outlets are devoting time and budget to covering those topics.
For example, in Korea, SK Hynix, Samsung, and Hyundai facilities have had to shut down for one to two weeks because employees have been sick with coronavirus. This type of news is high-priority for Korean and Japanese editors, and they are not likely to focus right now on topics like product launches (such activities should be delayed if media coverage is considered very important).
In China, the media is trying to get back to normal, with the encouragement of the Chinese government, even though the outbreak is still very serious there. Consider which messaging about your organization may clear up confusion for potential travelers. For example, journalists covering the travel and tourism industry will want to know if a property has changed its cancelation policies due to the virus, and whether visitors are at financial risk if they need to cancel or postpone their trip because of a sudden outbreak of the virus in the community the plan to visit.
Most companies will probably not want to comment on how the virus outbreak may or may not be affecting their business. I recommend that organizations only discuss their policies relating to the outbreak, their advice to employees on staying healthy, and their plans to keep meeting customer needs.
Consider possible questions from the media on the following topics
(These questions are relevant for preparing communication materials as well.)
Supply chain and production
Is production capacity guaranteed? What activities have been initiated to prepare for large numbers of sick employees? Is a temporary shutdown of production being considered in case of a pandemic?
Are you partnering with officials and other organizations (WHO, national health authorities, etc.) to stay informed?
Are responsibilities within your company for addressing certain aspects of the virus outbreak clear (occupational safety expert, company doctor, etc.)?
Procedures
Is there a special guide or plan of action for various situations? How long do you estimate it will take for your organization to get back to normal?
Are staff responsibilities clear in case of a crisis?
What actions have you taken to secure the safety of your employees (work-at-home options, free sanitizers, etc.)?
Which employees and business units can work from home?
According to The New York Times and other experts, COVID-19 may come back more strongly later this year. Evaluate your practices and plan to sustain them. Monitor the effectiveness of communication to different audiences. Immediately address fear and prejudice against different groups of people directly and with science-based facts.
Consider the WHO/UNICEF/International Federation of Red Cross and Red Crescent Societies Guide to Preventing and Addressing Social Stigma.
This article was originally published on Unfold."
19,"{'id': 'the-next-web', 'name': 'The Next Web'}",Rachel Kaser,Humble’s Conquer COVID-19 Bundle offers some kickass games for charity,"Humble joins the gaming industry’s efforts to aid coronavirus relief, in this case by offering a massive bundle of games for $30, all of which will go to charities providing COVID-19 relief. It’s a frighteningly small price to pay considering you get so many …",https://thenextweb.com/?p=1282411,https://cdn0.tnwcdn.com/wp-content/blogs.dir/1/files/2020/04/Humble-Coronavirus.jpg,2020-04-01T18:46:52Z,"Humble joins the gaming industrys efforts to aid coronavirus relief, in this case by offering a massive bundle of games for $30, all of which will go to charities providing COVID-19 relief. Its a frighteningly small price to pay considering you get so many great games in return.
The charities benefiting from the Humble Conquer COVID-19 Bundle include Doctors Without Borders, Partners in Health, and Direct Relief. Says Humble on the bundle page: In the wake of COVID-19 and its effects around the world, weve teamed up with a team of developers, publishers, and creators to bundle a care package of much-needed funds to support organizations responding to the pandemic and its consequences.
Help conquer #COVID19 with this special one-week bundle featuring over $1000 in games and ebooks for just $30. 100% of the proceeds from your bundle purchase go to support organizations responding to COVID-19. https://t.co/HGcpHEW6JZpic.twitter.com/ZCZf2XpWzr
 Humble Bundle (@humble) March 31, 2020
According to Humble, the full price of all the content is $1,071. Its worth noting Humble allows you to set a custom price on its bundles so if youre feeling generous and want to contribute directly to the relief efforts while still getting a little something for yourself, you could pay the full price for those games while checking out. According to the Top Contributors section, several buyers have paid in excess of four figures.
Read: World Health Organization and gaming industry partner to encourage social distancing
I mean, if nothing else, get it because the games in the bundle fucking rock. Were talking Psychonauts, Brütal Legend, Undertale, Hollow Knight, Superhot thats quite enough awesome content to keep any gamer occupied for months, especially for only a $30 price tag. Im pretty sure I paid more than that for both of the first Darksiders games, which are also included in this bundle by the way.
And even if the games dont attract you by themselves, the bundle also includes several books and comics. The latter includes The Boys, Fairy Tail, Saga, and Spawn bit of a motley collection, but still pretty good. The ebooks include a few selections on mindfulness and programming. It even includes Music Maker EDM Edition, for some reason, along with a free month of Humbles Choice subscription service. Theres not really a theme here, but thats okay the point is to have a sufficiently awesome reward for giving to charity, and hopefully induce some to give more than the bargain-basement asking price.
The offer ends on Tuesday, April 7.
Corona coverage
Read our daily coverage on how the tech industry is responding to the coronavirus and subscribe to our weekly newsletter Coronavirus in Context.
For tips and tricks on working remotely, check out our Growth Quarters articles here or follow us on Twitter."
