,source,author,title,description,url,urlToImage,publishedAt,content
0,"{'id': 'business-insider', 'name': 'Business Insider'}","awoodward@businessinsider.com (Aylin Woodward), Aylin Woodward",Coronavirus antibodies are no silver bullet,"Thomas Peter/Reuters
<ul>
<li>Many companies are developing tests that can identify people who have recovered from COVID-19 by detecting coronavirus antibodies in the blood.</li>
<li>The presence of antibodies likely means someone is immune and could return t…",https://www.businessinsider.com/coronavirus-antibodies-hard-to-detect-dont-develop-in-all-patients-2020-4,https://i.insider.com/5e95d08a73d0c863f61aca0c?width=1200&format=jpeg,2020-04-28T12:20:00Z,"We all want to return to a life without the spectre of COVID-19.
It's what the protesters in Colorado, Wisconsin, and Michigan have demanded in their push to reopen non-essential businesses. It's the goal politicians and public-health experts have in mind when developing roadmaps to help states forge a safe path back to some level of normalcy.
But those plans require far more testing than the US is now doing, even after a recent ramp-up. Experts also still want a more accurate sense of how many Americans have been infected already.
In addressing the latter issue, antibody testing offers a tempting promise: Such tests can identify whether a person already had COVID-19 — even if they never showed symptoms — and is therefore likely immune.
At least 140 US biotech companies are racing to develop these tests; seven have gotten emergency use authorization from the Food and Drug Administration, as has a test at New York's Mount Sinai Hospital.
A scientist presents an antibody test for coronavirus in a laboratory of the Leibniz Institute of Photonic Technology (Leibniz IPHT) at the InfectoGnostics research campus in Jena, Germany, April 3, 2020.
Jens Meyer/AP
""Ultimately, this might help us figure out who can get the country back to normal,"" Florian Krammer, a virologist at Mount Sinai's Icahn School of Medicine, told Reuters in March. ""People who are immune could be the first people to go back to normal life and start everything up again.""
But ""ultimately"" is a long way off. As of now, we still lack several critical pieces of information about antibodies and immunity: Scientists don't know whether everyone who has recovered from COVID-19 develops antibodies, and they don't know the extent to which those antibodies protect us from reinfection.
""We expect people that are infected with COVID-19 to develop a response that has some level of protection — what we don't know right now is how strong that protection is, and if that's seen in everybody that is infected, and for how long that lasts,"" Maria Van Kerkove, an expert with the World Health Organization, said in a press briefing on Monday.
Plus, antibody tests aren't always accurate.
Does everyone who gets the coronavirus develop antibodies?
Coronavirus antibody tests, also known as serological tests, use a few drops of your blood to determine whether your body has developed proteins that fight the virus. If so, that means you've gotten infected, recovered, and might be immune. These tests differ from the diagnostic tests that determine whether someone has an active COVID-19 infection. 
A health worker extracts blood from a patient to perform an antibody test for COVID-19 at the Dworska Hospital in Krakow, Poland on April 9, 2020.
Omar Marques/Getty Images
Research so far shows most patients develop antibodies: A small study from European researchers found that three coronavirus patients had antibodies less than three weeks after being infected. A March study in the journal Nature reported, similarly, that patients formed antibodies within weeks.
But a recent paper found that of 175 recovered COVID-19 patients in China, 6% didn't develop any detectable antibodies at all. About 70% of those studied developed high levels of antibodies around 10 to 15 days after the disease's onset, while one-quarter of the patients developed low levels of the neutralizing proteins. The study has yet to be peer-reviewed, however.
We don't know how long antibodies confer immunity
Generally, once your body has antibodies to fight off a particular disease, you can't get it again. But some types of antibodies weaken over time.
Dr. Anthony Fauci, director of the National Institute of Allergy and Infectious Diseases, has said it's unlikely that people would get the coronavirus more than once — at least within a short time period.
""If this virus acts like every other virus that we know, once you get infected, get better, clear the virus, then you'll have immunity that will protect you against re-infection,"" Fauci recently told ""The Daily Show"" host Trevor Noah.
Dr. Anthony Fauci, director of the National Institute of Allergy and Infectious Diseases, listens to President Donald Trump speak at the White House coronavirus task force's daily briefing in Washington, DC, on April 16, 2020.
Alex Wong/Getty Images
But scientists still aren't sure how long coronavirus antibodies last, since the virus has not been around for enough time to study long-term effects. Previous research on SARS, a closely related coronavirus, found that antibodies disappeared after two years.
Some reports have already described people who've recovered and then tested positive for the coronavirus again later. This was the case for a Japanese tour guide who got sick, got better, then tested positive three weeks later. Doctors aren't sure if she was reinfected or had not fully recovered from the first infection.
The South Korean CDC also recently reported that 51 patients there who recovered from the coronavirus tested negative then positive again within a relatively short time.
Some tests don't accurately sniff out antibodies
Even assuming patients do develop antibodies that confer immunity, we don't yet have many fool-proof ways to detect them.
In the US, the FDA has granted emergency use authorization to eight antibody tests. The agency reviews data from the test manufacturers when considering these EUAs, but the green light is still ""less rigorous than securing FDA approval for a new diagnostic test,"" FDA commissioner Stephen Hahn told Politico. 
There are also plenty of tests out there that do not have any kind of FDA approval — EUA or otherwise. That's because the agency announced on March 16 that in order to afford test developers ""flexibility,"" companies could begin distributing antibody test kits without any authorization or scientific review by the agency. Those companies are simply required to validate their own tests, warn anyone who takes them, and notify the FDA. 
""The FDA does not review the validation, or accuracy, data for these tests unless an EUA is submitted,"" the agency said in a statement.
Hundreds of those unapproved tests have since flooded the market.
Laboratory technicians scan test tubes containing live samples taken from people tested for the novel coronavirus in Glasgow on April 22, 2020.
Andrew Milligan/AFP/Getty Images
But of course, tests that have not been vetted can yield unreliable information. Last week, two teams of California-based scientists reported the results of antibody surveys in Santa Clara County and Los Angeles County. The findings suggested that the number of infected people in the counties could be up to 85 times and 55 times higher, respectively, than the number of confirmed cases. But it turned out that the antibody tests those surveys used were not FDA approved and had a false-positive rate nearly equal to the percentage of participants they found to have antibodies.
""Literally every single one could be a false positive,"" Marm Kilpatrick, a disease ecologist from the University of California, Santa Cruz, told BuzzFeed News. ""No one thinks all of them were, but the problem is we can't actually exclude the possibility.""
The concept of 'immunity passports'
A Stanford medical student handles a blood sample.
Ray Chavez/MediaNews Group/The Mercury News/Getty Images
Even if antibody tests were perfectly accurate, and all recovered patients were confirmed to have antibodies that confer immunity, it may still be unrealistic to think recovered people would then kick-start our economy any time soon.
Several countries, including Germany and Chile, are considering issuing ""immunity passports"" to recovered patients that would exempt them from lockdowns and social distancing. Fauci told CNN on April 7 that there could be ""merit"" to the idea of immunity certificates in the US.
""This is something that's being discussed,"" he said.
A woman wearing a protective face mask rides a scooter across a nearly empty 3rd Avenue in midtown Manhattan during the COVID-19 outbreak in New York City, April 21, 2020.
Mike Segar/Reuters
But experts at the WHO have discouraged governments from issuing this type of ""immunity"" certification. At this point in the pandemic, the organization stated, there is not enough evidence to indicate that recovered patients develop antibodies that guarantee protection from reinfection.
""The use of such certificates may therefore increase the risks of continued transmission,"" the organization said in a scientific brief.
What's more, the WHO estimates that no more than 2% to 3% of the global population has developed coronavirus antibodies.
An economy can't bounce back with just 2% to 3% of its workforce. Schools can't reopen with that small a sliver of teachers or students. So while accurate, robust, widespread antibody testing is needed, it's no silver bullet.
Holly Secon and Blake Dodge contributed reporting to this story.
Loading
Something is loading."
1,"{'id': 'cnn', 'name': 'CNN'}","Jill Martin, CNN",Boston Celtics' Marcus Smart and two Los Angeles Lakers players test positive for coronavirus,Boston Celtics Marcus Smart says that he has tested positive for coronavirus.,https://edition.cnn.com/2020/03/19/sport/boston-celtics-marcus-smart-coronavirus-spt-intl/index.html,https://cdn.cnn.com/cnnnext/dam/assets/200319222831-marcus-smart-0229-super-tease.jpg,2020-03-20T03:01:32Z,"I was tested 5 days ago and the results came back tonight, which were positive. Ive been self quarantined since the test, thank goodness. COVID-19 must be taken w the highest of seriousness. I know it's a #1 priority for our nations health experts, &amp; we must get more testing ASAP pic.twitter.com/xkijb9wlKV
— marcus smart (@smart_MS3) March 19, 2020"
2,"{'id': 'cnn', 'name': 'CNN'}","Ray Sanchez, CNN","NYC Rabbi 'Romi' Cohn, a Holocaust survivor, dies of coronavirus complications at 91","New York City Rabbi Avraham Hakohen ""Romi"" Cohn, who survived the Holocaust and saved dozens of families from the genocide, has died of complications from coronavirus, a family member said Thursday. He was 91.",https://www.cnn.com/2020/03/26/us/new-york-rabbi-romi-cohn-coronavirus/index.html,https://cdn.cnn.com/cnnnext/dam/assets/200325104512-01-rabbi-romi-cohn-file-super-tease.jpg,2020-03-26T19:00:20Z,"Heartbroken to hear Rabbi Romi Cohn z''l passed away from COVID-19.
Rabbi Cohn lived an incredible life of service, helping 56 families escape Nazi tyranny. 2 months after he led the House in opening prayer, I hope you'll join me in praying for him &amp; his family. pic.twitter.com/aIFpBnRNWC
— Rep. Max Rose (@RepMaxRose) March 24, 2020"
3,"{'id': 'engadget', 'name': 'Engadget'}",Jon Fingas,Apple's next-generation AirPods might arrive in early 2021,"You might not want to hold your breath for an update to Apple's AirPods in 2020. Well-connected analyst Ming-Chi Kuo claims (via AppleInsider) that Apple is likely to mass-produce third-generation AirPods in the first half of 2021, and follow suit with the se…",https://www.engadget.com/apple-3rd-gen-airpods-analyst-rumor-184726157.html,https://o.aolcdn.com/images/dims?resize=1200%2C630&crop=1200%2C630%2C0%2C0&quality=80&image_uri=https%3A%2F%2Fs.yimg.com%2Fos%2Fcreatr-uploaded-images%2F2020-04%2F5ff910f0-858e-11ea-bf77-bb09a56bea60&client=amp-blogside-v2&signature=de93c815f7edca2480c923519e9d4e82e98c43c5,2020-04-23T18:47:26Z,"You might not want to hold your breath for an update to Apple's AirPods in 2020. Well-connected analyst Ming-Chi Kuo claims (via AppleInsider) that Apple is likely to mass-produce third-generation AirPods in the first half of 2021, and follow suit with the second-generation AirPods Pro in the fourth quarter of 2021 or first quarter of 2022. They wouldn’t have radical redesigns, but they would shift to sleeker system-in-package internals instead of the usual circuit boards.
The forecasting is also notable for what it wouldn’t include. Kuo rejects claims by Jon Prosser and Digitimes that Apple has new AirPods in the pipeline for later in 2020, suggesting that supply chain insiders are confusing an upcoming Beats launch with new Apple-branded earbuds. These rumors would have Apple either releasing a fitness-minded “AirPods X” that echoes the behind-the-neck design of BeatsX or an “AirPods Pro Lite” that cuts features from the familiar design to lower the price, such as active noise cancelling."
4,"{'id': 'engadget', 'name': 'Engadget'}",Christine Fisher,Ventilator companies are opening up critical repair documents to the public,"After being called out by the US Public Interest Research Group (PIRG), more ventilator manufacturers are sharing critical repair information. Last month, the PIRG asked device manufacturers to release all repair documentation for essential medical equipment …",https://www.engadget.com/ventilator-manufacturers-right-to-repair-174525702.html,https://o.aolcdn.com/images/dims?resize=1200%2C630&crop=1200%2C630%2C0%2C0&quality=80&image_uri=https%3A%2F%2Fs.yimg.com%2Fos%2Fcreatr-images%2F2020-03%2F38eae9c0-69c3-11ea-bf5d-08ba384c8b8c&client=amp-blogside-v2&signature=dd4516090f181fd227f5c3cb5ccb7f67cd3749fd,2020-04-23T17:45:25Z,"“I want to thank ventilator manufacturers such as GE for providing access to service documents,” Nathan Proctor, head of the right to repair campaign at the PIRG, said in a statement. “When technicians can’t access service manuals, it puts unnecessary barriers to fixing life-saving equipment.”
While the need for medical equipment technical manuals is pressing given the pandemic, it fits into a larger conversation. For years, right to repair proponents have argued that tech companies have prevented owners and independent technicians from completing basic fixes. Companies like Apple argue the repairs are too complex or not safe, though that’s debatable. Europe is already pushing for broader right to repair legislation, and the current demand for medical device service could make the battle more prominent in the US, too.
“We hope this also serves as an example about why restricting repair is harmful,” Proctor said. “It’s time we removed these repair restrictions for all the equipment in hospitals. We hope that manufacturers continue to expand their cooperation with independent technicians and hospital in-house biomeds to provide what they need to fix equipment.”"
5,"{'id': 'business-insider', 'name': 'Business Insider'}",Paulina Cachero,"New York nurses are suing the state after being asked to work 7 days after being diagnosed with COVID-19, flouting public health recommendations","<ul>
<li>The New York State Nurses Association filed a lawsuit against the New York State Department of Health over its coronavirus health policies and its failure to protect nurses. </li>
<li>An NYSDH protocol allows healthcare providers to require workers w…",https://www.businessinsider.com/nurses-sue-new-york-over-working-after-coronavirus-diagnosis-2020-4,https://i.insider.com/5e9f499f4bca6312c2369b76?width=1200&format=jpeg,2020-04-22T14:04:30Z,"While nurse practitioner Pamela Brown-Richardson was treating patients with COVID-19 symptoms, she said her hospital refused to give her personal protective equipment, even as N95 respirator masks sat locked in a closet at the clinic.
Despite testing positive for COVID-19, Richardson said Montefiore Medical Center informed her that she would be required to work just seven days after her illness as long as she was not ""feverish.""
Richardson initially refused to work, fearing that she would be putting her coworkers and patients at risk — until she was forced to return to Montefiore Medical on April 2 still feeling ill. That same day, she was sent to the emergency room due to complications with COVID-19.
 ""I believe that I contracted COVID-19 due to my exposure at work and the lack of PPE,"" Richardson wrote in an affidavit.  
Richardson is hardly alone — as medical workers at the epicenter of the US outbreak continue to battle COVID-19, many have claimed that the New York State Department of Health (NYSDH) has failed to adequately protect its frontline medical workers by failing to provide PPE and give them adequate time to recover after contracting the virus. 
For this reason, Richardson and other nurses have joined a lawsuit filed by the New York State Nurses Association (NYSNA) against the NYSDH over its coronavirus health policies and failing to provide PPE, allowing ""hospitals to become Petri dishes where the virus can fester and then spread to other health care workers, the patients, and the general population.""
""[NYSDH's] neglect of its statutory duties and disregard for the laws of this state have exacerbated rather than mitigated the ongoing crisis,"" the lawsuit read.
NYSNA also added that requiring health care workers to come back to work before they are fully recovered ""dangerously heightens the risk of exposure"" to their co-workers, patients, and their larger community.
All across the nation, medical workers have made clamorous calls for more PPE — the only protection they have against the highly contagious virus while treating patients with COVID-19. Although Cuomo recently stated in a March 28 news briefing that New York City officials informed him that they had finally received adequate PPE, nurses on the frontlines of the battle against the virus say otherwise.
In a survey of nurses who are members of NYSNA, 72% reported they had been exposed to COVID-19 at work, and 11%, or 9,514 NYSNA registered nurses, have tested positive for the virus. At least 84 have been hospitalized and eight members died after contracting COVID-19 — however, these numbers only include nurses who are members of the union, meaning that many more likely remain unaccounted for. 
NYSDH would not comment on the specific claims made by NYSNA nurses due to ""pending litigation.""
However, Jonah Bruno, NYSDH's director of communications said the state ""continues to take every step necessary to ensure that health care workers, particularly those who are sampling and providing direct care, have the support and supplies needed to address this unprecedented public health emergency.""
Several NYSNA nurses reported that their hospitals directed nurses with COVID-19 to return to work before they had recovered
Richardson began treating patients with COVID-19 symptoms on March 8 — but due to shortages of PPE, her hospital refused to give her any PPE besides surgical masks if a patient was coughing, according to the lawsuit.
Despite her repeated requests, she said, the director of their clinic refused to give her and another nurse practitioner personal protective equipment (PPE), claiming that N95 face masks were reserved for those treating patients ""suspected"" or known to be positive for COVID-19.
Doctors, nurses, and public health workers protest over a lack of PPE and sick pay in the Bronx, New York, on April 17, 2020.
Giles Clarke/Getty images
""Despite daily requests for PPE, I was not provided with any. We were instructed that we could only wear a surgical mask, which is not adequate protection against COVID-19, if the patient presented with a cough,"" Richardson wrote in a complaint. ""Otherwise we were prohibited from wearing surgical masks because management believed that doing so could alarm patients. 
By March 16, Richardson began coughing and running a fever. She was forced to get find a COVID-19 test on her own because her hospital claimed her exposure was not ""significant,"" her affidavit said. Several days later tests confirmed she had contracted the virus and on March 21 she began staying home to recover.
According to Richardson, Montefiore Medical Center insisted that she had to return to work if she was not feverish on March 28 — just seven days after she went home with a cough, a fever, and shortness of breath.
In her affidavit, Richardson noted she was at a higher risk of complications with COVID-19 due to her asthma.  Still, she returned to work on April 2 only to land in the emergency room at her local hospital when her conditioned worsened.  After a CT scan, Richardson was diagnosed with double-lobe pneumonia caused by COVID-19.
That test offered proof of her illness and gave Richardson the ability to insist that she could not work until she recovered. However, she claimed that Montefiore Medical only give her three COVID-19 sick days. Richardson had to use her own bank of sick days for the time she has taken to recover from COVID-19. 
NYSDH protocol allows healthcare providers to require sick medical workers to come back to work seven days after the onset of experiencing symptoms 
The NYSDH provided guidance to healthcare providers on protocols for medical personnel who have been exposed or infected by the virus. 
If a medical worker is confirmed or suspected of COVID-19, the NYSDH protocol states that personnel can be asked to come back to work if they have isolated for seven days after their symptoms first appeared.
A hospital can ask an employee to go back to treating patients so long as the employee has not had a fever for at least 72 hours without fever-reducing medication and the employee's other symptoms are improving, according to the most recent guidance from NYSDH document on the protocol.
While the time period reflects CDC guidelines for people with COVID-19 ending home isolation more broadly, healthcare workers are directly treating populations at risk of falling seriously ill from the disease.
The NYSNA also noted that the policy requiring medical workers to return to treating patients reflects an ""apparent disregard for the possibility of asymptomatic transmission.""
""While members of the general public are directed to self-quarantine for fourteen days...following the DOH's directive, [healthcare providers] are requiring health care workers to return to work after seven days, even when they are still symptomatic,"" NYSNA claimed in the lawsuit.
""This inevitably has serious health and safety consequences for the sick RNs, their patients, and their coworkers who could be exposed,"" the NYSNA added. 
Health care workers drive by to express their support and nurses protesting the lack of N95 respirators and other Personal Protective Equipment (PPE) while guarding social distancing guidelines outside the UCLA Medical Center, Santa Monica amid the coronavirus pandemic in California on April 13 2020.
AP Photo/Damian Dovarganes
The NYSDH requires sick nurses returning to work after having been confirmed or suspected of contracting the virus to wear a face mask for 14 days following the onset of their symptoms. But the protocol does not specify what kind of face masks sick medical workers should wear or include any other requirements for PPE to use while continuing to treat patients. 
The nurses' union also alleged in the lawsuit that the NYSDH acknowledges that employees may still be infectious. One NYSNA nurse claimed that she was asked to work while running a fever topping 103 degrees. The NYSDH protocol also required that medical personnel confirmed or suspected of having the virus to ""quarantine themselves when not at work.""
The NYSNA demanded this directive be rescinded immediately, claiming that the protocol not only contributed to the spread of COVID-19, but that it violates New York's coronavirus paid sick leave law which requires at least 14 days of paid sick leave for public employees.
""[NYSDH's] determination and protocols providing that nurses and other healthcare professionals are fit for duty after just 7 days of recovery, despite scientific evidence and explicit state law to the contrary, is arbitrary and capricious and affected by an error of law,"" the lawsuit read.
It continued: ""This has caused serious illness and death for nurses and other frontline health care workers and created a state-wide public nuisance contributing to, rather than combatting, the spread of COVID-19 throughout New York State and beyond.""
Loading
Something is loading."
6,"{'id': 'the-verge', 'name': 'The Verge'}",Andrew Webster,Riot’s shooter Valorant goes into beta on April 7th,"League of Legends developer Riot Games has announced an April 7th release date for the closed beta of Valorant, an online shooter that combines elements of Overwatch and Counter-Strike.",https://www.theverge.com/2020/3/30/21199452/valorant-multiplayer-shooter-riot-closed-beta-date,https://cdn.vox-cdn.com/thumbor/i6zEQD_3HtA8TqRnxfWj0uPpez0=/0x109:5600x3041/fit-in/1200x630/cdn.vox-cdn.com/uploads/chorus_asset/file/19858273/LogoVersion_Beta_Key_Art_VALORANT.jpg,2020-03-30T17:00:00Z,"A first chance to play the intriguing game
Fans will get an opportunity to play Riots Overwatch-meets-Counter-Strike game Valorant very soon: today, the developer announced that a closed beta will be launching on April 7th. Its not clear just how big the beta will be or how long it will last, but Riot says that prospective players will need to link their Riot and Twitch accounts to be eligible. When closed beta activates in your region, watch specific Valorant streams highlighted on Twitch for the opportunity to be entitled for closed beta access, the developer explains. (Check out the official site for full details.)
We have to focus on the regions where we feel most ready.
The beta wont be entirely global, at least not at launch. Instead, it will be available to players in Canada, Europe, Russia, Turkey, and the United States. According to Valorant executive producer Anna Donlon, the limited number of regions is due to the ongoing pandemic. Our plan was to bring the Valorant closed beta to as many players around the world as quickly as possible, but the COVID-19 pandemic has impacted those plans, compromising a wider global rollout, she said in a statement. For now, we have to focus on the regions where we feel most ready, with more regions following in the months to come.
Valorant was first teased last October under the codename Project A. Its Riots first title outside of the League of Legends universe, and its a 5v5 competitive game that looks to combine the tactical shooter gameplay of CS:GO with the superpowers and colorful characters of Overwatch. The full game is slated to launch on PC sometime this summer."
7,"{'id': 'the-verge', 'name': 'The Verge'}",Chris Welch,HBO extends support for old Apple TV devices during pandemic,"After originally saying that HBO Go and HBO Now would stop working on second-gen and third-gen Apple TV devices, HBO has now extended support, promising that HBO Go will remain functional for a few more months.",https://www.theverge.com/2020/4/10/21216451/hbo-go-max-apple-tv-third-gen-support-extended-april,https://cdn.vox-cdn.com/thumbor/8_NLEDX0QaT7yZYEA_YmMxk1opc=/0x75:1037x618/fit-in/1200x630/cdn.vox-cdn.com/uploads/chorus_asset/file/19889378/appletv.jpg,2020-04-10T16:34:02Z,"HBO Go and HBO Max were originally going to stop working on April 30th
Image: Apple
HBO has decided to continue supporting second- and third-generation Apple TV set-top boxes after initially saying that HBO Go and HBO Now would no longer work on them as of April 30th. The news comes from AppleInsider, which confirmed the change with an HBO spokesperson. 
The extension for HBO Now isnt all that long; HBO will only keep that app working on older Apple TVs until May 15th. But the company has promised to keep HBO Go the one you use if you receive HBO through a cable, satellite, or internet TV provider functional for a few additional months. 
Hopefully, thatll be enough to last through the COVID-19 pandemic and quarantine life. HBO has made some of its content free to everyone during the current health crisis as people seek entertainment to help them temporarily escape from the crush of news about the novel coronavirus. 
These are old Apple TV devices were talking about. The third-gen Apple TV was launched in 2012, with the second-gen model preceding it in 2010. Since then, Apple has released the fourth-generation Apple TV (later rebranded as Apple TV HD) and the top-end Apple TV 4K. Heres how to tell which model youve got, but its also easy to distinguish by software: only the Apple TV HD and Apple TV 4K run the more modern tvOS, whereas prior Apple TV devices remain on the original, simpler software. If youre still holding on to one of those, it might be time to upgrade to a current model or a newer Roku or Fire TV. 
But thats probably not your first priority at the moment, and this is pretty much the worst possible time for any streaming app to end support for any piece of hardware."
8,"{'id': 'cnn', 'name': 'CNN'}","Holly Yan, CNN","4 of your latest coronavirus questions, answered",Does donated blood get screened for coronavirus? How can I tell the difference between the flu and coronavirus? How can you stay healthy when using Uber or Lyft?,https://www.cnn.com/2020/03/12/health/coronavirus-q-and-a-thursday-march-12/index.html,https://cdn.cnn.com/cnnnext/dam/assets/200311235712-04-coronavirus-outbreak-0311-tests-super-tease.jpg,2020-03-12T12:24:03Z,"(CNN)CNN readers are asking smart questions about coronavirus every day. So each weekday, we'll select some of the top questions and get you the answers.
Here are some of the most popular recent questions:
Q. Does donated blood get screened for coronavirus? 
At least 4.5 million people need donated blood every year, but this is the first time novel coronavirus has been a concern in the nation's blood supply. 
""Individuals are not at risk of contracting COVID-19 through the blood donation process or via a blood transfusion since respiratory viruses are generally not known to be transmitted by donation or transfusion,"" said the AABB, formerly the American Association of Blood Banks.
""The U.S. Food and Drug Administration continues to report that there have been no reported or suspected cases of transfusion-transmitted COVID-19 to date,"" the group said. 
""In addition, no cases of transfusion-transmission were ever reported for the other two coronaviruses that emerged during the past two decades (SARS, the Severe Acute Respiratory Syndrome Coronavirus, and MERS-CoV, which causes Mideast Respiratory Syndrome).""
The AABB said routine screening measures are already in place to prevent anyone with clinical respiratory infections from donating blood.
But there is one big concern involving blood donations and coronavirus: the possibility that fewer people will come out to donate. 
""If the outbreak of coronavirus continues to spread, additional challenges may arise, which could potentially reduce the number of eligible donors,"" the AABB said.
Q. How do I stay healthy when using Uber or Lyft? 
Both rideshare companies said they're actively trying to protect customers and drivers from coronavirus. 
Uber said it is trying to give drivers with disinfectants to help keep their cars clean, and the company ""may temporarily suspend the accounts of riders or drivers confirmed to have contracted or been exposed to COVID-19.""
Uber said it's working with public health organizations who might tell them to pause an account. If that happens, Uber would suspend that account and those of any connected riders.
Uber also said it will protect drivers financially if they are asked to isolate themselves. 
""Any driver or delivery person who is diagnosed with COVID-19 or is individually asked to self-isolate by a public health authority will receive financial assistance for up to 14 days while their account is on hold,"" Uber said. 
""We've already helped drivers in some affected areas, and we're working to quickly implement this worldwide.""
Q. How can I tell whether I have coronavirus or the flu? What are the different symptoms?
Testing is the only way to know for sure. But there have been problems with coronavirus testing -- from faulty test kits to major shortages and delays in getting tested.
The flu and coronavirus share some common symptoms, such as fever and cough, but shortness of breath is a common hallmark of coronavirus. 
Of course, some people with coronavirus have no symptoms at all. And asymptomatic people can still spread coronavirus to others. 
So anyone who has had close contact with someone known to have coronavirus should ask a health care provider about getting tested, the US Centers for Disease Control and Prevention said. 
Anyone who recently traveled to a part of the world where coronavirus is widespread should do the same. 
Q. Can hand dryers kill coronavirus? 
No, bathroom hand dryers can't kill coronavirus, the World Health Organization says. Doctors say the best ways to protect yourself include: 
-- Wash your hands with soap and water frequently for at least 20 seconds. If you can't wash your hands, use an alcohol-based hand santizer. 
-- Stay at least 3 feet away from anyone who might be infected, especially if they're coughing or sneezing.
Have a question about coronavirus? Ask us here.
CNN's Sara O'Brien and Brian Rokus contributed to this report."
9,"{'id': 'business-insider', 'name': 'Business Insider'}","feedback@businessinsider.com (Bill Bostock), Bill Bostock",How 'Professor Lockdown' helped save tens of thousands of lives worldwide — and carried COVID-19 into Downing Street,"J-IDEA; Ruobing Su/Business Insider
<ul>
<li>Professor Neil Ferguson, of Imperial College London, authored a paper that prompted the UK to scrap its coronavirus strategy.</li>
<li>Ferguson's team warned Boris Johnson that the quest for ""herd immunity"" could c…",https://www.businessinsider.com/neil-ferguson-transformed-uk-covid-response-oxford-challenge-imperial-model-2020-4,https://i.insider.com/5e9f61f7a34b3c22823ff2b6?width=1200&format=jpeg,2020-04-25T07:21:00Z,"There has never been a more momentous era to be an epidemiologist.
The last 20 years have played host to a flurry of pathogen outbreaks; Foot and Mouth in 2001, SARS in 2003, Swine Flu in 2011, MERS in 2012, and Ebola and Zika in 2014.
Before that, there hadn't been a major influenza epidemic for 40 years.
So as head of the department of infectious disease epidemiology at Imperial College London since 2012, Professor Neil Ferguson has not been short of work.
He modeled the spread of all those outbreaks, advising five UK prime ministers in the process. But all that seems like a practice run for 2020.
In February of this year, coherent data began emerging from northern Italy, the first place in Europe to feel the force of the novel coronavirus outbreak that began in Wuhan, China, in November. Cometh the hour, cometh the man.
""This virus is probably the one that concerns me the most of everything I've worked on,"" Ferguson said in an early TV interview on February 14.
Nine UK coronavirus tests had come back positive at the time. No one knew how bad the outbreak would become.
Professor Neil Ferguson appearing by video link on the BBC's ""The Andrew Marr Show"" on April 5, 2020.
BBC
Ferguson, a slim, bespectacled 51-year-old typically seen in jeans, t-shirt, and suit jacket, formed Imperial's COVID-19 Response Team, dusted off a mathematical model he made 15 years ago, and set to work.
On March 16, around a month after the earlier interview, Ferguson delivered a bombshell 20-page paper to UK Prime Minister Boris Johnson.
The message was clear: 510,000 people could die if the government didn't abandon its current strategy of allowing the disease to spread.
""We were expecting herd immunity to build. We now realize it's not possible to cope with that,"" Professor Azra Ghani, who worked on the paper, said that evening.
On March 23, the UK scrapped ""herd immunity"" in favor of a suppression strategy, and the country made preparations for weeks of lockdown. Ferguson's study was responsible. 
His work has also informed the strategies pursued by the White House and the governments of France and Germany.
And it was successful. At the time of writing, ""only"" 18,000 people deaths have been recorded in Britain's hospitals — 28 times fewer than predicted under the old strategy.
""Professor Lockdown""
In the world of mathematical epidemiology, Ferguson is renowned for his accomplishments, temperament, and work ethic. Ferguson did not respond to interview requests for this story.   
Professor Christl Donnelly, who worked on the paper with Ferguson, told Business Insider: ""Neil works incredibly hard. He has been writing computer code himself in addition to attending many high-level advisory meetings and simultaneously leading our Imperial College London COVID-19 Response Team.""
""Neil got a treadmill desk for his Imperial office, but he was disappointed that the speed was limited to walking speed,"" Donnelly, who has also been Ferguson's colleague for 20 years, said.
""He exercises with as much commitment as he works.""
Ferguson co-founded the MRC Centre for Global Infectious Disease Analysis, based at Imperial, in 2008. It is the leading body advising national governments on pathogen outbreaks.
It gets tens of millions of dollars in annual funding from the Bill &amp; Melinda Gates Foundation, and works with the UK National Health Service, the US Centres for Disease Prevention and Control (CDC), and is tasked with supplying the World Health Organization with ""rapid analysis of urgent infectious disease problems.""
Imperial College in South Kensington, London.
Getty Images
Not long after Ferguson founded the centre came its first real test: the H1N1 epidemic, also known as Swine Flu.
""Conspiracy theorists feel this is not a coincidence,"" he joked to his Imperial students during a September 2016 lecture.
James Hay, a postdoctoral student at the Harvard Chan School of Public Health, who spent years studying in Ferguson's department, also praised him.
He told Business Insider: ""I think what sets Neil apart is just how sharp his technical skills are and how clearly he thinks.""
""In academia, as you become more senior, the responsibilities shift away from writing code and solving maths problems towards big picture tasks. It's pretty exceptional that Neil is still so proficient at the technical side.""
""The general feeling from junior researchers that work with him is that he is fantastic at solving complex technical problems on the spot and is clear in communicating their solutions,"" Hay said.
Professor Neil Ferguson.
Imperial College London
Ferguson completed his PhD in theoretical physics at the University of Oxford in 1994, under the supervision of Professor John Wheater, a member of the Oxford Faculty of Physics.
Wheater told Business Insider: ""Neil was a pleasure to supervise. He was one of my best graduate students. He's a very smart guy, and he worked very hard, and I have nothing but good memories about that time.""
But Ferguson did not stick to physics, switching disciplines to mathematical biology, specifically epidemiology.
""Neil has very good judgement about what are the important problems to which he personally can make an important contribution to society,"" Wheater told Business Insider.  
""Patient zero""
It is no exaggeration that Ferguson's paper saved hundreds of lives.
But in the story,  there is an irony that he may have helped infect the highest levels of government with the virus.
On March 17, Ferguson strolled under the architrave of 10 Downing Street ahead of a 5 p.m. press conference where he would outline his findings. He greeted senior members of Johnson's cabinet, gave his speech, and left.
Ferguson woke at 4 a.m. the next morning with a high fever, interspersed with a dry cough. On March 19 he tested positive for the coronavirus. 
10 Downing Street.
Ministry of Defence via Wikimedia Commons
""Which is a strange experience — to be infected by the virus one is modelling,"" he tweeted to his 108,000 followers. At 9 a.m., the next day, Ferguson dialed into his daily online meeting with colleagues.
In the days that followed, Johnson, his chief adviser Dominic Cummings, health secretary Matt Hancock, and chief medical officer Chris Whitty reported symptoms of the virus.
It is impossible to say with any confidence where these infections had come from. But, inevitably, the question was asked: was Ferguson ""patient zero"" for infecting Britain's elite?
A spokeswoman for the Prime Minister declined to comment on who had infected him.
Ferguson himself says he could have got it anywhere.
""I've been in so many meetings in the last few weeks, and a number of my colleagues from other universities who've been advising government in those meetings have also developed symptoms,"" he told the BBC's ""Today"" program on March 18. 
Johnson, Whitty, and Hancock tested positive on March 26. Cummings followed suit on March 30. Johnson spent three nights in intensive care, and has retreated from day-to-day government to recuperate.
""Families are going to lose loved ones before their time.""
Earlier, on March 12, as the UK's coronavirus outbreak was gaining speed, Johnson announced that the UK would pursue ""herd immunity.""  
This involved eschewing the social distancing tactics advocated by the World Health Organization and letting the virus infect as many people as possible so they could develop immunity. 
It was earlier research from Ferguson and Imperial — before the prediction of 510,000 deaths — which helped underpin the strategy. Few other countries chose the same path.
""This is the guy who screwed up the original model,"" Fox News host Laura Ingraham put it in a tweet after the government scrapped the herd immunity approach.
The UK characterized its approach as the sure way to counter a deeply troubling situation. With no trace of his usual optimism, Johnson said: ""Many families are going to lose loved ones before their time.""
Boris Johnson in London on March 27, 2020.
Getty
500 scientists, most experts on infectious diseases, signed a letter on March 14, calling for Johnson to abandon the plan and enforce social distancing.
Professor John Ashton, a leading public health expert, accused the government of dragging its feet, ""behaving like 19th-century colonialists playing a five-day game of cricket."" 
There was no news from 10 Downing Street.
On March 16, Ferguson went back to Johnson with the new, game-changing paper. It said the UK death toll would peak on May 15, and reach staggering levels.
""Suppression is the only viable strategy,"" it concluded. 
However, doubt has been cast on the government's reliance on models to direct their response to virus outbreaks.
""I am an epidemiologist, and I worry that the response is based too much on epidemiology alone,"" Mark Woolhouse, professor of infectious disease epidemiology at Edinburgh University, told the Financial Times.
In 2009, one of Ferguson's models predicted 65,000 people could die from the Swine Flu outbreak in the UK — the final figure was below 500. 
""That prediction wasn't just nonsense, was it?"" BBC presenter Nick Robinson asked health secretary Matt Hancock on the ""Today"" program on April 16.
Work at the ExCel centre in London to build a 4,000 bed temporary hospital - the NHS Nightingale hospital, comprising of two wards, each of 2,000 people, to help tackle coronavirus.
Stefan Rousseau/PA Images via Getty Images
""He does have, to be fair, a lot of critics""
Scientists have piled in to criticize Ferguson's paper in less uncertain terms.
""Some of the major assumptions and estimates that are built in the calculations seem to be substantially inflated,"" John Ioannidis, a professor of disease prevention from Stanford University, told The Telegraph.
Michael Thrusfield, a professor of veterinary epidemiology at Edinburgh University, told the paper he had ""déjà vu"" after reading the Imperial paper, saying Ferguson was responsible for excessive animal culling during the 2001 Foot and Mouth outbreak.
Ferguson warned the government that 150,000 people could die. Six million animals were slaughtered as a precaution, costing the country billions in farming revenue. In the end, 200 people died. 
Similarly, he was accused of creating panic by overestimating the potential death toll during the 2005 Bird Flu outbreak. Ferguson estimated 200 million could die. The real number was in the low hundreds. 
""I much prefer to be accused of overreacting than under-reacting,"" Ferguson said in February. On April 16, he told an IMF meeting,""We don't have a crystal ball.""
One contemporary noted that it is inherent to Ferguson's work that his predictions will not always materialize.
Professor Paul Hunter, a member of the Epidemiology and Public Health group at the University of East Anglia who appeared on the same panel as Ferguson on March 17, told Business Insider: ""The modelling area is particularly dangerous area because it's so uncertain, and because there is a big risk with all models and all modelers that they overstate, or run the risk of overstating, their own ... importance.""
Hunter said: ""He does have, to be fair, a lot of critics around in the UK modelling world.""
However, Ferguson's role in the Foot and Mouth outbreak is remembered as overwhelmingly positive. Queen Elizabeth II awarded him the Order of the British Empire in 2002 in 2002 for advising Tony Blair's government. 
His paper also received as many endorsements.
Professor Tim Colbourn, at the UCL Institute for Global Health, said: ""This is an excellent piece of work from some of the world's best infectious disease modelers and presents the models and policy options clearly.
Professor Stephen Griffin, from the Leeds Institute of Medical Research (LIMR) called it an ""excellent study.""
A household name
Imperial, based in South Kensington, has a shining reputation.
Governments around the world use Imperial research to underpin policy decisions, and their staff are among the world's most influential scientists. 
Dr Deborah Birx, coronavirus response coordinator to the Trump administration, told journalists at a March 16 press briefing that the Imperial paper prompted the CDC's new advice to work from home and avoid gatherings of 10 or more.
Ferguson's report was also used to inform this graph displayed behind Trump at a March 31 press briefing:
Donald Trump seen on March 31 looking at a graph made with data from a paper by Ferguson's team at Imperial College London.
C-SPAN
""We had new information coming out from a model, and what had the biggest impact in the model is social distancing, small groups, not going in public in large groups,"" Birx said.
The White House received the paper two days before it was made public.
Meanwhile, in Germany, the paper was cited in a March 20 report by the Robert Kock Institute, a federal agency that supplies the government there with public health advice. 
And on April 7, France's health minister Olivier Véran used a separate paper from Ferguson's team at Imperial, which estimated that 2,500 French lives were saved by confinement, to justify the government's measures. 
Keys to the castle 
Some scientists have taken issue with Ferguson over the workings of his model, because Ferguson alone holds the only key to analyze his research.
The micro-simulation model used to map the coronavirus was built in 2005, when Ferguson predicted how Thailand would react to a mutated avian flu outbreak. 
""One must ask: Why we are still using models developed 15–20 years ago?"" said the authors of a critique of the paper published in the Bulletin of Mathematical Biology.
Mike Cates, who in 2015 took over from Stephen Hawking as Lucasian Professor of Mathematics at the University of Cambridge, leads a rival coronavirus modelling effort at The Royal Society and says there is great risk in relying on Ferguson's model alone. 
""We need some alternative models because very big decisions are being made based on the [Imperial] models. That doesn't mean there's anything wrong with the Imperial model. It's just that you can't have one model, which has in it every possible different set of assumptions,"" Cates told The Times of London.
Another expert, Professor Søren Brage, from the MRC Epidemiology Unit at the University of Cambridge, told Business Insider that it is essential that the workings of models like Ferguson's are scrutinized.
The University of Oxford.
Facebook / University of Oxford
""Modelling is an important sub-discipline of epidemiology which effectively attempts to predict possible future scenarios under different assumptions, and it is only right that those assumptions are scrutinized as they are very influential in the models,"" Brage said.
However, code sharing and documentation are often at the bottom of a scientist's to-do list, according to Hay, the Harvard expert and former colleague of Ferguson.
""The pressure is on doing science and publishing results, which means that these sorts of peripheral tasks often get left by the wayside,"" he said. ""Neil is an excellent scientist with a lot of experience in this area.""
Ferguson said on March 22 that he was working with GitHub and Microsoft to make his model widely available for use, but that he couldn't spare ""multiple days"" to train people to use it.
An old Oxford scandal which still has echoes today
While all this was going on, a spat was emerging between Ferguson's team at Imperial, and the evolutionary ecology of infectious disease unit at the University of Oxford, led by Professor of Theoretical Epidemiology Sunetra Gupta.
On March 24, Gupta's team published a paper that said the UK death rate suggested that 50% of the population may already have the coronavirus.
The suggestion was covered widely in the press, and seemed to imply the virus had been badly misunderstood.
The authors said their results, ""suggest the ongoing epidemics in the UK and Italy started at least a month before the first reported death and have already led to the accumulation of significant levels of herd immunity in both countries.""
Speaking to the Financial Times, Gupta said she supported social distancing and lockdown measures taken by the government, but was ""surprised that there has been such unqualified acceptance of the Imperial model.""
She later told The Times of London that ""it's tricky to use them [Imperial's model] to forecast what's going to happen. We need to also consider alternatives.""
Professor Neil Ferguson.
JIDEA/YouTube
Ferguson said on March 27 that there was no bad blood between the two. ""Sunetra and I have always got on. I never fell out with her, and actually she will give you the same view,"" he told The Telegraph.
However, he did cast doubt on her team's findings.
""We don't think [Gupta's model] is consistent with the observed data,"" he told the Science and Technology Committee of the UK Parliament.
""Those data all point to the fact that we are nowhere near the [Oxford] scenario in terms of the extent of the infection.""
However, it could have been Ferguson authoring an Oxford study, if it weren't for a gossipy scandal that rocked the tiny world of epidemiology 20 years ago. 
Ferguson is an Oxford alumnus, who completed his masters and DPhil there between 1987 and 1994, whereupon he joined a 70-strong team of scientists working under Professor Sir Roy Anderson.
At the same time, Gupta was embarking on a five-year fellowship with the university's zoology department. By 1999 she was applying for a permanent position and was voted in — six-votes-to-two — by a panel from Oxford's zoology department.
But one of those who opposed her appointment was Anderson, who accused her of having an affair with a panel member, whose vote would, therefore, be called into question.
Gupta sued Anderson and won damages (subsequently donated to charity).
Anderson was suspended from his position as Linacre Professor of Zoology and later apologized profusely in a letter. He returned to work, but was later ousted by his department.
Upon leaving Anderson moved to St Mary's Hospital, run by Imperial College. He took his team with him — including Ferguson.
A spokeswoman for Anderson told Business Insider he was unable to comment, as he too was recovering from COVID-19.
A spokesperson for Professor Gupta told Business Insider she was unable to comment due to research commitments. 
""No exit strategy""
Ferguson revised his death toll estimate to 20,000 on March 25 after the UK government's lockdown, citing evidence suggesting that the plan was working. Nonetheless, he was not optimistic about the future.
""We will have to maintain some level of social distancing, a significant level of social distancing, probably indefinitely until we have a vaccine available,"" Ferguson told BBC radio.
Ferguson, who said the government has ""no exit strategy,"" has heaped pressure on the government in recent days to develop a clear action plan.
In response, Health Secretary Matt Hancock said: ""He advises government. He is not in the government.""
It is not a stretch to say that Ferguson has earned his moniker of ""Professor Lockdown.""
The impact of his team's paper is felt every day by the 66 million people living in the UK, and other nations which have embraced lockdowns.
During significant outbreaks, models are often relied upon by governments, and their authors placed under tremendous scrutiny. It is tough work.
""In outbreaks things are different,"" Bill Hanage, associate professor of epidemiology at the Harvard TH Chan School of Public Health who worked in Ferguson's department before leaving for the US, told Business Insider. 
""The responsibilities are a burden (in the case of a pandemic like this extraordinarily so), the days are long. Some people do better than others at handling what can be severe stress.""
""Some people have accused epidemiologists of enjoying the attention, or feeling relevant. The truth is that epidemiology is always relevant, and we would much rather that this was not happening.""
""But since it is happening it's our job to confront it, and to try to explain to the public what is happening. I'm looking forward to the day in the future when the pandemic is behind us, and we can be anonymous again.""
Loading
Something is loading."
10,"{'id': 'cnn', 'name': 'CNN'}","Stephanie Becker, CNN","At least 70 people infected with coronavirus linked to a single church in California, health officials say","A large and influential Russian language church near Sacramento, California, is denying it is at the center of a novel coronavirus outbreak.",https://www.cnn.com/2020/04/03/us/sacramento-county-church-covid-19-outbreak/index.html,https://cdn.cnn.com/cnnnext/dam/assets/200403023135-sacramento-country-church-covid-19-outbreak-super-tease.jpg,2020-04-04T01:19:30Z,"(CNN)A large and influential Russian language church near Sacramento, California, is denying it is at the center of a novel coronavirus outbreak.
In an interview with a Sacramento television station on Thursday, Sacramento County Department of Health Services director Dr. Peter Beilenson confirmed at least 70 people at the Bethany Slavic Missionary Church were infected with Covid-19.
He said he named the church ""not to cast aspersions on anybody but to really hammer home the importance of not congregating, not only in church but also in prayer gatherings in people's homes."" It is one of the largest outbreak clusters of the virus in the US.
In an archived version of last Sunday's online service, a pastor announced at least three members of the church were infected with Covid-19.
However, the church released a statement Friday saying media reports about the Covid-19 outbreak were ""inaccurate and falsely place emphasis on this church."" The church also said it hadn't been informed any of its parishioners had died as reported by a local newspaper. 
Beilenson told the Sacramento Bee Thursday that church leaders had ""basically told us to leave them alone,"" adding ""this is extremely irresponsible and dangerous for the community.""
Health Department spokeswoman Janna Haynes told CNN officials they believe the virus is being spread during Bible study and fellowship meetings in small groups at congregants' homes. Haynes says the department is very concerned about the upcoming holidays of Palm Sunday and Easter, when church members and their families traditionally get together to celebrate, and they are deploying translators to plead with the Russian speaking community to stay home.
In its statement, the church said it had complied with all federal, state and local guidelines and regulations by closing its doors on March 18 and directing members to remain at home. 
""The church did not rebuff or decline communications from the health officials as reported,"" according to the statement.
The statement said church leaders hadn't ""at any time respond (ed) 'leave us alone'"" and disputed church members had continued to gather in people's homes.
In response to the church's statement, the health department released a statement Friday that said health officials had spoken to members of the church and community during their contact tracing investigation, and those interviews revealed links between the cases linked to the church.
""While we know that the church as a whole has ceased to meet and the leadership is hosting online services, we have been told by multiple sources that there are groups that continue to meet in homes, despite the public health order to not gather with anyone outside of household members,"" the health department statement said. ""These gatherings have been directly linked to the clusters of cases in the community. 
The statement said the department's only goal is make sure people comply with the public health order not to gather to prevent the spread of the virus. The statement also noted that ""in no way does Sacramento County condone ridicule, hatred or violence toward this church."" 
""It's a touchy subject. A lot of (people) believe they will be divinely protected, that God is stronger than the virus,"" said Vlad Kirgiz, the editor of The Evening Sacramento, a Russian language news blog.
Kirgiz said that despite dire warnings about the dangers of gatherings, there is a strong cultural tradition of not trusting the government. 
Kirgiz told CNN that when he excerpted part of local newspaper story about the Covid-19 cluster, he ""received a tsunami of negative comments blaming our news blog for participating in the attack on the church and even on our own community. We had to turn off comments to avoid the conflict and further emotional escalation within our community that already seems to be on the edge."""
11,"{'id': 'the-verge', 'name': 'The Verge'}",Nicole Wetsman,WHO declares the outbreak of the new coronavirus is a pandemic,"The WHO had been reluctant to declare a coronavirus pandemic until this point. There is no set definition of pandemic, though it is a signal of how widespread an illness is. The last pandemic was of H1N1 in 2009.",https://www.theverge.com/2020/3/11/21156325/coronavirus-pandemic-who-declares-covid-19-outbreak-global-h1n1,https://cdn.vox-cdn.com/thumbor/vZ7K20FNoh6LoJvnxe8O5796Ytg=/0x361:3360x2120/fit-in/1200x630/cdn.vox-cdn.com/uploads/chorus_asset/file/19752464/1202995435.jpg.jpg,2020-03-11T16:33:22Z,"Photo by FABRICE COFFRINI/AFP via Getty Images The coronavirus sweeping across the world is a pandemic, the World Health Organization declared today. There are now over 118,000 cases of COVID-19, the disease caused by the virus, in 114 countries around the world. BREAKING ""We have therefore made the assessment that #COVID19 can be characterized as a pandemic""- @DrTedros #coronavirus pic.twitter.com/JqdsM2051A — World Health Organization (WHO) (@WHO) March 11, 2020 A pandemic is the “worldwide spread of a new disease,” according to the WHO. There’s no cut-and-dry criteria for what reaches the level of pandemic and what does not, and there is no threshold of cases or deaths that triggers the definition. Generally, though, it says more about a disease’s spread than its severity. The WHO classified the novel coronavirus as a global public health emergency on January 30. Until now, they’ve been reluctant to call the outbreak a pandemic until this point over concerns that it would incite unnecessary panic, though they’d been warning countries to prepare for a pandemic. “Using the word pandemic now does not fit the facts, but it may certainly cause fear,” Tedros Adhanom, director general of the WHO, said at a press briefing at the end of February. “What we see are epidemics in different parts of the world affecting different countries in different ways.” Countries around the world, including in the US, have already been leaning on pandemic preparedness plans to respond to outbreaks of the new coronavirus. The last time the WHO declared a pandemic was during the H1N1 outbreak in 2009, which infected nearly a quarter of the world’s population. However, that decision was criticized for creating unnecessary panic. SARS was not considered pandemic, despite affecting people in 26 countries, and neither was MERS. Developing..."
12,"{'id': 'the-verge', 'name': 'The Verge'}",Tom Warren,All Microsoft events will be digital-only until July 2021,"Microsoft’s upcoming events will be digital-only until July 2021. That means Build 2021 will also be an online event, as Microsoft moves to cancel in-person events for the next year due to the coronavirus pandemic.",https://www.theverge.com/2020/4/7/21211721/microsoft-events-build-2021-digital-only-coronavirus-plans,https://cdn.vox-cdn.com/thumbor/mVHJTvVh0cwysouFn5b94-U1rXo=/0x146:2040x1214/fit-in/1200x630/cdn.vox-cdn.com/uploads/chorus_asset/file/10793345/acastro_180507_1777_microsoft_0001.jpg,2020-04-07T09:18:53Z,"Build 2021 will likely be a digital event
Illustration by Alex Castro / The Verge
Microsoft is planning to make all of its internal and external events digital-only until July 2021 due to the ongoing coronavirus pandemic. The software maker had already revealed Build 2020, due to be held in Seattle in May, would transform into a digital event. This digital-only focus is now extending to far more events over the next year. 
In light of the challenges presented by COVID-19, Microsoft has been closely monitoring the developing global situation and re-assessing the overall company-wide in-person event strategy, explains a recent email to Microsoft MVPs. As a company, Microsoft has made the decision to transition all external and internal events to a digital-first experience through July 2021.
Lots of Microsoft events will be impacted over the next year
This means Microsoft Ignite will be held as a digital event in September this year, and Microsofts presence at Computex 2020, which has been optimistically rescheduled to September, wont involve an in-person event. It will also impact any plans Microsoft had for CES 2021, and the companys Build 2021 event. Build is typically held in April or May, which would mean next years event will also be digital-only.
Microsoft also canceled its in-person Inspire event for partners that was due to be held in July. The company is still working out whether this will also become a digital event or not. ZDNet reports that Build typically has around 5,000 attendees, inspire as many as 40,000, and Ignite around 25,000, so the impact of the decision is significant. Dont expect to see any in-person Surface hardware events this year, either.
Microsoft will now be relying on its own digital events team and increasingly Microsoft Teams to allow the company to hold events like Build 2020 remotely while the majority of employees are still sheltering at home."
13,"{'id': 'the-verge', 'name': 'The Verge'}",Julia Alexander,Amazon will slow down Prime Video streams to lessen broadband strain,"Amazon Prime Video, the second largest streamer in the world, is following in Netflix and YouTube’s footsteps and reducing stream speeds to lessen the strain on broadband as more people stay home due to the novel coronavirus pandemic.",https://www.theverge.com/2020/3/20/21188072/amazon-prime-video-reduce-stream-quality-broadband-netflix-youtube-coronavirus,https://cdn.vox-cdn.com/thumbor/Wj1NpbtC8PEvfbDlTiGvSCnrjaQ=/0x215:3000x1786/fit-in/1200x630/cdn.vox-cdn.com/uploads/chorus_asset/file/10745909/acastro_180329_1777_amazon_0002.jpg,2020-03-20T14:28:59Z,"Following in Netflix and YouTubes footsteps
Illustration by Alex Castro / The Verge
Following in the footsteps of Netflix and YouTube, Amazon has announced that it will also reduce streaming quality in order to lessen the strain being put on broadband networks. 
We support the need for careful management of telecom services to ensure they can handle the increased internet demand with so many people now at home full-time due to Covid-19, a spokesperson told The Guardian. Prime Video is working with local authorities and internet service providers where needed to help mitigate any network congestion. 
Unlike Netflix and YouTube, Amazons statement suggests that it will reduce stream speeds in various territories where Amazon Prime Video operates, not just Europe. The Verge has reached out to the company for more information. Amazon Prime has more than 150 million subscribers around the world, and Prime Video is available in more than 200 countries. Amazons spokesperson told The Guardian that this includes Europe, where weve already begun the effort to reduce streaming bitrates whilst maintaining a quality streaming experience for our customers. 
Broadband strain will continue to be a concern as more people are required to stay at home to curb the spread of the novel coronavirus. Nielsen is estimating that people staying home can lead to almost a 60 percent increase in the amount of content we watch in some cases and potentially more depending on the reasons. That means streaming services like Netflix and Prime Video, other video platforms like YouTube and Twitch, and online gaming will all affect broadband speeds. Thats on top of the strain that comes from people working from home and students using video conferencing tools like Zoom to participate in online classes."
14,"{'id': 'the-verge', 'name': 'The Verge'}",Jay Peters,Verizon is launching a tool to help you troubleshoot tech issues remotely,Verizon is launching a new tool to help customers troubleshoot issues remotely so that the company can support customers without having to send a field technician into a home.,https://www.theverge.com/2020/4/13/21216968/verizon-tool-diagnose-fix-tech-issues-remotely-virtual-techsee,https://cdn.vox-cdn.com/thumbor/TGVMUzSVVfMT8B-CJJ8LZ5Ok4x0=/0x146:2040x1214/fit-in/1200x630/cdn.vox-cdn.com/uploads/chorus_asset/file/19590125/acastro_200109_1777_verizon_0003.0.jpg,2020-04-13T14:00:00Z,"Youll be able to send pictures or video to a technician so they can help you out
Illustration by Alex Castro / The Verge
Verizon is launching a new tool to help customers troubleshoot issues remotely, the company announced on Monday. The tool should allow Verizon to support customers without requiring a field technician to step inside their home. Verizon told The Verge it was piloting a virtual assistant tech tool last week, and now its sharing more information about it.
This new tool gives us the ability to provide the excellent service our customers deserve while keeping them and our technicians safe in these unprecedented times, said Kyle Malady, Verizons chief technology officer, in a statement.
The tool is intended to help with in-home service calls
The tool is intended to be used for service calls that need to be completed in your home, such as troubleshooting your router. To use it, Verizon will send you a text with a link, and youll have to tap that to open the tool in a web browser. From there, youll be able to share pictures or live video with a Verizon technician who will remain outside your house during the call so they can see the issue youre trying to fix and give you recommendations. The Verizon technician can even draw or circle things on the images you send to suggest ways to fix the problem. 
The tool is made by a company called TechSee, which provides a similar service for Vodafone, and you can see how that works in this promotional video:
Verizon says it will still be dispatching technicians for needed repairs that take place outside, but it told The Vergelast week that its making every attempt to perform work without going inside homes or small businesses to help reduce the spread of COVID-19. As part of those efforts, it has been canceling scheduled appointments for internet installation and repairs, though self-install options are available for qualified service orders."
15,"{'id': 'mashable', 'name': 'Mashable'}",PCMag,8 tips for better video conference calls,"The COVID-19 novel coronavirus outbreak has caused dozens of tech conferences and conventions to be cancelled over the last few weeks. Now companies are closing down their offices and asking employees to work from home. If you have been affected, chances are …",https://mashable.com/article/8-tips-for-better-video-conference-calls/,https://mondrian.mashable.com/2020%252F03%252F17%252F49%252Fc6b18daaa624424b9ee990ff674a1927.b5981.jpg%252F1200x630.jpg?signature=pzEIhdZXG3dRMVqu_PhcjUkj_mU=,2020-03-17T18:00:58Z,"The COVID-19 novel coronavirus outbreak has caused dozens of tech conferences and conventions to be cancelled over the last few weeks. Now companies are closing down their offices and asking employees to work from home. If you have been affected, chances are most of your in-person meetings have been changed to conference calls.
Working from home might sound great at first, but having to do all your own IT work can be a hassle. After all, the last thing you want is to have a technical issue right when its time to dial in; theres no one to help troubleshoot your connection, and it can really get in the way of a productive afternoon.
Make sure everything is right before the call begins. Here's how to prepare for video conference calls from home, or wherever you might be working from.
Be Aware of Your Surroundings
If you need to appear on camera during your call, make sure you know what's going on around you. Close that window if you're on a noisy street and flip on a light.  PCMag's lead camera analyst Jim Fisher stresses that Soft fill on your face is all that matters. Using a desk lamp with a shade should work, as long as you can avoid harsh, direct light. If youve got big windows, face the windows so they light you up; otherwise the camera is going to struggle with exposure.  
Get Creative With How You Connect
Most companies have a favorite service they use, like Skype, Google Hangouts, or Zoom. If youre working on a personal computer, all you have to do is download the appropriate desktop app or click a link and log into your account. 
However, if you have to think fast and find the right video call service that fits your needs, remember that most mobile messaging apps have video capabilities. Apps like Facebook Messenger, Signal, Android Messages, and Google Hangouts, among others, allow for limited video calling. Many of these services also have web and desktop apps. FaceTime also allows group chats and supports receiving phone calls on your computer.
Clear Out the Bandwidth Hogs
One of the downsides of video chats are the pixelated screens and choppy audio that comes with lackluster bandwidth. If youre expecting a video call or three, make sure the smart devices in your home aren't hogging the connection.
If the kids are streaming video games or Disney+, the robot vacuum is mapping your home, or hefty software programs are running on your PC, all that activity could disrupt your video call at an inopportune time. 
To start, check your internet speed to know what you're working with and whether youre getting what you pay for. If youre worried about someone else using up your connections resources, here's how to see if someone is stealing your Wi-Fi. 
Log In Early
Dont wait for the meeting to start to find out your connection is bad or your software doesnt work properly; test it before the conference starts. You can do this in Zoom by using the programs test feature. WebEx also has a Personal Room that can be used for testing.   
In Skype, click your profile picture and select Settings &gt; Audio &amp; Video Settings, and there should be a camera preview under the Video section. You can also look for Sound Test Service in your Skype contacts to test audio quality.
If Wi-Fi is still giving you trouble, fish out that dusty Ethernet cable for a direct connection, which should hopefully cut down on any potential speed issues or sudden dropouts while video conferencing. If your laptop doesn't have an Ethernet port, pick up a cheap USB to Ethernet or Thunderbolt to Gigabit Ethernet adapter.
Avoid Feedback
Don't rely on your computers iffy built-in microphone and speakers. Find yourself a nice Bluetooth headset or even gaming headphones to use when youre on a call. They connect easily to your computer while also offering comfortable over-ear fits with a strong microphone.
Dont Forget a Charger
Long conference calls can drain a laptop battery pretty quick. And you don't want to have to step away from the meeting to find your charger as battery warnings blink on your screen. Make sure your laptop is plugged in and powering up.  There are also some portable chargers powerful enough to recharge your laptop in a pinch. Our Editors' Choice is the iMuto Portable Charger X6 Pro, which has a 30,000mAh capacity in a 1.5-pound body.
Have a Backup Plan
No matter what program you use, have a backup plan in case something goes awry, whether that's switching to an audio-only call or throwing in the towel and realizing you're in a meeting that could've been an email.
This article originally published at PCMag
here"
16,"{'id': 'mashable', 'name': 'Mashable'}",Nicole Gallucci,Trevor Noah tried singing from a balcony in New York. It didn't go well.,"New Yorkers seemingly aren't so lonely in their apartments yet that they're ready to stand on their balconies and sing. On Tuesday morning, The Daily Show host Trevor Noah attempted to follow the lead of all the quarantined people in Italy who've been flockin…",https://mashable.com/article/trevor-noah-coronavirus-balcony-singing-video/,https://mondrian.mashable.com/2020%252F03%252F17%252F3c%252F2a61b7611e824ed39433bc02caa90d37.785e2.jpg%252F1200x630.jpg?signature=Q9ASIOzn0UsR_rc3zCNoByo4hVo=,2020-03-17T17:53:38Z,"New Yorkers seemingly aren't so lonely in their apartments yet that they're ready to stand on their balconies and sing.
On Tuesday morning, The Daily Show host Trevor Noah attempted to follow the lead of all the quarantined people in Italy who've been flocking to their balconies to make music together and pass the time, but he didn't manage to create a heartwarming moment like they've been having in Italy.
Italy has been put on total lockdown in an attempt to slow the spread of the new coronavirus, which results in the respiratory disease COVID-19. So to entertain themselves and foster a sense of community, many residents have started singing, dancing, and playing instruments out on their balconies.
Inspired by Italy's response to the coronavirus isolation, Noah went out on a balcony and started to sing ""A Whole New World"" from Aladdin, Disney's 1992 animated movie. Before he could finish his song, however, a man can be heard furiously screaming, ""SHUT THE FUCK UP!""
A discouraged Noah walked back inside and tweeted, ""Nothing can break the human spirit. Except that guy. That kinda hurt."" Though it's unclear if the video was real or staged, there's no denying it has extremely believable New York Energy.
While things didn't go smoothly on Noah's first attempt to bring the city together through song, he vowed he'll try again tomorrow. Don't let the haters get you down, dude."
17,"{'id': 'mashable', 'name': 'Mashable'}",Stan Schroeder,Apple retail stores now closed 'until further notice',"Two days ago, Apple shut down all its retail stores outside of China until March 27. But now, as 9to5Mac first observed, the company removed that date from the banner on top of its website, which now says the company's retail stores are ""closed until further …",https://mashable.com/article/apple-retail-stores-closed-until-further-notice/,https://mondrian.mashable.com/2020%252F03%252F17%252F56%252F466c052974454b52be69dd34e18009da.6cc40.png%252F1200x630.png?signature=iFnFUKnhmhWa_dHIqSSGtN6QM9U=,2020-03-17T11:45:37Z,"Two days ago, Apple shut down all its retail stores outside of China until March 27. 
But now, as 9to5Mac first observed, the company removed that date from the banner on top of its website, which now says the company's retail stores are ""closed until further notice.""
The rest of the banner reads the same, pointing customers to make their purchases on Apple.com or via the Apple Store app. 
Notably, Apple's FAQ on the subject still says the retail stores will be closed ""through March 27.""
""The most effective way to minimize risk of the viruss transmission is to reduce density and maximize social distance,"" Tim Cook, Apple CEO, said in a statement after the closures were first announced. ""As rates of new infections continue to grow in other places, were taking additional steps to protect our team members and customers.""
SEE ALSO: Inside the red zone: Photos show dramatic impact of Italy's coronavirus lockdown
The change is likely due to the unpredictable nature of the coronavirus outbreak, which is the reason behind the closures. As the number of cases rise in the U.S. and throughout Europe, local authorities are implementing stricter and stricter measures by the day, which in some areas mean closures of non-essential retail stores. And while some of the measures are temporary, in reality no one can say when the outbreak will be contained to a degree when it's safe to go back to normal again. 
The coronavirus has so far killed more than 7,000 and infected more than 173,000 people. The outbreak has been worsening in the U.S. in recent weeks, with more than 4,400 confirmed cases and 86 deaths."
18,"{'id': 'mashable', 'name': 'Mashable'}",Rebecca Ruiz,We're ignoring an important factor when we talk about fighting coronavirus,"I've begun drafting this sentence dozens of times. I keep failing to finish, but this is no ordinary writer's block. Instead, I'm trying to find a moment of clarity as my 5-month-old screams and my attention-starved 5-year-old calls out my name. As this endle…",https://mashable.com/article/coronavirus-equality-testing-healthcare/,https://mondrian.mashable.com/2020%252F03%252F23%252F7e%252Fb7a2319eb1e542bfb670d8fa07c9f576.df665.png%252F1200x630.png?signature=mLG9wYLekzkEsKvCx8bf6aK7rbs=,2020-03-23T22:34:28Z,"I've begun drafting this sentence dozens of times. I keep failing to finish, but this is no ordinary writer's block. 
Instead, I'm trying to find a moment of clarity as my 5-month-old screams and my attention-starved 5-year-old calls out my name. As this endless loop repeats, all I can think is: How are my husband and I, who both work full-time, going to get to the other side of the coronavirus pandemic? 
I know countless others are desperate for an answer to this question. We're waiting for Congress to pass a stimulus package that might save us from the worst recession America has seen in decades. We're wondering when tests, masks, and ventilators will arrive at hospitals, so we might be a little less fearful of COVID-19, the official term for the disease caused by the virus. 
Panic and anxiety threaten to overwhelm us and our body politic. As the map showing the spread of COVID-19 turns redder and redder, it might be easy to focus only on what helps your family and loved ones survive this nightmare. Paid leave for your spouse or partner but no one who works at a company with more than 500 employees? Ugh but OK. A billion-dollar slush fund for ""distressed"" industries but few protections that would keep workers from getting laid off? Not cool, but if it keeps the economy afloat, fine. 
Our lives would indeed be far more convenient if we could distance ourselves from the complexity of solving the coronavirus problem. But now is a time for reflection. The world we live in once we emerge from the pandemic, in months or even years, must look radically different from the one we inhabit now. Every solution must consider the most vulnerable among us and be built with equality and equity in mind, not just expediency. 
Sometimes it takes the wisdom and resilience of those who have been marginalized for all of us to remember the importance of community and mutual aid.
 Barack Obama (@BarackObama) March 21, 2020
If we cannot, for example, account for how incarcerated people, undocumented immigrants, and people experiencing homelessness will get tested and receive treatment, our efforts to ""flatten the curve"" will be in vain. The same will be true if the rich and famous can easily get tests while average sick people have to wait on hold or in long lines, arguing with bureaucrats and administrators about their potential exposure. 
If federal, state, and local measures to stave off a long, painful recession offer little relief for small businesses led by women and people of color, we will leave them behind with disastrous effects. Should we ultimately neglect to redesign the health care system so that every American has access to quality, free or affordable health care, we'll lose a critical opportunity to ensure a pandemic like this never happens again.
SEE ALSO: Coronavirus reveals everything that's wrong with our mental health care system
""There is a moral imperative that we are all in this together,"" says Sandro Galea, a physician, epidemiologist, and dean of the Boston University School of Public Health. ""It is no longer good enough to say my health is separate from your health. If any of us are sick, we are all sick."" 
""It is no longer good enough to say my health is separate from your health. If any of us are sick, we are all sick."" 
Galea is co-chairing an emergency task force on coronavirus and equity. The group, which is based in Massachusetts, argues that the outbreak of COVID-19 isn't impacting the state's residents equally: The most marginalized communities are being hit hardest by the disease and economic fallout. 
The group's initial demands of the governor and legislature are four-fold: ensure safe access to testing and treatment for immigrants who may fear deportation if they seek medical care; guarantee safe quarantine for everyone, particularly people living in homeless shelters, where it's difficult to practice social distancing; pass emergency paid sick time for everyone; and, enact a moratorium on all evictions, foreclosures, and termination of public benefits like food stamps, Medicaid, and disability payments. 
Plenty of liberalactivists and politicians have made similar demands while sounding the alarm over responses to the pandemic that could concentrate more wealth and power in the hands of the few. Sen. Elizabeth Warren, along with other Democrats, are pushing Congress to tie corporate bailouts to worker protections, and proposing that the government cancel student loan debt to ease monthly costs for millions of people, increase Social Security and disability payments, and offer unemployment coverage to gig and part-time workers. 
The Senate needs to pass a stimulus that doesnt just go to no-strings-attached bailouts for giant corporations. That's why @SenateDems are fighting for real funding this for public health crisis response &amp; serious relief directly for workers, small businesses, &amp; families. pic.twitter.com/hlLI0ExvAL
 Elizabeth Warren (@SenWarren) March 23, 2020
In order to beat the catastrophic social and economic effects of coronavirus, we must find the political means and willpower to ensure that our response is an equitable one. As COVID-19 spreads, it exacerbates existing inequality, and the most vulnerable Americans our friends, family, neighbors will suffer the worst. 
""I dont feel like we have a lot of time to figure this out,"" says Galea. ""We are at a time when we need to mitigate the consequences for the most marginalized people now."" 
Galea says people who want to make that difference should contact their elected officials and urge them to support prevention efforts and relief measures that benefit and protect those most at risk. They should keep prodding those politicians to embrace legislation that ensures our public health infrastructure is responsible and flexible, and narrows social and economic disparities so that everyone can access safe housing, well-paying jobs, and other supports critical to surviving a crisis like the one we're living through now.  
""Things do change when enough people of good conscience demand them,"" Galea says."
19,"{'id': 'mashable', 'name': 'Mashable'}",Caitlin Welsh,'You're a monster': Colbert goes to town on Trump's weekend of woeful coronavirus leadership,"""This is the first crisis of Trump’s presidency that he did not cause himself, and he is shankin’ it,” declared Stephen Colbert in Monday night’s Late Show monologue, summing up a truly dire few days of presidential mishandling, “hunches,” and health misinfor…",https://mashable.com/video/coronavirus-stephen-colbert-trump-response-golf/,https://mondrian.mashable.com/2020%252F03%252F10%252Fee%252F5b3360e585a2491eb60d129193b59687.8b278.png%252F1200x630.png?signature=Jjlu-C8QoHpiw2aovYO9taV6Uq4=,2020-03-10T04:47:11Z,"""This is the first crisis of Trumps presidency that he did not cause himself, and he is shankin it, declared Stephen Colbert in Monday nights Late Show monologue, summing up a truly dire few days of presidential mishandling, hunches, and health misinformation about the worsening coronavirus outbreak, culminating in a Monday market crash where ""Wall Street S&amp;P'd itself.""
From wearing campaign merch and declaring non-existent COVID-19 tests to be as perfect as his Ukraine phone call during a lab visit, to tweeting poorly thought-through comparisons to the flu, Colbert ran through the presidents not-at-all reassuring lowlights.
We can criticise Trumps golfing and tweeting, Colbert noted, having just done exactly that, but when he hunkers down and focuses on the problem, thats when he really sucks.
And while bandleader Jon Baptistes muttered asides rarely add much to Colberts monologues, one special shout out must go to the moment where his piano punctuates one of the hosts presidential insults with the riff from The Hives Walk Idiot Walk
. Thats niche shade, just for the 00s indie fans, right there."
