,source,author,title,description,url,urlToImage,publishedAt,content
0,"{'id': 'mashable', 'name': 'Mashable'}",Morgan Sung,Quarantined congressman's bizarre tweet on life and death is now a meme,"Paul Gosar, one of two U.S. lawmakers under self-quarantine after possible exposure to the coronavirus during a conservative conference, did what any good American would do during an existential crisis. He tweeted through it. Arizona congressman Gosar and Tex…",https://mashable.com/article/paul-gosar-quarantine-battle-tweet/,https://mondrian.mashable.com/2020%252F03%252F09%252F0a%252F049caadc01ac4b4381fe0228d9be7fd1.29708.jpg%252F1200x630.jpg?signature=3cZdgyrdmpFTGnr4AXrEsxWKZg4=,2020-03-09T19:15:39Z,"Paul Gosar, one of two U.S. lawmakers under self-quarantine after possible exposure to the coronavirus during a conservative conference, did what any good American would do during an existential crisis. He tweeted through it. 
Arizona congressman Gosar and Texas senator Ted Cruz both attended the Conservative Political Action Conference (CPAC) about two weeks ago. A man who also attended tested positive for the novel coronavirus, which causes the disease officially known as COVID-19. Both Gosar and Cruz had ""brief contact"" with the man, the Los Angeles Timesreports, and have self-quarantined in their homes to prevent the spread of the highly contagious virus. 
Symptoms include fever, cough, shortness of breath, and breathing difficulties, the World Health Organization (WHO) says. In severe cases, it can cause kidney failure, pneumonia, and death. Since the outbreak began, health officials have confirmed 110,029 cases of coronavirus infections. As of Monday, 213 of those have been in the United States, a number that continues to rise as municipalities struggle to contain the outbreak. 
In response, stores nationwide are selling out of face masks and hand sanitizer.
And despite being asymptomatic, Gosar is clearly feeling the panic. In a tweet on Monday, he wrote that he'd ""been thinking about life and mortality today."" 
""I'd rather die gloriously in battle than from a virus,"" Gosar tweeted, accompanying it with a dramatic image of knights at war. ""In a way it doesn't matter. But it kinda does."" 
OK, um. Well. 
Been thinking about life and mortality today. Id rather die gloriously in battle than from a virus. In a way it doesnt matter. But it kinda does. pic.twitter.com/m6vU5RTQHJ
 Paul Gosar (@DrPaulGosar) March 9, 2020
SEE ALSO: Kids quarantined in Wuhan found a brilliant way to get out of schoolwork
As one Twitter user pointed out, before being elected into the House of Representatives, Gosar was a dentist. He has never served in the armed forces. 
Within minutes, Gosar's tweet was turned into a copypasta, as other Twitter users mocked his melodramatic sentiments with some lighter images.  
""Been thinking about life and mortality today. Id rather die gloriously in battle than from a virus. In a way it doesnt matter. But it kinda does."" pic.twitter.com/8iE7WJ9zrx
 darth (@darth) March 9, 2020
Been thinking about life and mortality today. Id rather die gloriously in battle than from a virus. In a way it doesnt matter. But it kinda does. pic.twitter.com/GTjkbzu2hY
 Mark Joseph Stern (@mjs_DC) March 9, 2020
Been thinking about life and mortality today. Id rather die gloriously in battle than from a virus. In a way it doesnt matter. But it kinda does. pic.twitter.com/AZOj6hGkwp
 RemainCalmAllIsWellHat (@Popehat) March 9, 2020
Been thinking about life and mortality today. Id rather die gloriously in battle than from a virus. In a way it doesnt matter. But it kinda does. pic.twitter.com/rg2nFpwMHR
 Christopher Ingraham (@_cingraham) March 9, 2020
Been thinking about life and mortality today. Id rather die gloriously in battle than from a virus. In a way it doesnt matter. But it kinda does. pic.twitter.com/GQJUR6mQOV
 Philip Bump (@pbump) March 9, 2020
Been thinking about life and mortality today. Id rather die gloriously in battle than from a virus. In a way it doesnt matter. But it kinda does. pic.twitter.com/UPAxjnqLjc
 Laura Bassett (@LEBassett) March 9, 2020
Naturally, the copypasta was added to another meme born from the coronavirus panic. 
You can take small comfort in the fact that even in the face of a possibly devastating viral outbreak, we'll all just tweet through it. 
Don't forget that you can at least limit the spread of the coronavirus by thoroughly washing your hands."
1,"{'id': 'mashable', 'name': 'Mashable'}",(Deleted account),Netflix to cut stream quality in EU amid coronavirus bandwidth fears,"Netflix viewers in the EU will soon notice a dip in their streaming quality. According to Netflix, the company is moving to reduce its video bitrates in Europe due to the coronavirus pandemic. The goal is to cut Netflix’s bandwidth across the EU by around 25 …",https://mashable.com/article/netflix-eu-stream-quality-lowered/,https://mondrian.mashable.com/2020%252F03%252F19%252F07%252F036434d3c751428f9bd3f8fcb2e81426.0cae2.jpg%252F1200x630.jpg?signature=BDBCyfEjt6dQOBazWhf15wYJtq8=,2020-03-19T20:02:22Z,"Netflix viewers in the EU will soon notice a dip in their streaming quality.
According to Netflix, the company is moving
 to reduce its video bitrates in Europe due to the coronavirus pandemic. The goal is to cut Netflixs bandwidth across the EU by around 25 percent to ensure internet traffic continues to run smoothly during this global outbreak.
With people around the world being urged to stay home, streaming services are expected to be a major source of entertainment for those practicing social distancing in order to stop the spread of COVID-19. 
The reduction in streaming quality in the EU is expected to last at least 30 days.
European Commissioner for Internal Market and Services Thierry Breton previously
 requested that Netflix help reduce strain on the EUs internet infrastructure. According to Breton, he spoke over the phone with Netflix CEO Reed Hastings to share his concerns. He also urged consumers to switch from HD to standard definition to help alleviate possible internet issues.
Concerns regarding internet bandwidth issues are certainly well founded, especially when a mass number of users are streaming HD-quality Netflix content. The video streaming company alone consumes
 a whopping 15 percent of the worlds internet traffic, according to a study conducted in late 2018. And thats under normal circumstances when people are able to go about their lives and attend offline, outdoor activities.
As more people turn to Netflix, Amazon Prime Video, Disney+, Hulu, and other streaming services during this pandemic, it wouldnt be surprising to see a broader call to reduce stream quality to save bandwidth in other areas around the globe."
2,"{'id': 'mashable', 'name': 'Mashable'}",Anna Iovine,Dating apps are introducing video chats so you can date during social distancing,"Late last year, The League introduced video chatting to its users. The dating app, which prides itself on being exclusive, is ""known for its selective admissions-based model and high achieving community of users,"" according to its press kit. The video chat fe…",https://mashable.com/article/video-chat-dating-apps-coronavirus-covid-19/,https://mondrian.mashable.com/2020%252F03%252F19%252Fb6%252F07c8973b1c464965b21b0a5bbf041c18.b4a9f.png%252F1200x630.png?signature=uhivCxJOeeA5Omvqhgskyog0YBY=,2020-03-19T18:29:20Z,"Late last year, The League introduced video chatting to its users. The dating app, which prides itself on being exclusive, is ""known for its selective admissions-based model and high achieving community of users,"" according to its press kit. The video chat feature, tested out by my Mashable colleague Brenda Stolyar, seemed odd at the time but now it seems like The League may have predicted how singles would connect during the coronavirus pandemic.
Seeing as people all around the world are being encouraged or forced to stay inside, dating has shifted into unprecedented territory. We should not stop dating under quarantine (if we don't want to), according to Match's chief dating expert Rachel DeAlto, but instead adapt. 
SEE ALSO: Don't despair about being single while social distancing. Here's why.
""I honestly do believe that it's an opportunity to slow down to get to know each other,"" DeAlto said in an interview with Mashable. She suggested phone calls and video chats as a way to connect.
Dating apps have started to capitalize on this, and are now offering video chat services. This week, The League announced new video dating features as well as two-week free memberships. By messaging ""#isoDate"" in the in-app Concierge, The League will provide the user with Member status for two weeks. The offer is valid as long as social distancing is encouraged. 
Image: the league
The membership grants users the ability to use League Live, a video speed-dating feature. Users go on three video call dates lasting two minutes each. Additionally, the app launched a video chat feature that allows calls without exchanging phone numbers. Users can also add 10-second videos to their profile.
The League is not the only app implementing these features. Plenty of Fish just announced a livestreaming feature, dubbed LIVE! Users in areas most impacted from the coronavirus like Washington, New York, and California can begin using it today, while it will be rolled out to over 80 percent of US users next week, and available to all global users by the end of April. 
Similarly to League Live!, Plenty of Fish users can play a game called NextDate that's akin to speed dating. Users can chat to potential matches for 90 seconds, then decide if they want to move to a one-on-one call. 
Image: plenty of fish
""I'm excited to offer this free feature to our members in the hopes it allows people to have fun and build meaningful relationships virtually, while face-to-face interaction is temporarily limited,"" said Plenty of Fish CEO c Green in a press release. 
At this point, we don't know when exactly social distancing will end; it could well take months. This means that dating apps need to retool their offers to fit our new dating landscape. People cannot just send a few messages and meet up in person anymore. While it's not certain, it will not be surprising if more apps follow The League and Plenty of Fish's lead.
""There is so much technology,"" said DeAlto, ""so whatever you are planning on doing... going for drinks or going for dinner, you can do all that virtually."" Apps should prepare for ""dating in the time of corona."" (Sorry.)"
3,"{'id': 'mashable', 'name': 'Mashable'}",Amanda Yeo,Jimmy Kimmel hides from the coronavirus and his kids in a home office monologue,"""Yesterday our president Donald Trump gave himself a 10 out of 10 for the way he's handled this situation,"" said Jimmy Kimmel from his home office on Tuesday. ""Gave himself a 10. Which, incidentally, is the same amount of testing kits that are currently avail…",https://mashable.com/video/jimmy-kimmel-coronavirus-quarantine-self-isolation-monologue/,https://mondrian.mashable.com/2020%252F03%252F18%252F30%252Fbf0019675b544368a3f7855ce6f70013.96b74.png%252F1200x630.png?signature=EYpNgnNtWwFyabIOEXBukaULRv0=,2020-03-18T03:41:18Z,"""Yesterday our president Donald Trump gave himself a 10 out of 10 for the way he's handled this situation,"" said Jimmy Kimmel from his home office on Tuesday. ""Gave himself a 10. Which, incidentally, is the same amount of testing kits that are currently available in the United States right now.""
Late night show hosts are delivering their monologues from home for the foreseeable future, as the coronavirus shuts down production and turns everyone into sudden, involuntary hermits. This includes Kimmel, who hid from his children in order to record a quick six-minute video.
""Thank god for television,"" said Kimmel. ""My blood type now is Disney Positive, or Disney Plus, whatever they call it.""
Kimmel pledged to record daily monologues until production on Jimmy Kimmel Live resumes. He also committed to donating to a different cause each day, starting with No Kid Hungry.
""Really the only way we're gonna to get through this is by sticking together while of course remaining at a CDC-approved distance of at least six feet apart,"" said Kimmel."
4,"{'id': 'mashable', 'name': 'Mashable'}",Haley Henschel,Here's where you can still buy a thermometer amid coronavirus shortages,"As the new coronavirus outbreak causes nationwide retailers to sell out of supplies like toilet paper, canned goods, hand sanitizer, and face masks, you'd think thermometers would be especially hard to find right now, right? Well, sort of. While Walmart, Best…",https://mashable.com/shopping/march-20-thermometers-amazon/,https://mondrian.mashable.com/2020%252F03%252F20%252F5c%252Fabf9ca86f6b442f09a3df72ecd91e723.51349.png%252F1200x630.png?signature=_TgaG9JQnVGyO-x5Q8O2ppPphY0=,2020-03-20T15:21:47Z,"As the new coronavirus outbreak causes nationwide retailers to sell out of supplies like toilet paper, canned goods,hand sanitizer, and face masks, you'd think thermometers would be especially hard to find right now, right?
Well, sort of. While Walmart, Best Buy, and Target are all completely sold out, Amazon still has a bunch of digital oral thermometers and a handful of those fancy infrared/""no-touch"" ones in stock as of March 20. (The only type of thermometer that *wasn't* widely available on the site the last time we checked was the traditional glass variety, but you probably don't want one of those, anyway they're super fragile.) 
The only catch is that most of the models Amazon's still got up for grabs aren't scheduled to ship until mid-April or May at the earliest, and some brands are dabbling in price-gouging
 given the current consumer demand. Such are the times we live in, unfortunately.
SEE ALSO: We have a potent weapon against coronavirus. We should use it.
We wouldn't be surprised if Amazon's available stock dwindled dramatically within the coming days, so if you don't already have a thermometer in your medicine cabinet, consider ordering one ASAP:
Oral thermometers
Infrared thermometers
Note: Prices and availability are accurate at time of publication."
5,"{'id': 'mashable', 'name': 'Mashable'}",Duncan Ballantine,Save 20% on REI gear and practice social distancing by going outside,"TL;DR: REI members get 20% off one full priced item and can get an extra 20% off one discounted REI Outlet item with code MEMPERKS2020 through April 6. Practice social distancing in its purest, original form: outdoors and alone in nature. Whether in your back…",https://mashable.com/shopping/march-20-rei-outdoor-gear-coupon-code/,https://mondrian.mashable.com/2020%252F03%252F18%252F93%252Fec8f1aaaf9bd412bb5acfa84ba6ed844.26fd1.jpg%252F1200x630.jpg?signature=GUGhyGuvzEzoHmDv48Hqi1MBucA=,2020-03-20T09:00:00Z,"TL;DR:REI members get 20% off one full priced item and can get an extra 20% off one discounted REI Outlet item with code MEMPERKS2020 through April 6.
Practice social distancing in its purest, original form: outdoors and alone in nature. Whether in your backyard, community park, or on a local trail, fresh air and the great outdoors can work wonders on your morale.
REI is taking the COVID-19 health crisis seriously and has closed their 162 retail stores nationwide until March 27. On the bright side, the REI online shop is business as usual. The even brighter side? REI Members can get a 20% discount on one full-priced item, and an extra 20% off one REI Outlet item using code MEMPERKS2020 through April 6. 
Theres more saving with free shipping on all orders over $50 until March 27.
No fear if you're not an REI member; lifetime membership costs $20.00 and comes with nifty perks and exclusive deals. Then theres REIs Annual Dividend program, which gets you 10% of your total years purchases back in store credit. Free money? Yes please! 
Here are some top outdoor gear picks from the REI Store and REI Outlet, all on sale:
Safety first
National Geographic Series Utility Pack - 40L from Eagle Creek ($120.73, normally $199)
Create a Go Bag and pack emergency essentials into this large, convenient bag built to protect its contents from any tough environment. Were not saying you need to doomsday prep, but theres wisdom in having a first aid kit, flashlight, batteries, and non-perishable goods all in one spot.
Clean drinking water is essential for any kit or camping trip. This gravity-powered water filtration system is simple to use and effectively removes 99.9999% of bacteria from the water source.
Useful must-haves
Black Diamond Spot 325 Headlamp($31.96, normally $39.95)
No kit is complete without a trusty headlamp. Black Diamond is known for their durable, quality products, and their Spot 325 headlamp tops REIs Best Headlamp of 2020 list with its superior brightness, battery life, features, and comfort. It also comes in eight rad colors to let your personality shine.
SOG PowerPlay Multi-Tool with Hex Bit Kit($51.78, normally $89.85)
SOG is a tried and true brand that builds their rugged tools to the highest standards. This handy multi-tool comes with 18 tools and its blades can be accessed with one hand, making it perfect for when youre in a pinch.
Just for fun
ENO DoubleNest Hammock($55.96, normally $69.95
Treat yourself (and a buddy) to a comfy, portable hammock, deployable practically anywhere. This two-person hammock is lightweight, durable, and easy to set up. Dont forget to pick up an Atlas Hammock Suspension System to strap your hammock to a tree for some spontaneous relaxation."
6,"{'id': 'mashable', 'name': 'Mashable'}",Veronika Kero,"20 cheap, expert-led online courses you can take while social distancing","Bored out of your mind? You're not the only one. With mounting precautions regarding COVID-19, people across the world have been stuck at home in the name of social distancing. At first, you may have welcomed the idea of a quarantine with open arms. For start…",https://mashable.com/shopping/march-22-online-courses-sale/,https://mondrian.mashable.com/2020%252F03%252F22%252Fe4%252F876ca976896347b5a1fb4491382f8ca5.c55e2.jpg%252F1200x630.jpg?signature=bBO5Vbm4QQYutgn9CTQxvpnSWDc=,2020-03-22T11:40:06Z,"Bored out of your mind? You're not the only one. With mounting precautions regarding COVID-19, people across the world have been stuck at home in the name of social distancing. 
At first, you may have welcomed the idea of a quarantine with open arms. For starters, how bad can it be to stay home and watch Netflix in bed? After some time, however, you may find yourself going a bit stir crazy, unsure how to fill all this newfound free time.
If you are looking for a productive way to use your time in quarantine, then you should make the commitment to learning a brand new skill. Perhaps there is a language you have always sought to become fluent in but never had the time, or maybe there's a certification that you have wanted to earn in order to boost your resume. 
Right now, more and more experts are putting courses online for this exact reason, and we've gathered 20 options to get you started. Plus, if you enter the code SPRINGSAVE40 at checkout, you can save an additional 40% on any of the below. 
Learn to code
The Course: The 2020 Learn to Code Full Stack Developer Certification Bundle
This certification bundle includes fifty hours of instruction designed to help you learn how to code from scratch.  You will learn from top instructors such as John Elder, a Web Developer who created one of the first Internet advertising networks back in 1997, and Rob Percival, a best-selling instructor who aims to make learning to code as easy as possible. While this would typically cost $38.99, you can enroll in all nine included courses for just $23.99 with code SPRINGSAVE40.
Start a side gig
The Course: The 2020 Side-Hustle Bundle
The 2020 Side-Hustle bundle includes courses on everything from copywriting to running a freelance business to e-commerce to real estate, You will even learn how to create professional presentations, how to make a substantial profit, and how to turn a hobby into a full-time income in whatever path you choose. All eight courses would typically cost $34.66, but you can enroll here for just $20.80 with code SPRINGSAVE40.
Study up on photography
The Course: The Complete Photography Side Business Bundle
If you have ever wanted to learn how to take incredible photos, then now is the time to do so. This bundle includes ten courses covering everything from taking pictures to editing them. You'll even get started in Adobe Lightroom so that you take your photos to a semi-pro or pro level. With code SPRINGSAVE40, you can snag this bundle for just $17.40.
Learn to use Adobe CC
The Course: The All-in-One Adobe Creative Cloud Suite Certification Bundle
Did you know that understanding how to use Adobe Creative Cloud can increase your earning potential? With this all-in-one bundle, you will become a pro in Adobe Photoshop, InDesign, Illustrator, XD, After Effects, and Premiere. Users rave about these courses, in fact, with more than 330 reviews, this bundle currently has an average rating of 5-stars. Enter the aforementioned code to get all eight courses for just $20.40.
Become a copywriter
The Course: The 2020 Complete Digital Copywriting Master Class Bundle
This master class in copywriting is taught by some of the best in the business. Alan Sharpe, a 30-year veteran copywriter, has been teaching since 1989. He's taught more than 20,000 students how to write persuasively that's a lot of persuasive writers out there! You will learn how to create powerful content that will grab attention and generate leads over 11 courses for just $23.39 with code SPRINGSAVE40.
Get tips on landing a new job
The Course: The 2020 Job Seekers Playbook Bundle
If you are currently looking for a new job, then this is the bundle for you. The 2020 Job Seekers Playbook has expert-taught courses on how to elevate your résumé and stand out from your competitors. You will learn how to craft an effective cover letter, become a LinkedIn wizard, as well as learn tips for giving a stellar interview. Access to all 10 courses will cost you a mere $17.99 with code SPRINGSAVE40.
Brush up on business skills
The Course: The Complete Business Professional Bootcamp Bundle
No matter what industry you are in or are working towards, this six-course bundle will help you climb the career ladder with good old fashioned business skills. Whether you are a beginner or a veteran in the business world, you will benefit from courses on everything from Microsoft Excel to PowerPoint. Moreover, you will gain knowledge on how to be an effective leader who thinks critically. Typically $29.99, this bundle will cost you just $17.99 with code SPRINGSAVE40.
Become an algorithmic trader
The Course: QuantInsti®: Quantitative Trading for Beginners Bundle
Over the past few weeks, the stock market has reached record levels of volatility. With this bundle, you will learn how to implement a powerful technique called algorithmic trading to better navigate the ups and downs of the market. You'll start with the basics, eventually moving on to utilizing tools and languages like Python, Machine Learning, Forex, IBridgePy, and Quant. There are seven courses included, but you will pay just $29.40 total with code SPRINGSAVE40.
Get Salesforce certified
The Course: Salesforce Certification Essentials Bundle
This 46-hour bundle includes three courses covering the key Salesforce techniques and tools you'll need to know to pass their rigorous certification exams. At your own pace, you learn to implement, configure, and manage Sales and Service Clouds, as well as implement automation, security, troubleshooting, user interfaces, and customized apps. After completion, you'll be ready to take Salesforce's certification exams and give your résumé a significant boost. It would typically cost you $39.99, but that price drops to just $23.99 with code SPRINGSAVE40.
Study up on digital marketing
The Course: The 2020 Complete Digital Marketing for Beginners Bundle
If you want to become a digital marketing pro, then it's best you learn from both the conventional and unconventional masters. One of the instructors, Chris Haroun, is an award-winning business school professor, venture capitalist, MBA graduate from Columbia University and former Goldman Sachs employee. Another is Sacha Stevenson, a full-time YouTuber with over 100,000,000 YouTube views. With the bundle, you will tackle everything from Tiktok to SEO. Use code SPRINGSAVE40 to get the entire bundle for just $47.99.
Give your brain a workout and improve your memory
The Course: The Ultimate Memory Mastery Bundle
Your brain is more powerful than you realize. This 20-hour course teaches you how to improve your memory with proven psychology and neuroscience techniques. Not only will you learn to remember more information, but you will boost your brain and improve your focus. Dive in for just $11.99 when you use code SPRINGSAVE40.
Become an in-demand data scientist
The Course: The 2020 All-in-One Data Scientist Mega Bundle
Understanding, manipulating, and presenting data has become a vital tool in the world of business, whether you are a new entrepreneur or working for a large corporation. With this bundle, you will master different data processes such as visualization, computing, and analysis. Plus, you will also learn how to use data across various platforms and languages such as Python, Apache, Hadoop, R, and more! Enter code SPRINGSAVE40 to enroll and start studying up on data science for just $23.99.
Learn to speak Italian
The Course: The Complete 30-Day Italian Language Learning Bundle
Have you always wanted to learn a new language but just didn't have the time? In just 30-days, you could be speaking like an Italian local with this learning track. The coursework is broken into three-minute chunks of learning, so you can even study up between tasks around the house. Get on your way to speaking Italian or just $15.59 with code SPRINGSAVE40.
Become an IT professional
Course: The Total CompTIA Core Certification Prep Bundle
If you want to become an IT professional, then you are going to want to ace the CompTIA Core Exams. Mike Meyers, aka ""Alpha Geek"", is the industry leader on CompTIA Certifications and heads up this five-course learning track. With his guidance, you will learn everything from basic IT skills and infrastructure to troubleshooting and managing networks. Enter code SPRINGSAVE40 to enroll in all five courses for just $23.97.
Specialize in Lean Six Sigma project management
The Course: The Ultimate Guide to Lean Six Sigma Certification Bundle
Lean Six Sigma combines two popular project management methodologies that work to pave a clear path for operational effectiveness. The first course in this bundle will teach you what this method is, while the second course will take a deep dive into these powerful concepts. After completion, you will receive a PDF certificate that you can show off on your LinkedIn profile. Enter code SPRINGSAVE40 to enroll for just $29.99.
Become a cybersecurity expert
The Course: The A-Z Cybersecurity Developer Bundle
If you want to become an expert in cybersecurity, look no further than this course taught by ITU Online, a company known for creating the highest quality courses in IT training. After completing 170-hours of instruction, you will be ready to land an in-demand job in cybersecurity. Get access to all included coursework for just $23.99 with code SPRINGSAVE40.
Study up on videography
The Course: The Complete Videography Bundle: Beginner to Expert
With over 44 hours of instruction over 10 courses, this bundle covers everything from production to editing in industry-standard tools. Most notably, you will become a master in Adobe After Effects, Final Cut Pro 7, Adobe Premiere Pro CC, and Camtasia. Enroll now for 40% off with code SPRINGSAVE40, and pay just $17.99.
Take courses in electrical engineering
The Course: The Introductory Electrical Engineering Master Class Bundle
Want to start a career in electrical engineering? This five-course bundle will teach you the foundational skills you need to thrive. And, with more than 500 reviews online and an average rating of 5-stars, you can rest assured that you are getting your money's worth. Normally $25, this bundle will cost you just $15 with code SPRINGSAVE40.
Dive into the world of Blockchain
The Course: The Complete Blockchain &amp; Ethereum Programmer Bundle
This 10-course bundle will teach you the fundamentals of blockchain with real-world examples across a variety of industries. You will learn how to create Blockchain applications using Hyperledger Composer, understand and work with cryptocurrency, and learn how to make initial coin offerings profitable. Normally $29, this bundle is on sale for just $17.40 with code SPRINGSAVE40.
Master Microsoft Excel
The Course: The Complete Microsoft Excel &amp; VBA Bundle
Perhaps you've worked with Excel before. Perhaps it's even front and center on your résumé, but how well do you really know the incredibly efficient program? This bundle will teach you to save time through the automation of repetitive tasks. It packs nine courses covering everything from beginner to advanced levels, including how to create data models and pivot tables, dive deep into formulas and functions, and much more. Normally $29.99, the bundle is just $17.99 with code SPRINGSAVE40."
7,"{'id': 'mashable', 'name': 'Mashable'}",Alison Foreman,Lin-Manuel Miranda dropped an unheard 'Hamilton' track just when we needed it most,"Lin-Manuel Miranda just wants to help. On Thursday, the Hamilton creator dropped a never-before-heard song from his Tony Award-winning musical in an effort to calm fans amid the coronavirus outbreak. Notably, all Broadway productions have been stopped as a so…",https://mashable.com/article/new-hamilton-song/,https://mondrian.mashable.com/2020%252F03%252F13%252Fae%252Fff45833fa9ff4519b38f27c3fd15edf0.68843.png%252F1200x630.png?signature=Vxu0PUBiFpXhNG4qnS9kx0lNgmY=,2020-03-13T00:18:47Z,"Lin-Manuel Miranda just wants to help. 
On Thursday, the Hamilton creator dropped a never-before-heard song from his Tony Award-winning musical in an effort to calm fans amid the coronavirus outbreak. Notably, all Broadway productions have been stopped as a social distancing precaution and will not return until April 12. Numerous other Hamilton performances in the U.S., including dates in San Francisco and Los Angeles, have been canceled.
""Wish I could send you peace of mind via this app,"" Miranda said in a tweet, following other statements of concern for those affected by COVID-19 he had posted earlier in the day. 
""Alas. But I can send you music no one's heard. Here's a cut Hamilton/Washington tune called I Have This Friend. No one's heard it, not even [Hamilton director Thomas] Kail."" 
Wish I could send you peace of mind via this app.Alas.But I can send you music no one's heard. Here's a cut Hamilton/Washington tune called I Have This Friend. No one's heard it, not even Kail.Funnier if you picture me and @ChrisisSingin singing it.https://t.co/lhkLP0jQeT
 Lin-Manuel Miranda (@Lin_Manuel) March 12, 2020
The cut track is a Hamilton and Washington duet that would have originally taken place before ""The Reynolds Pamphlet"" where the company number ""Hurricane"" occurs. 
In the song's description on SoundCloud, Miranda wrote: ""Stay safe out there. Love you.""
You too, buddy. You too."
8,"{'id': 'mashable', 'name': 'Mashable'}",Amanda Yeo,Google asks tens of thousands of U.S. workers to stay home amid coronavirus fears,"As concern about the coronavirus continues to build, many workplaces are encouraging people to work remotely to prevent it from spreading further. Now, in one of the biggest such moves yet, Google has asked all its employees in the U.S. and Canada to work fro…",https://mashable.com/article/google-coronavirus-work-from-home-america-canada/,https://mondrian.mashable.com/2020%252F03%252F11%252F95%252Fb2826ecd37d84019ae7249bbcb6ec176.b102b.jpg%252F1200x630.jpg?signature=HLgwFpwkti5HrFsamGl8itXyzbg=,2020-03-11T00:17:53Z,"As concern about the coronavirus continues to build, many workplaces are encouraging people to work remotely to prevent it from spreading further. Now, in one of the biggest such moves yet, Google has asked all its employees in the U.S. and Canada to work from home for at least a month. 
The new policy was announced in a memo to workers on Tuesday, and confirmed by a Google spokesperson to Business Insider. Those who are able to work remotely have been told to do so for an entire month, staying away from Google's offices until at least April 10. 
Google has also recommended that employees in Europe work from home, and issued advice to its international offices depending upon the local situation. Google has numerous offices around the globe, however, some 100,000 of its workers are based in North America, according to CNBC.
SEE ALSO: Here's what's happening to tech workers who can't work remotely as coronavirus spreads
""Contributing to social distancing if you are able to, helps the overall community spread and most importantly, will help offset the peak loads through critical healthcare systems and also saves it for people in need. (based on expert advice),"" tweeted Google and Alphabet CEO Sundar Pichai on Tuesday. ""Please contribute if you are able to.""
Contributing to social distancing if you are able to, helps the overall community spread and most importantly, will help offset the peak loads through critical healthcare systems and also saves it for people in need. (based on expert advice). Please contribute if you are able to https://t.co/RNUh2kSyIJ
 Sundar Pichai (@sundarpichai) March 10, 2020
Of course, not everyone is able. Those unable to work remotely will still be able to go to Google's offices, which will remain open. In a blog post published on March 6, Pichar noted that affected hourly service workers would be compensated for time they otherwise would have worked. Mashable contacted Google for further clarification on the new policy, and will update if it responds.
According to the World Health Organisation, the global count of confirmed COVID-19 cases is currently at 113,851, with 4,015 fatalities. COVID-19 is the disease caused by the coronavirus. The U.S. has 472 reported cases and 19 deaths, while Canada has 77 cases."
9,"{'id': 'mashable', 'name': 'Mashable'}",Nicole Gallucci,Trump criticized after making careless comments about the coronavirus on Fox News,"Please, do some research before listening to anything Donald Trump says about the coronavirus. In an interview with Fox News on Wednesday night, Trump spoke very freely about the new coronavirus (which results in the disease that's been officially named COVID…",https://mashable.com/article/donald-trump-coronavirus-sick-work-from-home/,https://mondrian.mashable.com/2020%252F03%252F05%252F41%252F0b0805eafadf4812b685a84d1b0f4a37.2be64.png%252F1200x630.png?signature=0kyVPnaFH-NqTLbfvdQEYghLH4I=,2020-03-05T15:42:43Z,"Please, do some research before listening to anything Donald Trump says about the coronavirus.
In an interview with Fox News on Wednesday night, Trump spoke very freely about the new coronavirus (which results in the disease that's been officially named COVID-19). Let's just say not everything the president said coincided with the advice of public officials.
In a clip shared to Twitter by Matt Rogers, Chief Strategist at Politidope, Trump can be heard saying ""A lot of people will have this and it gets better very rapidly, they don't even see a doctor, they don't even call a doctor. You never hear about those people, so you can't put them down in the category of the overall population in terms of this coronaflu, or virus. So you just can't do that.""
Trump goes on to say, ""If we have thousands or hundreds of thousands of people that get better by sitting around and even going to work, some of them go to work, but they get better."" 
SEE ALSO: 14 ways to greet someone that don't involve shaking hands
In addition to advising people to properly and frequently wash their hands and refrain from touching their faces, the Center for Disease Control and Prevention (CDC) has also urged anyone who feels ill or exhibits coronavirus symptoms to stay home from work in hopes of preventing potentially deadly germs from spreading.
With more than 95,000 confirmed coronavirus cases around the world and more than 3,200 coronavirus-related deaths, Trump's comments which seemed to downplay the severity of the global situation were criticized to the extent that he felt the need to issue a tweet.
""I NEVER said people that are feeling sick should go to work,"" Trump tweeted on Thursday morning. While it's true he didn't outright say that people with the coronavirus should go to work, he essentially implied that if you're exhibiting symptoms of the disease you don't have to take them seriously because there's a chance you'll heal on your own.
I NEVER said people that are feeling sick should go to work. This is just more Fake News and disinformation put out by the Democrats, in particular MSDNC. Comcast covers the CoronaVirus situation horribly, only looking to do harm to the incredible &amp; successful effort being made!
 Donald J. Trump (@realDonaldTrump) March 5, 2020
Trump also said that some people with symptoms go to work and ""get better"" but did not condemn that choice or echo the concerns of healthcare professionals and public officials. His comments come a day after he said he hadn't touched his face in weeks, which was clearly a lie.
FYI Trump didnt say people SHOULD go to work if they have Coronavirus. He said they DO go to work. 
Though it certainly sounded like he was endorsing the idea. 
In this case, its his carelessness with words thats the problem. And we cant afford carelessness right now.
 Chris Murphy (@ChrisMurphyCT) March 5, 2020
As coronavirus cases continue to spread some companies are advising employees to work from home, and several have cancelled non-essential business travel, including pulling out of conferences and events such as SXSW.
As president of the United States, it's clear to understand why Trump might want to downplay the disease updates and attempt to keep people from panicking, but he also has a responsibility to provide accurate information and listen to officials who have a deeper knowledge of the situation."
10,"{'id': 'mashable', 'name': 'Mashable'}",Nicole Gallucci,Who are you supposed to sing 'Happy Birthday' to when washing your hands?,"This morning I sang ""Happy Birthday to You"" to myself in the bathroom even though it isn't my birthday. It felt wrong. I was washing my hands, as I've done approximately 50 times over the past two days, because I've now joined the masses of paranoid people wo…",https://mashable.com/article/coronavirus-washing-hands-20-seconds-sing-happy-birthday/,https://mondrian.mashable.com/2020%252F03%252F06%252Fa9%252F4bbab6ca478247aba4abd2076fa8c504.e7746.jpg%252F1200x630.jpg?signature=RTNbxZIsvywuWWKq4YYp_mk13Fg=,2020-03-06T17:29:49Z,"This morning I sang ""Happy Birthday to You"" to myself in the bathroom even though it isn't my birthday. 
It felt wrong.
I was washing my hands, as I've done approximately 50 times over the past two days, because I've now joined the masses of paranoid people worried about contracting the new coronavirus (which results in the disease that's been officially named COVID-19). As I was lathering up, I remembered that the Center for Disease Control and Prevention (CDC) advised people to scrub for at least 20 seconds, which is about the time it takes to sing ""Happy Birthday"" twice.
I decided to try the musical self-timing method and began singing ""Happy Birthday to You"" in my head while washing my hands. When it came time to insert the name of the person celebrating a birthday, however, I froze. Who was I supposed to be singing to?
SEE ALSO: 14 ways to greet someone that don't involve shaking hands
After a few seconds of blankly staring at myself in the mirror wondering why the CDC failed to tell people who to sing ""Happy Birthday"" to, I decided I had to pick a name. Any name. I naturally chose myself and started singing the song all over again. But upon hearing myself think words, ""Happy birthday dear Nicole,"" while standing alone in a bathroom two months before my actual birthday, I cringed.  
My next thought was that I should dedicate my hand washing song to someone else. ""Do I sing to like, John Krasinski?"" I wondered. But before I could restart the song a third time I realized that all of these setbacks had likely brought my hand washing time to more than 20 seconds, so I simply stopped washing and turned off the water. 
Ultimately, I wouldn't say my first run at singing while scrubbing my hands went well. I was left feeling confused and annoyed, and decided to ask the internet who they sang to during their own hand washing parties.
Honestly? To myself!
 Kally Lavoie (@MissKallyLavoie) March 6, 2020
It's clear that some people feel comfortable singing to themselves or simply humming the tune without thinking of any lyrics. But for anyone like myself unable to comfortably complete either of those tasks, here's what I suggest: If you don't personally know someone celebrating a birthday while you're washing your hands, sing to a celebrity.
There are a bunch of online resources for learning celebrity birthdays, and though these people will never know you're celebrating their day in a restroom while washing your hands, at least you'll be singing with purpose. When I wash my hands before lunch today, I'll be singing ""Happy Birthday"" to actress and activist Connie Britton, who turns 53 today. In addition to the Friday Night Lights star, Shaquille O'Neal was born on March 6, so I may dedicate my pre-dinner hand wash to him.
If you can't find a celebrity you feel like celebrating, you can always sing to Creed Bratton, like Michael Scott did during that one episode of The Office. And if you want to be extra cautious, you can tack on a few extra seconds to your wash by adding ""cha-cha-chas.""
Now that I have some clearer hand washing direction, I feel fully equipped to properly kill germs. My only remaining fear is that the song ""Happy Birthday"" can get pretty annoying after a while. So for those who grow tired of singing it, or simply refuse to ever sing it in the first place, here are some alternative 20-second tunes you can wash to instead.
Helpful Twitter threads, like this one from @JenMonnier, list several songs with catchy 20-second choruses from Beyoncé's ""Love On Top"" and Toto's ""Africa"" to Lizzo's ""Truth Hurts.""
You're supposed to wash your hands for 20 sec, which is the time it takes to sing Happy Birthday twice. But I'm tired of singing Happy Birthday and you probably are too, so I've done the very important public service of compiling other songs with roughly 20 sec choruses to sing:
 Jen Monnier (@JenMonnier) March 2, 2020
People are sharing a slew of other ways to pass the 20 seconds it takes to submerge your hands in soap and water, too. And if all else fails, you can always sing the pizza bagel jingle. Or, you know, just count to 20.
Apparently, to minimise risk of coronavirus, you should wash hands for at least 20 secs, which is approximately how long it takes to sing Happy Birthday or God Save The Queen.
Neither tune appeals to me, but Ive found that humming the Imperial March quite quickly works a treat. pic.twitter.com/uOwWCSzAik
 Damon Evans (@damocrat) March 2, 2020
FUN HANDWASHING TIP:20 seconds is precisely the amount of time from ""I see a little silhouetto of a man"" to ""I'm just a poor boy nobody loves me"" in Bohemian Rhapsody, and is way more fun to sing while you wash your hands than that Happy Birthday bullshit.
 Karen (@KarennChameleon) March 2, 2020
youve all heard that one of the main things we can do to prevent the spread of coronavirus is to wash our hands frequently for 20 seconds. 
happy birthday can get boring so i present: taylors greatest 20-second hits to wash your hands to
spread the word, not germs! pic.twitter.com/raGNRW3BbL
 JEN (@inallmydreams13) March 5, 2020
Hopefully these guidelines will help make your excessive hand washing more fun. Now if only we could master the art of not touching our faces."
11,"{'id': 'mashable', 'name': 'Mashable'}",Sam Haysom,Elizabeth Warren has some sharp words for Trump's coronavirus reaction,"As we've learned from the recent Democratic debates, Elizabeth Warren is something of an expert when it comes to verbally destroying her rivals — and during her Monday night appearance on Jimmy Kimmel Live!, she once again showcased her skills. This time, the…",https://mashable.com/video/elizabeth-warren-trump-coronavirus-reaction/,https://mondrian.mashable.com/2020%252F03%252F03%252F99%252Ff2c121004e354c6ea8a95532e0d6d29a.4b8f4.jpg%252F1200x630.jpg?signature=bcTGvLPAOFXCymskyuJp5KTQTBs=,2020-03-03T11:55:56Z,"As we've learned from the recent Democratic debates, Elizabeth Warren is something of an expert when it comes to verbally destroying her rivals and during her Monday night appearance on Jimmy Kimmel Live!, she once again showcased her skills.
This time, the man in the spotlight was one Donald Trump and, specifically, his worryingly casual reaction to the coronavirus (known officially as COVID-19).
""This is really about leadership,"" says Warren. ""And it's why, when serious problems come, you can't just have a guy who believes in magic as the President of the United States.""
""I don't even think he believes in that,"" quips Kimmel in response.
""Oh come on,"" responds Warren. ""The things he says about himself, he must believe in magic.""
Ouch."
12,"{'id': 'mashable', 'name': 'Mashable'}",Jack Morse,Google cancels annual I/O developer conference due to coronavirus fears,"Google's playing it safe. The tech giant emailed would-be attendees of its annual Google I/O developer conference today to let them know that the ""physical"" event would be canceled. Much like Facebook's cancelation of its own developer conference, F8, Google …",https://mashable.com/article/google-io-2020-canceled-coronavirus/,https://mondrian.mashable.com/2020%252F03%252F03%252Fa9%252Ffb6c47da279d4a91a13d140554cb217d.36fdb.jpg%252F1200x630.jpg?signature=W-uY6o-34fVPya3krRDDEW_Lmz8=,2020-03-03T21:13:59Z,"Google's playing it safe. 
The tech giant emailed would-be attendees of its annual Google I/O developer conference today to let them know that the ""physical"" event would be canceled. Much like Facebook's cancelation of its own developer conference, F8, Google placed the blame on the coronavirus. 
""Due to concerns around the coronavirus (COVID-19), and in accordance with health guidance from the CDC, WHO, and other health authorities, we have decided to cancel the physical Google I/O event at Shoreline Amphitheater,"" reads the email sent to ticket purchasers. 
We've reached out to Google to confirm the cancelation and the email, but received no immediate response. 
The event, originally scheduled for May 12 through May 14, will not take place IRL. However, the email suggests that there may be some kind of live streamed version. 
""Over the coming weeks, we will explore other ways to evolve Google I/O to best connect with our developer community,"" continues the email. 
This idea goes hand-in-hand with a message from Google CEO Sundar Pichai stating his company's intention to make some of Google Hangouts' paid-tier features more widely available. 
SEE ALSO: Google trolled from the sky at I/O developer 'festival'
""We want to help businesses and schools impacted by COVID-19 stay connected: starting this week, we'll roll out free access to our advanced Hangouts Meet video-conferencing capabilities through July 1, 2020 to all G Suite customers globally,"" wrote Pichai on Twitter.
The future, or at least the future of 2020, appears to be remote and Google is wasting no time time embracing it."
13,"{'id': 'mashable', 'name': 'Mashable'}",Nicole Gallucci,Costco reportedly stops handing out free samples in some stores due to coronavirus,"The days of leisurely strolling through Costco and sampling free food may be over. Temporarily, at least. As cases of the new coronavirus (which results in the disease COVID-19 ) continue to spread, Costco is reportedly taking precautionary measures and suspe…",https://mashable.com/article/costco-free-samples-coronavirus/,https://mondrian.mashable.com/2020%252F03%252F07%252Fee%252F945cb8f1bf86415190b68a3c74a6f322.2c53a.png%252F1200x630.png?signature=N1MF7ejOnHpeoqrpw7rSIOdJu_k=,2020-03-07T15:37:36Z,"The days of leisurely strolling through Costco and sampling free food may be over. Temporarily, at least.
As cases of the new coronavirus (which results in the disease COVID-19) continue to spread, Costco is reportedly taking precautionary measures and suspending free food samples in select stores.
On Friday, Business Insider reported that certain Costco stores in the U.S. and China have suspended free samples. It remains unclear if free samples will be suspended in all U.S. stores or simply those in areas significantly impacted by the coronavirus, but USA Todaynotes that Costco stores in California, Washington, and Florida are unsure when they'll start offering free samples again.
SEE ALSO: Who are you supposed to sing 'Happy Birthday' to when washing your hands?
Recently, Costco shoppers have been mocked online for snacking on samples amidst the coronavirus panic. And on Thursday night, some Reddit users claimed that Costco was starting to suspend samples in stores.
God bless the 100% of people doomsday prepping at Costco right now and still eating the little food samples sitting out for everyone to touch!
 Maureen Beat (@artxltd) March 4, 2020
A Reddit post called ""Samples suspended until further notice!"" was shared by someone who claimed their mother-in-law is a sample server for Club Demonstration Services (CDS) at Costco in Santa Maria, California. Per the website, CDS is the ""in-house marketing provider to Costco"" known for using face-to-face interaction to engage and inform customers about products.
""Today [she] was told they will not be serving samples for the foreseeable future. Costco is allowing CDS workers to work at the warehouse in various other capacities until samples are resumed,"" the Reddit post continued.
An Instagram post from @costcodeals also claimed that another sample server from CDS confirmed that samples are suspended at the moment.
While the Center for Disease Control and Prevention (CDC) has said that there's no evidence to suggest that the virus can be transmitted through food, it's still a problem because customers have to interact with the people handing out the food. 
Coronaviruses are reportedly spread from person to person by close contact, respiratory droplets, or touching an infected surface. That's why washing your hands and refraining from touching your face are such important preventative measures, and it's also why free samples are being viewed as a bit of a risk.
Costco isn't the only grocery chain reevaluating its sample procedures. A recent Trader Joes memo to employees, which was viewed by Business Insider, reportedly calls for changes in the way free samples are handed out in stores. 
""Serve samples with a fork or spoon, so customers do not need to use their hands to eat the sample,"" the memo instructs.
While it's sad to see free samples go, with more than 101,000 confirmed cases of coronavirus around the world, it's clear why extra caution is being taken.
Mashable reached out to both Costco and Club Demonstration Services for comment, and will update this article if we receive responses."
14,"{'id': 'mashable', 'name': 'Mashable'}",Tim Marcin,Quarantined Wuhan kids find brilliant way to get out of schoolwork,"Kids are amazing. Even in, or perhaps especially in, difficult times. As the world frets over the novel coronavirus outbreak that's killed thousands, children at the epidemic's epicenter found a creative way to get out of doing schoolwork. A report in the Lon…",https://mashable.com/article/wuhan-kids-app-coronavirus/,https://mondrian.mashable.com/2020%252F03%252F07%252Ff1%252F64aa1afc02ee47019317bb82159c03a9.fb10d.png%252F1200x630.png?signature=Agmdx9aHMRRQS0vrQ3TZBIDMsRs=,2020-03-07T20:31:20Z,"Kids are amazing. Even in, or perhaps especially in, difficult times. 
As the world frets over the novel coronavirus outbreak that's killed thousands, children at the epidemic's epicenter found a creative way to get out of doing schoolwork. 
A report in the London Review of Books detailed what life has been like in Wuhan, the area in China where the new coronavirus first broke out. Among the harrowing details, there was one lighthearted bit of information. 
Schools were shut down as the spread worsened. And the quarantined kids were relieved to be off school ... until they learned an app called DingTalk had been adopted so kids could get lessons and homework remotely. But that didn't stop the children from beating the system. 
The LRB article noted: 
""Somehow the little brats worked out that if enough users gave the app a one-star review it would get booted off the App Store. Tens of thousands of reviews flooded in, and DingTalks rating plummeted overnight from 4.9 to 1.4. The app has had to beg for mercy on social media: 'I'm only five years old myself, please dont kill me.'""
Those rascals. What ingenuity. 
We're seeing the best and worst of the human condition in the time of coronavirus
From the worst files: The Toilet Paper Wars
The best: Wuhan kids tuning in for school online amid lockdown work out that by giving 1-star reviews they can get their homework app taken offline https://t.co/BGUptdFZR4
 Talia Shadwell (@TaliaShadwell) March 7, 2020
And listen, the coronavirus outbreak is scary, deadly, and, well, it doesn't seem like things are going to improve anytime soon. All we can do is wash our hands, listen to advice from health officials, and try to keep our collective anxiety in check as the virus spreads throughout the world in the weeks and months to come. Oh and try to stop touching your face. 
But all that aside, amid those fears, we can at least we can revel in our shared humanity. And there is nothing more human than some wildly creative kids finding an ingenious way to get out of school work."
15,"{'id': 'mashable', 'name': 'Mashable'}",Rachel Thompson,Kim Kardashian shares how she's entertaining her kids during social distancing,Keeping children entertained and engaged during social distancing is quite the challenge. But it's important to make sure kids don't miss out on their childhood due to the new coronavirus (COVID-19) outbreak. Last week Kim Kardashian asked her Instagram follo…,https://mashable.com/video/kim-kardashian-kids-social-distancing/,https://mondrian.mashable.com/2020%252F03%252F31%252F71%252F8e57c7df5e0d4666b643f85ea1da324b.a1ef5.png%252F1200x630.png?signature=3VgU3kGTABVCxvUm1m_lU_AY7TA=,2020-03-31T09:31:58Z,"Keeping children entertained and engaged during social distancing is quite the challenge. But it's important to make sure kids don't miss out on their childhood due to the new coronavirus (COVID-19) outbreak. 
Last week Kim Kardashian asked her Instagram followers for fun suggestions for keeping North, Saint, Chicago, and Psalm entertained and on Monday she shared some of the ways she's been keeping them busy during a video chat with Jimmy Fallon. 
Aside from homeschooling and edible slime, Kim explained they've also been taking regular physical exercise breaks. ""They have to stop for PE and go run up and down in the backyard or they do this yoga, Pokémon yoga,"" she says.
They've also been buiding forts (""every room in the house is a different fort"") and watching movies from Kim's childhood.
""I have tried to get the kids to watch other movies other than just cartoons,"" she explains. ""We watched Harry and the Hendersons, like old '80s movies that I grew up on.""
As for Kim's own social distancing hobbies, she's been keeping busy watching Love Is Blind and Tiger King on Netflix. Same, TBH."
16,"{'id': 'mashable', 'name': 'Mashable'}",PCMag,AT&T to increase mobile hotspot data by 15GB in April,"We're all leaning on our mobile data a little more these days, which is why AT&T is giving mobility customers and small businesses a boost to help them through the COVID-19 crisis. From April 2 through May 13, the telecom will automatically increase mobile ho…",https://mashable.com/article/att-coronavirus-mobile-hotspot-data-increase/,https://mondrian.mashable.com/2020%252F03%252F31%252F50%252Fb02c665812f8496c90fbd85f2d1ced08.328e3.jpg%252F1200x630.jpg?signature=Hunm7Usocb3_oWEmsn6LE6I_mqU=,2020-03-31T16:04:45Z,"We're all leaning on our mobile data a little more these days, which is why AT&amp;T is giving mobility customers and small businesses a boost to help them through the COVID-19 crisis.
From April 2 through May 13, the telecom will automatically increase mobile hotspot data by 15GB a month for each line on an unlimited plan (that currently includes a monthly tethering allotment). For instance, those on the Unlimited Elite plan will receive 45GB a month of tethering per line.
""AT&amp;T's commitment is to keep our customers and employees connected in these unprecedented timeswhether that's a video call to a loved one, learning in a virtual classroom, collaborating with colleagues or streaming your favorite shows,"" David Christopher, executive vice president and general manager of AT&amp;T Mobility, said in a statement.
Wireless carriers and ISPs have been expanding service plans and improving data capacity during the COVID-19 pandemic. AT&amp;T recently chipped in by lifting data caps for broadband subscribers who otherwise could end up paying upwards of $100 for additional coverage. The company also launched a new prepaid service plan, offering unlimited talk and text plus 2GB of data for $15 a month. If you exceed that limit, though, expect your data to be throttled (but not entirely cut off). Plus, AT&amp;T is topping up existing prepaid and Cricket subscribers' plans by 10GB for the next two months, while new subscribers get an additional 10GB for one month (excluding that 2GB plan).
In the market for a new device? Purchase or upgrade online for free express shipping and AT&amp;T will waive or credit its activation, upgrade, and restocking fees. Wireless customers can also get 20 percent off accessories when ordering online. And in an effort to reduce human interaction, AT&amp;T encourages folks to visit its digital store or use the MyAT&amp;T app and take advantage of new fast-free, no-contract delivery optionsincluding curb-side pickup and doorstep drop off.
This article originally published at PCMag
here"
17,"{'id': 'mashable', 'name': 'Mashable'}",Amanda Yeo,Stephen Colbert would like someone to TP his house for April Fools' Day,"April Fools' Day is looming, but nobody is in the mood for jokes. Tolerance for tomfoolery is at an all-time low, as the coronavirus pandemic has people hoarding toilet paper and staying confined to their homes. ""At this point the only April Fools' joke I wan…",https://mashable.com/video/stephen-colbert-april-fools-coronavirus/,https://mondrian.mashable.com/2020%252F04%252F01%252Fb9%252Fa363612211ec41e7b4a171a33ba9eb34.7e12b.png%252F1200x630.png?signature=GSOdkIvgwS05KZP4FJomMV4sYF8=,2020-04-01T05:24:51Z,"April Fools' Day is looming, but nobody is in the mood for jokes. Tolerance for tomfoolery is at an all-time low, as the coronavirus pandemic has people hoarding toilet paper and staying confined to their homes.
""At this point the only April Fools' joke I want is someone TP-ing my house, preferably in two-ply, quilted,"" quipped Late Show host Stephen Colbert, recording the show from his home. ""I have a very sensitive backdoor.""
Fortunately Americans' efforts at social distancing seem to be paying off, as early real-time data suggests coronavirus infection rates appear to be slowing.
""It's working!"" said Colbert. ""Just keep doing it America! And by 'it,' of course, I mean nothing."""
18,"{'id': 'mashable', 'name': 'Mashable'}",Rachel Thompson,UK Prime Minister Boris Johnson tests positive for coronavirus,"UK Prime Minister Boris Johnson has confirmed he has tested positive for the new coronavirus (COVID-19) after developing ""mild symptoms"" over the last 24 hours. In a video, Johnson said he had a temperature and a persistent cough. He is now self-isolating but…",https://mashable.com/article/boris-johnson-coronavirus/,https://mondrian.mashable.com/2020%252F03%252F27%252Fb5%252F2ce8cf345a494f89b792d7869705e131.e9f21.jpg%252F1200x630.jpg?signature=_UtjebNyS7X4AHX2fYguVbp2u6Y=,2020-03-27T11:41:08Z,"UK Prime Minister Boris Johnson has confirmed he has tested positive for the new coronavirus (COVID-19) after developing ""mild symptoms"" over the last 24 hours. 
In a video, Johnson said he had a temperature and a persistent cough. He is now self-isolating but said he would continue to ""lead the government's response"" to coronavirus via video-conference. 
""On the advice of the chief medical officer, that has come out positive so I am working from home, I'm self-isolating, and that's entirely the right thing to do,"" said 55-year-old Johnson.
""But be in no doubt that I can continue thanks to the wizardry of modern technology to communicate with all my top team to lead the national fight back against coronavirus,"" he added. 
Over the last 24 hours I have developed mild symptoms and tested positive for coronavirus.
I am now self-isolating, but I will continue to lead the governments response via video-conference as we fight this virus.
Together we will beat this. #StayHomeSaveLivespic.twitter.com/9Te6aFP0Ri
 Boris Johnson #StayHomeSaveLives (@BorisJohnson) March 27, 2020
""I want to thank everybody who's involved, above all our amazing NHS staff. It was very moving last night to join in that national clap for the NHS,"" Johnson added, in reference to the UK's #ClapForOurCarers tribute. 
SEE ALSO: Millions across the UK clap and cheer NHS workers in emotional tribute
The news of Johnson's diagnosis comes after Prince Charles, heir to the British throne also tested positive for the virus. Prince Charles is currently self-isolating at home in Scotland, following UK government and NHS advice. 
Earlier this week, Johnson placed the UK under lockdown, issuing a stay-at-home order. Under the new strict measures, people are only permitted to leave their homes for food, health reasons, or work (if it's not possible to be done from home) in an effort to slow the spread of the virus. 
""I want to thank you, I want to thank everybody who's working to keep our country going through this epidemic,"" Johnson added in his video statement. 
""We will get through it."""
19,"{'id': 'mashable', 'name': 'Mashable'}",Amanda Yeo,'Boo hoo': Seth Meyers has no sympathy for Trump's coronavirus cabin fever,"Cabin fever is setting in across America as people stay home due to the coronavirus, and the White House is no exception. Recording from his private study (definitely not a garage), Late Night host Seth Meyers noted on Thursday that President Donald Trump is …",https://mashable.com/video/seth-meyers-coronavirus-donald-trump-cabin-fever/,https://mondrian.mashable.com/2020%252F03%252F27%252F5d%252F0e19b12c770445cc8c6e1fb07366a642.7a183.png%252F1200x630.png?signature=LLntrv5FY24jAmT9l0IQOh_0Qjg=,2020-03-27T03:25:38Z,"Cabin fever is setting in across America as people stay home due to the coronavirus, and the White House is no exception. Recording from his private study (definitely not a garage), Late Night host Seth Meyers noted on Thursday that President Donald Trump is reportedly so bored he's actually been going to meetings.
""It's really gotta suck for everyone else in the White House now that Trump is trapped inside and showing up to meetings,"" said Meyers. ""It's like trying to work from home while babysitting your kids."" (Insert obligatory caveat that it isn't babysitting if they're your kids.)
Meyers notes Trump's boredom could be part of the reason he's so eager to reopen the country in a few weeks, despite medical experts saying the coronavirus crisis is unlikely to have abated by then. To Trump's cabin fever, Meyers says: ""Boo hoo.""
""I'm sorry you're bored stuck in America's most famous house that has its own personal chef and a bowling alley."""
