,source,author,title,description,url,urlToImage,publishedAt,content
0,"{'id': 'mashable', 'name': 'Mashable'}",Veronika Kero,"Get this set of 9 washable, reusable grocery bags for more than 40% off","TL;DR: Be more eco-friendly with Lotus Produce Bags that are 43% off, dropping the price to just $16.99 as of March 28. While the entire population is being urged to stay home to slow the spread of COVID-19, we're all still human and need food to live. So, of…",https://mashable.com/shopping/march-28-reusable-produce-bags-sale/,https://mondrian.mashable.com/2020%252F03%252F28%252F46%252Fd836f2af5f9846be942df124dcb8352d.73b31.jpg%252F1200x630.jpg?signature=rF3WjkVc2_XB5KREXUlHlpJlkIQ=,2020-03-28T09:00:00Z,"TL;DR: Be more eco-friendly with Lotus Produce Bags that are 43% off, dropping the price to just $16.99 as of March 28. 
While the entire population is being urged to stay home to slow the spread of COVID-19, we're all still human and need food to live. So, of course, grocery stores are staying open. 
This set of nine Lotus Produce Bags includes three different sizes for all your varying needs. They're all double-stitched on the sides for increased strength and support, feature drawstring closures, and each one can hold up to 50 pounds. And obviously, they're not just for produce. You can throw your other essentials in them as well, like cleaning products, paper goods, and everyday self-care items. 
Check them out:
Lotus Produce Bags are also machine washable, so for safety and health precautions, definitely do your part and wash them in between uses. Regularly washing fabrics with detergent can help stop the spread of the coronavirus, according to the CDC guidelines, which is essential during these times. 
A set of nine usually costs $30, but you can save over 40% and snag a pack for just $16.99. Plus, a percentage of your purchase goes to high-impact non-profits that protect our oceans. And we could all use a little bit of good in our lives these days."
1,"{'id': 'mashable', 'name': 'Mashable'}",Sam Haysom,Jimmy Fallon and Trevor Noah share a heartwarming video call from their homes,"Jimmy Fallon knows how to make use of limited resources. He's been doing The Tonight Show from his house for a week now, and he keeps finding ways to make the thing longer. Monday's clocks in at almost 30 minutes, and features two interviews, a monologue, cam…",https://mashable.com/video/jimmy-fallon-trevor-noah-video-chat/,https://mondrian.mashable.com/2020%252F03%252F24%252F29%252Fb9f17cd36a8f48029c5d87e878f7297d.db8bb.jpg%252F1200x630.jpg?signature=udiR8As4_cR4gM01D5FL8ILJLXg=,2020-03-24T10:03:27Z,"Jimmy Fallon knows how to make use of limited resources. He's been doing The Tonight Show from his house for a week now, and he keeps finding ways to make the thing longer. Monday's clocks in at almost 30 minutes, and features two interviews, a monologue, cameos from his wife, dog, and children, and even an enjoyably tenuous cowboy-themed sketch called ""Go on, git.""
At the heart of the show is a video chat with Trevor Noah, where the two talk about how they're both faring with the social distancing measures in place to stop the spread of COVID-19. Noah also talks about the charity he's currently raising money for, No Kid Hungry, which aims to feed the children who will have lost healthy meals due to recent school closures.
""For me, feeding kids is something you take for granted,"" says Noah. ""I know what it was like to grow up in a home where we didn't have food all the time. I know what it was like to go for two or three nights not eating, and I don't think any kid should have to go through that."""
2,"{'id': 'mashable', 'name': 'Mashable'}",Rachel Thompson,Coronavirus is making abortion access more difficult in the UK,"The UK is now under lockdown. Britons are only permitted to leave their homes for food, health reasons, or work (if it's not possible to be done from home) in a bid to slow the spread of the new coronavirus (COVID-19). Abortion services in the UK are under co…",https://mashable.com/article/coronavirus-abortion-access-uk/,https://mondrian.mashable.com/2020%252F03%252F25%252F34%252F9b008ecf968b45fc86309c86220e1774.bb9b5.jpg%252F1200x630.jpg?signature=z7fnpJPZbByG4uuQZ9tQW3A0SJ4=,2020-03-25T15:36:57Z,"The UK is now under lockdown. 
Britons are only permitted to leave their homes for food, health reasons, or work (if it's not possible to be done from home) in a bid to slow the spread of the new coronavirus (COVID-19).
Abortion services in the UK are under considerable strain as a result of the coronavirus outbreak. Women with severe health issues who've been advised to self-isolate say they're being forced to choose between risking their health by leaving their house and continuing with an unwanted pregnancy that could imperil their health, according to the British Pregnancy Advisory Service (BPAS). 
A quarter of abortion clinics run by BPAS closed on Tuesday as a result of staff sickness and self-isolation, per a statement emailed to Mashable. BPAS sees 100,000 women per year for reproductive healthcare services. It estimates that at least 44,000 women will need access to abortion services over the next 13 weeks as the pandemic reaches its peak. 
Currently, those seeking abortion services will need to leave their homes and travel to a clinic. For those living in areas affected by clinic closures, BPAS warns that women might need to travel ""across the country for care and to mix in cramped NHS waiting rooms where distancing is impossible."" Earlier this week, the UK government published and later inexplicably retracted changes to abortion law permitting women to take both pills for early medical abortions in their own homes without needing to attend a clinic or hospital. The Department of Health and Social Care (DHSC) initially published a new guidance, stating: ""The secretary of state for health and social care has approved two temporary measures in England to limit the transmission of coronavirus (COVID-19) and ensure continued access to early medical abortion services."" Five hours later, the published guidance permitting telemedicine for abortion was deleted. 
Telemedicine for abortion has been recommended by evidence-based bodies such as NICE (the National Institute for Health and Care Excellence). Under English law, women must take the first of two pills required for abortion in an abortion clinic. The second pill can be taken at home between 48 and 72 hours after the first pill was taken. In Scotland and Wales, women can take both pills at home. 
SEE ALSO: Abortion and same-sex marriage are now legal in Northern Ireland
Dr Jonathan Lord, medical director for Marie Stopes UK, said the organisation is ""horrified by the governments U-turn, which was made with no explanation or regard for the advice of clinical experts."" 
""Women are already bearing the brunt of this cruel, reckless, and irresponsible decision and being forced out of self-isolation to mix unnecessarily with others, endangering both their health and that of frontline NHS staff, at the same time as putting more pressure on a health service already stretched to the limit,"" said Lord. 
""We have already heard widespread reports across the NHS of women being unable to access services, leaving them extremely distressed at a time when they need care the most. If the regulations are not changed urgently, women may be left with no option but to seek care illegally and will be denied the standards of care they deserve.""
For women and girls who are immunocompromised, leaving their home to go to an abortion clinic presents a very real risk to their health. One woman told BPAS she is in a ""dire situation"" as she has an underlying health condition and needs to access abortion services. ""Im a high risk individual due to my previous medical history and asthma. This has left me in a dire situation and when the temporary measures came about [to enable telemedicine] I definitely saw light at the end of the tunnel,"" she told BPAS. ""Without provision of measures like this, I will either risk myself to COVID-19 while attempting to make my way to an appointment, have to resort to illegal practices outside of the healthcare system or keep the pregnancy for longer which is harmful both to me and the child as it grows and develops.""
Another woman told BPAS that her child has underlying health conditions and that travelling to an abortion clinic would endanger her child's health as well as her own. ""My daughter is at risk of life-threatening complications from this virus. We have been advised for some time to practice social distancing to minimise risk, it is unfair to be put in this type of position,"" she told BPAS. ""Given the severity of the situation and the current health advice there must be some type of provision for accessing the treatment without the need to physically attend the clinic.""
""Women are not getting the care they need""
Stella Creasy, Labour MP for Walthamstow, told Mashable we need clarity from the government at this moment of national crisis. ""With the NHS under increased pressure and social distancing a priority, it's time to do everything we can to ensure that women's reproductive rights are not undermined during this crisis,"" said Creasy. ""44,000 women will need access to abortion services in the next 13 weeks and we need to make sure they can do so during lockdown.
""We need women to be able to take both sets of early medical abortion medication at home so that they do not need to take an unnecessary journey during lockdown, putting further strain on the NHS,"" Creasy added, urging The Secretary of State for Health Matt Hancock to change his mind on the matter. 
Ann Furedi, chief executive of BPAS, said in a statement that abortion services are already buckling and at risk of collapse.
""Women are not getting the care they need,"" Furedi said. ""The prime minister needs to listen and act on the scientific evidence. With the entire country shut down, why on earth are we forcing women who could safely be treated at home to travel considerable distances including women with severe health problems who have been told to self-isolate? It is absurd, its reckless and its easily fixed.""
Reproductive healthcare professionals are calling on Boris Johnson to intervene and allow women access to telemedicine for abortion. 
Dr Kate Guthrie, spokeswoman for Women on Web which helps women who want to buy the tablets online  said they are being contacted by women who cannot leave their homes due to the pandemic. ""They are desperate, and their emails are heartbreaking,"" said Guthrie. ""We call on the prime minister to do the right thing by women in the most desperate of circumstances and approve telemedical abortion services as a matter of urgency.""
Dr Jonathan Lord said he was concerned that the government, in backtracking on its decision, had moved away from acting on science and evidence.""We implore the government to act on science, evidence and expert clinical advice to limit the spread of COVID-19 as well as ensure continued access to abortion care, instead of reacting to extreme pressure groups who have a strong anti-woman agenda,"" he said in a statement. 
Access to reproductive services are being affected in other parts of the world due to the coronavirus outbreak. In the U.S. the states of Ohio and Texas have categorised abortions among non-essential surgical procedures that are being temporarily delayed due to coronavirus, thus limiting access to reproductive healthcare. 
Mashable reached out to the DHSC for clarity but did not hear back immediately."
3,"{'id': 'mashable', 'name': 'Mashable'}",Nicole Gallucci,"Dogs and cats are refusing to let their humans work out at home, and it's pretty hilarious","Everyone handles self-isolation differently, but many find it helpful to establish some sort of daily routine. For those who enjoy regularly working out — or who have decided to give exercising a try because they won't be moving around as much — a routine cou…",https://mashable.com/article/dogs-cats-interrupt-home-workouts/,https://mondrian.mashable.com/2020%252F03%252F25%252F4d%252F71160b8509824b64a9d555f844b71fcc.7650a.jpg%252F1200x630.jpg?signature=7a7uyjpA4PeN0RklDpio9K2ABns=,2020-03-25T19:45:33Z,"Everyone handles self-isolation differently, but many find it helpful to establish some sort of daily routine.
For those who enjoy regularly working out  or who have decided to give exercising a try because they won't be moving around as much a routine could be as simple as setting aside a time each day to work out in the house.
Since people in the U.S. and around the world are being asked to stay home as part of a large social distancing effort to slow the spread of the new coronavirus (which results in the respiratory disease COVID-19,) more and more people are working out indoors.
There are a bunch of free workout services, fitness apps, and YouTube channels that can help you stay active in the comfort of your own home, but if you have a pet exercising indoors might not be so simple.
SEE ALSO: Trump retweets Dr. Fauci facepalming in an amazing self-own
Turns out, household pets like dogs and cats aren't huge fans of giving their humans space to work out. So when pet owners attempt to do yoga, jump rope, or do push-ups at home, their animals keep interrupting. 
People have recently started documenting their failed workouts on social media, and luckily for us, many have shared photos and videos of their furry gym buddies. Please enjoy, and always remember to check for pets before you squat.
I tried to do an online workout today, and Eleanor Roosevelt decided she needed to whisper conspiracy theories into my nostrils the whole time. pic.twitter.com/0napkC5iw7
 Mary Laura Philpott (@MaryLauraPh) March 25, 2020
I tried to work out. My cat decided I was the perfect spot to nap. This is day 10 of my social distancing - its not easy but we can do it! Going on walks away from people helps. pic.twitter.com/DhR2ma1mMN
 Madison Bateman (@madisonbateman) March 22, 2020
These pets just want to play, so be sure to give them some attention and perhaps try to safely incorporate them into your exercise routine."
4,"{'id': 'mashable', 'name': 'Mashable'}",Rachel Thompson,Prince Charles tests positive for coronavirus,"Prince Charles has tested positive for the new coronavirus (COVID-19), Clarence House has confirmed. The Prince of Wales, 71, has mild symptoms ""but otherwise remains in good health,"" according to a Clarence House statement. Charles has been working from home…",https://mashable.com/article/prince-charles-coronavirus/,https://mondrian.mashable.com/2020%252F03%252F25%252F03%252F7094bdc12f164b5e8374ce1896d7d6e6.fc3b3.jpg%252F1200x630.jpg?signature=Py0XsV4WAXL9URs54cvEJbdXy8M=,2020-03-25T11:04:28Z,"Prince Charles has tested positive for the new coronavirus (COVID-19), Clarence House has confirmed. 
The Prince of Wales, 71, has mild symptoms ""but otherwise remains in good health,"" according to a Clarence House statement. Charles has been working from home over the past few days. 
The Duchess of Cornwall has tested negative for coronavirus. The couple are self-isolating at home in Scotland, following UK government and NHS advice. 
SEE ALSO: 'Please stay at home, we beg you': Hospital respiratory team sends powerful message
""The tests were carried out by the NHS in Aberdeenshire where they met the criteria required for testing,"" the statement added.
""It is not possible to ascertain from whom the Prince caught the virus owing to the high number of engagements he carried out in his public role during recent weeks,"" it continued.
Prince Charles is Queen Elizabeth II's eldest child, and is therefore next in line to the British throne. 
Following Charles' diagnosis, Buckingham Palace confirmed that Prince Charles last saw the Queen, 93, on the morning on 12 March. Buckingham Palace said in a statement to Sky News: ""Her Majesty The Queen remains in good health.""
""The Queen last saw the Prince of Wales briefly on 12 March and is following all the appropriate advice with regard to her welfare. We will not be commenting further,"" the statement continued."
5,"{'id': 'mashable', 'name': 'Mashable'}",Natasha Piñon,"Amid campus closures, LGBTQ college students need mental health support. Here's how to help.","Weeks ago, college campuses around the country started closing their doors to curb the spread of the coronavirus. And it's unlikely that the weeks and months to come will bring an end to both the pandemic, and the difficulties faced by students navigating a d…",https://mashable.com/article/lgbtq-mental-health-resources-coronavirus/,https://mondrian.mashable.com/2020%252F03%252F30%252Ff5%252Fdceeed609fc44e7d8ed13f43a228cbd2.4ba35.png%252F1200x630.png?signature=35lMzDHTXTsZXk-fpkKXubsYLYE=,2020-03-30T17:59:17Z,"Weeks ago, college campuses around the country started closing their doors to curb the spread of the coronavirus. And it's unlikely that the weeks and months to come will bring an end to both the pandemic, and the difficulties faced by students navigating a dramatically different campus (and world).  
Amid all the problems exacerbated by school closures, mental health support for LGBTQ students remains crucial, but potentially harder to access, according to experts consulted by Mashable. 
Everyone's mental health should be a priority right now: The isolation necessary to flatten the curve, the process in which protective measures are taken in order to ensure the number of cases doesn't overwhelm the capacity of the healthcare system, takes a psychic toll on those obeying mandated social distancing as well as those in states with stay-at-home orders, a toll that may last after the pandemic gets under control. 
For LGBTQ youth, there are increased risks associated with campus closures and the isolation that comes with it, which can cut them off from key mental health resources, according to Dr. Tia Dole, the chief clinical operations officer at the Trevor Project, a LGBTQ crisis intervention support network. 
In addition to lacking the support provided by peers and campus LGBTQ centers, some students, if they attend school away from home, might be returning to unwelcoming home environments. This can have a disastrous impact on mental health: According to recent research from the Trevor Project, over 25 percent of LGBTQ youth who lacked an accepting adult in their life reported attempting suicide in the previous year. LGBTQ youth who did have at least one accepting adult in their life were 40 percent less likely to report a suicide attempt in the previous year. Additionally, Dole notes that many students first embrace their LGBTQ identity in college, whether by finally getting others to use their proper pronouns or by first sharing this identity with others. As such, returning home on such short notice and being physically cut off from the campus community can halt a natural developmental process where young people form their identities within a supportive community. 
COVID-19, the official term for the disease caused by the virus, is already impacting the way LGBTQ youth engage with mental health resources: A Trevor Project representative told Mashable via email that nearly 20 percent of its crisis contacts from LGBTQ youth in the last week have mentioned COVID-19. 
Mashable talked to Dr. Dole, and Ellen Kahn, the senior director of programs and partnerships at LGBTQ advocacy group Human Rights Campaign to get insight on how to give LGBTQ college students the mental health support they need right now. We also spoke with Grant Gebetsbergerand Marley Hillman, two students at Tufts University, to determine what worked best for them and the LGBTQ community at their school. They organized a mutual aid system on their campus as it shut down in order to help connect students to housing, food, storage, and transportation. They then faced their own mental health struggles when they had to leave. For everyone engaging with LGBTQ college students today, here's how they recommended helping out. 
Fellow LGBTQ students 
If you're currently socially distancing, you've probably already noticed one thing: It can be incredibly isolating. Some LGBTQ students with closed campuses might be feeling this isolation on two additional fronts, Kahn notes. Students returning home to unsupportive households can feel socially isolated within their family unit, while students who stayed on or near campus and are now alone, can feel isolated from their family, friends, and school community. 
On top of that, HRC notes that some students might not have anywhere to turn. Their only alternative housing might be a potentially unsafe or abusive home. Or they could be facing job loss, which exacerbates housing insecurity for an already vulnerable population. The organization provided resources for students in this situation in a Twitter thread. HRC recommends talking with your student affairs department to arrange temporary housing, which some colleges are allowing on a case-by-case basis, as well as looking to your local LGBTQ center for other resources and housing support. 
For all LGBTQ youth facing compounded mental health struggles right now, Dole, Kahn, Gebetsberger, and Hillman stressed a similar message: Make sure you're still maintaining a sense of community that you found while on campus with others. 
To that end, Dole and Kahn suggest moving your on-campus support systems online. Dole recommends that campus LGBTQ centers hold Google hangouts, group phone calls, and Zoom meetings, and that students connect with their friends regularly through video and phone calls.
Hillman and Gebetsberger, the Tufts students, have found these efforts effective. 
""I think one thing that has been really heartening is that everybody has been virtually checking on each other,"" Hillman said. ""It shows the strength and importance of community care."" 
Gebetsberger says calling friends on FaceTime or sending Snapchats at particularly mundane times, like when eating lunch, has really helped him retain a sense of normalcy. It feels like casually hanging out with friends at school, he explains. And, of course, there are always memes. 
""Meme pages that I'm in have been blowing up,"" Gebetsberger said. ""It really helps to laugh."" 
For all the support that LGBTQ students might be giving to each other through sharing memes and sending Snapchats, Kahn, Dole, Gebetsberger, and Hillman also encourage students to take some time to focus on their own wellbeing as well, arguing that this can matter just as much as helping others. 
Dole points out that LGBTQ students used to community reliance, and aware of the mental health burden caused by the pandemic, might be tempted to overextend themselves while offering mental health support to their friends and peers. 
Instead of doing this, she encourages students to find a healthy balance that works for them. 
""Make sure that you're setting appropriate boundaries with your friends,"" Dole said. ""Don't overextend yourself. It's okay to say that you don't have the bandwidth for something. Do things for yourself: Find even 20 minutes to not be online. Take a walk outside. You need space to center yourself."" 
Parents 
No matter what your relationship was like with your LGBTQ teen when they were still in the house, Kahn and Dole stress that this can be a beneficial time to bolster your kid's mental health by engaging in thoughtful discussions about their past experiences (and current needs). 
When Gebetsberger returned to his native Ohio, where he has a supportive family and plenty of happy memories, he still found his mental health plunging. It was unclear how long he would be away from the community he had found both at school, where he had lots of queer friends, and during summers spent doing internships in Washington, D.C., where he enjoyed LGBTQ nightlife.
In Kahn and Dole's experience, this is hardly a rare occurrence. LGBTQ students returning home, whether to hospitable families or not, are going to be working through a host of personal issues, not only because of their identity but also simply because they were once adolescents in the homes they're returning to: For some students, like Gebetsberger, the last time they were in their family home for an extended period was back in high school. 
""That's a time when you're hyperaware of how your peers perceive you, and you look to your family for a sense of belonging and safety,"" Kahn said.  
Kahn and Dole encourage parents to intentionally reevaluate how welcoming their home was in the past, particularly parents of kids who first embraced their LGBTQ identity after going to college. Although you may not have previously known your child's sexual orientation or gender identity, now that you do, you're given an opportunity to be a resource and rethink how you've discussed LGBTQ issues in the past. They suggest working to un-learn some of the harmful lessons that may have been taught, wittingly or unwittingly, over the years. 
Kahn recommends taking stock of language specifically. She notes this is important to do even when you're not all stuck at home together while social distancing because ""your kids are listening from an early age to the way you talk about sexuality, gender, and LGBTQ people."" 
She suggests reflecting on potential past usage of phrases that establish straight and cisgender people as the norm, like, ""Someday your wife will say..."" Instead, think of more inclusive options to use, and discuss these options with your kids to see if they have insights or preferences.
Dole notes that, from a developmental process, a parent's relationship to their children will be changing as kids leave (and now return) home, so reflecting on the past can also open up new conversations. This can help give them new avenues to talk about their identity. 
""Take this time to rethink your relationships a bit,"" Dole said. ""We're all stuck inside together, and this is a great opportunity to change your behavior."" 
Dole suggests asking questions that reflect your changing relationship, like about what kind of emotional support your young adult needs now, particularly with respect to their identity and identity formation. 
Overall, working to ensure that your household is currently welcoming, regardless of past mistakes, can help the overall mental health of LGBTQ students returning home, Kahn and Dole said. 
Allies 
It might be tempting, Kahn notes, for allies to the LGBTQ community, whether within a school community or not, to instantly reach out directly to all the college-going LGBTQ folks they know, offering support. 
This is surely well-intentioned, but Kahn encourages allies to first equip themselves with proper mental health resources. She says it's important to understand what services are currently out there, and how they can be utilized in this era of social distancing. For general support, Kahn recommends resources like this one from HRC, which helps LGBTQ youth find direct online and phone support. 
Additionally, Dole points out that lots of therapy practices have moved online. School counseling might be available online or via phone as well, so a good first step is simply being aware of the changes to commonly accessed mental health resources like these. That said, it's important to note that rules for receiving mental health treatment on the phone or by video can vary depending on your insurance or where you live. As Mashable reported earlier this month, it's possible that Medicaid and private insurance may not reimburse this kind of treatment. 
Rather than directly sending resources to LGBTQ youth that you know, which might embarrass some students if you don't know them that well (and would not reach those who haven't revealed their sexual or gender identity to you), Kahn suggests posting about them on your own social media accounts. (If you're a professor, she notes you can include them in email blasts to students.) By doing so, you'll achieve two things: In the short term, you'll be connecting youth with helpful information; in the long term, you'll also be making clear (especially for those who have yet to share their sexual orientation or gender identity) that you're someone who can serve as a resource down the road. 
On top of that, methods for continuing your allyship that you already practice throughout the year will prove helpful now and when this current crisis eventually subsides.
A representative from the Trevor Project shared a few key tips with Mashable via email. First, just as you're presumably checking in with loved ones right now, the Trevor Project recommends checking in with LGBTQ friends and family year-round. In interactions with LGBTQ youth, the representative encourages practicing empathy, and listening without judgment, which can help to foster a safe and accepting environment wherever you are. Additionally, try sharing mental health and self-care resources specifically geared towards LGBTQ youth. And finally, if you know of any LGBTQ young person who feels hopeless or suicidal, you should connect them with the Trevor Project's crisis resources.
At this unprecedented time, making it clear that you're there for LGBTQ youth is crucial, due to the isolation and intense stress they might be feeling but Kahn wants everyone to understand that this should continue year-round. 
""You're making it clear you're a safe person,"" Kahn said. ""You can do that now, or at any point in their life."" 
If you want to talk to someone or are experiencing suicidal thoughts, the TrevorLifeline provides free, confidential counseling. To reach a counselor, call 1-866-488-7386 or text START to 678678. You can also talk to a crisis counselor at Crisis Text Line by testing HOME to 741741. Here is alistof international resources."
6,"{'id': 'mashable', 'name': 'Mashable'}",Alex Perry,Google bolsters New York's overburdened unemployment website,"It hasn't been easy for newly unemployed New Yorkers to apply for benefits in the midst of the coronavirus pandemic, so Google tried to make the website better. The New York state government announced a partnership with a handful of tech companies in a press …",https://mashable.com/article/google-new-york-coronavirus-unemployment-website/,https://mondrian.mashable.com/2020%252F04%252F10%252F8f%252F0e4a45b660fc4cadb108df15bb24346f.b8b53.jpg%252F1200x630.jpg?signature=zTQdVKoBwLWJ79VaCY_ekyZEQ18=,2020-04-10T13:56:41Z,"It hasn't been easy for newly unemployed New Yorkers to apply for benefits in the midst of the coronavirus pandemic, so Google tried to make the website better.
The New York state government announced a partnership with a handful of tech companies in a press release on Thursday. Most notably, Google Cloud infrastructure has been used to improve and reinforce the state's online unemployment benefits application page. It had to go offline for a couple hours on Thursday evening, but should now theoretically be able to handle a higher load than before.
Performance wasn't the only thing that got enhanced. The unemployment website also got the ability to save incomplete applications, in case a user needs to step away and come back later. It should also work better on a variety of devices like smartphones and tablets. Finally, the press release promised a streamlined experience with fewer questions to answer.
SEE ALSO: Those optimistic coronavirus numbers expect you to keep hardcore social distancing
To say New York's previous unemployment infrastructure wasn't up to the task would be a massive understatement. Hundreds of thousands of freshly let go New Yorkers have tried to apply for unemployment in the past few weeks, but many applicants experienced system crashes that left them empty-handed. 
Though the Empire State has been by far the hardest hit by the pandemic, the entire country has seen a surge of unemployment claims that have put enormous pressure on the systems in place to handle them. There were 6.6 million unemployment claims filed nationwide last week alone. 
Google isn't the only company partnering with New York in this endeavor. Deloitte is opening a large-scale call center, while Verizon is helping increase the Department of Labor call center's capacity. Of course, Google also launched a dedicated coronavirus help site in late March, though it didn't exactly do what the president said it would do."
7,"{'id': 'mashable', 'name': 'Mashable'}",Amanda Yeo,"Trump wants praise for how he's handled coronavirus, and Seth Meyers is not having it","President Donald Trump spent months ignoring repeated warnings about the coronavirus pandemic from both medical experts and government officials. Such experts have roundly criticised the government's glacial response to the crisis, which likely cost lives and…",https://mashable.com/video/seth-meyers-donald-trump-coronavirus-praise/,https://mondrian.mashable.com/2020%252F04%252F14%252F4b%252F8fc27bc2f2d34ad39da2bd883296135e.5f003.png%252F1200x630.png?signature=nw9oqT-LzKsl2Vk0BxEW3PK9oGo=,2020-04-14T06:58:39Z,"President Donald Trump spent months ignoring repeated warnings about the coronavirus pandemic from both medical experts and government officials. Such experts have roundly criticised the government's glacial response to the crisis, which likely cost lives and made the whole situation much worse than it needed to be.
Still, the U.S. president evidently thinks the media should be more complimentary of his alleged efforts.
""You think they should say 'Congratulations, great job'? I think you're confusing a press conference with a party of some kind,"" quipped Late Night host Seth Meyers on Monday. ""But yeah, next time we can bring out a cake that says 'Congratulations on only 17 million unemployed.' Seriously we could, because in the last month or so we've all gotten pretty good at baking.""
Millions are confined to their homes due to the pandemic, doing what they can to slow the spread and stave off cabin fever. Still, it's better than being outside right now. As of today, the U.S. has confirmed over 524,000 cases of COVID-19 and over 20,000 deaths the highest number in the world. That's almost 358,000 more cases and 3,500 more deaths than Spain, the next most infected country."
8,"{'id': 'mashable', 'name': 'Mashable'}",Sasha Lekach,How to get your stimulus payment sent directly to your PayPal account,"PayPal is giving users another way to get their coronavirus relief payment. The Internal Revenue Service is technically on track to start depositing stimulus checks into qualifying Americans' accounts this week. More than 500,000 people in the U.S. have been …",https://mashable.com/article/paypal-coronavirus-irs-federal-stimulus-check/,https://mondrian.mashable.com/2020%252F04%252F13%252F0e%252Fa0b021b264ad44ffa74ffe0b7f1d6647.1b08d.jpg%252F1200x630.jpg?signature=KS_pwO5xA3RXpLWY01d6HSKsR74=,2020-04-13T18:54:39Z,"PayPal is giving users another way to get their coronavirus relief payment.
The Internal Revenue Service is technically on track to start depositing stimulus checks into qualifying Americans' accounts this week. More than 500,000 people in the U.S. have been infected by COVID-19, and more than 16 million have lost their jobs. 
While the IRS says that most Americans don't have to do anything to get the funds, users of PayPal Cash Plus can get the money sent directly into their accounts. This is especially useful if you pay bills through PayPal and need funds immediately.
To take advantage of the offer, PayPal users need to sign up for PayPal Cash Plus, which is a debit account linked to a debit card. It's a free service. Once you sign up, you can reroute the stimulus payment to your PayPal account in the IRS portal.
SEE ALSO: The IRS is launching a website to check the status of your stimulus payment
Those who made $75,000 or less as an individual tax-payer in 2018 or 2019 should receive the full $1,200 check as part of a stimulus bill Congress passed last month. Higher-earners who made up to $99,000 will receive a reduced payout. 
The company said it's working with the U.S. Department of the Treasury to add more ways to get coronavirus checks into PayPal accounts."
9,"{'id': 'mashable', 'name': 'Mashable'}",Proma Khosla,'Fleabag' stage show coming to Amazon — for charity,"Fleabag is returning to Amazon — just not the way fans might have expected. The award-winning comedy will likely never get a third season, but creator Phoebe Waller-Bridge's one-woman stage show that inspired it will soon be online. A recorded 2019 performanc…",https://mashable.com/article/fleabag-stage-amazon-charity/,https://mondrian.mashable.com/2020%252F04%252F06%252F48%252Fce6c3d25d13e4fb5a46fdadbaf47dcbf.d4dd0.jpg%252F1200x630.jpg?signature=ZJELakYR-eE29ci7XN1Go_xWKfY=,2020-04-06T15:42:30Z,"Fleabag is returning to Amazon just not the way fans might have expected. The award-winning comedy will likely never get a third season, but creator Phoebe Waller-Bridge's one-woman stage show that inspired it will soon be online.
A recorded 2019 performance of Waller-Bridge's Fleabag revival tour in London will be available for a 48-hour download on Amazon in the U.S. and U.K., and the SoHo Theatre's on demand website in the U.K., Ireland, Australia, New Zealand, and Canada.
Proceeds from all purchases will go to healthcare workers and artists affected by COVID-19 as it overwhelms medical personnel and shutters performance venues. TodayTix, Waller-Bridge, and her production company have made the initial donation and setup a GoFundMe for more. The newly-formed Fleabag Support Fund will provide grants to freelance theater workers in the U.K.
I hope this filmed performance of Fleabag can help raise money while providing a little theatrical entertainment in these isolated times,"" Waller-Bridge said in a statement per The Hollywood Reporter. ""Thank you to all our partners and to the creative team who have waived their royalties from this production to raise money for such vital causes in this unbelievably challenging situation. All money raised will support the people throughout our society who are fighting for us on the frontlines and those financially devastated by the crisis, including those in the theatre community.""
She added: ""Thank you in advance to those who donate. Now go get into bed with Fleabag! Its for charity!
Fleabag will be available for download April 10. The U.K. and Ireland can access it on SoHo On Demand now.
h/t THR"
10,"{'id': 'mashable', 'name': 'Mashable'}",Rachel Thompson,Politician has BBC Dad moment in live TV interview and it's truly a sign of the times,"It's a sign of the times we're living in. Whether it's your child toddling into the background of your video call, or your semi-clothed roommate sauntering through a Zoom meeting, BBC Dad moments are a dime-a-dozen while many of us are staying home. We are, o…",https://mashable.com/article/anneliese-dodds-child-bbc-dad/,https://mondrian.mashable.com/2020%252F04%252F06%252Fb7%252Fef4487afec94445e9d72f322f1fed778.8f6eb.png%252F1200x630.png?signature=dTAf6vDhjMMQttu0DMeRSZaM8Og=,2020-04-06T09:30:52Z,"It's a sign of the times we're living in. 
Whether it's your child toddling into the background of your video call, or your semi-clothed roommate sauntering through a Zoom meeting, BBC Dad moments are a dime-a-dozen while many of us are staying home.
We are, of course, referring to the rather endearing moment of an uninvited guest appearing during a serious interview or meeting. The UK's newly appointed shadow chancellor Anneliese Dodds was talking to Sky News' Kay Burley on live TV when she had a mid-interview visit from her daughter.
Dodds was discussing the economic impact of the new coronavirus (COVID-19). ""We need to get to the best possible situation for dealing with the virus and then ensuring we have that economic support there for businesses and individuals that they need at this time,"" said Dodds. Then, she was paid a little visit.
The UK is currently in lockdown and government guidance insists that people are only permitted to leave their homes for food, health reasons, or work (if it's not possible to work from home). Under this guidance, broadcast interviews are being conducted remotely. 
SEE ALSO: BBC Dad and his family are back to spread some joy when we need it most
""OK, somebody who wants to come and say hello to you while you're on the telly, we've seen this happen before, haven't we?"" said Burley, likely referring to BBC Dad. 
""She's welcome anytime on the programme,"" she added. 
Dodds smiled unfazed and carried on with the interview while her daughter wandered out of the room. Interruptions like this are truly welcome anytime with us."
11,"{'id': 'mashable', 'name': 'Mashable'}",Stan Schroeder,WhatsApp is making viral content less viral to fight coronavirus misinformation,"At a time when misinformation is rampant — from the supposed coronavirus cures to the ""dangers"" of 5G — major social media platforms are taking steps to keep it in check. On Tuesday, Facebook's chat app WhatsApp announced it will start limiting the way viral …",https://mashable.com/article/whatsapp-viral-sharing-coronavirus/,https://mondrian.mashable.com/2020%252F04%252F07%252F91%252F5b00ddd36cbe43268221e48dbfc673e4.6d7d0.jpg%252F1200x630.jpg?signature=RSw7_HsPmVxwee7cTQ34e494UrY=,2020-04-07T09:04:46Z,"At a time when misinformation is rampant from the supposed coronavirus cures to the ""dangers"" of 5G major social media platforms are taking steps to keep it in check. 
On Tuesday, Facebook's chat app WhatsApp announced it will start limiting the way viral messages can spread on its network.
WhatsApp already marks messages that were forwarded many times with a double arrow, so that the recipient can tell the message did not originate from a close contact. Now, WhatsApp will limit these messages so that they can only be forwarded to one chat at a time. 
""Weve seen a significant increase in the amount of forwarding which users have told us can feel overwhelming and can contribute to the spread of misinformation. We believe its important to slow the spread of these messages down to keep WhatsApp a place for personal conversation,"" the company said in a blog post. 
SEE ALSO: WhatsApp finally has dark mode
WhatsApp also says it's working with the World Health Organization and over 20 national health ministries to make sure its users have access to accurate information. 
WhatsApp first started limiting viral content in January 2019, when it limited the number of chats where a forwarded message can be shared to five, down from 256. The company says that the move led to a 25 percent decrease in message forwards globally, but it helped keep conversations on the platform ""intimate.""
Other social platforms have recently implemented measures to prevent misinformation about the coronavirus outbreak from spreading. YouTube recently said it has begun reducing recommendations of conspiracy theories related to 5G and coronavirus, while Facebook is banning ads promoting coronavirus ""cure.""
COVID-19 the disease caused by coronavirus has so far killed more than 67,800 and infected more than 1.2 million people. In the U.S., there have been more than 368,400 confirmed cases and 10,993 deaths."
12,"{'id': 'mashable', 'name': 'Mashable'}",Kellen Beck,The best YouTube videos to watch if you want to make your own face mask,"Now that the CDC is recommending we all wear cloth face masks in public, you may be wondering how exactly you can use what you have on hand to get out on public and keep others safe. As the coronavirus pandemic continues, people are uploading helpful videos o…",https://mashable.com/article/best-diy-face-mask-video/,https://mondrian.mashable.com/2020%252F04%252F04%252Fd1%252F16b38993140b4e928849dbabab18863f.d4f14.png%252F1200x630.png?signature=3d0cUI0SsXobR2p4qfqxQ3uZFAM=,2020-04-04T17:59:04Z,"Now that the CDC is recommending we all wear cloth face masks in public, you may be wondering how exactly you can use what you have on hand to get out on public and keep others safe.
As the coronavirus pandemic continues, people are uploading helpful videos on YouTube to show everyone how to make their own masks at home. Whether you're showing COVID-19 symptoms or not, you could be infected with the virus and be spreading it to others without knowing. That's where the masks come in. Covering your face can help slow the spread of the virus by protecting people around you from breathing in your germs. 
While you can still buy masks online, it's also quite easy to craft your own basic version. We've compiled the best videos to help you make a mask at home and slow the spread of this deadly virus.
Put your bandanas to use
This video shows you how to make a mask with just a bandana and two hair ties. By folding up the bandana properly, you can make a face covering that fits snuggly over your mouth and nose and keep it up with two hair ties that wrap around your ears.
The CDC-approved version
The CDC's video, starring U.S. Surgeon General Dr. Jerome Adams, takes a similar approach but shows how you can use a towel or part of a T-shirt with two rubber bands to make a competent face mask. It takes under a minute to achieve.
A more advanced mask
This tutorial from JOANN Fabric and Craft is a much more involved process and requires some materials that many people don't have readily available in their homes, but it sure makes a nice-looking mask if you can find everything you need. Their process involves elastic straps, ironing, and some light sewing to make a comfortable face covering.
The most comfortable mask 
If you're really feeling creative and have the right materials, this tutorial will show you how to create a fitted face mask with a printable pattern. If you have a sewing machine, plenty of materials (including some wire), and lots of time, this will probably give you the most comfortable face mask possible from home.
Play it safe
No matter which option you choose, keep in mind that the masks you can make at home are not on the same level as medical-grade surgical masks or N-95 respirators. But cloth masks will help you to not spread your germs around to other people in public places. By making a mask at home instead of buying a medical mask, you'll free up those more effective masks for medical professionals who are putting their own health at risk to help people who are most affected by the coronavirus.
And just because you have a mask doesn't mean you don't have to worry about social distancing. For everyone's safety, stay home whenever possible and make sure you maintain a six-foot distance from people you see out in the world."
13,"{'id': 'mashable', 'name': 'Mashable'}",Amanda Yeo,Seth Meyers mocks Trump's plan to slow coronavirus with scarves,"This week the global number of confirmed coronavirus cases climbed toward one million, with the U.S. accounting for the highest number of infections in the world. As Late Night host Seth Meyers noted on Thursday, other countries such as Taiwan and South Korea…",https://mashable.com/video/seth-meyers-coronavirus-donald-trump-response-scarves/,https://mondrian.mashable.com/2020%252F04%252F03%252Fdb%252Ff0d42e7e528c4573a4fe3d1895276e93.637c0.png%252F1200x630.png?signature=IRdr_qODEpSE4ltAqsshhx9GTpE=,2020-04-03T05:31:07Z,"This week the global number of confirmed coronavirus cases climbed toward one million, with the U.S. accounting for the highest number of infections in the world. As Late Night host Seth Meyers noted on Thursday, other countries such as Taiwan and South Korea have been much more successful at slowing the spread, their governments executing quick and decisive plans to minimise infections. 
Meanwhile, U.S. president Donald Trump recommended people use scarves as makeshift masks on Tuesday. 
""Oh great, so now the president is Martha Stewart,"" quipped Meyers, recording from the confines of his home. ""'Using a blanket, a bike helmet, and some Saran Wrap, you can make your own hazmat suit, homemade. Pretty great.'""
Meyers also noted Trump stated on a Monday phone call that he hadn't heard the U.S. had any problems testing for COVID-19, the disease caused by the coronavirus. This is despite testing issues being a verywidelyknown, prominentlyreportedproblem in the U.S.
""If you haven't heard about testing being a problem, then you need to get tested to see if you have a problem,"" said Meyers."
14,"{'id': 'mashable', 'name': 'Mashable'}",Rachel Thompson,99-year-old veteran raises £14 million for healthcare workers by walking around his garden,"Here's a story that'll warm your heart in these strange times. Captain Tom Moore, a 99-year-old veteran, has raised £14 million ($17.3 million) for the UK's National Health Service (NHS) by completing 100 laps around his back garden. Ahead of his 100th birthd…",https://mashable.com/article/captain-tom-moore-fundraiser/,https://mondrian.mashable.com/2020%252F04%252F16%252F83%252F3281d3f98aec48d5992cec7f7c7b04e9.f5a83.jpg%252F1200x630.jpg?signature=VKmXIdTLgzfHQQgrZSXr8N_vlro=,2020-04-16T15:42:51Z,"Here's a story that'll warm your heart in these strange times. 
Captain Tom Moore, a 99-year-old veteran, has raised £14 million ($17.3 million) for the UK's National Health Service (NHS) by completing 100 laps around his back garden. 
Ahead of his 100th birthday, the World War Two veteran decided he'd mark that rather significant milestone with a fundraiser for healthcare workers facing the coronavirus pandemic.
Moore originally aimed to raise £1,000 for NHS Charities Together, the collection of charities supporting staff and volunteers caring for COVID-19 patients, by walking around his garden. Now, he's not only completed his 100th lap before his birthday, he also raised an incredible £14 million. 
Moore completed 10 laps per day of his garden in Bedfordshire, UK, so he could achieve his target of 100. His back garden is 25 metres in length. His 100th birthday falls at the end of April. On Thursday morning, ahead of schedule, Moore completed the final 25 lengths of his garden with a guard of honour from the 1st Battalion of the Yorkshire Regiment by his side.
According to the JustGiving fundraising page, Moore is from Keighley in Yorkshire, UK. He served in the eighth battalion of the Duke of Wellington's Regiment (DWR) at the beginning of the Second World War, and in 1940 he was selected for officer training. 
""He was later posted to 9DWR in India, and served and fought on the Arakan, went to Regiment to Sumatra after the Japanese surrender and returned to be Instructor at Armoured Fighting Vehicle School in Bovington,"" reads Moore's bio on JustGiving. He now lives in Bedfordshire with his daughter and two grandchildren. 
99-year-old British veteran Captain Tom Moore after completing his 100th lap.
Image: VICKIE FLORES/EPA-EFE/Shutterstock
Upon completing his 100th lap, Captain Tom told BBC News he was feeling fine. ""I'm surrounded by the right sort of people so yes, I feel fine, hope you're all feeling fine too,"" he said. 
Videos of Moore's walks were posted on YouTube throughout his fundraising effort. 
The money will go to NHS Charities Together, a charity which is currently supporting frontline NHS staff and volunteers caring for COVID-19 patients. 
SEE ALSO: How to fundraise for coronavirus relief on social media
To donate to the fundraiser, visit Moore's JustGiving page. 
Wishing the Captain the happiest 100th birthday!"
15,"{'id': 'mashable', 'name': 'Mashable'}",Veronika Kero,"This wireless charger will also sanitize your nasty phone, and it's on sale","TL;DR: Make sure your phone is squeaky clean with the 2-in-1 Wireless Charger and UV Sanitizer for $37.99, a 15% savings as of April 10. Surprise! Your phone is disgusting. So that intense hand washing you've been doing? Yeah, you're sabotaging its effectiven…",https://mashable.com/shopping/april-11-wireless-charger-uv-sanitizer-sale/,https://mondrian.mashable.com/2020%252F04%252F11%252F28%252Fb67f5959ff884d6b823e87511377eafc.fbe02.jpg%252F1200x630.jpg?signature=WriFE2jIclifNyXlCD4orv05TEQ=,2020-04-11T09:00:00Z,"TL;DR: Make sure your phone is squeaky clean with the 2-in-1 Wireless Charger and UV Sanitizer for $37.99, a 15% savings as of April 10.
Surprise! Your phone is disgusting. So that intense hand washing you've been doing? Yeah, you're sabotaging its effectiveness every time you text, scroll Instagram, or have a Zoom/Skype/Houseparty meeting.
The good news is that cleaning your phone is as easy as wiping a Clorox wipe all across it. The bad news is those Clorox wipes are sold out pretty much everywhere. Well, either that or they're being prioritized for hospitals and government agencies directly responding to COVID-19 in the U.S (as per Amazon's listings). Luckily, there are other ways to clean your phone, like with this 2-in-1 Wireless Charger and UV Sanitizer. 
First of all, this gadget charges all Qi-enabled smartphones with 5W or 10W, depending on their capability. But that's child's play compared to its double-duty work as a sanitizing machine. It uses a UV-C sterilization lamp to decontaminate your phone. Actually, you can use it to sterilize practically anything that fits under it, from your earbuds and eyeglasses to your jewelry and baby's pacifier. Its intelligent recognition function ensures it won't unnecessarily flip on the wireless charger when you place something other than your phone on it.
UV-C is used to decontaminate surgical tools and hospital rooms, and has even been proven effective in destroying viruses and bacteria. So it's not just some novelty device that looks cool it actively does its part in kicking the gross stuff out of your life.
When was the last time you cleaned your phone, let alone sanitized it? Exactly. Get this 2-in-1 Wireless Charger and UV Sanitizer and fix that. Stat. It's usually $45, but you can slash 15% off and get it for $37.99 during this weekend sale."
16,"{'id': 'mashable', 'name': 'Mashable'}",Nicole Gallucci,Buying a fun shower curtain is an easy way to brighten your home,"If you've been isolating yourself at home due to COVID-19, there's a good chance you're growing tired of your same old surroundings. Once the novelty of staying inside wears off, the social distancing lifestyle can start to feel a bit lonely, boring, and mono…",https://mashable.com/article/fun-shower-curtains/,https://mondrian.mashable.com/2020%252F04%252F09%252Fc2%252F08d889b5adbd439c8f8c4ccff52c8870.afccd.jpg%252F1200x630.jpg?signature=Evi8aoGBVhewD7RtWmhnfBn6UJY=,2020-04-09T23:00:00Z,"If you've been isolating yourself at home due to COVID-19, there's a good chance you're growing tired of your same old surroundings.
Once the novelty of staying inside wears off, the social distancing lifestyle can start to feel a bit lonely, boring, and monotonous. If you're looking for a cheap, simple way to make your living space more exciting, we have a somewhat unconventional suggestion: Buy a new shower curtain.
I know you're probably thinking that buying a new shower curtain sounds even more dull than the idea of staying home for another month. But I'm not talking about a sensible, neutral shower curtain that you'd buy to tie your whole bathroom together. I'm suggesting you order a fun, colorful, wacky, patterned, perhaps even slightly chaotic shower curtain. 
A new shower curtain has the power to transform the look and feel of your entire bathroom, not to mention, glancing at it in the mirror when you're washing your hands 20 times a day can help cheer you up.
SEE ALSO: Who are you supposed to sing 'Happy Birthday' to when washing your hands?
I've always favored extremely tame shower curtains that seamlessly blend with surrounding bathroom decor, but after recently coming across a Wayfair ad for a few wacky-looking shower curtains I did a little research and stumbled into the weird and wonderful world of online shower curtain shopping. 
Was everyone aware of just how many shower curtains there are in this world? There are curtains with gorgeous flowers, colorful stripes, maps, tassels, animals, sports logos, travel scenes, and more printed onto them. If you can imagine it, it's on a shower curtain. And if not, you can personalize your own curtain with a favorite quote, photograph, or design.
The online shower curtain selection is honestly a bit overwhelming, so if you need some inspiration I suggest filtering search results by seeking out curtains that reflect your interests. Do you love the color orange? Are a you a huge fan of Star Wars? Are you obsessed with dogs, vinyl, or traveling? If so, you're in luck. The perfect shower curtain is out there for you.
After a few initial searches I was able to find these serious contenders for my own shower, but the possibilities are truly endless.
Image: wayfair
Price: 29.99 via Wayfair
Image: emilybr0 / redbubble
Price: $57.14 via Redbubble
Image: idesign / amazon
Price: $17.55 via Amazon
Image: wayfair
Price: $101 via Wayfair
Wayfair, Amazon, Etsy, Redbubble, and more have delightful selections of shower curtains including both whimsically unhinged and tastefully simple options that I highly recommend browsing. But some custom curtains online can be a bit pricey, so remember that you can always search for discounts at stores like Target and Bed Bath &amp; Beyond, or Marshalls and TJ Maxx when stores re-open. 
Most people don't usually change their shower curtains very often, but it sounds like a nice idea to have several options on-hand that you can swap out depending on your mood. They even sell festive shower curtains for the holidays that are hilariously extra. And if you really feel like an upgrade you can also shop for new shower curtain hooks and rings.
Just be sure to keep the height of your shower/tub in mind when shopping for your new shower curtain,  remember to buy a plastic liner if needed, and your bathroom glow-up will be good to go."
17,"{'id': 'mashable', 'name': 'Mashable'}",Alex Perry,The coronavirus pandemic could take the bubbles out of soda and beer,"Beer makers could soon struggle with a shortage of bubbles. A new report from Reuters painted a potentially grim picture for those who rely on the bubbly nature of soda, seltzer, and beer to get through their socially distant routines. Beverage makers rely on…",https://mashable.com/article/coronavirus-beer-co2-bubbles/,https://mondrian.mashable.com/2020%252F04%252F18%252Fe5%252F4e3f71084ad245acaf42145d8b1a6a0d.5a472.jpg%252F1200x630.jpg?signature=kRox1Aq9CRuBQ-wl2pQZvxeof4g=,2020-04-18T17:11:58Z,"Beer makers could soon struggle with a shortage of bubbles.
A new report from Reuters painted a potentially grim picture for those who rely on the bubbly nature of soda, seltzer, and beer to get through their socially distant routines. Beverage makers rely on carbon dioxide to get the fizz in their products, but that could be thwarted by, of all things, a lack of demand for gasoline.
SEE ALSO: Everyone's regretting their '2020 will be better' tweets now
According to Reuters, gas demand is down 30 percent in the U.S. as people have been encouraged or forced to stay inside. That has reduced the incentive for some plants to produce ethanol because it's tied to the gasoline industry. It turns out that ethanol producers like to capture and sell the CO2 that comes as a byproduct of ethanol production, but if they aren't making ethanol, they aren't making CO2, either.
Without the usual supply of CO2, brewers and other drink makers have to pay more for the gas that is available. While bigger manufacturers might be able to take the hit in the short term, smaller brewers could struggle to meet demand and suffer as a result. 
In the case of beer, at least, there are ways to carbonate the drink without using CO2. Beverage Factory has a good explanation of ""natural carbonation,"" an old-fashioned process popular with home brewers. It does apparently produce a different mouthfeel for the beer, but the more pertinent issue might be that it's much more time consuming than forcing carbonation with gas.
These are unprecedented times and there's no certainty about what the next day carries, much less what the coming weeks and months will bring. Maybe beer and soda production will suffer, but maybe other carbonation methods can be used to keep the supply lines running. All we know is that, if beer stops being readily available, it's about to be a problem."
18,"{'id': 'mashable', 'name': 'Mashable'}",Nicole Gallucci,Trump claims he hasn't touched his face in 'weeks.' Photos prove that's a lie.,"Merriam Webster defines "" face "" as ""the front part of the head that in humans extends from the forehead to the chin and includes the mouth, nose, cheeks, and eyes."" For Donald Trump, this means everything on the orange sphere above his neck but below his whi…",https://mashable.com/article/donald-trump-coronavirus-hasnt-touched-face-weeks/,https://mondrian.mashable.com/2020%252F03%252F04%252Ff5%252F800e59bcdde54692b39387930699fe75.b2f67.png%252F1200x630.png?signature=rme3xEPz_zM1IvLNso4RWVg2bKw=,2020-03-04T19:06:50Z,"Merriam Webster defines ""face"" as ""the front part of the head that in humans extends from the forehead to the chin and includes the mouth, nose, cheeks, and eyes.""
For Donald Trump, this means everything on the orange sphere above his neck but below his white-blonde swoop of hair.
It feels silly to be describing what a face is in 2020, but it seems the president is confused. At a meeting on Wednesday, when discussing the highly contagious new coronavirus (which results in the disease that's been officially named COVID-19), with airline executives, Trump said, ""I havent touched my face in weeks. Been weeks. I miss it.""
To stop the spread of the new coronavirus, it's been suggested that people refrain from touching their faces, but going weeks without touching your own face seems nearly impossible, right?
If a general sense of doubt that Trump hadn't so much as scratched his nose or rested his head in his hands in literal wasn't enough to discredit his claim, there are photos that show the president clearly made contact between his hands and his face in recent days. In other words, Trump lied.
SEE ALSO: 14 ways to greet someone that don't involve shaking hands
In the photo above, Trump is seen touching his face on March 2 while leading a meeting with the White House Coronavirus Task Force. In the photo below, taken on Feb. 26, 2020, Trump's hand is again seen touching his face as he speaks about the coronavirus at a news conference.
Image: ANDREW CABALLERO-REYNOLDS / AFP via Getty Images
There is of course a chance that Trump's comment was a joke, but since the coronavirus has reportedly killed more than 3,100 people, it would be deeply insensitive to make light of the warning. 
Joke or no joke, we are simply here to report that Donald Trump has in fact not gone weeks without touching his own face."
19,"{'id': 'mashable', 'name': 'Mashable'}",Nicole Gallucci,14 ways to greet someone that don't involve shaking hands,"Hey, have you heard? Germs are everywhere! More than 90,000 cases of the highly contagious new coronavirus, officially named COVID-19, have been confirmed, and panicked people are stocking up on supplies like hand sanitizer and face masks. By now, hopefully y…",https://mashable.com/article/coronavirus-best-handshake-alternatives/,https://mondrian.mashable.com/2020%252F03%252F03%252Fa0%252F8b1033b52dd747f7a7f5ec2c1c5b1cc9.fe808.jpg%252F1200x630.jpg?signature=R8maGFIwzjM80KisX5JsjqEYwcI=,2020-03-03T18:28:29Z,"Hey, have you heard? Germs are everywhere!
More than 90,000 cases of the highly contagious new coronavirus, officially named COVID-19, have been confirmed, and panicked people are stocking up on supplies like hand sanitizer and face masks.
By now, hopefully you know the importance of properly and frequently washing your hands, and have likely been told ad nauseam not to touch your face. But before you get too worried, it's worth noting that there are a bunch of myths associated with the virus as well. If you're still especially concerned about the spread of germs, there is another simple preventative measure you can take: Stop making unnecessary physical contact with others.
Next time you go in to shake an acquaintance's hand, kiss a pal on the cheek, or greet someone with a friendly hug, don't! Instead, try using one of these 14 greetings that don't require any touching. And remember, pandemic or no pandemic, some people simply don't like to be touched, so feel free to say no to a handshake or physical greeting at any point time.
1. Literally just say hello
Greetings don't have to involve physical contact. There's nothing wrong with verbally saying hello to someone and not taking things any further.Say hi and quickly present a follow up question, like ""how have you been?"" to keep the conversation going. No time for hugs here.
2. Touch feet
The hip new greeting to emerge out of coronavirus paranoia is a foot tap dubbed the ""Wuhan Shake."" Videos of the unique greeting taken in China and Iran have gone viral, and it honestly looks kind of cool.If you want to make things even more fun you can channel Beyoncé at 4:34 of the ""Get Me Bodied"" video and do a little foot dance.
3. Wave at the person
What happened to waving? Who decided waving is only OK when there's significant distance in between people? I say waving at a friend who's right in front of you is totally acceptable. Bring back the wave.
4. Do the live long and prosper sign
Andrew Yang, the former Democratic presidential candidate turned CNN political commentator isn't much of a germaphobe, but he recently suggested that perhaps we should come up with a personal greeting that doesn't involve physical contact. His thought? The Vulcan salute from Star Trek, a perfect way to say ""live long and prosper.""
I hate to say this - Im not much of a germophobe myself - but we might want to work on a personal greeting that doesnt involve physical contact. pic.twitter.com/GTCgTBZENX
 Andrew Yang (@AndrewYang) March 2, 2020
5. Make a peace sign
If all else fails, throw a peace sign in the air. It's not very exciting, but it'll get your message across in a pinch. (Note: Peace signs are better for goodbyes in my opinion.) 
6. Tip your hat
This one requires wearing a hat at all times so that if you ever run into anyone you can tip it. It's not the most convenient option, but it's nice to switch it up every once in a while.
7. Give a nod
A nice head nod in someone's general direction can be a cool way to greet. Maybe practice in the mirror a few times to really perfect your execution.
8. Do the Jim and Pam high five
One of the best television high fives of all time didn't involve touching, and that's the level of high five you should all aspire to. Remember when Jim and Pam air-fived from across the room on The Office? Absolute germ-free perfection. 
9. Mime a fist bump
Fist bumps are a classic and easy greeting, so if you're a fan, keep doing them... just don't follow through all the way. Go in for the bump, but pull away before you actually touch skin. Maybe ""blow it up"" to make things less awkward. Or more. Who knows.
10. Do a salute of some sort
Get creative with it! Make it your own! Though this Zach Woods GIF makes the opposite case, salutes don't have to be awkward.
11. Do some air kisses
Real cheek kisses might be too risky at a time like this, but those fancy, pretentious air kisses? Now's the time to break those babies out with friends close enough for such a gesture.
12. Say ""raincheck""
Once the coronavirus scare is over we can hopefully resume casual physical contact, so just take a raincheck on that handshake or overly personal greeting. Everyone will understand!
13. Send a GIF while standing in front of someone
If you really want to high five or shake a hand but don't want to touch, send them a GIF of the action instead. To be clear, this is a bit strange and has big ""texting I'm here instead of ringing the doorbell"" energy, but you do you.
14. Share a welcoming squirt of hand sanitizer
What better way to bond with someone than by offering them a friendly squirt of hand sanitizer? In 2020 hand sanitizer is the new gum. By that I mean everyone wants some, not that people eat it. Do not eat it.
Be safe out there, everyone. Good luck not touching."
