,source,author,title,description,url,urlToImage,publishedAt,content
0,"{'id': 'mashable', 'name': 'Mashable'}",Jack Morse,Google just reduced its Nest Cam video quality and people have THOUGHTS,"No, your eyes are not deceiving you. Your elaborate Nest Cam surveillance setup that's perfect for spying on your neighbors as you shelter in place is a bit grainier than normal. The Google-owned service emailed customers today to let them know that, as a res…",https://mashable.com/article/google-nest-cam-video-quality-reduced/,https://mondrian.mashable.com/2020%252F04%252F14%252F53%252Fb50088d6c88940ae8abba3042ac2db1d.234d2.jpg%252F1200x630.jpg?signature=NdKvX7m2w527TiMQQxYfIiVtl1E=,2020-04-14T23:10:26Z,"No, your eyes are not deceiving you. Your elaborate Nest Cam surveillance setup that's perfect for spying on your neighbors as you shelter in place is a bit grainier than normal. 
The Google-owned service emailed customers today to let them know that, as a result of lifestyle changes made necessary by the coronavirus (i.e., an increase in working from home and corresponding internet usage), it will reduce the default video quality setting for some of its customers. 
""In response to community issues caused by COVID-19, we're temporarily adjusting your camera quality and bandwidth in an effort to conserve internet resources,"" reads the email in part. ""During this time, it's critical for us to work together to ensure we find ways to help the community at large.""
That coming together, apparently, requires a sacrifice of precious camera quality. 
Now, it's important to note that not only is this temporary, but it's also reversible. That's because Google is only lowering the default setting. In other words, if someone absolutely, positively must see their neighborhood raccoons in HD, then they can switch the setting right back. 
That hasn't stopped some customers from voicing their displeasure, however. 
""You have NO RIGHT to adjust the settings on my personal property for any reason!"" wrote one presumed customer. 
""Don't downgrade my service in the name of 'saving the internet' unless you're going to also downgrade your pricing structure,"" wrote another. 
@googlenest Don't downgrade my service in the name of ""saving the internet"" unless you're going to also downgrade your pricing structure
 Social Distancing Schick (@Sean_Schick) April 14, 2020
""[Got] your email about how you're going to downgrade our nest quality/bandwidth as we all need to adjust in these trying times,"" read another. ""Last I checked, I pay you for this service so you'll be adjusting too and thusly refunding some of the subscription we paid you right?""
Times, after all, are tough right now. As we saw following similar moves by Netflix and Apple TV+, once you threaten the last thing of value people have in their rapidly deteriorating lives (that is to say, high-quality video), then you've left them with no choice but to yell on Twitter. 
I hope you're ready, Nest Cam community manager."
1,"{'id': 'mashable', 'name': 'Mashable'}",Chloe Bryan,Need to switch up your Zoom background? We made you 15 delightful new options.,"If you're working from home during the COVID-19 pandemic, you've probably been holding meetings on Zoom for a few weeks already. If you haven't used it for work, you've likely attended a Zoom party or two. And your go-to background — it's an old vacation pic,…",https://mashable.com/article/funny-zoom-backgrounds/,https://mondrian.mashable.com/2020%252F04%252F13%252F91%252F9093cabaa15443c593d02761a399251d.f8727.jpg%252F1200x630.jpg?signature=aWYhOB69cmtMk-rpRi_z6GdvLug=,2020-04-13T18:51:10Z,"If you're working from home during the COVID-19 pandemic, you've probably been holding meetings on Zoom for a few weeks already. If you haven't used it for work, you've likely attended a Zoom party or two. And your go-to background it's an old vacation pic, isn't it? might be getting a little old.
Thankfully, the formidable Mashable art team made a slew of new backgrounds for you. From a gorgeous ad for Flavortown to *that* beach from Portrait of a Lady on Fire, these selections will let you pretend you're not only somewhere else, but also somewhere else other than the first place you pretended to be. 
Enjoy!
1. Beach from Portrait of a Lady on Fire
Image: Pyramide Films
When you turn your audio on, be sure to have this playing in the background.
2. Dua Lipa's Future Nostalgia cover (feat. face hole)
Image: Mashable Composite / Warner Records
Want to be Dua Lipa but don't want to bleach your hair? Now's your big chance. Simply sit in the exact same position, head tilted, for your entire Zoom call.
SEE ALSO: Trying to get celebrities to join a Zoom call is actually a hilarious game
3. Wine and cheese
Image: Mashable Composite / Getty Images
Let your coworkers know what you'd prefer to be doing.
4. ""This is Fine"" 
Image: Jose Ruiz / Mashable
Get it? Because it's not.
5. Stonks
Image: Mashable Composite
Throw this baby up and wait for someone from sales to earnestly ""correct your spelling.""
6-8. Uncluttered workspaces
Image: Elvie Mae Parian / Mashable
Image: Elvie Mae Parian / Mashable
Image: Elvie Mae Parian / Mashable
Your workspace may be a bed littered with bags of Hot Cheetos, and that's perfectly fine. (In fact, it's good.) But if you'd like to show coworkers something else, here are some simple, clean backgrounds sure to provide chill vibes.
9. Some tiger kings
Image: Devanshi Goswami / Mashable
Celebrate the show Tiger King without having to endorse any of its awful characters.
10. Welcome to Flavortown
Image: Mashable Composite / Getty Images
We mean ""hell"" as a compliment.
11. Ode to bread
Image: Mashable Composite / Getty Images
Best to keep your sourdough game strong at all times.
12-15. Animal Crossing seasons
Image: Elvie Mae Parian / Mashable
Image: Elvie Mae Parian / Mashable
Image: Elvie Mae Parian / Mashable
Image: Elvie mae Parian / Mashable
So even your friends who didn't get a Switch before it sold out can enjoy the splendor of Animal Crossing."
2,"{'id': 'mashable', 'name': 'Mashable'}",Caitlin Welsh,'The economy over human life': Stephen Colbert blasts Trump's self-centered coronavirus strategy,"On Monday night's from-home monologue, Late Show host Stephen Colbert tackled a few lowlights of President Trump's approach to the coronavirus pandemic over the weekend. While over 23,000 Americans have already died from COVID-19, the president's focus has be…",https://mashable.com/video/coronavirus-trump-stephen-colbert-shutdowns-economy/,https://mondrian.mashable.com/2020%252F04%252F14%252F1d%252Ff5cd38baeead41a0932ff18981a408f6.883fc.png%252F1200x630.png?signature=wIwBs25jPApwOqPLDaU_k97hiMQ=,2020-04-14T07:03:03Z,"On Monday night's from-home monologue, Late Show host Stephen Colbert tackled a few lowlights of President Trump's approach to the coronavirus pandemic over the weekend. While over 23,000 Americans have already died from COVID-19, the president's focus has been on the effects that life-saving measures like social distancing and shutdowns are having on the economy. More specifically, he's been pushing back on the wild idea that it's more important to protect American lives right now than the American economy.
""Now, some people say that Trump values the economy over human life just to help his reelection, but I'm sure he's not thinking about himself here!"" joked Colbert. ""Remember, all his buildings are branded 'OTHER PEOPLE.'""
Trump is also trying to push for the U.S. to be reopened well before experts recommend. The president is now insisting that the same state governors who were on their own when they needed national leadership on shutdowns must now be overruled if they won't end those (again, life-saving) measures. All for the sake of getting the economy going again.
""Opening the country is not up to you, because you did not have the balls to shut the country down in the first place,"" said Colbert pointedly. ""You were the one who said you were just a cheerleader you put yourself on the sidelines."""
3,"{'id': 'mashable', 'name': 'Mashable'}",Anna Iovine,Now is a great time to invest in a menstrual cup,"One of the most discussed products during the coronavirus pandemic is toilet paper, which has become a panic buy item and a subsequent subject of ridicule, so much so that bars are selling them alongside cocktails and some Americans are pivoting to bidets. Bu…",https://mashable.com/article/menstrual-cup-pad-tampon-sanitary-product-shortage-coronavirus-covid-19/,https://mondrian.mashable.com/2020%252F03%252F23%252Fef%252F0766577013104bc8af838d3e021f079e.63a56.jpg%252F1200x630.jpg?signature=3zyknImsaHfFoDt6esXVh7AJ4r8=,2020-03-23T18:02:52Z,"One of the most discussed products during the coronavirus pandemic is toilet paper
, which has become a panic buy item and a subsequent subject of ridicule, so much so that bars are selling them alongside cocktails
 and some Americans are pivoting to bidets
.
But there is another sanitary product that could see the same empty-shelf fate as toilet paper: pads and tampons. As the reality of how long we will need to self-isolate hits us, those who menstruate may feel it necessary to stockpile these products. In fact, it has already started to happen: 
Ordered Amazon Delivery and selected replace item with the closest thing they can find if they run out of stock... 
We ordered tampons. 
And they sent the closest appropriate thing. 
Which right now, is a bag of 50 frozen sausage rolls.
 Definitely not Sausage Roll Girl (@ClareBarry) March 18, 2020
Went into couple supermarkets, theres no pads/sanitary products,all out of stock. Youre acc selfish stocking up on pads knowing that other women now cant have access. Tf am I supposed to do on my fucking period, use a fuckijf curtain? I-
 Shumi (@shvmii) March 14, 2020
Given the potential for a shortage, now is a great time to make the switch to a menstrual cup.
Menstrual cups
 are made of silicone or latex rubber and inserted into the vagina. Rather than absorb blood (and other fluids) like a tampon, cups collect blood. Some cups, like the DivaCup, are shaped almost like a wine glass with a stem at the bottom. Nixit, which claims to be a revolutionary menstrual cup, is bowl-shaped. 
SEE ALSO: Coronavirus anxiety has exes sliding into the DMs
Unlike pads and tampons, cups can last for years if cared for properly. Though how many years depends on who you ask. Lunette recommends replacing every 1-2 years
, while Nixit is more vague, though says multiple years
.
Rachael Newton, founder of Nixit, said that customers have been describing pads and tampon shortages and tagging the brand to let their followers know about the alternative. 
""My understanding, from what we've been tagged in, is that they [pads and tampons] are going and shelves are clear in some places,"" Newton said in an interview with Mashable. 
A pad and tampon shortage is just one reason to invest in a cup. In a statement to Mashable, Procter &amp; Gamble, the parent company of sanitary product brands Always, Just, Tampax, and L., said they are committed to serving their millions of customers as well as the health and safety of their employees: 
We are taking the right steps to safeguard our workplaces through appropriate social distancing and work-from-home protocols. These protocols are in line with WHO and CDC recommendations, were developed with our team of in-house medical experts, and are continually refined as we learn more about the epidemic. For our manufacturing plants and distribution centers, where work from home is not an option for most of our employees, we are taking preventive measures that allow these facilities to continue to operate safely, protecting the health and safety of our employees while effectively delivering the business need to serve our consumers and customers.
We have thousands of P&amp;G employees working around the clock to continue serving consumers as many of our products play an important role in maintaining healthy habits and a healthy home environment, both critically important at this time. We are maximizing production and distribution capacity where possible to ensure we can get products to as many consumers as quickly as possible.
In this unprecedented time, having employees ""working around the clock"" may not be enough to quell fears.
What's more, transitioning to a cup can be easier now that we have to stay at home. In month one of the three-month Nixit Plan
, the company recommends using the cup on lighter days and overnight the idea being that you'll be in your own bathroom. ""The more comfortable you become and the more you go know your cycle,"" Newton said, ""the more confident you are to use it out in public."" 
SEE ALSO: Too-real video captures the awkwardness of all your glitchy FaceTime calls
Because of social distancing, it's likely you're using your own bathroom now more than ever. That makes it an ideal time to learn how to use a menstrual cup. ""You are home all the time. You've got your own bathroom. If there's anytime you're going to try one, now's a great time,"" said Newton.
Not to mention that cups have other non-pandemic benefits
 as well: They are better for the environment, your wallet, and your body. They can also last 12 hours at a time as opposed to four to eight hours for a tampon. 
While it's too soon to know exactly how long we will have to self-isolate, it's become more clear that it will take at least several months
. This means several menstruation cycles. Rather than worry about whether stores have sanitary products in stock, buying a cup may give a slight peace of mind and right now, any peace of mind is priceless."
4,"{'id': 'mashable', 'name': 'Mashable'}",Shannon Connellan,Koalas are being released back into the wild after Australian bushfires,"Months after catastrophic bushfires burned large parts of Australia, there's a glimmer of good news in the midst of the globe's other current emergency. Koalas are slowly being released back into the wild following the unprecedented fires that devastated more…",https://mashable.com/article/koalas-released-wild-australia-bushfires/,https://mondrian.mashable.com/2020%252F03%252F23%252Ff4%252Fb842f44679104d6a8dd458d3fb90312d.464bf.png%252F1200x630.png?signature=HXU6QZp-rBgegUK1s6IOJnN7_y0=,2020-03-23T12:33:55Z,"Months after catastrophic bushfires burned large parts of Australia, there's a glimmer of good news in the midst of the globe's other current emergency.
Koalas are slowly being released back into the wild following the unprecedented fires that devastated more than 2.5 million acres (1 million hectares) of the country over the summer.
Four adult koalas and one brand new joey have been released in the Kanangra-Boyd National Park in the state of New South Wales. They're the first of 12 koalas rescued from the Blue Mountains area during the bushfires, which have been sheltering at Sydney's Taronga Zoo since January. The others will be fast-tracked due to the outbreak of the coronavirus (COVID-19), which means there will be 13 in total released back to the wild.
A shocking 10,000 koalas (a third of the total koala population of NSW) are estimated to have died from the bushfires, as well as drought over the summer. Koala hospitals saw an unprecedented increase in admissions during this time, with many being treated for burns and dehydration.
The four (well, five) lucky koalas have been returned to the wild by Sydney-based not-for-profit wildlife conservation organisation Science for Wildlife, with the help of San Diego Zoo Global, the U.S. zoo's nonprofit that works with partners on international conservation projects. 
""While they have coped well in care we are delighted to finally send our koalas home,"" said Dr. Kellie Leigh, executive director of Science for Wildlife in a press statement. ""We have been busy assessing the burnt area that we rescued them from, to establish when the conditions have improved enough that the trees can support them again. The recent rains have helped and there is now plenty of new growth for them to eat, so the time is right. We will be radio-tracking them and keeping a close eye on them to make sure that they settle in OK.""
San Diego Zoo Global and Science for Wildlife have been working together on what's known as the Blue Mountains Koala Project for five years, and they're committed to putting resources toward increasing the koala population in the area. As the bushfires raged across the state of New South Wales, the team made the smart decision to remove as many koalas as they could from the area before the fires engulfed their habitats. While it was only a few koalas, it was something.
""During the massive fires, as 80 percent of the World Heritage Area burnt, we were at risk of losing the entire koala population at this site and so thats what drove us to try something so radical and pull these koalas out before the fire hit,"" said Dr. Leigh. 
The team used previously-installed radio tracking devices to locate the koalas for removal, and it's this technology that will allow them to study how the marsupials adapt during what will be a lengthy reintroduction to the area. ""The radio-tracking devices that enabled us to find the koalas quickly and move them from in front of the fire will now allow us to follow them and find out more about how koalas use the landscape after fire, including where else we might find pockets of surviving koalas,"" said Dr. Leigh. ""That will help us to plan a future for koalas under climate change, where we expect more frequent and intense fires.""
The 12 rescued koalas were given emergency housing and care by Taronga Zoo after their removal. They were some of the lucky ones, as many koalas across the country suffered horrific and often fatal burns, and other injuries due to the fires. Others had their food and water restricted following habitat destruction.
Taronga Zoo vets and nurses treated over 100 koalas across their two hospitals and in the field during the summer of bushfires and drought, according to Nick Boyle, Tarongas director of welfare, conservation and science. ""We were so pleased to be able to assist Science for Wildlife on their mission to save these incredibly valuable koalas. Taronga is committed to ensuring the survival of koalas in Australia,"" said Boyle in a statement. ""Whilst we still have a number of koalas being cared for at Taronga Western Plains Zoo, our attention is also turning to the long-term recovery of koalas in the wild.""
SEE ALSO: Australian firefighters get their own Funko Pop to help animals impacted by the bushfires
While four koalas doesn't seem like a lot in the larger scheme of things, it's a crucial and positive step toward rehabilitating the area's population the Blue Mountains region is home to the most genetically diverse koalas in Australia, making them important for species conservation. ""There is still a lot of work to be done to assess what is left of koalas in this region and plan for population recovery,"" said Jen Tobey, population sustainability researcher at San Diego Zoo Global, in a statement. We are dedicated to continuing to support this critical work to conserve a significant koala population.""
It's important work, considering in May 2019, the Australia Koala Foundation estimated that there were ""no more than 80,000 koalas in Australia,"" making them ""functionally extinct."" Though this claim has been disputed by researchers, there's little doubt the population was already on the decline before the fires. With up to an estimated 10,000 killed in NSW alone, the future of the koala needs every win it can get from its human helpers."
5,"{'id': 'mashable', 'name': 'Mashable'}",Stan Schroeder,It looks more likely that Apple will cancel WWDC,"Due to the coronavirus outbreak, numerous tech events were canceled (or went virtual) in 2020, including MWC, Facebook's F8, Google I/O and SXSW. Now, it's getting increasingly likely that Apple's WWDC 2020 conference isn't going to happen — at least not at i…",https://mashable.com/article/apple-wwdc-coronavirus/,https://mondrian.mashable.com/2020%252F03%252F10%252Fd2%252F5776cee6c82b4b6ab1d46e208e7ac440.ad518.jpg%252F1200x630.jpg?signature=jxqs5K_1pIJR1AKAlEZjbjNxC8Q=,2020-03-10T14:17:27Z,"Due to the coronavirus outbreak, numerous tech events were canceled (or went virtual) in 2020, including MWC, Facebook's F8, Google I/O and SXSW. 
Now, it's getting increasingly likely that Apple's WWDC 2020 conference isn't going to happen at least not at its usual time, or in its regular format. 
The Santa Clara Public Health Department issued an order on Monday (via Appleinsider) banning mass gatherings with more than 1,000 people due to the increasing rates of the coronavirus. 
This is a critical moment in the growing outbreak of COVID-19 in Santa Clara County. The strong measures we are taking today are designed to slow the spread of disease, said Santa Clara County Health Officer Sara Cody in a statement. 
Since the WWDC typically takes place in San Jose, which is in Santa Clara County, with an attendance of 5,000 or more, it would be forbidden under the terms of the ban, which goes into effect on March 11. 
SEE ALSO: The wheels on Apples $400 Mac Pro dont have a lock. Cool.
This does not automatically mean the WWDC won't take place this year. The event hasn't even officially been announced yet, but it typically takes place in early June, and the mass gatherings ban will initially remain in place for three weeks. 
However, should the coronavirus outbreak worsen, it's safe to assume the mass gatherings ban will remain in place longer, and even if the ban doesn't last until June, Apple surely won't wait that long to announce it (the company typically announces WWDC dates in mid-March). 
Still, there are several possibilities in play for Apple. The company could postpone WWDC for a later date, which is unlikely, or it could turn it into an online-only event, similar to what Google and Facebook have done with I/O and F8, respectively. 
The coronavirus has so far killed more than 4,000 and infected more than 113,000 people. The outbreak has been worsening in the U.S. in recent weeks, with 423 total confirmed cases and 19 deaths."
6,"{'id': 'mashable', 'name': 'Mashable'}",Rachel Kraus,Bitmoji offers helpful (and cute!) coronavirus PSA stickers,U.S. public health officials might be communicating less than clearly about what to do to prevent the spread of the coronavirus. But at least Snap's Bitmojis are here to share the good word on proper hygiene! Health-themed stickers appeared in the Bitmoji key…,https://mashable.com/article/bitmoji-coronavirus-health-psa-stickers/,https://mondrian.mashable.com/2020%252F03%252F11%252F79%252Fcdcc1a58ffdb4412a1a45d7be76434a4.d968e.png%252F1200x630.png?signature=eYjHLOCyGXV9ZYz6RDaOFYf2TCA=,2020-03-11T20:02:14Z,"U.S. public health officials might be communicating less than clearly about what to do to prevent the spread of the coronavirus. But at least Snap's Bitmojis are here to share the good word on proper hygiene!
Health-themed stickers appeared in the Bitmoji keyboard of popular images this week, just as U.S. cases of COVID-19, the official term for the disease caused by the virus, topped 1,000. Alongside the usual Bitmoji stickers for phrases like ""current mood"" and ""hump day,"" there are now stickers cheerily advising the reader to ""Wash your hands!"" ""Stay home if you're feeling sick"" and, crucially, ""Don't touch your face!""
All good advice! (And h/t to journalist/Twitter user @MargeInCharge for spotting the lil' guys).
SEE ALSO: This genius PSA generator pairs hand-washing instructions with any song lyrics you like
They're all drawn in classic Bitmoji style, with the avatar of your choice at the center of the messages (mine has a purple face). 
Stay home on hump day if you're sick on hump day!
Image: rachel kraus / mashable
It's unclear whether the stickers are new or have always been there and are just now surfacing because of heightened fears of infection. Mashable has reached out to Snap (which owns Bitmoji) for more information, and will update this when we hear back.
The bubbly text that communicates our simplistic if best defense against a rapidly spreading virus also comes with adorably animated soap dispensers and cartoon germs. 
The advice the Bitmojis give is sound, mirroring the advice of many public health officials. Along with social distancing, experts say that staying home if we're sick, washing our hands, and avoiding touching our faces is an effective way to slow the spread of coronavirus. Since there is a vast shortage of coronavirus tests, efforts to spread the hygiene message may be one of the best things you can do right now.
Way to do your public health duty, little animated friends!"
7,"{'id': 'mashable', 'name': 'Mashable'}",Morgan Sung,'The Daily Show' turns coronavirus misinformation from Trump into a disaster movie,"In a country where misinformation spreads faster than the deadly pandemic sweeping the world, only one incompetent leader can get us through. This is PANDUMBIC. “The deadly coronavirus is spreading,"" the fake trailer reads. ""And the man in charge is the dumbe…",https://mashable.com/video/daily-show-coronavirus-misinformation-pandumbic-trump/,https://mondrian.mashable.com/2020%252F03%252F11%252Fc9%252Fcf46970f381047fd87109ed0db145544.136ad.jpg%252F1200x630.jpg?signature=PH0kuYQyPjRlkS9Y9QA0jtVFPcI=,2020-03-11T17:48:43Z,"In a country where misinformation spreads faster than the deadly pandemic sweeping the world, only one incompetent leader can get us through. This is PANDUMBIC. 
The deadly coronavirus is spreading,"" the fake trailer reads. ""And the man in charge is the dumbest person alive.""
The Daily Show turned the current crisis into what we all deserve: a disaster thriller. But the disaster isn't the highly contagious coronavirus, it's Trump's complete lack of preparation. From promising vaccines that don't exist yet to shaking hands despite the Centers for Disease Control's warnings to avoid touching, our president is clearly equipped to forge the way through what the World Health Organization just classified as a pandemic. 
""It's going to disappear one day,"" Trump is quoted saying. ""It's like a miracle, it will disappear."" 
Experts worry that without effective action from the government, the disease COVID-19 won't be contained any time soon. And unlike Trump's claims, the coronavirus is not like the flu so far there is no vaccine. 
Until then, you can wash your hands frequently, avoid touching your face, and try to limit social interactions."
8,"{'id': 'mashable', 'name': 'Mashable'}",Sam Haysom,James Corden shares his first home video while social distancing,"Monday night marked the five-year anniversary of James Corden's first ever Late Late Show. As the host explains in the video above, they had big plans for the episode — but given the social distancing measures in place to stop the spread of COVID-19, all that…",https://mashable.com/video/james-corden-coronavirus-home-video/,https://mondrian.mashable.com/2020%252F03%252F24%252Fd7%252F4523be8b48044200b5dd9c5f9cc3c253.746b0.jpg%252F1200x630.jpg?signature=F0K3MgMdi8A8ZvpMHmw3SEU7v5g=,2020-03-24T11:11:55Z,"Monday night marked the five-year anniversary of James Corden's first ever Late Late Show. As the host explains in the video above, they had big plans for the episode but given the social distancing measures in place to stop the spread of COVID-19, all that's changed.
""Our thoughts go out to all of you, wherever you are,"" says Corden, filming himself from his house. ""This is the strangest, strangest time, and all we've ever wanted to do on our show is bring you some light in the dark, in the corner of your room every night.
""And we're going to do our best at some point to continue trying to do that. Thank you, for this last five years, for letting me talk to you every night. I never expected it to be quite the journey that it's been."""
9,"{'id': 'mashable', 'name': 'Mashable'}",Tim Marcin,2020 Tokyo Olympics have been postponed to 2021 because of coronavirus,"It was practically inevitable. The 2020 Summer Olympics in Tokyo, scheduled to take place this summer, have been postponed due to the coronavirus pandemic. Thomas Bach, president of the International Olympic Committee (IOC), and Japan Prime Minister Shinzo Ab…",https://mashable.com/article/coronavirus-tokyo-olympics-2020-postponed/,https://mondrian.mashable.com/2020%252F03%252F24%252Fab%252Faf0eb5c5a13d41c6a2b0b51ba33ae1f5.4f2ba.jpg%252F1200x630.jpg?signature=kISKLIp3Si8_mQoV6Hgu_q3PcT4=,2020-03-24T13:35:34Z,"It was practically inevitable. The 2020 Summer Olympics in Tokyo, scheduled to take place this summer, have been postponed due to the coronavirus pandemic. 
Thomas Bach, president of the International Olympic Committee (IOC), and Japan Prime Minister Shinzo Abe held a conference call and concluded the games could not go on as scheduled, according to a joint statement released on Tuesday by the IOC and Tokyo 2020 Organizing Committee. 
The two leaders decided the games ""must be rescheduled to a date beyond 2020 but not later than summer 2021, to safeguard the health of the athletes, everybody involved in the Olympic Games and the international community,"" the statement read. 
Officials stressed the Olympics were not fully canceled, just moved.
Abe says just spoke to IOCs Bach, confirmed that there is no cancellation of the Olympics
 Mari Saito (@saitomri) March 24, 2020
""The leaders agreed that the Olympic Games in Tokyo could stand as a beacon of hope to the world during these troubled times and that the Olympic flame could become the light at the end of the tunnel in which the world finds itself at present,"" the IOC statement read. ""Therefore, it was agreed that the Olympic flame will stay in Japan.""
The games were supposed to begin on July 24. As the coronavirus, which results in the disease officially named COVID-19, continues its rapid worldwide spread, killing nearly 15,000 to date, it seemed a foregone conclusion the Olympics would be postponed considering the stringent social distancing efforts required to keep the virus at bay. 
Prominent IOC member Dick Pound first broke the news to USA Today on Monday that the games would be postponed."
10,"{'id': 'mashable', 'name': 'Mashable'}",Tim Marcin,"With the coronavirus crisis, I'm really not looking forward to warm weather","I live in New York. But last week my fiancée and I decided we'd isolate outside of the city. We retreated to a home in a rural area, instead of cooping ourselves inside of our lovely, but small, one-bedroom apartment. (We're also taking the necessary precauti…",https://mashable.com/article/coronavirus-warm-weather-spring/,https://mondrian.mashable.com/2020%252F03%252F24%252Feb%252F861d3ea1b94544908e15f3993d74e08c.af09d.jpg%252F1200x630.jpg?signature=gwWkNxXoLZYT_yTeySMUh2Fp9O4=,2020-03-24T20:00:33Z,"I live in New York. But last week my fiancée and I decided we'd isolate outside of the city. 
We retreated to a home in a rural area, instead of cooping ourselves inside of our lovely, but small, one-bedroom apartment. (We're also taking the necessary precaution of not interacting with anyone for quite some time, since we left a high-risk area.)
It's beautiful here. I'm writing this on a Friday and the sun is shining. It's warm. Earlier, I walked (alone) to a dock (far away from anyone) and watched the slowly rippling water lap against the shore. Across the bay, lonely, small towns stood silent. 
It was beautiful. And I got really sad. 
So me and my fiancée have been isolating not in NYC, but rather in a rural area on a bay and the cognitive dissonance of how beautiful this is and.... how.... everything is.... well its just so strange. Its so nice here right now and yet pic.twitter.com/jLaalSgxao
 Tim Marcin (@TimMarcin) March 20, 2020
SEE ALSO: The most important thing to know about social distancing
For much of the U.S., the weather is starting to turn. The nation is also just beginning a long, drawn-out fight against the coronavirus a deadly enemy best fought, at least for now, by locking yourself up indoors. 
To be clear, I'm doing that, beyond solitary jogs and walks. And to be clear, we are still allowed outside, just apart from one another. 
But man. I'm still seeing some folks posting online about looking forward to springtime and I just don't get it. Seriously, lots of people are posting happily about spring coming. Maybe I'm too informed. I'm well aware we're up against COVID-19, the disease caused by the novel coronavirus, for the long haul. It could be many, many months before things are even half-normal.
Being outside in nice weather is very healthy! Please continue to practice #SocialDistancing + avoid areas where people may gather. Instead:enjoy sunshine + fresh air from your porchride a biketake a walk (keep 6' away from others)play with your kids in your yard pic.twitter.com/87nA6jqPhF
 Dr. Rachel Levine (@SecretaryLevine) March 22, 2020
Spend time outside. Look at the sky. Feel the earth under our feet. Smell the springtime, a season of new beginnings, writes U of R Professor Fran Grace as part of her advice on how to respond to the coronavirus pandemic. https://t.co/4MdOtvlXVzpic.twitter.com/82cf7NAdnP
 UniversityofRedlands (@UofRedlands) March 19, 2020
I think of spring. I think of summer. And I think of my favorite things I won't be able to do. 
Go to the beach? No. 
Pick-up basketball at the park? No chance. 
Barbecue with friends? Nope. 
I'm not the only pessimist in this.
It so unseasonable warm outside rn and no one can enjoy it
 Mike Murphy (@mcwm) March 20, 2020
Trust the UK weather to bring out the most sun weve seen in 2020 during Quarantine and lock down. #Coronavirus
 Cephas (@CephasWilliams) March 24, 2020
I understand the absolute necessity of social distancing. I encourage it. Unless things change drastically, I should not be doing my favorite activities. We need to do everything we can to slow down the spread of the coronavirus. 
But beyond the looming fear of the virus a scary, anxiety-inducing thing the small losses in our lives have begun to sting. The thought of not being able to enjoy nice weather, to move freely in the sun with loved ones it is a real loss. And on the first beautiful day in quarantine, I felt that loss acutely. 
It's one of many small, sad realities we'll face amid the coronavirus crisis. We'll all feel these small losses that will accompany the other, large, world-shaking losses the virus is certain to bring. 
These small things will pile up. The birthdays uncelebrated. The laughs not had. The sunshine barely felt. 
When it's summer in New York, I love to ride the ferry out to Rockaway Beach in Queens. The line to get on the boat is always packed. (Nonstarter with the virus). The ferry is always wall-to-wall. (Ditto.) The sandy shoreline overflows with swimsuited bodies. (Sensing a pattern?) And my favorite bar down there, one that's right on the water, attracts more customers than you can imagine. 
The weather is turning. Soon enough, the heat will hit and my brain will think it's time to take the ferry to the beach. Maybe we'll be lucky and the worst of the crisis is past us by then. Most likely not. Even the Olympics, scheduled to kick-off in July, have been pushed backa year. 
But hey, at least we've got FaceTime and Zoom. Maybe a virtual barbecue? Maybe I can set my background to the shoreline. 
It's better than nothing. And it sure beats letting the virus spread unchecked."
11,"{'id': 'mashable', 'name': 'Mashable'}",Jess Joho,Can't get enough of 'The Circle'? There's a whole other season streaming right now,Netflix's social media-focused reality show The Circle became a viral sensation none of us could fight when it launched earlier this year. And now that we're all stuck at home fighting an actual virus forcing us to avoid all human contact outside our virtual …,https://mashable.com/article/the-circle-brazil-netflix/,https://mondrian.mashable.com/2020%252F03%252F20%252Fc3%252Fe797f45034d94f66896585b86376283e.02b07.jpg%252F1200x630.jpg?signature=XGbJ_bmihT_326JSAKK3aB7yk4M=,2020-03-20T17:34:02Z,"Netflix's social media-focused reality show The Circle became a viral sensation none of us could fight when it launched earlier this year. And now that we're all stuck at home fighting an actual virus forcing us to avoid all human contact outside our virtual online relationships, it reads like a prescient hipster who knew social-distancing was cool way before everyone else did.
In the age of COVID-19, The Circle is the dumb, mindless, but somehow still heartwarming content we desperately need. And with no Season 2 release date in sight (especially in the wake of the delays sweeping the entertainment industry), there's a circle-shaped hole in our hearts that no other trash TV can fill.
But friends, do not despair, for there is a neon light at the end of this tunnel. There actually is a brand new full season of The Circle you can watch right now to keep you company while in self-quarantine. 
It's The Circle Brazil, and it's just as good (if not superior) of a hang as the American one.
Now, before you let the foreign language turn you off, let me overreach by paraphrasing the words of Parasite director Bong Joon Ho: Once you overcome the one-inch barrier of subtitles, you will be introduced to so much amazing trash reality TV.
Seriously, though!
The Circle Brazil strikes the perfect balance of familiarity with a satisfying side of wanderlust.
Full disclosure: I am half Brazilian and speak Portuguese, so the barrier is smaller for me to cross. But I also made sure to watch The Circle Brazil with my born-and-bred American, English-speaking partner, who was absolutely as hooked as I was the entire time. He even pointed out some unexpected benefits its foreignness brings to the experience.
A lot of us are in need of comfort food TV that's familiar, distracting, easygoing fun. But at the same time, we're cooped up inside, deprived of the outside world and any new stimuli. The familiar will get boring real quick.
The Circle Brazil strikes the perfect balance of familiarity with a satisfying side of wanderlust. It's the same format you fell in love with from the original, down to the similar archetypes of contestants.
And, hey, maybe you're one of the unfortunate folks who had their upcoming trip abroad suddenly canceled by the global pandemic. Well, now you can take a virtual tour (however warped and constrained) of one of the top tourist destinations in the world.
You'll be treated to a messy-ass caipirinha-fueled Carnival-themed party in episode one, then a virtual Brazilian dance-off guessing game in the next. To be clear, that competition entails a contestant putting on a full-body mo-cap suit that captures a virtual feed of their attempts to do a myriad of Brazilian dances, which the other contestants must then guess correctly.
I mean, could you imagine anything more beautifully batshit than the chaos I just described?
SEE ALSO: How Netflix reality just made streaming a lot less lonely
The cultural differences, rather than creating a barrier, add intrigue to The Circle Brazil and dare I say it even some timely lessons. Because as every gringo (particularly Americans) has told me over the years, no one in the world knows how to have as good a time as Brazilians in the face of crushing economic, social, and governmental crises.  
There's also a stark contrast in the way the two countries evidently view social media, as seen in how the contestants take vastly different approaches to playing The Circle.
While the Americans place a high premium on the notion of being your ""authentic"" self in The Circle, shedding many tears over the real connections they believe they've formed with one another, the Brazilian crowd does away with pretenses. Winning the game is not framed as who's the most loyal, most genuine, or most well-liked of them all.
No, for the Brazilians it's about boldness and charisma, bringing enough personality to the table to remain ""interesting,"" rather than people-pleasing to win over your fellow contestants. And interesting is exactly what they do best.
Truly not even close to the weirdest thing he does
Image: netflix
There's little concern over seeming too aggro, calling people out, getting too flirty, or showing too much skin. Many even unabashedly admit to being vain narcissists, and everyone loves them for what is, when you think about it, actually a more honest reflection of who we all are on social media.  People are up front about their profiles being a part they play rather than who they really are. And honey, you bet your ass that means they're using everything they've got to strategize, whether that's catfishing or sparking a romance with ulterior motives.
Basically, The Circle Brazil came here to win (and have a good time), not to make friends. 
That doesn't necessarily mean it's an uglier version of the social media game. But it adds some delicious drama that, retrospectively, the original Circle lacked as everyone fretted over rocking the boat too much.
There are as many similarities between the two nation's versions of the show as there are differences. You still have the pretty girl who thinks she's disliked for being too pretty, the nerd who appears to hail from a different planet entirely, the catfish so wildly missing the mark that you can't believe they last as long as they do.
Ultimately what makes The Circle Brazil worth your time is that it reminds you that, regardless of language, place, or culture, we're all the same beautifully garbage humans underneath it all. And in this moment, many of us are seeking a sense of connection to the global ""we,"" this feeling of togetherness that should come from dealing with the same invisible enemy no matter who you are and where you come from.
On Wednesday, the famed Christ the Redeemer statue overlooking Rio de Janeiro was illuminated by all the flags of the world stitched together, along with uplifting messages of unity in the face of universal crisis. As this global pandemic brings out the worst xenophobia in some, we must insist upon seeing the beauty of our differences as only more evidence of our shared human experience.
Does The Circle Brazil present a whole, authentic picture of what Brazil is really like? Well, only in as much as the American version does which is to say, no, not really.
But in these trying times, what can at least unite In our common love for trash TV.
The Circle Brazil is streaming now on Netflix."
12,"{'id': 'mashable', 'name': 'Mashable'}",Amanda Yeo,Apple restricts iPhone sales online in wake of coronavirus supply issues,"Apple has placed a limit on the number of iPhones and other devices that can be purchased at once, as the coronavirus continues to impact the company's supply chain. CNBC reports several products in Apple's online store are now restricted to two per transacti…",https://mashable.com/article/apple-iphone-coronavirus-buy-restriction-limit/,https://mondrian.mashable.com/2020%252F03%252F20%252F81%252F9e3e9491732e437a925e87100a63d234.55f36.jpg%252F1200x630.jpg?signature=-Z-np05Wg1Kll81dQOFSQYNEasw=,2020-03-20T01:39:15Z,"Apple has placed a limit on the number of iPhones and other devices that can be purchased at once, as the coronavirus continues to impact the company's supply chain. 
CNBC reports several products in Apple's online store are now restricted to two per transaction, including the iPhone 8, iPhone 8 Plus, iPhone XR, iPhone 11, iPhone 11 Pro, iPhone 11 Max, and the newly announced iPad Pro. 
Mashable confirmed Apple's AirPods Pro are also limited to two at once, though you can still fill your shopping bag with as many standard AirPods as your wallet can manage.
There were reports back in January that Apple would face production problems due to the coronavirus, particularly as the company relies heavily on Chinese manufacturers. Even so, the impact has been worse than expected, causing Apple to miss its revenue goals for the quarter. 
The impact of the coronavirus on Apple's production hasn't been restricted to its supply chain in China, either. Numerous workplaces have temporarily shut down as the virus spread across the globe, including at least one of Apple's South Korean suppliers.
SEE ALSO: Apple's Worldwide Developer Conference 2020 will be online-only due to coronavirus
Mashable had reached out to Apple regarding the purchase restrictions and will update if we receive a response.
For most people, purchasing more than one iPhone at a time seems the sort of thing you do right before boarding your diamond-studded jet to your private tropical island. However, CNBC points out large families and people such as app developers may have legitimate need for multiple phones.
China's iPhone sales fell by over 60 percent in February as the coronavirus reduced both demand and supply. Apple only reopened its 42 stores in mainland China last week, having begun closing them in January due to the health crisis. All other Apple stores around the globe are closed ""until further notice."""
13,"{'id': 'mashable', 'name': 'Mashable'}",Alex Perry,Jaw-dropping photos show iconic New York City locations emptied out because of coronavirus,"As the novel coronavirus continues to spread around the globe, the United States has found its epicenter for the potentially deadly illness. New York City, the nation's most populous and one of its densest cities, has thousands of positive cases and dozens of…",https://mashable.com/article/new-york-city-coronavirus-photos/,https://mondrian.mashable.com/2020%252F03%252F21%252Fcd%252F2c15f74767434670b39dbc53b3c07d00.e0773.jpg%252F1200x630.jpg?signature=OXF72abtDdvY5XjrPUMUFFzKBWM=,2020-03-21T16:50:50Z,"As the novel coronavirus continues to spread around the globe, the United States has found its epicenter for the potentially deadly illness. 
New York City, the nation's most populous and one of its densest cities, has thousands of positive cases and dozens of deaths at the time of writing. Both figures are sure to keep rising, especially as the state ramps up testing. As such, new stay-at-home rules going into effect on Sunday night will further quiet the city that never sleeps.
All nonessential businesses will close and people are strongly urged to stay home unless it is absolutely necessary to go outside. It's not quite as strict as what's happening in Italy, but the effects are similar: Iconic, typically packed NYC locales are now eerily empty.
Take a look for yourself.
Even if you've never stepped foot in NYC, you know Times Square is supposed to be more bustling than this.
Image: Tayfun Coskun / Anadolu Agency via Getty Images
It's a ghost town outside Radio City Music Hall.
Image: Roy Rochlin / Getty Images
Brooklyn outpaces the other four boroughs in the number of positive COVID-19 cases, but some people took advantage of nice weather on Friday to go to Prospect Park.
Image: Roy Rochlin / Getty Images
The ice rink at Rockefeller Center was unoccupied.
Image: Roy Rochlin / Getty Images
The Columbus Circle subway station is one of the busiest in the city, but not during the coronavirus pandemic.
Image: Roy Rochlin / Getty Images
St. Patrick's cathedral isn't drawing a crowd right now.
Image: Roy Rochlin / Getty Images"
14,"{'id': 'mashable', 'name': 'Mashable'}",Sasha Lekach,"Coronavirus outbreak means gig workers from Uber, Lyft barely get paid","As ride requests shrivel up and shared rides are pulled from the Uber and Lyft apps, drivers are feeling the economic impact of COVID-19, the official term for the disease spreading in the new coronavirus outbreak. With most of the U.S. ordered to shelter in …",https://mashable.com/article/uber-lyft-coronavirus-employment/,https://mondrian.mashable.com/2020%252F03%252F25%252F30%252F3535bc37b29149748b2f32f30a7b9109.59cde.jpg%252F1200x630.jpg?signature=LFzHF6Po30PsA2absSeBNlXwDSU=,2020-03-25T15:57:23Z,"As ride requests shrivel up and shared rides are pulled from the Uber and Lyft apps, drivers are feeling the economic impact of COVID-19, the official term for the disease spreading in the new coronavirus outbreak. With most of the U.S. ordered to shelter in place or socially distance, drivers are nearly out of work.
The sudden change in demand is prompting creative thinking to get gig workers back to steady employment, or at the very least, paid.
The Hustle daily business newsletter spoke with 58 full-time U.S. Uber drivers last week and found that average rides per day had dropped from 23 to six and weekly pay from $1,072 to $348. Broken down hourly, pay went from $22 to $9.
During a call Tuesday with two San Francisco Board of Supervisors members and Uber drivers from the ride-share advocacy groups We Drive Progress and Gig Workers Rising, a resolution was unveiled to change driver employment status ASAP. This would kick in benefits like paid sick leave and unemployment insurance.
At Tuesday's board meeting, the resolution  which calls for an emergency enforcement of California's controversial bill AB 5, which would turn many contract workers into employees was officially introduced. The proposed change would affect only the city of San Francisco.
One Uber driver, Saori Okawa, said on the call that for the past year she's been driving for Uber up to 80 hours per week. But what used to be a three-minute wait to get a ride request is now taking 30 to 45 minutes. ""We drivers are in a state of emergency,"" she said. ""There is no business for us."" Earlier this week, she said she earned $75 (before expenses) after driving for a whole shift. ""I wish I could work from home like other workers,"" she lamented.
SEE ALSO: Coronavirus and work from home policies have messed with ride-sharing and public transit
There are efforts across the country to keep drivers working, or at least working in less risky situations.
In New York City, registered ride-share drivers were offered delivery work making $15 per hour to deliver goods for the city through the city's taxi and ride-share division. Lyft is offering similar delivery opportunities for healthcare services, government agencies, and businesses, along with more risky rides for Lyft's LyftUp Driver Community Task Force to get essential workers to places like grocery stores and hospitals, and caretakers to the homes of those who need them. 
Lyft told drivers it would post any temporary work opportunities Lyft finds from other companies in a weekly email to drivers. Uber Eats and other food delivery apps are a popular alternative for app-based work opportunities.
This week, Uber CEO Dara Khosrowshahi called for U.S. legislators to include Uber drivers in any stimulus packages. A deal on a $2 trillion federal package was struck early Wednesday. Lyft leadership had also promised to work with legislators to protect underworked drivers.
2/2 Ive also asked lawmakers to require companies like @Uber to provide new benefits and protections to independent contractors going forward. Together we can create a new standard for flexible work that benefits all who choose it and is available to as many people as possible.
 dara khosrowshahi (@dkhos) March 23, 2020
While gig worker protections and employee classifications were a global issue long before pandemic struck  a case in France earlier this month ruled that one driver could be classified as an employee and not an independent contractor the crisis is now pushing companies and lawmakers to reconsider how they protect their employees. 
It's telling that in Lyft's public filings with the Securities and Exchange Commission from 2019 it spells out how disastrous this very situation we're in could be.
Any unforeseen public health crises, such as epidemics, political crises, such as terrorist attacks, war and other political instability, or other catastrophic events, whether in the United States or abroad, could adversely affect our operations or the economy as a whole. The impact of any natural disaster, act of terrorism or other disruption to us or our third-party providers abilities could result in decreased demand for our offerings or a delay in the provision of our offerings, which could adversely affect our business, financial condition and results of operations. All of the aforementioned risks may be further increased if our disaster recovery plans prove to be inadequate.
Drivers are clinging to those disaster recovery plans."
15,"{'id': 'mashable', 'name': 'Mashable'}",Sam Haysom,Super slow motion video shows the explosive result of sitting on an airbag,Being mostly cooped up indoors due to COVID-19 -related social distancing means there are a lot of things we can't do at the moment. But there are still a few pastimes we can enjoy. Watching YouTube duo The Slow Mo Guys blowing up random objects in super slow…,https://mashable.com/video/slow-motion-mannequin-exploding-airbag/,https://mondrian.mashable.com/2020%252F03%252F18%252F6f%252Ff9566a66c1d7438cacef09bad7247969.97f78.jpg%252F1200x630.jpg?signature=IQhgUxK75foItwgxmb47NCVDaKA=,2020-03-18T12:46:00Z,"Being mostly cooped up indoors due to COVID-19-related social distancing means there are a lot of things we can't do at the moment. But there are still a few pastimes we can enjoy.
Watching YouTube duo The Slow Mo Guys blowing up random objects in super slow motion is most definitely one of them.
In the clip above, Gav and Dan balance a mannequin on top of an airbag and retreat to another room to blow it up. The first two attempts don't lead to much, but when they switch to a passenger airbag the difference is...noticeable.
As you'll understand when you watch the full video, this definitely isn't one to try at home."
16,"{'id': 'mashable', 'name': 'Mashable'}",Marcus Gilmer,"Sharp converts factory to make 150,000 face masks a day amid coronavirus outbreak","As the coronavirus outbreak continues to dominate headlines, Japanese electronics company Sharp has announced it will use its Mie Prefecture plant to produce surgical masks. The masks have become a common site not just in Japan but across the globe as the cor…",https://mashable.com/article/sharp-coronavirus-masks/,https://mondrian.mashable.com/2020%252F03%252F02%252F22%252F781f25956e6e4151ae18cc532731cce6.550cb.png%252F1200x630.png?signature=Zu4Hx_RDNLITs7HkBXznAL9DEsw=,2020-03-02T16:04:34Z,"As the coronavirus outbreak continues to dominate headlines, Japanese electronics company Sharp has announced it will use its Mie Prefecture plant to produce surgical masks.
The masks have become a common site not just in Japan but across the globe as the coronavirus, named COVID-19, has continued to spread. But with their popularity come shortages, so Sharp is stepping up its production.
Sharp, which is owned by Foxconn, typically produces displays at the factory. But the company now plans to start producing the masks by the end of March at a rate of 150,000 a day and eventually climbing to over 500,000 a day. 
As the Associated Press astutely notes, these display factories are often ""germ-free... for the sake of high quality."" This makes it a perfect factory for producing masks intended to prevent the spread of germs. 
As for whether or not the masks actually do much, the answer seems to be that if you're healthy, no. 
The World Health Organization (WHO) says that if you're healthy, you only need to wear one if ""you are taking care of a person with suspected 2019-nCoV infection."" 
Additionally, they're only really effective if you're taking other steps like constantly washing your hands.
The WHO also recommends wearing a mask if you are showing any symptoms of the disease.
Additionally, the Center for Disease Control says in its coronavirus FAQ that it doesn't recommend ""people who are well wear a facemask to protect themselves from respiratory illnesses, including COVID-19. You should only wear a mask if a healthcare professional recommends it. A facemask should be used by people who have COVID-19 and are showing symptoms.""
Meanwhile, U.S. Surgeon General Jerome Adams took to Twitter to call on people to stop panic-buying masks.
Seriously people- STOP BUYING MASKS! 
They are NOT effective in preventing general public from catching #Coronavirus, but if healthcare providers cant get them to care for sick patients, it puts them and our communities at risk! https://t.co/UxZRwxxKL9
 U.S. Surgeon General (@Surgeon_General) February 29, 2020
The best way to protect yourself and your community is with everyday preventive actions, like staying home when you are sick and washing hands with soap and water, to help slow the spread of respiratory illness. Get your #FluShot- fewer flu patients = more resources for#COVID19
 U.S. Surgeon General (@Surgeon_General) February 29, 2020
Basically, if you don't need to wear a mask, don't hoard them, because that leaves fewer masks for the health care workers who need them. 
There are severe strains on protective equipment around the world,"" the WHO's Dr. Michael Ryan said last week. ""Our primary concern is to ensure that our front line health workers are protected and that they have the equipment they need to do their jobs.
But if you're insistent on using a mask, at least make sure your beard is properly trimmed. 
We've reached out to Sharp for additional comment on the factory plans."
17,"{'id': 'mashable', 'name': 'Mashable'}",Nicole Gallucci,These images of matches perfectly illustrate how we can help stop coronavirus from spreading,"As coronavirus — which results in the respiratory disease COVID-19 — continues to spread around the world, talk of social distancing is dominating the news cycle. It's clear that some people, such as the many Americans who continued to hit up bars over the we…",https://mashable.com/article/matches-coronavirus-social-distancing/,https://mondrian.mashable.com/2020%252F03%252F16%252Fb2%252Ff62fcc1eba634e8a9a868d4a743f6472.f448a.jpg%252F1200x630.jpg?signature=jcbc5PFyc4TODBHNkpCbM0xyaWI=,2020-03-16T18:42:17Z,"As coronavirus which results in the respiratory disease COVID-19 continues to spread around the world, talk of social distancing is dominating the news cycle.
It's clear that some people, such as the many Americans who continued to hit up bars over the weekend, still don't understand the importance of avoiding crowds and keeping at least three feet of space between yourself and others, but government officials and healthcare professionals believe that social distancing is the key to slowing the spread of this virus.
In an effort to help everyone see just how critical social distancing can be during this tumultuous time, people are creating helpful visual aids using matches. 
SEE ALSO: It's time to get serious about coronavirus social distancing
A popular video shared to Instagram by artist @juan_delcan shows a row of matches burning. Once the first match is lit the flame quickly spreads to those nearby, but as soon as one of the matches (with legs) steps out of line the fire becomes contained.
The increased space between the matches helps stop the fire from spreading, just as social distancing will help stop germs from spreading. The visual representation is a stark and clear reminder of why it's so crucial for people even those who feel healthy and might not be experiencing any coronavirus symptoms to stay home when possible and limit exposure to groups.
A similar photo of matches is being shared on social media  often with the caption, ""This photo has been shared by doctors in Greece. 'The one who stayed away saved them all.'""
Again, there's a row of burnt matches, one match removed from the line, and all of the matches beyond it saved from the scorch.
The match concept has inspired a number of Instagram artists to create their own versions of the images. They're now being shared in an effort to encourage isolation and hopefully ""flatten the curve.""
Social distancing not only limits the spread of germs, but it also allows medical professionals to properly care for those already diagnosed with the virus (without an overwhelming influx of new cases).
For all you fans of match visuals out there, here's what social distancing should look like.
We understand that social distancing can be lonely, so here are some helpful tips to make isolation more enjoyable."
18,"{'id': 'mashable', 'name': 'Mashable'}",Sam Haysom,'Pokemon Go' just made it easier to play at home during coronavirus pandemic,"Pokémon Go, a game that relies on players venturing out and about to catch critters and spin Pokéstops, has announced some changes in the wake of the new coronavirus. In the early hours of Friday morning, Niantic tweeted to say it's ""putting focus on expandin…",https://mashable.com/article/pokemon-go-feature-changes-coronavirus/,https://mondrian.mashable.com/2020%252F03%252F13%252F0b%252Ff6b3e77bb200452d9abb0bdc9ced5592.dbd99.jpg%252F1200x630.jpg?signature=5sFXhbXIr80stFFJw4bPsGd0EUA=,2020-03-13T13:03:48Z,"Pokémon Go, a game that relies on players venturing out and about to catch critters and spin Pokéstops, has announced some changes in the wake of the new coronavirus.
In the early hours of Friday morning, Niantic tweeted to say it's ""putting focus on expanding features and experiences in our games that can be enjoyed in an individual setting,"" citing player safety as a top priority.
The safety of our global player community is our top priority. COVID-19 is challenging us and the world to adjust. Were putting our focus on expanding features and experiences in our games that can be enjoyed in an individual setting and that also encourage exploration!
 Niantic, Inc. (@NianticLabs) March 13, 2020
The practical implications? The upcoming Abra Community Day event which would likely have seen a surge of players out and about scooping up Abra spawns has been postponed. A number of features have also been tweaked to make it easier to play Pokémon Go from a home setting.
Here's a list of the features changes that are being made, per the official Pokémon Go site:
- A one-time purchase bundle of 30 Incense for 1 PokéCoin. Incense will also last for one hour.
- 1/2 Hatch Distance when Eggs are placed into Incubators during this time period
- PokéStops will now drop Gifts more frequently
- Pokémon habitats will increase and more Pokémon will be appearing in the wild
It's worth noting that while increased spawns and super-cheap Incense (which causes 'mons to spawn in your current location) will make it easier to play from home, you won't be able to do everything from one place. Eggs still require some walking, and PokéStops (unless you have one on your doorstep) still need to be visited to collect items like Pokéballs.
Elsewhere, Niantic has also announced a postponement for its Harry Potter: Wizards Unite March community day.
COVID-19, the official name for the disease caused by coronavirus, now has over 125,000 confirmed cases globally. Over 4,600 people have died."
19,"{'id': 'mashable', 'name': 'Mashable'}",Rachel Thompson,Inside the red zone: Photos show dramatic impact of Italy's nationwide lockdown,"Approximately 60 million people in Italy are now under total lockdown in a desperate bid from the country's government to halt the spread of the new coronavirus (COVID-19). On Monday night, Prime Minister Giuseppe Conte announced severe measures for the entir…",https://mashable.com/article/italy-coronavirus-lockdown-quarantine/,https://mondrian.mashable.com/2020%252F03%252F10%252F50%252F05e037e08a2c4fd596142add961692e2.7e659.jpg%252F1200x630.jpg?signature=CWVuKcUc7XJ_pEiPuOXS3MiAkLs=,2020-03-10T14:44:02Z,"Approximately 60 million people in Italy are now under total lockdown in a desperate bid from the country's government to halt the spread of the new coronavirus (COVID-19). 
On Monday night, Prime Minister Giuseppe Conte announced severe measures for the entire nation, enforcing something he's calling the ""I Stay Home"" decree. Strict travel restrictions, previously only in effect in northern Italy, are now applicable to the whole country. 
The decree went into effect as of Tuesday morning and will last until April 3, 2020. The lockdown is unprecedented during peacetime in the country. ""All the measure of the red zones are now extended to all of the national territory,"" Conte said in a press conference on Monday. 
Italy is the worst affected nation after China, and the epicentre of the virus in Europe. Cases of the coronavirus have been confirmed in all 20 regions in Italy. On Monday, Italy's coronavirus death toll jumped from 366 to 463. At the time of publishing this story, the total number of cases had increased to 9,172 that number was 7,375 on Sunday.  
During Monday's televised press conference, the prime minister told people to stay home and banned all public gatherings. ""There is no more time. I will take responsibility for these measures. Our future is in our hands,"" he told reporters.
A nun walks across Piazza del Duomo by the cathedral in downtown Milan on March 10, 2020.
Image: MIGUEL MEDINA/AFP via Getty Images
The deserted Vittorio Emanuele II galleria shopping mall on March 10, 2020 in Milan.
Image: MIGUEL MEDINA / AFP via Getty Image
A tourist wears a protective face mask as he visits the ancient sites in the Italian capital Rome, March 10, 2020.
Image: ANGELO CARCONI/EPA-EFE/Shutterstock
People walk across a shopping gallery in downtown Milan on March 10, 2020.
Image: MIGUEL MEDINA / AFP via Getty Images 
Customers order drinks at a deserted cafe terrace on March 9, 2020 on Piazza Vittorio in Turin.
Image: MARCO BERTORELLO/AFP via Getty Images
Travel is only permitted under certain special circumstances, including ""urgent, verifiable work situations and emergencies or health reasons."" Those found to be breaking quarantine rules face fines and up to three months in jail.
Checkpoints will be installed on motorways, toll booths, and at airports and train stations. Public transport will remain operational. 
These measures are an extension of strict travel restrictions the country introduced over the weekend for northern Italy, affecting 16 million people. People living in Lombardy and 14 central and northern provinces were informed they could not travel unless they had special permission. 
Popular tourist destinations including Milan, Venice, Padua, Parma, and Rimini were declared ""red zone"" quarantine areas under the weekend's lockdown. 
A soldier supervises platform access at the Termini railway station in Rome on March 10, 2020.
Image: TIZIANA FABI/AFP via Getty Images
A few commuters travel in the underground metro in Milan on March 10, 2020 after Italy imposed unprecedented national restrictions.
Image: MIGUEL MEDINA / AFP via Getty Images
An Italian State Police officer takes down notes at a checkpoint on March 10, 2020 in Milan, Italy.
Image: Emanuele Cremaschi/Getty Images
People keep a safe distance as part of precautionary measures against the spread of the new  coronavirus, outside a post office in downtown Rome on March 10.
Image: ALBERTO PIZZOLI/AFP via Getty Images
People queue up at supermarkets to stock up on food and goods on March 10, 2020 in Rome.
Image: Simona Granati - Corbis / Corbis via Getty Images
""Social distancing"" measures were introduced across the country, with people being urged to stay one meter away from others in public areas like bars, cafes, and shops. 
Restaurants and cafes will now close at dusk throughout the country. 
Under the drastic new nationwide measures, all public events are banned, including attending cinemas, theatres, gyms, pubs, and discos. Weddings, funerals, and sporting events will be cancelled. All schools and universities will stay shut until April. 
Italian people have been using the Twitter hashtag #iostoacasa, which means ""I'm staying home"" to inform others they were abiding by the new restrictions, and to encourage others to follow suit. 
People leave a supermarket in Naples at night with supplies supplies after the government announced the lockdown.
Image: Carlo Hermann/KONTROLAB/LightRocket via Getty Images 
A note that reads 'we do not accept visits, from today for the next few days, do not take offense but we protect each other' is seen on the door of a private home on March 9, 2020 in Venice, Italy.
Image: Marco Di Lauro/Getty Images
A hairdresser wearing a respiratory mask works at a hair saloon in Rome on March 10, 2020.
Image: ALBERTO PIZZOLI/AFP via Getty Images
Few people are seen at the Campo dei Fiori open-air market, in Rome.
Image: Andrew Medichini/AP/Shutterstock
Women walk across a street in downtown Milan on March 10, 2020.
Image: MIGUEL MEDINA / AFP via Getty Images
A waiter prepares a capuccino at a cafe in downtown Milan on March 10, 2020.
Image: MIGUEL MEDINA / AFP via Getty Images
""We have adopted a new decision based on an assumption: that there is no time,"" Conte said. ""Our habits therefore must be changed. They must be changed now.""
Since the announcement of the nationwide lockdown, the UK's Foreign and Commonwealth Office (FCO) is now advising against ""all but essential travel to Italy"" citing the ongoing outbreak of coronavirus. 
On Monday, the Italian prime minister toldLa Repubblica, ""These days, I have been thinking about the old speeches of [Winston] Churchill. It is our darkest hour but we will make it."""
