,source,author,title,description,url,urlToImage,publishedAt,content
0,"{'id': 'mashable', 'name': 'Mashable'}",Mark Kaufman,Americans are hitting bars and bragging about not social distancing,"The nation's top infectious disease researchers have repeatedly warned, if not begged, Americans to practice social distancing as the contagious coronavirus spreads through the population. That's because, due to a woeful lack of testing in the nation, no one …",https://mashable.com/article/people-bars-coronavirus-social-distancing/,https://mondrian.mashable.com/2020%252F03%252F15%252F00%252F1db0b17893b44e1d802fbe4700e1cf05.549c2.jpg%252F1200x630.jpg?signature=6dnxgClROAvdR6mVNOfyRVVwcAM=,2020-03-15T17:49:08Z,"The nation's top infectious disease researchers have repeatedly warned, if not begged, Americans to practice social distancing as the contagious coronavirus spreads through the population. 
That's because, due to a woeful lack of testing in the nation, no one knows how many Americans are infected and the resulting respiratory disease (COVID-19) is 10times more lethal than the flu. Sunday morning, Marc Lipsitch, an infectious disease epidemiologist at Harvard University, emphasized this point, noting that the true number of infections is certainly ""much higher"" than confirmed cases.
But, though some folks are social distancing, many still clearly aren't. Some are even actively bragging about not doing it. This weekend, journalists and others reported that bars across the nation were packed in Boston, Chicago, Nashville, and New York City.
For those eager to ignore the recommendations of scientists who have squelched deadly virus epidemics in the past like immunologist Mark Cameron who helped put SARS to rest consider this: Between 20 to 60 percent of adults globally are expected to become infected, and some 15 percent of cases are severe or critical. It is people over 60 who are most vulnerable. So stopping the virus' spread will help your older relatives or parents from falling extremely ill, or worse. 
""Social distancing is based on the principle of altruism,"" Jason Farley, a nurse practitioner for the Division of Infectious Diseases AIDS Service at the Johns Hopkins School of Medicine, told Mashable last week. ""Treating everyone around you like its your 80-year-old grandmother is the circumstance we need to think about.""
Many people perhaps unaware they can walk around infected but without any symptoms for some five days or longer clearly aren't considering the societal notion of altruism during a pandemic:
I just went to a crowded Red Robin and I'm 30.
It was delicious, and I took my sweet time eating my meal. Because this is America. And I'll do what I want.
 Katie Williams (@realkatiejow) March 14, 2020
Boston Police say they did NOT close down Southie bars early last night. Some bars did close well before 1am. This was what it looked like earlier in the day despite social distancing recommendations of 6 feet by city &amp; state leaders. #COVID19#WCVBpic.twitter.com/YxNdBZzbe1
 Josh Brogadir (@JoshBrogadirTV) March 15, 2020
I gave 4 rides tonight, all of them going to bars or clubs. After the 4th, I logged off, pulled into a parking lot, and sobbed. No one is quarantining. No one is listening. They don't know it yet, but they are killing each other. The sense of hopelessness is overwhelming.
 Your Uber Driver (@uber_trips) March 15, 2020
Social distancing is not alarmist. In the words of Michael Leavitt, the former Secretary of the U.S. Department of Health and Human Services:
""Everything we do before a pandemic will seem alarmist. Everything we do after a pandemic will seem inadequate. This is the dilemma we face, but it should not stop us from doing what we can to prepare.""
""Social distancing goes a long way to prevent the rapid spread of the virus,"" Akiko Iwasaki, a professor of immunobiology at the Yale School of Medicine, told Mashable. 
""Social distancing is one of the most effective tools,"" agreed Suzanne Willard, a global health expert at Rutgers School of Nursing.
You are young and still wanna go out to bars cause you think, meh, I won't get this virus or if I do, it won't hit me hard. Read this: pic.twitter.com/n25Ch1E3kY
 Michael Barbaro (@mikiebarb) March 14, 2020
It's true that social distancing is not the only critical tool. A prompt and radical uptick in testing to isolate and treat infected people is paramount. But social distancing will limit the spread of coronavirus, a disease so infectious it has traveled the globe.
""It takes an unprecedented public health response to put a lid on this one,"" said Cameron, who researches infectious diseases at Case Western Reserve University. 
Coronavirus isn't just about you. It's about everyone you could infect."
1,"{'id': 'mashable', 'name': 'Mashable'}",Proma Khosla,'Saturday Night Live' suspends production because of coronavirus,"Saturday Night Live will postpone its return to the airwaves due to concerns about the spread of coronavirus, reports Variety. The show was scheduled to return March 28 with host John Krasinksi and musical guest Dua Lipa. Krasinski was originally intended to …",https://mashable.com/article/saturday-night-live-coronavirus-hiatus/,https://mondrian.mashable.com/2020%252F03%252F16%252F94%252F4923f07167be421186333c86a7c857ce.51e67.jpg%252F1200x630.jpg?signature=vjGMxhyterp5LnoPRh0IZVxvejc=,2020-03-16T21:59:05Z,"Saturday Night Live will postpone its return to the airwaves due to concerns about the spread of coronavirus, reports Variety. 
The show was scheduled to return March 28 with host John Krasinksi and musical guest Dua Lipa. Krasinski was originally intended to host the show while promoting A Quiet Place Part II, but the Paramount film's release has also been delayed because of COVID-19.
A Quiet Place Part II is one of many films pushed back because of coronavirus, and SNL is among many productions to halt in order to keep its cast and crew safe and socially distant at this time. Other shows that tape in front of a studio audience late-night shows in particular have either dispensed with the audience portion or taken temporary hiatus.
Mashable has reached out to NBC for further comment."
2,"{'id': 'mashable', 'name': 'Mashable'}",Haley Henschel,Can't find toilet paper anywhere? You should get a bidet.,"As companies enact mandatory work-from-home policies and major cities shutter bars, restaurants, and schools amid the coronavirus outbreak (now a global pandemic ), apocalyptic images of bare store shelves have been flooding our Instagram and Twitter feeds. A…",https://mashable.com/shopping/march-16-bidets-coronavirus-amazon/,https://mondrian.mashable.com/2020%252F03%252F16%252F49%252F9e2774773dc84ae78bfefbf152c1b840.03145.png%252F1200x630.png?signature=68kGpfkEnWYlVg28450HrFbcytw=,2020-03-16T16:41:02Z,"As companies enact mandatory work-from-home policies and major cities shutter bars, restaurants, and schools amid the coronavirus outbreak (now a global pandemic), apocalyptic images of bare store shelves have been flooding our Instagram and Twitter feeds.
And nowhere are things bleaker than in the toilet paper aisle.
As CNN reported, retailers are struggling to keep TP in stock as people across the country hoard the stuff to prepare for the possibility of quarantine due to the spread of COVID-19. (That's the World Health Organization's official term for the respiratory disease caused by the virus.) In some areas, this panic-buying has gotten so out of control that stores have begun limiting the number of packs customers can purchase at one time.
To be clear: Toilet paper can't protect you against the coronavirus, nor is the need for it expected to soar as people spend more time practicing social distancing at home. Nevertheless, ""stockpiling is not an uncommon reaction provoked by fear,"" points out Todd C. Frankel, a reporter on The Washington Post's Finance desk, citing interviews with social scientists. ""Fear of running out. Fear of the unknown and what is to come.""
SEE ALSO: We have a potent weapon against coronavirus. We should use it.
If you're struggling to find toilet paper in stock near you, or if you don't feel like brawling over the last pack, using a bidet makes a solid Plan B. Popular in Europe, these butt-washing toilets actually leave you cleaner than had you wiped with toilet paper (and they're more eco-friendly to boot).
Google Trends data indicates that bidets and toilet seat attachments have swiftly become a hot commodity over the past week or so, but as of March 16, we still managed to find a couple of them in stock on Amazon. (All prices and availability are accurate at time of publication good luck out there.)
Image: whisper
Whisper's sleek, easy-to-install toilet seat attachment sports an adjustable water pressure dial and a self-cleaning, auto-retracting nozzle. Get it here
 for $74 (plus $5.92 shipping).
Image: astor
Perfect for people who don't want to commit to long-term bidet use, this no-frills attachment features a customizable pressure dial and durable brass construction. If you can wait a couple of days, you can buy it here for $29.95 and it'll ship once it's back in stock on Friday, March 20. 
Image: kohler
You can easily swap your existing toilet seat with this bidet model from Kohler, which includes a built-in nightlight, a heated seat, an odor-eliminating carbon filter, and a self-sanitization tool. It happens to be on sale right now for $449.25, or 25% off its suggested retail price of $599. Get it here.
Image: smartbidet
Featuring a far-reaching posterior wash mode, a wide, gentle feminine mode, and constipation-relieving spiral stream mode, the SmartBidet's electric bidet toilet seat is unique in that it comes with a wireless remote control. Get it here for $599.
Image: gustyle
Even when there *isn't* a pandemic going around, you can't always count on public restrooms to be stocked with TP. Enter: the portable travel bidet by Gustyle, a waterproof, battery-powered sprayer with a foldable design that's easy to stash in a backpack or purse. Get it here for $25.99.
Image: toto
If you're 110% ready to embrace #bidetlife, consider replacing your toilet with Toto's traditional-style Piedmont Bidet: It's got a flushing rim and a vertical spray, and its classic design won't look out of place in your bathroom. Amazon has it on sale right now for just $281.88, or 44% off its $499 MSRP get it here."
3,"{'id': 'mashable', 'name': 'Mashable'}",Rachel Thompson,"Chatty, cheerful podcasts to listen to if your home feels too quiet","In times of crisis, podcasts can provide us with much needed comfort and company. As countries around the world ramp up efforts to halt of the spread of the new coronavirus (COVID-19), people who are in a position to do so are practicing social distancing. Yo…",https://mashable.com/article/podcasts-social-distancing-coronavirus/,https://mondrian.mashable.com/2020%252F03%252F16%252Fac%252Ff5da87aa6a764c35beddc949ac2a7d3b.9542f.png%252F1200x630.png?signature=FLUSXHWgbbOY42X5YwvTCMsvNKw=,2020-03-16T16:12:48Z,"In times of crisis, podcasts can provide us with much needed comfort and company. 
As countries around the world ramp up efforts to halt of the spread of the new coronavirus (COVID-19), people who are in a position to do so are practicing social distancing. 
You might have spotted people on social media urging friends and followers to stay home, to avoid bars, restaurants, and crowded public places. That's because social distancing is the most effective tool we can use in order to slow the spread of the virus and protect other people (particularly people who are immunocompromised or elderly). 
Those of us who are able to practice social distancing will be spending a lot more time at home over the coming weeks. This does represent a big lifestyle change and it can mean spending a lot more time alone and an increase in feelings of loneliness. 
SEE ALSO: 7 ways to help quell coronavirus-related anxiety
If your home is feeling eerily quiet right now (mine certainly is), then there's one solution that can really help right now: podcasts. 
You can play chatty, cheerful podcasts either on a low volume as background noise, or louder if you want to give them your full attention. You don't need to feel like you're living in A Quiet Place, right now. And you don't need to fill that silence with rolling news coverage if it's having an adverse effect on your mental health.
Inject some positive vibes into your home with the following chatty podcasts. 
Each episode, singer Jessie Ware and her mum Lennie cook up a storm and host a dinner party with a celebrity, including the likes of Sam Smith, Nigella Lawson, Emilia Clarke, and HAIM. The format makes for absolutely delightful listening. It's basically like being a fly on the wall at an A-list dinner party where the food is absolutely top-notch. If you love food and a good natter, then this is right up your street. My fave episode features Alan Carr chatting about Adele hosting his wedding. 
If you're missing your friends right now, then The Receipts Podcast will make you feel like you're sitting with your mates. The Receipts is hosted by three women Tolani (Tolly) Shoneye, Audrey Indome, and Milena Sanchez  who chat about relationship dilemmas and dramas in a hilarious in a hilarious, unfiltered way. As Indome once put it, the podcast is ""an unfiltered girl chat, its a WhatsApp group chat come to life.""
If you're missing your fix of pop culture conversation, get stuck in to Keep It!. Hosted by Ira Madison III, Louis Virtel, and Aida Osman, this podcast homes in on the intersection of pop culture and entertainment with society. Quick-witted banter and incisive cultural commentary abounds. 
RuPaul's Drag Race fans, gather round. Everyone's favourite BFF dynamic duo RuPaul and Michelle Visage sit back and chat pop culture, Drag Race, beauty, and general life advice. If you need a bit of joy and cheering up, then RuPaul's infectious laugh will do the trick. 
In need of a good chuckle? Comedians Patrick Monahan, Kath Barbadoro, and Eli Yudin recap the myriad things of the week that have made us collectively say ""what a time to be alive."" They even recorded an episode while social distancing in their respective apartments. Truly a podcast for our times. 
Fancy yourself something of a cricket fan? This podcast will hit the spot. Hosted by beloved Radio 1 presenter Greg James along with international cricketer Jimmy Anderson and Felix White from the indie band The Maccabees, this podcast is a funny, alternative, and animated look at cricket. 
Hosted by Christene Barberich, the global editor-in-chief of Refinery29, UnStyled is an interview format podcast that explores life, work, love, and the clothes we wear. My favourite episodes include Jane Fonda talking about Fire Drill Fridays and Jenny Slate on not allowing relationships to define you. 
If you're the type of nosy person who loves to eavesdrop on other people's conversations, you'll probably enjoy this. Each episode, Chris Gethard (yes, that guy off Broad City) opens his phone up to an anonymous caller and talks to them about any manner of things: darkest secrets, shocking confessions, as well as lofty debates ab out philosophical matters. 
We've a lot of thinking time on our hands right now. This podcast, hosted by journalist and author Elizabeth Day, is a thoughtful, uplifting approach to learning from your past mistakes and failings and turning them into success stories. Each episode, Day interviews a famous person, like Phoebe Waller-Bridge, Andrew Scott, and Samin Nosrat, about their personal and professional failings and how they became the people they are today. 
Everyone loves a good fact. The brainy swots behind the BBC show QI have teamed up to make a podcast, delving into the fascinating discoveries they've made that week. Turn your self-isolation into fact collecting. Time well spent! 
Happy listening!
Want more podcasts? Try these storytelling podcasts (or these ones), news podcasts, fictional podcasts or comedy podcasts."
4,"{'id': 'mashable', 'name': 'Mashable'}",Anna Iovine,Here are the places on coronavirus lockdown so far,"To halt the spread of the novel coronavirus, some cities countries are taking a drastic measure: Stopping the population from entering or leaving certain areas, otherwise known as lockdown. Italy was the first in Europe (now the pandemic's epicenter, accordin…",https://mashable.com/article/countries-on-lockdown-coronavirus-covid-19/,https://mondrian.mashable.com/2020%252F03%252F14%252F4d%252F3a593af5fae2436e93471a623586e80a.83ee0.jpg%252F1200x630.jpg?signature=t-gkT6E6FSX9FCT6EsU1lM_IMzY=,2020-03-14T23:01:59Z,"To halt the spread of the novel coronavirus, some cities countries are taking a drastic measure: Stopping the population from entering or leaving certain areas, otherwise known as lockdown. 
Italy was the first in Europe (now the pandemic's epicenter, according to the WHO) to institute the policy, but a whole slew of countries followed suit over the weekend. 
Here's a list of places around the world that have come under lockdown, or partial lockdown measures, so far:
Italians in lockdown all over Italy are keeping each other company by singing, dancing and playing music from the balconies. A thread to celebrate the resilience of ordinary people. This is Salerno: pic.twitter.com/3aOchqdEpn
 Leonardo Carella (@leonardocarella) March 13, 2020
After an early lockdown in the north of the country, as of March 9, the whole of Italy is essentially under quarantine with strict limits on travel and gatherings. Nonessential shops and businesses are closed Italians are fighting the isolation with music.
FRANCE NOW AT EPIDEMIC LEVEL. All restaurants, cafés, non-essential services closed. MORE THAN 50% OF THE 300 #COVID19 CASES IN FRENCH ICUs ARE PEOPLE UNDER 60; France now has 4,500 cases, which doubled in the past 72 hours, said Jérôme Salomon, head of French health service.
 Rachel Donadio (@RachelDonadio) March 14, 2020
Despite protests against France banning large gatherings, the country took its lockdown measures a step further by shutting down theaters, restaurants, and stores Saturday all before elections, at that.
BREAKING: Spain issues nationwide lock down &amp; shut down of all business; the only exceptions are for basic food, medicine and welfare. Europe is now classified as the epicenter of the #COVID19 pandemic, according to the @WHO. pic.twitter.com/pWSAFxbI4b
 David Begnaud (@DavidBegnaud) March 14, 2020
The Spanish government also instituted a lockdown on Saturday, citing the fact that Europe is the new epicenter of COVID-19. Spain currently has the highest rate of infection after Italy. 
NEW: Israel shuts down cafes, restaurants and movie theaters amid Coronavirus outbreak, effective tomorrow morning
 Trey Yingst (@TreyYingst) March 14, 2020
Israel's government announced Saturday that it will limit transportation, employment, and schools amid the coronavirus. 
ALERT. The Danish government and health authorities have just announced a lock down of Denmark for a minimum of 14 days. #COVID19
 Søren T. Christensen (@t_soren) March 11, 2020
Denmark has closed its borders to stop the spread. While the lockdown is currently in effect through April 14, Danish citizens and green card holders will still be allowed entry into the country.
The Irish government closed schools, childcare facilities, and cultural institutions as of Thursday. Gatherings above 100 people are banned. 
Metro Manila is now officially on lockdown.
 Bob Ong (@BobOngHugots) March 14, 2020
While it doesn't extend to the entire country of the Philippines, President Rodrigo Duterte has locked down Metro Manila, a region of 12 million people. 
Ive just walked into a cafe in Taipei, where I was immediately asked to sanitize my hands and my temperature was measured. Seems to be a common procedure during #coronavirus times, here in Taiwan. Same scenario happened upon my hotel check in last night. Follow their lead! pic.twitter.com/Ul4VbI24ax
 Beata Komarnicka (@komarnicka_com) March 12, 2020
Taiwan was praised for its quick response to the coronavirus. The country implemented travel restrictions and other harsh measures in late January; as a result, the entire nation has suffered only one coronavirus death so far. 
To give you a sense of the containment measures implemented in Singapore: if a COVID-19 case caught a taxi but can't remember the details, contact tracing teams will sift through CCTV to find it.
 Adam Kucharski (@AdamJKucharski) March 10, 2020
Singapore implemented harsh restrictions in late January to curb the spread of the virus, with great success: There have been zero deaths thus far. The island nation has imposed travel restrictions on China, Iran, South Korea and Italy; its prime minister now warns that the epidemic could last for a year. 
This is a stunning description of what China did about Covid-19 and what we probably don't have state capacity to do.
The part about Italy at the end could be true of us soon.pic.twitter.com/0qLAPvehdm
 Amit Varma (@amitvarma) March 14, 2020
The epicenter of the coronavirus, China's Hubei province, was locked down for 50 days but the quarantine is starting to lift as the country adjusts to its new normal."
5,"{'id': 'mashable', 'name': 'Mashable'}",Mark Kaufman,Ohio will close all its bars and restaurants to slow down coronavirus,"As coronavirus picks up steam in the U.S., Ohio Governor Mike DeWine announced the state would close down all its bars and restaurants Sunday night — to keep people from infecting one another. This is a potent social distancing measure, which means keeping at…",https://mashable.com/article/coronavirus-ohio-bar-restaurant-close/,https://mondrian.mashable.com/2020%252F03%252F15%252Fa6%252F72c6358a76b64b72b44a3d675f5fbaf7.3649a.jpg%252F1200x630.jpg?signature=sfUhEZT4-mhq4b4dPnvRGRESSao=,2020-03-15T21:17:45Z,"As coronavirus picks up steam in the U.S., Ohio Governor Mike DeWine announced the state would close down all its bars and restaurants Sunday night to keep people from infecting one another. 
This is a potent social distancing measure, which means keeping at least three feet away from someone, or avoiding crowds. Infectious disease experts, including those who have helped stamp out deadly epidemics before, say social distancing is imperative to slow the inevitable spread of coronavirus, which results in the respiratory disease COVID-19.
""We will be issuing an order closing all bars and restaurants in #Ohio beginning at 9:00 tonight,"" DeWine, a Republican, tweeted on Sunday afternoon. 
""Every day we delay, more people will die,"" DeWine continued. ""If we do not act and get some distance between people, our healthcare system in #Ohio will not hold up. The loss won't only be those impacted by #COVID19, but the danger is also to everyone else who needs hospital care for other issues.""
(Illinois, meanwhile, announced on Sunday that it will close ""inside dining"" for two weeks.)
DeWine's effort intends to reduce strain on hospitals which can't care for the coming rise in severely sick people, particularly folks over 60. Ohioans can still get their restaurant-fix via takeout, and buy beer from stores. 
Due to a woeful lack of testing in the U.S., it's still unknown how many people are infected with coronavirus, but top epidemiologists know the number is ""much higher"" than just the reported cases. There are over 3,200 confirmed cases so far in the U.S., according to Johns Hopkins University, with 37 confirmed in Ohio. 
The glaring problem with bars is that coronavirus doesn't make people sick quickly. So people show up to socialize unaware they're infected. Around 80 percent of us experience milder symptoms or no symptoms at all. People might not even know they're sick for some five days. 
SEE ALSO: Chilling Italian obituary pages show the rising dead from coronavirus
""That person is flying, walking, and interacting,"" said Mark Cameron, one of the scientists who contained the 2003 SARS outbreak in Canada. ""They're spreading the virus without realizing theyre sick.""
So with this bug, now a pandemic, social distancing is critical. 
""Social distancing goes a long way to prevent the rapid spread of the virus,"" Akiko Iwasaki, a professor of immunobiology at the Yale School of Medicine, told Mashable last week."
6,"{'id': 'mashable', 'name': 'Mashable'}",Anna Iovine,What it's like to live with someone who still doesn't take coronavirus seriously,"Over the past few weeks, Carlos Martinez has been eyeing the news for coronavirus coverage. All the while, his partner shrugs off his concerns. ""[She] would dismiss it every time she saw me watching the news,"" Martinez told me. ""She would make comments like '…",https://mashable.com/article/what-to-do-if-partner-friends-family-roommates-not-taking-coronavirus-seriously/,https://mondrian.mashable.com/2020%252F03%252F30%252F5a%252Fc42d144d80b145bcac55c654fb898162.02bc5.jpg%252F1200x630.jpg?signature=kysXKIxiea3IUc87CWW4JuvbfiU=,2020-03-30T17:19:57Z,"Over the past few weeks, Carlos Martinez has been eyeing the news for coronavirus coverage.
All the while, his partner shrugs off his concerns.
""[She] would dismiss it every time she saw me watching the news,"" Martinez told me. ""She would make comments like 'it's just the flu' or 'the government is making a big deal out of this.'"" 
SEE ALSO: How to use social distancing to get closer to your friends and family
Martinez, a photographer in Toronto, first started taking the coronavirus seriously when an old coworker posted about her lockdown while stuck in Wuhan, China the area believed to be where the coronavirus originated
. The old colleague had traveled there in January to celebrate Chinese New Year and witnessed the city become locked down. 
While Martinez makes efforts to stay safe, he said his partner does not share the same sentiment and he is not alone. While the severity of the coronavirus pandemic seems obvious to some, not everyone shares this view; the divide between those taking serious precautions and those not can be seen even in individual households. 
Kathleen, a 25-year-old in Philadelphia, is having the same issue as Martinez only with her roommates. The digital marketing specialist, who requested to be referred to by her first name only for privacy concerns, said she started taking the crisis seriously before traveling to Ireland the first week of March. 
""She would make comments like 'it's just the flu' or 'the government is making a big deal out of this.'""
She returned stateside on March 15, and told me that her roommates have only begun to feel moderately concerned last week. As of March 30, Philadelphia has over 1,000 
confirmed cases of COVID-19, the official name for the disease caused by the coronavirus.
Even though her roommates are moderately concerned, Kathleen believes they are not taking precautions. One of them works at a grocery store and, according to Kathleen, does not take proper steps against bringing home germs. Her other roommate has not adhered to social distancing by going shopping more than necessary and visiting family and friends. 
Kathleen told Mashable that she does not leave the house aside for a few walks, and is growing increasingly nervous when it comes to her roommates. 
Similar to Kathleen, Erika, a 28-year-old woman in Florida, is living with people not taking coronavirus seriously. In her case, it's her in-laws, who go outside to shop three times a day according to Erika. 
Erika, who requested to go by another name to keep her privacy, and her husband, a coach in the NCAA, realized the situation was serious when sporting events were canceled. Her in-laws, who are over 75, as well as her husband's 93-year-old grandmother, were already visiting them from out-of-state. When the situation got worse in their home state, they decided to stay with Erika and her husband indefinitely. 
""We are not in a state on lockdown and most stores are still open,"" Erika told me, ""so we think this contributes to their reluctance to change their daily routines.""
There are a multitude of reasons why a loved one or roommate may not take the pandemic seriously, according to Dr. Katherine M. Hertlein
. Hertlein, a professor with the couple and family therapy program within the University of Nevada, Las Vegas' School of Medicine, told Mashable that past experiences, defensiveness, or an ability to be highly adaptable in many situations can be some reasons behind someone not taking extra precautions.
SEE ALSO: The most important thing to know about social distancing
Furthermore, it may be hard for people to grasp something they cannot see. ""We're evolved to learn from personal experience, not from statistics and theory,"" Viktor Sander, counselor at SocialPro
, told Mashable. ""These individuals usually change their minds when they have a personal experience to draw conclusions from."" That means, unfortunately, they would change their mind if someone close to them or they themselves were diagnosed with coronavirus. 
Martinez does not understand his significant other's blasé attitude towards COVID-19, given that she works in a clinic that tests blood samples. ""I figured this would be something she would take more serious [sic],"" he said. 
""There are things she does that makes me take a step back and think if this is the hill I wanna die on when I notice something irresponsible,"" he continued. This includes washing her hands for only five seconds (the CDC recommends 20 seconds
) and not treating hand-washing as a priority after being in public, say at the grocery store. 
""It's hard because I notice these things and don't want to call her out on it each time because it's annoying for me and I'm sure she'll get annoyed with me,"" said Martinez. ""For now I have been biting my tongue for most of the time but if I feel the need to speak up, I will tell her straight up.""
While it's not possible to control someone's beliefs or actions, there are some steps one can take to try to convince or help convince them of the coronavirus's severity. 
""These individuals usually change their minds when they have a personal experience to draw conclusions from.""
A common mistake is to end up in an argument, according to Sander. This can make it seem like you and your partner or roommate or whomever are no longer on the same ""team."" Rather, Sander suggested that you bring empathy and understanding into the conversation. What do you agree with them on? Let them know. 
""Now that you are in the same camp so to speak, you can give factual arguments for why it can still be good to wash your hands, avoid contact, or self-isolate,"" said Sander. For example, you can tell your partner you know the risk of you yourself being in danger is low, but taking actions like thoroughly washing hands and social distancing can save other lives. 
This goes into another tactic that Dr. Hertlein suggested: appealing to their sense of being a responsible partner. ""Convince them that it is important to YOU and your well-being,"" Dr. Hertlein said, ""and that while the pandemic might not be important, the relationship and the partner who is cautious are certainly important."" 
Dr. Rebecca Cowan, core faculty member in Walden Universitys MS in clinical mental health counseling
 program, had similar advice: Have a discussion about your concerns, but don't point fingers. ""Attempt to come to a mutual agreement about how you plan to cohabitate throughout the coronavirus pandemic,"" Cowan told Mashable. ""It is best to have this conversation as soon as possible to reduce unnecessary stress and tension.""
SEE ALSO: The coronavirus cant be killed, but thats OK
It's difficult to upend one's life to begin with; add in the uncertainty of when we can ""return to normal"" (whatever normal may even be), and one may be empathetic to the hesitation and fear that goes into wanting to pretend everything is normal. As the pandemic and governmental responses unfold, however, those who did not take it seriously now may soon change their attitudes. 
Deep down, Erika believes her in-laws are scared and changing their routines is a scary concept admitting the problem is real. 
""Hard to say but we really wish theyd be more careful,"" Erika said. ""We want to stay safe and we want them healthy."""
7,"{'id': 'mashable', 'name': 'Mashable'}",Chloe Bryan,Twitter removes Giuliani tweet pushing misinformation about coronavirus,"Twitter removed a tweet from Rudy Giuliani on Friday that contained several pieces of misinformation related to coronavirus. The tweet, which quoted another tweet from right-wing personality Charlie Kirk, falsely claimed that the drug hydroxychloroquine, whic…",https://mashable.com/article/twitter-removes-rudy-giuliani-coronavirus-tweet/,https://mondrian.mashable.com/2020%252F03%252F28%252Fb7%252Fa5ab81bb15944cb4805b2d8b21cce1d4.63952.jpg%252F1200x630.jpg?signature=zeT-OjhZ4YLZNfpuey0gJ9fMUtY=,2020-03-28T20:46:14Z,"Twitter removed a tweet from Rudy Giuliani on Friday that contained several pieces of misinformation related to coronavirus.
The tweet, which quoted another tweet from right-wing personality Charlie Kirk, falsely claimed that the drug hydroxychloroquine, which is used to treat lupus, arthritis, and malaria, has ""a 100% effective rate treating COVID-19."" This is not true: Despite Donald Trump's enthusiasm for the drug, there is still only anecdotal evidence that it can effectively treat coronavirus.
The tweet also alleged that Michigan governor Gretchen Whitmer is ""the latest Democrat to ban doctors from prescribing the lifesaving drugs hydroxychloroquine and Z-Paks to save senior citizens in the state."" (Trump has specifically touted the combination of hydroxychloroquine and axythromycin which is sold as Zithromax, or a Z-Pak as a treatment; again, there is not clinical evidence to support his excitement.)
SEE ALSO: Website selling fake coronavirus vaccine shut down by Justice Department
This is also misleading. Rather, the Michigan Department of Licensing and Regulatory Affairs is warning doctors not to hoard or prescribe hydroxychloroquine or chloroquine inappropriately, which could cause a shortage for people who need them for other conditions. 
Many lupus patients, for instance, have no other options for medication, according to the Lupus Foundation of America.
Twitter confirmed via email that Giuliani's account was temporarily locked for violating the platform's rules regarding Covid-19 misinformation. Those rules specifically prohibit ""content that goes directly against guidance from authoritative sources of global and local public health information,"" including ""description of treatments or protective measures which ... are being shared with the intent to mislead others.""
You can see screenshots of the removed tweets on Mediaite, which first reported the incident."
8,"{'id': 'mashable', 'name': 'Mashable'}",Amanda Yeo,'You got this': Stephen Colbert's perfect coronavirus pep talk for Americans stuck at home,"Americans are going stir crazy cooped up at home due to the coronavirus pandemic, especially because nobody knows when it might end. Studio production for the Late Show also remains shut down indefinitely. Still, host Stephen Colbert remains optimistic, relay…",https://mashable.com/video/stephen-colbert-coronavirus-you-got-this-dog/,https://mondrian.mashable.com/2020%252F03%252F31%252F85%252F2d12c35c878d4ee28e0dba5c8315a11b.8f1de.png%252F1200x630.png?signature=INYyyQCmtnA-oDo5P2r04Utj4ME=,2020-03-31T06:45:33Z,"Americans are going stir crazy cooped up at home due to the coronavirus pandemic, especially because nobody knows when it might end. Studio production for the Late Show also remains shut down indefinitely. Still, host Stephen Colbert remains optimistic, relaying a message of hope and resilience from his home on Monday.
""I have a simple message for all of you: America, you got this,"" said Colbert. ""You have been training for this moment your whole lives. Every cancelled plan, every 2 a.m. Netfix binge, every GrubHub order from the restaurant across the street. It was for this. We're Americans. There's nothing we do better than not doing things.""
The coronavirus pandemic is horrific and can't end soon enough. However, Colbert also noted that all the humans staying at home has turned this into a ""golden age for pets"" including his own Boykin Spaniel Benny. ""We have a lot in common now,"" quipped Colbert. ""We both eat our food out of cans and we're both learning to stay."""
9,"{'id': 'mashable', 'name': 'Mashable'}",Alex Perry,Spotify Kids is here to keep your children busy while you're stuck at home,"If you're stuck in the house with the kids and don't know how to keep them entertained, Spotify has your back. The music streaming service launched its standalone Spotify Kids app in the U.S., France, and Canada on Tuesday. This came after an extended beta pe…",https://mashable.com/article/spotify-kids-us-launch/,https://mondrian.mashable.com/2020%252F03%252F31%252F61%252F4f87b2b874674fbdae32e06477cf8594.dbd5a.jpg%252F1200x630.jpg?signature=z80j-5edc-RLJKpZmpakmOgikJE=,2020-03-31T15:12:31Z,"If you're stuck in the house with the kids and don't know how to keep them entertained, Spotify has your back.
The music streaming service launched its standalone Spotify Kids app in the U.S., France, and Canada on Tuesday. This came after an extended beta period which saw the app slowly roll out in the UK and Australia. In case the name didn't make it clear, it's a special version of Spotify made for kids, specifically ages three and up.
We'll get the bad news out of the way first: You need a Spotify Premium Family subscription to access Spotify Kids. That's $15 per month, which will understandably be too much for some families. 
SEE ALSO: Making a minimum wage from Spotify is much harder than you think
Now for the good news. Assuming you use the North American version, you'll get access to 8,000 songs as well as audiobook and fairy tale content from the likes of Disney, among others. For bedtime, there's a selection of nighttime stories, lullabies, and ambient music to lull those restless kiddos to sleep at the end of another quarantined day.
Rounding out the list are educational songs, sponsored playlists from movies like Frozen 2, and special playlists for Spanish-language music and Christian music in the U.S. app. Before you ask, yes, it's all hand-selected by a team of curators. Spotify isn't trusting the sanity of you and your children to questionable algorithms.
If you've had trouble holding your kids' attention or getting them to sleep during our national social distancing period, maybe Spotify Kids will help. You better be prepared to listen to a lot of Frozen, though."
10,"{'id': 'mashable', 'name': 'Mashable'}",Anna Iovine,Coronavirus quarantine has us all feeling like teens again,"A few weeks ago (or maybe it was days — time means nothing to me anymore), a push notification on my phone alerted me that my friend had tagged me in her Instagram story. Given that I hadn't seen her — or anyone besides my roommate — since I started self-isol…",https://mashable.com/article/viral-challenges-chain-emails-coronavirus/,https://mondrian.mashable.com/2020%252F04%252F01%252Fdb%252Fae6c3889794349f4a0612f589e416eba.b8582.jpg%252F1200x630.jpg?signature=cMAN9_41aS82gH3z9VAtV_AT4_E=,2020-04-01T20:56:16Z,"A few weeks ago (or maybe it was days time means nothing to me anymore), a push notification on my phone alerted me that my friend had tagged me in her Instagram story. 
Given that I hadn't seen her or anyone besides my roommate since I started self-isolating almost a month ago, I was curious as to what it could be. Since there were no new photos of us together, say on a night out or at dinner, I assumed it would be a ""throwback"" to a time before the coronavirus, where we were free to go out and dance and hug as we always did.
Instead, I was met with a chain message: ""Draw a carrot! Tag five friends!"" 
SEE ALSO: QuarantineChat is here to help us survive social distancing
This was just the beginning of a range of ""challenges""
 and chain messages that have popped up across different social media platforms, as everyone is as Tyga and Curtis Roach so eloquently put it bored in the house
. 
As social distancing drags on, some adults are coping with viral Instagram challenges, chain emails, and gossiping about who is quarantining with whom. And, as has been widely discussed in the media already, many of them are even going back to their childhood homes to ride out the pandemic with their parents. 
But there are reasons these challenges are popping up that go well beyond boredom. It feels like we're all in high school again, a time in our lives where we didn't have the autonomy to go where we want, when we want. 
It feels like we're all in high school again, a time in our lives where we didn't have the autonomy to go where we want, when we want. 
Another way of saying autonomy is control, and we're all experiencing a loss of control right now. That may be one reason why we're putting photos on Instagram ""until tomorrow.""
""It's important to have control over our lives,"" said Dr. Katherine M. Hertlein
, a professor with the couple and family therapy program within the University of Nevada, Las Vegas' School of Medicine. ""And when we don't, we have to find ways to have control."" In an interview with Mashable, Hertlein compared what adults could be feeling now to the lack of control one feels as an adolescent, a period of discovery and figuring out what you do and do not have control over. 
Hertlein believes these trending challenges and the like are ways that we can establish some control while maintaining being social in a time of isolation; rather than call it ""social distancing,"" she called it ""physical distancing"" because folks who are spending hours on social media are still being social.
Our pull to social media can also be a form of social contagion according to Chris Kearney
, a child psychologist and chair of University of Nevada, Las Vegas's psychology department. Social contagion, also known as behavioral contagion, refers to the inclination people feel to imitate other people's behavior and conform to the group. It's one reason behind the panic to buy toilet paper, and, in this instance, the urge to participate in viral challenges. 
SEE ALSO: How to celebrate your birthday while social distancing
Besides feeling compelled to copy others, there's an element of nostalgia that goes into these behaviors. It's akin to reaching out to exes
. People may find themselves interacting with others online who they haven't spoken to in years say friends from high school which can lead to relating them in those previous contexts. ""The dynamic hasn't necessarily changed you still kind of get caught up in some of the same things,"" said Hertlein. ""There is a dynamic that sort of brings us back to how we used to be."" Say, gossiping with the people you gossiped with years ago. 
It's common that adults feel like they ""revert"" back to an old personality when they're with old friends or their parents, said Viktor Sander, counselor at SocialPro
. ""It's possible that living a more restricted lifestyle that reminds us of our upbringing can affect our personality in a similar way.""
And many people are with their parents in the homes or at least towns they grew up in. When someone is in crisis and not only are many individuals in crisis right now, but nations as a whole they want to be around others who will support and protect them, said Kearney. ""You want to be around people that you trust,"" said Kearney, ""that are going to be able to provide for you and you're going to be able to provide for them sort of a natural instinctual urge for humans."" 
As a result, some adults find themselves in their childhood bedrooms and amid the boredom and anxiety, find themselves sending chain emails for poetry. 
An example of a chain email ""that serves as an uplifting exchange.""
Image: mashable
But changing your environment goes back to gaining a sense of control during a moment when some may feel hopeless. We're going to take back control ""whether we like it or not,"" according to Hertlein but ""we want to make sure that we're taking control in ways that are adaptive and helpful."" Learning a new TikTok dance? That could be helpful. Gossiping to the point of trolling, or scrolling through Twitter for hours to numb yourself? Not so helpful. 
Whether we're stuck in our childhood homes or elsewhere, we all may be reverting to our teenage years a little bit.  The challenges and emails are not inherently bad, but we have to look at the motivations behind them and behind our abundant social media usage, said Hertlein. 
SEE ALSO: Kids are losing their childhood to the coronavirus pandemic. This is what it feels like for them.
The behaviors may all look the same, but it's the reasoning behind it that matters. Using it as a form of escapism is problematic, according to Hertlein, because you are not dealing with your emotions. ""If you're tending to use technology because you're bored and want some social connection, that's a different story,"" she said. 
What's more, is that this will not last forever neither the pandemic nor our behavior related to it. ""When the quarantine ends,"" said Sander, ""it's likely that our personality goes back to normal, given that we take up our old habits."" 
For now, we have viral challenges and TikTok. Don't forget to tag your friends."
11,"{'id': 'mashable', 'name': 'Mashable'}",Rachel Thompson,Neighbours doing 'socially distant dancing' on their street will warm your heart,"Together but apart. That's the situation we're living in as we socially distance during the new coronavirus (COVID-19) pandemic. In the UK, we are currently under lockdown, and we're only allowed to leave the house for food, health reasons, or work – or to do…",https://mashable.com/article/socially-distant-dancing-england/,https://mondrian.mashable.com/2020%252F04%252F01%252F34%252F3fbf9baac29f44819ca7b4138c22e202.812ec.jpg%252F1200x630.jpg?signature=RK-jLKCIch-jPJGAu0p0FAdSYSU=,2020-04-01T10:11:15Z,"Together but apart. That's the situation we're living in as we socially distance during the new coronavirus (COVID-19) pandemic. 
In the UK, we are currently under lockdown, and we're only allowed to leave the house for food, health reasons, or work or to do one form of daily exercise. 
In order to fulfil this last criteria, one street in the north west of England is doing something called ""socially distant dancing"" from their driveways and doorsteps. 
Elsa Williams, who lives on the dance-loving street in question, posted a video of the neighbours dancing to Tom Jones' ""It's Not Unusual."" Great music choice.
Everyone in the video appears to be keeping ample distance from each other, and staying on the boundaries of their own drives or properties. In the UK, the government is advising everyone to stay 2 metres (6ft) away from other people at all times, unless you live with them.  
SEE ALSO: Coronavirus makes livestreamed dance and fitness classes a bittersweet necessity
Williams explained that the woman in the middle of the road is a local fitness instructor named Janet Woodcock, who leads the sessions.
She added that ""distance dancing"" only lasts 10 minutes a day so as to cause minimal noise disturbance. ""Mostly our road is kids and elderly residents who are self isolating so they look forward to it."" 
It was only meant to be a one time thing, but it lifted people round here up a bit and they wanted more. Its also worth noting that our road hardly spoke to each other before all this!
 Elsa Williams (@elsalwilliams) March 31, 2020
Seemingly, the dancing was only supposed to be a one-off, but everyone on the street was so uplifted by it, it's become a daily event. 
""It's also worth noting that our road hardly spoke to each other before all this!"" she added. 
Well if that doesn't cheer you heart, I don't know what will!"
12,"{'id': 'mashable', 'name': 'Mashable'}",Rachel Thompson,How to adapt if you've moved in with your parents due to coronavirus,"I delayed as long as I possibly could. But when I got to Day Seven of being home alone and not going outside, I knew the direction my mental health was headed. My anxiety levels had already reached an all-time high due to the outbreak of the new coronavirus (…",https://mashable.com/article/moved-home-with-parents-coronavirus/,https://mondrian.mashable.com/2020%252F04%252F02%252F3a%252F9d2f5c8afe754a7c87ac2faf98b1d051.f8057.jpg%252F1200x630.jpg?signature=girlgWmbGBJHKBLFhCEWZaOOUlw=,2020-04-02T15:56:33Z,"I delayed as long as I possibly could. But when I got to Day Seven of being home alone and not going outside, I knew the direction my mental health was headed. 
My anxiety levels had already reached an all-time high due to the outbreak of the new coronavirus (COVID-19). I lay awake until the early hours of the morning, my heart pounding in my chest. I had more panic attacks than I'd ever had in my life. Rumours of an imminent lockdown were swirling and the thought of spending weeks and months alone scared the shit out of me. My parents were worried and urged me to leave London immediately. Eventually I took the difficult decision to temporarily move home. Days later, Prime Minister Boris Johnson placed the entire UK under lockdown. 
SEE ALSO: 7 ways to help quell coronavirus-related anxiety
I feel lucky and grateful to be in a position to up sticks and move back to Warwickshire. Moving into your childhood home with your parents after years of living independently is an adjustment, to say the least. In London, I live by myself and am used to having huge swaths of uninterrupted quiet time something that has always felt like a luxury. In this haven of alone-time I binge-watch Vanderpump Rules, Queer Eye, and period dramas. Here, my dad loves to watch Midsomer Murders and Agatha Christie adaptations and our nightly TV line-up is a hilariously fraught negotiation reminiscent of my adolescence. Caveat: my dad has graciously allowed me to watch Tiger King and Peep Show, and my mother show has introduced me to a lovely new show called Repair Shop. 
Now, instead of pacing the floors of my flat, I can blast the Spice Girls and dance around the kitchen with my mum. My daily government-mandated walk feels quite literally like a trip down memory lane as I walk down brambly paths I once cycled down when I was a kid. As I write this, I'm sitting in the kitchen of my parents' home. I just ate the same breakfast I used to eat before school. I slept in my childhood bedroom. I feel I've regressed back to my teenage self, but I'm trying to see this period as a chance to spend quality time with my family. 
Many young people have moved home during the pandemic be it due to mental health challenges, risks to their physical health. Several people I spoke to moved out of flats and houses they were sharing with frontline NHS workers assigned to respiratory wards. While university students have been sent home for the remainder of the academic year, other people are experiencing financial issues due to job losses because of the economic fallout from the virus. Some told me they'd moved home to help their parents pay the mortgage because they'd lost their jobs due to COVID-19, the disease caused by the coronavirus. 
So, how are people coping with the significant adjustment and lifestyle change that comes with moving 'back home'? I spoke to people who've moved in with their parents during this time to find out how they've adapted. 
Share pop culture recommendations with your family 
Now that most of us are staying home in a bid to slow the spread of the virus, our lives have changed dramatically and so have the conversations we have with one another. For people living with anxiety, talking about coronavirus non-stop is not helpful. So, it's important to find positive, engaging things you can chat about as a group.
Gemma Ratton moved home to Sunderland to be with her family because of financial worries. 
""Im 22, so pretty skint on my first PR job in London, so it just saved me stresses and worries,"" she said. Ratton was finding London really stressful when the outbreak there began to escalate. ""Just before I left London on the Sunday I tried to do a big shop at Lidl, as I do once a week and this guy started shouting and ramming his trolly into my back because I didnt get out his way,"" she said. 
This is Ratton's first time living with her parents since she was 18, and she feels like they're actually getting on much better now than they did when she was younger. Her top tip is: ""Share any recommendations you have with your family to encourage everyone to get everyone talking about things they love to watch and distract everyone from coronavirus."" Ratton says she's tried things she wouldnt usually do as a result of family suggestions.
""I've got my Dad listening to Desert Island Discs and he's just watched Fleabag after me recommending it,"" she said. ""The hardest part is being at home and not being able to see friends, but apps like Zoom are making it bearable.""
Ratton also recommended mixing up your days. ""Ive been trying to do different routes for my daily walk. Or listen to different podcasts whilst Im walking."" 
Find yourself a designated workspace 
Ellie Pilcher was living alone in London but decided to come home after multiple requests from her parents, who eventually demanded she come home. ""I did it for my mum and dads mental health really,"" she said. ""My mum has chronic asthma and my biggest worry was giving it to her, hence why I stayed in London, but after isolating for a week I felt I was safe enough to go home,"" she said. ""My mum kept saying 'Im so glad youre home' every time she saw me for the next three days!""
""None of us (parents, me and older brother) have gotten ill, and were all in good spirits,"" she added. These good spirits, she believes, can be attributed to the fact they each have a designated room they can work in. Her dad works in his home office, her brother's in the spare room, Pilcher works in the dining room, and her mum has the run of the rest of the house as she doesn't work. ""I feel like Im back at school, doing revision half the time,"" she confessed. They all socialise as a family in the evening but have as much chill time as they like. 
Set boundaries 
Even though you're ""home home"", it might not feel like your home. You're not sleeping in your usual bed, you've only got some of your clothes with you (three outfits in my case!), and you've a lot less alone time than you're used to. 
Pilcher told me she brought a blanket with her from her house and unpacked all her clothes so she wouldn't feel like she was living out of a suitcase. ""Wear headphones when youre working, even if just to block out excess noise. Make sure you shut your door and have as much me time as you can. Even if your loved ones complain about it, me time is important,"" she added. 
Even when you're working from home alone, it's easy to get distracted by household chores that need doing particularly when the mess is bothering you while you work. If your mum or dad asks you to do a chore when you've an afternoon of deadlines or calls, it can become a source of stress or even conflict. Pilcher recommended being clear with your family about the hours you're working and ""what you cannot do during that time (no quick hoovering sessions or folding the laundry) so that you keep to your structured working day without disruptions.""
Do your bit around the house
Even though you're away from your usual home, it goes without saying that this is not a holiday. While none of us should be putting any pressure on ourselves to be highly productive right now (we're living through a pandemic, after all), it's important to do your bit around the house. 
Simple acts like emptying the dishwasher, cooking dinner, making your bed, and keeping your room relatively tidy will relieve others from carrying the majority of the household burden. 
As someone who's spending a lot of time cooking and baking with my mum, I'm seeing it as quality time with her that I don't usually get much of regularly.
Slow down and take it day by day 
Many of us are struggling with our mental health right now as we witness people around the world and indeed, people we know and love coming to terms with losing loved ones. As we adapt to a new way of life with little idea of what the future holds, it's important to be compassionate towards ourselves and the people around us. 
""This is what we all have to do for now, so how can I find ways to deal with it?""
Clare Dyckhoff has asthma and made the decision to temporarily move home for health reasons. ""Being in London isn't great for my health asthma-wise anyway so I wanted to come back to my folks' which has a lot more green space and where the quality of life is generally healthier,"" she said.
She rents a flat in London with two others, who also left. ""We all felt if we were going to be stuck inside for a good few months we'd rather be somewhere with more space and comfort than our loveable but small flat with limited space,"" she added.
""Main attraction of moving home was being with my family (of which none are in the 'at risk' band), having pets to walk frequently, and lots more space to just be more comfortable during this time,"" she explained. ""I'm very fortunate to have this option as so many don't it just felt like the best (and so far is) choice.""
As for making the adjustment, Dyckhoff has told herself, ""This is what we all have to do for now, so how can I find ways to deal with it?"" She is trying to take one day at a time. ""I suffer with bouts of anxiety in general and I've found being forced to slow down and deal with things one day at a time, even on an hourly basis, has been my best starting point,"" she said. 
""That and communicate to those you live with. Being back home has made me feel safer in a way and if you can chat to family members about how you're feeling and vice versa, it can really help root you to managing this day by day, and feel a lot less alone."" She's replaced going out for dinner with reading books, and in-person hangouts have given way to technology-enabled mingles.
These are tough times we're living through. If you've had to move home due to financial pressures or health issues, know that you're not alone. While researching this article, my Twitter inbox was inundated with scores of young people who've done the same. Stay safe and be kind to one another."
13,"{'id': 'mashable', 'name': 'Mashable'}",Rachel Kraus,How to host a Passover Seder on Zoom,"This year, people celebrating Passover might find themselves with an addition to their Seder tables: a laptop, tablet, or smartphone, used to connect with friends and family over a group video chat. Passover is the eight-day Jewish festival that celebrates th…",https://mashable.com/article/zoom-passover-seder-how-to/,https://mondrian.mashable.com/2020%252F04%252F07%252F0a%252F805aca6b7bda4a318afe2672731245bb.b0c4d.png%252F1200x630.png?signature=4lfiLb8z41c0427fe_Sdrilt_QI=,2020-04-07T09:30:00Z,"This year, people celebrating Passover might find themselves with an addition to their Seder tables: a laptop, tablet, or smartphone, used to connect with friends and family over a group video chat.
Passover is the eight-day Jewish festival that celebrates themes of springtime and freedom, centered on retelling the biblical story of the Jews' liberation from slavery in Egypt. The holiday is an extremely social one: It involves gathering with friends and family over a religious meal called a Seder that's filled with prayer, story, symbolic ritual, and of course good food.
But like so many would-be gatherings this spring, Passover will be different this year. Social distancing orders put in place to stop the spread of COVID-19, the disease caused by the coronavirus, make getting together for Passover with people outside of your own home an unadvisable health hazard. 
In the Passover spirit of making the most of the time and resources you have under difficult circumstances the holiday's main edible symbol, a cracker-like bread called matzah, stands for exactly this some Jews are turning to another object of necessity to celebrate the holiday this year: video conference calling. 
""Many Jews in North America, Israel, and around the globe are engaging in Zoom and other platforms for Passover seders,"" Rabbi Rachel Sabath Beit-Halachmi, the content director at Jewish communal ethics organization Our Common Destiny
, said. ""Passover has developed over the centuries, and its rituals, texts, and core ideas are evolving and developing now in this crisis in very powerful ways.""
A strict interpretation of Jewish law prohibits the use of electronics during some holidays, including Passover. However, not all Jews follow those customs. The leadership of the Conservative branch of Judaism has said, regarding streamed seders, that leniency should be allowed during challenging times. (Conservatives, despite the name, espouse a more flexible interpretation of certain Jewish laws compared to groups like the Orthodox and Chabad, although they are stricter than liberal movements like Reform.) More religious Jews are connecting over video chat before the holiday actually begins, too. 
""I've seen many people planning pre-Seder connects,"" Rabbi Mordechai Lightstone, the social media editor for Chabad.org, which offers educational information about Judaism, said. ""So using that time to get dressed for the holiday, practice the four questions, share family memories and stories. After the call is done, everyone can light the holiday candles and get set for the evening itself."" 
If you're comfortable using technology during a Seder, there are a few things you can do to not only make the seder run smoothly, but have it be uniquely meaningful, and memorable. Mashable consulted with multiple Jewish leaders and guides about how to pull it off. 
""Our rituals and celebrations cant be stopped by unfortunate circumstances,"" Rabbi Rachel Grant-Meyer, the Rabbi-in-Residence at HIAS, a refugee-aid nonprofit, and author of the HIAS Haggadah
, said. ""We will always find a way to come together and to keep our traditions alive, even if not in exactly the way to which we are accustomed.""
Here's a guide on how to host or participate in a Seder over Zoom.
1. Leadership planning
From cooking to singing, hosting and attending an in-person seder takes a lot of preparation. A virtual one is no exception. If you are planning to ""host"" a seder, it's a good idea to have a pre-planning phone call with other attendee stakeholders to work out some key details. Those are:
<ul><li>Which video chatting platform to use? For the purposes of this article, we're going to assume Zoom because it is affordable, allows for a grid view of many participants, and is free and easy to use for attendees. However, here are some other options, specifically with better privacy track records.
</li><li>Who is going to be the Seder leader? This is the person who will guide the order and discussion of the night.
</li><li>Who is going to be in charge of the technical details? David Ackerman, a senior vice president at the JCC Association of North America, recommends that attendees ""assign someone other than the leader of the seder to be in charge of Zoom."" That way one person can be in charge of tech and troubleshooting (and will need to have a Zoom subscription, if they anticipate it going longer than 40 minutes), while the leader can focus on the actual content.
</li><li>What Haggadah will you use, and how will you distribute it? There are multiple online Haggadot, that you can either send out to attendees ahead of time, or display as a screen share over Zoom. Whichever way you go, just make sure everyone has access to a copy.
</li><li>How will you represent the contents of a seder plate? In order to go through the full symbols of the seder, all the objects should be represented. But not every person has to have all of them IRL. Who will be in charge of ""bringing"" what?
</li><li>How will you manage communication? Will everyone be on mute, or will you allow people to interject in some way (you could make use of the Zoom ""hand raise"" function)?
</li><li>What is the scope of the Seder? Your Zoom seder might be abbreviated or different from the whole enchilada, cover-to-cover seder you might typically do or it might not. ""It is important to define the purpose of your seder, and then use that as a guide to figure out what you'll actually do,"" Rabbi Charlie Schwartz, director of content development at The Center for Jewish and Israel Education at Hillel International, said. ""Your purpose could be anything from connecting with family to reading from the entire Haggadah to hearing certain songs sung."" With other seder leaders, establish your goals, and then make your roadmap from there.
</li></ul>2. Planning for everyone
Once you have made these key decisions, it's time to communicate them to all of your guests. Send out an email ahead of time with the following details:
<ul><li>Details: Include the date, time, and how to log on. To ensure privacy, set a password and distribute it ahead of time.
</li><li>Etiquette: Set expectations and a process for how to participate, whether that's using Zoom's hand raising function, that people are going to be muted and then unmuted when called upon, or if your'e opting for some good old free-for-all chaos (this one is not exactly recommended).
</li><li>Agenda: Give people an overview of the purpose of the seder, and what it will encompass.
</li><li>The Haggadah: Make sure people know how to follow along.
</li><li>Assign roles: If you can assign different guests to lead different parts of the seder, that can help everyone feel connected. ""Give each person, if at all possible, a line or two to read to allow for maximal participation, or mute all and encourage people to do their own blessings wherever they are,"" suggests Rabbi Rachel Sabath Beit-Halachmi.
</li><li>Set a dress code: This can be a fun way to add a sense of occasion. ""Make it as special as you can, no sweats or pajamas,"" Rabbi Irving A. Elson, the director of the JWB (Jewish Welfare Board) Jewish Chaplains Council, said. ""Zoom or not, it IS a holy time.""
</li><li>Send a shopping list: Let people know what they should have on hand so they can participate in the rituals you have decided to do.
</li><li>Distribute any other resources: Will you be setting a custom background? Discussing any specific articles?
</li></ul>3. Do a technical dry run
The person in charge of Zoom should try to connect with each attendee ahead of time to make sure they're familiar with the platform. If everyone can try logging on at the same time to avoid technical difficulties on the night of, that's ideal. But some people may need one-on-one help, too.
4. Address the elephant (laptop) in the room.
During a Passover, every object on the table has symbolic, ritualistic, or tradition-imbued meaning. The Jewish leaders consulted for this piece were not all in agreement about how much emphasis should be placed on the tech. But in the dialogical spirit of Passover, addressing the reality of the technology could be a powerful way to begin discussion of the Passover story.
""The question that kicks off the entire seder is ""why is this night different from all others?"" David Ackerman said. ""Most people will have a ready answer to that question. The more interesting question is, 'How does the inability to gather in person for this year's seder provide us with new insights into the essence of the Passover story?'""
It could also serve as a poignant lens through which to see the night's themes and various rituals.
""The whole idea of matzah is that we make something out of nothing if our dough doesnt have time to rise, we strap it to our back and eat it unleavened,"" Rabbi Rachel Grant-Meyer said. ""Similarly, I see the presence of a computer screen as making abundance out of what could have seemed like nothing.""
5. Keep Order
Try your darndest to stick to the mute vs. unmute etiquette you set out in the planning emails. Reiterate the expectations and make sure people are clear on how the night is going to run. Since video chatting is a bit complicated with a night of discussion and music, here's what Rabbi Schwartz recommends for keeping everything running smoothly during the singing portions of the night  Seder does mean ""order,"" after all! 
Singing together is one of the highlights of the seder, but most video conferencing platforms have a good amount of lag time between when a person speaks and when it's heard by the other participants making singing together a challenge. Try having everyone but the song leader sing along on mute, this will give the joy of singing as a group, but without the frustration of everyone being one second off. 
Then again, there are also Zoom choirs flourishing in our time of social distancing, so singing together virtually can be done. If raising your voices together trumps well-ordered harmony, have at it.
Here are some tips from Rabbi Rachel Sabath Beit-Halachmi on keeping people engaged, but also making the seder orderly...enough.
Have a leader for each section, if not for the whole. Assign roles for participants, and unmute only those speaking, and unmute all only for cacophony and to hear the sounds of all at certain points and at the beginning and end. 
6. Document
If the circumstances of this year's seder seem extraordinary, that's because they are. Designate a person to take screengrabs, keep notes, or write memories of the night.
""This is a moment were never going to forget,"" Jason Leivenberg, the director of NuRoots, which focuses on creating community for Jews in their 20s and 30s, at the Jewish Federation of Great Los Angeles, said. ""In light of what the holiday calls on us to do, which is remember, how are we going to document this for generations?""
7. Have patience, and let it be.
Many memorable seders include an element of chaos. And with a big change this year, accepting that the evening might contain bumps in the road, or feel different, will help everyone make the most of their time.
""Theres gotta be a layer, a level, of being patient with each other during the actual dinner,"" Leivenberg said. ""I think the sooner that we can embrace that its just going to be different, the more fun we can have, and the more we can actually also take it seriously.""
8. Turn towards the future
The Passover seder ends with the refrain ""Next year in Jerusalem."" As we all make sacrifices to help flatten the curve and fight coronavirus, at seder this year, many Jewish leaders said we can also include a hope for ""next year in person.""
We can also consider what Jews' ability to gather if remotely during this time, shows us about our past, and our future.
""At its core, the story of Passover is about the journey from slavery to freedom, from difficult circumstances to a better future,"" Rabbi Schwartz said. ""Jews have told this story at every period of our history. During times of abundance and freedom, the seder has helped orient us to the needs of others, while in difficult times the seder has grounded us in the hope that, 'this too shall pass.' This year, the prevalence of virtual seders can not only connect us to those who are isolated but also provide a hopeful reminder that we too are on a journey toward freedom.""
Amen to that, and Happy Passover."
14,"{'id': 'mashable', 'name': 'Mashable'}",Caitlin Welsh,Watch Seth Meyers' fiery breakdown of how Trump's coronavirus failure exposes a broken government,"Seth Meyers' A Closer Look segment on Monday night is a long one at 20 minutes, but it's worth it. The Late Night host traces the wasted time between Trump's February claim that the coronavirus pandemic would ""disappear by April,"" and — well, actual April. 11…",https://mashable.com/video/coronavirus-seth-meyers-closer-look-trump-unemployment-hydroxychloroquine/,https://mondrian.mashable.com/2020%252F04%252F07%252F38%252Fc882201f319b418f987bd564904a01b1.0ef81.png%252F1200x630.png?signature=yehq_IkDe3IWqBMKDf2Ue5sa3kk=,2020-04-07T06:30:03Z,"Seth Meyers' A Closer Look segment on Monday night is a long one at 20 minutes, but it's worth it. The Late Night host traces the wasted time between Trump's February claim that the coronavirus pandemic would ""disappear by April,"" and well, actual April. 11,000 Americans have died of COVID-19, and millions more are without income as their employers shut down. On top of this, the U.S. government is making it as difficult as possible to access support. For example, telling people to find a fax machine to apply for unemployment.
""This is not some accident of history. There's a reason you can get a package of alcohol wipes from Amazon in 48 hours but to apply from unemployment benefits from the government you have to download MS-DOS,"" Meyers says.
""The reason is that billionaires and corporations have hollowed out our public infrastructure with the help of corporate ghouls in the political establishment, and now companies like Amazon are more powerful than our decrepit federal government.""
Meyers goes on to break down Trump's approach to the coronavirus pandemic since the beginning of the year. Weeks of self-serving lies downplaying the true danger, then lies about lying. Refusing to allow uninsured Americans to access healthcare in a pandemic without going bankrupt. Hoarding federal stockpiles of ventilators and masks for absolutely no logical reason, even though they're desperately needed by hard-hit states like New York.
""Oh, that makes sense,"" shrugs Meyers. ""It's like my doorman told me: 'The front door belongs to the building. If you wanna go to work so bad, climb down the fire escape.'""
""One lesson we're learning from all of this,"" he sums up, ""is that it's better not to be governed by sociopaths."""
15,"{'id': 'mashable', 'name': 'Mashable'}",Tim Marcin,A very good dog named Soda Pup is delivering wine during the coronavirus crisis,"Let me introduce you to Soda Pup, a very good dog who is delivering wine during these troubling times. The handsome and, quite frankly, smart-as-hell boxer was highlighted in the Washington Post for the good work he's doing in his community. Soda, an 11-year-…",https://mashable.com/article/dog-delivering-wine-coronavirus/,https://mondrian.mashable.com/2020%252F04%252F07%252F64%252Fb64a7e41e4d84e48b2dc09b16442f21f.ad69e.jpg%252F1200x630.jpg?signature=OUfRUPGdT8zHOW3zGtXYOuVjlis=,2020-04-07T15:59:56Z,"Let me introduce you to Soda Pup, a very good dog who is delivering wine during these troubling times. 
The handsome and, quite frankly, smart-as-hell boxer was highlighted in the Washington Post for the good work he's doing in his community. Soda, an 11-year-old bundle of brindle goodness, is helping Stone House Urban Winery in Hagerstown, Maryland do curbside pick-ups and just look at the adorable results. 
Lori Yata, who co-owns the winery, told local paper the Herald-Mail that she was a little nervous her good pup might not always be the best delivery boy as he carried bottles for pick up orders. 
I thought, God, please dont let a goose or something walk by or those wine bottles are gone, she told the paper.
But video evidenceshows Soda doing amazing at his new gig. And it can't hurt business to have a cute dog bring out orders. 
Before this all happened, we had so many customers who came to see Soda. Theyd grab a glass of wine, sit on the floor with him, some would take him outside. They love Soda Pup, Yata told the Herald-Mail. Being a small business, we are trying to keep ourselves afloat. So we decided to use a little bit of enticement to get people in.
The winery last week posted an update ""from Soda"" that was frankly adorable and explained he wasn't getting overworked.
""Man, am I getting a lot of attention just for doing something I love, helping my mom and being around my friends,"" read the Facebook post. ""I just want to be perfectly clear, I never carry more than two bottles of wine. I never make more than one trip per customer."" 
""Sometimes I dont have wine in my sack at all I just to go out and meet people when they come to buy their wine,"" Soda added. ""When Im tired I lay on my BIG comfy bed and nap.""
Me too, Soda. Me too."
16,"{'id': 'mashable', 'name': 'Mashable'}",Amanda Yeo,Twitter's quarantine house meme is full of terrible roommates and hard choices,"The coronavirus pandemic has forced everyone to hole up at home for weeks now, and cabin fever is sweeping the globe. Millions are climbing the walls, wistfully reminiscing about last year and wishing they were anywhere but where they are. Being confined to y…",https://mashable.com/article/coronavirus-quarantine-house-meme/,https://mondrian.mashable.com/2020%252F04%252F08%252Fb0%252F0308eed728b9448e95c335906cf136ab.0a993.jpg%252F1200x630.jpg?signature=s2HtfdgFYAz7lrUbv3Iwdz6SfvY=,2020-04-08T05:16:15Z,"The coronavirus pandemic has forced everyone to hole up at home for weeks now, and cabin fever is sweeping the globe. Millions are climbing the walls, wistfully reminiscing about last year and wishing they were anywhere but where they are.
Being confined to your home for weeks on end tends to do a number on your mental health. However, a new Twitter meme reminds us that, for those whose homes are otherwise safe and comfortable, it could be much, much worse.
Twitter users have been compiling lists of (usually terrible) housemates, and asking each other to choose which group they would socially distance with if forced. It's like 2019's cafeteria meme, only instead of sitting with them for an hour you're stuck with them for the foreseeable future.
You can only quarantine in one house, who are you picking?
House 1: - Future- Young Thug- Gunna - Lil Baby
House 2:- Lil Uzi - Carti- 21 Savage- Travis Scott
House 3: - J. Cole- Kendrick- Big Sean- Gambino
House 4:- Drake- Lil Wayne- Tory Lanez- The Weeknd
 Hot Freestyle (@HotFreestyle) April 8, 2020
Most of these memes have focused on celebrities and fictional characters, often following a theme. Others, however, have taken a slightly weirder bent.
choose a quarantine house
house 1mickey mousea thousand spidersa running truck
house 2bugs bunnyyour biggest crushradon gas
house 3amy poehlerpolly pocketa dead dogs ghost that haunts yr bathrooom
house 4family trapped in the atticjanis joplina talking ham
 deep thing (@gyoddess) April 6, 2020
choose your quarantine house:
1- lord farquaad with infinite gingerbread men that he tortures all day
2- donkey and dragon and their gross interspecies children
3- shrek and ogre fiona just constantly burping and farting on each other
4- puss in boots and he never shuts up
 rudy mustang (@rudy_mustang) April 7, 2020
pick your quarantine house:
1. 5 italian-americans of your choosing 
2. the krassenstein brothers (including kenny klips)
3. the new york times editorial staff 
4. just you and the helldude playing mount and blade bannerlord 24/7
 TRILLIONAIRE (@maltyhops) April 7, 2020
Too real."
17,"{'id': 'mashable', 'name': 'Mashable'}",Anna Iovine,Hinge launches 'Date From Home' feature to help users do just that,"Dating apps have started adding features to help users connect virtually during the coronavirus pandemic, and today Hinge is hopping on the trend. The app is launching ""Date From Home,"" a feature where users can easily tell someone whether they're ready for a…",https://mashable.com/article/hinge-date-from-home-feature/,https://mondrian.mashable.com/2020%252F04%252F07%252F93%252F85b264487c62435dbb71626422ca1581.cc081.png%252F1200x630.png?signature=f6pK4Hoyydegh3VtwK0AEebUB20=,2020-04-07T09:01:00Z,"Dating apps have started adding features to help users connect virtually during the coronavirus pandemic, and today Hinge is hopping on the trend. The app is launching ""Date From Home,"" a feature where users can easily tell someone whether they're ready for a virtual date.
Hinge recently added a pop-up message to the app, advising its users to date at home. It points out that 70 percent of its members are down for a ""digital date,"" over a platform like FaceTime or Zoom. But how do you broach that topic after you match with someone? 
SEE ALSO: Coronavirus quarantine has us all feeling like teens again
In an internal study, Hinge found that a third of users thought the most awkward phase of dating was parlaying messages into a date. By adding 'Date from Home,' Hinge is taking their pop-up a step further bridging the gap and helping users initiate digital dates. 
While matches are messaging each other, the 'Date from Home' menu will appear and ask if they're ready for a digital date. Responses will remain private until both users are ready, and the feature will notify them. Then it's up to the users to take it from there!
SEE ALSO: Don't despair about being single while social distancing. Here's why.
""While we may need to be physically distant right now, we can still be socially connected,"" said Tim MacGougan, Chief Product Officer at Hinge in a press release. ""We are excited for the launch of 'Date from Home' as a new and easy way for our users to continue their dating lives.""
We're in an unprecedented moment where ""online dating"" has taken on a completely new meaning, and with it comes potential friction and awkwardness. With the 'Date from Home' feature, Hinge attempts to smooth over that awkwardness with an easy signal that you're ready to take it off the app and onto voice or video calls."
18,"{'id': 'mashable', 'name': 'Mashable'}",Jess Joho,"Now is the worst time to buy internet-connected sex toys, but there are alternatives","In the age of coronavirus, masturbating is akin to a public service: You stay inside, get all the health benefits of an orgasm, and stave off the urge to break social distancing for some lovin'. That's why the recent spike in sex toy sales as COVID-19, the di…",https://mashable.com/article/sex-toys-vibrators-internet-connected/,https://mondrian.mashable.com/2020%252F04%252F08%252Ff0%252F7eea42d700d148de9fad68ee9311052a.14481.png%252F1200x630.png?signature=8m5QHixONeBvynnkOyVnVx2mfe8=,2020-04-08T09:30:00Z,"In the age of coronavirus, masturbating is akin to a public service: You stay inside, get all the health benefits of an orgasm, and stave off the urge to break social distancing for some lovin'.
That's why the recent spike in sex toy sales as  COVID-19, the diseased caused by the coronavirus, spreads is something to celebrate. In the now-iconic words of the New York Health Department, during the pandemic, ""you are your safest sex partner."" Couples who suddenly find themselves being long-distance while quarantining in separate homes are turning to pricey high-tech, internet-enabled sex toys that claim to keep you connected while apart, according to reports of booming sales from Rolling Stone and Ask Men.
But they're in for an unpleasant surprise.
Now is the worst time to waste your money on internet-connected sex toys. In our exhaustive testing of some of the most popular high-tech toys, we found that most touting features like Bluetooth connectivity, WiFi-enabled remote play, app features, and interactive long-distance toys that sync with your partner were barely functional even before the pandemic. Now, with internet speeds in cities across America and Europe declining, they are likely more unusable than ever.
So horny, well-meaning social-distancers are now spending between $150 to $400 for internet-connected features made moot by the very thing they sought to circumvent (coronavirus). And in this economy, no one has the cash to waste on a useless, non-refundable smart dildo.
Luckily there are far more affordable, albeit analog, ways to bring innovation into your love life, whether you're flying solo or with a long-distance partner. You just might have to get a bit more creative.
Why smart sex toys won't work right now
There's a multitude of ways and reasons behind the failures of the tech in the smart sex toy space. But the biggest culprit is particularly exacerbated by the ripple effect of coronavirus: bad Bluetooth connection. You see, many smart sex toys claim that by connecting to Bluetooth, you can do everything from let your partner control your toy remotely or sync it up to their smart toy so the two respond to each other's movements.
No one has the cash to waste on a useless, non-refundable smart dildo.
That sounds awesome! Or it would be, if it weren't for the fundamental problem that no one's figured out how to make Bluetooth compatible with the human body, since water repels Bluetooth signals and our bodies consist of up to 60 percent water.
That means most internal toys (which many of the most popular high-tech toys are) inevitably and repeatedly lose connection when used as instructed. The more turned on you get (meaning, well, wet), the worse that connection becomes. That's not to mention that closing your legs or wearing any clothing can cause even more interference. So your best bet for a spotty connection during your virtual quarantine sex is to remain bare-ass naked and spread eagle the entire time.
On top of all that, the apps used to supposedly connect the toys to you and/or your partner's phone boasting integrated video chats and control panels are also nightmarishly unusable, full of glitches and bad design.
Again, these are just the standard problems for internet-connected toys on the best day. During the pandemic, governments in the EU, UK, and Australia are going so far as to ask Netflix to slow down streaming speeds and quality in order to keep up with the high internet demands. Your smart vibrator just isn't a necessary strain on those already shaky online infrastructures.
At the same time, not all smart sex toys are created equal. Some address these problems better than others. But many of the top high-tech sex toy companies seeing spikes in their sales during coronavirus are also unfortunately some of the worst offenders. 
You don't need smart toys making virtual sex even more awkward than it is.
Image: bob al-greene / mashable
Every single Bluetooth-connected toy from We-Vibe that we tried from its internal vibe Jive, to external panty vibe Moxie, and even its interactive couples toys Rey and Reina couldn't maintain signals despite several different troubleshooting attempts. That's not to mention the We-Connect app, which has hundreds of irate reviews on the App Store that speak for themselves.
Another oft-mentioned high-tech sex toy brand seeing an uptick right now is Kiiro, which didn't fare much better in our tests. When trying the Fleshlight Launch paired with Ohmibod's Fuse, the two could barely maintain connectivity even when placed right next to each other. For the brief moments they did, we were further disappointed to find that claims of the toys syncing up to mimic a partner's motions were delayed and spotty (if it happened at all). So imagine all the frustrations of a laggy video chat, but on your genitals. Well, it's at least extremely effective at chasing away any hope of an orgasm, I guess.
Oh, and that's only if you don't receive a malfunctioning Fleshlight Launch (like we and many others did) that comes broken straight out of the box. Kiiro does take returns on these, sending a new one free of charge. But think of the poor delivery person you're causing extra work for.
To be fair, certain big names in the space are doing more than others to fix these problems. 
Though it has its own litany of issues, Ohmibod's line of app-enabled toys delivers far better connection due to its reliance on cellphone signals rather than just Bluetooth. The BlueMotion NEX1
 is currently seeing higher sales right now and was one of the most reliable during our tests (though as of publication, it's disappeared from the company store). Out of all the interactive long-distance couples toys, Lovense's Max and Nora was the most functional and reliable, though that could change depending on lower internet speeds.
What to try instead
Before you sink hundreds of dollars into these high-tech bells and whistles, there are way more reliable and cost-effective methods for staying sexually connected during the pandemic.
Doing a virtual mutual masturbation session where you both get off like you normally would (whether with a regular toy or just your hand) is always an option. If you're intimidated by the idea of video chat sex, we recommend audio sexting, whether through a phone call or voice notes. 
If the idea of audio sexting sounds foreign and weird to you, consider our previous advice espousing the benefits of sexy voice notes:
Just think about how much the sound of your partner's pleasure adds to your pleasure during IRL sex. Now also remember that you can say everything you'd send in a sext, but with your actual voice, maybe even while touching yourself, and moaning.
The beauty of audio sexting comes back to the benefit of voice feeling far more intimate than texting, while at the same time a lot less unforgiving than video or picture. Also, audio leaves a lot more left up to the imagination, which is very conducive to long-distance desire. 
To be totally clear, we're also not discouraging people from taking this golden opportunity to explore sex toys, whether it's for self-love or with a partner while social distancing. Just know what's worth spending your hard-earned money on, particularly if you're a beginner. 
We've got a more extensive guide for sex-toy novices here. But the TL;DR is that you really don't need to shell out a lot of money for high-quality toys that get you there. Personally, my go-to recommendation for people with vaginas is anything by Dame, particularly the Kip, Fin, and Pom. For the extra budget-conscious option, you can't go wrong with Maude's Vibe. Satisfyer (which also recently saw a 30 percent increase in sales) makes the suction-style clitoral stimulation innovated by the much pricier Womanizer accessible with the Pro 2's $44.95 price tag. 
Don't get us wrong, you should for SURE be masturbating furiously.
Image: bob al-greene / mashable
Or hell, maybe you do want to splurge on a new, high-tech experience. Lioness, the smart rabbit-style vibrator that tracks biofeedback during your orgasms is worth every penny for that. Since the Lioness only needs to connect to the app on your phone via Bluetooth to transfer data after you've finished cumming, it's more reliable and doesn't get in the way. And it's never been a better time to masturbate your heart out to understand and explore your sexuality more, which Lioness can be a great tool for.
SEE ALSO: 5 lessons I learned from hacking my sex life
But the world of sex tech is also much bigger than just toys, with other digital services offering new ways to get off at far cheaper price points. We can't recommend apps like Dipsea enough, a platform with audio erotica and how-to guides that's usually $8.99 per month but with free content available now through the end of April. There's also O.school, a popular online platform for sex education that's hot and all about teaching you how to explore more of your pleasure.
It's not only natural but genuinely responsible to seek safe ways to connect with each other right now. Whether it's with a partner or by yourself, deepening your intimacy is one of the most productive things to do during quarantine.
While Bluetooth-enabled smart sex toys might have a tough time being able to maintain connection right now, you don't have to."
19,"{'id': 'mashable', 'name': 'Mashable'}",Tim Marcin,Google searches for 'cat' and 'dog' have hit an all-time high thanks to quarantine,"The internet is googling about dogs and cats more than ever and, honestly, I get it. Times are bad: The new coronavirus has sickened more than 1.3 million and killed some 80,000 people worldwide. Dogs and cats, meanwhile, are good. Billions of people have als…",https://mashable.com/article/dog-cat-google-search-coronavirus/,https://mondrian.mashable.com/2020%252F04%252F08%252Fe0%252F5042dc730df74a0c8589fd86b35fc21b.bf0e9.jpg%252F1200x630.jpg?signature=YzM7BEqaeXeWE8ealIqqmcb8N9c=,2020-04-08T20:20:58Z,"The internet is googling about dogs and cats more than ever and, honestly, I get it. 
Times are bad: The new coronavirus has sickened more than 1.3 million and killed some 80,000 people worldwide. 
Dogs and cats, meanwhile, are good. 
Billions of people have also been urged to stay home to stop the spread of the virus, which has seemingly left lots of folks with extra time to go online and look at good dogs and cats. 
Google Trends reported on Wednesday that ""search interest in both Dog and Cat reached an all-time high"" worldwide. (For what it's worth, there was apparently more interest in dogs.) 
Here's a handy little graph of that data, via Google Trends.
People are looking for dogs and cats more than ever during the coronavirus crisis.
Image: Google Trends
And in a bit of good news, Google also noted the phrase ""foster a dog near me"" reached an all-time high in the United States. 
Google Trends has a whole new section on COVID-19 trends that shows what people are interested in when it comes to the virus. 
But, one assumes, they're also interested in getting away from the scary news for a moment with fun stuff about dogs and cats. If that's the case for you, Mashable's got your back: Here are some kittens visiting an aquarium; Here are dogs and cats refusing to let their humans work out; And here's a good pup delivering wine."
