,source,author,title,description,url,urlToImage,publishedAt,content
0,"{'id': 'mashable', 'name': 'Mashable'}",Miller Kern,The CDC recommends wearing a face mask. Here's where to buy one.,"The Centers for Disease Control and Prevention (CDC) now recommends that you wear a cloth face covering when you leave your home. Practicing social distancing can be tough in places like the grocery store or pharmacy, and while a cloth mask doesn't provide th…",https://mashable.com/shopping/april-8-where-to-buy-cloth-reusable-face-masks/,https://mondrian.mashable.com/2020%252F04%252F08%252F29%252F0c13cc42f8e740e5abf0137b0d6e108f.184a1.jpg%252F1200x630.jpg?signature=EkYYzYDcOnPv1ik2XJzRQLl-UXY=,2020-04-08T15:23:19Z,"The Centers for Disease Control and Prevention (CDC) now recommends that you wear a cloth face covering when you leave your home. Practicing social distancing can be tough in places like the grocery store or pharmacy, and while a cloth mask doesn't provide the same protection as a medical mask (which should be reserved for healthcare workers), it can help slow the spread of the novel coronavirus.
SEE ALSO: Face masks for superhero lovers, 'Tiger King' fans, kids, and everyone else
When it comes to these face coverings, you can make your own or buy an already-made mask. Face masks have been a little hard to come by, so we've rounded up where you can find one to purchase. Reminder that a cloth face mask should have multiple layers of fabric to work effectively.
Practice social distancing in style.
Image: cotton textile
Etsy is a goldmine for handmade items, so it's no surprise that tons of creators are offering cloth face masks right now. There are a bunch of patterns and styles to choose from, so here are a few of our faves.
Like Etsy, eBay has multiple sellers offering reusable cloth face masks. It's a little harder to sift through because a search brings up outdoor activity masks and face coverings, but there are some masks suitable for social distancing purposes as well. Here are a few good ones we found.
The custom T-shirt company has pivoted to face masks and has two different buying options. Grab a family pack of 12 for $30 or a team pack of 120 for $240.
Shami Oshun is an independent fashion designer who specializes in 3D printing and color-changing fabrics. She is selling color-changing face masks in pink, purple, and blue for $38. The fabric is UV activated and will change colors in the sun.
This pack comes with three cotton face masks featuring adjustable nose wiring to form to your face. There are a few different color options available, costing $30 for a three-pack.
The designer bag company has also made the pivot to face masks, offering packs of five non-medical grade masks that are made with recycled scrap materials from its production line. Because of the high demand, these masks are expected to ship April 17 through May 4. The five-pack costs $25."
1,"{'id': 'mashable', 'name': 'Mashable'}",Sasha Lekach,You don’t have to feel bad about grocery shopping online during the coronavirus outbreak,"If ordering delivery is potentially safer than risking it at the grocery store as COVID-19 (the official name for the disease caused by the new coronavirus) continues to spread globally, why does it feel almost wrong to sit in the comfort of your home and cli…",https://mashable.com/article/online-grocery-delivery-ethics-coronavirus/,https://mondrian.mashable.com/2020%252F03%252F31%252F3b%252F9536587a3f704d92bd4ebe787d1e7e4b.09e41.jpg%252F1200x630.jpg?signature=plY73pSoveT0H-UviqkvRTnCMqQ=,2020-03-31T19:32:13Z,"If ordering delivery is potentially safer than risking it at the grocery store as COVID-19 (the official name for the disease caused by the new coronavirus) continues to spread globally, why does it feel almost wrong to sit in the comfort of your home and click on a screen so everything you want can be delivered to your front door?
Online delivery for groceries, cat food, art supplies, shoes, clothes, and so much more didn't bother us too much before the coronavirus outbreak became a pandemic earlier this month. Now e-retailer Amazon is delaying shipments of ""nonessential"" items a month out to make way for food, medical supplies, and other, well, essentials. 
For smaller businesses, online delivery may be the only way to economically survive. But it comes with a lot of trade-offs, especially for employees and delivery workers. As a customer, making the pizza guy brave the outside world, away from a shelter-in-place order, can feel selfish. But then there's the fact that the pizza guy is getting paid, and might not have work, otherwise. You've seen the memes (see below), but still: The mental calculus to decide if you suck for making someone bring you food or groceries is legitimately challenging. (If you do order delivery, one thing is clear. Tip well.)
me ordering delivery in February:-lazy-needlessly expensive-pathetic
me ordering delivery now:-heroism-singlehandedly keeping every small business afloat-Nobel Prize in Economics
 Paul McCallion (@OrangePaulp) March 19, 2020
My favorite small business is Imperfect Foods, a produce and grocery delivery subscription based in San Francisco that sources expired, surplus, and ""ugly"" foods at a discount with the mission to cut back on food waste. It's 100-percent delivery-based (there are no bricks-and-mortar stores), but during this public health crisis, it's been just as impacted as a physical grocery store. 
The company has to make decisions about how or if it should provide the same level of service while protecting its workforce. And then there's keeping customers safe while also getting people what they need. 
In a message to customers last week, Imperfect CEO Philip Behn outlined how his workers face the same coronavirus-based issues as anyone. And while his employees may be deemed essential workers on the frontlines of the pandemic, the infectious respiratory illness doesn't know that. That means things aren't running as smoothly as usual. 
We're thinking about the morals of shopping online.
Image: Smith Collection / Gado / Getty Images
In his note to all customers, he explained how the company is handling a lot happening at once: ""A spike in demand combined with labor shortages in our delivery fleet and packing facilities caused a large cancellation of orders.""
He went on to highlight the human side of the company. ""As schools, transportation, and logistics in the communities we serve have been disrupted, many of our staff have had to deal with the same challenges were all facing: arranging for childcare, finding a new way to get to work, or taking the necessary precautions to keep themselves safe and healthy."" 
That doesn't mean the company isn't still trying to provide groceries. But it does mean customers should expect delayed orders and even cancellations. It's a balancing act between customer needs, employee safety and abilities, and fiscal decisions. (Good to note: Imperfect has not fired or laid off any workers and doesn't plan to if things continue as they are now.)
In a phone call this week with Mashable, Behn explained that as long as the company sticks to its priorities he can feel comfortable offering the grocery service during this time. ""Everything starts by keeping our associates safe,"" he said. ""We don't have the comfort of working from our homes.""
""Our second priority is to keep serving our communities,"" he continued. ""We've become a needed service. We have stepped up our already-high food safety procedures, and are supporting the physical, emotional, and economic wellbeing of our employees,"" the CEO continued.
At Imperfect, that means a lot of talking things out among leadership, at all-hands meetings, and within unit teams. ""We always start by asking people how they feel,"" he said, especially now.
""The beautiful part of having a company that serves a social purpose is the sense of responsibility,"" he said on the call. ""That's what keeps me energized...""
Yuni Sameshima, CEO of Chicory, the company behind the Get Ingredients button you may notice at the bottom of over 1,000 of recipe websites, laid out his thoughts on grocery delivery as people across the U.S. grapple with the morals of their consumption decisions. Do you put delivery workers at risk or put them out of a job? Do you physically go shopping and take the risk of catching or even spreading the illness while at a crowded store? There's not a great solution for everyone. 
""From an ethics perspective, right now the best we can do as human citizens is social-distance ourselves,"" he said in a recent phone call. ""I think online grocery [shopping] accomplishes that social-distancing mission.""
SEE ALSO: Coronavirus is making it even harder for people to access food in America. Here's how to help.
So businesses like Imperfect are carrying on until it's truly untenable. Sure they're working with smaller and more constrained staffs, burdensome new safety and sanitation protocols like no longer ringing doorbells and keeping all workers 6 feet part at all times  not to mention an anxious customer base. But they're still offering products and bringing them to people in some capacity. And you don't have to feel bad about using them.
In fact, while weighing your next purchase, knowing that businesses are also thinking about these things can help you decide the right move."
2,"{'id': 'mashable', 'name': 'Mashable'}",PCMag,Amazon workers in NYC warehouse strike to demand coronavirus protections,"Amazon warehouse staff in Staten Island walked out of work Monday morning to protest the lack of COVID-19 protections for employees still plugging away during the outbreak. Personnel at the facility—where someone recently tested positive for the virus—will ""c…",https://mashable.com/article/amazon-workers-coronavirus-strike/,https://mondrian.mashable.com/2020%252F03%252F30%252F7e%252Fc2c53016ace047a0a4b845f3b21e1f95.6e008.jpg%252F1200x630.jpg?signature=vUtcOMO0jBD7ZKDZlimRCpYXkSE=,2020-03-30T18:28:41Z,"Amazon warehouse staff in Staten Island walked out of work Monday morning to protest the lack of COVID-19 protections for employees still plugging away during the outbreak.
Personnel at the facilitywhere someone recently tested positive for the viruswill ""cease all operations"" until their demands are heard, management assistant and lead strike organizer Chris Smalls told CNBC.
In a statement to the news site, Amazon said it is ""supporting the individual in quarantine"" and asked that anyone in contact with them stay home with pay for two weeks. The facility, known as JFK8, remains open. ""We are following all guidelines from local health officials and are taking extreme measures to ensure the safety of employees at our site,"" a company spokesperson said.
But a declaration from on high isn't enough for those folks on the ground. Smalls hopes to pressure Amazon into closing the 855,000-square-foot facility for cleaning while offering all 4,500 employees paid time off. ""Since the building won't close by itself, we're going to have to force [Amazon's] hand,"" Smalls said. ""We will not return until the building gets sanitized.""
""These accusations are simply unfounded. Our employees are heroes fighting for their communities and helping people get critical items they need in this crisis,"" Amazon told PCMag in an emailed statement. ""Like all businesses grappling with the ongoing coronavirus pandemic, we are working hard to keep employees safe while serving communities and the most vulnerable. We [are] tripling down on deep cleaning, procuring safety supplies that are available, and changing processes to ensure those in our buildings are keeping safe distances. The truth is the vast majority of employees continue to show up and do the heroic work of delivering for customers every day.""
Amazon recently implemented daily temperature screenings at its Staten Island location, and has been consulting with health authorities and medical experts on how to handle building closures for deep cleaning. At least 13 facilities have reported cases of coronavirus. Smallswho previously disclosed to management poor warehouse conditions and a lack of essential suppliesis currently on a 14-day self-quarantine (with full pay for two weeks) after coming in contact with the supervisor who tested positive.
This article originally published at PCMag
here"
3,"{'id': 'mashable', 'name': 'Mashable'}",Amanda Yeo,"'Stay the f**k at home': Samuel L. Jackson reads you a sweary, poetic social distancing PSA","Almost a decade ago, Samuel L. Jackson's reading of bedtime poem ""Go the Fuck to Sleep"" captivated the internet. Now the actor has returned to spoken word, presenting author Adam Mansbach's timely new adaptation of the classic: ""Stay the Fuck at Home."" ""The '…",https://mashable.com/video/coronavirus-samuel-l-jackson-stay-the-f-ck-at-home-jimmy-kimmel/,https://mondrian.mashable.com/2020%252F04%252F01%252F2d%252Fb1bb6ecd40624bfc9821d1455878f942.6070e.png%252F1200x630.png?signature=UN8zyT4hckdF81LSGu3lEctZ4MQ=,2020-04-01T05:56:04Z,"Almost a decade ago, Samuel L. Jackson's reading of bedtime poem ""Go the Fuck to Sleep"" captivated the internet. Now the actor has returned to spoken word, presenting author Adam Mansbach's timely new adaptation of the classic: ""Stay the Fuck at Home.""
""The 'rona is spreading, this shit is no joke it's no time to work or roam,"" read Jackson, delivering the important PSA on a video call with Jimmy Kimmel. ""The way you can fight it is simple, my friends: stay the fuck at home."" 
Jackson has taken his own advice and is social distancing in his own home with his wife and daughter. He also encouraged people to donate to Feeding America, a charity that works to relieve hunger in the U.S."
4,"{'id': 'mashable', 'name': 'Mashable'}",Veronika Kero,This smart door lock might be the best purchase you make this year,"TL;DR: This Indiegogo-funded smart lock makes keys obsolete and is 25% off as of April 14, dropping the price to $149. There are endless ways to take an ordinary household item and make it smart. Tired of turning off the lights when you're already in bed? Get…",https://mashable.com/shopping/april-14-gimdow-smart-lock-sale/,https://mondrian.mashable.com/2020%252F04%252F14%252F8a%252F8b449bc551224a6aa85c3a3ba3c78516.f18ce.jpg%252F1200x630.jpg?signature=KaKq7dh2YOX38XSYfgyiXPPfJs8=,2020-04-14T09:00:00Z,"TL;DR: This Indiegogo-funded smart lock makes keys obsolete and is 25% off as of April 14, dropping the price to $149.
There are endless ways to take an ordinary household item and make it smart. Tired of turning off the lights when you're already in bed? Get a smart light. Horrible at cleaning? Put a smart robot vacuum on the job. There's even WiFi-enabled smart sex toys, but we do not recommend those in the age of COVID-related internet slowness (buffering is not your friend in that case). The point is: for those of us who are lucky enough to be spending more time at home these days, why the heck not upgrade, right? 
For one thing, you won't have to bring your keys along on your social-distanced daily walk or jog (proud of you!). You won't have to struggle to find your keys in the dark ever again. You can give your dog walker a one-time access code. And did we mention you won't have to carry keys?!
Meet Gimdow, a peel and stick smart lock that makes upgrading your deadbolt easy. All you have to do is peel and stick it atop your existing deadbolt, and it will allow you to use a code or an app on your phone to unlock it anytime. The people who built it even made a fun video in case you want to see it in action:
Gimdow raised more than $50K on Indiegogo and its backers have been waiting patiently for this baby to go from prototype to reality. But you arrived just in time for the real thing. Our readers can get 25% off and pay just $149 for this game-changing smart lock."
5,"{'id': 'mashable', 'name': 'Mashable'}",Alex Perry,Amazon created a waitlist for grocery deliveries because demand is so high,"Crushed by the massive increase in demand due to the coronavirus pandemic, Amazon is making some big changes to its grocery delivery services. In a blog post published over the weekend, Amazon laid out some of the changes it's making at Whole Foods stores in …",https://mashable.com/article/amazon-whole-foods-delivery-changes/,https://mondrian.mashable.com/2020%252F04%252F13%252F3b%252F686aec950c164ade9ea9d44c93335e1f.ab038.jpg%252F1200x630.jpg?signature=nQs0ezG-0m7SGBNYq1r4oxyB_T8=,2020-04-13T16:48:52Z,"Crushed by the massive increase in demand due to the coronavirus pandemic, Amazon is making some big changes to its grocery delivery services.
In a blog post published over the weekend, Amazon laid out some of the changes it's making at Whole Foods stores in order to meet increased demand for deliveries and pick-ups while most of America is stuck at home. 
On the consumer end, the most noteworthy change is that new Amazon Fresh and Whole Foods delivery customers need to sign up for an invitation to get food delivered. 
In other words, if you haven't already been using those services, you're going to be put on a waitlist. Amazon said it's letting new customers in each week, so monitor your email inbox if you've signed up.
The Amazon Fresh home page will display available delivery windows each day for anyone who's able to actually use the service. In normal times, you put together your cart and just choose the time that is most convenient for you. Now, you'll have to choose a delivery time first, and you'll only know when one is available by checking the website that day.
SEE ALSO: Amazon stops selling N95 masks to consumers to prioritize distribution to hospitals
Whole Foods workers will also see some changes. Store hours are being adjusted to allow for increased restocking and some stores are actually going to focus exclusively on online deliveries. One store in Woodland Hills, California, for example, will only serve online customers on a temporary basis.
Amazon also noted the safety protocols it has implemented in the wake of the coronavirus, such as glass shields for cashiers and gloves and masks for retail workers. Whole Foods workers went on strike two weeks ago to demand better protections from their parent company. That followed a similar strike by Amazon warehouse workers, who felt the company was lax in its response to the fact that several of them tested positive for the coronavirus."
6,"{'id': 'mashable', 'name': 'Mashable'}",Mark Kaufman,What it means to be immune to the coronavirus,"The coronavirus is a vexing parasite. Around one in four infected people may have no symptoms, as far as experts currently know (the disease is new, so these numbers aren't yet fully certain ). So it leaves many of us with a burning question: Is it possible y…",https://mashable.com/article/coronavirus-who-is-immune-asymptomatic/,https://mondrian.mashable.com/2020%252F04%252F14%252F5c%252F750317128a5b4d678dd668942a24c17a.9f33b.png%252F1200x630.png?signature=viuklaWP3KNsjmwJd00bx5PF7FU=,2020-04-14T16:29:59Z,"The coronavirus is a vexing parasite. 
Around one in four infected people may have no symptoms, as far as experts currently know (the disease is new, so these numbers aren't yet fully certain). So it leaves many of us with a burning question: Is it possible you were infected, but didn't get sick?
It's a question of paramount importance. A bedrock of immunology (the study of how the body defends against infections) is if a virus infects you and you fight off the infection you develop an immunity to it for some time, even if you had mild symptoms. This means, after you eventually get a blood test to show immunity, you could then safely reenter society without immediately catching and spreading the respiratory disease COVID-19.  
""The golden rule of immunology is if you are infected with a virus, get sick, and recover, you probably won't get reinfected with the same virus,"" said Mark Cameron, an immunologist at Case Western Reserve University who previously helped contain the outbreak of another deadly coronavirus, SARS, in 2003.
When exposed to a new virus, the body will soon create molecules in your bloodstream, called antibodies, that block the virus from successfully hijacking the body's cells in the future. (That's why vaccines which encourage your body to make antibodies work, and the U.S. eradicated polio over 30 years ago).
This is happening with the new coronavirus, too, but disease experts must observe the response of recovered coronavirus patients to understand how effective this immunity is, how long it will last, and if some people can be reinfected. The CDC, for example, just started recruiting Americans to see who has been infected and made antibodies. People infected with SARS developed immunity for an average of two to three years.
""It's very likely if you got exposed that you mounted a response and you would have antibodies,"" explained Dr. Vince Silenzio, an M.D. and professor at the Rutgers School of Public Health. ""We are fairly certain people are becoming immune [to the new coronavirus].""
And critically, just because someone had a mild response or showed no symptoms at all there's no clear evidence they build up a weaker immune defense against the coronavirus, officially named SARS-CoV-2.
""The bottom line is it's not necessarily true yet that people with mild infections have less of an immune response,"" said Silenzio.
""Asymptomatic infections are just as likely to grant immunity to the bearer as frank infections [meaning infections that cause disease], despite the challenge in identifying these infections and the risk of spread they entail,"" agreed Cameron. 
Why, though, might a significant number of people have such mild (or no) symptoms to this new coronavirus? There could be genetic or health differences that make it more difficult for the coronaviruses to infect a cell. It's also possible that people with milder infections were only exposed to a tiny amount of the virus (like someone picking up just a few particles off a piece of mail versus an ER doctor getting sprayed with millions of viral particles). ""It's possible that asymptomatic people were exposed to a much lower dose,"" said Brian Baker, a biochemist at the University of Notre Dame.
The reason there are severe, mild, and asymptomatic infections will be intensively researched throughout this year, and beyond. Although researchers have learned a great amount about this microbe, the virus is still new to science. After all, this coronavirus only spilled over to humans from other animal species in the last five months. ""We dont have all the answers yet,"" Silenzio said. ""But on the other hand,"" he added, ""it's amazing we have as many answers as we do.""
As far as peoples' future immunity is concerned, there are still some weighty questions out there. For example, there are recent reports out of South Korea and China of people who supposedly already had coronavirus, but then tested positive for the infection again. This would challenge the idea they developed immunity. ""There is some controversy currently regarding whether people are truly immune to COVID-19 once they have it, because there have been stories to the contrary,"" said Cameron. 
""This virus is teaching us new stories""
There's an explanation, however, for these reinfections. There's evidence the virus may have temporarily eased off in these patients, and later picked up steam again. So it could have been the same infection all along not someone getting sick from a new infection. ""Infection causes different courses of disease in people that's not unusual,"" explained Cameron.
Another looming question is how long immunity to the new coronavirus may last, either after recovering from an infection or getting a vaccine (when one becomes available in 2021 at the earliest). For example, if the coronavirus mutates too much, the body's immunity is lost. ""Some viruses change rapidly and some don't change rapidly,"" said Notre Dame's Baker.
The polio virus, for example, doesn't mutate quickly. So a polio vaccination (which sparks the body to produce new antibodies) generally lasts one's entire life. But other viruses, like influenza, mutate constantly and require those annual flu shots you're so familiar with. 
The good news is the new coronavirus hasn't been mutating quickly so far, explained Baker. This means it's relatively stable. We don't know how long immunity might last, but this virus is unlikely to change so fast it will reinfect people or outpace forthcoming vaccines, said Cameron.
At the end of the day, this coronavirus may unwittingly help humanity tame the pandemic. While it's true that asymptomatic people can spread the virus when they're infected (that's why everyone must social distance right now), if one in four infected people are truly asymptomatic, that means that likely millions of people will ultimately develop immunity whether they know it or not and won't be able to spread the virus around until we get a vaccine. ""That would be a good thing,"" said Baker. 
""We can count on the fact that the vast majority of COVID infections will cause immunity,"" said Cameron, noting that a vaccine will then only add to the number of immune people. Ultimately, this is how we end this grim pandemic, now that we've failed to contain it.
Though immunologists have an ever-strengthening grip on this coronavirus, they're aware the microbe is still revealing itself. Each day scientists around the globe learn more about how it behaves and infects people. So stay tuned for an improved understanding of how immunity will play out with SARS-CoV-2, a virus that's on pace to kill some 68,000 Americans by August (but likely many more if we don't sustain extreme social distancing measures). 
""This virus is teaching us new stories,"" said Cameron. ""The story is not yet written."""
7,"{'id': 'mashable', 'name': 'Mashable'}",Morgan Sung,"Actually, wear whatever you want while working from home","I don't know who needs to hear this, but here we go: We're living through a pandemic. Wear whatever the fuck you want while working from home. Our corporate hell work culture has ""expectations"" and ""recommendations"" for maintaining a sense of professionalism.…",https://mashable.com/article/wear-whatever-you-want-work-from-home/,https://mondrian.mashable.com/2020%252F04%252F17%252F8e%252F279c606155a241e7a1a6b0fbd23349bd.4ac85.jpg%252F1200x630.jpg?signature=Ubsniv-8i69G-AO1ka0UXr0m9h4=,2020-04-17T21:01:57Z,"I don't know who needs to hear this, but here we go: We're living through a pandemic. Wear whatever the fuck you want while working from home. 
Our corporate hell work culture has ""expectations"" and ""recommendations"" for maintaining a sense of professionalism. Suggestions for staying productive while working from home include separating your work space from your sleep space, building a routine even during non-work hours, and most egregiously, wearing normal office clothes during the week day. In an op-ed on Friday, Los Angeles Times fashion editor Adam Tschorn wrote that his work from home wardrobe was shaped by three R's: ""ritual, respect, and reality."" 
""Please, can we all put away those sweatpants, ratty, gray, decades-old collegiate sweatshirts and obscure minor league baseball caps,"" Tschorn said. ""And start our workdays looking like we deserve the paychecks were lucky enough to be earning while the world around us burns?""
Twitter, understandably, was incensed so much so that the poor social media editor on duty sent out a defense of working in pajamas. 
hi i am the social media editor and a robot sent this tweet, not me. sent to you from me in my peach printed pjs and cheetah robe at home https://t.co/xX1d7BFeUz
 Los Angeles Times (@latimes) April 17, 2020
Look, if there's a time to take care of yourself and be as comfortable as you can be, it's in the midst of a devastating pandemic. Having a job and receiving a regular paycheck is an immense privilege right now, especially as unemployment and furloughs skyrocket. But what do you have to prove by putting on street clothes?
I firmly believe that you should wear whatever you want while working from home, and that having the mental fortitude to put on a real shirt makes you just as deserving of your salary than someone who's been wearing the same sweatpants all week. 
Today, I'm wearing an oversized t-shirt from volunteering for my college radio station's pledge drive three years ago, a pair of green bike shorts that I also wore yesterday, and a floral lilac bathrobe. This morning I slathered my hair in a deep conditioning mask and have been wearing it coiled in a towel all day. It's a sharp contrast to the ""black-and-red check Brooks Brothers non-iron, button-down shirt, a pair of black Levis 559 five-pocket jeans, Stance socks and black Adidas Samba AV sneakers"" Tschorn listed in his piece, but I'm comfortable! I'm still getting stuff done! And I'd probably experience the same despair and panic that I feel every day if I was wearing a more ""professional"" outfit instead of my current one.
When the coronavirus spread grew to a serious concern last month and Mashable began working from home, I did try to adhere to more stringent work from home suggestions. I avoided working in my bed. I still wore leggings, but tried to put on a new pair every day. I even put on concealer in the mornings. But the anxiety spiraling continued, even with a sense of routine. 
If you're facing the same overwhelming exhaustion that I am, be nicer to yourself. A viral tweet from a few weeks ago has become my mantra: ""You are not working from home; you are at your home during a crisis trying to work."" 
You'll still be able to do your work, regardless of whether you're wearing a button-down shirt or a ratty collegiate one. 
""You are not working from home; you are at your home during a crisis trying to work.""
I've heard this twice today. I think it's an important distinction worth emphasising.
 Neil Webb (@neilmwebb) March 31, 2020
Tschorn argued that the worst part of messy work from home attire is knowing what your coworkers look like when they're at home. 
""What is seen cannot be unseen, and some day you'll all be back together, clustered around a conference table,"" he said. 
And that is perfectly OK. If anything, this pandemic's new work from home culture is a reminder that the people you work with are human beings with lives, too. Who cares what they're wearing? The entire world is grappling with a devastating virus, and everyone's dealing with it differently.  
There are limits if you're going to hop on a video call, you should at least wear clothing. But at the end of the day, you should be able to wear whatever you want while working from home, whether that's yesterday's bike shorts or (ugh) real pants. Do what you need to cope."
8,"{'id': 'time', 'name': 'Time'}",Time,COVID-19 Cases on 2nd Navy Ship Still Rising,The number of coronavirus cases aboard the USS Kidd rose to 64 as the Navy destroyer pulled into port at San Diego on Tuesday.,https://time.com/5828899/coronavirus-navy-ship-rising/,https://api.time.com/wp-content/uploads/2020/04/AP20119624228221.jpg?quality=85&w=1200&h=628&crop=1,2020-04-28T23:10:30Z,"WASHINGTON — The number of coronavirus cases aboard the USS Kidd rose to 64 as the Navy destroyer pulled into port at San Diego on Tuesday to get medical care for the crew and to disinfect and decontaminate the ship.
The Kidd is the second Navy ship to have an outbreak of the disease while at sea, the other being the USS Theodore Roosevelt, an aircraft carrier that has been docked at Guam for a month. The Roosevelt has more than 900 sailors with confirmed cases of COVID-19, but the entire crew has now been tested.
The Navy has moved swiftly to get the Kidd’s crew ashore. That was a point of contention with the Roosevelt, whose skipper, Capt. Brett Crozier, felt compelled to write to several other commanders pleading for more urgent Navy action to protect his crew of nearly 5,000. Crozier was then relieved of command for what the Navy’s top civilian official at the time, Thomas Modly, called poor judgment. Modly resigned several days later, and the Navy is now seeking higher-level approval to reverse his move and restore Crozier to command.
The Navy said that 63% of the Kidd’s crew of more than 300 had been tested as of Tuesday. One sailor was medically evacuated to the United States on April 22 after experiencing shortness of breath. Fifteen were transferred to another ship with a medical facility for closer observation of symptoms.
Sailors being removed from the Kidd at San Diego will be isolated with twice-daily medical screenings. Crew members who have tested negative will enter quarantine for a period of observation, with military health professionals monitoring them for symptoms. Also, a small contingent of sailors who tested negative will remain on the ship for essential services and deep cleaning. The cleaning is expected to take two weeks.
The destroyer had been off the Pacific coast of Central American doing counter-narcotics operations.
With the Roosevelt and Kidd both in port, the Navy said no deployed ships currently have known coronavirus cases aboard. Thirteen ships that previously had one or more active cases while in port have zero cases now, the Navy said.
Contact us at editors@time.com."
9,"{'id': 'cnn', 'name': 'CNN'}",Opinion by Nicole Austin-Hillery,"Opinion: Amid the pandemic, the right to vote is a life and death issue",Many things are at stake as the nation battles the Covid-19 crisis; among the central long-term concerns is the fate of our right to vote. Facing so much suffering and death has left many grief-stricken Americans feeling robbed of a voice -- and voting is a c…,https://www.cnn.com/2020/04/26/opinions/vote-rights-pandemic-covid-19-austin-hillery/index.html,https://cdn.cnn.com/cnnnext/dam/assets/200413122245-campaigns-amid-coronavrius-3-super-tease.jpg,2020-04-26T04:36:31Z,"Nicole Austin-Hillery is the executive director of the US Program at Human Rights Watch and the former Washington director and counsel for the Brennan Center for Justice. The opinions expressed in this commentary are her own. View more opinion on CNN.
 (CNN)Many things are at stake as the nation battles the Covid-19 crisis; among the central long-term concerns is the fate of our right to vote. Facing so much suffering and death has left many grief-stricken Americans feeling robbed of a voice -- and voting is a crucial way of shouting back, ""I'm here. My loved ones and I matter."" Unfortunately, voter suppression has threatened that right for thousands of historically disfranchised Americans with tactical precision since the US Supreme Court gutted the Voting Rights Act of 1965 in a 2013 decision, Shelby County v. Holder, which found unconstitutional sections of the act that required states with long histories of discriminatory voting practices to get Justice Department approval before changing voting laws.
Since that decision, numerous states have changed laws to require voters to show photo IDs, have purged their voter rolls, or have shortened or ended early voting. Court challenges in Texas, North Carolina and other states have shown that these changes make it harder for black, Latino, poor and older communities to vote. As reported by the ACLU in a recent commentary on voter suppression in 2020, 70% of voters purged from the Georgia rolls in 2018 were black. Across the country, counties with larger minority populations have fewer polling places and poll workers per voter, and since 2010, the number of states that have imposed voter ID restrictions has risen to 36, according to the same report.
Fears that voter suppression will become even more rampant during the current pandemic are growing, especially in light of the Wisconsin primary election on April 7. There, the State Supreme Court ruled that in-person voting could take place despite concerns about the global pandemic.
Then, the Supreme Court cemented that ruling, deciding that absentee ballots returned after the election would not be counted, even though election officials failed to mail them out in time. Never mind palpable concerns that this move would have a disparate impact on black, Latino and poorer communities in Wisconsin, where the lack of poll workers and polling places was such that in Milwaukee they had to consolidate 180 polling places to just five. For Milwaukee, which holds Wisconsin's largest African American population, this meant they had fewer polls even though the number of voters there was expected to be high.
The nation can ill-afford a repeat of what happened in Wisconsin. 
These actions by the Supreme Court are unlike anything we've seen since the era when the Voting Rights Act was passed, when many Southern states, including South Carolina and Virginia, continued to enforce discriminatory voting practices such as poll taxes and convoluted methods of voter registration that discriminated against African Americans. During that time, between 1965 and 1969, the Supreme Court stood on the side of voting rights and issued several key decisions upholding the Voting Rights Act in response to this state resistance. The scale of the more recent changes, coupled with concerns that suppression will rise in the age of Covid-19, means combating voter suppression cannot be limited to one or two policy reforms. It has to entail a full-fledged, comprehensive plan to stamp out suppression at every turn.
Some states have made small positive changes. For example, 16 states and DC have approved automatic voter registration, but only 12 of those states will have it in place in time for the November elections. As for same-day registration, 24 states will have this in place for November.
However, a patchwork quilt of state efforts is not the answer. Nor is last-minute decision making, as we saw in Wisconsin. But just as the governors have led efforts to stem the tide of Covid-19, they can also stem the tide of voter suppression.
Gov. Ralph Northam of Virginia has provided a road map. On April 12, building off the foundation laid by the state legislature, he initiated a full-on attack against voter suppression. Virginia's new measures include establishing Election Day as a holiday, removing a requirement for a photo ID, and expanding early voting to 45 days before an election. 
These are well researched, common sense, evidence-based solutions that non-partisan voting rights advocates have pushed for years. Northam articulated what voting rights advocates have zealously argued and international human rights law enshrines, that ""voting is a fundamental right,"" and that voting laws should ""strengthen our democracy by making it easier to cast a ballot, not harder.""
I spent more than a decade as a voting rights advocate working with Congress to ensure that the rights of all voters are protected, and with legal and community partners around the country to help ensure access to free and fair elections. It's clear to me that this is a moment when strong coordinated action to protect voting rights is urgently needed. The history of constitutional law related to voting rights in this country has almost exclusively focused on expanding the franchise and not limiting it. But actions by partisan governors and legislators since 2016 have sought to turn back the clock.
These legislators, governors, and national leaders at top levels have chosen politics over the right to vote. The Covid-19 pandemic, sadly, presents another opportunity for those same leaders to try to suppress voting by people whose voices, historically, have been muffled and lives lost in the fight to participate in our democracy.
So, as the country wrestles with the pandemic and the life and death decisions we are depending on our leaders to make, protecting the right to vote is more important now than ever. This was evident in the outcome in Wisconsin, despite the efforts to curtail voting. Ensuring people's right to vote is at the heart of protecting our democracy. The playbook has been written. Now governors and lawmakers need to show courage and conviction, prioritize the interests of the citizens they were elected to serve, and follow it."
10,"{'id': 'time', 'name': 'Time'}",AMANDA SEITZ / AP,Country Star’s Widow Begs People to Stop Spreading Misinformation About His Coronavirus Death,Conspiracy theorists are twisting facts online about country singer Joe Diffie's death from COVID-19 complications.,https://time.com/5826808/joe-diffie-coronavirus-misinformation/,https://api.time.com/wp-content/uploads/2020/04/joe-diffie-coronavirus-death.jpg?quality=85&w=1200&h=628&crop=1,2020-04-24T00:13:44Z,"(CHICAGO) — Conspiracy theorists are twisting facts online about country singer Joe Diffie’s death from COVID-19 complications in an effort to promote their claims that health officials are exaggerating the threat of the coronavirus pandemic.
Diffie, who topped the charts in the 1990s with honky-tonk singles including “Home” and “Pickup Man,” died in Nashville, Tennessee, on March 29 after he tested positive for the virus. He was 61.
In the days following his death, Facebook and Twitter users posing as internet sleuths falsely claimed media reports hid that he had lung cancer. He did not. The untrue claims appear to have stemmed from an obituary posted online for Diffie’s father, Joe Diffie Sr., who passed away in November 2018 from cancer.
The inaccurate claim about Diffie is one of many from Facebook, Twitter and YouTube users seeking to sow doubt about the impact of coronavirus. Many of them claim that health officials, government leaders and media outlets have overblown the danger of the virus, millions being infected with it worldwide.
Diffie’s widow, Tara Terpening Diffie, pleaded on Instagram for people to stop sharing the misinformation about her husband. In a statement, she said she hoped to set the record straight about her husband’s death so that their family can focus on grieving for Diffie and celebrating the Grand Ole Opry member’s legacy.
“There have been some untrue statements about my late husband that are false and hurtful,” Tara Terpening Diffie said. “Joe did not have lung cancer and was a healthy, loving father, husband and friend. He also kept a very busy touring schedule and loved his fans who’ve supported him all these years.”
Diffie, a native of Tulsa, Oklahoma, died just days after announcing he had contracted the coronavirus. He is survived by his wife, and seven children from four marriages.
Contact us at editors@time.com."
11,"{'id': 'mashable', 'name': 'Mashable'}",Jess Joho,"NYC issues iconic guide to banging during coronavirus, then takes it down","It's reasonable to assume that the spread of coronavirus is likely causing a spike in horniness (just look at all these free sex toy offers ). We're scared. We're trapped inside. We're lonely. We miss human touch. We need sweet, sexual release. So in an act o…",https://mashable.com/article/safe-sex-coronavirus-guide-nyc-health/,https://mondrian.mashable.com/2020%252F03%252F21%252Fed%252F2c1c9df1a5df4eefb1f2d4d8c640acb2.4be64.png%252F1200x630.png?signature=6jhqCobaO1ThSOKwRB891JlVeb8=,2020-03-21T21:11:45Z,"It's reasonable to assume that the spread of coronavirus is likely causing a spike in horniness (just look at all these free sex toy offers). We're scared. We're trapped inside. We're lonely. We miss human touch. We need sweet, sexual release.
So in an act of true due diligence, the New York City government released a guide to fucking during the pandemic. And it comes bearing some truly iconic lines, while also delivering extremely pertinent safety information. 
Shortly after it caught the attention of Twitter, though, the guidelines were removed from the government's website. We asked city officials to verify the document's legitimacy and the reason behind the removal of its important information. But NYC Department of Health Press Secretary Patrick Gallahue offered only that, ""Our guidance is updated regularly and we are working on having it back up soon."" Mashable will update this article if it is re-uploaded, and if a more straightforward explanation is provided.
Regardless, the document has already been immortalized with screenshots. And we did the public service of summarizing its highlights below.
""
You
 are your safest sex partner,"" the government had insisted, echoing that voice inside your head with longstanding trust issues.
After a little foreplay with facts on the virus, the guide got right to the point, asking what's on all our minds: ""But can you have sex?""
While COVID-19, the disease caused by the coronavirus, has not been found in semen or vaginal fluids, banging still requires being closer than the recommended social distancing of six feet. It can also spread through one's saliva or mucus. So, you can definitely still catch the virus by having sex (unless you're, like, inhumanly endowed I guess).
""
You
 are your safest sex partner,"" the government had insisted (yes in bold), echoing that voice inside your head with longstanding trust issues. This directive is followed by what, shall we say, comes close to a recommendation from the NYC Health Department to masturbate your goddamn heart out, with a reminder to wash your hands and sex toys after.SEE ALSO: Coronavirus anxiety has exes sliding into the DMs
But the NYC Health Department is an understanding partner. It knows that, while masturbation is the best method of prevention, people are gonna be fuckin' and suckin' anyway. So the next (and only other) safest option is to do so with someone you're living in quarantine with (who, uh, also presumably is not your flesh and blood).
With not a single shred of slut-shaming, the NYC government woefully admitted though that this is not the time to be spreading the love anywhere else unfortunately, even if your livelihood depends on it. But, it suggests, have you tried sexting ;) 
You practicing the safest pandemic sex like a boss.
Image: bob al-greene / mashable
In all seriousness, though, if you do the sexting or the porn on your computer or phone, be sure to also disinfect your devices (here's our guide for phones and computers).
The NYC Health Department seemingly regretted to inform the public that, ""rimming (mouth on anus) might spread COVID-19.""
Finally, we get down to the nitty-gritty dirty talk, when (I shit you not and can't emphasize this enough), the NYC Health Department seemingly regretted to inform the public that, ""rimming (mouth on anus) might spread COVID-19."" It's not anti-rim-jobs under normal circumstances, necessarily, but since the virus has been found in feces, it could theoretically be spread through ass to mouth action.
Then there was the more common sense (though still scintillatingly well-informed) guidelines: Kissing definitely spreads COVID-19, so don't do that with anyone other than quarantine buddies, avoiding that and sex with them if you or they start feeling sick. Most sadly, if either you or your quarantine partner is part of a high-risk group, it's better to avoid sexual contact altogether. 
But may we offer our own potential workaround for high-risk partners? Try mutual masturbation instead (while maintaining a six-foot distance, of course). It's proper social distancing, but sexy.
Condoms are also now particularly important for oral and anal, the health department had stated, since it lessens contact with saliva and feces. And folks, washing your hands and toys post-coitus and masturbation has never been more important. We'll add that this shouldn't be hard to abide by since everyone should already be peeing after intercourse anyway.
In these trying and terrifying times, the public needs its government to rise to the occasion. And in this instance, the NYC Health Department had risen, hard, erecting a throbbingly comprehensive monument to safe sex in the age of COVID-19. Until all of that deflated.
Honestly, it did such a thorough job that I think I'm horny for the NYC Health Department now? Is that...possible? Where's my goddamn vibrator??
You should read a copy of the full guide from the screenshots below, both for public health safety and the lols:"
12,"{'id': 'mashable', 'name': 'Mashable'}",(Deleted account),Government launches Minecraft server so young people can stay inside and game during coronavirus,"Poland has a not-so-secret weapon in order to convince its young citizens to stay indoors during the coronavirus pandemic. Gaming! The Polish government has launched a website, Grarantanna.pl, filled with various online activities in order to keep young peopl…",https://mashable.com/article/poland-coronavirus-minecraft-gaming/,https://mondrian.mashable.com/2020%252F03%252F22%252F05%252Ff89dbb0390844d69a180af771a2019d1.57890.jpg%252F1200x630.jpg?signature=VZRwLKj_R9JKRLb5sMiDnR8mDIM=,2020-03-22T18:27:40Z,"Poland has a not-so-secret weapon in order to convince its young citizens to stay indoors during the coronavirus pandemic.
Gaming!
The Polish government has launched a website, Grarantanna.pl
, filled with various online activities in order to keep young people from going out. 
But, were not just talking a hands-off approach like a basic resource page with random third-party links. The countrys Ministry of Digitization has gone all out
 to set up exclusive tournaments, servers, and other interactive games so the youth listen to quarantine orders, according to a Poland government website that Mashable translated into English. 
The Polish government has created a public Minecraft server and launched a website with online activities to encourage young people to stay home during the COVID-19 pandemic. 
The website includes the Minecraft server, a game jam, quizzes and more. https://t.co/R59pbhcZuopic.twitter.com/Ke1UG3DY3x
 Daniel Ahmad (@ZhugeEX) March 22, 2020
One such activity that Poland is encouraging: Minecraft. Poland has set up its very own Minecraft server, in order to encourage community gameplay. The server will also host a competition to see who can build the best replicas of known architecture. Each Minecraft player will be given a virtual plot and building materials. The contest launches Sunday.
The campaign also has a slew of other events planned. There will be game development webinars, dozens of puzzles, Polish history quizzes, and more.
With schools are currently closed until March 25, the government of Poland seems to have really put in the effort to keep young people busy during the coronavirus pandemic. According to the World Health Organization, the country currently has
 425 confirmed cases of COVID-19, the official term for the disease caused by the virus."
13,"{'id': 'mashable', 'name': 'Mashable'}",Sam Haysom,James Corden uses BTS to help explain just how fast coronavirus can spread,"James Corden had a busy day on Monday, hosting a Late Late Show special from his garage with cameo appearances from Will Ferrell, Dua Lipa, and the cast of Dear Evan Hansen. Oh, and BTS. They appeared via video chat to perform ""Boy With Luv,"" and then they fe…",https://mashable.com/video/james-corden-social-distancing-coronavirus/,https://mondrian.mashable.com/2020%252F04%252F01%252F0f%252Fb42ddf3caea94a01bb65a3b7a9ecf861.120ab.jpg%252F1200x630.jpg?signature=_XBLC1o08M3Gesd8A-4Y_mtUmZQ=,2020-04-01T10:10:46Z,"James Corden had a busy day on Monday, hosting a Late Late Show special from his garage with cameo appearances from Will Ferrell, Dua Lipa, and the cast of Dear Evan Hansen.
Oh, and BTS. They appeared via video chat to perform ""Boy With Luv,"" and then they featured once again (albeit briefly, and in photoshop form) in Corden's explanation about the importance of social distancing measures.
In particular, Corden addressed the younger members of his audience, and any of their friends who may be saying things like, ""How is it even worse than catching the flu?"" by using the seven-piece boyband as a visual numbers aid.
""The seasonal flu is serious for lots and lots of people; COVID-19 is roughly 10 times more lethal,"" explains Corden in the clip above. ""When you get the flu, two things happen: One, you get overly invested in The Bold and the Beautiful, even though you've never seen it before [...] The other thing that's going to happen, if you go out with the flu, you're going to infect, on average, 1.3 people. And those 1.3 people will infect 1.3 people. And if that happens 10 times, you will have been responsible for giving the flu to 14 people   and that's two BTSes on a couch, getting invested in The Bold and The Beautiful.""
Corden goes on to emphasise that while the flu is infectious, coronavirus is very infectious.
""If you are carrying COVID-19 [...] it's thought that on average, you are likely to infect three people. Now that might not sound like much of a jump, but if those three people pass it on to three more people, and those three people pass it on to three more people, and so on and so forth, that only has to happen 10 times, and you have been responsible for infecting 59,000 people.""
Sobering numbers."
14,"{'id': 'engadget', 'name': 'Engadget'}",Kris Holt,Pixar's 'Onward' hits Disney+ on April 3rd amid theater closures,"Just like every other line of business right now, the entertainment industry is scrambling to figure out how to deal with the COVID-19 pandemic. Several blockbusters, including the latest James Bond adventure No Time To Die and Marvel's Black Widow have been …",https://www.engadget.com/2020/03/20/pixar-onward-disney-plus-release-date-covid-19-coronavirus/,https://o.aolcdn.com/images/dims?resize=1200%2C630&crop=1200%2C630%2C0%2C0&quality=80&image_uri=https%3A%2F%2Fo.aolcdn.com%2Fimages%2Fdims%3Fcrop%3D1200%252C800%252C0%252C0%26quality%3D85%26format%3Djpg%26resize%3D1600%252C1067%26image_uri%3Dhttps%253A%252F%252Fs.yimg.com%252Fos%252Fcreatr-uploaded-images%252F2020-03%252Fa34a49f0-6aae-11ea-afff-d53d84f7c975%26client%3Da1acac3e1b3290917d92%26signature%3D86a54694205048d07ee120ab772409a558a5885a&client=amp-blogside-v2&signature=c2fa8d79ac6c8c31a7387c0e5963135912e462fe,2020-03-20T14:05:00Z,"The latest title to get an early digital home release is Pixar's latest flick, Onward. Disney says it will be available to download today, but, in our current reality, it's also one of the first tentpole movies to get a streaming release a month or so after arriving in theaters. You can stream Onward on Disney+ starting April 3rd.
#PixarOnward is coming to the US tonight on digital download and will be streaming on #DisneyPlus on April 3rd. pic.twitter.com/8IJFNTXOL8
— Walt Disney Studios (@DisneyStudios) March 20, 2020
The fantasy movie hasn't reached the heights of most other Pixar films at the box office, having pulled in $103 million worldwide to date. But there are clear reasons why Onward has underperformed. Many movie theaters are closing shop for now and, of course, people everywhere are being urged to stay home.
Like other studios, Disney's in a bit of a bind with its release strategy. Since Onward is already out in the world but fewer folks are actually able to see it right now, bringing it to Disney+ while people are holed up with their loved ones will give them something new to watch. Those who want to see Onward but haven't been able to will also have another reason to sign up for Disney+ if they haven't already. At the very least, it might lure kids away from endless Frozen 2 repeats."
15,"{'id': 'engadget', 'name': 'Engadget'}",Jon Fingas,"Comcast, Verizon make some on-demand viewing free","Comcast and Verizon (Engadget's parent company) have been scrambling to help people stay online during the COVID-19 pandemic, and now they're giving customer more to do with that access. On Comcast, subscribers with Xfinity X1 and Xfinity Flex now have previe…",https://www.engadget.com/2020-03-25-comcast-verizon-free-on-demand-video-previews.html,https://o.aolcdn.com/images/dims?resize=1200%2C630&crop=1200%2C630%2C0%2C0&quality=80&image_uri=https%3A%2F%2Fs.yimg.com%2Fuu%2Fapi%2Fres%2F1.2%2FbpW.nWlH6GtWoM5AJ0dTzQ--%7EB%2Fdz0xNjAwO2g9MTA2NzthcHBpZD15dGFjaHlvbg--%2Fhttps%3A%2F%2Fo.aolcdn.com%2Fimages%2Fdims%3Fcrop%3D1600%252C1067%252C0%252C0%26quality%3D85%26format%3Djpg%26resize%3D1600%252C1067%26image_uri%3Dhttps%3A%2F%2Fs.yimg.com%2Fos%2Fcreatr-uploaded-images%2F2020-03%2Fbd96f870-6ee7-11ea-9f3d-6e6abbdc0b5e%26client%3Da1acac3e1b3290917d92%26signature%3Dd3887917d588cf7a0e6b4897d8eadfcae1d336d7&client=amp-blogside-v2&signature=54f582dd013cf01e6d477fe89149e60bf2f17983,2020-03-25T23:18:00Z,"If you want to hunt the videos down on Comcast, you only have to say ""free"" into your voice remote. More material from ""dozens"" of networks and other partners will be available on a ""rolling basis"" over the weeks ahead, Comcast said.
Verizon, meanwhile, is offering a mix of similar on-demand viewing as well as educational tools for wireless and Fios customers. Epix, Showtime and Gaiam's fitness channel will be available for free for 30 days starting on April 1st. Students get access to educational resources like Bookful, Chegg, Epic! and Quizlet.
This should help subscribers stay informed and entertained while they're isolating themselves during the coronavirus outbreak. With that said, Comcast and Verizon also have a vested interest in handing out freebies. Financial uncertainty, however temporary, could lead some subscribers to cancel service or avoid upgrades to premium packages -- the offers might convince them to stay subscribed or expand their selection while they're stuck at home."
16,"{'id': 'engadget', 'name': 'Engadget'}",Jon Fingas,Instacart workers go on strike after rejecting mild concessions,"Instacart hasn't had success trying to avert a strike over a lack of COVID-19 protections. The Gig Workers Collective has declared that a shopper strike is ""still on"" after asserting that Instacart's concessions were inadequate. A change that sets the tip def…",https://www.engadget.com/2020-03-30-instacart-workers-go-on-strike-despite-concessions.html,https://o.aolcdn.com/images/dims?resize=1200%2C630&crop=1200%2C630%2C0%2C0&quality=80&image_uri=https%3A%2F%2Fs.yimg.com%2Fuu%2Fapi%2Fres%2F1.2%2FxamsPB9rYxu25ZCU0PDezg--%7EB%2Fdz0xNjAwO2g9MTAxMjthcHBpZD15dGFjaHlvbg--%2Fhttps%3A%2F%2Fo.aolcdn.com%2Fimages%2Fdims%3Fcrop%3D4800%252C3035%252C0%252C0%26quality%3D85%26format%3Djpg%26resize%3D1600%252C1012%26image_uri%3Dhttps%3A%2F%2Fs.yimg.com%2Fos%2Fcreatr-images%2F2020-03%2F922270b0-7267-11ea-9b5d-11d0028b3a73%26client%3Da1acac3e1b3290917d92%26signature%3D252767443f62d94ec84d73b4bed8d7d8d8d709c5&client=amp-blogside-v2&signature=f4d37ece453cac2504c2feb3cddd8368eee6f2bf,2020-03-30T16:23:00Z,"The service did say it had sourced hand sanitizer that would ship next week, but workers saw this as indicative of Instacart dragging its heels. Shoppers said they had been asking for sanitizer for ""many, many weeks,"" but the company was only now conceding to this demand.
We've asked Instacart for comment on the decision to continue with the strike.
It's not certain how many workers are participating in the measure, but it might have a tangible impact. Instacart is already struggling to cope with the surge in demand from customers determined to avoid grocery store trips that could increase the risk of virus infections, and losing even some of those workers to a strike could exacerbate the situation. The question is whether or not the impact will prompt further changes, especially when Instacart has upward of 300,000 new workers on the way."
17,"{'id': 'engadget', 'name': 'Engadget'}",Christine Fisher,Facebook’s new tool lets gamers plan their own esports tournaments,"Today, Facebook Gaming is launching Tournaments, a new feature that lets users create, join or follow virtual game tournaments. The tool offers everything from registration to seeding, bracket management and score entry. You can host single elimination, doubl…",https://www.engadget.com/facebook-gaming-tournament-feature-early-access-162817270.html,https://o.aolcdn.com/images/dims?resize=1200%2C630&crop=1200%2C630%2C0%2C0&quality=80&image_uri=https%3A%2F%2Fs.yimg.com%2Fos%2Fcreatr-uploaded-images%2F2020-04%2F8340f6c0-78e8-11ea-9fef-1073da35dfb6&client=amp-blogside-v2&signature=3b52c2b1fabd3a131fd50d2000da1ad072ac49ba,2020-04-07T16:28:17Z,"Today, Facebook Gaming is launching Tournaments, a new feature that lets users create, join or follow virtual game tournaments. The tool offers everything from registration to seeding, bracket management and score entry. You can host single elimination, double elimination or round robin tournaments, and best of all, it’s open to anyone.
Facebook says it’s meant to be a “one-stop shop for everything critically important for tournament organizers.” It should also offer better discovery for tournament participants, and provide developers and communities with an easy way to connect. Creators can host tournaments while streaming, and the feature includes new charity tools that let creators fundraise for important causes."
18,"{'id': 'engadget', 'name': 'Engadget'}",Igor Bonifacic,UK government enlists influencers to battle coronavirus misinformation,"You've probably seen posts on Facebook, Instagram and Twitter that say you can self-test for COVID-19, the disease caused by the novel coronavirus, by holding your breath for 10 seconds. According to medical experts the Associated Press interviewed, those pos…",https://www.engadget.com/2020/03/13/uk-government-enlists-influencers-battle-coronavirus-misinformation/,https://o.aolcdn.com/images/dims?resize=1200%2C630&crop=1200%2C630%2C0%2C0&quality=80&image_uri=https%3A%2F%2Fo.aolcdn.com%2Fimages%2Fdims%3Fresize%3D2000%252C2000%252Cshrink%26image_uri%3Dhttps%253A%252F%252Fs.yimg.com%252Fos%252Fcreatr-images%252F2020-03%252F59e37660-6536-11ea-bffe-17321656b70d%26client%3Da1acac3e1b3290917d92%26signature%3Ddbf054673635679a0353edf91b9d10147a1008c4&client=amp-blogside-v2&signature=1bf2c5a654c071aeda0e57e7e10c34b9a73bbf1b,2020-03-13T14:40:00Z,"The UK's Department for International Development (DFID) will provide £500,000 (approximately $623,000) to the Humanitarian-to-Humanitarian (H2H) Network, an organization made up of approximately 50 other groups that fought misinformation during the Ebola outbreak in 2013.
In addition to other initiatives, the network will work with social media influencers to pass on accurate information and advice to young people in Southeast Asia and Africa. Some of the individuals it plans to work with include Bianca Gonzalez, a health expert from the Philippines with more than seven million Twitter followers, and KlikDokter, an Indonesian health blog with approximately four million Facebook followers.
Facts, not fear. #Covid19pic.twitter.com/l4Vdw10yT0
— Bianca Gonzalez (@iamsuperbianca) March 12, 2020
According to the government, a lot of the misinformation spreading on social media is leading people to inaccurate advice. In one instance, the government says people in West Africa received WhatsApp messages claiming to come from the Canadian Health Ministry that said drinking warm water can prevent infection. ""These pose a serious risk to health and can speed up the spread of the virus, by stopping people taking simple practical, preventative steps like washing their hands,"" the DFID said.
Compared to some of the other ways we've seen organizations use the reach of influencers in the past, this is a smart and proactive way to get information to young people who usually don't turn to traditional media for their news coverage. In some ways, however, governments are fighting a losing battle when even newspapers are spreading false claims."
19,"{'id': 'engadget', 'name': 'Engadget'}",Jon Fingas,"Best Buy, GameStop limit stores to curbside pickup","Two of the better-known tech retailers in the US have temporarily dropped in-store shopping in light of the COVID-19 pandemic. As of March 22nd, Best Buy and GameStop have limited shoppers to delivery and curbside pickup. At Best Buy, you'll get ""enhanced cur…",https://www.engadget.com/2020/03/22/best-buy-gamestop-limit-stores-to-curbside-pickup/,https://o.aolcdn.com/images/dims?resize=1200%2C630&crop=1200%2C630%2C0%2C0&quality=80&image_uri=https%3A%2F%2Fo.aolcdn.com%2Fimages%2Fdims%3Fcrop%3D5195%252C3465%252C0%252C0%26quality%3D85%26format%3Djpg%26resize%3D1600%252C1067%26image_uri%3Dhttps%253A%252F%252Fs.yimg.com%252Fos%252Fcreatr-images%252F2020-01%252Fd7c8fdb0-3972-11ea-bf4f-5cc07f158ef0%26client%3Da1acac3e1b3290917d92%26signature%3Da8977f91a2cdd44ba05ad3e162eed8a6f3c2b5ea&client=amp-blogside-v2&signature=fa277ed8489912d772281d1a59888b2f2d1d0dde,2020-03-22T19:12:00Z,"GameStop's move is unsurprisingly simpler given the products it sells: you're limited to conventional curbside pickup and online deliveries.
In both cases, the stores are taking better care of employes. Staff won't have to work if they aren't ""comfortable"" with coming in, and those who've lost their working hours will receive two weeks' pay based on a 10-week average. GameStop is also reimbursing benefit-eligible staff with a month of the employee portion of their benefit expenses.
The retail chains don't have much choice. Even in states that don't have shelter-in-place orders, officials are urging the public to stay at home as much as possible and reduce the spread of the coronavirus. That's having a chilling effect on sales in general, let alone on retail. There's also a question of public perception. GameStop in particular has been accused of knowingly putting employees' lives at risk by remaining open, to the point where it was prepared to defy law enforcement. If they didn't close their stores to walk-ins, they risked alienating many of their would-be customers."
