,source,author,title,description,url,urlToImage,publishedAt,content
0,"{'id': 'business-insider', 'name': 'Business Insider'}",Diane Peters,A new study pins down the source of the 'rapid spread' of the coronavirus in China — people with little or no symptoms,A new study estimates that 86% of COVID-19 infections in China went undiagnosed before the country's travel ban was enacted on January 23. People who had not been diagnosed with COVID-19 were the source of 79% of reported cases in China. If undiagnosed people…,https://www.businessinsider.com/early-coronavirus-spread-china-people-little-or-no-symptoms-2020-3,https://i.insider.com/5e7137b7c48540768d57bf07?width=1200&format=jpeg,2020-03-17T21:08:11Z,"In China, an estimated 86% of COVID-19 infections went undiagnosed before the country's travel ban was enacted on January 23, according to a new study published in Science on Monday. 
Because there were so many undocumented cases of infection in China at that time, it was these people with undiagnosed COVID-19 coronavirus who spread it the most, leading to the ""rapid spread of the virus throughout Chinam,"" the researchers report. 
Using mathematical models to simulate the spread of the virus, the researchers calculated the contagiousness of people who were reported to have the COVID-19 virus and the estimated number of undocumented cases.
The researchers found that undocumented cases transmitted the new coronavirus about half as often as documented cases. But there were a lot more of undocumented cases. As a result, people who had not been diagnosed were the source of about eight out of every 10 infected cases in China prior to January 23. 
The authors — who included researchers from the MRC Centre for Global Infectious Disease Analysis at Imperial College London and collaborators from universities in New York, California, Beijing, and Hong Kong — noted that those who don't get diagnosed often have mild or even non-existent symptoms.
Consequently, these patients ""can expose a far greater portion of the population to virus than would otherwise occur,"" the researchers wrote. They concluded that if the virus among undiagnosed people hadn't spread, the cases could have been reduced by 66% in Wuhan and 79% across all of China.
Who does and does not get tested for the COVID-19 virus continues to be a dilemma in many parts of the world. Many jurisdictions have challenges around offering to test people, getting access to chemicals for tests, and other barriers.  
Many in the US who want to be tested are struggling to get access to a swab. And many of the tests distributed across the country in late January didn't work. The federal government is ramping up testing nationwide, but it's taking time to get people tested.
Canada currently has a national policy that people with no symptoms are not being tested. Prime Minister Justin Trudeau has been exposed, as his wife Sophie tested positive for the virus, but he has not been tested. He is under a self-imposed 14-day quarantine.
In the UK, however, while celebrity actor Idris Elba had no symptoms, he took a test that revealed he has COVID-19. 
It's this asymptomatic transmission that is why the Trump administration is asking Americans to stay home if they can, avoid groups larger than 10 people, and to stop going to public places like bars and restaurants.
During a press briefing on Monday, Dr. Deborah Leah Birx, the White House's coronavirus response coordinator, encouraged all Americans — young people in particular — to socially distance themselves in order to curb the spread of COVID-19. 
""The reason we're taking these strong and bold steps is because we know there is virus spread before you develop symptoms,"" she said, ""and then we know that there's a large group — we don't know the precise percent yet — that actually is asymptomatic or has such mild cases that they continue to spread the virus."""
1,"{'id': 'business-insider', 'name': 'Business Insider'}",Hilary Brueck and Samantha Lee,"Here’s how coronavirus nose and throat swab tests really work, and why they don’t always give satisfying results","One of the best ways to figure out how far a virus like COVID-19 has spread in a community is to test for it. In the US, massive federal delays rolling out COVID-19 testing have led to a situation where it's hard to track where new cases may be spreading in r…",https://www.businessinsider.com/how-coronavirus-throat-tests-work-rt-pcr-method-explained-2020-4,https://i.insider.com/5e962d4c0b3c9b108748d4c3?width=1200&format=jpeg,2020-04-15T13:30:00Z,"Do I have the coronavirus?
That seemingly simple question is proving exceedingly hard to answer definitively. In many places around the US, it's difficult to even get tested for COVID-19, the disease caused by the coronavirus.
With the virus now spreading across all 50 states, there are far more people in the US who want coronavirus tests than can get them, and those who get tested do wait days for their results.  More than 1.2 million people nationwide have gotten a COVID-19 test, and about 17% of those test results have come back positive, according to the US Centers for Disease Control and Prevention.
For those who do manage to get tested, the test itself is also painful. 
A test for COVID-19 starts by reaching deep inside a person's nose and throat to extract sputum — the gunk that gets ejected through coughing, sneezing, spitting, and even singing. That throat gunk, in turn, can be tested for the presence of some of the coronavirus' tell-tale genes. 
But, if a person's infection isn't living in the spot where they are swabbed, their infection isn't caught at the right moment, or their sample isn't collected properly, their test could still come back negative.
Here's how the most common kind of coronavirus test, real-time RT-PCR*, actually works, from start to finish:
""Who you test, and when they test, and when you test them, and the specimen that you use to collect all really impact the performance of the test,"" Dr. Jana Broadhurst, director of the Nebraska Biocontainment Unit Clinical Laboratory, recently told reporters on a SciLine conference call.  
Broadhurst estimates that roughly 30% of coronavirus tests may come back negative, even when a person actually has the virus in their body. 
Health care worker tests people at a drive-thru testing station run by the state health department, for people who suspect they have novel coronavirus, in Denver, Colorado, March 11, 2020.
Jim Urquhart/Reuters
That's why if you have COVID-19 symptoms, it's best to stay home for 14 days and self-quarantine, no matter what your test results may show.
Real-time RT-PCR tests can't tell you if you've had COVID-19 in the past; the test is only designed detect an ongoing infection. Scientists are racing to create new kinds of blood tests, which will help determine who's had COVID-19 and who might be immune to it, even if they never had coronavirus symptoms before.
(*Note: RT-PCR stands for reverse transcription polymerase chain reaction. Reverse transcription turns viral RNA into DNA that polymerase enzymes can then properly amplify. The process is also called real-time RT-PCR, because the PCR reaction is measuring the amplification of coronavirus genes in real time.)
Special thanks to Dr. Jeffrey SoRelle, Dr. Alex Greninger, and Business Insider's quantitative editor Andy Kiersz for their expert guidance on the inner workings of real-time RT-PCR.
Loading
Something is loading."
2,"{'id': 'business-insider', 'name': 'Business Insider'}",Courtney Biggs,'I'm scared to go to work': Grocery store workers on the frontlines of the COVID-19 pandemic,"Al Bello/Getty Images Grocery store workers have been deemed ""essential"" to the public good during the coronavirus pandemic. But these low-wage employees have now been thrust into unexpected risk and anxiety. Business Insider spoke with grocery clerks across …",https://www.businessinsider.com/coronavirus-grocery-store-workers-talk-about-working-frontlines-covid19-2020-4,https://i.insider.com/5e85f1e30c2a621074372146?width=1200&format=jpeg,2020-04-02T14:33:25Z,"What was supposed to be a ""low-stress job"" for 35-year-old grocer, Rebecca, has turned into a high risk but essential role, ""You're working 30 or 40 hours in the exact place you're being told to avoid.""
Rebecca took the job in Manhattan as a source of income while she focused on her music and other creative pursuits. But the coronavirus pandemic has changed what felt like a secondary gig to something more crucial. 
""There's a certain amount of pride that comes with the job but definitely anxiety would be the overwhelming feeling for me right now,"" Rebecca told Business Insider. 
Store policies where Rebecca works have changed to allow employees to wear masks, but they aren't being provided. Rebecca has had to rely on her Mom to ship a mask to her from another state. The store has, however, provided gloves to workers and requires employees to take breaks to thoroughly wash their hands every 30 minutes.  
Business Insider spoke with other grocery clerks across the country for their heroing stories. We're only using their first names at their request.
Working and waiting until symptoms show
Gabrielle, a 23-year-old clerk who works the night shift at a Walmart in Erie, Pennsylvania, told Business Insider that customers aren't respecting social distancing rules.    
""Customers mostly forget and get too close to ask for assistance. I have had a total of one customer reference the six-foot rule and respect it.""    
Like Rebecca, she has access to gloves, disinfectant sprays, and wipes, but no masks. She says employees are encouraged to take their temperatures at home before coming into work.      
Both Rebecca and Gabrielle have access to two weeks paid leave in addition to their regular PTO, if they test positive for COVID-19. But like many Americans, they can't access a test. 
""We've had two cases at my store alone and I've worked alongside both of them in the last two weeks,"" says Rebecca. ""But because I can't just get a test to make sure, I just keep working and waiting until symptoms show.""
Essential jobs, hard decisions
A 45-year-old grocery worker in South Carolina, who preferred to remain anonymous, feels trapped by an impossible decision.   
""I'm scared to go to work and worried about getting sick over a job that pays less than $12 per hour. But I also feel like I can't just stay home because the elderly need supplies and a kind word. It's really a hard decision."" 
Josh, a 22-year-old UberEats cyclist in Manhattan, said he will continue to make deliveries because it's ""an important service"" and ""somebody has to do it."" It's also the ""only job hiring right now.""        
Josh is using gloves and practicing contactless delivery by leaving food outside apartment doors or with a doorman. One upside, he said, was that his job has actually gotten easier during the COVID-19 pandemic ""because there's no cars on the road.""  
Do you have a personal experience with the coronavirus you'd like to share? Or a tip on how your town or community is handling the pandemic? Please email covidtips@businessinsider.com and tell us your story.
Loading
Something is loading."
3,"{'id': 'business-insider', 'name': 'Business Insider'}","tpallini@businessinsider.com (Thomas Pallini), Thomas Pallini",Photos show the emergency makeshift borders European countries have erected in an attempt to stop the spread of COVID-19,DENIS BALIBOUSE/Reuters The outbreak of COVID-19 in European countries has resulted in travel restrictions throughout the continent as nations hope to protect their citizens. Most countries in Europe have abolished internal border controls but national lockdo…,https://www.businessinsider.com/coronavirus-european-borders-closed-in-response-to-covid-19-2020-4,https://i.insider.com/5e851078ba85ee0f0d6fa0e3?width=1200&format=jpeg,2020-04-04T12:39:00Z,"Europe is under siege from the novel coronavirus and countries are barricading themselves in to protect against a further spread of the virus or a worse outbreak.
The continent that's typically associated with freedom of movement has temporarily abandoned that key tenant in response to the outbreak of COVID-19 on the continent heavily affecting its most populous countries.
Before March, traveling in Europe was as easy as going from state to state in the US with no passport checks on borders between 26 countries. Travelers could theoretically drive from Portugal to Estonia without having to show even a driver's license. 
Under the Schengen Agreement, most countries on the continent formally abolished border controls with one another in the spirit of continental unity. After entering Europe's external Schengen border, travel is largely unrestricted as countries become more interconnected.
March 25, 2020, a day that was supposed to be for celebration as the 25th anniversary of the Schengen Agreement's implementation was instead overshadowed by the re-fortification of borders across Europe. 
Take a look at present-day fortified Europe."
4,"{'id': 'the-verge', 'name': 'The Verge'}",Loren Grush,Three astronauts are launching to space tomorrow after lengthy quarantine,Three astronauts are set to launch on a Russian Soyuz rocket from Kazakhstan on April 9th at 4:05AM ET and join three crew members on the International Space Station. Tighter restrictions and protocols are in place surrounding this launch to prevent the novel…,https://www.theverge.com/2020/4/8/21213330/nasa-roscosmos-astronaut-soyuz-rocket-launch-chris-cassidy-coronavirus,https://cdn.vox-cdn.com/thumbor/KkzTZMlnD1uuvwSAOI4LNNu1rEc=/0x108:1500x893/fit-in/1200x630/cdn.vox-cdn.com/uploads/chorus_asset/file/19884209/49730674658_039ffb2541_h__1_.jpg,2020-04-08T17:32:06Z,"Ivan Vagner (left), Anatoly Ivanishin (center), and Chris Cassidy (right). | Image: NASA In the wee hours of the morning on April 9th, three astronauts are set to launch on a Russian Soyuz rocket from Kazakhstan and journey to the International Space Station, where they’ll join three crew members already living and working in orbit. Because this flight is launching during a pandemic, tighter restrictions and protocols are in place to prevent the novel coronavirus from making its way to space. The three people headed to orbit tomorrow include NASA astronaut Chris Cassidy and Russian cosmonauts Anatoly Ivanishin and Ivan Vagner. Ivanishin and Vagner are last-minute replacements to the flight after one of the original cosmonauts assigned to the mission suffered an eye injury. For Cassidy and Ivanishin, this will be their third trip to orbit, while it will be the first for Vagner. The crew will stay on the ISS for a total of six months. Final preparations for a trip to the space station from Russia usually begin in Star City — a small town just outside of Moscow. After a brief stay, the crew then heads to Baikonur Cosmodrome in Kazakhstan, where their rocket launches, and enters a two-week quarantine period. Even before the pandemic, NASA and Russia’s state space corporation, Roscosmos, required crews to enter a two-week quarantine ahead of their launch date, to ensure the travelers don’t inadvertently carry a nasty bug to space. “We’ve been sort of isolated to our cottages and just the essential place to go to get food.” However, quarantine procedures accelerated slightly while the crews were still in Star City. Around the time of Cassidy’s arrival at the beginning of March, stricter travel restrictions and social distancing measures were enacted all over the world to prevent the spread of COVID-19. “Had I been in normal quarantine, I probably could have gone out to some restaurants and left the immediate parameters of the Star City area and just been smart about where we went,” Cassidy said during a round of press interviews on March 19th. “But not this time. We’ve been sort of isolated to our cottages and just the essential place to go to get food.” Pavel Vlasov, head of the Yuri Gagarin Cosmonaut Training Center (GCTC) in Star City, confirmed that the crews started quarantining earlier than usual. “They do not go on any trips even the traditional like visiting the Kremlin wall and [Sergei] Korolev’s house before setting off to Baikonur,” Vlasov said in a statement on the Roscosmos website. View this post on Instagram Our crew is now less than 48 hours from lift off, soon coming to the end of our quarantine period. I’ve truly enjoyed reading about and watching all of the humorous things people are creating to help lighten the mood during this stressful time. One example is this video written and filmed by a good friend and the Magnuson family. It’s silly, but the message is spot on…the responsibility to shelter in place lies with every one of us. We all must do our part! ⁣ ⁣ #Nasa #Astronaut #Spaceflight #Rocket #shelterinplace #dotheshelter #quarantine @lucianohuck @cdcgov @propertybrothers A post shared by Chris Cassidy (@astro_seal) on Apr 7, 2020 at 12:12pm PDT Cassidy has since traveled to Baikonur Cosmodrome and gone through the regular quarantine procedures. NASA maintains that its employees have been following the Centers for Disease Control and Prevention’s recommendations for controlling infections ahead of quarantine, “such as cleaning of surfaces, social distancing, emphasizing hand hygiene, encouraging NASA team members who are sick to stay home and limiting contact with crew members,” according to a NASA spokesperson. Meanwhile, Cassidy and his crewmates have stayed relatively isolated in their hotel, prepping for the mission, exercising, and even playing ping-pong. “Ironically, the timing of our entering the strict quarantine protocol somewhat magically lined up with the world caving in, in terms of quarantine protocol,” Cassidy said. But come launch day, the sights and sounds leading up to the mission will be much quieter than usual. Roscosmos has banned all media from covering the launch in person, and there will be fewer people on site to cheer the astronauts as they head to the rocket. “Normally as you come walking out of the hotel... there’s music playing and there’s crowds of people lining the walkway as we proceed from the hotel to the buses, and it’s very, very motivating. It’s super exciting,” Cassidy said. But those celebrations will be absent this time around. “It’ll be completely quiet. There won’t be anybody there. We’ll just kind of walk out. Maybe we’ll still play the music and fire the three of us up ourselves. But who knows?” “I certainly am not going to be disengaged from it thinking it’s not my problem.” None of Cassidy’s family or friends can be at the launch due to travel restrictions. His wife was able to be with him while in Star City, and she had planned to attend the launch. But after Russia restricted foreign travel on March 16th, her itinerary changed. Ultimately, she went home when he headed to Baikonur Cosmodrome. “We thought we would say goodbye on launch day,” Cassidy said. Despite everything, Cassidy is feeling good ahead of launch. He even shared a rap his friend made on Instagram about how to stay at home to fight COVID-19. He hopes that all of the extra precautions were enough to prevent COVID-19’s spread to space. “I really haven’t been around anybody else, so it’d be really, really strange if I did contract something,” Cassidy said on March 19th. “Anything can happen between now and April 9th, but we’re being really super vigilant so that I can remain healthy to get to the station.” While on board the ISS, the crew will conduct science experiments and maybe even go on some spacewalks down the line. If all goes according to plan, this crew will likely be an audience to this summer’s most anticipated spaceflight event: the arrival of the first crewed flight of SpaceX’s Crew Dragon. The vehicle, developed as part of NASA’s Commercial Crew Program, is slated to take off this May, carrying NASA astronauts Doug Hurley and Bob Behnken to the space station. But while there’s plenty to look forward to in space, Cassidy said his mind won’t stray far from what’s happening on the Earth below. “I’ll have a full plate and my mind will be engaged, but I’m still going to be talking, communicating, emailing with my family and loved ones and friends,” Cassidy said. “I certainly am not going to be disengaged from it thinking it’s not my problem. It’s certainly my problem, because my family is living it and my friends and my co-workers are living it in real time.” Takeoff for the mission is slated for 4:05AM ET on April 9th. After launch, the crew will make four orbits around Earth and arrive at the International Space Station six hours later. NASA’s coverage of the launch will begin at 3AM ET, and coverage of docking will begin at 9:30AM ET."
5,"{'id': 'time', 'name': 'Time'}",HYUNG-JIN KIM / AP,North Korea Releases 221 Foreigners Held in Coronavirus Quarantine,"The country has not publicly disclosed any COVID-19 cases, but outsiders are skeptical the virus hasn't spread there",https://time.com/5797770/north-korea-releases-foreigners-coronavirus-quarantine/,https://api.time.com/wp-content/uploads/2020/03/north-korea-coronavirus-1.jpg?quality=85&w=1200&h=628&crop=1,2020-03-06T08:30:04Z,"(SEOUL, South Korea) — North Korea said Friday it has released about 220 foreigners from a quarantine imposed as part of its vigilant prevention efforts to avoid an outbreak of the coronavirus that has spread around the world.
The country has not publicly disclosed any cases of COVID-19, but outsiders are skeptical it escaped the virus that erupted in its neighbor and closest ally China and has infected more than 98,000 people globally.
About 380 foreigners in North Korea had been placed under medical surveillance, state radio had previously reported. The Korean Central News Agency said Friday that 221 of them were freed from “strict confined medical observation.” It gave no further details.
Some foreign media outlets including Russia’s state-run Tass news agency have reported some foreigners in Pyongyang were to be evacuated soon.
North Korea has said at least 7,000 of its people were in medical surveillance as well. It has said it was strengthening its screening of those who came back from overseas trips or had contacts with foreigners.
COVID-19 has proven challenging to identify, contain and treat in well-off countries, and experts worry an outbreak could be devastating in impoverished North Korea, which has a malnourished population and a chronic shortage of medical supplies.
The country has banned foreign tourists, virtually closed off its borders, delayed the school year and mobilized tens of thousands of government workers every day for disease-prevention efforts. It has closed a liaison office with South Korea indefinitely.
North Korean leader Kim Jong Un ordered a stronger quarantine campaign and warned of “serious consequences” if the illness spreads to the North. KCNA said North Korea was taking “top-class anti-epidemic measures” in response to recent Politburo decisions.
South Korea has the world’s second-biggest outbreak, with 6,284 cases. Most are in the southeastern city of Daegu, where a cluster was connected to a local church. Escalating outbreaks around the world prompted the World Health Organization chief to call on governments to pull out “all the stops” to slow the epidemic.
“Countries have been planning for scenarios like this for decades. Now is the time to act on those plans,” WHO Director-General Tedros Adhanom Ghebreyesus said in Geneva.
Italy, the epicenter of Europe’s outbreak, restricted visits to nursing homes and urged the elderly not to go outside unless absolutely necessary. Italy has the world’s second-oldest population after Japan. Research in China has shown COVID-19 to be more severe in the elderly.
Iran also closed schools and universities and introduced checkpoints to limit travel between major cities. President Hassan Rouhani urged state television to offer “happier” programs to entertain those stuck at home.
Palestinian officials closed the storied Church of the Nativity in Bethlehem indefinitely, weeks ahead of the Easter holiday. And virus fears may dull India’s vibrantly colorful spring festival of Holi. Japan on Friday canceled this year’s memorial for victims of the March 11, 2011, earthquake and tsunami.
In the United States, where 12 have died from COVID-19, hundreds of people were in self-quarantines due to infections in a New York suburb. A cruise ship off California was ordered to stay put until its passengers and crew could be tested for the virus after four cases were confirmed in previous travelers.
China still has more than 80% of the world’s cases, though its outbreak is steadying. On Friday, it reported 143 new infections and 30 new deaths, almost all in the epicenter city of Wuhan and surrounding Hubei province. China now has 3,042 deaths and 80,552 cases.
More and more patients are being released from the virus-dedicated hospitals hastily built at the peak of its crisis. It has released 53,726 people who were declared cured, while about 6,000 virus patients are still hospitalized in serious condition.
Contact us at editors@time.com."
6,"{'id': 'business-insider', 'name': 'Business Insider'}","feedback@businessinsider.com (Ana Zarzalejos), Ana Zarzalejos",A startup 3D-printed emergency breathing valves for COVID-19 patients at an Italian hospital in less than 6 hours,"Reuters A few days ago, staff at a hospital in Italy realized they were running out of valves for ventilators needed by those most severely affected by COVID-19. In less than 6 hours, a local startup managed to get to the hospital to manufacture the valves us…",https://www.businessinsider.com/coronavirus-italian-hospital-3d-printed-breathing-valves-covid-19-patients-2020-3,https://i.insider.com/5e711e65c485404f4d20cbf2?width=1200&format=jpeg,2020-03-17T20:38:21Z,"A few days ago, staff at a hospital in Italy realized they were running out of valves for patients' respirators, which are essential for the most serious cases of COVID-19, when patients are admitted to the ICU.
The supplier wasn't able to provide them in the short term, as the company itself was facing a shortage caused by the outbreak. Italy has been hit incredibly hard, resulting in more than 2,500 deaths.
The hospital, located outside Chiari in Lombardy, sent out a distress call through the newspaper Giornale di Brescia, which caught the attention of physicist Massimo Temporelli, founder of FabLab.
FabLab is an Italian company that specializes in innovative manufacturing solutions. However, the restrictions on movement imposed in Italy prevented Temporelli himself — who is based in Milan — from handling the matter.
After searching around, the physicist connected with startup Isinnova, which is based in Brescia — near Chiari, where the hospital is located — and has a 3D printer.
Isinnova's Cristian Fracassi and Alessandro Ramaioli collaborated with Temporelli and began manufacturing valves in the space of 6 hours.
In a Facebook post, Temporelli announced the moment the team managed to design a working valve which has now been used in the respiratory equipment of 10 admitted patients.
Italy's Minister of Technological Innovation Paola Pisano acknowledged the achievement and congratulated those involved.
—Paola Pisano (@PaolaPisano_Min) March 15, 2020
Once the valves are determined to have met all the necessary standards for approval, the team hopes to produce them for all hospitals that need them."
7,"{'id': 'the-washington-post', 'name': 'The Washington Post'}","Joel Achenbach, William Wan","New CDC data shows danger of coronavirus for those with diabetes, heart or lung disease, other chronic conditions - The Washington Post","New CDC data shows danger of coronavirus for those with diabetes, heart or lung disease, other chronic conditions The Washington Post CDC says diabetes, lung disease, heart disease and smoking may increase risk of severe coronavirus illness CNBC How much diab…",https://www.washingtonpost.com/health/new-cdc-data-on-underlying-health-conditions-in-coronavirus-patients-who-need-hospitalization-intensive-care/2020/03/31/0217f8d2-7375-11ea-85cb-8670579b863d_story.html,https://www.washingtonpost.com/resizer/2fDqSBOIVgPpMQhcTLrULUw9b3k=/1440x0/smart/arc-anglerfish-washpost-prod-washpost.s3.amazonaws.com/public/54FY3WDJQUI6VMMZHKLZTRKFCI.jpg,2020-03-31T21:57:19Z,"The CDC data is an initial description of how the disease appears to be affecting people who are already dealing with health challenges. The study did not break down the disease demographically, for example by age, sex, race or income. The agency also notes that this is essentially a snapshot and cant capture the ultimate outcome for people who have been infected with the virus and havent yet recovered.
The report shows covid-19 is thrusting vulnerable people in the United States into intensive care units and disproportionately taking the lives of people who already face medical challenges.
The CDC analyzed more than 7,000 confirmed covid-19 cases across the country in which health officials had a written record about the presence or absence of any underlying medical condition. The preexisting conditions covered in the records include heart and lung diseases, diabetes, chronic renal disease, chronic liver disease, immunocompromised conditions, neurological disorders, neurodevelopmental or intellectual disability, pregnancy, current or former smoker status, and other chronic disease.
The CDC found that, of people requiring admission to an intensive care unit, 78 percent had at least one underlying health condition. Of people hospitalized but not requiring ICU admission, 71 percent had at least one such condition, compared with just 27 percent of people who didnt need to be hospitalized.
Sign up for our Coronavirus Updates newsletter to track the outbreak. All stories linked in the newsletter are free to access.
Among all the cases analyzed, 10.9 percent of patients had diabetes mellitus, 9.2 had chronic lung disease and 9 percent had cardiovascular disease numbers that roughly parallel the prevalence of these conditions in the United States. The report did not reach any conclusion about whether the severity of an underlying condition correlated to a more severe covid-19 illness.
Of the 7,160 patients whose chronic illness status was known through health records, 184 died, and 173 of them had an underlying condition, the CDC said. None of the deaths were among people under age 19.
Covid-19 is a respiratory disease. The virus typically infects the upper respiratory tract, but it can also venture deeper into the lungs and in some patients results in pneumonia-like symptoms, requiring hospitalization and sometime intubation on a ventilator. People who smoke or have chronic lung conditions are especially vulnerable.
Diabetes and heart disease are similarly worrisome. Someone already suffering from heart problems whether they had previous heart attack or required a stent installed because of plaque buildup in their vascular system may have a heart that cannot take as much strain as the average person, said Amesh Adalja, an infectious disease physician at Johns Hopkins Center for Health Security
When a patient gets infected with something like this coronavirus, the fever causes a spike in the heart rate. Shortness of breath means the patient gets less oxygen. People with limited cardiac capacity can go into arrest.
Diabetes is a metabolic syndrome that involves blood glucose levels and affects how the immune system works, and makes it less effective, Adalja said.
This is why patients with diabetes are at risk for many infections not just coronavirus, Adalja said. They often struggle with infections on their skin and soft tissues, with pneumonia and even more serious conditions.
Those in the high risk group need to be extremely careful.
If they do become infected, the threshold for them seeking medical attention needs to be much lower. They and their clinicians have to keep this in mind, Adalja said. These numbers show us just how crucial that is.
Wilbur Chen, an infectious-disease physician at the University of Maryland, added that while the virus seems to prey on the elderly and sick, it does not mean it does not cause severe illness in younger adults or in children in other words, the risk is not zero among the young. He said, We are now documenting a large number of covid-19 infections across the U.S. and we are now observing more and more of these rare events of severe illness and even deaths among the young."
8,"{'id': 'usa-today', 'name': 'USA Today'}","USA TODAY, Adrianna Rodriguez, USA TODAY",Doctors find more cases of 'COVID toes' in dermatological registry. Here's what they learned.,Doctors have compiled a registry of skin conditions associated with COVID-19 where COVID toes represent nearly half the cases. Here's what they learned.,https://www.usatoday.com/story/news/health/2020/04/27/coronavirus-doctors-learn-more-new-covid-19-symptom-covid-toes/3031743001/,"https://www.gannett-cdn.com/presto/2020/04/27/USAT/1a796be0-df4a-48d4-b06b-9106b84ec0d6-GettyImages-157586048.jpg?crop=2121,1194,x0,y106&width=1600&height=800&fit=bounds",2020-04-27T15:11:12Z,"The CDC released six new possible symptoms of coronavirus, which include muscle pain and headache.
USA TODAY
Doctors are learning more about COVID-19s newest and oddest skin manifestation, dubbed COVID toes, as the Centers for Disease Control and Prevention adds to the growing list of symptoms associated with the coronavirus.
The American Academy of Dermatology has compiled a registry of skin manifestations associated with COVID-19. About half of the more than 300 total cases on the dermatological registry consist of COVID toes.
The registry is made up of entries by physicians and other health care professionals who fill out a 5-7 minutes survey about patients with confirmed or suspected COVID-19 who develop skin manifestations, as well as patients with existing dermatological conditions who develop COVID-19 and patients on dermatological medications who developed COVID-19. Entries can not be made by patients themselves.
Dr. Esther Freeman, director of Massachusetts General Hospital Global Health Dermatology and member of the AAD task force on COVID-19, said COVID toes are pinkish-reddish pernio-like lesions that can turn purple over time.
She said this shouldn't be confused with a different medical condition that occurs in critically sick patients called purpura fulminans. 
When she first started the registry with the academy, she was expecting to see viral rashes often driven by inflammation. 
What was more surprising to me was this overwhelming representation of these COVID toes, she said.
The secret to fighting COVID-19 could be in recovered patients. Here's how antibodies could lead to a treatment for those fighting coronavirus.
USA TODAY
Where can I get a COVID-19 antibody test? And is it reliable? Here's everything you need to know.
Pernio, also called chilblains, are skin sores or bumps that occur on a patients feet when theyre exposed to cold temperatures. The reason why Freeman calls the new symptom pernio-like is because she believes COVID toe lesions arent a result of cold temperatures.
While experts cant confirm why COVID toes appear, they have some educated guesses. One could be inflammation in the toes' tissue, which is similar to pernio. Another hypothesis is inflammation of the blood vessel wall, medically known as vasculitis. And finally, Freeman said it is possible COVID toes could be caused by small blood clots that form inside the blood vessel.
Doctors at the American Academy of Dermatology have discovered trends studying the registry that werent previously known about COVID toes. Freeman says COVID toes have appeared in very few cases of asymptomatic patients. The majority of COVID toe cases have manifested simultaneously or even after more commonly known COVID-19 symptoms.
Freeman said most patients test positive for the COVID test when they develop COVID toes, which allows experts to assume that the symptom may appear later in the infection.
The timing is complex and difficult to pin down, she said.
What we know about coronavirus keeps changing: Here's all the things you may have missed.
Hydroxychloroquine: States build stockpiles of the malaria drug touted by Trump to treat coronavirus
The majority of COVID toe patients in the registry are younger people in their 20s and 30s, Freeman said, and doctors havent seen a lot cases reported from older people. She also said most patients with COVID toes are healthy and have done well in their clinical course.
I think its important not to induce panic if you were to develop these lesions on your toes, she said. Most of our patients seem to be doing well.
Freeman recommends patients speak to their health care provider if they develop these lesions to assess if they are caused by a different medical condition, or any other reason.
But if there isnt, then they should talk about COVID testing or isolate or consider other ways to reduce the spread, she said.
Follow Adrianna Rodriguez on Twitter: @AdriannaUSAT. 
Last SlideNext Slide
Read or Share this story: https://www.usatoday.com/story/news/health/2020/04/27/coronavirus-doctors-learn-more-new-covid-19-symptom-covid-toes/3031743001/"
9,"{'id': 'cnn', 'name': 'CNN'}","Arwa Damon and Gul Tuysuz, CNN","With weekend lockdowns and age-specific restrictions, Turkey takes a different coronavirus approach","Taksim Square's flocks of resident pigeons, normally waddling around with full bellies thanks to cups of grains that children toss at them, swoop unhindered straight at the heads of the few passers-by, mostly policemen and media.",https://www.cnn.com/2020/04/17/europe/turkey-coronavirus-lockdown-response-intl/index.html,https://cdn.cnn.com/cnnnext/dam/assets/200416163240-turkey-coronavirus-super-tease.jpg,2020-04-17T04:31:33Z,"Istanbul (CNN)Taksim Square's flocks of resident pigeons, normally waddling around with full bellies thanks to cups of grains that children toss at them, swoop unhindered straight at the heads of the few passers-by, mostly policemen and media.
It feels more like a scene from Alfred Hitchcock's horror thriller ""The Birds"" than one of Istanbul's most crowded squares, normally teeming with Turks and tourists alike.
Then again, nothing about the impact Covid-19 is having across the globe is normal or familiar.
Last weekend, the Turkish government implemented a 48-hour curfew for 31 provinces, impacting three quarters of Turkey's population.
And while critics of the government have been calling for these types of severe measures to curb the rise of Covid-19, the initial outcome was disastrous. 
The curfew was announced just two hours before it was to go into effect -- causing a buying panic in some areas as people flocked to grocery stores and bakeries with little regard for social distancing measures.
Social media was flooded with coronavirus dark humor: a husband caught in breach of the curfew fleeing the scene leaving his car and wife behind; a man who tries to dodge the penalty fee by saying he doesn't speak Turkish, but the police figure out that he does.
Following the chaos around the curfew, President Recep Tayip Erdogan addressed the nation, arguing that Turkey is strong enough to protect and provide for its citizens, while urging the population to stay at home, and announcing another weekend curfew.
In confronting coronavirus, Turkey is charting its own path -- as it does in so many other ways.
 During the week, the stay-at-home order only applies to those under the age of 20 or over 65. All other citizens are in theory allowed to go out, although many small businesses are closed, restaurants are open for delivery or pick-up only, public places like parks are off limits, and banks have limited hours.
By contrast, construction sites are in full swing, along with factories and other businesses that are unwilling to take an economic hit.
Some experts say partial restrictions like Turkey's can be successful -- as long as those who are vulnerable continue to be protected and those who do venture out follow the appropriate measures.
""It's an alternative strategy,"" said Dr. Muhammad Munir, a virologist at Lancaster University in the United Kingdom, explaining that healthy people going out for routine shopping does not necessarily do any harm.
""Eighty percent of the people infected have recovered. So, if it's healthy people who don't have underlying causes, then that is absolutely helpful. The only benefit of a lockdown is that the spread of the disease will be slow, the pressure on the hospitals will be reduced.""
Dr. Jeremy Rossman, a honorary senior lecturer in Virology at the University of Kent says it's tricky given the numbers of cases that Turkey is reporting daily, and that partial lockdowns are only really effective when done early on and a country still has a low level of cases, or if a country has already peaked and is coming out of a full lockdown.
""At [Turkey's] level, most countries are implementing a full lockdown. A partial lockdown can be good, it can balance keeping some of the economy functioning while still trying to contain the outbreak"" He says. ""It depends on how well the population is adhering to the guidance and how well physical distancing and hand hygiene are being implemented in workplaces. But at the rate Turkey is going right now, there is risk this won't be sufficient.""
Turkey is among the top 10 countries in the world when it comes to confirmed coronavirus cases, and its toll is increasing by more than 4,000 cases per day. And the mortality rate has been much lower here than elsewhere -- which has raised eyebrows.
The Turkish Medical Association (TMA) says Turkey's official coronavirus death statistics do not include cases that strongly indicate Covid-19 but test negative.
""Doctors that belong to our association have reported that even those CT scans and/or clinical findings indicate the disease, if PCR test results are not positive, if the patient dies they are not recorded as Covid-19,"" the TMA said in their report. CT scans are imaging tests, while PCR tests are used to detect the RNA of the virus.
Turkish Health Minister Fahrettin Koca argues that Turkey's mortality rate -- just above 2% -- is due to the country's large healthcare capacity and a treatment protocol that is different than other countries.
Koca says that, unlike other countries, Turkey's approach to fighting Covid-19 centers around contact tracing instead of general testing or testing after clinical presentation.
They have also been delaying intubation by using high frequency oxygen for a longer period of time, which he says has yielded better results.
 And Turkey uses the malaria drug hydroxychloroquine and favipiravir, a Japanese antiviral, much earlier than other countries in the onset of Covid-19, Koca says. 
But Lancaster University's Dr. Munir is one of many medical experts who opposes the use of the malaria drug.
He said the risk of the side effects outweighs any benefit that using hydroxychloroquine may have.
""Treatments have very little impact,"" he explained. ""When it comes to hydroxychloroquine, the patients might have recovered from Covid-19 anyway, but after a year they might see heart problems coming back, that blindness is appearing. This is why there isn't enough evidence to approve these drugs on a mass scale.""
""We are trying to save lives,"" says Dr. Nuri Aydin, the president of Istanbul University-Cerrrahpasa School of Medicine, one of the hospitals leading Turkey's response. ""What we have seen is that the time that the patients spend in the ICU decreases when they take hydroxychloroquine before they reach the stage where they have to enter the ICU.""
Aydin says there isn't enough data to publish their findings yet and that ""time will show us the real results."" And he adds that they are doing something else differently: Rather than having their patients lying face up, they are keeping many in the prone, ie face down, position. This, he says, has yielded positive results as well. And Turkey has started using plasma from patients that already contracted the disease on those that are still fighting it. 
The government says its ICUs still have plenty of capacity and there is no shortage of hospital beds. And Turkey, which did not report its first case until mid-March, had time to prepare. Indeed, Turkey's hospital system is so good that the country has become a medical tourism destination.
In response to Covid-19, the country quickly developed programs to manufacture and distribute personal protective equipment (PPE) not just within Turkey itself, but overseas as well -- sending cargo loads to more than 30 countries, including the UK, Spain, and Italy. 
The gesture of solidarity and goodwill is also perhaps aimed at rebuilding Turkey's frayed ties with its NATO allies.
Ministry of Education vocational schools in Istanbul and elsewhere have been turned into workshops churning out face masks, body suits, and surgical gowns intended for in-country use.
Others produce face shields and gallons and gallons of disinfectants, hand sanitizers, and other essential cleaning products. Masks are obligatory in public places like markets, but are not sold anywhere anymore. 
That was banned because the government is distributing them free at pharmacies, or for those who can't go out, straight to their homes.
Turkey is easing the burden of the epidemic on those under stay at home orders by sending volunteers and police door to door to make sure vulnerable people have the services they need.
Call centers called ""Acik Kapi"" -- Open Door -- area located in every district where those elderly citizens under stay-at-home orders can call in requesting anything from a grocery delivery, pharmacy purchase or their monthly retirement cash.
Eyup is one of Istanbul's populous historic districts, where the phone rings nonstop.
Serdar Karakus, a school headmaster's assistant, and Ugur Uyan, a neighborhood mosque imam, have been authorized to withdraw people's retirement funds and deliver them to citizens who request their service. 
They are both volunteers who say they do this as their duty to their country and their people.
""My parents are elderly. I live in Istanbul. They live in Manatya. They are receiving this service where they are because I am not there to help them,"" Karakus said. ""But someone there is. So to do this for the elderly here, it's like I am doing it for my own parents.""
A few hours later we join a group of policemen who are doing the rounds handing out face masks and Kolonya, a traditional Turkish version of hand sanitizer made up of 80 percent alcohol, usually scented with lemon fragrance.
Sadet Seker, in her 70s, lives alone. Her husband passed away years ago. She speaks to her children regularly on the phone. 
But the last time she hugged them -- the last time she had physical contact with them -- was two or three months ago. She's not sure. We ask if they are in Istanbul.
""Yes, they are in Istanbul,"" she replies and then starts to shake, her eyes filling with tears.
They are so close, and yet they might as well be so far away. How soon she can actually see them will depend on whether or not Turkey's Covid-19 strategy is a successful gamble."
10,"{'id': 'time', 'name': 'Time'}",Amy Gunia,Tom Hanks and Rita Wilson Test Positive for COVID-19,The actor said he and Wilson got tested for the coronavirus after experiencing tiredness and body aches.,https://time.com/5801534/tom-hanks-rita-wilson-coronavirus/,https://api.time.com/wp-content/uploads/2020/03/tom-hanks-coronavirus.jpg?quality=85&w=1024&h=628&crop=1,2020-03-12T02:00:12Z,"Tom Hanks and his wife, Rita Wilson, have both tested positive for the coronavirus, the actor said in a statement Wednesday.
Hanks said on Twitter that he and Wilson were in Australia “felt a bit tired, like we had colds, and some body aches.” He added that Wilson had chills.
“To play things right, as is needed in the world right now, we were tested for the coronavirus, and we were found to be positive,” he said.
The 63-year-old actor said that they will be “tested, observed and isolated for as long as public health and safety requires.”
Wilson, who is also 63, has experienced health issues in the past. In 2015, actress and singer was diagnosed with breast cancer and underwent a double mastectomy.
More than 125,000 people in over 100 countries have been infected by the coronavirus, officially dubbed COVID-19. In a Wednesday evening address to the nation, President Donald Trump announced a temporary suspension of all travel between the U.S. and Europe, except for the United Kingdom, in a bid to stop the spread of the virus.
Write to Amy Gunia at amy.gunia@time.com."
11,"{'id': 'time', 'name': 'Time'}",Time,Public Tours of U.S. Capitol Suspended Due to COVID-19,"Public tours of the U.S. Capitol will be suspended because of the coronavirus pandemic, a person familiar with the plans said Wednesday.",https://time.com/5801493/tours-capitol-suspended-coronavirus/,https://api.time.com/wp-content/uploads/2019/10/alexander_vindman_trump_ukraine_testimony.jpg?quality=85&w=1024&h=628&crop=1,2020-03-11T23:10:53Z,"Public tours of the U.S. Capitol will be suspended because of the coronavirus pandemic, a person familiar with the plans said Wednesday.
The House and Senate sergeants-at-arms are preparing to make the announcement, the person said.
Separately, the leaders of the House and Senate have said they have no plans to alter their congressional schedules. Both chambers are scheduled to work Thursday, then leave for a week-long recess.
“We are the captains of the ship. We are the last to leave,” House Speaker Nancy Pelosi told lawmakers Tuesday, according to a person in the room
Contact us at editors@time.com."
12,"{'id': 'time', 'name': 'Time'}",Danica Kirka / AP,Another U.K. Cabinet Member Has Developed COVID-19 Symptoms,"Another member of British Prime Minister Boris Johnson’s Cabinet has symptoms of COVID-19, as the nation surpassed 1,000 coronavirus deaths.",https://time.com/5812001/uk-cabinet-alister-jack-coronavirus-symptoms/,https://api.time.com/wp-content/uploads/2020/03/uk-cabinet-alister-jack-coronavirus-symptoms.jpg?quality=85&crop=0px%2C0px%2C5363px%2C2807px&resize=1200%2C628&strip,2020-03-28T18:22:59Z,"(LONDON) — Another member of British Prime Minister Boris Johnson’s Cabinet has developed symptoms of COVID-19, as the number of people with the coronovrius to die in the U.K. passed the 1,000 mark Saturday.
Scottish Secretary Alister Jack said he had symptoms of the disease and was self-isolating a day after the prime minister and Britain’s health secretary revealed they tested positive for the virus and were experiencing mild symptoms.
Johnson. 55. is the highest-profile political leader to have contracted the virus. Jack sat beside him in the House of Commons on Wednesday before Parliament shut down until at least April 21 to reduce the risk of infections.
Business Secretrary Alok Sharma said Johnson continues to show only “mild symptoms” of coronavirus.
“He continues to lead the government’s effort in combating Covid-19,” Sharma told reporters, “This morning he held a video conference call and he will continue to lead right from the front on this.
“What this has reminded us is that no one is immune and that is precisely why we ask people to follow the Government advice in terms of staying at home where they are able to do that,” Sharma said.
Keep up to date on the growing threat to global health by signing up for our daily coronavirus newsletter.
Johnson has been accused of failing to follow the British government’s distancing measures after he, Health Secretary Matt Hancock, 41, and the chief medical officer of England began self-isolating with symptoms Friday.
The medical officer, Dr. Chris Whitty, has been advising the prime minister during the virus pandemic and not said if he was tested.
The editor of the respected British medical journal The Lancet published a scathing editorial Saturday that criticized the government for doing too little, too late to protect public health and leaving the U.K.’s public health system “wholly unprepared for this pandemic.”
Lancet editor Richard Horton wrote that despite numerous warnings, Britain’s strategy for containing the virus failed, “in part, because ministers didn’t follow WHO’s advice to ‘test, test, test’ every suspected case. They didn’t isolate and quarantine. They didn’t contact trace.
“These basic principles of public health and infectious disease control were ignored, for reasons that remain opaque.” Horton said.
Keith Willett, the National Health Service’s strategic incident director for COVID-19, disputed the editorial’s conclusions.
He said the NHS freed up 33,000 beds for virus patients – a third of all hospital capacity -and enabled 18,000 nurses and doctors to return to practice. Three new makeshift hospitals are being built.
“In respect of our NHS responsibilities and response, the facts clearly speak for themselves,” Willett said.
NHS employees have begun getting tested for the virus, a move seen as helping get self-isolating staff members back on the job.
The issue of health workers going into self-isolation has proved to be a big problem for the NHS because workers are sometimes in that position because they have an ill family member, not because they themselves are infected.
Meanwhile, authorities released photos of the inside of the ExCel center, an exhibition space which is being converted into a makeshift hospital. It will have two wards, and ultimately have a capacity of 4,000.
Initially, however, it will house some 500 beds with ventilators and oxygen.
The U.K. had 17,300 confirmed virus cases as of Saturday, according to a Johns Hopkins University tally. British officials reported that the number of deaths increased by 260 from a day earlier, bringing the country’s total for virus-related deaths to 1,019.
The new coronavirus causes mild or moderate symptoms for most people, but for some, especially older adults and people with existing health problems, it can cause more severe illness or death.
Please send tips, leads, and stories from the frontlines to virus@time.com.
Contact us at editors@time.com."
13,"{'id': 'time', 'name': 'Time'}",Time,Singapore Sees Huge Surge in New COVID-19 Cases,"Singapore reported 942 new coronavirus cases on Saturday, a single-day high for the tiny city-state.",https://time.com/5823727/singapore-huge-surge-coronavirus/,https://api.time.com/wp-content/uploads/2020/04/AP20109388845983.jpg?quality=85&w=1200&h=628&crop=1,2020-04-18T13:46:20Z,"BANGKOK — Singapore reported 942 new coronavirus cases on Saturday, a single-day high for the tiny city-state that pushed its total number of infections to 5,992, including 11 deaths.
The number of cases in Singapore has more than doubled over the past week amid an explosion of infections among foreign workers staying in crowded dormitories. This group now makes up around 60% of Singapore’s cases.
Prime Minister Lee Hsien Loong said Saturday that it will take time to break the chain of transmission in the dorms. He wrote on Facebook that the vast majority of cases among migrant workers were mild, as the workers are young. Although cases in the dorms are expected to continue to rise amid ongoing virus testing, Lee said the government is building up its health care and isolation facilities to handle the load.
More than 200,000 migrant workers from Bangladesh, India and other Asian countries live in dormitories in Singapore that house up to 20 people per room with shared facilities. Tens of thousands of workers have been quarantined in their dorms, while some have been moved to safer places to reduce crowding.
Lee said there were early signs that Singapore’s partial lockdown until May 4 is helping to bring the number of new cases down. But he said the government is worried about hidden cases circulating in the population and urged citizens to do their part.
Contact us at editors@time.com."
14,"{'id': 'time', 'name': 'Time'}",AMIR VAHDAT / AP,"Iran Defends Its COVID-19 Response, Citing Economic Concerns",Iran's president on Sunday lashed out at criticism of the country's lagging response to the worst coronavirus outbreak in the Middle East.,https://time.com/5812126/iran-defends-covid-19-response/,https://api.time.com/wp-content/uploads/2020/03/AP20086759510177.jpg?quality=85&w=1200&h=628&crop=1,2020-03-29T14:22:42Z,"TEHRAN, Iran — Iran’s president on Sunday lashed out at criticism of the country’s lagging response to the worst coronavirus outbreak in the Middle East, saying the government has to weigh economic concerns as it takes measures to contain the pandemic.
Hassan Rouhani said authorities had to consider the effect of mass quarantine efforts on Iran’s beleaguered economy, which is under heavy U.S. sanctions. It’s a dilemma playing out across the globe, as leaders struggle to strike a balance between restricting human contact and keeping their economies from crashing.
“Health is a principle for us, but the production and security of society is also a principle for us,” Rouhani said at a Cabinet meeting. “We must put these principles together to reach a final decision.”
“This is not the time to gather followers,” he added. “This is not a time for political war.”
Even before the pandemic, Rouhani was under fire for the unraveling of the 2015 nuclear deal he concluded with the United States and other world powers. President Donald Trump withdrew the U.S. from the agreement and has imposed crippling sanctions on Iran that prevent it from selling oil on international markets. Iran has rejected U.S. offers of humanitarian aid.
State TV on Sunday reported another 123 deaths, pushing Iran’s overall toll to 2,640 amid 38,309 confirmed cases.
Most people suffer only minor symptoms, such as fever and coughing, and recover within a few weeks. But the virus can cause severe illness and death, especially in elderly patients or those with underlying health problems. It is highly contagious, and can be spread by those showing no symptoms.
In recent days, Iran has ordered the closure of nonessential businesses and banned travel between cities. But those measures came long after other countries in the region imposed more sweeping lockdowns. Many Iranians are still flouting orders to stay home in what could reflect widespread distrust of authorities.
Iran has urged the international community to lift sanctions and is seeking a $5 billion loan from the International Monetary Fund.
Elsewhere in the region, Qatar reported its first death from the new coronavirus late Saturday, saying the total number of reported cases there was at least 590.
The tiny, energy-rich nation said it flew 31 Bahrainis stranded in Iran into Doha on a state-run Qatar Airways flight. But since Bahrain is one of four Arab countries that have been boycotting Qatar in a political dispute since 2017, Doha said it could not fly the 31 onward to the island kingdom.
“Bahraini officials have said they will send a flight for them at some undefined point in the future,” the Qatari government said in a statement.
Bahrain said it planned a flight Sunday to pick up the stranded passengers. The kingdom said it had its own repatriation flights scheduled for those still stuck in Iran and warned Qatar that it “should stop interfering with these flights.”
In Egypt, at least 1,200 Sudanese are stranded at the border after Sudan closed all its crossings, according to Egyptian officials at one of the crossings. They spoke on condition of anonymity because they were not authorized to brief media.
Sudan, which is still reeling from the uprising that toppled President Omar al-Bashir last year, has five confirmed cases, including one fatality. It’s one of several countries in the region where the health care system has been degraded by years of war and sanctions. Authorities closed the borders to prevent any further spread.
Sudan’s Information Minister Faisal Saleh said Sudanese authorities are looking for lodging in Egypt for the stranded passengers. He said authorities have quarantined at least 160 undocumented migrants who were sent into Sudan from war-torn Libya earlier this month.
Residents in Egypt’s southern city of Luxor say they are providing shelter to the stranded Sudanese.
“We have provided food and medicine to the Sudanese brothers,” said Mahmoud Abdel-Rahim, a local farmer. “People hosted women, children and elders in their homes.”
Egypt, which has reported 576 cases and 36 fatalities, imposed restrictions on cash deposits and withdrawals to prevent crowding at banks as payrolls and pensions are disbursed. Authorities began imposing a nighttime curfew last week.
___
Associated Press writers Jon Gambrell in Dubai, United Arab Emirates, Samy Magdy in Cairo and Joseph Krauss in Jerusalem contributed.
Contact us at editors@time.com."
15,"{'id': 'time', 'name': 'Time'}",Time,Hundreds at Louisiana Church Flout COVID-19 Gatherings Ban,Hundreds of people flouted Louisiana's COVID-19 ban on gatherings at the first of three Sunday services at their church.,https://time.com/5812298/louisiana-church-covid-19/,https://api.time.com/wp-content/uploads/2018/05/ambulance.jpeg?quality=85&w=1200&h=628&crop=1,2020-03-29T20:48:03Z,"CENTRAL, La. — Hundreds of people flouted Louisiana’s COVID-19 ban on gatherings, coming on buses and in personal vehicles to the first of three Sunday services at their church a day after New Orleans police broke up a funeral gathering of about 100 people.
An estimated 500 people of all ages filed inside the mustard-yellow and beige Life Tabernacle church in Central, a city of nearly 29,000 outside Baton Rouge.
More than 3,500 Louisiana residents have been diagnosed with the disease caused by a new coronavirus, and more than 150 of them have died, according to state figures released Sunday. Deaths include that of the first federal prison inmate — a man with “serious preexisting conditions” who was being held in Oakdale, Lousiana, the U.S. Bureau of Prisons said Saturday.
Assistant ministers and worshippers outside the front doors and in the parking lot at Life Tabernacle told media to leave, saying cameras would not be allowed on the property and worshippers had been told not to talk to reporters. They went inside without further comment.
Across the street, neighbors gathered in a driveway, carefully staying at least 6 feet (about two meters) apart.
Paul Quinn, a resident of Central who lives near the church, says this is a health hazard.
“Other congregations are using the Internet, Skype, and other safe ways to congregate. Why can’t they? What makes them so special?” said Quinn. “I wish state police would come out and do something. This is above our little local police level. The state needs to get involved. If they get out of church and go to the grocery store, it’s a serious health hazard. They don’t know how many people they’re affecting, and they don’t seem to care. That’s a problem.”
The virus has killed seven of more than 160 people diagnosed with the disease in East Baton Rouge Parish, according to state figures.
In New Orleans, police broke up a “funeral repast” of about 100 people Saturday afternoon, issuing a warrant for a 28-year-old man who refused to shut it down and giving the band leader a summons, a news release said. Several complaints about that event were among more than 300 received in the past week about violations of a ban on gatherings of more than 10 people, Superintendent Shaun Ferguson said in a separate statement.
More than 1,300 of the COVID-19 diagnoses and 73 of the deaths have been in New Orleans, and Gov. John Bel Edwards repeated on Sunday’s national news talk shows what he’s been saying for days: the city’s hospitals are likely to run out of ventilators by April 4 and of hospital bed space by April 10.
New Orleans tourist economy has also been hit hard, with hotels, restaurants, bars, convention centers and other businesses closed, and food banks running low.
Food banks got a boost when the U.S. Department of Agriculture agreed that they could use about 4 million pounds of stockpiled federal emergency supplies. New Orleans leaders had been asking for about a week before USDA granted the waivers Friday night, The Times-Picayune / The New Orleans Advocate reported.
“We told them tens of thousands of people have been laid off in the hospitality industry, and they need food now,” City Councilwoman Helena Moreno said. “Then they kind of got it.”
Contact us at editors@time.com."
16,"{'id': 'time', 'name': 'Time'}",Associated Press,Timberwolves’ Karl-Anthony Towns Says Mother Hospitalized With COVID-19,Minnesota Timberwolves center Karl-Anthony Towns says his mother is hospitalized and in a medically-induced coma after contracting the new coronavirus.,https://time.com/5809600/karl-anthony-towns-mother-coronavirus/,https://api.time.com/wp-content/uploads/2020/03/karl-anthony-towns-mother-coronavirus.jpg?quality=85&w=1024&h=628&crop=1,2020-03-25T13:53:10Z,"(MINNEAPOLIS) — Minnesota Timberwolves center Karl-Anthony Towns says his mother is hospitalized and in a medically-induced coma after contracting the new coronavirus.
Towns talked about the condition of his mother, Jacqueline Cruz, early Wednesday on his Instagram page and urged his followers to take COVID-19 seriously and practice social distancing.
Towns said both his parents went to the hospital recently and were tested for the disease. While his father was released and told to quarantine at home, his mother’s condition deteriorated to the point where she was put on a ventilator and placed in a coma.
“She just wasn’t getting better,” Towns said. “Her fever wasn’t cutting from 103. It’d maybe go down to 101.9 with the meds then immediately spike back up during the night. She was very uncomfortable. Her lungs were getting worse, cough was getting worse. She was deteriorating in front of our eyes.”
Towns said he’s trying to remain positive attitude as his family deals with the situation.
“My mother, she’s the strongest woman I know and I know she’ll beat this,” Towns said. “We’re going to rejoice when she does.”
For most people, the coronavirus causes mild or moderate symptoms, such as fever and cough that clear up in two to three weeks.
Contact us at editors@time.com."
17,"{'id': 'time', 'name': 'Time'}",JOHN SEEWER / AP,U.S. Hospitals Increasingly Worried About Surge in COVID-19 Cases,"Among the biggest concerns is whether there will be enough beds, equipment and staff to handle several large outbreaks",https://time.com/5803605/united-states-hospitals-coronavirus/,https://api.time.com/wp-content/uploads/2020/03/united-states-coronavirus-hospitals.jpg?quality=85&w=1200&h=628&crop=1,2020-03-15T21:52:27Z,"(TOLEDO, Ohio) — Government and hospital leaders are increasingly sounding the alarm about the health care system in the U.S. and its readiness to absorb waves of patients in the worst-case scenario involving the new coronavirus outbreak.
Authorities nationwide already are taking major steps to expand capacity with each passing day, building tents and outfitting unused spaces to house patients. They also are urging people to postpone elective surgeries, dental work and even veterinarian care. New York’s governor called for using military bases or college dorms as makeshift care centers.
Among the biggest concerns is whether there will be enough beds, equipment and staff to handle several large outbreaks simultaneously in multiple cities.
Dr. Anthony Fauci, the National Institutes of Health’s infectious diseases chief, said it’s critical that steps be taken now to prevent the virus from spreading quickly.
“The job is to put a full-court press on not allowing the worst-case scenario to occur,” said Fauci, who appeared Sunday on several network news shows.
While he does not expect massive outbreaks in the U.S. like those in Italy, he said there is the possibility if it reaches that point that an overwhelming influx of patients could lead to a lack of supplies, including ventilators.
“And that’s when you’re going to have to make some very tough decisions,” Fauci said.
In Washington state, which leads the nation in the number of positive COVID-19 cases with more than 600 illnesses and 40 deaths, the increase in people visiting clinics with respiratory symptoms is straining the state’s supply of personal protective gear worn by health care workers.
The federal government has sent the state tens of thousands of respirators, gowns, gloves and other protective gear for health care providers. But those shipments aren’t enough, said Clark Halvorson, Assistant Secretary of Health for Public Health Emergency Preparedness and Response.
The disease has infected over 162,000 people worldwide, and more than 6,000 people have died so far.
Most people who have tested positive for the virus experience only mild or moderate symptoms. Yet there’s a greater danger and longer recovery period for older adults and people with existing health problems.
The nation’s hospitals collectively have about a million beds, with 100,000 for critical care patients, but often those beds for the sickest patients are mostly filled, Scott Gottlieb, a former FDA commissioner, told CBS’ “Face the Nation.”
“If we do have multiple epidemics in multiple large U.S. cities, the system will become overwhelmed,” he said.
New York Gov. Andrew Cuomo has suggested mobilizing the Army Corps of Engineers to turn facilities such as military bases or college dorms into temporary medical centers.
“States cannot build more hospitals, acquire ventilators or modify facilities quickly enough,” Cuomo wrote in an opinion piece published Sunday in The New York Times.
Officials in the Seattle area have been setting up temporary housing — and even bought a motel and leased another — to add space for patients who might be homeless or whose living conditions might not allow for self-isolation, such as students in college dorms. King County also is setting up modular housing and is using the arrivals hall at a county-owned airport as a shelter to reduce overcrowding — and meet social-distancing requirements — in existing homeless shelters.
Hospital executives say they’re always planning for disasters and have been concentrating on coronavirus preparations for the past two months.
“If you go past our emergency department now, you’ll see tents erected in the parking lot that allow us to increase emergency department capacity,” Johnese Spisso, president of UCLA Health, said Sunday on NBC’s “Meet the Press.”
The system’s network of clinics throughout Los Angeles and Southern California have additional capacity and doctor’s are encouraging telemedicine, he said.
Dr. Peter Slavin, the president of Massachusetts General Hospital, said the next two weeks will be critical as the medical community expects a dramatic increase in the number of cases.
Ohio Gov. Mike DeWine recommended on Saturday that elective surgeries be postponed, including dental and veterinary procedures, so that health care workers won’t be stretched thin and surgical masks can be saved for health care workers dealing with the virus.
ProMedica, which operates 13 hospitals in Ohio and Michigan, is ready to call in help from staffing agencies if needed and is looking at ways to provide child care for employees whose children are off school, said Deana Sievert, chief nursing . Doctors also have voluntarily canceled their vacations.
The community “can flatten off the curve of this,” by avoiding large events, staying at home, washing their hands and practicing social distancing to help U.S. hospitals avoid an onslaught of cases, said Dr. Penny Wheeler, CEO of Minneapolis-based Allina Health, which has 12 hospitals and more than 90 clinics in Minnesota and Wisconsin.
Allina also has been canceling conferences, meetings and anything else that does not directly impact patient care.
___
Associated Press writers Martha Bellisle and Gene Johnson in Seattle and Jeff Baenen in Minneapolis contributed to this report.
Contact us at editors@time.com."
18,"{'id': 'time', 'name': 'Time'}",MARTHA MENDOZA AND KIMBERLEE KRUESI / AP,Nurses Suspended for Refusing COVID-19 Care Without N95 Masks,"Hundreds of doctors, nurses and other health care workers across the country say they’ve been asked to work without adequate protection",https://time.com/5822237/nurses-suspended-n95-masks-covid19/,https://api.time.com/wp-content/uploads/2020/04/nurses_suspended_N95s_coronavirus.jpg?quality=85&w=1200&h=628&crop=1,2020-04-16T06:02:10Z,"Nurse Mike Gulick was meticulous about not bringing the novel coronavirus home to his wife and their 2-year-old daughter. He’d stop at a hotel after work just to take a shower. He’d wash his clothes in Lysol disinfectant. They did a tremendous amount of handwashing.
But at Providence Saint John’s Health Center in Santa Monica, California, Gulick and his colleagues worried that caring for infected patients without first being able to don an N95 respirator mask was risky. The N95 mask filters out 95% of all airborne particles, including ones too tiny to be blocked by regular masks. But administrators at his hospital said they weren’t necessary and didn’t provide them, he said.
His wife, also a nurse, not only wore an N95 mask, but covered it with a second air-purifying respirator while she cared for COVID-19 patients at Cedars-Sinai Medical Center across town in Los Angeles.
Then, last week, a nurse on Gulick’s ward tested positive for the coronavirus, which causes the disease COVID-19. The next day doctors doing rounds on their ward asked the nurses why they weren’t wearing N95 masks, Gulick said, and told them they should have better protection.
For Gulick, that was it. He and a handful of nurses told their managers they wouldn’t enter COVID-19 patient rooms without N95 masks. The hospital suspended them, according to the National Nurses Union, which represents them. Ten nurses are now being paid but not allowed to return to work pending an investigation from human resources, the union said.
They are among hundreds of doctors, nurses and other health care workers across the country who say they’ve been asked to work without adequate protection. Some have taken part in protests or lodged formal complaints. Others are buying — or even making — their own supplies.
Guidelines from the Centers for Disease Control and Prevention don’t require N95 masks for COVID-19 caregivers, but many hospitals are opting for the added protection because the infection has proven to be extremely contagious. The CDC said Wednesday at least 9,200 health care workers have been infected.
Saint John’s said in a statement that as of Tuesday it’s providing N95 masks to all nurses caring for COVID-19 patients and those awaiting test results. The statement said the hospital had increased its supply and was disinfecting masks daily.
“It’s no secret there is a national shortage,” said the statement. The hospital would not comment on the suspended nurses.
Angela Gatdula, a Saint John’s nurse who fell ill with COVID-19, said she asked hospital managers why doctors were wearing N95s but nurses weren’t. She says they told her that the CDC said surgical masks were enough to keep her safe.
Then she was hit with a dry cough, severe body aches and joint pain.
“When I got the phone call that I was positive I got really scared,” she said.
She’s now recovering and plans to return to work next week.
“The next nurse that gets this might not be lucky. They might require hospitalization. They might die,” she said.
As COVID-19 cases soared in March, the U.S. was hit with a critical shortage of medical supplies including N95s, which are mostly made in China. In response, the CDC lowered its standard for health care workers’ protective gear, recommending they use bandannas if they run out of the masks.
Some exasperated health care workers have complained to the Occupational Safety and Health Administration.
“I … fear retribution for being a whistleblower and plead to please keep me anonymous,” wrote a Tennessee medical worker, who complained staffers were not allowed to wear their own masks if they weren’t directly treating COVID-19 patients.
In Oregon, a March 26 complaint warned that masks were not being provided to nurses working with suspected COVID-19 patients. Another Oregon complaint alleged nurses “are told that wearing a mask will result in disciplinary action.”
One New Jersey nurse who asked not to be named out of fear of retribution, said she was looking for a new job after complaining to OSHA.
“Do I regret filing the complaint? No, at least not yet,” she said. “I know it was the right thing to do.”
Some are taking to the streets.
On Wednesday, nurse unions in New York, Massachusetts, Michigan, Illinois, California, and Pennsylvania scheduled actions at their hospitals and posted on social media using hashtag “PPEoverProfit.”
Nurses at Kaiser Permanente’s Fresno Medical Center in central California demanded more protective supplies at a protest during their shift change Tuesday. The hospital, like many in the U.S., requires nurses to use one N95 mask per day, which has raised concerns about bringing the infection from one patient to the next.
Ten nurses from the facility have tested positive with COVID-19, Kaiser said. Three have been admitted to the hospital and one is in critical care, protest organizers said.
Wade Nogy, a Kaiser senior vice president, denied union claims that nurses have been unnecessarily exposed.
“Kaiser Permanente has years of experience managing highly infectious diseases, and we are safely treating patients who have been infected with this virus, while protecting other patients, members and employees,” Nogy said.
Amy Arlund, a critical care nurse at the facility, said that before the pandemic, following infection control protocols they’re currently using would have been grounds for disciplinary action.
“And now it’s like they’ve thrown all those standards out the window as if they never existed,” Arlund said. “It’s beyond me.”
Contact us at editors@time.com."
19,"{'id': 'business-insider', 'name': 'Business Insider'}","feedback@businessinsider.com (Isaac Scher), Isaac Scher",The US is severely under-testing for coronavirus as death toll and new cases rise,"Tom Brenner/Reuters The United States is severely under-testing for COVID-19, also known as the novel coronavirus. In places like South Korea and the United Kingdom, thousands have been tested. According to the Center for Disease Control and Prevention, some …",https://www.businessinsider.com/the-us-is-not-testing-enough-people-for-covid-19-2020-3,https://i.insider.com/5e62f1c2fee23d37960c5c12?width=1200&format=jpeg,2020-03-09T15:56:03Z,"""Anybody that wants a test gets a test,"" President Donald Trump said last week, attempting to dispel concerns about the United States' capacity to confront the COVID-19 outbreak, which has killed 22 Americans and infected at least 566, according to data from Johns Hopkins University. 
On Saturday, the Center for Disease Control and Prevention said it had tested 1,583 people since the first US cases emerged in January. But the CDC is not publicizing real-time information on how many Americans have been tested at state and local levels. According to an exclusive report from The Atlantic on Friday, a total of 1,895 people in the US have been tested for the novel coronavirus. 
Just as Trump's reassurance falls flat, so does America's public-health response to COVID-19, especially compared to public-health responses around the globe. 
Other countries far outpace the US in responding to COVID-19
In South Korea, for instance, more than 140,000 people have been tested for the disease, and 7,382 are infected. 
In the United Kingdom, some 23,513 people have been tested, The Telegraph reported Sunday, and 319 cases have been confirmed.  
While many health agencies have not released the total number of COVID-19 tests conducted, the sheer number of confirmed infections in a given country is telling: It is a good barometer for the extent to which public-health officials have actively addressed the health crisis.
In China, where the novel coronavirus first broke out, there are more than 80,000 confirmed cases. Over a three-week period, the country tested 320,000 people in Guangdong province alone.
As of March 2, Italy had conducted 23,435 tests, according to a Worldometer database. There are currently  7,375 confirmed cases in an outbreak that has compelled a lockdown of 16 million people in Italy's northern region, the BBC reported. 
In the US, 'testing capacity is not currently adequate'
In the United States, experts are urgently calling for increased public-health infrastructure to deal with the national COVID-19 outbreak. Currently, the country is not prepared to meet the scale of the problem. 
""Testing capacity is not currently adequate, and we need more,"" Dr. Lisa Maragakis, an epidemiologist and the senior director of infection prevention at Johns Hopkins Health System, told Congress on Friday. 
""We need this as soon as we can have it,"" Maragakis added. 
Her testimony came just days after Vice President Mike Pence announced that the US would significantly increase its testing capacities.
""We have more than 2,500 kits that are being distributed around the country this week that will make more than 1.5 million tests available at hospitals that have requested them,"" Pence said. For each person tested, a  double-swab is needed, which means the 1.5 million test kits could be used to test up to 750,000 people."
