,source,author,title,description,url,urlToImage,publishedAt,content
0,"{'id': 'cnn', 'name': 'CNN'}",Opinion by Jennifer Prah Ruger,Opinion: How prepping for pandemics can lead to big economic returns,"Saving lives and safeguarding our economy are twin goals that are complementary, not contradictory, and the dichotomy some are presenting is a false one. Pandemic preparedness can have high economic returns, writes Jennifer Prah Ruger.",https://www.cnn.com/2020/04/11/opinions/prevent-pandemic-economically-opinion-ruger/index.html,https://cdn.cnn.com/cnnnext/dam/assets/200410142735-01-coronavirus-testing-0327-restricted-super-tease.jpg,2020-04-11T13:13:33Z,"Jennifer Prah Ruger is Amartya Sen Professor of Health Equity, Economics and Policy and Founder and Director of the Health Equity and Policy Lab (HEPL) at the University of Pennsylvania. She is the author of Global Health Justice and Governance from Oxford University Press and served previously both as Health Economist and Speechwriter to the President at the World Bank. The opinions expressed in this commentary are those of the author. View more opinion articles on CNN.
 (CNN)President Donald Trump appears to have wavered on last month's goal to have the US ""opened up and just raring to go by Easter"" as well as his warning on Twitter back then that ""WE CANNOT LET THE CURE BE WORSE THAN THE PROBLEM ITSELF."" 
Larry Kudlow, the President's top economic advisor concurred, adding ""the President is right. The cure can't be worse than the disease. And we're going to have to make some difficult trade-offs."" He counseled that ""[t]he economic cost to individuals is just too great.""
I agree that the economic costs of the Covid-19 pandemic are massive and growing. But the social and human costs are even higher and unequally distributed, hitting the vulnerable the most.
Whereas Covid-19 was a natural threat, the ensuing global pandemic and disruptions to the economy and our social way of life is a human-made calamity. We had a duty to prevent Covid-19 as economically as possible and we failed to fulfil it. 
There is no paradox here. In 1948, Albert Camus wrote in ""The Plague"" that ""everybody knows that pestilences have a way of recurring in the world; yet somehow we find it hard to believe in ones that crash down on our heads from a blue sky."" Pandemics are not preordained and the risks have always been sizable. A 2013 World Bank paper cited estimates that a single severe flu pandemic could cost $3 trillion or 4.8% of global GDP. The same paper cited estimates that if all countries developed and implemented systems for early effective contagion control that met specified international standards, annual spending would be moderate, costing ""ten times less than the expected annual cost of inaction."" 
Let's face it, pandemic risk reduction was not a priority for the United States, or many other countries either, with an uneven focus on present-day patients rather than the prospectively sick. Pandemic risk reduction is a global public good, benefiting all countries. Reducing pandemic risk is a public service -- a duty -- which only governments, through the management and coordination of multifaceted sectors and local, national and global levels, can deliver. 
National governments should anticipate and prepare for pandemic risks well in advance. The US and other countries have a duty of early detection, accurate diagnosis, and effective prevention and control of disease outbreak, both humanely and efficiently. Saving lives and safeguarding our economy are twin goals that are complementary, not contradictory, and the dichotomy some are presenting is a false one. Pandemic preparedness can have high economic returns.
I previously worked at the World Bank. I served as a health economist and then speechwriter to the World Bank president and led communications in the office of the president. Working at a development institution with a whole-of-society purview, it became clear that health risks are integrally linked to other types of risk, including our ability to work, to be educated and to engage socially with our friends and family. 
Systematic economic shocks constitute shifts in demand and supply as well as social and economic disruption. Indeed, the Covid-19 pandemic is cascading across virtually every aspect of our lives; we have every possible reason to act humanely and efficiently. 
Whole-of-society pandemic preparedness is a relatively low-cost set of activities that mitigates the high-cost impacts on human health, society and, yes, the economy. 
What does cost-effective systemic resilience to pandemic impact look like? It's multi-faceted and complex, of course, but select components of a rational and logical approach to health and the economy include the following:
First, we need scientifically-grounded risk assessments and response plans that are rigorously designed and tested. Governments should run intermittent simulations, honing and updating response plans accordingly. 
Second, rational, truthful and transparent public communication in non-urgent as well as urgent times improves preparedness. That way, the public is primed to act based on motivation and factual information rather than fear and anxiety. Taiwan and Singapore's public messaging following the SARS pandemic as well as during the rapid onset of Covid-19 are good examples of effective communication. 
Third, governments should coordinate a centralized response, integrating national security and risk management systems, and set out clear, pre-defined roles among various departments and agencies. For example, Singapore had an inter-agency task force for years, which paved the way for a coordinated national testing, contact tracing, isolation, quarantine and communication strategy during the coronavirus pandemic. 
The US was challenged in all of these necessary activities, leading to a scenario closer to bad than good -- namely the rapid growth of cases. International coordination is also key, with allies, neighbors and, particularly, trading partners. For example, Taiwan visited China for a fact-finding mission, aiding its response. 
Fourth, accountable and unified leadership at the highest levels -- not just during crises, but between them -- renders a country more prepared, resilient and ready to act swiftly and decisively. 
Last, but certainly not least, underpinning all of these efforts is a strong One Health system, a local, national and global multi-sectoral collaboration focused on obtaining optimal health for people, animals and the environment. This system reinforces the bridge between veterinary and human health systems, for early, effective contagion control.
Both whole-of-society preparedness and One Health planning are relatively low-cost, high-return approaches to pandemic risk management. Developing and implementing a timely and effective pandemic preparedness system for all countries could cost an estimated $3.4 billion annually, while the expected annual benefit is an estimated $37 billion, according to the World Bank. 
Systematic prevention efforts will both reduce the risks of pandemics and produce considerable economic and health benefits.
Indeed, with pandemics, as with many areas of health, prevention is less costly than cure. With an estimated annual expected rate of return of roughly 50-123%, and benefit-cost ratio of roughly 11:1 for severe pandemic prevention, according to the World Bank, fulfilling our duty to prevent Covid-19 as economically as possible -- had we done it -- might just have been one of the most straightforward decisions of the 21st century."
1,"{'id': 'cnn', 'name': 'CNN'}",,In pictures: Life after lockdown,"Around the world, some governments are beginning to slowly relax their social distancing restrictions.",https://www.cnn.com/2020/04/24/world/gallery/coronavirus-after-lockdown/index.html,https://cdn.cnn.com/cnnnext/dam/assets/200424131159-12-coronavirus-businesses-reopening-super-tease.jpg,2020-04-24T20:55:30Z,"Barber Tommy Thomas gives longtime customer Fred Bentley a haircut in Atlanta on April 24. Despite criticism, Georgia Gov. Brian Kemp allowed barbershops and other nonessential businesses to reopen.
Around the world, some governments are beginning to slowly relax their social distancing restrictions.
Most countries have taken measures to protect against the spread of Covid-19 enforcing stay-at-home orders, closing nonessential businesses, and advising people to wear protective gear and keep a safe distance from each other.
Many of those guidelines still apply. But beaches are beginning to reopen. Some students are returning to classrooms. Stores are opening their doors for the first time in several weeks.
It remains to be seen whether these relaxations might lead to an increase in cases. But life is far from returning to normal."
2,"{'id': 'cnn', 'name': 'CNN'}","Cherri Mossburg, CNN",Coronavirus is the leading cause of death in Los Angeles County,"Claiming an average of 44 lives each day, coronavirus has now become the leading cause of death in Los Angeles County, Health Director Barbara Ferrer said.",https://www.cnn.com/2020/04/24/us/los-angeles-county-leading-cause-of-death/index.html,https://cdn.cnn.com/cnnnext/dam/assets/200424031814-los-angeles-county-leading-cause-of-death-super-tease.jpg,2020-04-24T08:22:25Z,"(CNN)Claiming an average of 44 lives each day, coronavirus has now become the leading cause of death in Los Angeles County, Health Director Barbara Ferrer said. 
""More people are dying each day from Covid-19 than from other diseases that we track and get information on,"" Ferrer said.
There were 68 new deaths reported in Los Angeles today, bringing the county's total to 797 -- more than half of all of those confirmed across the state. 
At least 1,533 have died in California from the virus. Health officials have said that number may rise as they investigate the deaths of earlier victims who had not been tested for coronavirus. 
California Gov. Gavin Newsom announced this week he had asked coroners all across the state to look into other possible virus-related fatalities."
3,"{'id': 'business-insider', 'name': 'Business Insider'}","feedback@businessinsider.com (Rosie Perper), Rosie Perper",The number of coronavirus cases globally just topped 2 million,"Hector Retamal/AFP/Getty Images The number of coronavirus cases globally spiked to two million on Monday evening. The number of coronavirus deaths stands at 119,483. Visit Business Insider's homepage for more stories. The number of coronavirus cases globally …",https://www.businessinsider.com/global-coronavirus-cases-spike-to-two-million-over-119000-dead-2020-4,https://i.insider.com/5e94fda5b3b0922e300b8b43?width=1200&format=jpeg,2020-04-14T00:23:37Z,"The number of coronavirus cases globally spiked to two million on Monday evening. 
According to Johns Hopkins University, which has been keeping a tally of the number of coronavirus cases around the world, the number of confirmed cases jumped to 2,019,320 as of 8 p.m. ET.
The number of coronavirus deaths stands at 119,483. 
The US is the country with the largest number of coronavirus cases by far, with over 680,000 cases as of Monday. It has recorded 23,529 deaths, with a majority of deaths taking place in New York state. 
This is a developing story. 
Loading
Something is loading."
4,"{'id': 'business-insider', 'name': 'Business Insider'}","atang@businessinsider.com (Abby Tang), Abby Tang",What could be the fastest way to end the coronavirus crisis?,"A COVID-19 vaccine could be produced in record time, but that still won't be fast enough to to solve our current pandemic. What could: treatments. Developers all over the world are working on repurposing old drugs and creating new ones to treat COVID-19, and …",https://www.businessinsider.com/what-could-be-fastest-way-end-coronavirus-crisis-2020-4,https://www.businessinsider.com/public/assets/BI/US/og-image-logo-social.png,2020-04-09T15:52:00Z,"Following is a transcript for the video: 
Narrator: A COVID-19 vaccine will take at least a year to get approved, which may sound like a long time, but it would actually be record-breaking. New vaccines usually take between 10 and 15 years to get to market, but a year still won't be fast enough to hold off any upcoming outbreaks. What potentially will are treatments. A treatment helps people who are already sick, while a vaccine prevents a disease in healthy people. And that's the main reason a vaccine is going to take so long. As of March 26, there were over 120 different developers pursuing three different approaches to curing COVID-19: repurposed drugs, new antibody treatments, and vaccines.
Maria Elena Bottazzi: Vaccines, unfortunately, since we know it's given to healthy people, you really have to be very careful what you give because, one, you want to make sure it's super safe, that you're not going to cause something bad by just giving the vaccine. More importantly is that when you then get the infection, that the vaccine is good to tackle the infection, but it's not going to make the reaction so severe.
Narrator: Vaccines are designed to trigger an immune response without actually causing an infection. By taking a weakened, inactive, or partial virus and introducing it to your system, it can start producing the right antibodies to fight it. Antibodies are created naturally by your body, but it takes time - weeks, sometimes months - to produce one just the right shape to fit, and therefore fight, a virus your body hasn't seen before. For some people facing the COVID-19 pandemic, that's too long to wait. The infection can spread rapidly in the lungs, causing lasting damage or even kill a person before the body produces enough antibodies. A vaccine allows your body to go through this process without the risk and sets it up with memory cells that will recognize the pathogen if it ever comes back, getting rid of it before you even know it's there. But vaccines have extra-long clinical trial phases because it can take weeks or months for a participant to develop immunity. Researchers then have to wait several more months to see if they get sick, since it would be unethical to expose them to the virus intentionally. And because vaccines are meant to prevent, it's more difficult to get one approved for compassionate use.
Bottazzi: Like when you're already so sick that you are gonna die, you'll try anything and everything, right? And so the FDA gives you permission to sometimes try nontraditional drugs because, you know, you're already pretty much, you know, almost dead, right?
Narrator: Dr. Maria Elena Bottazzi leads a team at Baylor College of Medicine that's working on a COVID-19 vaccine. Two, in fact. They're using old research, a vaccine candidate from SARS-1 that they developed a decade ago. It's been frozen and constantly monitored ever since interest and funding ran out. The virus that causes SARS and the virus that causes COVID-19 share about 70% to 80% of their genetic makeup, making this vaccine a good jumping-off point. As it stands, the original vaccine could offer limited protection against COVID-19, but it could also accelerate the development of a more effective vaccine.
Bottazzi: It's a rapid switch strategy, where you start doing some studies with the current SARS. You build evidence of safety by bringing that molecule to the clinic fast. You may then stop there and not pursue it, meaning not pursue it for licensure, but by then we will have the other one, and you can rapidly bridge it in and switch it in. And then you continue the studies with the other one that is more specific.
Narrator: But even with this head start, their vaccine still won't be widely available for at least 12 months. After it's developed, the vaccine will move into safety and toxicity testing, followed by a clinical trial, then FDA approval. And this is the case for all 40-plus vaccines currently in development. It's unlikely any of them will be finished and approved in time to affect this pandemic, but they could stop future outbreaks. Even the leading front-runner for a vaccine, a candidate developed by Moderna that's already in human trials after unconventionally bypassing animal testing, is still looking at one year or longer for commercial release. It would be a rare example of a vaccine being approved for compassionate use, but it is worth noting that the company is looking into emergency use of the experimental vaccine, specifically for aid workers, by fall of this year. Besides taking too long, vaccines don't work as well in people who are elderly or immunocompromised, two groups that are at high risk of dying from COVID-19. Antibody treatments get around that. These treatments follow a similar path to vaccines to widespread use, but instead of setting your body up to make antibodies itself, this treatment injects premade antibodies into your system.
Sarah Ives: They can be administered to people who are infected, and they'll start clearing the virus, and they'll clear the infection within a matter of hours. They will actually help people recover faster as well as reduce the mortality rate.
Narrator: They can be used preventatively, but they don't last as long as vaccines do, so they're primarily used as treatments. But in this outbreak, medical professionals could benefit from a preventative antibody treatment.
Ives: So, antibodies usually take a while too, but we're doing something that is extremely rapid, and that's because we've already let nature do half of the work for us.
Narrator: Sarah Ives and other scientists at Distributed Bio are working on a monoclonal antibody based on one that is already able to neutralize a SARS infection.
Ives: Because these people have already created these antibodies in their bodies, and we are just taking those resources, because people have already studied them, already published their sequences, and we're cutting out months to years of the drug-development process.
Narrator: Once the team identifies the new antibodies that fit the COVID-19 virus the tightest, it still has to go through the same trials a vaccine does, but a shorter version. The team hopes to have a drug available for widespread use by early fall of this year. And they're just one of more than 20 developers hoping to create a successful antibody treatment. Finally, repurposed drugs could be available as early as April. Those are drugs that the FDA or another regulator has already approved to treat other diseases and that could work for COVID-19. Repurposed drugs don't need to go through as much testing as experimental ones, which makes a great case for compassionate use, and could already exist in large quantities. The World Health Organization has started global trials on the four treatments that look the most promising, three repurposed treatments alongside one experimental drug, but there's no guarantee that any will work. One of these treatments, a drug combo used to treat HIV, already failed in a small Chinese study. But the WHO believes a larger trial with potentially thousands of participants in dozens of countries is warranted. The study is unusual, forgoing the traditional double-blind method, which opens the study up to the possibility of placebo effects. But it also means they can move faster and get answers, and hopefully a cure, as soon as possible. As of March 24, the FDA had approved the use of convalescent plasma as an investigational treatment on a limited basis. It involves taking blood plasma from a person who's recovered from COVID-19, testing it for antibodies, and injecting the plasma or a derivative of it into someone who's sick. It's worked in the past, but not on every disease, so it's not certain if it will be safe or effective for COVID-19, which is why, outside of clinical trials, it's only being approved for use in patients with serious or life-threatening infections. Even if it is proven to work, convalescent plasma isn't scalable. The treatment requires large amounts of donated blood from recovered patients, and each donation can be given to only a handful of sick patients. So there's no way to manufacture or distribute it as widely as needed for a pandemic. These timelines are a best-case scenario, where nothing goes wrong. For both treatments and vaccines, there's the potential they won't be approved by the FDA for safety or efficacy reasons. And even if they do get through the approval stage, there's still the issue of making sure there's enough to go around.
Bottazzi: So, there's three layers of issues, right? So, there's the money issues, that you don't have enough, and, to be quite honest, never enough. Scalability and suitability, right? You know, so, the logistical piece of not only making it, but delivering it and distributing it. And, you know, how often do you make them? Where do you store them? Who's gonna buy them?
Ives: We are going to need significant financial and government support so that we can scale up these antibodies and manufacture them at a high enough capacity to be delivered to hundreds and hundreds of thousands of people.
Narrator: Both treatments and vaccines are valuable and necessary for fighting COVID-19. But the bottom line is that we likely won't see any way to medically treat or prevent this disease for weeks. All of the developers are working on fairly parallel timelines, simultaneously trying to make long-term and short-term solutions available to the global public. And the rest of us can help by staying home.
Ives: Social distancing and self-quarantine are the only measures that we can take right now to mitigate the spread of this virus. But when we have a medicine, it will allow people to go back to work. And even if the virus does start to come back in waves, it will still reduce the burden on the healthcare system as well as our economy."
5,"{'id': 'cnn', 'name': 'CNN'}",Opinion by Frida Ghitis,Opinion: Who will be held accountable for Trump's nonsensical ideas?,"In the midst of the greatest health crisis in living memory, the doctor responsible for HELPING TO find a solution, a vaccine, says he was removed for challenging the nonsensical ideas of President Donald Trump about hydroxychloroquine. Dr. Rick Bright, head …",https://www.cnn.com/2020/04/23/opinions/trump-nonsensical-ideas-rick-bright-covid-ghitis/index.html,https://cdn.cnn.com/cnnnext/dam/assets/200422182811-03-trump-daily-briefing-0422-super-tease.jpg,2020-04-23T17:08:06Z,"Frida Ghitis, a former CNN producer and correspondent, is a world affairs columnist. She is a frequent opinion contributor to CNN, a contributing columnist to the Washington Post and a columnist for World Politics Review. Follow her on Twitter @fridaghitis. The opinions expressed in this commentary are those of the author. Read more opinion on CNN.
 (CNN)In the midst of the greatest health crisis in living memory, the doctor responsible for HELPING TO find a solution, a vaccine, says he was removed for challenging the nonsensical ideas of President Donald Trump about hydroxychloroquine. Dr. Rick Bright, head of the vaccine program, says he lost his job for demanding Trump's ideas be subjected to rigorous testing. Bright was dismissed as the director of the US Department of Health and Human Services' Biomedical Advanced Research and Development Authority and demoted to a role in the National Institutes of Health. 
In response to Bright's claim, Trump said that he ""never heard of him."" ""The guy says he was pushed out of a job, maybe he was, maybe he wasn't. You'd have to hear the other side.""
Who will be held accountable for this and the mounting number of outrages that have prolonged the crisis and led to more deaths?
""What do you have to lose?"" Trump asked Americans during an April 4 news briefing, as he urged anxious viewers to take the malaria drug hydroxychloroquine -- which we now know could lead to more deaths -- for Covid-19. 
The answer, of course, is their lives. What do the people of Georgia have to lose, he may ask again, as he initially cheered on Gov. Brian Kemp, who is disregarding Trump's own guidelines and starting to reopen the state at the height of a pandemic.
In the face of alarm at Kemp's plan and at his support, Trump unexpectedly reversed course on Wednesday evening, announcing that he told the governor that he ""strongly"" disagreed with reopening certain facilities like spas, beauty shops and tattoo parlors. 
With that, he backtracked on one of his errors, perhaps hoping to avoid blame for yet another surge of Covid-19 patients.
Another grievous error would have added to the long series of presidential missteps along this road, mistakes for which neither Trump nor his acolytes and promoters, including Fox News -- which offers a megaphone for every manner of Trump outrage -- never apologize. 
Will the Trump administration be called to account for the extraordinarily serious accusations by Dr. Bright, who, in a statement, said he resisted pressure to pursue Trump's drug panacea and objected to ""rushing blindly towards unproven drugs"" which could be ""disastrous and result in countless more deaths.""
For weeks, Trump and Fox News hosts and guests incessantly repeated unproven claims about hydroxychloroquine. The country's top infectious disease specialist, Dr. Anthony Fauci, tried valiantly to lower expectations. But Trump persisted. ""I really think they should take it,"" he advised, blocking Fauci from commenting. We all wished there were a quick, easy cure, but we also wanted a responsible leader.
""It's just a feeling,"" he explained as he promoted the drug from the Centers for Disease Control and Prevention headquarters. I'm a ""smart guy."" Trump said he had ordered 28 million doses; he wrongly claimed the US Food and Drug Administration approving hydroxychloroquine for Covid-19 treatment. People rushed to buy it, creating shortages for those who needed it to treat diseases like lupus.
Now, a US Veterans Health Administration study found Covid-19 patients who took Trump's ""game changer"" drug were more likely to die than those who didn't. In the study, 27.8% of those who took it died, compared to 11.4% who did not. A study in France was stopped to prevent worse damage. The same happened with a Brazilian study.
The President doesn't talk about the drug anymore. Neither do personalities on Fox News, which banged the drum relentlessly, with its quackery-prone doctors promoting it on multiple shows, exciting the Fox-loving Trump, who reportedly met at the White House with Fox's Laura Ingraham and two of her TV show's regular guests to discuss the promise of hydroxychloroquine, according to the Washington Post. 
The time he and the network wasted promoting the drug could have been used guiding the public on ways to protect themselves, on ways to protect the community, to protect all of us.
Trump and everyone else who magnifies the President's most irresponsible exhortations bears guilt in this disaster.
Back when the pandemic was already spreading and Trump kept saying it was all under control, disparaging calls for urgent action as a ""hoax"" against him by Democrats and the media, his favorite propagandists on Fox kept telling the same lies. Notorious among them was Sean Hannity, though he said earlier this month in an interview that he never called it a ""hoax."" 
Hannity, of course, was echoing Trump downplaying of the virus. Survey after survey found that Republicans from the beginning were less concerned about the virus. 
One hesitates to blame individuals -- politicians or celebrities -- for the killings executed by a virus. But the inescapable fact is that the message from Trump, Hannity and others in right-wing media made it easier for the virus to carry out its deadly mission.
Will anyone be held responsible for the egregious misinformation?
One might think this is an ethical question better left for the future, one we should discuss when the carnage has ended. But that would be a mistake because Trump and his helpers are continuing to splash gasoline on the raging fire.
Before Gov. Kemp announced that by the end of this week people can start getting their nails done and getting a tattoo, perhaps he should have spent a few hours at Phoebe Putney Memorial Hospital in Albany, Georgia, where, as the Los Angeles Times reported, the staff was ""struggling to treat a community afflicted with one of the most intense coronavirus rates in the nation."" 
Many in Georgia are furious at the governor; mayors are scrambling to figure out how to protect residents from a dangerous order that bars cities from imposing restrictions. 
And while the President has backtracked in his support of the governor's move, it's clear that Kemp and other governors are following Trump's lead in accelerating the reopening before scientists think it's safe. 
Trump, too, should show us how convinced he is about the need to ""liberate"" states from stay-at-home orders by spending some time in a hospital swamped with Covid-19 patients. 
The Georgia order, which would also reopen movie theatres by Monday, comes before the state meets the official White House conditions for beginning to reopen: 14 days of decreasing cases, ""robust"" testing for antibodies and the coronavirus among health care workers. None of that has happened.
Now, Trump has reversed his position on Georgia but not before first expressing support for Kemp's decisions and sending a strong message to his supporters that he favors an accelerated reopening of the economy. He's sending mixed messages at a most dangerous time. 
Georgia is nowhere near ready to open. The scientific model the White House has been using says stay-at-home orders should remain in place in Georgia until at least June. CDC Director Dr. Robert Redfield is warning that a second wave of the virus could hit even harder next winter, when the seasonal flu is also expected.
Trump's actions and words could all but ensure that that's precisely what happens. And his accomplices at Fox News will magnify the harmful impact of wrongheaded decisions. We will all pay the price, and they will never apologize. They will never admit they got any of it wrong. It will be left to the American people to reach a verdict -- and proceed accordingly."
6,"{'id': 'business-insider', 'name': 'Business Insider'}",Lydia Ramsey,Bill Gates says the novel coronavirus is a 'once-in-a-century pathogen.' The Gates Foundation just joined Wellcome and Mastercard in committing $125 million to find new treatments for it.,"The Gates Foundation, Wellcome, and Mastercard are committing $125 million in funding to companies developing treatments for the novel coronavirus. The organizations said Tuesday that the funding would be used for a COVID-19 Therapeutics Accelerator ""to speed…",https://www.businessinsider.com/gates-foundation-wellcome-mastercard-commit-125-million-to-covid-19-drugs-2020-3,https://i.insider.com/5e6656b5fee23d5b847b6fd3?width=1200&format=jpeg,2020-03-10T14:18:00Z,"The Gates Foundation, Wellcome, and Mastercard, are hoping $125 million could spark some new ways to treat the novel coronavirus that's spreading around the world. 
The Gates Foundation said Tuesday it's committing $50 million to the COVID-19 Therapeutics Accelerator, as is Wellcome. Mastercard's Impact Fund is committing the remaining $25 million, according to a statement.
It'll be used as seed funding ""to speed-up the response to the COVID-19 epidemic by identifying, assessing, developing, and scaling-up treatments,"" the organizations said in a statement. COVID-19 is the name of the disease caused by the novel coronavirus.
The Gates Foundation said the $50 million is part of the $100 million commitment the organization made to fight the outbreak in early February.
Around the world, nearly 116,000 people have been infected with the novel coronavirus, and there have been 4,000 deaths. There are currently no approved vaccines or treatments, though companies are racing to change that. 
Read more: There are at least 35 potential coronavirus vaccines in the works. Here are the top efforts to watch and what to expect in 2020 and beyond.
As part of the accelerator, the organizations will evaluate both new and repurposed drugs that could help in the treatment of the disease.
""Any disease which threatens lives is disturbing, but one for which there is no treatment is especially alarming,"" Gates Foundation CEO Mark Suzman wrote in a blog Tuesday. ""And, as we've already seen with COVID-19, countries and communities bear immense human, economic, and social costs."" 
Bill Gates has been sounding the alarm on the coronavirus, calling it a ""pandemic,"" though the World Health Organization has yet to give it that distinction.
""In the past week, COVID-19 has started behaving a lot like the once-in-a-century pathogen we've been worried about,"" Gates wrote in February in the New England Journal of Medicine."
7,"{'id': 'polygon', 'name': 'Polygon'}",Nicole Carpenter,Sony donating $100 million to COVID-19 relief,"PlayStation parent company Sony Corp. announced on Thursday that it’s creating a $100 million COVID-19 global relief fund to support those impacted by the novel coronavirus pandemic. Support will be divided between three areas: medicine, education, and the cr…",https://www.polygon.com/2020/4/2/21204247/sony-coronavirus-covid-19-100-million-global-relief-fund,https://cdn.vox-cdn.com/thumbor/xQJYwvL2CjdHkFZgLVatFnoPVu0=/0x717:5000x3335/fit-in/1200x630/cdn.vox-cdn.com/uploads/chorus_asset/file/19866679/1207944424.jpg.jpg,2020-04-02T14:15:29Z,"Sony Corp. has created a $100 million COVID-19 global relief fund to support people impacted by the novel coronavirus pandemic. The fund will be divided among three main areas, the company said in a news release: assistance for those individuals engaged in frontline medical and first responder efforts to fight the virus, support for children and educators who must now work remotely, and support for members of the creative community in the entertainment industry, which has been greatly impacted by the spread of the virus.
Out of the total, Sony said $10 million will go to the World Health Organizations COVID-19 Solidarity Response Fund as well as Doctors Without Borders, the United Nations Childrens Fund (UNICEF), and the United Nations High Commissioner for Refugees (UNHCR). This money is meant to assist medical workers and others on the frontline of response efforts to the virus. The Japanese company also said itll continue to explore ways to prevent the further spread and contribute to the treatment of the COVID-19 virus.
In the area of education, where children, who represent the next generation, are losing education opportunities as a result of school closures, Sony will explore ways to leverage its technologies in support of education activities, and cooperate with educators to implement these measures, Sony said.
Creative communities can expect support for up-and-coming creators, artists and all those in professions supporting the industry who have been affected by event cancellations.
The spread of the novel coronavirus began in late 2019 and reached pandemic level in March. More than 950,000 cases have been reported worldwide as of Thursday morning, according to a Johns Hopkins University tally."
8,"{'id': 'business-insider', 'name': 'Business Insider'}",Tyler Sonnemaker,"More than 70% of Americans hospitalized with COVID-19 had at least 1 underlying health condition, the CDC says — here's the breakdown","In the US, 73% of patients hospitalized with COVID-19 have had at least one underlying condition, according to a new CDC report. People with preexisting health conditions ""appear to be at a higher risk for severe disease from COVID-19"" than those without, the…",https://www.businessinsider.com/us-coronavirus-hospitalizations-underlying-health-conditions-cdc-2020-3,https://i.insider.com/5e839a2114f18f7a452c4516?width=1200&format=jpeg,2020-03-31T21:37:00Z,"Among US patients hospitalized with COVID-19, 73% had at least one underlying condition, according to a new report from the Centers for Disease Control and Prevention.
""In the United States, persons with underlying health conditions or other recognized risk factors for severe outcomes from respiratory infections appear to be at a higher risk for severe disease from COVID-19 than are persons without these conditions,"" the report said.
As of March 28, US states and territories had reported 122,653 coronavirus cases, the report said. For the 7,162 cases in which patients' underlying health data were available, the CDC said 71% of patients hospitalized with COVID-19 and 78% of those admitted to intensive care units had preexisting conditions or risk factors. By contrast, just 27% of people who tested positive but weren't hospitalized had underlying health issues.
The most frequently reported preexisting conditions among US coronavirus patients were diabetes, chronic lung disease, and cardiovascular disease.
Here's how different health conditions correlate with hospitalization and ICU admissions among US coronavirus cases.
Business Insider/Skye Gould, data from CDC
The CDC noted that many of the conditions reported by patients are fairly common among Americans in general.
The agency also cautioned that its findings are still preliminary and that the analysis was constrained by factors like missing health data for nearly 95% of patients, as well as the limited availability of coronavirus testing, and a lack of information about longer-term outcomes of the disease.
Still, the early findings are comparable to those from countries like China and Italy, which have both seen higher rates of death and severe cases among patients with preexisting health conditions.
The Chinese Center for Disease Control and Prevention found that death rates among patients with heart disease, diabetes, chronic respiratory disease, high blood pressure, and cancer were significantly higher than the nationwide average, while Italy's National Institute of Health found that 99% of people who died from COVID-19 had at least one preexisting condition.
""Strategies to protect all persons and especially those with underlying health conditions, including social distancing and handwashing, should be implemented by all communities and all persons to help slow the spread of COVID-19,"" the CDC report said.
The agency recommends that anyone with an underlying health condition who experiences symptoms of COVID-19 — which often include fever, cough, and shortness of breath — should immediately contact a healthcare provider.
Loading
Something is loading."
9,"{'id': 'business-insider', 'name': 'Business Insider'}",Tyler Sonnemaker and Olivia Reaney,"One chart shows how many Americans are dying from coronavirus each week compared to other common causes of death like heart disease, cancer, and the flu","More than 13,000 Americans died last week from COVID-19, surpassing past weekly averages for other top causes of death like heart disease and cancer. The US has more coronavirus cases and deaths than any other country: as of Friday morning more than 667,000 p…",https://www.businessinsider.com/chart-us-weekly-coronavirus-deaths-compared-heart-disease-cancer-flu-2020-4,https://i.insider.com/5e99d77e8427e96abe524eab?width=1200&format=jpeg,2020-04-17T16:18:00Z,"As the new coronavirus continues to spread throughout the US, it's now killing more Americans per week than other top causes of death like heart disease and cancer have in past years.
Last week, more than 13,000 people died from COVID-19, surpassing the nearly 12,500 killed on average each week in 2018 by heart conditions and the 11,500 killed by cancer, showing just how quickly the virus has taken its toll on American lives.
Over the past few weeks, the US has become the hardest-hit country by the pandemic, with more than 32,000 deaths and 667,000 confirmed cases as of this morning. Worldwide, more than 143,000 people have died, meaning the coronavirus has already claimed more lives than outbreaks of the Ebola, MERS, and SARS viruses.
Business Insider compiled data from The COVID Tracking Project, the Centers for Disease Control and Prevention, the National Highway Traffic Safety Administration, and the US Census to show how COVID-19 deaths over time compare to other common causes of death in the US: heart disease, cancer, bad flu seasons, and car crashes."
10,"{'id': 'business-insider', 'name': 'Business Insider'}",Rosie Perper,"California identified a person who died from COVID-19 on February 6, suggesting that the first US coronavirus death happened at least 3 weeks earlier than previously thought","<ul>
<li>Santa Clara County, California, announced on Tuesday that two people who died in their homes in February were later confirmed positive for the new coronavirus. </li>
<li>This data suggests that the first United States death occurred at least three we…",https://www.businessinsider.com/santa-clara-county-california-confirms-february-coronavirus-death-first-us-2020-4,https://i.insider.com/5e6f716cc4854009f52c81f6?width=1200&format=jpeg,2020-04-22T04:14:11Z,"Santa Clara County, California, announced on Tuesday that two people who died in their homes in February tested positive for the new coronavirus, suggesting that the first US death occurred weeks earlier than previously thought. 
In a statement on Tuesday, officials from Santa Clara County said that the medical examiner tested three individuals who died in their homes for coronavirus. One person died on February 6, another on February 17, and a third on March 6.
According to the statement, the tests were sent to the US Centers for Disease Control and Prevention, who confirmed on Tuesday that all three patients tested positive for coronavirus. 
The US initially recorded its first official death from COVID-19 on February 28 — a patient in Seattle, Washington. The new data suggests that the first death occurred in Santa Clara County three weeks prior. 
This is a developing story. 
Loading
Something is loading."
11,"{'id': 'time', 'name': 'Time'}",STAN CHOE / AP,Stock Market Sinks 2.9 Percent After Federal Reserve Cuts Interest Rate,Stocks fell sharply Tuesday after an emergency interest-rate cut by the Federal Reserve failed to reassure markets about COVID-19.,https://time.com/5795105/stock-market-coronavirus-updates/,https://api.time.com/wp-content/uploads/2020/03/coronavirus-stocks.jpg?quality=85&w=1200&h=628&crop=1,2020-03-03T21:59:18Z,"(NEW YORK) — Fear and uncertainty continue to control Wall Street, and stocks fell sharply Tuesday after an emergency interest-rate cut by the Federal Reserve failed to reassure markets wracked by worries that a fast-spreading virus will cause a recession.
The Dow Jones Industrial average sank 785 points, or 2.9%. It had surged 5% a day earlier on hopes for a broader set of stimulus measures.
While the cut gave some investors exactly what they had been asking for, Federal Reserve Chairman Jerome Powell acknowledged that the ultimate solution to the virus challenge will have to come from health experts and others, not central banks. Some traders are also questioning whether more aid is on the way to stabilize the market, while others called the Fed’s move premature to begin with. For more than a few, the Fed’s steepest rate cut since 2008 recalled the dark days of the financial crisis and only added to the dread.
Through it all, markets are still faced with the same quandary that has sent stock prices tumbling 11% since they set a record just two weeks ago: No one knows how far the virus will ultimately spread before authorities can get it under control, and by how much companies’ profits will be shorn because of it.
That uncertainty led to jagged trading across markets on Tuesday. Stocks rallied briefly in the morning following the Fed’s surprise move, but it took just 15 minutes for the gains to evaporate. The yield on the 10-year Treasury fell below 1% for the first time in history as investors ratcheted back expectations for the economy and inflation. A gauge measuring traders’ fear of upcoming swings for stocks jerked wildly up and down through the day.
After popping to a 1.5% gain shortly after the Fed’s announcement, the S&amp;P 500 swung between modest gains and losses for about an hour before turning decisively lower. The index ended the day down 86.86 points, or 2.8%, at 3,003.37. It pared a loss that reached 3.7% in the mid-afternoon, and it marks the eighth drop in the last nine days for the index.
The Fed has a long history of coming to the market’s rescue with lower rates and other stimulus, which has helped this bull market in U.S. stocks become the longest on record. Some analysts said the Fed’s latest cut could provide some more confidence.
“Confidence in markets is crucial,” said Quincy Krosby, chief market strategist at Prudential Financial. “Without confidence, you don’t have a market.”
The Dow Jones Industrial Average had jumped Monday to its best day in more than a decade on rising anticipation for aid from the Fed and other central banks. Even before Tuesday’s announcement, traders were convinced that the Fed would cut rates by half a percentage point on March 18 at its next meeting.
But doubts are high about whether the medicine provided by central banks can be as effective this time around. Lower rates can encourage shoppers and businesses to borrow and spend more, but they can’t reopen factories that have been shut or recall workers out due to quarantines.
After the Fed’s announcement, Powell acknowledged that central banks can’t solve the health crisis. But he said the Fed recognizes the fast spread of the virus is a risk for the economy, and he cited concerns from the travel and hotel industries. Powell said that since last week, when several Fed officials had said they saw no urgent need to cut rates, “we have seen a broader spread of the virus.”
The high stakes pushed the Fed to cut rates outside of a regularly scheduled meeting for the first time since the 2008 financial crisis, when investors were considering a complete meltdown of the world’s financial system as possible if not likely. That in itself may have spooked the market, as some investors wondered if the Fed saw things as worse than they were led to believe.
“I don’t believe that market participants woke up this morning thinking we were facing a crisis similar to the global financial crisis,” said Kristina Hooper, chief global market strategist at Invesco. “But that’s what the Fed’s actions suggested to some.”
She said investors will likely have mixed emotions about the move for days.
Some economists called the Fed’s move premature, given that U.S. economic data has yet to show a sharp drop due to the virus.
“The nature of today’s announcement could send the wrong signal to market participants, including individual investors who are concerned with recent market volatility,” said Roger Aliaga-Diaz, chief economist of the Americas at Vanguard.
Markets are likely to remain shaky until investors get a sense of what the worst-case scenario really is in this virus outbreak. Markets have been on edge for nearly two weeks, as the virus spreads beyond China and companies across continents and industries say they expect it to hit their profits.
Payments processor Visa on Tuesday joined the lengthening list of companies warning investors. It said its quarterly revenue will be weaker than earlier predicted because of a drop-off in travel-related spending on cards.
“To get a floor on the markets, realistically, what we need to see is not so much a cut in the number of new coronavirus cases, but at least a slowdown in the acceleration,” said Salvatore Bruno, chief investment officer for IndexIQ. “Up until that time, we’re likely to see a lot of volatility.”
Worldwide, more than 92,000 people have been sickened, and over 3,100 have died. The number of countries hit by the virus has reached at least 70, with Ukraine and Morocco reporting their first cases.
The topsy-turvy Tuesday got off to a slow trading start in the United States. Earlier in the day, the Group of Seven major industrialized countries pledged support for the global economy, but they stopped short of announcing any specific new measures. Disappointment in the lack of action helped push U.S. stocks lower at the opening of trading, before the Fed surprised markets with its announcement of the steep, half-point rate cut at 10 a.m. Eastern time.
Investors are still speculating whether other central banks will join and cut rates and offer stimulus in a coordinated effort around the world. Before the Fed made its move, the Reserve Bank of Australia cut its key interest rate to a record low 0.5%.
U.S. markets have been hit hard by fear over the virus’ impact. Monday’s surge for stocks on hopes that central banks will come to the rescue followed a broad sell-off last week that erased gains for 2020 and sent indexes into what market watchers call a “correction,” or a fall of 10% or more from a peak. Last week was the worst for the S&amp;P 500 since the financial crisis.
MARKET ROUNDUP:
The S&amp;P 500 fell 86.86 points, or 2.8%, at 3,003.37. The Dow Jones Industrial Average lost 785.91 points, or 2.9%, to 25,917.41, and the Nasdaq fell 268.07, or 3%, to 8,684.09.
European stock markets were broadly higher, with the German DAX returning 1.1%, the French CAC 40 up 1.1% and the FTSE 100 up 1%. In Asia, Japan’s Nikkei 225 fell 1.2%, South Korea’s Kospi rose 0.6%, and stocks in Shanghai added 0.7%.
Bond yields swung following the Fed’s announcement. The yield on the 10-year Treasury slumped to 1.01% from 1.08% late Monday after earlier dropping below the 1% threshold for the first time. The 10-year yield tends to fall when expectations are for weak economic growth and inflation. Shorter-term yields, which move more on Fed actions, had even more dramatic drops. The two-year Treasury yield sank to 0.71% from 0.81%.
___
AP Business Writers Alex Veiga and Damian J. Troise contributed.
Contact us at editors@time.com."
12,"{'id': 'time', 'name': 'Time'}",Sanya Mansoor,‘Totally Unacceptable.’ San Antonio Mayor Blasts CDC After Releasing Patient Who Eventually Tested Positive for COVID-19,"San Antonio's Mayor harshly criticized the CDC after a patient who later tested ""weakly positive"" for COVID-19 was released from quarantine",https://time.com/5793763/san-antonio-covid-19/,https://api.time.com/wp-content/uploads/2020/03/san-antonio-mayor.jpg?quality=85&crop=0px%2C27px%2C1024px%2C536px&resize=1200%2C628&strip,2020-03-02T23:27:06Z,"San Antonio Mayor Ron Nirenberg harshly criticized federal health authorities on Monday after the U.S. Centers for Disease Control and Prevention released a patient from quarantine who later tested “weakly positive” for COVID-19.
The CDC confirmed that a person being treated for COVID-19 was released from a federally mandated quarantine as a result of a positive COVID-19 test, according to a Sunday press release from the City of San Antonio. The CDC had said it is retesting an individual who was released from isolation at a local healthcare facility on Friday “because the individual met the criteria for release, including two negative test results” but was isolated again “after a pending, subsequent lab test came up positive for the virus that causes COVID-19”, according to the city’s statement.
Local officials said at a press conference on Monday that the person is now isolated again after being “out in the community for slightly over 12 hours” and urged state and federal officials not to release the remaining evacuees quarantined at Joint Base San Antonio-Lackland until they were tested a third time for the new coronavirus. On Monday afternoon, Nirenberg declared a public health emergency “explicitly designed to ensure” that the more than 120 evacuees from the Diamond Princess cruise ship remain at the military base until further testing is completed. They were originally set to be released from quarantine on Monday.
“As mayor of this city I find it totally unacceptable that the CDC would release a patient prior to receiving all test results and potentially exposing the public to this harm,” Nirenberg said during Monday’s press conference. “Local health professionals, in whom I have the utmost confidence, are working very hard to prevent the spread of this virus here in San Antonio and we simply, we cannot have a screw up like this from our federal partners.”
The CDC emphasized that the patient had no symptoms at the time of their release, and met all of the agency’s criteria for release: the lack of any symptoms and two consecutive sets of negative test results, collected more than 24 hours apart. Dawn Emerick, director of San Antonio’s Metropolitan Health District, said at the press conference that local officials are in “constant contact” with the state and CDC about identifying what protocols can be updated, specifically about expanding current protocol to require two consecutive negative tests to three.
The CDC said the patient was isolated again at a local medical facility “out of an abundance of caution” and that the agency, in partnership with local public health partners, was following up to contact people who may have been exposed to the infected person. It noted that “others have encountered similar situations where test results have alternated back and forth between negative and positive” and that the cycle of infection “on this particular patient is longer than what has been previously seen.”
According to a timeline shared by the city, the patient was dropped off at the Holiday Inn Express Airport around 3 p.m. on Feb. 29. Just after 5 p.m. the patient took a hotel shuttle to visit North Star Mall, where they visited a few stores and went to the food court, ordered food from a Chinese restaurant and ate alone in the food court. They returned to the hotel on the hotel shuttle at 7:30 p.m and on Sunday at 2:00 a.m. they were transported back to the Texas Center for Infectious Disease in a specialized ambulance.
The document said that, to date, 10 people evacuated to Lackland “have tested positive for the virus and it is anticipated that the number of persons diagnosed with the virus is likely to increase.” There were two main groups of evacuees at the base: the first group includes 91 Americans evacuated from Wuhan who were released from quarantine on Feb. 20 and the second group includes 144 passengers evacuated from a cruise ship docked in Japan, according to the document.
Nirenberg had tweeted on Sunday that the CDC’s actions were “unacceptable.”
Texans in Congress were quick to speak out, as well.
U.S. House Rep. Joaquin Castro tweeted Monday that he would ask Congress to “investigate CDC’s protocols for the treatment of coronavirus patients.”
U.S. Sen. José Menéndez tweeted that he is calling on leadership in Texas to make the CDC bring COVID-19 test kits to Bexar County, “where they have caused unnecessary exposure.”
Write to Sanya Mansoor at sanya.mansoor@time.com."
13,"{'id': 'time', 'name': 'Time'}",Alice Park,"Responding to Coronavirus Testing Problems, US Government Expands Number of Labs That Can Run Tests",China and other countries have conducted tens of thousands of tests for COVID-19. Why has the US only performed a few hundred?,https://time.com/5793605/coronavirus-testing-united-states/,https://api.time.com/wp-content/uploads/2020/03/GettyImages-1206791434.jpg?quality=85&w=1200&h=628&crop=1,2020-03-03T15:16:55Z,"After a slow and criticized rollout of U.S. government-designed testing kits for the novel coronavirus COVID-19, federal agencies enforced new policies to scale up capacity to conduct tests and produce results more quickly.
On Feb. 29, the US Food and Drug Administration (FDA) expanded its Emergency Use Authorization (EUA) policy to allow more labs to apply for approval to conduct testing for COVID-19. Until the announcement, two labs run by the Centers for Disease Control and Prevention (CDC) were the only ones in the country that could test for the disease.
Expanding the number of labs that can perform COVID-19 testing is critical to getting a more accurate sense of how widespread the virus may be in the country. Some public health experts warn that the current number of cases in the US may be low simply because too few people have been tested; with more testing, the count in the country will likely rise. Already, the number of confirmed cases has increased from 62 on Feb. 28 to 101 on March 2.
Government agencies can activate Emergency Use Authorization (EUA) review processes during extenuating circumstances such as an emerging disease outbreak. In this particular case, the EUA enables the CDC to use the test, which picks up genetic signatures of the coronavirus, even before the FDA finished reviewing data on the test’s efficacy—a process that normally takes months.
As of this past weekend, that EUA is also granted to other labs in the country that meet certain proficiency criteria, and have the ability to develop and order the materials needed to perform their own test, or use the CDC template.
The CDC still plans to ship its own kits first to the 500 or so state and local health labs. However, each lab will get only one kit, which can perform about 800 tests. “That still keeps testing in the hundreds per state, which is really, really low,” says Michael Mina, assistant professor of epidemiology and immunology at Harvard T.H. Chan School of Public Health and medical director of the viral diagnostics lab at Brigham and Women’s Hospital. If other labs start developing their own tests, that number could increase rapidly.
Exactly how quickly more tests will become available isn’t clear. “The estimates that we’re getting from industry right now, by the end of this week close to one million tests will be able to be performed,” Dr. Stephen Hahn, commissioner of the U.S. Food and Drug Administration (FDA), at a White House press conference Monday evening. Experts outside the Trump administration, however, say that’s not likely. Speaking to CBS News on Sunday, former FDA commissioner Dr. Scott Gottlieb said that, at best, testing capacity would likely reach 10,000 people by the end of this week, and 20,000 within two weeks.
There are several reasons why testing isn’t so widespread in the US yet. Because infection rates to this point have remained low, CDC criteria for who should be tested are relatively narrow. The agency recommends that doctors not test everyone with symptoms of fever, coughing and difficult breathing, but only if they have these symptoms as well as a history of traveling to an area where cases are endemic, or being in close contact with someone who is diagnosed as positive. Those criteria remain in place.
Another challenge in rolling out testing has to do with the test itself. As soon as Chinese scientists published the genetic sequence of the COVID-19 virus in mid January, scientists around the world, including those at the CDC, went to work developing a diagnostic test to pick up the genetic footprint of the virus in infected people. Researchers at the World Health Organization zeroed in on a set of three genetic components of the proteins that stud the virus like a crown (or “corona,” which gives this class of viruses its name), and developed a test targeting these sections. Many countries adopted that test.
In the U.S., however, CDC researchers developed their own test, focusing on three different viral genes and their components. It got off to a bumpy start. State laboratories that received the first few kits reported back that the test wasn’t reliable, producing inconsistent results even when repeated on the same samples.
“The kits that were sent to us have demonstrated performance issues and cannot be relied upon to provide an accurate result,” says Stephanie Buhle, deputy press secretary for the New York City Department of Health and Mental Hygiene.
The issue turned out to be one of the three targeted viral genes. CDC researchers determined that running the test using just two of the genetic components was as valid as using all three, and the FDA agreed. On Feb. 28, Dr. Nancy Messonnier, director of the national center for immunization and respiratory diseases, said new test kits including just the two components were ready for state and local health departments.
Not all experts are confident the new version will be considerably more reliable. Three genetic targets, they say, improve the chances of a reliable result. “By taking away one of the components, you run the risk of having a greater number of false positives,” says Mina.
The test, however, met FDA criteria for sensitivity; CDC officials did not respond to repeated requests for clarification.
Lab directors like Mina hope that having more labs developing tests will improve its accuracy. He believes that federal health authorities should consider making it standard policy for the FDA to expand the network of eligible labs that can apply for EUA status during an outbreak. That way, the national capacity for lab testing could scale up more rapidly.
There’s another potential benefit in having more labs develop their own versions of the test: it could lead to a more accurate tool. “Most microbiology lab testing is like a microwave dinner,” says Mina. “It comes as one kit, you push the button and you get your result. Nobody can screw it up. The CDC test kit for COVID-19 is more like Blue Apron. It comes with a box of ingredients that you can go to any store and buy, but it’s nicely packaged up for you, and comes with a recipe.”
Using the same recipe, but with chemicals ordered from different companies, could lead to slightly different versions of the test. As researchers figure out which formulas work best, they could uncover more accurate ones.
Contact us at editors@time.com."
14,"{'id': 'time', 'name': 'Time'}",Mahita Gajanan,Prince William Jokes About ‘Spreading Coronavirus’ at Royal Engagement in Dublin,"Prince William joked about the COVID-19 outbreak during a royal visit to Ireland, and questioned if the virus is ""hyped up"" by the media",https://time.com/5795398/prince-william-dublin-guinnness-coronavirus/,https://api.time.com/wp-content/uploads/2020/03/prince-william-coronavirus-dublin.jpg?quality=85&w=1024&h=628&crop=1,2020-03-04T15:49:42Z,"Prince William joked about the deadly coronavirus outbreak during a royal visit to Dublin’s Guinness Storehouse in Ireland on Tuesday.
“I bet everyone’s like, ‘I’ve got coronavirus, I’m dying,’ and you’re like, ‘No, you’ve just got a cough,'” the Duke of Cambridge quipped to first responder Joe Mooney, according to video footage of their exchange. He added: “It does seem quite dramatic about coronavirus at the moment. Is it being a little hyped up, do you think, by the media?”
It’s not clear what Mooney said in response. More than 92,000 cases of coronavirus have been reported in over 100 countries and at least 3,085 people have died from the infection. The United Kingdom has at least 51 reported cases of coronavirus, according to the U.K. Department of Health and Social Care — one British citizen, a male passenger who had been onboard the Diamond Princess cruise ship, died in hospital in Japan in February. Ireland, where the Duke and Duchess of Cambridge were visiting, has so far seen one case.
Keep up to date on the growing threat to global health by signing up for our daily coronavirus newsletter.
Coronavirus could potentially “spread extensively,” in the U.K., and it is “more likely than not that the U.K. will be significantly affected,” the Department wrote in its action plan for dealing with the disease.
Prince William’s quips continued during the event. In another video clip, he was heard saying, “By the way, the Duke and Duchess of Cambridge are spreading coronavirus. Sorry!”
His comments came the same day his grandmother, Queen Elizabeth, was seen wearing gloves during an investiture ceremony in what was widely interpreted as a precaution against coronavirus.
The Duke of Cambridge was criticized online for joking about the outbreak, with a #crownavirus hashtag trending. “Just the future king joking about a virus that has killed thousands. Nothing to see here,” wrote one Twitter user.
Write to Mahita Gajanan at mahita.gajanan@time.com."
15,"{'id': 'time', 'name': 'Time'}",Matthew Gault,"‘Something Needs to Fill That Void.’ As Stadiums Go Quiet, Esports Are Having a Moment",Esports viewership is skyrocketing as sports fans desperately seek entertainment amid the COVID-19 outbreak.,https://time.com/5812633/esports-coronavirus/,https://api.time.com/wp-content/uploads/2020/03/coronavirus-esports.jpg?quality=85&w=1024&h=628&crop=1,2020-03-31T16:23:59Z,"Unless you’re into marble racing or Belarusian hockey, you’re probably having a hard time finding any sports to watch right now. The COVID-19 pandemic has thrown the NBA and NHL seasons into limbo, MLB’s opening day came and went with nary a knuckleball or bat flip, and the Olympics are being put off until 2021.
But one form of sporting event lives on in the age of social distancing: Esports, or competitive video gaming, is on the rise, with people tuning in to everything from Counter-Strike to League of Legends. Viewership on Twitch, the go-to site for game streamers, is up 31% in March, by one estimate. People stuck inside are playing more video games, no doubt. But they’re also watching the world’s best gamers take one another on, too.
“Sports are out and something needs to fill that void,” says Chance “Maux” Moncivaez, who plays Call of Duty: Modern Warfare player on the Florida Mutineers, an esports team. “I think esports is perfect to fill that void because of the ability to play online competitions.”
It’s not that the coronavirus outbreak has totally spared the esports world. The biggest, most well-funded competitions, like Activision-Blizzard’s Overwatch League, are held in-person in massive arenas like Madison Square Garden, often before sellout crowds. With big gatherings off the table, those events have been canceled, disrupting a business that counts in part on ticket and merch sales. But unlike basketball or hockey, it’s possible to shift esports back online, where they began — it just takes a little doing.
 “It is possible to train, and compete, and continue competition and create entertainment,” says Steve Arhancet, owner of Team Liquid, an esports organization that represents 70 players across 17 different games. “It’s all possible. But it’s not like the flip of a switch.”
One issue, says Arhancet, is making sure that players don’t cheat when they’re not under the watchful eye of a referee. “Aimbots,” or software that automatically aims at enemy players in shooter games, are one popular trick — think of them as the esports’ world sign-stealing controversy. Then there’s the simple issue of making sure every player has a good enough Internet connection to compete on equal footing; the tiniest bit of lag can result in a missed shot or miscast spell.
“We can get there,” says Arhancet. “We can do these things. We will be more resilient than a lot of professional sports industries. But how long will it take? Each game will handle that a little bit differently.”
Indeed, some leagues are finding their footing more quickly than others. While the Overwatch League has started back up, the competitive scene for Apex Legends has faltered. Riot Games — which developed, published, and organizes tournaments for esports giant League of Legends — took its League of Legends Championship Series [LCS] online-only in under a week.
“This is a time where our fans need something to watch, need something to entertain them, need something to distract them from the things that are going on around them, even if it’s just for a short time,” says LCS Commissioner Christopher Greeley. “With the complete absence of conventional sports, and only a handful of esports able to deliver remotely, it was important for us to deliver for the fans.”
Being able to operate amid a total absence of “conventional” sports would seem like a brilliant marketing opportunity for the esports world, which is closer than ever to going truly mainstream. But people in the business say that for now, they’re more focused on keeping their existing audience engaged rather than trying to pull in new fans.
“I think the opportunity certainly exists, but it’s not the opportunity we’re focused on,” says Greeley. “If the ancillary effect of that is people who normally would be watching the NCAA tournament are flipping on Twitch and finding the LCS and sticking around, that’s great. But it’s certainly not what we’re driving towards.” 
Still, as some desperate hoops fans turn to simulated matchups in basketball video games like NBA 2K, it doesn’t seem like a huge leap to convert them into lifelong esports viewers. But some are skeptical that those fans would stick around when traditional sports finally tip-off once again.
“The reality is that I don’t think there would be a turnover in the long term,” says Carlos Rodríguez Santiago, owner of European esports organization G2. “Our best bet is to keep doing what we’re doing … and embrace everybody that comes in and wants to learn about games.”
Newbies are tuning in regardless. Arhancet says Team Liquid’s viewership is up 30% higher than “any month we’ve had in company history,” while Santaigo says viewership numbers for G2 are up around 20 percent. Twitch itself went from 33 million to 43 million viewers between March 8 and March 22. 
But the players and organizers who spoke with TIME for this story seemed aware of why the numbers are up, and many simply want the virus to go away.
“I think time will tell how resilient the esports industry will be,” says Arhancet. “Honestly, I’m really hopeful that in four weeks, there’s been enough social distancing and preventive measures to curb this, and we’re back to normal before we know it.”
Contact us at editors@time.com."
16,"{'id': 'time', 'name': 'Time'}",Peter Allen Clark,NBA Suspends Season After Player Tests Positive for Coronavirus,"The NBA said the Utah Jazz player ""preliminarily tested positive"" for COVID-19 before a game.",https://time.com/5801545/nba-suspends-season-coronavirus/,https://api.time.com/wp-content/uploads/2020/03/NBA-suspends-season.jpg?quality=85&w=1200&h=628&crop=1,2020-03-12T02:01:22Z,"The National Basketball Association (NBA) announced Wednesday night that it was suspending its season after a player tested positive for COVID-19.
The NBA said the Utah Jazz player “preliminarily tested positive” for COVID-19 before a game. The statement said Wednesday’s game between the Jazz and the Oklahoma City Thunder was canceled before it began and that the player who tested positive was not in the arena. The Associated Press, citing a source, identified the player as Rudy Gobert.
“The NBA is suspending game play following the conclusion of tonight’s schedule of games until further notice,” a statement read. “The NBA will use this hiatus to determine next steps for moving forward in regard to the coronavirus pandemic.”
Previously, it had been floated that the NBA might continue to play games, only without fans. The goal of this being to limit large gatherings, which could increase the spread of the virus. Los Angeles Lakers star Lebron James said last week that he wouldn’t play if games were held without fans.
Contact us at editors@time.com."
17,"{'id': 'time', 'name': 'Time'}",Philip Elliott and Lissandra Villa,Joe Biden and Bernie Sanders Know How They’d Handle the Coronavirus Response —And It Would Look Nothing Like Donald Trump’s,Both Democratic candidates offered comprehensive plans to combat and mitigate the impact of COVID-19,https://time.com/5802001/joe-biden-bernie-sanders-coronavirus/,https://api.time.com/wp-content/uploads/2020/03/GettyImages-1206821273.jpg?quality=85&w=1024&h=628&crop=1,2020-03-13T00:27:52Z,"Joe Biden began his remarks on March 12 with the familiar words that often meet Americans in moments of fear and crisis: “My fellow Americans.” 
For the next 18 minutes, the Democrats’ leading contender for the presidency offered Americans a dress rehearsal for the job he hopes to have come January. Reading from prepared remarks about how to combat the global coronavirus pandemic, he sought to reassure the public, markets and allies that the United States will prevail—all while appearing undeniably presidential. After the speech, #PresidentBiden was trending on Twitter.
About an hour and a half later, Bernie Sanders, who significantly trails Biden for the Democratic nomination, struck a similar tone. In the face of a global pandemic, he said, Americans must act not for themselves, but in the service of others. “Now is the time for solidarity. Now is the time to come together with love and compassion for all.” 
The two Democratic rivals’ speeches diverged from one another’s. Biden emphasized competence and experience, while Sanders repeatedly called for solidarity. But both made a point of differentiating themselves most markedly from the actual President. 
In planned remarks from the Oval Office on March 11, President Donald Trump bungled his message, declared the U.S. in a unilateral fight against a “foreign virus,” and accidentally announced a ban on all travel and trade with Europe. (The White House later clarified it was only travel of non-Americans and that trade between the U.S. and Europe would continue.)
Where Trump characterized the fight against COVID-19 as one in which the U.S. faced off against the world, both Biden and Sanders described the stakes as one in which humans were allied with one another: the virus must be wrestled to containment through international cooperation. “The coronavirus does not have a political affiliation,” Biden said, standing in front of a backdrop of five U.S. flags at the Hotel du Pont in Wilmington, Delaware. 
“If there ever was a time in the modern history of our country when we are all in this together, this is that moment,” Sanders said, before a wall plastered with his campaign logo, an American flag and a Vermont flag in Burlington, Vermont. 
Both Biden and Sanders unleashed withering criticism of the Trump administration’s handling of the crisis so far. “Unfortunately, this virus laid bare the severe shortcomings of the current administration,” Biden said. “Public fears are being compounded by pervasive lack of trust in this president fueled by adversarial relationship with the truth that he continues to have.”
“We have an administration that is largely incompetent, and whose incompetence and recklessness have threatened the lives of many, many people in our country,” Sanders said. 
Both men also offered voters a glimpse of their own coronavirus response plans—blueprints for what they would do if they were President. Biden’s proposal underscored his own deep experience in the White House. He reminded Americans of his front row seats during the Ebola crisis, when his former chief of staff and current adviser Ron Klain led the Obama administration’s response. He then offered a litany of solutions, which were drafted with input from a host of leading experts, including Klain, bioethicist Zeke Emanuel and former White House homeland security chief Lisa Monaco: free and accessible testing, lower barriers for lab trials on a vaccine, economic relief for those affected and added hospital capacity, including temporary sites. Among his other recommendations were a call for the Centers for Disease Control and Prevention to set clear standards for when to close schools and other high-traffic sites.
Sanders’s plan was a reflection of his campaign that focused on folding marginalized people into politics. The appropriate response, he said, would include declaring a national emergency, making access to testing and eventual treatment or vaccine free of charge and pushing for national and state hotlines to respond to queries with accurate information. He would advocate for paid family and medical leave, call for a moratorium on evictions, foreclosures and utility shutoffs during this outbreak, and demand that workers in the gig economy be allowed to file for unemployment.
“The coronavirus is already causing a global economic meltdown which is impacting people throughout the world and in our own country,” Sanders said. “And it is especially dangerous for low income and working class families, people who today, before the crisis, are struggling economically.”
While both Biden and Sanders struck notes of empathy for the American people, their campaigns were also operating from places of deep uncertainty. As the threat became more acutely apparent, each scaled back large-format campaigning and told staffers to work from home.
While Biden has emerged in recent days as the clear front-runner, his campaign remains a work in progress. On Thursday, he installed the third top aide with final say he’s had in a year. Jennifer O’Malley Dillon, a 43-year-old political pro, is set to become the new manager in the campaign’s Philadelphia headquarters. O’Malley Dillon is a no-nonsense taskmaster whose operations are precise, and the campaign is hoping she’ll bring that discipline to a campaign that has often felt like it was ambling.
Meanwhile, Sanders’s campaign, facing increasingly unlikely prospects for the Democratic nomination, remained solidly on-message: good leadership must reflect the needs of all people living within U.S. borders. In his speech Thursday, Sanders underscored that the country is at a disadvantage because it does not guarantee health care for all. The number of uninsured or underinsured people are inherently a liability to the country in controlling coronavirus because they cannot afford to seek the appropriate medical attention.
For both candidates, the coronavirus crisis offers an opportunity to showcase their leadership styles—if primarily as an alternative to Trump. 
Write to Philip Elliott at philip.elliott@time.com and Lissandra Villa at lissandra.villa@time.com."
18,"{'id': 'time', 'name': 'Time'}",Alice Park,The First U.S. Company Has Announced an Upcoming Home COVID-19 Test,Direct-to-consumer testing company Everlywell will make its COVID-19 test available on Mar 23.,https://time.com/5805953/home-covid-19-test-everlywell/,https://api.time.com/wp-content/uploads/2020/03/Everlywell-COVID-19-coronavirus-test.png?w=1200&h=628&crop=1,2020-03-19T00:58:57Z,"Everlywell, a home testing company that offers dozens of lab tests to consumers, is adding a COVID-19 test beginning on March 23.
Given the slow roll out of testing for COVID-19 in the U.S., and concerns about spreading the disease, at-home testing could help to diagnose more cases. After initially limiting testing to one provided by the Centers for Disease Control and conducted at state and local public health labs, the Food and Drug Administration allowed certified labs, including commercial lab testing companies, to develop and distribute COVID-19 tests on Feb. 29. Though other private companies have been involved with creating tests for COVID-19, this is the first company to offer its test directly to consumers.
The Austin-based Everlywell offers a range of validated tests for everything from cholesterol levels to fertility and infectious diseases like STDs.
People can order the Everlywell COVID-19 test on the company’s website, after first answering questions about their basic health, symptoms and risk factors for the coronavirus disease. A doctor still needs to prescribe the test, so telemedicine doctors from PWNHealth, a national network of physicians who prescribe diagnostic tests, then reviews these answers to determine if a person qualifies for testing, based on criteria established by the Centers for Disease Control and Prevention. Currently, because COVID-19 tests are not plentiful in the U.S., doctors are trying to rule out other respiratory diseases like flu first, and only ordering tests for people with symptoms who also have other risk factors for infection, such as being in close contact with others who have been diagnosed.
If the telemedicine doctor decides to prescribe an Everlywell COVID-19 test, the company says it will send the $135 test kit in two days (customers can pay $30 more to receive the kit overnight). The kit comes with a special swab that is long enough to take samples from the back of the nose and throat area, along with instructions for how to seal the swab sample to send it back to the company. People can also provide both spit and sputum samples as backups. (For now, the Food and Drug Administration only validates samples from nasoparyngeal swabs, but companies have applied to test spit and sputum.).
The sample is sent in a pre-paid overnight package, and processed at one of several labs approved by the FDA to perform the test around the country within 72 hours. As with many of the commercially available tests, this one extracts SARS-CoV-2, the virus behind COVID-19, from the sample and then probes for specific genetic signatures of the virus.
The company says it will then send results by text and email, and doctors may advise people to self-isolate until they receive them. If the test is positive, the company also provides a full telemedicine consultation with one of around 200 physicians that is included in the cost of the test. That physician also reports the result as a positive case to the appropriate state health departments, as is required by health authorities.
Everlywell says it is ready to ship 30,000 COVID-19 tests, and plans to expand the number of labs processing the samples. But CEO and founder Julia Cheek says that scaling up the number of testing kits will depend on the availability of swabs for collecting samples. Three major manufacturers make the swabs, but the main producer, it turns out, is a company based in Italy. Because the country is under lockdown, limited supplies from there, as well as the surge in demand as more COVID-19 testing is conducted around the world, are leading to a global shortage of swabs for any lab performing the test. That’s why Everlywell’s first kits will contain only one swab, and Everlywell will limit kits to one per household until the supply of swabs becomes more plentiful.
“We’re working hard to ramp up weekly capacity to test 250,000 Americans,” says Cheek. “Our goal is to continue to refresh capacity but with the global swab shortage we don’t have a confirmed timeline for that yet. Ultimately, she says, the testing kits could be designed for a household so everyone in a family could be tested if needed to know what protective measure they might need to take.
Contact us at editors@time.com."
19,"{'id': 'the-next-web', 'name': 'The Next Web'}",Napier Lopez,Facebook built a map that tracks COVID-19 symptoms by county,Mark Zuckerberg today revealed Facebook has teamed up with Carnegie Mellon University to help track the spread of potential COVID-19 cases around the world – even situations where there hasn’t been an explicit diagnosis. The company today revealed an interact…,https://thenextweb.com/?p=1286603,https://img-cdn.tnwcdn.com/image/tnw?filter_last=1&fit=1280%2C640&url=https%3A%2F%2Fcdn0.tnwcdn.com%2Fwp-content%2Fblogs.dir%2F1%2Ffiles%2F2020%2F04%2F93883138_10111823689493271_3710543854718418944_o-473x270.jpg&signature=48662c9a2c18f8224e987b2551350ac0,2020-04-20T18:18:12Z,"Mark Zuckerberg today revealed Facebook has teamed up with Carnegie Mellon University to help track the spread of potential COVID-19 cases around the world even situations where there hasnt been an explicit diagnosis.
The company today revealed an interactive map that tracks where people are experiencing symptoms from the novel coronavirus throughout the US, based on data from an ongoing survey the company is running with Carnegie Mellon. The map is granular enough to let you see an estimated percentage of people with COVID-19 symptoms down to the county level
To reiterate, the map shows an estimated percentage of people experiencing self-reported COVID-19 symptoms, not confirmed cases. Still, Facebook hopes the aggregate data could be useful for guidance regarding the virus. As Zuckerberg puts it:
Understanding how Covid-19 is spreading is critical for local governments and public health officials as they allocate scarce resources like ventilators and PPE, and eventually to decide when it is safe to start re-opening different places. Researchers believe these symptom survey maps can be an important tool in making these decisions.
The company says the survey currently includes a sample of users over 18 years of age within the US, but company plans on going global this week, according to Mark Zuckerberg.
Considering its likely many more people have been infected than tested, and given Facebook has over 2 billion monthly users around the globe, the data could prove insightful. And to assuage privacy concerns, the company says only Carnegie Mellon researchers can see individual survey responses Facebook only sees the aggregate information.
You can try out the interactive map here. It can be divided by either counties or hospital referral regions. Facebook says it plans to update the map with new cases information daily.
Mark Zucekrbergon Facebook
Corona coverage
Read our daily coverage on how the tech industry is responding to the coronavirus and subscribe to our weekly newsletter Coronavirus in Context.
For tips and tricks on working remotely, check out our Growth Quarters articles here or follow us on Twitter."
