,source,author,title,description,url,urlToImage,publishedAt,content
0,"{'id': 'the-next-web', 'name': 'The Next Web'}",Nathan Resnick,"Run an online store? In the age of COVID-19, you can’t skimp on web accessibility","The COVID-19 pandemic has caused major disruptions for brick and mortar businesses and e-commerce brands alike. While much of the media focus has been on forced closures of retail locations, I’ve also seen plenty of online stores that have been adversely affe…",https://thenextweb.com/podium/2020/04/24/run-an-online-store-in-the-age-of-covid-19-you-cant-skimp-on-web-accessibility/,https://img-cdn.tnwcdn.com/image/podium?filter_last=1&fit=1280%2C640&url=https%3A%2F%2Fcdn0.tnwcdn.com%2Fwp-content%2Fblogs.dir%2F1%2Ffiles%2F2020%2F04%2FFeatured-Image-The-Next-Web.jpeg&signature=6981501f48974a844572c75ab0b391c4,2020-04-24T20:29:31Z,"Opinion, advice, and analysis by the TNW community
With online shopping at an all-time high, e-commerce entrepreneurs must run accessible digital shops.
Story by
Nathan Resnick
Nathan is a serial entrepreneur who currently serves as CEO of Sourcify, a marketplace of the world's top manufacturers. Having brought dozens of products to life, he knows the ins and outs of how to… (show all)Nathan is a serial entrepreneur who currently serves as CEO of Sourcify, a marketplace of the world's top manufacturers. Having brought dozens of products to life, he knows the ins and outs of how to turn ideas into realities.
naterez94
The COVID-19 pandemic has caused major disruptions for brick and mortar businesses and e-commerce brands alike. While much of the media focus has been on forced closures of retail locations, I’ve also seen plenty of online stores that have been adversely affected by these changes.
With supply chain interruptions and adapting to remote teams, even e-commerce brands are undergoing a period of significant adjustments. While we are better positioned for these changes than others, it is still a challenging time. Visual Capitalist data reveals that while many food staples are experiencing sales increases of over 300 percent, many “non-essential” categories — particularly luggage, cameras and swimwear — have experienced sharp declines.
Unfortunately, the shift to online purchasing isn’t just hurting select businesses. It is also causing many individuals with disabilities to get left behind due to a lack of web accessibility.
I’ve written about the importance of web accessibility before, but now that we’re in a time when many people are limited to shopping exclusively online, it is more essential than ever.
What COVID-19 means for web accessibility
According to the CDC, roughly one in four adults in the United States live with some type of disability. That’s roughly 61 million people. These numbers include people with mobility limitations, hearing and vision disabilities, as well as issues related to cognitive function.
All of these disabilities can impact someone’s ability to use the internet. Someone who is blind will depend on a screen reader to navigate a website. Deaf individuals rely on closed captioning or transcripts for audiovisual content. If a website doesn’t have provisions to address these and other access needs, the website can become essentially unusable.
While the Americans with Disabilities Act ensures that accommodations are made to meet access needs at physical retail locations, e-commerce brands have lagged behind in ensuring similar accessibility provisions are made for their stores.
When physical retail is unavailable, this can quickly become problematic. Quartz reports that year over year retail foot traffic dropped 97.6 percent in March, in large part because of retailers closing to slow the spread. For many, especially those with compromised immune systems or other underlying health conditions, buying online is now the only viable shopping option.
Where online stores are falling short with web accessibility
While e-commerce could seem more convenient for individuals with disabilities, most websites fail to address even basic access requirements to ensure users can get information or make a purchase.
Web accessibility automation platform accessiBe recently evaluated 10,000,000 websites to see if they met WCAG accessibility standards. Of this large sample group, 98 percent had noncompliant menus. 89 percent had popups that interfered with basic access needs. The majority of sites also had accessibility issues with forms, icons, buttons and images.
Even a seemingly minor issue could keep an individual with disabilities from being able to complete a purchase. For example, if on-site buttons do not allow for keyboard navigation, a shopper might be unable to add a needed item to their shopping cart.
During the current pandemic, such obstacles could keep people from being able to purchase essential items they need when it is too dangerous for them to leave the house. In some cases, this could cause individuals in high-risk groups to run out of food or medication.
Potential fallout from not making your e-commerce store accessible
With such dire consequences associated with COVID-19, it is clear that we as e-commerce retailers have a responsibility to ensure that everyone can complete the purchases they want or need at this time. Failure to enhance website accessibility leaves an already-vulnerable group in an even more difficult situation.
If you don’t act, this could also lead to serious consequences for your e-commerce brand. The 2019 Click-Away Pound Study found that 69 percent of people with disabilities will abandon a site that presents access barriers — resulting in yearly losses of £17.1 billion in the UK alone.
In fact, 83 percent of those surveyed said they try to “limit their shopping to sites they know are barrier-free.” If your website has accessibility barriers, you could be losing money and not even be aware of it. This is a major missed opportunity, especially for e-commerce stores selling items that are currently in high demand.
The stress and anger many are feeling because of COVID-19 also presents another risk for noncompliant e-commerce sites: lawsuits. An analysis from Seyfarth found that 11,053 web accessibility related lawsuits were filed in the United States in 2019 — an eight percent increase over 2018, and a substantial increase from when just 2,722 lawsuits were filed in 2013.
Courts in the United States are increasingly viewing web accessibility as an ADA issue. E-commerce brands that fail to take quick action could find themselves facing serious consequences as frustrated customers attempt to deal with their situation.
Make accessibility a priority now
There is no telling how long the COVID-19 pandemic will continue to disrupt our daily lives. However, its impact will likely extend after the virus is no longer a major threat, altering our behaviors and buying habits for some time to come.
Because of this, online stores need to start prioritizing web accessibility today. This will allow you to better serve customers with access needs during the current crisis and when things eventually get back to normal."
1,"{'id': 'mashable', 'name': 'Mashable'}",Nicole Gallucci,Melania Trump's odd mask PSA contradicts her husband's actions,"Melania Trump released a new video PSA in which she is seen telling the American people just how important it is to wear masks in public. Her husband, Donald, should really check it out. And maybe she should even take her own advice. On Thursday morning, Mela…",https://mashable.com/article/melania-trump-donald-cdc-coronavirus-masks/,https://mondrian.mashable.com/2020%252F04%252F09%252F5c%252Fe49c4186fef14853bb37dec07c382b6e.5f620.png%252F1200x630.png?signature=UZKq7MycCxdTxpZuZXRt3TZun_Q=,2020-04-09T16:28:46Z,"Melania Trump released a new video PSA in which she is seen telling the American people just how important it is to wear masks in public. Her husband, Donald, should really check it out. And maybe she should even take her own advice. 
On Thursday morning, Melania tweeted a short video clip of herself holding a white face mask and very, very somberly declaring that the CDC recommends wearing masks to cover your face in grocery stores, pharmacies, and other places where it can be hard to maintain proper social distancing. 
""Remember, this does not replace the importance of social distancing. It is another recommended guideline to keep us all safe,"" she said.
While Melania's PSA is factually correct and hopefully helps convince people to take the CDC guidelines more seriously, her overall message really contradicts her husband's actions. She also fails to put on a mask herself in the clip.
As the CDC continues to study the spread of the COVID-19, they recommend people wear cloth face coverings in public settings where social distancing measures can be difficult to maintain. Remember, this does not replace the importance of social distancing. pic.twitter.com/eF3o33CUVS
 Melania Trump (@FLOTUS) April 9, 2020
President Trump recently started sharing the Center for Disease Control and Prevention's (CDC) recommendation that people should wear cloth face masks when out in public, but he's made it very clear that he will not be wearing a mask.
In an April news conference, Trump was asked why he won't wear a mask despite the fact that it would likely set a strong example for the country. He replied, ""I just don't choose to. They are not mandatory guidelines, they are guidelines. They suggest you could wear them, you don't have to wear them."" 
Trump further elaborated on his decision and said, "" ""Wearing a face mask as I greet presidents, prime ministers, dictators, kings, queens I just don't see it.""
While Melania's PSA was a step in the right direction in terms of raising awareness on the importance of wearing a mask, she truly did the bare minimum here. She spends the entirety of the video holding the mask never wearing it. But if she and the president don't practice what she's preaching how can she expect people to take her words seriously?
Perhaps in the next White House PSA she and the president will consider putting masks on themselves, or at least sharing some tips on how to make your own cloth masks, since many masks are sold out or reserved for medical professionals directly exposed to COVID-19."
2,"{'id': 'the-next-web', 'name': 'The Next Web'}",The Conversation,A brief history of coronaviruses — and why COVID-19 is different,"Most of us will be infected with a coronavirus at least once in our life. This might be a worrying fact for many people, especially those who have only heard of one coronavirus, SARS-CoV-2, the cause of the disease known as COVID-19. There is much more to cor…",https://thenextweb.com/?p=1286420,https://img-cdn.tnwcdn.com/image/tnw?filter_last=1&fit=1280%2C640&url=https%3A%2F%2Fcdn0.tnwcdn.com%2Fwp-content%2Fblogs.dir%2F1%2Ffiles%2F2020%2F04%2F1-25.jpg&signature=a9a13bd678f7042a3b3b5010bfdd2f98,2020-04-20T09:30:45Z,"Most of us will be infected with a coronavirus at least once in our life. This might be a worrying fact for many people, especially those who have only heard of one coronavirus, SARS-CoV-2, the cause of the disease known as COVID-19.
There is much more to coronaviruses than SARS-CoV-2. Coronaviruses are actually a family of hundreds of viruses. Most of these infected animals such as bats, chickens, camels, and cats. Occasionally, viruses that infect one species can mutate in such a way that allows them to start infecting another species. This is called cross-species transmission or spillover.
The first coronavirus was discovered in chickens in the 1930s. It was a few decades until the first human coronaviruses were identified in the 1960s. To date, seven coronaviruses have the ability to cause disease in humans. Four are endemic (regularly found among particular people or in a certain area) and usually cause mild disease, but three can cause much more serious and even fatal disease.
The first coronavirus discovered was in chickens. Pieter/Shutterstock
Common cold
Coronaviruses can be found all over the world and are responsible for about 10-15% of common colds, mostly during the winter. The coronaviruses that cause mild to moderate disease in humans are called: 229E, OC43, NL63, and HKU1.
The first coronaviruses discovered that are able to infect humans are 229E and OC43. Both of these viruses usually result in the common cold and rarely cause severe disease on their own. They are often detected at the same time as other respiratory infections. When several viruses, or viruses and bacteria, are found in patients this is called co-infection and can result in more severe disease.
In 2004, NL63 was detected for the first time in a baby suffering from bronchiolitis (a lower respiratory tract infection) in the Netherlands. This virus has probably been around for hundreds of years, we just hadnt found it until then. A year later, in Hong Kong, another coronavirus was found this time in an elderly patient with pneumonia. It was later named HKU1 and has been found to be present in populations around the world.
Deadlier strains
But not all coronaviruses cause a mild disease. Sars (severe acute respiratory syndrome) caused by SARS-CoV was first detected in November 2002. The cause of this outbreak wasnt confirmed until 2003 when the genome of the virus was identified by Canadas National Microbiology Laboratory. Sars bears many similarities to the current pandemic of COVID-19. Older people were much more likely to suffer severe disease and symptoms included fever, cough, muscle pain and sore throat. But there was a much greater chance of dying if you had Sars. From 2002 until the last reported case in 2014, 774 people died.
A decade later, in 2012, there was another outbreak involving a newly identified coronavirus: MERS-CoV. The first case of Middle East respiratory syndrome (Mers) occurred in Saudi Arabia. There were two further Mers outbreaks: South Korea in 2015 and Saudi Arabia in 2018. There are a handful of Mers cases every year, but the outbreaks are usually well contained.
So why did Sars or Mers not result in pandemics? The R0 of both Sars and SARS-CoV-2 is about two or three (although some more recent estimates of the R0 for SARS-CoV-2 are around five), meaning that every infected person is likely to infect two or three other people. The symptoms of Sars were more severe, so it was much easier to identify and isolate patients.
The R0 of Mers is below one. It is not very contagious. Most of the cases have been linked to close contact with infected camels or very close contact with an already infected person.
One of the main challenges in containing the SARS-CoV-2 outbreak is that symptoms can be very mild some people may not even show any symptoms at all but can still infect other people. SARS-CoV-2 is not as deadly as either Sars or Mers, but because it can spread undetected, the numbers of people it will infect and the numbers that will die will be higher than any coronavirus we have ever encountered. So please, stay at home.
This article is republished from The Conversation by Lindsay Broadbent, Research Fellow, School of Medicine, Dentistry and Biomedical Sciences, Queens University Belfast under a Creative Commons license. Read the original article.
Corona coverage
Read our daily coverage on how the tech industry is responding to the coronavirus and subscribe to our weekly newsletter Coronavirus in Context.
For tips and tricks on working remotely, check out our Growth Quarters articles here or follow us on Twitter."
3,"{'id': 'the-next-web', 'name': 'The Next Web'}",Ravie Lakshmanan,Pardon the Intrusion #16: Phishing in the time of COVID-19,"Subscribe to this bi-weekly newsletter here! Welcome to the latest edition of Pardon The Intrusion, TNW’s bi-weekly newsletter in which we explore the wild world of security. Since COVID-19 began spreading all over the world, governments have embraced a varie…",https://thenextweb.com/?p=1287604,https://img-cdn.tnwcdn.com/image/tnw?filter_last=1&fit=1280%2C640&url=https%3A%2F%2Fcdn0.tnwcdn.com%2Fwp-content%2Fblogs.dir%2F1%2Ffiles%2F2019%2F09%2Fptl-newsletter-hed.png&signature=c4f12fef9a1a81c9ecf46fee2ba1a103,2020-04-24T02:40:47Z,"Subscribe to this bi-weekly newsletter here!
Welcome to the latest edition of Pardon The Intrusion, TNWs bi-weekly newsletter in which we explore the wild world of security.
Since COVID-19 began spreading all over the world, governments have embraced a variety of invasive contact-tracing measures via smartphones. Now Apple and Google have teamed up in a rare joint effort to do just that while possibly still preserving the privacy of individuals who use them.
A few weeks ago they proposed an opt-in automated system which will use Bluetooth-based identifiers to keep track of whether a smartphones owner has come into contact with someone who is later positively diagnosed with coronavirus.
Most importantly, it will be interoperable between the two dominant smartphone platforms Android and iOS and will turned off on a region-by-region basis when the pandemic is over.
The project influenced by similar proposals from researchers at Carnegie Mellon (NOVID), MIT (Private Kit: Safe Paths), Stanford (COVID Watch), and TCN Coalition is an important step because it makes zero use of location data. (This, however, doesnt prevent apps using Google and Apples API from asking for your location data anyway.)
While its clear that the upcoming system has some privacy advantages, its essential that it doesnt collect any information it shouldnt and stores as much data as possible on the users device rather than in a central server.
Similar debates around Bluetooth tracking are taking place in Europe too, including approaches such as Decentralized Privacy-Preserving Proximity Tracing (DP3T) and Pan-European Privacy-Preserving Proximity Tracing (PEPP-PT).
Digital contact tracing for tackling COVID-19 is far from perfect and ready for prime time, but the plan is to automate the process and hopefully lay the groundwork for something that could be useful against similar health emergencies in the future.
But even with this Bluetooth tech, there are still some hurdles: It would need a widespread adoption and people would have to trust the system enough to share their proximity data and infection status. Plus, such solutions may not adequately account for the potential abuse and the risk of false positives, or the possibility of a correlation attack.
I suspect the tracing apps are really just do-something-itis, security researcher Ross Anderson said.
Yet theres a paradox here. If the app is voluntary, nobody really has an incentive to use it, and the efficacy of contact tracing becomes extremely limited. On the other hand, if its made compulsory in workplaces, schools, universities, and grocery stores, it could easily defeat the opt-in nature of the system thus inadvertently feeding the mass surveillance system it was meant to stop.
After all, its impossible for Apple and Google to go after businesses and governments and stop them from forcing it on the society at large. This is an ethical dilemma that neither seem to be addressing as yet.
Whats trending in security?
Google is blocking more than 18 million malware and phishing emails related to COVID-19 daily, with over 240 million COVID-related spam messages filtered daily. Security firm Carbon Black said ransomware attacks against corporations it monitored jumped 148% in March from the previous month. In a piece of good news, Jitsi, the open-source video calling platform, said its working on end-to-end encryption.
<ul><li>The Tor Project, which is behind the Tor privacy browser, is laying off a third of its staff amidst the coronavirus outbreak. [Tor]</li><li>Zoom is still reeling from its security fallout. The Indian government has deemed the videoconferencing tool unsafe and is offering local tech companies $130K to build an encrypted alternative. [TNW]</li><li>More Zoom. The company fixed a vulnerability in its Waiting Rooms feature, and released a new version with robust security enhancements. On the flip side, more than 500,000 Zoom accounts were found being sold on the dark web. Plus, it also looks like its security woes were no secret to its business customers such as Dropbox, which brought to light a flawthat could allow an attacker to secretly take control of Mac users webcams. Zoom took months to repair the bug. [Citizen Lab / Bleeping Computer]</li><li>Financially motivated hackers continue to use pandemic fears as bait to install malware, steal information, and make some profit. Baddies are increasingly using COVID-19 lures to target public and private sector firms in Azerbaijan and Ukraine, while the US Federal Trade Commission said approximately $12 million was lost to coronavirus-related scams in the past four months. [Cisco Talos]</li></ul>
<ul><li>Travelex paid $2.3 million in ransom to recover access to its systems following a ransomware attack last December. [TNW]</li><li>Google ousted 49 Chrome browser extensions from its Web Store that posed as cryptocurrency wallets but contained malicious code to siphon off sensitive information and steal users digital funds. [The Hacker News]</li><li>Google said its backing Apples proposals for a common SMS-based one time password authentication format. [ZDNet]</li><li>Iranian state-sponsored hackers, dubbed Charming Kitten, are using chat apps such as Telegram for espionage operations. The same threat group had targeted the World Health Organization earlier this month, as government-backed attackers are ramping up coronavirus-themed themes as lure for phishing and malware attempts. [Bloomberg]</li><li>Pastebin, a popular paste site and a destination for hackers, quietly removed a scraping API due to abuse by third-parties, frustrating researchers and making it harder to search for lists of stolen passwords, announcements of data breaches, and malware. The company said its evaluating options to develop a model for independent researchers. [Motherboard]</li><li>Clearview, the controversial AI company, suffered a security lapse that made it possible for anyone on the internet to access the source code of its apps. [TechCrunch]</li><li>After months of lying low, state-backed Chinese actor called Evil Eye is once again targeting the Uyghur Muslim minority in China using a new iOS exploit that Apple patched with iOS 12.4. [The Hacker News]</li></ul>
<ul><li>A flaw in TikTok could allow an attacker to hijack any video content streamed to a users TikTok feed and swap it out with their own videos. [Tommy Mysk]</li><li>Brazil dropped plans to use surveillance tools to monitor peoples movements during the outbreak, citing privacy concerns. [ZDNet]</li><li>Zero-day flaws are being increasingly commodified to develop hacking tools and sell them to intelligence agencies around the world. [FireEye]</li><li>About 40 contracting facilities with access to classified information have been targeted by a China-linked Electric Panda hacking group since February. [Politico]</li><li>Highly targeted spearphishing emails are being sent to oil and gas companies in hopes of infecting them with the Agent Tesla spyware. [Bitdefender]</li><li>Apple is patching two security flaws impacting its native Mail app with iOS 13.4.5. They could allow an attacker to leak, modify, and delete emails, and have been leveraged by a threat actor to target high profile executives from Germany, Israel, Japan, and Saudi Arabia. [ZecOps]</li><li>IT services giant Cognizant suffered a Maze ransomware attack, causing disruptions to its clients. But hackers linked to Maze have denied involvement in the attack. [Cognizant]</li></ul>Data point
Remediating security bugs can take a long time. At least, thats the consensus from a new report from Kenna Security, which analyzed the time to remediation across a number of firms and learned that 45% of vulnerabilities are closed in the first month, two-thirds are closed within three months, and just under 20% stick around longer than a year.
Takeaway: To date, there are over 130,000 vulnerabilities published in the National Vulnerability Database (NVD). But its not just a matter of fixing them, as organizations need to identify every affected system and ensure theyre patched the right way. In a world where a single high-risk vulnerability can have catastrophic consequences, effective patch prioritization and speed are the keys to security regardless of the type of device or software it sits on, the report says.
Thats it. See you all in two weeks. Stay safe!
Ravie x TNW (ravie[at]thenextweb[dot]com)
Corona coverage
Read our daily coverage on how the tech industry is responding to the coronavirus and subscribe to our weekly newsletter Coronavirus in Context.
For tips and tricks on working remotely, check out our Growth Quarters articles here or follow us on Twitter."
4,"{'id': 'mashable', 'name': 'Mashable'}",Stan Schroeder,Instagram launches Co-Watching to make staying at home more bearable,"Instagram has announced a series of features which should help users stay informed and connected during the coronavirus outbreak. Among the most interesting is a new feature called Co-Watching, which allows users to view Instagram posts together with their fr…",https://mashable.com/article/instagram-co-watching/,https://mondrian.mashable.com/2020%252F03%252F24%252Fc1%252Fa37db392aba64ca390665e9fcfa951d5.d94c5.jpg%252F1200x630.jpg?signature=IWhmZAZSG85R4qnST-s6o9CJjM4=,2020-03-24T14:29:59Z,"Instagram has announced a series of features which should help users stay informed and connected during the coronavirus outbreak. 
Among the most interesting is a new feature called Co-Watching, which allows users to view Instagram posts together with their friends over video chat. Yes, a watch party for Instagram posts. 
To help people stay connected, were launching Co-Watching, a new feature that allows you to view Instagram posts together with your friends while you video chat. pic.twitter.com/s6FPNNt3AK
 Instagram Comms (@InstagramComms) March 24, 2020
To start, begin a video chat with someone and then tap the photo icon in the bottom right corner. You'll get a list of the posts you've recently liked, and then you can choose one to show in your chat. If you've never tried a video chat on Instagram, here's how to start it: In the home screen, tap the arrow button in the top right to open Direct, tap the video icon in the top right, and then choose a user. 
Instagram also said it would include more educational resources in Instagram Search, add stickers to promote accurate information, as well as remove COVID-19-related misinformation. 
Image: instagram
Finally, the company is rolling out a donation sticker in more countries to help people find relevant nonprofit organizations to support, as well as a ""Stay Home"" sticker to promote social distancing. 
Image: instagram
Instagram's parent company Facebook recently co-signed a joint statement regarding the coronavirus outbreak. 
""Were helping millions of people stay connected while also jointly combating fraud and misinformation about the virus, elevating authoritative content on our platforms, and sharing critical updates in coordination with government healthcare agencies around the world,"" Facebook said in the statement. Both Instagram and Facebook previously said they would remove misleading ads promoting a ""cure"" for coronavirus. 
COVID-19 the disease caused by coronavirus has so far killed more than 14,600 and infected more than 334,000 people. The outbreak has been worsening in the U.S. in recent weeks, with more than 43,530 confirmed cases and 542 deaths."
5,"{'id': 'mashable', 'name': 'Mashable'}",Natasha Piñon,"Even the new Google Doodle wants you to wash your hands really, really well","We know you've been inside all day, social distancing so diligently, catching up on all your favorite movies, and otherwise trying to remain healthy and positive during these trying times. But despite the fact that quarantining for the coronavirus pandemic ha…",https://mashable.com/article/google-doodle-hand-washing/,https://mondrian.mashable.com/2020%252F03%252F20%252F36%252Fda3a4d6556c24db789851874ff564ca5.0daa0.png%252F1200x630.png?signature=E3ReObD3aNzi2qoOXc8JKChyvyE=,2020-03-20T04:00:00Z,"We know you've been inside all day, social distancingso diligently, catching up on all your favorite movies, and otherwise trying to remain healthy and positive during these trying times.  
But despite the fact that quarantining for the coronavirus pandemic has made the outside world feel like a strange apparition, you should still be washing your hands really, really well, even if you're practicing social distancing as carefully as possible. 
How do we know this, though? 
It's all thanks to Dr. Ignaz Semmelweis, a Hungarian physician from the 19th century. 
Semmelweis, widely-considered to be the first person to suggest that handwashing would prevent the spread of life-threatening germs, is being honored today with a Google Doodle recognizing the continued importance of his discovery. 
SEE ALSO: Oh my god, just wash your hands
The new Doodle, which will remain up for 48 hours, also outlines the World Health Organization's guidelines for proper handwashing, which are crucial  for curbing the spread of coronavirus. (You can also follow WHO's advice for the public concerning COVID-19, the official term for the virus, here.)
But we only know about the importance of proper handwashing because on this day (173 years ago), Semmelweis was appointed Chief Resident within the maternity clinic in the Vienna General Hospital.  There, he later found that making doctors wash their hands could reduce the amount of transmitted diseases, as referenced in a statement from Google sent to Mashable. 
At the time, an infection, commonly called ""childbed fever,"" caused high mortality rates in maternity wards around Europe. Semmelweis, determined to discover the cause, launched an investigation at two maternity wards at his Vienna hospital, one staffed by doctors and medical students and one staffed by female midwives, as reported by NPR. 
He found that new mothers in the clinic with doctors and medical students were dying at a much higher rate. After testing other theories, Semmelweis finally found the link: Medical staff at the clinic with the higher death rate were not washing their hands between patient examinations, thus transmitting infectious material from other operations to those in the maternity clinic. 
Semmelweis instituted mandatory handwashing among the medical staff in the clinic, and infection rates plunged. 
Back then, his findings were not widely heeded. That shouldn't be the case now, with agreed-upon science behind the importance of handwashing in preventing infections and an increasingly urgent need for everyone to take proper measures in preventing the spread of COVID-19. 
So, continue to follow guidelines from medical professionals, and do Dr. Ignaz Semmelweis a favor: Wash your hands."
6,"{'id': 'mashable', 'name': 'Mashable'}",(Deleted account),Instagram meme account with 14 million followers banned for coronavirus scam,A hugely popular Instagram account with millions of followers was banned for spreading a coronavirus scam. Instagram account @bestmemes was banned from the platform on Monday morning after posting misinformation related to the coronavirus pandemic. Over the w…,https://mashable.com/article/instagram-bestmemes-coronavirus-scam/,https://mondrian.mashable.com/2020%252F03%252F30%252F0c%252Ff4e4db15b2c949cfa6493be40759b04a.43b47.png%252F1200x630.png?signature=pgsgvIZhRA_DJM5YITaPtNBccck=,2020-03-30T17:52:44Z,"A hugely popular Instagram account with millions of followers was banned for spreading a coronavirus scam.
Instagram account @bestmemes was banned from the platform on Monday morning after posting misinformation related to the coronavirus pandemic. Over the weekend, according to Daily Dot
, the account posted fake tweets that were made to look like they were from the official Barack Obama and Donald Trump Twitter accounts.
The fake tweets read due to the CoronaVirus, if your state is currently under lockdown, you are eligible for $1000 via @PayPal by completing the #StayAtHome survey. Stay strong everyone. They included a PayPal screenshot showing a balance of $1,448.71.
Ends at 7pm. Link in my bio. added the @bestmemes account in the Instagram caption. The link in the bio led to a three-question survey and asked users to provide their email address.
Suffice to say, PayPal is not giving away $1,000 to people completing a coronavirus survey.
On Sunday, the posts including the fake Obama and Trump tweets were removed by Instagram for violating its coronavirus misinformation policies.
Were removing known harmful misinformation related to COVID-19, and when someone taps on a hashtag related to COVID-19, we show resources from @WHO, @CDC and local health authorities. pic.twitter.com/Dw2Y8ZwfaI
 Instagram Comms (@InstagramComms) March 6, 2020
However, not long after the posts were removed, the fake Obama tweet was reposted on the @bestmemes account. It was again taken down later that night.
A spokesperson for Facebook, Instagrams parent company, confirmed to Daily Dot that it had removed the account over repeated community standards violations. The social network, along with other big tech companies like Google and Microsoft, released a statement
 earlier this month committing to jointly combating fraud and misinformation about the virus. 
Its notable that an Instagram account with so many followers would partake in this scam. Obviously, with so many followers, it was capable of quickly spreading misinformation. 
With close to 14 million followers, the @bestmemes account could have been used for legitimate business endeavors. The @fuckjerry Instagram account, for example, was parlayed into a successful although controversial
 internet media company. As Daily Dot notes, the @fuckjerry Instagram account has around 15 million followers.
Regardless, its an encouraging move from Instagram to remove fraudulent content clearly trying to prey on peoples financial concerns while many are out of work during this global pandemic."
7,"{'id': 'business-insider', 'name': 'Business Insider'}",Holly Rosenkrantz,"Why you probably won't get the coronavirus twice, at least not right away","Scientists believe that people who recover from COVID-19 have antibodies that could prevent reinfection, at least temporarily. ""What we don't know yet is how long that immunity will last, the quality of that immunity, and whether all individuals will generate…",https://www.businessinsider.com/can-you-get-covid19-twice-experts-think-not-right-away-2020-4,https://i.insider.com/5e91f164dcd88c539a50d193?width=1200&format=jpeg,2020-04-13T18:08:09Z,"When your body is invaded by a virus, bacteria, or other harmful pathogens, your immune system produces antibodies to fight it off. Those antibodies can then provide immunity from future attacks.
John Swartzberg, professor emeritus of public health at the University of California, Berkeley, said it's ""likely, but not yet established"" that antibodies produced to fight off the novel coronavirus will prevent a second infection, at least temporarily.
""There is every reason to think the antibodies we produce against COVID will protect us, based on our experience with other coronaviruses and most, but not all, other infectious diseases,"" Swartzberg told Business Insider.
A March 14 report indicated that monkeys that recovered from exposure to the novel coronavirus did not develop a second infection when re-exposed. And we know most humans who survive COVID-19 develop antibodies specific to the disease.
""That's a good sign that we likely have at least temporary immunity after infection,"" Frances Lund, chair of the microbiology department at the University of Alabama at Birmingham, told Business Insider. ""What we don't know yet is how long that immunity will last, the quality of that immunity, and whether all individuals will generate a long-lasting high immune response.""
Another wrinkle is whether everyone who is exposed to the virus develops antibodies, and whether they develop enough to ward off reinfection. A pre-print study from Chinese researchers that hasn't been peer-reviewed yet found that of 175 recovered COVID-19 patients, nearly 6% didn't have detectable antibodies.
A woman wears a mask in central London.
Ilyas Tayfun Salci/Anadolu Agency via Getty Images
Additionally, some antibodies remain in the body forever while others fade over time, which is why you may need booster immunity for diseases like meningitis and hepatitis A &amp; B.
Comparing COVID-19 to related viruses could help us find out how long we could be immune
Because COVID-19 is in the same virus family as SARS, researchers are focusing on patterns seen in that disease.
""It is way too soon to get any kind of definitive data,"" Drexel University epidemiologist Michael LeVasseur said, but he cited a study of the 2002-03 SARS outbreak in China that found immunity from that virus lasted an average of two years.
A 2017 study of SARS patients similarly showed that 89% of those who recovered had detectable antibodies two years after infection. At the six-year mark, though, only two out of 23 patients still had detectable antibodies, suggesting a diminished defense against the virus.
And the novel coronavirus is an RNA virus, like influenza, which means it can mutate. When that happens antibodies built up against one strain aren't always effective against another. (That's why we need a new flu shot every season.)
But, Lund said, the current coronavirus ""isn't changing too much, so we hope this will be less of an issue.""
Tim Schacker, director of the University of Minnesota's HIV medicine program, said that based on similar illnesses, ""I presume that once you have [COVID-19], if you get it again, it will be a milder course.""
There have been reports of patients who have seemingly fought off the coronavirus only to test positive again weeks or even days later. But those could be attributed to flaws in testing, Florian Krammer, a virologist at Mount Sinai's Icahn School of Medicine, told The New York Times.
""I'm not saying that reinfection can't occur, will never occur, but in that short time it's unlikely,"" Krammer said.
How long could acquired immunity to COVID-19 last?
It's too early to know if exposure will grant lifelong protection from COVID-19, but Anthony Fauci, head of the National Institute of Allergy and Infectious Diseases, said he believed someone infected in March would have immunity at least through September, when a second wave of the virus could hit.
""If this virus acts like every virus we know, once you get infected, you get better, clear the virus, and then you will have immunity that will protect you against reinfection,"" he told the Daily Show's Trevor Noah in late March.
Scientists are hoping so-called serological tests could test for antibodies specific to the coronavirus in people's blood, and that those with them — and the immunity they provide — could return to work earlier.
As Marc Lipsitch, director of the Center for Communicable Disease Dynamics at the Harvard T.H. Chan School of Public Health, wrote in an op-ed for The New York Times, ""only the first glimmers of data are available about immunity to"" COVID-19, and scientists are rushing to figure out the rest.
Loading
Something is loading."
8,"{'id': 'business-insider', 'name': 'Business Insider'}","Katie Nixdorf, Havovi Cooper and Jacqui Frank",Some experts believe climate change may increase the emergence of new animal-to-human transmitted diseases like COVID-19,"The coronavirus is thought to be a zoonotic disease, meaning it was likely passed from animals to humans. About 75% of all new infectious diseases are zoonotic. Some experts think that a decline in biodiversity as a result of climate change is putting humans …",https://www.businessinsider.com/climate-change-boost-frequency-zootonic-diseases-coronavirus-2020-4,https://i.insider.com/5e90f26092e8ba0c913088f2?width=1200&format=jpeg,2020-04-10T22:39:42Z,"As the world grinds to a halt, it's clear that the coronavirus pandemic is having a major impact on the environment. What's not so clear is if climate change had an impact on the origin of the virus. 
Business Insider Today spoke with Inger Andersen, the Executive Director of the United Nations Environment Programme (UNEP), to learn more about the relationship between climate change and diseases like COVID-19. 
According to Andersen, ""the health of our planet plays a super important role in spreading or containing what we refer to as Zoonotic diseases."" 
From what scientists know so far, COVID-19 is likely a zoonotic disease, meaning it was probably transferred from animals to humans. 
Zoonotic diseases are not uncommon. SARS, MERS, Zika, and Ebola are all zoonotic diseases — and more new ones are emerging. 
Andersen said that ""75% or so of new infectious diseases are zoonotic in nature.""
Some experts think this increase might be related to an increase in deforestation and the subsequent increase in contact between humans and animal species. One study of Ebola found that the disease was more prevalent in areas that had recently been deforested. 
""When we encroach on nature, when we destroy forest, when we degrade the environment, then we are disturbing what is supposed to be left undisturbed,"" said Andersen.  
The coronavirus crisis is also impacting waste streams as more face masks and medical gowns are used and then thrown away. Andersen noted that many countries may not have the infrastructure or capacity to properly dispose of this waste. 
""Much of that medical waste will happen in countries that may not have had that amount of medical waste before and will not have treatment for incineration."" 
Andersen warns that in order to prevent future pandemics, it's important to take climate change into consideration. 
""Let's be smart and think about this. We want to get people back to work, get the economies going again, let's build back better."""
9,"{'id': 'business-insider', 'name': 'Business Insider'}",Eugene Kim,Amazon sees first warehouse worker death from COVID-19 disease as calls for safer working conditions mount (AMZN),"Gerard Tuzara, an operations manager at Amazon's Hawthorne facility, died of the coronavirus disease on March 31, Business Insider has learned. It's the first known case of death for an Amazon employee from the coronavirus disease. Tuzara's death comes at a t…",https://www.businessinsider.com/amazon-sees-first-warehouse-worker-death-from-coronavirus-disease-2020-4,https://i.insider.com/5e73c54ec48540204a038d7a?width=1200&format=jpeg,2020-04-14T20:39:15Z,"An Amazon warehouse employee in Southern California died from the coronavirus disease, fueling concerns over the company's safety protections for warehouse and delivery workers.
Gerard Tuzara, an operations manager at Amazon's Hawthorne facility, died of the virus on March 31, Business Insider has learned. 
Tuzara is the first known case of death from the coronavirus disease among Amazon employees. Amazon's spokesperson confirmed his death in an email to Business Insider.
""We are saddened by the passing of a member of our management team in Hawthorne, California. His family and loved ones are in our thoughts, and we are supporting his fellow colleagues,"" the spokesperson said.
It's unclear where Tuzara first contracted the disease. His last day at work was March 6, as he went on a vacation to Mexico until March 20. Shortly upon returning to the US, Tuzara started experiencing flu-like symptoms on March 26 and was subsequently hospitalized, Amazon's spokesperson said. Amazon has been in contact with Tuzara's family every day since late March, and all site employees were made aware of his passing on March 31, the spokesperson said. 
Nonetheless, Tuzara's death could further ignite calls for Amazon to build safer working conditions for its warehouse and delivery workers. Groups of employees have expressed concerns over the company's weak safety measures over the past month, staging employee walkouts across several facilities. 
There have been reports of at least 74 Amazon facilities with an infected employee, according to the Washington Post. The Hawthorne facility, called DLA8, is one of the six warehouses in Southern California to have been infected by the disease, according to an LA Times report earlier this month. Amazon's spokesperson declined to comment on the exact number of employees affected by the disease.
In response, Amazon has pledged to add some new safety measures, like providing face masks and regular temperature checks for all of its warehouse employees. It's also increased the hourly pay throughout April, while offering paid time off to those diagnosed with the disease. Amazon is hiring an additional 75,000 new warehouse employees, after having hired 100,000 new workers over the past month.
Still, Amazon has sparked controversy over the way it handled employee calls for better working conditions. Last month, it fired Chris Smalls, the warehouse worker who organized the walkout at its Staten Island facility. On Monday, it fired three more office workers who had been critical of Amazon's response to the coronavirus pandemic. The company said the firings were not retaliatory.
Lawmakers across the country have been critical of Amazon's way of handling workers' protests. Senator Bernie Sanders tweeted on Tuesday urging Amazon to provide a safer workplace.
""Instead of firing employees who want justice, maybe Jeff Bezos—the richest man in the world—can focus on providing his workers with paid sick leave, a safe workplace, and a livable planet,"" Sanders wrote.
Some of Tuzara's friends have left an emotional message in a letter mourning his death that has been circulating Amazon warehouses lately.
""Gerry was an Air Force officer, a loving husband, son and uncle,"" the letter said. ""He will be greatly missed."""
10,"{'id': 'business-insider', 'name': 'Business Insider'}",Aaron Holmes,Hundreds of new shady websites are pushing questionable COVID-19 drugs hyped by Donald Trump and Elon Musk,"Scammers are creating hundreds of shady websites to trick people searching for information about certain drugs with shaky links to COVID-19 treatment, according to a new report. President Donald Trump has repeatedly promoted antimalarial drugs chloroquine and…",https://www.businessinsider.com/shady-phishing-websites-pushing-hydroxychloroquine-chloroquine-scams-report-2020-4,https://i.insider.com/5e9492c873d0c86ad2633aa5?width=1200&format=jpeg,2020-04-13T21:11:15Z,"Without evidence, President Donald Trump has repeatedly endorsed antimalarial drugs chloroquine and hydroxychloroquine as experimental treatments for coronavirus in recent weeks.
Scientists say there isn't enough evidence to show that the drugs, which can have serious side effects, could treat or prevent COVID-19. But that hasn't stopped the president's remarks from gaining traction with people desperate for potential coronavirus treatments.
Google trends show huge spikes in interest for the two drugs in the past month. Other public figures with no medical background — including Brazilian president Jair Bolsonaro and Tesla and SpaceX CEO Elon Musk — have touted the drugs despite scientists' warnings, contributing to the hype.
Now, scammers are cashing in on the public's rising interest in the questionable coronavirus treatments.
Researchers with security rating service NormShield have identified at least 362 new websites pushing questionable coronavirus drugs that have appeared since January. The vast majority of them mention hydroxychloroquine or chloroquine, while others mention Remdesivir, a potential coronavirus treatment that's still in early testing. 
Fraudulent sites typically focus on phishing, or the practice of tricking people into hand over personal information. But many of the sites pushing questionable coronavirus treatments aim to extract money from victims, NormShield's Chief Security Officer Bob Maley said.
""In this particular cases, the purpose looks like monetary fraud — trying to get people to hand over money to ostensibly purchase these drugs,"" Maley told Business Insider.
Scammers are used to following news and search trends and exploiting them to make money from people's fears an interests. Coronavirus-related scams are no exception, Maley said, and the majority of the scam sites appeared after Trump began touting the antimalarial drugs in March.
""Where we really started to see the uptick was mid-March,"" he said. ""Elon Musk had tweeted about it, and also President Trump started talking about it, which is when it really took off.""
The sites most likely trick people into spending money on drugs without ever actually shipping any product to victims who fall for the scam. But more broadly, an increased interest in the drugs worldwide has caused a shortage for people who already take them to treat conditions like lupus. Scientists have also warned that misusing them can lead to dire side effects.
Read NormShield's full report here.
Loading
Something is loading."
11,"{'id': 'cnn', 'name': 'CNN'}","Jen Rose Smith, CNN","Airbnb further expands its coronavirus response, hosts complain","As coronavirus spreads across the globe, the vacation rental company Airbnb expanded its extenuating circumstances policy yesterday, allowing almost all travelers to cancel their reservations penalty-free.",https://www.cnn.com/travel/article/airbnb-coronavirus-global-policy-change/index.html,https://cdn.cnn.com/cnnnext/dam/assets/181207163405-airbnb-super-tease.jpg,2020-03-15T15:54:01Z,"(CNN) As coronavirus spreads across the globe, the vacation rental company Airbnb expanded its extenuating circumstances policy yesterday, allowing almost all travelers to cancel their reservations penalty-free.
Now, most travelers who booked with the company will qualify for penalty-free refunds for bookings. thousands of travelers are canceling their reservations and choosing to stay home. 
Here's what you need to know about booking with Airbnb: 
What is the extenuating circumstances policy?
The company can override those conditions with its Extenuating Circumstances Policy, and that's how many Covid-19-related cancellations may qualify for refunds.
When the Airbnb website recognizes that customers are traveling from or to certain affected areas, an automatic message is generated offering the chance to cancel without a penalty.
Even if travelers don't receive that automated message, they may still cancel their reservation and submit a request for a refund within 14 days of cancellation. 
As President Trump's Schengen Area travel ban goes into effect, and confirmed cases of Covid-19 in the United States rise, Airbnb has made the area covered by the extenuating circumstances policy global. 
All reservations made before March 14th, with check-in dates from March 14th through April 14th, qualify for penalty free cancellations. Both hosts and guests may choose to cancel the booking. 
Airbnb experiences, where travelers can book tours, classes and workshops, are also covered by the new policy. 
The sole exception is for domestic travel in mainland China. On April 1st, standard cancellation policies are back in effect there. 
Not every travel company is offering exceptions for coronavirus cancellations. The vacation rental property Vrbo has not offered any Covid-19-related exceptions to its cancellation policy.
In a March 14th letter, Vrbo president Jeff Hurst recommended that travelers reach out to homeowners to request a penalty-free cancellation.
Addressing homeowners in a letter on March 12th, Hurst suggested that they remain open to such requests. ""In the spirit of good hospitality,"" he wrote, ""we strongly encourage you to offer a full refund."" 
Travelers aren't the only ones feeling the pain of canceled trips. Thousands of Airbnb hosts across the globe are coping with lost income. 
On Airhosts forum, a popular platform for Airbnb hosts, users are sharing their concerns about the financial impact of refunding money. 
In some cases, the 50% deposits paid by guests might be hundreds or even thousands of dollars, money hosts must now return when travelers cancel their bookings whether or not they're in an area impacted by coronavirus. 
On March 14th, the short-term vacation rental group purchasing organization Host GPO posted an open letter to Airbnb about the new refund policy. 
""Extending refunds to practically everyone through April 1st,"" they write, ""will be absolutely devastating to hosts."" Arguing that the decision is a break with company policy, the letter asks that Airbnb reconsider. 
""To prevent hosts from losing their livelihoods, it's important to make sure that hosts survive the unprecedented onslaught of cancellations."""
12,"{'id': 'business-insider', 'name': 'Business Insider'}",Charlie Wood,"Apple has reopened its 42 retail stores in China, after closures to counteract the spread of COVID-19","Apple is reopening all 42 of its stores in China, having closed some in early February as a precaution against the coronavirus. A company spokesman confirmed to Reuters that the stores will all reopen Friday. In late February, Apple CEO Tim Cook said he was ""…",https://www.businessinsider.com/apple-reopens-all-42-retail-stores-in-china-2020-3,https://i.insider.com/5e6b4cd284159f4faf6c4b02?width=1200&format=jpeg,2020-03-13T10:15:17Z,"Apple is reopening all 42 of its retail stores in China.
A company spokesman confirmed to Reuters that the stores will reopen Friday. Some had been closed in early February as a precaution against the coronavirus.
Apple had warned in mid-February that it would not meet its March revenue guidance thanks to the store closures, and production slowdown thanks to the coronavirus outbreak in China.
Later that month, Apple CEO Tim Cook said he was ""very optimistic"" China had the coronavirus under control, citing reductions in the numbers of new cases being recorded in the country.
Cook added that many suppliers to Apple have reopened factories in the country. Crucially for Apple, this includes its biggest iPhone manufacturer, Foxconn, whose founder said Thursday that production at its factories had returned to normal.
The reduction in new cases cited by Cook appears to be continuing, too. Wuhan – the Chinese city where the virus originated – reported fewer than 10 new cases for the second day in a row on Friday, while no locally-transmitted contractions of the virus were reported in the rest of China.
The number of new cases outside China is continuing to rise. On Wednesday, the World Health Organization's director-general, Dr. Tedros Adhanom Ghebreyesus, said that outside China, the number of cases of the virus increased 13-fold in a fortnight.
Apple did not immediately respond to Business Insider's request for comment."
13,"{'id': 'business-insider', 'name': 'Business Insider'}",Rhea Mahbubani,"With 3,405 COVID-19 deaths, Italy has surpassed China as the country with the highest coronavirus death toll","Italy's coronavirus outbreak hit a tragic milestone Thursday: The nation surpassed China as the country with most coronavirus-related deaths. Local news agency Corriere della Sera reported that Italy's death toll has reached 3,405, while its caseload has surg…",https://www.businessinsider.com/italy-surpasses-china-highest-coronavirus-death-toll-2020-3,https://i.insider.com/5e73b0e70c2a6207f4609829?width=1200&format=jpeg,2020-03-19T17:55:00Z,"Italy's coronavirus outbreak hit a tragic milestone Thursday: The nation surpassed China as the country with most coronavirus-related deaths.
Local news agency Corriere della Sera reported that Italy's death toll has reached 3,405, while its caseload has surged to 41,035. The COVID-19 virus, which originated in Wuhan late last year, has killed 3,249 Chinese citizens, according to data from John Hopkins.
On Wednesday, Italy recorded the highest single-day death toll of any country since the coronavirus outbreak began: 475 deaths. 
Even at the height of China's outbreak, its highest single-day death toll was 150, on February 23. Spain recorded 209 deaths on Thursday, but that's still far less than Italy's number.
Italy's 60 million residents have been on lockdown since March 10. It's underfunded healthcare system is collapsing under the strain of an unending stream of patients, insufficient beds, and lack of medical resources.
The coronavirus has now infected more than 230,000 people worldwide and killed at least 9,300 others. 
Shayanne Gal/Business Insider"
14,"{'id': 'business-insider', 'name': 'Business Insider'}",Tim Levin,United Auto Workers union confirms the death of third Fiat Chrysler plant worker due to COVID-19,"A Fiat Chrysler employee who worked at the company's Warren Truck assembly plant in Michigan died Wednesday of COVID-19, the disease caused by the novel coronavirus, United Auto Workers union President Rory Gamble said in a statement. As of Thursday, three FC…",https://www.businessinsider.com/uaw-confirms-a-third-fiat-chrysler-plant-worker-has-died-from-covid-19-2020-3,https://i.insider.com/5e7d0f45487c2203890de843?width=1200&format=jpeg,2020-03-26T21:16:29Z,"Another Fiat Chrysler Automobiles employee has died due to COVID-19, the disease caused by the novel coronavirus, United Auto Workers President Rory Gamble said in a statement on Wednesday. The announcement brings the number of known FCA workers who have died as a result of the disease to three. 
""One of our members at FCA Warren Truck in Michigan passed away today due to the Coronavirus,"" the statement read. ""On behalf of myself and the entire International Executive Board, I want to extend our sincerest sympathies to the family and friends of our dear member.""
In the statement, Gamble added that ""today FCA officials sent home the few remaining Mopar workers at the parts-distribution center in Center Line, Michigan, after at least one employee tested positive for the virus."" That facility, Gamble said, was being operated by paid volunteers and is being deep cleaned. 
The announcement follows Tuesday's news that two FCA plant workers — one at the company's Kokomo, Indiana, facility and another at its Sterling Heights, Michigan, plant — had died of the disease. According to Automotive News, those two employees were the first known US auto workers to have died from it. 
Last week, the Big Three US automakers — Ford, General Motors, and Fiat Chrysler — committed to a full shutdown of North American plants in an effort to slow the spread of the novel coronavirus, which has, as of this publishing, infected more than 521,000 people and killed more than 23,000 worldwide. The UAW had been pushing the Big Three to close US plants for days as new cases of the virus among auto workers continued to grow. 
""Today's action is the prudent thing to do,"" Gamble said following the Big Three's announcement of plant closures in North America. ""By taking a shutdown and working through next steps, we protect UAW members, their families and the community."" 
But on Thursday, tensions between the UAW and Ford began to rise again following the manufacturer's announcement that it would restart production at some plants — with additional safety measures in place — to generate extra cash flow. 
""The UAW continues to review with great caution and concern decisions being made about restarting workplaces, especially at advanced dates,"" Gamble said in a statement. ""The only guideline in a boardroom should be management asking themselves, 'Would I send my family — my own son or daughter — into that plant and be 100% certain they are safe.'""
Loading
Something is loading."
15,"{'id': 'business-insider', 'name': 'Business Insider'}",Áine Cain,Stranded Holland America cruise ship with 2 confirmed COVID-19 cases will be allowed to cross the Panama Canal,"The MS Zaandam, a Holland America cruise ship with two confirmed cases of COVID-19 onboard, will be permitted to transit the Panama Canal, according to a statement put out by the Panama Canal Authority. ""The Panama Canal is preparing to facilitate the transit…",https://www.businessinsider.com/stranded-holland-america-cruise-ship-okayed-to-cross-panama-canal-2020-3,https://i.insider.com/5e7ff63b0c2a62539b0c58f3?width=1200&format=jpeg,2020-03-29T02:01:08Z,"The MS Zaandam, a Holland America cruise ship with two confirmed COVID-19 cases onboard, will be permitted to transit the Panama Canal, according to a statement from the Panama Canal Authority.
""The Panama Canal is preparing to facilitate the transit of the Zaandam through the waterway, after receiving authorization from Panama's Ministry of Health,"" a Panama Canal Authority spokesperson said in a statement sent to Business Insider.
Holland America did not immediately respond to Business Insider's request for comment.
The Panama Canal Authority is the autonomous legal body responsible for operating the canal. In a March 27 statement, a Panama Canal Authority spokesperson told Business Insider that, as per Panama's Ministry of Health's protocols, ""if a vessel has individuals who have tested positive for COVID-19 on board, it cannot make any port operations or transit the Canal.""
But now, with the authorization of Panama's Ministry of Health, the ship will be ""scheduled for transit after entering Canal waters,"" according to the statement. The statement said that the Zaandam was originally scheduled to transit the canal on April 1.
The Zaandam is now anchored outside Panama Canal waters, undergoing a Panama Maritime Authority-approved operation in which healthy passengers are being moved to Holland America's MS Rotterdam. It has therefore not had its transit scheduled yet.
""Traveling through the Panama Canal will allow the Zaandam to save two days in their journey back to Florida,"" the statement from the Panama Canal Authority's spokesperson said.
Holland America confirmed that four passengers have died on board the ship, while two individuals have tested positive for COVID-19. The Zaandam has been stranded off the coast of South America and Central America after different ports began closing to cruise ships due to coronavirus concerns. A bout of respiratory disease then broke out on the ship, prompting 138 sick passengers and crew members to report to the vessel's medical center.
The cruise on the Zaandam was scheduled to last 14 days, embarking from Buenos Aires, Argentina, on March 7. For some passengers, the cruise would end after 14 days in San Antonio, Chile. For others, it was due to April 7 in Fort Lauderdale. Those plans were diverted because of the coronavirus pandemic, and the cruise ship rerouted its course to sail north to an undetermined destination. 
Are you a cruise ship employee or passenger? Email acain@businessinsider.com.
The Panama Canal supports all efforts being made to ensure an expedited return home for cruise passengers and crew on Holland America's Zaandam.
The Panama Canal is preparing to facilitate the transit of the Zaandam through the waterway, after receiving authorization from Panama's Ministry of Health.
The cruise ship is currently anchored outside Panama Canal waters, where passengers are being transferred to Holland America's Rotterdam, as part of an operation approved by the Panama Maritime Authority (AMP).
The ship will be scheduled for transit after entering Canal waters, which has not occurred to-date. According to the Zaandam's itinerary, the vessel was originally scheduled to transit on April 1.
Traveling through the Panama Canal will allow the Zaandam to save two days in their journey back to Florida."
16,"{'id': 'business-insider', 'name': 'Business Insider'}",James Pasley,Trump retweeted a threat to fire Fauci after he said the US's slow response to COVID-19 has cost lives,"On Sunday, President Donald Trump retweeted a call to fire Dr. Anthony Fauci to his 76.8 million followers. The tweet was in response to Dr. Fauci telling CNN earlier in the day that ""no one is going to deny"" that lives could have been saved if the US impleme…",https://www.businessinsider.com/trump-retweets-threat-fire-fauci-2020-4,https://i.insider.com/5e93bc1d92e8ba2eb2585f24?width=1200&format=jpeg,2020-04-13T01:53:57Z,"President Donald Trump retweeted a call to fire Dr. Anthony Fauci, the US government's top infectious disease doctor who has so far lasted six presidential administrations, to his 76.8 million followers.
On Sunday, Trump, who is in damage control mode over the US's slow response to dealing with the COVID-19, reshared a tweet about firing Dr. Anthony Fauci, the director of the National Institute of Allergy and Infectious Diseases since 1984 and one of the top experts on Trump's coronavirus task force, who helped tackle the AIDS, Zika, and Ebola epidemics.
The tweet, which was written by Republican DeAnna Lorraine who is running for Congress, said: ""Fauci is now saying that had Trump listened to the medical experts earlier he could've saved more lives. Fauci was telling people on February 29th that there was nothing to worry about and it posed no threat to the US public at large."" Lorraine's tweet included a hashtag that said: ""Time to #FireFauci.""
It's been about two months since the US's first cases, and 22,023 have died from the virus and 555,398 have been infected, according to data from Johns Hopkins University.
Only a week earlier, Trump stopped Fauci from telling reporters what he thought about using hydroxycloroquine, an anti-malaria drug, on patients with COVID-19. Trump has been vocal about his support for the drug, repeatedly asking: ""What do you have to lose?""
It's not clear whether his retweet is more than a vague threat, but five days ago, he got rid of Glenn Fine, the acting inspector general at the Department of Defense, who had been tasked with overseeing the implementation of the $2 trillion coronavirus stimulus package.
Before that, on April 3, he fired intelligence community inspector general Michael Atkinson, who had alerted Congress about the whistleblower's complaint that accused Trump of soliciting foreign election interference.
Trumps' retweet was in response to Fauci speaking to CNN on Sunday, as well as a New York Times report from Saturday that outlined recommendations Fauci backed on February 21.
—Donald J. Trump (@realDonaldTrump) April 12, 2020
On Saturday, in stark contrast to Lorraine's tweet about Fauci saying the coronavirus posed no threat on February 29, The New York Times reported that Fauci, along with Trump's other top public health experts, said on February 21 that the administration needed to announce aggressive social distancing policies, even at the cost of disrupting normal life and the US economy. 
On Sunday, Business Insider reported Fauci told CNN's ""State of the Union"" earlier in the day that ""no one is going to deny"" that lives could have been saved if the US implemented containment measures earlier on in the novel coronavirus outbreak.
Fauci said fewer people would have died if the Trump administration had announced isolation measures in February instead of late March after fielding warnings from public health officials.
""As I've said many times, we look at it from a pure health standpoint,"" he said. ""We make a recommendation. Often the recommendation is taken. Sometimes it's not. But it is what it is. We are where we are right now.""
Loading
Something is loading."
17,"{'id': 'the-next-web', 'name': 'The Next Web'}",The Conversation,Coronavirus: Epidemiologist debunks 3 myths about how animals transmit diseases,"As global COVID-19 cases top two million, it’s humbling to remember that it all started when one person got infected by one wild animal. We may never find out precisely where or when it occurred, nor the animal which was responsible. But we do know that these…",https://thenextweb.com/?p=1286409,https://img-cdn.tnwcdn.com/image/tnw?filter_last=1&fit=1280%2C640&url=https%3A%2F%2Fcdn0.tnwcdn.com%2Fwp-content%2Fblogs.dir%2F1%2Ffiles%2F2020%2F04%2FCopy-of-Copy-of-Copy-of-Copy-of-Copy-of-Copy-of-...-2.png&signature=89fc3779924445638b789cc74e942816,2020-04-20T08:30:43Z,"As global COVID-19 cases top two million, its humbling to remember that it all started when one person got infected by one wild animal. We may never find out precisely where or when it occurred, nor the animal which was responsible. But we do know that these spillover events are the starting points of many outbreaks, from influenza to HIV and from SARS to COVID-19.
Zoonotic diseases are caused by pathogens which originate in other animal species. Some diseases, such as rabies, cause sporadic outbreaks, often self-contained but deadly and traumatizing for the communities they infect. Others manage to spread worldwide and become pandemic, circulating in the global population. Some are repeat offenders that re-emerge from animal hosts in a mutated form every few decades think influenza, plague and cholera.
Many others are now part of our burden of endemic diseases, such as measles, mumps or HIV. The coronavirus causing COVID-19 is closely related to those that caused the SARS (severe acute respiratory syndrome) pandemic in 2003. Despite speculation, its too early to tell whether COVID-19 will disappear within a year or stay with us permanently like the flu.
Either way, we can expect new strains of coronavirus to spill over from wildlife in the future. Countless pathogens jump across animal species on a daily basis most of the time with no visible effect. But increasingly, these pathogens are taking advantage of the new opportunities that humans have created as they reshape the natural environment. In this fraught atmosphere, its natural for misconceptions to circulate, so heres what we know about how new diseases jump from animals to people.
Bush meat and wet markets
Its often assumed that close contact with wild animals is necessary for zoonotic outbreaks like Ebola or COVID-19 to occur. Activities like hunting, butchering and trading wild animal meat for human consumption carry a high risk of exposure to pathogens, but we dont know how often they actually cause diseases. Bats are popular game in several African and Asian countries, where some species weigh over 300g and roost in their thousands in trees. As a result, bat hunters are at particular risk of infection, although there is little evidence to suggest hunters themselves may have been the source of past Ebola outbreaks.
In some countries, live animals destined for human consumption are traditionally sold in wet markets, potentially bringing zoonotic viruses from the forest into towns. But footage of exotic wild animals, sometimes endangered, sold live on overcrowded market stalls, misrepresent a niche trade as mainstream activity.
Surveys in China and Vietnam have shown that wild meat is mainly eaten in restaurants, mostly from wild pigs, goats, deer and birds, all of which are commonly farmed not unlike what happens in Europe. As for bats, which are sold in their tens of thousands in Ghana, they are already dead, eviscerated and smoked by the time they reach market stalls, hence posing a very low risk of infection to consumers.
Vectors
More common routes of spillover do not require direct contact with animals at all. Many emerging diseases are transmitted by biting insects that act as vectors between animal host species. For example, Lyme disease, caused by bacteria found in wild mammals and transmitted to humans by ticks, has been increasing in North America and Europe in the last 30 years. Although this increase is often thought to be driven by deer hunting, studies suggest that the growing abundance of small mammals may be spreading the disease as their natural predators decline.
Ticks can transmit the bacteria that causes Lyme disease when they bite humans. KPixMining/Shutterstock
Other pathogens are excreted in the urine or faeces of their animal host, contaminating drinking water or crops for humans and farm animals. This has been seen in Bangladesh, where bats drink from and urinate into vessels collecting palm sap, causing outbreaks of Nipah virus in local communities.
Domestic animals
Although wild animals transmit zoonotic viruses, people are much more frequently in contact with domestic animals, creating ample opportunities for disease spillover. Poultry can spread bird flu, and there have been sporadic (and often deadly) outbreaks of H5N1 or H7N9 strains in the last 20 years, leading to mass culls in farms.
Although less lethal, bacteria such as salmonella and campylobacter, commonly found in farm animals, cause thousands of cases of food poisoning in the UK alone. Even normally harmless bacteria may acquire antibiotic resistance genes in farms that use lots of antibiotics. Outside Europe, antibiotics are often added to animal feed as growth promoters, potentially helping to incubate multidrug-resistant bacteria in livestock.
How to prevent zoonotic disease outbreaks
There are no simple solutions to prevent zoonotic outbreaks, but researchers in our Bat-One-Health consortium are studying how to reinforce three particular lines of defence.
Preserving ecosystems and restoring natural habitats can ensure animals dont need to forage near where humans live. Risky behaviours that expose people to pathogens can be reduced not by imposing harmful bans on wild meat but through community engagement thats respectful of different livelihoods and cultural practices. Most importantly, governments must invest in public health and surveillance where they are needed most.
Understanding how new viruses make the jump from animals to humans can help lower the risk of future pandemics, but it will mean dispelling misconceptions about where most transmission occurs and avoiding knee jerk reactions.
This article is republished from The Conversation by Olivier Restif, Alborada Lecturer in Epidemiology, University of Cambridge under a Creative Commons license. Read the original article.
Corona coverage
Read our daily coverage on how the tech industry is responding to the coronavirus and subscribe to our weekly newsletter Coronavirus in Context.
For tips and tricks on working remotely, check out our Growth Quarters articles here or follow us on Twitter."
18,"{'id': 'the-next-web', 'name': 'The Next Web'}",The Conversation,How South Korea identified and tracked people who may have been infected with coronavirus,"As countries around the world consider how best to reopen their countries, it’s worth considering how South Korea has been able to “flatten the curve” and even hold parliamentary elections without resorting to lockdowns. After seeing an initial spike in COVID…",https://thenextweb.com/?p=1287805,https://img-cdn.tnwcdn.com/image/tnw?filter_last=1&fit=1280%2C640&url=https%3A%2F%2Fcdn0.tnwcdn.com%2Fwp-content%2Fblogs.dir%2F1%2Ffiles%2F2020%2F04%2FCopy-of-Copy-of-Copy-of-Copy-of-Copy-of-Copy-of-...-5-1.png&signature=1008630debb4a67089705209d4285e64,2020-04-27T09:47:19Z,"As countries around the world consider how best to reopen their countries, its worth considering how South Korea has been able to flatten the curve and even hold parliamentary elections without resorting to lockdowns.
After seeing an initial spike in COVID-19 infections in February, South Korea implemented several measures to bring the diseases spread under control, a progression Ive followed as a researcher on public policy. South Korea was able to lower the number of new infections from 851 on March 3 to 22 infections as of April 17 and the mortality rate from COVID-19 hovers around 2%.
Several measures contribute to Koreas success, but two measures were critical in the countrys ability to flatten the curve: extensive testing for the disease and a national system for promptly and effectively tracking people infected with COVID-19.
Testing and triage
From the 2015 MERS outbreak, Korea learned that infection to medical staff sapped the ability to control the virus as infected citizens in hospitals turned them into hotspots for infection. As a result, at the onset of COVID-19 infection, the Korean government ensured that proper personal protective equipment was provided to avoid infection to the medical staff. It also created physically separated testing and treatment sites for health care workers.
Once safe testing and treatment facilities were secured, the government began testing for COVID-19 at massive scale over 440,000 people which essentially covered all those with symptoms. People who test positive are quarantined in COVID-19 special units and treated.
South Korea was able to hold a national election on April 15, because it has been successful in containing the spread of COVID-19. AP Photo/Lee Jin-man
South Korea focuses attention on treating people with severe symptoms and therefore less likelihood of recovery, rather than focusing on people with mild symptoms. This helped lower the mortality rate of COVID-19, as some of the most vulnerable populations with severe symptoms recovered. Countries focusing their effort on treating patients with a greater likelihood of survival may lead to a higher mortality rate as more vulnerable patients perish.
Extensive testing is a crucial step in identifying the state of the infection in the country where the outbreaks are taking place, who is infected and who is not. This data then becomes a stepping stone for identifying any hotspots of infection in the country and to trace and identify the population that came in contact with those infected.
COVID-19 contact tracing system with roots in MERS
What distinguishes the Korean model in controlling COVID-19 is its ability to trace individuals diagnosed with the disease who may have come into contact with the infected individuals. Its known as the COVID-19 Smart Management System (SMS).
South Koreas Centers for Disease Control and Prevention (KCDC) runs the contact tracing system that uses data from 28 organizations such as National Police Agency, The Credit Finance Association, three smartphone companies, and 22 credit card companies to trace the movement of individuals with COVID-19. This system takes 10 minutes to analyze the movement of infected individuals. For people who come in contact with an infected person, the KCDC informs the local public health center near the infected citizens residence and the health center sends the notification to them. If they test positive, they are hospitalized at the COVID-19 special facilities. Those without symptoms are asked to remain self-quarantined for 14 days.
The legal basis for accessing such personal information was prepared after the 2015 MERS outbreak when the government learned that tracing the movement of infected individuals and people who came in contact with them is crucial. As a safety measure, only epidemic investigators at KCDC can access the location information and once the COVID-19 outbreak is over, the personal information used for the contact tracing will be purged.
Could the US emulate South Korea?
South Koreas model relying on rapid testing availability, safe COVID-19 medical facilities and a government-run contact tracing system helps avoid an authoritarian approach of shutting down an entire city as we have seen in China. A forced lockdown has democratic and human consequences of restricting individual freedom and stockpiling. It may have lasting consequences in the post-COVID-19 world such as the abuse of political power and the threat to freedom through intrusive surveillance.
Currently, the U.S. is considering re-opening the country or states out of concern over the economy. But without effective measures in place to contain the virus, it may lead to exponential growth in infection again.
Epidemiologists have said the key to defeating COVID-19 pandemic is in identifying hotspots of infection and severing the vicious cycle of infection. An effective contact tracing system is a crucial component in this approach and this can be potentially emulated in the U.S.
The U.S. has the necessary technology and data and the government could form a partnership with the relevant entities, such as credit card and telecommunications companies, law enforcement, health care, and other related public and private organizations to create a COVID-19 contact tracing system. With the help of such a system, the government could identify the infected population and hotspots, trace and quarantine them for treatment in medical facilities that are, with the governments continued effort, supplied with the necessary PPE.
At the citizen level, the practice of wearing masks and social distancing should be strongly encouraged to prevent infection while the government tries to flatten the curve.
Currently, there is a sense of normalcy returning to South Korea. No cities are under lockdown, the restaurants, churches, bars, gyms, and learning institutes are allowed to open if they observe the government quarantine guidelines, trains, and buses run on schedule, grocery stores are fully stocked, and the country just successfully held parliamentary elections in mid-April. Citizens wear masks and exercise social distancing at all times which helps prevent further infection. South Koreas approach to COVID-19 with its focus on technology suggests a possible path for the U.S. in reopening the country without having to subject citizens to the coercive authority of the state and compromise our democratic ideal.
This article is republished from The Conversation by Michael Ahn, Associate Professor and MPA Graduate Program Director, University of Massachusetts Boston under a Creative Commons license. Read the original article.
Corona coverage
Read our daily coverage on how the tech industry is responding to the coronavirus and subscribe to our weekly newsletter Coronavirus in Context.
For tips and tricks on working remotely, check out our Growth Quarters articles here or follow us on Twitter."
19,"{'id': 'business-insider', 'name': 'Business Insider'}",David Slotnick,Boeing is temporarily closing its factories across Washington state after an employee died of COVID-19 (BA),Boeing will suspend production at its Washington state facilities for two weeks in an effort to slow the spread of the novel coronavirus. The company operates two major factories and several smaller facilities in the Puget Sound area. The announcement comes o…,https://www.businessinsider.com/boeing-factories-close-washington-puget-covid19-coronavirus-2020-3,https://i.insider.com/5e78ed55ba85ee7d6b784962?width=1200&format=jpeg,2020-03-23T17:25:52Z,"Boeing said on Monday that it would suspend production at its facilities in Washington state for two weeks, citing the ongoing novel coronavirus outbreak.
The announcement came one day after an employee from the company's Everett, Washington, plant died of COVID-19, the illness caused by the novel coronavirus. The worker, who was not immediately named, was the first death from the virus among the company's workforce.
There were 29 confirmed cases of the virus among Boeing's employees as of Sunday, the Seattle Times reported. 24 of those were in the Puget Sound area of Washington.
In a press release, the company said that affected employees who could not work from home would continue to be paid for 10 business days, covering the entire suspension period.
""These actions are being taken to ensure the well-being of employees, their families and the local community, and will include an orderly shutdown consistent with the requirements of its customers,"" the press release said.
""This necessary step protects our employees and the communities where they work and live,"" Boeing CEO Dave Calhoun said in the release. ""We continue to work closely with public health officials, and we're in contact with our customers, suppliers and other stakeholders who are affected by this temporary suspension.""
About 70,000 employees work at the two major factories and several smaller facilities in the Puget Sound region. The company's other production sites, in Missouri, South Carolina, Arizona, and Pennsylvania, will remain open.
Washington, which has been among the hardest-hit states so far, was the first to declare a state of emergency.
Loading
Something is loading."
