,source,author,title,description,url,urlToImage,publishedAt,content
0,"{'id': 'business-insider', 'name': 'Business Insider'}",Tyler Sonnemaker,"Elon Musk has delivered 1,000 ventilators to help California hospitals treat COVID-19 patients, according to Gov. Gavin Newsom","California has received 1,000 ventilators provided by Elon Musk to help hospitals treat patients diagnosed with COVID-19, Governor Gavin Newsom said Monday. ""They've arrived in Los Angeles... It was a heroic effort,"" Newsom said. Musk has repeatedly downplaye…",https://www.businessinsider.com/elon-musk-ventilators-coronavirus-gavin-newsom-arrived-california-2020-3,https://i.insider.com/5e795f670c2a6272ca06de67?width=1200&format=jpeg,2020-03-24T01:40:58Z,"Tesla and SpaceX CEO Elon Musk has followed through on his promise to deliver 1,000 ventilators to help California hospitals treat patients diagnosed with COVID-19, Governor Gavin Newsom said during a press conference Monday.
""I told you a few days ago that [Musk] was likely to have 1,000 ventilators this week,"" Newsom said, adding: ""They've arrived in Los Angeles... It was a heroic effort.""
Last week, after Newsom said he had spoken with a ""well-known entrepreneur"" about ventilators, Musk hinted that plans for production were already underway at Tesla factories, tweeting: ""We're working on ventilators, even though I think there will not be a shortage by the time we can make enough to matter.""
Musk has repeatedly downplayed the severity of the coronavirus pandemic, calling the panic surrounding it ""dumb"" and falsely claiming that children are ""essentially immune"" to the virus, despite evidence to the contrary. Musk also initially hedged his promise about producing ventilators just minutes after making it, speculating that there wouldn't be a shortage after all — also flying in the face of experts' predictions.
A February report from the Center for Health Security at Johns Hopkins estimated the US has about 160,000 ventilators ready for use in hospitals, with another 8,900 held in a national reserve. But one expert warned that, as the virus continues to spread across the US, one million Americans could need the life-saving devices.
In response to that potential shortage, General Motors and Ford have both said they will help produce ventilators as various sectors of the US economy reconfigure themselves to help meet the surging demand for medical supplies.
Loading
Something is loading."
1,"{'id': 'business-insider', 'name': 'Business Insider'}",Charles Davis,Top Democrat joins immigration judges in calling for courtrooms to be closed during the COVID-19 pandemic,"While many hearings have been postponed, the vast majority of US immigration courts remain open for business. In San Francisco, where there is a local order to ""shelter in place"" and a state-wide order to stay home, Judge Dana Leigh Marks told Insider that sh…",https://www.businessinsider.com/covid-19-feinstein-asks-immigration-courts-to-close-amid-pandemic-2020-3,https://i.insider.com/5e740a78c485401ee36567e2?width=1200&format=jpeg,2020-03-27T02:08:22Z,"The top-ranking Democrat on the Senate Judiciary Committee is calling on the US Department of Justice to immediately shutter the nation's immigration courts, echoing calls from judges, prosecutors, and immigrant rights advocates alike.
Despite the COVID-19 outbreak, the vast majority of US immigration courts remain open; the government has postponed some cases but proceeding with hearings for detained persons.
In a March 25 letter addressed to Attorney General William Barr, Sen. Dianne Feinstein, of California, says such matters — ""bond hearings for adult detainees and emergency hearings for children"" — should, instead, be handled via teleconference.
""The benefit for reducing the risk to public health outweighs pressing forward with non-critical matters during this pandemic,"" Feinstein added.
—Senator Dianne Feinstein (@SenFeinstein) March 26, 2020
A spokesperson for Feinstein said the senator has not yet received a response to her letter.
The Department of Justice did not immediately respond to a request for comment.
Judge Dana Leigh Marks, whose court in San Francisco remains open despite a local order to shelter in place, told Insider that little has changed since and the National Association of Immigration Judges, where she serves as president emerita, last week called for her courtroom — and all 60-plus immigration courtrooms that still remain open — to be shuttered during the coronavirus pandemic.
The Executive Office for Immigration Review, the arm of the Department of Justice that oversees the immigrant court system, has started to implement telework, Marks said, ""but it is going forward at glacial speed.""
""We continue to advocate for a complete closure of all courts,"" she said, ""for two to four weeks, until the medical experts weigh in on what measures need to be taken to flatten the curve and protect all in our courtrooms from unnecessary medical risks.""
In the past week, suspected COVID-19 cases have caused the temporary closure of immigration courts in New York, New Jersey, and Colorado, the Associated Press reported. 
According to EOIR, just six out of the 68 US immigration courts are closed right now, and one of those is opening back up on March 30.
Have a news tip? Email this reporter: cdavis@insider.com
Loading
Something is loading."
2,"{'id': 'business-insider', 'name': 'Business Insider'}",Paulina Cachero,JetBlue bans a passenger who tested positive for COVID-19 but only told the crew after flying,"An unidentified man boarded a JetBlue plane flying from New York City to West Palm Beach, Florida, while awaiting results from a coronavirus test. The passenger notified the crew after landing at West Palm Beach international that his results came back positi…",https://www.businessinsider.com/jetblue-bans-man-with-covid-19-for-telling-crew-after-flight-2020-3,https://i.insider.com/5e6b9a3084159f19bd6f2c15?width=1200&format=jpeg,2020-03-13T15:01:31Z,"Jet Blue has banned an unidentified passenger after he allegedly boarded a plane from New York City to West Palm Beach, Florida, after testing positive for COVID-19. He only informed the crew of his test results after the plane had landed.
""Last night's event put our crew members, customers, and federal and local officials in an unsettling situation that could have easily been avoided, and as such, this customer will not be permitted to fly on JetBlue in the future,"" the airline said told CNN in a statement Thursday.
The man boarded JetBlue flight 253 at John F. Kennedy Airport and landed at West Palm Beach International Airport on Wednesday night along with 114 other passengers. According to JetBlue, he did not alert anyone at the airline that he had taken a test for COVID-19.
Passenger Scott Rodman, who was sitting next to the man's wife, told WPTV that the wife had told him that they knew about his positive test results before the flight left JFK. 
""His wife was sitting in the same row as me and mentioned to others that he wasn't feeling well,"" Rodman, who wore gloves and a mask on the flight, told WPTV. ""She said he had gotten a phone call with his test results right before we had taken off, implying that he had a positive test but not actually saying it.""
Upon arrival, the passenger notified the crew that he had tested positive for the coronavirus. The Port Authority of New York and New Jersey immediately began to clean the areas he came into contact with based on security footage, including gates, security checkpoints, check-in counters, kiosks, elevators, and restrooms, CNN reported.
The other passengers on JetBlue flight 253 were briefed by local health officials on the plane for nearly two hours after the plane landed just before 9 p.m. 
""Passengers in the vicinity of the positive patient were advised of monitoring procedures,"" Palm Beach County Fire Rescue said in a statement to ABC news.""The rest of the passengers were released to go home,"" and instructed to call the local health department with any other concern. 
The Palm Beach International Airport temporarily closed down Concourse A for sanitizing after passengers on the same flight exited the area. However, the airport will continue operating as normal the day after the incident, CNN reported. 
The passenger's condition and his whereabouts remain unclear. The Centers for Disease Control and Prevention has recommended those at high risk of getting sick from COVID-19 to avoid non-essential air travel.  New York is one of at least 30 states that have declared a state of emergency in the wake of the coronavirus pandemic. The virus has swept the country, infecting at least 1,700 and killing 48. New York has reported 328 cases as of March 13."
3,"{'id': 'business-insider', 'name': 'Business Insider'}",Laura Grace Tarpley,"In response to COVID-19, Bank of America is offering deferrals on home loans, auto loans, and credit cards","In response to COVID-19, Bank of America is offering payment deferrals for home loans, auto loans, and credit cards for up to 90 days. If you are still facing financial hardship after 90 days, Bank of America will consider further payment assistance on a case…",https://www.businessinsider.com/bank-of-america-covid-19-2020-4,https://i.insider.com/5e8c96b3c0232041502db814?width=1200&format=jpeg,2020-04-07T21:09:25Z,"Bank of America recognizes that many of its borrowers are losing work amid the COVID-19 outbreak — and, as a result, struggling to make payments on loans they've taken out with the bank.
Bank of America offers three types of personal loans: home loans, auto loans, and credit cards. The bank is offering deferment on all three loans for customers in good standing. 
How to apply for loan deferment through Bank of America
Bank of America is offering up to 90 days of deferment for home loans, auto loans, and credit cards. The bank is not pausing any payments automatically — you must apply manually.
To apply, visit the bank's coronavirus response page and select ""request payment deferral"" near the top of the page. This link will lead you to a deferral application for all three types of loans.
""Bank of America is deferring mortgage payments for up to 90 days or until the crisis is over,"" Bank of America representative Bill Halden told Business Insider.
If you're still struggling financially due to the coronavirus after 90 days, contact Bank of America. The bank will handle these instances on a case-by-case basis.
Deferral is available for customers who are current on their loan payments. There is a little leeway — for example, if you're only a week late on your payment, you should still qualify for deferral.
Bank of America deferments for each type of loan
Deferred home loan payments will be tacked onto the end of your loan term
You can apply for deferral on your Bank of America home loan, including mortgages, home equity loans, and home equity lines of credit.
If you defer your Bank of America home loan, interest will continue to accrue. The missed payments are tacked onto the end of your loan term, which means you won't have to pay the total amount after the deferment period ends, but the term of your loan will lengthen. 
You don't have to skip payments completely when you defer. You may choose to make smaller payments each month or to pay the lump sum at any time.
Bank of America will not report late or missed payments to credit bureau agencies. The bank also will not foreclose on your home or evict you.
If you have a home loan through federal mortgage companies Freddie Mac or Fannie Mae, Bank of America will follow those companies' policies on handling home loans during the pandemic. Federal policies regarding home loans are changing frequently, so check the Freddie Mac or Fannie Mae websites to ensure you have up-to-date information.
If you want to talk to a Bank of America representative about your home loan, call 1-(800)-669-6650.
Auto loan deferrals work similarly to home loan deferrals
Bank of America's policies for auto loans are similar to to its policies for home loans. You can request extended payment assistance if you continue to face hardship after the 90-day deferment period, and you can make modified payments at any time.
As with home loan payments, interest will continue to build, and any payments you miss will be added to the end of your loan term.
To speak with a representative about your auto loan, call 1-(800)-386-4017.
Credit card payments are on hold
Credit card payment deferrals work a little differently than home or auto loan deferrals. When you a pay off a credit card, you don't have a strict due date that you're expected to pay off the loan, like with other types of loans (although it's always best to pay your monthly bill in full, if you can). So when you defer your Bank of America credit card payment, your payments aren't tacked onto the end of a loan. Payments are just on hold until the deferral period ends.
Remember that interest still accrues during the deferral period, and rates are typically higher than home or auto loan rates.
To speak with a Bank of America representative about your credit card payments, call 1-(888)-800-5160.
Loading
Something is loading.
Do you have a personal experience with the coronavirus you'd like to share? Or a tip on how your town or community is handling the pandemic? Please email covidtips@businessinsider.com and tell us your story.
And get the latest coronavirus analysis and research from Business Insider Intelligence on how COVID-19 is impacting businesses.
Get the latest Bank of America stock price here.
The information related to the following cards has been collected by Business Insider and has not been reviewed by the issuer: Chase Freedom Unlimited®, Chase Freedom®, Chase Slate®, Ink Business Preferred® Credit Card
 Ink Business Cash Credit Card, Ink Business Unlimited Credit Card, Southwest Rapid Rewards® Premier Business Credit Card, Southwest Rapid Rewards® Performance Business Credit Card, IHG® Rewards Club Traveler Credit Card, United ClubSM Infinite Card, United Business Card, British Airways Visa Signature® Card, The World Of Hyatt Credit Card, Citi Diamond Preferred Card, Citi Rewards+ Card, Citi Rewards+ Student Card, CitiBusiness AAdvantage Platinum Select World Mastercard, Citi AAdvantage Executive World Elite Mastercard, American Airlines AAdvantage MileUp Card, Citi Secured Mastercard, Costco Anywhere Visa Business Card by Citi, Citi Prestige Credit Card, Citi Premier Card"
4,"{'id': 'business-insider', 'name': 'Business Insider'}",Don Reisinger,Germany has remarkably few COVID-19 deaths. Its healthcare system shows how Germany prevented a runaway death toll.,"Germany has had remarkably few COVID-19 deaths, which experts attribute partly to its high number of hospital beds and ICU beds. The country was also quick to roll out reliably tests for the coronavirus and initiate strict social distancing measures to preven…",https://www.businessinsider.com/why-germany-has-a-low-covid-19-mortality-rate-2020-4,https://i.insider.com/5e8656c5ba85ee1aa23b7f7f?width=1200&format=jpeg,2020-04-02T21:43:50Z,"With a combination of widespread testing and a robust healthcare system, Germany has provided a potential template for how countries can adapt to the coronavirus threat and blunt its impact. 
Here's how Germany turned itself around as one of the European countries with the highest number of COVID-19 cases to having one of the lowest mortality rates of COVID-19 worldwide.
January: Germany's unconcerned about coronavirus
In January, when COVID-19 was ravaging China, Germany still regarded the illness as a far-off, and likely minor, threat. In late January, German Health Minister Jens Spahn said that COVID-19 posed a very low health risk.
But it took just a few days for signs of trouble to erupt. Germany had discovered its first few COVID-19 cases by January 27, but thought they were little more than local threats that could be easily managed.
Germany wasn't the only country with this reaction. On January 22, US President Donald Trump was asked whether he was worried about the coronavirus outbreak. ""It's one person coming in from China, and we have it under control,"" Trump said. ""It's going to be just fine.""
At the time, Germany and the US seemed to be on the same page.
February: Germany has one of the highest infection rates in the world
Over the course of February, the situation had changed dramatically in Germany. 
The coronavirus threat was increasing by the day and with 48 confirmed cases by February 28, Germany had the second-highest number of cases in Europe behind Italy's 644 cases. It was also just behind the 60 cases confirmed in the US.
That seemed to be the point at which Germany and the US started to diverge in their response to COVID-19. Just two days prior, on February 26, Trump said that the US coronavirus threat was ""going down, not up."" The next day, he said the threat would, ""like a miracle,"" evaporate.
But Germany sprung into action. 
Late February and early March: Germany's forceful and rapid response
By the time Trump made his comments, Germany was already taking action to address the coronavirus threat.
In late February, the country extended school and daycare facility closures and required anyone who had contact with confirmed cases to remain in isolation for 14 days. Even in unconfirmed cases — those who had been near someone with coronavirus-like symptoms — were told to self-isolate. 
Meanwhile, the government said that it would limit outside travel into the country and begin acquiring protective medical equipment to prepare for the COVID-19 fight. Along the way, despite an inability to get rapid test results, Germany was ramping up its testing efforts.
""Germany was able to react to the situation unfolding in China in January and have testing established by mid-February,"" said epidemiology professor at Yale School of Public Health Nathan Grubaugh. ""They could do this in part because Germany doesn't have a centralized diagnostic system so labs around the country were free to establish tests."" In fact, as of April 2, private labs in Germany have helped the country test 1 million people for COVID-19. 
Germany was one of the first countries to develop a  testing system for COVID-19. It's capacity to test for COVID-19 early on meant that Germany could ""get a much better handle on who was infected, isolate contacts, and treat those who need care,"" Jennifer Kates, the senior vice president and global health and HIV policy director at the Kaiser Family Foundation said.
March 9-10: The first deaths
Despite widespread testing efforts, the German coronavirus outbreak continued. 
By March 9, Germany had approximately 1,200 cases and had recorded its first two deaths. The same day, the US had accumulated 950 cases and 28 deaths. German chancellor Angela Merkel and her administration told Germany that they would need to do ""everything possible"" to slow the coronavirus spread and save lives and announced that gatherings of more than 1,000 people would be shut down.
This was 7 days before Trump recommended social distancing measures based on CDC guidelines.
But perhaps what has contributed to Germany's low death rate most is an ace up its sleeve that many other countries can't match: An extremely high bed-to-person ratio. According to data from HealthSystemTracker, Germany has 8.1 hospital beds per 1,000 people and 6.1 ICU beds per 1,000 people. Italy has 3.2 hospital beds per 1,000 and 2.6 ICU beds per 1,000.
The US has 2.8 hospital beds per 1,000 and 2.4 ICU beds per 1,000 people.
""Germany hospital capacity surpasses that of many other countries,"" Kates said. It's been a key factor in saving lives and not overwhelming a strained healthcare system.
March 17: A bigger risk — and problems testing
On March 17, the Robert Koch Institute, which monitors public health across the country, changed COVID-19's health risk to ""high"" in Germany. 
The German government said that because of a lag of about three to four days between testing and results, it believed the real number of cases was higher than the recorded 7,000, or so. Germany quickly expanded the number of COVID-19 beds by 1,000 to accommodate extra needs.
In the ensuing days, more curfews and quarantines went into effect. Social distancing, a core component in any country's battle with COVID-19, was further tightened as schools, daycare facilities, and other gathering limitations were extended. At the right time, Germany responded forcefully, experts said.
""The factors [in Germany's success] have not been in place in other settings,"" Kates said. ""The US has largely bungled its testing effort and Italy's hospitals have been overwhelmed. These are very hard barriers to overcome once countries are at this point."" 
But Germany wasn't done. 
March 22: A widespread crackdown
By March 22, Germany's cases hovered at around 25,000, but deaths were just 86 — a fatality rate of approximately 0.3% that easily outpaced China, Italy, and nearly every other country around the world.
That day, the German government announced that people would need to remain six feet apart, and gatherings of more than two people were forbidden. Germans were also asked to stay home, unless necessary.
It was a move made just a day after Italy announced similar national restrictions on movement and non-essential business activity. But by then, the differences between Germany and Italy were stark: Italy reached more than 59,000 cases that day and nearly 5,500 deaths.
In the US, the coronavirus battle was ramping up. On March 22, the US 140 deaths that day and 557 cumulative fatalities. A mortality rate of 1.2%. This is partly due to the country's slow roll out of tests early on, Grubaugh said. 
Late March into April: Questions abound
Statistics indicate that Germany is in a far better place than many of the other developed countries worldwide. And testing may be central to its success.
Late last month, Germany said that it could conduct 160,000 tests each week, and has been able to test more than 2,000 per million people. It's now using rapid testing to identify patients within hours, and it's not letting up.
""It's becoming clear that the countries that rolled out rapid wide-scale testing are the ones that are also controlling the virus better,"" Grubaugh said. 
""If countries that have yet to see surging cases can implement early widespread testing, isolation of those infected and contact tracing, coupled with shoring up their health system capacity, they can see success,"" Kates said.
Germany hit all the right marks. But the fight remains.
Experts cautioned that Germany may not have reached its peak. The country added about 4,000 new cases on March 28. On March 30 cases were up 4,600 to a cumulative total of 61,913.
Meanwhile, deaths are increasing. On March 29, Germany recorded 66 deaths due to COVID-19. That figure increased 128 on March 30. Germany's death rate is now 1.2% -- still lower compared to many other parts of the world.
It's unclear what might be happening in Germany and whether the worst is behind the country. But there are clear indications that this story is far from over.
""Germany is not out of the woods yet,"" Kates said.
Loading
Something is loading."
5,"{'id': 'business-insider', 'name': 'Business Insider'}",Melanie Haiken,"Used in large-scale ventilation systems worldwide, bipolar ionization could be a secret weapon in the war against COVID-19","Bipolar ionization technology releases charged atoms that attach to and deactivate harmful substances like bacteria, mold, allergens, and viruses. It first arrived in the US in the 1970s as a tool to control pathogens in food manufacturing. Bipolar ionization…",https://www.businessinsider.com/bipolar-ionization-could-be-a-secret-weapon-against-covid-19-2020-4,https://i.insider.com/5e8cead473d0c8760b2d4745?width=1200&format=jpeg,2020-04-08T13:25:05Z,"Bipolar ionization is experiencing a surge in popularity as the coronavirus pandemic fans concerns about air quality.
Integrated into HVAC systems, the technology utilizes specialized tubes that take oxygen molecules from the air and convert them into charged atoms that then cluster around microparticles, surrounding and deactivating harmful substances like airborne mold, bacteria, allergens, and viruses.
They also attach to expelled breath droplets and dust particles that can transport viruses, enlarging them so they're more easily caught in filters. It's an active process that provides continuous disinfection.
""The ions produce a chemical reaction on the cell membrane surface that inactivates the virus,"" Philip Tierno, a clinical professor of microbiology and pathology at the NYU School of Medicine, told Business Insider. ""It can reduce 99.9% of microbes in a matter of minutes.""
The battle against the coronavirus could be an air fight 
Concerns about airborne transmission have grown as new research indicates the novel coronavirus can remain airborne longer and spread further than previously thought. Some experts now believe that just normal breathing can spread the virus.
""The possibility of aerosolized spread of COVID-19 and the ability of particles to hang in the air for extended periods of time would make the consideration of an active air-cleaning strategy even more prudent,"" Tierno said.
Long popular in Europe, bipolar ionization first arrived in the US in the 1970s as a tool to control pathogens in food manufacturing. It was effective during the SARS outbreak of 2004, as well as more recent outbreaks of MERS and norovirus and various strains of influenza.
Recent advances have made units cheaper and easier to install and companies are scrambling to test the technology against the coronavirus. According to Tierno, early results have been positive: ""Because coronaviruses are enveloped viruses, they are easier to kill compared to naked viruses like noroviruses.""
Many large venues already employ bipolar ionization
Hospitals including Johns Hopkins, Children's Hospital Boston and the University of Maryland Medical Center have already embraced the technology.
""Bipolar ionization has been used in healthcare for many years for many applications,"" Tony Abate, chief technical officer at AtmosAir Solutions, told Business Insider. ""We believe bipolar ion systems will become a standard in these critical environments to protect patients and staff.
Los Angeles International Airport is one of more than a dozen travel hubs with AtmosAir systems.
FG/Bauer-Griffin/GC Images
Terminals at LaGuardia, O'Hare, LAX, and San Francisco International Airport already have AtmosAir units in place. Tampa's Amalie Arena and the TWA Hotel at JFK airport are adopting bipolar ionization technology, as are large workplaces such as Google's headquarters in Chicago and San Jose.
There are also options for the home, including standalone portable devices and additions to HVAC systems.
""Events like this, unfortunately, act as a wake-up call to understand the implications of not addressing indoor air quality,"" Larry Sunshine, president of bipolar-ionization company Plasma Air, said. ""In the past, improving indoor air quality was oftentimes viewed as a luxury. Now it needs to be viewed as essential.""
Loading
Something is loading."
6,"{'id': 'business-insider', 'name': 'Business Insider'}",Aaron Holmes,Fauci says the government is considering giving out COVID-19 'immunity cards' as part of push to reopen the economy,"The federal government is weighing giving out certificates to people who have recovered from coronavirus, Dr. Anthony Fauci said Friday. The immunity cards could help the government keep track of who's already been infected as it attempts to restart the econo…",https://www.businessinsider.com/the-government-is-considering-covid-19-immunity-cards-2020-4,https://i.insider.com/5e91e22792e8ba4eda21cc33?width=1200&format=jpeg,2020-04-11T17:57:51Z,"People who recover from coronavirus could be given government-issued immunity cards in the future, National Institute of Allergy and Infectious Diseases director Anthony Fauci said Friday.
Fauci told CNN's New Day that the Trump administration is considering giving out certificates showing a person has previously had coronavirus and recovered, which could help reduce transmission as people return to work in the coming months.
""I mean, it's one of those things that we talk about when we want to make sure that we know who the vulnerable people are and not,"" he said. ""This is something that's being discussed. I think it might actually have some merit, under certain circumstances.""
Fauci added that the federal government is preparing to deploy a ""large number"" of antibody tests in the coming week, which the Food and Drug Administration is currently validating.
While existing coronavirus tests tell people whether they have the virus or not, an antibody test shows if someone has previously had the virus and recovered, which could mean they're immune. Deploying them would be a part of the next phase of the government's plan to reopen the economy.
""Within a period of a week or so, we're going to have a rather large number of tests that are available,"" Fauci said Friday.
The government is also exploring partnering with private sector companies to monitor the spread of the virus. Apple and Google are currently partnering for a contact-tracing program that will use Bluetooth data from people's smartphones to gauge whether they've come in contact with someone exposed to coronavirus.
CDC Director Robert Redfield told NPR on Thursday that ""very aggressive"" measures including contact tracing will be necessary for the US to return to normal.
Loading
Something is loading."
7,"{'id': 'business-insider', 'name': 'Business Insider'}",Charles Davis,"House Democrats introduce plan to pay Americans $2,000 a month until economy recovers from COVID-19 closure","The Emergency Money for the People Act, introduced by Reps. Tim Ryan and Ro Khanna, would give $2,000 a month to Americans over the age of 16 who make less than $130,000 a year. The payments would continue for at least six months, and until unemployment falls…",https://www.businessinsider.com/americans-would-receive-2000-a-month-under-house-democrats-plan-2020-4,https://i.insider.com/531c63d969beddf223d42ea8?width=1200&format=jpeg,2020-04-15T05:47:46Z,"Old enough to drive a car? Then you would be old enough to receive $2,000 a month under a plan introduced this week by two Democratic lawmakers in the House of Representatives.
Under the Emergency Money for the People Act, US citizens who are 16 or older — and make less than $130,000 a year — would receive cash payments from the federal government for at least six months, and until unemployment falls to pre-pandemic levels.
The bill was introduced Tuesday by Rep. Tim Ryan, a former presidential candidate associated with the moderate wing of the Democratic Party, and Rep. Ro Khanna, former co-chair of Sen. Bernie Sanders' recently-suspended campaign for president. It has 17 other cosponsors, all Democrats, including Rep. Barbara Lee, who helps lead the House Steering and Policy Committee.
In addition to the $2,000 payments to adults, qualifying families would receive $500 per child, with the money deliverable via direct deposit, check, or mobile apps such as Venmo.
""As millions of Americans file for unemployment week over week, we have to work quickly to patch the dam — and that means putting cash in the hands of hard-working families,"" Rep. Ryan said in a press release.
—Congressman Tim Ryan (@RepTimRyan) April 14, 2020
The bill comes as the IRS is about to begin mailing out checks approved by the recent COVID-19 stimulus package. Those will come printed with President Donald Trump's name on them, it was revealed this week.
But critics like Rep. Khanna argue those checks are an inadequate response to the crisis, which has forced more than 22 million people to file for unemployment over the last four weeks alone.
""A one-time, $1,200 check isn't going to cut it,"" Khanna said. ""Americans need sustained cash infusions for the duration of this crisis in order to come out on the other side alive, healthy, and ready to get back to work.""
Have a news tip? Email this reporter: cdavis@insider.com
Loading
Something is loading."
8,"{'id': 'business-insider', 'name': 'Business Insider'}",Shona Ghosh,"The UK scrambles to launch its COVID-19 contact-tracing app, after getting derailed by Apple and Google","The UK has a fight on its hands to launch its official coronavirus-tracing app in the coming weeks, thanks to limits set by Apple and Google on how such apps work. The government has already announced the app and it is thought to be in advanced stages of deve…",https://www.businessinsider.com/nhsx-contact-tracing-app-derailed-apple-google-bluetooth-system-2020-4,https://i.insider.com/5d41ac18100a246d1d7b35ea?width=1200&format=jpeg,2020-04-17T11:09:06Z,"The UK has a fight on its hands to launch its much-vaunted contact-tracing app, which would monitor people diagnosed with or reporting COVID-19 symptoms and alert those they had been in contact with.
The experimental digital arm of the NHS — NHSX — has been developing a tracing app for some weeks, but was blindsided by a joint announcement last week by Apple and Google on a contact-tracing system that sets limits on how invasive such apps can be on iPhones or Android devices.
Now there's a conflict between the political win of getting the app out on time, and actually ensuring it works properly.
Apple and Google are not building an app themselves, but released a set of privacy-focused APIs in May on which governments and public health agencies like the NHS can base their own contact-tracing apps.
A key advantage of the system is that approved contact-tracing apps will be able to run in the background. Contact-tracing apps mostly rely on Bluetooth scanning, which normally isn't permitted to run in the background on iOS. For example, Singapore's Bluetooth-based TraceTogether app reportedly requires the user to leave their phone unlocked to work properly — a privacy risk and a battery drain. Adopting the Apple and Google system means approved apps would work properly even when a phone is locked, making it more likely people would actually download them.
But in order to access this better functionality, governments and public health authorities must ensure their apps meet the tech giants' privacy standards. The idea here is to ensure governments don't push out highly invasive apps that track people's movements through location data, or build up centralized databases of people's medical information.
According to people familiar with the matter, the NHSX app may not meet Apple and Google's privacy restrictions but has already been announced by the government and is at an advanced stage of development. These people said NHSX is in discussions with Apple currently.
Loading
Something is loading.
Although the NHSX app is not expected to be especially invasive, sources suggested that NHSX's view of the ideal balance between specificity of tracing and privacy differs from that of Apple and Google. The cybersecurity arm of the UK's spy agency GCHQ, the NCSC, is also thought to be advising on the app.
Ross Anderson, a University of Cambridge professor who advised on the app's security and development, told BI that UK authorities want ""fine-grained"" contact tracing. The logic here is that it would enable the UK's epidemiologists to take more effective action in response to COVID-19.
Now it isn't clear that the app meets Apple and Google's standards, and whether it would work properly, particularly on the iPhone.
Anderson told Business Insider: ""The NHSX people [have] this delightful choice between an app that won't work... or an app that will run on the platform but won't enable them to do the epidemiology they want.""
Jon Crowcroft, Marconi professor of Communications Systems at the University of Cambridge, raised similar questions.
""Apple and Google's policies on all COVID-19 related apps was that if they came from a government health agency, subject to normal other checks, they'd be okayed,"" he told Business Insider, saying that it wasn't clear if the NHSX app might be blocked.
Ultimately, practicality may win out over politics. The obvious solution would be to rebuild the app on Apple and Google's APIs.
Another source said: ""Everyone expects the [Department of Health] to rewrite their app to use the API, and claim victory.""
NHSX and Apple did not return a request for comment."
9,"{'id': 'business-insider', 'name': 'Business Insider'}",Shona Ghosh,$2 billion telehealth unicorn Babylon Health has furloughed 5% of its staff in response to COVID-19,"Babylon Health, a UK startup best known for providing medical consultations via video, has furloughed 5% of its staff in response to COVID-19. Sources estimated the furloughs affected more than 100 staff. Babylon Health said it had seen an increase in demand …",https://www.businessinsider.com/babylon-health-furloughs-staff-cuts-coronavirus-economic-fallout-covid19-2020-4,https://i.insider.com/5dc4420a3afd3770935a1294?width=1200&format=jpeg,2020-04-17T16:06:58Z,"Buzzy $2 billion health startup Babylon Health has furloughed 5% of its staff in response to the COVID-19 pandemic, the company confirmed to Business Insider.
Furloughs in the UK mean temporary suspension of employment. The worker is still employed, but the government covers up to 80% of their salary to a maximum of £2,500 per month and they do not continue working. Employers can choose to cover the remaining 20%, or not.
Sources estimated that the furloughs had affected around 100 staff and said they took place in early April.
The changes impact front-of-house and office staff, since employees are working from home, as well as some engineers unable to be deployed to other areas of the business.
Babylon Health is headquartered in the UK, and is best known for its doctor app that provides medical consultations via video. It also offers health apps and services to clients such as Prudential. The company was last valued at $2 billion during a fund-raise in 2019, and has raised more than $600 million to date.
One source with knowledge of the matter said the 2019 fund-raise meant the furloughs came as a surprise. ""Everybody was surprised and thought the company should be able to sail through because most of it's app-based,"" the person said.
Loading
Something is loading.
However, even highly valued firms with plenty of cash runway are taking steps to cut costs. UK bank startup Monzo, another highly valued firm, has offered voluntary furloughs to staff and its CEO will not take a salary for a year.
The source added that Babylon Health had expanded rapidly over the last year, saying they had seen 30 people join its London office in a single day.
The company has offices in the UK, US, Rwanda, Canada, and Singapore.
A spokesman for Babylon Health said: ""Whilst we've seen large increases in demand for our core services, there are parts of our work that have had to be paused during these extraordinary times.
""As a result, like every other company, we've had to make some difficult decisions and have placed around 5% of our employees on furlough. This includes our office facilities team, and people working on certain non-core or older technology developments. We're making additional top-up payments for lower-earning employees to try to minimise any hardship.""
Babylon Health has been prominent in the news during the pandemic, rolling out new apps and services in response to COVID-19. CEO Ali Parsa also met with UK Prime Minister Boris Johnson in March along with other healthtech startups to discuss the rollout of coronavirus testing, an increasingly painful political issue for the government.
The firm has also come under scrutiny for its behavior over the past few years. One of the firm's products, an ""AI chatbot"" which triages patients, has been repeatedly criticized by clinicians for its accuracy. When one UK clinician highlighted problems with the chatbot in September 2019, Babylon Health put out a press release describing him as a troll.
The UK's current health secretary, Matt Hancock, who is prominent in leading the country's response to the pandemic, has also been criticized for openly endorsing Babylon Health and its ""GP at Hand"" video consultation app."
10,"{'id': 'the-next-web', 'name': 'The Next Web'}",The Conversation,Coronavirus: Is this the moment of maximum risk?,"It seems that the UK is over the peak of the COVID-19 outbreak in terms of both cases and numbers. Many other countries are in the same situation. This is undoubtedly good news, but it’s perhaps not as good as many might hope. Indeed, in his first speech afte…",https://thenextweb.com/?p=1288423,https://img-cdn.tnwcdn.com/image/tnw?filter_last=1&fit=1280%2C640&url=https%3A%2F%2Fcdn0.tnwcdn.com%2Fwp-content%2Fblogs.dir%2F1%2Ffiles%2F2020%2F04%2FCopy-of-Copy-of-Copy-of-Copy-of-Copy-of-Copy-of-...-9.png&signature=4536cae09e1fb9042242fb86f05392c1,2020-04-28T14:30:50Z,"It seems that the UK is over the peak of the COVID-19 outbreak in terms of both cases and numbers. Many other countries are in the same situation. This is undoubtedly good news, but its perhaps not as good as many might hope. Indeed, in his first speech after recovering from COVID-19 on Monday, the UKs Prime Minister Boris Johnson called it the moment of maximum risk.
Number deaths reported in hopsitals in England aggregated by date of death shows that we are clearly over the peak. https://www.england.nhs.uk/statistics/statistical-work-areas/covid-19-daily-deaths/
Part of the reason he defined it as such is because the peak that the UK has passed is, in many senses, artificial a result of the stringent lockdown measures citizens have been forced to endure for the last month. This is not the same peak from the flatten the curve rhetoric of early government briefings.
The aim of flattening the curve seemed to be to allow the disease to spread through the population slowly enough that, eventually, a large proportion of people in the country would have had the disease, while the peak demand on the health service was kept at a manageable level.
If herd immunity having a sufficiently large proportion of the population that has recovered from the disease with immunity to deny the virus the fresh susceptible people it needs to propagate was not explicitly the stated aim, certainly none of the flatten-the-curve schematics acknowledged the possibility of a second peak. It seemed to be suggested that, at the end of this flatter peak, most restrictions might be lifted and life might go back to normal.
An early infographic purporting to display a flattened epidemic curve. In reality the scale of Healthcare capacity is massively overestimated.
This is not what the UK has achieved. It would have needed extremely finely calibrated interventions to slow down the infection rate to just the right degree to keep the disease in check while still allowing some transmission. Most cartoon schematics (like the one above) that illustrate flattening the curve are misleading. The peak would need to be way lower. And to imbue the population with herd immunity at such a slow rate of spread, it would also have taken far longer. A realistic comparison of the expected peak demand on UK critical care beds and the potential capacity is given in the figure below.
Critical bed capacity falls dramatically below the peak demand without intervention. Author created
Far from the inert firebreak promised by herd immunity, the vast majority of the UK population are probably still susceptible to the disease a tinder box just waiting for a spark to reignite it.
The way out
The reproduction number of the disease tells us how many people a single infectious person will infect on average at a given point in time. If the reproduction number is above one, the disease will take off. If its below one, the disease will die out as each new infectious person passes the disease to fewer than one other person on average.
The reproduction number depends on three factors: the transmissibility (how easily the disease passes between people); the infectious period (the longer it is, the more chances there are for an infectious person to pass on the disease); and the number of susceptible people in the population.
The aim in eradicating the pandemic is to alter one or more of these factors in order to bring the reproduction number permanently below one. The infectious period is largely beyond our control (certainly without effective antivirals). Transmission can be significantly reduced by the strict social distancing, quarantine and isolation rules many of us are currently subject to. We have succeeded in temporarily reducing transmission and bringing the reproduction number below one, which in turn has led to a decline in cases of COVID-19.
But for things to return to normal, the only real strategy is to bring down the number of susceptible people. This is the reason why vaccination can wipe a disease out. It effectively reduces the susceptible population. Without a vaccine, though, the only other way to derive immunity is to have the disease. For COVID-19, rough estimates suggest that we need up to 60% of the population to have had the disease to achieve herd immunity.
So although we are slowly descending from the peak of the first small ridge of the epidemic, without the large number of people gaining immunity through having the disease, the mountain metaphor is unhelpful. The laws of epidemic gravity wont help to pull us down on this descent. If the UK relaxes social distancing now, while most of the population is still susceptible, it runs the very real risk of a second wave.
A better analogy would be to the decelerating influence of a parachute. Social distancing and other measures have slowed the spread to a point at which the impact of the disease is currently manageable. But cut the parachute too early, before the danger is averted, and the outbreak will accelerate again.
The end of the beginning?
Thankfully, the peak the UK has experienced has had nowhere near the magnitude of the peak that would have hit had the virus been allowed to pass through the population unhindered. Instead, it has been brought under control and the health service has been protected. The consequence, however, is that the vast majority of the population remain susceptible.
A second wave isnt inevitable, but unless the UK can scale up its ability to test, isolate and trace contacts of infected people, putting out each new fire at source, then a significant loosening of restrictions will inevitably have to be re-tightened as cases begin to grow again.
Famously, after a significant victory against Rommels forces at El Alamein in 1942, Churchill said, in the context of the tide turning in the Allies favor during the second world war: Now this is not the end. It is not even the beginning of the end. But it is, perhaps, the end of the beginning.
Although the UK is over the peak of the first wave, in the context of the battle against COVID-19 we still have a long way to go before we draw close the end of the beginning, let alone the beginning of the end.
This article is republished from The Conversation by Christian Yates, Senior Lecturer in Mathematical Biology, University of Bath under a Creative Commons license. Read the original article.
Corona coverage
Read our daily coverage on how the tech industry is responding to the coronavirus and subscribe to our weekly newsletter Coronavirus in Context.
For tips and tricks on working remotely, check out our Growth Quarters articles here or follow us on Twitter."
11,"{'id': 'business-insider', 'name': 'Business Insider'}",Lydia Ramsey,"Blood clots are the latest life-threatening complication of the coronavirus, but doctors aren't sure how to treat them","<ul>
<li>We're still learning about all the terrible things the novel coronavirus does to human bodies. Doctors are unsure of the best way to treat it.</li>
<li>In the sickest patients who have COVID-19, the disease caused by the coronavirus, the disease affe…",https://www.businessinsider.com/coronavirus-blood-clot-complications-in-severe-covid-19-treatment-debate-2020-4,https://i.insider.com/5e90adfd0b3c9b51ea7e1f07?width=1200&format=jpeg,2020-04-19T13:05:00Z,"Dr. Alex Spyropoulos is focused on one big question when it comes to patients who are severely ill with COVID-19, the disease caused by the novel coronavirus.
The question: If doctors give therapeutic doses of the blood-thinner heparin, do those doctors save the lives of COVID-19 patients? 
Spyropoulos is an expert on blood clots at Northwell Health in New York, and he said that's the single most important question he's come across in the time he's spent in his field.
As the coronavirus pandemic has spread, infecting millions globally and killing hundreds of thousands, doctors have been forced to rapidly figure out how to treat it without a vaccine or medicines that cure it. They're still not sure of the best way to get oxygen into the damaged lungs of the most severely ill patients, for example.
And now, they're learning that the respiratory disease appears to be impacting more than just the lungs, particularly in severe cases. Doctors have reported kidney issues, heart problems, and more recently, issues with blood clots appearing in different parts of the body. Not helping the matter, researchers have also reported complications that might make it harder for people to form blood clots in other hospitalized COVID-19 patients. 
Never miss out on healthcare news. Subscribe to Dispensed, Business Insider's weekly newsletter on pharma, biotech, and healthcare.
Typically, doctors like Spyropoulos prefer to rely on results from robust clinical trials to figure out whether treatments are effective. But because the virus is so new, trials are just getting started, with results expected in the coming months. 
""We're driving blindly based on what we call very weak but very compelling data,""  Spyropoulos said. 
In the absence of sturdy scientific evidence backing up whether one approach or another is best, doctors are debating the best way to treat the disease. Studies are ongoing looking into the answer to Spyropoulos's question, as well as whether clot-busting drugs — typically used to treat strokes — are a better approach.
Read more: There are more than 70 potential coronavirus vaccines in the works. Here are the top efforts to watch, including the 16 vaccines set to be tested in people this year.
'Remarkably high' incidence of clotting in COVID-19 patients
Early on in the coronavirus outbreak, doctors in the US were hearing from colleagues in China about the virus' effects on the heart, Dr. Thomas Maddox, who serves as chair of the science and quality committee of the American College of Cardiology, told Business Insider.
The effects seemed to be related to both a viral invasion of the heart and to the stress of fighting the respiratory disease.
With COVID-19, doctors are also seeing blood clots occurring in the lungs and bodies of patients on ventilators, Dr. Greg Martin, a professor of pulmonary critical care at Emory University and president-elect of the Society of Critical Care Medicine, told Business Insider.
Clots can wreak havoc on the body, traveling and blocking up veins, leading to strokes, heart attacks, kidney problems, lung problems, and more.
Loading
Something is loading.
Blood clots aren't uncommon in severely ill patients in intensive care units, or even in hospitalizations. While in the ICU, patients are typically on breathing support and sedated, which limits their ability to move as they heal. Staying still raises the risk of clots.
Read more: The US is sprinting to develop a coronavirus vaccine or treatment. Here's how 19 top drugmakers are racing to tackle the pandemic.
Northwell Health's Dr. Alex Spyropoulos with a colleague.
Northwell Health
Other viruses also raise the risk of clots
But doctors have a hunch that the virus might play a role in increasing the risk of clots, too.
""We think it's one of the most important, if not the most important, issue with respect to monitoring sick hospitalized COVID-19 patients,"" Spyropoulos said.
It wouldn't be the first time, he said. Doctors noted an elevated risk of clotting in patients with H1N1, or swine flu, as well as in the SARS outbreak, another coronavirus, in the early 2000s. 
With the novel coronavirus, more clots seem to be originating in the lungs, Spyropoulos said. 
In a recent observational study, Dutch researchers looked at 184 patients in the intensive care unit with coronavirus. About a third of them had a complication associated with a clot, such as clots in the lungs, clots in the legs, stroke, heart attack, or other clots cutting off blood to other parts of the body.
All were on preventive treatment intended to prevent clotting in the body.
That's a higher rate of problems than might typically be seen in patients in intensive care units, Spyropoulos said. Typically, he said, clotting rates in ICUs for different conditions are between 5-10%. The researchers called it ""remarkably high,"" recommending increasing doses of the blood-thinning medication.
To figure out the best way to treat patients, researchers are evaluating two options:
Making decisions in the absence of evidence
For now, most of the evidence doctors are using isn't much better than anecdotes. The ACC is currently reviewing recommendations on how to take care of the clotting complications seen in COVID-19 patients, but heart doctors won't have much evidence to guide them until they get clinical trial results, likely, in the second half of this year. 
""Our journals are inundated with essentially opinion pieces,"" Maddox said. 
To preventing clotting complications in COVID-19, Northwell's Spyropoulos has been relying on his clinical experience to make decisions. 
""If you have a deep experience in this field you can make reasonable assumptions and extrapolations and observations from indirect data,"" Spyropoulos said.
For the past month — partially while out sick with COVID-19 himself — he been working with the health system to adjust guidelines, stepping up preventive dosing of blood thinners and making sure doctors are more sensitive to signals that might indicate clotting, such as swelling in the legs of patients.
The health system has also been keeping tabs on signs of clotting once patients leave the hospital and prescribing blood thinners when patients are discharged. 
Clotting complications outside the hospital in COVID-19 patients
For now, most of the conversation is about what to do with blood clot complications in hospitalized patients. 
But, Spyropoulos said, there are two additional questions he's keeping his eye on.
One is whether clotting complications are happening in milder COVID-19 cases that don't require a hospital stay. That's a question that's far from being answered, particularly given the lack of routine testing available. 
The other question is whether blood clots are causing problems after COVID-19 patients leave the hospital, leading to sudden deaths. Spyropoulos said he's concerned about complications arising after patients are discharged. In early autopsy data from Northwell, there appear to be major clotting events like a massive heart attack or lung clots in 40% of patients who have died after leaving the hospital."
12,"{'id': 'the-verge', 'name': 'The Verge'}",Andrew J. Hawkins,Uber wants Congress to include protections for drivers in coronavirus stimulus package,"Uber is urging elected leaders in Washington, DC to include financial protections for drivers and delivery workers. It is also calling for legal fixes to allow it to continue to classify drivers as independent contractors while also providing some benefits.",https://www.theverge.com/2020/3/23/21190806/uber-coronavirus-driver-protections-economic-stimulus,https://cdn.vox-cdn.com/thumbor/t6sIhSKpgQau_Y1JIT7vryrM6n4=/0x254:3543x2109/fit-in/1200x630/cdn.vox-cdn.com/uploads/chorus_asset/file/19825675/1207939715.jpg.jpg,2020-03-23T15:47:45Z,"Photo by Jakub Porzycki/NurPhoto via Getty Images Uber is urging the White House and congressional leaders to include financial assistance for drivers and delivery workers in the economic stimulus package that is currently under debate. The company is also advocating for legislation that would require it to provide drivers with certain financial benefits while still classifying them as independent contractors. “protections and benefits for independent workers, not just employees” The appeal comes as Uber has seen a precipitous drop in ridership as a result of the pandemic. The company’s gross bookings in Seattle, a city hit hard by the novel coronavirus, is down by 60 to 70 percent, and Uber is assuming similar declines in other big cities like San Francisco, Los Angeles, and New York City. The company suspended its carpooling service, UberPool, in most major markets and is providing financial assistance for drivers who have contracted COVID-19, the disease caused by the coronavirus, or who have had their accounts suspended or been told to quarantine by public health officials. In a letter to President Donald Trump and congressional leaders on March 23rd, Uber CEO Dara Khosrowshahi said any economic stimulus should include “protections and benefits for independent workers, not just employees.” But Khosrowshahi insisted that he wasn’t seeking a handout for his company. 1/2 My request of America’s leaders: make sure @Uber drivers & delivery people, along with all independent workers in the gig economy and beyond, get immediate protection and support in COVID-19 stimulus packages https://t.co/SKBlOubxyY pic.twitter.com/U2xHPxQmyh — dara khosrowshahi (@dkhos) March 23, 2020 “My goal in writing to you is not to ask for a bailout for Uber, but rather for support for the independent workers on our platform and, once we move past the immediate crisis, the opportunity to legally provide them with a real safety net going forward,” Khosrowshahi writes. Khosrowshahi avoided prescribing a specific amount of money for gig workers, but he is broadly advocating that independent contractors should be included in any bailout measures for full-time employees. Some of these measures are already under debate. Senate Minority Leader Chuck Schumer (D-NY), with whom Khosrowshahi spoke over the weekend, is pushing for language that would expand and increase unemployment insurance for freelancers, in addition to other protections. Sensing that the novel coronavirus could present a unique opportunity to address one of Uber’s long-standing quandaries, Khosrowshahi is also calling for legislation that would amend existing labor laws to better suit its approach to worker classification. The company is under pressure in states like California, where a recent law is making it more difficult for gig economy companies to classify workers as freelancers, to completely change its approach to employment. The company, which has hemorrhaged money since its disastrous IPO last year, is dead set against classifying drivers as employees. “The economic challenges ahead of us mean America’s workers will need more opportunities to earn additional income, not fewer,” Khosrowshahi writes. “I am eager for us to work together to establish a new standard for flexible work, so that it benefits all who choose it and continues to be readily available to as many people as possible when they and our country need it most.” “Put simply, our laws should protect all workers, not just one type of work.” He adds, “Put simply, our laws should protect all workers, not just one type of work.” Khosrowshahi says Uber is “already working with lawmakers and Governors in various jurisdictions across the U.S. on similar legislation that would require companies like ours to provide protections and benefits to our independent contractors.” Uber’s state-by-state lobbying effort is mostly to avoid a repeat of what happened in California. In the run-up to the passage of AB5 in California, the company proposed paying drivers $21 an hour (but only while on a trip), providing them with sick leave and empowering them to “have a collective voice” — a nod toward drivers forming a union. But the proposal was disregarded; on September 18th, California Gov. Gavin Newsom signed AB5 into law. After the law was passed, Uber introduced some dramatic changes to its app in an effort to be in compliance. Now, Uber’s app displays prices differently, allows users to select preferred drivers, and discontinues some benefits associated with its driver rewards program. The company is betting that by giving drivers more control over their rides and making fares more transparent, they can avoid some of the repercussions of the law, which enshrines the so-called “ABC test” for determining whether someone is a contractor or employee. Khosrowshahi’s appeal to the Trump administration for legal support isn’t surprising given the federal government’s endorsement of Uber’s worker classification. Last year, the US Department of Labor issued an opinion stating that gig workers like Uber drivers are contractors ineligible for minimum wages and overtime pay. A federal judge ruled basically the same way in 2018 in what is said to be the first classification of Uber drivers under federal law. And more recently, the federal labor board’s general counsel said that Uber drivers are independent contractors, not employees of the ride-hailing company."
13,"{'id': 'time', 'name': 'Time'}",Gavin Yamey,To End this Pandemic We’ll Need a Free Vaccine Worldwide,"Until we end COVID-19 transmission across the planet, we are likely to keep getting multiple COVID-19 “waves”— that is, rolling, recurrent outbreaks. While no public health expert has a foolproof crystal ball, this scenario of repeated waves means that the li…",https://time.com/5820963/end-pandemic-free-vaccine-worldwide/,https://api.time.com/wp-content/uploads/2020/04/vaccine-testing-research-coronavirus.jpg?quality=85&crop=0px%2C0px%2C2400px%2C1256px&resize=1200%2C628&strip,2020-04-15T11:00:18Z,"Until we end COVID-19 transmission across the planet, we are likely to keep getting multiple COVID-19 “waves”— that is, rolling, recurrent outbreaks. While no public health expert has a foolproof crystal ball, this scenario of repeated waves means that the likely contours of the next one to two years are now coming into clearer view.
Right now, many countries including Italy, Spain, the United States, and the United Kingdom, are still struggling desperately to put out the initial fire. They are using suppression measures like stay-at-home orders as a fire extinguisher to smother transmission while urgently trying to ramp up their capacity to conduct testing, to manufacture and distribute personal protective equipment for health workers, and to treat people with COVID-19.
Once countries have achieved a sharp fall in new daily cases, protected all their health workers, scaled up their hospital capacity to deal with future COVID-19 outbreaks, and can conduct widespread and efficient testing, isolation of cases, and contact tracing, they can then start relaxing their lockdowns.
But even in this best case scenario, we are likely to see further outbreaks, and we may need to turn on the fire extinguisher again.
Turning the fire extinguisher on and off will buy us time until we develop a COVID-19 vaccine. If we develop a safe and highly effective vaccine, over time we will be able to vaccinate a high enough proportion of the world’s population to eliminate the risk of overwhelming epidemics. An effective vaccine will both prevent people getting COVID-19 and also curb transmission.
The good news is that the time from “lab to jab” could be as short as 12-18 months (though some experts predict it will take longer), a fraction of the time it took to develop an Ebola vaccine. Efforts to develop COVID-19 vaccines have been on the fastest trajectory in history. Just 63 days after China shared the genetic code of SARS-CoV-2, the virus that causes COVID-19, the first human trial began in Seattle, USA on March 16, 2020. Two days later a trial in China kicked off.
There are now at least 70 COVID-19 vaccines under development, including at my own university led by Bart Haynes at the Duke Human Vaccine Initiative. The Coalition for Epidemic Preparedness Innovations (CEPI), the Norway-based public-private partnership that develops epidemic vaccines, is aiming to mobilize $2 billion to make three vaccines available to the point at which they can be mass manufactured and deployed. The Biomedical Advanced Research and Development Authority (BARDA), part of the US Department of Health and Human Services, just announced a $1 billion partnership with J&amp;J to accelerate development of J&amp;J’s vaccine candidate.
The Bill &amp; Melinda Gates Foundation will help fund factories ready to manufacture seven of the vaccine candidates currently under development, even though only one or two candidates are likely to be successful, a strategy that Bill Gates acknowledges will lead to billions being spent on the abandoned five candidates. Losing a few billion dollars, he argues, is worth it compared to the trillions of dollars being lost economically by COVID-19.
The more vaccine development efforts there are underway, the greater the odds that a vaccine will be available in 12-18 months. Governments, philanthropies, academics, and industry should do everything they feasibly can to reduce those timelines further, if at all possible.
But there’s also bad news on the vaccine front. There’s no guarantee right now that when COVID-19 vaccines are ready, they will actually reach everyone who needs them. There’s a serious risk that rich countries will monopolize the vaccine, leaving poor countries behind. Such behavior by the rich world would not only be immoral but disastrous to their own health and recovery too, and the selfishness would upend our global efforts to shut down the pandemic once and for all.
We’ve seen this happen before. During the 2009 swine flu pandemic, rich countries like Australia, Canada, and the United States secured large advanced orders for the vaccine from manufacturers, and as a result poor countries received vaccines much more slowly and in smaller quantities. They were unable to vaccinate as many of their citizens.
And we’ve already seen recent signs of monopoly behavior by the rich. The Trump Administration reportedly tried to buy the German firm CureVac, which is developing a COVID-19 vaccine—a New York Times story said that the attempted purchased raised “fears in Berlin that President Trump was trying to assure that any inoculation would be available first, and perhaps exclusively, in the United States.” A researcher at the University of Copenhagen who is developing a vaccine with public funding from the European Union has been approached with large financial offers from companies wanting to buy the rights to his research. And rich countries are trying to monopolize other vital supplies, including face masks and critical medicines that are used to treat patients in intensive care, like antibiotics, blood pressure drugs, and sedatives.
We need to put a plan in place to make sure that everyone worldwide who needs the vaccine will be able to receive it, free at the point of care. What would such a plan look like?
Based on typical vaccine development success rates, it is reasonable to assume that at least one or two vaccines currently under development will prove to be safe and effective in large randomized controlled trials. Manufacturing capacity will need to be built worldwide so that the vaccine can be produced in bulk quantities. For this to happen, companies that know how to make COVID-19 vaccines will need to widely share their knowledge. The Director-General of the World Health Organization, Tedros Adhanom Ghebreyesus has called on “all countries, companies and research institutions to support open data, open science, and open collaboration so that all people can enjoy the benefits of science and research,” including by voluntarily sharing intellectual property on COVID-19 medicines, vaccines, and diagnostics.
Let’s assume, optimistically, that a billion doses of vaccine—whether from one or more vaccine producers—will be ready for use in 2021. Governments worldwide should club together into a “solidarity purchasing club” to make a large advanced purchase commitment, with countries contributing according to their means, to buy these billion doses and fund their distribution for prioritized populations worldwide. The vaccine should then be made free to recipients at the point of care and accessible just like your typical flu shot.
For this to happen, we’ll need vaccine manufacturers based in rich and poor countries to work in partnership with each other. No sole manufacturer on earth will be able to single-handedly make enough vaccine. The manufacturing of any successful vaccine will need to be globalized as quickly as possible. All vaccine developers receiving public funds must be prepared to support the necessary technology transfer arrangements to manufacturers worldwide.
We’ll then need a worldwide allocation system that is fair, transparent, and tailored towards ending the pandemic. It would make sense, for example, for the initial doses to go first to health workers and to countries that have an uncontrolled epidemic, then to the elderly and medically vulnerable, and finally to the whole population.
The Geneva-based organization Gavi, the Vaccine Alliance, which currently funds vaccinations in 73 low- and middle-income countries, is already helping to get these countries ready for the roll-out of COVID-19 vaccines. With sufficient donations from the public, philanthropic, and private sectors, Gavi could buy enough vaccine for all 73 countries. Other funders like the World Bank and the Global Fund will need to help fund vaccine delivery efforts.
Which brings us to the multi-billion dollar question. How much cash will be needed to buy enough vaccine? This all depends on the price of the vaccine.
In the current pandemic situation, many vaccine companies are receiving public funding for their efforts and should not be seeking a profit or price gouging. We cannot expect them to take a big financial hit, of course, but they should ideally sell the vaccine on a break-even basis. The manufacturers should commit to making the vaccine available at a price low enough to ensure truly global reach.
Given J&amp;J’s important partnership with BARDA, the company looks set to potentially be a key supplier of a vaccine. It was therefore encouraging to learn that if J&amp;J’s COVID-19 vaccine effort is successful, the company will sell it on a not-for-profit basis. But the price that J&amp;J is suggesting, of ten dollars a dose, would mean that the solidarity purchasing club would simply not be able to buy enough doses to distribute the vaccine to those who need it worldwide. Ten dollars would be just the price of the vaccine itself—there is an additional cost for the distribution. At a ten dollars per dose price, there would probably be no end in sight for the COVID-19 crisis.
Nobody can know so early in the development process what the final price of a new vaccine will be. It depends on many factors, such as how it is given (e.g. the number of doses), the complexity of the manufacturing process, and whether you need to add an ingredient called an adjuvant to boost the vaccine’s effectiveness. But when the world finally gets a safe, effective COVID-19 vaccine, fair allocation and fair pricing will be crucial for ending the COVID-19 pandemic.
Contact us at editors@time.com."
14,"{'id': 'time', 'name': 'Time'}",Brian Bennett,Mike Pence’s ‘High Risk’ Coronavirus Response Will Impact His Political Future—and American Lives,"The outbreak of the COVID-19 virus presents Vice President Mike Pence with the test of his career. In less than two weeks, he has had to learn about a fast-spreading, complicated viral outbreak and take control of the entire federal government response to it.…",https://time.com/5797572/mike-pence-coronavirus/,https://api.time.com/wp-content/uploads/2020/03/GettyImages-1205263297.jpg?quality=85&w=1024&h=628&crop=1,2020-03-06T16:08:01Z,"The outbreak of the COVID-19 virus presents Vice President Mike Pence with the test of his career. In less than two weeks, he has had to learn about a fast-spreading, complicated viral outbreak and take control of the entire federal government response to it. “Everything comes to Pence” on COVID-19, a White House official says, and “he’s coming up to speed from zero.”
That, for some, is cause to worry. For starters, President Donald Trump and his administration have gone further than recent American leaders to insert politics into once-shielded areas of government, from the Federal Reserve and foreign policy to homeland security and the courts. Even if Pence can resist the pressure to play politics with COVID-19, administration critics say, it’s not clear the Vice President has what it takes to lead the fight against a fast-moving epidemic that potentially threatens thousands of lives.
“There’s always a concern in an election year about the role politics plays in public policy,” says presidential historian Timothy Naftali. But the larger concern “is just incompetence,” Naftali says. “There is an understaffed government that hasn’t shown respect for expertise, scientific or otherwise. Right now, what the American people need is expertise.”
Trump hasn’t made matters any easier. Pence is in the unenviable position of having to convince the public he is listening to the best medical advice, while the President supplants evidence with gut instinct. Trump has repeatedly downplayed the danger posed by COVID-19 and its expected spread in the U.S., occasionally contradicting his own and other medical experts.
In a recent example, Wednesday night on Fox News, Trump said that thousands, or hundreds of thousands, of people get better from COVID-19 “just by, you know, sitting around and even going to work.” The Centers for Disease Control and Prevention (CDC) tells employers to encourage sick employees to stay home. Speaking to reporters during a primetime press conference on Feb. 26, Trump said, speaking about COVID-19 cases, “we’re going down, not up.” Within minutes, Dr. Anne Schuchat, the principal deputy director of the CDC, said health officials “do expect more cases.” During a March 2 White House meeting with pharmaceutical company executives, Trump said a vaccine could be ready in “months” and he’s “heard very quick numbers.” Trump’s head of National Institute of Allergy and Infectious Diseases, Dr. Anthony Fauci, spoke up, saying a vaccine could be ready in a year to a year-and-a-half “at the earliest,” adding: “Like I’ve been telling you, Mr. President.” 
Such conflicting public messaging can be dangerous in a crisis and was precisely the problem Pence was nominally brought in to fix. On Feb. 25, senior CDC official Nancy Messonnier roiled markets when she said COVID-19’s spread in the U.S. was “not a question of if but rather a question of when” and that the public should prepare. That same day Trump’s top economic advisor Larry Kudlow said on CNBC that the virus had been contained, there would be little economic fallout in the U.S., and the U.S. response was “pretty close to air-tight.” Kudlow felt blindsided by the CDC’s evaluation, a White House official says.
The mixed messages sparked a wave of criticism and Trump, returning from a visit to India, was furious at the growing perception that his administration didn’t have a handle on the outbreak. A day later, Trump brought in Pence to harmonize the administration’s messaging on the virus and to be a senior voice corralling multiple agencies to prepare and respond. In the process, Trump shunted aside the Secretary of Health and Human Services Alex Azar, a former drug company executive and lobbyist with extensive government experience who had been leading the effort.
Pence served as the governor of Indiana from 2013 until 2017 and oversaw the state’s response to the first U.S. case of MERS-CoV, or Middle East Respiratory Syndrome, a different type of coronavirus. White House aides believe that Pence’s experience as a governor will help him talk to regional leaders and orchestrate aid for state and local responses. But while he was Indiana governor, he also presided over budget cuts to local health and testing facilities that critics blamed for an uptick in HIV among intravenous drug users. “Right now he’s kind of the vice president without any meaningful portfolio, one of the least memorable and least effective vice presidents,” says presidential historian Douglas Brinkley, adding: “He’s in the Dan Quayle club of meaningless VPs.” 
So far, Pence’s strategy on COVID-19 has entailed a mix of inter-agency meetings, personnel moves and PR. In the week since Pence took over the federal response, he absorbed onto his team Deborah Birx, a respected public health expert brought to the White House from the State Department with a Rolodex full of health leaders around the world. He’s shuttled between meetings with health care and pharmaceutical executives in the West Wing and convened larger meetings at his office across an alley on the second floor of the Eisenhower Executive Office Building. And he’s made himself the face of the response, placing the Vice Presidential seal on the lectern in the White House briefing room during press conferences.
He’s convened meetings with long-term care providers, diagnostic lab companies, and airline CEOs to coordinate the response to the virus. “It’s safe to fly in America,” Pence told reporters after meeting with airline executives, even as health experts emphasize that viruses can be more readily transmitted on passengers airplanes. On Thursday, Pence flew to Maplewood, Minn. to 3M headquarters to talk about increasing face mask production for health care workers, and emphasized that the general public doesn’t need the masks.
Overall, Pence has received mixed to positive reviews from regional and other leaders, including Democrats. Pence visited Washington State on Thursday to talk to local leaders about the spike in COVID-19 infections in the Seattle area. During the visit, Jay Inslee, the Democratic governor of Washington State, who had tweeted last week that the Trump administration should “stick to science and tell the truth,” told reporters that he was getting good information from the federal government. Democratic Sen. Ben Cardin of Maryland gave Pence similarly positive reviews after he and an interagency team briefed Senators earlier in the week.
Messaging problems remain. On March 3, Pence had told reporters that the Trump administration was addressing the COVID-19 test kit shortage and had lifted restrictions on who could be tested with the limited supply. “Any American can be tested,” Pence had said, saying there would be “no restrictions, subject to doctors’ orders.” But without many labs or test kits available, the number of patients that should be referred for testing is still relatively small, Pence told reporters on Thursday. “We don’t have enough tests today to meet what we anticipate will be the demand going forward,” Pence said. According to the CDC, clinicians should “use their judgment to determine if a patient has signs and symptoms compatible with COVID-19 and whether the patient should be tested.”
Pence has a fair amount at stake in whether such measures work. He has been handed a national crisis and his success or failure could define the Trump Presidency—as well as his own future. He’s got the spotlight, but he’ll own the disaster if the outbreak is handled badly. “It is a high risk game for Pence because he’s operating on a superhighway with angry citizens and he very easily could become debris,” says the historian Brinkley. In an election year, with a particularly unforgiving boss, that’s a dangerous spot to be in. But not nearly as dangerous a spot as that of the thousands of Americans who may live or die on the competence of Pence’s performance.
Contact us at editors@time.com."
15,"{'id': 'time', 'name': 'Time'}",Jamie Ducharme,NYU Med School Will Graduate Students Early to Help New York Fight Coronavirus,"As COVID-19 continues to slam New York City hospitals, New York University’s Grossman School of Medicine this week took the dramatic step of letting its graduating class depart early to join the response effort. New York City has rapidly become a hotspot for …",https://time.com/5809630/nyu-medical-school-early-graduation/,https://api.time.com/wp-content/uploads/2020/03/nyu-langone.jpg?quality=85&w=1024&h=628&crop=1,2020-03-25T15:18:37Z,"As COVID-19 continues to slam New York City hospitals, New York University’s Grossman School of Medicine this week took the dramatic step of letting its graduating class depart early to join the response effort.
New York City has rapidly become a hotspot for COVID-19, with more than 15,000 of the world’s roughly 440,000 cases as of the morning of March 25. Doctors and nurses have been working around the clock to care for the surge of patients, canceling elective procedures and non-urgent appointments to free up bed space, protective supplies and staffing for acutely ill patients.
NYU’s action aims to add more physicians to the ranks.
“In response to the growing spread of COVID-19, and in response to Governor Cuomo’s directive to get more physicians into the health system more quickly, NYU Grossman School of Medicine and NYU have agreed to permit early graduation for its medical students,” an NYU spokesperson confirmed to TIME. The decision is subject to approval by the New York State Department of Education, Middle States and the Liaison Committee on Medical Education.
According to an email circulating on Twitter, the option is available to students in NYU’s class of 2020 who have met all graduation requirements and volunteer to work in the NYU hospital system’s internal or emergency medicine departments beginning in April.
NYU’s decision is just one example of COVID-19’s shakeup to medical education. “Match Day,” when graduating medical students learn where they will complete their residency training, is typically a ceremonious occasion, when classes gather to announce their matches. But this year, with most mass gatherings canceled due to the outbreak, Match Day was a remote affair for students like John Damianos, who learned by email, surrounded by family at home, that he will leave Dartmouth University’s Geisel School of Medicine to start an internal medicine residency at Yale University this summer.
“Many people are more excited about Match Day than even graduation,” Damianos says. “It was not the Match Day we expected, but we all understood the important need for canceling it.”
Now, Damianos and his colleagues are readying themselves to potentially enter the workforce earlier than expected, and under highly uncertain conditions. Dartmouth-Hitchcock Medical Center has leaned on medical students to carry out a number of support roles during the pandemic, and hospitals around the country have done likewise. Health care students in Minnesota’s Twin Cities, for example, have developed a childcare network for workers on the front lines.
Damianos, at least, says he’s ready to jump into patient care whenever the call comes.
“This is why I went into medicine: to help people, to serve as an advocate for public health,” he says. “This is it. This is the time to rise to the calling.”
Write to Jamie Ducharme at jamie.ducharme@time.com."
16,"{'id': 'time', 'name': 'Time'}",Mahita Gajanan,U.S. Stops Issuing Passports Except For ‘Life-Or-Death’ Emergencies,"The U.S. State Department has stopped issuing passports due to the COVID-19 pandemic, with exceptions for people who have a “qualified life-or-death emergency.” In a statement published March 27, the State Department advised Americans to avoid all internation…",https://time.com/5815035/us-state-department-passports-stop/,https://api.time.com/wp-content/uploads/2020/04/us-passport-state-dept-emergencies.jpg?quality=85&w=1200&h=628&crop=1,2020-04-03T14:51:00Z,"The U.S. State Department has stopped issuing passports due to the COVID-19 pandemic, with exceptions for people who have a “qualified life-or-death emergency.”
In a statement published March 27, the State Department advised Americans to avoid all international travel due to the spread of COVID-19, unless someone is experiencing an emergency and needs to travel within 72 hours.
Situations that qualify as “life-or-death emergencies” include serious illnesses, injuries or deaths among members of a person’s immediate family that requires travel outside of the U.S., according to the statement.
People who need a passport for emergency travel at this time are required to provide proof of the emergency, such as a death certificate or a signed letter from a hospital or doctor, along with proof of international travel, like a ticket or flight itinerary, and a passport application with supporting documents.
Routine applications or renewal requests for passports that come after March 20 will not receive expedited service, and the State Department has said regular service may be delayed.
Write to Mahita Gajanan at mahita.gajanan@time.com."
17,"{'id': 'engadget', 'name': 'Engadget'}",Jessica Conditt,Social distancing is pushing esports into the mainstream,"Industries around the globe have ground to a halt amid the coronavirus pandemic. Bars, restaurants, stadiums and factories have shuttered, and entire countries are on lockdown as citizens are ordered to stay home for weeks at a time in an attempt to control t…",https://www.engadget.com/2020-04-01-esports-coronavirus-ads-youtube-twitch-lcs-owl-nascar.html,https://o.aolcdn.com/images/dims?resize=1200%2C630&crop=1200%2C630%2C0%2C0&quality=80&image_uri=https%3A%2F%2Fs.yimg.com%2Fuu%2Fapi%2Fres%2F1.2%2Fx3jaJ8LrWSNIj1VQmfX4yQ--%7EB%2Fdz0xNjAwO2g9OTc0O2FwcGlkPXl0YWNoeW9u%2Fhttps%3A%2F%2Fo.aolcdn.com%2Fimages%2Fdims%3Fcrop%3D5760%252C3508%252C0%252C331%26quality%3D85%26format%3Djpg%26resize%3D1600%252C975%26image_uri%3Dhttps%3A%2F%2Fs.yimg.com%2Fos%2Fcreatr-images%2F2020-04%2Fd3b4c570-7440-11ea-9fff-aea9dc48ad55%26client%3Da1acac3e1b3290917d92%26signature%3D461172fffbb90055326924ad34d2d8fafe9fdbca&client=amp-blogside-v2&signature=85177fed47eecc9ed625c2a11394d3f9ce0887ce,2020-04-01T19:30:00Z,"Take NASCAR for example. When in-person races were canceled this year, NASCAR and Fox Sports announced the first-ever eNASCAR iRacing Pro Invitational Series, a simulation-style competition featuring stars like Dale Earnhardt Jr., Bobby Labonte, Kyle Busch and Denny Hamlin racing in digital vehicles. It was the first time many NASCAR fans -- and drivers -- were exposed to the magic of professional gaming.
The inaugural eNASCAR race aired on March 22nd and it was the highest-rated televised esports program to date, drawing in 903,000 viewers. It was also the most-watched sports broadcast that Sunday, and the most-watched program on its host channel, FS1, since most sports events were canceled on March 12th. The following race on March 30th clocked 1.33 million viewers, breaking the previous Sunday's record.
Torque Esports is running The Race All-Stars Esports Battle, an online event serving Formula 1, IndyCar, Formula E, NASCAR and other audiences in the wake of mass event cancelations. This event has already attracted new advertising partners including its first corporate sponsor, Jones Soda.
""We're in discussions with many brands at the moment who are looking at esports for the first time,"" Torque Esports CEO Darren Cox said, noting this is Jones Soda's first foray into the industry. ""Our goal, and this goes for streaming numbers and fan interest as well, is that the current situation doesn't become just a blip on the radar. We want to use this as a foundation to continue to grow the sport. Many brands remain in the discovery and education process at the moment, but they are liking what they see.""
I joined the world of Esports today. Thank you @wearetherace for organising the #LegendsTrophy &amp; giving a bunch of us old guys a chance to hang out &amp; race together again.I was delighted to get the win, thanks @BaseSimulators ,well done on the 1-2 finish with @DarrenTurner007 👊🏼 pic.twitter.com/ojuads0Xra
— Dario Franchitti (@dariofranchitti) March 28, 2020
This interest isn't limited to the racing genre. Vice President of Overwatch Esports at Blizzard Entertainment Jon Spector said, ""We are seeing an increased interest in gaming, streaming and esports overall,"" while LCS head Greeley said, ""We're seeing excitement in partnership discussions.""
Greeley noted that in 2019, Nielsen ranked the LCS as the third-most popular professional sports league in the US among 18- to 34-year-olds. This is a coveted market for advertisers, and a sign that esports were already on the radar of major sponsors. The coronavirus pandemic has only accelerated their involvement.
""We see this activity more as a continuation of sponsorship trends than a big change, since the esports ecosystem and leagues like LCS have been gaining momentum for some time now in global media,"" Greeley said. ""Sponsors are drawn to the size and passion of the esports community, and we believe that's only going to continue growing from here.""
Torque Esports' analytics group, Stream Hatchet, says esports streaming viewership has grown more than 17 percent from January to March this year, with 1.75 billion minutes of content watched around the world in March alone. A 12-hour Stream Aid Charity Marathon on Twitch last Saturday raised $2.8 million for the World Health Organization's COVID-19 Solidarity Response Fund.
""We're introducing esports to a much wider audience, particularly in the motorsports genre,"" Cox said. ""The 'stay at home economy' is something that is expanding rapidly and our live-streaming data analytics team at Stream Hatchet is certainly seeing dramatic increases in all platforms at the moment.""
Of course, the global pandemic has disrupted the esports world, too. Established leagues like the LCS and OWL have the resources to quickly pivot and implement online-only tournaments, and sponsors are already knocking. However, newer leagues might find it harder to catch their footing. For instance, the Apex Legends pro scene kicked off this year and was already struggling with server issues, a lack of advertising and poor management structures before the outbreak began. Organizers announced yesterday they would move the remainder of the Apex Legends Global Series online, with the finals airing on Twitch and YouTube on April 6th. It's a rough first year for any league.
Even established organizations are feeling the pressure: Chaos Esports Club let go its entire Dota 2 squad following the suspension of the Dota Pro Circuit this year.
""This is not a decision we made lightly, but during these uncertain times and with the DPC circuit suspended it is impossible for us to justify the cost of a Dota 2 team at this time,"" Chaos Esports Club CEO Greg Laird said at the time. ""The world is an unprecedented situation and it is necessary for us to focus our efforts into a few key current and upcoming projects for the long-term success of the organization.""
Today we unfortunately have to announce the release of our Dota 2 Roster.
If you are an organization or sponsor looking to work with the team please contact their manager, @KBBQDotA , directly via reachjackchen@gmail.com
Read More: https://t.co/XEcRsvMP54pic.twitter.com/mCDADnvAXx
— Chaos EC☣️ (@ChaosEC) March 25, 2020
Compared with many other industries, esports have experienced low job loss during the global pandemic, largely because leagues are able to transition online instead of shutting down altogether. Unemployment rates in the US are expected to hit their highest point since World War II, with conservative estimates projecting 20 million Americans will lose their job in the next few weeks.
Esports are well-positioned to serve an audience that's trapped at home, and organizers are doing everything they can to capitalize on this strange new market. The trick, they say, is making all of this progress stick even after the pandemic has ended.
""We're very interested in using this as the foundation for long-term growth,"" Cox said. ""Esports as a whole has been growing dramatically in recent years and now we're in a massive spike. Once traditional sport returns we're obviously going to see a levelling off. But in five years' time we want to look back on today as not just 'the COVID-19 esports thing,' but as a tipping point for when esports took its first steps into the mainstream and cemented its place alongside other professional sports."""
18,"{'id': 'the-verge', 'name': 'The Verge'}",Kim Lyons,Stanford group wants to use your computer to help researchers study the coronavirus,"Folding@home, which taps into thousands of volunteers’ computers to leverage their idle time to study diseases and viruses, plans to help study the coronavirus in hopes of helping find a way to treat it.",https://www.theverge.com/2020/3/2/21161131/folding-home-volunteers-researchers-coronavirus,https://cdn.vox-cdn.com/thumbor/M0fFZqTAT7IYvA49UOl7R3JzsaQ=/0x111:5656x3072/fit-in/1200x630/cdn.vox-cdn.com/uploads/chorus_asset/file/19760297/1203807634.jpg.jpg,2020-03-02T23:25:43Z,"Folding@home leverages unused computing power from idle machines 
Photo by Smith Collection/Gado/Getty Images
Stanford Universitys Folding@home distributed computing project is seeking volunteers to help researchers develop treatment therapies for the novel coronavirus. 
Folding@home (FAH) uses the processing capacity of networked computers to simulate the complex process of protein folding, which helps determine how to treat diseases like Alzheimers and cancer, and SARS, another coronavirus. A brief explainer from Folding@home:
For both coronaviruses [the current 2019 nCoV and SARS], the first step of infection occurs in the lungs, when a protein on the surface of the virus binds to a receptor protein on a lung cell. This viral protein is called the spike protein ... Proteins are not stagnantthey wiggle and fold and unfold to take on numerous shapes. We need to study not only one shape of the viral spike protein, but all the ways the protein wiggles and folds into alternative shapes
Studying how the protein folds could eventually help researchers develop drugs that could treat infections of the virus. 
This kind of research requires substantial computational power, which FAH generates by tapping into volunteers CPUs when theyre idle. The project famously used to use idle Sony PlayStation 3s, whose unique Core processors offered better performance at the time than comparable computers for the specific tasks FAH was doing. But Sony removed the functionality from PS3s in 2012.
To participate in the coronavirus project, download the FAH software, and your computers unused resources will go to the Folding@home Consortium, where a research team at Memorial Sloan Kettering is working to advance our understanding of the structures of potential drug targets for 2019-nCoV that could aid in the design of new therapies, according to FAHs blog post. 
There have been more than 89,000 confirmed cases worldwide of COVID-19, the illness caused by the coronavirus. More than 3,000 people have died from the disease, including six people in Washington State. Marked by a cough, fever, and shortness of breath, the illness is typically mild, affecting the elderly and those with underlying medical conditions most acutely. 
View all 106 stories"
19,"{'id': 'the-verge', 'name': 'The Verge'}",Cameron Faulkner,Apple is experiencing a shortage of replacement iPhones due to coronavirus,"Due to the coronavirus, Apple’s supply of replacement iPhones for repair is constrained. According to Bloomberg, it shared with its employees that restocking of replacement phones could take up to four weeks.",https://www.theverge.com/2020/3/4/21165269/apple-store-replacement-iphone-repair-delay-coronavirus,https://cdn.vox-cdn.com/thumbor/OoHXm4bT3dVlOMrVMnXSuGk6xo0=/0x144:2040x1212/fit-in/1200x630/cdn.vox-cdn.com/uploads/chorus_asset/file/19206352/akrales_190914_3628_0074.jpg,2020-03-04T22:44:18Z,"It could take two to four weeks for supply to stabilize
Photo by Amelia Holowaty Krales / The Verge
Apple has informed its tech support retail employees that stock of replacement iPhones will be strained for the next few weeks, according to Apple Store employees who spoke with Bloomberg. This shortage marks one of the first instances of the ongoing coronavirus outbreak and its many ripple effects on industries worldwide, affecting the iPhone makers existing product supply. Bloomberg notes that the companys iPhone 11 and iPad Pro lines are beginning to see shortages as well. 
The company shared in a recent investor call that it does not expect to meet revenue goals for the second fiscal quarter of 2020, and Apple CEO Tim Cook has also said worldwide iPhone supply would be temporarily constrained. But it wasnt clear at the time that the effects of the coronavirus would hit existing products like replacement iPhones, too. 
Some Apple Store locations are short on individual parts, too
If your iPhone is heavily damaged to the point of needing to be replaced there will reportedly be a limited supply of replacement devices to swap it out for over the course of the next two to four weeks. The report also notes that some Apple Store locations are short on individual parts, meaning that in those cases, minor repairs that are normally handled in-store may not be possible due to shortages. 
This doesnt mean youre without any options if your iPhone isnt working. Bloomberg says a memo from Apple told employees that stores are authorized to mail replacement iPhones to customers whenever they become available, or loan out iPhones until a replacement arrives.
Bloomberg notes that Apple has reopened most of the China-based Apple Stores that have closed due to the COVID-19 virus. That could be a sign that other parts of Apples business may soon function normally. Also, that Apple expects the shortage to last for up to four weeks could mean its already ramping up the restocking of replacement phones in the meantime.
View all 122 stories"
