,source,author,title,description,url,urlToImage,publishedAt,content
0,"{'id': 'time', 'name': 'Time'}",DARLENE SUPERVILLE and ZEKE MILLER / AP,President Trump Says He’s Considering Closing Southern U.S. Border as More COVID-19 Cases ‘Likely’,The U.S. is banning travel to Iran in response to the outbreak of the new coronavirus and warning against regions of Italy and South Korea.,https://time.com/5793068/trump-border-covid-19-travel-iran-south-korea-italy/,https://api.time.com/wp-content/uploads/2020/02/AP20060686602318.jpg?quality=85&w=1200&h=628&crop=1,2020-02-29T20:08:59Z,"WASHINGTON — The U.S. is banning travel to Iran in response to the outbreak of the new coronavirus and elevating travel warnings to regions of Italy and South Korea.
Vice President Mike Pence announced the new restrictions and warnings as President Donald Trump said 22 people in the U.S. have been stricken by the new coronavirus, including four deemed “very ill” and that additional cases are “likely.” Trump added that he was considering additional restrictions, including closing the U.S. border with Mexico in response to the virus’ spread.
“We’re thinking about all borders,” Trump said.
Trump provided an update on the virus from the White House press briefing room for the second time this week after the first reported U.S. death Saturday, of a woman he described as being in her late 50s and having a high medical risk. Robert Redfield, director of the Centers for Disease Control and Prevention said there was “no evidence of link to travel” in the case of the woman who died.
On Friday, health officials confirmed a second case of coronavirus in the U.S. in a person who didn’t travel internationally or have close contact with anyone who had the virus. The U.S. has a total of about 60 confirmed cases. Trump’s tally appeared to exclude cases of Americans repatriated from two cruise ships in Asia.
Trump said healthy Americans should be able to recover if they contract the new virus, as he tried to reassure Americans and global markets spooked by the virus threat.
He encouraged Americans not to alter their daily routines, saying the country is “super prepared” for a wider outbreak, adding “there’s no reason to panic at all.”
He added he wasn’t altering his routine either. “You’re talking about 22 people right now in this whole very vast country. I think we’ll be in very good shape.”
Trump spoke a day after he denounced criticism of his response to the threat as a “hoax” cooked up by his political enemies. Speaking at a rally in South Carolina he accused Democrats of “politicizing” the coronavirus threat and boasted about preventive steps he’s ordered in an attempt to keep the virus that originated in China from spreading across the United States. Those steps include barring entry by most foreign nationals who had recently visited China.
“They tried the impeachment hoax. … This is their new hoax,” Trump said of Democratic denunciations of his administration’s coronavirus response.
Trump said Saturday he was not trying to minimize the threat of the virus.
“Again, the hoax was used in respect to Democrats and what they were saying,” he said.
Some Democrats have said Trump could have acted sooner to bolster the U.S. response to the virus. Democratic and Republican lawmakers also have said his request for an additional $2.5 billion to defend against the virus isn’t enough. They’ve signaled they will provide substantially more funding.
Trump said Democrats want him to fail and argued that steps he’s taken so far have kept cases to a minimum and prevented virus deaths in the U.S.
As global markets plunged this week, Trump predicted they will come back, and encouraged the Federal Reserve to cut interest rates.
“The markets will all come back,” he said. “I think the Fed has a very important role, especially psychological. If you look at it, the Fed has a massive impact.”
Contact us at editors@time.com."
1,"{'id': 'cnn', 'name': 'CNN'}",,Florida mayor says Covid-19 is worse than hurricanes,"CNN's Dana Bash interviews Tampa, Florida Mayor Jane Castor about how to be a leader during the Covid-19 pandemic and using social media to reach residents. Watch the latest videos on Covid-19",https://www.cnn.com/videos/politics/2020/04/03/covid-19-tampa-florida-mayor-jane-castor-cs-orig.cnn,https://cdn.cnn.com/cnnnext/dam/assets/200403191125-tampa-mayor-jane-castor-3-super-tease.jpg,2020-04-04T12:03:21Z,Chat with us in Facebook Messenger. Find out what's happening in the world as it unfolds.
2,"{'id': 'mashable', 'name': 'Mashable'}",Tim Marcin,"Amazon is a coronavirus mess as sellers sling merch, overpriced masks","Read more... {""player"":{""description"":""Buyers beware!"",""image"":""https://mondrian.mashable.com/uploads%252Fvideo_uploaders%252Fdistribution_thumb%252Fimage%252F94413%252F65eee145-bfd2-4608-bcd3-82d007ccb4f7.png%252F930x520.png?signature=A-T3pf0I-Vvgxfi3AJdz3fs…",https://mashable.com/article/amazon-coronavirus-masks-merch/,https://mondrian.mashable.com/2020%252F02%252F28%252F42%252F546bc97fa1f54fc2a4d4f64358322a2c.8494d.jpg%252F1200x630.jpg?signature=dmudIGzYL8RcqiHJ-wsvJYEyfq0=,2020-02-28T17:58:20Z,"If the coronavirus wasn't scary enough already, the internet is here to make it worse.  
Masks are selling out like crazy, sellers are price-gouging, and somehow, someway people are selling awful merch tied to the deadly, rapidly spreading virus that's officially named COVID-19. 
Amazon, particularly, is a nerve-racking site to visit amid the crisis.
A cursory search for a coronavirus mask or a surgical mask turns up lots of options, but they're either sold out and expected to be out of stock for weeks or they are exceptionally costly. A pack of 100 disposable masks, for instance, has about quadrupled in price over the last few weeks to $15, Wired reported.  Some bulk foods appear difficult to purchase. In Italy which is suffering through the largest European outbreak hand sanitizer prices have reportedly skyrocketed online.
It's worth noting masks aren't even recommended unless you're actively coughing/sneezing or if you're taking care of someone who is sick. Experts do recommend washing your hands frequently and washing your hands correctly and avoiding touching your face. 
The rush to purchase these supplies has appeared in lockstep with the stress that's overtaken people in the U.S. as the virus continues to spread throughout the world. However, an expert told Mashable that this doesn't necessarily mean people are panicking. In some ways, stocking up is a method of taking control.
""People wanting to be proactive about their well-being is not necessarily indicative of panic,"" said Dr. Samantha Penta, an assistant professor of emergency preparedness at the University at Albany's College of Emergency Preparedness, Homeland Security, and Cybersecurity.
Still, it can prove to be an unproductive cycle. Attempting to buy supplies online, if what you're after has already been pillaged, can ramp up anxiety. The world which has 150 million Prime users relies heavily on Amazon. It's odd and discomforting to see it without products. Not to mention, it's a little scary to even feel the need to parse through emergency supplies in the first place. 
A pack of masks retailing for $67 that apparently wouldn't ship for weeks.
Image: Amazon
Amazon, meanwhile, said it's working to stop merchants from taking advantage of the crisis.
""There is no place for price gouging on Amazon,"" an Amazon spokesperson wrote in an email to Mashable. ""We are disappointed that bad actors are attempting to artificially raise prices on basic need products during a global health crisis and, in line with our long-standing policy, have recently blocked or removed tens of thousands of offers. We continue to actively monitor our store and remove offers that violate our policies.""
Amazon previously sent an email warning merchants about masks that were not in compliance with pricing policies, according to Wired. 
No doubt, it's a frightening time. There have to date been more than 83,000 confirmed cases of COVID-19 and more than 2,800 deaths, according to the World Health Organization. 
""Do not mistake me: I am not downplaying the seriousness of the situation, or the potential for this to become a pandemic, because it has that potential,"" said Tedros Adhanom Ghebreyesus, director-general of WHO, on Wednesday. ""Every scenario is still on the table.""
Even in this time of potential crisis, some folks are trying to capitalize on the virus by selling surprisingly lighthearted merch. Asthe Vergepointed out, there are coronavirus shirts all over Amazon that look like something you'd get off a New Jersey boardwalk. The t-shirts feature pretty tasteless jokes from everything about Corona beer to ""keep calm and resist coronavirus."" 
A sample of coronavirus shirts on Amazon.
Image: Amazon
Worse still, Amazon like just about anywhere online is full of information of questionable validity. It has had to remove more than 1 million products that falsely claimed they were a coronavirus cure. People are also selling books making all kinds of unproven claims like Satan or biological warfare caused the outbreak, Business Insider reported. 
There have been all kinds of responses online, from these ""joking"" t-shirts to social media sites filled with worrying, if often questionable, information. 
""I think something thats important to drive home is that this is a consistently evolving situation,"" Penta said. ""Its just important to not fill the gaps with false information."" 
While the internet might be stressful during the coronavirus outbreak, experts have stressed it's not time for folks to panic.
""It's good to take precautions, but you don't have to live in fear."" Dr. Purvi Parikh, a clinical assistant professor of pediatric infectious diseases and immunology at NYU Langone Health, told Mashable's Natasha Piñon."
3,"{'id': 'mashable', 'name': 'Mashable'}",Amanda Yeo,Pandemic simulation game 'Plague Inc' pulled from China's App Store,"Pandemic simulator Plague Inc. became China's top paid iOS download in January, as players flocked to the game in the wake of coronavirus concerns. Now the game has been taken down from China's App Store, with the Cyberspace Administration of China citing ""il…",https://mashable.com/article/plague-inc-china-ban-coronavirus/,https://mondrian.mashable.com/2020%252F02%252F28%252F8e%252F477e3747921944e389a8733b606177bb.b6597.jpg%252F1200x630.jpg?signature=Os_RPt2MPyUgjJacaN993y4R_dM=,2020-02-28T01:25:54Z,"Pandemic simulator Plague Inc. became China's top paid iOS download in January, as players flocked to the game in the wake of coronavirus concerns. Now the game has been taken down from China's App Store, with the Cyberspace Administration of China citing ""illegal content.""
Plague Inc. developer Ndemic Creations announced the sudden removal in a Feb 27. blog post. ""We've just been informed that Plague Inc. 'includes content that is illegal in China as determined by the Cyberspace Administration of China' and has been removed from the China App Store,"" Ndemic Creations wrote. ""This situation is completely out of our control.""
Exactly what illegal content Plague Inc. contains is unclear. Though it was only removed from the App Store this week, the game had been available in China since its worldwide release eight years ago. However, Plague Inc. had recently gained significant attention due to its thematic relevance to the current coronavirus epidemic.
SEE ALSO: The coronavirus has sent a video game about wiping out humanity to #1
In Plague Inc., players take on the role of an infectious disease and attempt to wipe out all human life. Gameplay involves choosing how to evolve, becoming more deadly and spreading across the globe. 
It feels very pertinent considering recent events.
""Its not clear to us if this removal is linked to the ongoing coronavirus outbreak that China is facing,"" wrote Ndemic Creations. ""However, Plague Inc.s educational importance has been repeatedly recognised by organisations like the CDC and we are currently working with major global health organisations to determine how we can best support their efforts to contain and control COVID-19.""
Ndemic Creations is attempting to contact the Cyberspace Administration of China to find out more information and work to return Plague Inc. to the Chinese App Store.
Were really sad to announce that Plague Inc. has been removed from the China App Store. This is completely out of our control and we are working to find a way to bring the game back to our players in China. Our statement here: https://t.co/oYkHHkMbgwpic.twitter.com/5wQ93NsCKw
 Plague Inc. / Rebel Inc. (@NdemicCreations) February 27, 2020
Last month, Ndemic Creations acknowledged Plague Inc. had seen a significant spike in players due to the coronavirus. ""However, please remember that Plague Inc. is a game, not a scientific model and that the current coronavirus outbreak is a very real situation which is impacting a huge number of people."""
4,"{'id': 'the-verge', 'name': 'The Verge'}",Nicole Wetsman,Apps aren’t a reliable way to measure blood oxygen levels,"Some doctors think pulse oximeters, which measure blood oxygen levels, are useful ways for COVID-19 patients to monitor symptoms. They’re sold out at major retailers, so people may be turning to smartphone apps that claim to also measure blood oxygen. These a…",https://www.theverge.com/2020/4/23/21232488/blood-oxygen-apps-iphone-samsung-unreliable-fitbit-garmin-oximeter,https://cdn.vox-cdn.com/thumbor/bn1YDigxP57FG0bg7YY5I189NBk=/0x1237:2533x2563/fit-in/1200x630/cdn.vox-cdn.com/uploads/chorus_asset/file/19919949/917609762.jpg.jpg,2020-04-23T18:01:30Z,"Using them could be dangerous
Photo by: Jeffrey Greenberg/Universal Images Group via Getty Images
Doctors say one of the best ways to monitor patients with COVID-19 is by tracking their blood oxygen levels, which can show when they have dangerous breathing problems even if they dont feel short of breath. But along with toilet paper and digital thermometers, devices that measure those levels, called pulse oximeters, are hard to find. Theyre either sold out or taking weeks to ship from major retailers. 
With the devices out of reach, people are turning to questionable alternatives: the third most popular paid iPhone app last week claims to be able to measure blood oxygen levels through the phones camera, despite a disclaimer that says the app is not a medical device. On Reddit, some people fighting off COVID-19 say theyre using a health feature on some Samsung phone models to check their oxygen levels. Others say theyre using pulse oximetry features on smartwatches. 
That concerns doctors. Despite their accessibility, research shows pulse oximetry apps dont accurately measure blood oxygen levels, especially when theyre low. And relying on apps could be dangerous, says Walter Schrading, director of the office of wilderness medicine at the University of Alabama at Birmingham School of Medicine.
The apps are easy party tricks when youre not sick: put your finger on the camera, get a normal oxygen reading. You can see, Im a normal human being, breathing normal air, he says. But when someone actually has low oxygen levels, theyre likely to still give that normal reading. They dont work well when you actually need them to work well, which is when your oxygen levels drop, Schrading says. 
Schrading and colleagues evaluated three iPhone pulse oximetry apps in a study published in 2019, and found that they couldnt reliably identify people who did not have enough oxygen. Their findings were consistent with other studies, which also found that pulse oximetry apps were inaccurate. A recent analysis from the Centre for Evidence-Based Medicine at the University of Oxford, which reviewed the research on apps in the context of the COVID-19 pandemic, also concluded that they are unreliable.
Oxygen saturation levels obtained from such technologies should not be trusted, the authors of the analysis wrote. 
NEW rapid review by me (small clinical/ editing role) and Lionel Tarassenko, Professor of Electrical Engineering (major bioengineer role):
Q: Can smartphone apps be used to measure oxygen saturation?A: No.https://t.co/iIQqi66tUM
 Trisha Greenhalgh (@trishgreenhalgh) April 2, 2020
Apps dont work well because most use a different mechanism to test blood oxygen levels than standard, medical pulse oximetry devices. The devices send two different wavelengths of light usually red and infrared through a fingertip, where theres lots of blood close to the surface of the skin. Hemoglobin, the protein that carries oxygen in blood, absorbs more infrared light when its carrying oxygen and more red light when its not. The device calculates the difference to determine how much oxygen is circulating. 
Smartphones usually only have white light, so theyre not able to get as accurate a reading. Samsung phones have a red light function, the Centre for Evidence-Based Medicine said, but they only use one wavelength and would likely be unreliable as well.
In addition, standard pulse oximetry devices send light wavelengths through the finger and read the results from a sensor on the other side. Smartphones send and capture the light from the same spot they rely on the reflection of the wavelengths. That method tends to be less accurate and can be skewed by light from the environment. 
Some models of Fitbit and Garmin smartwatches also have pulse oximetry features. Fitbit can track oxygen level trends during sleep, and Garmin can give on-the-spot readings. Their watches do use red light, but they use the less-accurate reflective method. They also take readings from blood flow at the wrist which isnt as strong as it is at the finger. Both companies note on theirwebsites that their devices should not be used for medical purposes. 
Accurate blood oxygen readings are important when people are trying to monitor any disease, but its particularly key for COVID-19. Usually, someone with a low blood oxygen level knows it they struggle to catch their breath. If a person has a reading on a lower-quality oximeter that says they have low oxygen levels, but they dont have those symptoms, doctors can usually assume the sensor just isnt working, wrote James Hudspeth, the COVID response inpatient floor lead at Boston Medical Center, in an email to The Verge. 
People with COVID-19, though, sometimes feel fine even when their oxygen levels are plummeting. Thats why some doctors want pulse oximeters given to everyone home sick with the virus: if they can come into the hospital as soon as their oxygen levels dip but before theyre gasping for air, they might be treated more effectively. But it also means doctors would have less confidence interpreting a pulse oximeter result that doesnt match symptoms, Hudspeth said. 
If apps cant tell when oxygen levels are actually low, they could give a false sense of security to people who also feel okay. This thing could read normal, but you could not be normal, Schrading says. Its a big risk, he says. It would be dangerous to rely on them because they didnt measure what they were supposed to measure.
View all 405 stories"
5,"{'id': 'the-verge', 'name': 'The Verge'}",Cameron Faulkner,IFA 2020 will take place in an ‘innovative new’ form instead of the normal conference due to COVID-19,"IFA announced that it cannot host the 2020 conference in Berlin due to regulations that prevent events with over 5,000 people in attendance. It is planning an ‘innovative new concept’ to replace the in-person conference.",https://www.theverge.com/2020/4/21/21230177/ifa-2020-coronavirus-berlin-germany-covid-19-pandemic,https://cdn.vox-cdn.com/thumbor/JQ27MF_6KY8eo350naj4kbRs15c=/0x659:3987x2746/fit-in/1200x630/cdn.vox-cdn.com/uploads/chorus_asset/file/12617503/ifa_vladsavov.jpg,2020-04-21T21:30:30Z,"The Berlin event usually takes place in September
Photo by Vlad Savov / The Verge
IFA announced on Twitter that its upcoming 2020 conference will be affected by the ongoing coronavirus pandemic, but its not canceling the show. The Berlin government has banned events with more than 5,000 participants from taking place until October 24th, 2020 well past the conferences usual timing in September. Instead, the conference organizers say that IFA 2020 will carry on with an innovative new concept. It didnt share more concrete language to express how it expects to do this, though its hard to imagine it means anything other than some sort of live stream.
#IFA20: Set for an innovative concept designed for unprecedented times.
IFA Berlin is set to go ahead in 2020, but with an innovative new concept, following the decision by the Berlin government to ban all events with more than 5,000 participants until 24 October 2020. 1/6 pic.twitter.com/MLDvamLXzf
 IFA Berlin (@IFA_Berlin) April 21, 2020
Hans-Joachim Kamp, the chairman on the supervisory board of the company that organizes IFA, says in one of the tweets that the regulation preventing large events like IFA from being held have helped it, and the many exhibitors who might have been planning a presence at IFA 2020, to start making plans for what will replace the in-person event.
IFA 2020 is by no means the only tech industry event affected by the novel coronavirus. Several in-person conferences have been completely canceled, including Google I/O 2020, MWC 2020, SXSW 2020, Facebook F8, and GDC 2020. Others have pledged to host virtual events, like Oculus Connect, E3 2020, Apples WWDC 2020, Microsofts Build 2020, Gamescom, and more. 
View all 397 stories"
6,"{'id': 'cnn', 'name': 'CNN'}",,They've survived war and disease. Now they face Covid-19.,"Families living within Syria's Idlib Province have faced death on multiple fronts, and now they face a new threat in Covid-19. CNN's Arwa Damon reports the war-ravaged camp is powerless to stop a ""coronavirus tsunami.""",https://www.cnn.com/videos/world/2020/03/26/idlib-population-vulnerable-coronavirus-syria-damon-pkg-vpx.cnn,https://cdn.cnn.com/cnnnext/dam/assets/200326054646-idlib-population-vulnerable-coronavirus-syria-damon-pkg-vpx-00003021-super-tease.jpg,2020-03-26T09:57:22Z,Chat with us in Facebook Messenger. Find out what's happening in the world as it unfolds.
7,"{'id': 'cnn', 'name': 'CNN'}",,3-D video shows Covid-19 attack patient's lungs,CT imaging from George Washington University Hospital shows the effects of Covid-19 on the lungs of a 59-year old man.,https://www.cnn.com/videos/us/2020/03/26/3d-video-shows-covid-19-attack-lungs.cnn,https://cdn.cnn.com/cnnnext/dam/assets/200325000535-covid-19-lung-damage-video-super-tease.jpg,2020-03-26T21:01:44Z,Chat with us in Facebook Messenger. Find out what's happening in the world as it unfolds.
8,"{'id': 'cnn', 'name': 'CNN'}",,Some world leaders ignore officials' warnings about Covid-19,"As governments around the world take drastic measures to curb the spread of the coronavirus, the leaders of Brazil, Belarus and Nicaragua are ignoring health officials' warnings. CNN's Matt Rivers has more.",https://www.cnn.com/videos/world/2020/04/11/downplaying-coronavirus-presidents-matt-rivers-pkg-vpx.cnn,https://cdn.cnn.com/cnnnext/dam/assets/200401103545-jair-bolsonaro-super-tease.jpg,2020-04-11T17:24:00Z,Chat with us in Facebook Messenger. Find out what's happening in the world as it unfolds.
9,"{'id': 'cnn', 'name': 'CNN'}",,Why Greece is coping with Covid-19 better than Italy,"Several European countries have been badly hit by the novel coronavirus pandemic, but Greece took action early on and it seems to be working. CNN's Lynda Kinkade reports.",https://www.cnn.com/videos/world/2020/04/13/greece-coronavirus-covid-19-lockdown-restrictions-lessons-kinkade-pkg-intl-ldn-vpx.cnn,https://cdn.cnn.com/cnnnext/dam/assets/200413122424-greece-coronavirus-covid-19-lockdown-restrictions-lessons-kinkade-pkg-intl-ldn-vpx-00005018-super-tease.jpg,2020-04-13T11:52:25Z,Chat with us in Facebook Messenger. Find out what's happening in the world as it unfolds.
10,"{'id': 'cnn', 'name': 'CNN'}",,See mom reunite with newborn after battle with Covid-19,"A woman who suffered from severe Covid-19 complications and gave birth while in a medically induced coma met her baby boy for the first time as she left the hospital, surrounded by cheering hospital workers. CNN's Jake Tapper has more.",https://www.cnn.com/videos/health/2020/04/15/mother-reunited-with-newborn-coronavirus-lead-sot-vpx.cnn,https://cdn.cnn.com/cnnnext/dam/assets/200415172415-yanira-soriano-mom-meets-newborn-coronavirus-coma-super-tease.jpg,2020-04-15T22:03:19Z,Chat with us in Facebook Messenger. Find out what's happening in the world as it unfolds.
11,"{'id': 'cnn', 'name': 'CNN'}",,Ex-Fox News contributor slams network's Covid-19 coverage,"Former Fox News contributor Julie Roginsky tells CNN's Brian Stelter that the network is continuing ""to put people at risk"" by downplaying the risks of the coronavirus pandemic.",https://www.cnn.com/videos/media/2020/03/22/julie-roginsky-former-fox-news-coronavirus-coverage-sot-rs-vpx.cnn,https://cdn.cnn.com/cnnnext/dam/assets/200322130409-julie-roginsky-reliable-sources-intv-03222020-1-super-tease.jpg,2020-03-22T17:12:40Z,Chat with us in Facebook Messenger. Find out what's happening in the world as it unfolds.
12,"{'id': 'cnn', 'name': 'CNN'}",,How Sesame Street is getting your kids through Covid-19,"""Sesame Street"" is reaching out to parents and children to help them navigate new routines and issues related to the coronavirus pandemic.",https://www.cnn.com/videos/entertainment/2020/03/26/sesame-street-coronavirus-content-orig-vstan-bdk.cnn,https://cdn.cnn.com/cnnnext/dam/assets/200326135644-sesame-street-coronavirus-content-2-super-tease.jpg,2020-03-26T18:31:14Z,Chat with us in Facebook Messenger. Find out what's happening in the world as it unfolds.
13,"{'id': 'cnn', 'name': 'CNN'}",,Fareed: The true death rate of Covid-19 is unclear,CNN's Fareed Zakaria looks at the effects of Covid-19 across the globe and examines the need for extensive and ongoing testing.,https://www.cnn.com/videos/politics/2020/04/12/fareed-zakaria-take-coronavirus-full-cost-estimates-vpx.cnn,https://cdn.cnn.com/cnnnext/dam/assets/200412114007-fareed-april-12-super-tease.jpg,2020-04-12T16:09:16Z,Chat with us in Facebook Messenger. Find out what's happening in the world as it unfolds.
14,"{'id': 'cnn', 'name': 'CNN'}",,What Covid-19 exit strategy could look like,In March 2020 the WHO classified Covid-19 as a pandemic. The world reacted by shutting down. Now some countries are easing restrictions. But what could a coronavirus exit strategy look like?,https://www.cnn.com/videos/world/2020/04/17/easing-coronavirus-restrictions-possible-scenarios-lon-orig-mkd.cnn,https://cdn.cnn.com/cnnnext/dam/assets/200409092842-new-york-jfk-coronavirus-travel-file-super-tease.jpg,2020-04-17T15:08:34Z,Chat with us in Facebook Messenger. Find out what's happening in the world as it unfolds.
15,"{'id': 'cnn', 'name': 'CNN'}",Jeffrey Sachs,Why America has the most confirmed Covid-19 cases,"On Thursday, we hit a grim watershed. The US overtook Italy and China as the country with the highest number of confirmed Covid-19 cases. This is a dire crisis and an extraordinary failure of President Donald Trump. Americans are suffering and dying because t…",https://www.cnn.com/2020/03/26/opinions/us-most-confirmed-cases-sachs/index.html,https://cdn.cnn.com/cnnnext/dam/assets/200326154244-nueva-york-pandemia-coronavirus-elmhurst-hospital-doctora-new-york-times-digital-sot-00002827-super-tease.jpg,2020-03-27T03:22:26Z,"Jeffrey Sachs is a professor and director of the Center for Sustainable Development at Columbia University. The opinions expressed in this commentary are those of the author; view more opinion articles on CNN.
 (CNN)On Thursday, we hit a grim watershed. The US overtook Italy and China as the country with the highest number of confirmed Covid-19 cases. This is a dire crisis and an extraordinary failure of President Donald Trump. Americans are suffering and dying because the Trump administration failed to act quickly and decisively to prevent the virus' spread. The US has now seen about 1,195 deaths and the number is rising rapidly. 
On Thursday, the US saw an increase of more than 15,000 cases in one day -- a shocking surge that can be explained by both the spread of the virus and increased testing after weeks of shortages -- pushing the total number of confirmed cases over 82,000. China, in comparison, has reported 81,285 cases. 
There is a fundamental difference between China and the US. China has broken the spread of the virus with a lockdown that first started in Wuhan on January 23 and is now being lifted in stages; only a few dozen new cases are allegedly confirmed each day, and most of these are apparently introduced from abroad. The US has not broken the epidemic. And if Trump has his way, easing guidelines to stay at home by Easter, we will fail to stop the epidemic and millions more will be infected. Even with active control, we might be facing around 81,000 deaths by July according to a new detailed analysis from the Institute for Health Metrics and Evaluation at the University of Washington in Seattle.
The transfer of the virus, which may have originated in bats, to humans was an unforeseen event. The response to that event has been determined by the policies of nations. On December 31, the Wuhan government publicly confirmed it was treating dozens of cases of a mysterious new pneumonia outbreak and on January 7, officials identified a new coronavirus as the cause. The first confirmed case in Japan was identified in mid-January, with South Korea, Taiwan, Singapore and the US following suit within days.
The East Asian countries went into action. Many had experienced the 2003 SARS outbreak and had public health teams on alert for new epidemics. More than two months later, the number of confirmed cases has skyrocketed in the US, with more than 250 cases per million people, far higher than China, which has approximately 57 cases per million; Hong Kong, 60; Taiwan, 11; Singapore, 117; Japan, 11; and Korea, 180. 
Trump bears direct responsibility for America's unpreparedness and failed response to the epidemic. Since Trump came into office, he has systematically taken apart our protective public health system. The pandemic unit at the National Security Council was dismantled in 2018 under his watch. Trump slashed the CDC's epidemic control teams in 39 countries, including China. And when the epidemic hit, Trump ignored it, downplayed it, and made repeated false claims. Even now, he spouts vulgar nonsense about restarting the economy by Easter when public health experts say the threat is going to persist for far longer.
Trump is profoundly culpable, but he is not the only reason for America's dismal situation in the face of this epidemic. Our for-profit health care system rakes in money on disease, not on health. Instead, we have a system that works for the rich, instead of a public health system for all Americans that readily anticipates and controls new pathogens through testing, contact tracing, and quarantine. 
Americans across the country are fighting to stay alive, while Trump acts as if he is more intent on saving the economy. We can still try to control the virus as the East Asian countries are doing. We need decisive action across states and cities. We are finding leadership today in our governors, mayors and our brave frontline health workers."
16,"{'id': 'cnn', 'name': 'CNN'}","Opinion by Kate Bolduan, CNN",What I'm telling my kids about Covid-19,"Kate Bolduan writes that, as parents, we could all use a little help explaining things to our children in this unprecedented moment during the coronavirus pandemic.",https://www.cnn.com/2020/03/16/opinions/telling-my-kids-about-coronavirus-bolduan/index.html,https://cdn.cnn.com/cnnnext/dam/assets/200305015621-children-adult-hand-washing-stock-super-tease.jpg,2020-03-16T20:19:53Z,"Kate Bolduan is anchor and host of CNN's ""At This Hour."" The opinions expressed in this commentary are solely her own. View more opinion articles on CNN.
 (CNN)I talk about and explain things for a living. I have also been covering the coronavirus outbreak for weeks.
But when it comes to talking about all this with my own children, I've been finding myself tongue-tied.
At first, I didn't talk about it with my daughters. I have a 5 and a 2-year old, so I just made sure to remind them they needed to wash their hands more often.
But when my eldest daughter walked out of school and declared, ""Mom, there's something called 'Corona' and everyone is getting sick,"" I knew I couldn't avoid it any longer.
I then tried telling my 5-year-old ""there is a sickness"" but she didn't need to worry too much about it. That led to her asking in full voice, walking down the sidewalk, ""Does that person have the sickness?"" Then pointing at the next person and asking again, ""How about that person? Does he have the sickness?""
It quickly set in that I needed some help, expert help on how to have this conversation. I also quickly realized I'm not alone. My producer told me her 6-year-old wanted to know if he could still give her a kiss goodnight as he was concerned that he would give her the coronavirus.
As parents, we could all use a little help in this unprecedented moment. I started with the person I always go to first when it comes to the health and well-being of my children -- our pediatrician. ""The fewer words, the better always,"" Dr. Bruce Brovender of Global Pediatrics advised. ""But always be honest."" 
If you're not, he said, ""You actually make things scarier and more traumatic because they don't know what the truth is and what [it] is not.""
Brovender's guidance motivated me to dig deeper. And after spending hours on the phone with doctors, experts and clinicians, I've found some helpful common threads of the dos and don'ts when talking to our little ones about something so big.
 Be reassuring but be honest
""The most important thing across ages is that children need to know that they're going to be OK and chances are their parents are going to be OK,"" says Tovah Klein, director of the Barnard Center for Toddler Development at Columbia University. ""The first thing is to reassure them about that.""
""It's a balance between addressing children's worry and fears, because that is real, and reassuring them because the truth is most people do get better from this.""
Dr. Sally Goza, president of the American Academy of Pediatrics, adds that comes with the balance that this can't be treated like any other day. ""It's really critical that people understand that it's not like a snow day. We need to not have play dates. We need to not have the birthday parties; we need to postpone those until we have a clearer picture of what's going on with this.""
And in explaining these abrupt changes to children, it's important to remind them ""the grown-ups are handling it,"" says clinical psychologist Rebecca Schrag Hershberg. ""We don't have to pretend we know all the answers, but we do have to project a calm confidence that there are smart people everywhere -- doctors, policymakers, teachers -- all working together to make sure we get through this.""
""Children are hearing a tremendous amount. They're hearing big words that they've never heard before, none of us have really,"" says Klein. ""Even the terms coronavirus and Covid-19, it's like what's that?
""I've been telling parents that it's really important that the parent is the filter of the information,"" Klein adds. For older children that may be addressing misinformation they hear from friends or on social media. For younger children that may just start with demystifying terms, like answering ""what is coronavirus?"" The answer Klein suggests: ""It's a really big word but it's a fancy word for what we normally call a cold or the flu and something that's been around for a long time. Now there's a new virus and that's what everyone is talking about.""
Hershberg agrees that transparency is key. ""I think transparency for kids, even little kids, is more comforting than the alternative when they notice that there's a huge elephant in the room, but they also notice no one is talking about it."" 
""Listen first and talk second. Listen for concerns, questions and misinformation while you are enjoying usual play with your children -- whether that is drawing, dolls, or throwing a ball. Then let kids know you're glad they are asking you questions and sharing what is on their mind,"" says Dr. Joshua Morganstein, chair of the American Psychiatric Association's Committee on Psychiatric Dimensions on Disasters. ""Young children need fewer words, and they'll be reassured and comforted by a calm parent.""
Hershberg adds that it's a good practice to avoid the tendency to want to fill the silence when it comes to these types of sensitive conversations with your kids. ""If they ask a question, you answer their questions in a direct, clear and brief way and then pause and see if they have any more questions. Pause and see what happens next."" 
How to say, 'I don't know'
It's OK to say ""I don't know,"" experts agree. ""In fact, it's important to do so,"" says Morganstein. ""When children find out you misled them, it will undermine their trust in you.""
But it appears there are more helpful ways to say, ""I don't know"" than just saying ""I don't know."" There is, ""I don't know. Why don't we look that up together,"" says Morganstein. This allows you to model for the child that when you don't know something, you seek out information about it. ""This can really enhance a sense of trust that a child has in you, knowing that you can count on your parents to tell you what they know, tell you want they don't know and then go find out the answer.""
""You can say, I need to think about that,"" says Hershberg, helping play out another ""I don't know"" scenario. ""Saying I don't know in a calm and puzzled voice, not in panicked and worried voice, is not uncomfortable for our kids unless we make it uncomfortable."" 
""Kids can feel really comforted when you say 'you know there are so many people asking that exact question at this exact moment. We are in a community of a whole world of people, all asking that question.'""
This is all about how to talk to our children about Covid-19. And so, I was perhaps most surprised about how many of these experts emphasized the impact of our own stress and anxiety levels on how our children are handling and processing this uncertain time.
""It's overwhelming for parents right now because this is such a fluid situation. Every day, even every half day it's a new thing going on with Covid-19,"" Goza told me. ""So, it's overwhelming for parents and it's really frightening for kids.""
But it starts with us not making matters worse for our kids. ""First, check your own stress level. If you (or other adults around them) are behaving in a highly stressed manner, your children may simply be picking up on and emulating this behavior,"" says Morganstein. 
""Don't talk to your kids about any of this stuff when you're in a moment of anxiety,"" adds Hershberg. ""If you hear something or read a tweet that makes you really anxious, it's OK to say to your child, 'before I'm going to answer that question, I'm actually feeling a little bit worried right now so I'm going to take my three deep breaths, do you want to do that with me?'""
And an important reminder, that kids of different ages will express their anxiety in these anxiety-inducing times in very different ways.
""Overall, it's important to remember that distress looks different in kids and in children at different ages. Isolation, diminished academic performance or aggression may be seen in older children. Irritability, lethargy or return to earlier age behaviors can be seen in young children. For parents who are understandably distracted and already feeling heightened stress themselves, this can be easily misinterpreted as 'misbehavior',"" says Morganstein.
When we are all feeling pretty helpless, let's be honest, it can help children through these moments by giving them some of the power back. That can be helpful when explaining why they have to wash their hands so much, why they can't play with their friends like they normally do and it can be especially helpful with questions about grandparents and the elderly.
""Empower children by saying, look we don't get very sick [from the coronavirus] but believe it or not we could still have that virus, we have to help so that not too many people get sick. That's part of our job,"" suggested Klein.
""That also explains the hand washing -- 'that keeps the germs away and the virus away.'
""That explains school closing -- 'we're trying to really keep this virus from spreading so you're not going to be with so many other people. That's why mommy or daddy has to work from home now.' All of those pieces can be put in the context of we're all working together.""
Hershberg reminds us that children often process difficult events through play, so empower them to do that. ""Cast a magic spell on the virus... Pretending to be Elsa and freezing the virus. Those are all things that will help kids feel powerful and also let them process the feelings.""
So, let them play out the feelings, whatever they are. ""It's healthy and means they feel safe talking about it,"" says Hershberg.
Giving that sense of empowerment to older children understandably requires a different approach. ""There's going to be a lot of sadness about missing sports events, proms and a lot of things, and I just think we have to give them that reassurance,"" says Goza. ""The more we do now to make this pandemic be as short as we can...then the sooner they'll be able to get out and do those things.""
""You can be the germ destroyers or germ busters,"" says Klein. ""Making it light and fun. Not making it so serious that is scares the children.""
Hershberg agrees saying, ""Your family [are] superheroes fighting the virus and every time you wash hands, you are taking a step to keep people healthy and safe,"" she suggests. ""You are emphasizing that this is an active choice and that we are all joining together to do it. And not that we're all just helpless in our houses waiting to hear what's going on.""
While no one can say for sure when this crisis will end, this expert advice gives me a great place to start when it's time for more tough conversations in the days ahead -- when the girls and I aren't playing Super Germ Busters."
17,"{'id': 'cnn', 'name': 'CNN'}",,Covid-19 tips: How to clean your home,The coronavirus can live on surfaces for several days. Here's how to clean and disinfect your home properly to stay safe.,https://www.cnn.com/videos/health/2020/03/25/coronavirus-how-to-clean-disinfect-home-orig-mg-bu-cw.cnn,https://cdn.cnn.com/cnnnext/dam/assets/200325120951-coronavirus-how-to-clean-disinfect-home-orig-mg-bu-cw-00002025-super-tease.jpg,2020-03-25T16:22:38Z,Chat with us in Facebook Messenger. Find out what's happening in the world as it unfolds.
18,"{'id': 'cnn', 'name': 'CNN'}","Manveena Suri, CNN",Modi praises the Indian public amid nationwide Covid-19 lockdown,"Indian Prime Minister Narendra Modi praised citizens for their resilience in a televised speech Friday, as the nation entered its tenth day of a three week long lockdown intended to curb the spread of the coronavirus.",https://www.cnn.com/2020/04/03/asia/coronavirus-india-modi-speech-dp-hnk-intl/index.html,https://cdn.cnn.com/cnnnext/dam/assets/200403073418-india-coronavirus-queue-rations-super-tease.jpg,2020-04-03T08:41:07Z,"New Delhi (CNN)Indian Prime Minister Narendra Modi praised citizens for their resilience in a televised speech Friday, as the nation entered its tenth day of a three week long lockdown intended to curb the spread of the coronavirus.
""The discipline and spirit of service you have displayed during this period is unprecedented,"" said Modi of the difficulties faced by many during the unprecedented country-wide restrictions.
""Today, when millions of people are inside their homes, some of us might wonder how will they fight this battle against coronavirus alone ... But please remember, none of us are alone. The strength of 1.3 billion Indians is with and every one of us,"" the Prime Minister added.
Modi asked the public to switch off all lights and stand on balconies for nine minutes on Sunday, April 5 with lit candles, diya (small oil lamps), torches or cell phone flashlights to show solidarity and the strength of the public in the fight against coronavirus.
""This is to show that we are not alone, all 1.3 billion people of India stand together,"" Modi said. 
More than 2,300 cases of Covid-19 have been reported in India, according to the country's Ministry of Health. Another 232 cases have been reported across the country since Thursday evening New Delhi time. A total of 56 people have died."
19,"{'id': 'cnn', 'name': 'CNN'}",Opinion by John Maa,Why Covid-19 might make you rethink your smoking habits,"Dr. John Maa writes that as Covid-19 has spread across the country, smokers and vapers are facing particular risks as the side effects caused by these habits are the factors which put individuals at high risk of coronavirus complications. Moreover, the act of…",https://www.cnn.com/2020/04/06/opinions/smoking-vaping-covid-19-coronavirus-maa/index.html,https://cdn.cnn.com/cnnnext/dam/assets/190618070500-cigarette-smoking-0103-super-tease.jpg,2020-04-06T12:00:54Z,"John Maa, MD, is a past president of the San Francisco Marin Medical Society. The opinions expressed in this commentary are his own. Read more opinion at CNN.
 (CNN)A college friend who is now a physician first introduced me to an electronic cigarette in 2008. He purchased his online from China with the hope of transitioning from smoking to vaping but found himself using both instead. A few years later, he shared a pleasant surprise -- he had succeeded in quitting both vaping and smoking. 
The breakthrough came one winter while he was recovering from a cold. As he reached for the e-cigarette, he realized the hazard of exposing his recovering lungs to a cloud of smoke. He gave his e-cigarette away, and never vaped or smoked again. His success story highlights the power of a second event to break the nicotine addiction. The current Covid-19 pandemic may serve as a similar warning call to smokers and vapers to stop promptly.
Over the past 10 months, three serial waves of severe acute respiratory illnesses have strained the American emergency care delivery system from 1) e-cigarette, or vaping product use associated lung injury (EVALI), 2) the influenza season, and 3) Covid-19. Around June 2019, US hospitals first noted a rise in respiratory illnesses linked to e-cigarettes. The US Centers for Disease Control and Prevention tracked this EVALI outbreak into early 2020, ultimately counting 2,807 hospitalized patients in all 50 US states, with 68 deaths as of February. Overlapping with the EVALI crisis has been the influenza season, which runs from October through May. So far, the CDC estimated there have been at least 39 million US cases of the flu, leading to 400,000 hospitalizations, and 24,000 deaths. The third stress has been the worldwide pandemic of Covid-19, totaling, at the time of writing, 337,933 cases in the US and 9,653 deaths. 
Smoking has many negative effects on respiratory health, and the possibility of a relationship between smoking (both traditional cigarettes and marijuana) or vaping with Covid-19 were raised by early observations in China. One report, looking at 1,099 laboratory confirmed cases in China, revealed that 12.4% of smokers either died, required ICU admission or needed intubation, compared to 4.7% among never smokers. Another study found that among Chinese patients diagnosed with Covid-19 pneumonia, the odds of disease progression (including death) were an order of magnitude higher among smokers compared to non-smokers. The World Health Organization has noted that cigarette smokers are likely to have more serious illness if infected with Covid-19.
The FDA has advised that cigarette smoking and vaping may leave users with underlying health conditions and increase the risk of coronavirus pneumonia and increase its severity. Further research should be undertaken to determine the extent. The US Surgeon General has reported that smoking is strongly linked to asthma, chronic obstructive pulmonary disease (COPD), pneumonia and coronary artery disease, all of which impair the immune response and the ability to fight Covid-19. 
Active research is ongoing to assess the long-term health risks of marijuana use and vaping, including pediatric chronic bronchitis. New York City Mayor Bill de Blasio highlighted a possible connection between the coronavirus and vaping after noting a healthy 22-year-old New York City man, whose only risk factor appeared to be a history of vaping, was hospitalized for Covid-19. The CDC has reported that up to 20% of patients hospitalized for Covid-19 in the US are between ages 20 and 44, and California Gov. Gavin Newsom noted that half of the Covid-19 cases in California are in younger adults aged 18 to 49. Michigan Gov. Gretchen Whitmer speculated that the popularity of vaping might explain the increased incidence of Covid-19 among youth and young adults, and the National Institute on Drug Abuse has included vapers on the list of groups who could be most impacted by Covid-19.
A related question is whether previous vaping-related lung injuries may predispose to a higher risk of contracting Covid-19. EVALI patients who survived may develop long term respiratory issues. If they were to contract Covid-19, they might also be at greater risk for respiratory failure, prolonged intubation and mortality. 
As they recover from the coronavirus, smokers and vapers should make every effort to stop to protect their lung health. Repeatedly inhaling from an e-cigarette (possibly coated with viruses or bacteria) violates the principle of minimizing contact with one's mouth and face to reduce the risk of contracting Covid-19. Sharing an e-cigarette with others only increases that risk further. While the cigarette butt is discarded after each use, e-cigarette devices are used repeatedly. Perhaps e-cigarettes should be designed to be disposable, to minimize the risk of infection transmission. Another area to study further is whether the plume of vaping aerosol generated might deposit virus particles on surfaces in the environment. 
The majority of cases from the EVALI outbreak were associated with vaping of marijuana/THC contaminated with vitamin E acetate. But the CDC did not exclude that other causes might exist, as 14% of the EVALI patients ""exclusively used nicotine-containing products.""
Perhaps some of the mysterious EVALI cases from the winter of 2019 should now be re-analyzed, to determine if the coronavirus may have played a role. Bronchoscopy biopsies and lung specimens stored in pathology labs across America could be assessed to see if coronavirus RNA is present. Similarly, reanalyzing influenza cases from the winter may reveal if the current cases of infection we are witnessing are actually a second wave.
The initial impact of Covid-19 on the e-cigarette industry was an interruption of the supply chain. About 90% of the world's e-cigarette hardware is produced in China, and many factories in Shenzhen were closed during the coronavirus outbreak there. More recently, many vape shops across America have closed, having been defined as non-essential services. This likely made it more difficult for youth to acquire vaping devices from peers or older siblings, or at school. Another unintended benefit of mandatory school closures has been the opportunity for parents to monitor, and have conversations with their children while they are at home to curb youth vaping.
Given the adverse effect on respiratory health, the current coronavirus pandemic should serve as a message to both smokers and vapers to quit promptly and take immediate action to reduce their risks of viral transmission. 
And if doing so immediately seems like too big of a task, at the very least, other measures like regularly sanitizing e-cigarettes and cannabis smoking devices should be taken.
Smokers and vapers should also be more mindful of the secondhand smoke and clouds generated, avoid generating large clouds in public from vape tricks, and follow clean indoor air laws. Social distancing could be extended to the vapor generated to maintain a 6-foot distance from others when in public spaces, or to smoke and vape only in confined spaces. Active research is ongoing but difficult to conduct while simultaneously treating a pandemic, and many questions about the risks to smokers and vapers and those around them will be answered over time. 
Ultimately, Covid-19 presents a teachable moment to break the cycle of nicotine addiction and accelerate our nation towards the dual goals of smoking and vaping cessation."
