,source,author,title,description,url,urlToImage,publishedAt,content
0,"{'id': 'cnn', 'name': 'CNN'}",,90-year-old survivor's defiant message after beating Covid-19,"A 90-year-old woman at the Life Care Center in Washington contracted the coronavirus and was near death, but remarkably she recovered. She tells CNN's Sara Sidner her story.",https://www.cnn.com/videos/us/2020/04/06/90-year-old-survives-coronavirus-sidner-pkg-vpx.cnn,https://cdn.cnn.com/cnnnext/dam/assets/200406125716-90-year-old-survives-coronavirus-sidner-pkg-vpx-00000518-super-tease.jpg,2020-04-06T17:04:47Z,Chat with us in Facebook Messenger. Find out what's happening in the world as it unfolds.
1,"{'id': 'cnn', 'name': 'CNN'}",,ER doctor sleeping in treehouse to protect family,An emergency room doctor in Texas moved into his kids' treehouse so he wouldn't potentially expose them to Covid-19.,https://www.cnn.com/videos/us/2020/04/21/emergency-room-doctor-treehouse-coronavirus-ns-orig.cnn,https://cdn.cnn.com/cnnnext/dam/assets/200421094720-emergency-room-doctor-treehouse-coronavirus-ns-orig-00000000-super-tease.jpg,2020-04-21T13:57:48Z,Chat with us in Facebook Messenger. Find out what's happening in the world as it unfolds.
2,"{'id': 'mashable', 'name': 'Mashable'}",Danica D'Souza,This NYC restaurant has a creative solution to coronavirus closure,"Restaurants around the world are being forced to close to prevent transmission of COVID-19. In New York, New Jersey, and Connecticut, dining establishments and bars are being limited to take-out and delivery options only. Read more... More about Mashable Vide…",https://mashable.com/video/nyc-restaurant-coronavirus-clever-solution/,https://mondrian.mashable.com/2020%252F03%252F17%252Fe5%252Fea19fed2d13a41ffbe4e5e3df9204f46.d7208.png%252F1200x630.png?signature=yOubF3iYjPr8HXATvzouXvJa5EY=,2020-03-17T20:25:31Z,"Restaurants around the world are being forced to close to prevent transmission of COVID-19. In New York, New Jersey, and Connecticut, dining establishments and bars are being limited to take-out and delivery options only."
3,"{'id': 'mashable', 'name': 'Mashable'}",Marvin Van Buren,"It used to be a convention center. Now, it's a makeshift hospital for COVD-19 patients.","The Javits Center is a makeshift hospital with 2,500 beds for patients infected with COVID-19. New York is the epicenter of the coronavirus outbreak in the United States, with over 92,000 recorded cases. Read more... More about New York City, Hospital, Javits…",https://mashable.com/video/javits-center-new-york-hospital-covid-19/,https://mondrian.mashable.com/2020%252F04%252F03%252F03%252F195bd270a1b042078e6e4e2f57560edc.de99f.jpg%252F1200x630.jpg?signature=6xkcQL3t5PhhYfaPm2eAFUMlYco=,2020-04-03T15:30:57Z,"The Javits Center is a makeshift hospital with 2,500 beds for patients infected with COVID-19. New York is the epicenter of the coronavirus outbreak in the United States, with over 92,000 recorded cases."
4,"{'id': 'the-verge', 'name': 'The Verge'}",Sean O'Kane,Some Tesla factory employees still had to work after the production shutdown,"The local police department says Tesla is complying with a recent shelter-in-place order brought on by the novel coronavirus pandemic. But some factory workers still had to come in this week to finish processing cars for delivery, even as Tesla confirmed the …",https://www.theverge.com/2020/3/26/21195551/tesla-fremont-factory-workers-coronavirus-covid-19-shutdown-shelter-place,https://cdn.vox-cdn.com/thumbor/GgKW8D3l0Llm99-QlF2SJal_X4s=/0x146:2040x1214/fit-in/1200x630/cdn.vox-cdn.com/uploads/chorus_asset/file/13546781/sokane_181116_3101_fremont_0052.jpg,2020-03-26T21:03:29Z,"And two office employees have now tested positive for COVID-19
Photo by Sean OKane / The Verge
Local officials have confirmed that Tesla stopped making electric cars in California on Monday, March 23rd, in compliance with a shelter-in-place order brought on by the novel coronavirus pandemic. But dozens of workers had to report to the companys automotive factory to finish processing the final batches of cars this week, according to an email to some of those workers obtained by The Verge and the account of one of the factorys employees. 
This comes as Tesla confirmed the first two cases of COVID-19 among its office workforce on Thursday, according to another email that was viewed by The Verge after it was first reported by Business Insiderand Electrek. Tesla is also making its first workforce cuts during the pandemic, temporarily laying off some employees in Norway, an electric vehicle stronghold.
The email to factory employees, sent ahead of the production shutdown, informed some of these end of line workers that theyd have to keep reporting to the automotive plant to run quality checks, make fixes, and charge and prep the cars for delivery. Tesla management, they were told, essentially wanted all departments that work on a car after it comes off the production line to keep reporting to the factory until the cars were out for delivery. The current employee, who was granted anonymity because they feared retribution, confirmed many of these workers reported to the factory throughout this week. 
The local police department says Tesla is complying with the shelter-in-place order
A spokesperson for the local police department told The Verge that it conducted a visit and inspected Tesla [on Wednesday] and found their current level of operation to be in compliance with the shelter-in-place order. Their vehicle assembly line has stopped and they have only a small number of employees in the factory. They have also gone to great lengths to implement social distancing measures, they said.
Factory workers were also told in the email that they wouldnt receive the paid leave Tesla has promised until their own departments finally shut down. Any workers who did not feel well or felt uncomfortable coming to work were encouraged to use accrued paid time off or take unpaid leave, which was the companys guidance before the shutdown was announced last week.
The current factory worker said Teslas end of line process usually takes a few hours for a car with moderate issues. But they also said the company finished production on Monday with an increased number of cars considered to be work in progress, which, therefore, required more end of line work. 
Cars coming off the production lines of legacy automakers usually complete end of line checks in a matter of minutes, according to Sam Abuelsamid, principal analyst at Navigant Research. Tesla did not respond to questions about the end of line workers or the employees who tested positive for COVID-19. 
Tesla had kept the Fremont, California factory open last week, even after the shelter-in-place order took effect in the San Francisco Bay Area on March 17th. The company had just started delivering the Model Y, its fifth electric car, and was in the middle of a typical end-of-quarter push to make and deliver as many cars as possible. 
Tesla had just started delivering the Model Y as the pandemic gripped the US
At the same time that CEO Elon Musk was underplaying the threat of the coronavirus, almost every other major automaker suspended production operations in the United States following a deal between Ford, General Motors, Fiat Chrysler, and the United Auto Workers union. Tesla, which is the biggest automaker in the US without a unionized workforce, did tell some of its white-collar workers to work remotely if possible last week while the factory remained open. 
The company ultimately announced on March 19th that it would comply with the Bay Area order and shut down operations at the California factory where the Model 3, Model S, Model X, and now the Model Y are assembled, and it agreed to reduce the workforce there to basic operations like processing payroll. Tesla announced that same day that it would also pause operations at its solar panel factory in New York, but that the Gigafactory in Nevada would keep operating, despite the governor asking all nonessential businesses to close.
Its currently unclear which office the two infected Tesla employees work in. Laurie Shelby, who runs Teslas environmental, health, and safety division, said in the email that the two employees had been working from home for nearly two weeks before they tested positive for COVID-19. Shelby said the employees did not show symptoms of the disease while they were in the office and that their direct coworkers, who were already working from home for nearly two weeks as well, were immediately notified so they can quarantine and watch for symptoms. Both employees are quarantined at home and recovering well, Shelby wrote. 
Tesla briefly shut down its newest factory in China earlier this year as part of a government-mandated effort to suppress the spread of the virus. But Musk tweeted on Wednesday that he plans to reopen the New York factory as soon as humanly possible as Tesla joins in the effort to help increase the production of ventilators, which are crucial to treating the worst symptoms of COVID-19. 
View all 300 stories"
5,"{'id': 'the-verge', 'name': 'The Verge'}",Andrew Marino,We need to start modeling alternative futures,"Verge editor-in-chief Nilay Patel talks to Amy Webb, founder and CEO of The Future Today Institute about whether we could have predicted the COVID-19 outbreak, how it can change trends in the future, and how it may even accelerate trends like AI and cloud-bas…",https://www.theverge.com/2020/3/31/21201103/amy-webb-futurist-predictions-interview-vergecast-podcast,https://cdn.vox-cdn.com/thumbor/QK7FebeRsmqn11_5owsu7DawmQo=/0x206:1650x1070/fit-in/1200x630/cdn.vox-cdn.com/uploads/chorus_asset/file/19861054/FTI_Trends_2020.jpg,2020-03-31T20:28:16Z,"The Future Today Institute We’re continuing our Vergecast interview series remotely during the COVID-19 pandemic and this week, Verge editor-in-chief Nilay Patel sits down via Skype with Amy Webb, the founder and CEO of The Future Today Institute. Amy is also a professor at NYU’s Stern School of Business and recently came out with a book called The Big Nine: How the Tech Titans and Their Thinking Machines Could Warp Humanity. The Future Today Institute recently published the 2020 Tech Trends Report, which is a quantitative look at the big trends that will dominate the future. Nilay and Amy discuss the different paths the report takes on predicting that, with the state of technology use today, there’s no future in which we are not being scored. Amy and Nilay also discuss whether we could have predicted the scale of the COVID-19 outbreak in the US, as well as how possible it is to predict a solution and a timeline for that solution right now. Below is an excerpt of the conversation edited for clarity. Nilay Patel: We’re in the middle of a pandemic. It’s here, it’s happening. It feels like no one knows what’s going to happen next, or is this something that you’re able to model or understand? Amy Webb : So I don’t want to get too nerdy here, but if you have a discrete set of data — like Johns Hopkins [University] has discrete datasets now going back to December because we’ve seen corona outbreaks in a couple of areas around the world that have lasted a little longer than what we’re seeing in the US. So given what we know to be true, and the data that they have access to, and all of the other variables over which they would have some kind of control — like whether or not we take aggressive measures in the United States today, whether or not we somehow have a whole bunch of tests, things like that. If you look at historic data trends and then all the stuff that over which we have control, you could predict a handful of plausible outcomes that tell us a little bit more about how many people could get sick at what rate and what the mortality could look like. But most of the time, we’re talking about areas of life over which we don’t have complete control. There’s no way to have total control because there’s too many variables at play. And at that point, the math doesn’t work. You can have the most powerful computers in the world, but the computations don’t work out. You would need a continual stream of data that’s really comprehensive and evolutionary algorithms in order to make sense of it all. So we’re feeling huge amounts of anxiety about coronavirus, about the oil prices tanking. I liken this to that sense of out of controlness, if you’ve ever driven on a slippery road. If you’re driving and you hit an icy patch, most people, their instinct is to slam on the brakes. And why do we slam on the brakes? Because the act of slamming on the brakes makes us feel like we have control again. And the reason we feel like we have control is because we think we know what the future is going to be. If we slam on the brakes, the car will stop, we will be fine. That would work if you were in charge of every single variable at that moment in time, but you’re not. So slamming on the brakes and really, really, really hoping things don’t change from where they are right now or that they’re going to be like they used to be is a really great way to set yourself up not only for a crash — because that’s how you really lose control of a car — but it’s also a good way to set yourself up for disappointment. And that kind of thing has — when we extrapolate that to society — has reverberating effects. So right now what I’m observing is sort of a feverish corporate anxiety. I’m seeing governmental anxiety, and companies, just like people, have limbic systems. What do you mean by a limbic system? So it’s the fight or flight part of our bodies that evolution bestowed upon us millennia ago so that we didn’t get eaten by tigers or whatever. And we’re hearing people talk a lot about their sort of crushing anxiety, and I get that. I’m going to be the first person to tell you if you gave me all the data in the world and all the computers in the world, at this moment in time I cannot tell you what things are going to look like in three months. And that’s fine because that tells us we still have some agency. Futurists are trained to think through plausible outcomes, not so that we can accurately predict what’s next, because that’s not our goal right now. Our goal is not predictions. It’s being prepared for what comes next. And that’s good news. The good news is if you are willing to lean into uncertainty and to accept the fact that you can’t control everything, but also you are not helpless in whatever comes next. If you’re willing to adopt — and anybody can do this, it costs no money. It’s just a different perspective. If you’re willing to think more like a futurist, which is to say confront your cherished beliefs, lean into uncertainty, and be nimble with how you think, you’re going to get through this. The challenge is that I’m seeing the sort of corporate anxiety which, once you get on a cycle of that, is hard to stop. Companies start making weird decisions or they slam on their brakes. I mean, we’ve seen a bunch of that over the past couple of weeks. This is as much an opportunity to identify risk as it is to think through where are effective measures that we could be taking to not just help out everybody else but help our bottom line. There’s a lot of opportunity here. I mentioned this to you guys earlier: I’m politically independent, but I’m a pragmatist, and my greatest fear right now is that the Trump administration are nowists. They are not futurists. They think only about what’s good for them right now. They are absolutely unwilling to think long term and they are absolutely unwilling to make short-term sacrifices. In the past, that has resulted in entertaining tweet storms, that has resulted in irritations. This time around, it’s going to result in people dying. And we have to be willing to confront the fact now that, without being alarmist, without being emotional, we just have to be willing to confront alternative futures. We have to right now be willing to accept uncertainty and to think the unthinkable. And right now, that means accepting the possibility that by the end of the summer 2 million Americans could die. And if that’s a plausible future state, then how do we work backward to create a better outcome? In New York, stuff is shut down for a couple of weeks. In some ways that’s going to help flatten the curve as people are now saying. But that’s a short-term solution that doesn’t address a longer-term issue. And the real problem here is a psychological one because we’re going to get to the end of those two weeks and I think people are going to feel as though the virus should be gone and it’s not going to be. So we have an opportunity now — individually, collectively — to start mapping out alternative futures. They don’t all have to be dystopian. There are lots of really awesome things that could also happen as a result of this. For example, we’re starting to see huge investments in synthetic biology and new ways of using AI as a way to speed scientific discovery. That’s amazing because on the end of this, we could wind up with precision medication, we could wind up with synthetic agriculture as a way to mitigate climate change. There are going to be some good things on the other end of it. And now is the time to start thinking through “where is there risk, where is there opportunity, and how can we start modeling alternative futures?”"
6,"{'id': 'the-verge', 'name': 'The Verge'}",William Poor,Your temperature might never be 98.6 — and that’s normal,"If you’ve taken your temperature to check for a fever recently, you might have noticed that you’re not at 98.6 degrees Fahrenheit. It turns out that there’s no “normal” body temperature, but temperature trends can still tell researchers a lot about the spread…",https://www.theverge.com/science/2020/4/14/21217052/covid-19-body-temperature-fever-coronavirus-research,https://cdn.vox-cdn.com/thumbor/PBGeeXcMEXB6j1FIS-Qat4EU5Ns=/0x21:1920x1026/fit-in/1200x630/cdn.vox-cdn.com/uploads/chorus_asset/file/19897225/Container_Post.jpg,2020-04-14T14:00:00Z,"Since the start of the COVID-19 pandemic, many of us have worked a new routine into our lives: temperature taking. It’s understandable since fever is an extremely common symptom of the disease. But if you take your temperature regularly, you’ve probably noticed that your body is rarely 98.6 degrees Fahrenheit (or 37 degrees Celsius). In fact, your temperature is probably all over the place. Before you schedule a telehealth visit with your doctor, know this: there’s nothing “normal” about 98.6 degrees Fahrenheit. That number came from a 19th century German researcher named Carl Reinhold August Wunderlich who conducted a painstaking study of patient body temperatures and arrived at a mean of 98.6. It’s an impressive bit of clinical work, but it’s sorely in need of an update. So what does pass for “normal” these days? We tested a number of our colleagues here at The Verge and checked ourselves against the latest research. And we spoke to a couple of more contemporary researchers about what large-scale temperature trends can tell us about the spread of a disease like COVID-19. Check out the video above to see what we found."
7,"{'id': 'the-verge', 'name': 'The Verge'}",Russell Brandom,Apple and Google are building a coronavirus tracking system into iOS and Android,Google and Apple are introducing an API to allow Bluetooth LE-based coronavirus exposure contact tracing through official public health authority apps and later as a lower-level feature of iOS and Android. The system could help warn users if they were around …,https://www.theverge.com/2020/4/10/21216484/google-apple-coronavirus-contract-tracing-bluetooth-location-tracking-data-app,https://cdn.vox-cdn.com/thumbor/5iYSYkpk-MufaY9RqffnIt7mMUU=/0x85:1300x766/fit-in/1200x630/cdn.vox-cdn.com/uploads/chorus_asset/file/19889500/apple_google.jpg,2020-04-10T16:58:56Z,"A huge step forward in the fight against COVID-19
Apple and Google announced a system for tracking the spread of the new coronavirus, allowing users to share data through Bluetooth Low Energy (BLE) transmissions and approved apps from health organizations.
The new system, which is laid out in a series of white papers, would use short-range Bluetooth communications to establish a voluntary contact-tracing network, keeping extensive data on phones that have been in close proximity with each other. Official apps from public health authorities will get access to this data, and users who download them can report if theyve been been diagnosed with COVID-19. The system will also alert people who download them to whether in close contact with an infected person.
Apple and Google will introduce a pair of iOS and Android APIs in mid-May and make sure these health authorities apps can implement them. In the months after those are complete, the companies will work on building tracing functionality into the underlying operating system, then let users decide whether to share information with a wider range of apps.
Contact tracing is one of the most promising solutions for containing COVID-19, but it also raises massive privacy concerns. Earlier this week, the American Civil Liberties Union raised concern about tracking users with phone data, arguing that any system would need to be limited in scope and avoid compromising user privacy.
Unlike some other tracking methods like, say, using GPS data this Bluetooth plan wouldnt track peoples physical location. It would basically pick up the signals of nearby phones at 5-minute intervals and store the connections between them in a database. If one person tests positive for the novel coronavirus, they could tell the app theyve been infected, and it could notify other people whose phones passed within close range in the preceding days.
The method still has potential weaknesses. In crowded areas, it could flag people in adjacent rooms who arent actually sharing space with the user, making people worry unnecessarily Its also a relatively new program, and Apple and Google are still talking to public health authorities and other stakeholders about how to run it.
Developing..."
8,"{'id': 'the-verge', 'name': 'The Verge'}",Ashley Carman,Hinge will let people tap a button to say they’re ready for a video call date,"Hinge’s newest feature allows daters to signal to their match that they’re ready to move off the app and into a video or phone call date. The menu, called Date from Home, was designed for people who are specifically dating during the COVID-19 pandemic.",https://www.theverge.com/2020/4/7/21209801/hinge-video-call-chat-date-from-home-feature-launch,https://cdn.vox-cdn.com/thumbor/P_DIrm9jyCmYjF67ajJBfzPVYEY=/0x154:2016x1209/fit-in/1200x630/cdn.vox-cdn.com/uploads/chorus_asset/file/19874233/Hinge_User_Experience_1.png,2020-04-07T09:00:00Z,"To make moving off-app easier
Hinge
A pandemic has taken over the world, but people are still dating. Today, Hinge is launching a new feature, called Date from Home, that the team thinks will make it easier to transition the texting chat into a video call.
From a chat, daters can tap whether theyre ready to have a video call outside of the app, and once both people agree to do so, the app will let them know theyre ready for a date. This might facilitate the discussion of moving off the app because theres a smaller chance of rejection. The app is also getting an update to the We Met feature to ask if people ended up having a phone or video chat and whether this is the type of person who theyd want to chat with again.
Video chat dating has become a popular way of vetting potential matches for future in-person dates. The League had already launched its video dating feature, League Live, last year and expanded its rollout during the pandemic. Tinder made its Passport feature, which lets people swipe on others around the world, free for everyone, too, because if datings confined to being at home, why not chat with someone across the world?"
9,"{'id': 'the-verge', 'name': 'The Verge'}",Nicole Wetsman,Arresting people for coughing won’t keep communities safer,"People have been arrested for intentionally coughing in public and claiming to spread COVID-19. Criminalizing the transmission of a disease doesn’t effectively reduce the spread of disease, though, and could make it harder for public health officials to do th…",https://www.theverge.com/2020/4/7/21211992/coughing-coronavirus-arrest-hiv-public-health-safety-crime-spread,https://cdn.vox-cdn.com/thumbor/LVj2RCed52q8oYZTlhLl3U8Uu0o=/0x155:4894x2717/fit-in/1200x630/cdn.vox-cdn.com/uploads/chorus_asset/file/19881617/1209358366.jpg.jpg,2020-04-07T18:20:54Z,"Why calling someone a criminal for spreading the novel coronavirus is unlikely to slow the spread 
Photo by Matthew J. Lee/The Boston Globe via Getty Images
Over the weekend, a man in North Dakota was arrested for coughing at a local Walmart. The store, like all Walmart stores, was limiting the number of people allowed in at once. The man apparently wasnt happy to hear that, and intentionally coughed on store employees, the police chief said.
He joins agrowing listofpeople arrested in the US for intentionallycoughing in public in the past few weeks, as the accelerating outbreaks of the novel coronavirus in states around the country put people on edge, alert for the slightest sign that they could be exposed to the illness. COVID-19 is a respiratory virus and spreads through tiny droplets of saliva produced when a sick person coughs, sneezes, or breathes. 
Those people arent being arrested under coronavirus-specific laws, says Lindsay Wiley, director of the health law and policy program at American University Washington College of Law. Men in North Dakota and New Jersey, for example, were charged with terroristic threats, or threatening to cause physical harm or violence to someone. Prosecuting them for coronavirus-specific physical harmwould be much harder.
You would have to show person who did thecoughing was infectious, and was capable of transmitting the disease, Wiley says. Since testing is so limited now, its a hard case to make: the cougher would have to know they were infected for someone to prove they intentionally spread the virus. The coronavirus is also so widespread that if someone who had been coughed upon got sick, itd be hard to prove exactly where they got it from it could have been from anywhere.
Creating or jerry-rigging laws to punish people for specifically spreading COVID-19 is technically possible, and people may feel like those who dont take the virus seriously or who give it to others should be punished. But turning someone who passes on a disease into a criminal doesnt keep a community safer, Wiley says. 
Public health experts have seen that ineffectiveness play out with other viruses. There are alreadycriminal laws in dozens of states that punish people with HIV who engage in activities that may put others at risk of contracting the virus even activities that pose an extremely low risk of spreading HIV, like oral sex. Theres no evidence that criminalizing those types of activities is effective as a disease control strategy, Wiley says. The type of person who would actually, intentionally give someone else a disease isnt dissuaded by a criminal law, she says.
What it does is have a big effect on people who would never intentionally spread disease, because its a chilling effect on getting tested, she says. Its not going to help with those tiny number of people who would do that, and it might cause problems in efforts to reach people who are well-intentioned. People may be reluctant to get tested or tell people that theyre sick with a virus if theyre afraid of getting arrested, which can hinder public health efforts. Vulnerable or low-income people, who arent able to avoid the type of contact with others that could pass on the novel coronavirus because they work a service job, for example would be more likely to be affected by these laws. That would add another layer to existing inequities that are being made worse by the disease. 
In most states, legislators would have to create a new law specific to COVID-19 if they were considering treating it the same way some do HIV. Logically, creating coronavirus laws would be more difficult than HIV laws because this disease is much harder to trace than something thats sexually transmitted. 
I could see some city council member deciding [they]want to be seen as taking tough action here, Wiley says, despite the fact that theres evidence that these types of laws do more harm than good. I would hope that lawmakers wouldnt waste their time."
10,"{'id': 'the-verge', 'name': 'The Verge'}",Nicole Wetsman,How much will the novel coronavirus affect you?,"Older adults and people with chronic conditions like diabetes or hypertension are more likely to get severely ill from COVID-19. However, people who are young and healthy could pass the novel coronavirus to others, which is why social distancing is important.",https://www.theverge.com/2020/3/11/21173157/coronavirus-health-effects-age-covid-risk-diabetes-hypertension-disease-isolation,https://cdn.vox-cdn.com/thumbor/Dejt0-SIqorM1c4yAAFHott-sq0=/0x258:3600x2143/fit-in/1200x630/cdn.vox-cdn.com/uploads/chorus_asset/file/19785102/1211693318.jpg.jpg,2020-03-11T19:29:02Z,"If youre young and healthy, its more likely that youd spread the virus than get severely sick
Photo by Aaron Lavinsky / Star Tribune via Getty Images
Nearly everyone in the US will be affected in some way by the COVID-19 pandemic, the illness caused by the novel coronavirus by stress and anxiety, event closures, or the illness itself. Theres cause for concern: the disease can be deadly, and the outbreak in the US is likely to continue to get worse. 
Theres still a lot that scientists and doctors dont know about the new coronavirus and the illness it causes. With three months of data, though, it appears that around 80 percent of people who are infected have a mild or moderate illness, around 15 percent have severe disease (which requires hospitalization), and around 5 percent are critical (and go into respiratory or organ failure). Around 3 percent of people with confirmed cases of the infection in China died, according to the World Health Organization (WHO). 
Different groups of people, though, are more likely to fall into the severe or critical categories than others:
The elderly: People who are over the age of 60 are at a higher risk of developing a severe case of COVID-19, according to data collected by the WHO. The highest death rate is in people above the age of 80. Around 15 percent of people in that age group died from the disease in one set of Chinese patients. The Centers for Disease Control and Prevention (CDC) recommends that people who are older stay away from crowds and avoid nonessential travel.
Children: Children, on the other hand, dont appear to get as sick. Very few develop the disease in the first place, and if they do, only a small group develop severe or critical disease. No young children have died from the virus in China. 
Researchers are still trying to figure out why thats the case. It may be that childrens lungs are less susceptible to infection or that their immune systems are stronger. Children might carry the virus around, though, and pass it between each other and then to their parents and caregivers. Thats why kids should still wash their hands as much as adults. Its also one of the reasons why areas where the virus is spreading are closing down schools. 
People with chronic conditions: People who have underlying health conditions like high blood pressure, kidney disease, cancer, or diabetes are also more likely to get very sick or die from COVID-19. Around 9 percent of people with diabetes who contracted the virus died, for example, as did around 8 percent of people with high blood pressure. The CDC also recommends that people in this group avoid crowds, stick close to home, and stock up on medication for their condition if theyre able to. 
Everyone else: Most people who are young or healthy and who contract the virus dont get severely ill. But if you have the virus, even if you dont get that sick, you might come into contact with people who are more at risk and pass the virus to them. Thats why its so important to stay home if youre not feeling well. Minimizing the number of people each sick person infects is low-tech, but its the best way to slow the spread of a disease like COVID-19. Its the goal of policies like school closures and event cancellations and why people who might have been exposed to the illness are asked to isolate themselves. 
Not everyone can work from home, stop taking public transportation, or skip large gatherings, though. If you can do those things even though they may seem silly and even if there have not been many cases identified in your area you can help blunt the impact of the pandemic.
View all 173 stories"
11,"{'id': 'cnn', 'name': 'CNN'}",,Watch: Lawmaker who made Congress return to vote speaks,The House of Representatives approved a $2 trillion stimulus package to combat the Covid-19 pandemic.,https://www.cnn.com/videos/politics/2020/03/27/thomas-massie-coronavirus-stimulus-bill-vote-vpx.cnn,https://cdn.cnn.com/cnnnext/dam/assets/200327143205-01b-pelosi-bill-signing-0327-super-tease.jpg,2020-03-27T19:19:22Z,Chat with us in Facebook Messenger. Find out what's happening in the world as it unfolds.
12,"{'id': 'the-verge', 'name': 'The Verge'}",Chris Welch,"AT&T tells its gigantic workforce, including WarnerMedia, to work from home","AT&T is the latest large US company to instruct employees to work from home in an effort to slow down the spread of the novel coronavirus and COVID-19. The guidance includes staff at WarnerMedia and CNN, though many roles won’t be able to avoid office work.",https://www.theverge.com/2020/3/13/21178991/att-warnermedia-cnn-staff-work-from-home-coronaviru,https://cdn.vox-cdn.com/thumbor/IzojXk4f9MzzwbyRZinGMcHL7Pg=/0x146:2040x1214/fit-in/1200x630/cdn.vox-cdn.com/uploads/chorus_asset/file/10690893/acastro_180322_1777_0001.jpg,2020-03-13T20:05:07Z,"Retail employees, installers, and CNNs TV staff are still expected to show up
Illustration by Alex Castro / The Verge
AT&amp;T is the latest enormous company to instruct its employees to start working from home if they havent already. The work-from-home edict does not apply to AT&amp;Ts retail employees, equipment installers, and CNNs TV talent and production staff, according to CNN. But AT&amp;Ts massive corporate workforce (including those at WarnerMedia) are being asked to work from home for the time being as long as their role allows for it. 
We are committed to helping limit the spread of the virus and risk of exposure, WarnerMedia CEO John Stankey said in an internal memo. We can help minimize stress on the resources and infrastructures around us by doing our part to reduce population density in our commutes and daily activities, in efforts to help reduce spread of the virus. AT&amp;T has over 245,000 employees, according to CNN. 
It now joins other large companies in shifting to at-home work as health officials and cities encourage social distancing in an effort to slow the spread of the novel coronavirus and COVID-19. In support of our colleagues who need to continue working in our offices, we need to help reduce population density and risk of exposure in those locations by minimizing the on-site staff, Stankey said. 
CNN boss Jeff Zucker said its unclear how long this guidance will remain in effect in a memo to employees, but said everyone should assume that it may be long term. We encourage you to use today to make sure you are completely prepared for remote working, Zucker said.
Theres no avoiding office work for many roles at CNN, however, just as AT&amp;Ts wireless employees will still need to keep the companys stores operating smoothly. CEO Randall Stephenson said AT&amp;T is taking precautions to help workers stay safe in the days and weeks ahead if they do need to leave home. 
I realize that many of you are directly serving and interacting with our customers and that work cant be done from home, AT&amp;T CEO Randall Stephenson said in a message that went out to employees. What you do is vital to a highly connected society like ours. And it is even more critical in times like these. So, we will be taking additional safeguards and implementing new procedures and policies to help protect you from the virus.
AT&amp;T has suspended its arbitrary broadband caps (for customers subject to them) in response to the coronavirus pandemic and has also signed onto the FCCs Keep Americans Connected Pledge, vowing not to disconnect subscribers or hit them with late fees as everyone makes the necessary life changes to do their part in combating the virus."
13,"{'id': 'the-verge', 'name': 'The Verge'}",Dieter Bohn,Verily’s coronavirus screening website launches with very limited access,"Google’s sister company Verily has launched a screening website for people who want to get tested for COVID-19. However, as we have reported, Verily’s website is very limited in scope: it’s only available to people in the Bay Area of California and it more of…",https://www.theverge.com/2020/3/16/21181214/verily-coronavirus-screening-pilot-website-launches-limited-access,https://cdn.vox-cdn.com/thumbor/rGEp6_dY-OdVifLCnhB3CMbSN5M=/0x399:5568x3314/fit-in/1200x630/cdn.vox-cdn.com/uploads/chorus_asset/file/19808847/1207242626.jpg.jpg,2020-03-16T04:50:25Z,"Its not a public health utility, its a pilot program
Photo by JIM WATSON/AFP via Getty Images
Googles sister company Verily has launched a screening website for people who want to get tested for COVID-19. However, Verilys website is very limited in scope: its only available to people in the Bay Area of California and its more of a pilot program than a public health utility.
In fact, its even more limited than that: in order to qualify you must be 18 years of age or older, be able to speak English, and be a US resident. It very much looks like the program a Verily spokesperson described to us on the phone on Friday and not the expansive triage system that the Trump administration promised.
The new coronavirus is spreading through the US, and several states have made emergency declarations. The World Health Organization has declared it a pandemic. Here are the basics: 
The initial question on Verilys site asks Are you currently experiencing severe cough, shortness of breath, fever, or other concerning symptoms? If you answer yes, you are told that the program is not the right fit and to seek medical attention. Reached for comment on this issue, a Verily spokesperson said that:
This screener was developed in partnership with government health officials. The initial question is meant to ensure that anyone who is seriously ill does not come to our sites because they are not prepared to provide medical attention. We are early in this pilot and are going to be learning more that will help us refine this COVID-9 risk screening and testing.
If you answer no, youre asked to sign in with a Google account and sign an Informed Consent authorization form. It details that your data may be shared with public health officials. 
After that, you are led through a series of screener questions about your symptoms:
The actual screener asks questions about travel and work responsibilities. And it re-asks questions specifically about each symptom. Theres a few more additional questions but it took about 3 mins to read and respond. pic.twitter.com/t0M8GzIP4l
 Ryan Mac (@RMac18) March 16, 2020
In a blog post on Sunday, Verily said that it was working closely with the state of California on the pilot program. It did not make any promises about expanding the program beyond the state of California:
Ultimately, our goal is to help local authorities expand testing access in California as the need continues to increase. The program is in its early stages, and we will take the time to assess operations at pilot sites in the Bay Area before rolling out to additional sites. We are working closely with Governor Newsoms office, federal authorities and local public health authorities to ensure we have the right capabilities in place to help more people over the coming weeks.
Verilys site is located at Project Baseline, which to date has only been used to connect people up with potential clinical trials. That infrastructure for collecting and protecting health data was one of the reasons that Verilys screening site was put on Project Baseline. The site also claims that any information you provide wont be shared with your insurance company or connected to your Google account though a Google account is necessary to use the site. 
A screenshot from Verilys new site
The website launched after a weekend of confused and inaccurate statements from the White House about a website it claimed Google is building. Google had not expected to be mentioned in Fridays press conference, according to Wired. And so it initially had not planned to build such a site, Axios reported, but began to scramble after Trumps statements. Over the course of the weekend, Google itself did not correct the record but instead issued a series of tweets pointing to Verilys sites and to its own efforts to provide information on the coronavirus. 
Earlier on Sunday, President Trump held up a printout of those tweets from the Google Comms account and claimed that they substantiated his original statements on Friday. Googles tweets did not, but they also carefully avoided directly contradicting the president. Google itself has not announced a screening website for COVID-19. 
Google has instead said it will launch an informational website, according to this post from CEO Sundar Pichai:
This includes best practices on prevention, links to authoritative information from the World Health Organization (WHO) and the Centers for Disease Control (CDC), and helpful tips and tools from Google for individuals, teachers and businesses. Well be rolling out an initial version of the website late Monday, March 16, and well continue to enhance and update it with more resources on an ongoing basis.
That more comprehensive site may yet come, as Vice President Mike Pence again promised in Sundays press conference that such a site could be made, and he made a point to say that the administration was also working with other tech companies. It is not clear what that work looks like, or if those tech companies were approached before the scramble over the weekend.
Whats clear right now is that Verilys website as it currently exists is a pilot program limited in scope and availability. Whats even clearer is that the administration has not yet provided full details to US citizens on when and how they will be able to gain access to a coronavirus test, though it is clearly rushing to find a way to do so."
14,"{'id': 'the-verge', 'name': 'The Verge'}",Jay Peters,Google will add Zoom-like gallery view to Meet and will let Meet users take calls from Gmail,"Google plans to add a Zoom-like gallery view to its business- and education-focused Meet videoconferencing service and let users take calls right from Gmail. The additions come amid huge growth for Meet as families, students, and workers use the service while…",https://www.theverge.com/2020/4/16/21223778/google-meet-gallery-view-calls-gmail-javier-soltero,https://cdn.vox-cdn.com/thumbor/BLAD8BQU4bvCfUrKfizzP7q4zCE=/0x146:2040x1214/fit-in/1200x630/cdn.vox-cdn.com/uploads/chorus_asset/file/10802091/acastro_180508_1777_google_IO_0003.jpg,2020-04-16T18:19:22Z,"Youll be able to see 16 participants on one screen in the gallery view
Illustration by Alex Castro / The Verge
Google plans to add a Zoom-like gallery view to its business- and education-focused Meet videoconferencing service and let users take calls right from Gmail, Googles GM and VP of G Suite Javier Soltero told Reuters in an interview. The additions come amid huge growth for Meet as families, students, and workers use the service while at home due to the COVID-19 pandemic.
The upcoming gallery view will let users display up to 16 meeting participants in one frame, according to Reuters. That functionality is coming later this month, said Soltero. Zooms gallery view, by contrast, lets you see the thumbnails of up to 49 people in one screen, if you have a powerful enough CPU to display them all.
Meets new integration with Gmail sounds similar to starting a video call with Hangouts
Meets new integration with Gmail sounds as if it will let Meet users start or answer a call right from their Gmail window, similar to how you can start or answer calls using Hangouts, Googles consumer-focused chat and videoconferencing app, in Gmail. The feature will begin rolling out for G Suite customers today on the web and to mobile at a later date, Google tells The Verge. 
With more and more people working and learning from home, we want to make it easier for you to connect and keep things moving forward, Google said in a statement to The Verge. With Meet in Gmail, you can easily start or join a meeting in seconds. Our goal is to help you follow the flow of the day, seamlessly switching between email and video meetings whichever form of communication you need.
Google is also adding the ability for Meet to improve video quality when you have dim lighting conditions and to filter out background noise while youre on a call, according to Reuters. Those features will also be added later this month, Reuters reports.
Google said last week that Meet was adding more than 2 million users per day. Meet has added more daily users than any other Google service since January, according to Reuters. A recent peak in Meet growth added 60 percent more users than the day before, Soltero told Reuters.
Last Thursday, Google extended free access to some advanced Meet features until September 30th previously, that free access was scheduled to end on July 1st.
View all 379 stories"
15,"{'id': 'the-verge', 'name': 'The Verge'}",Thomas Ricker,"Bill Gates is now the leading target for coronavirus conspiracies, says report","Conspiracy theories linking Bill Gates with the coronavirus were mentioned 1.2 million times on TV and social media from February to April, 33 percent more often than the 2nd most popular conspiracy theory linking 5G with COVID-19, according to Zignal Labs, p…",https://www.theverge.com/2020/4/17/21224728/bill-gates-coronavirus-lies-5g-covid-19,https://cdn.vox-cdn.com/thumbor/28Azc8LK6j2EgGK5Qz5huuVtaN4=/0x118:6000x3259/fit-in/1200x630/cdn.vox-cdn.com/uploads/chorus_asset/file/19908046/1185999102.jpg.jpg,2020-04-17T09:28:09Z,"Lies about Gates outpace 5G and COVID-19 conspiracies
Bill Gates in 2019 when things were simpler.
Photo by Mike Cohen/Getty Images for The New York Times
Bill Gates is now the favorite target for coronavirus misinformation according to data compiled by the New York Times and Zignal Labs, a company that analyzes media sources. Conspiracy theories conflating Gates with the virus were mentioned 1.2 million times on TV and social media from February to April, 33 percent more often than the 2nd most popular conspiracy theory linking 5G with COVID-19, according to Zignal Labs, peaking at 18,000 mentions a day in April.
Hoaxes directed at the Microsoft co-founder turned philanthropist, are all over YouTube, Facebook, and Twitter. The New York Times found 16,000 posts on Facebook this year that were liked and commented on nearly 900,000 times. The 10 most popular Youtube videos spreading misinformation about Gates and the virus were viewed almost five millions times in March and April. The falsehoods being spread vary, but range from him creating COVID-19 in order to profit from a vaccine, or of Gates being a member of a plot to cull humanity or implementing a global surveillance system.
A Bill Gates speech from 2015, where he warns that the greatest threat to humanity is infectious disease, not nuclear war, has received 25 million new views in recent weeks. According to the New York Times, anti-vaxxers, right-wing pundits, and members of the conspiracy group QAnon claim the video is evidence of Gates dastardly plan to use a pandemic for his personal gain.
Gates has long been an outspoken critic of President Trump
Gates has longbeen an outspoken critic of President Trump. On Wednesday, he said Trumps decision to defund WHO was as dangerous as it sounds, although he didnt call out the president by name. Gates also criticized the administration in a recent op-ed, saying Theres no question the United States missed the opportunity to get ahead of the novel coronavirus.
Although Gates refused to comment on his new-found notoriety, Mark Suzman, chief executive of the Bill &amp; Melinda Gates Foundation, told the NYT that it was distressing that there are people spreading misinformation when we should all be looking for ways to collaborate and save lives."
16,"{'id': 'the-verge', 'name': 'The Verge'}",Jay Peters,Verizon CEO says 5G virus conspiracy theories are nonsense,"Verizon CEO Hans Vestberg said in an interview that conspiracy theories linking the rollout of 5G to the spread of COVID-19 are not correct. Despite no scientific evidence establishing a link between 5G and coronavirus, conspiracy theories connecting the two …",https://www.theverge.com/2020/4/16/21224097/verizon-ceo-hans-vestberg-5g-conspiracy-theories-evidence,https://cdn.vox-cdn.com/thumbor/Bi0CYQMqI4mJeeszOcHCaWa36ag=/0x146:2040x1214/fit-in/1200x630/cdn.vox-cdn.com/uploads/chorus_asset/file/19590127/acastro_200109_1777_verizon_0001.0.jpg,2020-04-16T20:53:22Z,"Theres no correlation at all between 5G and coronavirus
Illustration by Alex Castro / The Verge
Verizon CEO Hans Vestberg said that conspiracy theories linking the rollout of 5G to the spread of COVID-19 are false in an interview with CNBC today.
Theres no correlation at all between 5G and coronavirus, Vestberg said. Its just fake news. He said Verizon planned to combat the conspiracy theories with our communication, and the industrys communication, and with health organizations communication.
Theres no correlation at all between 5G and coronavirus.
Vestberg was referring to communications already issued by health organizations and information combating conspiracies about wireless devices and health that can be found at www.wirelesshealthfacts.com, a Verizon spokesperson tells The Verge. That site states that radiofrequency energy from wireless devices and networks, including radiofrequencies used by 5G, has not been shown to cause health problems, according to the international scientific community, and points to resources and quotes from wireless communications bodies and health organizations supporting that assertion. 
The site also links to a WHO website that spells out how COVID-19 is spread through respiratory droplets and that viruses cannot travel via radio waves or mobile networks.
Despite no scientific evidence establishing a link between 5G and coronavirus, conspiracy theories connecting the two have spread across social media, leading to 5G towers in the UK being set on fire and people harassing workers laying fiber optic cables. My colleague Tom Warren has put together an explainer about why these conspiracy theories dont make sense.
View all 380 stories"
17,"{'id': 'cnn', 'name': 'CNN'}",,J.Lo and Diddy reunite for dance online,Jennifer Lopez and Diddy reunited for a joint Instagram live dance during the Covid-19 pandemic.,https://www.cnn.com/videos/entertainment/2020/04/13/jennifer-lopez-diddy-instagram-live-dance-mxp-vpx.hln,https://cdn.cnn.com/cnnnext/dam/assets/200413095853-jlo-and-diddy-super-tease.jpg,2020-04-13T14:04:39Z,Chat with us in Facebook Messenger. Find out what's happening in the world as it unfolds.
18,"{'id': 'business-insider', 'name': 'Business Insider'}","feedback@businessinsider.com (Daniel Alpert), Daniel Alpert",The stock market's coronavirus-driven drop could be the start of a real sell-off,"Spencer Platt/Getty Images The stock market's sell-off was triggered by the coronavirus concerns, but the ingredients for a drop were already there. There's good reason to believe that the market is not going to bounce back anytime soon, even if the coronavir…",https://www.businessinsider.com/stock-market-sell-off-drop-coronavirus-valuations-start-2020-2,https://i.insider.com/5b87114280eb351e008b583f?width=1200&format=jpeg,2020-03-01T13:23:00Z,"Business Insider
All substantial market corrections or bear downturns begin with some form of catalyst. Just forest fires have their proximate cause in the carelessness or maliciousness of human behavior, or lightning strike, on dried woodlands – so too must the destruction of tenuous market values always have a point of ignition.
So it was with commercial real estate defaults in the late 1990s, with Japan entering recession at the peak of the dot-com bubble in 2000, and with residential mortgage delinquencies in 2008. So it has been with the global concern over the novel coronavirus designated COVID-19. Something, even an event wholly unrelated to the market bubble, is always the immediate trigger of a meltdown.
And, as I wrote in this space one month ago, well before the ongoing viral crisis took hold of investors' – much less the world's – attention. The equity markets (particularly those in the US) were just waiting for someone or something to strike a match.
This is not to minimize the magnitude of the viral threat. It is real and – moreover – is the cause of material supply chain, transportation, tourism and trade disruption that will have a substantial impact on economic activity over the next several months. There is even the possibility of its impacts lasting through the point at which a corresponding anti-viral vaccine can be synthesized, manufactured and distributed in large quantities. And I am washing my hands frequently. But, as with all modern pandemics, COVID-19 will eventually be tamed. 
Daniel Alpert
But is it reasonable to believe that equities will recover their inflated value? This is a less certain proposition. (Although the market closed well off its lows on Friday.)
On the one hand, this sell-off has exceeded the magnitude – in percentage terms – of market disruptions observed during the SARS epidemic of 2003 and the Ebola crisis of 2014 (albeit with some delay from the first expressions of US-related fears over coronavirus). But is this an expression of the degree of the present biological predicament, or is it the measure of the magnitude of the bubble that preceded it?
After all, in both 2003 and 2014 equity markets were a mere 30 months and 4.8 years, respectively, from their prior pre-recession highs, and 42% below and 23% above those prior highs, respectively.
The present crisis began with the S&amp;P 500 nearly 13.5 years from, and a whopping 109% above, its last pre-recessionary high. 
When news of COVID-19 hit the tape about a month ago, equity markets were about to hit further all-time highs in a rally that was unbelievably long in the tooth – supported (or not) by some of the most off-the-charts valuation multiples since 1929, 2000 and 2008. It stands to reason that the bigger they are (market valuations), the harder they fall – right?
As I pointed out last month, however, there is another enormous difference afoot: While interest rates have been falling for nearly 40 years, we are now in uncharted territory throughout the advanced world. That bonds do not offer returns that move anyone's longer-term investment needle (other than traders who, if long, have benefited enormously), has produced an environment that can only be deemed investment desperation for those seeking to have their money produce for them.
Daniel Alpert
10-year and shorter interest rates on US Treasuries are now well into negative real (inflation-adjusted) return territory. And while inflation is likely to fall as well, given pre-existing sluggish economic conditions made significantly worse by the pandemic, the US is clearly in the process of joining the majority of advanced nations in depriving savers and investors of positive risk-free returns when lending to their governments. 
This leads to the conundrum voiced to me so often by frustrated investors: ""what else are you going to do with your money?"" Until very recently, for many, the answer appeared to be to wager it on additional valuation expansion in equities. I say valuation expansion because we clearly have not been seeing either rapid economic, nor any broad earnings, growth for over a year that could have justified prices paid for stocks.
The question then becomes, will the even lower rates that this latest crisis has delivered (to say nothing of Fed action to lower the policy rate in order to stabilize equity markets – which will do nothing more than that for the economy at large), (a) reignite and increase the level of desperation that drove money into the equity markets, or (b) be seen by investors as a clear expression of actual, and anticipated further, economic weakness and stifle traffic to the casino that equity markets have increasingly become.
It is difficult for me to expect a complete return to the status quo ante – even as the COVID-19 crisis dissipates. The equity markets were sicker than the virus that knocked them back on their heels. The market's recovery will be far slower than that of patients infected with the disease.
Dan Alpert is an adjunct professor at Cornell Law School, a senior fellow in macroeconomics and finance at the school's Jack C. Clarke Business Law Institute, and a founding managing partner of the New York investment bank Westwood Capital LLC. He has been active in investment banking and finance since 1982."
19,"{'id': 'cnn', 'name': 'CNN'}",,DJ Jazzy Jeff describes his experience with coronavirus,"Grammy-winner DJ Jazzy Jeff says he's suffering from COVID-19, and that he believes he contracted the virus while in Idaho.",https://www.cnn.com/videos/entertainment/2020/04/26/dj-jazzy-jeff-coronavirus-experience-elam-pkg-vpx.cnn,https://cdn.cnn.com/cnnnext/dam/assets/200426165309-dj-jazzy-jeff-super-tease.jpg,2020-04-26T20:56:34Z,Chat with us in Facebook Messenger. Find out what's happening in the world as it unfolds.
