,source,author,title,description,url,urlToImage,publishedAt,content
0,"{'id': 'mashable', 'name': 'Mashable'}",Erica Bahrenburg,This smart mask uses replaceable filters — Future Blink,"Atmoblue claims to block 99.97% of harmful air particles and comes with an app that allows you to control the mask's airflow.  Read more...More about Health, Mashable Video, Future Blink, Coronavirus, and Covid 19",https://mashable.com/video/smark-mask-reusable-filters/,https://mondrian.mashable.com/2020%252F04%252F27%252Ffb%252Fb84ac2f1b0bb43ee846f6acf7b59740e.beb6f.png%252F1200x630.png?signature=axjNnXtk7LSe3FZztsI51UylPYk=,2020-04-27T20:25:00Z,Atmoblue claims to block 99.97% of harmful air particles and comes with an app that allows you to control the mask's airflow.
1,"{'id': 'business-insider', 'name': 'Business Insider'}",Brittany Chang,"Photos of deserted, nearly empty airports around the world show how coronavirus has decimated air travel","Thousands of flights around the world have been canceled due to the novel coronavirus. This has decreased the number of people that can be found in international airports in countries like South Korea, China, and Italy. The International Air Transport Associa…",https://www.businessinsider.com/photos-deserted-empty-airports-world-coronavirus-air-travel-2020-2,https://i.insider.com/5e580d00fee23d0bd06eb495?width=1200&format=jpeg,2020-02-28T18:58:13Z,"International airports around the world have become increasingly empty as flights have been canceled and more travel warnings have been issued during the coronavirus outbreak.
The novel coronavirus — which originated in Wuhan, China — has now killed 2,810 people, with at least 60 deaths of those occurring outside of China. As of now, over 82,500 people have been infected globally, although 95% of the cases have been in China.
At least 47 countries outside of China have reported cases of coronavirus, and the fear of contracting and spreading COVID-19 has caused a significant drop in flights to and from Asia: 73 airlines have canceled flights to China. Flights that don't start or end in China are also being canceled, with Italy and the Middle East as major hotspots now.
Keep scrolling to see the effects that the novel coronavirus has had on airports around the world, from Noi Bai International Airport in Hanoi, Vietnam to Ted Stevens Anchorage International Airport in Anchorage, Alaska:"
2,"{'id': 'mashable', 'name': 'Mashable'}",Nikolay Nikolov,A musical translation of COVID-19's structure is a viral hit on SoundCloud,"The novel coronavirus, often described as an invisible enemy, is indeed a nanoscopic object that cannot be seen. But COVID-19 can be made audible. MIT professor Markus Buehler used a computational algorithm to translate the structure and sequence of the virus…",https://mashable.com/video/covid-19-translated-music--markus-buehler-mit/,https://mondrian.mashable.com/2020%252F04%252F27%252F7c%252F8bb751c9881c4224ac7686e3dc76e004.7e630.jpg%252F1200x630.jpg?signature=4Aco1AOyRMoN49Xm2yxExZwvvz4=,2020-04-27T14:24:15Z,"The novel coronavirus, often described as an invisible enemy, is indeed a nanoscopic object that cannot be seen. But COVID-19 can be made audible. MIT professor Markus Buehler used a computational algorithm to translate the structure and sequence of the virus' spike protein into music. The result is a moving symphony of relaxing sounds that reflects how the virus tricks our bodies and takes over our cells. 
The piece of music, which has nearly one million listens on SoundCloud, can help us learn more about how the virus works and how we can, in turn, protect ourselves from it."
3,"{'id': 'business-insider', 'name': 'Business Insider'}",Hilary Brueck,Women say they're washing their hands significantly more than men as the coronavirus spreads around the world,"As the novel coronavirus spreads around the globe, public health experts continue to stress that the best way to protect yourself from getting sick is to wash your hands frequently and diligently. Insider polled more than 1,000 people across the US on Thursda…",https://www.businessinsider.com/coronavirus-women-are-washing-their-hands-significantly-more-than-men-2020-2,https://i.insider.com/5ac7aca468987519008b496e?width=1200&format=jpeg,2020-02-28T20:42:00Z,"Wash your hands.
It's the simplest, cheapest, most effective and straightforward piece of advice health experts are handing out in the face of a novel coronavirus outbreak that's rapidly circling the globe.
So far, more than 83,000 people have come down with the new viral illness caused by the coronavirus, called COVID-19. The sickness prompts symptoms including a fever, dry cough, and in severe cases, trouble breathing and death.
Most cases of COVID-19 diagnosed so far are in China, where the virus originated last year. But in recent days, the number of cases being tallied around the world has soared, just as the rate of new infections in China tumbles, prompting concerns that a widespread pandemic could be on the horizon, if measures to contain the virus around the world fail. 
Public health experts still consider basic health and hygiene measures the best defense against COVID-19
""You've heard about washing hands,"" Dr. Sherlita Amler, an adjunct professor of public health at New York Medical College and Commissioner of Health in Westchester County, said recently at a coronavirus conference. 
""If I could teach one thing to the public that would prevent most of the diseases that I have to deal with, it would be wash your hands.""
Officials at the World Health Organization and US Centers for Disease Control and Prevention agree, and have said much the same in recent days and weeks. Regular handwashing is linked to all kinds of great health outcomes, like fewer norovirus cases, fewer deaths, and happier, more diarrhea-free trips to the bathroom down the road. It's also one of the best ways, health experts say, to keep yourself healthy during the coronavirus outbreak. 
As it turns out, though, women say they are heeding this piece of public health advice in significantly greater numbers than men — at least in the US.
According to an Insider Data poll, conducted in online surveys on Thursday, a significantly higher number of women reported they're washing their hands and keeping surfaces clean to ward off COVID-19. 
Specifically, when 1,051 poll respondents were asked: ""What steps, if any, have you taken to prepare for a possible coronavirus outbreak in the US?"" 382 women (65% of those who were asked) said they were ""washing hands and keeping surfaces clean."" Only 243 of the men asked said the same (52.7%). 
That statistically significant poll finding lines up with what other scientists have discovered before. 
Men don't wash their hands as much as women, even though they should
""People who use urinals probably think they don't need to wash their hands,"" Michael Osterholm, director of the University of Minnesota's Center for Infectious Disease Research and Policy, previously told the New York Times.
But handwashing experts say that's a bogus idea. 
""It doesn't matter whether you're peeing or you're pooping, you should wash your hands,"" Don Schaffner, a professor of food science at Rutgers who has been studying handwashing for years, previously told Business Insider. ""I think a good general rule of thumb is you should wash your hands any time you feel that they might be dirty."" 
That advice becomes even more important during an infectious disease outbreak. 
The most common way COVID-19 is spread is through person-to-person contact. Regular handwashing, along with keeping a safe distance from others who might be sick (that's about six feet) as well as judiciously avoiding touching your face, especially around the eyes, nose, and mouth, are some of the greatest things you can do to stay healthy right now.
Wash your hands for 20 seconds, and scrub them well
Lather up.
Jose Luis Pelaez Inc via Getty Images
Regular, vigorous, and proper handwashing should include soap, water, and last for around 20 seconds. That is long enough to hum ""Happy Birthday to You"" about twice in your head (or out loud, if you like), and it can really make a difference in stopping the spread of all kinds of infectious diseases. 
Regular handwashing cuts down your risk of infection dramatically
Since the 1800s, health care professionals have known good hand hygiene is linked to lower infection rates. It was in the 1840s that Dr. Ignaz Semmelweis noticed that when doctors and medical students handled cadavers before touching patients in the maternity ward, more mothers developed fevers and even died. He instituted an unpopular chlorine-washing rule and saw the death rates there tumble.
Similarly, during the Crimean War, nurse Florence Nightingale initiated handwashing rules and other hygiene measures in the British hospital where she worked. Death rates there dropped by two-thirds, providing some of the first hard evidence that proper hygiene saves lives.
Today, researchers at the London School of Hygiene and Tropical Medicine estimate better handwashing could cut diarrhea death rates in half, and save more than a million lives (adults and children) every year. Regular hand washing can also cut your risk of developing a respiratory infection by 16%.
Pathogens like novel coronavirus droplets can get deposited on surfaces, including doorknobs, elevator buttons, toilet handles, phones, and store counters, which we all touch with our hands and fingers, often before we reach for our faces and mouths. (In the survey, women also said they're wiping down those hard surfaces more often than men are, which lines up with data from The Organisation for Economic Cooperation and Development: women around the world tend to spend around three hours a day doing unpaid work, while men do just about half that.) 
Even a little more handwashing, especially while we're traveling, could really help.
One 2019 study, published in the peer-reviewed journal Risk Analysis, suggested that simply ""increasing travelers engagement with hand hygiene at all airports"" could reduce the impact of a pandemic by anywhere from 24% to 69%. (The study authors estimated that — at most — only about a quarter of people in airports at any given time clean their hands.) It's certainly not the first evidence we have that handwashing really works, though.
So what are you waiting for? Scrub up already. 
About our polling: SurveyMonkey Audience polls from a national sample balanced by census data of age and gender. Respondents are incentivized to complete surveys through charitable contributions. Generally speaking, digital polling tends to skew toward people with access to the internet. SurveyMonkey Audience doesn't try to weigh its sample based on race or income. A total of 1,051 respondents were collected February 27, 2020, a margin of error plus or minus 3.09 percentage points with a 95% confidence level."
4,"{'id': 'engadget', 'name': 'Engadget'}",Jon Fingas,Ford delays self-driving taxis to 2022,"The COVID-19 pandemic is creating many problems for the car industry, and that extends to Ford’s self-driving taxis. While discussing its quarterly earnings, the company revealed that its autonomous vehicle services have been delayed from 2021 to 2022. In a s…",https://www.engadget.com/ford-delays-self-driving-taxis-to-2022-231030762.html,https://o.aolcdn.com/images/dims?resize=1200%2C630&crop=1200%2C630%2C0%2C0&quality=80&image_uri=https%3A%2F%2Fs.yimg.com%2Fos%2Fcreatr-uploaded-images%2F2020-04%2Ffaaa14f0-899e-11ea-afdf-5a87c7809954&client=amp-blogside-v2&signature=af858c4d51b69f4ed0695287b9b28b93113d6bab,2020-04-28T23:10:30Z,"The COVID-19 pandemic is creating many problems for the car industry, and that extends to Ford’s self-driving taxis. While discussing its quarterly earnings, the company revealed that its autonomous vehicle services have been delayed from 2021 to 2022. In a statement to TechCrunch, it said it needed to “evaluate” the effect of COVID-19 on customer behavior and potentially change its strategy. It also wanted to offer future users “peace of mind” knowing that they and their packages would be safe.
Ford COO Jim Farley warned during the earnings call that the pandemic could influence society for “many years to come,” with people seeking out more ways to avoid unnecessary human contact. Chief executive Jim Hackett cited what happened in China as an example, noting that a third of car sales moved online as a result of the pandemic. Fundamental changes like these could spur adoption of driverless taxis and couriers, but could also require adjustments to everything from capacity to the involvement of humans."
5,"{'id': 'engadget', 'name': 'Engadget'}",Jon Fingas,YouTube adds fact check panels to US-based searches,"YouTube is widening the audience for its fact check panels, and not a moment too soon. The video service now displays (via TechCrunch) independent fact checks for searches of known false claims. Look for claims behind COVID-19 conspiracy theories, for instanc…",https://www.engadget.com/youtube-fact-check-panels-in-us-183114030.html,https://o.aolcdn.com/images/dims?resize=1200%2C630&crop=1200%2C630%2C0%2C0&quality=80&image_uri=https%3A%2F%2Fs.yimg.com%2Fos%2Fcreatr-uploaded-images%2F2020-04%2Fdd8a5c40-8976-11ea-bf7b-fe6ab38f7e75&client=amp-blogside-v2&signature=29a059b654c72293cede8826fa26f78beceeeeb2,2020-04-28T18:31:14Z,"YouTube is widening the audience for its fact check panels, and not a moment too soon. The video service now displays (via TechCrunch) independent fact checks for searches of known false claims. Look for claims behind COVID-19 conspiracy theories, for instance, and a panel will link you to an article debunking those myths. As before, YouTube is limiting these cards to relatively narrow searches — you shouldn’t get them while you’re simply looking for the latest news.
The panels bring up info from third-party publishers who honor the International Fact-Checking Network’s ethics code and meet the standards for ClaimReview’s tagging system. This includes partners like FactCheck.org, PolitiFact and The Washington Post Fact Checker."
6,"{'id': 'mashable', 'name': 'Mashable'}",Erica Bahrenburg,What a century of fighting the flu tells us about the future of COVID-19 — How Did We Get Here?,"Dr. Jeremy Brown, veteran ER doctor, director of the Office of Emergency Care Research at the National Institutes of Health, and the author of 'Influenza: The Hundred-Year Hunt to Cure the Deadliest Disease in History,' spoke to Mashable about what the 1918 p…",https://mashable.com/video/future-of-covid19/,https://mondrian.mashable.com/2020%252F04%252F21%252Ff0%252F1c827b55a03745e49d076b1bb49e016e.43bd1.png%252F1200x630.png?signature=K_TXFI2ySxUsVcJur0o0_LQs8dM=,2020-04-21T19:52:02Z,"Dr. Jeremy Brown, veteran ER doctor, director of the Office of Emergency Care Research at the National Institutes of Health, and the author of 'Influenza: The Hundred-Year Hunt to Cure the Deadliest Disease in History,' spoke to Mashable about what the 1918 pandemic can tell us about what to expect in the quest for a COVID-19 vaccine, treatment, and an end to social distancing. Dr. Brown spoke to us in a personal capacity, not as a representative of any organization."
7,"{'id': 'cnn', 'name': 'CNN'}",Douglas Heye,"In Congress, social distancing is a huge leap","Douglas Heye, sharing all of the social gatherings that he saw going on on the Capitol on March 11th -- the same day  that the World Health Organization declared that the Covid-19 had become a pandemic -- writes that it's surprising that we have not seen memb…",https://www.cnn.com/2020/03/20/opinions/congress-social-distancing-leap-heye/index.html,https://cdn.cnn.com/cnnnext/dam/assets/200312113928-03-congress-coronavirus-0311-super-tease.jpg,2020-03-20T13:56:28Z,"Douglas Heye is the ex-deputy chief of staff to former House Majority Leader Eric Cantor, a GOP strategist and a CNN political commentator. Follow him on Twitter @dougheye. The opinions expressed in this commentary are the author's own. View more opinion on CNN.
 (CNN)That two members of Congress (Reps. Mario Diaz-Balart and Ben McAdams) have now tested positive for the COVID-19 should not be a surprise. If anything, it's surprising we have not seen this sooner. 
On Wednesday, March 11, I was in the Capitol and the three main office buildings of the House of Representatives for meetings scheduled with several members of Congress from both parties. That happened to be the day that the World Health Organization declared that the COVID-19 had become a pandemic. 
In the course of planning these meetings, I made clear to the two people I shepherded through the House that, with the news surrounding coronavirus and some members going into self-quarantine, these were not normal times in the Capitol -- the buildings would be empty compared to a typical congressional workday and that handshaking would likely be at a minimum.
From the very beginning, entering the Capitol, it appeared as business as usual. Congressional staff, Capitol support staff, security and reporters covering Congress were everywhere. There was no shortage of tourists. Indeed, the Capitol Rotunda was jammed with tour groups. In the Cannon, Longworth and Russell House buildings, as well as one of the House cafeterias, there were plenty of people, whether those who work in the Capitol or those just visiting.
Outside of the House Chamber during votes, the number of people -- Members of Congress, reporters hoping to get quotes, security and visitors like myself -- was overwhelming. Ducking into the House Republican Cloakroom -- essentially a small, private waiting room connected to the House Chamber -- I found that a room I had not visited in five years was familiarly claustrophobic, with members and staff bumping into each other like the old magnetic football table top game of the 1970s. And peeking onto the House floor, the chaotic scramble of people huddled closely, laughing, shaking hands, patting each other on the back -- touching each other, that thing we're not supposed to do! -- was like any other Congressional vote series.
What did all of these encounters have in common? Close human interaction. The awkward, ""wait, we should elbow bump"" happened, but this was the exception. Much more frequent, almost always, there were handshakes followed by a joking, ""\We should not have been doing that."" At one member's office, a sign was posted declaring the office a handshake-free zone. My hand was not shook. I got a hug. Ugh. But just like the handshakes, a hug -- something I didn't think about until I was already doing it -- is a natural and instinctive thing to do. 
Fortunately, hand sanitizer was plentiful everywhere I went and used as often as possible.
Later that day, I joked to friends about how normal everything seemed in the Capitol. But times have changed very quickly. By all accounts, the Capitol complex is now less crowded. All tours have been canceled, staff presence has been reduced, and news outlets have taken steps to protect reporters. Social distancing is happening. But as the Washington Post's Paul Kane noted, there simply is no mechanism for having the House vote remotely, which would be needed to do the people's business while emptying the Capitol. (Lawmakers are introducing legislation that would allow Congress to vote remotely.) 
The sad reality: Expect more members of Congress to test positive, and with that, more self-quarantining. Congress is just too social a place -- and politicians are social animals by nature -- for its members not to be personally affected."
8,"{'id': 'cnn', 'name': 'CNN'}",,See Empire State Building lit up for medical workers,The Empire State Building was lit up with red and white lights to honor emergency workers during the Covid-19 outbreak.,https://www.cnn.com/videos/us/2020/03/31/empire-state-building-red-and-white-emergency-workers-ns-orig.cnn,https://cdn.cnn.com/cnnnext/dam/assets/200331075242-empire-state-building-honors-first-responders-super-tease.jpg,2020-03-31T13:52:12Z,Chat with us in Facebook Messenger. Find out what's happening in the world as it unfolds.
9,"{'id': 'cnn', 'name': 'CNN'}",,Japan's Shinzo Abe promotes anti-flu drug to treat virus,Japanese Prime Minister Shinzo Abe is promoting the anti-flu drug Avigan to treat patients diagnosed with Covid-19. CNN's Will Ripley reports from Tokyo.,https://www.cnn.com/videos/health/2020/04/12/japan-coronavirus-anti-flu-drug-abe-ripley-dnt-vpx.cnn,https://cdn.cnn.com/cnnnext/dam/assets/200406104528-01-shinzo-abe-0406-super-tease.jpg,2020-04-12T02:42:07Z,Chat with us in Facebook Messenger. Find out what's happening in the world as it unfolds.
10,"{'id': 'cnn', 'name': 'CNN'}",,See the hilarious way this news station is reminding people what day it is,Fox 8 Cleveland anchor Todd Meany is reminding viewers working from home during the Covid-19 pandemic what day it is.,https://www.cnn.com/videos/business/2020/04/07/what-day-is-it-wfh-local-news-todd-meany-orig.cnn-business,https://cdn.cnn.com/cnnnext/dam/assets/200407121145-tood-meany-tuesday-what-day-is-it-thumb-super-tease.jpg,2020-04-07T16:13:14Z,Chat with us in Facebook Messenger. Find out what's happening in the world as it unfolds.
11,"{'id': 'cnn', 'name': 'CNN'}",,Graduation canceled? Watch the best commencement speeches,"Because of the Covid-19 pandemic, graduation ceremonies across the US are being canceled. These are some of the best commencement speeches of all time.",https://www.cnn.com/videos/us/2020/04/16/greatest-commencement-speeches-graduation-mh-orig.cnn,https://cdn.cnn.com/cnnnext/dam/assets/200416175625-oprah-commencement-thumb-super-tease.jpg,2020-04-18T12:14:05Z,Chat with us in Facebook Messenger. Find out what's happening in the world as it unfolds.
12,"{'id': 'cnn', 'name': 'CNN'}",,Coronavirus ruined this couple's wedding. And the whole industry,"COVID-19 is restricting group gatherings, forcing couples to cancel their weddings—and strangling the small businesses that make them possible.",https://www.cnn.com/videos/business/2020/03/19/wedding-coronavirus-cancel-postponed-engaged-orig.cnn-business,https://cdn.cnn.com/cnnnext/dam/assets/200319154526-wedding-couple-cancelled-super-tease.jpg,2020-03-20T12:23:04Z,Chat with us in Facebook Messenger. Find out what's happening in the world as it unfolds.
13,"{'id': 'cnn', 'name': 'CNN'}",Kylie Atwood,First case of coronavirus reported at State Department in Washington,"The US State Department has its first positive Covid-19 case in Washington, according to an email sent to employees on Thursday and reviewed by CNN.",https://www.cnn.com/2020/03/19/politics/state-department-coronavirus-case/index.html,https://cdn.cnn.com/cnnnext/dam/assets/180515120557-state-department-seal-05-11-2018-super-tease.jpg,2020-03-20T00:18:56Z,"(CNN)The US State Department has its first positive Covid-19 case in Washington, according to an email sent to employees on Thursday and reviewed by CNN. 
The individual worked in one of the annex buildings in Washington, not the main State Department building in the Foggy Bottom neighborhood.
Under Secretary for Management Brian Bulatao said in the email that there is someone in Washington who tested positive for coronavirus. 
""Today, we learned of our first case of someone who works in a domestic annex in Washington, DC,"" the email read.
Bulatao's email said State will temporarily close that area of the building while it is disinfected and made safe for occupancy. He also wrote that since the outbreak began, a ""small number"" of State employees abroad have tested positive or have had visitors to their building who were later found to have Covid-19, but said that this was the first case in the nation's capital.
On Tuesday, Secretary of State Mike Pompeo said a ""handful"" of State Department employees have tested positive for the coronavirus in the first official acknowledgment that his staff has been directly affected by the pandemic.
""We've had a couple of employees -- you can count 'em on one hand -- who have positive tests,"" Pompeo said during a briefing at the State Department. ""We've handled those exactly the way we're asking every American to respond to those, wherever they find themselves in the world."" He did not elaborate on where the employees are posted.
This is a breaking story and will be updated."
14,"{'id': 'cnn', 'name': 'CNN'}",Opinion by Kent Sepkowitz,Why New York has been hit so hard by coronavirus,"New York state reached a tragic milestone this week: It now has more Covid-19 patients than any country in the world, aside from the United States.",https://www.cnn.com/2020/04/11/opinions/new-york-hit-hard-coronavirus-sepkowitz/index.html,https://cdn.cnn.com/cnnnext/dam/assets/200411150812-kent-sepkowitz-op-ed-super-tease.jpg,2020-04-12T00:16:30Z,"Kent Sepkowitz is a CNN medical analyst and a physician and infection control expert at Memorial Sloan Kettering Cancer Center in New York City. The views expressed in this commentary are his own. View more opinion at CNN.
 (CNN)New York state reached a tragic milestone this week: It now has more Covid-19 patients than any country in the world, aside from the United States.
The state's total of 181,026 cases, as of April 11, is higher than Spain's (161,852 cases) and Italy's (152,271), countries with populations many times larger than New York.
The disease is killing New Yorkers disproportionately. Of the 20,389 deaths in the United States, 8,627, or 42%, have occurred in New York. Its mortality rate is 4.7%, compared with 3.4% in the rest of the country, according to CNN's figures based on data from the Johns Hopkins University Center for Systems Science and Engineering. 
New York City and its suburban counties Nassau, Suffolk, Westchester and Rockland are responsible for 93% of the statewide case count. Furthermore, in New York City, the Covid-19 death rate is about 6% higher than most countries. 
Why does New York seem to be having a different epidemic from most other parts of the country? 
Is the reason simply population size and density? New York is by far the nation's most populous city, with more than 8 million people, twice as many as Los Angeles. But New York also has eight or nine times more cases than any other city so what gives? No other city or county has a fraction of the cases of New York City. 
A caution on numbers: Counting cases and mortality rates is difficult because most counting is done by county or borough or parish rather than city, and city of residence may differ from city of diagnosis or death. Even so, New York City is off the charts. 
How about population density? Covid-19 spreads most easily when people are packed together in churches or cruise ships, in outdoor events like concerts or Mardi Gras, or perhaps in small apartments with multiple roommates or large families. New York's population density, about 27,000 people per square mile, is easily the highest in the country, though it's nowhere near the top for cities across the globe. Many cities in Asia, for example have a density of nearly 40,000 people per square mile.
The density explanation may explain some of the difference, but not all of it. New York's densest borough is Manhattan, while relatively sprawling Queens sits at fourth out of five. But Queens has more than twice the cases and twice the rate of cases as Manhattan.
Maybe it's because so much testing is being done in New York. If you test more, you find more, and if you find more, you test even more. It is likely that more tests, and more tests per population, are performed in New York than elsewhere in the United States, and that the New York rate stacks up favorably to countries with aggressive testing programs, such as Iceland and South Korea and Germany, but comparative information is sketchy. The split between tests performed by public versus private labs has made accurate tracking just about impossible, despite the heroic efforts of such groups as Covidtracking.com, Worldometers, and Our World in Data.
Furthermore, the current advice stay home if you are sick but stable and don't be tested introduces additional uncertainty. This pales in comparison to the clear evidence of deaths at home likely due to Covid-19 but never diagnosed. So yes, New York City probably is testing at a brisker pace than elsewhere and yes, this may contribute to the high case numbers, but we will never have an accurate picture.
The high number of cases and rates likely do derive in some modest amount to each explanation above plus the fact that the epidemic has been in New York City a week or two longer than many other places. A more mature epidemic is always a larger epidemic.
More concerning is the elevated mortality rate in New York City. As has been well documented, some of this is due to the tragic overwhelming of the city's hospitals. We will never know just how many people died due to the country's inept preparation for the pandemic, but the impact surely was, and still is, substantial. 
Still, a mortality rate of about 6% is quite high, even though most countries, particularly in western Europe, have seen mortality rates rise as the pandemic drags on. As patients who have hung on for weeks have begun to die, and the rate of new cases has slowed, this tilts the proportion of fatal cases. 
New York City also has had a very male outbreak; substantially more men have been diagnosed, hospitalized and have died, in keeping with data seen in other countries.
Sadly, the likeliest explanation for the high death rate, though, is the chronically inadequate health care given to minorities and the poor throughout New York City, as in the rest of the country. New York City and New York state have only now released the race distribution of cases and deaths, as well as by zip code, a surrogate for poverty rates. It is clear that severe disease has not been distributed equally by race and ethnicity. 
Black and Hispanic New Yorkers represent 51% of the city's population, yet account for 62% of Covid-19 deaths. They have twice the rate of death compared with whites, when adjusted for age. This likely is due to both a higher proportion of black and Hispanic New Yorkers being diagnosed with severe disease and a higher rate of death among those who are known to be infected.
This disparity likely is the result of several factors. Co-morbid conditions, such as hypertension and diabetes, are strongly associated with death from Covid-19 and are more common in black and Hispanic communities. But what causes high rates of poorly controlled hypertension and diabetes? Lack of appropriate health care. People who cannot easily find good health care for reasons of money, time, location, or trust may be more likely to stay at home undiagnosed and spread the virus as well as experience potentially fatal delays in diagnosis and treatment.
The explanation is the same for New York City as for Italy, New Orleans and probably Iran: the virus exploits weaknesses in health and health care, be it advanced age or co-morbidity or access to care. 
Hopefully, the Covid-19 pandemic will force us to reckon honestly with the many shortfalls that have been exposed and build a fair, forward-thinking approach that allows doctors and nurses to care for people in need. Failure to do this will only further darken the memory of those who have died and the hearts of those who remain."
15,"{'id': 'cnn', 'name': 'CNN'}",,Why we're turning to new pets in this pandemic,"During the Covid-19 pandemic, we've seen an increase of animals in foster. The human-animal bond can help alleviate stress and anxiety in times of crisis.",https://www.cnn.com/videos/us/2020/04/08/covid-pandemic-pet-adoption-foster-orig-jg.cnn,https://cdn.cnn.com/cnnnext/dam/assets/200408145127-cv-pet-adoption-still-10-super-tease.jpg,2020-04-10T14:06:01Z,Chat with us in Facebook Messenger. Find out what's happening in the world as it unfolds.
16,"{'id': 'cnn', 'name': 'CNN'}",,Couple gets creative when coronavirus changes wedding plans,A Chicago couple got married over a video conference call when the Covid-19 pandemic forced them to change their wedding plans.,https://www.cnn.com/videos/us/2020/03/31/video-conference-call-wedding-coronavirus-ns-orig.cnn,https://cdn.cnn.com/cnnnext/dam/assets/200331095517-video-conference-call-wedding-coronavirus-ns-orig-00000000-super-tease.jpg,2020-03-31T13:58:57Z,Chat with us in Facebook Messenger. Find out what's happening in the world as it unfolds.
17,"{'id': 'reuters', 'name': 'Reuters'}",Reuters Editorial,"Your COVID-19 questions, answered","There is a lot of misinformation circulating about the coronavirus, so we took to Instagram, Twitter and Reddit to see what questions have been bugging you, our readers.Below are answers from several healthcare experts who have been following the outbreak. Pl…",https://www.reuters.com/article/us-health-coronavirus-usa-answers-idUSKBN21F0S0,https://s2.reutersmedia.net/resources/r/?m=02&d=20200328&t=2&i=1509423760&w=1200&r=LYNXMPEG2R0JB,2020-03-28T17:01:30Z,"There is a lot of misinformation circulating about the coronavirus, so we took to Instagram, Twitter and Reddit to see what questions have been bugging you, our readers.Below are answers from several healthcare experts who have been following the outbreak. Please note that there is much we still don’t know about the new virus, and you should reach out to your own healthcare provider with any personal health concerns. 
  
What are good ways to maintain your mental health? 
I would recommend the following: 
1. Maintain a normal schedule if possible 
2. Exercise (go for walk or run, do an online video) 
3. Maintain social connections via FaceTime, Skype or phone calls 
4. Limit time spent on the Internet and connected to the news 
5. Have “virtual” dates with family and friends. 
  Dr. Krutika Kuppalli, infectious disease researcher  
  
Heres how its affecting young minds (here) and how millennials are adjusting to isolation (here) . 
How long will the U.S. really have to be on lockdown to successfully flatten the curve? 
We’re still learning on a daily basis what the case count looks like in the U.S. We also need to consider that there could be a resurgence of cases once public health measures are loosened up.  
 Dr. Krutika Kuppalli, infectious disease researcher  
  
I defer to the epidemiologists here, but National Institute of Allergy and Infectious Diseases Director Anthony Fauci recently said that he’s confident in a range of four to six weeks to 3 months.   
 Dr. Angela Rasmussen, virologist at Columbia University  
  
Do I actually need to wear a mask? 
The WHO advises that if youre healthy, you need to wear a mask only when caring for an infected person or if youre coughing, sneezing or showing symptoms. More here (here) 
  
Is it fair to assume every American will be exposed to the coronavirus this year? 
No, which is one of the reasons we have these current public health measures in place. We are trying to prevent further onward transmission of the disease. 
  Dr. Krutika Kuppalli, infectious disease researcher  
  
Almost 100,000 cases have been reported in the U.S. and its territories, according to a Reuters tally of state and local government sources, mapped here. (here) 
  
Is the coronavirus airborne in normal settings and if so, for how long? 
According to our knowledge, it does not stay in the air in normal settings. Most evidence directs us to droplet transmission. Airborne precautions are required only for healthcare workers when undertaking aerosol producing procedures such as bronchoscopy/intubation.  
 Dr. Muge Cevik, infectious diseases researcher at the University of St. Andrews 
  
Is there potential exposure in elevators?  
Coronavirus guidelines by the CDC are based on the fact that the virus is transmitted primarily via respiratory droplets, like a cough or sneeze. In droplet form, it’s airborne for a few seconds, but is only able to travel a short distance. In elevators, social distancing measures should be implemented with a max number of people inside at a time.  
 Infectious Diseases Society of America 
  
How worried should we be about fomite transmission? 
We are still learning about fomite transmission. We know from an article in the New England Journal of Medicine that the virus is viable up to four hours on copper, 24 hours on cardboard, and two to three days on plastic and stainless steel.  
 Dr. Krutika Kuppalli, infectious disease researcher  
  
Can you spread the virus if you’re asymptomatic? 
Yes, but it isn’t the main driver of transmission. This is also why it is extremely important to ensure you have washed hands before touching your face. 
 Dr. Krutika Kuppalli, infectious disease researcher  
  
What’s the typical timeline of symptoms?  
From the time of exposure to symptoms it may take on average three to six days, which may be longer/shorter in some patients. Typically it starts with fever, dry cough, myalgia and flu-like illness, then progresses to shortness of breath and pneumonia in some patients.  
 Dr. Muge Cevik, infectious diseases researcher at the University of St. Andrews 
  
Is it possible that an infected person only has a mild cold before recovering? 
Yes. The most common symptoms a person will have are fever, dry cough and muscle aches/fatigue. 
 Dr. Krutika Kuppalli, infectious disease researcher  
  
Should people be more concerned about eye protection? 
We certainly use face shields to protect our eyes when in contact with patients.  
 Dr. Isaac Bogoch, infectious disease researcher and scientist  
  
Does getting vaccines increase your risk? 
Getting any vaccines would not increase your risk for COVID-19. We’re recommending getting needed vaccines. We want people to get their influenza vaccines so they don’t end up with the flu and in the hospital. 
 Dr. Krutika Kuppalli, infectious disease researcher  
  
Do people have a natural immunity to this virus? 
I am not aware of “natural immunity” since it is a new virus. We might find as serology testing is rolled out that people have been exposed and developed antibodies without having symptoms. 
 Dr. Krutika Kuppalli, infectious disease researcher  
  
Is it possible to get reinfected? 
We’re not sure how immunity works or how long it lasts. The best guess is that people who are infected are likely to be protected over the short-to-medium term. We don’t know about longer yet.   
 Dr. Eric Rubin, editor-in-chief, New England Journal of Medicine  
  
There are a handful of cases of possible reinfection in recovered patients. (here) But most scientists believe those are more likely to have been relapses. 
  
Is there a team working on an antibody test for the virus? If so, when might it be ready? 
There are teams working on serological tests (here). Rolling out on a population scale will be an essential part of the long-term answer, but we need to get through the next month. 
  Bill Hanage, associate professor at the Harvard T. H. Chan School of Public Health 
  
When will a vaccine be ready? 
Vaccine trials may take as long as 12 months. There are multiple clinical trials looking at different treatment options, but we currently don’t know whether this combination is effective and safe for patients. 
 Dr. Muge Cevik, infectious diseases researcher at the University of St. Andrews 
  
Scientists in Singapore are trying to fast-track the process. (here) 
  
What impact will warmer weather have on the spread? 
I have yet to see convincing evidence on this, one way or the other. We are all hoping transmission will slow down with warmer weather in the northern hemisphere, and that warmer countries will be spared the worst. Not enough data yet to conclude. 
 Dr. Suerie Moon, director of research at the Global Health Centre 
  
Heres what we know about seasonal features of disease outbreaks. (here) 
  
I’ve seen several news sources report that experts from Johns Hopkins and other medical colleges are saying the virus can become less deadly as it spreads. Can you explain this phenomenon?  
Yes, one theory for why many viruses become weaker over time is that viruses that kill their host don’t get very far. This pattern of weakening is seen with flu viruses, and many others, but not all. We’re not there yet with the current outbreak. Whether it’s weaker three or 10 years from now doesn’t change anything about today’s situation. 
 Christine Soares, medical editor at Reuters 
Reporting by Lauren Young, Jenna Zucker, Beatrix Lockwood, Nancy Lapid, Christine Soares"
18,"{'id': 'business-insider', 'name': 'Business Insider'}","feedback@businessinsider.com (Business Insider Intelligence), Business Insider Intelligence",COVID-19 Executive Survey,"The coronavirus pandemic has sparked a public health crisis, the effects of which are now rippling throughout the global economy. Cities have been shut down, travel is limited, and major central banks have begun to intervene in financial markets at levels uns…",https://www.businessinsider.com/intelligence/covid-19-executive-survey?IR=T&itm_source=businessinsider&itm_medium=content_marketing&itm_campaign=content_marketing_leadgen_link&itm_content=leadgen_teaser&itm_term=leadgen_teaser-covid-19-executive-survey&utm_source=feedburner&utm_medium=feed&utm_campaign=Feed%3A+businessinsider+%28Business+Insider%29,https://i.insider.com/5e8cb5fcd5873a4fcb029476,2020-04-10T17:29:00Z,"The coronavirus pandemic has sparked a public health crisis, the effects of which are now rippling throughout the global economy.
Cities have been shut down, travel is limited, and major central banks have begun to intervene in financial markets at levels unseen since the 2008 recession.
To find out how industry leaders think COVID-19 and related containment efforts will impact their companies and the economy as a whole, we surveyed executive decision makers from around the world.
Simply enter your email for a FREE download of our executive survey results."
19,"{'id': 'mashable', 'name': 'Mashable'}",Angie Han,NBA season suspended after player tests positive for coronavirus,"The NBA announced today that it has indefinitely halted the 2019-2020 season due to the COVID-19 pandemic. ""The NBA is suspending game play following the conclusion of tonight’s schedule of games until further notice,"" said the organization in a statement. ""T…",https://mashable.com/article/nba-canceled-coronavirus/,https://mondrian.mashable.com/2020%252F03%252F12%252Fe7%252Fa5a3cdd361c2496b9b73337b4661d3d5.9eac9.jpg%252F1200x630.jpg?signature=opXdAN8AXvaQQVDzd4aV6JDgcrI=,2020-03-12T02:15:25Z,"The NBA announced today that it has indefinitely halted the 2019-2020 season due to the COVID-19 pandemic.
""The NBA is suspending game play following the conclusion of tonights schedule of games until further notice,"" said the organization in a statement. ""The NBA will use this hiatus to determine next steps for moving forward in regard to the coronavirus pandemic.""
The decision came after a Utah Jazz player tested positive for COVID-19, resulting in the delay and then cancelation of Wednesday's game between the Jazz and Oklahoma City Thunder just ""seconds"" before tip-off. The organization did not name the player but said he ""was not in the arena."" 
Previously, the league was reported to have been considering playing the season's games without fans in attendance. The Golden State Warriors had already planned to play Thursday's home game against the Brooklyn Nets in an empty arena, due to San Francisco's ban on public events attended by 1,000 or more people."
